id,idstudy,study,excess,se,new,mpc,mpc_se,exo_var,cumul,months,lags_include,pay_amount,pay_data_quality,dollars_year,account_cons,account_inc,ir,micro,panel,quasipan,tastes,yearfe,sepgov,seplab_total,habits,totalc,food,category,cat,ml,tsls,ols,MA_control,ES_short_run,ES_long_run,LC_not_bind,decrease,LC_bind,increase,country,annual,monthly,startyear,endyear,years,periods,obs,csunits,avyear,out,y_actual_current,y_actual_lagged,GDP_proxy,v5,v_nr,inst_c,inst_y,inst_in,inst_ir,inst_inf,inst_cy,inst_other,levels_euler_exact,levels_other,secord,es_trend,shift_dummy,switch,top,impact,pubyear2,yearcits,pubyear,countryyear
1,1,Campbell and Mankiw (1989),0.316,0.04,0,,,,,,,,,,,,0,0,0,0,0,0,0,0,0,0,0,,0,0,0,1,1,0,0,0,0,0,0,USA,0,0,1953,1986,34.0,136.0,136,1.0,1969.5,0,1,0,0,0,0,0,0,0,0,0,0,0,0,0,0,0,0,0,0,0.016,1989,66.55555555555556,1989,USA1953
2,1,Campbell and Mankiw (1989),0.417,0.235,0,,,,,,,,,,,,0,0,0,0,0,0,0,0,0,0,0,,0,0,1,0,1,0,0,0,0,0,0,USA,0,0,1953,1986,34.0,136.0,136,1.0,1969.5,0,0,0,0,0,0,0,1,0,0,0,0,0,0,0,0,0,0,0,0,0.016,1989,66.55555555555556,1989,USA1953
3,1,Campbell and Mankiw (1989),0.506,0.17,0,,,,,,,,,,,,0,0,0,0,0,0,0,0,0,0,0,,0,0,1,0,1,0,0,0,0,0,0,USA,0,0,1953,1986,34.0,136.0,136,1.0,1969.5,0,0,0,0,0,0,0,1,0,0,0,0,0,0,0,0,0,0,0,0,0.016,1989,66.55555555555556,1989,USA1953
4,1,Campbell and Mankiw (1989),0.419,0.161,0,,,,,,,,,,,,0,0,0,0,0,0,0,0,0,0,0,,0,0,1,0,1,0,0,0,0,0,0,USA,0,0,1953,1986,34.0,136.0,136,1.0,1969.5,0,0,0,0,1,0,1,0,0,0,0,0,0,0,0,0,0,0,0,0,0.016,1989,66.55555555555556,1989,USA1953
5,1,Campbell and Mankiw (1989),0.523,0.131,0,,,,,,,,,,,,0,0,0,0,0,0,0,0,0,0,0,,0,0,1,0,1,0,0,0,0,0,0,USA,0,0,1953,1986,34.0,136.0,136,1.0,1969.5,0,0,0,0,1,0,1,0,0,0,0,0,0,0,0,0,0,0,0,0,0.016,1989,66.55555555555556,1989,USA1953
6,1,Campbell and Mankiw (1989),0.698,0.235,0,,,,,,,,,,,,0,0,0,0,0,0,0,0,0,0,0,,0,0,1,0,1,0,0,0,0,0,0,USA,0,0,1953,1986,34.0,136.0,136,1.0,1969.5,0,0,0,0,0,0,0,0,1,0,0,0,0,0,0,0,0,0,0,0,0.016,1989,66.55555555555556,1989,USA1953
7,1,Campbell and Mankiw (1989),0.584,0.137,0,,,,,,,,,,,,0,0,0,0,0,0,0,0,0,0,0,,0,0,1,0,1,0,0,0,0,0,0,USA,0,0,1953,1986,34.0,136.0,136,1.0,1969.5,0,0,0,0,1,0,0,0,1,0,0,0,0,0,0,0,0,0,0,0,0.016,1989,66.55555555555556,1989,USA1953
8,1,Campbell and Mankiw (1989),0.351,0.119,0,,,,,,,,,,,,0,0,0,0,0,0,0,0,0,0,0,,0,0,1,0,1,0,0,0,0,0,0,USA,0,0,1953,1986,34.0,136.0,136,1.0,1969.5,0,0,0,0,1,0,1,1,0,0,0,1,0,0,0,0,0,0,0,0,0.016,1989,66.55555555555556,1989,USA1953
9,1,Campbell and Mankiw (1989),0.469,0.106,0,,,,,,,,,,,,0,0,0,0,0,0,0,0,0,0,0,,0,0,1,0,1,0,0,0,0,0,0,USA,0,0,1953,1986,34.0,136.0,136,1.0,1969.5,0,0,0,0,1,0,1,1,1,0,0,1,0,0,0,0,0,0,0,0,0.016,1989,66.55555555555556,1989,USA1953
10,1,Campbell and Mankiw (1989),0.616,0.215,0,,,,,,,,,,,,0,0,0,0,0,0,0,0,0,1,0,,0,0,1,0,1,0,0,0,0,0,0,Canada,0,0,1963,1986,24.0,96.0,96,1.0,1974.5,0,0,0,1,1,0,1,1,0,0,0,1,0,0,0,0,0,0,0,0,0.016,1989,66.55555555555556,1989,Canada1963
11,1,Campbell and Mankiw (1989),1.095,0.341,0,,,,,,,,,,,,0,0,0,0,0,0,0,0,0,1,0,,0,0,1,0,1,0,0,0,0,0,0,France,0,0,1970,1986,17.0,68.0,68,1.0,1978.0,0,0,0,1,1,0,1,1,0,0,0,1,0,0,0,0,0,0,0,0,0.016,1989,66.55555555555556,1989,France1970
12,1,Campbell and Mankiw (1989),0.646,0.182,0,,,,,,,,,,,,0,0,0,0,0,0,0,0,0,1,0,,0,0,1,0,1,0,0,0,0,0,0,Germany,0,0,1962,1986,25.0,100.0,100,1.0,1974.0,0,0,0,0,1,0,1,1,0,0,0,1,0,0,0,0,0,0,0,0,0.016,1989,66.55555555555556,1989,Germany1962
13,1,Campbell and Mankiw (1989),0.4,0.094,0,,,,,,,,,,,,0,0,0,0,0,0,0,0,0,1,0,,0,0,1,0,1,0,0,0,0,0,0,Italy,0,0,1973,1986,14.0,56.0,56,1.0,1979.5,0,0,0,1,1,0,1,1,0,0,0,1,0,0,0,0,0,0,0,0,0.016,1989,66.55555555555556,1989,Italy1973
14,1,Campbell and Mankiw (1989),0.553,0.096,0,,,,,,,,,,,,0,0,0,0,0,0,0,0,0,1,0,,0,0,1,0,1,0,0,0,0,0,0,Japan,0,0,1959,1986,28.0,112.0,112,1.0,1972.5,0,0,0,1,1,0,1,1,0,0,0,1,0,0,0,0,0,0,0,0,0.016,1989,66.55555555555556,1989,Japan1959
15,1,Campbell and Mankiw (1989),0.221,0.153,0,,,,,,,,,,,,0,0,0,0,0,0,0,0,0,1,0,,0,0,1,0,1,0,0,0,0,0,0,UK,0,0,1957,1986,30.0,120.0,120,1.0,1971.5,0,0,0,0,1,0,1,1,0,0,0,1,0,0,0,0,0,0,0,0,0.016,1989,66.55555555555556,1989,UK1957
16,1,Campbell and Mankiw (1989),0.478,0.158,0,,,,,,,,,,,,0,0,0,0,0,0,0,0,0,1,0,,0,0,1,0,1,0,0,0,0,0,0,USA,0,0,1953,1986,34.0,136.0,136,1.0,1969.5,0,0,0,0,1,0,1,1,0,0,0,1,0,0,0,0,0,0,0,0,0.016,1989,66.55555555555556,1989,USA1953
17,1,Campbell and Mankiw (1989),0.294,0.041,0,,,,,,,,,,,,1,0,0,0,0,0,0,0,0,0,0,,0,0,0,1,1,0,0,0,0,0,0,USA,0,0,1953,1986,34.0,136.0,136,1.0,1969.5,0,1,0,0,0,0,0,0,0,0,0,0,0,0,0,0,0,0,0,0,0.016,1989,66.55555555555556,1989,USA1953
18,1,Campbell and Mankiw (1989),0.438,0.189,0,,,,,,,,,,,,1,0,0,0,0,0,0,0,0,0,0,,0,0,1,0,1,0,0,0,0,0,0,USA,0,0,1953,1986,34.0,136.0,136,1.0,1969.5,0,0,0,0,0,0,0,1,0,1,0,0,0,0,0,0,0,0,0,0,0.016,1989,66.55555555555556,1989,USA1953
19,1,Campbell and Mankiw (1989),0.467,0.152,0,,,,,,,,,,,,1,0,0,0,0,0,0,0,0,0,0,,0,0,1,0,1,0,0,0,0,0,0,USA,0,0,1953,1986,34.0,136.0,136,1.0,1969.5,0,0,0,0,0,0,1,0,0,1,0,0,0,0,0,0,0,0,0,0,0.016,1989,66.55555555555556,1989,USA1953
20,1,Campbell and Mankiw (1989),0.657,0.212,0,,,,,,,,,,,,1,0,0,0,0,0,0,0,0,0,0,,0,0,1,0,1,0,0,0,0,0,0,USA,0,0,1953,1986,34.0,136.0,136,1.0,1969.5,0,0,0,0,0,0,0,0,1,1,0,0,0,0,0,0,0,0,0,0,0.016,1989,66.55555555555556,1989,USA1953
21,2,Koenig (1990),0.106,0.0462,0,,,,,,,,,,,,1,0,0,0,0,0,0,0,0,0,0,,0,0,1,0,0,0,0,0,0,0,0,USA,0,0,1951,1986,35.0,140.0,140,1.0,1968.5,0,0,1,0,0,0,0,0,0,0,0,0,0,0,0,0,0,0,0,1,1.525,1989,2.2222222222222223,1990,USA1951
22,2,Koenig (1990),0.0319,0.0412,0,,,,,,,,,,,,1,0,0,0,0,0,0,0,0,0,0,,0,0,1,0,0,0,0,0,0,0,0,USA,0,0,1951,1986,35.0,140.0,140,1.0,1968.5,0,0,1,0,0,0,0,0,0,0,0,0,0,0,0,0,0,0,0,1,1.525,1989,2.2222222222222223,1990,USA1951
23,2,Koenig (1990),0.2186,0.1733,0,,,,,,,,,,,,1,0,0,0,0,0,0,0,0,0,0,,0,0,1,0,0,0,0,0,0,0,0,USA,0,0,1951,1986,35.0,140.0,140,1.0,1968.5,0,0,0,0,0,0,0,0,0,0,0,0,0,0,0,0,0,0,0,1,1.525,1989,2.2222222222222223,1990,USA1951
24,2,Koenig (1990),-0.3606,0.3069,0,,,,,,,,,,,,1,0,0,0,0,0,0,0,0,0,0,,0,0,1,0,0,0,0,0,0,0,0,USA,0,0,1959,1986,27.0,108.0,108,1.0,1972.5,0,0,0,0,0,0,0,0,0,0,0,0,0,0,0,0,0,0,0,1,1.525,1989,2.2222222222222223,1990,USA1959
25,2,Koenig (1990),0.2314,0.1564,0,,,,,,,,,,,,1,0,0,0,0,0,0,0,0,0,0,,0,0,1,0,1,0,0,0,0,0,0,USA,0,0,1951,1986,35.0,140.0,140,1.0,1968.5,0,0,0,0,0,0,0,0,0,0,0,0,0,0,0,0,0,0,0,1,1.525,1989,2.2222222222222223,1990,USA1951
26,3,Campbell and Mankiw (1991),0.351,0.117,0,,,,,,,,,,,,0,0,0,0,0,0,0,0,0,0,0,,0,0,1,0,1,0,0,0,0,0,0,USA,0,0,1953,1985,33.0,132.0,132,1.0,1969.0,0,0,0,0,1,0,1,1,0,0,0,1,0,0,0,0,0,0,0,0,0.667,1991,22.64,1991,USA1953
27,3,Campbell and Mankiw (1991),0.363,0.121,0,,,,,,,,,,,,0,0,0,0,0,0,0,0,0,0,0,,0,0,1,0,1,0,1,0,0,0,0,USA,0,0,1953,1985,33.0,132.0,132,1.0,1969.0,0,0,0,0,1,0,1,1,0,0,0,1,0,0,0,0,0,0,0,0,0.667,1991,22.64,1991,USA1953
28,3,Campbell and Mankiw (1991),0.337227,0.1453856667109932,0,,,,,,,,,,,,0,0,0,0,0,0,0,0,0,0,0,,0,0,1,0,1,1,0,0,0,0,0,USA,0,0,1953,1985,33.0,132.0,132,1.0,1969.0,0,0,0,0,1,0,1,1,0,0,0,1,0,0,0,0,0,0,0,0,0.667,1991,22.64,1991,USA1953
29,3,Campbell and Mankiw (1991),0.203,0.092,0,,,,,,,,,,,,0,0,0,0,0,0,0,0,0,0,0,,0,0,1,0,1,0,0,0,0,0,0,UK,0,0,1955,1988,33.5,134.0,134,1.0,1971.5,0,0,0,0,1,0,1,1,0,0,0,1,0,0,0,0,0,0,0,0,0.667,1991,22.64,1991,UK1955
30,3,Campbell and Mankiw (1991),0.372,0.106,0,,,,,,,,,,,,0,0,0,0,0,0,0,0,0,0,0,,0,0,1,0,1,0,1,0,0,0,0,UK,0,0,1955,1988,33.5,134.0,134,1.0,1971.5,0,0,0,0,1,0,1,1,0,0,0,1,0,0,0,0,0,0,0,0,0.667,1991,22.64,1991,UK1955
31,3,Campbell and Mankiw (1991),0.113832,0.07946159887643843,0,,,,,,,,,,,,0,0,0,0,0,0,0,0,0,0,0,,0,0,1,0,1,1,0,0,0,0,0,UK,0,0,1955,1988,33.5,134.0,134,1.0,1971.5,0,0,0,0,1,0,1,1,0,0,0,1,0,0,0,0,0,0,0,0,0.667,1991,22.64,1991,UK1955
32,3,Campbell and Mankiw (1991),0.657,0.138,0,,,,,,,,,,,,0,0,0,0,0,0,0,0,0,0,0,,0,0,1,0,1,0,0,0,0,0,0,UK,0,0,1955,1988,33.5,134.0,134,1.0,1971.5,0,0,0,0,1,0,1,1,0,0,0,1,0,0,0,0,0,0,0,0,0.667,1991,22.64,1991,UK1955
33,3,Campbell and Mankiw (1991),0.632,0.144,0,,,,,,,,,,,,0,0,0,0,0,0,0,0,0,0,0,,0,0,1,0,1,0,1,0,0,0,0,UK,0,0,1955,1988,33.5,134.0,134,1.0,1971.5,0,0,0,0,1,0,1,1,0,0,0,1,0,0,0,0,0,0,0,0,0.667,1991,22.64,1991,UK1955
34,3,Campbell and Mankiw (1991),0.73944,0.18885182763214126,0,,,,,,,,,,,,0,0,0,0,0,0,0,0,0,0,0,,0,0,1,0,1,1,0,0,0,0,0,UK,0,0,1955,1988,33.5,134.0,134,1.0,1971.5,0,0,0,0,1,0,1,1,0,0,0,1,0,0,0,0,0,0,0,0,0.667,1991,22.64,1991,UK1955
35,3,Campbell and Mankiw (1991),0.225,0.107,0,,,,,,,,,,,,0,0,0,0,0,0,0,0,0,0,0,,0,0,1,0,1,0,0,0,0,0,0,Canada,0,0,1970,1988,18.25,73.0,73,1.0,1979.0,0,0,0,0,1,0,1,1,0,0,0,1,0,0,0,0,0,0,0,0,0.667,1991,22.64,1991,Canada1970
36,3,Campbell and Mankiw (1991),0.236,0.111,0,,,,,,,,,,,,0,0,0,0,0,0,0,0,0,0,0,,0,0,1,0,1,0,1,0,0,0,0,Canada,0,0,1970,1988,18.25,73.0,73,1.0,1979.0,0,0,0,0,1,0,1,1,0,0,0,1,0,0,0,0,0,0,0,0,0.667,1991,22.64,1991,Canada1970
37,3,Campbell and Mankiw (1991),0.20201599999999997,0.12746074633392038,0,,,,,,,,,,,,0,0,0,0,0,0,0,0,0,0,0,,0,0,1,0,1,1,0,0,0,0,0,Canada,0,0,1970,1988,18.25,73.0,73,1.0,1979.0,0,0,0,0,1,0,1,1,0,0,0,1,0,0,0,0,0,0,0,0,0.667,1991,22.64,1991,Canada1970
38,3,Campbell and Mankiw (1991),0.401,0.208,0,,,,,,,,,,,,0,0,0,0,0,0,0,0,0,0,0,,0,0,1,0,1,0,0,0,0,0,0,France,0,0,1970,1988,18.25,73.0,73,1.0,1979.0,0,0,0,0,1,0,1,1,0,0,0,1,0,0,0,0,0,0,0,0,0.667,1991,22.64,1991,France1970
39,3,Campbell and Mankiw (1991),0.974,0.346,0,,,,,,,,,,,,0,0,0,0,0,0,0,0,0,0,0,,0,0,1,0,1,0,1,0,0,0,0,France,0,0,1970,1988,18.25,73.0,73,1.0,1979.0,0,0,0,0,1,0,1,1,0,0,0,1,0,0,0,0,0,0,0,0,0.667,1991,22.64,1991,France1970
40,3,Campbell and Mankiw (1991),0.3896,0.23030895639553403,0,,,,,,,,,,,,0,0,0,0,0,0,0,0,0,0,0,,0,0,1,0,1,1,0,0,0,0,0,France,0,0,1970,1988,18.25,73.0,73,1.0,1979.0,0,0,0,0,1,0,1,1,0,0,0,1,0,0,0,0,0,0,0,0,0.667,1991,22.64,1991,France1970
41,3,Campbell and Mankiw (1991),0.035,0.366,0,,,,,,,,,,,,0,0,0,0,0,0,0,0,0,0,0,,0,0,1,0,1,0,0,0,0,0,0,Japan,0,0,1970,1988,18.25,73.0,73,1.0,1979.0,0,0,0,0,0,0,1,1,0,0,0,1,0,0,0,0,0,0,0,0,0.667,1991,22.64,1991,Japan1970
42,3,Campbell and Mankiw (1991),0.017,0.439,0,,,,,,,,,,,,0,0,0,0,0,0,0,0,0,0,0,,0,0,1,0,1,0,1,0,0,0,0,Japan,0,0,1970,1988,18.25,73.0,73,1.0,1979.0,0,0,0,0,0,0,1,1,0,0,0,1,0,0,0,0,0,0,0,0,0.667,1991,22.64,1991,Japan1970
43,3,Campbell and Mankiw (1991),0.357,0.173,0,,,,,,,,,,,,0,0,0,0,0,0,0,0,0,0,0,,0,0,1,0,1,0,0,0,0,0,0,Sweden,0,0,1970,1988,18.25,73.0,73,1.0,1979.0,0,0,0,0,1,0,1,1,0,0,0,1,0,0,0,0,0,0,0,0,0.667,1991,22.64,1991,Sweden1970
44,3,Campbell and Mankiw (1991),0.245,0.428,0,,,,,,,,,,,,0,0,0,0,0,0,0,0,0,0,0,,0,0,1,0,1,0,1,0,0,0,0,Sweden,0,0,1970,1988,18.25,73.0,73,1.0,1979.0,0,0,0,0,1,0,1,1,0,0,0,1,0,0,0,0,0,0,0,0,0.667,1991,22.64,1991,Sweden1970
45,3,Campbell and Mankiw (1991),0.63945,1.861928002474854,0,,,,,,,,,,,,0,0,0,0,0,0,0,0,0,0,0,,0,0,1,0,1,1,0,0,0,0,0,Sweden,0,0,1970,1988,18.25,73.0,73,1.0,1979.0,0,0,0,0,1,0,1,1,0,0,0,1,0,0,0,0,0,0,0,0,0.667,1991,22.64,1991,Sweden1970
46,3,Campbell and Mankiw (1991),0.385,0.104,0,,,,,,,,,,,,1,0,0,0,0,0,0,0,0,0,0,,0,0,1,0,1,0,0,0,0,0,0,USA,0,0,1953,1985,33.0,132.0,132,1.0,1969.0,0,0,0,0,1,0,1,1,0,1,0,1,0,0,0,0,0,0,0,0,0.667,1991,22.64,1991,USA1953
47,3,Campbell and Mankiw (1991),0.4,0.114,0,,,,,,,,,,,,1,0,0,0,0,0,0,0,0,0,0,,0,0,1,0,1,0,1,0,0,0,0,USA,0,0,1953,1985,33.0,132.0,132,1.0,1969.0,0,0,0,0,1,0,1,1,0,1,0,1,0,0,0,0,0,0,0,0,0.667,1991,22.64,1991,USA1953
48,3,Campbell and Mankiw (1991),0.36800000000000005,0.1400416166716166,0,,,,,,,,,,,,1,0,0,0,0,0,0,0,0,0,0,,0,0,1,0,1,1,0,0,0,0,0,USA,0,0,1953,1985,33.0,132.0,132,1.0,1969.0,0,0,0,0,1,0,1,1,0,1,0,1,0,0,0,0,0,0,0,0,0.667,1991,22.64,1991,USA1953
49,3,Campbell and Mankiw (1991),0.017,0.062,0,,,,,,,,,,,,1,0,0,0,0,0,0,0,0,0,0,,0,0,1,0,1,0,0,0,0,0,0,UK,0,0,1955,1988,33.5,134.0,134,1.0,1971.5,0,0,0,0,1,0,1,1,0,1,0,1,0,0,0,0,0,0,0,0,0.667,1991,22.64,1991,UK1955
50,3,Campbell and Mankiw (1991),0.24,0.126,0,,,,,,,,,,,,1,0,0,0,0,0,0,0,0,0,0,,0,0,1,0,1,0,1,0,0,0,0,UK,0,0,1955,1988,33.5,134.0,134,1.0,1971.5,0,0,0,0,1,0,1,1,0,1,0,1,0,0,0,0,0,0,0,0,0.667,1991,22.64,1991,UK1955
51,3,Campbell and Mankiw (1991),0.031920000000000004,0.07088924434637457,0,,,,,,,,,,,,1,0,0,0,0,0,0,0,0,0,0,,0,0,1,0,1,1,0,0,0,0,0,UK,0,0,1955,1988,33.5,134.0,134,1.0,1971.5,0,0,0,0,1,0,1,1,0,1,0,1,0,0,0,0,0,0,0,0,0.667,1991,22.64,1991,UK1955
52,3,Campbell and Mankiw (1991),0.938,0.36,0,,,,,,,,,,,,1,0,0,0,0,0,0,0,0,0,0,,0,0,1,0,1,0,0,0,0,0,0,UK,0,0,1955,1988,33.5,134.0,134,1.0,1971.5,0,0,0,0,1,0,1,1,0,1,0,1,0,0,0,0,0,0,0,0,0.667,1991,22.64,1991,UK1955
53,3,Campbell and Mankiw (1991),1.17,0.482,0,,,,,,,,,,,,1,0,0,0,0,0,0,0,0,0,0,,0,0,1,0,1,0,1,0,0,0,0,UK,0,0,1955,1988,33.5,134.0,134,1.0,1971.5,0,0,0,0,1,0,1,1,0,1,0,1,0,0,0,0,0,0,0,0,0.667,1991,22.64,1991,UK1955
54,3,Campbell and Mankiw (1991),1.3688999999999998,0.5923817570621162,0,,,,,,,,,,,,1,0,0,0,0,0,0,0,0,0,0,,0,0,1,0,1,1,0,0,0,0,0,UK,0,0,1955,1988,33.5,134.0,134,1.0,1971.5,0,0,0,0,1,0,1,1,0,1,0,1,0,0,0,0,0,0,0,0,0.667,1991,22.64,1991,UK1955
55,3,Campbell and Mankiw (1991),0.482,0.149,0,,,,,,,,,,,,1,0,0,0,0,0,0,0,0,0,0,,0,0,1,0,1,0,0,0,0,0,0,Canada,0,0,1970,1988,18.25,73.0,73,1.0,1979.0,0,0,0,0,1,0,1,1,0,1,0,1,0,0,0,0,0,0,0,0,0.667,1991,22.64,1991,Canada1970
56,3,Campbell and Mankiw (1991),0.056,0.246,0,,,,,,,,,,,,1,0,0,0,0,0,0,0,0,0,0,,0,0,1,0,1,0,1,0,0,0,0,Canada,0,0,1970,1988,18.25,73.0,73,1.0,1979.0,0,0,0,0,1,0,1,1,0,1,0,1,0,0,0,0,0,0,0,0,0.667,1991,22.64,1991,Canada1970
57,3,Campbell and Mankiw (1991),0.07783999999999999,0.40157001531488873,0,,,,,,,,,,,,1,0,0,0,0,0,0,0,0,0,0,,0,0,1,0,1,1,0,0,0,0,0,Canada,0,0,1970,1988,18.25,73.0,73,1.0,1979.0,0,0,0,0,1,0,1,1,0,1,0,1,0,0,0,0,0,0,0,0,0.667,1991,22.64,1991,Canada1970
58,3,Campbell and Mankiw (1991),0.3,0.164,0,,,,,,,,,,,,1,0,0,0,0,0,0,0,0,0,0,,0,0,1,0,1,0,0,0,0,0,0,France,0,0,1970,1988,18.25,73.0,73,1.0,1979.0,0,0,0,0,1,0,1,1,0,1,0,1,0,0,0,0,0,0,0,0,0.667,1991,22.64,1991,France1970
59,3,Campbell and Mankiw (1991),0.649,0.239,0,,,,,,,,,,,,1,0,0,0,0,0,0,0,0,0,0,,0,0,1,0,1,0,1,0,0,0,0,France,0,0,1970,1988,18.25,73.0,73,1.0,1979.0,0,0,0,0,1,0,1,1,0,1,0,1,0,0,0,0,0,0,0,0,0.667,1991,22.64,1991,France1970
60,3,Campbell and Mankiw (1991),0.21546800000000002,0.20305713690486232,0,,,,,,,,,,,,1,0,0,0,0,0,0,0,0,0,0,,0,0,1,0,1,1,0,0,0,0,0,France,0,0,1970,1988,18.25,73.0,73,1.0,1979.0,0,0,0,0,1,0,1,1,0,1,0,1,0,0,0,0,0,0,0,0,0.667,1991,22.64,1991,France1970
61,3,Campbell and Mankiw (1991),0.018,0.362,0,,,,,,,,,,,,1,0,0,0,0,0,0,0,0,0,0,,0,0,1,0,1,0,0,0,0,0,0,Japan,0,0,1970,1988,18.25,73.0,73,1.0,1979.0,0,0,0,0,0,0,1,1,0,1,0,1,0,0,0,0,0,0,0,0,0.667,1991,22.64,1991,Japan1970
62,3,Campbell and Mankiw (1991),-0.012,0.362,0,,,,,,,,,,,,1,0,0,0,0,0,0,0,0,0,0,,0,0,1,0,1,0,1,0,0,0,0,Japan,0,0,1970,1988,18.25,73.0,73,1.0,1979.0,0,0,0,0,0,0,1,1,0,1,0,1,0,0,0,0,0,0,0,0,0.667,1991,22.64,1991,Japan1970
63,3,Campbell and Mankiw (1991),0.257,0.123,0,,,,,,,,,,,,1,0,0,0,0,0,0,0,0,0,0,,0,0,1,0,1,0,0,0,0,0,0,Sweden,0,0,1970,1988,18.25,73.0,73,1.0,1979.0,0,0,0,0,1,0,1,1,0,1,0,1,0,0,0,0,0,0,0,0,0.667,1991,22.64,1991,Sweden1970
64,3,Campbell and Mankiw (1991),0.123,0.664,0,,,,,,,,,,,,1,0,0,0,0,0,0,0,0,0,0,,0,0,1,0,1,0,1,0,0,0,0,Sweden,0,0,1970,1988,18.25,73.0,73,1.0,1979.0,0,0,0,0,1,0,1,1,0,1,0,1,0,0,0,0,0,0,0,0,0.667,1991,22.64,1991,Sweden1970
65,4,Wirjanto (1991),0.163,0.032,0,,,,,,,,,,,,0,0,0,0,0,0,0,0,0,0,0,,0,0,1,0,1,0,0,0,0,0,0,Canada,0,0,1953,1986,33.25,133.0,133,1.0,1969.5,0,0,0,0,1,0,0,1,0,0,0,0,0,0,0,0,0,0,0,0,0.277,1989,0.6666666666666666,1991,Canada1953
66,4,Wirjanto (1991),0.131,0.029,0,,,,,,,,,,,,0,0,0,0,0,0,0,0,0,0,0,,0,0,1,0,1,0,0,0,0,0,0,Canada,0,0,1953,1986,33.25,133.0,133,1.0,1969.5,0,0,0,0,1,0,0,1,0,0,0,0,0,0,0,0,0,0,0,0,0.277,1989,0.6666666666666666,1991,Canada1953
67,4,Wirjanto (1991),0.233,0.032,0,,,,,,,,,,,,0,0,0,0,0,0,0,0,0,0,0,,0,0,1,0,1,0,0,0,0,0,0,Canada,0,0,1953,1986,33.25,133.0,133,1.0,1969.5,0,0,0,0,1,0,1,0,0,0,0,0,0,0,0,0,0,0,0,0,0.277,1989,0.6666666666666666,1991,Canada1953
68,4,Wirjanto (1991),0.207,0.041,0,,,,,,,,,,,,0,0,0,0,0,0,0,0,0,0,0,,0,0,1,0,1,0,0,0,0,0,0,Canada,0,0,1953,1986,33.25,133.0,133,1.0,1969.5,0,0,0,0,1,0,1,0,0,0,0,0,0,0,0,0,0,0,0,0,0.277,1989,0.6666666666666666,1991,Canada1953
69,4,Wirjanto (1991),0.079,0.066,0,,,,,,,,,,,,0,0,0,0,0,0,0,0,0,0,0,,0,0,1,0,1,0,0,0,0,0,0,Canada,0,0,1953,1986,33.25,133.0,133,1.0,1969.5,0,0,0,0,0,0,0,0,1,0,0,0,0,0,0,0,0,0,0,0,0.277,1989,0.6666666666666666,1991,Canada1953
70,4,Wirjanto (1991),0.0009,0.044,0,,,,,,,,,,,,0,0,0,0,0,0,0,0,0,0,0,,0,0,1,0,1,0,0,0,0,0,0,Canada,0,0,1953,1986,33.25,133.0,133,1.0,1969.5,0,0,0,0,0,0,0,0,1,0,0,0,0,0,0,0,0,0,0,0,0.277,1989,0.6666666666666666,1991,Canada1953
71,4,Wirjanto (1991),0.189,0.189,0,,,,,,,,,,,,0,0,0,0,0,0,0,0,0,0,0,,0,0,1,0,1,0,0,0,0,0,0,Canada,0,0,1953,1986,33.25,133.0,133,1.0,1969.5,0,0,0,0,1,0,1,1,0,0,0,1,0,0,0,0,0,0,0,0,0.277,1989,0.6666666666666666,1991,Canada1953
72,4,Wirjanto (1991),0.18,0.04,0,,,,,,,,,,,,1,0,0,0,0,0,0,0,0,0,0,,0,0,1,0,1,0,0,0,0,0,0,Canada,0,0,1953,1986,33.25,133.0,133,1.0,1969.5,0,0,0,0,1,0,0,1,0,1,0,0,0,0,0,0,0,0,0,0,0.277,1989,0.6666666666666666,1991,Canada1953
73,4,Wirjanto (1991),0.247,0.055,0,,,,,,,,,,,,1,0,0,0,0,0,0,0,0,0,0,,0,0,1,0,1,0,0,0,0,0,0,Canada,0,0,1953,1986,33.25,133.0,133,1.0,1969.5,0,0,0,0,1,0,1,0,0,1,0,0,0,0,0,0,0,0,0,0,0.277,1989,0.6666666666666666,1991,Canada1953
74,4,Wirjanto (1991),0.165,0.04,0,,,,,,,,,,,,0,0,0,0,0,0,0,0,0,0,0,,0,0,1,0,1,0,0,0,0,0,0,Canada,0,0,1953,1986,33.25,133.0,133,1.0,1969.5,0,0,0,0,1,0,0,1,0,0,0,0,1,0,0,0,0,0,0,0,0.277,1989,0.6666666666666666,1991,Canada1953
75,4,Wirjanto (1991),0.235,0.051,0,,,,,,,,,,,,0,0,0,0,0,0,0,0,0,0,0,,0,0,1,0,1,0,0,0,0,0,0,Canada,0,0,1953,1986,33.25,133.0,133,1.0,1969.5,0,0,0,0,1,0,1,0,0,0,0,0,1,0,0,0,0,0,0,0,0.277,1989,0.6666666666666666,1991,Canada1953
76,5,Auerbach and Hassett (1991),0.431,0.12,0,,,,,,,,,,,,1,0,0,0,0,0,0,0,0,0,0,,0,0,1,0,1,0,0,0,0,0,0,USA,0,0,1947,1986,39.25,157.0,157,1.0,1966.5,0,0,0,0,0,1,1,1,1,0,0,0,1,0,0,0,0,0,0,0,0.0,1989,1.4074074074074074,1991,USA1947
77,5,Auerbach and Hassett (1991),0.472,0.08,0,,,,,,,,,,,,1,0,0,0,0,0,0,0,0,0,0,,0,0,1,0,0,0,0,0,0,0,0,USA,1,0,1947,1985,39.0,39.0,39,1.0,1966.0,0,0,0,0,0,1,1,1,1,0,0,0,1,0,0,0,0,0,0,0,0.0,1989,1.4074074074074074,1991,USA1947
78,5,Auerbach and Hassett (1991),-0.023,0.08,0,,,,,,,,,,,,1,0,0,0,0,0,0,0,0,0,0,,0,1,0,0,1,0,0,1,0,0,0,USA,1,0,1947,1985,39.0,39.0,39,1.0,1966.0,0,0,1,0,0,0,0,0,0,0,0,0,0,0,0,0,0,0,1,0,0.0,1989,1.4074074074074074,1991,USA1947
79,5,Auerbach and Hassett (1991),0.562,0.08,0,,,,,,,,,,,,1,0,0,0,0,0,0,0,0,0,0,,0,1,0,0,1,0,0,0,0,1,0,USA,1,0,1947,1985,39.0,39.0,39,1.0,1966.0,0,0,1,0,0,0,0,0,0,0,0,0,0,0,0,0,0,0,1,0,0.0,1989,1.4074074074074074,1991,USA1947
80,6,Patterson and Pesaran (1992),0.299,0.04,0,,,,,,,,,,,,1,0,0,0,0,0,0,0,0,0,0,,0,0,0,1,1,0,0,0,0,0,0,USA,0,0,1955,1989,35.0,140.0,140,1.0,1972.0,0,1,0,0,0,0,0,0,0,0,0,0,0,0,0,0,0,0,0,0,1.177,1992,4.0,1992,USA1955
81,6,Patterson and Pesaran (1992),0.439,0.11,0,,,,,,,,,,,,1,0,0,0,0,0,0,0,0,0,0,,0,0,1,0,0,0,0,0,0,0,0,USA,0,0,1955,1989,35.0,140.0,140,1.0,1972.0,0,0,0,0,1,0,1,1,0,1,1,0,0,0,0,0,0,0,0,0,1.177,1992,4.0,1992,USA1955
82,6,Patterson and Pesaran (1992),0.421,0.1,0,,,,,,,,,,,,1,0,0,0,0,0,0,0,0,0,0,,0,0,1,0,1,0,0,0,0,0,0,USA,0,0,1955,1989,35.0,140.0,140,1.0,1972.0,0,0,0,0,1,0,1,1,0,1,1,0,0,0,0,0,0,0,0,0,1.177,1992,4.0,1992,USA1955
83,6,Patterson and Pesaran (1992),0.165,0.043,0,,,,,,,,,,,,1,0,0,0,0,0,0,0,0,0,0,,0,0,0,1,1,0,0,0,0,0,0,UK,0,0,1955,1989,35.0,140.0,140,1.0,1972.0,0,1,0,0,0,0,0,0,0,0,0,0,0,0,0,0,0,0,0,0,1.177,1992,4.0,1992,UK1955
84,6,Patterson and Pesaran (1992),-0.007,0.117,0,,,,,,,,,,,,1,0,0,0,0,0,0,0,0,0,0,,0,0,1,0,0,0,0,0,0,0,0,UK,0,0,1955,1989,35.0,140.0,140,1.0,1972.0,0,0,0,0,1,0,1,1,0,1,1,0,0,0,0,0,0,0,0,0,1.177,1992,4.0,1992,UK1955
85,6,Patterson and Pesaran (1992),0.208,0.119,0,,,,,,,,,,,,1,0,0,0,0,0,0,0,0,0,0,,0,0,1,0,0,0,0,0,0,0,0,UK,0,0,1955,1989,35.0,140.0,140,1.0,1972.0,0,0,0,0,1,0,1,0,0,1,1,0,0,0,0,0,0,0,0,0,1.177,1992,4.0,1992,UK1955
86,6,Patterson and Pesaran (1992),0.218,0.11,0,,,,,,,,,,,,1,0,0,0,0,0,0,0,0,0,0,,0,0,1,0,1,0,0,0,0,0,0,UK,0,0,1955,1989,35.0,140.0,140,1.0,1972.0,0,0,0,0,1,0,1,0,0,1,1,0,0,0,0,0,0,0,0,0,1.177,1992,4.0,1992,UK1955
87,7,Cushing (1992),0.355,0.092,0,,,,,,,,,,,,0,0,0,0,0,0,0,0,0,0,0,,0,1,0,0,1,0,0,0,0,0,0,USA,0,0,1948,1987,40.0,155.0,155,1.0,1967.5,0,0,0,0,0,1,1,1,0,0,0,1,0,0,1,0,0,0,0,0,0.305,1992,1.7083333333333333,1992,USA1948
88,7,Cushing (1992),0.376,0.085,0,,,,,,,,,,,,0,0,0,0,0,0,0,0,0,0,0,,0,1,0,0,1,0,0,0,0,0,0,USA,0,0,1955,1987,33.0,130.0,130,1.0,1971.0,0,0,0,0,0,1,1,1,0,0,0,1,0,0,1,0,0,0,0,0,0.305,1992,1.7083333333333333,1992,USA1955
89,7,Cushing (1992),0.458,0.114,0,,,,,,,,,,,,0,0,0,0,0,0,0,0,0,0,0,,0,1,0,0,1,0,0,0,0,0,0,USA,0,0,1955,1974,20.0,80.0,80,1.0,1964.5,0,0,0,0,0,1,1,1,0,0,0,1,0,0,1,0,0,0,0,0,0.305,1992,1.7083333333333333,1992,USA1955
90,7,Cushing (1992),0.33,0.113,0,,,,,,,,,,,,0,0,0,0,0,0,0,0,0,0,0,,0,1,0,0,1,0,0,0,0,0,0,USA,0,0,1975,1987,13.0,50.0,50,1.0,1981.0,0,0,0,0,0,1,1,1,0,0,0,1,0,0,1,0,0,0,0,0,0.305,1992,1.7083333333333333,1992,USA1975
91,7,Cushing (1992),0.755,0.611,0,,,,,,,,,,,,0,0,0,0,0,0,0,0,0,0,0,,0,1,0,0,0,1,0,0,0,0,0,USA,0,0,1955,1987,33.0,130.0,130,1.0,1971.0,0,0,0,0,0,1,0,1,0,0,0,0,0,0,1,0,0,0,0,0,0.305,1992,1.7083333333333333,1992,USA1955
92,7,Cushing (1992),0.529,0.14,0,,,,,,,,,,,,0,0,0,0,0,0,0,0,0,0,0,,0,1,0,0,0,0,0,0,0,0,0,USA,0,0,1955,1987,33.0,130.0,130,1.0,1971.0,0,0,0,0,0,1,0,1,0,0,0,0,0,0,1,0,0,0,0,0,0.305,1992,1.7083333333333333,1992,USA1955
93,7,Cushing (1992),0.42,0.118,0,,,,,,,,,,,,0,0,0,0,0,0,0,0,0,0,0,,0,1,0,0,1,0,0,0,0,0,0,USA,0,0,1955,1987,33.0,130.0,130,1.0,1971.0,0,0,0,0,0,1,0,1,0,0,0,0,0,0,1,0,0,0,0,0,0.305,1992,1.7083333333333333,1992,USA1955
94,7,Cushing (1992),0.412,0.131,0,,,,,,,,,,,,0,0,0,0,0,0,0,0,0,0,0,,0,1,0,0,1,0,0,0,0,0,0,USA,0,0,1955,1987,33.0,130.0,130,1.0,1971.0,0,0,0,0,0,1,0,1,0,0,0,0,0,0,1,0,0,0,0,0,0.305,1992,1.7083333333333333,1992,USA1955
95,7,Cushing (1992),0.38,0.077,0,,,,,,,,,,,,0,0,0,0,0,0,0,0,0,0,0,,0,1,0,0,1,0,0,0,0,0,0,USA,0,0,1955,1987,33.0,130.0,130,1.0,1971.0,0,0,0,0,0,1,1,1,0,0,0,0,0,0,1,0,0,0,0,0,0.305,1992,1.7083333333333333,1992,USA1955
96,7,Cushing (1992),0.376,0.085,0,,,,,,,,,,,,0,0,0,0,0,0,0,0,0,0,0,,0,1,0,0,1,0,0,0,0,0,0,USA,0,0,1955,1987,33.0,130.0,130,1.0,1971.0,0,0,0,0,0,1,1,1,0,0,0,1,0,0,1,0,0,0,0,0,0.305,1992,1.7083333333333333,1992,USA1955
97,7,Cushing (1992),0.366,0.135,0,,,,,,,,,,,,0,0,0,0,0,0,0,0,0,1,0,,0,0,0,0,1,0,0,0,0,0,0,USA,0,0,1955,1987,33.0,130.0,130,1.0,1971.0,0,0,0,0,0,0,0,0,0,0,0,0,0,0,1,0,0,0,0,0,0.305,1992,1.7083333333333333,1992,USA1955
98,7,Cushing (1992),0.377,0.128,0,,,,,,,,,,,,0,0,0,0,0,0,0,0,0,0,0,,0,0,0,0,1,0,0,0,0,0,0,USA,0,0,1955,1987,33.0,130.0,130,1.0,1971.0,0,0,0,0,0,0,0,0,0,0,0,0,0,0,1,0,0,0,0,0,0.305,1992,1.7083333333333333,1992,USA1955
99,7,Cushing (1992),0.548,0.139,0,,,,,,,,,,,,0,0,0,0,0,0,0,0,0,1,0,,0,0,0,0,1,0,0,0,0,0,0,USA,0,0,1955,1987,33.0,130.0,130,1.0,1971.0,0,0,0,0,0,0,0,0,0,0,0,0,0,0,1,0,0,0,0,0,0.305,1992,1.7083333333333333,1992,USA1955
100,7,Cushing (1992),0.381,0.069,0,,,,,,,,,,,,0,0,0,0,0,0,0,0,1,0,0,,0,1,0,0,1,0,0,0,0,0,0,USA,0,0,1948,1987,40.0,155.0,155,1.0,1967.5,0,0,0,0,0,1,1,1,0,0,0,0,0,0,1,0,0,0,0,0,0.305,1992,1.7083333333333333,1992,USA1948
101,7,Cushing (1992),0.39,0.086,0,,,,,,,,,,,,0,0,0,0,0,0,0,0,1,0,0,,0,1,0,0,1,0,0,0,0,0,0,USA,0,0,1955,1987,33.0,130.0,130,1.0,1971.0,0,0,0,0,0,1,1,1,0,0,0,0,0,0,1,0,0,0,0,0,0.305,1992,1.7083333333333333,1992,USA1955
102,7,Cushing (1992),0.519,0.151,0,,,,,,,,,,,,0,0,0,0,0,0,0,0,1,0,0,,0,1,0,0,1,0,0,0,0,0,0,USA,0,0,1955,1974,20.0,80.0,80,1.0,1964.5,0,0,0,0,0,1,1,1,0,0,0,0,0,0,1,0,0,0,0,0,0.305,1992,1.7083333333333333,1992,USA1955
103,7,Cushing (1992),0.344,0.126,0,,,,,,,,,,,,0,0,0,0,0,0,0,0,1,0,0,,0,1,0,0,1,0,0,0,0,0,0,USA,0,0,1975,1987,13.0,50.0,50,1.0,1981.0,0,0,0,0,0,1,1,1,0,0,0,0,0,0,1,0,0,0,0,0,0.305,1992,1.7083333333333333,1992,USA1975
104,7,Cushing (1992),0.393,0.092,0,,,,,,,,,,,,0,0,0,0,0,0,1,0,0,0,0,,0,1,0,0,1,0,0,0,0,0,0,USA,0,0,1948,1987,40.0,155.0,155,1.0,1967.5,0,0,0,0,0,1,1,1,0,0,0,0,1,0,1,0,0,0,0,0,0.305,1992,1.7083333333333333,1992,USA1948
105,7,Cushing (1992),0.418,0.087,0,,,,,,,,,,,,0,0,0,0,0,0,1,0,0,0,0,,0,1,0,0,1,0,0,0,0,0,0,USA,0,0,1955,1987,33.0,130.0,130,1.0,1971.0,0,0,0,0,0,1,1,1,0,0,0,0,1,0,1,0,0,0,0,0,0.305,1992,1.7083333333333333,1992,USA1955
106,7,Cushing (1992),0.65,0.173,0,,,,,,,,,,,,0,0,0,0,0,0,1,0,0,0,0,,0,1,0,0,1,0,0,0,0,0,0,USA,0,0,1955,1974,20.0,80.0,80,1.0,1964.5,0,0,0,0,0,1,1,1,0,0,0,0,1,0,1,0,0,0,0,0,0.305,1992,1.7083333333333333,1992,USA1955
107,7,Cushing (1992),0.361,0.106,0,,,,,,,,,,,,0,0,0,0,0,0,1,0,0,0,0,,0,1,0,0,1,0,0,0,0,0,0,USA,0,0,1975,1987,13.0,50.0,50,1.0,1981.0,0,0,0,0,0,1,1,1,0,0,0,0,1,0,1,0,0,0,0,0,0.305,1992,1.7083333333333333,1992,USA1975
108,7,Cushing (1992),0.412,0.131,0,,,,,,,,,,,,1,0,0,0,0,0,0,0,0,0,0,,0,1,0,0,1,0,0,0,0,0,0,USA,0,0,1948,1983,36.0,141.0,141,1.0,1965.5,0,0,0,0,0,1,1,1,0,1,0,0,0,0,0,0,0,0,0,0,0.305,1992,1.7083333333333333,1992,USA1948
109,7,Cushing (1992),0.464,0.102,0,,,,,,,,,,,,1,0,0,0,0,0,0,0,0,0,0,,0,1,0,0,1,0,0,0,0,0,0,USA,0,0,1955,1983,29.0,116.0,116,1.0,1969.0,0,0,0,0,0,1,1,1,0,1,0,0,0,0,0,0,0,0,0,0,0.305,1992,1.7083333333333333,1992,USA1955
110,7,Cushing (1992),0.426,0.137,0,,,,,,,,,,,,1,0,0,0,0,0,0,0,0,0,0,,0,1,0,0,1,0,0,0,0,0,0,USA,0,0,1975,1983,9.0,36.0,36,1.0,1979.0,0,0,0,0,0,1,1,1,0,1,0,0,0,0,0,0,0,0,0,0,0.305,1992,1.7083333333333333,1992,USA1975
111,7,Cushing (1992),0.301,0.059,0,,,,,,,,,,,,0,0,0,0,0,0,0,0,0,0,0,,0,0,0,0,1,0,0,0,0,0,0,USA,0,0,1948,1987,40.0,155.0,155,1.0,1967.5,0,0,0,0,0,1,1,1,0,0,0,0,0,0,1,0,0,0,0,0,0.305,1992,1.7083333333333333,1992,USA1948
112,7,Cushing (1992),0.365,0.065,0,,,,,,,,,,,,0,0,0,0,0,0,0,0,0,0,0,,0,0,0,0,1,0,0,0,0,0,0,USA,0,0,1955,1987,33.0,130.0,130,1.0,1971.0,0,0,0,0,0,1,1,1,0,0,0,0,0,0,1,0,0,0,0,0,0.305,1992,1.7083333333333333,1992,USA1955
113,7,Cushing (1992),0.334,0.075,0,,,,,,,,,,,,0,0,0,0,0,0,0,0,0,0,0,,0,0,0,0,1,0,0,0,0,0,0,USA,0,0,1955,1974,20.0,80.0,80,1.0,1964.5,0,0,0,0,0,1,1,1,0,0,0,0,0,0,1,0,0,0,0,0,0.305,1992,1.7083333333333333,1992,USA1955
114,7,Cushing (1992),0.29,0.074,0,,,,,,,,,,,,0,0,0,0,0,0,0,0,0,0,0,,0,0,0,0,1,0,0,0,0,0,0,USA,0,0,1975,1987,13.0,50.0,50,1.0,1981.0,0,0,0,0,0,1,1,1,0,0,0,0,0,0,1,0,0,0,0,0,0.305,1992,1.7083333333333333,1992,USA1975
115,7,Cushing (1992),0.3,0.081,0,,,,,,,,,,,,0,0,0,0,0,0,0,0,1,0,0,,0,0,0,0,1,0,0,0,0,0,0,USA,0,0,1948,1987,40.0,155.0,155,1.0,1967.5,0,0,0,0,0,1,1,1,0,0,0,0,0,0,1,0,0,0,0,0,0.305,1992,1.7083333333333333,1992,USA1948
116,7,Cushing (1992),0.343,0.08,0,,,,,,,,,,,,0,0,0,0,0,0,0,0,1,0,0,,0,0,0,0,1,0,0,0,0,0,0,USA,0,0,1955,1987,33.0,130.0,130,1.0,1971.0,0,0,0,0,0,1,1,1,0,0,0,0,0,0,1,0,0,0,0,0,0.305,1992,1.7083333333333333,1992,USA1955
117,7,Cushing (1992),0.378,0.1,0,,,,,,,,,,,,0,0,0,0,0,0,0,0,1,0,0,,0,0,0,0,1,0,0,0,0,0,0,USA,0,0,1955,1974,20.0,80.0,80,1.0,1964.5,0,0,0,0,0,1,1,1,0,0,0,0,0,0,1,0,0,0,0,0,0.305,1992,1.7083333333333333,1992,USA1955
118,7,Cushing (1992),0.295,0.0845,0,,,,,,,,,,,,0,0,0,0,0,0,0,0,1,0,0,,0,0,0,0,1,0,0,0,0,0,0,USA,0,0,1975,1987,13.0,50.0,50,1.0,1981.0,0,0,0,0,0,1,1,1,0,0,0,0,0,0,1,0,0,0,0,0,0.305,1992,1.7083333333333333,1992,USA1975
119,7,Cushing (1992),0.327,0.059,0,,,,,,,,,,,,0,0,0,0,0,0,1,0,0,0,0,,0,0,0,0,1,0,0,0,0,0,0,USA,0,0,1948,1987,40.0,155.0,155,1.0,1967.5,0,0,0,0,0,1,1,1,0,0,0,0,1,0,1,0,0,0,0,0,0.305,1992,1.7083333333333333,1992,USA1948
120,7,Cushing (1992),0.408,0.058,0,,,,,,,,,,,,0,0,0,0,0,0,1,0,0,0,0,,0,0,0,0,1,0,0,0,0,0,0,USA,0,0,1955,1987,33.0,130.0,130,1.0,1971.0,0,0,0,0,0,1,1,1,0,0,0,0,1,0,1,0,0,0,0,0,0.305,1992,1.7083333333333333,1992,USA1955
121,7,Cushing (1992),0.411,0.067,0,,,,,,,,,,,,0,0,0,0,0,0,1,0,0,0,0,,0,0,0,0,1,0,0,0,0,0,0,USA,0,0,1955,1974,20.0,80.0,80,1.0,1964.5,0,0,0,0,0,1,1,1,0,0,0,0,1,0,1,0,0,0,0,0,0.305,1992,1.7083333333333333,1992,USA1955
122,7,Cushing (1992),0.384,0.066,0,,,,,,,,,,,,0,0,0,0,0,0,1,0,0,0,0,,0,0,0,0,1,0,0,0,0,0,0,USA,0,0,1975,1987,13.0,50.0,50,1.0,1981.0,0,0,0,0,0,1,1,1,0,0,0,0,1,0,1,0,0,0,0,0,0.305,1992,1.7083333333333333,1992,USA1975
123,7,Cushing (1992),0.339,0.061,0,,,,,,,,,,,,1,0,0,0,0,0,0,0,0,0,0,,0,0,0,0,1,0,0,0,0,0,0,USA,0,0,1948,1987,40.0,155.0,155,1.0,1967.5,0,0,0,0,0,1,1,1,0,1,0,0,0,0,0,0,0,0,0,0,0.305,1992,1.7083333333333333,1992,USA1948
124,7,Cushing (1992),0.428,0.066,0,,,,,,,,,,,,1,0,0,0,0,0,0,0,0,0,0,,0,0,0,0,1,0,0,0,0,0,0,USA,0,0,1955,1987,33.0,130.0,130,1.0,1971.0,0,0,0,0,0,1,1,1,0,1,0,0,0,0,0,0,0,0,0,0,0.305,1992,1.7083333333333333,1992,USA1955
125,7,Cushing (1992),0.48,0.114,0,,,,,,,,,,,,1,0,0,0,0,0,0,0,0,0,0,,0,0,0,0,1,0,0,0,0,0,0,USA,0,0,1955,1974,20.0,80.0,80,1.0,1964.5,0,0,0,0,0,1,1,1,0,1,0,0,0,0,0,0,0,0,0,0,0.305,1992,1.7083333333333333,1992,USA1955
126,7,Cushing (1992),0.45,0.082,0,,,,,,,,,,,,1,0,0,0,0,0,0,0,0,0,0,,0,0,0,0,1,0,0,0,0,0,0,USA,0,0,1975,1987,13.0,50.0,50,1.0,1981.0,0,0,0,0,0,1,1,1,0,1,0,0,0,0,0,0,0,0,0,0,0.305,1992,1.7083333333333333,1992,USA1975
127,8,Attanasio and Weber (1993),0.2091,0.112,0,,,,,,,,,,,,1,0,0,0,0,0,0,0,0,0,0,,0,0,1,0,1,0,0,0,0,0,0,UK,0,0,1970,1986,17.0,68.0,68,1.0,1978.0,0,0,0,0,0,1,1,1,1,0,1,0,1,0,0,0,0,0,0,1,1.224,1993,23.347826086956523,1993,UK1970
128,8,Attanasio and Weber (1993),0.3714,0.15,0,,,,,,,,,,,,1,1,0,1,0,0,0,0,0,0,0,,0,0,1,0,1,0,0,0,0,0,0,UK,0,0,1970,1986,17.0,68.0,68,1.0,1978.0,0,0,0,0,0,1,1,1,1,0,1,0,1,0,0,0,0,0,0,1,1.224,1993,23.347826086956523,1993,UK1970
129,8,Attanasio and Weber (1993),0.1191,0.1454,0,,,,,,,,,,,,1,1,0,1,5,0,0,1,0,0,0,,0,0,1,0,1,0,0,0,0,0,0,UK,0,0,1970,1986,17.0,68.0,68,1.0,1978.0,0,0,0,0,0,1,1,1,1,0,1,0,1,0,0,0,0,0,0,1,1.224,1993,23.347826086956523,1993,UK1970
130,8,Attanasio and Weber (1993),0.4098,0.2297,0,,,,,,,,,,,,1,1,0,1,7,0,0,1,0,0,0,,0,0,1,0,1,0,0,0,0,0,0,UK,0,0,1970,1986,17.0,68.0,68,1.0,1978.0,0,0,0,0,0,1,1,1,1,0,1,0,1,0,0,0,0,0,0,1,1.224,1993,23.347826086956523,1993,UK1970
131,9,Cavalcanti (1993),0.32,0.1409,0,,,,,,,,,,,,1,0,0,0,0,0,0,0,0,0,0,,0,0,1,0,1,0,0,0,0,0,0,Brazil,0,0,1980,1989,10.0,40.0,40,1.0,1984.5,0,0,0,1,0,1,0,1,0,1,0,0,0,0,0,0,0,0,0,0,0.0,1993,1.391304347826087,1993,Brazil1980
132,10,Blundell et al. (1994),0.545,0.368,0,,,,,,,,,,,,1,1,1,1,7,0,0,1,0,0,0,,0,0,0,0,1,0,0,1,0,0,0,UK,1,0,1970,1986,17.0,17.0,153,9.0,1978.0,0,0,0,0,0,1,1,1,0,1,0,0,1,0,0,0,0,0,0,1,1.224,1993,22.391304347826086,1994,UK1970
133,10,Blundell et al. (1994),0.276,0.397,0,,,,,,,,,,,,1,1,1,1,5,0,0,1,0,0,0,,0,0,0,0,1,0,0,1,0,0,0,UK,1,0,1970,1986,17.0,17.0,153,9.0,1978.0,0,0,0,0,0,1,1,1,0,1,0,0,1,0,0,0,0,0,0,1,1.224,1993,22.391304347826086,1994,UK1970
134,10,Blundell et al. (1994),1.115,0.305,0,,,,,,,,,,,,1,1,1,1,5,0,0,0,0,0,0,,0,0,0,0,1,0,0,1,0,0,0,UK,1,0,1970,1986,17.0,17.0,153,9.0,1978.0,0,0,0,0,0,1,1,1,0,1,0,0,1,0,0,0,0,0,0,1,1.224,1993,22.391304347826086,1994,UK1970
135,10,Blundell et al. (1994),0.11,0.172,0,,,,,,,,,,,,1,1,1,1,7,1,0,1,0,0,0,,0,0,0,0,1,0,0,1,0,0,0,UK,1,0,1970,1986,17.0,17.0,153,9.0,1978.0,0,0,0,0,0,1,1,1,0,1,0,0,1,0,0,0,0,0,0,1,1.224,1993,22.391304347826086,1994,UK1970
136,10,Blundell et al. (1994),0.32,0.102,0,,,,,,,,,,,,1,1,1,1,0,1,0,0,0,0,0,,0,0,0,0,1,0,0,0,0,0,0,UK,1,0,1970,1986,17.0,17.0,153,9.0,1978.0,0,0,0,0,0,1,1,1,0,1,0,0,1,0,0,0,0,0,0,1,1.224,1993,22.391304347826086,1994,UK1970
137,10,Blundell et al. (1994),0.143,0.142,0,,,,,,,,,,,,1,1,1,1,7,0,0,1,0,0,0,,0,0,0,0,1,0,0,1,0,0,0,UK,1,0,1970,1986,17.0,17.0,153,9.0,1978.0,0,0,0,0,0,1,1,1,0,1,0,0,1,0,0,0,0,0,0,1,1.224,1993,22.391304347826086,1994,UK1970
138,10,Blundell et al. (1994),0.253,0.12,0,,,,,,,,,,,,1,1,1,1,7,1,0,1,0,0,0,,0,0,0,0,1,0,0,1,0,0,0,UK,1,0,1970,1986,17.0,17.0,153,9.0,1978.0,0,0,0,0,0,1,1,1,0,1,0,0,1,0,0,0,0,0,0,1,1.224,1993,22.391304347826086,1994,UK1970
139,10,Blundell et al. (1994),0.537,0.196,0,,,,,,,,,,,,1,1,1,1,0,1,0,0,0,0,0,,0,0,0,0,1,0,0,0,0,0,0,UK,1,0,1970,1986,17.0,17.0,153,9.0,1978.0,0,0,0,0,0,1,1,1,0,1,0,0,0,0,0,0,0,0,0,1,1.224,1993,22.391304347826086,1994,UK1970
140,11,Attanasio and Browning (1995),0.397,0.029,0,,,,,,,,,,,,1,1,1,1,0,0,0,0,0,0,0,,0,0,0,0,1,0,0,0,0,0,0,UK,1,0,1970,1986,17.0,17.0,102,6.0,1978.0,0,0,0,0,0,1,1,1,0,1,1,0,1,0,0,0,0,0,0,1,1.605,1993,20.782608695652176,1995,UK1970
141,11,Attanasio and Browning (1995),0.413,0.03,0,,,,,,,,,,,,1,1,1,1,0,0,0,0,0,0,0,,0,0,0,0,1,0,0,0,0,0,0,UK,1,0,1970,1986,17.0,17.0,102,6.0,1978.0,0,0,0,0,0,1,1,1,0,1,1,0,1,0,0,1,0,0,0,1,1.605,1993,20.782608695652176,1995,UK1970
142,11,Attanasio and Browning (1995),0.125,0.027,0,,,,,,,,,,,,1,1,1,1,1,0,0,0,0,0,0,,0,0,0,0,1,0,0,0,0,0,0,UK,1,0,1970,1986,17.0,17.0,102,6.0,1978.0,0,0,0,0,0,1,1,1,0,1,1,0,1,0,0,1,0,0,0,1,1.605,1993,20.782608695652176,1995,UK1970
143,11,Attanasio and Browning (1995),-0.056,0.036,0,,,,,,,,,,,,1,1,1,1,5,0,0,0,0,0,0,,0,0,0,0,1,0,0,0,0,0,0,UK,1,0,1970,1986,17.0,17.0,102,6.0,1978.0,0,0,0,0,0,1,1,1,0,1,1,0,1,0,0,1,0,0,0,1,1.605,1993,20.782608695652176,1995,UK1970
144,11,Attanasio and Browning (1995),0.086,0.073,0,,,,,,,,,,,,1,1,1,1,6,0,0,1,0,0,0,,0,0,0,0,1,0,0,0,0,0,0,UK,1,0,1970,1986,17.0,17.0,102,6.0,1978.0,0,0,0,0,0,1,1,1,0,1,1,0,1,0,0,1,0,0,0,1,1.605,1993,20.782608695652176,1995,UK1970
145,11,Attanasio and Browning (1995),0.188,0.036,0,,,,,,,,,,,,1,1,1,1,4,0,0,0,0,0,0,,0,0,0,0,1,0,0,0,0,0,0,UK,1,0,1970,1986,17.0,17.0,102,6.0,1978.0,0,0,0,0,0,1,1,1,0,1,1,0,1,0,0,1,0,0,0,1,1.605,1993,20.782608695652176,1995,UK1970
146,12,Shea (1995a),0.888,0.455,0,,,1.0,0.0,12.0,0.0,,,,0.0,0.0,1,1,1,0,1,1,0,0,0,0,1,,0,0,0,1,1,0,0,0,0,0,0,USA,1,0,1981,1987,7.0,7.0,1995,285.0,1984.0,1,0,0,0,0,0,0,0,0,0,0,0,0,0,0,0,0,0,0,1,1.605,1995,15.523809523809524,1995,USA1981
147,12,Shea (1995a),0.997,0.703,0,,,1.0,0.0,12.0,0.0,,,,0.0,0.0,1,1,1,0,1,1,0,0,0,0,1,,0,0,0,1,1,0,0,0,0,0,0,USA,1,0,1981,1987,7.0,7.0,1995,285.0,1984.0,1,0,0,0,0,0,0,0,0,0,0,0,0,0,0,0,0,0,0,1,1.605,1995,15.523809523809524,1995,USA1981
148,12,Shea (1995a),0.765,0.539,0,,,1.0,0.0,12.0,0.0,,,,0.0,0.0,1,1,1,0,1,1,0,0,0,0,1,,0,0,0,1,1,0,0,0,0,0,0,USA,1,0,1981,1987,7.0,7.0,1995,285.0,1984.0,1,0,0,0,0,0,0,0,0,0,0,0,0,0,0,0,0,0,0,1,1.605,1995,15.523809523809524,1995,USA1981
149,12,Shea (1995a),0.961,0.614,0,,,1.0,0.0,12.0,0.0,,,,0.0,0.0,1,1,1,0,1,1,0,0,0,0,1,,0,0,0,1,1,0,0,0,0,0,0,USA,1,0,1981,1987,7.0,7.0,1995,285.0,1984.0,1,0,0,0,0,0,0,0,0,0,0,0,0,0,0,0,0,0,0,1,1.605,1995,15.523809523809524,1995,USA1981
150,12,Shea (1995a),0.867,0.593,0,,,1.0,0.0,12.0,0.0,,,,0.0,0.0,1,1,1,0,1,1,0,0,0,0,1,,0,0,0,1,1,0,0,0,0,0,0,USA,1,0,1981,1987,7.0,7.0,1995,285.0,1984.0,1,0,0,0,0,0,0,0,0,0,0,0,0,0,0,0,0,0,0,1,1.605,1995,15.523809523809524,1995,USA1981
151,12,Shea (1995a),0.063,0.785,0,,,1.0,0.0,12.0,0.0,,,,0.0,0.0,1,1,1,0,1,1,0,0,0,0,1,,0,0,0,1,1,0,0,0,0,0,1,USA,1,0,1981,1987,7.0,7.0,1995,285.0,1984.0,1,0,0,0,0,0,0,0,0,0,0,0,0,0,0,0,0,0,0,1,1.605,1995,15.523809523809524,1995,USA1981
152,12,Shea (1995a),2.242,0.951,0,,,1.0,0.0,12.0,0.0,,,,0.0,0.0,1,1,1,0,1,1,0,0,0,0,1,,0,0,0,1,1,0,0,0,1,1,0,USA,1,0,1981,1987,7.0,7.0,1995,285.0,1984.0,1,0,0,0,0,0,0,0,0,0,0,0,0,0,0,0,0,0,0,1,1.605,1995,15.523809523809524,1995,USA1981
153,13,Attanasio and Weber (1995),0.247,0.058,0,,,,,,,,,,,,1,1,1,1,1,0,0,0,0,0,0,,0,0,0,0,1,0,0,0,0,0,0,USA,0,0,1981,1990,9.5,38.0,304,8.0,1985.5,0,0,0,0,1,0,1,1,1,0,1,0,1,0,0,0,0,0,0,1,3.525,1994,32.09090909090909,1995,USA1981
154,13,Attanasio and Weber (1995),0.1,0.103,0,,,,,,,,,,,,1,1,1,1,5,0,0,1,0,0,0,,0,0,0,0,1,0,0,0,0,0,0,USA,0,0,1981,1990,9.5,38.0,304,8.0,1985.5,0,0,0,0,1,0,1,1,1,0,1,0,1,0,0,0,0,0,0,1,3.525,1994,32.09090909090909,1995,USA1981
155,13,Attanasio and Weber (1995),0.2,0.06,0,,,,,,,,,,,,1,1,1,1,1,0,0,0,0,0,0,,0,0,0,0,1,0,0,0,0,0,0,USA,0,0,1982,1990,8.5,34.0,272,8.0,1986.0,0,0,0,0,1,0,1,1,1,0,1,0,1,0,0,0,0,0,0,1,3.525,1994,32.09090909090909,1995,USA1982
156,13,Attanasio and Weber (1995),0.094,0.089,0,,,,,,,,,,,,1,1,1,1,5,0,0,1,0,0,0,,0,0,0,0,1,0,0,0,0,0,0,USA,0,0,1982,1990,8.5,34.0,272,8.0,1986.0,0,0,0,0,1,0,1,1,1,0,1,0,1,0,0,0,0,0,0,1,3.525,1994,32.09090909090909,1995,USA1982
157,13,Attanasio and Weber (1995),0.177,0.067,0,,,,,,,,,,,,1,1,1,1,1,0,0,0,0,0,1,,0,0,0,0,1,0,0,0,0,0,0,USA,0,0,1981,1990,9.5,38.0,304,8.0,1985.5,0,0,0,0,0,1,1,1,1,0,1,0,1,0,0,0,0,0,0,1,3.525,1994,32.09090909090909,1995,USA1981
158,13,Attanasio and Weber (1995),0.101,0.089,0,,,,,,,,,,,,1,1,1,1,1,0,0,0,0,0,1,,0,0,0,0,1,0,0,0,0,0,0,USA,0,0,1981,1990,9.5,38.0,304,8.0,1985.5,0,0,0,0,0,1,1,1,1,0,1,0,1,0,0,0,0,0,0,1,3.525,1994,32.09090909090909,1995,USA1981
159,14,Speight and White (1995),0.859,0.186,0,,,,,,,,,,,,1,0,0,0,0,0,1,0,0,1,0,,0,0,0,0,1,0,0,0,0,0,0,Cyprus,1,0,1950,1988,39.0,39.0,39,1.0,1969.0,0,0,0,1,1,0,1,1,0,1,0,1,1,0,0,0,0,0,0,0,0.095,1993,0.5217391304347826,1995,Cyprus1950
160,14,Speight and White (1995),0.66,0.638,0,,,,,,,,,,,,1,0,0,0,0,0,1,0,0,1,0,,0,0,0,0,1,0,0,0,0,0,0,Ecuador,1,0,1950,1988,39.0,39.0,39,1.0,1969.0,0,0,0,1,0,0,1,1,0,1,0,1,1,0,0,0,0,0,0,0,0.095,1993,0.5217391304347826,1995,Ecuador1950
161,14,Speight and White (1995),0.517,0.137,0,,,,,,,,,,,,1,0,0,0,0,0,1,0,0,1,0,,0,0,0,0,1,0,0,0,0,0,0,Greece,1,0,1950,1988,39.0,39.0,39,1.0,1969.0,0,0,0,1,1,0,1,1,0,1,0,1,1,0,0,0,0,0,0,0,0.095,1993,0.5217391304347826,1995,Greece1950
162,14,Speight and White (1995),0.53,0.58,0,,,,,,,,,,,,1,0,0,0,0,0,1,0,0,1,0,,0,0,0,0,1,0,0,0,0,0,0,Guatemala,1,0,1950,1988,39.0,39.0,39,1.0,1969.0,0,0,0,1,1,0,1,1,0,1,0,1,1,0,0,0,0,0,0,0,0.095,1993,0.5217391304347826,1995,Guatemala1950
163,14,Speight and White (1995),0.414,0.176,0,,,,,,,,,,,,1,0,0,0,0,0,1,0,0,1,0,,0,0,0,0,1,0,0,0,0,0,0,Honduras,1,0,1950,1988,39.0,39.0,39,1.0,1969.0,0,0,0,1,1,0,1,1,0,1,0,1,1,0,0,0,0,0,0,0,0.095,1993,0.5217391304347826,1995,Honduras1950
164,14,Speight and White (1995),1.116,0.285,0,,,,,,,,,,,,1,0,0,0,0,0,1,0,0,1,0,,0,0,0,0,1,0,0,0,0,0,0,Mexico,1,0,1950,1988,39.0,39.0,39,1.0,1969.0,0,0,0,1,1,0,1,1,0,1,0,1,1,0,0,0,0,0,0,0,0.095,1993,0.5217391304347826,1995,Mexico1950
165,14,Speight and White (1995),0.694,0.229,0,,,,,,,,,,,,1,0,0,0,0,0,1,0,0,1,0,,0,0,0,0,1,0,0,0,0,0,0,Nigeria,1,0,1950,1988,39.0,39.0,39,1.0,1969.0,0,0,0,1,1,0,1,1,0,1,0,1,1,0,0,0,0,0,0,0,0.095,1993,0.5217391304347826,1995,Nigeria1950
166,14,Speight and White (1995),0.821,0.39,0,,,,,,,,,,,,1,0,0,0,0,0,1,0,0,1,0,,0,0,0,0,1,0,0,0,0,0,0,Sri Lanka,1,0,1950,1988,39.0,39.0,39,1.0,1969.0,0,0,0,1,1,0,1,1,0,1,0,1,1,0,0,0,0,0,0,0,0.095,1993,0.5217391304347826,1995,Sri Lanka1950
167,14,Speight and White (1995),0.965,0.299,0,,,,,,,,,,,,1,0,0,0,0,0,1,0,0,1,0,,0,0,0,0,1,0,0,0,0,0,0,Turkey,1,0,1950,1988,39.0,39.0,39,1.0,1969.0,0,0,0,1,1,0,1,1,0,1,0,1,1,0,0,0,0,0,0,0,0.095,1993,0.5217391304347826,1995,Turkey1950
168,14,Speight and White (1995),0.382,0.649,0,,,,,,,,,,,,1,0,0,0,0,0,1,0,0,1,0,,0,0,0,0,1,0,0,0,0,0,0,Venezuela,1,0,1950,1988,39.0,39.0,39,1.0,1969.0,0,0,0,1,1,0,1,1,0,1,0,1,1,0,0,0,0,0,0,0,0.095,1993,0.5217391304347826,1995,Venezuela1950
169,14,Speight and White (1995),1.058,0.268,0,,,,,,,,,,,,1,0,0,0,0,0,1,0,0,1,0,,0,0,0,0,1,0,0,0,0,0,0,Cyprus,1,0,1950,1988,39.0,39.0,39,1.0,1969.0,0,0,0,1,1,0,1,1,0,1,0,1,1,0,0,0,0,0,0,0,0.095,1993,0.5217391304347826,1995,Cyprus1950
170,14,Speight and White (1995),1.0,0.27,0,,,,,,,,,,,,1,0,0,0,0,0,1,0,0,1,0,,0,0,0,0,1,0,0,0,0,0,0,Ecuador,1,0,1950,1988,39.0,39.0,39,1.0,1969.0,0,0,0,1,0,1,1,1,0,1,0,1,1,0,0,0,0,0,0,0,0.095,1993,0.5217391304347826,1995,Ecuador1950
171,14,Speight and White (1995),0.364,0.113,0,,,,,,,,,,,,1,0,0,0,0,0,1,0,0,1,0,,0,0,0,0,1,0,0,0,0,0,0,Greece,1,0,1950,1988,39.0,39.0,39,1.0,1969.0,0,0,0,1,1,0,1,1,0,1,0,1,1,0,0,0,0,0,0,0,0.095,1993,0.5217391304347826,1995,Greece1950
172,14,Speight and White (1995),0.52,0.27,0,,,,,,,,,,,,1,0,0,0,0,0,1,0,0,1,0,,0,0,0,0,1,0,0,0,0,0,0,Guatemala,1,0,1950,1988,39.0,39.0,39,1.0,1969.0,0,0,0,1,1,0,1,1,0,1,0,1,1,0,0,0,0,0,0,0,0.095,1993,0.5217391304347826,1995,Guatemala1950
173,14,Speight and White (1995),0.541,0.235,0,,,,,,,,,,,,1,0,0,0,0,0,1,0,0,1,0,,0,0,0,0,1,0,0,0,0,0,0,Honduras,1,0,1950,1988,39.0,39.0,39,1.0,1969.0,0,0,0,1,1,0,1,1,0,1,0,1,1,0,0,0,0,0,0,0,0.095,1993,0.5217391304347826,1995,Honduras1950
174,14,Speight and White (1995),1.184,0.303,0,,,,,,,,,,,,1,0,0,0,0,0,1,0,0,1,0,,0,0,0,0,1,0,0,0,0,0,0,Mexico,1,0,1950,1988,39.0,39.0,39,1.0,1969.0,0,0,0,1,1,0,1,1,0,1,0,1,1,0,0,0,0,0,0,0,0.095,1993,0.5217391304347826,1995,Mexico1950
175,14,Speight and White (1995),0.663,0.279,0,,,,,,,,,,,,1,0,0,0,0,0,1,0,0,1,0,,0,0,0,0,1,0,0,0,0,0,0,Nigeria,1,0,1950,1988,39.0,39.0,39,1.0,1969.0,0,0,0,1,1,0,1,1,0,1,0,1,1,0,0,0,0,0,0,0,0.095,1993,0.5217391304347826,1995,Nigeria1950
176,14,Speight and White (1995),0.221,0.617,0,,,,,,,,,,,,1,0,0,0,0,0,1,0,0,1,0,,0,0,0,0,1,0,0,0,0,0,0,Sri Lanka,1,0,1950,1988,39.0,39.0,39,1.0,1969.0,0,0,0,1,1,0,1,1,0,1,0,1,1,0,0,0,0,0,0,0,0.095,1993,0.5217391304347826,1995,Sri Lanka1950
177,14,Speight and White (1995),1.359,0.373,0,,,,,,,,,,,,1,0,0,0,0,0,1,0,0,1,0,,0,0,0,0,1,0,0,0,0,0,0,Turkey,1,0,1950,1988,39.0,39.0,39,1.0,1969.0,0,0,0,1,1,0,1,1,0,1,0,1,1,0,0,0,0,0,0,0,0.095,1993,0.5217391304347826,1995,Turkey1950
178,15,vanDalen (1995),0.203,0.0478,0,,,,,,,,,,,,1,0,0,0,0,0,1,0,0,1,0,,0,0,0,1,1,0,0,0,0,0,0,UK,1,0,1833,1990,158.0,158.0,158,1.0,1911.5,0,1,0,0,0,0,0,0,0,0,0,0,0,0,0,0,0,0,0,0,0.148,1995,0.3333333333333333,1995,UK1833
179,15,vanDalen (1995),0.464,0.144,0,,,,,,,,,,,,1,0,0,0,0,0,1,0,0,1,0,,0,0,1,0,0,0,0,0,0,0,0,UK,1,0,1833,1990,158.0,158.0,158,1.0,1911.5,0,0,0,0,0,0,1,0,0,1,0,0,1,0,0,0,0,0,0,0,0.148,1995,0.3333333333333333,1995,UK1833
180,15,vanDalen (1995),0.692,0.2169,0,,,,,,,,,,,,1,0,0,0,0,0,1,0,0,1,0,,0,0,1,0,0,0,0,0,0,0,0,UK,1,0,1903,1990,88.0,88.0,88,1.0,1946.5,0,0,0,0,0,0,1,0,0,1,0,0,1,0,0,0,0,0,0,0,0.148,1995,0.3333333333333333,1995,UK1903
181,15,vanDalen (1995),-0.019,0.202,0,,,,,,,,,,,,1,0,0,0,0,0,1,0,0,1,0,,0,0,1,0,0,0,0,0,0,0,0,UK,1,0,1948,1990,43.0,43.0,43,1.0,1969.0,0,0,0,0,1,0,1,0,0,1,0,0,1,0,0,0,0,0,0,0,0.148,1995,0.3333333333333333,1995,UK1948
182,16,Engelhardt (1996),0.07,0.0108,0,,,,,,,,,,,,1,1,1,0,4,1,0,0,0,0,1,,0,0,1,0,1,0,0,1,0,0,0,USA,1,0,1975,1985,11.0,11.0,6340,576.3636363636364,1980.0,0,1,0,0,0,0,0,0,0,0,0,0,0,0,0,0,0,0,0,0,0.768,1996,7.1,1996,USA1975
183,16,Engelhardt (1996),0.043,0.0349,0,,,,,,,,,,,,1,1,1,0,4,1,0,0,0,0,1,,0,0,1,0,1,0,0,1,0,0,0,USA,1,0,1975,1985,11.0,11.0,6340,576.3636363636364,1980.0,0,0,0,0,0,1,0,1,0,1,0,0,1,0,0,0,0,0,0,0,0.768,1996,7.1,1996,USA1975
184,16,Engelhardt (1996),0.068,0.0108,0,,,,,,,,,,,,1,1,1,0,5,1,0,0,0,0,1,,0,0,1,0,1,0,0,1,0,0,0,USA,1,0,1975,1985,11.0,11.0,6340,576.3636363636364,1980.0,0,1,0,0,0,0,0,0,0,0,0,0,0,0,0,0,0,0,0,0,0.768,1996,7.1,1996,USA1975
185,16,Engelhardt (1996),0.04,0.0351,0,,,,,,,,,,,,1,1,1,0,5,1,0,0,0,0,1,,0,0,1,0,1,0,0,1,0,0,0,USA,1,0,1975,1985,11.0,11.0,6340,576.3636363636364,1980.0,0,0,0,0,0,1,0,1,0,1,0,0,1,0,0,0,0,0,0,0,0.768,1996,7.1,1996,USA1975
186,17,Wirjanto (1996),0.298,0.082,0,,,,,,,,,,,,1,0,0,0,0,0,0,0,0,0,0,,0,0,0,0,0,0,0,0,0,0,0,Canada,0,0,1953,1994,41.5,166.0,166,1.0,1973.5,0,0,0,0,0,1,1,0,0,0,0,0,0,0,0,0,0,0,0,0,0.095,1996,0.45,1996,Canada1953
187,17,Wirjanto (1996),0.301,0.087,0,,,,,,,,,,,,1,0,0,0,0,0,0,0,0,0,0,,0,0,0,0,0,0,0,0,0,0,0,Canada,0,0,1953,1994,41.5,166.0,166,1.0,1973.5,0,0,0,0,0,1,1,1,0,0,0,0,0,0,0,0,0,0,0,0,0.095,1996,0.45,1996,Canada1953
188,17,Wirjanto (1996),0.303,0.091,0,,,,,,,,,,,,1,0,0,0,0,0,0,0,0,0,0,,0,0,0,0,0,0,0,0,0,0,0,Canada,0,0,1953,1994,41.5,166.0,166,1.0,1973.5,0,0,0,0,0,1,1,1,0,1,0,0,0,0,0,0,0,0,0,0,0.095,1996,0.45,1996,Canada1953
189,17,Wirjanto (1996),0.305,0.092,0,,,,,,,,,,,,1,0,0,0,0,0,0,0,0,0,0,,0,0,0,0,0,0,0,0,0,0,0,Canada,0,0,1953,1994,41.5,166.0,166,1.0,1973.5,0,0,0,0,0,1,1,1,0,1,0,1,0,0,0,0,0,0,0,0,0.095,1996,0.45,1996,Canada1953
190,17,Wirjanto (1996),0.304,0.095,0,,,,,,,,,,,,1,0,0,0,0,0,0,0,0,0,0,,0,0,0,0,0,0,0,0,0,0,0,Canada,0,0,1953,1994,41.5,166.0,166,1.0,1973.5,0,0,0,0,0,1,1,0,0,0,0,0,0,0,0,0,0,0,0,0,0.095,1996,0.45,1996,Canada1953
191,17,Wirjanto (1996),0.306,0.097,0,,,,,,,,,,,,1,0,0,0,0,0,0,0,0,0,0,,0,0,0,0,0,0,0,0,0,0,0,Canada,0,0,1953,1994,41.5,166.0,166,1.0,1973.5,0,0,0,0,0,1,1,1,0,0,0,0,0,0,0,0,0,0,0,0,0.095,1996,0.45,1996,Canada1953
192,17,Wirjanto (1996),0.311,0.101,0,,,,,,,,,,,,1,0,0,0,0,0,0,0,0,0,0,,0,0,0,0,0,0,0,0,0,0,0,Canada,0,0,1953,1994,41.5,166.0,166,1.0,1973.5,0,0,0,0,0,1,1,1,0,1,0,0,0,0,0,0,0,0,0,0,0.095,1996,0.45,1996,Canada1953
193,17,Wirjanto (1996),0.318,0.144,0,,,,,,,,,,,,1,0,0,0,0,0,0,0,0,0,0,,0,0,0,0,0,0,0,0,0,0,0,Canada,0,0,1953,1994,41.5,166.0,166,1.0,1973.5,0,0,0,0,0,1,1,1,0,1,0,1,0,0,0,0,0,0,0,0,0.095,1996,0.45,1996,Canada1953
194,17,Wirjanto (1996),0.312,0.084,0,,,,,,,,,,,,1,0,0,0,0,0,0,0,1,0,0,,0,0,0,0,0,0,0,0,0,0,0,Canada,0,0,1953,1994,41.5,166.0,166,1.0,1973.5,0,0,0,0,0,1,1,0,0,0,0,0,0,0,0,0,0,0,0,0,0.095,1996,0.45,1996,Canada1953
195,17,Wirjanto (1996),0.309,0.081,0,,,,,,,,,,,,1,0,0,0,0,0,0,0,1,0,0,,0,0,0,0,0,0,0,0,0,0,0,Canada,0,0,1953,1994,41.5,166.0,166,1.0,1973.5,0,0,0,0,0,1,1,1,0,0,0,0,0,0,0,0,0,0,0,0,0.095,1996,0.45,1996,Canada1953
196,17,Wirjanto (1996),0.316,0.097,0,,,,,,,,,,,,1,0,0,0,0,0,0,0,1,0,0,,0,0,0,0,0,0,0,0,0,0,0,Canada,0,0,1953,1994,41.5,166.0,166,1.0,1973.5,0,0,0,0,0,1,1,1,0,1,0,0,0,0,0,0,0,0,0,0,0.095,1996,0.45,1996,Canada1953
197,17,Wirjanto (1996),0.323,0.102,0,,,,,,,,,,,,1,0,0,0,0,0,0,0,1,0,0,,0,0,0,0,0,0,0,0,0,0,0,Canada,0,0,1953,1994,41.5,166.0,166,1.0,1973.5,0,0,0,0,0,1,1,1,0,1,0,1,0,0,0,0,0,0,0,0,0.095,1996,0.45,1996,Canada1953
198,17,Wirjanto (1996),0.316,0.108,0,,,,,,,,,,,,1,0,0,0,0,0,0,0,0,0,0,,0,0,0,0,0,0,0,0,0,0,0,Canada,0,0,1953,1994,41.5,166.0,166,1.0,1973.5,0,0,0,0,0,1,1,0,0,0,0,0,0,0,0,0,1,0,0,0,0.095,1996,0.45,1996,Canada1953
199,17,Wirjanto (1996),0.314,0.105,0,,,,,,,,,,,,1,0,0,0,0,0,0,0,0,0,0,,0,0,0,0,0,0,0,0,0,0,0,Canada,0,0,1953,1994,41.5,166.0,166,1.0,1973.5,0,0,0,0,0,1,1,1,0,0,0,0,0,0,0,0,1,0,0,0,0.095,1996,0.45,1996,Canada1953
200,17,Wirjanto (1996),0.323,0.117,0,,,,,,,,,,,,1,0,0,0,0,0,0,0,0,0,0,,0,0,0,0,0,0,0,0,0,0,0,Canada,0,0,1953,1994,41.5,166.0,166,1.0,1973.5,0,0,0,0,0,1,1,1,0,1,0,0,0,0,0,0,1,0,0,0,0.095,1996,0.45,1996,Canada1953
201,17,Wirjanto (1996),0.327,0.127,0,,,,,,,,,,,,1,0,0,0,0,0,0,0,0,0,0,,0,0,0,0,0,0,0,0,0,0,0,Canada,0,0,1953,1994,41.5,166.0,166,1.0,1973.5,0,0,0,0,0,1,1,1,0,1,0,1,0,0,0,0,1,0,0,0,0.095,1996,0.45,1996,Canada1953
202,17,Wirjanto (1996),0.368,0.155,0,,,,,,,,,,,,1,0,0,0,0,0,0,0,0,0,0,,0,0,0,0,0,0,0,0,0,0,0,Canada,0,0,1953,1979,27.0,166.0,108,1.0,1966.0,0,0,0,0,0,1,1,0,0,0,0,0,0,0,0,0,0,1,0,0,0.095,1996,0.45,1996,Canada1953
203,17,Wirjanto (1996),0.277,0.1603309,0,,,,,,,,,,,,1,0,0,0,0,0,0,0,0,0,0,,0,0,0,0,0,0,0,0,0,0,0,Canada,0,0,1980,1994,14.5,166.0,58,1.0,1987.0,0,0,0,0,0,1,1,0,0,0,0,0,0,0,0,0,0,1,0,0,0.095,1996,0.45,1996,Canada1980
204,17,Wirjanto (1996),0.365,0.161,0,,,,,,,,,,,,1,0,0,0,0,0,0,0,0,0,0,,0,0,0,0,0,0,0,0,0,0,0,Canada,0,0,1953,1979,27.0,166.0,108,1.0,1966.0,0,0,0,0,0,1,1,1,0,0,0,0,0,0,0,0,0,1,0,0,0.095,1996,0.45,1996,Canada1953
205,17,Wirjanto (1996),0.281,0.1658945,0,,,,,,,,,,,,1,0,0,0,0,0,0,0,0,0,0,,0,0,0,0,0,0,0,0,0,0,0,Canada,0,0,1980,1994,14.5,166.0,58,1.0,1987.0,0,0,0,0,0,1,1,1,0,0,0,0,0,0,0,0,0,1,0,0,0.095,1996,0.45,1996,Canada1980
206,17,Wirjanto (1996),0.374,0.169,0,,,,,,,,,,,,1,0,0,0,0,0,0,0,0,0,0,,0,0,0,0,0,0,0,0,0,0,0,Canada,0,0,1953,1979,27.0,166.0,108,1.0,1966.0,0,0,0,0,0,1,1,1,0,1,0,0,0,0,0,0,0,1,0,0,0.095,1996,0.45,1996,Canada1953
207,17,Wirjanto (1996),0.279,0.1743846,0,,,,,,,,,,,,1,0,0,0,0,0,0,0,0,0,0,,0,0,0,0,0,0,0,0,0,0,0,Canada,0,0,1980,1994,14.5,166.0,58,1.0,1987.0,0,0,0,0,0,1,1,1,0,1,0,0,0,0,0,0,0,1,0,0,0.095,1996,0.45,1996,Canada1980
208,17,Wirjanto (1996),0.381,0.172,0,,,,,,,,,,,,1,0,0,0,0,0,0,0,0,0,0,,0,0,0,0,0,0,0,0,0,0,0,Canada,0,0,1953,1979,27.0,166.0,108,1.0,1966.0,0,0,0,0,0,1,1,1,0,1,0,1,0,0,0,0,0,1,0,0,0.095,1996,0.45,1996,Canada1953
209,17,Wirjanto (1996),0.275,0.1775387,0,,,,,,,,,,,,1,0,0,0,0,0,0,0,0,0,0,,0,0,0,0,0,0,0,0,0,0,0,Canada,0,0,1980,1994,14.5,166.0,58,1.0,1987.0,0,0,0,0,0,1,1,1,0,1,0,1,0,0,0,0,0,1,0,0,0.095,1996,0.45,1996,Canada1980
210,17,Wirjanto (1996),0.344,0.101,0,,,,,,,,,,,,1,0,0,0,0,0,0,0,0,0,0,,0,0,0,0,0,0,1,0,0,0,0,Canada,0,0,1953,1994,41.5,166.0,166,1.0,1973.5,0,0,0,0,0,1,1,0,0,0,0,0,0,0,0,0,1,0,0,0,0.095,1996,0.45,1996,Canada1953
211,17,Wirjanto (1996),0.302376,0.1498693576986303,0,,,,,,,,,,,,1,0,0,0,0,0,0,0,0,0,0,,0,0,0,0,0,1,0,0,0,0,0,Canada,0,0,1953,1994,41.5,166.0,166,1.0,1973.5,0,0,0,0,0,1,1,0,0,0,0,0,0,0,0,0,1,0,0,0,0.095,1996,0.45,1996,Canada1953
212,17,Wirjanto (1996),0.346,0.104,0,,,,,,,,,,,,1,0,0,0,0,0,0,0,0,0,0,,0,0,0,0,0,0,1,0,0,0,0,Canada,0,0,1953,1994,41.5,166.0,166,1.0,1973.5,0,0,0,0,0,1,1,1,0,0,0,0,0,0,0,0,1,0,0,0,0.095,1996,0.45,1996,Canada1953
213,17,Wirjanto (1996),0.303788,0.15084019752042224,0,,,,,,,,,,,,1,0,0,0,0,0,0,0,0,0,0,,0,0,0,0,0,1,0,0,0,0,0,Canada,0,0,1953,1994,41.5,166.0,166,1.0,1973.5,0,0,0,0,0,1,1,1,0,0,0,0,0,0,0,0,1,0,0,0,0.095,1996,0.45,1996,Canada1953
214,17,Wirjanto (1996),0.353,0.12,0,,,,,,,,,,,,1,0,0,0,0,0,0,0,0,0,0,,0,0,0,0,0,0,1,0,0,0,0,Canada,0,0,1953,1994,41.5,166.0,166,1.0,1973.5,0,0,0,0,0,1,1,1,0,1,0,0,0,0,0,0,1,0,0,0,0.095,1996,0.45,1996,Canada1953
215,17,Wirjanto (1996),0.304639,0.16202492549296232,0,,,,,,,,,,,,1,0,0,0,0,0,0,0,0,0,0,,0,0,0,0,0,1,0,0,0,0,0,Canada,0,0,1953,1994,41.5,166.0,166,1.0,1973.5,0,0,0,0,0,1,1,1,0,1,0,0,0,0,0,0,1,0,0,0,0.095,1996,0.45,1996,Canada1953
216,17,Wirjanto (1996),0.348,0.112,0,,,,,,,,,,,,1,0,0,0,0,0,0,0,0,0,0,,0,0,0,0,0,0,1,0,0,0,0,Canada,0,0,1953,1994,41.5,166.0,166,1.0,1973.5,0,0,0,0,0,1,1,1,0,1,0,1,0,0,0,0,1,0,0,0,0.095,1996,0.45,1996,Canada1953
217,17,Wirjanto (1996),0.30241199999999996,0.1591938822945153,0,,,,,,,,,,,,1,0,0,0,0,0,0,0,0,0,0,,0,0,0,0,0,1,0,0,0,0,0,Canada,0,0,1953,1994,41.5,166.0,166,1.0,1973.5,0,0,0,0,0,1,1,1,0,1,0,1,0,0,0,0,1,0,0,0,0.095,1996,0.45,1996,Canada1953
218,17,Wirjanto (1996),0.388,0.161,0,,,,,,,,,,,,1,0,0,0,0,0,0,0,0,0,0,,0,0,0,0,0,0,1,0,0,0,0,Canada,0,0,1953,1979,27.0,166.0,166,1.0,1966.0,0,0,0,0,0,1,1,0,0,0,0,0,0,0,0,0,0,1,0,0,0.095,1996,0.45,1996,Canada1953
219,17,Wirjanto (1996),0.327084,0.18900105754466032,0,,,,,,,,,,,,1,0,0,0,0,0,0,0,0,0,0,,0,0,0,0,0,1,0,0,0,0,0,Canada,0,0,1953,1979,27.0,166.0,166,1.0,1966.0,0,0,0,0,0,1,1,0,0,0,0,0,0,0,0,0,0,1,0,0,0.095,1996,0.45,1996,Canada1953
220,17,Wirjanto (1996),0.262,0.1688846,0,,,,,,,,,,,,1,0,0,0,0,0,0,0,0,0,0,,0,0,0,0,0,0,1,0,0,0,0,Canada,0,0,1980,1994,14.5,166.0,166,1.0,1987.0,0,0,0,0,0,1,1,0,0,0,0,0,0,0,0,0,0,1,0,0,0.095,1996,0.45,1996,Canada1980
221,17,Wirjanto (1996),0.220866,0.16780278207005878,0,,,,,,,,,,,,1,0,0,0,0,0,0,0,0,0,0,,0,0,0,0,0,1,0,0,0,0,0,Canada,0,0,1980,1994,14.5,166.0,166,1.0,1987.0,0,0,0,0,0,1,1,0,0,0,0,0,0,0,0,0,0,1,0,0,0.095,1996,0.45,1996,Canada1980
222,17,Wirjanto (1996),0.393,0.177,0,,,,,,,,,,,,1,0,0,0,0,0,0,0,0,0,0,,0,0,0,0,0,0,1,0,0,0,0,Canada,0,0,1953,1979,27.0,166.0,166,1.0,1966.0,0,0,0,0,0,1,1,1,0,0,0,0,0,0,0,0,0,1,0,0,0.095,1996,0.45,1996,Canada1953
223,17,Wirjanto (1996),0.329727,0.2026855008578561,0,,,,,,,,,,,,1,0,0,0,0,0,0,0,0,0,0,,0,0,0,0,0,1,0,0,0,0,0,Canada,0,0,1953,1979,27.0,166.0,166,1.0,1966.0,0,0,0,0,0,1,1,1,0,0,0,0,0,0,0,0,0,1,0,0,0.095,1996,0.45,1996,Canada1953
224,17,Wirjanto (1996),0.262,0.1847647,0,,,,,,,,,,,,1,0,0,0,0,0,0,0,0,0,0,,0,0,0,0,0,0,1,0,0,0,0,Canada,0,0,1980,1994,14.5,166.0,166,1.0,1987.0,0,0,0,0,0,1,1,1,0,0,0,0,0,0,0,0,0,1,0,0,0.095,1996,0.45,1996,Canada1980
225,17,Wirjanto (1996),0.219818,0.18024278231366836,0,,,,,,,,,,,,1,0,0,0,0,0,0,0,0,0,0,,0,0,0,0,0,1,0,0,0,0,0,Canada,0,0,1980,1994,14.5,166.0,166,1.0,1987.0,0,0,0,0,0,1,1,1,0,0,0,0,0,0,0,0,0,1,0,0,0.095,1996,0.45,1996,Canada1980
226,17,Wirjanto (1996),0.389,0.167,0,,,,,,,,,,,,1,0,0,0,0,0,0,0,0,0,0,,0,0,0,0,0,0,1,0,0,0,0,Canada,0,0,1953,1979,27.0,166.0,166,1.0,1966.0,0,0,0,0,0,1,1,1,0,1,0,0,0,0,0,0,0,1,0,0,0.095,1996,0.45,1996,Canada1953
227,17,Wirjanto (1996),0.327149,0.19479674047067624,0,,,,,,,,,,,,1,0,0,0,0,0,0,0,0,0,0,,0,0,0,0,0,1,0,0,0,0,0,Canada,0,0,1953,1979,27.0,166.0,166,1.0,1966.0,0,0,0,0,0,1,1,1,0,1,0,0,0,0,0,0,0,1,0,0,0.095,1996,0.45,1996,Canada1953
228,17,Wirjanto (1996),0.261,0.1749085,0,,,,,,,,,,,,1,0,0,0,0,0,0,0,0,0,0,,0,0,0,0,0,0,1,0,0,0,0,Canada,0,0,1980,1994,14.5,166.0,166,1.0,1987.0,0,0,0,0,0,1,1,1,0,1,0,0,0,0,0,0,0,1,0,0,0.095,1996,0.45,1996,Canada1980
229,17,Wirjanto (1996),0.219501,0.17274321220096708,0,,,,,,,,,,,,1,0,0,0,0,0,0,0,0,0,0,,0,0,0,0,0,1,0,0,0,0,0,Canada,0,0,1980,1994,14.5,166.0,166,1.0,1987.0,0,0,0,0,0,1,1,1,0,1,0,0,0,0,0,0,0,1,0,0,0.095,1996,0.45,1996,Canada1980
230,17,Wirjanto (1996),0.419,0.188,0,,,,,,,,,,,,1,0,0,0,0,0,0,0,0,0,0,,0,0,0,0,0,0,1,0,0,0,0,Canada,0,0,1953,1979,27.0,166.0,166,1.0,1966.0,0,0,0,0,0,1,1,1,0,1,0,1,0,0,0,0,0,1,0,0,0.095,1996,0.45,1996,Canada1953
231,17,Wirjanto (1996),0.35447399999999996,0.21690776023001113,0,,,,,,,,,,,,1,0,0,0,0,0,0,0,0,0,0,,0,0,0,0,0,1,0,0,0,0,0,Canada,0,0,1953,1979,27.0,166.0,166,1.0,1966.0,0,0,0,0,0,1,1,1,0,1,0,1,0,0,0,0,0,1,0,0,0.095,1996,0.45,1996,Canada1953
232,17,Wirjanto (1996),0.289,0.196451,0,,,,,,,,,,,,1,0,0,0,0,0,0,0,0,0,0,,0,0,0,0,0,0,1,0,0,0,0,Canada,0,0,1980,1994,14.5,166.0,166,1.0,1987.0,0,0,0,0,0,1,1,1,0,1,0,1,0,0,0,0,0,1,0,0,0.095,1996,0.45,1996,Canada1980
233,17,Wirjanto (1996),0.24449399999999996,0.19485946289678135,0,,,,,,,,,,,,1,0,0,0,0,0,0,0,0,0,0,,0,0,0,0,0,1,0,0,0,0,0,Canada,0,0,1980,1994,14.5,166.0,166,1.0,1987.0,0,0,0,0,0,1,1,1,0,1,0,1,0,0,0,0,0,1,0,0,0.095,1996,0.45,1996,Canada1980
234,18,Beaudry and vanWincoop (1996),0.763,0.252,0,,,,,,,,,,,,1,0,0,0,0,0,0,0,0,0,0,,0,0,1,0,1,0,0,0,0,0,0,USA,0,0,1953,1991,38.25,153.0,153,1.0,1972.0,0,0,0,0,0,1,1,0,1,0,0,0,0,0,0,0,0,0,0,0,0.308,1996,8.4,1996,USA1953
235,18,Beaudry and vanWincoop (1996),0.717,0.203,0,,,,,,,,,,,,1,0,0,0,0,0,0,0,0,0,0,,0,0,1,0,1,0,0,0,0,0,0,USA,0,0,1953,1991,38.25,153.0,153,1.0,1972.0,0,0,0,0,0,1,1,0,1,0,0,0,0,0,0,0,0,0,0,0,0.308,1996,8.4,1996,USA1953
236,18,Beaudry and vanWincoop (1996),0.596,0.196,0,,,,,,,,,,,,1,0,0,0,0,0,0,0,0,0,0,,0,0,1,0,1,0,0,0,0,0,0,USA,0,0,1953,1991,38.25,153.0,153,1.0,1972.0,0,0,0,0,0,1,1,1,1,0,0,0,0,0,0,0,0,0,0,0,0.308,1996,8.4,1996,USA1953
237,18,Beaudry and vanWincoop (1996),0.463,0.139,0,,,,,,,,,,,,1,0,0,0,0,0,0,0,0,0,0,,0,0,1,0,1,0,0,0,0,0,0,USA,0,0,1953,1991,38.25,153.0,153,1.0,1972.0,0,0,0,0,0,1,1,0,1,0,0,0,0,0,0,0,0,0,0,0,0.308,1996,8.4,1996,USA1953
238,18,Beaudry and vanWincoop (1996),0.469,0.112,0,,,,,,,,,,,,1,0,0,0,0,0,0,0,0,0,0,,0,0,1,0,1,0,0,0,0,0,0,USA,0,0,1953,1991,38.25,153.0,153,1.0,1972.0,0,0,0,0,0,1,1,0,1,0,0,0,0,0,0,0,0,0,0,0,0.308,1996,8.4,1996,USA1953
239,18,Beaudry and vanWincoop (1996),0.388,0.111,0,,,,,,,,,,,,1,0,0,0,0,0,0,0,0,0,0,,0,0,1,0,1,0,0,0,0,0,0,USA,0,0,1953,1991,38.25,153.0,153,1.0,1972.0,0,0,0,0,0,1,1,1,1,0,0,0,0,0,0,0,0,0,0,0,0.308,1996,8.4,1996,USA1953
240,18,Beaudry and vanWincoop (1996),0.848,0.274,0,,,,,,,,,,,,1,0,0,0,0,0,0,0,0,0,0,,0,0,1,0,1,0,0,0,0,0,0,USA,0,0,1978,1991,13.25,53.0,53,1.0,1984.5,0,0,0,0,0,1,1,0,1,0,0,0,0,0,0,0,0,0,0,0,0.308,1996,8.4,1996,USA1978
241,18,Beaudry and vanWincoop (1996),1.008,0.353,0,,,,,,,,,,,,1,0,0,0,0,0,0,0,0,0,0,,0,0,1,0,1,0,0,0,0,0,0,USA,0,0,1978,1991,13.25,53.0,53,1.0,1984.5,0,0,0,0,0,1,1,0,1,0,0,0,0,0,0,0,0,0,0,0,0.308,1996,8.4,1996,USA1978
242,18,Beaudry and vanWincoop (1996),0.885,0.203,0,,,,,,,,,,,,1,0,0,0,0,0,0,0,0,0,0,,0,0,1,0,1,0,0,0,0,0,0,USA,0,0,1978,1991,13.25,53.0,53,1.0,1984.5,0,0,0,0,0,1,1,1,1,0,0,0,0,0,0,0,0,0,0,0,0.308,1996,8.4,1996,USA1978
243,18,Beaudry and vanWincoop (1996),1.272,0.459,0,,,,,,,,,,,,1,0,0,0,0,0,0,0,0,0,0,,0,0,1,0,1,0,0,0,0,0,0,USA,0,0,1978,1991,13.25,53.0,53,1.0,1984.5,0,0,0,0,0,1,1,0,1,0,0,0,0,0,0,0,0,0,0,0,0.308,1996,8.4,1996,USA1978
244,18,Beaudry and vanWincoop (1996),1.387,0.66,0,,,,,,,,,,,,1,0,0,0,0,0,0,0,0,0,0,,0,0,1,0,1,0,0,0,0,0,0,USA,0,0,1978,1991,13.25,53.0,53,1.0,1984.5,0,0,0,0,0,1,1,0,1,0,0,0,0,0,0,0,0,0,0,0,0.308,1996,8.4,1996,USA1978
245,18,Beaudry and vanWincoop (1996),1.262,0.448,0,,,,,,,,,,,,1,0,0,0,0,0,0,0,0,0,0,,0,0,1,0,1,0,0,0,0,0,0,USA,0,0,1978,1991,13.25,53.0,53,1.0,1984.5,0,0,0,0,0,1,1,1,1,0,0,0,0,0,0,0,0,0,0,0,0.308,1996,8.4,1996,USA1978
246,18,Beaudry and vanWincoop (1996),0.636,0.242,0,,,,,,,,,,,,1,0,0,0,0,0,0,0,0,0,0,,0,0,1,0,1,0,0,0,0,0,0,USA,0,0,1978,1991,13.25,53.0,53,1.0,1984.5,0,0,0,0,0,1,1,0,1,0,0,0,0,0,0,0,0,0,0,0,0.308,1996,8.4,1996,USA1978
247,18,Beaudry and vanWincoop (1996),0.631,0.234,0,,,,,,,,,,,,1,0,0,0,0,0,0,0,0,0,0,,0,0,1,0,1,0,0,0,0,0,0,USA,0,0,1978,1991,13.25,53.0,53,1.0,1984.5,0,0,0,0,0,1,1,0,1,0,0,0,0,0,0,0,0,0,0,0,0.308,1996,8.4,1996,USA1978
248,18,Beaudry and vanWincoop (1996),0.592,0.236,0,,,,,,,,,,,,1,0,0,0,0,0,0,0,0,0,0,,0,0,1,0,1,0,0,0,0,0,0,USA,0,0,1978,1991,13.25,53.0,53,1.0,1984.5,0,0,0,0,0,1,1,1,1,0,0,0,0,0,0,0,0,0,0,0,0.308,1996,8.4,1996,USA1978
249,18,Beaudry and vanWincoop (1996),0.659,0.271,0,,,,,,,,,,,,1,0,0,0,0,0,0,0,0,0,0,,0,0,1,0,1,0,0,0,0,0,0,USA,0,0,1978,1991,13.25,53.0,53,1.0,1984.5,0,0,0,0,0,1,1,0,1,0,0,0,0,0,0,0,0,0,0,0,0.308,1996,8.4,1996,USA1978
250,18,Beaudry and vanWincoop (1996),0.672,0.262,0,,,,,,,,,,,,1,0,0,0,0,0,0,0,0,0,0,,0,0,1,0,1,0,0,0,0,0,0,USA,0,0,1978,1991,13.25,53.0,53,1.0,1984.5,0,0,0,0,0,1,1,0,1,0,0,0,0,0,0,0,0,0,0,0,0.308,1996,8.4,1996,USA1978
251,18,Beaudry and vanWincoop (1996),0.601,0.265,0,,,,,,,,,,,,1,0,0,0,0,0,0,0,0,0,0,,0,0,1,0,1,0,0,0,0,0,0,USA,0,0,1978,1991,13.25,53.0,53,1.0,1984.5,0,0,0,0,0,1,1,1,1,0,0,0,0,0,0,0,0,0,0,0,0.308,1996,8.4,1996,USA1978
252,18,Beaudry and vanWincoop (1996),0.524,0.18,0,,,,,,,,,,,,1,0,0,0,0,0,0,0,0,0,0,,0,0,1,0,1,0,0,0,0,0,0,USA,0,0,1978,1991,13.25,53.0,53,1.0,1984.5,0,0,0,0,0,1,1,0,1,0,0,0,0,0,0,0,0,0,0,0,0.308,1996,8.4,1996,USA1978
253,18,Beaudry and vanWincoop (1996),0.392,0.125,0,,,,,,,,,,,,1,0,0,0,0,0,0,0,0,0,0,,0,0,1,0,1,0,0,0,0,0,0,USA,0,0,1978,1991,13.25,53.0,53,1.0,1984.5,0,0,0,0,0,1,1,0,1,0,0,0,0,0,0,0,0,0,0,0,0.308,1996,8.4,1996,USA1978
254,18,Beaudry and vanWincoop (1996),0.439,0.155,0,,,,,,,,,,,,1,0,0,0,0,0,0,0,0,0,0,,0,0,1,0,1,0,0,0,0,0,0,USA,0,0,1978,1991,13.25,53.0,53,1.0,1984.5,0,0,0,0,0,1,1,1,1,0,0,0,0,0,0,0,0,0,0,0,0.308,1996,8.4,1996,USA1978
255,18,Beaudry and vanWincoop (1996),0.749,0.251,0,,,,,,,,,,,,1,0,0,0,0,0,0,0,0,0,0,,0,0,1,0,1,0,0,0,0,0,0,USA,0,0,1953,1991,38.25,153.0,153,1.0,1972.0,0,0,0,0,0,1,1,0,1,0,0,0,0,0,0,0,0,0,0,0,0.308,1996,8.4,1996,USA1953
256,18,Beaudry and vanWincoop (1996),0.453,0.14,0,,,,,,,,,,,,1,0,0,0,0,0,0,0,0,0,0,,0,0,1,0,1,0,0,0,0,0,0,USA,0,0,1953,1991,38.25,153.0,153,1.0,1972.0,0,0,0,0,0,1,1,0,1,0,0,0,0,0,0,0,0,0,0,0,0.308,1996,8.4,1996,USA1953
257,18,Beaudry and vanWincoop (1996),0.991,0.349,0,,,,,,,,,,,,1,0,0,0,0,0,0,0,0,0,0,,0,0,1,0,1,0,0,0,0,0,0,USA,0,0,1978,1991,13.25,53.0,53,1.0,1984.5,0,0,0,0,0,1,1,0,1,0,0,0,0,0,0,0,0,0,0,0,0.308,1996,8.4,1996,USA1978
258,18,Beaudry and vanWincoop (1996),0.499,0.176,0,,,,,,,,,,,,1,0,0,0,0,0,0,0,0,0,0,,0,0,1,0,1,0,0,0,0,0,0,USA,0,0,1978,1991,13.25,53.0,53,1.0,1984.5,0,0,0,0,0,1,1,0,1,0,0,0,0,0,0,0,0,0,0,0,0.308,1996,8.4,1996,USA1978
259,18,Beaudry and vanWincoop (1996),0.639,0.275,0,,,,,,,,,,,,1,0,0,0,0,0,0,0,0,0,0,,0,0,1,0,1,0,0,0,0,0,0,USA,0,0,1978,1991,13.25,53.0,53,1.0,1984.5,0,0,0,0,0,1,1,0,1,0,0,0,0,0,0,0,0,0,0,0,0.308,1996,8.4,1996,USA1978
260,18,Beaudry and vanWincoop (1996),0.629,0.095,0,,,,,,,,,,,,1,0,1,0,0,0,0,0,0,0,0,,0,0,1,0,1,0,0,0,0,0,0,USA,0,0,1978,1991,13.25,53.0,1007,19.0,1984.5,0,0,0,0,0,1,1,0,1,0,0,0,0,0,0,0,0,0,0,0,0.308,1996,8.4,1996,USA1978
261,18,Beaudry and vanWincoop (1996),0.599,0.098,0,,,,,,,,,,,,1,0,1,0,0,0,0,0,0,0,0,,0,0,1,0,1,0,0,0,0,0,0,USA,0,0,1978,1991,13.25,53.0,1007,19.0,1984.5,0,0,0,0,0,1,1,0,1,0,0,0,0,0,0,0,0,0,0,0,0.308,1996,8.4,1996,USA1978
262,18,Beaudry and vanWincoop (1996),0.338,0.13,0,,,,,,,,,,,,1,0,1,0,0,0,0,0,0,0,0,,0,0,1,0,1,0,0,0,0,0,0,USA,0,0,1978,1991,13.25,53.0,1007,19.0,1984.5,0,0,0,0,0,1,1,0,1,0,0,0,0,0,0,0,0,0,0,0,0.308,1996,8.4,1996,USA1978
263,18,Beaudry and vanWincoop (1996),0.597,0.093,0,,,,,,,,,,,,1,0,1,0,0,0,0,0,0,0,0,,0,0,1,0,1,0,0,0,0,0,0,USA,0,0,1978,1991,13.25,53.0,1007,19.0,1984.5,0,0,0,0,0,1,1,1,1,0,0,0,0,0,0,0,0,0,0,0,0.308,1996,8.4,1996,USA1978
264,18,Beaudry and vanWincoop (1996),0.558,0.094,0,,,,,,,,,,,,1,0,1,0,0,0,0,0,0,0,0,,0,0,1,0,1,0,0,0,0,0,0,USA,0,0,1978,1991,13.25,53.0,1007,19.0,1984.5,0,0,0,0,0,1,1,0,1,0,0,0,1,0,0,0,0,0,0,0,0.308,1996,8.4,1996,USA1978
265,18,Beaudry and vanWincoop (1996),0.519,0.092,0,,,,,,,,,,,,1,0,1,0,0,0,0,0,0,0,0,,0,0,1,0,1,0,0,0,0,0,0,USA,0,0,1978,1991,13.25,53.0,1007,19.0,1984.5,0,0,0,0,0,1,1,0,1,0,0,0,1,0,0,0,0,0,0,0,0.308,1996,8.4,1996,USA1978
266,18,Beaudry and vanWincoop (1996),0.496,0.092,0,,,,,,,,,,,,1,0,1,0,0,0,0,0,0,0,0,,0,0,1,0,1,0,0,0,0,0,0,USA,0,0,1978,1991,13.25,53.0,1007,19.0,1984.5,0,0,0,0,0,1,1,0,1,0,0,0,1,0,0,0,0,0,0,0,0.308,1996,8.4,1996,USA1978
267,18,Beaudry and vanWincoop (1996),0.675,0.113,0,,,,,,,,,,,,1,0,1,0,0,0,0,0,0,0,0,,0,0,1,0,1,0,0,0,0,0,0,USA,0,0,1978,1991,13.25,53.0,1007,19.0,1984.5,0,0,0,0,0,1,0,1,1,0,0,0,0,0,0,0,0,0,0,0,0.308,1996,8.4,1996,USA1978
268,18,Beaudry and vanWincoop (1996),0.573,0.111,0,,,,,,,,,,,,1,0,1,0,0,0,0,0,0,0,0,,0,0,1,0,1,0,0,0,0,0,0,USA,0,0,1978,1991,13.25,53.0,1007,19.0,1984.5,0,0,0,0,0,1,0,0,1,0,0,0,1,0,0,0,0,0,0,0,0.308,1996,8.4,1996,USA1978
269,18,Beaudry and vanWincoop (1996),0.54,0.114,0,,,,,,,,,,,,1,0,1,0,0,0,0,0,0,0,0,,0,0,1,0,1,0,0,0,0,0,0,USA,0,0,1978,1991,13.25,53.0,1007,19.0,1984.5,0,0,0,0,0,1,0,0,1,0,0,0,1,0,0,0,0,0,0,0,0.308,1996,8.4,1996,USA1978
270,18,Beaudry and vanWincoop (1996),0.583,0.112,0,,,,,,,,,,,,1,0,1,0,0,0,0,0,0,0,0,,0,0,1,0,1,0,0,0,0,0,0,USA,0,0,1978,1991,13.25,53.0,1007,19.0,1984.5,0,0,0,0,0,1,0,0,1,0,0,0,1,0,0,0,0,0,0,0,0.308,1996,8.4,1996,USA1978
271,18,Beaudry and vanWincoop (1996),0.6,0.099,0,,,,,,,,,,,,1,0,1,0,0,0,0,0,0,0,0,,0,0,1,0,1,0,0,0,0,0,0,USA,0,0,1978,1991,13.25,53.0,1007,19.0,1984.5,0,0,0,0,0,1,1,0,1,0,0,0,0,0,0,0,0,0,0,0,0.308,1996,8.4,1996,USA1978
272,18,Beaudry and vanWincoop (1996),0.449,0.114,0,,,,,,,,,,,,0,0,1,0,0,0,0,0,0,0,0,,0,0,1,0,1,0,0,0,0,0,0,USA,0,0,1978,1991,13.25,53.0,1007,19.0,1984.5,0,0,0,0,0,1,1,0,1,0,0,0,0,0,0,0,0,0,0,0,0.308,1996,8.4,1996,USA1978
273,18,Beaudry and vanWincoop (1996),0.417,0.118,0,,,,,,,,,,,,0,0,1,0,0,0,0,0,0,0,0,,0,0,1,0,1,0,0,0,0,0,0,USA,0,0,1978,1991,13.25,53.0,1007,19.0,1984.5,0,0,0,0,0,1,1,0,1,0,0,0,0,0,0,0,0,0,0,0,0.308,1996,8.4,1996,USA1978
274,18,Beaudry and vanWincoop (1996),0.267,0.155,0,,,,,,,,,,,,0,0,1,0,0,0,0,0,0,0,0,,0,0,1,0,1,0,0,0,0,0,0,USA,0,0,1978,1991,13.25,53.0,1007,19.0,1984.5,0,0,0,0,0,1,1,0,1,0,0,0,0,0,0,0,0,0,0,0,0.308,1996,8.4,1996,USA1978
275,18,Beaudry and vanWincoop (1996),0.486,0.111,0,,,,,,,,,,,,0,0,1,0,0,0,0,0,0,0,0,,0,0,1,0,1,0,0,0,0,0,0,USA,0,0,1978,1991,13.25,53.0,1007,19.0,1984.5,0,0,0,0,0,1,1,1,1,0,0,0,0,0,0,0,0,0,0,0,0.308,1996,8.4,1996,USA1978
276,18,Beaudry and vanWincoop (1996),0.334,0.113,0,,,,,,,,,,,,0,0,1,0,0,0,0,0,0,0,0,,0,0,1,0,1,0,0,0,0,0,0,USA,0,0,1978,1991,13.25,53.0,1007,19.0,1984.5,0,0,0,0,0,1,1,0,1,0,0,0,1,0,0,0,0,0,0,0,0.308,1996,8.4,1996,USA1978
277,18,Beaudry and vanWincoop (1996),0.335,0.111,0,,,,,,,,,,,,0,0,1,0,0,0,0,0,0,0,0,,0,0,1,0,1,0,0,0,0,0,0,USA,0,0,1978,1991,13.25,53.0,1007,19.0,1984.5,0,0,0,0,0,1,1,0,1,0,0,0,1,0,0,0,0,0,0,0,0.308,1996,8.4,1996,USA1978
278,18,Beaudry and vanWincoop (1996),0.369,0.111,0,,,,,,,,,,,,0,0,1,0,0,0,0,0,0,0,0,,0,0,1,0,1,0,0,0,0,0,0,USA,0,0,1978,1991,13.25,53.0,1007,19.0,1984.5,0,0,0,0,0,1,1,0,1,0,0,0,1,0,0,0,0,0,0,0,0.308,1996,8.4,1996,USA1978
279,18,Beaudry and vanWincoop (1996),0.596,0.132,0,,,,,,,,,,,,0,0,1,0,0,0,0,0,0,0,0,,0,0,1,0,1,0,0,0,0,0,0,USA,0,0,1978,1991,13.25,53.0,1007,19.0,1984.5,0,0,0,0,0,1,0,1,1,0,0,0,0,0,0,0,0,0,0,0,0.308,1996,8.4,1996,USA1978
280,18,Beaudry and vanWincoop (1996),0.475,0.127,0,,,,,,,,,,,,0,0,1,0,0,0,0,0,0,0,0,,0,0,1,0,1,0,0,0,0,0,0,USA,0,0,1978,1991,13.25,53.0,1007,19.0,1984.5,0,0,0,0,0,1,0,0,1,0,0,0,1,0,0,0,0,0,0,0,0.308,1996,8.4,1996,USA1978
281,18,Beaudry and vanWincoop (1996),0.521,0.128,0,,,,,,,,,,,,0,0,1,0,0,0,0,0,0,0,0,,0,0,1,0,1,0,0,0,0,0,0,USA,0,0,1978,1991,13.25,53.0,1007,19.0,1984.5,0,0,0,0,0,1,0,0,1,0,0,0,1,0,0,0,0,0,0,0,0.308,1996,8.4,1996,USA1978
282,18,Beaudry and vanWincoop (1996),0.555,0.125,0,,,,,,,,,,,,0,0,1,0,0,0,0,0,0,0,0,,0,0,1,0,1,0,0,0,0,0,0,USA,0,0,1978,1991,13.25,53.0,1007,19.0,1984.5,0,0,0,0,0,1,0,0,1,0,0,0,1,0,0,0,0,0,0,0,0.308,1996,8.4,1996,USA1978
283,19,Agell and Berg (1996),0.521,0.115,0,,,,,,,,,,,,0,0,0,0,0,0,0,0,0,1,0,,0,0,1,0,1,0,0,0,0,0,0,Sweden,1,0,1952,1989,38.0,38.0,38,1.0,1970.5,0,0,0,0,1,0,1,1,0,0,0,0,1,0,0,0,0,0,0,0,0.41,1996,1.45,1996,Sweden1952
284,19,Agell and Berg (1996),0.323,0.081,0,,,,,,,,,,,,0,0,0,0,0,0,0,0,0,1,0,,0,0,1,0,1,0,0,0,0,0,0,Sweden,1,0,1952,1989,38.0,38.0,38,1.0,1970.5,0,0,0,0,1,0,1,1,0,0,0,0,1,0,0,0,0,0,0,0,0.41,1996,1.45,1996,Sweden1952
285,19,Agell and Berg (1996),0.327,0.103,0,,,,,,,,,,,,0,0,0,0,0,0,0,0,0,0,0,,0,0,1,0,1,0,0,0,0,0,0,Sweden,1,0,1952,1989,38.0,38.0,38,1.0,1970.5,0,0,0,0,1,0,1,1,0,0,0,0,1,0,0,0,0,0,0,0,0.41,1996,1.45,1996,Sweden1952
286,19,Agell and Berg (1996),0.411,0.107,0,,,,,,,,,,,,1,0,0,0,0,0,0,0,0,1,0,,0,0,1,0,1,0,0,0,0,0,0,Sweden,1,0,1952,1989,38.0,38.0,38,1.0,1970.5,0,0,0,0,0,1,1,1,0,1,0,0,1,0,0,0,0,0,0,0,0.41,1996,1.45,1996,Sweden1952
287,19,Agell and Berg (1996),0.448,0.097,0,,,,,,,,,,,,0,0,0,0,0,0,0,0,0,1,0,,0,0,1,0,1,0,0,0,0,0,0,Sweden,1,0,1952,1989,38.0,38.0,38,1.0,1970.5,0,0,0,0,0,1,1,1,1,0,0,0,1,0,0,0,0,0,0,0,0.41,1996,1.45,1996,Sweden1952
288,19,Agell and Berg (1996),0.315,0.148,0,,,,,,,,,,,,0,0,0,0,0,0,0,0,0,1,0,,0,0,1,0,1,1,0,0,0,0,0,Sweden,1,0,1952,1989,38.0,38.0,38,1.0,1970.5,0,0,0,0,0,1,1,1,0,0,0,0,1,0,0,0,0,0,0,0,0.41,1996,1.45,1996,Sweden1952
289,19,Agell and Berg (1996),0.264,0.081,0,,,,,,,,,,,,1,0,0,0,0,0,0,0,0,1,0,,0,0,1,0,1,0,0,0,0,0,0,Sweden,1,0,1952,1989,38.0,38.0,38,1.0,1970.5,0,0,0,0,0,1,1,1,0,1,0,0,1,0,0,0,0,0,0,0,0.41,1996,1.45,1996,Sweden1952
290,19,Agell and Berg (1996),0.327,0.088,0,,,,,,,,,,,,0,0,0,0,0,0,0,0,0,1,0,,0,0,1,0,1,0,0,0,0,0,0,Sweden,1,0,1952,1989,38.0,38.0,38,1.0,1970.5,0,0,0,0,0,1,1,1,1,0,0,0,1,0,0,0,0,0,0,0,0.41,1996,1.45,1996,Sweden1952
291,19,Agell and Berg (1996),0.267,0.086,0,,,,,,,,,,,,1,0,0,0,0,0,0,0,0,0,0,,0,0,1,0,1,0,0,0,0,0,0,Sweden,1,0,1952,1989,38.0,38.0,38,1.0,1970.5,0,0,0,0,0,1,1,1,0,1,0,0,1,0,0,0,0,0,0,0,0.41,1996,1.45,1996,Sweden1952
292,19,Agell and Berg (1996),0.353,0.095,0,,,,,,,,,,,,0,0,0,0,0,0,0,0,0,0,0,,0,0,1,0,1,0,0,0,0,0,0,Sweden,1,0,1952,1989,38.0,38.0,38,1.0,1970.5,0,0,0,0,0,1,1,1,1,0,0,0,1,0,0,0,0,0,0,0,0.41,1996,1.45,1996,Sweden1952
293,19,Agell and Berg (1996),0.272,0.102,0,,,,,,,,,,,,0,0,0,0,0,0,0,0,0,0,0,,0,0,1,0,1,1,0,0,0,0,0,Sweden,1,0,1952,1989,38.0,38.0,38,1.0,1970.5,0,0,0,0,0,1,1,1,0,0,0,0,1,0,0,0,0,0,0,0,0.41,1996,1.45,1996,Sweden1952
294,20,Chyi and Huang (1997),0.685,0.037,0,,,,,,,,,,,,0,0,0,0,0,0,0,0,0,0,0,,0,0,1,0,1,0,0,0,0,0,0,Japan,1,0,1957,1990,34.0,34.0,34,1.0,1973.5,0,0,0,0,1,0,1,1,0,0,0,1,0,0,0,0,0,0,0,0,0.095,1997,0.5789473684210527,1997,Japan1957
295,20,Chyi and Huang (1997),0.333,0.161,0,,,,,,,,,,,,0,0,0,0,0,0,0,0,0,0,0,,0,0,1,0,1,0,0,0,0,0,0,Korea,1,0,1966,1989,24.0,24.0,24,1.0,1977.5,0,0,0,0,1,0,1,1,0,0,0,1,0,0,0,0,0,0,0,0,0.095,1997,0.5789473684210527,1997,Korea1966
296,20,Chyi and Huang (1997),0.443,0.059,0,,,,,,,,,,,,0,0,0,0,0,0,0,0,0,0,0,,0,0,1,0,1,0,0,0,0,0,0,Philippines,1,0,1970,1990,21.0,21.0,21,1.0,1980.0,0,0,0,0,1,0,1,1,0,0,0,1,0,0,0,0,0,0,0,0,0.095,1997,0.5789473684210527,1997,Philippines1970
297,20,Chyi and Huang (1997),0.412,0.074,0,,,,,,,,,,,,0,0,0,0,0,0,0,0,0,0,0,,0,0,1,0,1,0,0,0,0,0,0,Thailand,1,0,1970,1990,21.0,21.0,21,1.0,1980.0,0,0,0,0,1,0,1,1,0,0,0,1,0,0,0,0,0,0,0,0,0.095,1997,0.5789473684210527,1997,Thailand1970
298,20,Chyi and Huang (1997),0.275,0.188,0,,,,,,,,,,,,0,0,0,0,0,0,0,0,0,0,0,,0,0,1,0,1,0,0,0,0,0,0,Taiwan,1,0,1961,1990,30.0,30.0,30,1.0,1975.5,0,0,0,0,0,0,1,1,0,0,0,1,0,0,0,0,0,0,0,0,0.095,1997,0.5789473684210527,1997,Taiwan1961
299,20,Chyi and Huang (1997),0.717,0.049,0,,,,,,,,,,,,1,0,0,0,0,0,0,0,0,0,0,,0,0,1,0,1,0,0,0,0,0,0,Japan,1,0,1965,1990,26.0,26.0,26,1.0,1977.5,0,0,0,0,1,0,1,1,0,0,0,1,0,0,0,0,0,0,0,0,0.095,1997,0.5789473684210527,1997,Japan1965
300,20,Chyi and Huang (1997),0.595,0.116,0,,,,,,,,,,,,1,0,0,0,0,0,0,0,0,0,0,,0,0,1,0,1,0,0,0,0,0,0,Korea,1,0,1969,1989,21.0,21.0,21,1.0,1979.0,0,0,0,0,1,0,1,1,0,0,0,1,0,0,0,0,0,0,0,0,0.095,1997,0.5789473684210527,1997,Korea1969
301,20,Chyi and Huang (1997),0.729,0.193,0,,,,,,,,,,,,1,0,0,0,0,0,0,0,0,0,0,,0,0,1,0,1,0,0,0,0,0,0,Philippines,1,0,1976,1990,15.0,15.0,15,1.0,1983.0,0,0,0,0,1,0,1,1,0,0,0,1,0,0,0,0,0,0,0,0,0.095,1997,0.5789473684210527,1997,Philippines1976
302,20,Chyi and Huang (1997),0.707,0.089,0,,,,,,,,,,,,1,0,0,0,0,0,0,0,0,0,0,,0,0,1,0,1,0,0,0,0,0,0,Thailand,1,0,1977,1990,14.0,14.0,14,1.0,1983.5,0,0,0,0,1,0,1,1,0,0,0,1,0,0,0,0,0,0,0,0,0.095,1997,0.5789473684210527,1997,Thailand1977
303,20,Chyi and Huang (1997),0.537,0.259,0,,,,,,,,,,,,1,0,0,0,0,0,0,0,0,0,0,,0,0,1,0,1,0,0,0,0,0,0,Taiwan,1,0,1961,1990,30.0,30.0,30,1.0,1975.5,0,0,0,0,1,0,1,1,0,0,0,1,0,0,0,0,0,0,0,0,0.095,1997,0.5789473684210527,1997,Taiwan1961
304,20,Chyi and Huang (1997),0.714,0.206,0,,,,,,,,,,,,0,0,0,0,0,0,0,0,0,0,0,,0,0,1,0,1,0,0,0,0,0,0,Japan,1,0,1965,1990,26.0,26.0,26,1.0,1977.5,0,0,0,0,1,0,1,1,0,0,0,1,0,0,0,0,0,0,0,0,0.095,1997,0.5789473684210527,1997,Japan1965
305,20,Chyi and Huang (1997),0.589,0.237,0,,,,,,,,,,,,0,0,0,0,0,0,0,0,1,0,0,,0,0,1,0,1,0,0,0,0,0,0,Japan,1,0,1965,1990,26.0,26.0,26,1.0,1977.5,0,0,0,0,1,0,1,1,0,0,0,1,0,0,0,0,0,0,0,0,0.095,1997,0.5789473684210527,1997,Japan1965
306,20,Chyi and Huang (1997),0.647,0.188,0,,,,,,,,,,,,0,0,0,0,0,0,0,0,0,0,0,,0,0,1,0,1,1,0,0,0,0,0,Japan,1,0,1965,1990,26.0,26.0,26,1.0,1977.5,0,0,0,0,1,0,1,1,0,0,0,1,0,0,0,0,0,0,0,0,0.095,1997,0.5789473684210527,1997,Japan1965
307,20,Chyi and Huang (1997),0.495,0.078,0,,,,,,,,,,,,0,0,0,0,0,0,0,0,0,0,0,,0,0,1,0,1,0,0,0,0,0,0,Korea,1,0,1969,1989,21.0,21.0,21,1.0,1979.0,0,0,0,0,0,0,1,1,0,0,0,1,0,0,0,0,0,0,0,0,0.095,1997,0.5789473684210527,1997,Korea1969
308,20,Chyi and Huang (1997),0.538,0.101,0,,,,,,,,,,,,0,0,0,0,0,0,0,0,1,0,0,,0,0,1,0,1,0,0,0,0,0,0,Korea,1,0,1969,1989,21.0,21.0,21,1.0,1979.0,0,0,0,0,0,0,1,1,0,0,0,1,0,0,0,0,0,0,0,0,0.095,1997,0.5789473684210527,1997,Korea1969
309,20,Chyi and Huang (1997),0.422,0.134,0,,,,,,,,,,,,0,0,0,0,0,0,0,0,0,0,0,,0,0,1,0,1,1,0,0,0,0,0,Korea,1,0,1969,1989,21.0,21.0,21,1.0,1979.0,0,0,0,0,0,0,1,1,0,0,0,1,0,0,0,0,0,0,0,0,0.095,1997,0.5789473684210527,1997,Korea1969
310,20,Chyi and Huang (1997),0.607,0.239,0,,,,,,,,,,,,0,0,0,0,0,0,0,0,0,0,0,,0,0,1,0,1,0,0,0,0,0,0,Philippines,1,0,1976,1990,15.0,15.0,15,1.0,1983.0,0,0,0,0,1,0,1,1,0,0,0,1,0,0,0,0,0,0,0,0,0.095,1997,0.5789473684210527,1997,Philippines1976
311,20,Chyi and Huang (1997),0.54,0.243,0,,,,,,,,,,,,0,0,0,0,0,0,0,0,1,0,0,,0,0,1,0,1,0,0,0,0,0,0,Philippines,1,0,1976,1990,15.0,15.0,15,1.0,1983.0,0,0,0,0,1,0,1,1,0,0,0,1,0,0,0,0,0,0,0,0,0.095,1997,0.5789473684210527,1997,Philippines1976
312,20,Chyi and Huang (1997),0.635,0.244,0,,,,,,,,,,,,0,0,0,0,0,0,0,0,0,0,0,,0,0,1,0,1,1,0,0,0,0,0,Philippines,1,0,1976,1990,15.0,15.0,15,1.0,1983.0,0,0,0,0,1,0,1,1,0,0,0,1,0,0,0,0,0,0,0,0,0.095,1997,0.5789473684210527,1997,Philippines1976
313,20,Chyi and Huang (1997),0.69,0.069,0,,,,,,,,,,,,0,0,0,0,0,0,0,0,0,0,0,,0,0,1,0,1,0,0,0,0,0,0,Thailand,1,0,1977,1990,14.0,14.0,14,1.0,1983.5,0,0,0,0,1,0,1,1,0,0,0,1,0,0,0,0,0,0,0,0,0.095,1997,0.5789473684210527,1997,Thailand1977
314,20,Chyi and Huang (1997),0.638,0.084,0,,,,,,,,,,,,0,0,0,0,0,0,0,0,1,0,0,,0,0,1,0,1,0,0,0,0,0,0,Thailand,1,0,1977,1990,14.0,14.0,14,1.0,1983.5,0,0,0,0,1,0,1,1,0,0,0,1,0,0,0,0,0,0,0,0,0.095,1997,0.5789473684210527,1997,Thailand1977
315,20,Chyi and Huang (1997),0.623,0.046,0,,,,,,,,,,,,0,0,0,0,0,0,0,0,0,0,0,,0,0,1,0,1,1,0,0,0,0,0,Thailand,1,0,1977,1990,14.0,14.0,14,1.0,1983.5,0,0,0,0,1,0,1,1,0,0,0,1,0,0,0,0,0,0,0,0,0.095,1997,0.5789473684210527,1997,Thailand1977
316,20,Chyi and Huang (1997),1.284,0.906,0,,,,,,,,,,,,0,0,0,0,0,0,0,0,0,0,0,,0,0,1,0,1,0,0,0,0,0,0,Taiwan,1,0,1961,1990,30.0,30.0,30,1.0,1975.5,0,0,0,0,0,0,1,1,0,0,0,1,0,0,0,0,0,0,0,0,0.095,1997,0.5789473684210527,1997,Taiwan1961
317,20,Chyi and Huang (1997),0.943,0.652,0,,,,,,,,,,,,0,0,0,0,0,0,0,0,1,0,0,,0,0,1,0,1,0,0,0,0,0,0,Taiwan,1,0,1961,1990,30.0,30.0,30,1.0,1975.5,0,0,0,0,0,0,1,1,0,0,0,1,0,0,0,0,0,0,0,0,0.095,1997,0.5789473684210527,1997,Taiwan1961
318,20,Chyi and Huang (1997),0.163,0.48,0,,,,,,,,,,,,0,0,0,0,0,0,0,0,0,0,0,,0,0,1,0,1,1,0,0,0,0,0,Taiwan,1,0,1961,1990,30.0,30.0,30,1.0,1975.5,0,0,0,0,0,0,1,1,0,0,0,1,0,0,0,0,0,0,0,0,0.095,1997,0.5789473684210527,1997,Taiwan1961
319,20,Chyi and Huang (1997),0.741,0.267,0,,,,,,,,,,,,0,0,0,0,0,0,0,0,0,0,0,,0,0,1,0,1,0,0,0,0,0,0,Japan,1,0,1965,1990,26.0,26.0,26,1.0,1977.5,0,0,0,0,1,0,1,1,0,0,0,1,0,0,0,0,1,0,0,0,0.095,1997,0.5789473684210527,1997,Japan1965
320,20,Chyi and Huang (1997),0.542,0.108,0,,,,,,,,,,,,0,0,0,0,0,0,0,0,0,0,0,,0,0,1,0,1,0,0,0,0,0,0,Korea,1,0,1969,1989,21.0,21.0,21,1.0,1979.0,0,0,0,0,1,0,1,1,0,0,0,1,0,0,0,0,1,0,0,0,0.095,1997,0.5789473684210527,1997,Korea1969
321,20,Chyi and Huang (1997),0.603,0.342,0,,,,,,,,,,,,0,0,0,0,0,0,0,0,0,0,0,,0,0,1,0,1,0,0,0,0,0,0,Philippines,1,0,1976,1990,15.0,15.0,15,1.0,1983.0,0,0,0,0,1,0,1,1,0,0,0,1,0,0,0,0,1,0,0,0,0.095,1997,0.5789473684210527,1997,Philippines1976
322,20,Chyi and Huang (1997),0.003,0.192,0,,,,,,,,,,,,0,0,0,0,0,0,0,0,0,0,0,,0,0,1,0,1,0,0,0,0,0,0,Thailand,1,0,1977,1990,14.0,14.0,14,1.0,1983.5,0,0,0,0,1,0,1,1,0,0,0,1,0,0,0,0,1,0,0,0,0.095,1997,0.5789473684210527,1997,Thailand1977
323,20,Chyi and Huang (1997),0.059,0.277,0,,,,,,,,,,,,0,0,0,0,0,0,0,0,0,0,0,,0,0,1,0,1,0,0,0,0,0,0,Taiwan,1,0,1961,1990,30.0,30.0,30,1.0,1975.5,0,0,0,0,1,0,1,1,0,0,0,1,0,0,0,0,1,0,0,0,0.095,1997,0.5789473684210527,1997,Taiwan1961
324,21,Villagomez (1997),0.805,0.178,0,,,,,,,,,,,,1,0,0,0,0,0,0,0,0,1,0,,0,0,1,0,1,0,0,0,0,0,0,Brazil,1,0,1972,1989,18.0,18.0,18,1.0,1980.5,0,0,0,1,1,0,1,1,0,1,0,0,0,0,0,0,0,0,0,0,0.095,1997,1.1578947368421053,1997,Brazil1972
325,21,Villagomez (1997),0.531,0.217,0,,,,,,,,,,,,1,0,0,0,0,0,0,0,0,1,0,,0,0,1,0,1,0,0,0,0,0,0,Chile,1,0,1970,1989,20.0,20.0,20,1.0,1979.5,0,0,0,1,0,0,1,1,0,1,0,0,0,0,0,0,0,0,0,0,0.095,1997,1.1578947368421053,1997,Chile1970
326,21,Villagomez (1997),0.954,0.288,0,,,,,,,,,,,,1,0,0,0,0,0,0,0,0,1,0,,0,0,1,0,1,0,0,0,0,0,0,Colombia,1,0,1964,1989,26.0,26.0,26,1.0,1976.5,0,0,0,1,0,0,1,1,0,1,0,0,0,0,0,0,0,0,0,0,0.095,1997,1.1578947368421053,1997,Colombia1964
327,21,Villagomez (1997),0.665,0.202,0,,,,,,,,,,,,1,0,0,0,0,0,0,0,0,1,0,,0,0,1,0,1,0,0,0,0,0,0,Greece,1,0,1965,1989,25.0,25.0,25,1.0,1977.0,0,0,0,1,1,0,1,1,0,1,0,0,0,0,0,0,0,0,0,0,0.095,1997,1.1578947368421053,1997,Greece1965
328,21,Villagomez (1997),0.732,0.252,0,,,,,,,,,,,,1,0,0,0,0,0,0,0,0,1,0,,0,0,1,0,1,0,0,0,0,0,0,Indonesia,1,0,1975,1989,15.0,15.0,15,1.0,1982.0,0,0,0,1,1,0,1,1,0,1,0,0,0,0,0,0,0,0,0,0,0.095,1997,1.1578947368421053,1997,Indonesia1975
329,21,Villagomez (1997),0.458,0.177,0,,,,,,,,,,,,1,0,0,0,0,0,0,0,0,1,0,,0,0,1,0,1,0,0,0,0,0,0,Korea,1,0,1971,1990,20.0,20.0,20,1.0,1980.5,0,0,0,1,1,0,1,1,0,1,0,0,0,0,0,0,0,0,0,0,0.095,1997,1.1578947368421053,1997,Korea1971
330,21,Villagomez (1997),0.648,0.138,0,,,,,,,,,,,,1,0,0,0,0,0,0,0,0,1,0,,0,0,1,0,1,0,0,0,0,0,0,Malaysia,1,0,1972,1988,17.0,17.0,17,1.0,1980.0,0,0,0,1,1,0,1,1,0,1,0,0,0,0,0,0,0,0,0,0,0.095,1997,1.1578947368421053,1997,Malaysia1972
331,21,Villagomez (1997),0.579,0.11,0,,,,,,,,,,,,1,0,0,0,0,0,0,0,0,1,0,,0,0,1,0,1,0,0,0,0,0,0,Mexico,1,0,1963,1989,27.0,27.0,27,1.0,1976.0,0,0,0,1,1,0,1,1,0,1,0,0,0,0,0,0,0,0,0,0,0.095,1997,1.1578947368421053,1997,Mexico1963
332,21,Villagomez (1997),1.267,0.334,0,,,,,,,,,,,,1,0,0,0,0,0,0,0,0,1,0,,0,0,1,0,1,0,0,0,0,0,0,Pakistan,1,0,1973,1987,15.0,15.0,15,1.0,1980.0,0,0,0,1,1,0,1,1,0,1,0,0,0,0,0,0,0,0,0,0,0.095,1997,1.1578947368421053,1997,Pakistan1973
333,21,Villagomez (1997),0.758,0.12,0,,,,,,,,,,,,1,0,0,0,0,0,0,0,0,1,0,,0,0,1,0,1,0,0,0,0,0,0,Philippines,1,0,1975,1990,16.0,16.0,16,1.0,1982.5,0,0,0,1,1,0,1,1,0,1,0,0,0,0,0,0,0,0,0,0,0.095,1997,1.1578947368421053,1997,Philippines1975
334,21,Villagomez (1997),0.681,0.199,0,,,,,,,,,,,,1,0,0,0,0,0,0,0,0,1,0,,0,0,1,0,1,0,0,0,0,0,0,Singapore,1,0,1975,1989,15.0,15.0,15,1.0,1982.0,0,0,0,1,1,0,1,1,0,1,0,0,0,0,0,0,0,0,0,0,0.095,1997,1.1578947368421053,1997,Singapore1975
335,21,Villagomez (1997),0.545,0.234,0,,,,,,,,,,,,1,0,0,0,0,0,0,0,0,1,0,,0,0,1,0,1,0,0,0,0,0,0,Sri Lanka,1,0,1972,1990,19.0,19.0,19,1.0,1981.0,0,0,0,1,1,0,1,1,0,1,0,0,0,0,0,0,0,0,0,0,0.095,1997,1.1578947368421053,1997,Sri Lanka1972
336,21,Villagomez (1997),0.603,0.084,0,,,,,,,,,,,,1,0,0,0,0,0,0,0,0,1,0,,0,0,1,0,1,0,0,0,0,0,0,Thailand,1,0,1973,1990,18.0,18.0,18,1.0,1981.5,0,0,0,1,1,0,1,1,0,1,0,0,0,0,0,0,0,0,0,0,0.095,1997,1.1578947368421053,1997,Thailand1973
337,21,Villagomez (1997),0.603,0.368,0,,,,,,,,,,,,1,0,0,0,0,0,0,0,0,1,0,,0,0,1,0,1,0,0,0,0,0,0,Turkey,1,0,1968,1988,21.0,21.0,21,1.0,1978.0,0,0,0,1,1,0,1,1,0,1,0,0,0,0,0,0,0,0,0,0,0.095,1997,1.1578947368421053,1997,Turkey1968
338,21,Villagomez (1997),0.817,0.204,0,,,,,,,,,,,,1,0,0,0,0,0,0,0,0,1,0,,0,0,1,0,1,0,0,0,0,0,0,Uruguay,1,0,1974,1989,16.0,16.0,16,1.0,1981.5,0,0,0,1,1,0,1,1,0,1,0,0,0,0,0,0,0,0,0,0,0.095,1997,1.1578947368421053,1997,Uruguay1974
339,21,Villagomez (1997),0.683,0.314,0,,,,,,,,,,,,1,0,0,0,0,0,0,0,0,1,0,,0,0,1,0,1,0,0,0,0,0,0,Venezuela,1,0,1974,1990,17.0,17.0,17,1.0,1982.0,0,0,0,1,1,0,1,1,0,1,0,0,0,0,0,0,0,0,0,0,0.095,1997,1.1578947368421053,1997,Venezuela1974
340,21,Villagomez (1997),0.917,0.917,0,,,,,,,,,,,,1,0,0,0,0,0,0,0,0,1,0,,0,0,1,0,1,0,0,0,0,0,0,Brazil,1,0,1972,1989,18.0,18.0,18,1.0,1980.5,0,0,0,1,1,0,1,1,1,0,0,0,0,0,0,0,0,0,0,0,0.095,1997,1.1578947368421053,1997,Brazil1972
341,21,Villagomez (1997),0.376,0.088,0,,,,,,,,,,,,1,0,0,0,0,0,0,0,0,1,0,,0,0,1,0,1,0,0,0,0,0,0,Chile,1,0,1970,1989,20.0,20.0,20,1.0,1979.5,0,0,0,1,0,0,1,1,1,0,0,0,0,0,0,0,0,0,0,0,0.095,1997,1.1578947368421053,1997,Chile1970
342,21,Villagomez (1997),0.694,0.282,0,,,,,,,,,,,,1,0,0,0,0,0,0,0,0,1,0,,0,0,1,0,1,0,0,0,0,0,0,Colombia,1,0,1964,1989,26.0,26.0,26,1.0,1976.5,0,0,0,1,0,0,1,1,1,0,0,0,0,0,0,0,0,0,0,0,0.095,1997,1.1578947368421053,1997,Colombia1964
343,21,Villagomez (1997),0.465,0.101,0,,,,,,,,,,,,1,0,0,0,0,0,0,0,0,1,0,,0,0,1,0,1,0,0,0,0,0,0,Greece,1,0,1965,1989,25.0,25.0,25,1.0,1977.0,0,0,0,1,1,0,1,1,1,0,0,0,0,0,0,0,0,0,0,0,0.095,1997,1.1578947368421053,1997,Greece1965
344,21,Villagomez (1997),0.683,0.208,0,,,,,,,,,,,,1,0,0,0,0,0,0,0,0,1,0,,0,0,1,0,1,0,0,0,0,0,0,Indonesia,1,0,1975,1989,15.0,15.0,15,1.0,1982.0,0,0,0,1,1,0,1,1,1,0,0,0,0,0,0,0,0,0,0,0,0.095,1997,1.1578947368421053,1997,Indonesia1975
345,21,Villagomez (1997),0.851,0.152,0,,,,,,,,,,,,1,0,0,0,0,0,0,0,0,1,0,,0,0,1,0,1,0,0,0,0,0,0,Korea,1,0,1971,1990,20.0,20.0,20,1.0,1980.5,0,0,0,1,0,0,1,1,1,0,0,0,0,0,0,0,0,0,0,0,0.095,1997,1.1578947368421053,1997,Korea1971
346,21,Villagomez (1997),0.469,0.027,0,,,,,,,,,,,,1,0,0,0,0,0,0,0,0,1,0,,0,0,1,0,1,0,0,0,0,0,0,Malaysia,1,0,1972,1988,17.0,17.0,17,1.0,1980.0,0,0,0,1,1,0,1,1,1,0,0,0,0,0,0,0,0,0,0,0,0.095,1997,1.1578947368421053,1997,Malaysia1972
347,21,Villagomez (1997),0.744,0.177,0,,,,,,,,,,,,1,0,0,0,0,0,0,0,0,1,0,,0,0,1,0,1,0,0,0,0,0,0,Mexico,1,0,1963,1989,27.0,27.0,27,1.0,1976.0,0,0,0,1,1,0,1,1,1,0,0,0,0,0,0,0,0,0,0,0,0.095,1997,1.1578947368421053,1997,Mexico1963
348,21,Villagomez (1997),0.771,0.279,0,,,,,,,,,,,,1,0,0,0,0,0,0,0,0,1,0,,0,0,1,0,1,0,0,0,0,0,0,Pakistan,1,0,1973,1987,15.0,15.0,15,1.0,1980.0,0,0,0,1,1,0,1,1,1,0,0,0,0,0,0,0,0,0,0,0,0.095,1997,1.1578947368421053,1997,Pakistan1973
349,21,Villagomez (1997),0.658,0.15,0,,,,,,,,,,,,1,0,0,0,0,0,0,0,0,1,0,,0,0,1,0,1,0,0,0,0,0,0,Philippines,1,0,1975,1990,16.0,16.0,16,1.0,1982.5,0,0,0,1,1,0,1,1,1,0,0,0,0,0,0,0,0,0,0,0,0.095,1997,1.1578947368421053,1997,Philippines1975
350,21,Villagomez (1997),0.441,0.212,0,,,,,,,,,,,,1,0,0,0,0,0,0,0,0,1,0,,0,0,1,0,1,0,0,0,0,0,0,Singapore,1,0,1975,1989,15.0,15.0,15,1.0,1982.0,0,0,0,1,0,0,1,1,1,0,0,0,0,0,0,0,0,0,0,0,0.095,1997,1.1578947368421053,1997,Singapore1975
351,21,Villagomez (1997),0.497,0.258,0,,,,,,,,,,,,1,0,0,0,0,0,0,0,0,1,0,,0,0,1,0,1,0,0,0,0,0,0,Sri Lanka,1,0,1972,1990,19.0,19.0,19,1.0,1981.0,0,0,0,1,1,0,1,1,1,0,0,0,0,0,0,0,0,0,0,0,0.095,1997,1.1578947368421053,1997,Sri Lanka1972
352,21,Villagomez (1997),0.614,0.058,0,,,,,,,,,,,,1,0,0,0,0,0,0,0,0,1,0,,0,0,1,0,1,0,0,0,0,0,0,Thailand,1,0,1973,1990,18.0,18.0,18,1.0,1981.5,0,0,0,1,1,0,1,1,1,0,0,0,0,0,0,0,0,0,0,0,0.095,1997,1.1578947368421053,1997,Thailand1973
353,21,Villagomez (1997),0.814,0.281,0,,,,,,,,,,,,1,0,0,0,0,0,0,0,0,1,0,,0,0,1,0,1,0,0,0,0,0,0,Turkey,1,0,1968,1988,21.0,21.0,21,1.0,1978.0,0,0,0,1,1,0,1,1,1,0,0,0,0,0,0,0,0,0,0,0,0.095,1997,1.1578947368421053,1997,Turkey1968
354,21,Villagomez (1997),0.879,0.174,0,,,,,,,,,,,,1,0,0,0,0,0,0,0,0,1,0,,0,0,1,0,1,0,0,0,0,0,0,Uruguay,1,0,1974,1989,16.0,16.0,16,1.0,1981.5,0,0,0,1,1,0,1,1,1,0,0,0,0,0,0,0,0,0,0,0,0.095,1997,1.1578947368421053,1997,Uruguay1974
355,21,Villagomez (1997),0.585,0.156,0,,,,,,,,,,,,1,0,0,0,0,0,0,0,0,1,0,,0,0,1,0,1,0,0,0,0,0,0,Venezuela,1,0,1974,1990,17.0,17.0,17,1.0,1982.0,0,0,0,1,1,0,1,1,1,0,0,0,0,0,0,0,0,0,0,0,0.095,1997,1.1578947368421053,1997,Venezuela1974
356,21,Villagomez (1997),0.695,0.162,0,,,,,,,,,,,,1,0,0,0,0,0,0,0,0,1,0,,0,0,1,0,1,0,0,0,0,0,0,Brazil,1,0,1972,1989,18.0,18.0,18,1.0,1980.5,0,0,0,1,1,0,1,1,0,1,0,0,0,0,0,0,0,0,0,0,0.095,1997,1.1578947368421053,1997,Brazil1972
357,21,Villagomez (1997),0.704,0.326,0,,,,,,,,,,,,1,0,0,0,0,0,0,0,0,1,0,,0,0,1,0,1,0,0,0,0,0,0,Chile,1,0,1970,1989,20.0,20.0,20,1.0,1979.5,0,0,0,1,0,0,1,1,0,1,0,0,0,0,0,0,0,0,0,0,0.095,1997,1.1578947368421053,1997,Chile1970
358,21,Villagomez (1997),0.91,0.257,0,,,,,,,,,,,,1,0,0,0,0,0,0,0,0,1,0,,0,0,1,0,1,0,0,0,0,0,0,Colombia,1,0,1964,1989,26.0,26.0,26,1.0,1976.5,0,0,0,1,0,0,1,1,0,1,0,0,0,0,0,0,0,0,0,0,0.095,1997,1.1578947368421053,1997,Colombia1964
359,21,Villagomez (1997),0.856,0.376,0,,,,,,,,,,,,1,0,0,0,0,0,0,0,0,1,0,,0,0,1,0,1,0,0,0,0,0,0,Greece,1,0,1965,1989,25.0,25.0,25,1.0,1977.0,0,0,0,1,1,0,1,1,0,1,0,0,0,0,0,0,0,0,0,0,0.095,1997,1.1578947368421053,1997,Greece1965
360,21,Villagomez (1997),0.659,0.237,0,,,,,,,,,,,,1,0,0,0,0,0,0,0,0,1,0,,0,0,1,0,1,0,0,0,0,0,0,Indonesia,1,0,1975,1989,15.0,15.0,15,1.0,1982.0,0,0,0,1,1,0,1,1,0,1,0,0,0,0,0,0,0,0,0,0,0.095,1997,1.1578947368421053,1997,Indonesia1975
361,21,Villagomez (1997),0.503,0.208,0,,,,,,,,,,,,1,0,0,0,0,0,0,0,0,1,0,,0,0,1,0,1,0,0,0,0,0,0,Korea,1,0,1971,1990,20.0,20.0,20,1.0,1980.5,0,0,0,1,1,0,1,1,0,1,0,0,0,0,0,0,0,0,0,0,0.095,1997,1.1578947368421053,1997,Korea1971
362,21,Villagomez (1997),0.706,0.149,0,,,,,,,,,,,,1,0,0,0,0,0,0,0,0,1,0,,0,0,1,0,1,0,0,0,0,0,0,Malaysia,1,0,1972,1988,17.0,17.0,17,1.0,1980.0,0,0,0,1,1,0,1,1,0,1,0,0,0,0,0,0,0,0,0,0,0.095,1997,1.1578947368421053,1997,Malaysia1972
363,21,Villagomez (1997),0.682,0.238,0,,,,,,,,,,,,1,0,0,0,0,0,0,0,0,1,0,,0,0,1,0,1,0,0,0,0,0,0,Mexico,1,0,1963,1989,27.0,27.0,27,1.0,1976.0,0,0,0,1,1,0,1,1,0,1,0,0,0,0,0,0,0,0,0,0,0.095,1997,1.1578947368421053,1997,Mexico1963
364,21,Villagomez (1997),1.165,0.464,0,,,,,,,,,,,,1,0,0,0,0,0,0,0,0,1,0,,0,0,1,0,1,0,0,0,0,0,0,Pakistan,1,0,1973,1987,15.0,15.0,15,1.0,1980.0,0,0,0,1,1,0,1,1,0,1,0,0,0,0,0,0,0,0,0,0,0.095,1997,1.1578947368421053,1997,Pakistan1973
365,21,Villagomez (1997),0.827,0.169,0,,,,,,,,,,,,1,0,0,0,0,0,0,0,0,1,0,,0,0,1,0,1,0,0,0,0,0,0,Philippines,1,0,1975,1990,16.0,16.0,16,1.0,1982.5,0,0,0,1,1,0,1,1,0,1,0,0,0,0,0,0,0,0,0,0,0.095,1997,1.1578947368421053,1997,Philippines1975
366,21,Villagomez (1997),0.758,0.177,0,,,,,,,,,,,,1,0,0,0,0,0,0,0,0,1,0,,0,0,1,0,1,0,0,0,0,0,0,Singapore,1,0,1975,1989,15.0,15.0,15,1.0,1982.0,0,0,0,1,1,0,1,1,0,1,0,0,0,0,0,0,0,0,0,0,0.095,1997,1.1578947368421053,1997,Singapore1975
367,21,Villagomez (1997),0.662,0.247,0,,,,,,,,,,,,1,0,0,0,0,0,0,0,0,1,0,,0,0,1,0,1,0,0,0,0,0,0,Sri Lanka,1,0,1972,1990,19.0,19.0,19,1.0,1981.0,0,0,0,1,1,0,1,1,0,1,0,0,0,0,0,0,0,0,0,0,0.095,1997,1.1578947368421053,1997,Sri Lanka1972
368,21,Villagomez (1997),0.484,0.097,0,,,,,,,,,,,,1,0,0,0,0,0,0,0,0,1,0,,0,0,1,0,1,0,0,0,0,0,0,Thailand,1,0,1973,1990,18.0,18.0,18,1.0,1981.5,0,0,0,1,1,0,1,1,0,1,0,0,0,0,0,0,0,0,0,0,0.095,1997,1.1578947368421053,1997,Thailand1973
369,21,Villagomez (1997),0.856,0.385,0,,,,,,,,,,,,1,0,0,0,0,0,0,0,0,1,0,,0,0,1,0,1,0,0,0,0,0,0,Turkey,1,0,1968,1988,21.0,21.0,21,1.0,1978.0,0,0,0,1,1,0,1,1,0,1,0,0,0,0,0,0,0,0,0,0,0.095,1997,1.1578947368421053,1997,Turkey1968
370,21,Villagomez (1997),0.693,0.231,0,,,,,,,,,,,,1,0,0,0,0,0,0,0,0,1,0,,0,0,1,0,1,0,0,0,0,0,0,Uruguay,1,0,1974,1989,16.0,16.0,16,1.0,1981.5,0,0,0,1,1,0,1,1,0,1,0,0,0,0,0,0,0,0,0,0,0.095,1997,1.1578947368421053,1997,Uruguay1974
371,21,Villagomez (1997),0.458,0.102,0,,,,,,,,,,,,1,0,0,0,0,0,0,0,0,1,0,,0,0,1,0,1,0,0,0,0,0,0,Venezuela,1,0,1974,1990,17.0,17.0,17,1.0,1982.0,0,0,0,1,1,0,1,1,0,1,0,0,0,0,0,0,0,0,0,0,0.095,1997,1.1578947368421053,1997,Venezuela1974
372,21,Villagomez (1997),0.823,0.184,0,,,,,,,,,,,,1,0,0,0,0,0,0,0,0,1,0,,0,0,1,0,1,0,0,0,0,0,0,Brazil,1,0,1972,1989,18.0,18.0,18,1.0,1980.5,0,0,0,1,1,0,1,1,1,0,0,0,0,0,0,0,0,0,0,0,0.095,1997,1.1578947368421053,1997,Brazil1972
373,21,Villagomez (1997),0.461,0.063,0,,,,,,,,,,,,1,0,0,0,0,0,0,0,0,1,0,,0,0,1,0,1,0,0,0,0,0,0,Chile,1,0,1970,1989,20.0,20.0,20,1.0,1979.5,0,0,0,1,1,0,1,1,1,0,0,0,0,0,0,0,0,0,0,0,0.095,1997,1.1578947368421053,1997,Chile1970
374,21,Villagomez (1997),0.717,0.279,0,,,,,,,,,,,,1,0,0,0,0,0,0,0,0,1,0,,0,0,1,0,1,0,0,0,0,0,0,Colombia,1,0,1964,1989,26.0,26.0,26,1.0,1976.5,0,0,0,1,0,0,1,1,1,0,0,0,0,0,0,0,0,0,0,0,0.095,1997,1.1578947368421053,1997,Colombia1964
375,21,Villagomez (1997),0.878,0.399,0,,,,,,,,,,,,1,0,0,0,0,0,0,0,0,1,0,,0,0,1,0,1,0,0,0,0,0,0,Greece,1,0,1965,1989,25.0,25.0,25,1.0,1977.0,0,0,0,1,1,0,1,1,1,0,0,0,0,0,0,0,0,0,0,0,0.095,1997,1.1578947368421053,1997,Greece1965
376,21,Villagomez (1997),0.707,0.207,0,,,,,,,,,,,,1,0,0,0,0,0,0,0,0,1,0,,0,0,1,0,1,0,0,0,0,0,0,Indonesia,1,0,1975,1989,15.0,15.0,15,1.0,1982.0,0,0,0,1,1,0,1,1,1,0,0,0,0,0,0,0,0,0,0,0,0.095,1997,1.1578947368421053,1997,Indonesia1975
377,21,Villagomez (1997),0.902,0.248,0,,,,,,,,,,,,1,0,0,0,0,0,0,0,0,1,0,,0,0,1,0,1,0,0,0,0,0,0,Korea,1,0,1971,1990,20.0,20.0,20,1.0,1980.5,0,0,0,1,0,0,1,1,1,0,0,0,0,0,0,0,0,0,0,0,0.095,1997,1.1578947368421053,1997,Korea1971
378,21,Villagomez (1997),0.436,0.143,0,,,,,,,,,,,,1,0,0,0,0,0,0,0,0,1,0,,0,0,1,0,1,0,0,0,0,0,0,Malaysia,1,0,1972,1988,17.0,17.0,17,1.0,1980.0,0,0,0,1,1,0,1,1,1,0,0,0,0,0,0,0,0,0,0,0,0.095,1997,1.1578947368421053,1997,Malaysia1972
379,21,Villagomez (1997),0.764,0.253,0,,,,,,,,,,,,1,0,0,0,0,0,0,0,0,1,0,,0,0,1,0,1,0,0,0,0,0,0,Mexico,1,0,1963,1989,27.0,27.0,27,1.0,1976.0,0,0,0,1,1,0,1,1,1,0,0,0,0,0,0,0,0,0,0,0,0.095,1997,1.1578947368421053,1997,Mexico1963
380,21,Villagomez (1997),0.612,0.278,0,,,,,,,,,,,,1,0,0,0,0,0,0,0,0,1,0,,0,0,1,0,1,0,0,0,0,0,0,Pakistan,1,0,1973,1987,15.0,15.0,15,1.0,1980.0,0,0,0,1,1,0,1,1,1,0,0,0,0,0,0,0,0,0,0,0,0.095,1997,1.1578947368421053,1997,Pakistan1973
381,21,Villagomez (1997),0.7,0.153,0,,,,,,,,,,,,1,0,0,0,0,0,0,0,0,1,0,,0,0,1,0,1,0,0,0,0,0,0,Philippines,1,0,1975,1990,16.0,16.0,16,1.0,1982.5,0,0,0,1,1,0,1,1,1,0,0,0,0,0,0,0,0,0,0,0,0.095,1997,1.1578947368421053,1997,Philippines1975
382,21,Villagomez (1997),0.386,0.184,0,,,,,,,,,,,,1,0,0,0,0,0,0,0,0,1,0,,0,0,1,0,1,0,0,0,0,0,0,Singapore,1,0,1975,1989,15.0,15.0,15,1.0,1982.0,0,0,0,1,1,0,1,1,1,0,0,0,0,0,0,0,0,0,0,0,0.095,1997,1.1578947368421053,1997,Singapore1975
383,21,Villagomez (1997),0.61,0.202,0,,,,,,,,,,,,1,0,0,0,0,0,0,0,0,1,0,,0,0,1,0,1,0,0,0,0,0,0,Sri Lanka,1,0,1972,1990,19.0,19.0,19,1.0,1981.0,0,0,0,1,1,0,1,1,1,0,0,0,0,0,0,0,0,0,0,0,0.095,1997,1.1578947368421053,1997,Sri Lanka1972
384,21,Villagomez (1997),0.544,0.069,0,,,,,,,,,,,,1,0,0,0,0,0,0,0,0,1,0,,0,0,1,0,1,0,0,0,0,0,0,Thailand,1,0,1973,1990,18.0,18.0,18,1.0,1981.5,0,0,0,1,1,0,1,1,1,0,0,0,0,0,0,0,0,0,0,0,0.095,1997,1.1578947368421053,1997,Thailand1973
385,21,Villagomez (1997),0.895,0.244,0,,,,,,,,,,,,1,0,0,0,0,0,0,0,0,1,0,,0,0,1,0,1,0,0,0,0,0,0,Turkey,1,0,1968,1988,21.0,21.0,21,1.0,1978.0,0,0,0,1,1,0,1,1,1,0,0,0,0,0,0,0,0,0,0,0,0.095,1997,1.1578947368421053,1997,Turkey1968
386,21,Villagomez (1997),0.748,0.205,0,,,,,,,,,,,,1,0,0,0,0,0,0,0,0,1,0,,0,0,1,0,1,0,0,0,0,0,0,Uruguay,1,0,1974,1989,16.0,16.0,16,1.0,1981.5,0,0,0,1,1,0,1,1,1,0,0,0,0,0,0,0,0,0,0,0,0.095,1997,1.1578947368421053,1997,Uruguay1974
387,21,Villagomez (1997),0.505,0.142,0,,,,,,,,,,,,1,0,0,0,0,0,0,0,0,1,0,,0,0,1,0,1,0,0,0,0,0,0,Venezuela,1,0,1974,1990,17.0,17.0,17,1.0,1982.0,0,0,0,1,1,0,1,1,1,0,0,0,0,0,0,0,0,0,0,0,0.095,1997,1.1578947368421053,1997,Venezuela1974
388,22,Berloffa (1997),0.105,0.038,0,,,,,,,,,,,,1,1,1,1,7,0,0,1,0,0,0,,0,0,1,0,1,0,0,1,0,0,0,UK,1,0,1970,1986,17.0,17.0,153,9.0,1978.0,0,0,0,0,0,1,1,1,0,1,1,0,1,0,0,0,0,0,0,0,1.052,1997,0.6842105263157895,1997,UK1970
389,22,Berloffa (1997),0.105,0.035,0,,,,,,,,,,,,1,1,1,1,3,0,0,1,0,0,0,,0,0,1,0,1,0,0,0,0,0,0,UK,1,0,1970,1986,17.0,17.0,153,9.0,1978.0,0,0,0,0,0,1,1,1,0,1,1,0,1,0,0,0,0,0,0,0,1.052,1997,0.6842105263157895,1997,UK1970
390,22,Berloffa (1997),0.138,0.07,0,,,,,,,,,,,,1,1,1,1,8,0,0,1,0,0,0,,0,0,1,0,1,0,0,1,0,0,0,UK,1,0,1970,1986,17.0,17.0,153,9.0,1978.0,0,0,0,0,0,1,1,1,0,1,1,0,1,0,0,0,0,0,0,0,1.052,1997,0.6842105263157895,1997,UK1970
391,22,Berloffa (1997),0.096,0.064,0,,,,,,,,,,,,1,1,1,1,5,0,0,1,0,0,0,,0,0,1,0,1,0,0,0,0,0,0,UK,1,0,1970,1986,17.0,17.0,153,9.0,1978.0,0,0,0,0,0,1,1,1,0,1,1,0,1,0,0,0,0,0,0,0,1.052,1997,0.6842105263157895,1997,UK1970
392,22,Berloffa (1997),0.118,0.035,0,,,,,,,,,,,,1,1,1,1,4,0,0,1,0,0,0,,0,0,1,0,1,0,0,0,0,1,0,UK,1,0,1970,1986,17.0,17.0,153,9.0,1978.0,0,0,0,0,0,1,1,1,0,1,1,0,1,0,0,0,0,0,0,0,1.052,1997,0.6842105263157895,1997,UK1970
393,22,Berloffa (1997),0.038,0.08,0,,,,,,,,,,,,1,1,1,1,4,0,0,1,0,0,0,,0,0,1,0,1,0,0,1,0,0,0,UK,1,0,1970,1986,17.0,17.0,153,9.0,1978.0,0,0,0,0,0,1,1,1,0,1,1,0,1,0,0,0,0,0,0,0,1.052,1997,0.6842105263157895,1997,UK1970
394,22,Berloffa (1997),0.297,0.07,0,,,,,,,,,,,,1,1,1,1,4,0,0,1,0,0,0,,0,0,1,0,1,0,0,0,0,1,0,UK,1,0,1970,1986,17.0,17.0,153,9.0,1978.0,0,0,0,0,0,1,1,1,0,1,1,0,1,0,0,0,0,0,0,0,1.052,1997,0.6842105263157895,1997,UK1970
395,22,Berloffa (1997),0.358,0.199,0,,,,,,,,,,,,1,1,1,1,4,0,0,1,0,0,0,,0,0,1,0,1,0,0,1,0,0,0,UK,1,0,1970,1986,17.0,17.0,153,9.0,1978.0,0,0,0,0,0,1,1,1,0,1,1,0,1,0,0,0,0,0,0,0,1.052,1997,0.6842105263157895,1997,UK1970
396,23,Slesnick (1998),0.873,0.245,0,,,,,,,,,,,,1,0,0,0,0,0,0,0,0,0,0,,0,0,0,0,1,0,0,0,0,0,0,USA,1,0,1946,1993,48.0,48.0,48,1.0,1969.5,0,0,0,0,0,1,1,1,1,0,1,0,0,0,0,0,0,0,0,0,0.851,1998,2.5,1998,USA1946
397,23,Slesnick (1998),1.101,0.267,0,,,,,,,,,,,,1,0,0,0,0,0,0,0,0,0,0,,0,0,0,0,1,0,0,0,0,0,0,USA,1,0,1946,1993,48.0,48.0,48,1.0,1969.5,0,0,0,0,0,1,1,1,1,0,1,0,0,0,0,0,0,0,0,0,0.851,1998,2.5,1998,USA1946
398,23,Slesnick (1998),0.794,0.177,0,,,,,,,,,,,,1,0,0,0,0,0,0,0,0,0,0,,0,0,0,0,1,0,0,0,0,0,0,USA,1,0,1946,1993,48.0,48.0,48,1.0,1969.5,0,0,0,0,0,1,1,1,1,0,1,0,0,0,0,0,0,0,0,0,0.851,1998,2.5,1998,USA1946
399,24,Hahm (1998),0.8059,0.3065,0,,,,,,,,,,,,0,0,0,0,0,0,0,0,0,0,0,,0,0,1,0,1,0,0,0,0,0,0,USA,0,0,1953,1994,42.0,168.0,168,1.0,1973.5,0,0,0,0,0,0,1,0,0,1,0,0,0,0,0,0,0,0,0,0,0.518,1998,3.111111111111111,1998,USA1953
400,24,Hahm (1998),0.9593,0.3813,0,,,,,,,,,,,,0,0,0,0,0,0,0,0,0,0,0,,0,0,1,0,1,0,0,0,0,0,0,USA,0,0,1953,1994,42.0,168.0,168,1.0,1973.5,0,0,0,0,0,0,0,0,1,1,0,0,0,0,0,0,0,0,0,0,0.518,1998,3.111111111111111,1998,USA1953
401,24,Hahm (1998),0.6653,0.2395,0,,,,,,,,,,,,0,0,0,0,0,0,0,0,0,0,0,,0,0,1,0,1,0,0,0,0,0,0,USA,0,0,1953,1994,42.0,168.0,168,1.0,1973.5,0,0,0,0,0,0,1,1,0,1,0,1,0,0,0,0,0,0,0,0,0.518,1998,3.111111111111111,1998,USA1953
402,24,Hahm (1998),0.7554,0.2068,0,,,,,,,,,,,,0,0,0,0,0,0,0,0,0,0,0,,0,0,1,0,1,0,0,0,0,0,0,USA,0,0,1953,1994,42.0,168.0,168,1.0,1973.5,0,0,0,0,1,0,1,1,1,0,1,1,0,0,0,0,0,0,0,0,0.518,1998,3.111111111111111,1998,USA1953
403,24,Hahm (1998),0.629,0.2185,0,,,,,,,,,,,,0,0,0,0,0,0,0,0,0,0,0,,0,0,1,0,1,0,0,0,0,0,0,USA,0,0,1953,1994,42.0,168.0,168,1.0,1973.5,0,0,0,0,0,0,1,1,0,0,1,1,1,0,0,0,0,0,0,0,0.518,1998,3.111111111111111,1998,USA1953
404,24,Hahm (1998),0.7836,0.2358,0,,,,,,,,,,,,0,0,0,0,0,0,0,0,0,0,0,,0,0,1,0,1,0,0,0,0,0,0,USA,0,0,1953,1994,42.0,168.0,168,1.0,1973.5,0,0,0,0,1,0,1,0,0,1,0,0,0,0,0,0,0,0,0,0,0.518,1998,3.111111111111111,1998,USA1953
405,24,Hahm (1998),0.6762,0.1812,0,,,,,,,,,,,,0,0,0,0,0,0,0,0,0,0,0,,0,0,1,0,1,0,0,0,0,0,0,USA,0,0,1953,1994,42.0,168.0,168,1.0,1973.5,0,0,0,0,1,0,1,1,0,1,0,1,0,0,0,0,0,0,0,0,0.518,1998,3.111111111111111,1998,USA1953
406,24,Hahm (1998),0.7145,0.2973,0,,,,,,,,,,,,1,0,0,0,0,0,0,0,0,0,0,,0,0,1,0,1,0,0,0,0,0,0,USA,0,0,1953,1994,42.0,168.0,168,1.0,1973.5,0,0,0,0,0,0,1,0,0,1,0,0,0,0,0,0,0,0,0,0,0.518,1998,3.111111111111111,1998,USA1953
407,24,Hahm (1998),0.8016,0.3584,0,,,,,,,,,,,,1,0,0,0,0,0,0,0,0,0,0,,0,0,1,0,1,0,0,0,0,0,0,USA,0,0,1953,1994,42.0,168.0,168,1.0,1973.5,0,0,0,0,0,0,0,0,1,1,0,0,0,0,0,0,0,0,0,0,0.518,1998,3.111111111111111,1998,USA1953
408,24,Hahm (1998),0.5919,0.2352,0,,,,,,,,,,,,1,0,0,0,0,0,0,0,0,0,0,,0,0,1,0,1,0,0,0,0,0,0,USA,0,0,1953,1994,42.0,168.0,168,1.0,1973.5,0,0,0,0,0,0,1,1,0,1,0,1,0,0,0,0,0,0,0,0,0.518,1998,3.111111111111111,1998,USA1953
409,24,Hahm (1998),0.6826,0.2053,0,,,,,,,,,,,,1,0,0,0,0,0,0,0,0,0,0,,0,0,1,0,1,0,0,0,0,0,0,USA,0,0,1953,1994,42.0,168.0,168,1.0,1973.5,0,0,0,0,1,0,1,1,1,0,1,1,0,0,0,0,0,0,0,0,0.518,1998,3.111111111111111,1998,USA1953
410,24,Hahm (1998),0.5001,0.2199,0,,,,,,,,,,,,1,0,0,0,0,0,0,0,0,0,0,,0,0,1,0,1,0,0,0,0,0,0,USA,0,0,1953,1994,42.0,168.0,168,1.0,1973.5,0,0,0,0,0,0,1,1,0,0,1,1,1,0,0,0,0,0,0,0,0.518,1998,3.111111111111111,1998,USA1953
411,24,Hahm (1998),0.7912,0.2416,0,,,,,,,,,,,,1,0,0,0,0,0,0,0,0,0,0,,0,0,1,0,1,0,0,0,0,0,0,USA,0,0,1953,1994,42.0,168.0,168,1.0,1973.5,0,0,0,0,1,0,1,0,0,1,0,0,0,0,0,0,0,0,0,0,0.518,1998,3.111111111111111,1998,USA1953
412,24,Hahm (1998),0.6264,0.1795,0,,,,,,,,,,,,1,0,0,0,0,0,0,0,0,0,0,,0,0,1,0,1,0,0,0,0,0,0,USA,0,0,1953,1994,42.0,168.0,168,1.0,1973.5,0,0,0,0,1,0,1,1,0,1,0,1,0,0,0,0,0,0,0,0,0.518,1998,3.111111111111111,1998,USA1953
413,24,Hahm (1998),0.712,0.3857,0,,,,,,,,,,,,1,0,0,0,0,0,0,0,0,0,0,,0,0,1,0,1,0,0,0,0,0,0,USA,0,0,1953,1994,42.0,168.0,168,1.0,1973.5,0,0,0,0,0,0,1,0,0,1,0,0,0,0,0,0,0,0,0,0,0.518,1998,3.111111111111111,1998,USA1953
414,24,Hahm (1998),0.5251,0.5355,0,,,,,,,,,,,,1,0,0,0,0,0,0,0,0,0,0,,0,0,1,0,1,0,0,0,0,0,0,USA,0,0,1953,1994,42.0,168.0,168,1.0,1973.5,0,0,0,0,0,0,0,0,1,1,0,0,0,0,0,0,0,0,0,0,0.518,1998,3.111111111111111,1998,USA1953
415,24,Hahm (1998),0.6012,0.2603,0,,,,,,,,,,,,1,0,0,0,0,0,0,0,0,0,0,,0,0,1,0,1,0,0,0,0,0,0,USA,0,0,1953,1994,42.0,168.0,168,1.0,1973.5,0,0,0,0,0,0,1,1,0,1,0,1,0,0,0,0,0,0,0,0,0.518,1998,3.111111111111111,1998,USA1953
416,24,Hahm (1998),0.6824,0.2315,0,,,,,,,,,,,,1,0,0,0,0,0,0,0,0,0,0,,0,0,1,0,1,0,0,0,0,0,0,USA,0,0,1953,1994,42.0,168.0,168,1.0,1973.5,0,0,0,0,1,0,1,1,1,0,1,1,0,0,0,0,0,0,0,0,0.518,1998,3.111111111111111,1998,USA1953
417,24,Hahm (1998),0.487,0.237,0,,,,,,,,,,,,1,0,0,0,0,0,0,0,0,0,0,,0,0,1,0,1,0,0,0,0,0,0,USA,0,0,1953,1994,42.0,168.0,168,1.0,1973.5,0,0,0,0,0,0,1,1,0,0,1,1,1,0,0,0,0,0,0,0,0.518,1998,3.111111111111111,1998,USA1953
418,24,Hahm (1998),0.8099,0.5095,0,,,,,,,,,,,,1,0,0,0,0,0,0,0,0,0,0,,0,0,1,0,1,0,0,0,0,0,0,USA,0,0,1953,1994,42.0,168.0,168,1.0,1973.5,0,0,0,0,1,0,1,0,0,1,0,0,0,0,0,0,0,0,0,0,0.518,1998,3.111111111111111,1998,USA1953
419,24,Hahm (1998),0.7632,0.2448,0,,,,,,,,,,,,1,0,0,0,0,0,0,0,0,0,0,,0,0,1,0,1,0,0,0,0,0,0,USA,0,0,1953,1994,42.0,168.0,168,1.0,1973.5,0,0,0,0,1,0,1,1,0,1,0,1,0,0,0,0,0,0,0,0,0.518,1998,3.111111111111111,1998,USA1953
420,24,Hahm (1998),0.3231,0.2651,0,,,,,,,,,,,,1,0,0,0,0,0,0,0,0,0,0,,0,0,1,0,1,0,0,0,0,0,0,USA,0,0,1953,1985,33.0,132.0,132,1.0,1969.0,0,0,0,0,0,1,1,0,0,1,0,0,0,0,0,0,0,0,0,0,0.518,1998,3.111111111111111,1998,USA1953
421,24,Hahm (1998),0.5727,0.2437,0,,,,,,,,,,,,1,0,0,0,0,0,0,0,0,0,0,,0,0,1,0,1,0,0,0,0,0,0,USA,0,0,1953,1985,33.0,132.0,132,1.0,1969.0,0,0,0,0,0,1,0,0,1,1,0,0,0,0,0,0,0,0,0,0,0.518,1998,3.111111111111111,1998,USA1953
422,24,Hahm (1998),0.1598,0.2115,0,,,,,,,,,,,,1,0,0,0,0,0,0,0,0,0,0,,0,0,1,0,1,0,0,0,0,0,0,USA,0,0,1953,1985,33.0,132.0,132,1.0,1969.0,0,0,0,0,0,1,1,1,0,1,0,1,0,0,0,0,0,0,0,0,0.518,1998,3.111111111111111,1998,USA1953
423,24,Hahm (1998),0.3504,0.1682,0,,,,,,,,,,,,1,0,0,0,0,0,0,0,0,0,0,,0,0,1,0,1,0,0,0,0,0,0,USA,0,0,1953,1985,33.0,132.0,132,1.0,1969.0,0,0,0,0,0,1,1,1,1,0,1,1,0,0,0,0,0,0,0,0,0.518,1998,3.111111111111111,1998,USA1953
424,24,Hahm (1998),0.1953,0.2044,0,,,,,,,,,,,,1,0,0,0,0,0,0,0,0,0,0,,0,0,1,0,1,0,0,0,0,0,0,USA,0,0,1953,1985,33.0,132.0,132,1.0,1969.0,0,0,0,0,0,1,1,1,0,0,1,1,1,0,0,0,0,0,0,0,0.518,1998,3.111111111111111,1998,USA1953
425,24,Hahm (1998),0.519,0.2182,0,,,,,,,,,,,,1,0,0,0,0,0,0,0,0,0,0,,0,0,1,0,1,0,0,0,0,0,0,USA,0,0,1953,1985,33.0,132.0,132,1.0,1969.0,0,0,0,0,0,1,1,0,0,1,0,0,0,0,0,0,0,0,0,0,0.518,1998,3.111111111111111,1998,USA1953
426,24,Hahm (1998),0.393,0.1652,0,,,,,,,,,,,,1,0,0,0,0,0,0,0,0,0,0,,0,0,1,0,1,0,0,0,0,0,0,USA,0,0,1953,1985,33.0,132.0,132,1.0,1969.0,0,0,0,0,0,1,1,1,0,1,0,1,0,0,0,0,0,0,0,0,0.518,1998,3.111111111111111,1998,USA1953
427,24,Hahm (1998),0.1754,0.5611,0,,,,,,,,,,,,1,0,0,0,0,0,0,0,0,0,0,,0,0,1,0,1,0,0,0,0,0,0,USA,0,0,1953,1985,33.0,132.0,132,1.0,1969.0,0,0,0,0,0,1,1,0,0,1,0,0,0,0,0,0,0,0,0,0,0.518,1998,3.111111111111111,1998,USA1953
428,24,Hahm (1998),-0.47,1.1808,0,,,,,,,,,,,,1,0,0,0,0,0,0,0,0,0,0,,0,0,1,0,1,0,0,0,0,0,0,USA,0,0,1953,1985,33.0,132.0,132,1.0,1969.0,0,0,0,0,0,1,0,0,1,1,0,0,0,0,0,0,0,0,0,0,0.518,1998,3.111111111111111,1998,USA1953
429,24,Hahm (1998),0.1692,0.2153,0,,,,,,,,,,,,1,0,0,0,0,0,0,0,0,0,0,,0,0,1,0,1,0,0,0,0,0,0,USA,0,0,1953,1985,33.0,132.0,132,1.0,1969.0,0,0,0,0,0,1,1,1,0,1,0,1,0,0,0,0,0,0,0,0,0.518,1998,3.111111111111111,1998,USA1953
430,24,Hahm (1998),0.3473,0.1757,0,,,,,,,,,,,,1,0,0,0,0,0,0,0,0,0,0,,0,0,1,0,1,0,0,0,0,0,0,USA,0,0,1953,1985,33.0,132.0,132,1.0,1969.0,0,0,0,0,0,1,1,1,1,0,1,1,0,0,0,0,0,0,0,0,0.518,1998,3.111111111111111,1998,USA1953
431,24,Hahm (1998),0.205,0.2084,0,,,,,,,,,,,,1,0,0,0,0,0,0,0,0,0,0,,0,0,1,0,1,0,0,0,0,0,0,USA,0,0,1953,1985,33.0,132.0,132,1.0,1969.0,0,0,0,0,0,1,1,1,0,0,1,1,1,0,0,0,0,0,0,0,0.518,1998,3.111111111111111,1998,USA1953
432,24,Hahm (1998),-0.2778,1.6823,0,,,,,,,,,,,,1,0,0,0,0,0,0,0,0,0,0,,0,0,1,0,1,0,0,0,0,0,0,USA,0,0,1953,1985,33.0,132.0,132,1.0,1969.0,0,0,0,0,0,1,1,0,0,1,0,0,0,0,0,0,0,0,0,0,0.518,1998,3.111111111111111,1998,USA1953
433,24,Hahm (1998),0.4053,0.186,0,,,,,,,,,,,,1,0,0,0,0,0,0,0,0,0,0,,0,0,1,0,1,0,0,0,0,0,0,USA,0,0,1953,1985,33.0,132.0,132,1.0,1969.0,0,0,0,0,0,1,1,1,0,1,0,1,0,0,0,0,0,0,0,0,0.518,1998,3.111111111111111,1998,USA1953
434,24,Hahm (1998),0.4512,0.1304,0,,,,,,,,,,,,1,0,0,0,0,0,0,0,0,0,0,,0,0,1,0,1,0,0,0,0,0,0,USA,0,0,1953,1994,42.0,168.0,168,1.0,1973.5,0,0,0,0,1,0,1,1,0,1,0,1,0,0,0,0,0,0,0,0,0.518,1998,3.111111111111111,1998,USA1953
435,24,Hahm (1998),0.4799,0.1166,0,,,,,,,,,,,,1,0,0,0,0,0,0,0,0,0,0,,0,0,1,0,1,0,0,0,0,0,0,USA,0,0,1953,1994,42.0,168.0,168,1.0,1973.5,0,0,0,0,1,0,1,1,1,0,1,1,0,0,0,0,0,0,0,0,0.518,1998,3.111111111111111,1998,USA1953
436,24,Hahm (1998),0.4254,0.1314,0,,,,,,,,,,,,1,0,0,0,0,0,0,0,0,0,0,,0,0,1,0,1,0,0,0,0,0,0,USA,0,0,1953,1994,42.0,168.0,168,1.0,1973.5,0,0,0,0,1,0,1,1,0,0,1,1,1,0,0,0,0,0,0,0,0.518,1998,3.111111111111111,1998,USA1953
437,24,Hahm (1998),0.4681,0.1518,0,,,,,,,,,,,,1,0,0,0,0,0,0,0,0,0,0,,0,0,1,0,1,0,0,0,0,0,0,USA,0,0,1953,1994,42.0,168.0,168,1.0,1973.5,0,0,0,0,1,0,1,1,0,1,0,1,0,0,0,0,0,0,0,0,0.518,1998,3.111111111111111,1998,USA1953
438,24,Hahm (1998),0.4989,0.1388,0,,,,,,,,,,,,1,0,0,0,0,0,0,0,0,0,0,,0,0,1,0,1,0,0,0,0,0,0,USA,0,0,1953,1994,42.0,168.0,168,1.0,1973.5,0,0,0,0,1,0,1,1,1,0,1,1,0,0,0,0,0,0,0,0,0.518,1998,3.111111111111111,1998,USA1953
439,24,Hahm (1998),0.5024,0.1648,0,,,,,,,,,,,,1,0,0,0,0,0,0,0,0,0,0,,0,0,1,0,1,0,0,0,0,0,0,USA,0,0,1953,1994,42.0,168.0,168,1.0,1973.5,0,0,0,0,1,0,1,1,0,1,0,1,0,0,0,0,0,0,0,0,0.518,1998,3.111111111111111,1998,USA1953
440,24,Hahm (1998),0.4723,0.1462,0,,,,,,,,,,,,1,0,0,0,0,0,0,0,0,0,0,,0,0,1,0,1,0,0,0,0,0,0,USA,0,0,1953,1994,42.0,168.0,168,1.0,1973.5,0,0,0,0,1,0,1,1,1,0,1,1,0,0,0,0,0,0,0,0,0.518,1998,3.111111111111111,1998,USA1953
441,24,Hahm (1998),0.4076,0.1435,0,,,,,,,,,,,,1,0,0,0,0,0,0,0,0,0,0,,0,0,1,0,1,0,0,0,0,0,0,USA,0,0,1953,1994,42.0,168.0,168,1.0,1973.5,0,0,0,0,1,0,1,1,0,0,1,1,1,0,0,0,0,0,0,0,0.518,1998,3.111111111111111,1998,USA1953
442,24,Hahm (1998),0.547,0.1792,0,,,,,,,,,,,,1,0,0,0,0,0,0,0,0,0,0,,0,0,1,0,1,0,0,0,0,0,0,USA,0,0,1953,1994,42.0,168.0,168,1.0,1973.5,0,0,0,0,1,0,1,1,0,1,0,1,0,0,0,0,0,0,0,0,0.518,1998,3.111111111111111,1998,USA1953
443,24,Hahm (1998),0.5646,0.17,0,,,,,,,,,,,,1,0,0,0,0,0,0,0,0,0,0,,0,0,1,0,1,0,0,0,0,0,0,USA,0,0,1953,1994,42.0,168.0,168,1.0,1973.5,0,0,0,0,1,0,1,1,1,0,1,1,0,0,0,0,0,0,0,0,0.518,1998,3.111111111111111,1998,USA1953
444,24,Hahm (1998),0.4362,0.1565,0,,,,,,,,,,,,1,0,0,0,0,0,0,0,0,0,0,,0,0,1,0,1,0,0,0,0,0,0,USA,0,0,1953,1994,42.0,168.0,168,1.0,1973.5,0,0,0,0,1,0,1,1,0,0,1,1,1,0,0,0,0,0,0,0,0.518,1998,3.111111111111111,1998,USA1953
445,24,Hahm (1998),0.491,0.18,0,,,,,,,,,,,,1,0,0,0,0,0,0,0,0,0,0,,0,0,1,0,1,0,0,0,0,0,0,USA,0,0,1953,1994,42.0,168.0,168,1.0,1973.5,0,0,0,0,1,0,1,1,0,0,1,1,1,0,0,0,0,0,0,0,0.518,1998,3.111111111111111,1998,USA1953
446,25,Weber (1998),0.095,0.027,0,,,,,,,,,,,,1,0,0,0,0,0,0,0,0,0,0,,0,0,0,1,1,0,0,0,0,0,0,USA,0,1,1959,1989,30.416666666666668,365.0,365,1.0,1974.0,0,1,0,0,0,0,0,0,0,0,0,0,0,0,0,0,0,0,0,0,0.305,1998,0.6666666666666666,1998,USA1959
447,25,Weber (1998),0.202,0.08,0,,,,,,,,,,,,1,0,0,0,0,0,0,0,0,0,0,,0,0,1,0,1,0,0,0,0,0,0,USA,0,1,1959,1989,30.416666666666668,365.0,365,1.0,1974.0,0,0,0,0,0,1,1,1,0,1,0,0,1,0,0,0,0,0,0,0,0.305,1998,0.6666666666666666,1998,USA1959
448,25,Weber (1998),0.205,0.08,0,,,,,,,,,,,,1,0,0,0,0,0,0,0,0,0,0,,0,0,1,0,1,1,0,0,0,0,0,USA,0,1,1959,1989,30.416666666666668,365.0,365,1.0,1974.0,0,0,0,0,0,1,1,1,0,1,0,1,1,0,0,0,0,0,0,0,0.305,1998,0.6666666666666666,1998,USA1959
449,25,Weber (1998),0.089,0.023,0,,,,,,,,,,,,1,0,0,0,0,0,0,0,0,0,0,,0,0,0,1,1,0,0,0,0,0,0,USA,0,1,1959,1994,34.666666666666664,416.0,416,1.0,1976.5,0,1,0,0,0,0,0,0,0,0,0,0,0,0,0,0,0,0,0,0,0.305,1998,0.6666666666666666,1998,USA1959
450,25,Weber (1998),0.151,0.08,0,,,,,,,,,,,,1,0,0,0,0,0,0,0,0,0,0,,0,0,1,0,1,0,0,0,0,0,0,USA,0,1,1959,1994,34.666666666666664,416.0,416,1.0,1976.5,0,0,0,0,0,1,1,1,0,1,0,0,1,0,0,0,0,0,0,0,0.305,1998,0.6666666666666666,1998,USA1959
451,25,Weber (1998),0.175,0.079,0,,,,,,,,,,,,1,0,0,0,0,0,0,0,0,0,0,,0,0,1,0,1,1,0,0,0,0,0,USA,0,1,1959,1994,34.666666666666664,416.0,416,1.0,1976.5,0,0,0,0,0,1,1,1,0,1,0,1,1,0,0,0,0,0,0,0,0.305,1998,0.6666666666666666,1998,USA1959
452,26,Ludvigson (1999),0.36,0.1125,0,,,,,,,,,,,,0,0,0,0,0,0,0,0,0,0,0,,0,0,1,0,1,0,0,0,0,0,0,USA,0,0,1953,1993,40.25,161.0,161,1.0,1973.0,0,0,0,0,1,0,1,1,0,0,0,1,0,0,0,0,0,0,0,0,1.177,1996,12.25,1999,USA1953
453,26,Ludvigson (1999),0.385,0.11,0,,,,,,,,,,,,1,0,0,0,0,0,0,0,0,0,0,,0,0,1,0,1,0,0,0,0,0,0,USA,0,0,1953,1993,40.25,161.0,161,1.0,1973.0,0,0,0,0,1,0,1,1,0,1,0,1,0,0,0,0,0,0,0,0,1.177,1996,12.25,1999,USA1953
454,26,Ludvigson (1999),0.237,0.158,0,,,,,,,,,,,,1,0,0,0,0,0,0,0,0,0,0,,0,0,1,0,1,0,0,1,0,0,0,USA,0,0,1953,1993,40.25,161.0,161,1.0,1973.0,0,0,0,0,0,0,0,1,0,1,0,1,1,0,0,0,0,0,0,0,1.177,1996,12.25,1999,USA1953
455,26,Ludvigson (1999),0.313,0.098,0,,,,,,,,,,,,1,0,0,0,0,0,0,0,0,0,0,,0,0,1,0,1,0,0,1,0,0,0,USA,0,0,1953,1993,40.25,161.0,161,1.0,1973.0,0,0,0,0,1,0,1,1,0,1,0,1,1,0,0,0,0,0,0,0,1.177,1996,12.25,1999,USA1953
456,26,Ludvigson (1999),0.333,0.1507,0,,,,,,,,,,,,1,0,0,0,0,0,0,0,0,0,0,,0,0,1,0,1,0,0,1,0,0,0,USA,0,0,1959,1993,33.5,134.0,134,1.0,1976.0,0,0,0,0,1,0,0,1,0,1,0,1,1,0,0,0,0,0,0,0,1.177,1996,12.25,1999,USA1959
457,26,Ludvigson (1999),0.307,0.127,0,,,,,,,,,,,,1,0,0,0,0,0,0,0,0,0,0,,0,0,1,0,1,0,0,1,0,0,0,USA,0,0,1959,1993,33.5,134.0,134,1.0,1976.0,0,0,0,0,1,0,1,1,0,1,0,1,1,0,0,0,0,0,0,0,1.177,1996,12.25,1999,USA1959
458,26,Ludvigson (1999),0.265,0.165,0,,,,,,,,,,,,1,0,0,0,0,0,0,0,0,0,0,,0,0,1,0,1,0,0,1,0,0,0,USA,0,0,1978,1993,15.25,61.0,61,1.0,1985.5,0,0,0,0,0,0,1,1,0,1,0,1,1,0,0,0,0,0,0,0,1.177,1996,12.25,1999,USA1978
459,26,Ludvigson (1999),0.294,0.1539,0,,,,,,,,,,,,1,0,0,0,0,0,0,0,0,0,0,,0,0,1,0,1,0,0,1,0,0,0,USA,0,0,1978,1993,15.25,61.0,61,1.0,1985.5,0,0,0,0,0,0,0,1,0,1,0,1,1,0,0,0,0,0,0,0,1.177,1996,12.25,1999,USA1978
460,26,Ludvigson (1999),0.366,0.1413,0,,,,,,,,,,,,1,0,0,0,0,0,0,0,0,0,0,,0,0,1,0,1,0,0,1,0,0,0,USA,0,0,1978,1993,15.25,61.0,61,1.0,1985.5,0,0,0,0,1,0,1,1,0,1,0,1,1,0,0,0,0,0,0,0,1.177,1996,12.25,1999,USA1978
461,27,Hatzinikolaou (1999),0.39,0.0997,0,,,,,,,,,,,,0,0,0,0,0,0,0,0,0,0,0,,0,0,0,0,1,0,0,0,0,0,0,Greece,1,0,1960,1993,34.0,34.0,34,1.0,1976.5,0,0,0,0,0,1,1,1,0,0,0,0,1,0,1,0,0,0,0,0,0.076,1999,0.4117647058823529,1999,Greece1960
462,27,Hatzinikolaou (1999),0.52,0.111,0,,,,,,,,,,,,0,0,0,0,0,0,0,0,0,0,0,,0,0,0,0,1,1,0,0,0,0,0,Greece,1,0,1960,1993,34.0,34.0,34,1.0,1976.5,0,0,0,0,0,1,1,1,0,0,0,0,1,0,1,0,0,0,0,0,0.076,1999,0.4117647058823529,1999,Greece1960
463,27,Hatzinikolaou (1999),0.71,0.096,0,,,,,,,,,,,,1,0,0,0,0,0,0,0,0,0,0,,0,0,0,0,1,0,0,0,0,0,0,Greece,1,0,1960,1993,34.0,34.0,34,1.0,1976.5,0,0,0,0,0,1,1,1,0,0,0,0,1,0,0,0,0,0,0,0,0.076,1999,0.4117647058823529,1999,Greece1960
464,27,Hatzinikolaou (1999),0.34,0.2809,0,,,,,,,,,,,,1,0,0,0,0,0,1,1,0,0,0,,0,0,0,0,1,0,0,0,0,0,0,Greece,1,0,1960,1993,34.0,34.0,34,1.0,1976.5,0,0,0,0,0,1,1,1,0,0,0,0,1,1,0,0,0,0,0,0,0.076,1999,0.4117647058823529,1999,Greece1960
465,27,Hatzinikolaou (1999),0.27,0.137,0,,,,,,,,,,,,1,0,0,0,0,0,1,1,0,0,0,,0,0,0,0,1,0,0,0,0,0,0,Greece,1,0,1960,1993,34.0,34.0,34,1.0,1976.5,0,0,0,0,0,1,1,1,0,0,0,0,1,1,0,0,0,0,0,0,0.076,1999,0.4117647058823529,1999,Greece1960
466,27,Hatzinikolaou (1999),0.19,0.0657,0,,,,,,,,,,,,1,0,0,0,0,0,1,1,0,0,0,,0,0,0,0,1,0,0,0,0,0,0,Greece,1,0,1960,1993,34.0,34.0,34,1.0,1976.5,0,0,0,0,0,1,1,1,0,0,0,0,1,1,0,0,0,0,0,0,0.076,1999,0.4117647058823529,1999,Greece1960
467,27,Hatzinikolaou (1999),0.36,0.11,0,,,,,,,,,,,,1,0,0,0,0,0,1,1,0,0,0,,0,0,0,0,1,0,0,0,0,0,0,Greece,1,0,1960,1993,34.0,34.0,34,1.0,1976.5,0,0,0,0,0,1,1,1,0,0,0,0,1,1,0,0,0,0,0,0,0.076,1999,0.4117647058823529,1999,Greece1960
468,28,Weber (2000),0.0084,0.2093,0,,,,,,,,,,,,1,0,0,0,0,0,0,0,0,0,0,,0,0,0,0,0,0,0,0,0,0,0,USA,0,0,1959,1991,32.0,128.0,128,1.0,1975.0,0,0,0,0,0,1,1,1,0,1,0,0,1,1,0,0,0,0,0,0,0.851,2000,1.5625,2000,USA1959
469,28,Weber (2000),-0.0745,0.1452,0,,,,,,,,,,,,1,0,0,0,0,0,0,0,0,0,0,,0,0,0,0,0,0,0,0,0,0,0,USA,0,0,1959,1991,32.0,128.0,128,1.0,1975.0,0,0,0,0,0,1,1,1,0,1,0,0,1,1,0,0,0,0,0,0,0.851,2000,1.5625,2000,USA1959
470,28,Weber (2000),-0.1602,0.3295,0,,,,,,,,,,,,1,0,0,0,0,0,0,0,0,0,0,,0,0,0,0,0,0,0,0,0,0,0,USA,0,0,1959,1991,32.0,128.0,128,1.0,1975.0,0,0,0,0,0,1,1,1,0,0,0,0,0,1,0,0,0,0,0,0,0.851,2000,1.5625,2000,USA1959
471,28,Weber (2000),0.568,1.2958,0,,,,,,,,,,,,1,0,0,0,0,0,0,0,0,0,0,,0,0,0,0,0,0,0,0,0,0,0,USA,0,0,1959,1991,32.0,128.0,128,1.0,1975.0,0,0,0,0,0,1,0,0,0,1,0,0,1,1,0,0,0,0,0,0,0.851,2000,1.5625,2000,USA1959
472,28,Weber (2000),-0.0055,0.1168,0,,,,,,,,,,,,1,0,0,0,0,0,0,0,0,0,0,,0,0,0,0,0,0,0,0,0,0,0,USA,0,0,1959,1991,32.0,128.0,128,1.0,1975.0,0,0,0,0,0,1,1,1,0,1,0,0,1,1,0,0,0,0,0,0,0.851,2000,1.5625,2000,USA1959
473,28,Weber (2000),-0.046,0.1279,0,,,,,,,,,,,,1,0,0,0,0,0,0,0,0,0,0,,0,0,0,0,0,0,0,0,0,0,0,USA,0,0,1959,1991,32.0,128.0,128,1.0,1975.0,0,0,0,0,0,1,1,1,0,1,0,0,1,1,0,0,0,0,0,0,0.851,2000,1.5625,2000,USA1959
474,28,Weber (2000),0.0207,0.1174,0,,,,,,,,,,,,1,0,0,0,0,0,0,0,0,0,0,,0,0,0,0,0,0,0,0,0,0,0,USA,0,0,1959,1991,32.0,128.0,128,1.0,1975.0,0,0,0,0,0,1,1,1,0,0,0,0,0,1,0,0,0,0,0,0,0.851,2000,1.5625,2000,USA1959
475,28,Weber (2000),-0.108,0.4109,0,,,,,,,,,,,,1,0,0,0,0,0,0,0,0,0,0,,0,0,0,0,0,0,0,0,0,0,0,USA,0,0,1959,1991,32.0,128.0,128,1.0,1975.0,0,0,0,0,0,1,0,0,0,1,0,0,1,1,0,0,0,0,0,0,0.851,2000,1.5625,2000,USA1959
476,29,Bandiera  et al. (2000),0.68,0.029,0,,,,,,,,,,,,1,0,1,0,0,0,0,0,0,1,0,,0,0,0,0,0,0,0,0,0,0,0,"Chile, Ghana, Indonesia, Korea, Malaysia, Mexico, Turkey, Zimbabwe",1,0,1970,1994,25.0,25.0,200,8.0,1982.0,0,0,0,0,0,1,1,1,0,1,0,0,0,0,0,0,0,0,0,0,1.177,1998,22.72222222222222,2000,"Chile, Ghana, Indonesia, Korea, Malaysia, Mexico, Turkey, Zimbabwe1970"
477,29,Bandiera  et al. (2000),0.55,0.1707,0,,,,,,,,,,,,1,0,0,0,0,0,0,0,0,1,0,,0,0,0,0,0,0,0,0,0,0,0,Chile,1,0,1970,1994,25.0,25.0,25,1.0,1982.0,0,0,0,0,0,1,1,1,0,1,0,0,0,0,0,0,0,0,0,0,1.177,1998,22.72222222222222,2000,Chile1970
478,29,Bandiera  et al. (2000),1.705,1.6145,0,,,,,,,,,,,,1,0,0,0,0,0,0,0,0,1,0,,0,0,0,0,0,0,0,0,0,0,0,Ghana,1,0,1970,1994,25.0,25.0,25,1.0,1982.0,0,0,0,0,0,1,1,1,0,1,0,0,0,0,0,0,0,0,0,0,1.177,1998,22.72222222222222,2000,Ghana1970
479,29,Bandiera  et al. (2000),1.606,1.4429,0,,,,,,,,,,,,1,0,0,0,0,0,0,0,0,1,0,,0,0,0,0,0,0,0,0,0,0,0,Indonesia,1,0,1971,1994,24.0,24.0,24,1.0,1982.5,0,0,0,0,0,1,1,1,0,1,0,0,0,0,0,0,0,0,0,0,1.177,1998,22.72222222222222,2000,Indonesia1971
480,29,Bandiera  et al. (2000),0.359,0.1718,0,,,,,,,,,,,,1,0,0,0,0,0,0,0,0,1,0,,0,0,0,0,0,0,0,0,0,0,0,Korea,1,0,1970,1993,24.0,24.0,24,1.0,1981.5,0,0,0,0,0,1,1,1,0,1,0,0,0,0,0,0,0,0,0,0,1.177,1998,22.72222222222222,2000,Korea1970
481,29,Bandiera  et al. (2000),1.185,0.457,0,,,,,,,,,,,,1,0,0,0,0,0,0,0,0,1,0,,0,0,0,0,0,0,0,0,0,0,0,Malaysia,1,0,1970,1994,25.0,25.0,25,1.0,1982.0,0,0,0,0,0,1,1,1,0,1,0,0,0,0,0,0,0,0,0,0,1.177,1998,22.72222222222222,2000,Malaysia1970
482,29,Bandiera  et al. (2000),0.687,0.2196,0,,,,,,,,,,,,1,0,0,0,0,0,0,0,0,1,0,,0,0,0,0,0,0,0,0,0,0,0,Mexico,1,0,1970,1994,25.0,25.0,25,1.0,1982.0,0,0,0,0,0,1,1,1,0,1,0,0,0,0,0,0,0,0,0,0,1.177,1998,22.72222222222222,2000,Mexico1970
483,29,Bandiera  et al. (2000),0.575,0.3979,0,,,,,,,,,,,,1,0,0,0,0,0,0,0,0,1,0,,0,0,0,0,0,0,0,0,0,0,0,Turkey,1,0,1970,1994,25.0,25.0,25,1.0,1982.0,0,0,0,0,0,1,1,1,0,1,0,0,0,0,0,0,0,0,0,0,1.177,1998,22.72222222222222,2000,Turkey1970
484,29,Bandiera  et al. (2000),1.088,0.3207,0,,,,,,,,,,,,1,0,0,0,0,0,0,0,0,1,0,,0,0,0,0,0,0,0,0,0,0,0,Zimbabwe,1,0,1974,1993,20.0,20.0,20,1.0,1983.5,0,0,0,0,0,1,1,1,0,1,0,0,0,0,0,0,0,0,0,0,1.177,1998,22.72222222222222,2000,Zimbabwe1974
485,30,Girardin  et al. (2000),0.194,0.073,0,,,,,,,,,,,,0,0,0,0,0,0,0,0,0,0,0,,0,0,0,1,1,0,0,0,0,0,0,France,0,0,1970,1993,24.0,96.0,96,1.0,1981.5,0,1,0,0,0,0,0,0,0,0,0,0,0,0,0,0,0,0,0,0,0.166,2000,1.5,2000,France1970
486,30,Girardin  et al. (2000),0.36,0.123,0,,,,,,,,,,,,0,0,0,0,0,0,0,0,0,0,0,,0,0,1,0,1,0,0,0,0,0,0,France,0,0,1970,1993,24.0,96.0,96,1.0,1981.5,0,0,0,0,1,0,1,1,1,1,1,1,1,0,0,0,0,0,0,0,0.166,2000,1.5,2000,France1970
487,30,Girardin  et al. (2000),0.117,0.108,0,,,,,,,,,,,,0,0,0,0,0,0,0,0,0,0,0,,0,0,1,0,1,0,0,0,0,0,0,France,0,0,1970,1993,24.0,96.0,96,1.0,1981.5,0,0,0,0,1,0,1,1,1,1,1,1,1,0,0,0,0,0,0,0,0.166,2000,1.5,2000,France1970
488,30,Girardin  et al. (2000),0.194,0.074,0,,,,,,,,,,,,1,0,0,0,0,0,0,0,0,0,0,,0,0,0,1,1,0,0,0,0,0,0,France,0,0,1970,1993,24.0,96.0,96,1.0,1981.5,0,1,0,0,0,0,0,0,0,0,0,0,0,0,0,0,0,0,0,0,0.166,2000,1.5,2000,France1970
489,30,Girardin  et al. (2000),0.344,0.126,0,,,,,,,,,,,,1,0,0,0,0,0,0,0,0,0,0,,0,0,1,0,1,0,0,0,0,0,0,France,0,0,1970,1993,24.0,96.0,96,1.0,1981.5,0,0,0,0,0,1,1,1,1,1,1,1,1,0,0,0,0,0,0,0,0.166,2000,1.5,2000,France1970
490,30,Girardin  et al. (2000),0.088,0.118,0,,,,,,,,,,,,1,0,0,0,0,0,0,0,0,0,0,,0,0,1,0,1,0,0,0,0,0,0,France,0,0,1970,1993,24.0,96.0,96,1.0,1981.5,0,0,0,0,0,1,1,1,1,1,1,1,1,0,0,0,0,0,0,0,0.166,2000,1.5,2000,France1970
491,31,Dutta and Weale (2001),-0.472,0.172,0,,,,,,,,,,,,1,0,0,0,0,0,0,0,0,1,0,,0,0,0,1,1,0,0,0,0,0,0,UK,0,0,1978,1998,20.25,81.0,81,1.0,1988.0,0,1,0,0,0,0,0,0,0,0,0,0,0,0,0,0,0,0,0,0,0.308,2001,0.5333333333333333,2001,UK1978
492,32,Weber (2002),-0.2017,0.2317,0,,,,,,,,,,,,1,0,0,0,0,0,0,0,0,0,0,,0,0,0,0,0,0,0,0,0,0,0,USA,0,1,1959,1994,35.416666666666664,425.0,425,1.0,1976.5,0,0,0,0,0,1,1,1,0,1,0,0,0,1,0,0,0,0,0,0,1.803,2002,2.642857142857143,2002,USA1959
493,32,Weber (2002),-0.3336,0.3102,0,,,,,,,,,,,,1,0,0,0,0,0,0,0,0,0,0,,0,0,0,0,0,0,0,0,0,0,0,USA,0,1,1959,1994,35.416666666666664,425.0,425,1.0,1976.5,0,0,0,0,0,1,1,1,0,1,0,0,0,1,0,0,0,0,0,0,1.803,2002,2.642857142857143,2002,USA1959
494,32,Weber (2002),-0.8716,1.0495,0,,,,,,,,,,,,1,0,0,0,0,0,0,0,0,0,0,,0,0,0,0,0,0,0,0,0,0,0,USA,0,1,1959,1994,35.416666666666664,425.0,425,1.0,1976.5,0,0,0,0,0,1,1,1,0,1,0,0,0,1,0,0,0,0,0,0,1.803,2002,2.642857142857143,2002,USA1959
495,32,Weber (2002),-0.2176,0.2481,0,,,,,,,,,,,,1,0,0,0,0,0,0,0,0,0,0,,0,0,0,0,0,0,0,0,0,0,0,USA,0,1,1959,1994,35.416666666666664,425.0,425,1.0,1976.5,0,0,0,0,0,1,1,1,0,1,0,1,0,1,0,0,0,0,0,0,1.803,2002,2.642857142857143,2002,USA1959
496,32,Weber (2002),-0.5822,0.7081,0,,,,,,,,,,,,1,0,0,0,0,0,0,0,0,0,0,,0,0,0,0,0,0,0,0,0,0,0,USA,0,1,1959,1994,35.416666666666664,425.0,425,1.0,1976.5,0,0,0,0,0,1,1,1,0,1,0,1,0,1,0,0,0,0,0,0,1.803,2002,2.642857142857143,2002,USA1959
497,32,Weber (2002),-1.1135,2.0974,0,,,,,,,,,,,,1,0,0,0,0,0,0,0,0,0,0,,0,0,0,0,0,0,0,0,0,0,0,USA,0,1,1959,1994,35.416666666666664,425.0,425,1.0,1976.5,0,0,0,0,0,1,1,1,0,1,0,1,0,1,0,0,0,0,0,0,1.803,2002,2.642857142857143,2002,USA1959
498,32,Weber (2002),-0.356,1.7112,0,,,,,,,,,,,,1,0,0,0,0,0,0,0,1,0,0,,0,0,0,0,0,0,0,0,0,0,0,USA,0,1,1959,1994,35.416666666666664,425.0,425,1.0,1976.5,0,0,0,0,0,1,1,1,0,1,0,0,0,1,0,0,0,0,0,0,1.803,2002,2.642857142857143,2002,USA1959
499,32,Weber (2002),0.1419,0.4681,0,,,,,,,,,,,,1,0,0,0,0,0,0,0,1,0,0,,0,0,0,0,0,0,0,0,0,0,0,USA,0,1,1959,1994,35.416666666666664,425.0,425,1.0,1976.5,0,0,0,0,0,1,1,1,0,1,0,0,0,1,0,0,0,0,0,0,1.803,2002,2.642857142857143,2002,USA1959
500,32,Weber (2002),0.1213,0.1482,0,,,,,,,,,,,,1,0,0,0,0,0,0,0,1,0,0,,0,0,0,0,0,0,0,0,0,0,0,USA,0,1,1959,1994,35.416666666666664,425.0,425,1.0,1976.5,0,0,0,0,0,1,1,1,0,1,0,0,0,1,0,0,0,0,0,0,1.803,2002,2.642857142857143,2002,USA1959
501,32,Weber (2002),-0.5326,0.7504,0,,,,,,,,,,,,1,0,0,0,0,0,0,0,1,0,0,,0,0,0,0,0,0,0,0,0,0,0,USA,0,1,1959,1994,35.416666666666664,425.0,425,1.0,1976.5,0,0,0,0,0,1,1,1,0,1,0,1,0,1,0,0,0,0,0,0,1.803,2002,2.642857142857143,2002,USA1959
502,32,Weber (2002),0.0095,0.2182,0,,,,,,,,,,,,1,0,0,0,0,0,0,0,1,0,0,,0,0,0,0,0,0,0,0,0,0,0,USA,0,1,1959,1994,35.416666666666664,425.0,425,1.0,1976.5,0,0,0,0,0,1,1,1,0,1,0,0,0,1,0,0,0,0,0,0,1.803,2002,2.642857142857143,2002,USA1959
503,32,Weber (2002),-0.1121,0.4681,0,,,,,,,,,,,,1,0,0,0,0,0,0,0,1,0,0,,0,0,0,0,0,0,0,0,0,0,0,USA,0,1,1959,1994,35.416666666666664,425.0,425,1.0,1976.5,0,0,0,0,0,1,1,1,0,1,0,0,0,1,0,0,0,0,0,0,1.803,2002,2.642857142857143,2002,USA1959
504,32,Weber (2002),-0.0453,0.0629,0,,,,,,,,,,,,1,0,0,0,0,0,0,0,1,0,0,,0,0,0,0,0,0,0,0,0,0,0,USA,0,1,1959,1994,35.416666666666664,425.0,425,1.0,1976.5,0,0,0,0,0,1,1,1,0,1,0,0,0,1,0,0,0,0,0,0,1.803,2002,2.642857142857143,2002,USA1959
505,32,Weber (2002),-0.1244,0.0848,0,,,,,,,,,,,,1,0,0,0,0,0,0,0,1,0,0,,0,0,0,0,0,0,0,0,0,0,0,USA,0,1,1959,1994,35.416666666666664,425.0,425,1.0,1976.5,0,0,0,0,0,1,1,1,0,1,0,1,0,1,0,0,0,0,0,0,1.803,2002,2.642857142857143,2002,USA1959
506,32,Weber (2002),-0.1108,0.101,0,,,,,,,,,,,,1,0,0,0,0,0,0,0,1,0,0,,0,0,0,0,0,0,0,0,0,0,0,USA,0,1,1959,1994,35.416666666666664,425.0,425,1.0,1976.5,0,0,0,0,0,1,1,1,0,1,0,1,0,1,0,0,0,0,0,0,1.803,2002,2.642857142857143,2002,USA1959
507,32,Weber (2002),0.0004,0.0518,0,,,,,,,,,,,,1,0,0,0,0,0,0,0,1,0,0,,0,0,0,0,0,0,0,0,0,0,0,USA,0,1,1959,1994,35.416666666666664,425.0,425,1.0,1976.5,0,0,0,0,0,1,1,1,0,1,0,1,0,1,0,0,0,0,0,0,1.803,2002,2.642857142857143,2002,USA1959
508,32,Weber (2002),-0.3806,0.0418,0,,,,,,,,,,,,1,0,0,0,0,0,0,0,1,0,0,,0,0,0,0,0,0,0,0,0,0,0,USA,0,1,1959,1994,35.416666666666664,425.0,425,1.0,1976.5,0,0,0,0,0,1,1,1,0,1,0,0,0,1,0,0,0,0,0,0,1.803,2002,2.642857142857143,2002,USA1959
509,32,Weber (2002),0.0962,0.0727,0,,,,,,,,,,,,1,0,0,0,0,0,0,0,1,0,0,,0,0,0,0,0,0,0,0,0,0,0,USA,0,1,1959,1994,35.416666666666664,425.0,425,1.0,1976.5,0,0,0,0,0,1,1,1,0,1,0,0,0,1,0,0,0,0,0,0,1.803,2002,2.642857142857143,2002,USA1959
510,32,Weber (2002),-0.1846,0.1827,0,,,,,,,,,,,,1,0,0,0,0,0,0,0,1,0,0,,0,0,0,0,0,0,0,0,0,0,0,USA,0,1,1959,1994,35.416666666666664,425.0,425,1.0,1976.5,0,0,0,0,0,1,1,1,0,1,0,1,0,1,0,0,0,0,0,0,1.803,2002,2.642857142857143,2002,USA1959
511,32,Weber (2002),-0.0866,0.0169,0,,,,,,,,,,,,1,0,0,0,0,0,0,0,1,0,0,,0,0,0,0,0,0,0,0,0,0,0,USA,0,1,1959,1994,35.416666666666664,425.0,425,1.0,1976.5,0,0,0,0,0,1,1,1,0,1,0,1,0,1,0,0,0,0,0,0,1.803,2002,2.642857142857143,2002,USA1959
512,32,Weber (2002),-0.4346,0.0579,0,,,,,,,,,,,,1,0,0,0,0,0,0,0,1,0,0,,0,0,0,0,0,0,0,0,0,0,0,USA,0,1,1959,1994,35.416666666666664,425.0,425,1.0,1976.5,0,0,0,0,0,1,1,1,0,1,0,1,0,1,0,0,0,0,0,0,1.803,2002,2.642857142857143,2002,USA1959
513,33,Sarantis and Stewart (2003),0.611,0.2117,0,,,,,,,,,,,,1,0,0,0,0,0,0,0,0,1,0,,0,0,0,0,1,0,0,0,0,0,0,Australia,1,0,1960,1994,35.0,35.0,35,1.0,1977.0,0,0,0,0,0,0,1,1,0,1,1,0,1,0,0,0,0,0,0,0,0.076,2003,2.076923076923077,2003,Australia1960
514,33,Sarantis and Stewart (2003),0.632,0.22269,0,,,,,,,,,,,,0,0,0,0,0,0,0,0,0,1,0,,0,0,0,0,1,0,0,0,0,0,0,Australia,1,0,1960,1994,35.0,35.0,35,1.0,1977.0,0,0,0,0,0,0,1,1,0,1,1,0,1,0,0,0,0,0,0,0,0.076,2003,2.076923076923077,2003,Australia1960
515,33,Sarantis and Stewart (2003),0.741,0.153,0,,,,,,,,,,,,1,0,0,0,0,0,0,0,0,1,0,,0,0,0,0,1,0,0,0,0,0,0,Austria,1,0,1960,1994,35.0,35.0,35,1.0,1977.0,0,0,0,0,1,0,1,1,0,1,1,0,1,0,0,0,0,0,0,0,0.076,2003,2.076923076923077,2003,Austria1960
516,33,Sarantis and Stewart (2003),0.665,0.0979,0,,,,,,,,,,,,0,0,0,0,0,0,0,0,0,1,0,,0,0,0,0,1,0,0,0,0,0,0,Austria,1,0,1960,1994,35.0,35.0,35,1.0,1977.0,0,0,0,0,1,0,1,1,0,1,1,0,1,0,0,0,0,0,0,0,0.076,2003,2.076923076923077,2003,Austria1960
517,33,Sarantis and Stewart (2003),0.313,0.2184,0,,,,,,,,,,,,1,0,0,0,0,0,0,0,0,1,0,,0,0,0,0,1,0,0,0,0,0,0,Belgium,1,0,1960,1994,35.0,35.0,35,1.0,1977.0,0,0,0,0,1,0,1,1,0,1,1,0,1,0,0,0,0,0,0,0,0.076,2003,2.076923076923077,2003,Belgium1960
518,33,Sarantis and Stewart (2003),0.574,0.14279,0,,,,,,,,,,,,0,0,0,0,0,0,0,0,0,1,0,,0,0,0,0,1,0,0,0,0,0,0,Belgium,1,0,1960,1994,35.0,35.0,35,1.0,1977.0,0,0,0,0,1,0,1,1,0,1,1,0,1,0,0,0,0,0,0,0,0.076,2003,2.076923076923077,2003,Belgium1960
519,33,Sarantis and Stewart (2003),0.916,0.1971,0,,,,,,,,,,,,1,0,0,0,0,0,0,0,0,1,0,,0,0,0,0,1,0,0,0,0,0,0,Canada,1,0,1960,1994,35.0,35.0,35,1.0,1977.0,0,0,0,0,1,0,1,1,0,1,1,0,1,0,0,0,0,0,0,0,0.076,2003,2.076923076923077,2003,Canada1960
520,33,Sarantis and Stewart (2003),0.855,0.0966,0,,,,,,,,,,,,0,0,0,0,0,0,0,0,0,1,0,,0,0,0,0,1,0,0,0,0,0,0,Canada,1,0,1960,1994,35.0,35.0,35,1.0,1977.0,0,0,0,0,1,0,1,1,0,1,1,0,1,0,0,0,0,0,0,0,0.076,2003,2.076923076923077,2003,Canada1960
521,33,Sarantis and Stewart (2003),0.654,0.05619,0,,,,,,,,,,,,1,0,0,0,0,0,0,0,0,1,0,,0,0,0,0,1,0,0,0,0,0,0,Denmark,1,0,1960,1994,35.0,35.0,35,1.0,1977.0,0,0,0,0,1,0,1,1,0,1,1,0,1,0,0,0,0,0,0,0,0.076,2003,2.076923076923077,2003,Denmark1960
522,33,Sarantis and Stewart (2003),0.601,0.055325,0,,,,,,,,,,,,0,0,0,0,0,0,0,0,0,1,0,,0,0,0,0,1,0,0,0,0,0,0,Denmark,1,0,1960,1994,35.0,35.0,35,1.0,1977.0,0,0,0,0,1,0,1,1,0,1,1,0,1,0,0,0,0,0,0,0,0.076,2003,2.076923076923077,2003,Denmark1960
523,33,Sarantis and Stewart (2003),0.676,0.08236,0,,,,,,,,,,,,1,0,0,0,0,0,0,0,0,1,0,,0,0,0,0,1,0,0,0,0,0,0,Finland,1,0,1960,1994,35.0,35.0,35,1.0,1977.0,0,0,0,0,1,0,1,1,0,1,1,0,1,0,0,0,0,0,0,0,0.076,2003,2.076923076923077,2003,Finland1960
524,33,Sarantis and Stewart (2003),0.642,0.0828,0,,,,,,,,,,,,0,0,0,0,0,0,0,0,0,1,0,,0,0,0,0,1,0,0,0,0,0,0,Finland,1,0,1960,1994,35.0,35.0,35,1.0,1977.0,0,0,0,0,1,0,1,1,0,1,1,0,1,0,0,0,0,0,0,0,0.076,2003,2.076923076923077,2003,Finland1960
525,33,Sarantis and Stewart (2003),0.841,0.1011,0,,,,,,,,,,,,1,0,0,0,0,0,0,0,0,1,0,,0,0,0,0,1,0,0,0,0,0,0,France,1,0,1960,1994,35.0,35.0,35,1.0,1977.0,0,0,0,0,1,0,1,1,0,1,1,0,1,0,0,0,0,0,0,0,0.076,2003,2.076923076923077,2003,France1960
526,33,Sarantis and Stewart (2003),0.632,0.0847,0,,,,,,,,,,,,0,0,0,0,0,0,0,0,0,1,0,,0,0,0,0,1,0,0,0,0,0,0,France,1,0,1960,1994,35.0,35.0,35,1.0,1977.0,0,0,0,0,1,0,1,1,0,1,1,0,1,0,0,0,0,0,0,0,0.076,2003,2.076923076923077,2003,France1960
527,33,Sarantis and Stewart (2003),0.823,0.1002,0,,,,,,,,,,,,1,0,0,0,0,0,0,0,0,1,0,,0,0,0,0,1,0,0,0,0,0,0,Germany,1,0,1960,1994,35.0,35.0,35,1.0,1977.0,0,0,0,0,1,0,1,1,0,1,1,0,1,0,0,0,0,0,0,0,0.076,2003,2.076923076923077,2003,Germany1960
528,33,Sarantis and Stewart (2003),0.944,0.05179,0,,,,,,,,,,,,0,0,0,0,0,0,0,0,0,1,0,,0,0,0,0,1,0,0,0,0,0,0,Germany,1,0,1960,1994,35.0,35.0,35,1.0,1977.0,0,0,0,0,1,0,1,1,0,1,1,0,1,0,0,0,0,0,0,0,0.076,2003,2.076923076923077,2003,Germany1960
529,33,Sarantis and Stewart (2003),0.565,0.08023,0,,,,,,,,,,,,1,0,0,0,0,0,0,0,0,1,0,,0,0,0,0,1,0,0,0,0,0,0,Greece,1,0,1960,1994,35.0,35.0,35,1.0,1977.0,0,0,0,0,1,0,1,1,0,1,1,0,1,0,0,0,0,0,0,0,0.076,2003,2.076923076923077,2003,Greece1960
530,33,Sarantis and Stewart (2003),0.68,0.0797,0,,,,,,,,,,,,0,0,0,0,0,0,0,0,0,1,0,,0,0,0,0,1,0,0,0,0,0,0,Greece,1,0,1960,1994,35.0,35.0,35,1.0,1977.0,0,0,0,0,1,0,1,1,0,1,1,0,1,0,0,0,0,0,0,0,0.076,2003,2.076923076923077,2003,Greece1960
531,33,Sarantis and Stewart (2003),0.68,0.0598,0,,,,,,,,,,,,1,0,0,0,0,0,0,0,0,1,0,,0,0,0,0,1,0,0,0,0,0,0,Iceland,1,0,1960,1994,35.0,35.0,35,1.0,1977.0,0,0,0,0,1,0,1,1,0,1,1,0,1,0,0,0,0,0,0,0,0.076,2003,2.076923076923077,2003,Iceland1960
532,33,Sarantis and Stewart (2003),0.702,0.0729,0,,,,,,,,,,,,0,0,0,0,0,0,0,0,0,1,0,,0,0,0,0,1,0,0,0,0,0,0,Iceland,1,0,1960,1994,35.0,35.0,35,1.0,1977.0,0,0,0,0,1,0,1,1,0,1,1,0,1,0,0,0,0,0,0,0,0.076,2003,2.076923076923077,2003,Iceland1960
533,33,Sarantis and Stewart (2003),0.455,0.13261,0,,,,,,,,,,,,1,0,0,0,0,0,0,0,0,1,0,,0,0,0,0,1,0,0,0,0,0,0,Ireland,1,0,1960,1994,35.0,35.0,35,1.0,1977.0,0,0,0,0,1,0,1,1,0,1,1,0,1,0,0,0,0,0,0,0,0.076,2003,2.076923076923077,2003,Ireland1960
534,33,Sarantis and Stewart (2003),0.367,0.1284,0,,,,,,,,,,,,0,0,0,0,0,0,0,0,0,1,0,,0,0,0,0,1,0,0,0,0,0,0,Ireland,1,0,1960,1994,35.0,35.0,35,1.0,1977.0,0,0,0,0,1,0,1,1,0,1,1,0,1,0,0,0,0,0,0,0,0.076,2003,2.076923076923077,2003,Ireland1960
535,33,Sarantis and Stewart (2003),0.617,0.0899,0,,,,,,,,,,,,1,0,0,0,0,0,0,0,0,1,0,,0,0,0,0,1,0,0,0,0,0,0,Italy,1,0,1960,1994,35.0,35.0,35,1.0,1977.0,0,0,0,0,1,0,1,1,0,1,1,0,1,0,0,0,0,0,0,0,0.076,2003,2.076923076923077,2003,Italy1960
536,33,Sarantis and Stewart (2003),0.781,0.071142,0,,,,,,,,,,,,0,0,0,0,0,0,0,0,0,1,0,,0,0,0,0,1,0,0,0,0,0,0,Italy,1,0,1960,1994,35.0,35.0,35,1.0,1977.0,0,0,0,0,1,0,1,1,0,1,1,0,1,0,0,0,0,0,0,0,0.076,2003,2.076923076923077,2003,Italy1960
537,33,Sarantis and Stewart (2003),0.775,0.062,0,,,,,,,,,,,,1,0,0,0,0,0,0,0,0,1,0,,0,0,0,0,1,0,0,0,0,0,0,Japan,1,0,1960,1994,35.0,35.0,35,1.0,1977.0,0,0,0,0,1,0,1,1,0,1,1,0,1,0,0,0,0,0,0,0,0.076,2003,2.076923076923077,2003,Japan1960
538,33,Sarantis and Stewart (2003),0.918,0.06918,0,,,,,,,,,,,,0,0,0,0,0,0,0,0,0,1,0,,0,0,0,0,1,0,0,0,0,0,0,Japan,1,0,1960,1994,35.0,35.0,35,1.0,1977.0,0,0,0,0,1,0,1,1,0,1,1,0,1,0,0,0,0,0,0,0,0.076,2003,2.076923076923077,2003,Japan1960
539,33,Sarantis and Stewart (2003),1.185,0.23167,0,,,,,,,,,,,,1,0,0,0,0,0,0,0,0,1,0,,0,0,0,0,1,0,0,0,0,0,0,Netherlands,1,0,1960,1994,35.0,35.0,35,1.0,1977.0,0,0,0,0,1,0,1,1,0,1,1,0,1,0,0,0,0,0,0,0,0.076,2003,2.076923076923077,2003,Netherlands1960
540,33,Sarantis and Stewart (2003),0.993,0.1253,0,,,,,,,,,,,,0,0,0,0,0,0,0,0,0,1,0,,0,0,0,0,1,0,0,0,0,0,0,Netherlands,1,0,1960,1994,35.0,35.0,35,1.0,1977.0,0,0,0,0,1,0,1,1,0,1,1,0,1,0,0,0,0,0,0,0,0.076,2003,2.076923076923077,2003,Netherlands1960
541,33,Sarantis and Stewart (2003),0.903,0.2838,0,,,,,,,,,,,,1,0,0,0,0,0,0,0,0,1,0,,0,0,0,0,1,0,0,0,0,0,0,Norway,1,0,1960,1994,35.0,35.0,35,1.0,1977.0,0,0,0,0,1,0,1,1,0,1,1,0,1,0,0,0,0,0,0,0,0.076,2003,2.076923076923077,2003,Norway1960
542,33,Sarantis and Stewart (2003),0.632,0.22379,0,,,,,,,,,,,,0,0,0,0,0,0,0,0,0,1,0,,0,0,0,0,1,0,0,0,0,0,0,Norway,1,0,1960,1994,35.0,35.0,35,1.0,1977.0,0,0,0,0,1,0,1,1,0,1,1,0,1,0,0,0,0,0,0,0,0.076,2003,2.076923076923077,2003,Norway1960
543,33,Sarantis and Stewart (2003),0.854,0.0483,0,,,,,,,,,,,,1,0,0,0,0,0,0,0,0,1,0,,0,0,0,0,1,0,0,0,0,0,0,Spain,1,0,1960,1994,35.0,35.0,35,1.0,1977.0,0,0,0,0,1,0,1,1,0,1,1,0,1,0,0,0,0,0,0,0,0.076,2003,2.076923076923077,2003,Spain1960
544,33,Sarantis and Stewart (2003),0.849,0.04476,0,,,,,,,,,,,,0,0,0,0,0,0,0,0,0,1,0,,0,0,0,0,1,0,0,0,0,0,0,Spain,1,0,1960,1994,35.0,35.0,35,1.0,1977.0,0,0,0,0,1,0,1,1,0,1,1,0,1,0,0,0,0,0,0,0,0.076,2003,2.076923076923077,2003,Spain1960
545,33,Sarantis and Stewart (2003),0.824,0.1313,0,,,,,,,,,,,,1,0,0,0,0,0,0,0,0,1,0,,0,0,0,0,1,0,0,0,0,0,0,Sweden,1,0,1960,1994,35.0,35.0,35,1.0,1977.0,0,0,0,0,1,0,1,1,0,1,1,0,1,0,0,0,0,0,0,0,0.076,2003,2.076923076923077,2003,Sweden1960
546,33,Sarantis and Stewart (2003),0.798,0.1301,0,,,,,,,,,,,,0,0,0,0,0,0,0,0,0,1,0,,0,0,0,0,1,0,0,0,0,0,0,Sweden,1,0,1960,1994,35.0,35.0,35,1.0,1977.0,0,0,0,0,1,0,1,1,0,1,1,0,1,0,0,0,0,0,0,0,0.076,2003,2.076923076923077,2003,Sweden1960
547,33,Sarantis and Stewart (2003),0.822,0.1017,0,,,,,,,,,,,,1,0,0,0,0,0,0,0,0,1,0,,0,0,0,0,1,0,0,0,0,0,0,Switzerland,1,0,1960,1994,35.0,35.0,35,1.0,1977.0,0,0,0,0,1,0,1,1,0,1,1,0,1,0,0,0,0,0,0,0,0.076,2003,2.076923076923077,2003,Switzerland1960
548,33,Sarantis and Stewart (2003),0.853,0.1018,0,,,,,,,,,,,,0,0,0,0,0,0,0,0,0,1,0,,0,0,0,0,1,0,0,0,0,0,0,Switzerland,1,0,1960,1994,35.0,35.0,35,1.0,1977.0,0,0,0,0,1,0,1,1,0,1,1,0,1,0,0,0,0,0,0,0,0.076,2003,2.076923076923077,2003,Switzerland1960
549,33,Sarantis and Stewart (2003),0.403,0.2523,0,,,,,,,,,,,,1,0,0,0,0,0,0,0,0,1,0,,0,0,0,0,1,0,0,0,0,0,0,UK,1,0,1960,1994,35.0,35.0,35,1.0,1977.0,0,0,0,0,1,0,1,1,0,1,1,0,1,0,0,0,0,0,0,0,0.076,2003,2.076923076923077,2003,UK1960
550,33,Sarantis and Stewart (2003),0.331,0.14957,0,,,,,,,,,,,,0,0,0,0,0,0,0,0,0,1,0,,0,0,0,0,1,0,0,0,0,0,0,UK,1,0,1960,1994,35.0,35.0,35,1.0,1977.0,0,0,0,0,1,0,1,1,0,1,1,0,1,0,0,0,0,0,0,0,0.076,2003,2.076923076923077,2003,UK1960
551,33,Sarantis and Stewart (2003),1.139,0.2254,0,,,,,,,,,,,,1,0,0,0,0,0,0,0,0,1,0,,0,0,0,0,1,0,0,0,0,0,0,USA,1,0,1960,1994,35.0,35.0,35,1.0,1977.0,0,0,0,0,1,0,1,1,0,1,1,0,1,0,0,0,0,0,0,0,0.076,2003,2.076923076923077,2003,USA1960
552,33,Sarantis and Stewart (2003),0.806,0.1523,0,,,,,,,,,,,,0,0,0,0,0,0,0,0,0,1,0,,0,0,0,0,1,0,0,0,0,0,0,USA,1,0,1960,1994,35.0,35.0,35,1.0,1977.0,0,0,0,0,1,0,1,1,0,1,1,0,1,0,0,0,0,0,0,0,0.076,2003,2.076923076923077,2003,USA1960
553,33,Sarantis and Stewart (2003),-1.22,0.868945868945869,0,,,,,,,,,,,,0,0,0,0,0,0,0,0,0,1,0,,0,0,0,0,1,0,0,1,0,0,0,OECD,1,0,1960,1994,35.0,1.0,20,20.0,1977.0,0,0,0,0,1,0,1,1,0,1,1,0,1,0,0,0,0,0,0,0,0.076,2003,2.076923076923077,2003,OECD1960
554,33,Sarantis and Stewart (2003),0.366,0.18218018914883027,0,,,,,,,,,,,,0,0,0,0,0,0,0,0,0,1,0,,0,0,0,0,1,0,0,1,0,0,0,OECD,1,0,1960,1994,35.0,1.0,20,20.0,1977.0,0,0,0,0,1,0,1,1,0,1,1,0,1,0,0,0,0,0,0,0,0.076,2003,2.076923076923077,2003,OECD1960
555,33,Sarantis and Stewart (2003),-2.799,0.46556886227544914,0,,,,,,,,,,,,0,0,1,0,0,0,0,0,0,1,0,,0,0,0,0,1,0,0,1,0,0,0,OECD,1,0,1960,1984,25.0,25.0,500,20.0,1972.0,0,0,0,0,0,1,1,1,0,0,0,0,0,0,0,0,0,0,0,0,0.076,2003,2.076923076923077,2003,OECD1960
556,33,Sarantis and Stewart (2003),0.277,0.12229580573951435,0,,,,,,,,,,,,0,0,1,0,0,0,0,0,0,1,0,,0,0,0,0,1,0,0,1,0,0,0,OECD,1,0,1960,1987,28.0,28.0,560,20.0,1973.5,0,0,0,0,0,1,1,1,0,0,0,0,0,0,0,0,0,0,0,0,0.076,2003,2.076923076923077,2003,OECD1960
557,33,Sarantis and Stewart (2003),0.623,0.13704355477342717,0,,,,,,,,,,,,0,0,1,0,0,0,0,0,0,1,0,,0,0,0,0,1,0,0,1,0,0,0,OECD,1,0,1960,1990,31.0,31.0,620,20.0,1975.0,0,0,0,0,0,1,1,1,0,0,0,0,0,0,0,0,0,0,0,0,0.076,2003,2.076923076923077,2003,OECD1960
558,33,Sarantis and Stewart (2003),0.448,0.1262683201803833,0,,,,,,,,,,,,0,0,1,0,0,0,0,0,0,1,0,,0,0,0,0,1,0,0,1,0,0,0,OECD,1,0,1960,1992,33.0,33.0,660,20.0,1976.0,0,0,0,0,0,1,1,1,0,0,0,0,0,0,0,0,0,0,0,0,0.076,2003,2.076923076923077,2003,OECD1960
559,33,Sarantis and Stewart (2003),0.492,0.12462006079027356,0,,,,,,,,,,,,0,0,1,0,0,0,0,0,0,1,0,,0,0,0,0,1,0,0,1,0,0,0,OECD,1,0,1960,1994,35.0,35.0,700,20.0,1977.0,0,0,0,0,0,1,1,1,0,0,0,0,0,0,0,0,0,0,0,0,0.076,2003,2.076923076923077,2003,OECD1960
560,34,Mehra and Martin (2003),0.53,0.0898,0,,,,,,,,,,,,0,0,0,0,0,0,0,0,0,0,0,,0,0,1,0,1,0,0,0,0,0,0,USA,0,0,1959,2001,42.5,170.0,170,1.0,1980.0,0,0,0,0,0,1,1,0,0,1,0,0,1,0,0,0,0,0,0,0,0.339,2003,2.3846153846153846,2003,USA1959
561,34,Mehra and Martin (2003),0.57,0.0905,0,,,,,,,,,,,,0,0,0,0,0,0,0,0,1,0,0,,0,0,1,0,1,1,0,0,0,0,0,USA,0,0,1959,2001,42.5,170.0,170,1.0,1980.0,0,0,0,0,0,1,1,0,0,1,0,0,1,0,0,0,0,0,0,0,0.339,2003,2.3846153846153846,2003,USA1959
562,34,Mehra and Martin (2003),0.49,0.08596,0,,,,,,,,,,,,1,0,0,0,0,0,0,0,1,0,0,,0,0,1,0,1,1,0,0,0,0,0,USA,0,0,1959,2001,42.5,170.0,170,1.0,1980.0,0,0,0,0,0,1,1,0,0,1,0,0,1,0,0,0,0,0,0,0,0.339,2003,2.3846153846153846,2003,USA1959
563,34,Mehra and Martin (2003),0.32,0.1391,0,,,,,,,,,,,,1,0,0,0,0,0,0,0,1,0,0,,0,0,1,0,1,1,0,0,0,0,0,USA,0,0,1959,2001,42.5,170.0,170,1.0,1980.0,0,0,0,0,0,1,1,0,0,1,0,0,1,0,0,0,0,0,0,0,0.339,2003,2.3846153846153846,2003,USA1959
564,34,Mehra and Martin (2003),0.26,0.0787,0,,,,,,,,,,,,1,0,0,0,0,0,0,0,1,0,0,,0,0,1,0,0,1,0,0,0,0,0,USA,0,0,1959,2001,42.5,170.0,170,1.0,1980.0,0,0,0,0,0,1,1,0,0,1,0,0,1,0,0,0,0,0,0,0,0.339,2003,2.3846153846153846,2003,USA1959
565,34,Mehra and Martin (2003),0.33,0.1435,0,,,,,,,,,,,,1,0,0,0,0,0,0,0,1,0,0,,0,0,1,0,1,1,0,0,0,0,0,USA,0,0,1959,2001,42.5,170.0,170,1.0,1980.0,0,0,0,0,0,1,1,0,0,1,0,0,1,0,0,0,0,0,0,0,0.339,2003,2.3846153846153846,2003,USA1959
566,35,Lavi (2003),0.519,0.1128,0,,,,,,,,,,,,1,0,0,0,0,0,0,0,0,1,0,,0,0,1,0,0,0,0,0,0,0,0,Israel,1,0,1963,1993,31.0,31.0,31,1.0,1978.0,0,0,0,0,1,0,1,1,0,1,1,0,0,0,0,0,0,0,0,0,0.0,2003,0.3076923076923077,2003,Israel1963
567,35,Lavi (2003),0.502,0.1178,0,,,,,,,,,,,,1,0,0,0,0,0,0,0,0,1,0,,0,0,1,0,0,0,0,0,0,0,0,Israel,1,0,1963,2000,38.0,38.0,38,1.0,1981.5,0,0,0,0,1,0,1,1,0,1,1,0,0,0,0,0,0,0,0,0,0.0,2003,0.3076923076923077,2003,Israel1963
568,35,Lavi (2003),0.426,0.1014,0,,,,,,,,,,,,1,0,0,0,0,0,0,0,0,1,0,,0,0,1,0,0,0,0,0,0,0,0,Israel,1,0,1963,1993,31.0,31.0,31,1.0,1978.0,0,0,0,0,1,0,1,1,0,1,1,0,0,0,0,0,0,0,0,0,0.0,2003,0.3076923076923077,2003,Israel1963
569,35,Lavi (2003),0.485,0.10505,0,,,,,,,,,,,,1,0,0,0,0,0,0,0,0,1,0,,0,0,1,0,0,0,0,0,0,0,0,Israel,1,0,1963,2000,38.0,38.0,38,1.0,1981.5,0,0,0,0,1,0,1,1,0,1,1,0,0,0,0,0,0,0,0,0,0.0,2003,0.3076923076923077,2003,Israel1963
570,35,Lavi (2003),0.62,0.1088,0,,,,,,,,,,,,1,0,0,0,0,0,0,0,0,1,0,,0,0,1,0,0,0,0,0,0,0,0,Israel,1,0,1963,1993,31.0,31.0,31,1.0,1978.0,0,0,0,0,1,0,0,0,0,1,1,1,1,0,0,0,0,0,0,0,0.0,2003,0.3076923076923077,2003,Israel1963
571,35,Lavi (2003),0.665,0.11986,0,,,,,,,,,,,,1,0,0,0,0,0,0,0,0,1,0,,0,0,1,0,0,0,0,0,0,0,0,Israel,1,0,1963,2000,38.0,38.0,38,1.0,1981.5,0,0,0,0,1,0,0,0,0,1,1,1,1,0,0,0,0,0,0,0,0.0,2003,0.3076923076923077,2003,Israel1963
572,35,Lavi (2003),0.364,0.0774,0,,,,,,,,,,,,1,0,0,0,0,0,0,0,0,0,0,,0,0,1,0,0,0,0,0,0,0,0,Israel,1,0,1963,1993,31.0,31.0,31,1.0,1978.0,0,0,0,0,1,0,1,1,0,1,1,0,0,0,0,0,0,0,0,0,0.0,2003,0.3076923076923077,2003,Israel1963
573,35,Lavi (2003),0.375,0.0872,0,,,,,,,,,,,,1,0,0,0,0,0,0,0,0,0,0,,0,0,1,0,0,0,0,0,0,0,0,Israel,1,0,1963,2000,38.0,38.0,38,1.0,1981.5,0,0,0,0,1,0,1,1,0,1,1,0,0,0,0,0,0,0,0,0,0.0,2003,0.3076923076923077,2003,Israel1963
574,35,Lavi (2003),0.315,0.075,0,,,,,,,,,,,,1,0,0,0,0,0,0,0,0,0,0,,0,0,1,0,0,0,0,0,0,0,0,Israel,1,0,1963,1993,31.0,31.0,31,1.0,1978.0,0,0,0,0,1,0,1,1,0,1,1,0,0,0,0,0,0,0,0,0,0.0,2003,0.3076923076923077,2003,Israel1963
575,35,Lavi (2003),0.367,0.07809,0,,,,,,,,,,,,1,0,0,0,0,0,0,0,0,0,0,,0,0,1,0,0,0,0,0,0,0,0,Israel,1,0,1963,2000,38.0,38.0,38,1.0,1981.5,0,0,0,0,1,0,1,1,0,1,1,0,0,0,0,0,0,0,0,0,0.0,2003,0.3076923076923077,2003,Israel1963
576,35,Lavi (2003),0.45,0.0804,0,,,,,,,,,,,,1,0,0,0,0,0,0,0,0,0,0,,0,0,1,0,0,0,0,0,0,0,0,Israel,1,0,1963,1993,31.0,31.0,31,1.0,1978.0,0,0,0,0,1,0,0,0,0,1,1,1,1,0,0,0,0,0,0,0,0.0,2003,0.3076923076923077,2003,Israel1963
577,35,Lavi (2003),0.493,0.0948,0,,,,,,,,,,,,1,0,0,0,0,0,0,0,0,0,0,,0,0,1,0,0,0,0,0,0,0,0,Israel,1,0,1963,2000,38.0,38.0,38,1.0,1981.5,0,0,0,0,1,0,0,0,0,1,1,1,1,0,0,0,0,0,0,0,0.0,2003,0.3076923076923077,2003,Israel1963
578,35,Lavi (2003),0.396,0.099,0,,,,,,,,,,,,1,0,0,0,0,0,0,0,0,1,0,,0,0,0,1,1,0,0,0,0,0,0,Israel,1,0,1963,2000,38.0,38.0,38,1.0,1981.5,0,1,0,0,0,0,0,0,0,0,0,0,0,0,0,0,0,0,0,0,0.0,2003,0.3076923076923077,2003,Israel1963
579,35,Lavi (2003),0.602,0.128,0,,,,,,,,,,,,1,0,0,0,0,0,0,0,0,1,0,,0,0,1,0,0,0,0,0,0,0,0,Israel,1,0,1963,2000,38.0,38.0,38,1.0,1981.5,0,0,0,0,0,1,1,1,0,1,1,0,1,0,0,0,0,0,0,0,0.0,2003,0.3076923076923077,2003,Israel1963
580,35,Lavi (2003),0.633,0.0867,0,,,,,,,,,,,,1,0,0,0,0,0,0,0,0,1,0,,0,0,0,1,1,1,0,0,0,0,0,Israel,1,0,1963,1993,31.0,31.0,31,1.0,1978.0,0,1,0,0,0,1,0,0,0,0,0,0,0,0,0,0,0,0,0,0,0.0,2003,0.3076923076923077,2003,Israel1963
581,35,Lavi (2003),0.637,0.0995,0,,,,,,,,,,,,1,0,0,0,0,0,0,0,0,1,0,,0,0,0,1,1,1,0,0,0,0,0,Israel,1,0,1963,2000,38.0,38.0,38,1.0,1981.5,0,1,0,0,0,1,0,0,0,0,0,0,0,0,0,0,0,0,0,0,0.0,2003,0.3076923076923077,2003,Israel1963
582,35,Lavi (2003),0.768,0.1567,0,,,,,,,,,,,,1,0,0,0,0,0,0,0,0,1,0,,0,0,1,0,0,1,0,0,0,0,0,Israel,1,0,1963,1993,31.0,31.0,31,1.0,1978.0,0,0,0,0,1,0,1,1,0,1,1,0,1,0,0,0,0,0,0,0,0.0,2003,0.3076923076923077,2003,Israel1963
583,35,Lavi (2003),0.758,0.1895,0,,,,,,,,,,,,1,0,0,0,0,0,0,0,0,1,0,,0,0,1,0,0,1,0,0,0,0,0,Israel,1,0,1963,2000,38.0,38.0,38,1.0,1981.5,0,0,0,0,1,0,1,1,0,1,1,0,1,0,0,0,0,0,0,0,0.0,2003,0.3076923076923077,2003,Israel1963
584,35,Lavi (2003),0.705,0.12589,0,,,,,,,,,,,,1,0,0,0,0,0,0,0,0,1,0,,0,0,1,0,0,1,0,0,0,0,0,Israel,1,0,1963,1993,31.0,31.0,31,1.0,1978.0,0,0,0,0,1,0,0,1,0,1,1,1,1,0,0,0,0,0,0,0,0.0,2003,0.3076923076923077,2003,Israel1963
585,35,Lavi (2003),0.759,0.18975,0,,,,,,,,,,,,1,0,0,0,0,0,0,0,0,1,0,,0,0,1,0,0,1,0,0,0,0,0,Israel,1,0,1963,2000,38.0,38.0,38,1.0,1981.5,0,0,0,0,1,0,0,1,0,1,1,1,1,0,0,0,0,0,0,0,0.0,2003,0.3076923076923077,2003,Israel1963
586,35,Lavi (2003),0.445,0.069,0,,,,,,,,,,,,1,0,0,0,0,0,0,0,0,0,0,,0,0,0,1,1,1,0,0,0,0,0,Israel,1,0,1963,1993,31.0,31.0,31,1.0,1978.0,0,1,0,0,0,1,0,0,0,0,0,0,0,0,0,0,0,0,0,0,0.0,2003,0.3076923076923077,2003,Israel1963
587,35,Lavi (2003),0.385,0.0785,0,,,,,,,,,,,,1,0,0,0,0,0,0,0,0,0,0,,0,0,0,1,1,1,0,0,0,0,0,Israel,1,0,1963,2000,38.0,38.0,38,1.0,1981.5,0,1,0,0,0,1,0,0,0,0,0,0,0,0,0,0,0,0,0,0,0.0,2003,0.3076923076923077,2003,Israel1963
588,35,Lavi (2003),0.533,0.118,0,,,,,,,,,,,,1,0,0,0,0,0,0,0,0,0,0,,0,0,1,0,0,1,0,0,0,0,0,Israel,1,0,1963,1993,31.0,31.0,31,1.0,1978.0,0,0,0,0,1,0,1,1,0,1,1,0,1,0,0,0,0,0,0,0,0.0,2003,0.3076923076923077,2003,Israel1963
589,35,Lavi (2003),0.503,0.1479,0,,,,,,,,,,,,1,0,0,0,0,0,0,0,0,0,0,,0,0,1,0,0,1,0,0,0,0,0,Israel,1,0,1963,2000,38.0,38.0,38,1.0,1981.5,0,0,0,0,1,0,1,1,0,1,1,0,1,0,0,0,0,0,0,0,0.0,2003,0.3076923076923077,2003,Israel1963
590,35,Lavi (2003),0.589,0.1111,0,,,,,,,,,,,,1,0,0,0,0,0,0,0,0,0,0,,0,0,1,0,0,1,0,0,0,0,0,Israel,1,0,1963,1993,31.0,31.0,31,1.0,1978.0,0,0,0,0,1,0,0,1,0,1,1,1,1,0,0,0,0,0,0,0,0.0,2003,0.3076923076923077,2003,Israel1963
591,35,Lavi (2003),0.503,0.1479,0,,,,,,,,,,,,1,0,0,0,0,0,0,0,0,0,0,,0,0,1,0,0,1,0,0,0,0,0,Israel,1,0,1963,2000,38.0,38.0,38,1.0,1981.5,0,0,0,0,1,0,0,1,0,1,1,1,1,0,0,0,0,0,0,0,0.0,2003,0.3076923076923077,2003,Israel1963
592,35,Lavi (2003),0.502,0.1859,0,,,,,,,,,,,,1,0,0,0,0,0,0,0,0,1,0,,0,0,1,0,1,1,0,0,0,0,0,Israel,1,0,1963,1993,31.0,31.0,31,1.0,1978.0,0,0,0,0,1,0,1,1,0,1,1,0,0,0,0,0,0,0,0,0,0.0,2003,0.3076923076923077,2003,Israel1963
593,35,Lavi (2003),0.521,0.2084,0,,,,,,,,,,,,1,0,0,0,0,0,0,0,0,1,0,,0,0,1,0,1,1,0,0,0,0,0,Israel,1,0,1963,2000,38.0,38.0,38,1.0,1981.5,0,0,0,0,0,0,1,1,0,1,1,0,0,0,0,0,0,0,0,0,0.0,2003,0.3076923076923077,2003,Israel1963
594,35,Lavi (2003),0.46,0.12777,0,,,,,,,,,,,,1,0,0,0,0,0,0,0,0,1,0,,0,0,1,0,1,1,0,0,0,0,0,Israel,1,0,1963,1993,31.0,31.0,31,1.0,1978.0,0,0,0,0,1,0,1,1,0,1,1,0,1,0,0,0,0,0,0,0,0.0,2003,0.3076923076923077,2003,Israel1963
595,35,Lavi (2003),0.544,0.13948,0,,,,,,,,,,,,1,0,0,0,0,0,0,0,0,1,0,,0,0,1,0,1,1,0,0,0,0,0,Israel,1,0,1963,2000,38.0,38.0,38,1.0,1981.5,0,0,0,0,1,0,1,1,0,1,1,0,1,0,0,0,0,0,0,0,0.0,2003,0.3076923076923077,2003,Israel1963
596,35,Lavi (2003),0.652,0.24148,0,,,,,,,,,,,,1,0,0,0,0,0,0,0,0,1,0,,0,0,1,0,1,1,0,0,0,0,0,Israel,1,0,1963,1993,31.0,31.0,31,1.0,1978.0,0,0,0,0,1,0,0,0,0,1,1,1,1,0,0,0,0,0,0,0,0.0,2003,0.3076923076923077,2003,Israel1963
597,35,Lavi (2003),0.802,0.30846,0,,,,,,,,,,,,1,0,0,0,0,0,0,0,0,1,0,,0,0,1,0,1,1,0,0,0,0,0,Israel,1,0,1963,2000,38.0,38.0,38,1.0,1981.5,0,0,0,0,1,0,0,0,0,1,1,1,1,0,0,0,0,0,0,0,0.0,2003,0.3076923076923077,2003,Israel1963
598,36,Zhang and Wan (2004),0.3741,0.10329,0,,,,,,,,,,,,1,0,0,0,0,0,0,0,1,1,0,,0,0,1,0,1,1,0,0,0,0,0,China,1,0,1961,1998,38.0,38.0,38,1.0,1979.5,0,0,0,1,1,0,1,1,0,1,0,1,0,0,0,1,0,0,0,0,0.095,2004,2.5,2004,China1961
599,36,Zhang and Wan (2004),0.29178,0.08824,0,,,,,,,,,,,,1,0,0,0,0,0,0,0,1,1,0,,0,0,1,0,1,1,0,0,0,0,0,China,1,0,1961,1983,23.0,23.0,38,1.0,1972.0,0,0,0,1,1,0,1,1,0,1,1,0,0,0,0,1,0,1,0,0,0.095,2004,2.5,2004,China1961
600,36,Zhang and Wan (2004),0.59122,0.644,0,,,,,,,,,,,,1,0,0,0,0,0,0,0,1,1,0,,0,0,1,0,1,1,0,0,0,0,0,China,1,0,1983,1998,16.0,16.0,38,1.0,1990.5,0,0,0,1,0,0,0,0,0,1,0,0,0,0,0,1,0,1,0,0,0.095,2004,2.5,2004,China1983
601,36,Zhang and Wan (2004),0.27551,0.06498,0,,,,,,,,,,,,1,0,0,0,0,0,0,0,0,1,0,,0,0,1,0,1,1,0,0,0,0,0,China,1,0,1961,1983,23.0,23.0,38,1.0,1972.0,0,0,0,1,1,0,1,1,0,1,1,0,0,0,0,1,0,1,0,0,0.095,2004,2.5,2004,China1961
602,36,Zhang and Wan (2004),0.71811,0.6468,0,,,,,,,,,,,,1,0,0,0,0,0,0,0,0,1,0,,0,0,1,0,1,0,0,0,0,0,0,China,1,0,1983,1998,16.0,16.0,38,1.0,1990.5,0,0,0,1,0,0,0,0,0,1,0,0,0,0,0,1,0,1,0,0,0.095,2004,2.5,2004,China1983
603,37,Gali et al. (2007),0.477,0.103,0,,,,,,,,,,,,1,0,0,0,0,0,0,0,0,0,0,,0,0,1,0,1,0,0,0,0,0,0,USA,0,0,1954,2004,51.0,204.0,204,1.0,1979.0,0,0,0,0,0,1,1,1,0,1,0,0,1,0,0,0,0,0,0,0,1.968,2003,89.6923076923077,2007,USA1954
604,37,Gali et al. (2007),-0.176,0.209,0,,,,,,,,,,,,1,0,0,0,0,0,0,1,0,0,0,,0,0,1,0,1,0,0,0,0,0,0,USA,0,0,1954,2004,51.0,204.0,204,1.0,1979.0,0,0,0,0,0,1,1,1,0,1,0,0,1,0,0,0,0,0,0,0,1.968,2003,89.6923076923077,2007,USA1954
605,38,McIntyre (2007),0.292,0.275,0,,,,,,,,,,,,1,0,0,0,0,0,0,0,0,0,0,,0,0,0,0,1,0,0,0,0,0,0,USA,0,0,1978,1998,21.0,84.0,84,1.0,1988.0,0,0,0,0,0,1,0,1,0,1,0,0,0,1,0,0,0,0,0,0,0.058,2007,0.6666666666666666,2007,USA1978
606,38,McIntyre (2007),0.385,0.148,0,,,,,,,,,,,,1,0,0,0,0,0,0,0,0,0,0,,0,0,0,0,1,0,0,0,0,0,0,USA,0,0,1978,1998,21.0,84.0,84,1.0,1988.0,0,0,0,0,0,1,1,1,0,0,0,0,0,1,0,0,0,0,0,0,0.058,2007,0.6666666666666666,2007,USA1978
607,38,McIntyre (2007),0.401,0.16,0,,,,,,,,,,,,1,0,0,0,0,0,0,0,0,0,0,,0,0,0,0,1,0,0,0,0,0,0,USA,0,0,1978,1998,21.0,84.0,84,1.0,1988.0,0,0,0,0,0,1,1,1,0,1,0,0,0,1,0,0,0,0,0,0,0.058,2007,0.6666666666666666,2007,USA1978
608,38,McIntyre (2007),0.414,0.157,0,,,,,,,,,,,,1,0,0,0,0,0,0,0,0,0,0,,0,0,0,0,1,0,0,0,0,0,0,USA,0,0,1978,1998,21.0,84.0,84,1.0,1988.0,0,0,0,0,0,1,1,1,0,1,0,1,0,1,0,0,0,0,0,0,0.058,2007,0.6666666666666666,2007,USA1978
609,38,McIntyre (2007),0.253,0.238,0,,,,,,,,,,,,1,0,0,0,0,0,0,0,0,0,0,,0,0,0,0,1,0,0,0,0,0,0,USA,0,0,1978,1998,21.0,84.0,84,1.0,1988.0,0,0,0,0,0,1,0,1,0,1,0,0,0,1,0,0,0,0,0,0,0.058,2007,0.6666666666666666,2007,USA1978
610,38,McIntyre (2007),0.381,0.159,0,,,,,,,,,,,,1,0,0,0,0,0,0,0,0,0,0,,0,0,0,0,1,0,0,0,0,0,0,USA,0,0,1978,1998,21.0,84.0,84,1.0,1988.0,0,0,0,0,0,1,1,1,0,0,0,0,0,1,0,0,0,0,0,0,0.058,2007,0.6666666666666666,2007,USA1978
611,38,McIntyre (2007),0.346,0.144,0,,,,,,,,,,,,1,0,0,0,0,0,0,0,0,0,0,,0,0,0,0,1,0,0,0,0,0,0,USA,0,0,1978,1998,21.0,84.0,84,1.0,1988.0,0,0,0,0,0,1,1,1,0,1,0,0,0,1,0,0,0,0,0,0,0.058,2007,0.6666666666666666,2007,USA1978
612,38,McIntyre (2007),0.337,0.144,0,,,,,,,,,,,,1,0,0,0,0,0,0,0,0,0,0,,0,0,0,0,1,0,0,0,0,0,0,USA,0,0,1978,1998,21.0,84.0,84,1.0,1988.0,0,0,0,0,0,1,1,1,0,1,0,1,0,1,0,0,0,0,0,0,0.058,2007,0.6666666666666666,2007,USA1978
613,38,McIntyre (2007),0.301,0.317,0,,,,,,,,,,,,1,0,0,0,0,0,0,0,0,0,0,,0,0,0,0,1,0,0,0,0,0,0,USA,0,0,1978,1998,21.0,84.0,84,1.0,1988.0,0,0,0,0,0,1,0,1,0,1,0,0,0,1,0,0,0,0,0,0,0.058,2007,0.6666666666666666,2007,USA1978
614,38,McIntyre (2007),0.246,0.2,0,,,,,,,,,,,,1,0,0,0,0,0,0,0,0,0,0,,0,0,0,0,1,0,0,0,0,0,0,USA,0,0,1978,1998,21.0,84.0,84,1.0,1988.0,0,0,0,0,0,1,1,1,0,0,0,0,0,1,0,0,0,0,0,0,0.058,2007,0.6666666666666666,2007,USA1978
615,38,McIntyre (2007),0.203,0.171,0,,,,,,,,,,,,1,0,0,0,0,0,0,0,0,0,0,,0,0,0,0,1,0,0,0,0,0,0,USA,0,0,1978,1998,21.0,84.0,84,1.0,1988.0,0,0,0,0,0,1,1,1,0,1,0,0,0,1,0,0,0,0,0,0,0.058,2007,0.6666666666666666,2007,USA1978
616,38,McIntyre (2007),0.217,0.164,0,,,,,,,,,,,,1,0,0,0,0,0,0,0,0,0,0,,0,0,0,0,1,0,0,0,0,0,0,USA,0,0,1978,1998,21.0,84.0,84,1.0,1988.0,0,0,0,0,0,1,1,1,0,1,0,1,0,1,0,0,0,0,0,0,0.058,2007,0.6666666666666666,2007,USA1978
617,38,McIntyre (2007),0.368,0.122,0,,,,,,,,,,,,1,0,0,0,0,0,0,0,0,0,0,,0,0,0,0,1,0,0,0,0,0,0,USA,0,0,1978,1998,21.0,84.0,84,1.0,1988.0,0,0,0,0,0,1,0,1,0,1,0,0,0,1,0,0,0,0,0,0,0.058,2007,0.6666666666666666,2007,USA1978
618,38,McIntyre (2007),0.33,0.126,0,,,,,,,,,,,,1,0,0,0,0,0,0,0,0,0,0,,0,0,0,0,1,0,0,0,0,0,0,USA,0,0,1978,1998,21.0,84.0,84,1.0,1988.0,0,0,0,0,0,1,1,1,0,0,0,0,0,1,0,0,0,0,0,0,0.058,2007,0.6666666666666666,2007,USA1978
619,38,McIntyre (2007),0.307,0.121,0,,,,,,,,,,,,1,0,0,0,0,0,0,0,0,0,0,,0,0,0,0,1,0,0,0,0,0,0,USA,0,0,1978,1998,21.0,84.0,84,1.0,1988.0,0,0,0,0,0,1,1,1,0,1,0,0,0,1,0,0,0,0,0,0,0.058,2007,0.6666666666666666,2007,USA1978
620,38,McIntyre (2007),0.319,0.116,0,,,,,,,,,,,,1,0,0,0,0,0,0,0,0,0,0,,0,0,0,0,1,0,0,0,0,0,0,USA,0,0,1978,1998,21.0,84.0,84,1.0,1988.0,0,0,0,0,0,1,1,1,0,1,0,1,0,1,0,0,0,0,0,0,0.058,2007,0.6666666666666666,2007,USA1978
621,38,McIntyre (2007),0.121,0.14,0,,,,,,,,,,,,1,0,0,0,0,0,0,0,0,0,0,,0,0,0,0,1,0,0,0,0,0,0,USA,0,0,1978,1998,21.0,84.0,84,1.0,1988.0,0,0,0,0,0,1,0,1,0,1,0,0,0,1,0,0,0,0,0,0,0.058,2007,0.6666666666666666,2007,USA1978
622,38,McIntyre (2007),0.349,0.111,0,,,,,,,,,,,,1,0,0,0,0,0,0,0,0,0,0,,0,0,0,0,1,0,0,0,0,0,0,USA,0,0,1978,1998,21.0,84.0,84,1.0,1988.0,0,0,0,0,0,1,1,1,0,0,0,0,0,1,0,0,0,0,0,0,0.058,2007,0.6666666666666666,2007,USA1978
623,38,McIntyre (2007),0.329,0.106,0,,,,,,,,,,,,1,0,0,0,0,0,0,0,0,0,0,,0,0,0,0,1,0,0,0,0,0,0,USA,0,0,1978,1998,21.0,84.0,84,1.0,1988.0,0,0,0,0,0,1,1,1,0,1,0,0,0,1,0,0,0,0,0,0,0.058,2007,0.6666666666666666,2007,USA1978
624,38,McIntyre (2007),0.366,0.109,0,,,,,,,,,,,,1,0,0,0,0,0,0,0,0,0,0,,0,0,0,0,1,0,0,0,0,0,0,USA,0,0,1978,1998,21.0,84.0,84,1.0,1988.0,0,0,0,0,0,1,1,1,0,1,0,1,0,1,0,0,0,0,0,0,0.058,2007,0.6666666666666666,2007,USA1978
625,38,McIntyre (2007),0.242,0.246,0,,,,,,,,,,,,1,0,0,0,0,0,0,0,0,0,0,,0,0,0,0,1,0,0,0,0,0,0,USA,0,0,1978,1998,21.0,84.0,84,1.0,1988.0,0,0,0,0,0,1,0,1,0,1,0,0,0,1,0,0,0,0,0,0,0.058,2007,0.6666666666666666,2007,USA1978
626,38,McIntyre (2007),0.368,0.138,0,,,,,,,,,,,,1,0,0,0,0,0,0,0,0,0,0,,0,0,0,0,1,0,0,0,0,0,0,USA,0,0,1978,1998,21.0,84.0,84,1.0,1988.0,0,0,0,0,0,1,1,1,0,0,0,0,0,1,0,0,0,0,0,0,0.058,2007,0.6666666666666666,2007,USA1978
627,38,McIntyre (2007),0.332,0.159,0,,,,,,,,,,,,1,0,0,0,0,0,0,0,0,0,0,,0,0,0,0,1,0,0,0,0,0,0,USA,0,0,1978,1998,21.0,84.0,84,1.0,1988.0,0,0,0,0,0,1,1,1,0,1,0,0,0,1,0,0,0,0,0,0,0.058,2007,0.6666666666666666,2007,USA1978
628,38,McIntyre (2007),0.328,0.193,0,,,,,,,,,,,,1,0,0,0,0,0,0,0,0,0,0,,0,0,0,0,1,0,0,0,0,0,0,USA,0,0,1978,1998,21.0,84.0,84,1.0,1988.0,0,0,0,0,0,1,1,1,0,1,0,1,0,1,0,0,0,0,0,0,0.058,2007,0.6666666666666666,2007,USA1978
629,38,McIntyre (2007),0.298,0.234,0,,,,,,,,,,,,1,0,0,0,0,0,0,0,0,0,0,,0,0,0,0,1,0,0,0,0,0,0,USA,0,0,1978,1998,21.0,84.0,84,1.0,1988.0,0,0,0,0,0,1,0,1,0,1,0,0,0,1,0,0,0,0,0,0,0.058,2007,0.6666666666666666,2007,USA1978
630,38,McIntyre (2007),0.379,0.158,0,,,,,,,,,,,,1,0,0,0,0,0,0,0,0,0,0,,0,0,0,0,1,0,0,0,0,0,0,USA,0,0,1978,1998,21.0,84.0,84,1.0,1988.0,0,0,0,0,0,1,1,1,0,0,0,0,0,1,0,0,0,0,0,0,0.058,2007,0.6666666666666666,2007,USA1978
631,38,McIntyre (2007),0.334,0.156,0,,,,,,,,,,,,1,0,0,0,0,0,0,0,0,0,0,,0,0,0,0,1,0,0,0,0,0,0,USA,0,0,1978,1998,21.0,84.0,84,1.0,1988.0,0,0,0,0,0,1,1,1,0,1,0,0,0,1,0,0,0,0,0,0,0.058,2007,0.6666666666666666,2007,USA1978
632,38,McIntyre (2007),0.323,0.155,0,,,,,,,,,,,,1,0,0,0,0,0,0,0,0,0,0,,0,0,0,0,1,0,0,0,0,0,0,USA,0,0,1978,1998,21.0,84.0,84,1.0,1988.0,0,0,0,0,0,1,1,1,0,1,0,1,0,1,0,0,0,0,0,0,0.058,2007,0.6666666666666666,2007,USA1978
633,38,McIntyre (2007),0.328,0.193,0,,,,,,,,,,,,1,0,0,0,0,0,0,0,0,0,0,,0,0,0,0,1,0,0,0,0,0,0,USA,0,0,1978,1998,21.0,84.0,84,1.0,1988.0,0,0,0,0,0,1,0,1,0,1,0,0,0,1,0,0,0,0,0,0,0.058,2007,0.6666666666666666,2007,USA1978
634,38,McIntyre (2007),0.391,0.186,0,,,,,,,,,,,,1,0,0,0,0,0,0,0,0,0,0,,0,0,0,0,1,0,0,0,0,0,0,USA,0,0,1978,1998,21.0,84.0,84,1.0,1988.0,0,0,0,0,0,1,1,1,0,0,0,0,0,1,0,0,0,0,0,0,0.058,2007,0.6666666666666666,2007,USA1978
635,38,McIntyre (2007),0.43,0.172,0,,,,,,,,,,,,1,0,0,0,0,0,0,0,0,0,0,,0,0,0,0,1,0,0,0,0,0,0,USA,0,0,1978,1998,21.0,84.0,84,1.0,1988.0,0,0,0,0,0,1,1,1,0,1,0,0,0,1,0,0,0,0,0,0,0.058,2007,0.6666666666666666,2007,USA1978
636,38,McIntyre (2007),0.412,0.197,0,,,,,,,,,,,,1,0,0,0,0,0,0,0,0,0,0,,0,0,0,0,1,0,0,0,0,0,0,USA,0,0,1978,1998,21.0,84.0,84,1.0,1988.0,0,0,0,0,0,1,1,1,0,1,0,1,0,1,0,0,0,0,0,0,0.058,2007,0.6666666666666666,2007,USA1978
637,38,McIntyre (2007),0.298,0.234,0,,,,,,,,,,,,1,0,0,0,0,0,0,0,0,0,0,,0,0,0,0,1,0,0,0,0,0,0,USA,0,0,1978,1998,21.0,84.0,84,1.0,1988.0,0,0,0,0,0,1,0,1,0,1,0,0,0,1,0,0,0,0,0,0,0.058,2007,0.6666666666666666,2007,USA1978
638,38,McIntyre (2007),0.379,0.158,0,,,,,,,,,,,,1,0,0,0,0,0,0,0,0,0,0,,0,0,0,0,1,0,0,0,0,0,0,USA,0,0,1978,1998,21.0,84.0,84,1.0,1988.0,0,0,0,0,0,1,1,1,0,0,0,0,0,1,0,0,0,0,0,0,0.058,2007,0.6666666666666666,2007,USA1978
639,38,McIntyre (2007),0.334,0.156,0,,,,,,,,,,,,1,0,0,0,0,0,0,0,0,0,0,,0,0,0,0,1,0,0,0,0,0,0,USA,0,0,1978,1998,21.0,84.0,84,1.0,1988.0,0,0,0,0,0,1,1,1,0,1,0,0,0,1,0,0,0,0,0,0,0.058,2007,0.6666666666666666,2007,USA1978
640,38,McIntyre (2007),0.323,0.155,0,,,,,,,,,,,,1,0,0,0,0,0,0,0,0,0,0,,0,0,0,0,1,0,0,0,0,0,0,USA,0,0,1978,1998,21.0,84.0,84,1.0,1988.0,0,0,0,0,0,1,1,1,0,1,0,1,0,1,0,0,0,0,0,0,0.058,2007,0.6666666666666666,2007,USA1978
641,38,McIntyre (2007),0.088,0.231,0,,,,,,,,,,,,1,0,0,0,0,0,0,0,0,0,0,,0,0,0,0,1,0,0,0,0,0,0,USA,0,0,1978,1998,21.0,84.0,84,1.0,1988.0,0,0,0,0,0,1,0,1,0,1,0,0,0,1,0,0,0,0,0,0,0.058,2007,0.6666666666666666,2007,USA1978
642,38,McIntyre (2007),0.293,0.164,0,,,,,,,,,,,,1,0,0,0,0,0,0,0,0,0,0,,0,0,0,0,1,0,0,0,0,0,0,USA,0,0,1978,1998,21.0,84.0,84,1.0,1988.0,0,0,0,0,0,1,1,1,0,0,0,0,0,1,0,0,0,0,0,0,0.058,2007,0.6666666666666666,2007,USA1978
643,38,McIntyre (2007),0.394,0.16,0,,,,,,,,,,,,1,0,0,0,0,0,0,0,0,0,0,,0,0,0,0,1,0,0,0,0,0,0,USA,0,0,1978,1998,21.0,84.0,84,1.0,1988.0,0,0,0,0,0,1,1,1,0,1,0,0,0,1,0,0,0,0,0,0,0.058,2007,0.6666666666666666,2007,USA1978
644,38,McIntyre (2007),0.353,0.171,0,,,,,,,,,,,,1,0,0,0,0,0,0,0,0,0,0,,0,0,0,0,1,0,0,0,0,0,0,USA,0,0,1978,1998,21.0,84.0,84,1.0,1988.0,0,0,0,0,0,1,1,1,0,1,0,1,0,1,0,0,0,0,0,0,0.058,2007,0.6666666666666666,2007,USA1978
645,38,McIntyre (2007),0.12,0.292,0,,,,,,,,,,,,1,0,0,0,0,0,0,0,0,0,0,,0,0,0,0,1,0,0,0,0,0,0,USA,0,0,1978,1998,21.0,84.0,84,1.0,1988.0,0,0,0,0,0,1,0,1,0,1,0,0,0,1,0,0,0,0,0,0,0.058,2007,0.6666666666666666,2007,USA1978
646,38,McIntyre (2007),0.366,0.16,0,,,,,,,,,,,,1,0,0,0,0,0,0,0,0,0,0,,0,0,0,0,1,0,0,0,0,0,0,USA,0,0,1978,1998,21.0,84.0,84,1.0,1988.0,0,0,0,0,0,1,1,1,0,0,0,0,0,1,0,0,0,0,0,0,0.058,2007,0.6666666666666666,2007,USA1978
647,38,McIntyre (2007),0.372,0.159,0,,,,,,,,,,,,1,0,0,0,0,0,0,0,0,0,0,,0,0,0,0,1,0,0,0,0,0,0,USA,0,0,1978,1998,21.0,84.0,84,1.0,1988.0,0,0,0,0,0,1,1,1,0,1,0,0,0,1,0,0,0,0,0,0,0.058,2007,0.6666666666666666,2007,USA1978
648,38,McIntyre (2007),0.301,0.158,0,,,,,,,,,,,,1,0,0,0,0,0,0,0,0,0,0,,0,0,0,0,1,0,0,0,0,0,0,USA,0,0,1978,1998,21.0,84.0,84,1.0,1988.0,0,0,0,0,0,1,1,1,0,1,0,1,0,1,0,0,0,0,0,0,0.058,2007,0.6666666666666666,2007,USA1978
649,39,Maurer and Meier (2008),-0.012,0.0264,0,,,,,,,,,,,,1,1,1,0,3,0,0,0,1,0,1,,0,0,0,0,1,0,0,0,0,0,0,USA,1,0,1974,1987,14.0,14.0,18126,1294.7142857142858,1980.5,0,0,0,0,0,1,0,1,0,1,1,0,1,0,0,0,0,0,0,0,1.052,2008,6.5,2008,USA1974
650,39,Maurer and Meier (2008),-0.011,0.0285,0,,,,,,,,,,,,1,1,1,0,3,0,0,0,1,0,1,,0,0,0,0,1,0,0,0,0,0,0,USA,1,0,1974,1987,14.0,14.0,18206,1300.4285714285713,1980.5,0,0,0,0,0,1,0,1,0,1,1,0,1,0,0,0,0,0,0,0,1.052,2008,6.5,2008,USA1974
651,39,Maurer and Meier (2008),-0.012,0.0314,0,,,,,,,,,,,,1,1,1,0,3,0,0,0,1,0,1,,0,0,0,0,1,0,0,0,0,0,0,USA,1,0,1974,1987,14.0,14.0,13704,978.8571428571429,1980.5,0,0,0,0,0,1,0,1,0,1,1,0,1,0,0,0,0,0,0,0,1.052,2008,6.5,2008,USA1974
652,39,Maurer and Meier (2008),0.01,0.0398,0,,,,,,,,,,,,1,1,1,0,3,0,0,0,1,0,1,,0,0,0,0,1,0,0,0,0,0,0,USA,1,0,1974,1987,14.0,14.0,14791,1056.5,1980.5,0,0,0,0,0,1,0,1,0,1,1,0,1,0,0,0,0,0,0,0,1.052,2008,6.5,2008,USA1974
653,39,Maurer and Meier (2008),-0.026,0.0392,0,,,,,,,,,,,,1,1,1,0,3,0,0,0,1,0,1,,0,0,0,0,1,0,0,0,0,0,0,USA,1,0,1974,1987,14.0,14.0,12450,889.2857142857143,1980.5,0,0,0,0,0,1,0,1,0,1,1,0,1,0,0,0,0,0,0,0,1.052,2008,6.5,2008,USA1974
654,39,Maurer and Meier (2008),-0.052,0.0477,0,,,,,,,,,,,,1,1,1,0,3,0,0,0,1,0,1,,0,0,0,0,1,0,0,0,0,0,0,USA,1,0,1974,1987,14.0,14.0,8324,594.5714285714286,1980.5,0,0,0,0,0,1,0,1,0,1,1,0,1,0,0,0,0,0,0,0,1.052,2008,6.5,2008,USA1974
655,40,Korniotis (2010),-0.19,0.6786,0,,,,,,,,,,,,1,0,1,0,0,0,0,0,1,1,0,,0,0,1,0,1,0,0,0,0,0,0,USA,1,0,1966,1998,33.0,33.0,1584,48.0,1982.0,0,1,0,0,0,1,0,0,0,0,0,0,0,0,0,0,0,0,0,0,0.851,2007,8.11111111111111,2010,USA1966
656,40,Korniotis (2010),-0.05,0.1,0,,,,,,,,,,,,1,0,1,0,0,0,0,0,1,1,0,,0,0,1,0,1,0,0,0,0,0,0,USA,1,0,1966,1998,33.0,33.0,1584,48.0,1982.0,0,0,1,0,0,0,0,0,0,0,0,0,0,0,0,0,0,0,0,0,0.851,2007,8.11111111111111,2010,USA1966
657,41,Kiley (2010),0.18,0.16,0,,,,,,,,,,,,1,0,0,0,0,0,0,1,1,0,0,,0,0,0,0,1,0,0,0,0,0,0,USA,0,0,1960,2004,45.0,180.0,180,1.0,1982.0,0,0,0,0,0,1,1,1,0,1,0,0,1,0,0,0,0,0,0,0,1.177,2007,3.888888888888889,2010,USA1960
658,41,Kiley (2010),0.3,0.17,0,,,,,,,,,,,,1,0,0,0,0,0,0,1,1,0,0,,0,0,0,0,1,0,0,0,0,0,0,USA,0,0,1960,2004,45.0,180.0,180,1.0,1982.0,0,0,0,0,0,1,1,1,0,1,1,0,1,0,0,0,0,0,0,0,1.177,2007,3.888888888888889,2010,USA1960
659,41,Kiley (2010),0.25,0.17,0,,,,,,,,,,,,1,0,0,0,0,0,0,0,1,0,0,,0,0,0,0,1,0,0,0,0,0,0,USA,0,0,1960,2004,45.0,180.0,180,1.0,1982.0,0,0,0,0,0,1,1,1,0,1,0,0,1,0,0,0,0,0,0,0,1.177,2007,3.888888888888889,2010,USA1960
660,41,Kiley (2010),0.3,0.16,0,,,,,,,,,,,,1,0,0,0,0,0,0,0,1,0,0,,0,0,0,0,1,0,0,0,0,0,0,USA,0,0,1960,2004,45.0,180.0,180,1.0,1982.0,0,0,0,0,0,1,1,1,0,1,1,0,1,0,0,0,0,0,0,0,1.177,2007,3.888888888888889,2010,USA1960
661,42,Hall and Mishkin (1982),0.2,0.065,0,,,,,,,,,,,,0,1,1,0,4,1,0,0,0,0,1,,0,1,0,0,0,0,0,0,0,0,0,USA,1,0,1969,1975,7.0,3.0,6927,2309.0,1972.0,0,0,0,0,0,1,0,1,0,0,0,0,1,0,1,0,0,0,0,1,3.414,1980,29.52777777777778,1982,USA1969
662,43,Bernanke (1984),-0.0136,0.01915,0,,,,,,,,,,,,0,1,1,0,4,1,0,1,0,1,0,,0,1,0,0,0,0,0,0,0,0,0,USA,1,0,1964,1970,7.0,4.0,5736,1434.0,1967.0,0,0,0,0,0,1,0,1,0,0,0,0,1,0,1,0,0,0,0,1,1.525,1981,4.0,1984,USA1964
663,43,Bernanke (1984),-0.02,0.0277,0,,,,,,,,,,,,0,1,1,0,4,1,0,1,0,1,0,,0,1,0,0,0,0,0,0,0,0,0,USA,1,0,1964,1970,7.0,4.0,5736,1434.0,1967.0,0,0,0,0,0,1,0,1,0,0,0,0,1,0,1,0,0,0,0,1,1.525,1981,4.0,1984,USA1964
664,43,Bernanke (1984),0.023,0.04618473895582329,0,,,,,,,,,,,,0,1,1,0,4,1,0,1,0,1,0,,0,1,0,0,0,0,0,1,0,0,0,USA,1,0,1964,1970,7.0,4.0,1912,478.0,1967.0,0,0,0,0,0,1,0,1,0,0,0,0,1,0,1,0,0,0,0,1,1.525,1981,4.0,1984,USA1964
665,43,Bernanke (1984),-0.053,0.0552083333333333,0,,,,,,,,,,,,0,1,1,0,4,1,0,1,0,1,0,,0,1,0,0,0,0,0,0,0,1,0,USA,1,0,1964,1970,7.0,4.0,1912,478.0,1967.0,0,0,0,0,0,1,0,1,0,0,0,0,1,0,1,0,0,0,0,1,1.525,1981,4.0,1984,USA1964
666,44,Hayashi (1985),0.158,0.02,0,,,,,,,,,,,,0,1,1,0,0,0,0,0,0,1,0,,0,0,0,0,1,0,0,0,0,0,0,Japan,0,0,1981,1982,1.0,4.0,8028,2007.0,1981.5,1,0,0,0,0,0,0,0,0,0,0,0,0,0,1,0,0,0,0,1,1.525,1984,7.59375,1985,Japan1981
667,44,Hayashi (1985),0.22,0.036,0,,,,,,,,,,,,0,1,1,0,0,0,0,0,0,1,0,,0,0,0,0,1,0,0,0,0,0,0,Japan,0,0,1981,1982,1.0,4.0,14080,3520.0,1981.5,1,0,0,0,0,0,0,0,0,0,0,0,0,0,1,0,0,0,0,1,1.525,1984,7.59375,1985,Japan1981
668,44,Hayashi (1985),0.014,0.004,0,,,,,,,,,,,,0,1,1,0,3,0,0,0,0,0,1,,0,0,0,1,1,0,0,0,0,0,0,Japan,0,0,1981,1981,0.5,2.0,4014,2007.0,1981.0,1,0,0,0,0,0,0,0,0,0,0,0,0,0,1,0,0,0,0,1,1.525,1984,7.59375,1985,Japan1981
669,44,Hayashi (1985),0.015,0.005,0,,,,,,,,,,,,0,1,1,0,3,0,0,0,0,0,1,,0,0,0,1,1,0,0,0,0,0,0,Japan,0,0,1981,1981,0.5,2.0,4014,2007.0,1981.0,1,0,0,0,0,0,0,0,0,0,0,0,0,0,1,0,0,0,0,1,1.525,1984,7.59375,1985,Japan1981
670,44,Hayashi (1985),0.025,0.006,0,,,,,,,,,,,,0,1,1,0,3,0,0,0,0,0,1,,0,0,0,1,1,0,0,0,0,0,0,Japan,0,0,1981,1982,0.5,2.0,4014,2007.0,1981.5,1,0,0,0,0,0,0,0,0,0,0,0,0,0,1,0,0,0,0,1,1.525,1984,7.59375,1985,Japan1981
671,44,Hayashi (1985),0.025,0.016,0,,,,,,,,,,,,1,0,0,0,0,0,0,0,1,0,1,,0,0,1,0,0,0,0,0,0,0,0,Japan,0,0,1971,1983,12.0,49.0,49,1.0,1977.0,0,0,0,0,0,1,0,1,0,1,0,0,0,0,1,0,0,0,0,1,1.525,1984,7.59375,1985,Japan1971
672,44,Hayashi (1985),-0.025,0.014,0,,,,,,,,,,,,1,0,0,0,0,0,0,0,1,0,0,"Rents, fuel and utilities",1,0,1,0,0,0,0,0,0,0,0,Japan,0,0,1971,1983,12.0,49.0,49,1.0,1977.0,0,0,0,0,0,1,0,1,0,1,0,0,0,0,1,0,0,0,0,1,1.525,1984,7.59375,1985,Japan1971
673,44,Hayashi (1985),-0.005,0.003,0,,,,,,,,,,,,1,0,0,0,0,0,0,0,1,0,0,Clothes and footware,1,0,1,0,0,0,0,0,0,0,0,Japan,0,0,1971,1983,12.0,49.0,49,1.0,1977.0,0,0,0,0,0,1,0,1,0,1,0,0,0,0,1,0,0,0,0,1,1.525,1984,7.59375,1985,Japan1971
674,44,Hayashi (1985),-0.009,0.008,0,,,,,,,,,,,,1,0,0,0,0,0,0,0,1,1,0,Durables,1,0,1,0,0,0,0,0,0,0,0,Japan,0,0,1971,1983,12.0,49.0,49,1.0,1977.0,0,0,0,0,0,1,0,1,0,1,0,0,0,0,1,0,0,0,0,1,1.525,1984,7.59375,1985,Japan1971
675,44,Hayashi (1985),0.002,0.009,0,,,,,,,,,,,,1,0,0,0,0,0,0,0,1,0,0,Recreation and education,1,0,1,0,0,0,0,0,0,0,0,Japan,0,0,1971,1983,12.0,49.0,49,1.0,1977.0,0,0,0,0,0,1,0,1,0,1,0,0,0,0,1,0,0,0,0,1,1.525,1984,7.59375,1985,Japan1971
676,44,Hayashi (1985),-0.008,0.006,0,,,,,,,,,,,,1,0,0,0,0,0,0,0,1,0,0,Medical care,1,0,1,0,0,0,0,0,0,0,0,Japan,0,0,1971,1983,12.0,49.0,49,1.0,1977.0,0,0,0,0,0,1,0,1,0,1,0,0,0,0,1,0,0,0,0,1,1.525,1984,7.59375,1985,Japan1971
677,45,Altonji and Siow (1987),0.091,0.1212,0,,,,,,,,,,,,0,1,1,0,0,1,0,0,0,0,1,,0,0,1,0,1,0,0,0,0,0,0,USA,1,0,1968,1981,14.0,14.0,9913,708.0,1974.5,0,0,0,0,0,1,0,1,0,0,0,0,1,0,0,0,0,0,0,1,1.525,1986,10.633333333333333,1987,USA1968
678,45,Altonji and Siow (1987),0.091,0.1396,0,,,,,,,,,,,,0,1,1,0,8,1,0,0,0,0,1,,0,0,1,0,1,0,0,0,0,0,0,USA,1,0,1968,1981,14.0,14.0,9913,708.0,1974.5,0,0,0,0,0,1,0,1,0,0,0,0,1,0,0,0,0,0,0,1,1.525,1986,10.633333333333333,1987,USA1968
679,45,Altonji and Siow (1987),0.091,0.125,0,,,,,,,,,,,,0,1,1,0,8,1,0,0,0,0,1,,0,0,1,0,1,0,0,0,0,0,0,USA,1,0,1968,1981,14.0,14.0,9913,708.0,1974.5,0,0,0,0,0,1,0,1,0,0,0,0,1,0,0,0,0,0,0,1,1.525,1986,10.633333333333333,1987,USA1968
680,45,Altonji and Siow (1987),0.09,0.1454,0,,,,,,,,,,,,0,1,1,0,8,1,0,0,0,0,1,,0,0,1,0,1,0,0,0,0,0,0,USA,1,0,1968,1981,14.0,14.0,9913,708.0,1974.5,0,0,0,0,0,1,0,1,0,0,0,0,1,0,0,0,0,0,0,1,1.525,1986,10.633333333333333,1987,USA1968
681,45,Altonji and Siow (1987),0.0901,0.1036,0,,,,,,,,,,,,0,1,1,0,8,1,0,0,0,0,1,,0,0,1,0,1,0,0,0,0,0,0,USA,1,0,1968,1981,14.0,14.0,9913,708.0,1974.5,0,1,0,0,0,1,0,0,0,0,0,0,0,0,0,0,0,0,0,1,1.525,1986,10.633333333333333,1987,USA1968
682,45,Altonji and Siow (1987),0.0907,0.0955,0,,,,,,,,,,,,0,1,1,0,8,1,0,0,0,0,1,,0,0,1,0,1,0,0,0,0,0,0,USA,1,0,1968,1981,14.0,14.0,9913,708.0,1974.5,0,0,0,0,0,1,0,1,0,0,0,0,1,0,0,0,0,0,0,1,1.525,1986,10.633333333333333,1987,USA1968
683,45,Altonji and Siow (1987),0.0907,0.0908,0,,,,,,,,,,,,0,1,1,0,8,1,0,0,0,0,1,,0,0,1,0,1,0,0,0,0,0,0,USA,1,0,1968,1981,14.0,14.0,9913,708.0,1974.5,0,0,0,0,0,1,0,1,0,0,0,0,1,0,0,0,0,0,0,1,1.525,1986,10.633333333333333,1987,USA1968
684,45,Altonji and Siow (1987),-0.007,0.2236,0,,,,,,,,,,,,1,1,1,0,8,1,0,0,0,0,1,,0,0,1,0,1,0,0,0,0,0,0,USA,1,0,1968,1981,14.0,14.0,3987,285.0,1974.5,0,0,0,0,0,1,0,1,0,1,0,0,1,0,0,0,0,0,0,1,1.525,1986,10.633333333333333,1987,USA1968
685,45,Altonji and Siow (1987),-0.025,0.2992,0,,,,,,,,,,,,1,1,1,0,8,1,0,0,0,0,1,,0,0,1,0,1,0,0,0,0,0,0,USA,1,0,1968,1981,14.0,14.0,3987,285.0,1974.5,0,0,0,0,0,1,0,1,0,1,0,0,1,0,0,0,0,0,0,1,1.525,1986,10.633333333333333,1987,USA1968
686,45,Altonji and Siow (1987),0.074,0.16,0,,,,,,,,,,,,0,1,1,0,8,1,0,0,0,0,1,,0,0,1,0,1,0,0,0,0,0,0,USA,1,0,1968,1981,14.0,8.5,6028,708.0,1974.5,0,0,0,0,0,1,0,1,0,0,0,0,1,0,0,0,0,0,0,1,1.525,1986,10.633333333333333,1987,USA1968
687,45,Altonji and Siow (1987),0.074,0.1626,0,,,,,,,,,,,,0,1,1,0,8,1,0,0,0,0,1,,0,0,1,0,1,0,0,0,0,0,0,USA,1,0,1968,1981,14.0,8.5,6028,708.0,1974.5,0,0,0,0,0,1,0,1,0,0,0,0,1,0,0,0,0,0,0,1,1.525,1986,10.633333333333333,1987,USA1968
688,45,Altonji and Siow (1987),0.073,0.1735,0,,,,,,,,,,,,0,1,1,0,8,1,0,0,0,0,1,,0,0,1,0,1,0,0,0,0,0,0,USA,1,0,1968,1981,14.0,8.5,6028,708.0,1974.5,0,0,0,0,0,1,0,1,0,0,0,0,1,0,0,0,0,0,0,1,1.525,1986,10.633333333333333,1987,USA1968
689,45,Altonji and Siow (1987),0.073,0.1776,0,,,,,,,,,,,,0,1,1,0,8,1,0,0,0,0,1,,0,0,1,0,1,0,0,0,0,0,0,USA,1,0,1968,1981,14.0,8.5,6028,708.0,1974.5,0,0,0,0,0,1,0,1,0,0,0,0,1,0,0,0,0,0,0,1,1.525,1986,10.633333333333333,1987,USA1968
690,45,Altonji and Siow (1987),0.251,0.074,0,,,,,,,,,,,,0,1,1,0,8,1,0,0,0,0,1,,0,0,1,0,1,0,0,0,0,0,1,USA,1,0,1968,1981,14.0,14.0,9913,708.0,1974.5,0,0,0,0,0,1,0,1,0,0,0,0,1,0,0,0,0,0,0,1,1.525,1986,10.633333333333333,1987,USA1968
691,45,Altonji and Siow (1987),0.204,0.0788,0,,,,,,,,,,,,0,1,1,0,8,1,0,0,0,0,1,,0,0,1,0,1,0,0,0,1,0,0,USA,1,0,1968,1981,14.0,14.0,9913,708.0,1974.5,0,0,0,0,0,1,0,1,0,0,0,0,1,0,0,0,0,0,0,1,1.525,1986,10.633333333333333,1987,USA1968
692,45,Altonji and Siow (1987),0.126,0.103,0,,,,,,,,,,,,0,1,1,0,8,1,0,0,0,0,1,,0,0,1,0,1,0,0,0,0,0,1,USA,1,0,1968,1981,14.0,14.0,9913,708.0,1974.5,0,0,0,0,0,1,0,1,0,0,0,0,1,0,0,0,0,0,0,1,1.525,1986,10.633333333333333,1987,USA1968
693,45,Altonji and Siow (1987),-0.034,0.176,0,,,,,,,,,,,,0,1,1,0,8,1,0,0,0,0,1,,0,0,1,0,1,0,0,0,1,0,0,USA,1,0,1968,1981,14.0,14.0,9913,708.0,1974.5,0,0,0,0,0,1,0,1,0,0,0,0,1,0,0,0,0,0,0,1,1.525,1986,10.633333333333333,1987,USA1968
694,46,Lage (1991),0.292,0.024,0,,,,,,,,,,,,0,1,1,0,0,0,0,0,0,0,1,,0,1,0,0,0,0,0,0,0,0,0,USA,1,0,1974,1984,11.0,11.0,12617,1147.0,1979.0,0,0,0,0,0,1,0,1,0,0,0,0,1,0,1,0,0,0,0,0,0.197,1991,0.36,1991,USA1974
695,46,Lage (1991),0.212,0.023,0,,,,,,,,,,,,0,1,1,0,0,0,0,0,0,1,0,,0,1,0,0,0,0,0,0,0,0,0,USA,1,0,1974,1984,11.0,11.0,12617,1147.0,1979.0,0,0,0,0,0,1,0,1,0,0,0,0,1,0,1,0,0,0,0,0,0.197,1991,0.36,1991,USA1974
696,47,Eberly (1994),0.58,0.09,0,,,,,,,,,,,,0,1,1,0,5,0,0,1,1,1,0,automobile purchases,1,1,0,0,1,0,0,0,0,0,0,USA,1,0,1983,1986,6.0,2.0,1100,550.0,1984.5,0,0,0,0,0,1,0,0,0,0,0,0,1,0,0,0,0,0,1,1,3.525,1990,8.26923076923077,1994,USA1983
697,48,Garcia et al. (1997),0.261,0.1458,0,,,,,,,,,,,,0,1,1,0,2,0,0,0,0,0,0,,0,1,0,0,1,0,0,1,0,0,0,USA,0,0,1981,1987,7.0,2.0,9339,4669.5,1984.0,0,0,0,0,0,1,0,0,0,0,0,0,1,0,1,0,0,0,1,0,0.768,1995,4.904761904761905,1997,USA1981
698,48,Garcia et al. (1997),0.7114,0.2111,0,,,,,,,,,,,,0,1,1,0,2,0,0,0,0,0,0,,0,1,0,0,1,0,0,0,0,1,0,USA,0,0,1981,1987,7.0,2.0,9339,4669.5,1984.0,0,0,0,0,0,1,0,0,0,0,0,0,1,0,1,0,0,0,1,0,0.768,1995,4.904761904761905,1997,USA1981
699,48,Garcia et al. (1997),0.4523,0.13665,0,,,,,,,,,,,,0,1,1,0,2,0,0,0,0,0,0,,0,1,0,0,1,0,0,0,0,0,0,USA,0,0,1981,1987,7.0,2.0,9339,4669.5,1984.0,0,0,0,0,0,1,0,0,0,0,0,0,1,0,1,0,0,0,0,0,0.768,1995,4.904761904761905,1997,USA1981
700,48,Garcia et al. (1997),0.2884,0.20168,0,,,,,,,,,,,,0,1,1,0,2,0,0,0,0,0,1,,0,1,0,0,1,0,0,1,0,0,0,USA,0,0,1981,1987,7.0,2.0,9339,4669.5,1984.0,0,0,0,0,0,1,0,0,0,0,0,0,1,0,1,0,0,0,1,0,0.768,1995,4.904761904761905,1997,USA1981
701,48,Garcia et al. (1997),0.6069,0.25078,0,,,,,,,,,,,,0,1,1,0,2,0,0,0,0,0,1,,0,1,0,0,1,0,0,0,0,1,0,USA,0,0,1981,1987,7.0,2.0,9339,4669.5,1984.0,0,0,0,0,0,1,0,0,0,0,0,0,1,0,1,0,0,0,1,0,0.768,1995,4.904761904761905,1997,USA1981
702,48,Garcia et al. (1997),0.4838,0.17466,0,,,,,,,,,,,,0,1,1,0,2,0,0,0,0,0,1,,0,1,0,0,1,0,0,0,0,0,0,USA,0,0,1981,1987,7.0,2.0,9339,4669.5,1984.0,0,0,0,0,0,1,0,0,0,0,0,0,1,0,1,0,0,0,0,0,0.768,1995,4.904761904761905,1997,USA1981
703,48,Garcia et al. (1997),0.8,0.2649,0,,,,,,,,,,,,0,1,1,0,2,0,0,0,0,0,0,,0,1,0,0,1,0,0,1,1,0,0,USA,0,0,1981,1987,7.0,2.0,9339,4669.5,1984.0,0,0,0,0,0,1,0,0,0,0,0,0,1,0,1,0,0,0,1,0,0.768,1995,4.904761904761905,1997,USA1981
704,48,Garcia et al. (1997),-0.036,0.1895,0,,,,,,,,,,,,0,1,1,0,2,0,0,0,0,0,0,,0,1,0,0,1,0,0,1,0,0,1,USA,0,0,1981,1987,7.0,2.0,9339,4669.5,1984.0,0,0,0,0,0,1,0,0,0,0,0,0,1,0,1,0,0,0,1,0,0.768,1995,4.904761904761905,1997,USA1981
705,48,Garcia et al. (1997),0.117,0.39,0,,,,,,,,,,,,0,1,1,0,2,0,0,0,0,0,0,,0,1,0,0,1,0,0,0,1,1,0,USA,0,0,1981,1987,7.0,2.0,9339,4669.5,1984.0,0,0,0,0,0,1,0,0,0,0,0,0,1,0,1,0,0,0,1,0,0.768,1995,4.904761904761905,1997,USA1981
706,48,Garcia et al. (1997),1.067,0.31108,0,,,,,,,,,,,,0,1,1,0,2,0,0,0,0,0,0,,0,1,0,0,1,0,0,0,0,1,1,USA,0,0,1981,1987,7.0,2.0,9339,4669.5,1984.0,0,0,0,0,0,1,0,0,0,0,0,0,1,0,1,0,0,0,1,0,0.768,1995,4.904761904761905,1997,USA1981
707,48,Garcia et al. (1997),1.243,0.3482,0,,,,,,,,,,,,0,1,1,0,2,0,0,0,0,0,1,,0,1,0,0,1,0,0,1,1,0,0,USA,0,0,1981,1987,7.0,2.0,9339,4669.5,1984.0,0,0,0,0,0,1,0,0,0,0,0,0,1,0,1,0,0,0,1,0,0.768,1995,4.904761904761905,1997,USA1981
708,48,Garcia et al. (1997),-0.12,0.24,0,,,,,,,,,,,,0,1,1,0,2,0,0,0,0,0,1,,0,1,0,0,1,0,0,1,0,0,1,USA,0,0,1981,1987,7.0,2.0,9339,4669.5,1984.0,0,0,0,0,0,1,0,0,0,0,0,0,1,0,1,0,0,0,1,0,0.768,1995,4.904761904761905,1997,USA1981
709,48,Garcia et al. (1997),-0.144,0.4235,0,,,,,,,,,,,,0,1,1,0,2,0,0,0,0,0,1,,0,1,0,0,1,0,0,0,1,1,0,USA,0,0,1981,1987,7.0,2.0,9339,4669.5,1984.0,0,0,0,0,0,1,0,0,0,0,0,0,1,0,1,0,0,0,1,0,0.768,1995,4.904761904761905,1997,USA1981
710,48,Garcia et al. (1997),0.926,0.2885,0,,,,,,,,,,,,0,1,1,0,2,0,0,0,0,0,1,,0,1,0,0,1,0,0,0,0,1,1,USA,0,0,1981,1987,7.0,2.0,9339,4669.5,1984.0,0,0,0,0,0,1,0,0,0,0,0,0,1,0,1,0,0,0,1,0,0.768,1995,4.904761904761905,1997,USA1981
711,48,Garcia et al. (1997),0.824,0.25122,0,,,,,,,,,,,,0,1,1,0,2,0,0,0,0,0,0,,0,1,0,0,1,0,0,1,1,0,0,USA,0,0,1981,1987,7.0,2.0,9339,4669.5,1984.0,0,0,0,0,0,1,0,0,0,0,0,0,1,0,1,0,0,0,1,0,0.768,1995,4.904761904761905,1997,USA1981
712,48,Garcia et al. (1997),-0.052,0.1793,0,,,,,,,,,,,,0,1,1,0,2,0,0,0,0,0,0,,0,1,0,0,1,0,0,1,0,0,1,USA,0,0,1981,1987,7.0,2.0,9339,4669.5,1984.0,0,0,0,0,0,1,0,0,0,0,0,0,1,0,1,0,0,0,1,0,0.768,1995,4.904761904761905,1997,USA1981
713,48,Garcia et al. (1997),1.081,0.29059,0,,,,,,,,,,,,0,1,1,0,2,0,0,0,0,0,0,,0,1,0,0,1,0,0,0,0,1,1,USA,0,0,1981,1987,7.0,2.0,9339,4669.5,1984.0,0,0,0,0,0,1,0,0,0,0,0,0,1,0,1,0,0,0,1,0,0.768,1995,4.904761904761905,1997,USA1981
714,48,Garcia et al. (1997),1.213,0.3388,0,,,,,,,,,,,,0,1,1,0,2,0,0,0,0,0,1,,0,1,0,0,1,0,0,1,1,0,0,USA,0,0,1981,1987,7.0,2.0,9339,4669.5,1984.0,0,0,0,0,0,1,0,0,0,0,0,0,1,0,1,0,0,0,1,0,0.768,1995,4.904761904761905,1997,USA1981
715,48,Garcia et al. (1997),-0.092,0.23,0,,,,,,,,,,,,0,1,1,0,2,0,0,0,0,0,1,,0,1,0,0,1,0,0,1,0,0,1,USA,0,0,1981,1987,7.0,2.0,9339,4669.5,1984.0,0,0,0,0,0,1,0,0,0,0,0,0,1,0,1,0,0,0,1,0,0.768,1995,4.904761904761905,1997,USA1981
716,48,Garcia et al. (1997),0.915,0.3268,0,,,,,,,,,,,,0,1,1,0,2,0,0,0,0,0,1,,0,1,0,0,1,0,0,0,0,1,1,USA,0,0,1981,1987,7.0,2.0,9339,4669.5,1984.0,0,0,0,0,0,1,0,0,0,0,0,0,1,0,1,0,0,0,1,0,0.768,1995,4.904761904761905,1997,USA1981
717,48,Garcia et al. (1997),0.799,0.2646,0,,,,,,,,,,,,0,1,1,0,2,0,0,0,0,0,0,,0,1,0,0,1,0,0,1,1,0,0,USA,0,0,1981,1987,7.0,2.0,9339,4669.5,1984.0,0,0,0,0,0,1,0,0,0,0,0,0,1,0,1,0,0,0,1,0,0.768,1995,4.904761904761905,1997,USA1981
718,48,Garcia et al. (1997),0.145,0.3718,0,,,,,,,,,,,,0,1,1,0,2,0,0,0,0,0,0,,0,1,0,0,1,0,0,0,1,1,0,USA,0,0,1981,1987,7.0,2.0,9339,4669.5,1984.0,0,0,0,0,0,1,0,0,0,0,0,0,1,0,1,0,0,0,1,0,0.768,1995,4.904761904761905,1997,USA1981
719,48,Garcia et al. (1997),1.056,0.30877,0,,,,,,,,,,,,0,1,1,0,2,0,0,0,0,0,0,,0,1,0,0,1,0,0,0,0,1,1,USA,0,0,1981,1987,7.0,2.0,9339,4669.5,1984.0,0,0,0,0,0,1,0,0,0,0,0,0,1,0,1,0,0,0,1,0,0.768,1995,4.904761904761905,1997,USA1981
720,48,Garcia et al. (1997),1.238,0.35677,0,,,,,,,,,,,,0,1,1,0,2,0,0,0,0,0,1,,0,1,0,0,1,0,0,1,1,0,0,USA,0,0,1981,1987,7.0,2.0,9339,4669.5,1984.0,0,0,0,0,0,1,0,0,0,0,0,0,1,0,1,0,0,0,1,0,0.768,1995,4.904761904761905,1997,USA1981
721,48,Garcia et al. (1997),-0.064,0.4,0,,,,,,,,,,,,0,1,1,0,2,0,0,0,0,0,1,,0,1,0,0,1,0,0,0,1,1,0,USA,0,0,1981,1987,7.0,2.0,9339,4669.5,1984.0,0,0,0,0,0,1,0,0,0,0,0,0,1,0,1,0,0,0,1,0,0.768,1995,4.904761904761905,1997,USA1981
722,48,Garcia et al. (1997),0.903,0.28486,0,,,,,,,,,,,,0,1,1,0,2,0,0,0,0,0,1,,0,1,0,0,1,0,0,0,0,1,1,USA,0,0,1981,1987,7.0,2.0,9339,4669.5,1984.0,0,0,0,0,0,1,0,0,0,0,0,0,1,0,1,0,0,0,1,0,0.768,1995,4.904761904761905,1997,USA1981
723,49,Campbell and Mankiw (1990),0.296,0.044,0,,,,,,,,,,,,0,0,0,0,0,0,0,0,0,0,0,,0,0,0,1,1,0,0,0,0,0,0,USA,0,0,1953,1985,33.0,132.0,132,1.0,1969.0,0,1,0,0,0,0,0,0,0,0,0,0,0,0,1,0,0,0,0,0,0.851,1987,31.0,1990,USA1953
724,49,Campbell and Mankiw (1990),0.33,0.161,0,,,,,,,,,,,,0,0,0,0,0,0,0,0,0,0,0,,0,0,0,0,1,0,0,0,0,0,0,USA,0,0,1953,1985,33.0,132.0,132,1.0,1969.0,0,0,0,0,1,0,0,1,0,0,0,0,0,0,1,0,0,0,0,0,0.851,1987,31.0,1990,USA1953
725,49,Campbell and Mankiw (1990),0.422,0.141,0,,,,,,,,,,,,0,0,0,0,0,0,0,0,0,0,0,,0,0,0,0,1,0,0,0,0,0,0,USA,0,0,1953,1985,33.0,132.0,132,1.0,1969.0,0,0,0,0,1,0,0,1,0,0,0,0,0,0,1,0,0,0,0,0,0.851,1987,31.0,1990,USA1953
726,49,Campbell and Mankiw (1990),0.361,0.126,0,,,,,,,,,,,,0,0,0,0,0,0,0,0,0,0,0,,0,0,0,0,1,0,0,0,0,0,0,USA,0,0,1953,1985,33.0,132.0,132,1.0,1969.0,0,0,0,0,1,0,1,0,0,0,0,0,0,0,1,0,0,0,0,0,0.851,1987,31.0,1990,USA1953
727,49,Campbell and Mankiw (1990),0.476,0.13,0,,,,,,,,,,,,0,0,0,0,0,0,0,0,0,0,0,,0,0,0,0,1,0,0,0,0,0,0,USA,0,0,1953,1985,33.0,132.0,132,1.0,1969.0,0,0,0,0,1,0,1,0,0,0,0,0,0,0,1,0,0,0,0,0,0.851,1987,31.0,1990,USA1953
728,49,Campbell and Mankiw (1990),0.637,0.144,0,,,,,,,,,,,,0,0,0,0,0,0,0,0,0,0,0,,0,0,0,0,1,0,0,0,0,0,0,USA,0,0,1953,1985,33.0,132.0,132,1.0,1969.0,0,0,0,0,1,0,0,0,1,0,0,0,0,0,1,0,0,0,0,0,0.851,1987,31.0,1990,USA1953
729,49,Campbell and Mankiw (1990),0.552,0.14,0,,,,,,,,,,,,0,0,0,0,0,0,0,0,0,0,0,,0,0,0,0,1,0,0,0,0,0,0,USA,0,0,1953,1985,33.0,132.0,132,1.0,1969.0,0,0,0,0,1,0,0,0,1,0,0,0,0,0,1,0,0,0,0,0,0.851,1987,31.0,1990,USA1953
730,49,Campbell and Mankiw (1990),0.317,0.11,0,,,,,,,,,,,,0,0,0,0,0,0,0,0,0,0,0,,0,0,0,0,1,0,0,0,0,0,0,USA,0,0,1953,1985,33.0,132.0,132,1.0,1969.0,0,0,0,0,1,0,1,1,0,0,0,1,0,0,1,0,0,0,0,0,0.851,1987,31.0,1990,USA1953
731,49,Campbell and Mankiw (1990),0.41,0.087,0,,,,,,,,,,,,0,0,0,0,0,0,0,0,0,0,0,,0,0,0,0,1,0,0,0,0,0,0,USA,0,0,1953,1985,33.0,132.0,132,1.0,1969.0,0,0,0,0,1,0,1,1,1,0,0,1,0,0,1,0,0,0,0,0,0.851,1987,31.0,1990,USA1953
732,49,Campbell and Mankiw (1990),0.328,0.048,0,,,,,,,,,,,,0,0,0,0,0,0,0,0,0,0,0,,0,0,0,1,1,0,0,0,0,0,0,USA,0,0,1953,1985,33.0,132.0,132,1.0,1969.0,0,1,0,0,0,0,0,0,0,0,0,0,0,0,0,0,0,0,0,0,0.851,1987,31.0,1990,USA1953
733,49,Campbell and Mankiw (1990),0.379,0.178,0,,,,,,,,,,,,0,0,0,0,0,0,0,0,0,0,0,,0,0,0,0,1,0,0,0,0,0,0,USA,0,0,1953,1985,33.0,132.0,132,1.0,1969.0,0,0,0,0,1,0,0,1,0,0,0,0,0,0,0,0,0,0,0,0,0.851,1987,31.0,1990,USA1953
734,49,Campbell and Mankiw (1990),0.477,0.158,0,,,,,,,,,,,,0,0,0,0,0,0,0,0,0,0,0,,0,0,0,0,1,0,0,0,0,0,0,USA,0,0,1953,1985,33.0,132.0,132,1.0,1969.0,0,0,0,0,1,0,0,1,0,0,0,0,0,0,0,0,0,0,0,0,0.851,1987,31.0,1990,USA1953
735,49,Campbell and Mankiw (1990),0.406,0.135,0,,,,,,,,,,,,0,0,0,0,0,0,0,0,0,0,0,,0,0,0,0,1,0,0,0,0,0,0,USA,0,0,1953,1985,33.0,132.0,132,1.0,1969.0,0,0,0,0,1,0,1,0,0,0,0,0,0,0,0,0,0,0,0,0,0.851,1987,31.0,1990,USA1953
736,49,Campbell and Mankiw (1990),0.526,0.142,0,,,,,,,,,,,,0,0,0,0,0,0,0,0,0,0,0,,0,0,0,0,1,0,0,0,0,0,0,USA,0,0,1953,1985,33.0,132.0,132,1.0,1969.0,0,0,0,0,1,0,1,0,0,0,0,0,0,0,0,0,0,0,0,0,0.851,1987,31.0,1990,USA1953
737,49,Campbell and Mankiw (1990),0.713,0.156,0,,,,,,,,,,,,0,0,0,0,0,0,0,0,0,0,0,,0,0,0,0,1,0,0,0,0,0,0,USA,0,0,1953,1985,33.0,132.0,132,1.0,1969.0,0,0,0,0,1,0,0,0,1,0,0,0,0,0,0,0,0,0,0,0,0.851,1987,31.0,1990,USA1953
738,49,Campbell and Mankiw (1990),0.615,0.156,0,,,,,,,,,,,,0,0,0,0,0,0,0,0,0,0,0,,0,0,0,0,1,0,0,0,0,0,0,USA,0,0,1953,1985,33.0,132.0,132,1.0,1969.0,0,0,0,0,1,0,0,0,1,0,0,0,0,0,0,0,0,0,0,0,0.851,1987,31.0,1990,USA1953
739,49,Campbell and Mankiw (1990),0.351,0.12,0,,,,,,,,,,,,0,0,0,0,0,0,0,0,0,0,0,,0,0,0,0,1,0,0,0,0,0,0,USA,0,0,1953,1985,33.0,132.0,132,1.0,1969.0,0,0,0,0,1,0,1,1,0,0,0,1,0,0,0,0,0,0,0,0,0.851,1987,31.0,1990,USA1953
740,49,Campbell and Mankiw (1990),0.454,0.095,0,,,,,,,,,,,,0,0,0,0,0,0,0,0,0,0,0,,0,0,0,0,1,0,0,0,0,0,0,USA,0,0,1953,1985,33.0,132.0,132,1.0,1969.0,0,0,0,0,1,0,1,1,1,0,0,1,0,0,0,0,0,0,0,0,0.851,1987,31.0,1990,USA1953
741,49,Campbell and Mankiw (1990),0.451,0.109,0,,,,,,,,,,,,1,0,0,0,0,0,0,0,0,0,0,,0,0,0,0,1,0,0,0,0,0,0,USA,0,0,1953,1985,33.0,132.0,132,1.0,1969.0,0,0,0,0,1,0,1,0,0,1,0,0,0,0,0,0,0,0,0,0,0.851,1987,31.0,1990,USA1953
742,49,Campbell and Mankiw (1990),0.668,0.173,0,,,,,,,,,,,,1,0,0,0,0,0,0,0,0,0,0,,0,0,0,0,1,0,0,0,0,0,0,USA,0,0,1953,1985,33.0,132.0,132,1.0,1969.0,0,0,0,0,1,0,0,0,1,1,0,0,0,0,0,0,0,0,0,0,0.851,1987,31.0,1990,USA1953
743,49,Campbell and Mankiw (1990),0.364,0.2,0,,,,,,,,,,,,0,0,0,0,0,0,0,1,0,0,0,,0,0,0,0,1,0,0,0,0,0,0,USA,0,0,1953,1985,33.0,132.0,132,1.0,1969.0,0,0,0,0,1,0,1,0,0,0,0,0,1,0,0,0,0,0,0,0,0.851,1987,31.0,1990,USA1953
744,49,Campbell and Mankiw (1990),0.497,0.212,0,,,,,,,,,,,,0,0,0,0,0,0,0,1,0,0,0,,0,0,0,0,1,0,0,0,0,0,0,USA,0,0,1953,1985,33.0,132.0,132,1.0,1969.0,0,0,0,0,1,0,0,0,1,0,0,0,1,0,0,0,0,0,0,0,0.851,1987,31.0,1990,USA1953
745,49,Campbell and Mankiw (1990),0.258,0.143,0,,,,,,,,,,,,0,0,0,0,0,0,0,0,0,0,0,,0,0,0,0,1,0,0,0,0,0,0,USA,0,0,1953,1985,33.0,132.0,132,1.0,1969.0,0,0,0,0,1,0,1,0,0,0,0,0,0,0,0,0,0,0,0,0,0.851,1987,31.0,1990,USA1953
746,49,Campbell and Mankiw (1990),0.59,0.137,0,,,,,,,,,,,,0,0,0,0,0,0,0,0,0,0,0,,0,0,0,0,1,0,0,0,0,0,0,USA,0,0,1953,1985,33.0,132.0,132,1.0,1969.0,0,0,0,0,1,0,0,0,1,0,0,0,1,0,0,0,0,0,0,0,0.851,1987,31.0,1990,USA1953
747,49,Campbell and Mankiw (1990),0.357,0.133,0,,,,,,,,,,,,0,0,0,0,0,0,1,0,0,0,0,,0,0,0,0,1,0,0,0,0,0,0,USA,0,0,1953,1985,33.0,132.0,132,1.0,1969.0,0,0,0,0,1,0,1,0,0,0,0,0,1,0,0,0,0,0,0,0,0.851,1987,31.0,1990,USA1953
748,49,Campbell and Mankiw (1990),0.664,0.17,0,,,,,,,,,,,,0,0,0,0,0,0,1,0,0,0,0,,0,0,0,0,1,0,0,0,0,0,0,USA,0,0,1953,1985,33.0,132.0,132,1.0,1969.0,0,0,0,0,1,0,0,0,1,0,0,0,1,0,0,0,0,0,0,0,0.851,1987,31.0,1990,USA1953
749,50,Lusardi (1996),0.131,0.209,0,,,,,,,,,,,,0,1,1,0,2,0,0,0,0,0,0,,0,0,1,0,1,0,0,0,0,0,0,USA,0,0,1980,1987,8.0,2.0,9568,4784.0,1983.5,0,0,0,0,1,0,0,0,0,0,0,0,1,0,0,0,0,0,0,0,0.851,1996,10.5,1996,USA1980
750,50,Lusardi (1996),0.255,0.175,0,,,,,,,,,,,,0,1,1,0,2,0,0,0,0,0,0,,0,0,1,0,1,0,0,0,0,0,0,USA,0,0,1980,1987,8.0,2.0,9568,4784.0,1983.5,0,0,0,0,1,0,0,0,0,0,0,0,1,0,0,0,0,0,0,0,0.851,1996,10.5,1996,USA1980
751,50,Lusardi (1996),0.225,0.144,0,,,,,,,,,,,,0,1,1,0,2,0,0,0,0,0,0,,0,0,1,0,1,0,0,0,0,0,0,USA,0,0,1980,1987,8.0,2.0,9568,4784.0,1983.5,0,0,0,0,1,0,0,0,0,0,0,0,1,0,0,0,0,0,0,0,0.851,1996,10.5,1996,USA1980
752,50,Lusardi (1996),0.301,0.15,0,,,,,,,,,,,,0,1,1,0,2,0,0,0,0,0,0,,0,0,1,0,1,0,0,0,0,0,0,USA,0,0,1980,1987,8.0,2.0,9568,4784.0,1983.5,0,0,0,0,1,0,0,0,0,0,0,0,1,0,0,0,0,0,0,0,0.851,1996,10.5,1996,USA1980
753,50,Lusardi (1996),0.24,0.126,0,,,,,,,,,,,,0,1,1,0,2,0,0,0,0,0,0,,0,0,1,0,1,0,0,0,0,0,0,USA,0,0,1980,1987,8.0,2.0,9568,4784.0,1983.5,0,0,0,0,1,0,0,0,0,0,0,0,1,0,0,0,0,0,0,0,0.851,1996,10.5,1996,USA1980
754,50,Lusardi (1996),0.26,0.136,0,,,,,,,,,,,,0,1,1,0,2,0,0,0,0,0,0,,0,0,1,0,1,0,0,0,0,0,0,USA,0,0,1980,1987,8.0,2.0,9568,4784.0,1983.5,0,0,0,0,1,0,0,0,0,0,0,0,1,0,0,0,0,0,0,0,0.851,1996,10.5,1996,USA1980
755,50,Lusardi (1996),0.236,0.21,0,,,,,,,,,,,,0,1,1,0,2,0,0,0,0,0,0,,0,0,1,0,1,0,0,0,0,0,0,USA,0,0,1980,1987,8.0,2.0,9568,4784.0,1983.5,0,0,0,0,1,0,0,0,0,0,0,0,1,0,0,0,0,0,0,0,0.851,1996,10.5,1996,USA1980
756,50,Lusardi (1996),0.379,0.176,0,,,,,,,,,,,,0,1,1,0,2,0,0,0,0,0,0,,0,0,1,0,1,0,0,0,0,0,0,USA,0,0,1980,1987,8.0,2.0,9568,4784.0,1983.5,0,0,0,0,1,0,0,0,0,0,0,0,1,0,0,0,0,0,0,0,0.851,1996,10.5,1996,USA1980
757,50,Lusardi (1996),0.289,0.142,0,,,,,,,,,,,,0,1,1,0,2,0,0,0,0,0,0,,0,0,1,0,1,0,0,0,0,0,0,USA,0,0,1980,1987,8.0,2.0,9568,4784.0,1983.5,0,0,0,0,1,0,0,0,0,0,0,0,1,0,0,0,0,0,0,0,0.851,1996,10.5,1996,USA1980
758,50,Lusardi (1996),0.372,0.148,0,,,,,,,,,,,,0,1,1,0,2,0,0,0,0,0,0,,0,0,1,0,1,0,0,0,0,0,0,USA,0,0,1980,1987,8.0,2.0,9568,4784.0,1983.5,0,0,0,0,1,0,0,0,0,0,0,0,1,0,0,0,0,0,0,0,0.851,1996,10.5,1996,USA1980
759,50,Lusardi (1996),0.294,0.125,0,,,,,,,,,,,,0,1,1,0,2,0,0,0,0,0,0,,0,0,1,0,1,0,0,0,0,0,0,USA,0,0,1980,1987,8.0,2.0,9568,4784.0,1983.5,0,0,0,0,1,0,0,0,0,0,0,0,1,0,0,0,0,0,0,0,0.851,1996,10.5,1996,USA1980
760,50,Lusardi (1996),0.368,0.135,0,,,,,,,,,,,,0,1,1,0,2,0,0,0,0,0,0,,0,0,1,0,1,0,0,0,0,0,0,USA,0,0,1980,1987,8.0,2.0,9568,4784.0,1983.5,0,0,0,0,1,0,0,0,0,0,0,0,1,0,0,0,0,0,0,0,0.851,1996,10.5,1996,USA1980
761,50,Lusardi (1996),0.452,0.273,0,,,,,,,,,,,,0,1,1,0,2,0,0,0,0,0,1,,0,0,1,0,1,0,0,0,0,0,0,USA,0,0,1980,1987,8.0,2.0,9568,4784.0,1983.5,0,0,0,0,1,0,0,0,0,0,0,0,1,0,0,0,0,0,0,0,0.851,1996,10.5,1996,USA1980
762,50,Lusardi (1996),0.493,0.223,0,,,,,,,,,,,,0,1,1,0,2,0,0,0,0,0,1,,0,0,1,0,1,0,0,0,0,0,0,USA,0,0,1980,1987,8.0,2.0,9568,4784.0,1983.5,0,0,0,0,1,0,0,0,0,0,0,0,1,0,0,0,0,0,0,0,0.851,1996,10.5,1996,USA1980
763,50,Lusardi (1996),0.428,0.18,0,,,,,,,,,,,,0,1,1,0,2,0,0,0,0,0,1,,0,0,1,0,1,0,0,0,0,0,0,USA,0,0,1980,1987,8.0,2.0,9568,4784.0,1983.5,0,0,0,0,1,0,0,0,0,0,0,0,1,0,0,0,0,0,0,0,0.851,1996,10.5,1996,USA1980
764,50,Lusardi (1996),0.475,0.184,0,,,,,,,,,,,,0,1,1,0,2,0,0,0,0,0,1,,0,0,1,0,1,0,0,0,0,0,0,USA,0,0,1980,1987,8.0,2.0,9568,4784.0,1983.5,0,0,0,0,1,0,0,0,0,0,0,0,1,0,0,0,0,0,0,0,0.851,1996,10.5,1996,USA1980
765,50,Lusardi (1996),0.411,0.157,0,,,,,,,,,,,,0,1,1,0,2,0,0,0,0,0,1,,0,0,1,0,1,0,0,0,0,0,0,USA,0,0,1980,1987,8.0,2.0,9568,4784.0,1983.5,0,0,0,0,1,0,0,0,0,0,0,0,1,0,0,0,0,0,0,0,0.851,1996,10.5,1996,USA1980
766,50,Lusardi (1996),0.404,0.167,0,,,,,,,,,,,,0,1,1,0,2,0,0,0,0,0,1,,0,0,1,0,1,0,0,0,0,0,0,USA,0,0,1980,1987,8.0,2.0,9568,4784.0,1983.5,0,0,0,0,1,0,0,0,0,0,0,0,1,0,0,0,0,0,0,0,0.851,1996,10.5,1996,USA1980
767,50,Lusardi (1996),0.221,0.182,0,,,,,,,,,,,,0,1,1,0,2,0,0,0,0,0,0,,0,0,0,0,1,0,0,0,0,0,0,USA,0,0,1980,1987,8.0,2.0,13774,6887.0,1983.5,0,0,0,0,0,1,0,0,0,0,0,0,1,0,0,0,0,0,0,0,0.851,1996,10.5,1996,USA1980
768,50,Lusardi (1996),0.337,0.151,0,,,,,,,,,,,,0,1,1,0,2,0,0,0,0,0,0,,0,0,0,0,1,0,0,0,0,0,0,USA,0,0,1980,1987,8.0,2.0,13774,6887.0,1983.5,0,0,0,0,0,1,0,0,0,0,0,0,1,0,0,0,0,0,0,0,0.851,1996,10.5,1996,USA1980
769,50,Lusardi (1996),0.217,0.12,0,,,,,,,,,,,,0,1,1,0,2,0,0,0,0,0,0,,0,0,0,0,1,0,0,0,0,0,0,USA,0,0,1980,1987,8.0,2.0,13774,6887.0,1983.5,0,0,0,0,0,1,0,0,0,0,0,0,1,0,0,0,0,0,0,0,0.851,1996,10.5,1996,USA1980
770,50,Lusardi (1996),0.268,0.125,0,,,,,,,,,,,,0,1,1,0,2,0,0,0,0,0,0,,0,0,0,0,1,0,0,0,0,0,0,USA,0,0,1980,1987,8.0,2.0,13774,6887.0,1983.5,0,0,0,0,0,1,0,0,0,0,0,0,1,0,0,0,0,0,0,0,0.851,1996,10.5,1996,USA1980
771,50,Lusardi (1996),0.275,0.106,0,,,,,,,,,,,,0,1,1,0,2,0,0,0,0,0,0,,0,0,0,0,1,0,0,0,0,0,0,USA,0,0,1980,1987,8.0,2.0,13774,6887.0,1983.5,0,0,0,0,0,1,0,0,0,0,0,0,1,0,0,0,0,0,0,0,0.851,1996,10.5,1996,USA1980
772,50,Lusardi (1996),0.286,0.114,0,,,,,,,,,,,,0,1,1,0,2,0,0,0,0,0,0,,0,0,0,0,1,0,0,0,0,0,0,USA,0,0,1980,1987,8.0,2.0,13774,6887.0,1983.5,0,0,0,0,0,1,0,0,0,0,0,0,1,0,0,0,0,0,0,0,0.851,1996,10.5,1996,USA1980
773,50,Lusardi (1996),0.343,0.194,0,,,,,,,,,,,,0,1,1,0,2,0,0,0,0,0,0,,0,0,0,0,1,0,0,0,0,0,0,USA,0,0,1980,1987,8.0,2.0,10846,5423.0,1983.5,0,0,0,0,0,1,0,0,0,0,0,0,1,0,0,0,0,0,0,0,0.851,1996,10.5,1996,USA1980
774,50,Lusardi (1996),0.431,0.164,0,,,,,,,,,,,,0,1,1,0,2,0,0,0,0,0,0,,0,0,0,0,1,0,0,0,0,0,0,USA,0,0,1980,1987,8.0,2.0,10846,5423.0,1983.5,0,0,0,0,0,1,0,0,0,0,0,0,1,0,0,0,0,0,0,0,0.851,1996,10.5,1996,USA1980
775,50,Lusardi (1996),0.227,0.123,0,,,,,,,,,,,,0,1,1,0,2,0,0,0,0,0,0,,0,0,0,0,1,0,0,0,0,0,0,USA,0,0,1980,1987,8.0,2.0,10846,5423.0,1983.5,0,0,0,0,0,1,0,0,0,0,0,0,1,0,0,0,0,0,0,0,0.851,1996,10.5,1996,USA1980
776,50,Lusardi (1996),0.289,0.131,0,,,,,,,,,,,,0,1,1,0,2,0,0,0,0,0,0,,0,0,0,0,1,0,0,0,0,0,0,USA,0,0,1980,1987,8.0,2.0,10846,5423.0,1983.5,0,0,0,0,0,1,0,0,0,0,0,0,1,0,0,0,0,0,0,0,0.851,1996,10.5,1996,USA1980
777,50,Lusardi (1996),0.29,0.111,0,,,,,,,,,,,,0,1,1,0,2,0,0,0,0,0,0,,0,0,0,0,1,0,0,0,0,0,0,USA,0,0,1980,1987,8.0,2.0,10846,5423.0,1983.5,0,0,0,0,0,1,0,0,0,0,0,0,1,0,0,0,0,0,0,0,0.851,1996,10.5,1996,USA1980
778,50,Lusardi (1996),0.267,0.117,0,,,,,,,,,,,,0,1,1,0,2,0,0,0,0,0,0,,0,0,0,0,1,0,0,0,0,0,0,USA,0,0,1980,1987,8.0,2.0,10846,5423.0,1983.5,0,0,0,0,0,1,0,0,0,0,0,0,1,0,0,0,0,0,0,0,0.851,1996,10.5,1996,USA1980
779,50,Lusardi (1996),0.185,0.183,0,,,,,,,,,,,,0,1,1,0,2,0,0,0,0,0,0,,0,0,0,0,1,0,0,0,0,0,0,USA,0,0,1980,1987,8.0,2.0,13774,6887.0,1983.5,0,0,0,0,0,1,0,0,0,0,0,0,1,0,0,0,0,0,0,0,0.851,1996,10.5,1996,USA1980
780,50,Lusardi (1996),0.29,0.152,0,,,,,,,,,,,,0,1,1,0,2,0,0,0,0,0,0,,0,0,0,0,1,0,0,0,0,0,0,USA,0,0,1980,1987,8.0,2.0,13774,6887.0,1983.5,0,0,0,0,0,1,0,0,0,0,0,0,1,0,0,0,0,0,0,0,0.851,1996,10.5,1996,USA1980
781,50,Lusardi (1996),0.152,0.121,0,,,,,,,,,,,,0,1,1,0,2,0,0,0,0,0,0,,0,0,0,0,1,0,0,0,0,0,0,USA,0,0,1980,1987,8.0,2.0,13774,6887.0,1983.5,0,0,0,0,0,1,0,0,0,0,0,0,1,0,0,0,0,0,0,0,0.851,1996,10.5,1996,USA1980
782,50,Lusardi (1996),0.232,0.127,0,,,,,,,,,,,,0,1,1,0,2,0,0,0,0,0,0,,0,0,0,0,1,0,0,0,0,0,0,USA,0,0,1980,1987,8.0,2.0,13774,6887.0,1983.5,0,0,0,0,0,1,0,0,0,0,0,0,1,0,0,0,0,0,0,0,0.851,1996,10.5,1996,USA1980
783,50,Lusardi (1996),0.217,0.106,0,,,,,,,,,,,,0,1,1,0,2,0,0,0,0,0,0,,0,0,0,0,1,0,0,0,0,0,0,USA,0,0,1980,1987,8.0,2.0,13774,6887.0,1983.5,0,0,0,0,0,1,0,0,0,0,0,0,1,0,0,0,0,0,0,0,0.851,1996,10.5,1996,USA1980
784,50,Lusardi (1996),0.228,0.116,0,,,,,,,,,,,,0,1,1,0,2,0,0,0,0,0,0,,0,0,0,0,1,0,0,0,0,0,0,USA,0,0,1980,1987,8.0,2.0,13774,6887.0,1983.5,0,0,0,0,0,1,0,0,0,0,0,0,1,0,0,0,0,0,0,0,0.851,1996,10.5,1996,USA1980
785,50,Lusardi (1996),0.247,0.195,0,,,,,,,,,,,,0,1,1,0,2,0,0,0,0,0,0,,0,0,0,0,1,0,0,0,0,0,0,USA,0,0,1980,1987,8.0,2.0,10846,5423.0,1983.5,0,0,0,0,0,1,0,0,0,0,0,0,1,0,0,0,0,0,0,0,0.851,1996,10.5,1996,USA1980
786,50,Lusardi (1996),0.334,0.163,0,,,,,,,,,,,,0,1,1,0,2,0,0,0,0,0,0,,0,0,0,0,1,0,0,0,0,0,0,USA,0,0,1980,1987,8.0,2.0,10846,5423.0,1983.5,0,0,0,0,0,1,0,0,0,0,0,0,1,0,0,0,0,0,0,0,0.851,1996,10.5,1996,USA1980
787,50,Lusardi (1996),0.192,0.126,0,,,,,,,,,,,,0,1,1,0,2,0,0,0,0,0,0,,0,0,0,0,1,0,0,0,0,0,0,USA,0,0,1980,1987,8.0,2.0,10846,5423.0,1983.5,0,0,0,0,0,1,0,0,0,0,0,0,1,0,0,0,0,0,0,0,0.851,1996,10.5,1996,USA1980
788,50,Lusardi (1996),0.273,0.134,0,,,,,,,,,,,,0,1,1,0,2,0,0,0,0,0,0,,0,0,0,0,1,0,0,0,0,0,0,USA,0,0,1980,1987,8.0,2.0,10846,5423.0,1983.5,0,0,0,0,0,1,0,0,0,0,0,0,1,0,0,0,0,0,0,0,0.851,1996,10.5,1996,USA1980
789,50,Lusardi (1996),0.247,0.112,0,,,,,,,,,,,,0,1,1,0,2,0,0,0,0,0,0,,0,0,0,0,1,0,0,0,0,0,0,USA,0,0,1980,1987,8.0,2.0,10846,5423.0,1983.5,0,0,0,0,0,1,0,0,0,0,0,0,1,0,0,0,0,0,0,0,0.851,1996,10.5,1996,USA1980
790,50,Lusardi (1996),0.23,0.119,0,,,,,,,,,,,,0,1,1,0,2,0,0,0,0,0,0,,0,0,0,0,1,0,0,0,0,0,0,USA,0,0,1980,1987,8.0,2.0,10846,5423.0,1983.5,0,0,0,0,0,1,0,0,0,0,0,0,1,0,0,0,0,0,0,0,0.851,1996,10.5,1996,USA1980
791,50,Lusardi (1996),0.506,0.233,0,,,,,,,,,,,,0,1,1,0,2,0,0,0,0,0,1,,0,0,0,0,1,0,0,0,0,0,0,USA,0,0,1980,1987,8.0,2.0,13774,6887.0,1983.5,0,0,0,0,0,1,0,0,0,0,0,0,1,0,0,0,0,0,0,0,0.851,1996,10.5,1996,USA1980
792,50,Lusardi (1996),0.518,0.191,0,,,,,,,,,,,,0,1,1,0,2,0,0,0,0,0,1,,0,0,0,0,1,0,0,0,0,0,0,USA,0,0,1980,1987,8.0,2.0,13774,6887.0,1983.5,0,0,0,0,0,1,0,0,0,0,0,0,1,0,0,0,0,0,0,0,0.851,1996,10.5,1996,USA1980
793,50,Lusardi (1996),0.326,0.154,0,,,,,,,,,,,,0,1,1,0,2,0,0,0,0,0,1,,0,0,0,0,1,0,0,0,0,0,0,USA,0,0,1980,1987,8.0,2.0,13774,6887.0,1983.5,0,0,0,0,0,1,0,0,0,0,0,0,1,0,0,0,0,0,0,0,0.851,1996,10.5,1996,USA1980
794,50,Lusardi (1996),0.392,0.159,0,,,,,,,,,,,,0,1,1,0,2,0,0,0,0,0,1,,0,0,0,0,1,0,0,0,0,0,0,USA,0,0,1980,1987,8.0,2.0,13774,6887.0,1983.5,0,0,0,0,0,1,0,0,0,0,0,0,1,0,0,0,0,0,0,0,0.851,1996,10.5,1996,USA1980
795,50,Lusardi (1996),0.377,0.133,0,,,,,,,,,,,,0,1,1,0,2,0,0,0,0,0,1,,0,0,0,0,1,0,0,0,0,0,0,USA,0,0,1980,1987,8.0,2.0,13774,6887.0,1983.5,0,0,0,0,0,1,0,0,0,0,0,0,1,0,0,0,0,0,0,0,0.851,1996,10.5,1996,USA1980
796,50,Lusardi (1996),0.358,0.144,0,,,,,,,,,,,,0,1,1,0,2,0,0,0,0,0,1,,0,0,0,0,1,0,0,0,0,0,0,USA,0,0,1980,1987,8.0,2.0,13774,6887.0,1983.5,0,0,0,0,0,1,0,0,0,0,0,0,1,0,0,0,0,0,0,0,0.851,1996,10.5,1996,USA1980
797,50,Lusardi (1996),0.377,0.247,0,,,,,,,,,,,,0,1,1,0,2,0,0,0,0,0,1,,0,0,0,0,1,0,0,0,0,0,0,USA,0,0,1980,1987,8.0,2.0,10846,5423.0,1983.5,0,0,0,0,0,1,0,0,0,0,0,0,1,0,0,0,0,0,0,0,0.851,1996,10.5,1996,USA1980
798,50,Lusardi (1996),0.468,0.206,0,,,,,,,,,,,,0,1,1,0,2,0,0,0,0,0,1,,0,0,0,0,1,0,0,0,0,0,0,USA,0,0,1980,1987,8.0,2.0,10846,5423.0,1983.5,0,0,0,0,0,1,0,0,0,0,0,0,1,0,0,0,0,0,0,0,0.851,1996,10.5,1996,USA1980
799,50,Lusardi (1996),0.32,0.156,0,,,,,,,,,,,,0,1,1,0,2,0,0,0,0,0,1,,0,0,0,0,1,0,0,0,0,0,0,USA,0,0,1980,1987,8.0,2.0,10846,5423.0,1983.5,0,0,0,0,0,1,0,0,0,0,0,0,1,0,0,0,0,0,0,0,0.851,1996,10.5,1996,USA1980
800,50,Lusardi (1996),0.384,0.164,0,,,,,,,,,,,,0,1,1,0,2,0,0,0,0,0,1,,0,0,0,0,1,0,0,0,0,0,0,USA,0,0,1980,1987,8.0,2.0,10846,5423.0,1983.5,0,0,0,0,0,1,0,0,0,0,0,0,1,0,0,0,0,0,0,0,0.851,1996,10.5,1996,USA1980
801,50,Lusardi (1996),0.347,0.136,0,,,,,,,,,,,,0,1,1,0,2,0,0,0,0,0,1,,0,0,0,0,1,0,0,0,0,0,0,USA,0,0,1980,1987,8.0,2.0,10846,5423.0,1983.5,0,0,0,0,0,1,0,0,0,0,0,0,1,0,0,0,0,0,0,0,0.851,1996,10.5,1996,USA1980
802,50,Lusardi (1996),0.339,0.146,0,,,,,,,,,,,,0,1,1,0,2,0,0,0,0,0,1,,0,0,0,0,1,0,0,0,0,0,0,USA,0,0,1980,1987,8.0,2.0,10846,5423.0,1983.5,0,0,0,0,0,1,0,0,0,0,0,0,1,0,0,0,0,0,0,0,0.851,1996,10.5,1996,USA1980
803,51,Flavin (1981),0.355,0.275,0,,,,,,,,,,,,0,0,0,0,0,0,0,0,0,0,0,,0,1,0,0,0,1,0,0,0,0,0,USA,0,0,1949,1979,31.0,119.0,119,1.0,1964.0,0,0,0,0,0,1,0,1,0,0,0,0,0,0,1,0,0,0,0,1,3.525,1981,40.6,1981,USA1949
804,51,Flavin (1981),0.781,0.3905,0,,,,,,,,,,,,0,0,0,0,0,0,0,0,0,0,0,,0,1,0,0,0,0,1,0,0,0,0,USA,0,0,1949,1979,31.0,119.0,119,1.0,1964.0,0,0,0,0,0,1,0,1,0,0,0,0,0,0,1,0,0,0,0,1,3.525,1981,40.6,1981,USA1949
805,52,Everaert and Pozzi (2014),0.49,0.04,0,,,,,,,,,,,,1,0,1,0,0,0,1,1,1,1,0,,0,0,0,1,1,0,0,0,0,0,0,OECD,1,0,1972,2007,36.0,36.0,540,15.0,1989.5,0,0,0,0,0,0,1,1,0,1,0,1,1,0,0,0,0,0,0,0,1.0,2011,1.8,2014,OECD1972
806,52,Everaert and Pozzi (2014),0.48,0.12,0,,,,,,,,,,,,1,0,1,0,0,0,1,1,1,1,0,,0,0,0,0,0,0,0,0,0,0,0,OECD,1,0,1972,2007,36.0,36.0,540,15.0,1989.5,0,0,0,0,0,1,1,1,0,1,0,1,1,0,0,0,0,0,0,0,1.0,2011,1.8,2014,OECD1972
807,52,Everaert and Pozzi (2014),0.45,0.07,0,,,,,,,,,,,,1,0,1,0,0,0,1,1,1,1,0,,0,0,0,0,1,0,0,0,0,0,0,OECD,1,0,1972,2007,36.0,36.0,540,15.0,1989.5,0,0,0,0,0,1,1,1,0,1,0,1,1,0,0,0,0,0,0,0,1.0,2011,1.8,2014,OECD1972
808,52,Everaert and Pozzi (2014),0.34,0.1,0,,,,,,,,,,,,1,0,1,0,0,0,1,1,1,1,0,,0,0,0,0,1,0,0,0,0,0,0,OECD,1,0,1972,2007,36.0,36.0,540,15.0,1989.5,0,0,0,0,0,1,1,1,0,1,0,1,1,0,0,0,0,0,0,0,1.0,2011,1.8,2014,OECD1972
809,52,Everaert and Pozzi (2014),0.34,0.05,0,,,,,,,,,,,,1,0,1,0,0,0,1,1,1,1,0,,0,0,0,1,1,0,0,0,0,0,0,OECD,1,0,1972,2007,36.0,36.0,540,15.0,1989.5,0,0,0,0,0,0,1,1,0,1,0,1,1,0,0,0,0,0,0,0,1.0,2011,1.8,2014,OECD1972
810,52,Everaert and Pozzi (2014),0.32,0.08,0,,,,,,,,,,,,1,0,1,0,0,0,1,1,1,1,0,,0,0,0,0,0,0,0,0,0,0,0,OECD,1,0,1972,2007,36.0,36.0,540,15.0,1989.5,0,0,0,0,0,1,1,1,0,1,0,1,1,0,0,0,0,0,0,0,1.0,2011,1.8,2014,OECD1972
811,52,Everaert and Pozzi (2014),0.46,0.15,0,,,,,,,,,,,,1,0,1,0,0,0,1,1,1,1,0,,0,0,0,0,1,0,0,0,0,0,0,OECD,1,0,1972,2007,36.0,36.0,540,15.0,1989.5,0,0,0,0,0,1,1,1,0,1,0,1,1,0,0,0,0,0,0,0,1.0,2011,1.8,2014,OECD1972
812,52,Everaert and Pozzi (2014),0.35,0.1,0,,,,,,,,,,,,1,0,1,0,0,0,1,1,1,1,0,,0,0,0,0,1,0,0,0,0,0,0,OECD,1,0,1972,2007,36.0,36.0,540,15.0,1989.5,0,0,0,0,0,1,1,1,0,1,0,1,1,0,0,0,0,0,0,0,1.0,2011,1.8,2014,OECD1972
813,52,Everaert and Pozzi (2014),0.3,0.08,0,,,,,,,,,,,,1,0,0,0,0,0,1,1,1,1,0,,0,0,0,1,1,0,0,0,0,0,0,Australia,1,0,1972,2007,36.0,36.0,36,1.0,1989.5,0,1,0,0,0,0,0,0,0,0,0,0,0,0,0,0,0,0,0,0,1.0,2011,1.8,2014,Australia1972
814,52,Everaert and Pozzi (2014),0.41,0.19,0,,,,,,,,,,,,1,0,0,0,0,0,1,1,1,1,0,,0,0,0,1,1,0,0,0,0,0,0,Austria,1,0,1972,2007,36.0,36.0,36,1.0,1989.5,0,1,0,0,0,0,0,0,0,0,0,0,0,0,0,0,0,0,0,0,1.0,2011,1.8,2014,Austria1972
815,52,Everaert and Pozzi (2014),0.43,0.1,0,,,,,,,,,,,,1,0,0,0,0,0,1,1,1,1,0,,0,0,0,1,1,0,0,0,0,0,0,Belgium,1,0,1972,2007,36.0,36.0,36,1.0,1989.5,0,1,0,0,0,0,0,0,0,0,0,0,0,0,0,0,0,0,0,0,1.0,2011,1.8,2014,Belgium1972
816,52,Everaert and Pozzi (2014),0.52,0.16,0,,,,,,,,,,,,1,0,0,0,0,0,1,1,1,1,0,,0,0,0,1,1,0,0,0,0,0,0,Canada,1,0,1972,2007,36.0,36.0,36,1.0,1989.5,0,1,0,0,0,0,0,0,0,0,0,0,0,0,0,0,0,0,0,0,1.0,2011,1.8,2014,Canada1972
817,52,Everaert and Pozzi (2014),0.34,0.12,0,,,,,,,,,,,,1,0,0,0,0,0,1,1,1,1,0,,0,0,0,1,1,0,0,0,0,0,0,Finland,1,0,1972,2007,36.0,36.0,36,1.0,1989.5,0,1,0,0,0,0,0,0,0,0,0,0,0,0,0,0,0,0,0,0,1.0,2011,1.8,2014,Finland1972
818,52,Everaert and Pozzi (2014),0.41,0.14,0,,,,,,,,,,,,1,0,0,0,0,0,1,1,1,1,0,,0,0,0,1,1,0,0,0,0,0,0,France,1,0,1972,2007,36.0,36.0,36,1.0,1989.5,0,1,0,0,0,0,0,0,0,0,0,0,0,0,0,0,0,0,0,0,1.0,2011,1.8,2014,France1972
819,52,Everaert and Pozzi (2014),0.75,0.11,0,,,,,,,,,,,,1,0,0,0,0,0,1,1,1,1,0,,0,0,0,1,1,0,0,0,0,0,0,Germany,1,0,1972,2007,36.0,36.0,36,1.0,1989.5,0,1,0,0,0,0,0,0,0,0,0,0,0,0,0,0,0,0,0,0,1.0,2011,1.8,2014,Germany1972
820,52,Everaert and Pozzi (2014),0.46,0.22,0,,,,,,,,,,,,1,0,0,0,0,0,1,1,1,1,0,,0,0,0,1,1,0,0,0,0,0,0,Italy,1,0,1972,2007,36.0,36.0,36,1.0,1989.5,0,1,0,0,0,0,0,0,0,0,0,0,0,0,0,0,0,0,0,0,1.0,2011,1.8,2014,Italy1972
821,52,Everaert and Pozzi (2014),0.69,0.19,0,,,,,,,,,,,,1,0,0,0,0,0,1,1,1,1,0,,0,0,0,1,1,0,0,0,0,0,0,Japan,1,0,1972,2007,36.0,36.0,36,1.0,1989.5,0,1,0,0,0,0,0,0,0,0,0,0,0,0,0,0,0,0,0,0,1.0,2011,1.8,2014,Japan1972
822,52,Everaert and Pozzi (2014),0.35,0.16,0,,,,,,,,,,,,1,0,0,0,0,0,1,1,1,1,0,,0,0,0,1,1,0,0,0,0,0,0,Netherlands,1,0,1972,2007,36.0,36.0,36,1.0,1989.5,0,1,0,0,0,0,0,0,0,0,0,0,0,0,0,0,0,0,0,0,1.0,2011,1.8,2014,Netherlands1972
823,52,Everaert and Pozzi (2014),0.36,0.13,0,,,,,,,,,,,,1,0,0,0,0,0,1,1,1,1,0,,0,0,0,1,1,0,0,0,0,0,0,Spain,1,0,1972,2007,36.0,36.0,36,1.0,1989.5,0,1,0,0,0,0,0,0,0,0,0,0,0,0,0,0,0,0,0,0,1.0,2011,1.8,2014,Spain1972
824,52,Everaert and Pozzi (2014),0.43,0.2,0,,,,,,,,,,,,1,0,0,0,0,0,1,1,1,1,0,,0,0,0,1,1,0,0,0,0,0,0,Sweden,1,0,1972,2007,36.0,36.0,36,1.0,1989.5,0,1,0,0,0,0,0,0,0,0,0,0,0,0,0,0,0,0,0,0,1.0,2011,1.8,2014,Sweden1972
825,52,Everaert and Pozzi (2014),0.48,0.09,0,,,,,,,,,,,,1,0,0,0,0,0,1,1,1,1,0,,0,0,0,1,1,0,0,0,0,0,0,UK,1,0,1972,2007,36.0,36.0,36,1.0,1989.5,0,1,0,0,0,0,0,0,0,0,0,0,0,0,0,0,0,0,0,0,1.0,2011,1.8,2014,UK1972
826,52,Everaert and Pozzi (2014),0.66,0.1,0,,,,,,,,,,,,1,0,0,0,0,0,1,1,1,1,0,,0,0,0,1,1,0,0,0,0,0,0,USA,1,0,1972,2007,36.0,36.0,36,1.0,1989.5,0,1,0,0,0,0,0,0,0,0,0,0,0,0,0,0,0,0,0,0,1.0,2011,1.8,2014,USA1972
827,52,Everaert and Pozzi (2014),0.72,0.18,0,,,,,,,,,,,,1,0,0,0,0,0,1,1,1,1,0,,0,0,0,1,1,0,0,0,0,0,0,Denmark,1,0,1972,2007,36.0,36.0,36,1.0,1989.5,0,1,0,0,0,0,0,0,0,0,0,0,0,0,0,0,0,0,0,0,1.0,2011,1.8,2014,Denmark1972
828,52,Everaert and Pozzi (2014),0.4,0.11,0,,,,,,,,,,,,1,0,0,0,0,0,1,1,1,1,0,,0,0,0,0,1,0,0,0,0,0,0,Australia,1,0,1972,2007,36.0,36.0,36,1.0,1989.5,0,0,0,0,0,1,1,1,0,1,0,1,1,0,0,0,0,0,0,0,1.0,2011,1.8,2014,Australia1972
829,52,Everaert and Pozzi (2014),0.31,0.34,0,,,,,,,,,,,,1,0,0,0,0,0,1,1,1,1,0,,0,0,0,0,1,0,0,0,0,0,0,Austria,1,0,1972,2007,36.0,36.0,36,1.0,1989.5,0,0,0,0,0,1,1,1,0,1,0,1,1,0,0,0,0,0,0,0,1.0,2011,1.8,2014,Austria1972
830,52,Everaert and Pozzi (2014),0.21,0.24,0,,,,,,,,,,,,1,0,0,0,0,0,1,1,1,1,0,,0,0,0,0,1,0,0,0,0,0,0,Belgium,1,0,1972,2007,36.0,36.0,36,1.0,1989.5,0,0,0,0,0,1,1,1,0,1,0,1,1,0,0,0,0,0,0,0,1.0,2011,1.8,2014,Belgium1972
831,52,Everaert and Pozzi (2014),0.36,0.32,0,,,,,,,,,,,,1,0,0,0,0,0,1,1,1,1,0,,0,0,0,0,1,0,0,0,0,0,0,Canada,1,0,1972,2007,36.0,36.0,36,1.0,1989.5,0,0,0,0,0,1,1,1,0,1,0,1,1,0,0,0,0,0,0,0,1.0,2011,1.8,2014,Canada1972
832,52,Everaert and Pozzi (2014),0.34,0.26,0,,,,,,,,,,,,1,0,0,0,0,0,1,1,1,1,0,,0,0,0,0,1,0,0,0,0,0,0,Finland,1,0,1972,2007,36.0,36.0,36,1.0,1989.5,0,0,0,0,0,1,1,1,0,1,0,1,1,0,0,0,0,0,0,0,1.0,2011,1.8,2014,Finland1972
833,52,Everaert and Pozzi (2014),0.49,0.25,0,,,,,,,,,,,,1,0,0,0,0,0,1,1,1,1,0,,0,0,0,0,1,0,0,0,0,0,0,France,1,0,1972,2007,36.0,36.0,36,1.0,1989.5,0,0,0,0,0,1,1,1,0,1,0,1,1,0,0,0,0,0,0,0,1.0,2011,1.8,2014,France1972
834,52,Everaert and Pozzi (2014),0.68,0.13,0,,,,,,,,,,,,1,0,0,0,0,0,1,1,1,1,0,,0,0,0,0,1,0,0,0,0,0,0,Germany,1,0,1972,2007,36.0,36.0,36,1.0,1989.5,0,0,0,0,0,1,1,1,0,1,0,1,1,0,0,0,0,0,0,0,1.0,2011,1.8,2014,Germany1972
835,52,Everaert and Pozzi (2014),1.06,0.24,0,,,,,,,,,,,,1,0,0,0,0,0,1,1,1,1,0,,0,0,0,0,1,0,0,0,0,0,0,Italy,1,0,1972,2007,36.0,36.0,36,1.0,1989.5,0,0,0,0,0,1,1,1,0,1,0,1,1,0,0,0,0,0,0,0,1.0,2011,1.8,2014,Italy1972
836,52,Everaert and Pozzi (2014),0.88,0.2,0,,,,,,,,,,,,1,0,0,0,0,0,1,1,1,1,0,,0,0,0,0,1,0,0,0,0,0,0,Japan,1,0,1972,2007,36.0,36.0,36,1.0,1989.5,0,0,0,0,0,1,1,1,0,1,0,1,1,0,0,0,0,0,0,0,1.0,2011,1.8,2014,Japan1972
837,52,Everaert and Pozzi (2014),0.27,0.28,0,,,,,,,,,,,,1,0,0,0,0,0,1,1,1,1,0,,0,0,0,0,1,0,0,0,0,0,0,Netherlands,1,0,1972,2007,36.0,36.0,36,1.0,1989.5,0,0,0,0,0,1,1,1,0,1,0,1,1,0,0,0,0,0,0,0,1.0,2011,1.8,2014,Netherlands1972
838,52,Everaert and Pozzi (2014),0.13,0.11,0,,,,,,,,,,,,1,0,0,0,0,0,1,1,1,1,0,,0,0,0,0,1,0,0,0,0,0,0,Spain,1,0,1972,2007,36.0,36.0,36,1.0,1989.5,0,0,0,0,0,1,1,1,0,1,0,1,1,0,0,0,0,0,0,0,1.0,2011,1.8,2014,Spain1972
839,52,Everaert and Pozzi (2014),0.36,0.19,0,,,,,,,,,,,,1,0,0,0,0,0,1,1,1,1,0,,0,0,0,0,1,0,0,0,0,0,0,Sweden,1,0,1972,2007,36.0,36.0,36,1.0,1989.5,0,0,0,0,0,1,1,1,0,1,0,1,1,0,0,0,0,0,0,0,1.0,2011,1.8,2014,Sweden1972
840,52,Everaert and Pozzi (2014),0.64,0.1,0,,,,,,,,,,,,1,0,0,0,0,0,1,1,1,1,0,,0,0,0,0,1,0,0,0,0,0,0,UK,1,0,1972,2007,36.0,36.0,36,1.0,1989.5,0,0,0,0,0,1,1,1,0,1,0,1,1,0,0,0,0,0,0,0,1.0,2011,1.8,2014,UK1972
841,52,Everaert and Pozzi (2014),0.64,0.17,0,,,,,,,,,,,,1,0,0,0,0,0,1,1,1,1,0,,0,0,0,0,1,0,0,0,0,0,0,USA,1,0,1972,2007,36.0,36.0,36,1.0,1989.5,0,0,0,0,0,1,1,1,0,1,0,1,1,0,0,0,0,0,0,0,1.0,2011,1.8,2014,USA1972
842,52,Everaert and Pozzi (2014),-0.05,0.56,0,,,,,,,,,,,,1,0,0,0,0,0,1,1,1,1,0,,0,0,0,0,1,0,0,0,0,0,0,Denmark,1,0,1972,2007,36.0,36.0,36,1.0,1989.5,0,0,0,0,0,1,1,1,0,1,0,1,1,0,0,0,0,0,0,0,1.0,2011,1.8,2014,Denmark1972
843,52,Everaert and Pozzi (2014),0.25,0.09,0,,,,,,,,,,,,1,0,0,0,0,0,1,1,1,1,0,,0,0,0,1,1,0,0,0,0,0,0,Australia,1,0,1972,2007,36.0,36.0,36,1.0,1989.5,0,1,0,0,0,0,0,0,0,0,0,0,0,0,0,0,0,0,0,0,1.0,2011,1.8,2014,Australia1972
844,52,Everaert and Pozzi (2014),0.09,0.25,0,,,,,,,,,,,,1,0,0,0,0,0,1,1,1,1,0,,0,0,0,1,1,0,0,0,0,0,0,Austria,1,0,1972,2007,36.0,36.0,36,1.0,1989.5,0,1,0,0,0,0,0,0,0,0,0,0,0,0,0,0,0,0,0,0,1.0,2011,1.8,2014,Austria1972
845,52,Everaert and Pozzi (2014),0.11,0.08,0,,,,,,,,,,,,1,0,0,0,0,0,1,1,1,1,0,,0,0,0,1,1,0,0,0,0,0,0,Belgium,1,0,1972,2007,36.0,36.0,36,1.0,1989.5,0,1,0,0,0,0,0,0,0,0,0,0,0,0,0,0,0,0,0,0,1.0,2011,1.8,2014,Belgium1972
846,52,Everaert and Pozzi (2014),0.42,0.16,0,,,,,,,,,,,,1,0,0,0,0,0,1,1,1,1,0,,0,0,0,1,1,0,0,0,0,0,0,Canada,1,0,1972,2007,36.0,36.0,36,1.0,1989.5,0,1,0,0,0,0,0,0,0,0,0,0,0,0,0,0,0,0,0,0,1.0,2011,1.8,2014,Canada1972
847,52,Everaert and Pozzi (2014),0.31,0.08,0,,,,,,,,,,,,1,0,0,0,0,0,1,1,1,1,0,,0,0,0,1,1,0,0,0,0,0,0,Finland,1,0,1972,2007,36.0,36.0,36,1.0,1989.5,0,1,0,0,0,0,0,0,0,0,0,0,0,0,0,0,0,0,0,0,1.0,2011,1.8,2014,Finland1972
848,52,Everaert and Pozzi (2014),0.47,0.17,0,,,,,,,,,,,,1,0,0,0,0,0,1,1,1,1,0,,0,0,0,1,1,0,0,0,0,0,0,France,1,0,1972,2007,36.0,36.0,36,1.0,1989.5,0,1,0,0,0,0,0,0,0,0,0,0,0,0,0,0,0,0,0,0,1.0,2011,1.8,2014,France1972
849,52,Everaert and Pozzi (2014),0.77,0.14,0,,,,,,,,,,,,1,0,0,0,0,0,1,1,1,1,0,,0,0,0,1,1,0,0,0,0,0,0,Germany,1,0,1972,2007,36.0,36.0,36,1.0,1989.5,0,1,0,0,0,0,0,0,0,0,0,0,0,0,0,0,0,0,0,0,1.0,2011,1.8,2014,Germany1972
850,52,Everaert and Pozzi (2014),0.28,0.11,0,,,,,,,,,,,,1,0,0,0,0,0,1,1,1,1,0,,0,0,0,1,1,0,0,0,0,0,0,Italy,1,0,1972,2007,36.0,36.0,36,1.0,1989.5,0,1,0,0,0,0,0,0,0,0,0,0,0,0,0,0,0,0,0,0,1.0,2011,1.8,2014,Italy1972
851,52,Everaert and Pozzi (2014),0.38,0.18,0,,,,,,,,,,,,1,0,0,0,0,0,1,1,1,1,0,,0,0,0,1,1,0,0,0,0,0,0,Japan,1,0,1972,2007,36.0,36.0,36,1.0,1989.5,0,1,0,0,0,0,0,0,0,0,0,0,0,0,0,0,0,0,0,0,1.0,2011,1.8,2014,Japan1972
852,52,Everaert and Pozzi (2014),0.37,0.16,0,,,,,,,,,,,,1,0,0,0,0,0,1,1,1,1,0,,0,0,0,1,1,0,0,0,0,0,0,Netherlands,1,0,1972,2007,36.0,36.0,36,1.0,1989.5,0,1,0,0,0,0,0,0,0,0,0,0,0,0,0,0,0,0,0,0,1.0,2011,1.8,2014,Netherlands1972
853,52,Everaert and Pozzi (2014),0.11,0.09,0,,,,,,,,,,,,1,0,0,0,0,0,1,1,1,1,0,,0,0,0,1,1,0,0,0,0,0,0,Spain,1,0,1972,2007,36.0,36.0,36,1.0,1989.5,0,1,0,0,0,0,0,0,0,0,0,0,0,0,0,0,0,0,0,0,1.0,2011,1.8,2014,Spain1972
854,52,Everaert and Pozzi (2014),0.18,0.17,0,,,,,,,,,,,,1,0,0,0,0,0,1,1,1,1,0,,0,0,0,1,1,0,0,0,0,0,0,Sweden,1,0,1972,2007,36.0,36.0,36,1.0,1989.5,0,1,0,0,0,0,0,0,0,0,0,0,0,0,0,0,0,0,0,0,1.0,2011,1.8,2014,Sweden1972
855,52,Everaert and Pozzi (2014),0.49,0.07,0,,,,,,,,,,,,1,0,0,0,0,0,1,1,1,1,0,,0,0,0,1,1,0,0,0,0,0,0,UK,1,0,1972,2007,36.0,36.0,36,1.0,1989.5,0,1,0,0,0,0,0,0,0,0,0,0,0,0,0,0,0,0,0,0,1.0,2011,1.8,2014,UK1972
856,52,Everaert and Pozzi (2014),0.5,0.1,0,,,,,,,,,,,,1,0,0,0,0,0,1,1,1,1,0,,0,0,0,1,1,0,0,0,0,0,0,USA,1,0,1972,2007,36.0,36.0,36,1.0,1989.5,0,1,0,0,0,0,0,0,0,0,0,0,0,0,0,0,0,0,0,0,1.0,2011,1.8,2014,USA1972
857,52,Everaert and Pozzi (2014),0.37,0.15,0,,,,,,,,,,,,1,0,0,0,0,0,1,1,1,1,0,,0,0,0,1,1,0,0,0,0,0,0,Denmark,1,0,1972,2007,36.0,36.0,36,1.0,1989.5,0,1,0,0,0,0,0,0,0,0,0,0,0,0,0,0,0,0,0,0,1.0,2011,1.8,2014,Denmark1972
858,52,Everaert and Pozzi (2014),-0.24,0.29,0,,,,,,,,,,,,1,0,0,0,0,0,1,1,1,1,0,,0,0,0,0,1,0,0,0,0,0,0,Australia,1,0,1972,2007,36.0,36.0,36,1.0,1989.5,0,0,0,0,0,1,1,1,0,1,0,1,1,0,0,0,0,0,0,0,1.0,2011,1.8,2014,Australia1972
859,52,Everaert and Pozzi (2014),0.53,0.55,0,,,,,,,,,,,,1,0,0,0,0,0,1,1,1,1,0,,0,0,0,0,1,0,0,0,0,0,0,Austria,1,0,1972,2007,36.0,36.0,36,1.0,1989.5,0,0,0,0,0,1,1,1,0,1,0,1,1,0,0,0,0,0,0,0,1.0,2011,1.8,2014,Austria1972
860,52,Everaert and Pozzi (2014),0.3,0.1,0,,,,,,,,,,,,1,0,0,0,0,0,1,1,1,1,0,,0,0,0,0,1,0,0,0,0,0,0,Belgium,1,0,1972,2007,36.0,36.0,36,1.0,1989.5,0,0,0,0,0,1,1,1,0,1,0,1,1,0,0,0,0,0,0,0,1.0,2011,1.8,2014,Belgium1972
861,52,Everaert and Pozzi (2014),1.03,0.3,0,,,,,,,,,,,,1,0,0,0,0,0,1,1,1,1,0,,0,0,0,0,1,0,0,0,0,0,0,Canada,1,0,1972,2007,36.0,36.0,36,1.0,1989.5,0,0,0,0,0,1,1,1,0,1,0,1,1,0,0,0,0,0,0,0,1.0,2011,1.8,2014,Canada1972
862,52,Everaert and Pozzi (2014),-0.17,0.2,0,,,,,,,,,,,,1,0,0,0,0,0,1,1,1,1,0,,0,0,0,0,1,0,0,0,0,0,0,Finland,1,0,1972,2007,36.0,36.0,36,1.0,1989.5,0,0,0,0,0,1,1,1,0,1,0,1,1,0,0,0,0,0,0,0,1.0,2011,1.8,2014,Finland1972
863,52,Everaert and Pozzi (2014),0.38,0.22,0,,,,,,,,,,,,1,0,0,0,0,0,1,1,1,1,0,,0,0,0,0,1,0,0,0,0,0,0,France,1,0,1972,2007,36.0,36.0,36,1.0,1989.5,0,0,0,0,0,1,1,1,0,1,0,1,1,0,0,0,0,0,0,0,1.0,2011,1.8,2014,France1972
864,52,Everaert and Pozzi (2014),1.13,0.24,0,,,,,,,,,,,,1,0,0,0,0,0,1,1,1,1,0,,0,0,0,0,1,0,0,0,0,0,0,Germany,1,0,1972,2007,36.0,36.0,36,1.0,1989.5,0,0,0,0,0,1,1,1,0,1,0,1,1,0,0,0,0,0,0,0,1.0,2011,1.8,2014,Germany1972
865,52,Everaert and Pozzi (2014),1.87,0.39,0,,,,,,,,,,,,1,0,0,0,0,0,1,1,1,1,0,,0,0,0,0,1,0,0,0,0,0,0,Italy,1,0,1972,2007,36.0,36.0,36,1.0,1989.5,0,0,0,0,0,1,1,1,0,1,0,1,1,0,0,0,0,0,0,0,1.0,2011,1.8,2014,Italy1972
866,52,Everaert and Pozzi (2014),0.48,0.19,0,,,,,,,,,,,,1,0,0,0,0,0,1,1,1,1,0,,0,0,0,0,1,0,0,0,0,0,0,Japan,1,0,1972,2007,36.0,36.0,36,1.0,1989.5,0,0,0,0,0,1,1,1,0,1,0,1,1,0,0,0,0,0,0,0,1.0,2011,1.8,2014,Japan1972
867,52,Everaert and Pozzi (2014),-0.21,0.24,0,,,,,,,,,,,,1,0,0,0,0,0,1,1,1,1,0,,0,0,0,0,1,0,0,0,0,0,0,Netherlands,1,0,1972,2007,36.0,36.0,36,1.0,1989.5,0,0,0,0,0,1,1,1,0,1,0,1,1,0,0,0,0,0,0,0,1.0,2011,1.8,2014,Netherlands1972
868,52,Everaert and Pozzi (2014),-0.12,0.13,0,,,,,,,,,,,,1,0,0,0,0,0,1,1,1,1,0,,0,0,0,0,1,0,0,0,0,0,0,Spain,1,0,1972,2007,36.0,36.0,36,1.0,1989.5,0,0,0,0,0,1,1,1,0,1,0,1,1,0,0,0,0,0,0,0,1.0,2011,1.8,2014,Spain1972
869,52,Everaert and Pozzi (2014),0.54,0.21,0,,,,,,,,,,,,1,0,0,0,0,0,1,1,1,1,0,,0,0,0,0,1,0,0,0,0,0,0,Sweden,1,0,1972,2007,36.0,36.0,36,1.0,1989.5,0,0,0,0,0,1,1,1,0,1,0,1,1,0,0,0,0,0,0,0,1.0,2011,1.8,2014,Sweden1972
870,52,Everaert and Pozzi (2014),0.62,0.1,0,,,,,,,,,,,,1,0,0,0,0,0,1,1,1,1,0,,0,0,0,0,1,0,0,0,0,0,0,UK,1,0,1972,2007,36.0,36.0,36,1.0,1989.5,0,0,0,0,0,1,1,1,0,1,0,1,1,0,0,0,0,0,0,0,1.0,2011,1.8,2014,UK1972
871,52,Everaert and Pozzi (2014),0.55,0.13,0,,,,,,,,,,,,1,0,0,0,0,0,1,1,1,1,0,,0,0,0,0,1,0,0,0,0,0,0,USA,1,0,1972,2007,36.0,36.0,36,1.0,1989.5,0,0,0,0,0,1,1,1,0,1,0,1,1,0,0,0,0,0,0,0,1.0,2011,1.8,2014,USA1972
872,52,Everaert and Pozzi (2014),0.15,0.18,0,,,,,,,,,,,,1,0,0,0,0,0,1,1,1,1,0,,0,0,0,0,1,0,0,0,0,0,0,Denmark,1,0,1972,2007,36.0,36.0,36,1.0,1989.5,0,0,0,0,0,1,1,1,0,1,0,1,1,0,0,0,0,0,0,0,1.0,2011,1.8,2014,Denmark1972
873,53,Jappelli and Pistaferri (2000),-0.0835,0.1928,0,,,,,,,,,,,,0,1,0,0,3,0,0,1,0,0,0,,0,0,1,0,0,0,0,0,0,0,0,Italy,1,0,1989,1993,4.0,1.0,3534,3534.0,1991.0,0,0,0,0,0,1,0,1,0,0,0,0,1,0,0,1,0,0,0,0,0.667,1997,5.2105263157894735,2000,Italy1989
874,53,Jappelli and Pistaferri (2000),-0.0514,0.1469,0,,,,,,,,,,,,0,1,0,0,3,0,0,1,0,0,0,,0,0,1,0,0,0,0,0,0,0,0,Italy,1,0,1989,1993,4.0,1.0,2680,2680.0,1991.0,0,0,0,0,0,1,0,1,0,0,0,0,1,0,0,1,0,0,0,0,0.667,1997,5.2105263157894735,2000,Italy1989
875,53,Jappelli and Pistaferri (2000),0.2309,0.7714,0,,,,,,,,,,,,0,1,0,0,3,0,0,1,0,0,0,,0,0,1,0,0,0,0,0,0,1,0,Italy,1,0,1989,1993,4.0,1.0,1108,1108.0,1991.0,0,0,0,0,0,1,0,1,0,0,0,0,1,0,0,1,0,0,0,0,0.667,1997,5.2105263157894735,2000,Italy1989
876,53,Jappelli and Pistaferri (2000),-0.034,0.1532,0,,,,,,,,,,,,0,1,0,0,3,0,0,1,0,0,0,,0,0,1,0,0,0,0,1,0,0,0,Italy,1,0,1989,1993,4.0,1.0,2426,2426.0,1991.0,0,0,0,0,0,1,0,1,0,0,0,0,1,0,0,1,0,0,0,0,0.667,1997,5.2105263157894735,2000,Italy1989
877,53,Jappelli and Pistaferri (2000),-0.0418,0.0924,0,,,,,,,,,,,,0,1,0,0,3,0,0,1,0,0,0,,0,0,1,0,0,0,0,0,0,0,0,Italy,1,0,1989,1993,4.0,1.0,3534,3534.0,1991.0,1,0,0,0,0,1,0,1,0,0,0,0,1,0,0,1,0,0,0,0,0.667,1997,5.2105263157894735,2000,Italy1989
878,53,Jappelli and Pistaferri (2000),0.0522,0.2563,0,,,,,,,,,,,,0,1,0,0,3,0,0,1,0,0,0,,0,0,1,0,0,0,0,0,0,0,1,Italy,1,0,1989,1993,4.0,1.0,3534,3534.0,1991.0,1,0,0,0,0,1,0,1,0,0,0,0,1,0,0,1,0,0,0,0,0.667,1997,5.2105263157894735,2000,Italy1989
879,53,Jappelli and Pistaferri (2000),-0.0687,0.1051,0,,,,,,,,,,,,0,1,0,0,3,0,0,1,0,0,0,,0,0,1,0,0,0,0,0,1,0,0,Italy,1,0,1989,1993,4.0,1.0,3534,3534.0,1991.0,1,0,0,0,0,1,0,1,0,0,0,0,1,0,0,1,0,0,0,0,0.667,1997,5.2105263157894735,2000,Italy1989
880,54,Ni and Seol (2014),0.09,0.01,0,,,1.0,0.0,1.0,0.0,,,,0.0,0.0,0,1,1,0,4,1,0,0,0,0,0,,0,0,0,1,1,0,0,0,0,0,0,Korea,0,1,1993,2003,11.0,20.103671706263498,18616,926.0,1998.0,1,0,0,0,0,0,0,0,0,0,0,0,0,0,0,0,0,0,0,0,1.803,2014,0.5,2014,Korea1993
881,54,Ni and Seol (2014),0.058,0.011,0,,,1.0,0.0,1.0,0.0,,,,0.0,0.0,0,1,1,0,4,1,0,0,1,0,0,,0,0,0,1,1,0,0,0,0,0,0,Korea,0,1,1993,2003,11.0,17.966522678185743,16637,926.0,1998.0,1,0,0,0,0,0,0,0,0,0,0,0,0,0,0,0,0,0,0,0,1.803,2014,0.5,2014,Korea1993
882,54,Ni and Seol (2014),0.046,0.011,0,,,1.0,0.0,1.0,0.0,,,,0.0,0.0,0,1,1,0,4,1,0,0,1,0,0,,0,0,0,1,1,0,0,0,0,0,0,Korea,0,1,1993,2003,11.0,15.91792656587473,14740,926.0,1998.0,1,0,0,0,0,0,0,0,0,0,0,0,0,0,0,0,0,0,0,0,1.803,2014,0.5,2014,Korea1993
883,54,Ni and Seol (2014),0.033,0.018,0,,,1.0,0.0,1.0,0.0,,,,0.0,0.0,0,1,1,0,4,1,0,0,1,0,0,,0,0,0,1,1,0,0,0,0,0,1,Korea,0,1,1993,2003,11.0,15.91792656587473,14740,926.0,1998.0,1,0,0,0,0,0,0,0,0,0,0,0,0,0,0,0,0,0,0,0,1.803,2014,0.5,2014,Korea1993
884,54,Ni and Seol (2014),0.058,0.018,0,,,1.0,0.0,1.0,0.0,,,,0.0,0.0,0,1,1,0,4,1,0,0,1,0,0,,0,0,0,1,1,0,0,0,1,0,0,Korea,0,1,1993,2003,11.0,15.91792656587473,14740,926.0,1998.0,1,0,0,0,0,0,0,0,0,0,0,0,0,0,0,0,0,0,0,0,1.803,2014,0.5,2014,Korea1993
885,54,Ni and Seol (2014),0.046,0.02,0,,,1.0,0.0,1.0,0.0,,,,0.0,0.0,0,1,1,0,4,1,0,0,1,0,1,,0,0,0,1,1,0,0,0,0,0,1,Korea,0,1,1993,2003,11.0,15.91792656587473,14740,926.0,1998.0,1,0,0,0,0,0,0,0,0,0,0,0,0,0,0,0,0,0,0,0,1.803,2014,0.5,2014,Korea1993
886,54,Ni and Seol (2014),0.056,0.021,0,,,1.0,0.0,1.0,0.0,,,,0.0,0.0,0,1,1,0,4,1,0,0,1,0,1,,0,0,0,1,1,0,0,0,1,0,0,Korea,0,1,1993,2003,11.0,15.91792656587473,14740,926.0,1998.0,1,0,0,0,0,0,0,0,0,0,0,0,0,0,0,0,0,0,0,0,1.803,2014,0.5,2014,Korea1993
887,54,Ni and Seol (2014),-0.011,0.094,0,,,1.0,0.0,1.0,0.0,,,,0.0,0.0,0,1,1,0,4,1,0,0,1,0,0,Apparel,1,0,0,1,1,0,0,0,0,0,1,Korea,0,1,1993,2003,11.0,11.88768898488121,11008,926.0,1998.0,1,0,0,0,0,0,0,0,0,0,0,0,0,0,0,0,0,0,0,0,1.803,2014,0.5,2014,Korea1993
888,54,Ni and Seol (2014),0.155,0.094,0,,,1.0,0.0,1.0,0.0,,,,0.0,0.0,0,1,1,0,4,1,0,0,1,0,0,Apparel,1,0,0,1,1,0,0,0,1,0,0,Korea,0,1,1993,2003,11.0,11.88768898488121,11008,926.0,1998.0,1,0,0,0,0,0,0,0,0,0,0,0,0,0,0,0,0,0,0,0,1.803,2014,0.5,2014,Korea1993
889,54,Ni and Seol (2014),0.016042999999999998,0.018912264380554752,0,,,1.0,0.0,1.0,0.0,,,,0.0,0.0,0,1,1,0,4,1,0,0,1,0,0,,0,0,0,1,1,0,0,0,0,1,0,Korea,0,1,1993,2003,11.0,15.91792656587473,14740,926.0,1998.0,1,0,0,0,0,0,0,0,0,0,0,0,0,0,0,0,0,0,0,0,1.803,2014,0.5,2014,Korea1993
890,54,Ni and Seol (2014),0.03766,0.017549002307823656,0,,,1.0,0.0,1.0,0.0,,,,0.0,0.0,0,1,1,0,4,1,0,0,1,0,0,,0,0,0,1,1,0,0,1,0,0,0,Korea,0,1,1993,2003,11.0,15.91792656587473,14740,926.0,1998.0,1,0,0,0,0,0,0,0,0,0,0,0,0,0,0,0,0,0,0,0,1.803,2014,0.5,2014,Korea1993
891,54,Ni and Seol (2014),-0.010719999999999993,0.017931826454658767,0,,,1.0,0.0,1.0,0.0,,,,0.0,0.0,0,1,1,0,4,1,0,0,1,0,0,,0,0,0,1,1,0,0,0,0,1,0,Korea,0,1,1993,2003,11.0,15.91792656587473,14740,926.0,1998.0,1,0,0,0,0,0,0,0,0,0,0,0,0,0,0,0,0,0,0,0,1.803,2014,0.5,2014,Korea1993
892,54,Ni and Seol (2014),0.007671999999999998,0.017539432145882033,0,,,1.0,0.0,1.0,0.0,,,,0.0,0.0,0,1,1,0,4,1,0,0,1,0,0,,0,0,0,1,1,0,0,1,0,0,0,Korea,0,1,1993,2003,11.0,15.91792656587473,14740,926.0,1998.0,1,0,0,0,0,0,0,0,0,0,0,0,0,0,0,0,0,0,0,0,1.803,2014,0.5,2014,Korea1993
893,54,Ni and Seol (2014),0.052663,0.015470864778673493,0,,,1.0,0.0,1.0,0.0,,,,0.0,0.0,0,1,1,0,4,1,0,0,1,0,0,,0,0,0,1,1,0,0,0,0,1,0,Korea,0,1,1993,2003,11.0,15.91792656587473,14740,926.0,1998.0,1,0,0,0,0,0,0,0,0,0,0,0,0,0,0,0,0,0,0,0,1.803,2014,0.5,2014,Korea1993
894,54,Ni and Seol (2014),0.039055,0.021724654772861177,0,,,1.0,0.0,1.0,0.0,,,,0.0,0.0,0,1,1,0,4,1,0,0,1,0,0,,0,0,0,1,1,0,0,1,0,0,0,Korea,0,1,1993,2003,11.0,15.91792656587473,14740,926.0,1998.0,1,0,0,0,0,0,0,0,0,0,0,0,0,0,0,0,0,0,0,0,1.803,2014,0.5,2014,Korea1993
895,54,Ni and Seol (2014),0.039328,0.011212377490969525,0,,,1.0,0.0,1.0,0.0,,,,0.0,0.0,0,1,1,0,4,1,0,0,1,0,0,,0,0,0,1,1,0,0,1,0,0,0,Korea,0,1,1993,2003,11.0,15.91792656587473,14740,926.0,1998.0,1,0,0,0,0,0,0,0,0,0,0,0,0,0,0,0,0,0,0,0,1.803,2014,0.5,2014,Korea1993
896,54,Ni and Seol (2014),0.040721999999999994,0.017118650647758426,0,,,1.0,0.0,1.0,0.0,,,,0.0,0.0,0,1,1,0,4,1,0,0,1,0,0,,0,0,0,1,1,0,0,0,0,1,0,Korea,0,1,1993,2003,11.0,15.91792656587473,14740,926.0,1998.0,1,0,0,0,0,0,0,0,0,0,0,0,0,0,0,0,0,0,0,0,1.803,2014,0.5,2014,Korea1993
897,54,Ni and Seol (2014),0.046152,0.0128489190206803,0,,,1.0,0.0,1.0,0.0,,,,0.0,0.0,0,1,1,0,4,1,0,0,1,0,0,,0,0,0,1,1,0,0,0,0,1,0,Korea,0,1,1993,2003,11.0,15.91792656587473,14740,926.0,1998.0,1,0,0,0,0,0,0,0,0,0,0,0,0,0,0,0,0,0,0,0,1.803,2014,0.5,2014,Korea1993
898,54,Ni and Seol (2014),0.034456,0.01222646899149546,0,,,1.0,0.0,1.0,0.0,,,,0.0,0.0,0,1,1,0,4,1,0,0,1,0,0,,0,0,0,1,1,0,0,1,0,0,0,Korea,0,1,1993,2003,11.0,15.91792656587473,14740,926.0,1998.0,1,0,0,0,0,0,0,0,0,0,0,0,0,0,0,0,0,0,0,0,1.803,2014,0.5,2014,Korea1993
899,55,Reis (2006),0.157,0.229,0,,,,,,,,,,,,0,0,0,0,0,0,0,0,0,0,0,,0,0,1,0,1,0,0,0,0,0,0,USA,0,0,1953,2002,50.0,200.0,200,1.0,1977.5,0,0,0,0,0,0,0,1,0,0,0,0,0,0,0,0,0,0,0,0,1.803,2004,33.083333333333336,2006,USA1953
900,55,Reis (2006),0.166,0.18,0,,,,,,,,,,,,0,0,0,0,0,0,0,0,0,0,0,,0,0,1,0,1,0,0,0,0,0,0,USA,0,0,1953,2002,50.0,200.0,200,1.0,1977.5,0,0,0,0,0,0,0,1,0,0,0,0,1,0,0,0,0,0,0,0,1.803,2004,33.083333333333336,2006,USA1953
901,55,Reis (2006),0.049,0.139,0,,,,,,,,,,,,0,0,0,0,0,0,0,0,0,0,0,,0,0,1,0,1,0,0,0,0,0,0,USA,0,0,1953,2002,50.0,200.0,200,1.0,1977.5,0,0,0,0,0,0,0,1,0,1,0,0,1,0,0,0,0,0,0,0,1.803,2004,33.083333333333336,2006,USA1953
902,56,Parker (1999),0.538,0.197,0,0.218966,0.080179,1.0,0.0,3.0,0.0,712.7479746003942,0.0,1986.0,0.0,0.0,0,1,1,0,2,1,0,0,0,0,0,,0,0,0,1,1,0,0,0,0,0,0,USA,0,0,1980,1993,14.0,2.34,133820,57051.0,1986.5,1,0,0,0,0,0,0,0,0,0,0,0,0,0,0,0,0,0,0,1,1.605,1997,18.473684210526315,1999,USA1980
903,56,Parker (1999),0.617,0.202,0,0.251119,0.082214,1.0,0.0,3.0,0.0,712.7479746003942,0.0,1986.0,0.0,0.0,0,1,1,0,2,1,0,0,0,0,0,,0,0,0,1,1,0,0,0,0,0,0,USA,0,0,1980,1993,14.0,2.34,133820,57051.0,1986.5,1,0,0,0,0,0,0,0,0,0,0,0,0,0,0,0,0,0,0,1,1.605,1997,18.473684210526315,1999,USA1980
904,56,Parker (1999),0.661,0.22,0,0.269027,0.08954,1.0,0.0,3.0,0.0,712.7479746003942,0.0,1986.0,0.0,0.0,0,1,1,0,2,1,0,0,0,0,0,,0,0,1,0,1,0,0,0,0,0,0,USA,0,0,1980,1993,14.0,2.34,133820,57051.0,1986.5,1,0,0,0,0,1,0,1,0,0,0,0,1,0,0,0,0,0,0,1,1.605,1997,18.473684210526315,1999,USA1980
905,56,Parker (1999),0.615,0.344,0,0.250305,0.140008,1.0,0.0,3.0,0.0,712.7479746003942,0.0,1986.0,0.0,0.0,0,1,1,0,2,1,0,0,0,0,0,,0,0,0,1,1,0,0,1,0,0,0,USA,0,0,1980,1993,14.0,2.34,13895,5938.0,1986.5,1,0,0,0,0,0,0,0,0,0,0,0,0,0,0,0,0,0,0,1,1.605,1997,18.473684210526315,1999,USA1980
906,56,Parker (1999),0.718,0.351,0,0.292226,0.142857,1.0,0.0,3.0,0.0,712.7479746003942,0.0,1986.0,0.0,0.0,0,1,1,0,2,1,0,0,0,0,0,,0,0,0,1,1,0,0,1,0,0,0,USA,0,0,1980,1993,14.0,2.34,13895,5938.0,1986.5,1,0,0,0,0,0,0,0,0,0,0,0,0,0,0,0,0,0,0,1,1.605,1997,18.473684210526315,1999,USA1980
907,56,Parker (1999),0.784,0.38,0,0.319088,0.15466,1.0,0.0,3.0,0.0,712.7479746003942,0.0,1986.0,0.0,0.0,0,1,1,0,2,1,0,0,0,0,0,,0,0,1,0,1,0,0,1,0,0,0,USA,0,0,1980,1993,14.0,2.34,13895,5938.0,1986.5,1,0,0,0,0,1,0,1,0,0,0,0,1,0,0,0,0,0,0,1,1.605,1997,18.473684210526315,1999,USA1980
908,56,Parker (1999),0.513,0.638,0,0.208791,0.259666,1.0,0.0,3.0,0.0,712.7479746003942,0.0,1986.0,0.0,0.0,0,1,1,0,2,1,0,0,0,0,0,,0,0,1,0,1,0,0,0,0,1,0,USA,0,0,1980,1993,14.0,2.34,33795,14442.0,1986.5,1,0,0,0,0,1,0,1,0,0,0,0,1,0,0,0,0,0,0,1,1.605,1997,18.473684210526315,1999,USA1980
909,56,Parker (1999),0.828,0.349,0,0.336996,0.142043,1.0,0.0,3.0,0.0,712.7479746003942,0.0,1986.0,0.0,0.0,0,1,1,0,2,1,0,0,0,0,0,,0,0,1,0,1,0,0,1,0,0,0,USA,0,0,1980,1993,14.0,2.34,29460,12590.0,1986.5,1,0,0,0,0,1,0,1,0,0,0,0,1,0,0,0,0,0,0,1,1.605,1997,18.473684210526315,1999,USA1980
910,56,Parker (1999),0.693,0.299,0,0.2820509999999999,0.121693,1.0,0.0,3.0,0.0,712.7479746003942,0.0,1986.0,0.0,0.0,0,1,1,0,2,1,0,0,0,0,0,,0,0,1,0,1,0,0,0,0,1,0,USA,0,0,1980,1993,14.0,2.34,67276,28750.0,1986.5,1,0,0,0,0,1,0,1,0,0,0,0,1,0,0,0,0,0,0,1,1.605,1997,18.473684210526315,1999,USA1980
911,56,Parker (1999),0.466,0.32,0,0.189662,0.13024,1.0,0.0,3.0,0.0,712.7479746003942,0.0,1986.0,0.0,0.0,0,1,1,0,2,1,0,0,0,0,0,,0,0,1,0,1,0,0,1,0,0,0,USA,0,0,1980,1993,14.0,2.34,49629,21209.0,1986.5,1,0,0,0,0,1,0,1,0,0,0,0,1,0,0,0,0,0,0,1,1.605,1997,18.473684210526315,1999,USA1980
912,56,Parker (1999),0.564,0.241,0,0.4060799999999999,0.17352,1.0,0.0,3.0,0.0,712.7479746003942,0.0,1986.0,0.0,0.0,0,1,1,0,2,1,0,0,0,1,0,,0,0,1,0,1,0,0,0,0,0,0,USA,0,0,1980,1993,14.0,2.34,128437,54888.0,1986.5,1,0,0,0,0,1,0,1,0,0,0,0,1,0,0,0,0,0,0,1,1.605,1997,18.473684210526315,1999,USA1980
913,56,Parker (1999),0.133,0.206,0,0.02128,0.03296,1.0,0.0,3.0,0.0,712.7479746003942,0.0,1986.0,0.0,0.0,0,1,1,0,2,1,0,0,0,0,1,,0,0,1,0,1,0,0,0,0,0,0,USA,0,0,1980,1993,14.0,2.34,131076,56015.0,1986.5,1,0,0,0,0,1,0,1,0,0,0,0,1,0,0,0,0,0,0,1,1.605,1997,18.473684210526315,1999,USA1980
914,56,Parker (1999),0.835,0.407,0,0.055945,0.027269,1.0,0.0,3.0,0.0,712.7479746003942,0.0,1986.0,0.0,0.0,0,1,1,0,2,1,0,0,0,0,0,Entertainment and personal care,1,0,1,0,1,0,0,0,0,0,0,USA,0,0,1980,1993,14.0,2.34,128709,55003.846153846156,1986.5,1,0,0,0,0,1,0,1,0,0,0,0,1,0,0,0,0,0,0,1,1.605,1997,18.473684210526315,1999,USA1980
915,56,Parker (1999),2.145,0.515,0,0.0858,0.0206,1.0,0.0,3.0,0.0,712.7479746003942,0.0,1986.0,0.0,0.0,0,1,1,0,2,1,0,0,0,0,0,Apparel and services,1,0,1,0,1,0,0,0,0,0,0,USA,0,0,1980,1993,14.0,2.34,103799,44358.54700854701,1986.5,1,0,0,0,0,1,0,1,0,0,0,0,1,0,0,0,0,0,0,1,1.605,1997,18.473684210526315,1999,USA1980
916,57,Souleles (2002),0.662,0.325,0,0.662,0.325,1.0,0.0,3.0,0.0,309.92651348151287,1.0,1984.0,0.0,0.0,0,1,1,0,3,1,0,0,0,0,0,,0,0,0,1,1,0,0,0,0,0,1,USA,0,0,1982,1983,2.0,2.0,2399,1200.0,1982.5,1,0,0,0,0,0,0,0,0,0,0,0,0,0,1,0,0,0,0,0,1.049,2001,9.133333333333333,2002,USA1982
917,57,Souleles (2002),0.976,0.86,0,0.976,0.86,1.0,0.0,3.0,0.0,309.92651348151287,1.0,1984.0,0.0,0.0,0,1,1,0,3,1,0,0,0,1,0,,0,0,0,1,1,0,0,0,0,0,1,USA,0,0,1982,1983,2.0,2.0,2399,1200.0,1982.5,1,0,0,0,0,0,0,0,0,0,0,0,0,0,1,0,0,0,0,0,1.049,2001,9.133333333333333,2002,USA1982
918,57,Souleles (2002),0.87,0.283,0,0.87,0.283,1.0,0.0,3.0,0.0,266.6279564510074,1.0,1984.0,0.0,0.0,0,1,1,0,3,1,0,0,0,0,0,,0,0,0,1,1,0,0,0,0,0,1,USA,0,0,1982,1983,2.0,2.0,3404,1702.0,1982.5,1,0,0,0,0,0,0,0,0,0,0,0,0,0,1,0,0,0,0,0,1.049,2001,9.133333333333333,2002,USA1982
919,57,Souleles (2002),0.947,0.774,0,0.947,0.774,1.0,0.0,3.0,0.0,266.6279564510074,1.0,1984.0,0.0,0.0,0,1,1,0,3,1,0,0,0,1,0,,0,0,0,1,1,0,0,0,0,0,1,USA,0,0,1982,1983,2.0,2.0,3400,1700.0,1982.5,1,0,0,0,0,0,0,0,0,0,0,0,0,0,1,0,0,0,0,0,1.049,2001,9.133333333333333,2002,USA1982
920,57,Souleles (2002),0.9,0.362,0,0.9,0.362,1.0,0.0,3.0,0.0,309.92651348151287,1.0,1984.0,0.0,0.0,0,1,1,0,3,1,0,0,0,0,0,,0,0,1,0,0,0,0,0,0,0,1,USA,0,0,1982,1983,2.0,2.0,2386,1193.0,1982.5,1,0,0,0,0,1,0,1,0,0,0,0,0,0,1,0,0,0,0,0,1.049,2001,9.133333333333333,2002,USA1982
921,57,Souleles (2002),0.927,0.356,0,0.927,0.356,1.0,0.0,3.0,0.0,309.92651348151287,1.0,1984.0,0.0,0.0,0,1,1,0,3,1,0,0,0,0,0,,0,0,1,0,0,0,0,0,0,0,1,USA,0,0,1982,1983,2.0,2.0,1761,881.0,1982.5,0,0,0,0,0,1,0,1,0,0,0,0,0,0,1,0,0,0,0,0,1.049,2001,9.133333333333333,2002,USA1982
922,57,Souleles (2002),0.366,0.22,0,0.366,0.22,1.0,0.0,3.0,0.0,309.92651348151287,1.0,1984.0,0.0,0.0,0,1,1,0,3,1,0,0,0,0,0,,0,0,0,1,1,0,0,0,0,0,1,USA,0,0,1982,1983,2.0,2.0,2399,1200.0,1982.5,1,0,0,0,0,0,0,0,0,0,0,0,0,0,1,0,0,0,0,0,1.049,2001,9.133333333333333,2002,USA1982
923,57,Souleles (2002),0.577,0.36,0,0.577,0.36,1.0,0.0,3.0,0.0,309.92651348151287,1.0,1984.0,0.0,0.0,0,1,1,0,3,1,0,0,0,0,0,,0,0,0,1,1,0,0,0,0,0,1,USA,0,0,1982,1983,2.0,2.0,1599,800.0,1982.5,1,0,0,0,0,0,0,0,0,0,0,0,0,0,1,0,0,0,0,0,1.049,2001,9.133333333333333,2002,USA1982
924,57,Souleles (2002),0.615,0.343,0,0.615,0.343,1.0,0.0,3.0,0.0,309.92651348151287,1.0,1984.0,0.0,0.0,0,1,1,0,3,1,0,0,0,0,0,,0,0,0,1,1,0,0,0,0,0,1,USA,0,0,1982,1983,2.0,2.0,1579,790.0,1982.5,1,0,0,0,0,0,0,0,0,0,0,0,0,0,1,1,0,0,0,0,1.049,2001,9.133333333333333,2002,USA1982
925,57,Souleles (2002),1.39,0.96,0,1.39,0.96,1.0,0.0,3.0,0.0,309.92651348151287,1.0,1984.0,0.0,0.0,0,1,1,0,3,1,0,0,0,1,0,,0,0,1,0,0,0,0,0,0,0,1,USA,0,0,1982,1983,2.0,2.0,2386,1193.0,1982.5,1,0,0,0,0,1,0,1,0,0,0,0,0,0,1,0,0,0,0,0,1.049,2001,9.133333333333333,2002,USA1982
926,57,Souleles (2002),1.48,0.92,0,1.48,0.92,1.0,0.0,3.0,0.0,309.92651348151287,1.0,1984.0,0.0,0.0,0,1,1,0,3,1,0,0,0,1,0,,0,0,1,0,0,0,0,0,0,0,1,USA,0,0,1982,1983,2.0,2.0,1761,881.0,1982.5,0,0,0,0,0,1,0,1,0,0,0,0,0,0,1,0,0,0,0,0,1.049,2001,9.133333333333333,2002,USA1982
927,57,Souleles (2002),0.674,0.284,0,0.674,0.284,1.0,0.0,3.0,0.0,309.92651348151287,1.0,1984.0,0.0,0.0,0,1,1,0,3,1,0,0,0,1,0,,0,0,0,1,1,0,0,0,0,0,1,USA,0,0,1982,1983,2.0,2.0,2399,1200.0,1982.5,1,0,0,0,0,0,0,0,0,0,0,0,0,0,1,0,0,0,0,0,1.049,2001,9.133333333333333,2002,USA1982
928,57,Souleles (2002),0.241,0.96,0,0.241,0.96,1.0,0.0,3.0,0.0,309.92651348151287,1.0,1984.0,0.0,0.0,0,1,1,0,3,1,0,0,0,1,0,,0,0,0,1,1,0,0,0,0,0,1,USA,0,0,1982,1983,2.0,2.0,1599,800.0,1982.5,1,0,0,0,0,0,0,0,0,0,0,0,0,0,1,0,0,0,0,0,1.049,2001,9.133333333333333,2002,USA1982
929,57,Souleles (2002),1.27,0.95,0,1.27,0.95,1.0,0.0,3.0,0.0,309.92651348151287,1.0,1984.0,0.0,0.0,0,1,1,0,3,1,0,0,0,1,0,,0,0,0,1,1,0,0,0,0,0,1,USA,0,0,1982,1983,2.0,2.0,1579,790.0,1982.5,1,0,0,0,0,0,0,0,0,0,0,0,0,0,1,1,0,0,0,0,1.049,2001,9.133333333333333,2002,USA1982
930,57,Souleles (2002),0.835,0.392,0,0.835,0.392,1.0,0.0,3.0,0.0,266.6279564510074,1.0,1984.0,0.0,0.0,0,1,1,0,3,1,0,0,0,0,0,,0,0,1,0,0,0,0,0,0,0,1,USA,0,0,1982,1983,2.0,2.0,2386,1193.0,1982.5,1,0,0,0,0,1,0,1,0,0,0,0,0,0,1,0,0,0,0,0,1.049,2001,9.133333333333333,2002,USA1982
931,57,Souleles (2002),0.793,0.245,0,0.793,0.245,1.0,0.0,3.0,0.0,266.6279564510074,1.0,1984.0,0.0,0.0,0,1,1,0,3,1,0,0,0,0,0,,0,0,1,0,0,0,0,0,0,0,1,USA,0,0,1982,1983,2.0,2.0,2696,1348.0,1982.5,0,0,0,0,0,1,0,1,0,0,0,0,0,0,1,0,0,0,0,0,1.049,2001,9.133333333333333,2002,USA1982
932,57,Souleles (2002),0.694,0.2,0,0.694,0.2,1.0,0.0,3.0,0.0,266.6279564510074,1.0,1984.0,0.0,0.0,0,1,1,0,3,1,0,0,0,0,0,,0,0,0,1,1,0,0,0,0,0,1,USA,0,0,1982,1983,2.0,2.0,3404,1702.0,1982.5,1,0,0,0,0,0,0,0,0,0,0,0,0,0,1,0,0,0,0,0,1.049,2001,9.133333333333333,2002,USA1982
933,57,Souleles (2002),0.998,0.382,0,0.998,0.382,1.0,0.0,3.0,0.0,266.6279564510074,1.0,1984.0,0.0,0.0,0,1,1,0,3,1,0,0,0,0,0,,0,0,0,1,1,0,0,0,0,0,1,USA,0,0,1982,1983,2.0,2.0,2084,1042.0,1982.5,1,0,0,0,0,0,0,0,0,0,0,0,0,0,1,0,0,0,0,0,1.049,2001,9.133333333333333,2002,USA1982
934,57,Souleles (2002),0.872,0.351,0,0.872,0.351,1.0,0.0,3.0,0.0,266.6279564510074,1.0,1984.0,0.0,0.0,0,1,1,0,3,1,0,0,0,0,0,,0,0,0,1,1,0,0,0,0,0,1,USA,0,0,1982,1983,2.0,2.0,2060,1030.0,1982.5,1,0,0,0,0,0,0,0,0,0,0,0,0,0,1,1,0,0,0,0,1.049,2001,9.133333333333333,2002,USA1982
935,57,Souleles (2002),1.22,1.04,0,1.22,1.04,1.0,0.0,3.0,0.0,266.6279564510074,1.0,1984.0,0.0,0.0,0,1,1,0,3,1,0,0,0,1,0,,0,0,1,0,0,0,0,0,0,0,1,USA,0,0,1982,1983,2.0,2.0,2386,1193.0,1982.5,1,0,0,0,0,1,0,1,0,0,0,0,0,0,1,0,0,0,0,0,1.049,2001,9.133333333333333,2002,USA1982
936,57,Souleles (2002),0.732,0.674,0,0.732,0.674,1.0,0.0,3.0,0.0,266.6279564510074,1.0,1984.0,0.0,0.0,0,1,1,0,3,1,0,0,0,1,0,,0,0,1,0,0,0,0,0,0,0,1,USA,0,0,1982,1983,2.0,2.0,2694,1347.0,1982.5,0,0,0,0,0,1,0,1,0,0,0,0,0,0,1,0,0,0,0,0,1.049,2001,9.133333333333333,2002,USA1982
937,57,Souleles (2002),1.02,0.23,0,1.02,0.23,1.0,0.0,3.0,0.0,266.6279564510074,1.0,1984.0,0.0,0.0,0,1,1,0,3,1,0,0,0,1,0,,0,0,0,1,1,0,0,0,0,0,1,USA,0,0,1982,1983,2.0,2.0,3400,1700.0,1982.5,1,0,0,0,0,0,0,0,0,0,0,0,0,0,1,0,0,0,0,0,1.049,2001,9.133333333333333,2002,USA1982
938,57,Souleles (2002),1.26,1.07,0,1.26,1.07,1.0,0.0,3.0,0.0,266.6279564510074,1.0,1984.0,0.0,0.0,0,1,1,0,3,1,0,0,0,1,0,,0,0,0,1,1,0,0,0,0,0,1,USA,0,0,1982,1983,2.0,2.0,2081,1041.0,1982.5,1,0,0,0,0,0,0,0,0,0,0,0,0,0,1,0,0,0,0,0,1.049,2001,9.133333333333333,2002,USA1982
939,57,Souleles (2002),1.21,1.0,0,1.21,1.0,1.0,0.0,3.0,0.0,266.6279564510074,1.0,1984.0,0.0,0.0,0,1,1,0,3,1,0,0,0,1,0,,0,0,0,1,1,0,0,0,0,0,1,USA,0,0,1982,1983,2.0,2.0,2057,1029.0,1982.5,1,0,0,0,0,0,0,0,0,0,0,0,0,0,1,1,0,0,0,0,1.049,2001,9.133333333333333,2002,USA1982
940,57,Souleles (2002),0.731,0.391,0,0.731,0.391,1.0,0.0,3.0,0.0,309.92651348151287,0.0,1984.0,0.0,0.0,0,1,1,0,3,1,0,0,0,0,0,,0,0,0,1,1,0,0,1,0,0,1,USA,0,0,1982,1983,2.0,2.0,2399,1200.0,1982.5,1,0,0,0,0,0,0,0,0,0,0,0,0,0,1,0,0,0,0,0,1.049,2001,9.133333333333333,2002,USA1982
941,57,Souleles (2002),0.828,1.035,0,0.828,1.035,1.0,0.0,3.0,0.0,309.92651348151287,0.0,1984.0,0.0,0.0,0,1,1,0,3,1,0,0,0,1,0,,0,0,0,1,1,0,0,1,0,0,1,USA,0,0,1982,1983,2.0,2.0,2399,1200.0,1982.5,1,0,0,0,0,0,0,0,0,0,0,0,0,0,1,0,0,0,0,0,1.049,2001,9.133333333333333,2002,USA1982
942,57,Souleles (2002),0.82,0.318,0,0.82,0.318,1.0,0.0,3.0,0.0,266.6279564510074,0.0,1984.0,0.0,0.0,0,1,1,0,3,1,0,0,0,0,0,,0,0,0,1,1,0,0,1,0,0,1,USA,0,0,1982,1983,2.0,2.0,3404,1702.0,1982.5,1,0,0,0,0,0,0,0,0,0,0,0,0,0,1,0,0,0,0,0,1.049,2001,9.133333333333333,2002,USA1982
943,57,Souleles (2002),0.949,0.867,0,0.949,0.867,1.0,0.0,3.0,0.0,266.6279564510074,0.0,1984.0,0.0,0.0,0,1,1,0,3,1,0,0,0,1,0,,0,0,0,1,1,0,0,1,0,0,1,USA,0,0,1982,1983,2.0,2.0,3404,1702.0,1982.5,1,0,0,0,0,0,0,0,0,0,0,0,0,0,1,0,0,0,0,0,1.049,2001,9.133333333333333,2002,USA1982
944,57,Souleles (2002),0.573,0.6284464973249513,0,0.573,0.6284464973249513,1.0,0.0,3.0,0.0,309.92651348151287,0.0,1984.0,0.0,0.0,0,1,1,0,3,1,0,0,0,0,0,,0,0,0,1,1,0,0,0,0,1,1,USA,0,0,1982,1983,2.0,2.0,2399,1200.0,1982.5,1,0,0,0,0,0,0,0,0,0,0,0,0,0,1,0,0,0,0,0,1.049,2001,9.133333333333333,2002,USA1982
945,57,Souleles (2002),1.163,1.6640414658295026,0,1.163,1.664041465829503,1.0,0.0,3.0,0.0,309.92651348151287,0.0,1984.0,0.0,0.0,0,1,1,0,3,1,0,0,0,1,0,,0,0,0,1,1,0,0,0,0,1,1,USA,0,0,1982,1983,2.0,2.0,2399,1200.0,1982.5,1,0,0,0,0,0,0,0,0,0,0,0,0,0,1,0,0,0,0,0,1.049,2001,9.133333333333333,2002,USA1982
946,57,Souleles (2002),0.974,0.5461318522115333,0,0.974,0.5461318522115333,1.0,0.0,3.0,0.0,266.6279564510074,0.0,1984.0,0.0,0.0,0,1,1,0,3,1,0,0,0,0,0,,0,0,0,1,1,0,0,0,0,1,1,USA,0,0,1982,1983,2.0,2.0,3404,1702.0,1982.5,1,0,0,0,0,0,0,0,0,0,0,0,0,0,1,0,0,0,0,0,1.049,2001,9.133333333333333,2002,USA1982
947,57,Souleles (2002),0.945,1.4909922870357177,0,0.945,1.490992287035718,1.0,0.0,3.0,0.0,266.6279564510074,0.0,1984.0,0.0,0.0,0,1,1,0,3,1,0,0,0,1,0,,0,0,0,1,1,0,0,0,0,1,1,USA,0,0,1982,1983,2.0,2.0,3404,1702.0,1982.5,1,0,0,0,0,0,0,0,0,0,0,0,0,0,1,0,0,0,0,0,1.049,2001,9.133333333333333,2002,USA1982
948,57,Souleles (2002),0.662,0.325,0,0.662,0.325,1.0,0.0,3.0,0.0,309.92651348151287,0.0,1984.0,0.0,0.0,0,1,1,0,3,1,0,0,0,0,0,,0,0,0,1,1,0,0,1,0,0,1,USA,0,0,1982,1983,2.0,2.0,2399,1200.0,1982.5,1,0,0,0,0,0,0,0,0,0,0,0,0,0,1,0,0,0,0,0,1.049,2001,9.133333333333333,2002,USA1982
949,57,Souleles (2002),0.977,0.861,0,0.977,0.861,1.0,0.0,3.0,0.0,309.92651348151287,0.0,1984.0,0.0,0.0,0,1,1,0,3,1,0,0,0,1,0,,0,0,0,1,1,0,0,1,0,0,1,USA,0,0,1982,1983,2.0,2.0,2399,1200.0,1982.5,1,0,0,0,0,0,0,0,0,0,0,0,0,0,1,0,0,0,0,0,1.049,2001,9.133333333333333,2002,USA1982
950,57,Souleles (2002),0.876,0.284,0,0.876,0.284,1.0,0.0,3.0,0.0,266.6279564510074,0.0,1984.0,0.0,0.0,0,1,1,0,3,1,0,0,0,0,0,,0,0,0,1,1,0,0,1,0,0,1,USA,0,0,1982,1983,2.0,2.0,3404,1702.0,1982.5,1,0,0,0,0,0,0,0,0,0,0,0,0,0,1,0,0,0,0,0,1.049,2001,9.133333333333333,2002,USA1982
951,57,Souleles (2002),0.925,0.776,0,0.925,0.776,1.0,0.0,3.0,0.0,266.6279564510074,0.0,1984.0,0.0,0.0,0,1,1,0,3,1,0,0,0,1,0,,0,0,0,1,1,0,0,1,0,0,1,USA,0,0,1982,1983,2.0,2.0,3404,1702.0,1982.5,1,0,0,0,0,0,0,0,0,0,0,0,0,0,1,0,0,0,0,0,1.049,2001,9.133333333333333,2002,USA1982
952,57,Souleles (2002),0.42400000000000004,1.0372318930692404,0,0.424,1.03723189306924,1.0,0.0,3.0,0.0,309.92651348151287,0.0,1984.0,0.0,0.0,0,1,1,0,3,1,0,0,0,0,0,,0,0,0,1,1,0,0,0,0,1,1,USA,0,0,1982,1983,2.0,2.0,2399,1200.0,1982.5,1,0,0,0,0,0,0,0,0,0,0,0,0,0,1,0,0,0,0,0,1.049,2001,9.133333333333333,2002,USA1982
953,57,Souleles (2002),-0.1529999999999999,2.7483487769931965,0,-0.1529999999999999,2.748348776993196,1.0,0.0,3.0,0.0,309.92651348151287,0.0,1984.0,0.0,0.0,0,1,1,0,3,1,0,0,0,1,0,,0,0,0,1,1,0,0,0,0,1,1,USA,0,0,1982,1983,2.0,2.0,2399,1200.0,1982.5,1,0,0,0,0,0,0,0,0,0,0,0,0,0,1,0,0,0,0,0,1.049,2001,9.133333333333333,2002,USA1982
954,57,Souleles (2002),1.13,1.0780797744137491,0,1.13,1.078079774413749,1.0,0.0,3.0,0.0,266.6279564510074,0.0,1984.0,0.0,0.0,0,1,1,0,3,1,0,0,0,0,0,,0,0,0,1,1,0,0,0,0,1,1,USA,0,0,1982,1983,2.0,2.0,3404,1702.0,1982.5,1,0,0,0,0,0,0,0,0,0,0,0,0,0,1,0,0,0,0,0,1.049,2001,9.133333333333333,2002,USA1982
955,57,Souleles (2002),-0.32499999999999996,2.9344634944057493,0,-0.325,2.934463494405749,1.0,0.0,3.0,0.0,266.6279564510074,0.0,1984.0,0.0,0.0,0,1,1,0,3,1,0,0,0,1,0,,0,0,0,1,1,0,0,0,0,1,1,USA,0,0,1982,1983,2.0,2.0,3404,1702.0,1982.5,1,0,0,0,0,0,0,0,0,0,0,0,0,0,1,0,0,0,0,0,1.049,2001,9.133333333333333,2002,USA1982
956,57,Souleles (2002),0.208,0.439,0,0.208,0.439,1.0,0.0,3.0,0.0,309.92651348151287,0.0,1984.0,0.0,0.0,0,1,1,0,3,1,0,0,0,0,0,,0,0,0,1,1,0,0,0,0,1,1,USA,0,0,1982,1983,2.0,2.0,2399,1200.0,1982.5,1,0,0,0,0,0,0,0,0,0,0,0,0,0,1,0,0,0,0,0,1.049,2001,9.133333333333333,2002,USA1982
957,57,Souleles (2002),0.309,1.16,0,0.309,1.16,1.0,0.0,3.0,0.0,309.92651348151287,0.0,1984.0,0.0,0.0,0,1,1,0,3,1,0,0,0,1,0,,0,0,0,1,1,0,0,0,0,1,1,USA,0,0,1982,1983,2.0,2.0,2399,1200.0,1982.5,1,0,0,0,0,0,0,0,0,0,0,0,0,0,1,0,0,0,0,0,1.049,2001,9.133333333333333,2002,USA1982
958,57,Souleles (2002),0.565,0.416,0,0.565,0.416,1.0,0.0,3.0,0.0,266.6279564510074,0.0,1984.0,0.0,0.0,0,1,1,0,3,1,0,0,0,0,0,,0,0,0,1,1,0,0,0,0,1,1,USA,0,0,1982,1983,2.0,2.0,3404,1702.0,1982.5,1,0,0,0,0,0,0,0,0,0,0,0,0,0,1,0,0,0,0,0,1.049,2001,9.133333333333333,2002,USA1982
959,57,Souleles (2002),0.854,1.14,0,0.854,1.14,1.0,0.0,3.0,0.0,266.6279564510074,0.0,1984.0,0.0,0.0,0,1,1,0,3,1,0,0,0,1,0,,0,0,0,1,1,0,0,0,0,1,1,USA,0,0,1982,1983,2.0,2.0,3404,1702.0,1982.5,1,0,0,0,0,0,0,0,0,0,0,0,0,0,1,0,0,0,0,0,1.049,2001,9.133333333333333,2002,USA1982
960,57,Souleles (2002),1.053,0.7029381196094007,0,1.053,0.7029381196094007,1.0,0.0,3.0,0.0,309.92651348151287,0.0,1984.0,0.0,0.0,0,1,1,0,3,1,0,0,0,0,0,,0,0,0,1,1,0,0,1,0,0,1,USA,0,0,1982,1983,2.0,2.0,2399,1200.0,1982.5,1,0,0,0,0,0,0,0,0,0,0,0,0,0,1,0,0,0,0,0,1.049,2001,9.133333333333333,2002,USA1982
961,57,Souleles (2002),1.549,1.8647251808242413,0,1.549,1.864725180824241,1.0,0.0,3.0,0.0,309.92651348151287,0.0,1984.0,0.0,0.0,0,1,1,0,3,1,0,0,0,1,0,,0,0,0,1,1,0,0,1,0,0,1,USA,0,0,1982,1983,2.0,2.0,2399,1200.0,1982.5,1,0,0,0,0,0,0,0,0,0,0,0,0,0,1,0,0,0,0,0,1.049,2001,9.133333333333333,2002,USA1982
962,57,Souleles (2002),1.053,0.6412487816752559,0,1.053,0.6412487816752559,1.0,0.0,3.0,0.0,266.6279564510074,0.0,1984.0,0.0,0.0,0,1,1,0,3,1,0,0,0,0,0,,0,0,0,1,1,0,0,1,0,0,1,USA,0,0,1982,1983,2.0,2.0,3404,1702.0,1982.5,1,0,0,0,0,0,0,0,0,0,0,0,0,0,1,0,0,0,0,0,1.049,2001,9.133333333333333,2002,USA1982
963,57,Souleles (2002),1.003,1.7517134468856486,0,1.003,1.751713446885649,1.0,0.0,3.0,0.0,266.6279564510074,0.0,1984.0,0.0,0.0,0,1,1,0,3,1,0,0,0,1,0,,0,0,0,1,1,0,0,1,0,0,1,USA,0,0,1982,1983,2.0,2.0,3404,1702.0,1982.5,1,0,0,0,0,0,0,0,0,0,0,0,0,0,1,0,0,0,0,0,1.049,2001,9.133333333333333,2002,USA1982
964,57,Souleles (2002),0.009,0.132,0,0.009,0.132,1.0,0.0,3.0,0.0,309.92651348151287,1.0,1984.0,0.0,0.0,0,1,1,0,3,1,0,0,0,0,1,,0,0,0,1,1,0,0,0,0,0,1,USA,0,0,1982,1983,2.0,2.0,2420,1210.0,1982.5,1,0,0,0,0,0,0,0,0,0,0,0,0,0,1,0,0,0,0,0,1.049,2001,9.133333333333333,2002,USA1982
965,57,Souleles (2002),0.083,0.114,0,0.083,0.114,1.0,0.0,3.0,0.0,266.6279564510074,1.0,1984.0,0.0,0.0,0,1,1,0,3,1,0,0,0,0,1,,0,0,0,1,1,0,0,0,0,0,1,USA,0,0,1982,1983,2.0,2.0,3437,1719.0,1982.5,1,0,0,0,0,0,0,0,0,0,0,0,0,0,1,0,0,0,0,0,1.049,2001,9.133333333333333,2002,USA1982
966,57,Souleles (2002),0.034,0.078,0,0.034,0.078,1.0,0.0,3.0,0.0,309.92651348151287,1.0,1984.0,0.0,0.0,0,1,1,0,3,1,0,0,0,0,1,food away,1,0,0,1,1,0,0,0,0,0,1,USA,0,0,1982,1983,2.0,2.0,2420,1210.0,1982.5,1,0,0,0,0,0,0,0,0,0,0,0,0,0,1,0,0,0,0,0,1.049,2001,9.133333333333333,2002,USA1982
967,57,Souleles (2002),0.071,0.067,0,0.071,0.067,1.0,0.0,3.0,0.0,266.6279564510074,1.0,1984.0,0.0,0.0,0,1,1,0,3,1,0,0,0,0,1,food away,1,0,0,1,1,0,0,0,0,0,1,USA,0,0,1982,1983,2.0,2.0,3437,1719.0,1982.5,1,0,0,0,0,0,0,0,0,0,0,0,0,0,1,0,0,0,0,0,1.049,2001,9.133333333333333,2002,USA1982
968,57,Souleles (2002),0.237,0.266,0,0.237,0.266,1.0,0.0,3.0,0.0,309.92651348151287,1.0,1984.0,0.0,0.0,0,1,1,0,3,1,0,0,0,0,0,,0,0,0,1,1,0,0,0,0,0,1,USA,0,0,1982,1983,2.0,2.0,2420,1210.0,1982.5,1,0,0,0,0,0,0,0,0,0,0,0,0,0,1,0,0,0,0,0,1.049,2001,9.133333333333333,2002,USA1982
969,57,Souleles (2002),0.439,0.224,0,0.439,0.224,1.0,0.0,3.0,0.0,266.6279564510074,1.0,1984.0,0.0,0.0,0,1,1,0,3,1,0,0,0,0,0,,0,0,0,1,1,0,0,0,0,0,1,USA,0,0,1982,1983,2.0,2.0,3437,1719.0,1982.5,1,0,0,0,0,0,0,0,0,0,0,0,0,0,1,0,0,0,0,0,1.049,2001,9.133333333333333,2002,USA1982
970,57,Souleles (2002),0.316,0.216,0,0.316,0.216,1.0,0.0,3.0,0.0,309.92651348151287,1.0,1984.0,0.0,0.0,0,1,1,0,3,1,0,0,0,0,0,food and transportation,1,0,0,1,1,0,0,0,0,0,1,USA,0,0,1982,1983,2.0,2.0,2399,1200.0,1982.5,1,0,0,0,0,0,0,0,0,0,0,0,0,0,1,0,0,0,0,0,1.049,2001,9.133333333333333,2002,USA1982
971,57,Souleles (2002),0.447,0.184,0,0.447,0.184,1.0,0.0,3.0,0.0,266.6279564510074,1.0,1984.0,0.0,0.0,0,1,1,0,3,1,0,0,0,0,0,food and transportation,1,0,0,1,1,0,0,0,0,0,1,USA,0,0,1982,1983,2.0,2.0,3404,1702.0,1982.5,1,0,0,0,0,0,0,0,0,0,0,0,0,0,1,0,0,0,0,0,1.049,2001,9.133333333333333,2002,USA1982
972,57,Souleles (2002),0.346,0.267,0,0.346,0.267,1.0,0.0,3.0,0.0,309.92651348151287,1.0,1984.0,0.0,0.0,0,1,1,0,3,1,0,0,0,0,0,non-trip nondurables,1,0,0,1,1,0,0,0,0,0,1,USA,0,0,1982,1983,2.0,2.0,2399,1200.0,1982.5,1,0,0,0,0,0,0,0,0,0,0,0,0,0,1,0,0,0,0,0,1.049,2001,9.133333333333333,2002,USA1982
973,57,Souleles (2002),0.592,0.235,0,0.592,0.235,1.0,0.0,3.0,0.0,266.6279564510074,1.0,1984.0,0.0,0.0,0,1,1,0,3,1,0,0,0,0,0,non-trip nondurables,1,0,0,1,1,0,0,0,0,0,1,USA,0,0,1982,1983,2.0,2.0,3404,1702.0,1982.5,1,0,0,0,0,0,0,0,0,0,0,0,0,0,1,0,0,0,0,0,1.049,2001,9.133333333333333,2002,USA1982
974,58,Hsieh (2003),0.0002,0.0324,0,7.653554175293305e-05,0.01239875776397515,1.0,0.0,3.0,0.0,5024.20029015544,1.0,1982.0,0.0,0.0,0,1,1,0,3,0,0,0,0,0,0,,0,0,0,1,1,0,0,0,0,0,1,USA,0,0,1980,2001,22.0,2.0,806,403.0,1990.5,1,0,0,0,0,0,0,0,0,0,0,0,0,0,0,0,0,0,0,1,1.605,2003,13.307692307692308,2003,USA1980
975,58,Hsieh (2003),-0.0167,0.0336,0,-0.00639071773636991,0.01285797101449275,1.0,0.0,3.0,0.0,5024.20029015544,1.0,1982.0,0.0,0.0,0,1,1,0,3,1,0,0,0,0,0,,0,0,0,1,1,0,0,0,0,0,1,USA,0,0,1980,2001,22.0,2.0,806,403.0,1990.5,1,0,0,0,0,0,0,0,0,0,0,0,0,0,0,0,0,0,0,1,1.605,2003,13.307692307692308,2003,USA1980
976,58,Hsieh (2003),-0.0034,0.328,0,-0.001301104209799862,0.1255182884748102,1.0,0.0,3.0,0.0,5024.20029015544,1.0,1982.0,0.0,0.0,0,1,1,0,4,0,0,0,0,0,0,,0,0,0,1,1,0,0,0,0,0,1,USA,0,0,1980,2001,22.0,2.0,806,403.0,1990.5,1,0,0,0,0,0,0,0,0,0,0,0,0,0,0,0,0,0,0,1,1.605,2003,13.307692307692308,2003,USA1980
977,58,Hsieh (2003),-0.1659,0.0878,0,-0.03680942028985507,0.0194808143547274,1.0,0.0,3.0,0.0,5024.20029015544,1.0,1982.0,0.0,0.0,0,1,1,0,3,0,0,0,0,1,0,,0,0,0,1,1,0,0,0,0,0,1,USA,0,0,1980,2001,22.0,2.0,806,403.0,1990.5,1,0,0,0,0,0,0,0,0,0,0,0,0,0,0,0,0,0,0,1,1.605,2003,13.307692307692308,2003,USA1980
978,58,Hsieh (2003),-0.1741,0.0916,0,-0.03862881297446515,0.02032394755003451,1.0,0.0,3.0,0.0,5024.20029015544,1.0,1982.0,0.0,0.0,0,1,1,0,3,1,0,0,0,1,0,,0,0,0,1,1,0,0,0,0,0,1,USA,0,0,1980,2001,22.0,2.0,806,403.0,1990.5,1,0,0,0,0,0,0,0,0,0,0,0,0,0,0,0,0,0,0,1,1.605,2003,13.307692307692308,2003,USA1980
979,58,Hsieh (2003),-0.1488,0.089,0,-0.03301532091097308,0.01974706694271912,1.0,0.0,3.0,0.0,5024.20029015544,1.0,1982.0,0.0,0.0,0,1,1,0,4,0,0,0,0,1,0,,0,0,0,1,1,0,0,0,0,0,1,USA,0,0,1980,2001,22.0,2.0,806,403.0,1990.5,1,0,0,0,0,0,0,0,0,0,0,0,0,0,0,0,0,0,0,1,1.605,2003,13.307692307692308,2003,USA1980
980,58,Hsieh (2003),0.0318,0.0376,0,0.01216915113871636,0.01438868184955142,1.0,0.0,3.0,0.0,5024.20029015544,1.0,1982.0,0.0,0.0,0,1,1,0,3,0,0,0,0,0,0,,0,0,0,1,1,0,0,0,1,0,0,USA,0,0,1980,2001,22.0,2.0,857,428.5,1990.5,1,0,0,0,0,0,0,0,0,0,0,0,0,0,0,0,0,0,0,1,1.605,2003,13.307692307692308,2003,USA1980
981,58,Hsieh (2003),-0.0134,0.037,0,-0.005127881297446515,0.01415907522429261,1.0,0.0,3.0,0.0,5024.20029015544,1.0,1982.0,0.0,0.0,0,1,1,0,3,1,0,0,0,0,0,,0,0,0,1,1,0,0,0,1,0,0,USA,0,0,1980,2001,22.0,2.0,857,428.5,1990.5,1,0,0,0,0,0,0,0,0,0,0,0,0,0,0,0,0,0,0,1,1.605,2003,13.307692307692308,2003,USA1980
982,58,Hsieh (2003),-0.0157,0.0378,0,-0.006008040027605245,0.01446521739130435,1.0,0.0,3.0,0.0,5024.20029015544,1.0,1982.0,0.0,0.0,0,1,1,0,4,0,0,0,0,0,0,,0,0,0,1,1,0,0,0,1,0,0,USA,0,0,1980,2001,22.0,2.0,857,428.5,1990.5,1,0,0,0,0,0,0,0,0,0,0,0,0,0,0,0,0,0,0,1,1.605,2003,13.307692307692308,2003,USA1980
983,58,Hsieh (2003),0.0037,0.0297,0,0.0005055900621118013,0.004058385093167702,1.0,0.0,3.0,0.0,5024.20029015544,1.0,1982.0,0.0,0.0,0,1,1,0,3,0,0,0,0,0,1,,0,0,0,1,1,0,0,0,0,0,1,USA,0,0,1980,2001,22.0,2.0,806,403.0,1990.5,1,0,0,0,0,0,0,0,0,0,0,0,0,0,0,0,0,0,0,1,1.605,2003,13.307692307692308,2003,USA1980
984,58,Hsieh (2003),0.0002,0.0298,0,2.732919254658385e-05,0.004072049689440994,1.0,0.0,3.0,0.0,5024.20029015544,1.0,1982.0,0.0,0.0,0,1,1,0,3,1,0,0,0,0,1,,0,0,0,1,1,0,0,0,0,0,1,USA,0,0,1980,2001,22.0,2.0,806,403.0,1990.5,1,0,0,0,0,0,0,0,0,0,0,0,0,0,0,0,0,0,0,1,1.605,2003,13.307692307692308,2003,USA1980
985,58,Hsieh (2003),0.0049,0.0303,0,0.0006695652173913044,0.004140372670807454,1.0,0.0,3.0,0.0,5024.20029015544,1.0,1982.0,0.0,0.0,0,1,1,0,4,0,0,0,0,0,1,,0,0,0,1,1,0,0,0,0,0,1,USA,0,0,1980,2001,22.0,2.0,806,403.0,1990.5,1,0,0,0,0,0,0,0,0,0,0,0,0,0,0,0,0,0,0,1,1.605,2003,13.307692307692308,2003,USA1980
986,58,Hsieh (2003),-0.009,0.1004,0,-0.0004347826086956521,0.00485024154589372,1.0,0.0,3.0,0.0,5024.20029015544,1.0,1982.0,0.0,0.0,0,1,1,0,3,0,0,0,0,0,0,Apparel,1,0,0,1,1,0,0,0,0,0,1,USA,0,0,1980,2001,22.0,2.0,704,352.0,1990.5,1,0,0,0,0,0,0,0,0,0,0,0,0,0,0,0,0,0,0,1,1.605,2003,13.307692307692308,2003,USA1980
987,58,Hsieh (2003),-0.0184,0.1043,0,-0.0008888888888888888,0.005038647342995169,1.0,0.0,3.0,0.0,5024.20029015544,1.0,1982.0,0.0,0.0,0,1,1,0,3,1,0,0,0,0,0,Apparel,1,0,0,1,1,0,0,0,0,0,1,USA,0,0,1980,2001,22.0,2.0,704,352.0,1990.5,1,0,0,0,0,0,0,0,0,0,0,0,0,0,0,0,0,0,0,1,1.605,2003,13.307692307692308,2003,USA1980
988,58,Hsieh (2003),0.0097,0.1014,0,0.0004685990338164251,0.004898550724637681,1.0,0.0,3.0,0.0,5024.20029015544,1.0,1982.0,0.0,0.0,0,1,1,0,4,0,0,0,0,0,0,Apparel,1,0,0,1,1,0,0,0,0,0,1,USA,0,0,1980,2001,22.0,2.0,704,352.0,1990.5,1,0,0,0,0,0,0,0,0,0,0,0,0,0,0,0,0,0,0,1,1.605,2003,13.307692307692308,2003,USA1980
989,58,Hsieh (2003),0.0227,0.0325,0,0.008686783988957902,0.01243702553485162,1.0,0.0,3.0,0.0,5024.20029015544,0.0,1982.0,0.0,0.0,0,1,1,0,3,0,0,0,0,0,0,,0,0,0,1,1,0,0,0,0,1,1,USA,0,0,1980,2001,22.0,2.0,455,227.5,1990.5,1,0,0,0,0,0,0,0,0,0,0,0,0,0,0,0,0,0,0,1,1.605,2003,13.307692307692308,2003,USA1980
990,58,Hsieh (2003),0.0206,0.0339,0,0.007883160800552106,0.01297277432712215,1.0,0.0,3.0,0.0,5024.20029015544,0.0,1982.0,0.0,0.0,0,1,1,0,3,1,0,0,0,0,0,,0,0,0,1,1,0,0,0,0,1,1,USA,0,0,1980,2001,22.0,2.0,455,227.5,1990.5,1,0,0,0,0,0,0,0,0,0,0,0,0,0,0,0,0,0,0,1,1.605,2003,13.307692307692308,2003,USA1980
991,58,Hsieh (2003),0.0154,0.0336,0,0.005893236714975846,0.01285797101449275,1.0,0.0,3.0,0.0,5024.20029015544,0.0,1982.0,0.0,0.0,0,1,1,0,4,0,0,0,0,0,0,,0,0,0,1,1,0,0,0,0,1,1,USA,0,0,1980,2001,22.0,2.0,455,227.5,1990.5,1,0,0,0,0,0,0,0,0,0,0,0,0,0,0,0,0,0,0,1,1.605,2003,13.307692307692308,2003,USA1980
992,58,Hsieh (2003),0.2831,0.114,0,,,1.0,0.0,3.0,0.0,,,,0.0,0.0,0,1,1,0,3,0,0,0,0,0,0,,0,0,0,1,1,0,0,0,0,0,1,USA,0,0,1980,2001,22.0,2.0,369,184.5,1990.5,1,0,0,0,0,0,0,0,0,0,0,0,0,0,0,0,0,0,0,1,1.605,2003,13.307692307692308,2003,USA1980
993,58,Hsieh (2003),0.0594,0.0758,0,0.00291055900621118,0.003714147688060732,1.0,0.0,3.0,0.0,5024.20029015544,1.0,1982.0,0.0,0.0,0,1,1,0,3,0,0,0,0,0,0,Entertainment,1,0,0,1,1,0,0,0,0,0,1,USA,0,0,1980,2001,22.0,2.0,777,388.5,1990.5,1,0,0,0,0,0,0,0,0,0,0,0,0,0,0,0,0,0,0,1,1.605,2003,13.307692307692308,2003,USA1980
994,58,Hsieh (2003),0.0674,0.0783,0,0.003302553485162181,0.003836645962732919,1.0,0.0,3.0,0.0,5024.20029015544,1.0,1982.0,0.0,0.0,0,1,1,0,3,1,0,0,0,0,0,Entertainment,1,0,0,1,1,0,0,0,0,0,1,USA,0,0,1980,2001,22.0,2.0,777,388.5,1990.5,1,0,0,0,0,0,0,0,0,0,0,0,0,0,0,0,0,0,0,1,1.605,2003,13.307692307692308,2003,USA1980
995,58,Hsieh (2003),0.0248,0.0762,0,0.001215182884748102,0.003733747412008282,1.0,0.0,3.0,0.0,5024.20029015544,1.0,1982.0,0.0,0.0,0,1,1,0,4,0,0,0,0,0,0,Entertainment,1,0,0,1,1,0,0,0,0,0,1,USA,0,0,1980,2001,22.0,2.0,777,388.5,1990.5,1,0,0,0,0,0,0,0,0,0,0,0,0,0,0,0,0,0,0,1,1.605,2003,13.307692307692308,2003,USA1980
996,59,Stephens (2008),0.281,0.14,0,,,1.0,0.0,3.0,0.0,,,,0.0,0.0,0,1,1,0,3,1,0,0,0,0,0,,0,0,0,1,1,0,0,0,0,0,1,USA,0,0,1984,2000,17.0,4.0,4583,1146.0,1992.0,1,0,0,0,0,0,0,0,0,0,0,0,0,0,0,0,0,0,0,0,1.177,2003,5.3076923076923075,2008,USA1984
997,59,Stephens (2008),0.24,0.118,0,,,1.0,0.0,3.0,0.0,,,,0.0,0.0,0,1,1,0,3,1,0,0,0,0,0,,0,0,0,1,1,0,0,0,0,0,1,USA,0,0,1984,2000,17.0,4.0,7164,1791.0,1992.0,1,0,0,0,0,0,0,0,0,0,0,0,0,0,0,0,0,0,0,0,1.177,2003,5.3076923076923075,2008,USA1984
998,59,Stephens (2008),0.179,0.108,0,,,1.0,0.0,3.0,0.0,,,,0.0,0.0,0,1,1,0,3,1,0,0,0,0,0,,0,0,0,1,1,0,0,0,0,0,1,USA,0,0,1984,2000,17.0,4.0,10969,2742.0,1992.0,1,0,0,0,0,0,0,0,0,0,0,0,0,0,0,0,0,0,0,0,1.177,2003,5.3076923076923075,2008,USA1984
999,59,Stephens (2008),0.306,0.159,0,,,1.0,0.0,3.0,0.0,,,,0.0,0.0,0,1,1,0,3,1,0,0,0,0,0,,0,0,0,1,1,0,0,0,0,0,1,USA,0,0,1984,2000,17.0,4.0,7164,1791.0,1992.0,1,0,0,0,0,0,0,0,0,0,0,0,0,0,0,0,0,0,0,0,1.177,2003,5.3076923076923075,2008,USA1984
1000,59,Stephens (2008),0.237,0.131,0,,,1.0,0.0,3.0,0.0,,,,0.0,0.0,0,1,1,0,3,1,0,0,0,0,0,,0,0,0,1,1,0,0,0,0,0,1,USA,0,0,1984,2000,17.0,4.0,10851,2713.0,1992.0,1,0,0,0,0,0,0,0,0,0,0,0,0,0,0,0,0,0,0,0,1.177,2003,5.3076923076923075,2008,USA1984
1001,59,Stephens (2008),0.198,0.103,0,,,1.0,0.0,3.0,0.0,,,,0.0,0.0,0,1,1,0,3,1,0,0,0,0,0,,0,0,0,1,1,0,0,0,0,0,1,USA,0,0,1984,2000,17.0,4.0,4037,1009.0,1992.0,1,0,0,0,0,0,0,0,0,0,0,0,0,0,0,0,0,0,0,0,1.177,2003,5.3076923076923075,2008,USA1984
1002,59,Stephens (2008),0.293,0.159,0,,,1.0,0.0,3.0,0.0,,,,0.0,0.0,0,1,1,0,3,1,0,0,0,0,0,,0,0,0,1,1,0,0,0,0,0,1,USA,0,0,1984,2000,17.0,4.0,4583,1146.0,1992.0,1,0,0,0,0,0,0,0,0,0,0,0,0,0,0,0,0,0,0,0,1.177,2003,5.3076923076923075,2008,USA1984
1003,59,Stephens (2008),0.306,0.139,0,,,1.0,0.0,3.0,0.0,,,,0.0,0.0,0,1,1,0,3,1,0,0,0,0,0,,0,0,0,1,1,0,0,0,0,0,1,USA,0,0,1984,2000,17.0,4.0,4750,1188.0,1992.0,1,0,0,0,0,0,0,0,0,0,0,0,0,0,0,0,0,0,0,0,1.177,2003,5.3076923076923075,2008,USA1984
1004,59,Stephens (2008),0.276,0.136,0,,,1.0,0.0,3.0,0.0,,,,0.0,0.0,0,1,1,0,3,1,0,0,0,0,0,,0,0,0,1,1,0,0,0,0,0,1,USA,0,0,1984,2000,17.0,4.0,5033,1258.0,1992.0,1,0,0,0,0,0,0,0,0,0,0,0,0,0,0,0,0,0,0,0,1.177,2003,5.3076923076923075,2008,USA1984
1005,59,Stephens (2008),0.336,0.145,0,,,1.0,0.0,3.0,0.0,,,,0.0,0.0,0,1,1,0,3,1,0,0,0,0,0,,0,0,0,1,1,0,0,0,0,0,1,USA,0,0,1984,2000,17.0,4.0,4502,1126.0,1992.0,1,0,0,0,0,0,0,0,0,0,0,0,0,0,0,0,0,0,0,0,1.177,2003,5.3076923076923075,2008,USA1984
1006,59,Stephens (2008),0.282,0.183,0,,,1.0,2.0,3.0,0.0,1674.4741463414634,0.0,2000.0,0.0,0.0,0,1,1,0,3,1,0,0,0,0,0,,0,0,0,1,1,0,1,0,0,0,1,USA,0,0,1984,2000,17.0,4.0,1681,420.0,1992.0,1,0,0,0,0,0,0,0,0,0,0,0,0,0,0,0,0,0,0,0,1.177,2003,5.3076923076923075,2008,USA1984
1007,59,Stephens (2008),0.382,0.2,0,,,1.0,3.0,3.0,0.0,1674.4741463414634,0.0,2000.0,0.0,0.0,0,1,1,0,3,1,0,0,0,0,0,,0,0,0,1,1,0,1,0,0,0,1,USA,0,0,1984,2000,17.0,4.0,1453,363.0,1992.0,1,0,0,0,0,0,0,0,0,0,0,0,0,0,0,0,0,0,0,0,1.177,2003,5.3076923076923075,2008,USA1984
1008,59,Stephens (2008),0.392,0.195,0,,,1.0,0.0,3.0,0.0,,,,0.0,0.0,0,1,1,0,3,1,0,0,0,0,0,,0,0,0,1,1,0,0,0,0,1,1,USA,0,0,1984,2000,17.0,4.0,2349,587.0,1992.0,1,0,0,0,0,0,0,0,0,0,0,0,0,0,0,0,0,0,0,0,1.177,2003,5.3076923076923075,2008,USA1984
1009,59,Stephens (2008),0.128,0.219,0,,,1.0,0.0,3.0,0.0,,,,0.0,0.0,0,1,1,0,3,1,0,0,0,0,0,,0,0,0,1,1,0,0,1,0,0,1,USA,0,0,1984,2000,17.0,4.0,2231,558.0,1992.0,1,0,0,0,0,0,0,0,0,0,0,0,0,0,0,0,0,0,0,0,1.177,2003,5.3076923076923075,2008,USA1984
1010,59,Stephens (2008),0.423,0.366,0,,,1.0,0.0,3.0,0.0,,,,0.0,0.0,0,1,1,0,3,1,0,0,0,0,0,,0,0,0,1,1,0,0,0,0,1,1,USA,0,0,1984,2000,17.0,4.0,861,215.0,1992.0,1,0,0,0,0,0,0,0,0,0,0,0,0,0,0,0,0,0,0,0,1.177,2003,5.3076923076923075,2008,USA1984
1011,59,Stephens (2008),0.103,0.296,0,,,1.0,0.0,3.0,0.0,,,,0.0,0.0,0,1,1,0,3,1,0,0,0,0,0,,0,0,0,1,1,0,0,1,0,0,1,USA,0,0,1984,2000,17.0,4.0,790,198.0,1992.0,1,0,0,0,0,0,0,0,0,0,0,0,0,0,0,0,0,0,0,0,1.177,2003,5.3076923076923075,2008,USA1984
1012,59,Stephens (2008),0.268,0.177,0,,,1.0,0.0,3.0,0.0,,,,0.0,0.0,0,1,1,0,3,1,0,0,0,0,0,,0,0,0,1,1,0,0,1,0,0,1,USA,0,0,1984,2000,17.0,4.0,2806,702.0,1992.0,1,0,0,0,0,0,0,0,0,0,0,0,0,0,0,0,0,0,0,0,1.177,2003,5.3076923076923075,2008,USA1984
1013,59,Stephens (2008),0.268,0.222,0,,,1.0,0.0,3.0,0.0,,,,0.0,0.0,0,1,1,0,3,1,0,0,0,0,0,,0,0,0,1,1,0,0,0,0,1,1,USA,0,0,1984,2000,17.0,4.0,1777,444.0,1992.0,1,0,0,0,0,0,0,0,0,0,0,0,0,0,0,0,0,0,0,0,1.177,2003,5.3076923076923075,2008,USA1984
1014,59,Stephens (2008),0.187,0.177,0,,,1.0,0.0,3.0,0.0,,,,0.0,0.0,0,1,1,0,3,1,0,0,0,0,1,,0,0,0,1,1,0,0,0,0,0,1,USA,0,0,1984,2000,17.0,4.0,4579,1145.0,1992.0,1,0,0,0,0,0,0,0,0,0,0,0,0,0,0,0,0,0,0,0,1.177,2003,5.3076923076923075,2008,USA1984
1015,59,Stephens (2008),0.349,0.262,0,,,1.0,0.0,3.0,0.0,,,,0.0,0.0,0,1,1,0,3,1,0,0,0,0,0,Entertainment and personal care,1,0,0,1,1,0,0,0,0,0,1,USA,0,0,1984,2000,17.0,4.0,4530,1133.0,1992.0,1,0,0,0,0,0,0,0,0,0,0,0,0,0,0,0,0,0,0,0,1.177,2003,5.3076923076923075,2008,USA1984
1016,59,Stephens (2008),0.451,0.385,0,,,1.0,0.0,3.0,0.0,,,,0.0,0.0,0,1,1,0,3,1,0,0,0,0,0,Apparel,1,0,0,1,1,0,0,0,0,0,1,USA,0,0,1984,2000,17.0,4.0,4093,1023.0,1992.0,1,0,0,0,0,0,0,0,0,0,0,0,0,0,0,0,0,0,0,0,1.177,2003,5.3076923076923075,2008,USA1984
1017,60,Jappelli and Pagano (1989),0.12,0.1091,0,,,,,,,,,,,,0,0,0,0,0,0,0,0,0,0,0,,0,0,1,0,0,0,0,0,0,0,0,Sweden,1,0,1965,1983,19.0,19.0,19,1.0,1974.0,0,0,0,0,0,1,1,1,0,0,0,0,1,0,0,0,0,0,0,1,1.605,1988,16.571428571428573,1989,Sweden1965
1018,60,Jappelli and Pagano (1989),0.21,0.0913,0,,,,,,,,,,,,0,0,0,0,0,0,0,0,0,0,0,,0,0,1,0,0,0,0,0,0,0,0,USA,1,0,1961,1984,24.0,24.0,24,1.0,1972.5,0,0,0,0,0,1,1,1,0,0,0,0,1,0,0,0,0,0,0,1,1.605,1988,16.571428571428573,1989,USA1961
1019,60,Jappelli and Pagano (1989),0.4,0.0526,0,,,,,,,,,,,,0,0,0,0,0,0,0,0,0,0,0,,0,0,1,0,0,0,0,0,0,0,0,UK,1,0,1961,1983,23.0,23.0,23,1.0,1972.0,0,0,0,0,0,1,1,1,0,0,0,0,1,0,0,0,0,0,0,1,1.605,1988,16.571428571428573,1989,UK1961
1020,60,Jappelli and Pagano (1989),0.34,0.068,0,,,,,,,,,,,,0,0,0,0,0,0,0,0,0,0,0,,0,0,1,0,0,0,0,0,0,0,0,Japan,1,0,1971,1983,13.0,13.0,13,1.0,1977.0,0,0,0,0,0,1,1,1,0,0,0,0,1,0,0,0,0,0,0,1,1.605,1988,16.571428571428573,1989,Japan1971
1021,60,Jappelli and Pagano (1989),0.58,0.02589,0,,,,,,,,,,,,0,0,0,0,0,0,0,0,0,0,0,,0,0,1,0,0,0,0,0,0,0,0,Italy,1,0,1961,1985,25.0,25.0,25,1.0,1973.0,0,0,0,0,0,1,1,1,0,0,0,0,1,0,0,0,0,0,0,1,1.605,1988,16.571428571428573,1989,Italy1961
1022,60,Jappelli and Pagano (1989),0.52,0.1,0,,,,,,,,,,,,0,0,0,0,0,0,0,0,0,0,0,,0,0,1,0,0,0,0,0,0,0,0,Spain,1,0,1961,1984,24.0,24.0,24,1.0,1972.5,0,0,0,0,0,1,1,1,0,0,0,0,1,0,0,0,0,0,0,1,1.605,1988,16.571428571428573,1989,Spain1961
1023,60,Jappelli and Pagano (1989),0.54,0.03529,0,,,,,,,,,,,,0,0,0,0,0,0,0,0,0,0,0,,0,0,1,0,0,0,0,0,0,0,0,Greece,1,0,1965,1982,18.0,18.0,18,1.0,1973.5,0,0,0,0,0,1,1,1,0,0,0,0,1,0,0,0,0,0,0,1,1.605,1988,16.571428571428573,1989,Greece1965
1024,60,Jappelli and Pagano (1989),-0.05,0.125,0,,,,,,,,,,,,0,0,0,0,0,0,0,0,0,0,0,,0,1,0,0,0,0,0,0,0,0,0,Sweden,1,0,1965,1983,19.0,19.0,19,1.0,1974.0,0,0,0,0,0,1,1,1,0,0,0,0,1,0,0,0,0,0,0,1,1.605,1988,16.571428571428573,1989,Sweden1965
1025,60,Jappelli and Pagano (1989),0.17,0.085,0,,,,,,,,,,,,0,0,0,0,0,0,0,0,0,0,0,,0,1,0,0,0,0,0,0,0,0,0,USA,1,0,1961,1984,24.0,24.0,24,1.0,1972.5,0,0,0,0,0,1,1,1,0,0,0,0,1,0,0,0,0,0,0,1,1.605,1988,16.571428571428573,1989,USA1961
1026,60,Jappelli and Pagano (1989),0.51,0.044,0,,,,,,,,,,,,0,0,0,0,0,0,0,0,0,0,0,,0,1,0,0,0,0,0,0,0,0,0,UK,1,0,1961,1983,23.0,23.0,23,1.0,1972.0,0,0,0,0,0,1,1,1,0,0,0,0,1,0,0,0,0,0,0,1,1.605,1988,16.571428571428573,1989,UK1961
1027,60,Jappelli and Pagano (1989),0.52,0.046,0,,,,,,,,,,,,0,0,0,0,0,0,0,0,0,0,0,,0,1,0,0,0,0,0,0,0,0,0,Japan,1,0,1971,1983,13.0,13.0,13,1.0,1977.0,0,0,0,0,0,1,1,1,0,0,0,0,1,0,0,0,0,0,0,1,1.605,1988,16.571428571428573,1989,Japan1971
1028,60,Jappelli and Pagano (1989),0.58,0.01758,0,,,,,,,,,,,,0,0,0,0,0,0,0,0,0,0,0,,0,1,0,0,0,0,0,0,0,0,0,Italy,1,0,1961,1985,25.0,25.0,25,1.0,1973.0,0,0,0,0,0,1,1,1,0,0,0,0,1,0,0,0,0,0,0,1,1.605,1988,16.571428571428573,1989,Italy1961
1029,60,Jappelli and Pagano (1989),0.72,0.03396,0,,,,,,,,,,,,0,0,0,0,0,0,0,0,0,0,0,,0,1,0,0,0,0,0,0,0,0,0,Spain,1,0,1961,1984,24.0,24.0,24,1.0,1972.5,0,0,0,0,0,1,1,1,0,0,0,0,1,0,0,0,0,0,0,1,1.605,1988,16.571428571428573,1989,Spain1961
1030,60,Jappelli and Pagano (1989),0.6,0.00838,0,,,,,,,,,,,,0,0,0,0,0,0,0,0,0,0,0,,0,1,0,0,0,0,0,0,0,0,0,Greece,1,0,1965,1982,18.0,18.0,18,1.0,1973.5,0,0,0,0,0,1,1,1,0,0,0,0,1,0,0,0,0,0,0,1,1.605,1988,16.571428571428573,1989,Greece1965
1031,61,Flavin (1985),0.37,0.085,0,,,,,,,,,,,,0,0,0,0,0,0,0,0,0,0,0,,0,1,0,0,0,1,0,0,0,0,0,USA,1,0,1933,1981,41.0,41.0,41,1.0,1957.0,0,0,0,0,0,1,0,1,0,0,0,0,0,0,1,0,0,0,0,0,0.277,1984,8.78125,1985,USA1933
1032,61,Flavin (1985),0.746,0.1273342059306925,0,,,,,,,,,,,,0,0,0,0,0,0,0,0,0,0,0,,0,1,0,0,0,0,1,0,0,0,0,USA,1,0,1933,1981,41.0,41.0,41,1.0,1957.0,0,0,0,0,0,1,0,1,0,0,0,0,0,0,1,0,0,0,0,0,0.277,1984,8.78125,1985,USA1933
1033,61,Flavin (1985),0.146,0.196,0,,,,,,,,,,,,0,0,0,0,0,0,0,0,0,0,0,,0,1,0,0,0,1,0,0,0,0,0,USA,1,0,1933,1981,41.0,41.0,41,1.0,1957.0,0,0,0,0,0,1,0,1,0,0,0,0,1,0,1,0,0,0,0,0,0.277,1984,8.78125,1985,USA1933
1034,61,Flavin (1985),0.11499999999999999,0.3057335441197122,0,,,,,,,,,,,,0,0,0,0,0,0,0,0,0,0,0,,0,1,0,0,0,0,1,0,0,0,0,USA,1,0,1933,1981,41.0,41.0,41,1.0,1957.0,0,0,0,0,0,1,0,1,0,0,0,0,1,0,1,0,0,0,0,0,0.277,1984,8.78125,1985,USA1933
1035,61,Flavin (1985),0.368,0.07,0,,,,,,,,,,,,0,0,0,0,0,0,0,0,0,0,0,,0,1,0,0,0,1,0,0,0,0,0,USA,1,0,1933,1981,41.0,41.0,41,1.0,1957.0,0,0,0,0,0,1,0,1,0,0,0,0,1,0,1,0,0,0,0,0,0.277,1984,8.78125,1985,USA1933
1036,61,Flavin (1985),0.743,0.10640018796975878,0,,,,,,,,,,,,0,0,0,0,0,0,0,0,0,0,0,,0,1,0,0,0,0,1,0,0,0,0,USA,1,0,1933,1981,41.0,41.0,41,1.0,1957.0,0,0,0,0,0,1,0,1,0,0,0,0,1,0,1,0,0,0,0,0,0.277,1984,8.78125,1985,USA1933
1037,62,Carroll et al. (2011),0.1157,0.1116,0,,,,,,,,,,,,0,0,0,0,0,0,0,0,0,1,0,,0,0,1,0,1,0,0,0,0,0,0,Australia,0,0,1975,1999,25.0,97.0,97,1.0,1987.0,0,0,0,0,1,0,0,0,0,1,0,0,1,0,0,0,0,0,0,0,1.177,2008,5.375,2011,Australia1975
1038,62,Carroll et al. (2011),0.02656,0.1359,0,,,,,,,,,,,,0,0,0,0,0,0,0,0,1,1,0,,0,0,1,0,1,0,0,1,0,0,0,Australia,0,0,1975,1999,25.0,97.0,97,1.0,1987.0,0,0,0,0,1,0,0,0,0,1,0,0,1,0,0,0,0,0,0,0,1.177,2008,5.375,2011,Australia1975
1039,62,Carroll et al. (2011),0.3447,0.1676,0,,,,,,,,,,,,0,0,0,0,0,0,0,0,0,1,0,,0,0,1,0,1,0,0,0,0,0,0,Belgium,0,0,1980,2002,23.0,91.0,91,1.0,1991.0,0,0,0,0,0,0,0,0,0,1,0,0,1,0,0,0,0,0,0,0,1.177,2008,5.375,2011,Belgium1980
1040,62,Carroll et al. (2011),0.1248,0.2115,0,,,,,,,,,,,,0,0,0,0,0,0,0,0,1,1,0,,0,0,1,0,1,0,0,1,0,0,0,Belgium,0,0,1980,2002,23.0,91.0,91,1.0,1991.0,0,0,0,0,0,0,0,0,0,1,0,0,1,0,0,0,0,0,0,0,1.177,2008,5.375,2011,Belgium1980
1041,62,Carroll et al. (2011),0.4328,0.3624,0,,,,,,,,,,,,0,0,0,0,0,0,0,0,0,1,0,,0,0,1,0,1,0,0,0,0,0,0,Denmark,0,0,1977,2003,27.0,106.0,106,1.0,1990.0,0,0,0,0,1,0,0,0,0,1,0,0,1,0,0,0,0,0,0,0,1.177,2008,5.375,2011,Denmark1977
1042,62,Carroll et al. (2011),0.2671,0.41907,0,,,,,,,,,,,,0,0,0,0,0,0,0,0,1,1,0,,0,0,1,0,1,0,0,1,0,0,0,Denmark,0,0,1977,2003,27.0,106.0,106,1.0,1990.0,0,0,0,0,1,0,0,0,0,1,0,0,1,0,0,0,0,0,0,0,1.177,2008,5.375,2011,Denmark1977
1043,62,Carroll et al. (2011),0.6086,0.2426,0,,,,,,,,,,,,0,0,0,0,0,0,0,0,0,1,0,,0,0,1,0,1,0,0,0,0,0,0,Finland,0,0,1979,2003,25.0,97.0,97,1.0,1991.0,0,0,0,0,1,0,0,0,0,1,0,0,1,0,0,0,0,0,0,0,1.177,2008,5.375,2011,Finland1979
1044,62,Carroll et al. (2011),0.0673,0.2197,0,,,,,,,,,,,,0,0,0,0,0,0,0,0,1,1,0,,0,0,1,0,1,0,0,1,0,0,0,Finland,0,0,1979,2003,25.0,97.0,97,1.0,1991.0,0,0,0,0,1,0,0,0,0,1,0,0,1,0,0,0,0,0,0,0,1.177,2008,5.375,2011,Finland1979
1045,62,Carroll et al. (2011),0.088,0.4262,0,,,,,,,,,,,,0,0,0,0,0,0,0,0,0,1,0,,0,0,1,0,1,0,0,0,1,0,1,Netherlands,0,0,1975,2002,28.0,112.0,112,1.0,1988.5,1,0,0,0,0,1,0,0,0,1,0,0,1,0,0,0,0,0,0,0,1.177,2008,5.375,2011,Netherlands1975
1046,62,Carroll et al. (2011),-0.1442,0.3917,0,,,,,,,,,,,,0,0,0,0,0,0,0,0,1,1,0,,0,0,1,0,1,0,0,1,1,0,1,Netherlands,0,0,1975,2002,28.0,112.0,112,1.0,1988.5,1,0,0,0,0,1,0,0,0,1,0,0,1,0,0,0,0,0,0,0,1.177,2008,5.375,2011,Netherlands1975
1047,62,Carroll et al. (2011),0.3717,0.177,0,,,,,,,,,,,,0,0,0,0,0,0,0,0,0,1,0,,0,0,1,0,1,0,0,0,0,0,0,Sweden,0,0,1977,2002,26.0,104.0,104,1.0,1989.5,0,0,0,0,1,0,0,0,0,1,0,0,1,0,0,0,0,0,0,0,1.177,2008,5.375,2011,Sweden1977
1048,62,Carroll et al. (2011),0.3226,0.177,0,,,,,,,,,,,,0,0,0,0,0,0,0,0,1,1,0,,0,0,1,0,1,0,0,1,0,0,0,Sweden,0,0,1977,2002,26.0,104.0,104,1.0,1989.5,0,0,0,0,1,0,0,0,0,1,0,0,1,0,0,0,0,0,0,0,1.177,2008,5.375,2011,Sweden1977
1049,62,Carroll et al. (2011),0.7857,0.2232,0,,,,,,,,,,,,0,0,0,0,0,0,0,0,0,1,0,,0,0,1,0,1,0,0,0,0,0,0,Spain,0,0,1978,1999,22.0,88.0,88,1.0,1988.5,0,0,0,0,1,0,0,0,0,1,0,0,1,0,0,0,0,0,0,0,1.177,2008,5.375,2011,Spain1978
1050,62,Carroll et al. (2011),0.0368,0.265,0,,,,,,,,,,,,0,0,0,0,0,0,0,0,1,1,0,,0,0,1,0,1,0,0,1,0,0,0,Spain,0,0,1978,1999,22.0,88.0,88,1.0,1988.5,0,0,0,0,1,0,0,0,0,1,0,0,1,0,0,0,0,0,0,0,1.177,2008,5.375,2011,Spain1978
1051,62,Carroll et al. (2011),0.3182,0.0899,0,,,,,,,,,,,,0,0,0,0,0,0,0,0,0,0,0,,0,0,1,0,1,0,0,0,0,0,0,Canada,0,0,1970,2002,33.0,128.0,128,1.0,1986.0,0,0,0,0,1,0,0,0,0,1,0,0,1,0,0,0,0,0,0,0,1.177,2008,5.375,2011,Canada1970
1052,62,Carroll et al. (2011),0.0489,0.1167,0,,,,,,,,,,,,0,0,0,0,0,0,0,0,1,0,0,,0,0,1,0,1,0,0,1,0,0,0,Canada,0,0,1970,2002,33.0,128.0,128,1.0,1986.0,0,0,0,0,1,0,0,0,0,1,0,0,1,0,0,0,0,0,0,0,1.177,2008,5.375,2011,Canada1970
1053,62,Carroll et al. (2011),0.3709,0.1365,0,,,,,,,,,,,,0,0,0,0,0,0,0,0,0,1,0,,0,0,1,0,1,0,0,0,0,0,0,Canada,0,0,1970,2002,33.0,127.0,127,1.0,1986.0,0,0,0,0,1,0,0,0,0,1,0,0,1,0,0,0,0,0,0,0,1.177,2008,5.375,2011,Canada1970
1054,62,Carroll et al. (2011),-0.075,0.1459,0,,,,,,,,,,,,0,0,0,0,0,0,0,0,1,1,0,,0,0,1,0,1,0,0,1,0,0,0,Canada,0,0,1970,2002,33.0,127.0,127,1.0,1986.0,0,0,0,0,1,0,0,0,0,1,0,0,1,0,0,0,0,0,0,0,1.177,2008,5.375,2011,Canada1970
1055,62,Carroll et al. (2011),0.7167,0.1414,0,,,,,,,,,,,,0,0,0,0,0,0,0,0,0,0,0,,0,0,1,0,1,0,0,0,0,0,0,Germany,0,0,1975,2002,28.0,109.0,109,1.0,1988.5,0,0,0,0,1,0,0,0,0,1,0,0,1,0,0,0,0,0,0,0,1.177,2008,5.375,2011,Germany1975
1056,62,Carroll et al. (2011),0.6629,0.1674,0,,,,,,,,,,,,0,0,0,0,0,0,0,0,1,0,0,,0,0,1,0,1,0,0,1,0,0,0,Germany,0,0,1975,2002,28.0,109.0,109,1.0,1988.5,0,0,0,0,1,0,0,0,0,1,0,0,1,0,0,0,0,0,0,0,1.177,2008,5.375,2011,Germany1975
1057,62,Carroll et al. (2011),0.621,0.1264,0,,,,,,,,,,,,0,0,0,0,0,0,0,0,0,1,0,,0,0,1,0,1,0,0,0,0,0,0,Germany,0,0,1975,2003,29.0,114.0,114,1.0,1989.0,0,0,0,0,1,0,0,0,0,1,0,0,1,0,0,0,0,0,0,0,1.177,2008,5.375,2011,Germany1975
1058,62,Carroll et al. (2011),0.6339,0.1513,0,,,,,,,,,,,,0,0,0,0,0,0,0,0,1,1,0,,0,0,1,0,1,0,0,1,0,0,0,Germany,0,0,1975,2003,29.0,114.0,114,1.0,1989.0,0,0,0,0,1,0,0,0,0,1,0,0,1,0,0,0,0,0,0,0,1.177,2008,5.375,2011,Germany1975
1059,62,Carroll et al. (2011),0.2903,0.1114,0,,,,,,,,,,,,0,0,0,0,0,0,0,0,0,0,0,,0,0,1,0,1,0,0,0,0,0,0,France,0,0,1985,2003,19.0,76.0,76,1.0,1994.0,0,0,0,0,1,0,0,0,0,1,0,0,1,0,0,0,0,0,0,0,1.177,2008,5.375,2011,France1985
1060,62,Carroll et al. (2011),0.195,0.18,0,,,,,,,,,,,,0,0,0,0,0,0,0,0,1,0,0,,0,0,1,0,1,0,0,1,0,0,0,France,0,0,1985,2003,19.0,76.0,76,1.0,1994.0,0,0,0,0,1,0,0,0,0,1,0,0,1,0,0,0,0,0,0,0,1.177,2008,5.375,2011,France1985
1061,62,Carroll et al. (2011),0.5628,0.1707,0,,,,,,,,,,,,0,0,0,0,0,0,0,0,0,1,0,,0,0,1,0,1,0,0,0,0,0,0,France,0,0,1973,2003,31.0,120.0,120,1.0,1988.0,0,0,0,0,1,0,0,0,0,1,0,0,1,0,0,0,0,0,0,0,1.177,2008,5.375,2011,France1973
1062,62,Carroll et al. (2011),0.345,0.2011,0,,,,,,,,,,,,0,0,0,0,0,0,0,0,1,1,0,,0,0,1,0,1,0,0,1,0,0,0,France,0,0,1973,2003,31.0,120.0,120,1.0,1988.0,0,0,0,0,1,0,0,0,0,1,0,0,1,0,0,0,0,0,0,0,1.177,2008,5.375,2011,France1973
1063,62,Carroll et al. (2011),0.1,0.1036,0,,,,,,,,,,,,0,0,0,0,0,0,0,0,0,0,0,,0,0,1,0,1,0,0,0,0,0,0,UK,0,0,1974,2003,30.0,120.0,120,1.0,1988.5,0,0,0,0,1,0,0,0,0,1,0,0,1,0,0,0,0,0,0,0,1.177,2008,5.375,2011,UK1974
1064,62,Carroll et al. (2011),-0.1654,0.1449,0,,,,,,,,,,,,0,0,0,0,0,0,0,0,1,0,0,,0,0,1,0,1,0,0,1,0,0,0,UK,0,0,1974,2003,30.0,120.0,120,1.0,1988.5,0,0,0,0,1,0,0,0,0,1,0,0,1,0,0,0,0,0,0,0,1.177,2008,5.375,2011,UK1974
1065,62,Carroll et al. (2011),0.29,0.1106,0,,,,,,,,,,,,0,0,0,0,0,0,0,0,0,1,0,,0,0,1,0,1,0,0,0,0,0,0,UK,0,0,1974,2004,31.0,120.0,120,1.0,1989.0,0,0,0,0,1,0,0,0,0,1,0,0,1,0,0,0,0,0,0,0,1.177,2008,5.375,2011,UK1974
1066,62,Carroll et al. (2011),0.2123,0.1556,0,,,,,,,,,,,,0,0,0,0,0,0,0,0,1,1,0,,0,0,1,0,1,0,0,1,0,0,0,UK,0,0,1974,2004,31.0,120.0,120,1.0,1989.0,0,0,0,0,1,0,0,0,0,1,0,0,1,0,0,0,0,0,0,0,1.177,2008,5.375,2011,UK1974
1067,62,Carroll et al. (2011),0.2013,0.0936,0,,,,,,,,,,,,0,0,0,0,0,0,0,0,0,0,0,,0,0,1,0,1,0,0,0,0,0,0,Italy,0,0,1981,2003,23.0,90.0,90,1.0,1992.0,0,0,0,0,1,0,0,0,0,1,0,0,1,0,0,0,0,0,0,0,1.177,2008,5.375,2011,Italy1981
1068,62,Carroll et al. (2011),0.1304,0.0937,0,,,,,,,,,,,,0,0,0,0,0,0,0,0,1,0,0,,0,0,1,0,1,0,0,1,0,0,0,Italy,0,0,1981,2003,23.0,90.0,90,1.0,1992.0,0,0,0,0,1,0,0,0,0,1,0,0,1,0,0,0,0,0,0,0,1.177,2008,5.375,2011,Italy1981
1069,62,Carroll et al. (2011),0.5815,0.2409,0,,,,,,,,,,,,0,0,0,0,0,0,0,0,0,1,0,,0,0,1,0,1,0,0,0,0,0,0,Italy,0,0,1978,2003,26.0,99.0,99,1.0,1990.5,0,0,0,0,1,0,0,0,0,1,0,0,1,0,0,0,0,0,0,0,1.177,2008,5.375,2011,Italy1978
1070,62,Carroll et al. (2011),0.2051,0.1614,0,,,,,,,,,,,,0,0,0,0,0,0,0,0,1,1,0,,0,0,1,0,1,0,0,1,0,0,0,Italy,0,0,1978,2003,26.0,99.0,99,1.0,1990.5,0,0,0,0,1,0,0,0,0,1,0,0,1,0,0,0,0,0,0,0,1.177,2008,5.375,2011,Italy1978
1071,62,Carroll et al. (2011),0.5414,0.125,0,,,,,,,,,,,,0,0,0,0,0,0,0,0,0,0,0,,0,0,1,0,1,0,0,0,0,0,0,USA,0,0,1962,2004,43.0,168.0,168,1.0,1983.0,0,0,0,0,1,0,0,0,0,1,0,0,1,0,0,0,0,0,0,0,1.177,2008,5.375,2011,USA1962
1072,62,Carroll et al. (2011),0.2669,0.1539,0,,,,,,,,,,,,0,0,0,0,0,0,0,0,1,0,0,,0,0,1,0,1,0,0,1,0,0,0,USA,0,0,1962,2004,43.0,168.0,168,1.0,1983.0,0,0,0,0,1,0,0,0,0,1,0,0,1,0,0,0,0,0,0,0,1.177,2008,5.375,2011,USA1962
1073,62,Carroll et al. (2011),0.8329,0.2,0,,,,,,,,,,,,0,0,0,0,0,0,0,0,0,1,0,,0,0,1,0,1,0,0,0,0,0,0,USA,0,0,1964,2004,41.0,160.0,160,1.0,1984.0,0,0,0,0,1,0,0,0,0,1,0,0,1,0,0,0,0,0,0,0,1.177,2008,5.375,2011,USA1964
1074,62,Carroll et al. (2011),0.3045,0.2157,0,,,,,,,,,,,,0,0,0,0,0,0,0,0,1,1,0,,0,0,1,0,1,0,0,1,0,0,0,USA,0,0,1964,2004,41.0,160.0,160,1.0,1984.0,0,0,0,0,1,0,0,0,0,1,0,0,1,0,0,0,0,0,0,0,1.177,2008,5.375,2011,USA1964
1075,63,Antzoulatos (1994),0.416,0.0976,0,,,,,,,,,,,,1,0,0,0,0,0,0,0,0,0,0,,0,0,1,0,1,0,0,0,0,0,0,USA,0,0,1953,1989,37.0,148.0,148,1.0,1971.0,0,0,0,0,0,1,1,1,0,1,0,0,1,0,0,0,0,0,0,0,0.197,1992,0.5416666666666666,1994,USA1953
1076,63,Antzoulatos (1994),0.363,0.0955,0,,,,,,,,,,,,1,0,0,0,0,0,0,0,0,0,0,,0,0,1,0,1,0,0,0,0,0,0,USA,0,0,1953,1989,37.0,148.0,148,1.0,1971.0,0,0,0,0,0,1,1,1,0,1,0,0,1,0,0,0,0,0,0,0,0.197,1992,0.5416666666666666,1994,USA1953
1077,64,Asdrubali and Kim (2008),0.61,0.29,0,,,,,,,,,,,,0,0,1,0,0,0,0,0,0,1,0,,0,0,1,0,1,0,0,0,0,0,0,USA,1,0,1963,2004,42.0,42.0,2100,50.0,1983.5,0,0,0,1,0,1,1,1,0,0,0,1,0,0,0,0,0,0,0,0,0.768,2004,2.0833333333333335,2008,USA1963
1078,64,Asdrubali and Kim (2008),0.26,0.16,0,,,,,,,,,,,,0,0,1,0,0,0,0,0,0,1,0,,0,0,1,0,1,0,0,0,0,0,0,USA,1,0,1963,2004,42.0,42.0,2100,50.0,1983.5,0,0,0,1,0,1,1,1,0,0,0,1,0,0,0,0,0,0,0,0,0.768,2004,2.0833333333333335,2008,USA1963
1079,64,Asdrubali and Kim (2008),0.79,0.07,0,,,,,,,,,,,,0,0,1,0,0,0,0,0,0,1,0,,0,0,1,0,1,0,0,0,0,0,0,EU,1,0,1960,2004,45.0,45.0,675,15.0,1982.0,0,0,0,1,0,1,1,1,0,0,0,1,0,0,0,0,0,0,0,0,0.768,2004,2.0833333333333335,2008,EU1960
1080,64,Asdrubali and Kim (2008),0.66,0.11,0,,,,,,,,,,,,0,0,1,0,0,0,0,0,0,1,0,,0,0,1,0,1,0,0,0,0,0,0,EU,1,0,1960,2004,45.0,45.0,675,15.0,1982.0,0,0,0,1,0,1,1,1,0,0,0,1,0,0,0,0,0,0,0,0,0.768,2004,2.0833333333333335,2008,EU1960
1081,64,Asdrubali and Kim (2008),0.89,0.07,0,,,,,,,,,,,,0,0,1,0,0,0,0,0,0,1,0,,0,0,1,0,1,0,0,0,0,0,0,OECD,1,0,1960,2004,45.0,45.0,990,22.0,1982.0,0,0,0,1,0,1,1,1,0,0,0,1,0,0,0,0,0,0,0,0,0.768,2004,2.0833333333333335,2008,OECD1960
1082,64,Asdrubali and Kim (2008),0.72,0.1,0,,,,,,,,,,,,0,0,1,0,0,0,0,0,0,1,0,,0,0,1,0,1,0,0,0,0,0,0,OECD,1,0,1960,2004,45.0,45.0,990,22.0,1982.0,0,0,0,1,0,1,1,1,0,0,0,1,0,0,0,0,0,0,0,0,0.768,2004,2.0833333333333335,2008,OECD1960
1083,65,Bacchetta and Gerlach (1997),0.309,0.069,0,,,,,,,,,,,,0,0,0,0,0,0,0,0,0,0,0,,0,0,1,0,1,0,0,0,0,0,0,USA,0,0,1970,1995,26.0,103.0,103,1.0,1982.5,0,0,0,0,0,1,1,1,0,0,0,1,1,0,0,0,0,0,0,0,1.803,1997,12.947368421052632,1997,USA1970
1084,65,Bacchetta and Gerlach (1997),0.283,0.071,0,,,,,,,,,,,,0,0,0,0,0,0,0,0,0,0,0,,0,0,1,0,1,0,0,1,0,0,0,USA,0,0,1970,1995,26.0,103.0,103,1.0,1982.5,0,0,0,0,0,1,1,1,0,0,0,1,1,0,0,0,0,0,0,0,1.803,1997,12.947368421052632,1997,USA1970
1085,65,Bacchetta and Gerlach (1997),0.243,0.078,0,,,,,,,,,,,,0,0,0,0,0,0,0,0,0,0,0,,0,0,1,0,1,0,0,1,0,0,0,USA,0,0,1970,1995,26.0,103.0,103,1.0,1982.5,0,0,0,0,0,1,1,1,0,0,0,1,1,0,0,0,0,0,0,0,1.803,1997,12.947368421052632,1997,USA1970
1086,65,Bacchetta and Gerlach (1997),0.177,0.072,0,,,,,,,,,,,,0,0,0,0,0,0,0,0,0,0,0,,0,0,1,0,1,0,0,1,0,0,0,USA,0,0,1970,1995,26.0,103.0,103,1.0,1982.5,0,0,0,0,0,1,1,1,0,0,0,1,1,0,0,0,0,0,0,0,1.803,1997,12.947368421052632,1997,USA1970
1087,65,Bacchetta and Gerlach (1997),0.133,0.076,0,,,,,,,,,,,,0,0,0,0,0,0,0,0,0,0,0,,0,0,1,0,1,0,0,1,0,0,0,USA,0,0,1970,1995,26.0,103.0,103,1.0,1982.5,0,0,0,0,0,1,1,1,0,0,0,1,1,0,0,0,0,0,0,0,1.803,1997,12.947368421052632,1997,USA1970
1088,65,Bacchetta and Gerlach (1997),0.112,0.076,0,,,,,,,,,,,,0,0,0,0,0,0,0,0,0,0,0,,0,0,1,0,1,0,0,1,0,0,0,USA,0,0,1970,1995,26.0,103.0,103,1.0,1982.5,0,0,0,0,0,1,1,1,0,0,0,1,1,0,0,0,0,0,0,0,1.803,1997,12.947368421052632,1997,USA1970
1089,65,Bacchetta and Gerlach (1997),0.349,0.07,0,,,,,,,,,,,,0,0,0,0,0,0,0,0,0,0,0,,0,0,1,0,1,0,0,0,0,0,0,Canada,0,0,1973,1995,23.0,91.0,91,1.0,1984.0,0,0,0,0,0,1,1,1,0,0,0,1,1,0,0,0,0,0,0,0,1.803,1997,12.947368421052632,1997,Canada1973
1090,65,Bacchetta and Gerlach (1997),0.252,0.097,0,,,,,,,,,,,,0,0,0,0,0,0,0,0,0,0,0,,0,0,1,0,1,0,0,1,0,0,0,Canada,0,0,1973,1995,23.0,91.0,91,1.0,1984.0,0,0,0,0,0,1,1,1,0,0,0,1,1,0,0,0,0,0,0,0,1.803,1997,12.947368421052632,1997,Canada1973
1091,65,Bacchetta and Gerlach (1997),0.166,0.097,0,,,,,,,,,,,,0,0,0,0,0,0,0,0,0,0,0,,0,0,1,0,1,0,0,1,0,0,0,Canada,0,0,1973,1995,23.0,91.0,91,1.0,1984.0,0,0,0,0,0,1,1,1,0,0,0,1,1,0,0,0,0,0,0,0,1.803,1997,12.947368421052632,1997,Canada1973
1092,65,Bacchetta and Gerlach (1997),0.305,0.078,0,,,,,,,,,,,,0,0,0,0,0,0,0,0,0,0,0,,0,0,1,0,1,0,0,1,0,0,0,Canada,0,0,1973,1995,23.0,91.0,91,1.0,1984.0,0,0,0,0,0,1,1,1,0,0,0,1,1,0,0,0,0,0,0,0,1.803,1997,12.947368421052632,1997,Canada1973
1093,65,Bacchetta and Gerlach (1997),0.23,0.099,0,,,,,,,,,,,,0,0,0,0,0,0,0,0,0,0,0,,0,0,1,0,1,0,0,1,0,0,0,Canada,0,0,1973,1995,23.0,91.0,91,1.0,1984.0,0,0,0,0,0,1,1,1,0,0,0,1,1,0,0,0,0,0,0,0,1.803,1997,12.947368421052632,1997,Canada1973
1094,65,Bacchetta and Gerlach (1997),0.144,0.095,0,,,,,,,,,,,,0,0,0,0,0,0,0,0,0,0,0,,0,0,1,0,1,0,0,1,0,0,0,Canada,0,0,1973,1995,23.0,91.0,91,1.0,1984.0,0,0,0,0,0,1,1,1,0,0,0,1,1,0,0,0,0,0,0,0,1.803,1997,12.947368421052632,1997,Canada1973
1095,65,Bacchetta and Gerlach (1997),0.244,0.104,0,,,,,,,,,,,,0,0,0,0,0,0,0,0,0,0,0,,0,0,1,0,1,0,0,0,0,0,0,UK,0,0,1977,1995,19.0,74.0,74,1.0,1986.0,0,0,0,0,0,1,1,1,0,0,0,1,1,0,0,0,0,0,0,0,1.803,1997,12.947368421052632,1997,UK1977
1096,65,Bacchetta and Gerlach (1997),0.182,0.1,0,,,,,,,,,,,,0,0,0,0,0,0,0,0,0,0,0,,0,0,1,0,1,0,0,1,0,0,0,UK,0,0,1977,1995,19.0,74.0,74,1.0,1986.0,0,0,0,0,0,1,1,1,0,0,0,1,1,0,0,0,0,0,0,0,1.803,1997,12.947368421052632,1997,UK1977
1097,65,Bacchetta and Gerlach (1997),0.116,0.107,0,,,,,,,,,,,,0,0,0,0,0,0,0,0,0,0,0,,0,0,1,0,1,0,0,1,0,0,0,UK,0,0,1977,1995,19.0,74.0,74,1.0,1986.0,0,0,0,0,0,1,1,1,0,0,0,1,1,0,0,0,0,0,0,0,1.803,1997,12.947368421052632,1997,UK1977
1098,65,Bacchetta and Gerlach (1997),0.248,0.109,0,,,,,,,,,,,,0,0,0,0,0,0,0,0,0,0,0,,0,0,1,0,1,0,0,1,0,0,0,UK,0,0,1977,1995,19.0,74.0,74,1.0,1986.0,0,0,0,0,0,1,1,1,0,0,0,1,1,0,0,0,0,0,0,0,1.803,1997,12.947368421052632,1997,UK1977
1099,65,Bacchetta and Gerlach (1997),0.178,0.109,0,,,,,,,,,,,,0,0,0,0,0,0,0,0,0,0,0,,0,0,1,0,1,0,0,1,0,0,0,UK,0,0,1977,1995,19.0,74.0,74,1.0,1986.0,0,0,0,0,0,1,1,1,0,0,0,1,1,0,0,0,0,0,0,0,1.803,1997,12.947368421052632,1997,UK1977
1100,65,Bacchetta and Gerlach (1997),0.116,0.113,0,,,,,,,,,,,,0,0,0,0,0,0,0,0,0,0,0,,0,0,1,0,1,0,0,1,0,0,0,UK,0,0,1977,1995,19.0,74.0,74,1.0,1986.0,0,0,0,0,0,1,1,1,0,0,0,1,1,0,0,0,0,0,0,0,1.803,1997,12.947368421052632,1997,UK1977
1101,65,Bacchetta and Gerlach (1997),-0.017,0.106,0,,,,,,,,,,,,0,0,0,0,0,0,0,0,0,0,0,,0,0,1,0,1,0,0,0,0,0,0,Japan,0,0,1977,1995,19.0,74.0,74,1.0,1986.0,0,0,0,0,0,1,1,1,0,0,0,1,1,0,0,0,0,0,0,0,1.803,1997,12.947368421052632,1997,Japan1977
1102,65,Bacchetta and Gerlach (1997),-0.049,0.108,0,,,,,,,,,,,,0,0,0,0,0,0,0,0,0,0,0,,0,0,1,0,1,0,0,1,0,0,0,Japan,0,0,1977,1995,19.0,74.0,74,1.0,1986.0,0,0,0,0,0,1,1,1,0,0,0,1,1,0,0,0,0,0,0,0,1.803,1997,12.947368421052632,1997,Japan1977
1103,65,Bacchetta and Gerlach (1997),-0.063,0.118,0,,,,,,,,,,,,0,0,0,0,0,0,0,0,0,0,0,,0,0,1,0,1,0,0,1,0,0,0,Japan,0,0,1977,1995,19.0,74.0,74,1.0,1986.0,0,0,0,0,0,1,1,1,0,0,0,1,1,0,0,0,0,0,0,0,1.803,1997,12.947368421052632,1997,Japan1977
1104,65,Bacchetta and Gerlach (1997),-0.0004,0.113,0,,,,,,,,,,,,0,0,0,0,0,0,0,0,0,0,0,,0,0,1,0,1,0,0,1,0,0,0,Japan,0,0,1977,1995,19.0,74.0,74,1.0,1986.0,0,0,0,0,0,1,1,1,0,0,0,1,1,0,0,0,0,0,0,0,1.803,1997,12.947368421052632,1997,Japan1977
1105,65,Bacchetta and Gerlach (1997),-0.026,0.076,0,,,,,,,,,,,,0,0,0,0,0,0,0,0,0,0,0,,0,0,1,0,1,0,0,1,0,0,0,Japan,0,0,1977,1995,19.0,74.0,74,1.0,1986.0,0,0,0,0,0,1,1,1,0,0,0,1,1,0,0,0,0,0,0,0,1.803,1997,12.947368421052632,1997,Japan1977
1106,65,Bacchetta and Gerlach (1997),-0.046,0.118,0,,,,,,,,,,,,0,0,0,0,0,0,0,0,0,0,0,,0,0,1,0,1,0,0,1,0,0,0,Japan,0,0,1977,1995,19.0,74.0,74,1.0,1986.0,0,0,0,0,0,1,1,1,0,0,0,1,1,0,0,0,0,0,0,0,1.803,1997,12.947368421052632,1997,Japan1977
1107,65,Bacchetta and Gerlach (1997),0.266,0.116,0,,,,,,,,,,,,0,0,0,0,0,0,0,0,0,0,0,,0,0,1,0,1,0,0,0,0,0,0,France,0,0,1980,1995,16.0,63.0,63,1.0,1987.5,0,0,0,0,0,1,1,1,0,0,0,1,1,0,0,0,0,0,0,0,1.803,1997,12.947368421052632,1997,France1980
1108,65,Bacchetta and Gerlach (1997),0.243,0.118,0,,,,,,,,,,,,0,0,0,0,0,0,0,0,0,0,0,,0,0,1,0,1,0,0,1,0,0,0,France,0,0,1980,1995,16.0,63.0,63,1.0,1987.5,0,0,0,0,0,1,1,1,0,0,0,1,1,0,0,0,0,0,0,0,1.803,1997,12.947368421052632,1997,France1980
1109,65,Bacchetta and Gerlach (1997),0.248,0.113,0,,,,,,,,,,,,0,0,0,0,0,0,0,0,0,0,0,,0,0,1,0,1,0,0,1,0,0,0,France,0,0,1980,1995,16.0,63.0,63,1.0,1987.5,0,0,0,0,0,1,1,1,0,0,0,1,1,0,0,0,0,0,0,0,1.803,1997,12.947368421052632,1997,France1980
1110,65,Bacchetta and Gerlach (1997),0.263,0.118,0,,,,,,,,,,,,0,0,0,0,0,0,0,0,0,0,0,,0,0,1,0,1,0,0,1,0,0,0,France,0,0,1980,1995,16.0,63.0,63,1.0,1987.5,0,0,0,0,0,1,1,1,0,0,0,1,1,0,0,0,0,0,0,0,1.803,1997,12.947368421052632,1997,France1980
1111,65,Bacchetta and Gerlach (1997),0.243,0.118,0,,,,,,,,,,,,0,0,0,0,0,0,0,0,0,0,0,,0,0,1,0,1,0,0,1,0,0,0,France,0,0,1980,1995,16.0,63.0,63,1.0,1987.5,0,0,0,0,0,1,1,1,0,0,0,1,1,0,0,0,0,0,0,0,1.803,1997,12.947368421052632,1997,France1980
1112,65,Bacchetta and Gerlach (1997),0.246,0.115,0,,,,,,,,,,,,0,0,0,0,0,0,0,0,0,0,0,,0,0,1,0,1,0,0,1,0,0,0,France,0,0,1980,1995,16.0,63.0,63,1.0,1987.5,0,0,0,0,0,1,1,1,0,0,0,1,1,0,0,0,0,0,0,0,1.803,1997,12.947368421052632,1997,France1980
1113,65,Bacchetta and Gerlach (1997),0.269,0.124,0,,,,,,,,,,,,0,0,0,0,0,0,0,0,0,0,0,,0,0,1,0,1,0,0,0,0,0,0,USA,0,0,1970,1995,26.0,103.0,103,1.0,1982.5,0,0,0,0,0,1,0,0,0,0,0,0,1,0,0,0,0,0,0,0,1.803,1997,12.947368421052632,1997,USA1970
1114,65,Bacchetta and Gerlach (1997),0.003,0.152,0,,,,,,,,,,,,0,0,0,0,0,0,0,0,0,0,0,,0,0,1,0,1,0,0,1,0,0,0,USA,0,0,1970,1995,26.0,103.0,103,1.0,1982.5,0,0,0,0,0,1,0,0,0,0,0,0,1,0,0,0,0,0,0,0,1.803,1997,12.947368421052632,1997,USA1970
1115,65,Bacchetta and Gerlach (1997),0.003,0.169,0,,,,,,,,,,,,0,0,0,0,0,0,0,0,0,0,0,,0,0,1,0,1,0,0,1,0,0,0,USA,0,0,1970,1995,26.0,103.0,103,1.0,1982.5,0,0,0,0,0,1,0,0,0,0,0,0,1,0,0,0,0,0,0,0,1.803,1997,12.947368421052632,1997,USA1970
1116,65,Bacchetta and Gerlach (1997),0.187,0.106,0,,,,,,,,,,,,0,0,0,0,0,0,0,0,0,0,0,,0,0,1,0,1,0,0,1,0,0,0,USA,0,0,1970,1995,26.0,103.0,103,1.0,1982.5,0,0,0,0,0,1,0,0,0,0,0,0,1,0,0,0,0,0,0,0,1.803,1997,12.947368421052632,1997,USA1970
1117,65,Bacchetta and Gerlach (1997),-0.047,0.144,0,,,,,,,,,,,,0,0,0,0,0,0,0,0,0,0,0,,0,0,1,0,1,0,0,1,0,0,0,USA,0,0,1970,1995,26.0,103.0,103,1.0,1982.5,0,0,0,0,0,1,0,0,0,0,0,0,1,0,0,0,0,0,0,0,1.803,1997,12.947368421052632,1997,USA1970
1118,65,Bacchetta and Gerlach (1997),-0.047,0.158,0,,,,,,,,,,,,0,0,0,0,0,0,0,0,0,0,0,,0,0,1,0,1,0,0,1,0,0,0,USA,0,0,1970,1995,26.0,103.0,103,1.0,1982.5,0,0,0,0,0,1,0,0,0,0,0,0,1,0,0,0,0,0,0,0,1.803,1997,12.947368421052632,1997,USA1970
1119,65,Bacchetta and Gerlach (1997),-0.193,0.193,0,,,,,,,,,,,,0,0,0,0,0,0,0,0,0,0,0,,0,0,1,0,1,0,0,1,0,0,0,USA,0,0,1970,1995,26.0,103.0,103,1.0,1982.5,0,0,0,0,0,1,0,0,0,0,0,0,1,0,0,0,0,0,0,0,1.803,1997,12.947368421052632,1997,USA1970
1120,65,Bacchetta and Gerlach (1997),-0.131,0.208,0,,,,,,,,,,,,0,0,0,0,0,0,0,0,0,0,0,,0,0,1,0,1,0,0,1,0,0,0,USA,0,0,1970,1995,26.0,103.0,103,1.0,1982.5,0,0,0,0,0,1,0,0,0,0,0,0,1,0,0,0,0,0,0,0,1.803,1997,12.947368421052632,1997,USA1970
1121,66,Bayoumi and Macdonald (1995),0.27,0.17,0,,,,,,,,,,,,0,0,0,0,0,0,0,0,0,0,0,,0,0,0,0,1,0,0,0,0,0,0,Austria,1,0,1973,1992,30.0,30.0,30,1.0,1982.5,0,0,0,0,0,0,1,1,0,0,0,1,0,0,0,0,0,0,0,0,0.553,1994,3.3181818181818183,1995,Austria1973
1122,66,Bayoumi and Macdonald (1995),0.34,0.15,0,,,,,,,,,,,,0,0,0,0,0,0,0,0,0,0,0,,0,0,0,0,1,0,0,0,0,0,0,Belgium,1,0,1973,1992,30.0,30.0,30,1.0,1982.5,0,0,0,0,1,0,1,1,0,0,0,1,0,0,0,0,0,0,0,0,0.553,1994,3.3181818181818183,1995,Belgium1973
1123,66,Bayoumi and Macdonald (1995),0.64,0.19,0,,,,,,,,,,,,0,0,0,0,0,0,0,0,0,0,0,,0,0,0,0,1,0,0,0,0,0,0,Canada,1,0,1973,1992,30.0,30.0,30,1.0,1982.5,0,0,0,0,0,0,1,1,0,0,0,1,0,0,0,0,0,0,0,0,0.553,1994,3.3181818181818183,1995,Canada1973
1124,66,Bayoumi and Macdonald (1995),1.02,0.18,0,,,,,,,,,,,,0,0,0,0,0,0,0,0,0,0,0,,0,0,0,0,1,0,0,0,0,0,0,Denmark,1,0,1973,1992,30.0,30.0,30,1.0,1982.5,0,0,0,1,1,0,1,1,0,0,0,1,0,0,0,0,0,0,0,0,0.553,1994,3.3181818181818183,1995,Denmark1973
1125,66,Bayoumi and Macdonald (1995),1.15,0.28,0,,,,,,,,,,,,0,0,0,0,0,0,0,0,0,0,0,,0,0,0,0,1,0,0,0,0,0,0,Finland,1,0,1973,1992,30.0,30.0,30,1.0,1982.5,0,0,0,0,1,0,1,1,0,0,0,1,0,0,0,0,0,0,0,0,0.553,1994,3.3181818181818183,1995,Finland1973
1126,66,Bayoumi and Macdonald (1995),0.41,0.16,0,,,,,,,,,,,,0,0,0,0,0,0,0,0,0,0,0,,0,0,0,0,1,0,0,0,0,0,0,France,1,0,1973,1992,30.0,30.0,30,1.0,1982.5,0,0,0,0,1,0,1,1,0,0,0,1,0,0,0,0,0,0,0,0,0.553,1994,3.3181818181818183,1995,France1973
1127,66,Bayoumi and Macdonald (1995),0.9,0.21,0,,,,,,,,,,,,0,0,0,0,0,0,0,0,0,0,0,,0,0,0,0,1,0,0,0,0,0,0,Germany,1,0,1973,1992,30.0,30.0,30,1.0,1982.5,0,0,0,0,0,0,1,1,0,0,0,1,0,0,0,0,0,0,0,0,0.553,1994,3.3181818181818183,1995,Germany1973
1128,66,Bayoumi and Macdonald (1995),0.33,0.31,0,,,,,,,,,,,,0,0,0,0,0,0,0,0,0,0,0,,0,0,0,0,1,0,0,0,0,0,0,Greece,1,0,1973,1992,30.0,30.0,30,1.0,1982.5,0,0,0,1,0,0,1,1,0,0,0,1,0,0,0,0,0,0,0,0,0.553,1994,3.3181818181818183,1995,Greece1973
1129,66,Bayoumi and Macdonald (1995),1.19,0.38,0,,,,,,,,,,,,0,0,0,0,0,0,0,0,0,0,0,,0,0,0,0,1,0,0,0,0,0,0,Ireland,1,0,1973,1992,30.0,30.0,30,1.0,1982.5,0,0,0,1,1,0,1,1,0,0,0,1,0,0,0,0,0,0,0,0,0.553,1994,3.3181818181818183,1995,Ireland1973
1130,66,Bayoumi and Macdonald (1995),0.82,0.33,0,,,,,,,,,,,,0,0,0,0,0,0,0,0,0,0,0,,0,0,0,0,1,0,0,0,0,0,0,Italy,1,0,1973,1992,30.0,30.0,30,1.0,1982.5,0,0,0,1,1,0,1,1,0,0,0,1,0,0,0,0,0,0,0,0,0.553,1994,3.3181818181818183,1995,Italy1973
1131,66,Bayoumi and Macdonald (1995),0.11,0.24,0,,,,,,,,,,,,0,0,0,0,0,0,0,0,0,0,0,,0,0,0,0,1,0,0,0,0,0,0,Japan,1,0,1973,1992,30.0,30.0,30,1.0,1982.5,0,0,0,0,0,0,1,1,0,0,0,1,0,0,0,0,0,0,0,0,0.553,1994,3.3181818181818183,1995,Japan1973
1132,66,Bayoumi and Macdonald (1995),1.19,0.4,0,,,,,,,,,,,,0,0,0,0,0,0,0,0,0,0,0,,0,0,0,0,1,0,0,0,0,0,0,Luxembourg,1,0,1973,1992,30.0,30.0,30,1.0,1982.5,0,0,0,1,1,0,1,1,0,0,0,1,0,0,0,0,0,0,0,0,0.553,1994,3.3181818181818183,1995,Luxembourg1973
1133,66,Bayoumi and Macdonald (1995),0.64,0.09,0,,,,,,,,,,,,0,0,0,0,0,0,0,0,0,0,0,,0,0,0,0,1,0,0,0,0,0,0,Netherlands,1,0,1973,1992,30.0,30.0,30,1.0,1982.5,0,0,0,0,0,0,1,1,0,0,0,1,0,0,0,0,0,0,0,0,0.553,1994,3.3181818181818183,1995,Netherlands1973
1134,66,Bayoumi and Macdonald (1995),0.47,0.2,0,,,,,,,,,,,,0,0,0,0,0,0,0,0,0,0,0,,0,0,0,0,1,0,0,0,0,0,0,UK,1,0,1973,1992,30.0,30.0,30,1.0,1982.5,0,0,0,0,1,0,1,1,0,0,0,1,0,0,0,0,0,0,0,0,0.553,1994,3.3181818181818183,1995,UK1973
1135,66,Bayoumi and Macdonald (1995),0.27,0.14,0,,,,,,,,,,,,0,0,0,0,0,0,0,0,0,0,0,,0,0,0,0,1,0,0,0,0,0,0,USA,1,0,1973,1992,30.0,30.0,30,1.0,1982.5,0,0,0,0,1,0,1,1,0,0,0,1,0,0,0,0,0,0,0,0,0.553,1994,3.3181818181818183,1995,USA1973
1136,66,Bayoumi and Macdonald (1995),0.24,0.14,0,,,,,,,,,,,,0,0,0,0,0,0,0,0,0,0,0,,0,0,0,0,1,0,0,0,0,0,0,Austria,1,0,1973,1992,30.0,30.0,30,1.0,1982.5,0,0,0,0,0,0,1,1,0,0,0,1,0,0,0,0,0,0,0,0,0.553,1994,3.3181818181818183,1995,Austria1973
1137,66,Bayoumi and Macdonald (1995),0.31,0.14,0,,,,,,,,,,,,0,0,0,0,0,0,0,0,0,0,0,,0,0,0,0,1,0,0,0,0,0,0,Belgium,1,0,1973,1992,30.0,30.0,30,1.0,1982.5,0,0,0,0,1,0,1,1,0,0,0,1,0,0,0,0,0,0,0,0,0.553,1994,3.3181818181818183,1995,Belgium1973
1138,66,Bayoumi and Macdonald (1995),0.67,0.18,0,,,,,,,,,,,,0,0,0,0,0,0,0,0,0,0,0,,0,0,0,0,1,0,0,0,0,0,0,Canada,1,0,1973,1992,30.0,30.0,30,1.0,1982.5,0,0,0,0,0,0,1,1,0,0,0,1,0,0,0,0,0,0,0,0,0.553,1994,3.3181818181818183,1995,Canada1973
1139,66,Bayoumi and Macdonald (1995),0.82,0.11,0,,,,,,,,,,,,0,0,0,0,0,0,0,0,0,0,0,,0,0,0,0,1,0,0,0,0,0,0,Denmark,1,0,1973,1992,30.0,30.0,30,1.0,1982.5,0,0,0,1,1,0,1,1,0,0,0,1,0,0,0,0,0,0,0,0,0.553,1994,3.3181818181818183,1995,Denmark1973
1140,66,Bayoumi and Macdonald (1995),1.18,0.26,0,,,,,,,,,,,,0,0,0,0,0,0,0,0,0,0,0,,0,0,0,0,1,0,0,0,0,0,0,Finland,1,0,1973,1992,30.0,30.0,30,1.0,1982.5,0,0,0,0,1,0,1,1,0,0,0,1,0,0,0,0,0,0,0,0,0.553,1994,3.3181818181818183,1995,Finland1973
1141,66,Bayoumi and Macdonald (1995),0.42,0.16,0,,,,,,,,,,,,0,0,0,0,0,0,0,0,0,0,0,,0,0,0,0,1,0,0,0,0,0,0,France,1,0,1973,1992,30.0,30.0,30,1.0,1982.5,0,0,0,0,1,0,1,1,0,0,0,1,0,0,0,0,0,0,0,0,0.553,1994,3.3181818181818183,1995,France1973
1142,66,Bayoumi and Macdonald (1995),0.73,0.17,0,,,,,,,,,,,,0,0,0,0,0,0,0,0,0,0,0,,0,0,0,0,1,0,0,0,0,0,0,Germany,1,0,1973,1992,30.0,30.0,30,1.0,1982.5,0,0,0,0,0,0,1,1,0,0,0,1,0,0,0,0,0,0,0,0,0.553,1994,3.3181818181818183,1995,Germany1973
1143,66,Bayoumi and Macdonald (1995),0.28,0.14,0,,,,,,,,,,,,0,0,0,0,0,0,0,0,0,0,0,,0,0,0,0,1,0,0,0,0,0,0,Greece,1,0,1973,1992,30.0,30.0,30,1.0,1982.5,0,0,0,1,0,0,1,1,0,0,0,1,0,0,0,0,0,0,0,0,0.553,1994,3.3181818181818183,1995,Greece1973
1144,66,Bayoumi and Macdonald (1995),1.14,0.37,0,,,,,,,,,,,,0,0,0,0,0,0,0,0,0,0,0,,0,0,0,0,1,0,0,0,0,0,0,Ireland,1,0,1973,1992,30.0,30.0,30,1.0,1982.5,0,0,0,1,1,0,1,1,0,0,0,1,0,0,0,0,0,0,0,0,0.553,1994,3.3181818181818183,1995,Ireland1973
1145,66,Bayoumi and Macdonald (1995),0.7,0.07,0,,,,,,,,,,,,0,0,0,0,0,0,0,0,0,0,0,,0,0,0,0,1,0,0,0,0,0,0,Italy,1,0,1973,1992,30.0,30.0,30,1.0,1982.5,0,0,0,1,1,0,1,1,0,0,0,1,0,0,0,0,0,0,0,0,0.553,1994,3.3181818181818183,1995,Italy1973
1146,66,Bayoumi and Macdonald (1995),0.15,0.25,0,,,,,,,,,,,,0,0,0,0,0,0,0,0,0,0,0,,0,0,0,0,1,0,0,0,0,0,0,Japan,1,0,1973,1992,30.0,30.0,30,1.0,1982.5,0,0,0,0,0,0,1,1,0,0,0,1,0,0,0,0,0,0,0,0,0.553,1994,3.3181818181818183,1995,Japan1973
1147,66,Bayoumi and Macdonald (1995),0.26,0.13,0,,,,,,,,,,,,0,0,0,0,0,0,0,0,0,0,0,,0,0,0,0,1,0,0,0,0,0,0,Luxembourg,1,0,1973,1992,30.0,30.0,30,1.0,1982.5,0,0,0,1,1,0,1,1,0,0,0,1,0,0,0,0,0,0,0,0,0.553,1994,3.3181818181818183,1995,Luxembourg1973
1148,66,Bayoumi and Macdonald (1995),0.68,0.06,0,,,,,,,,,,,,0,0,0,0,0,0,0,0,0,0,0,,0,0,0,0,1,0,0,0,0,0,0,Netherlands,1,0,1973,1992,30.0,30.0,30,1.0,1982.5,0,0,0,0,0,0,1,1,0,0,0,1,0,0,0,0,0,0,0,0,0.553,1994,3.3181818181818183,1995,Netherlands1973
1149,66,Bayoumi and Macdonald (1995),0.48,0.2,0,,,,,,,,,,,,0,0,0,0,0,0,0,0,0,0,0,,0,0,0,0,1,0,0,0,0,0,0,UK,1,0,1973,1992,30.0,30.0,30,1.0,1982.5,0,0,0,0,1,0,1,1,0,0,0,1,0,0,0,0,0,0,0,0,0.553,1994,3.3181818181818183,1995,UK1973
1150,66,Bayoumi and Macdonald (1995),0.43,0.06,0,,,,,,,,,,,,0,0,0,0,0,0,0,0,0,0,0,,0,0,0,0,1,0,0,0,0,0,0,USA,1,0,1973,1992,30.0,30.0,30,1.0,1982.5,0,0,0,0,1,0,1,1,0,0,0,1,0,0,0,0,0,0,0,0,0.553,1994,3.3181818181818183,1995,USA1973
1151,66,Bayoumi and Macdonald (1995),0.26,0.13,0,,,,,,,,,,,,0,0,0,0,0,0,0,0,0,0,0,,0,0,0,0,1,0,0,0,0,0,0,Belgium,1,0,1973,1992,30.0,30.0,30,1.0,1982.5,0,0,0,0,0,0,1,1,0,0,0,1,0,0,0,0,0,0,0,0,0.553,1994,3.3181818181818183,1995,Belgium1973
1152,66,Bayoumi and Macdonald (1995),0.67,0.13,0,,,,,,,,,,,,0,0,0,0,0,0,0,0,0,0,0,,0,0,0,0,1,0,0,0,0,0,0,Denmark,1,0,1973,1992,30.0,30.0,30,1.0,1982.5,0,0,0,1,1,0,1,1,0,0,0,1,0,0,0,0,0,0,0,0,0.553,1994,3.3181818181818183,1995,Denmark1973
1153,66,Bayoumi and Macdonald (1995),0.34,0.08,0,,,,,,,,,,,,0,0,0,0,0,0,0,0,0,0,0,,0,0,0,0,1,0,0,0,0,0,0,France,1,0,1973,1992,30.0,30.0,30,1.0,1982.5,0,0,0,0,1,0,1,1,0,0,0,1,0,0,0,0,0,0,0,0,0.553,1994,3.3181818181818183,1995,France1973
1154,66,Bayoumi and Macdonald (1995),1.0,0.16,0,,,,,,,,,,,,0,0,0,0,0,0,0,0,0,0,0,,0,0,0,0,1,0,0,0,0,0,0,Germany,1,0,1973,1992,30.0,30.0,30,1.0,1982.5,0,0,0,0,1,0,1,1,0,0,0,1,0,0,0,0,0,0,0,0,0.553,1994,3.3181818181818183,1995,Germany1973
1155,66,Bayoumi and Macdonald (1995),0.17,0.1,0,,,,,,,,,,,,0,0,0,0,0,0,0,0,0,0,0,,0,0,0,0,1,0,0,0,0,0,0,Greece,1,0,1973,1992,30.0,30.0,30,1.0,1982.5,0,0,0,1,1,0,1,1,0,0,0,1,0,0,0,0,0,0,0,0,0.553,1994,3.3181818181818183,1995,Greece1973
1156,66,Bayoumi and Macdonald (1995),0.5,0.44,0,,,,,,,,,,,,0,0,0,0,0,0,0,0,0,0,0,,0,0,0,0,1,0,0,0,0,0,0,Ireland,1,0,1973,1992,30.0,30.0,30,1.0,1982.5,0,0,0,1,1,0,1,1,0,0,0,1,0,0,0,0,0,0,0,0,0.553,1994,3.3181818181818183,1995,Ireland1973
1157,66,Bayoumi and Macdonald (1995),0.94,0.14,0,,,,,,,,,,,,0,0,0,0,0,0,0,0,0,0,0,,0,0,0,0,1,0,0,0,0,0,0,Italy,1,0,1973,1992,30.0,30.0,30,1.0,1982.5,0,0,0,1,1,0,1,1,0,0,0,1,0,0,0,0,0,0,0,0,0.553,1994,3.3181818181818183,1995,Italy1973
1158,66,Bayoumi and Macdonald (1995),-0.52,0.35,0,,,,,,,,,,,,0,0,0,0,0,0,0,0,0,0,0,,0,0,0,0,1,0,0,0,0,0,0,Luxembourg,1,0,1973,1992,30.0,30.0,30,1.0,1982.5,0,0,0,1,1,0,1,1,0,0,0,1,0,0,0,0,0,0,0,0,0.553,1994,3.3181818181818183,1995,Luxembourg1973
1159,66,Bayoumi and Macdonald (1995),0.65,0.1,0,,,,,,,,,,,,0,0,0,0,0,0,0,0,0,0,0,,0,0,0,0,1,0,0,0,0,0,0,Netherlands,1,0,1973,1992,30.0,30.0,30,1.0,1982.5,0,0,0,0,0,0,1,1,0,0,0,1,0,0,0,0,0,0,0,0,0.553,1994,3.3181818181818183,1995,Netherlands1973
1160,66,Bayoumi and Macdonald (1995),0.48,0.33,0,,,,,,,,,,,,0,0,0,0,0,0,0,0,0,0,0,,0,0,0,0,1,0,0,0,0,0,0,UK,1,0,1973,1992,30.0,30.0,30,1.0,1982.5,0,0,0,0,1,0,1,1,0,0,0,1,0,0,0,0,0,0,0,0,0.553,1994,3.3181818181818183,1995,UK1973
1161,66,Bayoumi and Macdonald (1995),0.36,0.13,0,,,,,,,,,,,,0,0,0,0,0,0,0,0,0,0,0,,0,0,0,0,1,0,0,0,0,0,0,Belgium,1,0,1973,1992,30.0,30.0,30,1.0,1982.5,0,0,0,0,0,0,1,1,0,0,0,1,0,0,0,0,0,0,0,0,0.553,1994,3.3181818181818183,1995,Belgium1973
1162,66,Bayoumi and Macdonald (1995),0.65,0.09,0,,,,,,,,,,,,0,0,0,0,0,0,0,0,0,0,0,,0,0,0,0,1,0,0,0,0,0,0,Denmark,1,0,1973,1992,30.0,30.0,30,1.0,1982.5,0,0,0,1,1,0,1,1,0,0,0,1,0,0,0,0,0,0,0,0,0.553,1994,3.3181818181818183,1995,Denmark1973
1163,66,Bayoumi and Macdonald (1995),0.37,0.1,0,,,,,,,,,,,,0,0,0,0,0,0,0,0,0,0,0,,0,0,0,0,1,0,0,0,0,0,0,France,1,0,1973,1992,30.0,30.0,30,1.0,1982.5,0,0,0,0,1,0,1,1,0,0,0,1,0,0,0,0,0,0,0,0,0.553,1994,3.3181818181818183,1995,France1973
1164,66,Bayoumi and Macdonald (1995),1.05,0.12,0,,,,,,,,,,,,0,0,0,0,0,0,0,0,0,0,0,,0,0,0,0,1,0,0,0,0,0,0,Germany,1,0,1973,1992,30.0,30.0,30,1.0,1982.5,0,0,0,0,1,0,1,1,0,0,0,1,0,0,0,0,0,0,0,0,0.553,1994,3.3181818181818183,1995,Germany1973
1165,66,Bayoumi and Macdonald (1995),0.24,0.11,0,,,,,,,,,,,,0,0,0,0,0,0,0,0,0,0,0,,0,0,0,0,1,0,0,0,0,0,0,Greece,1,0,1973,1992,30.0,30.0,30,1.0,1982.5,0,0,0,1,1,0,1,1,0,0,0,1,0,0,0,0,0,0,0,0,0.553,1994,3.3181818181818183,1995,Greece1973
1166,66,Bayoumi and Macdonald (1995),0.34,0.46,0,,,,,,,,,,,,0,0,0,0,0,0,0,0,0,0,0,,0,0,0,0,1,0,0,0,0,0,0,Ireland,1,0,1973,1992,30.0,30.0,30,1.0,1982.5,0,0,0,1,1,0,1,1,0,0,0,1,0,0,0,0,0,0,0,0,0.553,1994,3.3181818181818183,1995,Ireland1973
1167,66,Bayoumi and Macdonald (1995),0.8,0.06,0,,,,,,,,,,,,0,0,0,0,0,0,0,0,0,0,0,,0,0,0,0,1,0,0,0,0,0,0,Italy,1,0,1973,1992,30.0,30.0,30,1.0,1982.5,0,0,0,1,1,0,1,1,0,0,0,1,0,0,0,0,0,0,0,0,0.553,1994,3.3181818181818183,1995,Italy1973
1168,66,Bayoumi and Macdonald (1995),-0.19,0.21,0,,,,,,,,,,,,0,0,0,0,0,0,0,0,0,0,0,,0,0,0,0,1,0,0,0,0,0,0,Luxembourg,1,0,1973,1992,30.0,30.0,30,1.0,1982.5,0,0,0,1,1,0,1,1,0,0,0,1,0,0,0,0,0,0,0,0,0.553,1994,3.3181818181818183,1995,Luxembourg1973
1169,66,Bayoumi and Macdonald (1995),0.67,0.06,0,,,,,,,,,,,,0,0,0,0,0,0,0,0,0,0,0,,0,0,0,0,1,0,0,0,0,0,0,Netherlands,1,0,1973,1992,30.0,30.0,30,1.0,1982.5,0,0,0,0,0,0,1,1,0,0,0,1,0,0,0,0,0,0,0,0,0.553,1994,3.3181818181818183,1995,Netherlands1973
1170,66,Bayoumi and Macdonald (1995),0.71,0.09,0,,,,,,,,,,,,0,0,0,0,0,0,0,0,0,0,0,,0,0,0,0,1,0,0,0,0,0,0,UK,1,0,1973,1992,30.0,30.0,30,1.0,1982.5,0,0,0,0,1,0,1,1,0,0,0,1,0,0,0,0,0,0,0,0,0.553,1994,3.3181818181818183,1995,UK1973
1171,67,Bean (1986),0.278,0.0794,0,,,,,,,,,,,,1,0,0,0,0,0,0,0,0,0,0,,0,0,1,0,1,0,0,0,0,0,0,USA,0,0,1949,1979,31.0,122.0,122,1.0,1964.0,0,0,0,0,0,0,0,0,0,0,0,0,0,0,0,0,0,0,0,1,1.224,1984,4.15625,1986,USA1949
1172,67,Bean (1986),-0.005,0.05,0,,,,,,,,,,,,1,0,0,0,0,0,1,1,0,0,0,,0,0,1,0,1,0,0,0,0,0,0,USA,0,0,1949,1979,31.0,122.0,122,1.0,1964.0,0,0,0,0,0,0,0,0,0,0,0,0,0,0,0,0,0,0,0,1,1.224,1984,4.15625,1986,USA1949
1173,67,Bean (1986),0.277,0.0729,0,,,,,,,,,,,,1,0,0,0,0,0,0,0,0,1,0,,0,0,1,0,1,0,0,0,0,0,0,USA,0,0,1949,1979,31.0,122.0,122,1.0,1964.0,0,0,0,0,0,0,0,0,0,0,0,0,0,0,0,0,0,0,0,1,1.224,1984,4.15625,1986,USA1949
1174,67,Bean (1986),-0.001,0.025,0,,,,,,,,,,,,1,0,0,0,0,0,1,1,0,1,0,,0,0,1,0,1,0,0,0,0,0,0,USA,0,0,1949,1979,31.0,122.0,122,1.0,1964.0,0,0,0,0,0,0,0,0,0,0,0,0,0,0,0,0,0,0,0,1,1.224,1984,4.15625,1986,USA1949
1175,67,Bean (1986),0.207,0.0828,0,,,,,,,,,,,,1,0,0,0,0,0,1,1,0,0,0,,0,0,1,0,1,0,0,0,0,0,0,USA,0,0,1949,1982,34.0,131.0,131,1.0,1965.5,0,0,0,0,0,0,0,0,0,0,0,0,0,0,0,0,0,0,0,1,1.224,1984,4.15625,1986,USA1949
1176,67,Bean (1986),0.123,0.1025,0,,,,,,,,,,,,1,0,0,0,0,0,1,1,0,0,0,,0,0,1,0,1,0,0,0,0,0,0,USA,0,0,1949,1982,34.0,131.0,131,1.0,1965.5,0,0,0,0,0,0,0,0,0,0,0,0,0,0,0,0,0,0,0,1,1.224,1984,4.15625,1986,USA1949
1177,68,Benito and Mumtaz (2009),0.022,0.01,0,,,,,,,,,,,,0,1,1,0,6,1,0,1,0,1,0,,0,1,0,0,1,0,0,0,0,1,0,UK,1,0,1992,2002,11.0,3.3843636363636365,18614,5500.0,1997.0,0,0,1,0,0,0,0,0,0,0,0,0,0,0,0,0,0,0,1,0,0.433,2006,3.4,2009,UK1992
1178,68,Benito and Mumtaz (2009),-0.002,0.004,0,,,,,,,,,,,,0,1,1,0,6,1,0,1,0,1,0,,0,1,0,0,1,0,0,1,0,0,0,UK,1,0,1992,2002,11.0,3.3843636363636365,18614,5500.0,1997.0,0,0,1,0,0,0,0,0,0,0,0,0,0,0,0,0,0,0,1,0,0.433,2006,3.4,2009,UK1992
1179,68,Benito and Mumtaz (2009),0.026,0.008,0,,,,,,,,,,,,0,1,1,0,6,1,0,1,0,1,0,,0,1,0,0,1,0,0,1,0,1,0,UK,1,0,1992,2002,11.0,3.3843636363636365,18614,5500.0,1997.0,0,1,0,0,0,0,0,0,0,0,0,0,0,0,0,0,0,0,1,0,0.433,2006,3.4,2009,UK1992
1180,68,Benito and Mumtaz (2009),0.01,0.004,0,,,,,,,,,,,,0,1,1,0,6,1,0,1,0,1,0,,0,1,0,0,1,0,0,1,0,0,0,UK,1,0,1992,2002,11.0,3.3843636363636365,18614,5500.0,1997.0,0,1,0,0,0,0,0,0,0,0,0,0,0,0,0,0,0,0,1,0,0.433,2006,3.4,2009,UK1992
1181,68,Benito and Mumtaz (2009),0.537,0.09,0,,,,,,,,,,,,0,1,1,0,6,1,0,1,0,1,0,,0,1,0,0,1,0,0,0,0,1,0,UK,1,0,1992,2002,11.0,3.78163636363636,20799,5500.0,1997.0,0,0,0,0,0,1,0,0,0,0,0,0,1,0,0,0,0,0,1,0,0.433,2006,3.4,2009,UK1992
1182,68,Benito and Mumtaz (2009),0.62,0.087,0,,,,,,,,,,,,0,1,1,0,6,1,0,1,0,1,0,,0,1,0,0,1,0,0,0,0,1,1,UK,1,0,1992,2002,11.0,3.7816363636363635,20799,5500.0,1997.0,0,0,0,0,0,1,0,0,0,0,0,0,1,0,0,0,0,0,1,0,0.433,2006,3.4,2009,UK1992
1183,68,Benito and Mumtaz (2009),0.381,0.108,0,,,,,,,,,,,,0,1,1,0,6,1,0,1,0,1,0,,0,1,0,0,1,0,0,0,1,1,0,UK,1,0,1992,2002,11.0,3.7816363636363635,20799,5500.0,1997.0,0,0,0,0,0,1,0,0,0,0,0,0,1,0,0,0,0,0,1,0,0.433,2006,3.4,2009,UK1992
1184,68,Benito and Mumtaz (2009),0.125,0.038,0,,,,,,,,,,,,0,1,1,0,6,1,0,1,0,1,0,,0,1,0,0,1,0,0,1,0,0,0,UK,1,0,1992,2002,11.0,3.7816363636363635,20799,5500.0,1997.0,0,0,0,0,0,1,0,0,0,0,0,0,1,0,0,0,0,0,1,0,0.433,2006,3.4,2009,UK1992
1185,68,Benito and Mumtaz (2009),0.07,0.039,0,,,,,,,,,,,,0,1,1,0,6,1,0,1,0,1,0,,0,1,0,0,1,0,0,1,0,0,1,UK,1,0,1992,2002,11.0,3.7816363636363635,20799,5500.0,1997.0,0,0,0,0,0,1,0,0,0,0,0,0,1,0,0,0,0,0,1,0,0.433,2006,3.4,2009,UK1992
1186,68,Benito and Mumtaz (2009),0.207,0.043,0,,,,,,,,,,,,0,1,1,0,6,1,0,1,0,1,0,,0,1,0,0,1,0,0,1,1,0,0,UK,1,0,1992,2002,11.0,3.7816363636363635,20799,5500.0,1997.0,0,0,0,0,0,1,0,0,0,0,0,0,1,0,0,0,0,0,1,0,0.433,2006,3.4,2009,UK1992
1187,69,Campbell and Cocco (2007),0.466,0.036,0,,,,,,,,,,,,1,1,1,1,3,1,0,0,0,0,0,,0,0,0,1,1,0,0,0,0,0,0,UK,0,0,1988,2000,13.0,52.0,468,9.0,1994.0,0,1,0,0,0,0,0,0,0,0,0,0,0,0,0,0,0,0,0,0,1.803,2004,57.083333333333336,2007,UK1988
1188,69,Campbell and Cocco (2007),0.406,0.035,0,,,,,,,,,,,,1,1,1,1,3,1,0,0,0,0,0,,0,0,0,1,1,0,0,1,0,0,0,UK,0,0,1988,2000,13.0,52.0,468,9.0,1994.0,0,1,0,0,0,0,0,0,0,0,0,0,0,0,0,0,0,0,0,0,1.803,2004,57.083333333333336,2007,UK1988
1189,69,Campbell and Cocco (2007),0.424,0.037,0,,,,,,,,,,,,1,1,1,1,3,1,0,0,0,0,0,,0,0,0,1,1,0,0,1,0,0,0,UK,0,0,1988,2000,13.0,52.0,468,9.0,1994.0,0,1,0,0,0,0,0,0,0,0,0,0,0,0,0,0,0,0,0,0,1.803,2004,57.083333333333336,2007,UK1988
1190,69,Campbell and Cocco (2007),0.414,0.038,0,,,,,,,,,,,,1,1,1,1,3,1,0,0,0,0,0,,0,0,0,1,1,0,0,1,0,0,0,UK,0,0,1988,2000,13.0,52.0,468,9.0,1994.0,0,1,0,0,0,0,0,0,0,0,0,0,0,0,0,0,0,0,0,0,1.803,2004,57.083333333333336,2007,UK1988
1191,69,Campbell and Cocco (2007),0.414,0.038,0,,,,,,,,,,,,1,1,1,1,3,1,0,0,0,0,0,,0,0,0,1,1,0,0,1,0,0,0,UK,0,0,1988,2000,13.0,52.0,468,9.0,1994.0,0,1,0,0,0,0,0,0,0,0,0,0,0,0,0,0,0,0,0,0,1.803,2004,57.083333333333336,2007,UK1988
1192,69,Campbell and Cocco (2007),0.411,0.039,0,,,,,,,,,,,,1,1,1,1,3,1,0,0,0,0,0,,0,0,0,1,1,0,0,1,0,0,0,UK,0,0,1988,2000,13.0,52.0,468,9.0,1994.0,0,1,0,0,0,0,0,0,0,0,0,0,0,0,0,0,0,0,0,0,1.803,2004,57.083333333333336,2007,UK1988
1193,69,Campbell and Cocco (2007),0.41,0.038,0,,,,,,,,,,,,1,1,1,1,3,1,0,0,0,0,0,,0,0,0,1,1,0,0,1,0,0,0,UK,0,0,1988,2000,13.0,52.0,468,9.0,1994.0,0,1,0,0,0,0,0,0,0,0,0,0,0,0,0,0,0,0,0,0,1.803,2004,57.083333333333336,2007,UK1988
1194,69,Campbell and Cocco (2007),0.498,0.116,0,,,,,,,,,,,,1,1,1,1,3,1,0,0,0,0,0,,0,0,1,0,1,0,0,1,0,0,0,UK,0,0,1988,2000,13.0,52.0,468,9.0,1994.0,0,0,0,0,0,1,0,1,0,0,0,0,1,0,0,0,0,0,0,0,1.803,2004,57.083333333333336,2007,UK1988
1195,69,Campbell and Cocco (2007),0.497,0.125,0,,,,,,,,,,,,1,1,1,1,3,1,0,0,0,0,0,,0,0,1,0,1,0,0,1,0,0,0,UK,0,0,1988,2000,13.0,52.0,468,9.0,1994.0,0,0,0,0,0,1,0,1,0,0,0,0,1,0,0,0,0,0,0,0,1.803,2004,57.083333333333336,2007,UK1988
1196,69,Campbell and Cocco (2007),0.367,0.031,0,,,,,,,,,,,,1,1,1,1,3,1,0,0,0,0,0,,0,0,0,1,1,0,0,0,0,0,0,UK,0,0,1988,2000,13.0,52.0,624,12.0,1994.0,0,1,0,0,0,0,0,0,0,0,0,0,0,0,0,0,0,0,0,0,1.803,2004,57.083333333333336,2007,UK1988
1197,69,Campbell and Cocco (2007),0.32,0.032,0,,,,,,,,,,,,1,1,1,1,3,1,0,0,0,0,0,,0,0,0,1,1,0,0,1,0,0,0,UK,0,0,1988,2000,13.0,52.0,624,12.0,1994.0,0,1,0,0,0,0,0,0,0,0,0,0,0,0,0,0,0,0,0,0,1.803,2004,57.083333333333336,2007,UK1988
1198,69,Campbell and Cocco (2007),0.333,0.032,0,,,,,,,,,,,,1,1,1,1,3,1,0,0,0,0,0,,0,0,0,1,1,0,0,1,0,0,0,UK,0,0,1988,2000,13.0,52.0,624,12.0,1994.0,0,1,0,0,0,0,0,0,0,0,0,0,0,0,0,0,0,0,0,0,1.803,2004,57.083333333333336,2007,UK1988
1199,69,Campbell and Cocco (2007),0.344,0.032,0,,,,,,,,,,,,1,1,1,1,3,1,0,0,0,0,0,,0,0,0,1,1,0,0,1,0,0,0,UK,0,0,1988,2000,13.0,52.0,624,12.0,1994.0,0,1,0,0,0,0,0,0,0,0,0,0,0,0,0,0,0,0,0,0,1.803,2004,57.083333333333336,2007,UK1988
1200,69,Campbell and Cocco (2007),0.344,0.032,0,,,,,,,,,,,,1,1,1,1,3,1,0,0,0,0,0,,0,0,0,1,1,0,0,1,0,0,0,UK,0,0,1988,2000,13.0,52.0,624,12.0,1994.0,0,1,0,0,0,0,0,0,0,0,0,0,0,0,0,0,0,0,0,0,1.803,2004,57.083333333333336,2007,UK1988
1201,69,Campbell and Cocco (2007),0.265,0.106,0,,,,,,,,,,,,1,1,1,1,3,1,0,0,0,0,0,,0,0,1,0,1,0,0,1,0,0,0,UK,0,0,1988,2000,13.0,52.0,624,12.0,1994.0,0,0,0,0,0,1,0,1,0,0,0,0,1,0,0,0,0,0,0,0,1.803,2004,57.083333333333336,2007,UK1988
1202,69,Campbell and Cocco (2007),0.497,0.215,0,,,,,,,,,,,,1,1,1,1,3,1,0,0,0,0,0,,0,0,1,0,1,0,0,1,0,0,0,UK,0,0,1988,2000,13.0,52.0,468,9.0,1994.0,0,0,0,0,0,1,1,1,1,0,1,0,1,0,0,0,0,0,0,0,1.803,2004,57.083333333333336,2007,UK1988
1203,69,Campbell and Cocco (2007),0.526,0.21,0,,,,,,,,,,,,1,1,1,1,3,1,0,0,0,0,0,,0,0,1,0,1,0,0,1,0,0,0,UK,0,0,1988,2000,13.0,52.0,468,9.0,1994.0,0,0,0,0,0,1,1,1,1,0,1,0,1,0,0,0,0,0,0,0,1.803,2004,57.083333333333336,2007,UK1988
1204,69,Campbell and Cocco (2007),0.549,0.214,0,,,,,,,,,,,,1,1,1,1,3,1,0,0,0,0,0,,0,0,1,0,1,0,0,1,0,0,0,UK,0,0,1988,2000,13.0,52.0,468,9.0,1994.0,0,0,0,0,0,1,1,1,1,0,1,0,1,0,0,0,0,0,0,0,1.803,2004,57.083333333333336,2007,UK1988
1205,69,Campbell and Cocco (2007),0.331,0.122,0,,,,,,,,,,,,1,1,1,1,3,1,0,0,0,0,0,,0,0,1,0,1,0,0,1,0,0,0,UK,0,0,1988,2000,13.0,52.0,624,12.0,1994.0,0,0,0,0,0,1,1,1,1,0,1,0,1,0,0,0,0,0,0,0,1.803,2004,57.083333333333336,2007,UK1988
1206,69,Campbell and Cocco (2007),0.392,0.122,0,,,,,,,,,,,,1,1,1,1,3,1,0,0,0,0,0,,0,0,1,0,1,0,0,1,0,0,0,UK,0,0,1988,2000,13.0,52.0,624,12.0,1994.0,0,0,0,0,0,1,1,1,1,0,1,0,1,0,0,0,0,0,0,0,1.803,2004,57.083333333333336,2007,UK1988
1207,69,Campbell and Cocco (2007),0.369,0.121,0,,,,,,,,,,,,1,1,1,1,3,1,0,0,0,0,0,,0,0,1,0,1,0,0,1,0,0,0,UK,0,0,1988,2000,13.0,52.0,624,12.0,1994.0,0,0,0,0,0,1,1,1,1,0,1,0,1,0,0,0,0,0,0,0,1.803,2004,57.083333333333336,2007,UK1988
1208,69,Campbell and Cocco (2007),0.377,0.122,0,,,,,,,,,,,,1,1,1,1,3,1,0,0,0,0,0,,0,0,1,0,1,0,0,1,0,0,0,UK,0,0,1988,2000,13.0,52.0,624,12.0,1994.0,0,0,0,0,0,1,1,1,1,0,1,0,1,0,0,0,0,0,0,0,1.803,2004,57.083333333333336,2007,UK1988
1209,70,Cochrane (1991),0.05,0.0206,0,,,,,,,,,,,,0,1,1,0,0,0,0,0,0,0,1,,0,0,0,1,1,0,0,0,0,0,0,USA,1,0,1980,1983,4.0,2.0,2130,1065.0,1981.5,0,1,0,0,0,0,0,0,0,0,0,0,0,0,0,0,0,0,0,1,3.525,1991,39.0,1991,USA1980
1210,70,Cochrane (1991),0.1,0.0141,0,,,,,,,,,,,,0,1,1,0,0,0,0,0,0,0,1,,0,0,0,1,1,0,0,0,0,0,0,USA,1,0,1980,1983,4.0,2.0,6312,3156.0,1981.5,0,1,0,0,0,0,0,0,0,0,0,0,0,0,0,0,0,0,0,1,3.525,1991,39.0,1991,USA1980
1211,71,de Juan and Seater (1997),0.29000000000000004,0.2745906043549196,0,,,,,,,,,,,,0,0,0,0,0,0,0,0,0,1,0,,0,1,0,0,0,0,0,0,0,0,0,Algeria,1,0,1960,1992,33.0,33.0,33,1.0,1976.0,0,0,0,0,0,1,0,1,0,0,0,0,0,0,0,0,0,0,0,0,0.053,1997,0.10526315789473684,1997,Algeria1960
1212,71,de Juan and Seater (1997),0.21000000000000008,0.14317821063276354,0,,,,,,,,,,,,0,0,0,0,0,0,0,0,0,1,0,,0,1,0,0,0,0,0,0,0,0,0,Argentina,1,0,1950,1990,41.0,41.0,41,1.0,1970.0,0,0,0,0,0,1,0,1,0,0,0,0,0,0,0,0,0,0,0,0,0.053,1997,0.10526315789473684,1997,Argentina1950
1213,71,de Juan and Seater (1997),-0.1100000000000001,0.15652475842498528,0,,,,,,,,,,,,0,0,0,0,0,0,0,0,0,1,0,,0,1,0,0,0,0,0,0,0,0,0,Australia,1,0,1950,1992,43.0,43.0,43,1.0,1971.0,0,0,0,0,0,1,0,1,0,0,0,0,0,0,0,0,0,0,0,0,0.053,1997,0.10526315789473684,1997,Australia1950
1214,71,de Juan and Seater (1997),-0.050000000000000044,0.23430749027719963,0,,,,,,,,,,,,0,0,0,0,0,0,0,0,0,1,0,,0,1,0,0,0,0,0,0,0,0,0,Austria,1,0,1950,1992,43.0,43.0,43,1.0,1971.0,0,0,0,0,0,1,0,1,0,0,0,0,0,0,0,0,0,0,0,0,0.053,1997,0.10526315789473684,1997,Austria1950
1215,71,de Juan and Seater (1997),0.29000000000000004,0.15231546211727817,0,,,,,,,,,,,,0,0,0,0,0,0,0,0,0,1,0,,0,1,0,0,0,0,0,0,0,0,0,Bangladesh,1,0,1959,1992,34.0,34.0,34,1.0,1975.5,0,0,0,0,0,1,0,1,0,0,0,0,0,0,0,0,0,0,0,0,0.053,1997,0.10526315789473684,1997,Bangladesh1959
1216,71,de Juan and Seater (1997),0.35,0.24186773244895649,0,,,,,,,,,,,,0,0,0,0,0,0,0,0,0,1,0,,0,1,0,0,0,0,0,0,0,0,0,Barbados,1,0,1960,1989,30.0,30.0,30,1.0,1974.5,0,0,0,0,0,1,0,1,0,0,0,0,0,0,0,0,0,0,0,0,0.053,1997,0.10526315789473684,1997,Barbados1960
1217,71,de Juan and Seater (1997),-0.18000000000000005,0.2193171219946131,0,,,,,,,,,,,,0,0,0,0,0,0,0,0,0,1,0,,0,1,0,0,0,0,0,0,0,0,0,Belgium,1,0,1950,1992,43.0,43.0,43,1.0,1971.0,0,0,0,0,0,1,0,1,0,0,0,0,0,0,0,0,0,0,0,0,0.053,1997,0.10526315789473684,1997,Belgium1950
1218,71,de Juan and Seater (1997),-0.009999999999999898,0.194164878389476,0,,,,,,,,,,,,0,0,0,0,0,0,0,0,0,1,0,,0,1,0,0,0,0,0,0,0,0,0,Bolivia,1,0,1950,1992,43.0,43.0,43,1.0,1971.0,0,0,0,0,0,1,0,1,0,0,0,0,0,0,0,0,0,0,0,0,0.053,1997,0.10526315789473684,1997,Bolivia1950
1219,71,de Juan and Seater (1997),0.2499999999999999,0.25,0,,,,,,,,,,,,0,0,0,0,0,0,0,0,0,1,0,,0,1,0,0,0,0,0,0,0,0,0,Botswana,1,0,1960,1989,30.0,30.0,30,1.0,1974.5,0,0,0,0,0,1,0,1,0,0,0,0,0,0,0,0,0,0,0,0,0.053,1997,0.10526315789473684,1997,Botswana1960
1220,71,de Juan and Seater (1997),-0.33000000000000007,0.26925824035672524,0,,,,,,,,,,,,0,0,0,0,0,0,0,0,0,1,0,,0,1,0,0,0,0,0,0,0,0,0,Brazil,1,0,1955,1992,38.0,38.0,38,1.0,1973.5,0,0,0,0,0,1,0,1,0,0,0,0,0,0,0,0,0,0,0,0,0.053,1997,0.10526315789473684,1997,Brazil1955
1221,71,de Juan and Seater (1997),-0.13,0.19104973174542803,0,,,,,,,,,,,,0,0,0,0,0,0,0,0,0,1,0,,0,1,0,0,0,0,0,0,0,0,0,Canada,1,0,1950,1992,43.0,43.0,43,1.0,1971.0,0,0,0,0,0,1,0,1,0,0,0,0,0,0,0,0,0,0,0,0,0.053,1997,0.10526315789473684,1997,Canada1950
1222,71,de Juan and Seater (1997),0.06999999999999984,0.2051828452868319,0,,,,,,,,,,,,0,0,0,0,0,0,0,0,0,1,0,,0,1,0,0,0,0,0,0,0,0,0,Cape Verde,1,0,1960,1992,33.0,33.0,33,1.0,1976.0,0,0,0,0,0,1,0,1,0,0,0,0,0,0,0,0,0,0,0,0,0.053,1997,0.10526315789473684,1997,Cape Verde1960
1223,71,de Juan and Seater (1997),0.43999999999999995,0.21213203435596426,0,,,,,,,,,,,,0,0,0,0,0,0,0,0,0,1,0,,0,1,0,0,0,0,0,0,0,0,0,Chile,1,0,1957,1992,36.0,36.0,36,1.0,1974.5,0,0,0,0,0,1,0,1,0,0,0,0,0,0,0,0,0,0,0,0,0.053,1997,0.10526315789473684,1997,Chile1957
1224,71,de Juan and Seater (1997),-0.050000000000000044,0.19104973174542803,0,,,,,,,,,,,,0,0,0,0,0,0,0,0,0,1,0,,0,1,0,0,0,0,0,0,0,0,0,Colombia,1,0,1950,1992,43.0,43.0,43,1.0,1971.0,0,0,0,0,0,1,0,1,0,0,0,0,0,0,0,0,0,0,0,0,0.053,1997,0.10526315789473684,1997,Colombia1950
1225,71,de Juan and Seater (1997),0.17999999999999994,0.17204650534085256,0,,,,,,,,,,,,0,0,0,0,0,0,0,0,0,1,0,,0,1,0,0,0,0,0,0,0,0,0,Comoros,1,0,1960,1993,34.0,34.0,34,1.0,1976.5,0,0,0,0,0,1,0,1,0,0,0,0,0,0,0,0,0,0,0,0,0.053,1997,0.10526315789473684,1997,Comoros1960
1226,71,de Juan and Seater (1997),-0.030000000000000027,0.17691806012954134,0,,,,,,,,,,,,0,0,0,0,0,0,0,0,0,1,0,,0,1,0,0,0,0,0,0,0,0,0,Costa Rica,1,0,1950,1992,43.0,43.0,43,1.0,1971.0,0,0,0,0,0,1,0,1,0,0,0,0,0,0,0,0,0,0,0,0,0.053,1997,0.10526315789473684,1997,Costa Rica1950
1227,71,de Juan and Seater (1997),-0.21999999999999997,0.1984943324127921,0,,,,,,,,,,,,0,0,0,0,0,0,0,0,0,1,0,,0,1,0,0,0,0,0,0,0,0,0,Cyprus,1,0,1950,1992,43.0,43.0,43,1.0,1971.0,0,0,0,0,0,1,0,1,0,0,0,0,0,0,0,0,0,0,0,0,0.053,1997,0.10526315789473684,1997,Cyprus1950
1228,71,de Juan and Seater (1997),-0.15000000000000002,0.17804493814764857,0,,,,,,,,,,,,0,0,0,0,0,0,0,0,0,1,0,,0,1,0,0,0,0,0,0,0,0,0,Denmark,1,0,1950,1992,43.0,43.0,43,1.0,1971.0,0,0,0,0,0,1,0,1,0,0,0,0,0,0,0,0,0,0,0,0,0.053,1997,0.10526315789473684,1997,Denmark1950
1229,71,de Juan and Seater (1997),0.14,0.15264337522473748,0,,,,,,,,,,,,0,0,0,0,0,0,0,0,0,1,0,,0,1,0,0,0,0,0,0,0,0,0,Dominican Republic,1,0,1950,1992,43.0,43.0,43,1.0,1971.0,0,0,0,0,0,1,0,1,0,0,0,0,0,0,0,0,0,0,0,0,0.053,1997,0.10526315789473684,1997,Dominican Republic1950
1230,71,de Juan and Seater (1997),-0.68,0.32649655434629016,0,,,,,,,,,,,,0,0,0,0,0,0,0,0,0,1,0,,0,1,0,0,0,0,0,0,0,0,0,Ecuador,1,0,1950,1992,43.0,43.0,43,1.0,1971.0,0,0,0,0,0,1,0,1,0,0,0,0,0,0,0,0,0,0,0,0,0.053,1997,0.10526315789473684,1997,Ecuador1950
1231,71,de Juan and Seater (1997),-0.1100000000000001,0.2641968962724581,0,,,,,,,,,,,,0,0,0,0,0,0,0,0,0,1,0,,0,1,0,0,0,0,0,0,0,0,0,El Salvador,1,0,1950,1992,43.0,43.0,43,1.0,1971.0,0,0,0,0,0,1,0,1,0,0,0,0,0,0,0,0,0,0,0,0,0.053,1997,0.10526315789473684,1997,El Salvador1950
1232,71,de Juan and Seater (1997),-0.10999999999999988,0.22022715545545243,0,,,,,,,,,,,,0,0,0,0,0,0,0,0,0,1,0,,0,1,0,0,0,0,0,0,0,0,0,Ethiopia,1,0,1950,1992,43.0,43.0,43,1.0,1971.0,0,0,0,0,0,1,0,1,0,0,0,0,0,0,0,0,0,0,0,0,0.053,1997,0.10526315789473684,1997,Ethiopia1950
1233,71,de Juan and Seater (1997),0.17999999999999994,0.2,0,,,,,,,,,,,,0,0,0,0,0,0,0,0,0,1,0,,0,1,0,0,0,0,0,0,0,0,0,Fiji,1,0,1960,1990,31.0,31.0,31,1.0,1975.0,0,0,0,0,0,1,0,1,0,0,0,0,0,0,0,0,0,0,0,0,0.053,1997,0.10526315789473684,1997,Fiji1960
1234,71,de Juan and Seater (1997),-0.07999999999999996,0.212602916254693,0,,,,,,,,,,,,0,0,0,0,0,0,0,0,0,1,0,,0,1,0,0,0,0,0,0,0,0,0,Finland,1,0,1950,1992,43.0,43.0,43,1.0,1971.0,0,0,0,0,0,1,0,1,0,0,0,0,0,0,0,0,0,0,0,0,0.053,1997,0.10526315789473684,1997,Finland1950
1235,71,de Juan and Seater (1997),-0.27,0.33999999999999997,0,,,,,,,,,,,,0,0,0,0,0,0,0,0,0,1,0,,0,1,0,0,0,0,0,0,0,0,0,France,1,0,1950,1992,43.0,43.0,43,1.0,1971.0,0,0,0,0,0,1,0,1,0,0,0,0,0,0,0,0,0,0,0,0,0.053,1997,0.10526315789473684,1997,France1950
1236,71,de Juan and Seater (1997),-0.99,0.51478150704935,0,,,,,,,,,,,,0,0,0,0,0,0,0,0,0,1,0,,0,1,0,0,0,0,0,0,0,0,0,Gabon,1,0,1960,1992,33.0,33.0,33,1.0,1976.0,0,0,0,0,0,1,0,1,0,0,0,0,0,0,0,0,0,0,0,0,0.053,1997,0.10526315789473684,1997,Gabon1960
1237,71,de Juan and Seater (1997),-0.20000000000000007,0.28017851452243797,0,,,,,,,,,,,,0,0,0,0,0,0,0,0,0,1,0,,0,1,0,0,0,0,0,0,0,0,0,Germany,1,0,1950,1992,43.0,43.0,43,1.0,1971.0,0,0,0,0,0,1,0,1,0,0,0,0,0,0,0,0,0,0,0,0,0.053,1997,0.10526315789473684,1997,Germany1950
1238,71,de Juan and Seater (1997),-0.4800000000000001,0.322490309931942,0,,,,,,,,,,,,0,0,0,0,0,0,0,0,0,1,0,,0,1,0,0,0,0,0,0,0,0,0,Greece,1,0,1950,1991,42.0,42.0,42,1.0,1970.5,0,0,0,0,0,1,0,1,0,0,0,0,0,0,0,0,0,0,0,0,0.053,1997,0.10526315789473684,1997,Greece1950
1239,71,de Juan and Seater (1997),-0.28,0.2906888370749727,0,,,,,,,,,,,,0,0,0,0,0,0,0,0,0,1,0,,0,1,0,0,0,0,0,0,0,0,0,Guatemala,1,0,1950,1992,43.0,43.0,43,1.0,1971.0,0,0,0,0,0,1,0,1,0,0,0,0,0,0,0,0,0,0,0,0,0.053,1997,0.10526315789473684,1997,Guatemala1950
1240,71,de Juan and Seater (1997),0.10999999999999999,0.161245154965971,0,,,,,,,,,,,,0,0,0,0,0,0,0,0,0,1,0,,0,1,0,0,0,0,0,0,0,0,0,Guyana,1,0,1950,1990,41.0,41.0,41,1.0,1970.0,0,0,0,0,0,1,0,1,0,0,0,0,0,0,0,0,0,0,0,0,0.053,1997,0.10526315789473684,1997,Guyana1950
1241,71,de Juan and Seater (1997),0.13000000000000012,0.18027756377319948,0,,,,,,,,,,,,0,0,0,0,0,0,0,0,0,1,0,,0,1,0,0,0,0,0,0,0,0,0,Haiti,1,0,1960,1989,30.0,30.0,30,1.0,1974.5,0,0,0,0,0,1,0,1,0,0,0,0,0,0,0,0,0,0,0,0,0.053,1997,0.10526315789473684,1997,Haiti1960
1242,71,de Juan and Seater (1997),-0.25,0.2051828452868319,0,,,,,,,,,,,,0,0,0,0,0,0,0,0,0,1,0,,0,1,0,0,0,0,0,0,0,0,0,Honduras,1,0,1950,1992,43.0,43.0,43,1.0,1971.0,0,0,0,0,0,1,0,1,0,0,0,0,0,0,0,0,0,0,0,0,0.053,1997,0.10526315789473684,1997,Honduras1950
1243,71,de Juan and Seater (1997),0.5999999999999999,0.2193171219946131,0,,,,,,,,,,,,0,0,0,0,0,0,0,0,0,1,0,,0,1,0,0,0,0,0,0,0,0,0,Hong Kong,1,0,1960,1992,33.0,33.0,33,1.0,1976.0,0,0,0,0,0,1,0,1,0,0,0,0,0,0,0,0,0,0,0,0,0.053,1997,0.10526315789473684,1997,Hong Kong1960
1244,71,de Juan and Seater (1997),0.1100000000000001,0.2051828452868319,0,,,,,,,,,,,,0,0,0,0,0,0,0,0,0,1,0,,0,1,0,0,0,0,0,0,0,0,0,Iceland,1,0,1950,1992,43.0,43.0,43,1.0,1971.0,0,0,0,0,0,1,0,1,0,0,0,0,0,0,0,0,0,0,0,0,0.053,1997,0.10526315789473684,1997,Iceland1950
1245,71,de Juan and Seater (1997),0.22000000000000008,0.14317821063276354,0,,,,,,,,,,,,0,0,0,0,0,0,0,0,0,1,0,,0,1,0,0,0,0,0,0,0,0,0,India,1,0,1950,1992,43.0,43.0,43,1.0,1971.0,0,0,0,0,0,1,0,1,0,0,0,0,0,0,0,0,0,0,0,0,0.053,1997,0.10526315789473684,1997,India1950
1246,71,de Juan and Seater (1997),-0.08999999999999997,0.24758836806279896,0,,,,,,,,,,,,0,0,0,0,0,0,0,0,0,1,0,,0,1,0,0,0,0,0,0,0,0,0,Indonesia,1,0,1960,1992,33.0,33.0,33,1.0,1976.0,0,0,0,0,0,1,0,1,0,0,0,0,0,0,0,0,0,0,0,0,0.053,1997,0.10526315789473684,1997,Indonesia1960
1247,71,de Juan and Seater (1997),-0.06999999999999995,0.2024845673131659,0,,,,,,,,,,,,0,0,0,0,0,0,0,0,0,1,0,,0,1,0,0,0,0,0,0,0,0,0,Iraq,1,0,1953,1987,35.0,35.0,35,1.0,1970.0,0,0,0,0,0,1,0,1,0,0,0,0,0,0,0,0,0,0,0,0,0.053,1997,0.10526315789473684,1997,Iraq1953
1248,71,de Juan and Seater (1997),-0.2899999999999999,0.2580697580112788,0,,,,,,,,,,,,0,0,0,0,0,0,0,0,0,1,0,,0,1,0,0,0,0,0,0,0,0,0,Ireland,1,0,1950,1992,43.0,43.0,43,1.0,1971.0,0,0,0,0,0,1,0,1,0,0,0,0,0,0,0,0,0,0,0,0,0.053,1997,0.10526315789473684,1997,Ireland1950
1249,71,de Juan and Seater (1997),-0.10000000000000009,0.15231546211727817,0,,,,,,,,,,,,0,0,0,0,0,0,0,0,0,1,0,,0,1,0,0,0,0,0,0,0,0,0,Israel,1,0,1953,1992,40.0,40.0,40,1.0,1972.5,0,0,0,0,0,1,0,1,0,0,0,0,0,0,0,0,0,0,0,0,0.053,1997,0.10526315789473684,1997,Israel1953
1250,71,de Juan and Seater (1997),-0.10000000000000009,0.24839484696748443,0,,,,,,,,,,,,0,0,0,0,0,0,0,0,0,1,0,,0,1,0,0,0,0,0,0,0,0,0,Italy,1,0,1950,1992,43.0,43.0,43,1.0,1971.0,0,0,0,0,0,1,0,1,0,0,0,0,0,0,0,0,0,0,0,0,0.053,1997,0.10526315789473684,1997,Italy1950
1251,71,de Juan and Seater (1997),-0.09000000000000008,0.2580697580112788,0,,,,,,,,,,,,0,0,0,0,0,0,0,0,0,1,0,,0,1,0,0,0,0,0,0,0,0,0,Ivory Coast,1,0,1960,1992,33.0,33.0,33,1.0,1976.0,0,0,0,0,0,1,0,1,0,0,0,0,0,0,0,0,0,0,0,0,0.053,1997,0.10526315789473684,1997,Ivory Coast1960
1252,71,de Juan and Seater (1997),-0.11999999999999988,0.30528675044947495,0,,,,,,,,,,,,0,0,0,0,0,0,0,0,0,1,0,,0,1,0,0,0,0,0,0,0,0,0,Jamaica,1,0,1953,1991,39.0,39.0,39,1.0,1972.0,0,0,0,0,0,1,0,1,0,0,0,0,0,0,0,0,0,0,0,0,0.053,1997,0.10526315789473684,1997,Jamaica1953
1253,71,de Juan and Seater (1997),-0.28,0.38910152916687435,0,,,,,,,,,,,,0,0,0,0,0,0,0,0,0,1,0,,0,1,0,0,0,0,0,0,0,0,0,Japan,1,0,1950,1992,43.0,43.0,43,1.0,1971.0,0,0,0,0,0,1,0,1,0,0,0,0,0,0,0,0,0,0,0,0,0.053,1997,0.10526315789473684,1997,Japan1950
1254,71,de Juan and Seater (1997),-0.08999999999999997,0.17029386365926402,0,,,,,,,,,,,,0,0,0,0,0,0,0,0,0,1,0,,0,1,0,0,0,0,0,0,0,0,0,Jordan,1,0,1954,1990,37.0,37.0,37,1.0,1972.0,0,0,0,0,0,1,0,1,0,0,0,0,0,0,0,0,0,0,0,0,0.053,1997,0.10526315789473684,1997,Jordan1954
1255,71,de Juan and Seater (1997),0.35,0.14317821063276354,0,,,,,,,,,,,,0,0,0,0,0,0,0,0,0,1,0,,0,1,0,0,0,0,0,0,0,0,0,Kenya,1,0,1950,1992,43.0,43.0,43,1.0,1971.0,0,0,0,0,0,1,0,1,0,0,0,0,0,0,0,0,0,0,0,0,0.053,1997,0.10526315789473684,1997,Kenya1950
1256,71,de Juan and Seater (1997),-0.09000000000000008,0.25612496949731395,0,,,,,,,,,,,,0,0,0,0,0,0,0,0,0,1,0,,0,1,0,0,0,0,0,0,0,0,0,Korea,1,0,1953,1991,39.0,39.0,39,1.0,1972.0,0,0,0,0,0,1,0,1,0,0,0,0,0,0,0,0,0,0,0,0,0.053,1997,0.10526315789473684,1997,Korea1953
1257,71,de Juan and Seater (1997),-0.55,0.18601075237738274,0,,,,,,,,,,,,0,0,0,0,0,0,0,0,0,1,0,,0,1,0,0,0,0,0,0,0,0,0,Luxembourg,1,0,1950,1992,43.0,43.0,43,1.0,1971.0,0,0,0,0,0,1,0,1,0,0,0,0,0,0,0,0,0,0,0,0,0.053,1997,0.10526315789473684,1997,Luxembourg1950
1258,71,de Juan and Seater (1997),0.20000000000000007,0.15264337522473748,0,,,,,,,,,,,,0,0,0,0,0,0,0,0,0,1,0,,0,1,0,0,0,0,0,0,0,0,0,Malawi,1,0,1954,1992,39.0,39.0,39,1.0,1973.0,0,0,0,0,0,1,0,1,0,0,0,0,0,0,0,0,0,0,0,0,0.053,1997,0.10526315789473684,1997,Malawi1954
1259,71,de Juan and Seater (1997),-0.040000000000000036,0.21213203435596426,0,,,,,,,,,,,,0,0,0,0,0,0,0,0,0,1,0,,0,1,0,0,0,0,0,0,0,0,0,Malaysia,1,0,1955,1992,38.0,38.0,38,1.0,1973.5,0,0,0,0,0,1,0,1,0,0,0,0,0,0,0,0,0,0,0,0,0.053,1997,0.10526315789473684,1997,Malaysia1955
1260,71,de Juan and Seater (1997),0.09000000000000008,0.17804493814764857,0,,,,,,,,,,,,0,0,0,0,0,0,0,0,0,1,0,,0,1,0,0,0,0,0,0,0,0,0,Mali,1,0,1960,1991,32.0,32.0,32,1.0,1975.5,0,0,0,0,0,1,0,1,0,0,0,0,0,0,0,0,0,0,0,0,0.053,1997,0.10526315789473684,1997,Mali1960
1261,71,de Juan and Seater (1997),-0.42000000000000015,0.4204759208325728,0,,,,,,,,,,,,0,0,0,0,0,0,0,0,0,1,0,,0,1,0,0,0,0,0,0,0,0,0,Malta,1,0,1954,1989,36.0,36.0,36,1.0,1971.5,0,0,0,0,0,1,0,1,0,0,0,0,0,0,0,0,0,0,0,0,0.053,1997,0.10526315789473684,1997,Malta1954
1262,71,de Juan and Seater (1997),0.0,0.19104973174542803,0,,,,,,,,,,,,0,0,0,0,0,0,0,0,0,1,0,,0,1,0,0,0,0,0,0,0,0,0,Mexico,1,0,1950,1992,43.0,43.0,43,1.0,1971.0,0,0,0,0,0,1,0,1,0,0,0,0,0,0,0,0,0,0,0,0,0.053,1997,0.10526315789473684,1997,Mexico1950
1263,71,de Juan and Seater (1997),0.29000000000000004,0.15264337522473748,0,,,,,,,,,,,,0,0,0,0,0,0,0,0,0,1,0,,0,1,0,0,0,0,0,0,0,0,0,Myanmar,1,0,1950,1989,40.0,40.0,40,1.0,1969.5,0,0,0,0,0,1,0,1,0,0,0,0,0,0,0,0,0,0,0,0,0.053,1997,0.10526315789473684,1997,Myanmar1950
1264,71,de Juan and Seater (1997),-0.74,0.30528675044947495,0,,,,,,,,,,,,0,0,0,0,0,0,0,0,0,1,0,,0,1,0,0,0,0,0,0,0,0,0,Namibia,1,0,1960,1992,33.0,33.0,33,1.0,1976.0,0,0,0,0,0,1,0,1,0,0,0,0,0,0,0,0,0,0,0,0,0.053,1997,0.10526315789473684,1997,Namibia1960
1265,71,de Juan and Seater (1997),-0.020000000000000018,0.19209372712298547,0,,,,,,,,,,,,0,0,0,0,0,0,0,0,0,1,0,,0,1,0,0,0,0,0,0,0,0,0,Netherlands,1,0,1950,1992,43.0,43.0,43,1.0,1971.0,0,0,0,0,0,1,0,1,0,0,0,0,0,0,0,0,0,0,0,0,0.053,1997,0.10526315789473684,1997,Netherlands1950
1266,71,de Juan and Seater (1997),-0.13,0.19104973174542803,0,,,,,,,,,,,,0,0,0,0,0,0,0,0,0,1,0,,0,1,0,0,0,0,0,0,0,0,0,New Zealand,1,0,1950,1992,43.0,43.0,43,1.0,1971.0,0,0,0,0,0,1,0,1,0,0,0,0,0,0,0,0,0,0,0,0,0.053,1997,0.10526315789473684,1997,New Zealand1950
1267,71,de Juan and Seater (1997),-0.14,0.1984943324127921,0,,,,,,,,,,,,0,0,0,0,0,0,0,0,0,1,0,,0,1,0,0,0,0,0,0,0,0,0,Nicaragua,1,0,1950,1990,41.0,41.0,41,1.0,1970.0,0,0,0,0,0,1,0,1,0,0,0,0,0,0,0,0,0,0,0,0,0.053,1997,0.10526315789473684,1997,Nicaragua1950
1268,71,de Juan and Seater (1997),-0.020000000000000018,0.25,0,,,,,,,,,,,,0,0,0,0,0,0,0,0,0,1,0,,0,1,0,0,0,0,0,0,0,0,0,Nigeria,1,0,1950,1992,43.0,43.0,43,1.0,1971.0,0,0,0,0,0,1,0,1,0,0,0,0,0,0,0,0,0,0,0,0,0.053,1997,0.10526315789473684,1997,Nigeria1950
1269,71,de Juan and Seater (1997),0.27,0.261725046566048,0,,,,,,,,,,,,0,0,0,0,0,0,0,0,0,1,0,,0,1,0,0,0,0,0,0,0,0,0,Norway,1,0,1950,1992,43.0,43.0,43,1.0,1971.0,0,0,0,0,0,1,0,1,0,0,0,0,0,0,0,0,0,0,0,0,0.053,1997,0.10526315789473684,1997,Norway1950
1270,71,de Juan and Seater (1997),0.32000000000000006,0.16401219466856726,0,,,,,,,,,,,,0,0,0,0,0,0,0,0,0,1,0,,0,1,0,0,0,0,0,0,0,0,0,Pakistan,1,0,1950,1992,43.0,43.0,43,1.0,1971.0,0,0,0,0,0,1,0,1,0,0,0,0,0,0,0,0,0,0,0,0,0.053,1997,0.10526315789473684,1997,Pakistan1950
1271,71,de Juan and Seater (1997),-0.31999999999999995,0.26627053911388693,0,,,,,,,,,,,,0,0,0,0,0,0,0,0,0,1,0,,0,1,0,0,0,0,0,0,0,0,0,Panama,1,0,1950,1992,43.0,43.0,43,1.0,1971.0,0,0,0,0,0,1,0,1,0,0,0,0,0,0,0,0,0,0,0,0,0.053,1997,0.10526315789473684,1997,Panama1950
1272,71,de Juan and Seater (1997),-0.08999999999999997,0.20615528128088303,0,,,,,,,,,,,,0,0,0,0,0,0,0,0,0,1,0,,0,1,0,0,0,0,0,0,0,0,0,Papua New Guinea,1,0,1960,1992,33.0,33.0,33,1.0,1976.0,0,0,0,0,0,1,0,1,0,0,0,0,0,0,0,0,0,0,0,0,0.053,1997,0.10526315789473684,1997,Papua New Guinea1960
1273,71,de Juan and Seater (1997),0.45999999999999996,0.16401219466856726,0,,,,,,,,,,,,0,0,0,0,0,0,0,0,0,1,0,,0,1,0,0,0,0,0,0,0,0,0,Paraguay,1,0,1950,1992,43.0,43.0,43,1.0,1971.0,0,0,0,0,0,1,0,1,0,0,0,0,0,0,0,0,0,0,0,0,0.053,1997,0.10526315789473684,1997,Paraguay1950
1274,71,de Juan and Seater (1997),-0.22000000000000008,0.20615528128088303,0,,,,,,,,,,,,0,0,0,0,0,0,0,0,0,1,0,,0,1,0,0,0,0,0,0,0,0,0,Peru,1,0,1950,1992,43.0,43.0,43,1.0,1971.0,0,0,0,0,0,1,0,1,0,0,0,0,0,0,0,0,0,0,0,0,0.053,1997,0.10526315789473684,1997,Peru1950
1275,71,de Juan and Seater (1997),-0.5499999999999999,0.3624913792078372,0,,,,,,,,,,,,0,0,0,0,0,0,0,0,0,1,0,,0,1,0,0,0,0,0,0,0,0,0,Philippines,1,0,1950,1992,43.0,43.0,43,1.0,1971.0,0,0,0,0,0,1,0,1,0,0,0,0,0,0,0,0,0,0,0,0,0.053,1997,0.10526315789473684,1997,Philippines1950
1276,71,de Juan and Seater (1997),0.07999999999999985,0.2624880949681338,0,,,,,,,,,,,,0,0,0,0,0,0,0,0,0,1,0,,0,1,0,0,0,0,0,0,0,0,0,Portugal,1,0,1953,1990,38.0,38.0,38,1.0,1971.5,0,0,0,0,0,1,0,1,0,0,0,0,0,0,0,0,0,0,0,0,0.053,1997,0.10526315789473684,1997,Portugal1953
1277,71,de Juan and Seater (1997),-0.5100000000000001,0.4295346318982906,0,,,,,,,,,,,,0,0,0,0,0,0,0,0,0,1,0,,0,1,0,0,0,0,0,0,0,0,0,Puerto Rico,1,0,1955,1989,35.0,35.0,35,1.0,1972.0,0,0,0,0,0,1,0,1,0,0,0,0,0,0,0,0,0,0,0,0,0.053,1997,0.10526315789473684,1997,Puerto Rico1955
1278,71,de Juan and Seater (1997),0.21999999999999997,0.17088007490635063,0,,,,,,,,,,,,0,0,0,0,0,0,0,0,0,1,0,,0,1,0,0,0,0,0,0,0,0,0,Senegal,1,0,1960,1991,32.0,32.0,32,1.0,1975.5,0,0,0,0,0,1,0,1,0,0,0,0,0,0,0,0,0,0,0,0,0.053,1997,0.10526315789473684,1997,Senegal1960
1279,71,de Juan and Seater (1997),0.15000000000000002,0.2154065922853802,0,,,,,,,,,,,,0,0,0,0,0,0,0,0,0,1,0,,0,1,0,0,0,0,0,0,0,0,0,Seychelles,1,0,1960,1990,31.0,31.0,31,1.0,1975.0,0,0,0,0,0,1,0,1,0,0,0,0,0,0,0,0,0,0,0,0,0.053,1997,0.10526315789473684,1997,Seychelles1960
1280,71,de Juan and Seater (1997),-0.20999999999999996,0.32756678708318404,0,,,,,,,,,,,,0,0,0,0,0,0,0,0,0,1,0,,0,1,0,0,0,0,0,0,0,0,0,Singapore,1,0,1960,1992,33.0,33.0,33,1.0,1976.0,0,0,0,0,0,1,0,1,0,0,0,0,0,0,0,0,0,0,0,0,0.053,1997,0.10526315789473684,1997,Singapore1960
1281,71,de Juan and Seater (1997),0.04999999999999982,0.2051828452868319,0,,,,,,,,,,,,0,0,0,0,0,0,0,0,0,1,0,,0,1,0,0,0,0,0,0,0,0,0,South Africa,1,0,1950,1992,43.0,43.0,43,1.0,1971.0,0,0,0,0,0,1,0,1,0,0,0,0,0,0,0,0,0,0,0,0,0.053,1997,0.10526315789473684,1997,South Africa1950
1282,71,de Juan and Seater (1997),-0.17999999999999994,0.23600847442411893,0,,,,,,,,,,,,0,0,0,0,0,0,0,0,0,1,0,,0,1,0,0,0,0,0,0,0,0,0,Spain,1,0,1954,1992,39.0,39.0,39,1.0,1973.0,0,0,0,0,0,1,0,1,0,0,0,0,0,0,0,0,0,0,0,0,0.053,1997,0.10526315789473684,1997,Spain1954
1283,71,de Juan and Seater (1997),0.3799999999999999,0.23345235059857505,0,,,,,,,,,,,,0,0,0,0,0,0,0,0,0,1,0,,0,1,0,0,0,0,0,0,0,0,0,Suriname,1,0,1960,1989,30.0,30.0,30,1.0,1974.5,0,0,0,0,0,1,0,1,0,0,0,0,0,0,0,0,0,0,0,0,0.053,1997,0.10526315789473684,1997,Suriname1960
1284,71,de Juan and Seater (1997),-0.42999999999999994,0.291547594742265,0,,,,,,,,,,,,0,0,0,0,0,0,0,0,0,1,0,,0,1,0,0,0,0,0,0,0,0,0,Sweden,1,0,1950,1992,43.0,43.0,43,1.0,1971.0,0,0,0,0,0,1,0,1,0,0,0,0,0,0,0,0,0,0,0,0,0.053,1997,0.10526315789473684,1997,Sweden1950
1285,71,de Juan and Seater (1997),-0.5,0.20615528128088303,0,,,,,,,,,,,,0,0,0,0,0,0,0,0,0,1,0,,0,1,0,0,0,0,0,0,0,0,0,Switzerland,1,0,1950,1992,43.0,43.0,43,1.0,1971.0,0,0,0,0,0,1,0,1,0,0,0,0,0,0,0,0,0,0,0,0,0.053,1997,0.10526315789473684,1997,Switzerland1950
1286,71,de Juan and Seater (1997),0.49,0.1676305461424021,0,,,,,,,,,,,,0,0,0,0,0,0,0,0,0,1,0,,0,1,0,0,0,0,0,0,0,0,0,Syria,1,0,1960,1991,32.0,32.0,32,1.0,1975.5,0,0,0,0,0,1,0,1,0,0,0,0,0,0,0,0,0,0,0,0,0.053,1997,0.10526315789473684,1997,Syria1960
1287,71,de Juan and Seater (1997),0.04999999999999982,0.2920616373302047,0,,,,,,,,,,,,0,0,0,0,0,0,0,0,0,1,0,,0,1,0,0,0,0,0,0,0,0,0,Taiwan,1,0,1951,1990,40.0,40.0,40,1.0,1970.5,0,0,0,0,0,1,0,1,0,0,0,0,0,0,0,0,0,0,0,0,0.053,1997,0.10526315789473684,1997,Taiwan1951
1288,71,de Juan and Seater (1997),-0.19999999999999996,0.22203603311174516,0,,,,,,,,,,,,0,0,0,0,0,0,0,0,0,1,0,,0,1,0,0,0,0,0,0,0,0,0,Thailand,1,0,1950,1992,43.0,43.0,43,1.0,1971.0,0,0,0,0,0,1,0,1,0,0,0,0,0,0,0,0,0,0,0,0,0.053,1997,0.10526315789473684,1997,Thailand1950
1289,71,de Juan and Seater (1997),0.21999999999999997,0.17029386365926402,0,,,,,,,,,,,,0,0,0,0,0,0,0,0,0,1,0,,0,1,0,0,0,0,0,0,0,0,0,Trinidad and Tobago,1,0,1950,1991,42.0,42.0,42,1.0,1970.5,0,0,0,0,0,1,0,1,0,0,0,0,0,0,0,0,0,0,0,0,0.053,1997,0.10526315789473684,1997,Trinidad and Tobago1950
1290,71,de Juan and Seater (1997),0.3600000000000001,0.24839484696748443,0,,,,,,,,,,,,0,0,0,0,0,0,0,0,0,1,0,,0,1,0,0,0,0,0,0,0,0,0,Tunisia,1,0,1960,1992,33.0,33.0,33,1.0,1976.0,0,0,0,0,0,1,0,1,0,0,0,0,0,0,0,0,0,0,0,0,0.053,1997,0.10526315789473684,1997,Tunisia1960
1291,71,de Juan and Seater (1997),0.050000000000000044,0.16401219466856726,0,,,,,,,,,,,,0,0,0,0,0,0,0,0,0,1,0,,0,1,0,0,0,0,0,0,0,0,0,Turkey,1,0,1950,1992,43.0,43.0,43,1.0,1971.0,0,0,0,0,0,1,0,1,0,0,0,0,0,0,0,0,0,0,0,0,0.053,1997,0.10526315789473684,1997,Turkey1950
1292,71,de Juan and Seater (1997),0.08000000000000007,0.18439088914585774,0,,,,,,,,,,,,0,0,0,0,0,0,0,0,0,1,0,,0,1,0,0,0,0,0,0,0,0,0,UK,1,0,1950,1992,43.0,43.0,43,1.0,1971.0,0,0,0,0,0,1,0,1,0,0,0,0,0,0,0,0,0,0,0,0,0.053,1997,0.10526315789473684,1997,UK1950
1293,71,de Juan and Seater (1997),-0.17000000000000004,0.17029386365926402,0,,,,,,,,,,,,0,0,0,0,0,0,0,0,0,1,0,,0,1,0,0,0,0,0,0,0,0,0,USA,1,0,1950,1992,43.0,43.0,43,1.0,1971.0,0,0,0,0,0,1,0,1,0,0,0,0,0,0,0,0,0,0,0,0,0.053,1997,0.10526315789473684,1997,USA1950
1294,71,de Juan and Seater (1997),-0.010000000000000009,0.17691806012954134,0,,,,,,,,,,,,0,0,0,0,0,0,0,0,0,1,0,,0,1,0,0,0,0,0,0,0,0,0,Uruguay,1,0,1950,1992,43.0,43.0,43,1.0,1971.0,0,0,0,0,0,1,0,1,0,0,0,0,0,0,0,0,0,0,0,0,0.053,1997,0.10526315789473684,1997,Uruguay1950
1295,71,de Juan and Seater (1997),-0.20000000000000007,0.25495097567963926,0,,,,,,,,,,,,0,0,0,0,0,0,0,0,0,1,0,,0,1,0,0,0,0,0,0,0,0,0,Venezuela,1,0,1950,1992,43.0,43.0,43,1.0,1971.0,0,0,0,0,0,1,0,1,0,0,0,0,0,0,0,0,0,0,0,0,0.053,1997,0.10526315789473684,1997,Venezuela1950
1296,71,de Juan and Seater (1997),0.19999999999999996,0.18027756377319948,0,,,,,,,,,,,,0,0,0,0,0,0,0,0,0,1,0,,0,1,0,0,0,0,0,0,0,0,0,Zambia,1,0,1955,1991,37.0,37.0,37,1.0,1973.0,0,0,0,0,0,1,0,1,0,0,0,0,0,0,0,0,0,0,0,0,0.053,1997,0.10526315789473684,1997,Zambia1955
1297,71,de Juan and Seater (1997),0.1299999999999999,0.2051828452868319,0,,,,,,,,,,,,0,0,0,0,0,0,0,0,0,1,0,,0,1,0,0,0,0,0,0,0,0,0,Zimbabwe,1,0,1954,1992,39.0,39.0,39,1.0,1973.0,0,0,0,0,0,1,0,1,0,0,0,0,0,0,0,0,0,0,0,0,0.053,1997,0.10526315789473684,1997,Zimbabwe1954
1298,71,de Juan and Seater (1997),0.9400000000000001,0.7569015788066503,0,,,,,,,,,,,,0,0,0,0,0,0,0,0,0,1,0,,0,1,0,0,0,0,0,0,0,0,0,Algeria,1,0,1960,1992,33.0,33.0,33,1.0,1976.0,0,0,0,0,0,1,0,1,0,0,0,0,0,0,0,0,0,0,0,0,0.053,1997,0.10526315789473684,1997,Algeria1960
1299,71,de Juan and Seater (1997),0.26,0.9489467845985885,0,,,,,,,,,,,,0,0,0,0,0,0,0,0,0,1,0,,0,1,0,0,0,0,0,0,0,0,0,Argentina,1,0,1950,1990,41.0,41.0,41,1.0,1970.0,0,0,0,0,0,1,0,1,0,0,0,0,0,0,0,0,0,0,0,0,0.053,1997,0.10526315789473684,1997,Argentina1950
1300,71,de Juan and Seater (1997),0.43,0.23021728866442678,0,,,,,,,,,,,,0,0,0,0,0,0,0,0,0,1,0,,0,1,0,0,0,0,0,0,0,0,0,Australia,1,0,1950,1992,43.0,43.0,43,1.0,1971.0,0,0,0,0,0,1,0,1,0,0,0,0,0,0,0,0,0,0,0,0,0.053,1997,0.10526315789473684,1997,Australia1950
1301,71,de Juan and Seater (1997),0.17000000000000004,1.6776471619503308,0,,,,,,,,,,,,0,0,0,0,0,0,0,0,0,1,0,,0,1,0,0,0,0,0,0,0,0,0,Austria,1,0,1950,1992,43.0,43.0,43,1.0,1971.0,0,0,0,0,0,1,0,1,0,0,0,0,0,0,0,0,0,0,0,0,0.053,1997,0.10526315789473684,1997,Austria1950
1302,71,de Juan and Seater (1997),0.6600000000000001,0.36769552621700474,0,,,,,,,,,,,,0,0,0,0,0,0,0,0,0,1,0,,0,1,0,0,0,0,0,0,0,0,0,Bangladesh,1,0,1959,1992,34.0,34.0,34,1.0,1975.5,0,0,0,0,0,1,0,1,0,0,0,0,0,0,0,0,0,0,0,0,0.053,1997,0.10526315789473684,1997,Bangladesh1959
1303,71,de Juan and Seater (1997),0.91,0.4219004621945797,0,,,,,,,,,,,,0,0,0,0,0,0,0,0,0,1,0,,0,1,0,0,0,0,0,0,0,0,0,Barbados,1,0,1960,1989,30.0,30.0,30,1.0,1974.5,0,0,0,0,0,1,0,1,0,0,0,0,0,0,0,0,0,0,0,0,0.053,1997,0.10526315789473684,1997,Barbados1960
1304,71,de Juan and Seater (1997),0.41000000000000003,0.5124451190127582,0,,,,,,,,,,,,0,0,0,0,0,0,0,0,0,1,0,,0,1,0,0,0,0,0,0,0,0,0,Belgium,1,0,1950,1992,43.0,43.0,43,1.0,1971.0,0,0,0,0,0,1,0,1,0,0,0,0,0,0,0,0,0,0,0,0,0.053,1997,0.10526315789473684,1997,Belgium1950
1305,71,de Juan and Seater (1997),0.51,0.4308131845707604,0,,,,,,,,,,,,0,0,0,0,0,0,0,0,0,1,0,,0,1,0,0,0,0,0,0,0,0,0,Bolivia,1,0,1950,1992,43.0,43.0,43,1.0,1971.0,0,0,0,0,0,1,0,1,0,0,0,0,0,0,0,0,0,0,0,0,0.053,1997,0.10526315789473684,1997,Bolivia1950
1306,71,de Juan and Seater (1997),0.71,0.5331041174104736,0,,,,,,,,,,,,0,0,0,0,0,0,0,0,0,1,0,,0,1,0,0,0,0,0,0,0,0,0,Botswana,1,0,1960,1989,30.0,30.0,30,1.0,1974.5,0,0,0,0,0,1,0,1,0,0,0,0,0,0,0,0,0,0,0,0,0.053,1997,0.10526315789473684,1997,Botswana1960
1307,71,de Juan and Seater (1997),0.040000000000000036,1.7249057945290809,0,,,,,,,,,,,,0,0,0,0,0,0,0,0,0,1,0,,0,1,0,0,0,0,0,0,0,0,0,Brazil,1,0,1955,1992,38.0,38.0,38,1.0,1973.5,0,0,0,0,0,1,0,1,0,0,0,0,0,0,0,0,0,0,0,0,0.053,1997,0.10526315789473684,1997,Brazil1955
1308,71,de Juan and Seater (1997),0.47,0.3361547262794322,0,,,,,,,,,,,,0,0,0,0,0,0,0,0,0,1,0,,0,1,0,0,0,0,0,0,0,0,0,Canada,1,0,1950,1992,43.0,43.0,43,1.0,1971.0,0,0,0,0,0,1,0,1,0,0,0,0,0,0,0,0,0,0,0,0,0.053,1997,0.10526315789473684,1997,Canada1950
1309,71,de Juan and Seater (1997),0.85,0.2830194339616981,0,,,,,,,,,,,,0,0,0,0,0,0,0,0,0,1,0,,0,1,0,0,0,0,0,0,0,0,0,Cape Verde,1,0,1960,1992,33.0,33.0,33,1.0,1976.0,0,0,0,0,0,1,0,1,0,0,0,0,0,0,0,0,0,0,0,0,0.053,1997,0.10526315789473684,1997,Cape Verde1960
1310,71,de Juan and Seater (1997),1.21,0.3807886552931954,0,,,,,,,,,,,,0,0,0,0,0,0,0,0,0,1,0,,0,1,0,0,0,0,0,0,0,0,0,Chile,1,0,1957,1992,36.0,36.0,36,1.0,1974.5,0,0,0,0,0,1,0,1,0,0,0,0,0,0,0,0,0,0,0,0,0.053,1997,0.10526315789473684,1997,Chile1957
1311,71,de Juan and Seater (1997),0.4600000000000001,0.6530696746902278,0,,,,,,,,,,,,0,0,0,0,0,0,0,0,0,1,0,,0,1,0,0,0,0,0,0,0,0,0,Colombia,1,0,1950,1992,43.0,43.0,43,1.0,1971.0,0,0,0,0,0,1,0,1,0,0,0,0,0,0,0,0,0,0,0,0,0.053,1997,0.10526315789473684,1997,Colombia1950
1312,71,de Juan and Seater (1997),0.94,0.2051828452868319,0,,,,,,,,,,,,0,0,0,0,0,0,0,0,0,1,0,,0,1,0,0,0,0,0,0,0,0,0,Comoros,1,0,1960,1993,34.0,34.0,34,1.0,1976.5,0,0,0,0,0,1,0,1,0,0,0,0,0,0,0,0,0,0,0,0,0.053,1997,0.10526315789473684,1997,Comoros1960
1313,71,de Juan and Seater (1997),0.43000000000000005,0.6649060083951717,0,,,,,,,,,,,,0,0,0,0,0,0,0,0,0,1,0,,0,1,0,0,0,0,0,0,0,0,0,Costa Rica,1,0,1950,1992,43.0,43.0,43,1.0,1971.0,0,0,0,0,0,1,0,1,0,0,0,0,0,0,0,0,0,0,0,0,0.053,1997,0.10526315789473684,1997,Costa Rica1950
1314,71,de Juan and Seater (1997),0.55,0.2280350850198276,0,,,,,,,,,,,,0,0,0,0,0,0,0,0,0,1,0,,0,1,0,0,0,0,0,0,0,0,0,Cyprus,1,0,1950,1992,43.0,43.0,43,1.0,1971.0,0,0,0,0,0,1,0,1,0,0,0,0,0,0,0,0,0,0,0,0,0.053,1997,0.10526315789473684,1997,Cyprus1950
1315,71,de Juan and Seater (1997),0.19999999999999996,0.5675385449465085,0,,,,,,,,,,,,0,0,0,0,0,0,0,0,0,1,0,,0,1,0,0,0,0,0,0,0,0,0,Denmark,1,0,1950,1992,43.0,43.0,43,1.0,1971.0,0,0,0,0,0,1,0,1,0,0,0,0,0,0,0,0,0,0,0,0,0.053,1997,0.10526315789473684,1997,Denmark1950
1316,71,de Juan and Seater (1997),0.51,0.5166236541235796,0,,,,,,,,,,,,0,0,0,0,0,0,0,0,0,1,0,,0,1,0,0,0,0,0,0,0,0,0,Dominican Republic,1,0,1950,1992,43.0,43.0,43,1.0,1971.0,0,0,0,0,0,1,0,1,0,0,0,0,0,0,0,0,0,0,0,0,0.053,1997,0.10526315789473684,1997,Dominican Republic1950
1317,71,de Juan and Seater (1997),-0.010000000000000009,1.0295630140987,0,,,,,,,,,,,,0,0,0,0,0,0,0,0,0,1,0,,0,1,0,0,0,0,0,0,0,0,0,Ecuador,1,0,1950,1992,43.0,43.0,43,1.0,1971.0,0,0,0,0,0,1,0,1,0,0,0,0,0,0,0,0,0,0,0,0,0.053,1997,0.10526315789473684,1997,Ecuador1950
1318,71,de Juan and Seater (1997),0.43000000000000005,0.9701546268507922,0,,,,,,,,,,,,0,0,0,0,0,0,0,0,0,1,0,,0,1,0,0,0,0,0,0,0,0,0,El Salvador,1,0,1950,1992,43.0,43.0,43,1.0,1971.0,0,0,0,0,0,1,0,1,0,0,0,0,0,0,0,0,0,0,0,0,0.053,1997,0.10526315789473684,1997,El Salvador1950
1319,71,de Juan and Seater (1997),0.26,1.1187939935484104,0,,,,,,,,,,,,0,0,0,0,0,0,0,0,0,1,0,,0,1,0,0,0,0,0,0,0,0,0,Ethiopia,1,0,1950,1992,43.0,43.0,43,1.0,1971.0,0,0,0,0,0,1,0,1,0,0,0,0,0,0,0,0,0,0,0,0,0.053,1997,0.10526315789473684,1997,Ethiopia1950
1320,71,de Juan and Seater (1997),0.59,0.6791170738539858,0,,,,,,,,,,,,0,0,0,0,0,0,0,0,0,1,0,,0,1,0,0,0,0,0,0,0,0,0,Fiji,1,0,1960,1990,31.0,31.0,31,1.0,1975.0,0,0,0,0,0,1,0,1,0,0,0,0,0,0,0,0,0,0,0,0,0.053,1997,0.10526315789473684,1997,Fiji1960
1321,71,de Juan and Seater (1997),0.38000000000000006,0.39924929555354255,0,,,,,,,,,,,,0,0,0,0,0,0,0,0,0,1,0,,0,1,0,0,0,0,0,0,0,0,0,Finland,1,0,1950,1992,43.0,43.0,43,1.0,1971.0,0,0,0,0,0,1,0,1,0,0,0,0,0,0,0,0,0,0,0,0,0.053,1997,0.10526315789473684,1997,Finland1950
1322,71,de Juan and Seater (1997),-0.020000000000000018,2.5556603843233945,0,,,,,,,,,,,,0,0,0,0,0,0,0,0,0,1,0,,0,1,0,0,0,0,0,0,0,0,0,France,1,0,1950,1992,43.0,43.0,43,1.0,1971.0,0,0,0,0,0,1,0,1,0,0,0,0,0,0,0,0,0,0,0,0,0.053,1997,0.10526315789473684,1997,France1950
1323,71,de Juan and Seater (1997),-0.39999999999999997,1.3619471355379402,0,,,,,,,,,,,,0,0,0,0,0,0,0,0,0,1,0,,0,1,0,0,0,0,0,0,0,0,0,Gabon,1,0,1960,1992,33.0,33.0,33,1.0,1976.0,0,0,0,0,0,1,0,1,0,0,0,0,0,0,0,0,0,0,0,0,0.053,1997,0.10526315789473684,1997,Gabon1960
1324,71,de Juan and Seater (1997),0.55,0.5852349955359812,0,,,,,,,,,,,,0,0,0,0,0,0,0,0,0,1,0,,0,1,0,0,0,0,0,0,0,0,0,Germany,1,0,1950,1992,43.0,43.0,43,1.0,1971.0,0,0,0,0,0,1,0,1,0,0,0,0,0,0,0,0,0,0,0,0,0.053,1997,0.10526315789473684,1997,Germany1950
1325,71,de Juan and Seater (1997),-0.12,2.405327420539665,0,,,,,,,,,,,,0,0,0,0,0,0,0,0,0,1,0,,0,1,0,0,0,0,0,0,0,0,0,Greece,1,0,1950,1991,42.0,42.0,42,1.0,1970.5,0,0,0,0,0,1,0,1,0,0,0,0,0,0,0,0,0,0,0,0,0.053,1997,0.10526315789473684,1997,Greece1950
1326,71,de Juan and Seater (1997),0.1100000000000001,1.4856984889270097,0,,,,,,,,,,,,0,0,0,0,0,0,0,0,0,1,0,,0,1,0,0,0,0,0,0,0,0,0,Guatemala,1,0,1950,1992,43.0,43.0,43,1.0,1971.0,0,0,0,0,0,1,0,1,0,0,0,0,0,0,0,0,0,0,0,0,0.053,1997,0.10526315789473684,1997,Guatemala1950
1327,71,de Juan and Seater (1997),0.59,0.26925824035672524,0,,,,,,,,,,,,0,0,0,0,0,0,0,0,0,1,0,,0,1,0,0,0,0,0,0,0,0,0,Guyana,1,0,1950,1990,41.0,41.0,41,1.0,1970.0,0,0,0,0,0,1,0,1,0,0,0,0,0,0,0,0,0,0,0,0,0.053,1997,0.10526315789473684,1997,Guyana1950
1328,71,de Juan and Seater (1997),0.56,0.5316013544000805,0,,,,,,,,,,,,0,0,0,0,0,0,0,0,0,1,0,,0,1,0,0,0,0,0,0,0,0,0,Haiti,1,0,1960,1989,30.0,30.0,30,1.0,1974.5,0,0,0,0,0,1,0,1,0,0,0,0,0,0,0,0,0,0,0,0,0.053,1997,0.10526315789473684,1997,Haiti1960
1329,71,de Juan and Seater (1997),0.43,0.3862641583165593,0,,,,,,,,,,,,0,0,0,0,0,0,0,0,0,1,0,,0,1,0,0,0,0,0,0,0,0,0,Honduras,1,0,1950,1992,43.0,43.0,43,1.0,1971.0,0,0,0,0,0,1,0,1,0,0,0,0,0,0,0,0,0,0,0,0,0.053,1997,0.10526315789473684,1997,Honduras1950
1330,71,de Juan and Seater (1997),1.3900000000000001,0.22561028345356957,0,,,,,,,,,,,,0,0,0,0,0,0,0,0,0,1,0,,0,1,0,0,0,0,0,0,0,0,0,Hong Kong,1,0,1960,1992,33.0,33.0,33,1.0,1976.0,0,0,0,0,0,1,0,1,0,0,0,0,0,0,0,0,0,0,0,0,0.053,1997,0.10526315789473684,1997,Hong Kong1960
1331,71,de Juan and Seater (1997),0.6699999999999999,0.4743416490252569,0,,,,,,,,,,,,0,0,0,0,0,0,0,0,0,1,0,,0,1,0,0,0,0,0,0,0,0,0,Iceland,1,0,1950,1992,43.0,43.0,43,1.0,1971.0,0,0,0,0,0,1,0,1,0,0,0,0,0,0,0,0,0,0,0,0,0.053,1997,0.10526315789473684,1997,Iceland1950
1332,71,de Juan and Seater (1997),0.52,0.5,0,,,,,,,,,,,,0,0,0,0,0,0,0,0,0,1,0,,0,1,0,0,0,0,0,0,0,0,0,India,1,0,1950,1992,43.0,43.0,43,1.0,1971.0,0,0,0,0,0,1,0,1,0,0,0,0,0,0,0,0,0,0,0,0,0.053,1997,0.10526315789473684,1997,India1950
1333,71,de Juan and Seater (1997),0.76,0.3,0,,,,,,,,,,,,0,0,0,0,0,0,0,0,0,1,0,,0,1,0,0,0,0,0,0,0,0,0,Indonesia,1,0,1960,1992,33.0,33.0,33,1.0,1976.0,0,0,0,0,0,1,0,1,0,0,0,0,0,0,0,0,0,0,0,0,0.053,1997,0.10526315789473684,1997,Indonesia1960
1334,71,de Juan and Seater (1997),0.5399999999999999,0.24839484696748443,0,,,,,,,,,,,,0,0,0,0,0,0,0,0,0,1,0,,0,1,0,0,0,0,0,0,0,0,0,Iraq,1,0,1953,1987,35.0,35.0,35,1.0,1970.0,0,0,0,0,0,1,0,1,0,0,0,0,0,0,0,0,0,0,0,0,0.053,1997,0.10526315789473684,1997,Iraq1953
1335,71,de Juan and Seater (1997),0.48000000000000004,0.39395431207184417,0,,,,,,,,,,,,0,0,0,0,0,0,0,0,0,1,0,,0,1,0,0,0,0,0,0,0,0,0,Ireland,1,0,1950,1992,43.0,43.0,43,1.0,1971.0,0,0,0,0,0,1,0,1,0,0,0,0,0,0,0,0,0,0,0,0,0.053,1997,0.10526315789473684,1997,Ireland1950
1336,71,de Juan and Seater (1997),0.39999999999999997,0.161245154965971,0,,,,,,,,,,,,0,0,0,0,0,0,0,0,0,1,0,,0,1,0,0,0,0,0,0,0,0,0,Israel,1,0,1953,1992,40.0,40.0,40,1.0,1972.5,0,0,0,0,0,1,0,1,0,0,0,0,0,0,0,0,0,0,0,0,0.053,1997,0.10526315789473684,1997,Israel1953
1337,71,de Juan and Seater (1997),0.4600000000000001,0.904267659490264,0,,,,,,,,,,,,0,0,0,0,0,0,0,0,0,1,0,,0,1,0,0,0,0,0,0,0,0,0,Italy,1,0,1950,1992,43.0,43.0,43,1.0,1971.0,0,0,0,0,0,1,0,1,0,0,0,0,0,0,0,0,0,0,0,0,0.053,1997,0.10526315789473684,1997,Italy1950
1338,71,de Juan and Seater (1997),0.35,1.5085091978506462,0,,,,,,,,,,,,0,0,0,0,0,0,0,0,0,1,0,,0,1,0,0,0,0,0,0,0,0,0,Ivory Coast,1,0,1960,1992,33.0,33.0,33,1.0,1976.0,0,0,0,0,0,1,0,1,0,0,0,0,0,0,0,0,0,0,0,0,0.053,1997,0.10526315789473684,1997,Ivory Coast1960
1339,71,de Juan and Seater (1997),0.6799999999999999,0.9141115905621151,0,,,,,,,,,,,,0,0,0,0,0,0,0,0,0,1,0,,0,1,0,0,0,0,0,0,0,0,0,Jamaica,1,0,1953,1991,39.0,39.0,39,1.0,1972.0,0,0,0,0,0,1,0,1,0,0,0,0,0,0,0,0,0,0,0,0,0.053,1997,0.10526315789473684,1997,Jamaica1953
1340,71,de Juan and Seater (1997),0.06999999999999984,2.7359276306218336,0,,,,,,,,,,,,0,0,0,0,0,0,0,0,0,1,0,,0,1,0,0,0,0,0,0,0,0,0,Japan,1,0,1950,1992,43.0,43.0,43,1.0,1971.0,0,0,0,0,0,1,0,1,0,0,0,0,0,0,0,0,0,0,0,0,0.053,1997,0.10526315789473684,1997,Japan1950
1341,71,de Juan and Seater (1997),0.49,0.3956008088970496,0,,,,,,,,,,,,0,0,0,0,0,0,0,0,0,1,0,,0,1,0,0,0,0,0,0,0,0,0,Jordan,1,0,1954,1990,37.0,37.0,37,1.0,1972.0,0,0,0,0,0,1,0,1,0,0,0,0,0,0,0,0,0,0,0,0,0.053,1997,0.10526315789473684,1997,Jordan1954
1342,71,de Juan and Seater (1997),0.96,0.2051828452868319,0,,,,,,,,,,,,0,0,0,0,0,0,0,0,0,1,0,,0,1,0,0,0,0,0,0,0,0,0,Kenya,1,0,1950,1992,43.0,43.0,43,1.0,1971.0,0,0,0,0,0,1,0,1,0,0,0,0,0,0,0,0,0,0,0,0,0.053,1997,0.10526315789473684,1997,Kenya1950
1343,71,de Juan and Seater (1997),0.6399999999999999,0.5470831746635972,0,,,,,,,,,,,,0,0,0,0,0,0,0,0,0,1,0,,0,1,0,0,0,0,0,0,0,0,0,Korea,1,0,1953,1991,39.0,39.0,39,1.0,1972.0,0,0,0,0,0,1,0,1,0,0,0,0,0,0,0,0,0,0,0,0,0.053,1997,0.10526315789473684,1997,Korea1953
1344,71,de Juan and Seater (1997),0.1,0.18027756377319948,0,,,,,,,,,,,,0,0,0,0,0,0,0,0,0,1,0,,0,1,0,0,0,0,0,0,0,0,0,Luxembourg,1,0,1950,1992,43.0,43.0,43,1.0,1971.0,0,0,0,0,0,1,0,1,0,0,0,0,0,0,0,0,0,0,0,0,0.053,1997,0.10526315789473684,1997,Luxembourg1950
1345,71,de Juan and Seater (1997),0.49,0.5846366392897386,0,,,,,,,,,,,,0,0,0,0,0,0,0,0,0,1,0,,0,1,0,0,0,0,0,0,0,0,0,Malawi,1,0,1954,1992,39.0,39.0,39,1.0,1973.0,0,0,0,0,0,1,0,1,0,0,0,0,0,0,0,0,0,0,0,0,0.053,1997,0.10526315789473684,1997,Malawi1954
1346,71,de Juan and Seater (1997),0.68,0.3001666203960727,0,,,,,,,,,,,,0,0,0,0,0,0,0,0,0,1,0,,0,1,0,0,0,0,0,0,0,0,0,Malaysia,1,0,1955,1992,38.0,38.0,38,1.0,1973.5,0,0,0,0,0,1,0,1,0,0,0,0,0,0,0,0,0,0,0,0,0.053,1997,0.10526315789473684,1997,Malaysia1955
1347,71,de Juan and Seater (1997),0.6700000000000002,0.39924929555354255,0,,,,,,,,,,,,0,0,0,0,0,0,0,0,0,1,0,,0,1,0,0,0,0,0,0,0,0,0,Mali,1,0,1960,1991,32.0,32.0,32,1.0,1975.5,0,0,0,0,0,1,0,1,0,0,0,0,0,0,0,0,0,0,0,0,0.053,1997,0.10526315789473684,1997,Mali1960
1348,71,de Juan and Seater (1997),0.3999999999999999,1.213424904969401,0,,,,,,,,,,,,0,0,0,0,0,0,0,0,0,1,0,,0,1,0,0,0,0,0,0,0,0,0,Malta,1,0,1954,1989,36.0,36.0,36,1.0,1971.5,0,0,0,0,0,1,0,1,0,0,0,0,0,0,0,0,0,0,0,0,0.053,1997,0.10526315789473684,1997,Malta1954
1349,71,de Juan and Seater (1997),0.3900000000000001,0.7513321502504734,0,,,,,,,,,,,,0,0,0,0,0,0,0,0,0,1,0,,0,1,0,0,0,0,0,0,0,0,0,Mexico,1,0,1950,1992,43.0,43.0,43,1.0,1971.0,0,0,0,0,0,1,0,1,0,0,0,0,0,0,0,0,0,0,0,0,0.053,1997,0.10526315789473684,1997,Mexico1950
1350,71,de Juan and Seater (1997),0.8199999999999998,0.25553864678361277,0,,,,,,,,,,,,0,0,0,0,0,0,0,0,0,1,0,,0,1,0,0,0,0,0,0,0,0,0,Myanmar,1,0,1950,1989,40.0,40.0,40,1.0,1969.5,0,0,0,0,0,1,0,1,0,0,0,0,0,0,0,0,0,0,0,0,0.053,1997,0.10526315789473684,1997,Myanmar1950
1351,71,de Juan and Seater (1997),0.07,0.5661271941887265,0,,,,,,,,,,,,0,0,0,0,0,0,0,0,0,1,0,,0,1,0,0,0,0,0,0,0,0,0,Namibia,1,0,1960,1992,33.0,33.0,33,1.0,1976.0,0,0,0,0,0,1,0,1,0,0,0,0,0,0,0,0,0,0,0,0,0.053,1997,0.10526315789473684,1997,Namibia1960
1352,71,de Juan and Seater (1997),0.16000000000000003,0.9124143795447329,0,,,,,,,,,,,,0,0,0,0,0,0,0,0,0,1,0,,0,1,0,0,0,0,0,0,0,0,0,Netherlands,1,0,1950,1992,43.0,43.0,43,1.0,1971.0,0,0,0,0,0,1,0,1,0,0,0,0,0,0,0,0,0,0,0,0,0.053,1997,0.10526315789473684,1997,Netherlands1950
1353,71,de Juan and Seater (1997),0.44000000000000006,0.4838388161361178,0,,,,,,,,,,,,0,0,0,0,0,0,0,0,0,1,0,,0,1,0,0,0,0,0,0,0,0,0,New Zealand,1,0,1950,1992,43.0,43.0,43,1.0,1971.0,0,0,0,0,0,1,0,1,0,0,0,0,0,0,0,0,0,0,0,0,0.053,1997,0.10526315789473684,1997,New Zealand1950
1354,71,de Juan and Seater (1997),0.13,1.2467958934805647,0,,,,,,,,,,,,0,0,0,0,0,0,0,0,0,1,0,,0,1,0,0,0,0,0,0,0,0,0,Nicaragua,1,0,1950,1990,41.0,41.0,41,1.0,1970.0,0,0,0,0,0,1,0,1,0,0,0,0,0,0,0,0,0,0,0,0,0.053,1997,0.10526315789473684,1997,Nicaragua1950
1355,71,de Juan and Seater (1997),0.73,0.43657759905886145,0,,,,,,,,,,,,0,0,0,0,0,0,0,0,0,1,0,,0,1,0,0,0,0,0,0,0,0,0,Nigeria,1,0,1950,1992,43.0,43.0,43,1.0,1971.0,0,0,0,0,0,1,0,1,0,0,0,0,0,0,0,0,0,0,0,0,0.053,1997,0.10526315789473684,1997,Nigeria1950
1356,71,de Juan and Seater (1997),0.8200000000000001,0.5818934610390463,0,,,,,,,,,,,,0,0,0,0,0,0,0,0,0,1,0,,0,1,0,0,0,0,0,0,0,0,0,Norway,1,0,1950,1992,43.0,43.0,43,1.0,1971.0,0,0,0,0,0,1,0,1,0,0,0,0,0,0,0,0,0,0,0,0,0.053,1997,0.10526315789473684,1997,Norway1950
1357,71,de Juan and Seater (1997),0.8499999999999999,0.44922154890432403,0,,,,,,,,,,,,0,0,0,0,0,0,0,0,0,1,0,,0,1,0,0,0,0,0,0,0,0,0,Pakistan,1,0,1950,1992,43.0,43.0,43,1.0,1971.0,0,0,0,0,0,1,0,1,0,0,0,0,0,0,0,0,0,0,0,0,0.053,1997,0.10526315789473684,1997,Pakistan1950
1358,71,de Juan and Seater (1997),0.25,0.8747571091451615,0,,,,,,,,,,,,0,0,0,0,0,0,0,0,0,1,0,,0,1,0,0,0,0,0,0,0,0,0,Panama,1,0,1950,1992,43.0,43.0,43,1.0,1971.0,0,0,0,0,0,1,0,1,0,0,0,0,0,0,0,0,0,0,0,0,0.053,1997,0.10526315789473684,1997,Panama1950
1359,71,de Juan and Seater (1997),0.5,0.4308131845707604,0,,,,,,,,,,,,0,0,0,0,0,0,0,0,0,1,0,,0,1,0,0,0,0,0,0,0,0,0,Papua New Guinea,1,0,1960,1992,33.0,33.0,33,1.0,1976.0,0,0,0,0,0,1,0,1,0,0,0,0,0,0,0,0,0,0,0,0,0.053,1997,0.10526315789473684,1997,Papua New Guinea1960
1360,71,de Juan and Seater (1997),0.9,0.5554277630799527,0,,,,,,,,,,,,0,0,0,0,0,0,0,0,0,1,0,,0,1,0,0,0,0,0,0,0,0,0,Paraguay,1,0,1950,1992,43.0,43.0,43,1.0,1971.0,0,0,0,0,0,1,0,1,0,0,0,0,0,0,0,0,0,0,0,0,0.053,1997,0.10526315789473684,1997,Paraguay1950
1361,71,de Juan and Seater (1997),0.019999999999999907,1.2965338406690357,0,,,,,,,,,,,,0,0,0,0,0,0,0,0,0,1,0,,0,1,0,0,0,0,0,0,0,0,0,Peru,1,0,1950,1992,43.0,43.0,43,1.0,1971.0,0,0,0,0,0,1,0,1,0,0,0,0,0,0,0,0,0,0,0,0,0.053,1997,0.10526315789473684,1997,Peru1950
1362,71,de Juan and Seater (1997),0.06999999999999995,1.17957619508025,0,,,,,,,,,,,,0,0,0,0,0,0,0,0,0,1,0,,0,1,0,0,0,0,0,0,0,0,0,Philippines,1,0,1950,1992,43.0,43.0,43,1.0,1971.0,0,0,0,0,0,1,0,1,0,0,0,0,0,0,0,0,0,0,0,0,0.053,1997,0.10526315789473684,1997,Philippines1950
1363,71,de Juan and Seater (1997),0.5399999999999999,0.996393496566492,0,,,,,,,,,,,,0,0,0,0,0,0,0,0,0,1,0,,0,1,0,0,0,0,0,0,0,0,0,Portugal,1,0,1953,1990,38.0,38.0,38,1.0,1971.5,0,0,0,0,0,1,0,1,0,0,0,0,0,0,0,0,0,0,0,0,0.053,1997,0.10526315789473684,1997,Portugal1953
1364,71,de Juan and Seater (1997),0.26,1.0768936809174805,0,,,,,,,,,,,,0,0,0,0,0,0,0,0,0,1,0,,0,1,0,0,0,0,0,0,0,0,0,Puerto Rico,1,0,1955,1989,35.0,35.0,35,1.0,1972.0,0,0,0,0,0,1,0,1,0,0,0,0,0,0,0,0,0,0,0,0,0.053,1997,0.10526315789473684,1997,Puerto Rico1955
1365,71,de Juan and Seater (1997),0.78,0.2024845673131659,0,,,,,,,,,,,,0,0,0,0,0,0,0,0,0,1,0,,0,1,0,0,0,0,0,0,0,0,0,Senegal,1,0,1960,1991,32.0,32.0,32,1.0,1975.5,0,0,0,0,0,1,0,1,0,0,0,0,0,0,0,0,0,0,0,0,0.053,1997,0.10526315789473684,1997,Senegal1960
1366,71,de Juan and Seater (1997),0.79,0.2340939982143925,0,,,,,,,,,,,,0,0,0,0,0,0,0,0,0,1,0,,0,1,0,0,0,0,0,0,0,0,0,Seychelles,1,0,1960,1990,31.0,31.0,31,1.0,1975.0,0,0,0,0,0,1,0,1,0,0,0,0,0,0,0,0,0,0,0,0,0.053,1997,0.10526315789473684,1997,Seychelles1960
1367,71,de Juan and Seater (1997),0.27,1.3705838172107536,0,,,,,,,,,,,,0,0,0,0,0,0,0,0,0,1,0,,0,1,0,0,0,0,0,0,0,0,0,Singapore,1,0,1960,1992,33.0,33.0,33,1.0,1976.0,0,0,0,0,0,1,0,1,0,0,0,0,0,0,0,0,0,0,0,0,0.053,1997,0.10526315789473684,1997,Singapore1960
1368,71,de Juan and Seater (1997),0.21999999999999997,1.734877517290486,0,,,,,,,,,,,,0,0,0,0,0,0,0,0,0,1,0,,0,1,0,0,0,0,0,0,0,0,0,South Africa,1,0,1950,1992,43.0,43.0,43,1.0,1971.0,0,0,0,0,0,1,0,1,0,0,0,0,0,0,0,0,0,0,0,0,0.053,1997,0.10526315789473684,1997,South Africa1950
1369,71,de Juan and Seater (1997),0.20999999999999996,1.2081390648431165,0,,,,,,,,,,,,0,0,0,0,0,0,0,0,0,1,0,,0,1,0,0,0,0,0,0,0,0,0,Spain,1,0,1954,1992,39.0,39.0,39,1.0,1973.0,0,0,0,0,0,1,0,1,0,0,0,0,0,0,0,0,0,0,0,0,0.053,1997,0.10526315789473684,1997,Spain1954
1370,71,de Juan and Seater (1997),1.0,0.49648766349225637,0,,,,,,,,,,,,0,0,0,0,0,0,0,0,0,1,0,,0,1,0,0,0,0,0,0,0,0,0,Suriname,1,0,1960,1989,30.0,30.0,30,1.0,1974.5,0,0,0,0,0,1,0,1,0,0,0,0,0,0,0,0,0,0,0,0,0.053,1997,0.10526315789473684,1997,Suriname1960
1371,71,de Juan and Seater (1997),-0.06000000000000005,1.4477914214416383,0,,,,,,,,,,,,0,0,0,0,0,0,0,0,0,1,0,,0,1,0,0,0,0,0,0,0,0,0,Sweden,1,0,1950,1992,43.0,43.0,43,1.0,1971.0,0,0,0,0,0,1,0,1,0,0,0,0,0,0,0,0,0,0,0,0,0.053,1997,0.10526315789473684,1997,Sweden1950
1372,71,de Juan and Seater (1997),0.0,0.623698645180507,0,,,,,,,,,,,,0,0,0,0,0,0,0,0,0,1,0,,0,1,0,0,0,0,0,0,0,0,0,Switzerland,1,0,1950,1992,43.0,43.0,43,1.0,1971.0,0,0,0,0,0,1,0,1,0,0,0,0,0,0,0,0,0,0,0,0,0.053,1997,0.10526315789473684,1997,Switzerland1950
1373,71,de Juan and Seater (1997),0.65,0.6306346010171024,0,,,,,,,,,,,,0,0,0,0,0,0,0,0,0,1,0,,0,1,0,0,0,0,0,0,0,0,0,Syria,1,0,1960,1991,32.0,32.0,32,1.0,1975.5,0,0,0,0,0,1,0,1,0,0,0,0,0,0,0,0,0,0,0,0,0.053,1997,0.10526315789473684,1997,Syria1960
1374,71,de Juan and Seater (1997),0.8200000000000001,0.46615448083226657,0,,,,,,,,,,,,0,0,0,0,0,0,0,0,0,1,0,,0,1,0,0,0,0,0,0,0,0,0,Taiwan,1,0,1951,1990,40.0,40.0,40,1.0,1970.5,0,0,0,0,0,1,0,1,0,0,0,0,0,0,0,0,0,0,0,0,0.053,1997,0.10526315789473684,1997,Taiwan1951
1375,71,de Juan and Seater (1997),0.6600000000000001,0.33105890714493696,0,,,,,,,,,,,,0,0,0,0,0,0,0,0,0,1,0,,0,1,0,0,0,0,0,0,0,0,0,Thailand,1,0,1950,1992,43.0,43.0,43,1.0,1971.0,0,0,0,0,0,1,0,1,0,0,0,0,0,0,0,0,0,0,0,0,0.053,1997,0.10526315789473684,1997,Thailand1950
1376,71,de Juan and Seater (1997),0.5700000000000001,0.9489467845985885,0,,,,,,,,,,,,0,0,0,0,0,0,0,0,0,1,0,,0,1,0,0,0,0,0,0,0,0,0,Trinidad and Tobago,1,0,1950,1991,42.0,42.0,42,1.0,1970.5,0,0,0,0,0,1,0,1,0,0,0,0,0,0,0,0,0,0,0,0,0.053,1997,0.10526315789473684,1997,Trinidad and Tobago1950
1377,71,de Juan and Seater (1997),0.8099999999999999,0.7421590126111789,0,,,,,,,,,,,,0,0,0,0,0,0,0,0,0,1,0,,0,1,0,0,0,0,0,0,0,0,0,Tunisia,1,0,1960,1992,33.0,33.0,33,1.0,1976.0,0,0,0,0,0,1,0,1,0,0,0,0,0,0,0,0,0,0,0,0,0.053,1997,0.10526315789473684,1997,Tunisia1960
1378,71,de Juan and Seater (1997),0.7200000000000001,0.2469817807045694,0,,,,,,,,,,,,0,0,0,0,0,0,0,0,0,1,0,,0,1,0,0,0,0,0,0,0,0,0,Turkey,1,0,1950,1992,43.0,43.0,43,1.0,1971.0,0,0,0,0,0,1,0,1,0,0,0,0,0,0,0,0,0,0,0,0,0.053,1997,0.10526315789473684,1997,Turkey1950
1379,71,de Juan and Seater (1997),0.6699999999999999,0.2420743687382041,0,,,,,,,,,,,,0,0,0,0,0,0,0,0,0,1,0,,0,1,0,0,0,0,0,0,0,0,0,UK,1,0,1950,1992,43.0,43.0,43,1.0,1971.0,0,0,0,0,0,1,0,1,0,0,0,0,0,0,0,0,0,0,0,0,0.053,1997,0.10526315789473684,1997,UK1950
1380,71,de Juan and Seater (1997),0.44,0.1984943324127921,0,,,,,,,,,,,,0,0,0,0,0,0,0,0,0,1,0,,0,1,0,0,0,0,0,0,0,0,0,USA,1,0,1950,1992,43.0,43.0,43,1.0,1971.0,0,0,0,0,0,1,0,1,0,0,0,0,0,0,0,0,0,0,0,0,0.053,1997,0.10526315789473684,1997,USA1950
1381,71,de Juan and Seater (1997),0.7999999999999999,0.21400934559032697,0,,,,,,,,,,,,0,0,0,0,0,0,0,0,0,1,0,,0,1,0,0,0,0,0,0,0,0,0,Uruguay,1,0,1950,1992,43.0,43.0,43,1.0,1971.0,0,0,0,0,0,1,0,1,0,0,0,0,0,0,0,0,0,0,0,0,0.053,1997,0.10526315789473684,1997,Uruguay1950
1382,71,de Juan and Seater (1997),0.52,0.4204759208325728,0,,,,,,,,,,,,0,0,0,0,0,0,0,0,0,1,0,,0,1,0,0,0,0,0,0,0,0,0,Venezuela,1,0,1950,1992,43.0,43.0,43,1.0,1971.0,0,0,0,0,0,1,0,1,0,0,0,0,0,0,0,0,0,0,0,0,0.053,1997,0.10526315789473684,1997,Venezuela1950
1383,71,de Juan and Seater (1997),0.56,0.23430749027719963,0,,,,,,,,,,,,0,0,0,0,0,0,0,0,0,1,0,,0,1,0,0,0,0,0,0,0,0,0,Zambia,1,0,1955,1991,37.0,37.0,37,1.0,1973.0,0,0,0,0,0,1,0,1,0,0,0,0,0,0,0,0,0,0,0,0,0.053,1997,0.10526315789473684,1997,Zambia1955
1384,71,de Juan and Seater (1997),0.63,0.6306346010171024,0,,,,,,,,,,,,0,0,0,0,0,0,0,0,0,1,0,,0,1,0,0,0,0,0,0,0,0,0,Zimbabwe,1,0,1954,1992,39.0,39.0,39,1.0,1973.0,0,0,0,0,0,1,0,1,0,0,0,0,0,0,0,0,0,0,0,0,0.053,1997,0.10526315789473684,1997,Zimbabwe1954
1385,72,de Juan and Seater (1999),0.299,0.186,0,,,,,,,,,,,,1,1,0,0,5,1,0,0,0,0,0,,0,0,1,0,1,0,0,0,0,0,0,USA,1,0,1986,1991,6.0,2.0,12908,6454.0,1988.5,0,0,0,0,1,0,0,0,0,0,0,0,1,0,0,0,0,0,0,0,1.803,1999,3.0588235294117645,1999,USA1986
1386,72,de Juan and Seater (1999),0.207,0.138,0,,,,,,,,,,,,1,1,0,0,5,1,0,0,0,0,0,,0,0,1,0,1,0,0,0,0,0,0,USA,1,0,1986,1991,6.0,2.0,12908,6454.0,1988.5,0,0,0,0,1,0,0,0,0,0,0,0,1,0,0,0,0,0,0,0,1.803,1999,3.0588235294117645,1999,USA1986
1387,72,de Juan and Seater (1999),0.099,0.152,0,,,,,,,,,,,,1,1,0,0,5,1,0,0,0,0,0,,0,0,1,0,1,0,0,0,0,0,0,USA,1,0,1986,1991,6.0,2.0,12908,6454.0,1988.5,0,0,0,0,1,0,0,0,0,0,0,0,1,0,0,0,0,0,0,0,1.803,1999,3.0588235294117645,1999,USA1986
1388,72,de Juan and Seater (1999),0.138,0.118,0,,,,,,,,,,,,1,1,0,0,5,1,0,0,0,0,0,,0,0,1,0,1,0,0,0,0,0,0,USA,1,0,1986,1991,6.0,2.0,12908,6454.0,1988.5,0,0,0,0,1,0,0,0,0,0,0,0,1,0,0,0,0,0,0,0,1.803,1999,3.0588235294117645,1999,USA1986
1389,72,de Juan and Seater (1999),0.065,0.164,0,,,,,,,,,,,,1,1,0,0,5,1,0,0,0,0,1,,0,0,1,0,1,0,0,0,0,0,0,USA,1,0,1986,1991,6.0,2.0,9745,4872.5,1988.5,0,0,0,0,1,0,0,0,0,0,0,0,1,0,0,0,0,0,0,0,1.803,1999,3.0588235294117645,1999,USA1986
1390,72,de Juan and Seater (1999),0.055,0.137,0,,,,,,,,,,,,1,1,0,0,5,1,0,0,0,0,1,,0,0,1,0,1,0,0,0,0,0,0,USA,1,0,1986,1991,6.0,2.0,9745,4872.5,1988.5,0,0,0,0,1,0,0,0,0,0,0,0,1,0,0,0,0,0,0,0,1.803,1999,3.0588235294117645,1999,USA1986
1391,72,de Juan and Seater (1999),-0.09,0.155,0,,,,,,,,,,,,1,1,0,0,5,1,0,0,0,0,1,,0,0,1,0,1,0,0,0,0,0,0,USA,1,0,1986,1991,6.0,2.0,9745,4872.5,1988.5,0,0,0,0,1,0,0,0,0,0,0,0,1,0,0,0,0,0,0,0,1.803,1999,3.0588235294117645,1999,USA1986
1392,72,de Juan and Seater (1999),-0.043,0.119,0,,,,,,,,,,,,1,1,0,0,5,1,0,0,0,0,1,,0,0,1,0,1,0,0,0,0,0,0,USA,1,0,1986,1991,6.0,2.0,9745,4872.5,1988.5,0,0,0,0,1,0,0,0,0,0,0,0,1,0,0,0,0,0,0,0,1.803,1999,3.0588235294117645,1999,USA1986
1393,72,de Juan and Seater (1999),0.518,0.393,0,,,,,,,,,,,,1,1,0,0,5,1,0,0,0,0,0,Transportation,1,0,1,0,1,0,0,0,0,0,0,USA,1,0,1986,1991,6.0,2.0,11918,5959.0,1988.5,0,0,0,0,1,0,0,0,0,0,0,0,1,0,0,0,0,0,0,0,1.803,1999,3.0588235294117645,1999,USA1986
1394,72,de Juan and Seater (1999),0.469,0.304,0,,,,,,,,,,,,1,1,0,0,5,1,0,0,0,0,0,Transportation,1,0,1,0,1,0,0,0,0,0,0,USA,1,0,1986,1991,6.0,2.0,11918,5959.0,1988.5,0,0,0,0,1,0,0,0,0,0,0,0,1,0,0,0,0,0,0,0,1.803,1999,3.0588235294117645,1999,USA1986
1395,72,de Juan and Seater (1999),0.246,0.342,0,,,,,,,,,,,,1,1,0,0,5,1,0,0,0,0,0,Transportation,1,0,1,0,1,0,0,0,0,0,0,USA,1,0,1986,1991,6.0,2.0,11918,5959.0,1988.5,0,0,0,0,1,0,0,0,0,0,0,0,1,0,0,0,0,0,0,0,1.803,1999,3.0588235294117645,1999,USA1986
1396,72,de Juan and Seater (1999),0.552,0.265,0,,,,,,,,,,,,1,1,0,0,5,1,0,0,0,0,0,Transportation,1,0,1,0,1,0,0,0,0,0,0,USA,1,0,1986,1991,6.0,2.0,11918,5959.0,1988.5,0,0,0,0,1,0,0,0,0,0,0,0,1,0,0,0,0,0,0,0,1.803,1999,3.0588235294117645,1999,USA1986
1397,72,de Juan and Seater (1999),0.434,0.555,0,,,,,,,,,,,,1,1,0,0,5,1,0,0,0,0,0,Clothing,1,0,1,0,1,0,0,0,0,0,0,USA,1,0,1986,1991,6.0,2.0,9744,4872.0,1988.5,0,0,0,0,1,0,0,0,0,0,0,0,1,0,0,0,0,0,0,0,1.803,1999,3.0588235294117645,1999,USA1986
1398,72,de Juan and Seater (1999),0.387,0.401,0,,,,,,,,,,,,1,1,0,0,5,1,0,0,0,0,0,Clothing,1,0,1,0,1,0,0,0,0,0,0,USA,1,0,1986,1991,6.0,2.0,9744,4872.0,1988.5,0,0,0,0,1,0,0,0,0,0,0,0,1,0,0,0,0,0,0,0,1.803,1999,3.0588235294117645,1999,USA1986
1399,72,de Juan and Seater (1999),-0.366,0.444,0,,,,,,,,,,,,1,1,0,0,5,1,0,0,0,0,0,Clothing,1,0,1,0,1,0,0,0,0,0,0,USA,1,0,1986,1991,6.0,2.0,9744,4872.0,1988.5,0,0,0,0,1,0,0,0,0,0,0,0,1,0,0,0,0,0,0,0,1.803,1999,3.0588235294117645,1999,USA1986
1400,72,de Juan and Seater (1999),-0.061,0.342,0,,,,,,,,,,,,1,1,0,0,5,1,0,0,0,0,0,Clothing,1,0,1,0,1,0,0,0,0,0,0,USA,1,0,1986,1991,6.0,2.0,9744,4872.0,1988.5,0,0,0,0,1,0,0,0,0,0,0,0,1,0,0,0,0,0,0,0,1.803,1999,3.0588235294117645,1999,USA1986
1401,72,de Juan and Seater (1999),-0.032,0.194,0,,,,,,,,,,,,1,1,0,0,5,1,0,0,0,0,0,Utilities,1,0,1,0,1,0,0,0,0,0,0,USA,1,0,1986,1991,6.0,2.0,12700,6350.0,1988.5,0,0,0,0,1,0,0,0,0,0,0,0,1,0,0,0,0,0,0,0,1.803,1999,3.0588235294117645,1999,USA1986
1402,72,de Juan and Seater (1999),0.029,0.156,0,,,,,,,,,,,,1,1,0,0,5,1,0,0,0,0,0,Utilities,1,0,1,0,1,0,0,0,0,0,0,USA,1,0,1986,1991,6.0,2.0,12700,6350.0,1988.5,0,0,0,0,1,0,0,0,0,0,0,0,1,0,0,0,0,0,0,0,1.803,1999,3.0588235294117645,1999,USA1986
1403,72,de Juan and Seater (1999),0.013,0.159,0,,,,,,,,,,,,1,1,0,0,5,1,0,0,0,0,0,Utilities,1,0,1,0,1,0,0,0,0,0,0,USA,1,0,1986,1991,6.0,2.0,12700,6350.0,1988.5,0,0,0,0,1,0,0,0,0,0,0,0,1,0,0,0,0,0,0,0,1.803,1999,3.0588235294117645,1999,USA1986
1404,72,de Juan and Seater (1999),0.035,0.13,0,,,,,,,,,,,,1,1,0,0,5,1,0,0,0,0,0,Utilities,1,0,1,0,1,0,0,0,0,0,0,USA,1,0,1986,1991,6.0,2.0,12700,6350.0,1988.5,0,0,0,0,1,0,0,0,0,0,0,0,1,0,0,0,0,0,0,0,1.803,1999,3.0588235294117645,1999,USA1986
1405,72,de Juan and Seater (1999),0.163,0.459,0,,,,,,,,,,,,1,1,0,0,5,1,0,0,0,0,0,Medical care,1,0,1,0,1,0,0,0,0,0,0,USA,1,0,1986,1991,6.0,2.0,9773,4886.5,1988.5,0,0,0,0,1,0,0,0,0,0,0,0,1,0,0,0,0,0,0,0,1.803,1999,3.0588235294117645,1999,USA1986
1406,72,de Juan and Seater (1999),0.06,0.357,0,,,,,,,,,,,,1,1,0,0,5,1,0,0,0,0,0,Medical care,1,0,1,0,1,0,0,0,0,0,0,USA,1,0,1986,1991,6.0,2.0,9773,4886.5,1988.5,0,0,0,0,1,0,0,0,0,0,0,0,1,0,0,0,0,0,0,0,1.803,1999,3.0588235294117645,1999,USA1986
1407,72,de Juan and Seater (1999),0.472,0.421,0,,,,,,,,,,,,1,1,0,0,5,1,0,0,0,0,0,Medical care,1,0,1,0,1,0,0,0,0,0,0,USA,1,0,1986,1991,6.0,2.0,9773,4886.5,1988.5,0,0,0,0,1,0,0,0,0,0,0,0,1,0,0,0,0,0,0,0,1.803,1999,3.0588235294117645,1999,USA1986
1408,72,de Juan and Seater (1999),0.038,0.301,0,,,,,,,,,,,,1,1,0,0,5,1,0,0,0,0,0,Medical care,1,0,1,0,1,0,0,0,0,0,0,USA,1,0,1986,1991,6.0,2.0,9773,4886.5,1988.5,0,0,0,0,1,0,0,0,0,0,0,0,1,0,0,0,0,0,0,0,1.803,1999,3.0588235294117645,1999,USA1986
1409,72,de Juan and Seater (1999),0.355,0.597,0,,,,,,,,,,,,1,1,0,0,5,1,0,0,0,0,0,,0,0,1,0,1,0,0,0,0,1,0,USA,1,0,1986,1991,6.0,2.0,2880,1440.0,1988.5,0,0,0,0,1,0,0,0,0,0,0,0,1,0,0,0,0,0,0,0,1.803,1999,3.0588235294117645,1999,USA1986
1410,72,de Juan and Seater (1999),0.137,0.488,0,,,,,,,,,,,,1,1,0,0,5,1,0,0,0,0,0,,0,0,1,0,1,0,0,0,0,1,0,USA,1,0,1986,1991,6.0,2.0,2880,1440.0,1988.5,0,0,0,0,1,0,0,0,0,0,0,0,1,0,0,0,0,0,0,0,1.803,1999,3.0588235294117645,1999,USA1986
1411,72,de Juan and Seater (1999),-0.461,0.457,0,,,,,,,,,,,,1,1,0,0,5,1,0,0,0,0,0,,0,0,1,0,1,0,0,0,0,1,0,USA,1,0,1986,1991,6.0,2.0,2880,1440.0,1988.5,0,0,0,0,1,0,0,0,0,0,0,0,1,0,0,0,0,0,0,0,1.803,1999,3.0588235294117645,1999,USA1986
1412,72,de Juan and Seater (1999),-0.052,0.345,0,,,,,,,,,,,,1,1,0,0,5,1,0,0,0,0,0,,0,0,1,0,1,0,0,0,0,1,0,USA,1,0,1986,1991,6.0,2.0,2880,1440.0,1988.5,0,0,0,0,1,0,0,0,0,0,0,0,1,0,0,0,0,0,0,0,1.803,1999,3.0588235294117645,1999,USA1986
1413,72,de Juan and Seater (1999),-0.011,0.607,0,,,,,,,,,,,,1,1,0,0,5,1,0,0,0,0,0,,0,0,1,0,1,0,0,1,0,0,0,USA,1,0,1986,1991,6.0,2.0,8306,4153.0,1988.5,0,0,0,0,1,0,0,0,0,0,0,0,1,0,0,0,0,0,0,0,1.803,1999,3.0588235294117645,1999,USA1986
1414,72,de Juan and Seater (1999),0.052,0.375,0,,,,,,,,,,,,1,1,0,0,5,1,0,0,0,0,0,,0,0,1,0,1,0,0,1,0,0,0,USA,1,0,1986,1991,6.0,2.0,8306,4153.0,1988.5,0,0,0,0,1,0,0,0,0,0,0,0,1,0,0,0,0,0,0,0,1.803,1999,3.0588235294117645,1999,USA1986
1415,72,de Juan and Seater (1999),-0.023,0.477,0,,,,,,,,,,,,1,1,0,0,5,1,0,0,0,0,0,,0,0,1,0,1,0,0,1,0,0,0,USA,1,0,1986,1991,6.0,2.0,8306,4153.0,1988.5,0,0,0,0,1,0,0,0,0,0,0,0,1,0,0,0,0,0,0,0,1.803,1999,3.0588235294117645,1999,USA1986
1416,72,de Juan and Seater (1999),-0.102,0.29,0,,,,,,,,,,,,1,1,0,0,5,1,0,0,0,0,0,,0,0,1,0,1,0,0,1,0,0,0,USA,1,0,1986,1991,6.0,2.0,8306,4153.0,1988.5,0,0,0,0,1,0,0,0,0,0,0,0,1,0,0,0,0,0,0,0,1.803,1999,3.0588235294117645,1999,USA1986
1417,72,de Juan and Seater (1999),0.023,0.195,0,,,,,,,,,,,,1,1,0,0,5,1,0,0,0,0,1,,0,0,1,0,1,0,0,0,0,1,0,USA,1,0,1986,1991,6.0,2.0,2880,1440.0,1988.5,0,0,0,0,1,0,0,0,0,0,0,0,1,0,0,0,0,0,0,0,1.803,1999,3.0588235294117645,1999,USA1986
1418,72,de Juan and Seater (1999),0.235,0.231,0,,,,,,,,,,,,1,1,0,0,5,1,0,0,0,0,1,,0,0,1,0,1,0,0,0,0,1,0,USA,1,0,1986,1991,6.0,2.0,2880,1440.0,1988.5,0,0,0,0,1,0,0,0,0,0,0,0,1,0,0,0,0,0,0,0,1.803,1999,3.0588235294117645,1999,USA1986
1419,72,de Juan and Seater (1999),0.229,0.185,0,,,,,,,,,,,,1,1,0,0,5,1,0,0,0,0,1,,0,0,1,0,1,0,0,0,0,1,0,USA,1,0,1986,1991,6.0,2.0,2880,1440.0,1988.5,0,0,0,0,1,0,0,0,0,0,0,0,1,0,0,0,0,0,0,0,1.803,1999,3.0588235294117645,1999,USA1986
1420,72,de Juan and Seater (1999),0.075,0.138,0,,,,,,,,,,,,1,1,0,0,5,1,0,0,0,0,1,,0,0,1,0,1,0,0,0,0,1,0,USA,1,0,1986,1991,6.0,2.0,2880,1440.0,1988.5,0,0,0,0,1,0,0,0,0,0,0,0,1,0,0,0,0,0,0,0,1.803,1999,3.0588235294117645,1999,USA1986
1421,72,de Juan and Seater (1999),-0.089,0.234,0,,,,,,,,,,,,1,1,0,0,5,1,0,0,0,0,1,,0,0,1,0,1,0,0,1,0,0,0,USA,1,0,1986,1991,6.0,2.0,8306,4153.0,1988.5,0,0,0,0,1,0,0,0,0,0,0,0,1,0,0,0,0,0,0,0,1.803,1999,3.0588235294117645,1999,USA1986
1422,72,de Juan and Seater (1999),0.003,0.154,0,,,,,,,,,,,,1,1,0,0,5,1,0,0,0,0,1,,0,0,1,0,1,0,0,1,0,0,0,USA,1,0,1986,1991,6.0,2.0,8306,4153.0,1988.5,0,0,0,0,1,0,0,0,0,0,0,0,1,0,0,0,0,0,0,0,1.803,1999,3.0588235294117645,1999,USA1986
1423,72,de Juan and Seater (1999),0.119,0.193,0,,,,,,,,,,,,1,1,0,0,5,1,0,0,0,0,1,,0,0,1,0,1,0,0,1,0,0,0,USA,1,0,1986,1991,6.0,2.0,8306,4153.0,1988.5,0,0,0,0,1,0,0,0,0,0,0,0,1,0,0,0,0,0,0,0,1.803,1999,3.0588235294117645,1999,USA1986
1424,72,de Juan and Seater (1999),0.071,0.129,0,,,,,,,,,,,,1,1,0,0,5,1,0,0,0,0,1,,0,0,1,0,1,0,0,1,0,0,0,USA,1,0,1986,1991,6.0,2.0,8306,4153.0,1988.5,0,0,0,0,1,0,0,0,0,0,0,0,1,0,0,0,0,0,0,0,1.803,1999,3.0588235294117645,1999,USA1986
1425,72,de Juan and Seater (1999),0.243,0.307,0,,,,,,,,,,,,1,1,0,0,5,1,0,0,0,0,0,Transportation,1,0,1,0,1,0,0,0,0,1,0,USA,1,0,1986,1991,6.0,2.0,2880,1440.0,1988.5,0,0,0,0,1,0,0,0,0,0,0,0,1,0,0,0,0,0,0,0,1.803,1999,3.0588235294117645,1999,USA1986
1426,72,de Juan and Seater (1999),0.099,0.313,0,,,,,,,,,,,,1,1,0,0,5,1,0,0,0,0,0,Transportation,1,0,1,0,1,0,0,0,0,1,0,USA,1,0,1986,1991,6.0,2.0,2880,1440.0,1988.5,0,0,0,0,1,0,0,0,0,0,0,0,1,0,0,0,0,0,0,0,1.803,1999,3.0588235294117645,1999,USA1986
1427,72,de Juan and Seater (1999),0.165,0.307,0,,,,,,,,,,,,1,1,0,0,5,1,0,0,0,0,0,Transportation,1,0,1,0,1,0,0,0,0,1,0,USA,1,0,1986,1991,6.0,2.0,2880,1440.0,1988.5,0,0,0,0,1,0,0,0,0,0,0,0,1,0,0,0,0,0,0,0,1.803,1999,3.0588235294117645,1999,USA1986
1428,72,de Juan and Seater (1999),0.118,0.235,0,,,,,,,,,,,,1,1,0,0,5,1,0,0,0,0,0,Transportation,1,0,1,0,1,0,0,0,0,1,0,USA,1,0,1986,1991,6.0,2.0,2880,1440.0,1988.5,0,0,0,0,1,0,0,0,0,0,0,0,1,0,0,0,0,0,0,0,1.803,1999,3.0588235294117645,1999,USA1986
1429,72,de Juan and Seater (1999),-0.099,0.523,0,,,,,,,,,,,,1,1,0,0,5,1,0,0,0,0,0,Transportation,1,0,1,0,1,0,0,1,0,0,0,USA,1,0,1986,1991,6.0,2.0,8306,4153.0,1988.5,0,0,0,0,1,0,0,0,0,0,0,0,1,0,0,0,0,0,0,0,1.803,1999,3.0588235294117645,1999,USA1986
1430,72,de Juan and Seater (1999),-0.05,0.335,0,,,,,,,,,,,,1,1,0,0,5,1,0,0,0,0,0,Transportation,1,0,1,0,1,0,0,1,0,0,0,USA,1,0,1986,1991,6.0,2.0,8306,4153.0,1988.5,0,0,0,0,1,0,0,0,0,0,0,0,1,0,0,0,0,0,0,0,1.803,1999,3.0588235294117645,1999,USA1986
1431,72,de Juan and Seater (1999),0.183,0.362,0,,,,,,,,,,,,1,1,0,0,5,1,0,0,0,0,0,Transportation,1,0,1,0,1,0,0,1,0,0,0,USA,1,0,1986,1991,6.0,2.0,8306,4153.0,1988.5,0,0,0,0,1,0,0,0,0,0,0,0,1,0,0,0,0,0,0,0,1.803,1999,3.0588235294117645,1999,USA1986
1432,72,de Juan and Seater (1999),0.109,0.263,0,,,,,,,,,,,,1,1,0,0,5,1,0,0,0,0,0,Transportation,1,0,1,0,1,0,0,1,0,0,0,USA,1,0,1986,1991,6.0,2.0,8306,4153.0,1988.5,0,0,0,0,1,0,0,0,0,0,0,0,1,0,0,0,0,0,0,0,1.803,1999,3.0588235294117645,1999,USA1986
1433,72,de Juan and Seater (1999),0.462,0.576,0,,,,,,,,,,,,1,1,0,0,5,1,0,0,0,0,0,Clothing,1,0,1,0,1,0,0,0,0,1,0,USA,1,0,1986,1991,6.0,2.0,2880,1440.0,1988.5,0,0,0,0,1,0,0,0,0,0,0,0,1,0,0,0,0,0,0,0,1.803,1999,3.0588235294117645,1999,USA1986
1434,72,de Juan and Seater (1999),0.011,0.478,0,,,,,,,,,,,,1,1,0,0,5,1,0,0,0,0,0,Clothing,1,0,1,0,1,0,0,0,0,1,0,USA,1,0,1986,1991,6.0,2.0,2880,1440.0,1988.5,0,0,0,0,1,0,0,0,0,0,0,0,1,0,0,0,0,0,0,0,1.803,1999,3.0588235294117645,1999,USA1986
1435,72,de Juan and Seater (1999),-0.22,0.433,0,,,,,,,,,,,,1,1,0,0,5,1,0,0,0,0,0,Clothing,1,0,1,0,1,0,0,0,0,1,0,USA,1,0,1986,1991,6.0,2.0,2880,1440.0,1988.5,0,0,0,0,1,0,0,0,0,0,0,0,1,0,0,0,0,0,0,0,1.803,1999,3.0588235294117645,1999,USA1986
1436,72,de Juan and Seater (1999),-0.07,0.344,0,,,,,,,,,,,,1,1,0,0,5,1,0,0,0,0,0,Clothing,1,0,1,0,1,0,0,0,0,1,0,USA,1,0,1986,1991,6.0,2.0,2880,1440.0,1988.5,0,0,0,0,1,0,0,0,0,0,0,0,1,0,0,0,0,0,0,0,1.803,1999,3.0588235294117645,1999,USA1986
1437,72,de Juan and Seater (1999),0.07,0.597,0,,,,,,,,,,,,1,1,0,0,5,1,0,0,0,0,0,Clothing,1,0,1,0,1,0,0,1,0,0,0,USA,1,0,1986,1991,6.0,2.0,8306,4153.0,1988.5,0,0,0,0,1,0,0,0,0,0,0,0,1,0,0,0,0,0,0,0,1.803,1999,3.0588235294117645,1999,USA1986
1438,72,de Juan and Seater (1999),0.238,0.371,0,,,,,,,,,,,,1,1,0,0,5,1,0,0,0,0,0,Clothing,1,0,1,0,1,0,0,1,0,0,0,USA,1,0,1986,1991,6.0,2.0,8306,4153.0,1988.5,0,0,0,0,1,0,0,0,0,0,0,0,1,0,0,0,0,0,0,0,1.803,1999,3.0588235294117645,1999,USA1986
1439,72,de Juan and Seater (1999),0.165,0.483,0,,,,,,,,,,,,1,1,0,0,5,1,0,0,0,0,0,Clothing,1,0,1,0,1,0,0,1,0,0,0,USA,1,0,1986,1991,6.0,2.0,8306,4153.0,1988.5,0,0,0,0,1,0,0,0,0,0,0,0,1,0,0,0,0,0,0,0,1.803,1999,3.0588235294117645,1999,USA1986
1440,72,de Juan and Seater (1999),-0.076,0.292,0,,,,,,,,,,,,1,1,0,0,5,1,0,0,0,0,0,Clothing,1,0,1,0,1,0,0,1,0,0,0,USA,1,0,1986,1991,6.0,2.0,8306,4153.0,1988.5,0,0,0,0,1,0,0,0,0,0,0,0,1,0,0,0,0,0,0,0,1.803,1999,3.0588235294117645,1999,USA1986
1441,72,de Juan and Seater (1999),0.606,0.265,0,,,,,,,,,,,,1,1,0,0,5,1,0,0,0,0,0,Utilities,1,0,1,0,1,0,0,0,0,1,0,USA,1,0,1986,1991,6.0,2.0,2880,1440.0,1988.5,0,0,0,0,1,0,0,0,0,0,0,0,1,0,0,0,0,0,0,0,1.803,1999,3.0588235294117645,1999,USA1986
1442,72,de Juan and Seater (1999),0.36,0.258,0,,,,,,,,,,,,1,1,0,0,5,1,0,0,0,0,0,Utilities,1,0,1,0,1,0,0,0,0,1,0,USA,1,0,1986,1991,6.0,2.0,2880,1440.0,1988.5,0,0,0,0,1,0,0,0,0,0,0,0,1,0,0,0,0,0,0,0,1.803,1999,3.0588235294117645,1999,USA1986
1443,72,de Juan and Seater (1999),0.019,0.207,0,,,,,,,,,,,,1,1,0,0,5,1,0,0,0,0,0,Utilities,1,0,1,0,1,0,0,0,0,1,0,USA,1,0,1986,1991,6.0,2.0,2880,1440.0,1988.5,0,0,0,0,1,0,0,0,0,0,0,0,1,0,0,0,0,0,0,0,1.803,1999,3.0588235294117645,1999,USA1986
1444,72,de Juan and Seater (1999),0.141,0.16,0,,,,,,,,,,,,1,1,0,0,5,1,0,0,0,0,0,Utilities,1,0,1,0,1,0,0,0,0,1,0,USA,1,0,1986,1991,6.0,2.0,2880,1440.0,1988.5,0,0,0,0,1,0,0,0,0,0,0,0,1,0,0,0,0,0,0,0,1.803,1999,3.0588235294117645,1999,USA1986
1445,72,de Juan and Seater (1999),-0.047,0.213,0,,,,,,,,,,,,1,1,0,0,5,1,0,0,0,0,0,Utilities,1,0,1,0,1,0,0,1,0,0,0,USA,1,0,1986,1991,6.0,2.0,8306,4153.0,1988.5,0,0,0,0,1,0,0,0,0,0,0,0,1,0,0,0,0,0,0,0,1.803,1999,3.0588235294117645,1999,USA1986
1446,72,de Juan and Seater (1999),0.102,0.147,0,,,,,,,,,,,,1,1,0,0,5,1,0,0,0,0,0,Utilities,1,0,1,0,1,0,0,1,0,0,0,USA,1,0,1986,1991,6.0,2.0,8306,4153.0,1988.5,0,0,0,0,1,0,0,0,0,0,0,0,1,0,0,0,0,0,0,0,1.803,1999,3.0588235294117645,1999,USA1986
1447,72,de Juan and Seater (1999),0.044,0.171,0,,,,,,,,,,,,1,1,0,0,5,1,0,0,0,0,0,Utilities,1,0,1,0,1,0,0,1,0,0,0,USA,1,0,1986,1991,6.0,2.0,8306,4153.0,1988.5,0,0,0,0,1,0,0,0,0,0,0,0,1,0,0,0,0,0,0,0,1.803,1999,3.0588235294117645,1999,USA1986
1448,72,de Juan and Seater (1999),0.13,0.122,0,,,,,,,,,,,,1,1,0,0,5,1,0,0,0,0,0,Utilities,1,0,1,0,1,0,0,1,0,0,0,USA,1,0,1986,1991,6.0,2.0,8306,4153.0,1988.5,0,0,0,0,1,0,0,0,0,0,0,0,1,0,0,0,0,0,0,0,1.803,1999,3.0588235294117645,1999,USA1986
1449,72,de Juan and Seater (1999),0.204,0.316,0,,,,,,,,,,,,1,1,0,0,5,1,0,0,0,0,0,Medical care,1,0,1,0,1,0,0,0,0,1,0,USA,1,0,1986,1991,6.0,2.0,2880,1440.0,1988.5,0,0,0,0,1,0,0,0,0,0,0,0,1,0,0,0,0,0,0,0,1.803,1999,3.0588235294117645,1999,USA1986
1450,72,de Juan and Seater (1999),0.09,0.284,0,,,,,,,,,,,,1,1,0,0,5,1,0,0,0,0,0,Medical care,1,0,1,0,1,0,0,0,0,1,0,USA,1,0,1986,1991,6.0,2.0,2880,1440.0,1988.5,0,0,0,0,1,0,0,0,0,0,0,0,1,0,0,0,0,0,0,0,1.803,1999,3.0588235294117645,1999,USA1986
1451,72,de Juan and Seater (1999),-0.172,0.275,0,,,,,,,,,,,,1,1,0,0,5,1,0,0,0,0,0,Medical care,1,0,1,0,1,0,0,0,0,1,0,USA,1,0,1986,1991,6.0,2.0,2880,1440.0,1988.5,0,0,0,0,1,0,0,0,0,0,0,0,1,0,0,0,0,0,0,0,1.803,1999,3.0588235294117645,1999,USA1986
1452,72,de Juan and Seater (1999),-0.109,0.236,0,,,,,,,,,,,,1,1,0,0,5,1,0,0,0,0,0,Medical care,1,0,1,0,1,0,0,0,0,1,0,USA,1,0,1986,1991,6.0,2.0,2880,1440.0,1988.5,0,0,0,0,1,0,0,0,0,0,0,0,1,0,0,0,0,0,0,0,1.803,1999,3.0588235294117645,1999,USA1986
1453,72,de Juan and Seater (1999),0.269,0.607,0,,,,,,,,,,,,1,1,0,0,5,1,0,0,0,0,0,Medical care,1,0,1,0,1,0,0,1,0,0,0,USA,1,0,1986,1991,6.0,2.0,8306,4153.0,1988.5,0,0,0,0,1,0,0,0,0,0,0,0,1,0,0,0,0,0,0,0,1.803,1999,3.0588235294117645,1999,USA1986
1454,72,de Juan and Seater (1999),-0.483,0.445,0,,,,,,,,,,,,1,1,0,0,5,1,0,0,0,0,0,Medical care,1,0,1,0,1,0,0,1,0,0,0,USA,1,0,1986,1991,6.0,2.0,8306,4153.0,1988.5,0,0,0,0,1,0,0,0,0,0,0,0,1,0,0,0,0,0,0,0,1.803,1999,3.0588235294117645,1999,USA1986
1455,72,de Juan and Seater (1999),0.121,0.451,0,,,,,,,,,,,,1,1,0,0,5,1,0,0,0,0,0,Medical care,1,0,1,0,1,0,0,1,0,0,0,USA,1,0,1986,1991,6.0,2.0,8306,4153.0,1988.5,0,0,0,0,1,0,0,0,0,0,0,0,1,0,0,0,0,0,0,0,1.803,1999,3.0588235294117645,1999,USA1986
1456,72,de Juan and Seater (1999),0.345,0.328,0,,,,,,,,,,,,1,1,0,0,5,1,0,0,0,0,0,Medical care,1,0,1,0,1,0,0,1,0,0,0,USA,1,0,1986,1991,6.0,2.0,8306,4153.0,1988.5,0,0,0,0,1,0,0,0,0,0,0,0,1,0,0,0,0,0,0,0,1.803,1999,3.0588235294117645,1999,USA1986
1457,72,de Juan and Seater (1999),0.021,0.377,0,,,,,,,,,,,,1,1,0,0,5,1,0,0,0,0,0,,0,0,1,0,1,0,0,0,0,1,0,USA,1,0,1986,1991,6.0,2.0,2880,1440.0,1988.5,0,0,0,0,1,0,0,0,0,0,0,0,1,0,0,0,0,0,0,0,1.803,1999,3.0588235294117645,1999,USA1986
1458,72,de Juan and Seater (1999),0.01,0.368,0,,,,,,,,,,,,1,1,0,0,5,1,0,0,0,0,0,,0,0,1,0,1,0,0,0,0,1,0,USA,1,0,1986,1991,6.0,2.0,2880,1440.0,1988.5,0,0,0,0,1,0,0,0,0,0,0,0,1,0,0,0,0,0,0,0,1.803,1999,3.0588235294117645,1999,USA1986
1459,72,de Juan and Seater (1999),-0.119,0.351,0,,,,,,,,,,,,1,1,0,0,5,1,0,0,0,0,0,,0,0,1,0,1,0,0,0,0,1,0,USA,1,0,1986,1991,6.0,2.0,2880,1440.0,1988.5,0,0,0,0,1,0,0,0,0,0,0,0,1,0,0,0,0,0,0,0,1.803,1999,3.0588235294117645,1999,USA1986
1460,72,de Juan and Seater (1999),-0.095,0.277,0,,,,,,,,,,,,1,1,0,0,5,1,0,0,0,0,0,,0,0,1,0,1,0,0,0,0,1,0,USA,1,0,1986,1991,6.0,2.0,2880,1440.0,1988.5,0,0,0,0,1,0,0,0,0,0,0,0,1,0,0,0,0,0,0,0,1.803,1999,3.0588235294117645,1999,USA1986
1461,72,de Juan and Seater (1999),0.233,0.445,0,,,,,,,,,,,,1,1,0,0,5,1,0,0,0,0,0,,0,0,1,0,1,0,0,1,0,0,0,USA,1,0,1986,1991,6.0,2.0,8306,4153.0,1988.5,0,0,0,0,1,0,0,0,0,0,0,0,1,0,0,0,0,0,0,0,1.803,1999,3.0588235294117645,1999,USA1986
1462,72,de Juan and Seater (1999),-0.457,0.403,0,,,,,,,,,,,,1,1,0,0,5,1,0,0,0,0,0,,0,0,1,0,1,0,0,1,0,0,0,USA,1,0,1986,1991,6.0,2.0,8306,4153.0,1988.5,0,0,0,0,1,0,0,0,0,0,0,0,1,0,0,0,0,0,0,0,1.803,1999,3.0588235294117645,1999,USA1986
1463,72,de Juan and Seater (1999),-0.269,0.474,0,,,,,,,,,,,,1,1,0,0,5,1,0,0,0,0,0,,0,0,1,0,1,0,0,1,0,0,0,USA,1,0,1986,1991,6.0,2.0,8306,4153.0,1988.5,0,0,0,0,1,0,0,0,0,0,0,0,1,0,0,0,0,0,0,0,1.803,1999,3.0588235294117645,1999,USA1986
1464,72,de Juan and Seater (1999),-0.012,0.291,0,,,,,,,,,,,,1,1,0,0,5,1,0,0,0,0,0,,0,0,1,0,1,0,0,1,0,0,0,USA,1,0,1986,1991,6.0,2.0,8306,4153.0,1988.5,0,0,0,0,1,0,0,0,0,0,0,0,1,0,0,0,0,0,0,0,1.803,1999,3.0588235294117645,1999,USA1986
1465,72,de Juan and Seater (1999),-0.0032,0.183,0,,,,,,,,,,,,1,1,0,0,5,1,0,0,0,0,1,,0,0,1,0,1,0,0,0,0,1,0,USA,1,0,1986,1991,6.0,2.0,2880,1440.0,1988.5,0,0,0,0,1,0,0,0,0,0,0,0,1,0,0,0,0,0,0,0,1.803,1999,3.0588235294117645,1999,USA1986
1466,72,de Juan and Seater (1999),-0.105,0.161,0,,,,,,,,,,,,1,1,0,0,5,1,0,0,0,0,1,,0,0,1,0,1,0,0,0,0,1,0,USA,1,0,1986,1991,6.0,2.0,2880,1440.0,1988.5,0,0,0,0,1,0,0,0,0,0,0,0,1,0,0,0,0,0,0,0,1.803,1999,3.0588235294117645,1999,USA1986
1467,72,de Juan and Seater (1999),-0.139,0.164,0,,,,,,,,,,,,1,1,0,0,5,1,0,0,0,0,1,,0,0,1,0,1,0,0,0,0,1,0,USA,1,0,1986,1991,6.0,2.0,2880,1440.0,1988.5,0,0,0,0,1,0,0,0,0,0,0,0,1,0,0,0,0,0,0,0,1.803,1999,3.0588235294117645,1999,USA1986
1468,72,de Juan and Seater (1999),-0.019,0.117,0,,,,,,,,,,,,1,1,0,0,5,1,0,0,0,0,1,,0,0,1,0,1,0,0,0,0,1,0,USA,1,0,1986,1991,6.0,2.0,2880,1440.0,1988.5,0,0,0,0,1,0,0,0,0,0,0,0,1,0,0,0,0,0,0,0,1.803,1999,3.0588235294117645,1999,USA1986
1469,72,de Juan and Seater (1999),-0.069,0.21,0,,,,,,,,,,,,1,1,0,0,5,1,0,0,0,0,1,,0,0,1,0,1,0,0,1,0,0,0,USA,1,0,1986,1991,6.0,2.0,8306,4153.0,1988.5,0,0,0,0,1,0,0,0,0,0,0,0,1,0,0,0,0,0,0,0,1.803,1999,3.0588235294117645,1999,USA1986
1470,72,de Juan and Seater (1999),-0.069,0.186,0,,,,,,,,,,,,1,1,0,0,5,1,0,0,0,0,1,,0,0,1,0,1,0,0,1,0,0,0,USA,1,0,1986,1991,6.0,2.0,8306,4153.0,1988.5,0,0,0,0,1,0,0,0,0,0,0,0,1,0,0,0,0,0,0,0,1.803,1999,3.0588235294117645,1999,USA1986
1471,72,de Juan and Seater (1999),-0.028,0.199,0,,,,,,,,,,,,1,1,0,0,5,1,0,0,0,0,1,,0,0,1,0,1,0,0,1,0,0,0,USA,1,0,1986,1991,6.0,2.0,8306,4153.0,1988.5,0,0,0,0,1,0,0,0,0,0,0,0,1,0,0,0,0,0,0,0,1.803,1999,3.0588235294117645,1999,USA1986
1472,72,de Juan and Seater (1999),-0.141,0.141,0,,,,,,,,,,,,1,1,0,0,5,1,0,0,0,0,1,,0,0,1,0,1,0,0,1,0,0,0,USA,1,0,1986,1991,6.0,2.0,8306,4153.0,1988.5,0,0,0,0,1,0,0,0,0,0,0,0,1,0,0,0,0,0,0,0,1.803,1999,3.0588235294117645,1999,USA1986
1473,72,de Juan and Seater (1999),-0.393,0.372,0,,,,,,,,,,,,1,1,0,0,5,1,0,0,0,0,0,Transportation,1,0,1,0,1,0,0,0,0,1,0,USA,1,0,1986,1991,6.0,2.0,2880,1440.0,1988.5,0,0,0,0,1,0,0,0,0,0,0,0,1,0,0,0,0,0,0,0,1.803,1999,3.0588235294117645,1999,USA1986
1474,72,de Juan and Seater (1999),-0.274,0.324,0,,,,,,,,,,,,1,1,0,0,5,1,0,0,0,0,0,Transportation,1,0,1,0,1,0,0,0,0,1,0,USA,1,0,1986,1991,6.0,2.0,2880,1440.0,1988.5,0,0,0,0,1,0,0,0,0,0,0,0,1,0,0,0,0,0,0,0,1.803,1999,3.0588235294117645,1999,USA1986
1475,72,de Juan and Seater (1999),-0.077,0.301,0,,,,,,,,,,,,1,1,0,0,5,1,0,0,0,0,0,Transportation,1,0,1,0,1,0,0,0,0,1,0,USA,1,0,1986,1991,6.0,2.0,2880,1440.0,1988.5,0,0,0,0,1,0,0,0,0,0,0,0,1,0,0,0,0,0,0,0,1.803,1999,3.0588235294117645,1999,USA1986
1476,72,de Juan and Seater (1999),0.048,0.213,0,,,,,,,,,,,,1,1,0,0,5,1,0,0,0,0,0,Transportation,1,0,1,0,1,0,0,0,0,1,0,USA,1,0,1986,1991,6.0,2.0,2880,1440.0,1988.5,0,0,0,0,1,0,0,0,0,0,0,0,1,0,0,0,0,0,0,0,1.803,1999,3.0588235294117645,1999,USA1986
1477,72,de Juan and Seater (1999),0.533,0.408,0,,,,,,,,,,,,1,1,0,0,5,1,0,0,0,0,0,Transportation,1,0,1,0,1,0,0,1,0,0,0,USA,1,0,1986,1991,6.0,2.0,8306,4153.0,1988.5,0,0,0,0,1,0,0,0,0,0,0,0,1,0,0,0,0,0,0,0,1.803,1999,3.0588235294117645,1999,USA1986
1478,72,de Juan and Seater (1999),0.373,0.361,0,,,,,,,,,,,,1,1,0,0,5,1,0,0,0,0,0,Transportation,1,0,1,0,1,0,0,1,0,0,0,USA,1,0,1986,1991,6.0,2.0,8306,4153.0,1988.5,0,0,0,0,1,0,0,0,0,0,0,0,1,0,0,0,0,0,0,0,1.803,1999,3.0588235294117645,1999,USA1986
1479,72,de Juan and Seater (1999),0.828,0.394,0,,,,,,,,,,,,1,1,0,0,5,1,0,0,0,0,0,Transportation,1,0,1,0,1,0,0,1,0,0,0,USA,1,0,1986,1991,6.0,2.0,8306,4153.0,1988.5,0,0,0,0,1,0,0,0,0,0,0,0,1,0,0,0,0,0,0,0,1.803,1999,3.0588235294117645,1999,USA1986
1480,72,de Juan and Seater (1999),0.394,0.261,0,,,,,,,,,,,,1,1,0,0,5,1,0,0,0,0,0,Transportation,1,0,1,0,1,0,0,1,0,0,0,USA,1,0,1986,1991,6.0,2.0,8306,4153.0,1988.5,0,0,0,0,1,0,0,0,0,0,0,0,1,0,0,0,0,0,0,0,1.803,1999,3.0588235294117645,1999,USA1986
1481,72,de Juan and Seater (1999),0.438,0.322,0,,,,,,,,,,,,1,1,0,0,5,1,0,0,0,0,0,Clothing,1,0,1,0,1,0,0,0,0,1,0,USA,1,0,1986,1991,6.0,2.0,2880,1440.0,1988.5,0,0,0,0,1,0,0,0,0,0,0,0,1,0,0,0,0,0,0,0,1.803,1999,3.0588235294117645,1999,USA1986
1482,72,de Juan and Seater (1999),0.315,0.313,0,,,,,,,,,,,,1,1,0,0,5,1,0,0,0,0,0,Clothing,1,0,1,0,1,0,0,0,0,1,0,USA,1,0,1986,1991,6.0,2.0,2880,1440.0,1988.5,0,0,0,0,1,0,0,0,0,0,0,0,1,0,0,0,0,0,0,0,1.803,1999,3.0588235294117645,1999,USA1986
1483,72,de Juan and Seater (1999),0.344,0.297,0,,,,,,,,,,,,1,1,0,0,5,1,0,0,0,0,0,Clothing,1,0,1,0,1,0,0,0,0,1,0,USA,1,0,1986,1991,6.0,2.0,2880,1440.0,1988.5,0,0,0,0,1,0,0,0,0,0,0,0,1,0,0,0,0,0,0,0,1.803,1999,3.0588235294117645,1999,USA1986
1484,72,de Juan and Seater (1999),0.193,0.247,0,,,,,,,,,,,,1,1,0,0,5,1,0,0,0,0,0,Clothing,1,0,1,0,1,0,0,0,0,1,0,USA,1,0,1986,1991,6.0,2.0,2880,1440.0,1988.5,0,0,0,0,1,0,0,0,0,0,0,0,1,0,0,0,0,0,0,0,1.803,1999,3.0588235294117645,1999,USA1986
1485,72,de Juan and Seater (1999),0.043,0.448,0,,,,,,,,,,,,1,1,0,0,5,1,0,0,0,0,0,Clothing,1,0,1,0,1,0,0,1,0,0,0,USA,1,0,1986,1991,6.0,2.0,8306,4153.0,1988.5,0,0,0,0,1,0,0,0,0,0,0,0,1,0,0,0,0,0,0,0,1.803,1999,3.0588235294117645,1999,USA1986
1486,72,de Juan and Seater (1999),-0.42,0.39,0,,,,,,,,,,,,1,1,0,0,5,1,0,0,0,0,0,Clothing,1,0,1,0,1,0,0,1,0,0,0,USA,1,0,1986,1991,6.0,2.0,8306,4153.0,1988.5,0,0,0,0,1,0,0,0,0,0,0,0,1,0,0,0,0,0,0,0,1.803,1999,3.0588235294117645,1999,USA1986
1487,72,de Juan and Seater (1999),-0.237,0.471,0,,,,,,,,,,,,1,1,0,0,5,1,0,0,0,0,0,Clothing,1,0,1,0,1,0,0,1,0,0,0,USA,1,0,1986,1991,6.0,2.0,8306,4153.0,1988.5,0,0,0,0,1,0,0,0,0,0,0,0,1,0,0,0,0,0,0,0,1.803,1999,3.0588235294117645,1999,USA1986
1488,72,de Juan and Seater (1999),-0.11,0.285,0,,,,,,,,,,,,1,1,0,0,5,1,0,0,0,0,0,Clothing,1,0,1,0,1,0,0,1,0,0,0,USA,1,0,1986,1991,6.0,2.0,8306,4153.0,1988.5,0,0,0,0,1,0,0,0,0,0,0,0,1,0,0,0,0,0,0,0,1.803,1999,3.0588235294117645,1999,USA1986
1489,72,de Juan and Seater (1999),-0.178,0.234,0,,,,,,,,,,,,1,1,0,0,5,1,0,0,0,0,0,Utilities,1,0,1,0,1,0,0,0,0,1,0,USA,1,0,1986,1991,6.0,2.0,2880,1440.0,1988.5,0,0,0,0,1,0,0,0,0,0,0,0,1,0,0,0,0,0,0,0,1.803,1999,3.0588235294117645,1999,USA1986
1490,72,de Juan and Seater (1999),0.094,0.178,0,,,,,,,,,,,,1,1,0,0,5,1,0,0,0,0,0,Utilities,1,0,1,0,1,0,0,0,0,1,0,USA,1,0,1986,1991,6.0,2.0,2880,1440.0,1988.5,0,0,0,0,1,0,0,0,0,0,0,0,1,0,0,0,0,0,0,0,1.803,1999,3.0588235294117645,1999,USA1986
1491,72,de Juan and Seater (1999),-0.107,0.183,0,,,,,,,,,,,,1,1,0,0,5,1,0,0,0,0,0,Utilities,1,0,1,0,1,0,0,0,0,1,0,USA,1,0,1986,1991,6.0,2.0,2880,1440.0,1988.5,0,0,0,0,1,0,0,0,0,0,0,0,1,0,0,0,0,0,0,0,1.803,1999,3.0588235294117645,1999,USA1986
1492,72,de Juan and Seater (1999),0.072,0.13,0,,,,,,,,,,,,1,1,0,0,5,1,0,0,0,0,0,Utilities,1,0,1,0,1,0,0,0,0,1,0,USA,1,0,1986,1991,6.0,2.0,2880,1440.0,1988.5,0,0,0,0,1,0,0,0,0,0,0,0,1,0,0,0,0,0,0,0,1.803,1999,3.0588235294117645,1999,USA1986
1493,72,de Juan and Seater (1999),0.0005,0.184,0,,,,,,,,,,,,1,1,0,0,5,1,0,0,0,0,0,Utilities,1,0,1,0,1,0,0,1,0,0,0,USA,1,0,1986,1991,6.0,2.0,8306,4153.0,1988.5,0,0,0,0,1,0,0,0,0,0,0,0,1,0,0,0,0,0,0,0,1.803,1999,3.0588235294117645,1999,USA1986
1494,72,de Juan and Seater (1999),-0.103,0.164,0,,,,,,,,,,,,1,1,0,0,5,1,0,0,0,0,0,Utilities,1,0,1,0,1,0,0,1,0,0,0,USA,1,0,1986,1991,6.0,2.0,8306,4153.0,1988.5,0,0,0,0,1,0,0,0,0,0,0,0,1,0,0,0,0,0,0,0,1.803,1999,3.0588235294117645,1999,USA1986
1495,72,de Juan and Seater (1999),-0.209,0.178,0,,,,,,,,,,,,1,1,0,0,5,1,0,0,0,0,0,Utilities,1,0,1,0,1,0,0,1,0,0,0,USA,1,0,1986,1991,6.0,2.0,8306,4153.0,1988.5,0,0,0,0,1,0,0,0,0,0,0,0,1,0,0,0,0,0,0,0,1.803,1999,3.0588235294117645,1999,USA1986
1496,72,de Juan and Seater (1999),-0.005,0.115,0,,,,,,,,,,,,1,1,0,0,5,1,0,0,0,0,0,Utilities,1,0,1,0,1,0,0,1,0,0,0,USA,1,0,1986,1991,6.0,2.0,8306,4153.0,1988.5,0,0,0,0,1,0,0,0,0,0,0,0,1,0,0,0,0,0,0,0,1.803,1999,3.0588235294117645,1999,USA1986
1497,72,de Juan and Seater (1999),0.973,0.48,0,,,,,,,,,,,,1,1,0,0,5,1,0,0,0,0,0,Medical care,1,0,1,0,1,0,0,0,0,1,0,USA,1,0,1986,1991,6.0,2.0,2880,1440.0,1988.5,0,0,0,0,1,0,0,0,0,0,0,0,1,0,0,0,0,0,0,0,1.803,1999,3.0588235294117645,1999,USA1986
1498,72,de Juan and Seater (1999),0.133,0.396,0,,,,,,,,,,,,1,1,0,0,5,1,0,0,0,0,0,Medical care,1,0,1,0,1,0,0,0,0,1,0,USA,1,0,1986,1991,6.0,2.0,2880,1440.0,1988.5,0,0,0,0,1,0,0,0,0,0,0,0,1,0,0,0,0,0,0,0,1.803,1999,3.0588235294117645,1999,USA1986
1499,72,de Juan and Seater (1999),0.338,0.383,0,,,,,,,,,,,,1,1,0,0,5,1,0,0,0,0,0,Medical care,1,0,1,0,1,0,0,0,0,1,0,USA,1,0,1986,1991,6.0,2.0,2880,1440.0,1988.5,0,0,0,0,1,0,0,0,0,0,0,0,1,0,0,0,0,0,0,0,1.803,1999,3.0588235294117645,1999,USA1986
1500,72,de Juan and Seater (1999),0.046,0.297,0,,,,,,,,,,,,1,1,0,0,5,1,0,0,0,0,0,Medical care,1,0,1,0,1,0,0,0,0,1,0,USA,1,0,1986,1991,6.0,2.0,2880,1440.0,1988.5,0,0,0,0,1,0,0,0,0,0,0,0,1,0,0,0,0,0,0,0,1.803,1999,3.0588235294117645,1999,USA1986
1501,72,de Juan and Seater (1999),-0.1,0.4,0,,,,,,,,,,,,1,1,0,0,5,1,0,0,0,0,0,Medical care,1,0,1,0,1,0,0,1,0,0,0,USA,1,0,1986,1991,6.0,2.0,8306,4153.0,1988.5,0,0,0,0,1,0,0,0,0,0,0,0,1,0,0,0,0,0,0,0,1.803,1999,3.0588235294117645,1999,USA1986
1502,72,de Juan and Seater (1999),-0.191,0.348,0,,,,,,,,,,,,1,1,0,0,5,1,0,0,0,0,0,Medical care,1,0,1,0,1,0,0,1,0,0,0,USA,1,0,1986,1991,6.0,2.0,8306,4153.0,1988.5,0,0,0,0,1,0,0,0,0,0,0,0,1,0,0,0,0,0,0,0,1.803,1999,3.0588235294117645,1999,USA1986
1503,72,de Juan and Seater (1999),-0.074,0.33,0,,,,,,,,,,,,1,1,0,0,5,1,0,0,0,0,0,Medical care,1,0,1,0,1,0,0,1,0,0,0,USA,1,0,1986,1991,6.0,2.0,8306,4153.0,1988.5,0,0,0,0,1,0,0,0,0,0,0,0,1,0,0,0,0,0,0,0,1.803,1999,3.0588235294117645,1999,USA1986
1504,72,de Juan and Seater (1999),-0.118,0.255,0,,,,,,,,,,,,1,1,0,0,5,1,0,0,0,0,0,Medical care,1,0,1,0,1,0,0,1,0,0,0,USA,1,0,1986,1991,6.0,2.0,8306,4153.0,1988.5,0,0,0,0,1,0,0,0,0,0,0,0,1,0,0,0,0,0,0,0,1.803,1999,3.0588235294117645,1999,USA1986
1505,72,de Juan and Seater (1999),0.159,0.672,0,,,,,,,,,,,,1,1,0,0,5,1,0,0,0,0,0,,0,0,1,0,1,0,0,0,1,0,0,USA,1,0,1986,1991,6.0,2.0,12908,6454.0,1988.5,0,0,0,0,1,0,0,0,0,0,0,0,1,0,0,0,0,0,0,0,1.803,1999,3.0588235294117645,1999,USA1986
1506,72,de Juan and Seater (1999),0.017,0.474,0,,,,,,,,,,,,1,1,0,0,5,1,0,0,0,0,0,,0,0,1,0,1,0,0,0,1,0,0,USA,1,0,1986,1991,6.0,2.0,12908,6454.0,1988.5,0,0,0,0,1,0,0,0,0,0,0,0,1,0,0,0,0,0,0,0,1.803,1999,3.0588235294117645,1999,USA1986
1507,72,de Juan and Seater (1999),-0.587,0.467,0,,,,,,,,,,,,1,1,0,0,5,1,0,0,0,0,0,,0,0,1,0,1,0,0,0,1,0,0,USA,1,0,1986,1991,6.0,2.0,12908,6454.0,1988.5,0,0,0,0,1,0,0,0,0,0,0,0,1,0,0,0,0,0,0,0,1.803,1999,3.0588235294117645,1999,USA1986
1508,72,de Juan and Seater (1999),-0.324,0.374,0,,,,,,,,,,,,1,1,0,0,5,1,0,0,0,0,0,,0,0,1,0,1,0,0,0,1,0,0,USA,1,0,1986,1991,6.0,2.0,12908,6454.0,1988.5,0,0,0,0,1,0,0,0,0,0,0,0,1,0,0,0,0,0,0,0,1.803,1999,3.0588235294117645,1999,USA1986
1509,72,de Juan and Seater (1999),0.393,0.456,0,,,,,,,,,,,,1,1,0,0,5,1,0,0,0,0,0,,0,0,1,0,1,0,0,0,0,0,1,USA,1,0,1986,1991,6.0,2.0,12908,6454.0,1988.5,0,0,0,0,1,0,0,0,0,0,0,0,1,0,0,0,0,0,0,0,1.803,1999,3.0588235294117645,1999,USA1986
1510,72,de Juan and Seater (1999),0.225,0.386,0,,,,,,,,,,,,1,1,0,0,5,1,0,0,0,0,0,,0,0,1,0,1,0,0,0,0,0,1,USA,1,0,1986,1991,6.0,2.0,12908,6454.0,1988.5,0,0,0,0,1,0,0,0,0,0,0,0,1,0,0,0,0,0,0,0,1.803,1999,3.0588235294117645,1999,USA1986
1511,72,de Juan and Seater (1999),-0.294,0.401,0,,,,,,,,,,,,1,1,0,0,5,1,0,0,0,0,0,,0,0,1,0,1,0,0,0,0,0,1,USA,1,0,1986,1991,6.0,2.0,12908,6454.0,1988.5,0,0,0,0,1,0,0,0,0,0,0,0,1,0,0,0,0,0,0,0,1.803,1999,3.0588235294117645,1999,USA1986
1512,72,de Juan and Seater (1999),-0.128,0.329,0,,,,,,,,,,,,1,1,0,0,5,1,0,0,0,0,0,,0,0,1,0,1,0,0,0,0,0,1,USA,1,0,1986,1991,6.0,2.0,12908,6454.0,1988.5,0,0,0,0,1,0,0,0,0,0,0,0,1,0,0,0,0,0,0,0,1.803,1999,3.0588235294117645,1999,USA1986
1513,72,de Juan and Seater (1999),0.244,0.218,0,,,,,,,,,,,,1,1,0,0,5,1,0,0,0,0,1,,0,0,1,0,1,0,0,0,1,0,0,USA,1,0,1986,1991,6.0,2.0,9745,4872.5,1988.5,0,0,0,0,1,0,0,0,0,0,0,0,1,0,0,0,0,0,0,0,1.803,1999,3.0588235294117645,1999,USA1986
1514,72,de Juan and Seater (1999),0.145,0.162,0,,,,,,,,,,,,1,1,0,0,5,1,0,0,0,0,1,,0,0,1,0,1,0,0,0,1,0,0,USA,1,0,1986,1991,6.0,2.0,9745,4872.5,1988.5,0,0,0,0,1,0,0,0,0,0,0,0,1,0,0,0,0,0,0,0,1.803,1999,3.0588235294117645,1999,USA1986
1515,72,de Juan and Seater (1999),0.012,0.186,0,,,,,,,,,,,,1,1,0,0,5,1,0,0,0,0,1,,0,0,1,0,1,0,0,0,1,0,0,USA,1,0,1986,1991,6.0,2.0,9745,4872.5,1988.5,0,0,0,0,1,0,0,0,0,0,0,0,1,0,0,0,0,0,0,0,1.803,1999,3.0588235294117645,1999,USA1986
1516,72,de Juan and Seater (1999),0.031,0.139,0,,,,,,,,,,,,1,1,0,0,5,1,0,0,0,0,1,,0,0,1,0,1,0,0,0,1,0,0,USA,1,0,1986,1991,6.0,2.0,9745,4872.5,1988.5,0,0,0,0,1,0,0,0,0,0,0,0,1,0,0,0,0,0,0,0,1.803,1999,3.0588235294117645,1999,USA1986
1517,72,de Juan and Seater (1999),0.008,0.171,0,,,,,,,,,,,,1,1,0,0,5,1,0,0,0,0,1,,0,0,1,0,1,0,0,0,0,0,1,USA,1,0,1986,1991,6.0,2.0,9745,4872.5,1988.5,0,0,0,0,1,0,0,0,0,0,0,0,1,0,0,0,0,0,0,0,1.803,1999,3.0588235294117645,1999,USA1986
1518,72,de Juan and Seater (1999),-0.006,0.149,0,,,,,,,,,,,,1,1,0,0,5,1,0,0,0,0,1,,0,0,1,0,1,0,0,0,0,0,1,USA,1,0,1986,1991,6.0,2.0,9745,4872.5,1988.5,0,0,0,0,1,0,0,0,0,0,0,0,1,0,0,0,0,0,0,0,1.803,1999,3.0588235294117645,1999,USA1986
1519,72,de Juan and Seater (1999),-0.139,0.162,0,,,,,,,,,,,,1,1,0,0,5,1,0,0,0,0,1,,0,0,1,0,1,0,0,0,0,0,1,USA,1,0,1986,1991,6.0,2.0,9745,4872.5,1988.5,0,0,0,0,1,0,0,0,0,0,0,0,1,0,0,0,0,0,0,0,1.803,1999,3.0588235294117645,1999,USA1986
1520,72,de Juan and Seater (1999),-0.094,0.129,0,,,,,,,,,,,,1,1,0,0,5,1,0,0,0,0,1,,0,0,1,0,1,0,0,0,0,0,1,USA,1,0,1986,1991,6.0,2.0,9745,4872.5,1988.5,0,0,0,0,1,0,0,0,0,0,0,0,1,0,0,0,0,0,0,0,1.803,1999,3.0588235294117645,1999,USA1986
1521,72,de Juan and Seater (1999),0.653,0.41,0,,,,,,,,,,,,1,1,0,0,5,1,0,0,0,0,0,Transportation,1,0,1,0,1,0,0,0,1,0,0,USA,1,0,1986,1991,6.0,2.0,11918,5959.0,1988.5,0,0,0,0,1,0,0,0,0,0,0,0,1,0,0,0,0,0,0,0,1.803,1999,3.0588235294117645,1999,USA1986
1522,72,de Juan and Seater (1999),0.423,0.301,0,,,,,,,,,,,,1,1,0,0,5,1,0,0,0,0,0,Transportation,1,0,1,0,1,0,0,0,1,0,0,USA,1,0,1986,1991,6.0,2.0,11918,5959.0,1988.5,0,0,0,0,1,0,0,0,0,0,0,0,1,0,0,0,0,0,0,0,1.803,1999,3.0588235294117645,1999,USA1986
1523,72,de Juan and Seater (1999),0.124,0.315,0,,,,,,,,,,,,1,1,0,0,5,1,0,0,0,0,0,Transportation,1,0,1,0,1,0,0,0,1,0,0,USA,1,0,1986,1991,6.0,2.0,11918,5959.0,1988.5,0,0,0,0,1,0,0,0,0,0,0,0,1,0,0,0,0,0,0,0,1.803,1999,3.0588235294117645,1999,USA1986
1524,72,de Juan and Seater (1999),0.404,0.251,0,,,,,,,,,,,,1,1,0,0,5,1,0,0,0,0,0,Transportation,1,0,1,0,1,0,0,0,1,0,0,USA,1,0,1986,1991,6.0,2.0,11918,5959.0,1988.5,0,0,0,0,1,0,0,0,0,0,0,0,1,0,0,0,0,0,0,0,1.803,1999,3.0588235294117645,1999,USA1986
1525,72,de Juan and Seater (1999),0.289,0.336,0,,,,,,,,,,,,1,1,0,0,5,1,0,0,0,0,0,Transportation,1,0,1,0,1,0,0,0,0,0,1,USA,1,0,1986,1991,6.0,2.0,11918,5959.0,1988.5,0,0,0,0,1,0,0,0,0,0,0,0,1,0,0,0,0,0,0,0,1.803,1999,3.0588235294117645,1999,USA1986
1526,72,de Juan and Seater (1999),0.361,0.289,0,,,,,,,,,,,,1,1,0,0,5,1,0,0,0,0,0,Transportation,1,0,1,0,1,0,0,0,0,0,1,USA,1,0,1986,1991,6.0,2.0,11918,5959.0,1988.5,0,0,0,0,1,0,0,0,0,0,0,0,1,0,0,0,0,0,0,0,1.803,1999,3.0588235294117645,1999,USA1986
1527,72,de Juan and Seater (1999),-0.048,0.323,0,,,,,,,,,,,,1,1,0,0,5,1,0,0,0,0,0,Transportation,1,0,1,0,1,0,0,0,0,0,1,USA,1,0,1986,1991,6.0,2.0,11918,5959.0,1988.5,0,0,0,0,1,0,0,0,0,0,0,0,1,0,0,0,0,0,0,0,1.803,1999,3.0588235294117645,1999,USA1986
1528,72,de Juan and Seater (1999),0.509,0.257,0,,,,,,,,,,,,1,1,0,0,5,1,0,0,0,0,0,Transportation,1,0,1,0,1,0,0,0,0,0,1,USA,1,0,1986,1991,6.0,2.0,11918,5959.0,1988.5,0,0,0,0,1,0,0,0,0,0,0,0,1,0,0,0,0,0,0,0,1.803,1999,3.0588235294117645,1999,USA1986
1529,72,de Juan and Seater (1999),0.096,0.671,0,,,,,,,,,,,,1,1,0,0,5,1,0,0,0,0,0,Clothing,1,0,1,0,1,0,0,0,1,0,0,USA,1,0,1986,1991,6.0,2.0,9744,4872.0,1988.5,0,0,0,0,1,0,0,0,0,0,0,0,1,0,0,0,0,0,0,0,1.803,1999,3.0588235294117645,1999,USA1986
1530,72,de Juan and Seater (1999),0.11,0.471,0,,,,,,,,,,,,1,1,0,0,5,1,0,0,0,0,0,Clothing,1,0,1,0,1,0,0,0,1,0,0,USA,1,0,1986,1991,6.0,2.0,9744,4872.0,1988.5,0,0,0,0,1,0,0,0,0,0,0,0,1,0,0,0,0,0,0,0,1.803,1999,3.0588235294117645,1999,USA1986
1531,72,de Juan and Seater (1999),-0.484,0.451,0,,,,,,,,,,,,1,1,0,0,5,1,0,0,0,0,0,Clothing,1,0,1,0,1,0,0,0,1,0,0,USA,1,0,1986,1991,6.0,2.0,9744,4872.0,1988.5,0,0,0,0,1,0,0,0,0,0,0,0,1,0,0,0,0,0,0,0,1.803,1999,3.0588235294117645,1999,USA1986
1532,72,de Juan and Seater (1999),-0.278,0.366,0,,,,,,,,,,,,1,1,0,0,5,1,0,0,0,0,0,Clothing,1,0,1,0,1,0,0,0,1,0,0,USA,1,0,1986,1991,6.0,2.0,9744,4872.0,1988.5,0,0,0,0,1,0,0,0,0,0,0,0,1,0,0,0,0,0,0,0,1.803,1999,3.0588235294117645,1999,USA1986
1533,72,de Juan and Seater (1999),0.31,0.448,0,,,,,,,,,,,,1,1,0,0,5,1,0,0,0,0,0,Clothing,1,0,1,0,1,0,0,0,0,0,1,USA,1,0,1986,1991,6.0,2.0,9744,4872.0,1988.5,0,0,0,0,1,0,0,0,0,0,0,0,1,0,0,0,0,0,0,0,1.803,1999,3.0588235294117645,1999,USA1986
1534,72,de Juan and Seater (1999),0.317,0.375,0,,,,,,,,,,,,1,1,0,0,5,1,0,0,0,0,0,Clothing,1,0,1,0,1,0,0,0,0,0,1,USA,1,0,1986,1991,6.0,2.0,9744,4872.0,1988.5,0,0,0,0,1,0,0,0,0,0,0,0,1,0,0,0,0,0,0,0,1.803,1999,3.0588235294117645,1999,USA1986
1535,72,de Juan and Seater (1999),-0.133,0.385,0,,,,,,,,,,,,1,1,0,0,5,1,0,0,0,0,0,Clothing,1,0,1,0,1,0,0,0,0,0,1,USA,1,0,1986,1991,6.0,2.0,9744,4872.0,1988.5,0,0,0,0,1,0,0,0,0,0,0,0,1,0,0,0,0,0,0,0,1.803,1999,3.0588235294117645,1999,USA1986
1536,72,de Juan and Seater (1999),-0.042,0.322,0,,,,,,,,,,,,1,1,0,0,5,1,0,0,0,0,0,Clothing,1,0,1,0,1,0,0,0,0,0,1,USA,1,0,1986,1991,6.0,2.0,9744,4872.0,1988.5,0,0,0,0,1,0,0,0,0,0,0,0,1,0,0,0,0,0,0,0,1.803,1999,3.0588235294117645,1999,USA1986
1537,72,de Juan and Seater (1999),-0.156,0.22,0,,,,,,,,,,,,1,1,0,0,5,1,0,0,0,0,0,Utilities,1,0,1,0,1,0,0,0,1,0,0,USA,1,0,1986,1991,6.0,2.0,12700,6350.0,1988.5,0,0,0,0,1,0,0,0,0,0,0,0,1,0,0,0,0,0,0,0,1.803,1999,3.0588235294117645,1999,USA1986
1538,72,de Juan and Seater (1999),0.143,0.162,0,,,,,,,,,,,,1,1,0,0,5,1,0,0,0,0,0,Utilities,1,0,1,0,1,0,0,0,1,0,0,USA,1,0,1986,1991,6.0,2.0,12700,6350.0,1988.5,0,0,0,0,1,0,0,0,0,0,0,0,1,0,0,0,0,0,0,0,1.803,1999,3.0588235294117645,1999,USA1986
1539,72,de Juan and Seater (1999),0.016,0.177,0,,,,,,,,,,,,1,1,0,0,5,1,0,0,0,0,0,Utilities,1,0,1,0,1,0,0,0,1,0,0,USA,1,0,1986,1991,6.0,2.0,12700,6350.0,1988.5,0,0,0,0,1,0,0,0,0,0,0,0,1,0,0,0,0,0,0,0,1.803,1999,3.0588235294117645,1999,USA1986
1540,72,de Juan and Seater (1999),0.104,0.136,0,,,,,,,,,,,,1,1,0,0,5,1,0,0,0,0,0,Utilities,1,0,1,0,1,0,0,0,1,0,0,USA,1,0,1986,1991,6.0,2.0,12700,6350.0,1988.5,0,0,0,0,1,0,0,0,0,0,0,0,1,0,0,0,0,0,0,0,1.803,1999,3.0588235294117645,1999,USA1986
1541,72,de Juan and Seater (1999),0.049,0.168,0,,,,,,,,,,,,1,1,0,0,5,1,0,0,0,0,0,Utilities,1,0,1,0,1,0,0,0,0,0,1,USA,1,0,1986,1991,6.0,2.0,12700,6350.0,1988.5,0,0,0,0,1,0,0,0,0,0,0,0,1,0,0,0,0,0,0,0,1.803,1999,3.0588235294117645,1999,USA1986
1542,72,de Juan and Seater (1999),0.097,0.142,0,,,,,,,,,,,,1,1,0,0,5,1,0,0,0,0,0,Utilities,1,0,1,0,1,0,0,0,0,0,1,USA,1,0,1986,1991,6.0,2.0,12700,6350.0,1988.5,0,0,0,0,1,0,0,0,0,0,0,0,1,0,0,0,0,0,0,0,1.803,1999,3.0588235294117645,1999,USA1986
1543,72,de Juan and Seater (1999),-0.008,1.47,0,,,,,,,,,,,,1,1,0,0,5,1,0,0,0,0,0,Utilities,1,0,1,0,1,0,0,0,0,0,1,USA,1,0,1986,1991,6.0,2.0,12700,6350.0,1988.5,0,0,0,0,1,0,0,0,0,0,0,0,1,0,0,0,0,0,0,0,1.803,1999,3.0588235294117645,1999,USA1986
1544,72,de Juan and Seater (1999),0.033,0.121,0,,,,,,,,,,,,1,1,0,0,5,1,0,0,0,0,0,Utilities,1,0,1,0,1,0,0,0,0,0,1,USA,1,0,1986,1991,6.0,2.0,12700,6350.0,1988.5,0,0,0,0,1,0,0,0,0,0,0,0,1,0,0,0,0,0,0,0,1.803,1999,3.0588235294117645,1999,USA1986
1545,72,de Juan and Seater (1999),0.214,0.501,0,,,,,,,,,,,,1,1,0,0,5,1,0,0,0,0,0,Medical care,1,0,1,0,1,0,0,0,1,0,0,USA,1,0,1986,1991,6.0,2.0,9773,4886.5,1988.5,0,0,0,0,1,0,0,0,0,0,0,0,1,0,0,0,0,0,0,0,1.803,1999,3.0588235294117645,1999,USA1986
1546,72,de Juan and Seater (1999),-0.188,0.388,0,,,,,,,,,,,,1,1,0,0,5,1,0,0,0,0,0,Medical care,1,0,1,0,1,0,0,0,1,0,0,USA,1,0,1986,1991,6.0,2.0,9773,4886.5,1988.5,0,0,0,0,1,0,0,0,0,0,0,0,1,0,0,0,0,0,0,0,1.803,1999,3.0588235294117645,1999,USA1986
1547,72,de Juan and Seater (1999),0.388,0.451,0,,,,,,,,,,,,1,1,0,0,5,1,0,0,0,0,0,Medical care,1,0,1,0,1,0,0,0,1,0,0,USA,1,0,1986,1991,6.0,2.0,9773,4886.5,1988.5,0,0,0,0,1,0,0,0,0,0,0,0,1,0,0,0,0,0,0,0,1.803,1999,3.0588235294117645,1999,USA1986
1548,72,de Juan and Seater (1999),-0.054,0.328,0,,,,,,,,,,,,1,1,0,0,5,1,0,0,0,0,0,Medical care,1,0,1,0,1,0,0,0,1,0,0,USA,1,0,1986,1991,6.0,2.0,9773,4886.5,1988.5,0,0,0,0,1,0,0,0,0,0,0,0,1,0,0,0,0,0,0,0,1.803,1999,3.0588235294117645,1999,USA1986
1549,72,de Juan and Seater (1999),0.224,0.387,0,,,,,,,,,,,,1,1,0,0,5,1,0,0,0,0,0,Medical care,1,0,1,0,1,0,0,0,0,0,1,USA,1,0,1986,1991,6.0,2.0,9773,4886.5,1988.5,0,0,0,0,1,0,0,0,0,0,0,0,1,0,0,0,0,0,0,0,1.803,1999,3.0588235294117645,1999,USA1986
1550,72,de Juan and Seater (1999),0.414,0.329,0,,,,,,,,,,,,1,1,0,0,5,1,0,0,0,0,0,Medical care,1,0,1,0,1,0,0,0,0,0,1,USA,1,0,1986,1991,6.0,2.0,9773,4886.5,1988.5,0,0,0,0,1,0,0,0,0,0,0,0,1,0,0,0,0,0,0,0,1.803,1999,3.0588235294117645,1999,USA1986
1551,72,de Juan and Seater (1999),0.543,0.415,0,,,,,,,,,,,,1,1,0,0,5,1,0,0,0,0,0,Medical care,1,0,1,0,1,0,0,0,0,0,1,USA,1,0,1986,1991,6.0,2.0,9773,4886.5,1988.5,0,0,0,0,1,0,0,0,0,0,0,0,1,0,0,0,0,0,0,0,1.803,1999,3.0588235294117645,1999,USA1986
1552,72,de Juan and Seater (1999),0.229,0.279,0,,,,,,,,,,,,1,1,0,0,5,1,0,0,0,0,0,Medical care,1,0,1,0,1,0,0,0,0,0,1,USA,1,0,1986,1991,6.0,2.0,9773,4886.5,1988.5,0,0,0,0,1,0,0,0,0,0,0,0,1,0,0,0,0,0,0,0,1.803,1999,3.0588235294117645,1999,USA1986
1553,73,Filer and Fisher (2007),0.09,0.0497,0,,,,,,,,,,,,0,1,1,0,4,1,0,0,0,0,1,,0,0,1,0,0,0,0,0,0,1,1,USA,1,0,1985,1996,12.0,4.5,1478,325.0,1990.5,0,0,0,0,1,0,0,1,0,0,0,0,1,0,0,0,0,0,0,0,0.148,2007,1.8888888888888888,2007,USA1985
1554,73,Filer and Fisher (2007),0.0404,0.0567,0,,,,,,,,,,,,0,1,1,0,4,1,0,0,0,0,1,,0,0,1,0,0,0,0,0,1,1,0,USA,1,0,1985,1996,12.0,4.5,1478,325.0,1990.5,0,0,0,0,1,0,0,1,0,0,0,0,1,0,0,0,0,0,0,0,0.148,2007,1.8888888888888888,2007,USA1985
1555,73,Filer and Fisher (2007),0.1149,0.1283,0,,,,,,,,,,,,0,1,1,0,4,1,0,0,0,0,1,,0,0,1,0,0,0,0,0,0,0,1,USA,1,0,1985,1996,12.0,2.15,342,159.0,1990.5,0,0,0,0,1,0,0,1,0,0,0,0,1,0,0,0,0,0,0,0,0.148,2007,1.8888888888888888,2007,USA1985
1556,73,Filer and Fisher (2007),0.2903,0.1302,0,,,,,,,,,,,,0,1,1,0,4,1,0,0,0,0,1,,0,0,1,0,0,0,0,0,1,0,0,USA,1,0,1985,1996,12.0,2.15,342,159.0,1990.5,0,0,0,0,1,0,0,1,0,0,0,0,1,0,0,0,0,0,0,0,0.148,2007,1.8888888888888888,2007,USA1985
1557,73,Filer and Fisher (2007),-0.1101,0.252,0,,,,,,,,,,,,0,1,1,0,4,1,0,0,0,0,1,,0,0,1,0,0,0,0,0,0,0,1,USA,1,0,1985,1996,12.0,2.56,223,87.0,1990.5,0,0,0,0,1,0,0,1,0,0,0,0,1,0,0,0,0,0,0,0,0.148,2007,1.8888888888888888,2007,USA1985
1558,73,Filer and Fisher (2007),0.2644,0.058,0,,,,,,,,,,,,0,1,1,0,4,1,0,0,0,0,1,,0,0,1,0,0,0,0,0,1,0,0,USA,1,0,1985,1996,12.0,2.56,223,87.0,1990.5,0,0,0,0,1,0,0,1,0,0,0,0,1,0,0,0,0,0,0,0,0.148,2007,1.8888888888888888,2007,USA1985
1559,73,Filer and Fisher (2007),0.012,0.016,0,,,,,,,,,,,,0,1,1,0,4,1,0,0,0,0,1,,0,0,1,0,0,0,0,1,0,0,1,USA,1,0,1985,1996,12.0,2.5,1176,470.0,1990.5,0,0,0,0,1,0,0,1,0,0,0,0,1,0,0,0,0,0,0,0,0.148,2007,1.8888888888888888,2007,USA1985
1560,73,Filer and Fisher (2007),0.0231,0.0413,0,,,,,,,,,,,,0,1,1,0,4,1,0,0,0,0,1,,0,0,1,0,0,0,0,1,1,0,0,USA,1,0,1985,1996,12.0,2.5,1176,470.0,1990.5,0,0,0,0,1,0,0,1,0,0,0,0,1,0,0,0,0,0,0,0,0.148,2007,1.8888888888888888,2007,USA1985
1561,73,Filer and Fisher (2007),0.0273,0.011,0,,,,,,,,,,,,0,1,1,0,4,1,0,0,0,0,1,,0,0,1,0,0,0,0,0,0,1,1,USA,1,0,1985,1996,12.0,2.5,27324,10930.0,1990.5,0,0,0,0,1,0,0,1,0,0,0,0,1,0,0,0,0,0,0,0,0.148,2007,1.8888888888888888,2007,USA1985
1562,73,Filer and Fisher (2007),0.423,0.0115,0,,,,,,,,,,,,0,1,1,0,4,1,0,0,0,0,1,,0,0,1,0,0,0,0,0,1,1,0,USA,1,0,1985,1996,12.0,2.5,27324,10930.0,1990.5,0,0,0,0,1,0,0,1,0,0,0,0,1,0,0,0,0,0,0,0,0.148,2007,1.8888888888888888,2007,USA1985
1563,73,Filer and Fisher (2007),-0.01,0.0136,0,,,,,,,,,,,,0,1,1,0,4,1,0,0,0,0,1,,0,0,1,0,0,0,0,1,0,0,1,USA,1,0,1985,1996,12.0,2.5,18405,7362.0,1990.5,0,0,0,0,1,0,0,1,0,0,0,0,1,0,0,0,0,0,0,0,0.148,2007,1.8888888888888888,2007,USA1985
1564,73,Filer and Fisher (2007),0.0102,0.0146,0,,,,,,,,,,,,0,1,1,0,4,1,0,0,0,0,1,,0,0,1,0,0,0,0,1,1,0,0,USA,1,0,1985,1996,12.0,2.5,18405,7362.0,1990.5,0,0,0,0,1,0,0,1,0,0,0,0,1,0,0,0,0,0,0,0,0.148,2007,1.8888888888888888,2007,USA1985
1565,73,Filer and Fisher (2007),0.0529,0.0149,0,,,,,,,,,,,,0,1,1,0,4,1,0,0,0,0,1,,0,0,1,0,0,0,0,0,0,1,1,USA,1,0,1985,1996,12.0,2.5,10095,4038.0,1990.5,0,0,0,0,1,0,0,1,0,0,0,0,1,0,0,0,0,0,0,0,0.148,2007,1.8888888888888888,2007,USA1985
1566,73,Filer and Fisher (2007),0.072,0.0187,0,,,,,,,,,,,,0,1,1,0,4,1,0,0,0,0,1,,0,0,1,0,0,0,0,0,1,1,0,USA,1,0,1985,1996,12.0,2.5,10095,4038.0,1990.5,0,0,0,0,1,0,0,1,0,0,0,0,1,0,0,0,0,0,0,0,0.148,2007,1.8888888888888888,2007,USA1985
1567,74,Guariglia and Rossi (2002),-0.0002,0.000204081632653061,0,,,,,,,,,,,,0,1,1,0,6,1,0,0,1,0,1,,0,0,0,0,1,0,0,0,0,0,0,UK,1,0,1992,1997,6.0,4.7,5649,1202.0,1994.5,0,0,0,0,0,1,0,1,0,0,0,0,0,0,1,1,0,0,0,0,0.34,1999,6.176470588235294,2002,UK1992
1568,75,Haque and Montiel (1989),0.204,0.19190968955785512,0,,,,,,,,,,,,0,0,0,0,0,0,0,0,0,1,0,,0,0,1,0,1,0,0,0,0,0,0,Algeria,1,0,1960,1985,26.0,26.0,26,1.0,1972.5,0,0,0,1,0,1,1,1,0,1,0,0,1,0,1,0,0,0,0,0,1.177,1989,6.037037037037037,1989,Algeria1960
1569,75,Haque and Montiel (1989),0.446,0.2987273945077026,0,,,,,,,,,,,,0,0,0,0,0,0,0,0,0,1,0,,0,0,1,0,1,0,0,0,0,0,0,Egypt,1,0,1960,1985,26.0,26.0,26,1.0,1972.5,0,0,0,1,0,1,1,1,0,1,0,0,1,0,1,0,0,0,0,0,1.177,1989,6.037037037037037,1989,Egypt1960
1570,75,Haque and Montiel (1989),0.344,0.31046931407942235,0,,,,,,,,,,,,0,0,0,0,0,0,0,0,0,1,0,,0,0,1,0,1,0,0,0,0,0,0,India,1,0,1960,1985,26.0,26.0,26,1.0,1972.5,0,0,0,1,0,1,1,1,0,1,0,0,1,0,1,0,0,0,0,0,1.177,1989,6.037037037037037,1989,India1960
1571,75,Haque and Montiel (1989),0.584,0.2011712022046159,0,,,,,,,,,,,,0,0,0,0,0,0,0,0,0,1,0,,0,0,1,0,1,0,0,0,0,0,0,Indonesia,1,0,1960,1985,26.0,26.0,26,1.0,1972.5,0,0,0,1,0,1,1,1,0,1,0,0,1,0,1,0,0,0,0,0,1.177,1989,6.037037037037037,1989,Indonesia1960
1572,75,Haque and Montiel (1989),0.368,0.1438061742868308,0,,,,,,,,,,,,0,0,0,0,0,0,0,0,0,1,0,,0,0,1,0,1,0,0,0,0,0,0,Ivory Coast,1,0,1960,1985,26.0,26.0,26,1.0,1972.5,0,0,0,1,0,1,1,1,0,1,0,0,1,0,1,0,0,0,0,0,1.177,1989,6.037037037037037,1989,Ivory Coast1960
1573,75,Haque and Montiel (1989),0.184,0.34328358208955223,0,,,,,,,,,,,,0,0,0,0,0,0,0,0,0,1,0,,0,0,1,0,1,0,0,0,0,0,0,Jamaica,1,0,1960,1985,26.0,26.0,26,1.0,1972.5,0,0,0,1,0,1,1,1,0,1,0,0,1,0,1,0,0,0,0,0,1.177,1989,6.037037037037037,1989,Jamaica1960
1574,75,Haque and Montiel (1989),0.546,0.621160409556314,0,,,,,,,,,,,,0,0,0,0,0,0,0,0,0,1,0,,0,0,1,0,1,0,0,0,0,0,0,Kenya,1,0,1960,1985,26.0,26.0,26,1.0,1972.5,0,0,0,1,0,1,1,1,0,1,0,0,1,0,1,0,0,0,0,0,1.177,1989,6.037037037037037,1989,Kenya1960
1575,75,Haque and Montiel (1989),0.182,0.1285310734463277,0,,,,,,,,,,,,0,0,0,0,0,0,0,0,0,1,0,,0,0,1,0,1,0,0,0,0,0,0,Korea,1,0,1960,1985,26.0,26.0,26,1.0,1972.5,0,0,0,1,0,1,1,1,0,1,0,0,1,0,1,0,0,0,0,0,1.177,1989,6.037037037037037,1989,Korea1960
1576,75,Haque and Montiel (1989),0.234,0.10169491525423728,0,,,,,,,,,,,,0,0,0,0,0,0,0,0,0,1,0,,0,0,1,0,1,0,0,0,0,0,0,Malaysia,1,0,1960,1985,26.0,26.0,26,1.0,1972.5,0,0,0,1,0,1,1,1,0,1,0,0,1,0,1,0,0,0,0,0,1.177,1989,6.037037037037037,1989,Malaysia1960
1577,75,Haque and Montiel (1989),0.609,0.19856537332898597,0,,,,,,,,,,,,0,0,0,0,0,0,0,0,0,1,0,,0,0,1,0,1,0,0,0,0,0,0,Morocco,1,0,1960,1985,26.0,26.0,26,1.0,1972.5,0,0,0,1,0,1,1,1,0,1,0,0,1,0,1,0,0,0,0,0,1.177,1989,6.037037037037037,1989,Morocco1960
1578,75,Haque and Montiel (1989),0.359,0.13629460895975704,0,,,,,,,,,,,,0,0,0,0,0,0,0,0,0,1,0,,0,0,1,0,1,0,0,0,0,0,0,Nigeria,1,0,1960,1985,26.0,26.0,26,1.0,1972.5,0,0,0,1,0,1,1,1,0,1,0,0,1,0,1,0,0,0,0,0,1.177,1989,6.037037037037037,1989,Nigeria1960
1579,75,Haque and Montiel (1989),0.246,0.11680911680911682,0,,,,,,,,,,,,0,0,0,0,0,0,0,0,0,1,0,,0,0,1,0,1,0,0,0,0,0,0,Peru,1,0,1960,1985,26.0,26.0,26,1.0,1972.5,0,0,0,1,0,1,1,1,0,1,0,0,1,0,1,0,0,0,0,0,1.177,1989,6.037037037037037,1989,Peru1960
1580,75,Haque and Montiel (1989),0.209,0.06218387384706932,0,,,,,,,,,,,,0,0,0,0,0,0,0,0,0,1,0,,0,0,1,0,1,0,0,0,0,0,0,Philippines,1,0,1960,1985,26.0,26.0,26,1.0,1972.5,0,0,0,1,0,1,1,1,0,1,0,0,1,0,1,0,0,0,0,0,1.177,1989,6.037037037037037,1989,Philippines1960
1581,75,Haque and Montiel (1989),0.423,0.1519396551724138,0,,,,,,,,,,,,0,0,0,0,0,0,0,0,0,1,0,,0,0,1,0,1,0,0,0,0,0,0,Portugal,1,0,1960,1985,26.0,26.0,26,1.0,1972.5,0,0,0,1,0,1,1,1,0,1,0,0,1,0,1,0,0,0,0,0,1.177,1989,6.037037037037037,1989,Portugal1960
1582,75,Haque and Montiel (1989),0.713,0.07098058735689397,0,,,,,,,,,,,,0,0,0,0,0,0,0,0,0,1,0,,0,0,1,0,1,0,0,0,0,0,0,Thailand,1,0,1960,1985,26.0,26.0,26,1.0,1972.5,0,0,0,1,0,1,1,1,0,1,0,0,1,0,1,0,0,0,0,0,1.177,1989,6.037037037037037,1989,Thailand1960
1583,75,Haque and Montiel (1989),0.468,0.15304120340091565,0,,,,,,,,,,,,0,0,0,0,0,0,0,0,0,1,0,,0,0,1,0,1,0,0,0,0,0,0,Turkey,1,0,1960,1985,26.0,26.0,26,1.0,1972.5,0,0,0,1,0,1,1,1,0,1,0,0,1,0,1,0,0,0,0,0,1.177,1989,6.037037037037037,1989,Turkey1960
1584,76,Hahm and Steigerwald (1999),0.2133,0.1164,0,,,,,,,,,,,,0,0,0,0,0,0,0,0,0,0,0,,0,0,1,0,0,0,0,0,0,0,0,USA,0,0,1981,1994,14.0,54.0,54,1.0,1982.5,0,0,0,0,0,1,1,1,0,0,0,1,0,0,0,1,0,0,0,0,1.177,1999,3.8823529411764706,1999,USA1981
1585,76,Hahm and Steigerwald (1999),0.1832,0.1325,0,,,,,,,,,,,,0,0,0,0,0,0,0,0,0,0,0,,0,0,0,1,1,0,0,0,0,0,0,USA,0,0,1981,1994,14.0,54.0,54,1.0,1982.5,0,0,0,0,0,1,1,1,0,0,0,1,0,0,0,1,0,0,0,0,1.177,1999,3.8823529411764706,1999,USA1981
1586,76,Hahm and Steigerwald (1999),0.2268,0.1365,0,,,,,,,,,,,,0,0,0,0,0,0,0,0,0,0,0,,0,0,1,0,0,0,0,0,0,0,0,USA,0,0,1981,1994,14.0,54.0,54,1.0,1982.5,0,0,0,0,0,1,1,1,0,0,0,1,0,0,0,1,0,0,0,0,1.177,1999,3.8823529411764706,1999,USA1981
1587,76,Hahm and Steigerwald (1999),0.1983,0.17773,0,,,,,,,,,,,,0,0,0,0,0,0,0,0,0,0,0,,0,0,0,1,1,0,0,0,0,0,0,USA,0,0,1981,1994,14.0,54.0,54,1.0,1982.5,0,0,0,0,0,1,1,1,0,0,0,1,0,0,0,1,0,0,0,0,1.177,1999,3.8823529411764706,1999,USA1981
1588,77,Hayashi (1982),0.171,0.256,0,,,,,,,,,,,,0,0,0,0,0,0,0,0,0,1,0,,0,0,0,0,1,0,0,0,0,0,0,USA,1,0,1948,1978,31.0,31.0,31,1.0,1958.0,0,0,0,0,0,0,0,0,0,0,0,0,0,0,1,0,0,0,0,1,3.525,1982,11.147058823529411,1982,USA1948
1589,77,Hayashi (1982),-0.0522,0.255,0,,,,,,,,,,,,0,0,0,0,0,0,0,0,0,1,0,,0,0,0,0,1,0,0,0,0,0,0,USA,1,0,1948,1978,31.0,31.0,31,1.0,1958.0,0,0,0,0,0,0,0,0,0,0,0,0,0,0,1,0,0,0,0,1,3.525,1982,11.147058823529411,1982,USA1948
1590,77,Hayashi (1982),0.892,0.046,0,,,,,,,,,,,,0,0,0,0,0,0,0,0,0,1,0,,0,0,0,0,1,0,0,0,0,0,0,USA,1,0,1948,1978,31.0,31.0,31,1.0,1958.0,0,0,0,0,0,0,0,0,0,0,0,0,0,0,1,0,0,0,0,1,3.525,1982,11.147058823529411,1982,USA1948
1591,77,Hayashi (1982),0.0456,0.078,0,,,,,,,,,,,,0,0,0,0,0,0,0,0,0,1,0,,0,0,0,0,1,0,0,0,0,0,0,USA,1,0,1948,1978,31.0,31.0,31,1.0,1958.0,0,0,0,0,0,0,0,0,0,0,0,0,0,0,1,0,0,0,0,1,3.525,1982,11.147058823529411,1982,USA1948
1592,77,Hayashi (1982),0.047,0.0748,0,,,,,,,,,,,,0,0,0,0,0,0,0,0,0,1,0,,0,0,0,0,1,0,0,0,0,0,0,USA,1,0,1948,1978,31.0,31.0,31,1.0,1958.0,0,0,0,0,0,0,0,0,0,0,0,0,0,0,1,0,0,0,0,1,3.525,1982,11.147058823529411,1982,USA1948
1593,77,Hayashi (1982),0.861,0.0307,0,,,,,,,,,,,,0,0,0,0,0,0,0,0,0,1,0,,0,0,0,0,1,0,0,0,0,0,0,USA,1,0,1948,1978,31.0,31.0,31,1.0,1958.0,0,0,0,0,0,0,0,0,0,0,0,0,0,0,1,0,0,0,0,1,3.525,1982,11.147058823529411,1982,USA1948
1594,77,Hayashi (1982),0.0998,0.261,0,,,,,,,,,,,,0,0,0,0,0,0,0,0,0,1,0,,0,0,0,0,1,0,0,0,0,0,0,USA,1,0,1948,1978,31.0,31.0,31,1.0,1958.0,0,0,0,0,0,0,0,0,0,0,0,0,0,0,1,0,0,0,0,1,3.525,1982,11.147058823529411,1982,USA1948
1595,77,Hayashi (1982),-0.466,0.317,0,,,,,,,,,,,,0,0,0,0,0,0,0,0,0,1,0,,0,0,0,0,1,0,0,0,0,0,0,USA,1,0,1948,1978,31.0,31.0,31,1.0,1958.0,0,0,0,0,0,0,0,0,0,0,0,0,0,0,1,0,0,0,0,1,3.525,1982,11.147058823529411,1982,USA1948
1596,77,Hayashi (1982),0.943,0.147,0,,,,,,,,,,,,0,0,0,0,0,0,0,0,0,1,0,,0,0,0,0,1,0,0,0,0,0,0,USA,1,0,1948,1978,31.0,31.0,31,1.0,1958.0,0,0,0,0,0,0,0,0,0,0,0,0,0,0,1,0,0,0,0,1,3.525,1982,11.147058823529411,1982,USA1948
1597,78,Iacoviello (2004),0.26,0.08,0,,,,,,,,,,,,1,0,0,0,0,0,0,0,0,1,0,,0,0,0,0,0,0,0,0,0,0,0,USA,0,0,1986,2002,17.0,68.0,68,1.0,1994.0,0,0,0,0,0,0,0,0,0,0,0,0,0,0,0,0,0,0,0,0,0.259,2004,16.166666666666668,2004,USA1986
1598,78,Iacoviello (2004),0.22,0.09,0,,,,,,,,,,,,1,0,0,0,0,0,0,0,0,1,0,,0,0,0,0,0,0,0,0,0,0,0,USA,0,0,1986,2002,17.0,68.0,68,1.0,1994.0,0,0,0,0,0,0,0,0,0,0,0,0,0,0,0,0,0,0,0,0,0.259,2004,16.166666666666668,2004,USA1986
1599,78,Iacoviello (2004),0.18,0.06,0,,,,,,,,,,,,1,0,0,0,0,0,0,0,0,1,0,,0,0,0,0,0,0,0,0,0,0,0,USA,0,0,1986,2002,17.0,68.0,68,1.0,1994.0,0,0,0,0,0,0,0,0,0,0,0,0,0,0,0,0,0,0,0,0,0.259,2004,16.166666666666668,2004,USA1986
1600,78,Iacoviello (2004),0.22,0.13,0,,,,,,,,,,,,1,0,0,0,0,0,0,0,0,1,0,,0,0,0,0,1,0,0,0,0,0,0,USA,0,0,1986,2002,17.0,68.0,68,1.0,1994.0,0,0,0,0,0,0,0,0,0,0,0,0,0,0,0,0,0,0,0,0,0.259,2004,16.166666666666668,2004,USA1986
1601,78,Iacoviello (2004),0.26,0.09,0,,,,,,,,,,,,1,0,0,0,0,0,0,0,1,1,0,,0,0,0,0,0,0,0,0,0,0,0,USA,0,0,1986,2002,17.0,68.0,68,1.0,1994.0,0,0,0,0,0,0,0,0,0,0,0,0,0,0,0,0,0,0,0,0,0.259,2004,16.166666666666668,2004,USA1986
1602,78,Iacoviello (2004),0.1,0.08,0,,,,,,,,,,,,1,0,0,0,0,0,0,0,0,1,0,,0,0,0,0,0,0,0,0,0,0,0,USA,0,0,1986,2002,17.0,68.0,68,1.0,1994.0,0,0,0,0,0,0,0,0,0,0,0,0,0,0,0,1,0,0,0,0,0.259,2004,16.166666666666668,2004,USA1986
1603,78,Iacoviello (2004),0.25,0.06,0,,,,,,,,,,,,1,0,0,0,0,0,0,0,0,1,0,,0,0,0,0,0,0,0,0,0,0,0,USA,0,0,1986,2002,17.0,68.0,68,1.0,1994.0,0,0,0,0,0,0,0,0,0,0,0,0,0,0,0,1,0,0,0,0,0.259,2004,16.166666666666668,2004,USA1986
1604,79,Jappelli and Pistaferri (2006),0.1586,0.0377,0,,,,,,,,,,,,0,1,1,0,5,1,0,0,0,0,0,,0,1,0,0,1,0,0,0,0,0,0,Italy,1,0,1993,1995,3.0,2.0,6422,3211.0,1994.5,0,0,0,0,0,1,0,1,0,0,0,0,1,0,0,0,0,0,0,0,1.968,1999,4.529411764705882,2006,Italy1993
1605,79,Jappelli and Pistaferri (2006),0.1622,0.0248,0,,,,,,,,,,,,0,1,1,0,5,1,0,0,0,0,0,,0,1,0,0,1,0,0,0,0,0,0,Italy,1,0,1993,1995,3.0,2.0,6422,3211.0,1994.5,0,0,0,0,0,1,0,1,0,0,0,0,1,0,0,0,0,0,0,0,1.968,1999,4.529411764705882,2006,Italy1993
1606,79,Jappelli and Pistaferri (2006),0.1542,0.0735,0,,,,,,,,,,,,0,1,1,0,5,1,0,0,0,0,0,,0,1,0,0,1,0,0,0,0,0,0,Italy,1,0,1993,1995,3.0,2.0,6422,3211.0,1994.5,0,0,0,0,0,1,0,1,0,0,0,0,1,0,0,0,0,0,0,0,1.968,1999,4.529411764705882,2006,Italy1993
1607,80,Kohara and Horioka (2006),0.0939,0.0386,0,,,,,,,,,,,,0,1,1,0,3,1,0,0,0,1,0,,0,0,1,0,0,0,0,0,0,0,0,Japan,0,1,1993,2004,12.0,4.6,4582,1006.0,1998.5,0,0,0,0,1,0,0,1,0,0,0,0,1,0,0,0,0,0,0,0,0.088,2005,2.0,2006,Japan1993
1608,80,Kohara and Horioka (2006),0.0968,0.0401,0,,,,,,,,,,,,0,1,1,0,3,1,0,0,0,1,0,,0,0,1,0,0,0,0,0,0,0,0,Japan,0,1,1993,2004,12.0,3.8,3864,1006.0,1998.5,0,0,0,0,1,0,0,1,0,0,0,0,1,0,0,1,0,0,0,0,0.088,2005,2.0,2006,Japan1993
1609,80,Kohara and Horioka (2006),0.0929,0.0359,0,,,,,,,,,,,,0,1,1,0,3,1,0,0,0,1,0,,0,0,1,0,0,0,0,0,0,0,0,Japan,0,1,1993,2004,12.0,4.6,4582,1006.0,1998.5,0,0,0,0,1,0,0,1,0,0,0,0,1,0,0,0,0,0,0,0,0.088,2005,2.0,2006,Japan1993
1610,80,Kohara and Horioka (2006),0.0918,0.0448,0,,,,,,,,,,,,0,1,1,0,3,1,0,0,0,1,0,,0,0,1,0,0,0,0,0,0,0,0,Japan,0,1,1993,2004,12.0,3.8,3864,1006.0,1998.5,0,0,0,0,1,0,0,1,0,0,0,0,1,0,0,1,0,0,0,0,0.088,2005,2.0,2006,Japan1993
1611,80,Kohara and Horioka (2006),0.1254,0.0422,0,,,,,,,,,,,,0,1,1,0,3,1,0,0,0,1,0,,0,0,1,0,0,0,0,1,0,0,0,Japan,0,1,1993,2004,12.0,4.3,4133,956.0,1998.5,0,0,0,0,1,0,0,1,0,0,0,0,1,0,0,0,0,0,0,0,0.088,2005,2.0,2006,Japan1993
1612,80,Kohara and Horioka (2006),0.1311,0.0444,0,,,,,,,,,,,,0,1,1,0,3,1,0,0,0,1,0,,0,0,1,0,0,0,0,1,0,0,0,Japan,0,1,1993,2004,12.0,3.6,3463,956.0,1998.5,0,0,0,0,1,0,0,1,0,0,0,0,1,0,0,1,0,0,0,0,0.088,2005,2.0,2006,Japan1993
1613,80,Kohara and Horioka (2006),0.1147,0.046,0,,,,,,,,,,,,0,1,1,0,3,1,0,0,0,1,0,,0,0,1,0,0,0,0,1,0,0,0,Japan,0,1,1993,2004,12.0,4.3,4133,956.0,1998.5,0,0,0,0,1,0,0,1,0,0,0,0,1,0,0,0,0,0,0,0,0.088,2005,2.0,2006,Japan1993
1614,80,Kohara and Horioka (2006),0.1273,0.0486,0,,,,,,,,,,,,0,1,1,0,3,1,0,0,0,1,0,,0,0,1,0,0,0,0,1,0,0,0,Japan,0,1,1993,2004,12.0,3.6,3463,956.0,1998.5,0,0,0,0,1,0,0,1,0,0,0,0,1,0,0,1,0,0,0,0,0.088,2005,2.0,2006,Japan1993
1615,81,Muellbauer (1988),0.118,0.083,0,,,,,,,,,,,,0,0,0,0,0,0,0,0,1,0,0,,0,0,1,0,1,1,0,0,0,0,0,USA,0,0,1954,1979,26.0,103.0,103,1.0,1966.5,0,0,0,0,0,1,1,1,0,1,1,1,1,0,0,0,0,0,0,0,0.223,1986,5.633333333333334,1988,USA1954
1616,81,Muellbauer (1988),0.114,0.08444,0,,,,,,,,,,,,0,0,0,0,0,0,0,0,1,0,0,,0,0,1,0,1,1,0,0,0,0,0,USA,0,0,1954,1979,26.0,103.0,103,1.0,1966.5,0,0,0,0,0,1,1,1,0,1,1,1,1,0,0,0,0,0,0,0,0.223,1986,5.633333333333334,1988,USA1954
1617,81,Muellbauer (1988),0.149,0.0931,0,,,,,,,,,,,,0,0,0,0,0,0,0,0,1,0,0,,0,0,1,0,1,1,0,0,0,0,0,USA,0,0,1972,1981,10.0,40.0,40,1.0,1986.5,0,0,0,0,0,1,1,1,0,1,1,1,1,0,0,0,0,0,0,0,0.223,1986,5.633333333333334,1988,USA1972
1618,81,Muellbauer (1988),0.115,0.0898,0,,,,,,,,,,,,0,0,0,0,0,0,0,0,1,0,0,,0,0,1,0,1,1,0,0,0,0,0,USA,0,0,1972,1981,10.0,40.0,40,1.0,1986.5,0,0,0,0,0,1,1,1,0,1,1,1,1,0,0,0,0,0,0,0,0.223,1986,5.633333333333334,1988,USA1972
1619,82,Primiceri and Rens (2009),0.031,0.023,0,,,,,,,,,,,,0,1,1,1,2,1,0,0,0,0,0,,0,1,0,0,1,0,0,0,0,0,0,USA,1,0,1980,2000,21.0,8.3,75,9.0,1990.0,0,0,0,0,0,1,0,0,0,0,0,0,1,0,0,0,0,0,0,0,1.803,2006,8.2,2009,USA1980
1620,83,Sommer (2007),0.45,0.11,0,,,,,,,,,,,,0,0,0,0,0,0,0,0,0,0,0,,0,0,1,0,1,0,0,0,0,0,0,USA,0,0,1960,2005,46.0,184.0,184,1.0,1982.5,0,0,0,0,0,1,0,0,1,0,0,0,1,0,0,0,0,0,0,0,0.538,2007,3.5555555555555554,2007,USA1960
1621,83,Sommer (2007),0.36,0.08,0,,,,,,,,,,,,0,0,0,0,0,0,0,0,0,0,0,,0,0,1,0,1,0,0,0,0,0,0,USA,0,0,1960,2005,46.0,184.0,184,1.0,1982.5,0,0,0,0,0,1,0,0,1,0,0,0,1,0,0,0,0,0,0,0,0.538,2007,3.5555555555555554,2007,USA1960
1622,83,Sommer (2007),0.14,0.16,0,,,,,,,,,,,,0,0,0,0,0,0,0,0,1,0,0,,0,0,1,0,1,0,0,0,0,0,0,USA,0,0,1960,2005,46.0,184.0,184,1.0,1982.5,0,0,0,0,0,1,0,0,1,0,0,0,1,0,0,0,0,0,0,0,0.538,2007,3.5555555555555554,2007,USA1960
1623,83,Sommer (2007),0.18,0.11,0,,,,,,,,,,,,0,0,0,0,0,0,0,0,1,0,0,,0,0,1,0,1,0,0,0,0,0,0,USA,0,0,1960,2005,46.0,184.0,184,1.0,1982.5,0,0,0,0,0,1,0,0,1,0,0,0,1,0,0,0,0,0,0,0,0.538,2007,3.5555555555555554,2007,USA1960
1624,83,Sommer (2007),0.21,0.12,0,,,,,,,,,,,,0,0,0,0,0,0,0,0,0,0,0,,0,0,1,0,1,0,0,0,0,0,0,USA,0,0,1960,2005,46.0,184.0,184,1.0,1982.5,0,0,0,0,0,1,0,0,1,0,0,0,1,0,0,0,0,0,0,0,0.538,2007,3.5555555555555554,2007,USA1960
1625,83,Sommer (2007),0.23,0.09,0,,,,,,,,,,,,0,0,0,0,0,0,0,0,0,0,0,,0,0,1,0,1,0,0,0,0,0,0,USA,0,0,1960,2005,46.0,184.0,184,1.0,1982.5,0,0,0,0,0,1,0,0,1,0,0,0,1,0,0,0,0,0,0,0,0.538,2007,3.5555555555555554,2007,USA1960
1626,83,Sommer (2007),0.00045,0.23,0,,,,,,,,,,,,0,0,0,0,0,0,0,0,1,0,0,,0,0,1,0,1,0,0,0,0,0,0,USA,0,0,1960,2005,46.0,184.0,184,1.0,1982.5,0,0,0,0,0,1,0,0,1,0,0,0,1,0,0,0,0,0,0,0,0.538,2007,3.5555555555555554,2007,USA1960
1627,83,Sommer (2007),0.14,0.13,0,,,,,,,,,,,,0,0,0,0,0,0,0,0,1,0,0,,0,0,1,0,1,0,0,0,0,0,0,USA,0,0,1960,2005,46.0,184.0,184,1.0,1982.5,0,0,0,0,0,1,0,0,1,0,0,0,1,0,0,0,0,0,0,0,0.538,2007,3.5555555555555554,2007,USA1960
1628,83,Sommer (2007),-0.06,0.31,0,,,,,,,,,,,,0,0,0,0,0,0,0,0,1,0,0,,0,0,1,0,1,0,0,0,0,0,0,USA,0,0,1960,2005,46.0,184.0,184,1.0,1982.5,0,0,0,0,0,1,0,0,1,0,0,0,1,0,0,0,0,0,0,0,0.538,2007,3.5555555555555554,2007,USA1960
1629,83,Sommer (2007),0.23,0.17,0,,,,,,,,,,,,0,0,0,0,0,0,0,0,1,0,0,,0,0,1,0,1,0,0,0,0,0,0,USA,0,0,1960,2005,46.0,184.0,184,1.0,1982.5,0,0,0,0,0,1,0,0,1,0,0,0,1,0,0,0,0,0,0,0,0.538,2007,3.5555555555555554,2007,USA1960
1630,83,Sommer (2007),0.1,0.06,0,,,,,,,,,,,,0,0,0,0,0,0,0,0,1,0,0,,0,0,1,0,1,0,0,0,0,0,0,USA,0,0,1960,2005,46.0,184.0,184,1.0,1982.5,0,0,0,0,0,1,1,0,1,0,0,0,1,0,0,0,0,0,0,0,0.538,2007,3.5555555555555554,2007,USA1960
1631,83,Sommer (2007),0.09,0.04,0,,,,,,,,,,,,0,0,0,0,0,0,0,0,1,0,0,,0,0,1,0,1,0,0,0,0,0,0,USA,0,0,1960,2005,46.0,184.0,184,1.0,1982.5,0,0,0,0,0,1,1,0,1,0,0,0,1,0,0,0,0,0,0,0,0.538,2007,3.5555555555555554,2007,USA1960
1632,83,Sommer (2007),0.07,0.07,0,,,,,,,,,,,,0,0,0,0,0,0,0,0,1,0,0,,0,0,1,0,1,0,0,0,0,0,0,USA,0,0,1960,2005,46.0,184.0,184,1.0,1982.5,0,0,0,0,0,1,1,0,1,0,0,0,1,0,0,0,0,0,0,0,0.538,2007,3.5555555555555554,2007,USA1960
1633,83,Sommer (2007),0.09,0.04,0,,,,,,,,,,,,0,0,0,0,0,0,0,0,1,0,0,,0,0,1,0,1,0,0,0,0,0,0,USA,0,0,1960,2005,46.0,184.0,184,1.0,1982.5,0,0,0,0,0,1,1,0,1,0,0,0,1,0,0,0,0,0,0,0,0.538,2007,3.5555555555555554,2007,USA1960
1634,83,Sommer (2007),0.08,0.07,0,,,,,,,,,,,,0,0,0,0,0,0,0,0,1,0,0,,0,0,1,0,1,0,0,0,0,0,0,USA,0,0,1960,2005,46.0,184.0,184,1.0,1982.5,0,0,0,0,0,1,1,0,1,0,0,0,1,0,0,0,0,0,0,0,0.538,2007,3.5555555555555554,2007,USA1960
1635,83,Sommer (2007),0.14,0.06,0,,,,,,,,,,,,0,0,0,0,0,0,0,0,1,0,0,,0,0,1,0,1,0,0,0,0,0,0,USA,0,0,1960,2005,46.0,184.0,184,1.0,1982.5,0,0,0,0,0,1,1,0,1,0,0,0,1,0,0,0,0,0,0,0,0.538,2007,3.5555555555555554,2007,USA1960
1636,83,Sommer (2007),0.05,0.08,0,,,,,,,,,,,,0,0,0,0,0,0,0,0,1,0,0,,0,0,1,0,1,0,0,0,0,0,0,USA,0,0,1960,2005,46.0,184.0,184,1.0,1982.5,0,0,0,0,0,1,1,0,1,0,0,0,1,0,0,0,0,0,0,0,0.538,2007,3.5555555555555554,2007,USA1960
1637,83,Sommer (2007),0.014,0.06,0,,,,,,,,,,,,0,0,0,0,0,0,0,0,1,0,0,,0,0,1,0,1,0,0,0,0,0,0,USA,0,0,1960,2005,46.0,184.0,184,1.0,1982.5,0,0,0,0,0,1,1,0,1,0,0,0,1,0,0,0,0,0,0,0,0.538,2007,3.5555555555555554,2007,USA1960
1638,84,Wilcox (1989),0.143,0.051,0,,,,,,,,,,,,0,0,0,0,0,0,0,0,1,1,0,,0,0,0,1,1,1,0,0,0,0,1,USA,0,1,1965,1985,21.0,252.0,252,1.0,1975.0,1,0,0,0,0,0,0,0,0,0,0,0,0,0,0,0,0,0,0,1,3.525,1989,5.962962962962963,1989,USA1965
1639,84,Wilcox (1989),0.368,0.08346256645946133,0,,,,,,,,,,,,0,0,0,0,0,0,0,0,1,1,0,,0,0,0,1,1,0,1,0,0,0,1,USA,0,1,1965,1985,21.0,252.0,252,1.0,1975.0,1,0,0,0,0,0,0,0,0,0,0,0,0,0,0,0,0,0,0,1,3.525,1989,5.962962962962963,1989,USA1965
1640,84,Wilcox (1989),0.061,0.036,0,,,,,,,,,,,,0,0,0,0,0,0,0,0,1,0,0,,0,0,0,1,1,1,0,0,0,0,1,USA,0,1,1965,1985,21.0,252.0,252,1.0,1975.0,1,0,0,0,0,0,0,0,0,0,0,0,0,0,0,0,0,0,0,1,3.525,1989,5.962962962962963,1989,USA1965
1641,84,Wilcox (1989),0.155,0.06352952069707436,0,,,,,,,,,,,,0,0,0,0,0,0,0,0,1,0,0,,0,0,0,1,1,0,1,0,0,0,1,USA,0,1,1965,1985,21.0,252.0,252,1.0,1975.0,1,0,0,0,0,0,0,0,0,0,0,0,0,0,0,0,0,0,0,1,3.525,1989,5.962962962962963,1989,USA1965
1642,84,Wilcox (1989),0.296,0.106,0,,,,,,,,,,,,0,0,0,0,0,0,0,0,1,1,0,,0,0,0,1,1,1,0,0,0,0,1,USA,0,1,1965,1985,21.0,252.0,252,1.0,1975.0,1,0,0,0,0,0,0,0,0,0,0,0,0,0,0,0,0,0,0,1,3.525,1989,5.962962962962963,1989,USA1965
1643,84,Wilcox (1989),0.734,0.16630093204789922,0,,,,,,,,,,,,0,0,0,0,0,0,0,0,1,1,0,,0,0,0,1,1,0,1,0,0,0,1,USA,0,1,1965,1985,21.0,252.0,252,1.0,1975.0,1,0,0,0,0,0,0,0,0,0,0,0,0,0,0,0,0,0,0,1,3.525,1989,5.962962962962963,1989,USA1965
1644,84,Wilcox (1989),0.168,0.06,0,,,,,,,,,,,,0,0,0,0,0,0,0,0,1,1,0,,0,0,1,0,1,1,0,0,0,0,1,USA,0,1,1965,1985,21.0,252.0,252,1.0,1975.0,1,0,0,0,0,1,0,0,0,0,0,0,1,0,0,0,0,0,0,1,3.525,1989,5.962962962962963,1989,USA1965
1645,84,Wilcox (1989),0.41400000000000003,0.09338629449764028,0,,,,,,,,,,,,0,0,0,0,0,0,0,0,1,1,0,,0,0,1,0,1,0,1,0,0,0,1,USA,0,1,1965,1985,21.0,252.0,252,1.0,1975.0,1,0,0,0,0,1,0,0,0,0,0,0,1,0,0,0,0,0,0,1,3.525,1989,5.962962962962963,1989,USA1965
1646,84,Wilcox (1989),0.061,0.039,0,,,,,,,,,,,,0,0,0,0,0,0,0,0,1,0,0,,0,0,1,0,1,1,0,0,0,0,1,USA,0,1,1965,1985,21.0,252.0,252,1.0,1975.0,1,0,0,0,0,1,0,0,0,0,0,0,1,0,0,0,0,0,0,1,3.525,1989,5.962962962962963,1989,USA1965
1647,84,Wilcox (1989),0.135,0.06586349520030045,0,,,,,,,,,,,,0,0,0,0,0,0,0,0,1,0,0,,0,0,1,0,1,0,1,0,0,0,1,USA,0,1,1965,1985,21.0,252.0,252,1.0,1975.0,1,0,0,0,0,1,0,0,0,0,0,0,1,0,0,0,0,0,0,1,3.525,1989,5.962962962962963,1989,USA1965
1648,84,Wilcox (1989),0.35,0.131,0,,,,,,,,,,,,0,0,0,0,0,0,0,0,1,1,0,,0,0,1,0,1,1,0,0,0,0,1,USA,0,1,1965,1985,21.0,252.0,252,1.0,1975.0,1,0,0,0,0,1,0,0,0,0,0,0,1,0,0,0,0,0,0,1,3.525,1989,5.962962962962963,1989,USA1965
1649,84,Wilcox (1989),0.854,0.20101243742614539,0,,,,,,,,,,,,0,0,0,0,0,0,0,0,1,1,0,,0,0,1,0,1,0,1,0,0,0,1,USA,0,1,1965,1985,21.0,252.0,252,1.0,1975.0,1,0,0,0,0,1,0,0,0,0,0,0,1,0,0,0,0,0,0,1,3.525,1989,5.962962962962963,1989,USA1965
1650,84,Wilcox (1989),0.045,0.018,0,,,,,,,,,,,,0,0,0,0,0,0,0,0,1,1,0,,0,0,0,1,1,1,0,0,0,0,1,USA,0,1,1965,1985,21.0,252.0,252,1.0,1975.0,1,0,0,0,0,0,0,0,0,0,0,0,0,0,0,0,0,0,0,1,3.525,1989,5.962962962962963,1989,USA1965
1651,84,Wilcox (1989),0.104,0.028142494558940575,0,,,,,,,,,,,,0,0,0,0,0,0,0,0,1,1,0,,0,0,0,1,1,0,1,0,0,0,1,USA,0,1,1965,1985,21.0,252.0,252,1.0,1975.0,1,0,0,0,0,0,0,0,0,0,0,0,0,0,0,0,0,0,0,1,3.525,1989,5.962962962962963,1989,USA1965
1652,84,Wilcox (1989),0.019,0.015,0,,,,,,,,,,,,0,0,0,0,0,0,0,0,1,0,0,,0,0,0,1,1,1,0,0,0,0,1,USA,0,1,1965,1985,21.0,252.0,252,1.0,1975.0,1,0,0,0,0,0,0,0,0,0,0,0,0,0,0,0,0,0,0,1,3.525,1989,5.962962962962963,1989,USA1965
1653,84,Wilcox (1989),0.048,0.023043437243605823,0,,,,,,,,,,,,0,0,0,0,0,0,0,0,1,0,0,,0,0,0,1,1,0,1,0,0,0,1,USA,0,1,1965,1985,21.0,252.0,252,1.0,1975.0,1,0,0,0,0,0,0,0,0,0,0,0,0,0,0,0,0,0,0,1,3.525,1989,5.962962962962963,1989,USA1965
1654,84,Wilcox (1989),0.222,0.062,0,,,,,,,,,,,,0,0,0,0,0,0,0,0,1,1,0,,0,0,0,1,1,1,0,0,0,0,1,USA,0,1,1965,1985,21.0,252.0,252,1.0,1975.0,1,0,0,0,0,0,0,0,0,0,0,0,0,0,0,0,0,0,0,1,3.525,1989,5.962962962962963,1989,USA1965
1655,84,Wilcox (1989),0.49,0.10458011283222064,0,,,,,,,,,,,,0,0,0,0,0,0,0,0,1,1,0,,0,0,0,1,1,0,1,0,0,0,1,USA,0,1,1965,1985,21.0,252.0,252,1.0,1975.0,1,0,0,0,0,0,0,0,0,0,0,0,0,0,0,0,0,0,0,1,3.525,1989,5.962962962962963,1989,USA1965
1656,85,Wirjanto (1995),0.128,0.043,0,,,,,,,,,,,,1,0,0,0,0,0,0,0,0,0,0,,0,0,0,0,1,0,0,0,0,0,0,Canada,0,0,1953,1992,40.0,160.0,160,1.0,1972.5,0,0,0,0,0,1,1,0,0,1,0,0,0,0,0,0,0,0,0,0,0.277,1995,1.2380952380952381,1995,Canada1953
1657,85,Wirjanto (1995),0.144,0.048,0,,,,,,,,,,,,1,0,0,0,0,0,0,0,0,0,0,,0,0,0,0,1,0,0,1,0,0,0,Canada,0,0,1953,1992,40.0,160.0,160,1.0,1972.5,0,0,0,0,0,1,1,1,0,1,0,0,0,0,0,0,0,0,0,0,0.277,1995,1.2380952380952381,1995,Canada1953
1658,86,Zhang and Wan (2002),0.464,0.1651,0,,,,,,,,,,,,0,0,0,0,0,0,0,0,0,1,0,,0,0,0,1,1,0,0,0,0,0,0,China,1,0,1966,1998,33.0,33.0,33,1.0,1982.0,0,1,0,1,0,0,0,0,0,0,0,0,0,0,0,0,0,0,0,0,0.151,2002,2.2857142857142856,2002,China1966
1659,86,Zhang and Wan (2002),0.4579,0.175,0,,,,,,,,,,,,1,0,0,0,0,0,0,0,0,1,0,,0,0,0,1,1,0,0,0,0,0,0,China,1,0,1966,1998,33.0,33.0,33,1.0,1982.0,0,1,0,1,0,0,0,0,0,0,0,0,0,0,0,0,0,0,0,0,0.151,2002,2.2857142857142856,2002,China1966
1660,86,Zhang and Wan (2002),0.3632,0.1834,0,,,,,,,,,,,,0,0,0,0,0,0,0,0,0,1,0,,0,0,1,0,1,0,0,0,0,0,0,China,1,0,1966,1998,33.0,33.0,33,1.0,1982.0,0,0,0,1,1,0,1,1,0,1,0,0,0,0,0,0,0,0,0,0,0.151,2002,2.2857142857142856,2002,China1966
1661,86,Zhang and Wan (2002),0.3436,0.19153,0,,,,,,,,,,,,1,0,0,0,0,0,0,0,0,1,0,,0,0,1,0,1,0,0,0,0,0,0,China,1,0,1966,1998,33.0,33.0,33,1.0,1982.0,0,0,0,1,1,0,1,1,0,1,0,0,0,0,0,0,0,0,0,0,0.151,2002,2.2857142857142856,2002,China1966
1662,86,Zhang and Wan (2002),0.3264,0.17924,0,,,,,,,,,,,,1,0,0,0,0,0,0,0,0,1,0,,0,0,1,0,1,0,0,0,0,0,0,China,1,0,1966,1998,33.0,33.0,33,1.0,1982.0,0,0,0,1,1,0,1,1,0,1,0,0,0,0,0,1,0,0,0,0,0.151,2002,2.2857142857142856,2002,China1966
1663,86,Zhang and Wan (2002),0.2607,0.129,0,,,,,,,,,,,,1,0,0,0,0,0,0,0,1,1,0,,0,0,1,0,1,0,0,0,0,0,0,China,1,0,1966,1998,33.0,33.0,33,1.0,1982.0,0,0,0,1,1,0,1,1,0,1,0,0,0,0,0,1,0,0,0,0,0.151,2002,2.2857142857142856,2002,China1966
1664,86,Zhang and Wan (2002),0.3699,0.1802,0,,,,,,,,,,,,1,0,0,0,0,0,0,0,0,1,0,,0,0,1,0,1,1,0,0,0,0,0,China,1,0,1966,1998,33.0,33.0,33,1.0,1982.0,0,0,0,1,1,0,1,1,0,1,0,0,0,0,0,1,0,0,0,0,0.151,2002,2.2857142857142856,2002,China1966
1665,86,Zhang and Wan (2002),0.3261,0.1922,0,,,,,,,,,,,,0,0,0,0,0,0,0,0,0,1,0,,0,0,1,0,1,0,0,0,0,0,0,China,1,0,1966,1998,33.0,33.0,33,1.0,1982.0,0,0,0,1,0,0,1,1,0,1,0,1,0,0,0,0,0,0,0,0,0.151,2002,2.2857142857142856,2002,China1966
1666,86,Zhang and Wan (2002),0.3049,0.18345,0,,,,,,,,,,,,1,0,0,0,0,0,0,0,0,1,0,,0,0,1,0,1,0,0,0,0,0,0,China,1,0,1966,1998,33.0,33.0,33,1.0,1982.0,0,0,0,1,0,0,1,1,0,1,0,1,0,0,0,0,0,0,0,0,0.151,2002,2.2857142857142856,2002,China1966
1667,86,Zhang and Wan (2002),0.2992,0.1854,0,,,,,,,,,,,,1,0,0,0,0,0,0,0,0,1,0,,0,0,1,0,1,0,0,0,0,0,0,China,1,0,1966,1998,33.0,33.0,33,1.0,1982.0,0,0,0,1,0,0,1,1,0,1,0,1,0,0,0,1,0,0,0,0,0.151,2002,2.2857142857142856,2002,China1966
1668,86,Zhang and Wan (2002),0.2378,0.12595,0,,,,,,,,,,,,1,0,0,0,0,0,0,0,1,1,0,,0,0,1,0,1,0,0,0,0,0,0,China,1,0,1966,1998,33.0,33.0,33,1.0,1982.0,0,0,0,1,0,0,1,1,0,1,0,1,0,0,0,1,0,0,0,0,0.151,2002,2.2857142857142856,2002,China1966
1669,86,Zhang and Wan (2002),0.3805,0.1815,0,,,,,,,,,,,,1,0,0,0,0,0,0,0,0,1,0,,0,0,1,0,1,1,0,0,0,0,0,China,1,0,1966,1998,33.0,33.0,33,1.0,1982.0,0,0,0,1,0,0,1,1,0,1,0,1,0,0,0,1,0,0,0,0,0.151,2002,2.2857142857142856,2002,China1966
1670,86,Zhang and Wan (2002),0.2769,0.1632,0,,,,,,,,,,,,0,0,0,0,0,0,0,0,0,1,0,,0,0,0,1,1,0,0,0,0,0,0,China,1,0,1966,1984,19.0,19.0,19,1.0,1975.0,0,1,0,1,0,0,0,0,0,0,0,0,0,0,0,0,0,0,0,0,0.151,2002,2.2857142857142856,2002,China1966
1671,86,Zhang and Wan (2002),0.3241,0.1415,0,,,,,,,,,,,,1,0,0,0,0,0,0,0,0,1,0,,0,0,0,1,1,0,0,0,0,0,0,China,1,0,1966,1984,19.0,19.0,19,1.0,1975.0,0,1,0,1,0,0,0,0,0,0,0,0,0,0,0,0,0,0,0,0,0.151,2002,2.2857142857142856,2002,China1966
1672,86,Zhang and Wan (2002),0.1908,0.2376,0,,,,,,,,,,,,0,0,0,0,0,0,0,0,0,1,0,,0,0,1,0,1,0,0,0,0,0,0,China,1,0,1966,1984,19.0,19.0,19,1.0,1975.0,0,0,0,1,0,0,1,1,1,0,0,1,0,0,0,0,0,0,0,0,0.151,2002,2.2857142857142856,2002,China1966
1673,86,Zhang and Wan (2002),0.3706,0.2733,0,,,,,,,,,,,,1,0,0,0,0,0,0,0,0,1,0,,0,0,1,0,1,0,0,0,0,0,0,China,1,0,1966,1984,19.0,19.0,19,1.0,1975.0,0,0,0,1,0,0,1,1,1,0,0,1,0,0,0,1,0,0,0,0,0.151,2002,2.2857142857142856,2002,China1966
1674,86,Zhang and Wan (2002),0.2364,0.11453488372093022,0,,,,,,,,,,,,1,0,0,0,0,0,0,0,1,1,0,,0,0,1,0,1,0,0,0,0,0,0,China,1,0,1966,1984,19.0,19.0,19,1.0,1975.0,0,0,0,1,0,0,1,1,1,0,0,1,0,0,0,1,0,0,0,0,0.151,2002,2.2857142857142856,2002,China1966
1675,86,Zhang and Wan (2002),0.3962,0.13206666666666667,0,,,,,,,,,,,,1,0,0,0,0,0,0,0,0,1,0,,0,0,1,0,1,1,0,0,0,0,0,China,1,0,1966,1984,19.0,19.0,19,1.0,1975.0,0,0,0,1,0,0,1,1,1,0,0,1,0,0,0,1,0,0,0,0,0.151,2002,2.2857142857142856,2002,China1966
1676,86,Zhang and Wan (2002),0.1666,0.23042876901798065,0,,,,,,,,,,,,0,0,0,0,0,0,0,0,0,1,0,,0,0,1,0,1,0,0,0,0,0,0,China,1,0,1966,1984,19.0,19.0,19,1.0,1975.0,0,0,0,1,0,0,1,1,0,0,1,0,0,0,0,0,0,0,0,0,0.151,2002,2.2857142857142856,2002,China1966
1677,86,Zhang and Wan (2002),0.4187,0.2162706611570248,0,,,,,,,,,,,,1,0,0,0,0,0,0,0,0,1,0,,0,0,1,0,1,0,0,0,0,0,0,China,1,0,1966,1984,19.0,19.0,19,1.0,1975.0,0,0,0,1,0,0,1,1,0,0,1,0,0,0,0,0,0,0,0,0,0.151,2002,2.2857142857142856,2002,China1966
1678,86,Zhang and Wan (2002),0.4805,0.22848311935330476,0,,,,,,,,,,,,1,0,0,0,0,0,0,0,0,1,0,,0,0,1,0,1,0,0,0,0,0,0,China,1,0,1966,1984,19.0,19.0,19,1.0,1975.0,0,0,0,1,0,0,1,1,0,0,1,0,0,0,0,1,0,0,0,0,0.151,2002,2.2857142857142856,2002,China1966
1679,86,Zhang and Wan (2002),0.2388,0.11035120147874307,0,,,,,,,,,,,,1,0,0,0,0,0,0,0,1,1,0,,0,0,1,0,1,0,0,0,0,0,0,China,1,0,1966,1984,19.0,19.0,19,1.0,1975.0,0,0,0,1,0,0,1,1,0,0,1,0,0,0,0,1,0,0,0,0,0.151,2002,2.2857142857142856,2002,China1966
1680,86,Zhang and Wan (2002),0.5755,0.14905464905464905,0,,,,,,,,,,,,1,0,0,0,0,0,0,0,0,1,0,,0,0,1,0,1,1,0,0,0,0,0,China,1,0,1966,1984,19.0,19.0,19,1.0,1975.0,0,0,0,1,0,0,1,1,0,0,1,0,0,0,0,1,0,0,0,0,0.151,2002,2.2857142857142856,2002,China1966
1681,86,Zhang and Wan (2002),0.9169,0.1747141768292683,0,,,,,,,,,,,,0,0,0,0,0,0,0,0,0,1,0,,0,0,0,1,1,0,0,0,0,0,0,China,1,0,1985,1998,14.0,14.0,14,1.0,1991.5,0,1,0,1,0,0,0,0,0,0,0,0,0,0,0,0,0,0,0,0,0.151,2002,2.2857142857142856,2002,China1985
1682,86,Zhang and Wan (2002),1.026,0.11971995332555425,0,,,,,,,,,,,,1,0,0,0,0,0,0,0,0,1,0,,0,0,0,1,1,0,0,0,0,0,0,China,1,0,1985,1998,14.0,14.0,14,1.0,1991.5,0,1,0,1,0,0,0,0,0,0,0,0,0,0,0,0,0,0,0,0,0.151,2002,2.2857142857142856,2002,China1985
1683,86,Zhang and Wan (2002),0.7358,0.1914151925078044,0,,,,,,,,,,,,0,0,0,0,0,0,0,0,0,1,0,,0,0,1,0,1,0,0,0,0,0,0,China,1,0,1985,1998,14.0,14.0,14,1.0,1991.5,0,0,0,1,1,0,1,1,1,0,0,1,0,0,0,0,0,0,0,0,0.151,2002,2.2857142857142856,2002,China1985
1684,86,Zhang and Wan (2002),0.7278,0.3272482014388489,0,,,,,,,,,,,,1,0,0,0,0,0,0,0,0,1,0,,0,0,1,0,1,0,0,0,0,0,0,China,1,0,1985,1998,14.0,14.0,14,1.0,1991.5,0,0,0,1,1,0,1,1,1,0,0,1,0,0,0,0,0,0,0,0,0.151,2002,2.2857142857142856,2002,China1985
1685,86,Zhang and Wan (2002),0.8239,0.2685462842242503,0,,,,,,,,,,,,1,0,0,0,0,0,0,0,0,1,0,,0,0,1,0,1,0,0,0,0,0,0,China,1,0,1985,1998,14.0,14.0,14,1.0,1991.5,0,0,0,1,1,0,1,1,1,0,0,1,0,0,0,1,0,0,0,0,0.151,2002,2.2857142857142856,2002,China1985
1686,86,Zhang and Wan (2002),0.8231,0.28540221914008324,0,,,,,,,,,,,,1,0,0,0,0,0,0,0,1,1,0,,0,0,1,0,1,0,0,0,0,0,0,China,1,0,1985,1998,14.0,14.0,14,1.0,1991.5,0,0,0,1,1,0,1,1,1,0,0,1,0,0,0,1,0,0,0,0,0.151,2002,2.2857142857142856,2002,China1985
1687,86,Zhang and Wan (2002),0.8289,0.25822429906542055,0,,,,,,,,,,,,1,0,0,0,0,0,0,0,0,1,0,,0,0,1,0,1,1,0,0,0,0,0,China,1,0,1985,1998,14.0,14.0,14,1.0,1991.5,0,0,0,1,1,0,1,1,1,0,0,1,0,0,0,1,0,0,0,0,0.151,2002,2.2857142857142856,2002,China1985
1688,86,Zhang and Wan (2002),0.464,0.1650658128779794,0,,,,,,,,,,,,0,0,0,0,0,0,0,0,0,1,0,,0,0,0,1,1,0,0,0,0,0,0,China,1,0,1966,1998,33.0,33.0,33,1.0,1982.0,0,1,0,1,0,0,0,0,0,0,0,0,0,0,0,0,0,0,0,0,0.151,2002,2.2857142857142856,2002,China1966
1689,86,Zhang and Wan (2002),0.4392,0.17738287560581584,0,,,,,,,,,,,,0,0,0,0,0,0,0,0,0,1,0,,0,0,0,1,1,0,0,0,0,0,0,China,1,0,1966,1998,33.0,33.0,33,1.0,1982.0,0,1,0,1,0,0,0,0,0,0,0,0,0,0,0,0,0,0,0,0,0.151,2002,2.2857142857142856,2002,China1966
1690,86,Zhang and Wan (2002),0.3261,0.19216263995285798,0,,,,,,,,,,,,0,0,0,0,0,0,0,0,0,1,0,,0,0,1,0,1,0,0,0,0,0,0,China,1,0,1966,1998,33.0,33.0,33,1.0,1982.0,0,0,0,1,0,0,1,1,0,1,0,1,0,0,0,0,0,0,0,0,0.151,2002,2.2857142857142856,2002,China1966
1691,86,Zhang and Wan (2002),0.3029,0.16642857142857143,0,,,,,,,,,,,,0,0,0,0,0,0,0,0,0,1,0,,0,0,1,0,1,0,0,0,0,0,0,China,1,0,1966,1998,33.0,33.0,33,1.0,1982.0,0,0,0,1,0,0,1,1,0,1,0,1,0,0,0,0,0,0,0,0,0.151,2002,2.2857142857142856,2002,China1966
1692,86,Zhang and Wan (2002),0.2974,0.1680225988700565,0,,,,,,,,,,,,0,0,0,0,0,0,0,0,0,1,0,,0,0,1,0,1,0,0,0,0,0,0,China,1,0,1966,1998,33.0,33.0,33,1.0,1982.0,0,0,0,1,0,0,1,1,0,1,0,1,0,0,0,1,0,0,0,0,0.151,2002,2.2857142857142856,2002,China1966
1693,86,Zhang and Wan (2002),0.2394,0.1246875,0,,,,,,,,,,,,0,0,0,0,0,0,0,0,1,1,0,,0,0,1,0,1,0,0,0,0,0,0,China,1,0,1966,1998,33.0,33.0,33,1.0,1982.0,0,0,0,1,0,0,1,1,0,1,0,1,0,0,0,1,0,0,0,0,0.151,2002,2.2857142857142856,2002,China1966
1694,86,Zhang and Wan (2002),0.3728,0.20043010752688173,0,,,,,,,,,,,,0,0,0,0,0,0,0,0,0,1,0,,0,0,1,0,1,1,0,0,0,0,0,China,1,0,1966,1998,33.0,33.0,33,1.0,1982.0,0,0,0,1,0,0,1,1,0,1,0,1,0,0,0,1,0,0,0,0,0.151,2002,2.2857142857142856,2002,China1966
1695,86,Zhang and Wan (2002),0.3364,0.22668463611859838,0,,,,,,,,,,,,0,0,0,0,0,0,0,0,0,1,0,,0,0,1,0,1,0,0,0,0,0,0,China,1,0,1966,1998,33.0,33.0,33,1.0,1982.0,0,0,0,1,1,0,1,1,0,1,1,1,0,0,0,0,0,0,0,0,0.151,2002,2.2857142857142856,2002,China1966
1696,86,Zhang and Wan (2002),0.2665,0.20500000000000002,0,,,,,,,,,,,,0,0,0,0,0,0,0,0,0,1,0,,0,0,1,0,1,0,0,0,0,0,0,China,1,0,1966,1998,33.0,33.0,33,1.0,1982.0,0,0,0,1,1,0,1,1,0,1,1,1,0,0,0,0,0,0,0,0,0.151,2002,2.2857142857142856,2002,China1966
1697,86,Zhang and Wan (2002),0.2759,0.2039172209903917,0,,,,,,,,,,,,0,0,0,0,0,0,0,0,0,1,0,,0,0,1,0,1,0,0,0,0,0,0,China,1,0,1966,1998,33.0,33.0,33,1.0,1982.0,0,0,0,1,1,0,1,1,0,1,1,1,0,0,0,1,0,0,0,0,0.151,2002,2.2857142857142856,2002,China1966
1698,86,Zhang and Wan (2002),0.2329,0.14332307692307691,0,,,,,,,,,,,,0,0,0,0,0,0,0,0,1,1,0,,0,0,1,0,1,0,0,0,0,0,0,China,1,0,1966,1998,33.0,33.0,33,1.0,1982.0,0,0,0,1,1,0,1,1,0,1,1,1,0,0,0,1,0,0,0,0,0.151,2002,2.2857142857142856,2002,China1966
1699,86,Zhang and Wan (2002),0.3538,0.20113700966458217,0,,,,,,,,,,,,0,0,0,0,0,0,0,0,0,1,0,,0,0,1,0,1,1,0,0,0,0,0,China,1,0,1966,1998,33.0,33.0,33,1.0,1982.0,0,0,0,1,1,0,1,1,0,1,1,1,0,0,0,1,0,0,0,0,0.151,2002,2.2857142857142856,2002,China1966
1700,86,Zhang and Wan (2002),0.2769,0.16317030053034765,0,,,,,,,,,,,,0,0,0,0,0,0,0,0,0,1,0,,0,0,0,1,1,0,0,0,0,0,0,China,1,0,1966,1984,19.0,19.0,19,1.0,1975.0,0,1,0,1,0,0,0,0,0,0,0,0,0,0,0,0,0,0,0,0,0.151,2002,2.2857142857142856,2002,China1966
1701,86,Zhang and Wan (2002),0.2686,0.09034645139589641,0,,,,,,,,,,,,0,0,0,0,0,0,0,0,0,1,0,,0,0,0,1,1,0,0,0,0,0,0,China,1,0,1966,1984,19.0,19.0,19,1.0,1975.0,0,1,0,1,0,0,0,0,0,0,0,0,0,0,0,0,0,0,0,0,0.151,2002,2.2857142857142856,2002,China1966
1702,86,Zhang and Wan (2002),0.1908,0.23760896637608964,0,,,,,,,,,,,,0,0,0,0,0,0,0,0,0,1,0,,0,0,1,0,1,0,0,0,0,0,0,China,1,0,1966,1984,19.0,19.0,19,1.0,1975.0,0,0,0,1,0,0,1,1,1,0,0,1,0,0,0,0,0,0,0,0,0.151,2002,2.2857142857142856,2002,China1966
1703,86,Zhang and Wan (2002),0.3449,0.1488562796719896,0,,,,,,,,,,,,0,0,0,0,0,0,0,0,0,1,0,,0,0,1,0,1,0,0,0,0,0,0,China,1,0,1966,1984,19.0,19.0,19,1.0,1975.0,0,0,0,1,0,0,1,1,1,0,0,1,0,0,0,0,0,0,0,0,0.151,2002,2.2857142857142856,2002,China1966
1704,86,Zhang and Wan (2002),0.3187,0.12773547094188376,0,,,,,,,,,,,,0,0,0,0,0,0,0,0,0,1,0,,0,0,1,0,1,0,0,0,0,0,0,China,1,0,1966,1984,19.0,19.0,19,1.0,1975.0,0,0,0,1,0,0,1,1,1,0,0,1,0,0,0,1,0,0,0,0,0.151,2002,2.2857142857142856,2002,China1966
1705,86,Zhang and Wan (2002),0.2239,0.11649323621227888,0,,,,,,,,,,,,0,0,0,0,0,0,0,0,1,1,0,,0,0,1,0,1,0,0,0,0,0,0,China,1,0,1966,1984,19.0,19.0,19,1.0,1975.0,0,0,0,1,0,0,1,1,1,0,0,1,0,0,0,1,0,0,0,0,0.151,2002,2.2857142857142856,2002,China1966
1706,86,Zhang and Wan (2002),0.4356,0.1464694014794889,0,,,,,,,,,,,,0,0,0,0,0,0,0,0,0,1,0,,0,0,1,0,1,1,0,0,0,0,0,China,1,0,1966,1984,19.0,19.0,19,1.0,1975.0,0,0,0,1,0,0,1,1,1,0,0,1,0,0,0,1,0,0,0,0,0.151,2002,2.2857142857142856,2002,China1966
1707,86,Zhang and Wan (2002),0.1666,0.23042876901798065,0,,,,,,,,,,,,0,0,0,0,0,0,0,0,0,1,0,,0,0,1,0,1,0,0,0,0,0,0,China,1,0,1966,1984,19.0,19.0,19,1.0,1975.0,0,0,0,1,0,0,1,1,0,1,1,0,0,0,0,0,0,0,0,0,0.151,2002,2.2857142857142856,2002,China1966
1708,86,Zhang and Wan (2002),0.3581,0.14574684574684574,0,,,,,,,,,,,,0,0,0,0,0,0,0,0,0,1,0,,0,0,1,0,1,0,0,0,0,0,0,China,1,0,1966,1984,19.0,19.0,19,1.0,1975.0,0,0,0,1,0,0,1,1,0,1,1,0,0,0,0,0,0,0,0,0,0.151,2002,2.2857142857142856,2002,China1966
1709,86,Zhang and Wan (2002),0.3376,0.1203994293865906,0,,,,,,,,,,,,0,0,0,0,0,0,0,0,0,1,0,,0,0,1,0,1,0,0,0,0,0,0,China,1,0,1966,1984,19.0,19.0,19,1.0,1975.0,0,0,0,1,0,0,1,1,0,1,1,0,0,0,0,1,0,0,0,0,0.151,2002,2.2857142857142856,2002,China1966
1710,86,Zhang and Wan (2002),0.2421,0.1138222849083216,0,,,,,,,,,,,,0,0,0,0,0,0,0,0,1,1,0,,0,0,1,0,1,0,0,0,0,0,0,China,1,0,1966,1984,19.0,19.0,19,1.0,1975.0,0,0,0,1,0,0,1,1,0,1,1,0,0,0,0,1,0,0,0,0,0.151,2002,2.2857142857142856,2002,China1966
1711,86,Zhang and Wan (2002),0.4273,0.1324550526968382,0,,,,,,,,,,,,0,0,0,0,0,0,0,0,0,1,0,,0,0,1,0,1,1,0,0,0,0,0,China,1,0,1966,1984,19.0,19.0,19,1.0,1975.0,0,0,0,1,0,0,1,1,0,1,1,0,0,0,0,1,0,0,0,0,0.151,2002,2.2857142857142856,2002,China1966
1712,86,Zhang and Wan (2002),0.9169,0.1747141768292683,0,,,,,,,,,,,,0,0,0,0,0,0,0,0,0,1,0,,0,0,0,1,1,0,0,0,0,0,0,China,1,0,1985,1998,14.0,14.0,14,1.0,1991.5,0,1,0,1,0,0,0,0,0,0,0,0,0,0,0,0,0,0,0,0,0.151,2002,2.2857142857142856,2002,China1985
1713,86,Zhang and Wan (2002),0.9824,0.1295187870797627,0,,,,,,,,,,,,0,0,0,0,0,0,0,0,0,1,0,,0,0,0,1,1,0,0,0,0,0,0,China,1,0,1985,1998,14.0,14.0,14,1.0,1991.5,0,1,0,1,0,0,0,0,0,0,0,0,0,0,0,0,0,0,0,0,0.151,2002,2.2857142857142856,2002,China1985
1714,86,Zhang and Wan (2002),0.7358,0.1914151925078044,0,,,,,,,,,,,,0,0,0,0,0,0,0,0,0,1,0,,0,0,1,0,1,0,0,0,0,0,0,China,1,0,1985,1998,14.0,14.0,14,1.0,1991.5,0,0,0,1,1,0,1,1,1,0,0,1,0,0,0,0,0,0,0,0,0.151,2002,2.2857142857142856,2002,China1985
1715,86,Zhang and Wan (2002),0.7135,0.2848303393213573,0,,,,,,,,,,,,0,0,0,0,0,0,0,0,0,1,0,,0,0,1,0,1,0,0,0,0,0,0,China,1,0,1985,1998,14.0,14.0,14,1.0,1991.5,0,0,0,1,1,0,1,1,1,0,0,1,0,0,0,0,0,0,0,0,0.151,2002,2.2857142857142856,2002,China1985
1716,86,Zhang and Wan (2002),0.7787,0.2536482084690554,0,,,,,,,,,,,,0,0,0,0,0,0,0,0,0,1,0,,0,0,1,0,1,0,0,0,0,0,0,China,1,0,1985,1998,14.0,14.0,14,1.0,1991.5,0,0,0,1,1,0,1,1,1,0,0,1,0,0,0,1,0,0,0,0,0.151,2002,2.2857142857142856,2002,China1985
1717,86,Zhang and Wan (2002),0.7802,0.27656859269762496,0,,,,,,,,,,,,0,0,0,0,0,0,0,0,1,1,0,,0,0,1,0,1,0,0,0,0,0,0,China,1,0,1985,1998,14.0,14.0,14,1.0,1991.5,0,0,0,1,1,0,1,1,1,0,0,1,0,0,0,1,0,0,0,0,0.151,2002,2.2857142857142856,2002,China1985
1718,86,Zhang and Wan (2002),0.8068,0.22688413948256467,0,,,,,,,,,,,,0,0,0,0,0,0,0,0,0,1,0,,0,0,1,0,1,1,0,0,0,0,0,China,1,0,1985,1998,14.0,14.0,14,1.0,1991.5,0,0,0,1,1,0,1,1,1,0,0,1,0,0,0,1,0,0,0,0,0.151,2002,2.2857142857142856,2002,China1985
1719,86,Zhang and Wan (2002),0.5386,0.19635435654393,0,,,,,,,,,,,,0,0,0,0,0,0,0,0,0,1,0,,0,0,0,1,1,0,0,0,0,0,0,China,1,0,1979,1997,19.0,19.0,19,1.0,1988.0,0,1,0,0,0,0,0,0,0,0,0,0,0,0,0,0,0,0,0,0,0.151,2002,2.2857142857142856,2002,China1979
1720,86,Zhang and Wan (2002),0.5335,0.1529968454258675,0,,,,,,,,,,,,1,0,0,0,0,0,0,0,0,1,0,,0,0,0,1,1,0,0,0,0,0,0,China,1,0,1979,1997,19.0,19.0,19,1.0,1988.0,0,1,0,0,0,0,0,0,0,0,0,0,0,0,0,0,0,0,0,0,0.151,2002,2.2857142857142856,2002,China1979
1721,86,Zhang and Wan (2002),0.8054,0.2513732833957553,0,,,,,,,,,,,,0,0,0,0,0,0,0,0,0,1,0,,0,0,1,0,1,0,0,0,0,0,0,China,1,0,1979,1997,19.0,19.0,19,1.0,1988.0,0,0,0,0,0,0,1,1,0,1,0,0,0,0,0,0,0,0,0,0,0.151,2002,2.2857142857142856,2002,China1979
1722,86,Zhang and Wan (2002),0.7447,0.243684554973822,0,,,,,,,,,,,,1,0,0,0,0,0,0,0,0,1,0,,0,0,1,0,1,0,0,0,0,0,0,China,1,0,1979,1997,19.0,19.0,19,1.0,1988.0,0,0,0,0,0,0,1,1,0,1,0,0,0,0,0,0,0,0,0,0,0.151,2002,2.2857142857142856,2002,China1979
1723,86,Zhang and Wan (2002),0.8948,0.22110205090190266,0,,,,,,,,,,,,1,0,0,0,0,0,0,0,0,1,0,,0,0,1,0,1,0,0,0,0,0,0,China,1,0,1979,1997,19.0,19.0,19,1.0,1988.0,0,0,0,0,0,0,1,1,0,1,0,0,0,0,0,1,0,0,0,0,0.151,2002,2.2857142857142856,2002,China1979
1724,86,Zhang and Wan (2002),0.9254,0.23893622514846372,0,,,,,,,,,,,,1,0,0,0,0,0,0,0,1,1,0,,0,0,1,0,1,0,0,0,0,0,0,China,1,0,1979,1997,19.0,19.0,19,1.0,1988.0,0,0,0,0,0,0,1,1,0,1,0,0,0,0,0,1,0,0,0,0,0.151,2002,2.2857142857142856,2002,China1979
1725,86,Zhang and Wan (2002),0.9298,0.22557011159631246,0,,,,,,,,,,,,1,0,0,0,0,0,0,0,0,1,0,,0,0,1,0,1,1,0,0,0,0,0,China,1,0,1979,1997,19.0,19.0,19,1.0,1988.0,0,0,0,0,0,0,1,1,0,1,0,0,0,0,0,1,0,0,0,0,0.151,2002,2.2857142857142856,2002,China1979
1726,86,Zhang and Wan (2002),0.6673,0.24072871572871574,0,,,,,,,,,,,,0,0,0,0,0,0,0,0,0,1,0,,0,0,1,0,1,0,0,0,0,0,0,China,1,0,1979,1997,19.0,19.0,19,1.0,1988.0,0,0,0,0,0,0,1,1,0,1,1,1,0,0,0,0,0,0,0,0,0.151,2002,2.2857142857142856,2002,China1979
1727,86,Zhang and Wan (2002),0.6962,0.23385959019146796,0,,,,,,,,,,,,1,0,0,0,0,0,0,0,0,1,0,,0,0,1,0,1,0,0,0,0,0,0,China,1,0,1979,1997,19.0,19.0,19,1.0,1988.0,0,0,0,0,0,0,1,1,0,1,1,1,0,0,0,0,0,0,0,0,0.151,2002,2.2857142857142856,2002,China1979
1728,86,Zhang and Wan (2002),0.7071,0.21544789762340036,0,,,,,,,,,,,,1,0,0,0,0,0,0,0,0,1,0,,0,0,1,0,1,0,0,0,0,0,0,China,1,0,1979,1997,19.0,19.0,19,1.0,1988.0,0,0,0,0,0,0,1,1,0,1,1,1,0,0,0,1,0,0,0,0,0.151,2002,2.2857142857142856,2002,China1979
1729,86,Zhang and Wan (2002),0.6679,0.23501055594651654,0,,,,,,,,,,,,1,0,0,0,0,0,0,0,1,1,0,,0,0,1,0,1,0,0,0,0,0,0,China,1,0,1979,1997,19.0,19.0,19,1.0,1988.0,0,0,0,0,0,0,1,1,0,1,1,1,0,0,0,1,0,0,0,0,0.151,2002,2.2857142857142856,2002,China1979
1730,86,Zhang and Wan (2002),0.8104,0.2247988904299584,0,,,,,,,,,,,,1,0,0,0,0,0,0,0,0,1,0,,0,0,1,0,1,1,0,0,0,0,0,China,1,0,1979,1997,19.0,19.0,19,1.0,1988.0,0,0,0,0,0,0,1,1,0,1,1,1,0,0,0,1,0,0,0,0,0.151,2002,2.2857142857142856,2002,China1979
1731,87,Antzoulatos (1997),0.273,0.09349315068493151,0,,,,,,,,,,,,0,0,0,0,0,0,0,0,0,0,0,,0,0,1,0,1,0,0,0,0,0,0,USA,0,0,1953,1988,36.0,144.0,144,1.0,1970.5,0,0,0,0,0,1,1,0,1,0,0,0,1,0,0,0,0,0,0,0,0.148,1997,0.21052631578947367,1997,USA1953
1732,87,Antzoulatos (1997),0.341,0.096875,0,,,,,,,,,,,,0,0,0,0,0,0,0,0,0,0,0,,0,0,1,0,1,0,0,0,0,0,0,USA,0,0,1953,1988,36.0,144.0,144,1.0,1970.5,0,0,0,0,0,1,1,0,1,0,0,0,1,0,0,0,0,0,0,0,0.148,1997,0.21052631578947367,1997,USA1953
1733,87,Antzoulatos (1997),0.328,0.08817204301075268,0,,,,,,,,,,,,0,0,0,0,0,0,0,0,0,0,0,,0,0,1,0,1,0,0,0,0,0,0,USA,0,0,1953,1988,36.0,144.0,144,1.0,1970.5,0,0,0,0,0,1,1,0,1,0,0,0,1,0,0,0,0,0,0,0,0.148,1997,0.21052631578947367,1997,USA1953
1734,87,Antzoulatos (1997),0.37,0.08788598574821853,0,,,,,,,,,,,,0,0,0,0,0,0,0,0,0,0,0,,0,0,1,0,1,0,0,0,0,0,0,USA,0,0,1953,1988,36.0,144.0,144,1.0,1970.5,0,0,0,0,0,1,1,0,1,0,0,0,1,0,0,0,0,0,0,0,0.148,1997,0.21052631578947367,1997,USA1953
1735,87,Antzoulatos (1997),0.614,0.0946070878274268,0,,,,,,,,,,,,0,0,0,0,0,0,0,0,0,0,0,,0,0,1,0,1,0,0,0,0,0,0,Germany,0,0,1962,1992,31.0,124.0,124,1.0,1977.0,0,0,0,0,0,1,1,1,0,0,0,0,1,0,0,0,0,0,0,0,0.148,1997,0.21052631578947367,1997,Germany1962
1736,87,Antzoulatos (1997),0.518,0.13248081841432224,0,,,,,,,,,,,,0,0,0,0,0,0,0,0,0,0,0,,0,0,1,0,1,0,0,0,0,0,0,Germany,0,0,1962,1992,31.0,124.0,124,1.0,1977.0,0,0,0,0,0,1,1,1,0,0,0,0,1,0,0,0,0,0,0,0,0.148,1997,0.21052631578947367,1997,Germany1962
1737,87,Antzoulatos (1997),0.544,0.11956043956043957,0,,,,,,,,,,,,0,0,0,0,0,0,0,0,0,0,0,,0,0,1,0,1,0,0,0,0,0,0,Germany,0,0,1962,1992,31.0,124.0,124,1.0,1977.0,0,0,0,0,0,1,1,1,0,0,0,0,1,0,0,0,0,0,0,0,0.148,1997,0.21052631578947367,1997,Germany1962
1738,87,Antzoulatos (1997),0.31,0.09337349397590362,0,,,,,,,,,,,,0,0,0,0,0,0,0,0,0,0,0,,0,0,1,0,1,0,0,0,0,0,0,UK,0,0,1958,1992,35.0,140.0,140,1.0,1975.0,0,0,0,0,0,1,1,1,0,0,0,0,1,0,0,0,0,0,0,0,0.148,1997,0.21052631578947367,1997,UK1958
1739,87,Antzoulatos (1997),0.31,0.10231023102310231,0,,,,,,,,,,,,0,0,0,0,0,0,0,0,0,0,0,,0,0,1,0,1,0,0,0,0,0,0,UK,0,0,1958,1992,35.0,140.0,140,1.0,1975.0,0,0,0,0,0,1,1,1,0,0,0,0,1,0,0,0,0,0,0,0,0.148,1997,0.21052631578947367,1997,UK1958
1740,87,Antzoulatos (1997),0.301,0.09585987261146496,0,,,,,,,,,,,,0,0,0,0,0,0,0,0,0,0,0,,0,0,1,0,1,0,0,0,0,0,0,UK,0,0,1958,1992,35.0,140.0,140,1.0,1975.0,0,0,0,0,0,1,1,1,0,0,0,0,1,0,0,0,0,0,0,0,0.148,1997,0.21052631578947367,1997,UK1958
1741,87,Antzoulatos (1997),0.445,0.10960591133004928,0,,,,,,,,,,,,0,0,0,0,0,0,0,0,0,0,0,,0,0,1,0,1,0,0,0,0,0,0,Canada,0,0,1961,1992,32.0,127.0,127,1.0,1976.5,0,0,0,0,0,1,1,1,1,0,0,0,1,0,0,0,0,0,0,0,0.148,1997,0.21052631578947367,1997,Canada1961
1742,87,Antzoulatos (1997),0.394,0.15450980392156866,0,,,,,,,,,,,,0,0,0,0,0,0,0,0,0,0,0,,0,0,1,0,1,0,0,0,0,0,0,Canada,0,0,1961,1992,32.0,127.0,127,1.0,1976.5,0,0,0,0,0,1,1,1,1,0,0,0,1,0,0,0,0,0,0,0,0.148,1997,0.21052631578947367,1997,Canada1961
1743,87,Antzoulatos (1997),0.361,0.1444,0,,,,,,,,,,,,0,0,0,0,0,0,0,0,0,0,0,,0,0,1,0,1,0,0,0,0,0,0,Canada,0,0,1961,1992,32.0,127.0,127,1.0,1976.5,0,0,0,0,0,1,1,1,1,0,0,0,1,0,0,0,0,0,0,0,0.148,1997,0.21052631578947367,1997,Canada1961
1744,87,Antzoulatos (1997),0.365,0.12807017543859647,0,,,,,,,,,,,,0,0,0,0,0,0,0,0,0,0,0,,0,0,1,0,1,0,0,0,0,0,0,France,0,0,1971,1992,22.0,86.0,86,1.0,1981.5,0,0,0,0,0,1,1,1,1,0,0,0,1,0,0,0,0,0,0,0,0.148,1997,0.21052631578947367,1997,France1971
1745,87,Antzoulatos (1997),0.369,0.15974025974025974,0,,,,,,,,,,,,0,0,0,0,0,0,0,0,0,0,0,,0,0,1,0,1,0,0,0,0,0,0,France,0,0,1971,1992,22.0,86.0,86,1.0,1981.5,0,0,0,0,0,1,1,1,1,0,0,0,1,0,0,0,0,0,0,0,0.148,1997,0.21052631578947367,1997,France1971
1746,87,Antzoulatos (1997),0.352,0.1402390438247012,0,,,,,,,,,,,,0,0,0,0,0,0,0,0,0,0,0,,0,0,1,0,1,0,0,0,0,0,0,France,0,0,1971,1992,22.0,86.0,86,1.0,1981.5,0,0,0,0,0,1,1,1,1,0,0,0,1,0,0,0,0,0,0,0,0.148,1997,0.21052631578947367,1997,France1971
1747,88,Bayoumi (1997),0.15,0.06,0,,,,,,,,,,,,0,0,1,0,0,1,0,0,0,0,0,,0,0,1,0,1,0,0,0,0,0,0,Canada,1,0,1974,1990,17.0,17.0,170,10.0,1982.0,0,0,0,0,0,1,1,1,0,0,0,1,0,0,0,0,0,0,0,0,0.553,1997,1.263157894736842,1997,Canada1974
1748,88,Bayoumi (1997),0.25,0.04,0,,,,,,,,,,,,0,0,1,0,0,0,0,0,0,0,0,,0,0,1,0,1,0,0,0,0,0,0,Canada,1,0,1974,1990,17.0,17.0,170,10.0,1982.0,0,0,0,0,0,1,1,1,0,0,0,1,0,0,0,0,0,0,0,0,0.553,1997,1.263157894736842,1997,Canada1974
1749,89,Blundell-Wignall et al. (1990),0.35,0.16,0,,,,,,,,,,,,0,0,0,0,0,0,0,0,0,1,0,,0,0,1,0,0,1,0,0,0,0,0,USA,0,0,1960,1969,10.0,40.0,40,1.0,1964.5,0,0,0,0,0,1,1,1,0,0,0,0,1,0,1,0,0,0,0,0,0.304,1990,0.7692307692307693,1990,USA1960
1750,89,Blundell-Wignall et al. (1990),0.38,0.19,0,,,,,,,,,,,,0,0,0,0,0,0,0,0,0,1,0,,0,0,1,0,0,1,0,0,0,0,0,Japan,0,0,1960,1969,10.0,40.0,40,1.0,1964.5,0,0,0,0,0,1,1,1,0,0,0,0,1,0,1,0,0,0,0,0,0.304,1990,0.7692307692307693,1990,Japan1960
1751,89,Blundell-Wignall et al. (1990),0.42,0.14,0,,,,,,,,,,,,0,0,0,0,0,0,0,0,0,1,0,,0,0,1,0,0,1,0,0,0,0,0,Germany,0,0,1960,1969,10.0,40.0,40,1.0,1964.5,0,0,0,0,0,1,1,1,0,0,0,0,1,0,1,0,0,0,0,0,0.304,1990,0.7692307692307693,1990,Germany1960
1752,89,Blundell-Wignall et al. (1990),0.86,0.35,0,,,,,,,,,,,,0,0,0,0,0,0,0,0,0,1,0,,0,0,1,0,0,1,0,0,0,0,0,France,0,0,1960,1969,10.0,40.0,40,1.0,1964.5,0,0,0,0,0,1,1,1,0,0,0,0,1,0,1,0,0,0,0,0,0.304,1990,0.7692307692307693,1990,France1960
1753,89,Blundell-Wignall et al. (1990),-0.3,0.53,0,,,,,,,,,,,,0,0,0,0,0,0,0,0,0,1,0,,0,0,1,0,0,1,0,0,0,0,0,Italy,0,0,1960,1969,10.0,40.0,40,1.0,1964.5,0,0,0,0,0,1,1,1,0,0,0,0,1,0,1,0,0,0,0,0,0.304,1990,0.7692307692307693,1990,Italy1960
1754,89,Blundell-Wignall et al. (1990),0.2,0.2,0,,,,,,,,,,,,0,0,0,0,0,0,0,0,0,1,0,,0,0,1,0,0,1,0,0,0,0,0,UK,0,0,1960,1969,10.0,40.0,40,1.0,1964.5,0,0,0,0,0,1,1,1,0,0,0,0,1,0,1,0,0,0,0,0,0.304,1990,0.7692307692307693,1990,UK1960
1755,89,Blundell-Wignall et al. (1990),0.38,0.18,0,,,,,,,,,,,,0,0,0,0,0,0,0,0,0,1,0,,0,0,1,0,0,1,0,0,0,0,0,Canada,0,0,1960,1969,10.0,40.0,40,1.0,1964.5,0,0,0,0,0,1,1,1,0,0,0,0,1,0,1,0,0,0,0,0,0.304,1990,0.7692307692307693,1990,Canada1960
1756,89,Blundell-Wignall et al. (1990),0.51,0.11,0,,,,,,,,,,,,0,0,0,0,0,0,0,0,0,1,0,,0,0,1,0,0,1,0,0,0,0,0,USA,0,0,1970,1979,10.0,40.0,40,1.0,1974.5,0,0,0,0,0,1,1,1,0,0,0,0,1,0,1,0,0,0,0,0,0.304,1990,0.7692307692307693,1990,USA1970
1757,89,Blundell-Wignall et al. (1990),0.33,0.1,0,,,,,,,,,,,,0,0,0,0,0,0,0,0,0,1,0,,0,0,1,0,0,1,0,0,0,0,0,Japan,0,0,1970,1979,10.0,40.0,40,1.0,1974.5,0,0,0,0,0,1,1,1,0,0,0,0,1,0,1,0,0,0,0,0,0.304,1990,0.7692307692307693,1990,Japan1970
1758,89,Blundell-Wignall et al. (1990),0.67,0.21,0,,,,,,,,,,,,0,0,0,0,0,0,0,0,0,1,0,,0,0,1,0,0,1,0,0,0,0,0,Germany,0,0,1970,1979,10.0,40.0,40,1.0,1974.5,0,0,0,0,0,1,1,1,0,0,0,0,1,0,1,0,0,0,0,0,0.304,1990,0.7692307692307693,1990,Germany1970
1759,89,Blundell-Wignall et al. (1990),0.16,0.14,0,,,,,,,,,,,,0,0,0,0,0,0,0,0,0,1,0,,0,0,1,0,0,1,0,0,0,0,0,France,0,0,1970,1979,10.0,40.0,40,1.0,1974.5,0,0,0,0,0,1,1,1,0,0,0,0,1,0,1,0,0,0,0,0,0.304,1990,0.7692307692307693,1990,France1970
1760,89,Blundell-Wignall et al. (1990),0.17,0.13,0,,,,,,,,,,,,0,0,0,0,0,0,0,0,0,1,0,,0,0,1,0,0,1,0,0,0,0,0,Italy,0,0,1970,1979,10.0,40.0,40,1.0,1974.5,0,0,0,0,0,1,1,1,0,0,0,0,1,0,1,0,0,0,0,0,0.304,1990,0.7692307692307693,1990,Italy1970
1761,89,Blundell-Wignall et al. (1990),0.17,0.12,0,,,,,,,,,,,,0,0,0,0,0,0,0,0,0,1,0,,0,0,1,0,0,1,0,0,0,0,0,UK,0,0,1970,1979,10.0,40.0,40,1.0,1974.5,0,0,0,0,0,1,1,1,0,0,0,0,1,0,1,0,0,0,0,0,0.304,1990,0.7692307692307693,1990,UK1970
1762,89,Blundell-Wignall et al. (1990),0.3,0.17,0,,,,,,,,,,,,0,0,0,0,0,0,0,0,0,1,0,,0,0,1,0,0,1,0,0,0,0,0,Canada,0,0,1970,1979,10.0,40.0,40,1.0,1974.5,0,0,0,0,0,1,1,1,0,0,0,0,1,0,1,0,0,0,0,0,0.304,1990,0.7692307692307693,1990,Canada1970
1763,89,Blundell-Wignall et al. (1990),0.21,0.16,0,,,,,,,,,,,,0,0,0,0,0,0,0,0,0,1,0,,0,0,1,0,0,1,0,0,0,0,0,USA,0,0,1980,1989,10.0,40.0,40,1.0,1984.5,0,0,0,0,0,1,1,1,0,0,0,0,1,0,1,0,0,0,0,0,0.304,1990,0.7692307692307693,1990,USA1980
1764,89,Blundell-Wignall et al. (1990),0.18,0.08,0,,,,,,,,,,,,0,0,0,0,0,0,0,0,0,1,0,,0,0,1,0,0,1,0,0,0,0,0,Japan,0,0,1980,1989,10.0,40.0,40,1.0,1984.5,0,0,0,0,0,1,1,1,0,0,0,0,1,0,1,0,0,0,0,0,0.304,1990,0.7692307692307693,1990,Japan1980
1765,89,Blundell-Wignall et al. (1990),1.15,0.24,0,,,,,,,,,,,,0,0,0,0,0,0,0,0,0,1,0,,0,0,1,0,0,1,0,0,0,0,0,Germany,0,0,1980,1989,10.0,40.0,40,1.0,1984.5,0,0,0,0,0,1,1,1,0,0,0,0,1,0,1,0,0,0,0,0,0.304,1990,0.7692307692307693,1990,Germany1980
1766,89,Blundell-Wignall et al. (1990),-0.04,0.2,0,,,,,,,,,,,,0,0,0,0,0,0,0,0,0,1,0,,0,0,1,0,0,1,0,0,0,0,0,France,0,0,1980,1989,10.0,40.0,40,1.0,1984.5,0,0,0,0,0,1,1,1,0,0,0,0,1,0,1,0,0,0,0,0,0.304,1990,0.7692307692307693,1990,France1980
1767,89,Blundell-Wignall et al. (1990),-0.01,0.01,0,,,,,,,,,,,,0,0,0,0,0,0,0,0,0,1,0,,0,0,1,0,0,1,0,0,0,0,0,Italy,0,0,1980,1989,10.0,40.0,40,1.0,1984.5,0,0,0,0,0,1,1,1,0,0,0,0,1,0,1,0,0,0,0,0,0.304,1990,0.7692307692307693,1990,Italy1980
1768,89,Blundell-Wignall et al. (1990),0.21,0.11,0,,,,,,,,,,,,0,0,0,0,0,0,0,0,0,1,0,,0,0,1,0,0,1,0,0,0,0,0,UK,0,0,1980,1989,10.0,40.0,40,1.0,1984.5,0,0,0,0,0,1,1,1,0,0,0,0,1,0,1,0,0,0,0,0,0.304,1990,0.7692307692307693,1990,UK1980
1769,89,Blundell-Wignall et al. (1990),0.11,0.13,0,,,,,,,,,,,,0,0,0,0,0,0,0,0,0,1,0,,0,0,1,0,0,1,0,0,0,0,0,Canada,0,0,1980,1989,10.0,40.0,40,1.0,1984.5,0,0,0,0,0,1,1,1,0,0,0,0,1,0,1,0,0,0,0,0,0.304,1990,0.7692307692307693,1990,Canada1980
1770,90,Chan and Hu (1997),0.29,0.05,0,,,,,,,,,,,,0,0,0,0,0,0,0,0,0,0,0,,0,0,0,1,1,0,0,0,0,0,0,Taiwan,0,0,1965,1993,29.0,116.0,116,1.0,1979.5,0,1,0,0,0,0,0,0,0,0,0,0,0,0,0,0,0,0,0,0,0.095,1997,0.8421052631578947,1997,Taiwan1965
1771,90,Chan and Hu (1997),0.27,0.05,0,,,,,,,,,,,,1,0,0,0,0,0,0,0,0,0,0,,0,0,0,1,1,0,0,0,0,0,0,Taiwan,0,0,1965,1993,29.0,116.0,116,1.0,1979.5,0,1,0,0,0,0,0,0,0,0,0,0,0,0,0,0,0,0,0,0,0.095,1997,0.8421052631578947,1997,Taiwan1965
1772,90,Chan and Hu (1997),0.28,0.09,0,,,,,,,,,,,,0,0,0,0,0,0,0,0,0,0,0,,0,0,0,0,1,0,0,0,0,0,0,Taiwan,0,0,1965,1993,29.0,116.0,116,1.0,1979.5,0,0,0,0,1,0,1,1,1,0,0,0,0,0,0,0,0,0,0,0,0.095,1997,0.8421052631578947,1997,Taiwan1965
1773,90,Chan and Hu (1997),0.14,0.15,0,,,,,,,,,,,,1,0,0,0,0,0,0,0,0,0,0,,0,0,0,0,1,0,0,0,0,0,0,Taiwan,0,0,1965,1993,29.0,116.0,116,1.0,1979.5,0,0,0,0,1,0,1,1,1,1,0,0,0,0,0,0,0,0,0,0,0.095,1997,0.8421052631578947,1997,Taiwan1965
1774,90,Chan and Hu (1997),0.29,0.05,0,,,,,,,,,,,,0,0,0,0,0,0,0,0,0,0,0,,0,0,0,1,1,0,0,0,0,0,0,Taiwan,0,0,1965,1993,29.0,116.0,116,1.0,1979.5,0,1,0,0,0,0,0,0,0,0,0,0,0,0,0,0,0,0,0,0,0.095,1997,0.8421052631578947,1997,Taiwan1965
1775,90,Chan and Hu (1997),0.21,0.05,0,,,,,,,,,,,,1,0,0,0,0,0,0,0,0,0,0,,0,0,0,1,1,0,0,0,0,0,0,Taiwan,0,0,1965,1993,29.0,116.0,116,1.0,1979.5,0,1,0,0,0,0,0,0,0,0,0,0,0,0,0,0,0,0,0,0,0.095,1997,0.8421052631578947,1997,Taiwan1965
1776,90,Chan and Hu (1997),0.28,0.1,0,,,,,,,,,,,,0,0,0,0,0,0,0,0,0,0,0,,0,0,0,0,1,0,0,0,0,0,0,Taiwan,0,0,1965,1993,29.0,116.0,116,1.0,1979.5,0,0,0,0,1,0,1,1,1,0,0,0,0,0,0,0,0,0,0,0,0.095,1997,0.8421052631578947,1997,Taiwan1965
1777,90,Chan and Hu (1997),0.27,0.14,0,,,,,,,,,,,,1,0,0,0,0,0,0,0,0,0,0,,0,0,0,0,1,0,0,0,0,0,0,Taiwan,0,0,1965,1993,29.0,116.0,116,1.0,1979.5,0,0,0,0,1,0,1,1,1,1,0,0,0,0,0,0,0,0,0,0,0.095,1997,0.8421052631578947,1997,Taiwan1965
1778,90,Chan and Hu (1997),0.33,0.05,0,,,,,,,,,,,,0,0,0,0,0,0,0,0,0,1,0,,0,0,0,1,1,0,0,0,0,0,0,Taiwan,0,0,1965,1993,29.0,116.0,116,1.0,1979.5,0,1,0,0,0,0,0,0,0,0,0,0,0,0,0,0,0,0,0,0,0.095,1997,0.8421052631578947,1997,Taiwan1965
1779,90,Chan and Hu (1997),0.31,0.06,0,,,,,,,,,,,,1,0,0,0,0,0,0,0,0,1,0,,0,0,0,1,1,0,0,0,0,0,0,Taiwan,0,0,1965,1993,29.0,116.0,116,1.0,1979.5,0,1,0,0,0,0,0,0,0,0,0,0,0,0,0,0,0,0,0,0,0.095,1997,0.8421052631578947,1997,Taiwan1965
1780,90,Chan and Hu (1997),0.42,0.09,0,,,,,,,,,,,,0,0,0,0,0,0,0,0,0,1,0,,0,0,0,0,1,0,0,0,0,0,0,Taiwan,0,0,1965,1993,29.0,116.0,116,1.0,1979.5,0,0,0,0,1,0,1,1,1,0,0,0,0,0,0,0,0,0,0,0,0.095,1997,0.8421052631578947,1997,Taiwan1965
1781,90,Chan and Hu (1997),0.2,0.18,0,,,,,,,,,,,,1,0,0,0,0,0,0,0,0,1,0,,0,0,0,0,1,0,0,0,0,0,0,Taiwan,0,0,1965,1993,29.0,116.0,116,1.0,1979.5,0,0,0,0,1,0,1,1,1,1,0,0,0,0,0,0,0,0,0,0,0.095,1997,0.8421052631578947,1997,Taiwan1965
1782,90,Chan and Hu (1997),0.33,0.05,0,,,,,,,,,,,,0,0,0,0,0,0,0,0,0,1,0,,0,0,0,1,1,0,0,0,0,0,0,Taiwan,0,0,1965,1993,29.0,116.0,116,1.0,1979.5,0,1,0,0,0,0,0,0,0,0,0,0,0,0,0,0,0,0,0,0,0.095,1997,0.8421052631578947,1997,Taiwan1965
1783,90,Chan and Hu (1997),0.25,0.06,0,,,,,,,,,,,,1,0,0,0,0,0,0,0,0,1,0,,0,0,0,1,1,0,0,0,0,0,0,Taiwan,0,0,1965,1993,29.0,116.0,116,1.0,1979.5,0,1,0,0,0,0,0,0,0,0,0,0,0,0,0,0,0,0,0,0,0.095,1997,0.8421052631578947,1997,Taiwan1965
1784,90,Chan and Hu (1997),0.38,0.09,0,,,,,,,,,,,,0,0,0,0,0,0,0,0,0,1,0,,0,0,0,0,1,0,0,0,0,0,0,Taiwan,0,0,1965,1993,29.0,116.0,116,1.0,1979.5,0,0,0,0,1,0,1,1,1,0,0,0,0,0,0,0,0,0,0,0,0.095,1997,0.8421052631578947,1997,Taiwan1965
1785,90,Chan and Hu (1997),0.31,0.16,0,,,,,,,,,,,,1,0,0,0,0,0,0,0,0,1,0,,0,0,0,0,1,0,0,0,0,0,0,Taiwan,0,0,1965,1993,29.0,116.0,116,1.0,1979.5,0,0,0,0,1,0,1,1,1,1,0,0,0,0,0,0,0,0,0,0,0.095,1997,0.8421052631578947,1997,Taiwan1965
1786,91,Chen et al. (2010),0.8954,0.22878021360314782,0,,,,,,,,,,,,1,0,0,0,0,0,0,0,0,0,0,,0,0,1,0,1,0,0,1,0,0,0,Taiwan,0,0,1991,2007,17.0,64.0,64,1.0,1999.0,0,0,0,0,0,1,0,1,0,1,0,0,1,0,0,0,0,0,0,0,0.259,2010,4.5,2010,Taiwan1991
1787,91,Chen et al. (2010),0.789,0.45699391833188535,0,,,,,,,,,,,,1,0,0,0,0,0,0,0,0,1,0,,0,0,1,0,1,0,0,1,0,0,0,Taiwan,0,0,1991,2007,17.0,64.0,64,1.0,1999.0,0,0,0,0,0,1,0,1,0,1,0,0,1,0,0,0,0,0,0,0,0.259,2010,4.5,2010,Taiwan1991
1788,91,Chen et al. (2010),0.8774,0.23618401572047698,0,,,,,,,,,,,,1,0,0,0,0,0,0,0,0,1,0,,0,0,1,0,1,0,0,1,0,0,0,Taiwan,0,0,1991,2007,17.0,64.0,64,1.0,1999.0,0,0,0,0,0,1,0,1,0,1,0,0,1,0,0,0,0,0,0,0,0.259,2010,4.5,2010,Taiwan1991
1789,91,Chen et al. (2010),1.0273,0.20166862976050257,0,,,,,,,,,,,,1,0,0,0,0,0,0,0,0,0,0,,0,0,1,0,1,0,0,1,0,0,0,Taiwan,0,0,1991,2007,17.0,64.0,64,1.0,1999.0,0,0,0,0,0,1,1,0,0,1,1,0,1,0,0,0,0,0,0,0,0.259,2010,4.5,2010,Taiwan1991
1790,91,Chen et al. (2010),0.4354,0.2765673632725656,0,,,,,,,,,,,,1,0,0,0,0,0,0,0,0,1,0,,0,0,1,0,1,0,0,1,0,0,0,Taiwan,0,0,1991,2007,17.0,64.0,64,1.0,1999.0,0,0,0,0,0,1,1,0,0,1,1,0,1,0,0,0,0,0,0,0,0.259,2010,4.5,2010,Taiwan1991
1791,91,Chen et al. (2010),0.9106,0.18359981450490956,0,,,,,,,,,,,,1,0,0,0,0,0,0,0,0,1,0,,0,0,1,0,1,0,0,1,0,0,0,Taiwan,0,0,1991,2007,17.0,64.0,64,1.0,1999.0,0,0,0,0,0,1,1,0,0,1,1,0,1,0,0,0,0,0,0,0,0.259,2010,4.5,2010,Taiwan1991
1792,91,Chen et al. (2010),0.9975,0.19462655115897914,0,,,,,,,,,,,,1,0,0,0,0,0,0,0,0,0,0,,0,0,1,0,1,0,0,1,0,0,0,Taiwan,0,0,1991,2007,17.0,64.0,64,1.0,1999.0,0,0,0,0,0,1,1,0,1,1,1,0,1,0,0,0,0,0,0,0,0.259,2010,4.5,2010,Taiwan1991
1793,91,Chen et al. (2010),0.4303,0.25672692560109783,0,,,,,,,,,,,,1,0,0,0,0,0,0,0,0,1,0,,0,0,1,0,1,0,0,1,0,0,0,Taiwan,0,0,1991,2007,17.0,64.0,64,1.0,1999.0,0,0,0,0,0,1,1,0,1,1,1,0,1,0,0,0,0,0,0,0,0.259,2010,4.5,2010,Taiwan1991
1794,91,Chen et al. (2010),0.8755,0.17502648887467262,0,,,,,,,,,,,,1,0,0,0,0,0,0,0,0,1,0,,0,0,1,0,1,0,0,1,0,0,0,Taiwan,0,0,1991,2007,17.0,64.0,64,1.0,1999.0,0,0,0,0,0,1,1,0,1,1,1,0,1,0,0,0,0,0,0,0,0.259,2010,4.5,2010,Taiwan1991
1795,91,Chen et al. (2010),1.4859,1.1553533939818055,0,,,,,,,,,,,,1,0,0,0,0,0,0,0,0,0,0,,0,0,1,0,1,0,0,1,0,1,0,Taiwan,0,0,1991,2007,17.0,64.0,64,1.0,1999.0,0,0,0,0,0,1,0,1,0,1,0,0,1,0,0,0,0,0,1,0,0.259,2010,4.5,2010,Taiwan1991
1796,91,Chen et al. (2010),0.7461,0.4914372282966671,0,,,,,,,,,,,,1,0,0,0,0,0,0,0,0,1,0,,0,0,1,0,1,0,0,1,0,1,0,Taiwan,0,0,1991,2007,17.0,64.0,64,1.0,1999.0,0,0,0,0,0,1,0,1,0,1,0,0,1,0,0,0,0,0,1,0,0.259,2010,4.5,2010,Taiwan1991
1797,91,Chen et al. (2010),1.4686,0.7666527458759658,0,,,,,,,,,,,,1,0,0,0,0,0,0,0,0,1,0,,0,0,1,0,1,0,0,1,0,1,0,Taiwan,0,0,1991,2007,17.0,64.0,64,1.0,1999.0,0,0,0,0,0,1,0,1,0,1,0,0,1,0,0,0,0,0,1,0,0.259,2010,4.5,2010,Taiwan1991
1798,91,Chen et al. (2010),1.261,0.38313128551028464,0,,,,,,,,,,,,1,0,0,0,0,0,0,0,0,0,0,,0,0,1,0,1,0,0,1,0,1,0,Taiwan,0,0,1991,2007,17.0,64.0,64,1.0,1999.0,0,0,0,0,0,1,1,0,0,1,1,0,1,0,0,0,0,0,1,0,0.259,2010,4.5,2010,Taiwan1991
1799,91,Chen et al. (2010),0.5071,0.3151646985705407,0,,,,,,,,,,,,1,0,0,0,0,0,0,0,0,1,0,,0,0,1,0,1,0,0,1,0,1,0,Taiwan,0,0,1991,2007,17.0,64.0,64,1.0,1999.0,0,0,0,0,0,1,1,0,0,1,1,0,1,0,0,0,0,0,1,0,0.259,2010,4.5,2010,Taiwan1991
1800,91,Chen et al. (2010),1.1495,0.29136672412045017,0,,,,,,,,,,,,1,0,0,0,0,0,0,0,0,1,0,,0,0,1,0,1,0,0,1,0,1,0,Taiwan,0,0,1991,2007,17.0,64.0,64,1.0,1999.0,0,0,0,0,0,1,1,0,0,1,1,0,1,0,0,0,0,0,1,0,0.259,2010,4.5,2010,Taiwan1991
1801,91,Chen et al. (2010),1.22,0.34773686010717136,0,,,,,,,,,,,,1,0,0,0,0,0,0,0,0,0,0,,0,0,1,0,1,0,0,1,0,1,0,Taiwan,0,0,1991,2007,17.0,64.0,64,1.0,1999.0,0,0,0,0,0,1,1,0,1,1,1,0,1,0,0,0,0,0,1,0,0.259,2010,4.5,2010,Taiwan1991
1802,91,Chen et al. (2010),0.5645,0.2814899770619328,0,,,,,,,,,,,,1,0,0,0,0,0,0,0,0,1,0,,0,0,1,0,1,0,0,1,0,1,0,Taiwan,0,0,1991,2007,17.0,64.0,64,1.0,1999.0,0,0,0,0,0,1,1,0,1,1,1,0,1,0,0,0,0,0,1,0,0.259,2010,4.5,2010,Taiwan1991
1803,91,Chen et al. (2010),1.0922,0.26206300837392327,0,,,,,,,,,,,,1,0,0,0,0,0,0,0,0,1,0,,0,0,1,0,1,0,0,1,0,1,0,Taiwan,0,0,1991,2007,17.0,64.0,64,1.0,1999.0,0,0,0,0,0,1,1,0,1,1,1,0,1,0,0,0,0,0,1,0,0.259,2010,4.5,2010,Taiwan1991
1804,91,Chen et al. (2010),0.7426,0.2431883678281373,0,,,,,,,,,,,,1,0,0,0,0,0,0,0,0,0,0,,0,0,1,0,1,0,0,1,0,0,0,Taiwan,0,0,1991,2007,17.0,64.0,64,1.0,1999.0,0,0,0,0,0,1,0,1,0,1,0,0,1,0,0,0,0,0,1,0,0.259,2010,4.5,2010,Taiwan1991
1805,91,Chen et al. (2010),0.4586,1.2394594594594595,0,,,,,,,,,,,,1,0,0,0,0,0,0,0,0,1,0,,0,0,1,0,1,0,0,1,0,0,0,Taiwan,0,0,1991,2007,17.0,64.0,64,1.0,1999.0,0,0,0,0,0,1,0,1,0,1,0,0,1,0,0,0,0,0,1,0,0.259,2010,4.5,2010,Taiwan1991
1806,91,Chen et al. (2010),0.7026,0.2151452980984169,0,,,,,,,,,,,,1,0,0,0,0,0,0,0,0,1,0,,0,0,1,0,1,0,0,1,0,0,0,Taiwan,0,0,1991,2007,17.0,64.0,64,1.0,1999.0,0,0,0,0,0,1,0,1,0,1,0,0,1,0,0,0,0,0,1,0,0.259,2010,4.5,2010,Taiwan1991
1807,91,Chen et al. (2010),1.1324,0.32967480858249154,0,,,,,,,,,,,,1,0,0,0,0,0,0,0,0,0,0,,0,0,1,0,1,0,0,1,0,0,0,Taiwan,0,0,1991,2007,17.0,64.0,64,1.0,1999.0,0,0,0,0,0,1,1,0,0,1,1,0,1,0,0,0,0,0,1,0,0.259,2010,4.5,2010,Taiwan1991
1808,91,Chen et al. (2010),0.2058,0.34163346613545814,0,,,,,,,,,,,,1,0,0,0,0,0,0,0,0,1,0,,0,0,1,0,1,0,0,1,0,0,0,Taiwan,0,0,1991,2007,17.0,64.0,64,1.0,1999.0,0,0,0,0,0,1,1,0,0,1,1,0,1,0,0,0,0,0,1,0,0.259,2010,4.5,2010,Taiwan1991
1809,91,Chen et al. (2010),0.9964,0.27229251496187795,0,,,,,,,,,,,,1,0,0,0,0,0,0,0,0,1,0,,0,0,1,0,1,0,0,1,0,0,0,Taiwan,0,0,1991,2007,17.0,64.0,64,1.0,1999.0,0,0,0,0,0,1,1,0,0,1,1,0,1,0,0,0,0,0,1,0,0.259,2010,4.5,2010,Taiwan1991
1810,91,Chen et al. (2010),1.069,0.27687127687127683,0,,,,,,,,,,,,1,0,0,0,0,0,0,0,0,0,0,,0,0,1,0,1,0,0,1,0,0,0,Taiwan,0,0,1991,2007,17.0,64.0,64,1.0,1999.0,0,0,0,0,0,1,1,0,1,1,1,0,1,0,0,0,0,0,1,0,0.259,2010,4.5,2010,Taiwan1991
1811,91,Chen et al. (2010),0.1729,0.32740011361484567,0,,,,,,,,,,,,1,0,0,0,0,0,0,0,0,1,0,,0,0,1,0,1,0,0,1,0,0,0,Taiwan,0,0,1991,2007,17.0,64.0,64,1.0,1999.0,0,0,0,0,0,1,1,0,1,1,1,0,1,0,0,0,0,0,1,0,0.259,2010,4.5,2010,Taiwan1991
1812,91,Chen et al. (2010),0.9201,0.21032299357670242,0,,,,,,,,,,,,1,0,0,0,0,0,0,0,0,1,0,,0,0,1,0,1,0,0,1,0,0,0,Taiwan,0,0,1991,2007,17.0,64.0,64,1.0,1999.0,0,0,0,0,0,1,1,0,1,1,1,0,1,0,0,0,0,0,1,0,0.259,2010,4.5,2010,Taiwan1991
1813,91,Chen et al. (2010),0.9584,0.5003915835639325,0,,,,,,,,,,,,1,0,0,0,0,0,0,0,0,0,0,,0,0,1,0,1,0,0,1,0,1,0,Taiwan,0,0,1991,2007,17.0,64.0,64,1.0,1999.0,0,0,0,0,0,1,0,1,0,1,0,0,1,0,0,0,0,0,1,0,0.259,2010,4.5,2010,Taiwan1991
1814,91,Chen et al. (2010),1.3936,0.9316130757403569,0,,,,,,,,,,,,1,0,0,0,0,0,0,0,0,1,0,,0,0,1,0,1,0,0,1,0,1,0,Taiwan,0,0,1991,2007,17.0,64.0,64,1.0,1999.0,0,0,0,0,0,1,0,1,0,1,0,0,1,0,0,0,0,0,1,0,0.259,2010,4.5,2010,Taiwan1991
1815,91,Chen et al. (2010),1.0444,0.5340833546407568,0,,,,,,,,,,,,1,0,0,0,0,0,0,0,0,1,0,,0,0,1,0,1,0,0,1,0,1,0,Taiwan,0,0,1991,2007,17.0,64.0,64,1.0,1999.0,0,0,0,0,0,1,0,1,0,1,0,0,1,0,0,0,0,0,1,0,0.259,2010,4.5,2010,Taiwan1991
1816,91,Chen et al. (2010),1.2027,0.5097050347516529,0,,,,,,,,,,,,1,0,0,0,0,0,0,0,0,0,0,,0,0,1,0,1,0,0,1,0,1,0,Taiwan,0,0,1991,2007,17.0,64.0,64,1.0,1999.0,0,0,0,0,0,1,1,0,0,1,1,0,1,0,0,0,0,0,1,0,0.259,2010,4.5,2010,Taiwan1991
1817,91,Chen et al. (2010),0.7838,0.3244876837093769,0,,,,,,,,,,,,1,0,0,0,0,0,0,0,0,1,0,,0,0,1,0,1,0,0,1,0,1,0,Taiwan,0,0,1991,2007,17.0,64.0,64,1.0,1999.0,0,0,0,0,0,1,1,0,0,1,1,0,1,0,0,0,0,0,1,0,0.259,2010,4.5,2010,Taiwan1991
1818,91,Chen et al. (2010),1.0617,0.27291655955991984,0,,,,,,,,,,,,1,0,0,0,0,0,0,0,0,1,0,,0,0,1,0,1,0,0,1,0,1,0,Taiwan,0,0,1991,2007,17.0,64.0,64,1.0,1999.0,0,0,0,0,0,1,1,0,0,1,1,0,1,0,0,0,0,0,1,0,0.259,2010,4.5,2010,Taiwan1991
1819,91,Chen et al. (2010),1.209,0.5004346206382715,0,,,,,,,,,,,,1,0,0,0,0,0,0,0,0,0,0,,0,0,1,0,1,0,0,1,0,1,0,Taiwan,0,0,1991,2007,17.0,64.0,64,1.0,1999.0,0,0,0,0,0,1,1,0,1,1,1,0,1,0,0,0,0,0,1,0,0.259,2010,4.5,2010,Taiwan1991
1820,91,Chen et al. (2010),0.7346,0.328709504206193,0,,,,,,,,,,,,1,0,0,0,0,0,0,0,0,1,0,,0,0,1,0,1,0,0,1,0,1,0,Taiwan,0,0,1991,2007,17.0,64.0,64,1.0,1999.0,0,0,0,0,0,1,1,0,1,1,1,0,1,0,0,0,0,0,1,0,0.259,2010,4.5,2010,Taiwan1991
1821,91,Chen et al. (2010),1.007,0.26811150456614924,0,,,,,,,,,,,,1,0,0,0,0,0,0,0,0,1,0,,0,0,1,0,1,0,0,1,0,1,0,Taiwan,0,0,1991,2007,17.0,64.0,64,1.0,1999.0,0,0,0,0,0,1,1,0,1,1,1,0,1,0,0,0,0,0,1,0,0.259,2010,4.5,2010,Taiwan1991
1822,91,Chen et al. (2010),0.7594,0.3643079875269849,0,,,,,,,,,,,,1,0,0,0,0,0,0,0,0,0,0,,0,0,1,0,1,0,0,1,0,0,0,Taiwan,0,0,1991,2007,17.0,64.0,64,1.0,1999.0,0,0,0,0,0,1,0,1,0,1,0,0,1,0,0,0,0,0,1,0,0.259,2010,4.5,2010,Taiwan1991
1823,91,Chen et al. (2010),-0.017,0.584192439862543,0,,,,,,,,,,,,1,0,0,0,0,0,0,0,0,1,0,,0,0,1,0,1,0,0,1,0,0,0,Taiwan,0,0,1991,2007,17.0,64.0,64,1.0,1999.0,0,0,0,0,0,1,0,1,0,1,0,0,1,0,0,0,0,0,1,0,0.259,2010,4.5,2010,Taiwan1991
1824,91,Chen et al. (2010),0.6185,0.2942995812714123,0,,,,,,,,,,,,1,0,0,0,0,0,0,0,0,1,0,,0,0,1,0,1,0,0,1,0,0,0,Taiwan,0,0,1991,2007,17.0,64.0,64,1.0,1999.0,0,0,0,0,0,1,0,1,0,1,0,0,1,0,0,0,0,0,1,0,0.259,2010,4.5,2010,Taiwan1991
1825,91,Chen et al. (2010),1.0487,0.2568328761755486,0,,,,,,,,,,,,1,0,0,0,0,0,0,0,0,0,0,,0,0,1,0,1,0,0,1,0,0,0,Taiwan,0,0,1991,2007,17.0,64.0,64,1.0,1999.0,0,0,0,0,0,1,1,0,0,1,1,0,1,0,0,0,0,0,1,0,0.259,2010,4.5,2010,Taiwan1991
1826,91,Chen et al. (2010),0.102,0.3303108808290155,0,,,,,,,,,,,,1,0,0,0,0,0,0,0,0,1,0,,0,0,1,0,1,0,0,1,0,0,0,Taiwan,0,0,1991,2007,17.0,64.0,64,1.0,1999.0,0,0,0,0,0,1,1,0,0,1,1,0,1,0,0,0,0,0,1,0,0.259,2010,4.5,2010,Taiwan1991
1827,91,Chen et al. (2010),1.3215,0.9008179959100203,0,,,,,,,,,,,,1,0,0,0,0,0,0,0,0,1,0,,0,0,1,0,1,0,0,1,0,0,0,Taiwan,0,0,1991,2007,17.0,64.0,64,1.0,1999.0,0,0,0,0,0,1,1,0,0,1,1,0,1,0,0,0,0,0,1,0,0.259,2010,4.5,2010,Taiwan1991
1828,91,Chen et al. (2010),0.9718,0.2095751563510891,0,,,,,,,,,,,,1,0,0,0,0,0,0,0,0,0,0,,0,0,1,0,1,0,0,1,0,0,0,Taiwan,0,0,1991,2007,17.0,64.0,64,1.0,1999.0,0,0,0,0,0,1,1,0,1,1,1,0,1,0,0,0,0,0,1,0,0.259,2010,4.5,2010,Taiwan1991
1829,91,Chen et al. (2010),-0.0242,0.33798882681564246,0,,,,,,,,,,,,1,0,0,0,0,0,0,0,0,1,0,,0,0,1,0,1,0,0,1,0,0,0,Taiwan,0,0,1991,2007,17.0,64.0,64,1.0,1999.0,0,0,0,0,0,1,1,0,1,1,1,0,1,0,0,0,0,0,1,0,0.259,2010,4.5,2010,Taiwan1991
1830,91,Chen et al. (2010),1.0519,0.5128717698683569,0,,,,,,,,,,,,1,0,0,0,0,0,0,0,0,1,0,,0,0,1,0,1,0,0,1,0,0,0,Taiwan,0,0,1991,2007,17.0,64.0,64,1.0,1999.0,0,0,0,0,0,1,1,0,1,1,1,0,1,0,0,0,0,0,1,0,0.259,2010,4.5,2010,Taiwan1991
1831,92,Collado (1998),-0.07,0.1203,0,,,,,,,,,,,,1,1,1,0,9,0,0,1,0,0,1,,0,0,0,0,1,0,0,0,0,0,0,Spain,0,0,1987,1995,9.0,4.0,54000,1500.0,1991.0,0,0,0,0,0,1,1,1,0,1,0,0,1,0,0,0,0,0,0,0,0.379,1995,0.7619047619047619,1998,Spain1987
1832,92,Collado (1998),-0.0646,0.1222,0,,,,,,,,,,,,1,1,1,0,9,1,0,1,0,0,1,,0,0,0,0,1,0,0,0,0,0,0,Spain,0,0,1987,1995,9.0,4.0,54000,1500.0,1991.0,0,0,0,0,0,1,1,1,0,1,0,0,1,0,0,0,0,0,0,0,0.379,1995,0.7619047619047619,1998,Spain1987
1833,92,Collado (1998),0.1557,0.1643,0,,,,,,,,,,,,1,1,1,0,9,0,0,1,0,0,0,Energy and transport,1,0,0,0,1,0,0,0,0,0,0,Spain,0,0,1987,1995,9.0,4.0,54000,1500.0,1991.0,0,0,0,0,0,1,1,1,0,1,0,0,1,0,0,0,0,0,0,0,0.379,1995,0.7619047619047619,1998,Spain1987
1834,92,Collado (1998),0.1629,0.1704,0,,,,,,,,,,,,1,1,1,0,9,1,0,1,0,0,0,Energy and transport,1,0,0,0,1,0,0,0,0,0,0,Spain,0,0,1987,1995,9.0,4.0,54000,1500.0,1991.0,0,0,0,0,0,1,1,1,0,1,0,0,1,0,0,0,0,0,0,0,0.379,1995,0.7619047619047619,1998,Spain1987
1835,93,Coulibaly and Li (2006),-0.02,0.06,0,-0.02,0.06,1.0,0.0,3.0,0.0,910.098378157945,0.0,1984.0,0.0,0.0,0,1,1,0,3,1,0,0,0,0,1,,0,0,0,1,1,0,0,0,0,0,1,USA,0,0,1988,2001,14.0,1.9,70593,38107.0,1994.5,1,0,0,0,0,0,0,0,0,0,0,0,0,0,1,0,0,0,0,0,1.177,2003,2.923076923076923,2006,USA1988
1836,93,Coulibaly and Li (2006),-0.04,0.07,0,-0.04,0.07,1.0,0.0,3.0,0.0,910.098378157945,0.0,1984.0,0.0,0.0,0,1,1,0,3,1,0,0,0,0,0,,0,0,0,1,1,0,0,0,0,0,1,USA,0,0,1988,2001,14.0,1.9,70641,38116.0,1994.5,1,0,0,0,0,0,0,0,0,0,0,0,0,0,1,0,0,0,0,0,1.177,2003,2.923076923076923,2006,USA1988
1837,93,Coulibaly and Li (2006),-0.01,0.11,0,-0.01,0.11,1.0,0.0,3.0,0.0,910.098378157945,0.0,1984.0,0.0,0.0,0,1,1,0,3,1,0,0,0,0,0,,0,0,0,1,1,0,0,0,0,0,1,USA,0,0,1988,2001,14.0,1.9,70643,38116.0,1994.5,1,0,0,0,0,0,0,0,0,0,0,0,0,0,1,0,0,0,0,0,1.177,2003,2.923076923076923,2006,USA1988
1838,93,Coulibaly and Li (2006),0.33,0.81,0,0.33,0.81,1.0,0.0,3.0,0.0,910.098378157945,0.0,1984.0,0.0,0.0,0,1,1,0,3,1,0,0,0,1,0,,0,0,0,1,1,0,0,0,0,0,1,USA,0,0,1988,2001,14.0,1.9,60625,31755.0,1994.5,1,0,0,0,0,0,0,0,0,0,0,0,0,0,1,0,0,0,0,0,1.177,2003,2.923076923076923,2006,USA1988
1839,93,Coulibaly and Li (2006),0.65,0.84,0,0.65,0.84,1.0,0.0,3.0,0.0,910.098378157945,0.0,1984.0,0.0,0.0,0,1,1,0,3,1,0,0,0,1,0,,0,0,0,1,1,0,0,0,0,0,1,USA,0,0,1988,2001,14.0,1.9,60625,31746.0,1994.5,1,0,0,0,0,0,0,0,0,0,0,0,0,0,1,0,0,0,0,0,1.177,2003,2.923076923076923,2006,USA1988
1840,93,Coulibaly and Li (2006),-0.02,0.06,0,-0.02,0.06,1.0,0.0,3.0,0.0,910.098378157945,0.0,1984.0,0.0,0.0,0,1,1,0,3,1,0,0,0,0,1,,0,0,0,1,1,0,0,0,0,0,1,USA,0,0,1988,2001,14.0,1.9,60625,31746.0,1994.5,1,0,0,0,0,0,0,0,0,0,0,0,0,0,1,0,0,0,0,0,1.177,2003,2.923076923076923,2006,USA1988
1841,93,Coulibaly and Li (2006),-0.03,0.07,0,-0.03,0.07,1.0,0.0,3.0,0.0,910.098378157945,0.0,1984.0,0.0,0.0,0,1,1,0,3,1,0,0,0,0,0,,0,0,0,1,1,0,0,0,0,0,1,USA,0,0,1988,2001,14.0,1.9,60625,31746.0,1994.5,1,0,0,0,0,0,0,0,0,0,0,0,0,0,1,0,0,0,0,0,1.177,2003,2.923076923076923,2006,USA1988
1842,93,Coulibaly and Li (2006),-0.01,0.11,0,-0.01,0.11,1.0,0.0,3.0,0.0,910.098378157945,0.0,1984.0,0.0,0.0,0,1,1,0,3,1,0,0,0,0,0,,0,0,0,1,1,0,0,0,0,0,1,USA,0,0,1988,2001,14.0,1.9,60625,31746.0,1994.5,1,0,0,0,0,0,0,0,0,0,0,0,0,0,1,0,0,0,0,0,1.177,2003,2.923076923076923,2006,USA1988
1843,93,Coulibaly and Li (2006),0.34,0.87,0,0.34,0.87,1.0,0.0,3.0,0.0,910.098378157945,0.0,1984.0,0.0,0.0,0,1,1,0,3,1,0,0,0,1,0,,0,0,0,1,1,0,0,0,0,0,1,USA,0,0,1988,2001,14.0,1.9,60625,31746.0,1994.5,1,0,0,0,0,0,0,0,0,0,0,0,0,0,1,0,0,0,0,0,1.177,2003,2.923076923076923,2006,USA1988
1844,93,Coulibaly and Li (2006),0.65,0.9,0,0.65,0.9,1.0,0.0,3.0,0.0,910.098378157945,0.0,1984.0,0.0,0.0,0,1,1,0,3,1,0,0,0,1,0,,0,0,0,1,1,0,0,0,0,0,1,USA,0,0,1988,2001,14.0,1.9,60625,31746.0,1994.5,1,0,0,0,0,0,0,0,0,0,0,0,0,0,1,0,0,0,0,0,1.177,2003,2.923076923076923,2006,USA1988
1845,93,Coulibaly and Li (2006),-0.07,0.07,0,-0.07,0.07,1.0,0.0,3.0,0.0,910.098378157945,0.0,1984.0,0.0,0.0,0,1,1,0,3,1,0,0,0,0,1,,0,0,0,1,1,0,0,0,0,0,1,USA,0,0,1988,2001,14.0,1.9,60625,31746.0,1994.5,1,0,0,0,0,0,0,0,0,0,0,0,0,0,1,0,0,0,0,0,1.177,2003,2.923076923076923,2006,USA1988
1846,93,Coulibaly and Li (2006),-0.07,0.1,0,-0.07,0.1,1.0,0.0,3.0,0.0,910.098378157945,0.0,1984.0,0.0,0.0,0,1,1,0,3,1,0,0,0,0,0,,0,0,0,1,1,0,0,0,0,0,1,USA,0,0,1988,2001,14.0,1.9,60625,31746.0,1994.5,1,0,0,0,0,0,0,0,0,0,0,0,0,0,1,0,0,0,0,0,1.177,2003,2.923076923076923,2006,USA1988
1847,93,Coulibaly and Li (2006),-0.07,0.13,0,-0.07,0.13,1.0,0.0,3.0,0.0,910.098378157945,0.0,1984.0,0.0,0.0,0,1,1,0,3,1,0,0,0,0,0,,0,0,0,1,1,0,0,0,0,0,1,USA,0,0,1988,2001,14.0,1.9,60625,31746.0,1994.5,1,0,0,0,0,0,0,0,0,0,0,0,0,0,1,0,0,0,0,0,1.177,2003,2.923076923076923,2006,USA1988
1848,93,Coulibaly and Li (2006),0.37,1.27,0,0.37,1.27,1.0,0.0,3.0,0.0,910.098378157945,0.0,1984.0,0.0,0.0,0,1,1,0,3,1,0,0,0,1,0,,0,0,0,1,1,0,0,0,0,0,1,USA,0,0,1988,2001,14.0,1.9,60625,31746.0,1994.5,1,0,0,0,0,0,0,0,0,0,0,0,0,0,1,0,0,0,0,0,1.177,2003,2.923076923076923,2006,USA1988
1849,93,Coulibaly and Li (2006),0.66,1.3,0,0.66,1.3,1.0,0.0,3.0,0.0,910.098378157945,0.0,1984.0,0.0,0.0,0,1,1,0,3,1,0,0,0,1,0,,0,0,0,1,1,0,0,0,0,0,1,USA,0,0,1988,2001,14.0,1.9,60625,31746.0,1994.5,1,0,0,0,0,0,0,0,0,0,0,0,0,0,1,0,0,0,0,0,1.177,2003,2.923076923076923,2006,USA1988
1850,93,Coulibaly and Li (2006),-0.08,0.08,0,-0.08,0.08,1.0,0.0,3.0,0.0,910.098378157945,0.0,1984.0,0.0,0.0,0,1,1,0,3,1,0,0,0,0,1,,0,0,0,1,1,0,0,0,0,0,1,USA,0,0,1988,2001,14.0,1.9,60625,31746.0,1994.5,1,0,0,0,0,0,0,0,0,0,0,0,0,0,1,0,0,0,0,0,1.177,2003,2.923076923076923,2006,USA1988
1851,93,Coulibaly and Li (2006),-0.09,0.1,0,-0.09,0.1,1.0,0.0,3.0,0.0,910.098378157945,0.0,1984.0,0.0,0.0,0,1,1,0,3,1,0,0,0,0,0,,0,0,0,1,1,0,0,0,0,0,1,USA,0,0,1988,2001,14.0,1.9,60625,31746.0,1994.5,1,0,0,0,0,0,0,0,0,0,0,0,0,0,1,0,0,0,0,0,1.177,2003,2.923076923076923,2006,USA1988
1852,93,Coulibaly and Li (2006),-0.07,0.13,0,-0.07,0.13,1.0,0.0,3.0,0.0,910.098378157945,0.0,1984.0,0.0,0.0,0,1,1,0,3,1,0,0,0,0,0,,0,0,0,1,1,0,0,0,0,0,1,USA,0,0,1988,2001,14.0,1.9,60625,31746.0,1994.5,1,0,0,0,0,0,0,0,0,0,0,0,0,0,1,0,0,0,0,0,1.177,2003,2.923076923076923,2006,USA1988
1853,93,Coulibaly and Li (2006),0.522,1.32,0,0.522,1.32,1.0,0.0,3.0,0.0,910.098378157945,0.0,1984.0,0.0,0.0,0,1,1,0,3,1,0,0,0,1,0,,0,0,0,1,1,0,0,0,0,0,1,USA,0,0,1988,2001,14.0,1.9,60625,31746.0,1994.5,1,0,0,0,0,0,0,0,0,0,0,0,0,0,1,0,0,0,0,0,1.177,2003,2.923076923076923,2006,USA1988
1854,93,Coulibaly and Li (2006),0.8,1.36,0,0.8,1.36,1.0,0.0,3.0,0.0,910.098378157945,0.0,1984.0,0.0,0.0,0,1,1,0,3,1,0,0,0,1,0,,0,0,0,1,1,0,0,0,0,0,1,USA,0,0,1988,2001,14.0,1.9,60625,31746.0,1994.5,1,0,0,0,0,0,0,0,0,0,0,0,0,0,1,0,0,0,0,0,1.177,2003,2.923076923076923,2006,USA1988
1855,93,Coulibaly and Li (2006),0.04,0.05,0,0.04,0.05,1.0,0.0,3.0,0.0,910.098378157945,0.0,1984.0,0.0,0.0,0,1,1,0,3,1,0,0,0,0,1,,0,0,0,1,1,0,0,0,0,0,1,USA,0,0,1988,2001,14.0,1.9,60625,31746.0,1994.5,1,0,0,0,0,0,0,0,0,0,0,0,0,0,1,0,0,0,0,0,1.177,2003,2.923076923076923,2006,USA1988
1856,93,Coulibaly and Li (2006),0.06,0.07,0,0.06,0.07,1.0,0.0,3.0,0.0,910.098378157945,0.0,1984.0,0.0,0.0,0,1,1,0,3,1,0,0,0,0,0,,0,0,0,1,1,0,0,0,0,0,1,USA,0,0,1988,2001,14.0,1.9,60625,31746.0,1994.5,1,0,0,0,0,0,0,0,0,0,0,0,0,0,1,0,0,0,0,0,1.177,2003,2.923076923076923,2006,USA1988
1857,93,Coulibaly and Li (2006),0.02,0.1,0,0.02,0.1,1.0,0.0,3.0,0.0,910.098378157945,0.0,1984.0,0.0,0.0,0,1,1,0,3,1,0,0,0,0,0,,0,0,0,1,1,0,0,0,0,0,1,USA,0,0,1988,2001,14.0,1.9,60625,31746.0,1994.5,1,0,0,0,0,0,0,0,0,0,0,0,0,0,1,0,0,0,0,0,1.177,2003,2.923076923076923,2006,USA1988
1858,93,Coulibaly and Li (2006),0.47,1.0,0,0.47,1.0,1.0,0.0,3.0,0.0,910.098378157945,0.0,1984.0,0.0,0.0,0,1,1,0,3,1,0,0,0,1,0,,0,0,0,1,1,0,0,0,0,0,1,USA,0,0,1988,2001,14.0,1.9,60625,31746.0,1994.5,1,0,0,0,0,0,0,0,0,0,0,0,0,0,1,0,0,0,0,0,1.177,2003,2.923076923076923,2006,USA1988
1859,93,Coulibaly and Li (2006),0.8,1.03,0,0.8,1.03,1.0,0.0,3.0,0.0,910.098378157945,0.0,1984.0,0.0,0.0,0,1,1,0,3,1,0,0,0,1,0,,0,0,0,1,1,0,0,0,0,0,1,USA,0,0,1988,2001,14.0,1.9,60625,31746.0,1994.5,1,0,0,0,0,0,0,0,0,0,0,0,0,0,1,0,0,0,0,0,1.177,2003,2.923076923076923,2006,USA1988
1860,93,Coulibaly and Li (2006),0.05,0.04,0,0.05,0.04,1.0,0.0,3.0,0.0,910.098378157945,0.0,1984.0,0.0,0.0,0,1,1,0,3,1,0,0,0,0,1,,0,0,0,1,1,0,0,0,0,0,1,USA,0,0,1988,2001,14.0,1.9,60625,31746.0,1994.5,1,0,0,0,0,0,0,0,0,0,0,0,0,0,1,0,0,0,0,0,1.177,2003,2.923076923076923,2006,USA1988
1861,93,Coulibaly and Li (2006),0.02,0.06,0,0.02,0.06,1.0,0.0,3.0,0.0,910.098378157945,0.0,1984.0,0.0,0.0,0,1,1,0,3,1,0,0,0,0,0,,0,0,0,1,1,0,0,0,0,0,1,USA,0,0,1988,2001,14.0,1.9,60625,31746.0,1994.5,1,0,0,0,0,0,0,0,0,0,0,0,0,0,1,0,0,0,0,0,1.177,2003,2.923076923076923,2006,USA1988
1862,93,Coulibaly and Li (2006),-0.01,0.08,0,-0.01,0.08,1.0,0.0,3.0,0.0,910.098378157945,0.0,1984.0,0.0,0.0,0,1,1,0,3,1,0,0,0,0,0,,0,0,0,1,1,0,0,0,0,0,1,USA,0,0,1988,2001,14.0,1.9,60625,31746.0,1994.5,1,0,0,0,0,0,0,0,0,0,0,0,0,0,1,0,0,0,0,0,1.177,2003,2.923076923076923,2006,USA1988
1863,93,Coulibaly and Li (2006),0.38,0.28,0,0.38,0.28,1.0,0.0,3.0,0.0,910.098378157945,0.0,1984.0,0.0,0.0,0,1,1,0,3,1,0,0,0,1,0,,0,0,0,1,1,0,0,0,0,0,1,USA,0,0,1988,2001,14.0,1.9,60625,31746.0,1994.5,1,0,0,0,0,0,0,0,0,0,0,0,0,0,1,0,0,0,0,0,1.177,2003,2.923076923076923,2006,USA1988
1864,93,Coulibaly and Li (2006),-0.09,0.28,0,-0.09,0.28,1.0,0.0,3.0,0.0,910.098378157945,0.0,1984.0,0.0,0.0,0,1,1,0,3,1,0,0,0,1,0,,0,0,0,1,1,0,0,0,0,0,1,USA,0,0,1988,2001,14.0,1.9,60625,31746.0,1994.5,1,0,0,0,0,0,0,0,0,0,0,0,0,0,1,0,0,0,0,0,1.177,2003,2.923076923076923,2006,USA1988
1865,93,Coulibaly and Li (2006),0.01,0.05,0,0.01,0.05,1.0,0.0,3.0,0.0,910.098378157945,0.0,1984.0,0.0,0.0,0,1,1,0,3,1,0,0,0,0,1,,0,0,0,1,1,0,0,0,0,0,1,USA,0,0,1988,2001,14.0,1.9,60625,31746.0,1994.5,1,0,0,0,0,0,0,0,0,0,0,0,0,0,1,0,0,0,0,0,1.177,2003,2.923076923076923,2006,USA1988
1866,93,Coulibaly and Li (2006),-0.01,0.06,0,-0.01,0.06,1.0,0.0,3.0,0.0,910.098378157945,0.0,1984.0,0.0,0.0,0,1,1,0,3,1,0,0,0,0,0,,0,0,0,1,1,0,0,0,0,0,1,USA,0,0,1988,2001,14.0,1.9,60625,31746.0,1994.5,1,0,0,0,0,0,0,0,0,0,0,0,0,0,1,0,0,0,0,0,1.177,2003,2.923076923076923,2006,USA1988
1867,93,Coulibaly and Li (2006),0.03,0.11,0,0.03,0.11,1.0,0.0,3.0,0.0,910.098378157945,0.0,1984.0,0.0,0.0,0,1,1,0,3,1,0,0,0,0,0,,0,0,0,1,1,0,0,0,0,0,1,USA,0,0,1988,2001,14.0,1.9,60625,31746.0,1994.5,1,0,0,0,0,0,0,0,0,0,0,0,0,0,1,0,0,0,0,0,1.177,2003,2.923076923076923,2006,USA1988
1868,93,Coulibaly and Li (2006),0.38,0.88,0,0.38,0.88,1.0,0.0,3.0,0.0,910.098378157945,0.0,1984.0,0.0,0.0,0,1,1,0,3,1,0,0,0,1,0,,0,0,0,1,1,0,0,0,0,0,1,USA,0,0,1988,2001,14.0,1.9,60625,31746.0,1994.5,1,0,0,0,0,0,0,0,0,0,0,0,0,0,1,0,0,0,0,0,1.177,2003,2.923076923076923,2006,USA1988
1869,93,Coulibaly and Li (2006),0.76,0.91,0,0.76,0.91,1.0,0.0,3.0,0.0,910.098378157945,0.0,1984.0,0.0,0.0,0,1,1,0,3,1,0,0,0,1,0,,0,0,0,1,1,0,0,0,0,0,1,USA,0,0,1988,2001,14.0,1.9,60625,31746.0,1994.5,1,0,0,0,0,0,0,0,0,0,0,0,0,0,1,0,0,0,0,0,1.177,2003,2.923076923076923,2006,USA1988
1870,93,Coulibaly and Li (2006),-0.01,0.1,0,-0.01,0.1,1.0,0.0,3.0,0.0,910.098378157945,0.0,1984.0,0.0,0.0,0,1,1,0,3,1,0,0,0,0,1,,0,0,0,1,1,0,0,0,0,0,1,USA,0,0,1988,2001,14.0,1.9,60625,31746.0,1994.5,1,0,0,0,0,0,0,0,0,0,0,0,0,0,1,0,0,0,0,0,1.177,2003,2.923076923076923,2006,USA1988
1871,93,Coulibaly and Li (2006),-0.03,0.08,0,-0.03,0.08,1.0,0.0,3.0,0.0,910.098378157945,0.0,1984.0,0.0,0.0,0,1,1,0,3,1,0,0,0,0,0,,0,0,0,1,1,0,0,0,0,0,1,USA,0,0,1988,2001,14.0,1.9,60625,31746.0,1994.5,1,0,0,0,0,0,0,0,0,0,0,0,0,0,1,0,0,0,0,0,1.177,2003,2.923076923076923,2006,USA1988
1872,93,Coulibaly and Li (2006),0.00045,0.12,0,0.00045,0.12,1.0,0.0,3.0,0.0,910.098378157945,0.0,1984.0,0.0,0.0,0,1,1,0,3,1,0,0,0,0,0,,0,0,0,1,1,0,0,0,0,0,1,USA,0,0,1988,2001,14.0,1.9,60625,31746.0,1994.5,1,0,0,0,0,0,0,0,0,0,0,0,0,0,1,0,0,0,0,0,1.177,2003,2.923076923076923,2006,USA1988
1873,93,Coulibaly and Li (2006),0.33,0.96,0,0.33,0.96,1.0,0.0,3.0,0.0,910.098378157945,0.0,1984.0,0.0,0.0,0,1,1,0,3,1,0,0,0,1,0,,0,0,0,1,1,0,0,0,0,0,1,USA,0,0,1988,2001,14.0,1.9,60625,31746.0,1994.5,1,0,0,0,0,0,0,0,0,0,0,0,0,0,1,0,0,0,0,0,1.177,2003,2.923076923076923,2006,USA1988
1874,93,Coulibaly and Li (2006),0.7,1.0,0,0.7,1.0,1.0,0.0,3.0,0.0,910.098378157945,0.0,1984.0,0.0,0.0,0,1,1,0,3,1,0,0,0,1,0,,0,0,0,1,1,0,0,0,0,0,1,USA,0,0,1988,2001,14.0,1.9,60625,31746.0,1994.5,1,0,0,0,0,0,0,0,0,0,0,0,0,0,1,0,0,0,0,0,1.177,2003,2.923076923076923,2006,USA1988
1875,93,Coulibaly and Li (2006),-0.02,0.06,0,-0.02,0.06,1.0,0.0,3.0,0.0,910.098378157945,0.0,1984.0,0.0,0.0,0,1,1,0,3,1,0,0,0,0,1,,0,0,0,1,1,0,0,0,0,0,1,USA,0,0,1988,2001,14.0,1.9,60625,31746.0,1994.5,1,0,0,0,0,0,0,0,0,0,0,0,0,0,1,0,0,0,0,0,1.177,2003,2.923076923076923,2006,USA1988
1876,93,Coulibaly and Li (2006),-0.04,0.07,0,-0.04,0.07,1.0,0.0,3.0,0.0,910.098378157945,0.0,1984.0,0.0,0.0,0,1,1,0,3,1,0,0,0,0,0,,0,0,0,1,1,0,0,0,0,0,1,USA,0,0,1988,2001,14.0,1.9,60625,31746.0,1994.5,1,0,0,0,0,0,0,0,0,0,0,0,0,0,1,0,0,0,0,0,1.177,2003,2.923076923076923,2006,USA1988
1877,93,Coulibaly and Li (2006),-0.01,0.11,0,-0.01,0.11,1.0,0.0,3.0,0.0,910.098378157945,0.0,1984.0,0.0,0.0,0,1,1,0,3,1,0,0,0,0,0,,0,0,0,1,1,0,0,0,0,0,1,USA,0,0,1988,2001,14.0,1.9,60625,31746.0,1994.5,1,0,0,0,0,0,0,0,0,0,0,0,0,0,1,0,0,0,0,0,1.177,2003,2.923076923076923,2006,USA1988
1878,93,Coulibaly and Li (2006),0.33,0.91,0,0.33,0.91,1.0,0.0,3.0,0.0,910.098378157945,0.0,1984.0,0.0,0.0,0,1,1,0,3,1,0,0,0,1,0,,0,0,0,1,1,0,0,0,0,0,1,USA,0,0,1988,2001,14.0,1.9,60625,31746.0,1994.5,1,0,0,0,0,0,0,0,0,0,0,0,0,0,1,0,0,0,0,0,1.177,2003,2.923076923076923,2006,USA1988
1879,93,Coulibaly and Li (2006),0.65,0.85,0,0.65,0.85,1.0,0.0,3.0,0.0,910.098378157945,0.0,1984.0,0.0,0.0,0,1,1,0,3,1,0,0,0,1,0,,0,0,0,1,1,0,0,0,0,0,1,USA,0,0,1988,2001,14.0,1.9,60625,31746.0,1994.5,1,0,0,0,0,0,0,0,0,0,0,0,0,0,1,0,0,0,0,0,1.177,2003,2.923076923076923,2006,USA1988
1880,93,Coulibaly and Li (2006),0.19,0.11,0,0.19,0.11,1.0,0.0,3.0,0.0,910.098378157945,0.0,1984.0,0.0,0.0,0,1,1,0,3,1,0,0,0,1,0,Furnishing,1,0,0,1,1,0,0,0,0,0,1,USA,0,0,1988,2001,14.0,1.9,70074,36881.0,1994.5,1,0,0,0,0,0,0,0,0,0,0,0,0,0,1,0,0,0,0,0,1.177,2003,2.923076923076923,2006,USA1988
1881,93,Coulibaly and Li (2006),0.04,0.03,0,0.04,0.03,1.0,0.0,3.0,0.0,910.098378157945,0.0,1984.0,0.0,0.0,0,1,1,0,3,1,0,0,0,0,0,Entertainment,1,0,0,1,1,0,0,0,0,0,1,USA,0,0,1988,2001,14.0,1.9,70074,36881.0,1994.5,1,0,0,0,0,0,0,0,0,0,0,0,0,0,1,0,0,0,0,0,1.177,2003,2.923076923076923,2006,USA1988
1882,93,Coulibaly and Li (2006),-0.47,0.42,0,-0.47,0.42,1.0,0.0,3.0,0.0,910.098378157945,0.0,1984.0,0.0,0.0,0,1,1,0,3,1,0,0,0,1,0,Vehicles,1,0,0,1,1,0,0,0,0,0,1,USA,0,0,1988,2001,14.0,1.9,70074,36881.0,1994.5,1,0,0,0,0,0,0,0,0,0,0,0,0,0,1,0,0,0,0,0,1.177,2003,2.923076923076923,2006,USA1988
1883,94,Evans and Karras (1996),0.4,0.59,0,,,,,,,,,,,,0,0,0,0,0,0,1,0,0,1,0,,0,0,0,0,1,0,0,0,0,0,0,Egypt,0,1,1950,1990,41.0,41.0,41,1.0,1970.0,0,0,0,1,0,1,1,1,0,0,0,0,1,0,1,0,0,0,0,0,0.305,1996,3.15,1996,Egypt1950
1884,94,Evans and Karras (1996),1.1,0.08,0,,,,,,,,,,,,0,0,0,0,0,0,1,0,0,1,0,,0,0,0,0,1,0,0,0,0,0,0,Mauritius,0,1,1950,1990,41.0,41.0,41,1.0,1970.0,0,0,0,1,0,1,1,1,0,0,0,0,1,0,1,0,0,0,0,0,0.305,1996,3.15,1996,Mauritius1950
1885,94,Evans and Karras (1996),1.0,0.16,0,,,,,,,,,,,,0,0,0,0,0,0,1,0,0,1,0,,0,0,0,0,1,0,0,0,0,0,0,Nigeria,0,1,1950,1990,41.0,41.0,41,1.0,1970.0,0,0,0,1,0,1,1,1,0,0,0,0,1,0,1,0,0,0,0,0,0.305,1996,3.15,1996,Nigeria1950
1886,94,Evans and Karras (1996),0.32,0.12,0,,,,,,,,,,,,0,0,0,0,0,0,1,0,0,1,0,,0,0,0,0,1,0,0,0,0,0,0,Canada,0,1,1950,1990,41.0,41.0,41,1.0,1970.0,0,0,0,1,0,1,1,1,0,0,0,0,1,0,1,0,0,0,0,0,0.305,1996,3.15,1996,Canada1950
1887,94,Evans and Karras (1996),1.04,0.6,0,,,,,,,,,,,,0,0,0,0,0,0,1,0,0,1,0,,0,0,0,0,1,0,0,0,0,0,0,Dominican Republic,0,1,1950,1990,41.0,41.0,41,1.0,1970.0,0,0,0,1,0,1,1,1,0,0,0,0,1,0,1,0,0,0,0,0,0.305,1996,3.15,1996,Dominican Republic1950
1888,94,Evans and Karras (1996),0.8,0.07,0,,,,,,,,,,,,0,0,0,0,0,0,1,0,0,1,0,,0,0,0,0,1,0,0,0,0,0,0,Guatemala,0,1,1950,1990,41.0,41.0,41,1.0,1970.0,0,0,0,1,0,1,1,1,0,0,0,0,1,0,1,0,0,0,0,0,0.305,1996,3.15,1996,Guatemala1950
1889,94,Evans and Karras (1996),0.73,0.1,0,,,,,,,,,,,,0,0,0,0,0,0,1,0,0,1,0,,0,0,0,0,1,0,0,0,0,0,0,Mexico,0,1,1950,1990,41.0,41.0,41,1.0,1970.0,0,0,0,1,0,1,1,1,0,0,0,0,1,0,1,0,0,0,0,0,0.305,1996,3.15,1996,Mexico1950
1890,94,Evans and Karras (1996),1.2,0.1,0,,,,,,,,,,,,0,0,0,0,0,0,1,0,0,1,0,,0,0,0,0,1,0,0,0,0,0,0,Trinidad and Tobago,0,1,1950,1990,41.0,41.0,41,1.0,1970.0,0,0,0,1,0,1,1,1,0,0,0,0,1,0,1,0,0,0,0,0,0.305,1996,3.15,1996,Trinidad and Tobago1950
1891,94,Evans and Karras (1996),0.99,0.14,0,,,,,,,,,,,,0,0,0,0,0,0,1,0,0,1,0,,0,0,0,0,1,0,0,0,0,0,0,Argentina,0,1,1950,1990,41.0,41.0,41,1.0,1970.0,0,0,0,1,0,1,1,1,0,0,0,0,1,0,1,0,0,0,0,0,0.305,1996,3.15,1996,Argentina1950
1892,94,Evans and Karras (1996),0.64,0.05,0,,,,,,,,,,,,0,0,0,0,0,0,1,0,0,1,0,,0,0,0,0,1,0,0,0,0,0,0,Brazil,0,1,1950,1990,41.0,41.0,41,1.0,1970.0,0,0,0,1,0,1,1,1,0,0,0,0,1,0,1,0,0,0,0,0,0.305,1996,3.15,1996,Brazil1950
1893,94,Evans and Karras (1996),0.43,0.11,0,,,,,,,,,,,,0,0,0,0,0,0,1,0,0,1,0,,0,0,0,0,1,0,0,0,0,0,0,Colombia,0,1,1950,1990,41.0,41.0,41,1.0,1970.0,0,0,0,1,0,1,1,1,0,0,0,0,1,0,1,0,0,0,0,0,0.305,1996,3.15,1996,Colombia1950
1894,94,Evans and Karras (1996),1.16,0.22,0,,,,,,,,,,,,0,0,0,0,0,0,1,0,0,1,0,,0,0,0,0,1,0,0,0,0,0,0,Guyana,0,1,1950,1990,41.0,41.0,41,1.0,1970.0,0,0,0,1,0,1,1,1,0,0,0,0,1,0,1,0,0,0,0,0,0.305,1996,3.15,1996,Guyana1950
1895,94,Evans and Karras (1996),0.43,0.12,0,,,,,,,,,,,,0,0,0,0,0,0,1,0,0,1,0,,0,0,0,0,1,0,0,0,0,0,0,Peru,0,1,1950,1990,41.0,41.0,41,1.0,1970.0,0,0,0,1,0,1,1,1,0,0,0,0,1,0,1,0,0,0,0,0,0.305,1996,3.15,1996,Peru1950
1896,94,Evans and Karras (1996),0.39,0.25,0,,,,,,,,,,,,0,0,0,0,0,0,1,0,0,1,0,,0,0,0,0,1,0,0,0,0,0,0,Venezuela,0,1,1950,1990,41.0,41.0,41,1.0,1970.0,0,0,0,1,0,1,1,1,0,0,0,0,1,0,1,0,0,0,0,0,0.305,1996,3.15,1996,Venezuela1950
1897,94,Evans and Karras (1996),0.54,0.26,0,,,,,,,,,,,,0,0,0,0,0,0,1,0,0,1,0,,0,0,0,0,1,0,0,0,0,0,0,Kenya,0,1,1950,1990,41.0,41.0,41,1.0,1970.0,0,0,0,1,0,1,1,1,0,0,0,0,1,0,1,0,0,0,0,0,0.305,1996,3.15,1996,Kenya1950
1898,94,Evans and Karras (1996),0.8,0.12,0,,,,,,,,,,,,0,0,0,0,0,0,1,0,0,1,0,,0,0,0,0,1,0,0,0,0,0,0,Morocco,0,1,1950,1990,41.0,41.0,41,1.0,1970.0,0,0,0,1,0,1,1,1,0,0,0,0,1,0,1,0,0,0,0,0,0.305,1996,3.15,1996,Morocco1950
1899,94,Evans and Karras (1996),0.76,0.32,0,,,,,,,,,,,,0,0,0,0,0,0,1,0,0,1,0,,0,0,0,0,1,0,0,0,0,0,0,South Africa,0,1,1950,1990,41.0,41.0,41,1.0,1970.0,0,0,0,1,0,1,1,1,0,0,0,0,1,0,1,0,0,0,0,0,0.305,1996,3.15,1996,South Africa1950
1900,94,Evans and Karras (1996),0.71,0.16,0,,,,,,,,,,,,0,0,0,0,0,0,1,0,0,1,0,,0,0,0,0,1,0,0,0,0,0,0,Costa Rica,0,1,1950,1990,41.0,41.0,41,1.0,1970.0,0,0,0,1,0,1,1,1,0,0,0,0,1,0,1,0,0,0,0,0,0.305,1996,3.15,1996,Costa Rica1950
1901,94,Evans and Karras (1996),1.0,0.07,0,,,,,,,,,,,,0,0,0,0,0,0,1,0,0,1,0,,0,0,0,0,1,0,0,0,0,0,0,El Salvador,0,1,1950,1990,41.0,41.0,41,1.0,1970.0,0,0,0,1,0,1,1,1,0,0,0,0,1,0,1,0,0,0,0,0,0.305,1996,3.15,1996,El Salvador1950
1902,94,Evans and Karras (1996),0.5,0.27,0,,,,,,,,,,,,0,0,0,0,0,0,1,0,0,1,0,,0,0,0,0,1,0,0,0,0,0,0,Honduras,0,1,1950,1990,41.0,41.0,41,1.0,1970.0,0,0,0,1,0,1,1,1,0,0,0,0,1,0,1,0,0,0,0,0,0.305,1996,3.15,1996,Honduras1950
1903,94,Evans and Karras (1996),0.1,0.16,0,,,,,,,,,,,,0,0,0,0,0,0,1,0,0,1,0,,0,0,0,0,1,0,0,0,0,0,0,Panama,0,1,1950,1990,41.0,41.0,41,1.0,1970.0,0,0,0,1,0,1,1,1,0,0,0,0,1,0,1,0,0,0,0,0,0.305,1996,3.15,1996,Panama1950
1904,94,Evans and Karras (1996),0.52,0.08,0,,,,,,,,,,,,0,0,0,0,0,0,1,0,0,1,0,,0,0,0,0,1,0,0,0,0,0,0,USA,0,1,1950,1990,41.0,41.0,41,1.0,1970.0,0,0,0,1,0,1,1,1,0,0,0,0,1,0,1,0,0,0,0,0,0.305,1996,3.15,1996,USA1950
1905,94,Evans and Karras (1996),0.84,0.26,0,,,,,,,,,,,,0,0,0,0,0,0,1,0,0,1,0,,0,0,0,0,1,0,0,0,0,0,0,Bolivia,0,1,1950,1990,41.0,41.0,41,1.0,1970.0,0,0,0,1,0,1,1,1,0,0,0,0,1,0,1,0,0,0,0,0,0.305,1996,3.15,1996,Bolivia1950
1906,94,Evans and Karras (1996),0.81,0.12,0,,,,,,,,,,,,0,0,0,0,0,0,1,0,0,1,0,,0,0,0,0,1,0,0,0,0,0,0,Chile,0,1,1950,1990,41.0,41.0,41,1.0,1970.0,0,0,0,1,0,1,1,1,0,0,0,0,1,0,1,0,0,0,0,0,0.305,1996,3.15,1996,Chile1950
1907,94,Evans and Karras (1996),-0.25,0.72,0,,,,,,,,,,,,0,0,0,0,0,0,1,0,0,1,0,,0,0,0,0,1,0,0,0,0,0,0,Ecuador,0,1,1950,1990,41.0,41.0,41,1.0,1970.0,0,0,0,1,0,1,1,1,0,0,0,0,1,0,1,0,0,0,0,0,0.305,1996,3.15,1996,Ecuador1950
1908,94,Evans and Karras (1996),0.99,0.13,0,,,,,,,,,,,,0,0,0,0,0,0,1,0,0,1,0,,0,0,0,0,1,0,0,0,0,0,0,Paraguay,0,1,1950,1990,41.0,41.0,41,1.0,1970.0,0,0,0,1,0,1,1,1,0,0,0,0,1,0,1,0,0,0,0,0,0.305,1996,3.15,1996,Paraguay1950
1909,94,Evans and Karras (1996),0.6,0.13,0,,,,,,,,,,,,0,0,0,0,0,0,1,0,0,1,0,,0,0,0,0,1,0,0,0,0,0,0,Uruguay,0,1,1950,1990,41.0,41.0,41,1.0,1970.0,0,0,0,1,0,1,1,1,0,0,0,0,1,0,1,0,0,0,0,0,0.305,1996,3.15,1996,Uruguay1950
1910,94,Evans and Karras (1996),0.89,0.26,0,,,,,,,,,,,,0,0,0,0,0,0,1,0,0,1,0,,0,0,0,0,1,0,0,0,0,0,0,India,0,1,1950,1990,41.0,41.0,41,1.0,1970.0,0,0,0,1,0,1,1,1,0,0,0,0,1,0,1,0,0,0,0,0,0.305,1996,3.15,1996,India1950
1911,94,Evans and Karras (1996),1.15,0.13,0,,,,,,,,,,,,0,0,0,0,0,0,1,0,0,1,0,,0,0,0,0,1,0,0,0,0,0,0,Pakistan,0,1,1950,1990,41.0,41.0,41,1.0,1970.0,0,0,0,1,0,1,1,1,0,0,0,0,1,0,1,0,0,0,0,0,0.305,1996,3.15,1996,Pakistan1950
1912,94,Evans and Karras (1996),0.72,0.21,0,,,,,,,,,,,,0,0,0,0,0,0,1,0,0,1,0,,0,0,0,0,1,0,0,0,0,0,0,Trinidad and Tobago,0,1,1950,1990,41.0,41.0,41,1.0,1970.0,0,0,0,1,0,1,1,1,0,0,0,0,1,0,1,0,0,0,0,0,0.305,1996,3.15,1996,Trinidad and Tobago1950
1913,94,Evans and Karras (1996),0.7,0.2,0,,,,,,,,,,,,0,0,0,0,0,0,1,0,0,1,0,,0,0,0,0,1,0,0,0,0,0,0,Austria,0,1,1950,1990,41.0,41.0,41,1.0,1970.0,0,0,0,1,0,1,1,1,0,0,0,0,1,0,1,0,0,0,0,0,0.305,1996,3.15,1996,Austria1950
1914,94,Evans and Karras (1996),0.44,0.11,0,,,,,,,,,,,,0,0,0,0,0,0,1,0,0,1,0,,0,0,0,0,1,0,0,0,0,0,0,Cyprus,0,1,1950,1990,41.0,41.0,41,1.0,1970.0,0,0,0,1,0,1,1,1,0,0,0,0,1,0,1,0,0,0,0,0,0.305,1996,3.15,1996,Cyprus1950
1915,94,Evans and Karras (1996),0.24,0.08,0,,,,,,,,,,,,0,0,0,0,0,0,1,0,0,1,0,,0,0,0,0,1,0,0,0,0,0,0,Finland,0,1,1950,1990,41.0,41.0,41,1.0,1970.0,0,0,0,1,0,1,1,1,0,0,0,0,1,0,1,0,0,0,0,0,0.305,1996,3.15,1996,Finland1950
1916,94,Evans and Karras (1996),0.35,0.2,0,,,,,,,,,,,,0,0,0,0,0,0,1,0,0,1,0,,0,0,0,0,1,0,0,0,0,0,0,Germany,0,1,1950,1990,41.0,41.0,41,1.0,1970.0,0,0,0,1,0,1,1,1,0,0,0,0,1,0,1,0,0,0,0,0,0.305,1996,3.15,1996,Germany1950
1917,94,Evans and Karras (1996),0.91,0.22,0,,,,,,,,,,,,0,0,0,0,0,0,1,0,0,1,0,,0,0,0,0,1,0,0,0,0,0,0,Iceland,0,1,1950,1990,41.0,41.0,41,1.0,1970.0,0,0,0,1,0,1,1,1,0,0,0,0,1,0,1,0,0,0,0,0,0.305,1996,3.15,1996,Iceland1950
1918,94,Evans and Karras (1996),0.46,0.12,0,,,,,,,,,,,,0,0,0,0,0,0,1,0,0,1,0,,0,0,0,0,1,0,0,0,0,0,0,Italy,0,1,1950,1990,41.0,41.0,41,1.0,1970.0,0,0,0,1,0,1,1,1,0,0,0,0,1,0,1,0,0,0,0,0,0.305,1996,3.15,1996,Italy1950
1919,94,Evans and Karras (1996),-0.4,0.49,0,,,,,,,,,,,,0,0,0,0,0,0,1,0,0,1,0,,0,0,0,0,1,0,0,0,0,0,0,Netherlands,0,1,1950,1990,41.0,41.0,41,1.0,1970.0,0,0,0,1,0,1,1,1,0,0,0,0,1,0,1,0,0,0,0,0,0.305,1996,3.15,1996,Netherlands1950
1920,94,Evans and Karras (1996),1.01,0.26,0,,,,,,,,,,,,0,0,0,0,0,0,1,0,0,1,0,,0,0,0,0,1,0,0,0,0,0,0,Portugal,0,1,1950,1990,41.0,41.0,41,1.0,1970.0,0,0,0,1,0,1,1,1,0,0,0,0,1,0,1,0,0,0,0,0,0.305,1996,3.15,1996,Portugal1950
1921,94,Evans and Karras (1996),-0.2,0.25,0,,,,,,,,,,,,0,0,0,0,0,0,1,0,0,1,0,,0,0,0,0,1,0,0,0,0,0,0,Sweden,0,1,1950,1990,41.0,41.0,41,1.0,1970.0,0,0,0,1,0,1,1,1,0,0,0,0,1,0,1,0,0,0,0,0,0.305,1996,3.15,1996,Sweden1950
1922,94,Evans and Karras (1996),1.15,0.27,0,,,,,,,,,,,,0,0,0,0,0,0,1,0,0,1,0,,0,0,0,0,1,0,0,0,0,0,0,Turkey,0,1,1950,1990,41.0,41.0,41,1.0,1970.0,0,0,0,1,0,1,1,1,0,0,0,0,1,0,1,0,0,0,0,0,0.305,1996,3.15,1996,Turkey1950
1923,94,Evans and Karras (1996),0.36,0.07,0,,,,,,,,,,,,0,0,0,0,0,0,1,0,0,1,0,,0,0,0,0,1,0,0,0,0,0,0,Australia,0,1,1950,1990,41.0,41.0,41,1.0,1970.0,0,0,0,1,0,1,1,1,0,0,0,0,1,0,1,0,0,0,0,0,0.305,1996,3.15,1996,Australia1950
1924,94,Evans and Karras (1996),0.49,0.1,0,,,,,,,,,,,,0,0,0,0,0,0,1,0,0,1,0,,0,0,0,0,1,0,0,0,0,0,0,Japan,0,1,1950,1990,41.0,41.0,41,1.0,1970.0,0,0,0,1,0,1,1,1,0,0,0,0,1,0,1,0,0,0,0,0,0.305,1996,3.15,1996,Japan1950
1925,94,Evans and Karras (1996),0.37,0.24,0,,,,,,,,,,,,0,0,0,0,0,0,1,0,0,1,0,,0,0,0,0,1,0,0,0,0,0,0,Philippines,0,1,1950,1990,41.0,41.0,41,1.0,1970.0,0,0,0,1,0,1,1,1,0,0,0,0,1,0,1,0,0,0,0,0,0.305,1996,3.15,1996,Philippines1950
1926,94,Evans and Karras (1996),0.32,0.17,0,,,,,,,,,,,,0,0,0,0,0,0,1,0,0,1,0,,0,0,0,0,1,0,0,0,0,0,0,Belgium,0,1,1950,1990,41.0,41.0,41,1.0,1970.0,0,0,0,1,0,1,1,1,0,0,0,0,1,0,1,0,0,0,0,0,0.305,1996,3.15,1996,Belgium1950
1927,94,Evans and Karras (1996),0.49,0.17,0,,,,,,,,,,,,0,0,0,0,0,0,1,0,0,1,0,,0,0,0,0,1,0,0,0,0,0,0,Denmark,0,1,1950,1990,41.0,41.0,41,1.0,1970.0,0,0,0,1,0,1,1,1,0,0,0,0,1,0,1,0,0,0,0,0,0.305,1996,3.15,1996,Denmark1950
1928,94,Evans and Karras (1996),0.27,0.15,0,,,,,,,,,,,,0,0,0,0,0,0,1,0,0,1,0,,0,0,0,0,1,0,0,0,0,0,0,France,0,1,1950,1990,41.0,41.0,41,1.0,1970.0,0,0,0,1,0,1,1,1,0,0,0,0,1,0,1,0,0,0,0,0,0.305,1996,3.15,1996,France1950
1929,94,Evans and Karras (1996),-0.88,1.26,0,,,,,,,,,,,,0,0,0,0,0,0,1,0,0,1,0,,0,0,0,0,1,0,0,0,0,0,0,Greece,0,1,1950,1990,41.0,41.0,41,1.0,1970.0,0,0,0,1,0,1,1,1,0,0,0,0,1,0,1,0,0,0,0,0,0.305,1996,3.15,1996,Greece1950
1930,94,Evans and Karras (1996),0.3,0.29,0,,,,,,,,,,,,0,0,0,0,0,0,1,0,0,1,0,,0,0,0,0,1,0,0,0,0,0,0,Ireland,0,1,1950,1990,41.0,41.0,41,1.0,1970.0,0,0,0,1,0,1,1,1,0,0,0,0,1,0,1,0,0,0,0,0,0.305,1996,3.15,1996,Ireland1950
1931,94,Evans and Karras (1996),0.08,0.07,0,,,,,,,,,,,,0,0,0,0,0,0,1,0,0,1,0,,0,0,0,0,1,0,0,0,0,0,0,Luxembourg,0,1,1950,1990,41.0,41.0,41,1.0,1970.0,0,0,0,1,0,1,1,1,0,0,0,0,1,0,1,0,0,0,0,0,0.305,1996,3.15,1996,Luxembourg1950
1932,94,Evans and Karras (1996),0.66,0.24,0,,,,,,,,,,,,0,0,0,0,0,0,1,0,0,1,0,,0,0,0,0,1,0,0,0,0,0,0,Norway,0,1,1950,1990,41.0,41.0,41,1.0,1970.0,0,0,0,1,0,1,1,1,0,0,0,0,1,0,1,0,0,0,0,0,0.305,1996,3.15,1996,Norway1950
1933,94,Evans and Karras (1996),0.66,0.1,0,,,,,,,,,,,,0,0,0,0,0,0,1,0,0,1,0,,0,0,0,0,1,0,0,0,0,0,0,Spain,0,1,1950,1990,41.0,41.0,41,1.0,1970.0,0,0,0,1,0,1,1,1,0,0,0,0,1,0,1,0,0,0,0,0,0.305,1996,3.15,1996,Spain1950
1934,94,Evans and Karras (1996),0.02,0.31,0,,,,,,,,,,,,0,0,0,0,0,0,1,0,0,1,0,,0,0,0,0,1,0,0,0,0,0,0,Switzerland,0,1,1950,1990,41.0,41.0,41,1.0,1970.0,0,0,0,1,0,1,1,1,0,0,0,0,1,0,1,0,0,0,0,0,0.305,1996,3.15,1996,Switzerland1950
1935,94,Evans and Karras (1996),0.79,0.14,0,,,,,,,,,,,,0,0,0,0,0,0,1,0,0,1,0,,0,0,0,0,1,0,0,0,0,0,0,UK,0,1,1950,1990,41.0,41.0,41,1.0,1970.0,0,0,0,1,0,1,1,1,0,0,0,0,1,0,1,0,0,0,0,0,0.305,1996,3.15,1996,UK1950
1936,94,Evans and Karras (1996),0.61,0.23,0,,,,,,,,,,,,0,0,0,0,0,0,1,0,0,1,0,,0,0,0,0,1,0,0,0,0,0,0,New Zealand,0,1,1950,1990,41.0,41.0,41,1.0,1970.0,0,0,0,1,0,1,1,1,0,0,0,0,1,0,1,0,0,0,0,0,0.305,1996,3.15,1996,New Zealand1950
1937,95,Gomes and Paz (2010),0.874,0.37,0,,,,,,,,,,,,1,0,0,0,0,0,0,0,0,1,0,,0,0,1,0,1,0,0,0,0,0,0,Brazil,1,0,1950,2003,54.0,54.0,54,1.0,1976.5,0,0,0,1,0,1,1,1,1,1,0,0,0,0,0,0,0,0,0,0,0.0,2008,1.25,2010,Brazil1950
1938,95,Gomes and Paz (2010),0.828,0.338,0,,,,,,,,,,,,1,0,0,0,0,0,0,0,0,1,0,,0,0,1,0,1,0,0,0,0,0,0,Brazil,1,0,1950,2003,54.0,54.0,54,1.0,1976.5,0,0,0,1,0,1,1,1,1,1,0,0,0,0,0,0,0,0,0,0,0.0,2008,1.25,2010,Brazil1950
1939,95,Gomes and Paz (2010),0.297,0.543,0,,,,,,,,,,,,1,0,0,0,0,0,0,0,0,1,0,,0,0,1,0,1,0,0,0,0,0,0,Brazil,1,0,1950,2003,54.0,54.0,54,1.0,1976.5,0,0,0,1,0,1,0,1,0,1,0,0,0,0,0,0,0,0,0,0,0.0,2008,1.25,2010,Brazil1950
1940,95,Gomes and Paz (2010),0.424,0.427,0,,,,,,,,,,,,1,0,0,0,0,0,0,0,0,1,0,,0,0,1,0,1,0,0,0,0,0,0,Brazil,1,0,1950,2003,54.0,54.0,54,1.0,1976.5,0,0,0,1,0,1,1,0,0,1,0,0,0,0,0,0,0,0,0,0,0.0,2008,1.25,2010,Brazil1950
1941,95,Gomes and Paz (2010),0.906,0.329,0,,,,,,,,,,,,1,0,0,0,0,0,0,0,0,1,0,,0,0,1,0,1,0,0,0,0,0,0,Brazil,1,0,1950,2003,54.0,54.0,54,1.0,1976.5,0,0,0,1,0,1,1,1,0,1,0,1,0,0,0,0,0,0,0,0,0.0,2008,1.25,2010,Brazil1950
1942,95,Gomes and Paz (2010),0.395,0.625,0,,,,,,,,,,,,1,0,0,0,0,0,0,0,0,1,0,,0,0,1,0,1,0,0,0,0,0,0,Brazil,1,0,1950,2003,54.0,54.0,54,1.0,1976.5,0,0,0,1,0,1,0,0,1,1,0,0,0,0,0,0,0,0,0,0,0.0,2008,1.25,2010,Brazil1950
1943,95,Gomes and Paz (2010),0.903,0.291,0,,,,,,,,,,,,1,0,0,0,0,0,0,0,0,1,0,,0,0,1,0,1,0,0,0,0,0,0,Brazil,1,0,1950,2003,54.0,54.0,54,1.0,1976.5,0,0,0,1,0,1,1,1,1,1,0,1,0,0,0,0,0,0,0,0,0.0,2008,1.25,2010,Brazil1950
1944,95,Gomes and Paz (2010),0.797,0.4,0,,,,,,,,,,,,1,0,0,0,0,0,0,0,0,1,0,,0,0,1,0,1,0,0,0,0,0,0,Brazil,1,0,1950,2003,54.0,54.0,54,1.0,1976.5,0,0,0,1,0,1,1,1,1,1,0,0,0,0,0,0,0,0,0,0,0.0,2008,1.25,2010,Brazil1950
1945,95,Gomes and Paz (2010),0.734,0.318,0,,,,,,,,,,,,1,0,0,0,0,0,0,0,0,1,0,,0,0,1,0,1,0,0,0,0,0,0,Brazil,1,0,1950,2003,54.0,54.0,54,1.0,1976.5,0,0,0,1,0,1,1,1,1,1,0,0,0,0,0,0,0,0,0,0,0.0,2008,1.25,2010,Brazil1950
1946,95,Gomes and Paz (2010),0.57,0.334,0,,,,,,,,,,,,1,0,0,0,0,0,0,0,0,1,0,,0,0,1,0,1,0,0,0,0,0,0,Brazil,1,0,1950,2003,54.0,54.0,54,1.0,1976.5,0,0,0,1,0,1,0,1,0,1,0,0,0,0,0,0,0,0,0,0,0.0,2008,1.25,2010,Brazil1950
1947,95,Gomes and Paz (2010),0.784,0.372,0,,,,,,,,,,,,1,0,0,0,0,0,0,0,0,1,0,,0,0,1,0,1,0,0,0,0,0,0,Brazil,1,0,1950,2003,54.0,54.0,54,1.0,1976.5,0,0,0,1,0,1,1,0,0,1,0,0,0,0,0,0,0,0,0,0,0.0,2008,1.25,2010,Brazil1950
1948,95,Gomes and Paz (2010),1.063,0.317,0,,,,,,,,,,,,1,0,0,0,0,0,0,0,0,1,0,,0,0,1,0,1,0,0,0,0,0,0,Brazil,1,0,1950,2003,54.0,54.0,54,1.0,1976.5,0,0,0,1,0,1,1,1,0,1,0,1,0,0,0,0,0,0,0,0,0.0,2008,1.25,2010,Brazil1950
1949,95,Gomes and Paz (2010),0.12,0.704,0,,,,,,,,,,,,1,0,0,0,0,0,0,0,0,1,0,,0,0,1,0,1,0,0,0,0,0,0,Brazil,1,0,1950,2003,54.0,54.0,54,1.0,1976.5,0,0,0,1,0,1,0,0,1,1,0,0,0,0,0,0,0,0,0,0,0.0,2008,1.25,2010,Brazil1950
1950,95,Gomes and Paz (2010),0.854,0.27,0,,,,,,,,,,,,1,0,0,0,0,0,0,0,0,1,0,,0,0,1,0,1,0,0,0,0,0,0,Brazil,1,0,1950,2003,54.0,54.0,54,1.0,1976.5,0,0,0,1,0,1,1,1,1,1,0,1,0,0,0,0,0,0,0,0,0.0,2008,1.25,2010,Brazil1950
1951,95,Gomes and Paz (2010),1.368,0.2,0,,,,,,,,,,,,1,0,0,0,0,0,0,0,0,1,0,,0,0,1,0,1,0,0,0,0,0,0,Colombia,1,0,1950,2003,54.0,54.0,54,1.0,1976.5,0,0,0,1,0,1,1,1,1,1,0,0,0,0,0,0,0,0,0,0,0.0,2008,1.25,2010,Colombia1950
1952,95,Gomes and Paz (2010),1.416,0.229,0,,,,,,,,,,,,1,0,0,0,0,0,0,0,0,1,0,,0,0,1,0,1,0,0,0,0,0,0,Colombia,1,0,1950,2003,54.0,54.0,54,1.0,1976.5,0,0,0,1,0,1,1,1,1,1,0,0,0,0,0,0,0,0,0,0,0.0,2008,1.25,2010,Colombia1950
1953,95,Gomes and Paz (2010),1.245,0.176,0,,,,,,,,,,,,1,0,0,0,0,0,0,0,0,1,0,,0,0,1,0,1,0,0,0,0,0,0,Colombia,1,0,1950,2003,54.0,54.0,54,1.0,1976.5,0,0,0,1,0,1,0,1,0,1,0,0,0,0,0,0,0,0,0,0,0.0,2008,1.25,2010,Colombia1950
1954,95,Gomes and Paz (2010),1.502,0.259,0,,,,,,,,,,,,1,0,0,0,0,0,0,0,0,1,0,,0,0,1,0,1,0,0,0,0,0,0,Colombia,1,0,1950,2003,54.0,54.0,54,1.0,1976.5,0,0,0,1,0,1,1,0,0,1,0,0,0,0,0,0,0,0,0,0,0.0,2008,1.25,2010,Colombia1950
1955,95,Gomes and Paz (2010),1.323,0.218,0,,,,,,,,,,,,1,0,0,0,0,0,0,0,0,1,0,,0,0,1,0,1,0,0,0,0,0,0,Colombia,1,0,1950,2003,54.0,54.0,54,1.0,1976.5,0,0,0,1,0,1,1,1,0,1,0,1,0,0,0,0,0,0,0,0,0.0,2008,1.25,2010,Colombia1950
1956,95,Gomes and Paz (2010),1.324,0.324,0,,,,,,,,,,,,1,0,0,0,0,0,0,0,0,1,0,,0,0,1,0,1,0,0,0,0,0,0,Colombia,1,0,1950,2003,54.0,54.0,54,1.0,1976.5,0,0,0,1,0,1,0,0,1,1,0,0,0,0,0,0,0,0,0,0,0.0,2008,1.25,2010,Colombia1950
1957,95,Gomes and Paz (2010),1.367,0.219,0,,,,,,,,,,,,1,0,0,0,0,0,0,0,0,1,0,,0,0,1,0,1,0,0,0,0,0,0,Colombia,1,0,1950,2003,54.0,54.0,54,1.0,1976.5,0,0,0,1,0,1,1,1,1,1,0,1,0,0,0,0,0,0,0,0,0.0,2008,1.25,2010,Colombia1950
1958,95,Gomes and Paz (2010),0.97,0.2,0,,,,,,,,,,,,1,0,0,0,0,0,0,0,0,1,0,,0,0,1,0,1,0,0,0,0,0,0,Peru,1,0,1950,2003,54.0,54.0,54,1.0,1976.5,0,0,0,1,0,1,1,1,1,1,0,0,0,0,0,0,0,0,0,0,0.0,2008,1.25,2010,Peru1950
1959,95,Gomes and Paz (2010),1.029,0.123,0,,,,,,,,,,,,1,0,0,0,0,0,0,0,0,1,0,,0,0,1,0,1,0,0,0,0,0,0,Peru,1,0,1950,2003,54.0,54.0,54,1.0,1976.5,0,0,0,1,0,1,1,1,1,1,0,0,0,0,0,0,0,0,0,0,0.0,2008,1.25,2010,Peru1950
1960,95,Gomes and Paz (2010),1.083,0.155,0,,,,,,,,,,,,1,0,0,0,0,0,0,0,0,1,0,,0,0,1,0,1,0,0,0,0,0,0,Peru,1,0,1950,2003,54.0,54.0,54,1.0,1976.5,0,0,0,1,0,1,0,1,0,1,0,0,0,0,0,0,0,0,0,0,0.0,2008,1.25,2010,Peru1950
1961,95,Gomes and Paz (2010),0.822,0.291,0,,,,,,,,,,,,1,0,0,0,0,0,0,0,0,1,0,,0,0,1,0,1,0,0,0,0,0,0,Peru,1,0,1950,2003,54.0,54.0,54,1.0,1976.5,0,0,0,1,0,1,1,0,0,1,0,0,0,0,0,0,0,0,0,0,0.0,2008,1.25,2010,Peru1950
1962,95,Gomes and Paz (2010),1.111,0.16,0,,,,,,,,,,,,1,0,0,0,0,0,0,0,0,1,0,,0,0,1,0,1,0,0,0,0,0,0,Peru,1,0,1950,2003,54.0,54.0,54,1.0,1976.5,0,0,0,1,0,1,1,1,0,1,0,1,0,0,0,0,0,0,0,0,0.0,2008,1.25,2010,Peru1950
1963,95,Gomes and Paz (2010),0.998,0.144,0,,,,,,,,,,,,1,0,0,0,0,0,0,0,0,1,0,,0,0,1,0,1,0,0,0,0,0,0,Peru,1,0,1950,2003,54.0,54.0,54,1.0,1976.5,0,0,0,1,0,1,0,0,1,1,0,0,0,0,0,0,0,0,0,0,0.0,2008,1.25,2010,Peru1950
1964,95,Gomes and Paz (2010),1.063,0.132,0,,,,,,,,,,,,1,0,0,0,0,0,0,0,0,1,0,,0,0,1,0,1,0,0,0,0,0,0,Peru,1,0,1950,2003,54.0,54.0,54,1.0,1976.5,0,0,0,1,0,1,1,1,1,1,0,1,0,0,0,0,0,0,0,0,0.0,2008,1.25,2010,Peru1950
1965,95,Gomes and Paz (2010),0.808,0.2,0,,,,,,,,,,,,1,0,0,0,0,0,0,0,0,1,0,,0,0,1,0,1,0,0,0,0,0,0,Venezuela,1,0,1950,2003,54.0,54.0,54,1.0,1976.5,0,0,0,1,0,1,1,1,1,1,0,0,0,0,0,0,0,0,0,0,0.0,2008,1.25,2010,Venezuela1950
1966,95,Gomes and Paz (2010),0.703,0.197,0,,,,,,,,,,,,1,0,0,0,0,0,0,0,0,1,0,,0,0,1,0,1,0,0,0,0,0,0,Venezuela,1,0,1950,2003,54.0,54.0,54,1.0,1976.5,0,0,0,1,0,1,1,1,1,1,0,0,0,0,0,0,0,0,0,0,0.0,2008,1.25,2010,Venezuela1950
1967,95,Gomes and Paz (2010),0.432,0.599,0,,,,,,,,,,,,1,0,0,0,0,0,0,0,0,1,0,,0,0,1,0,1,0,0,0,0,0,0,Venezuela,1,0,1950,2003,54.0,54.0,54,1.0,1976.5,0,0,0,1,0,1,0,1,0,1,0,0,0,0,0,0,0,0,0,0,0.0,2008,1.25,2010,Venezuela1950
1968,95,Gomes and Paz (2010),0.751,0.452,0,,,,,,,,,,,,1,0,0,0,0,0,0,0,0,1,0,,0,0,1,0,1,0,0,0,0,0,0,Venezuela,1,0,1950,2003,54.0,54.0,54,1.0,1976.5,0,0,0,1,0,1,1,0,0,1,0,0,0,0,0,0,0,0,0,0,0.0,2008,1.25,2010,Venezuela1950
1969,95,Gomes and Paz (2010),0.926,0.251,0,,,,,,,,,,,,1,0,0,0,0,0,0,0,0,1,0,,0,0,1,0,1,0,0,0,0,0,0,Venezuela,1,0,1950,2003,54.0,54.0,54,1.0,1976.5,0,0,0,1,0,1,1,1,0,1,0,1,0,0,0,0,0,0,0,0,0.0,2008,1.25,2010,Venezuela1950
1970,95,Gomes and Paz (2010),1.043,0.216,0,,,,,,,,,,,,1,0,0,0,0,0,0,0,0,1,0,,0,0,1,0,1,0,0,0,0,0,0,Venezuela,1,0,1950,2003,54.0,54.0,54,1.0,1976.5,0,0,0,1,0,1,0,0,1,1,0,0,0,0,0,0,0,0,0,0,0.0,2008,1.25,2010,Venezuela1950
1971,95,Gomes and Paz (2010),0.814,0.225,0,,,,,,,,,,,,1,0,0,0,0,0,0,0,0,1,0,,0,0,1,0,1,0,0,0,0,0,0,Venezuela,1,0,1950,2003,54.0,54.0,54,1.0,1976.5,0,0,0,1,0,1,1,1,1,1,0,1,0,0,0,0,0,0,0,0,0.0,2008,1.25,2010,Venezuela1950
1972,95,Gomes and Paz (2010),1.178,0.379,0,,,,,,,,,,,,1,0,0,0,0,0,0,0,0,1,0,,0,0,1,0,1,0,0,0,0,0,1,Brazil,1,0,1950,2003,54.0,54.0,54,1.0,1976.5,0,0,0,1,0,1,1,1,1,1,0,0,0,0,0,0,0,0,0,0,0.0,2008,1.25,2010,Brazil1950
1973,95,Gomes and Paz (2010),1.011,0.332,0,,,,,,,,,,,,1,0,0,0,0,0,0,0,0,1,0,,0,0,1,0,1,0,0,0,0,0,1,Brazil,1,0,1950,2003,54.0,54.0,54,1.0,1976.5,0,0,0,1,0,1,1,1,1,1,0,0,0,0,0,0,0,0,0,0,0.0,2008,1.25,2010,Brazil1950
1974,95,Gomes and Paz (2010),0.264,0.662,0,,,,,,,,,,,,1,0,0,0,0,0,0,0,0,1,0,,0,0,1,0,1,0,0,0,0,0,1,Brazil,1,0,1950,2003,54.0,54.0,54,1.0,1976.5,0,0,0,1,0,1,0,1,0,1,0,0,0,0,0,0,0,0,0,0,0.0,2008,1.25,2010,Brazil1950
1975,95,Gomes and Paz (2010),0.709,0.394,0,,,,,,,,,,,,1,0,0,0,0,0,0,0,0,1,0,,0,0,1,0,1,0,0,0,0,0,1,Brazil,1,0,1950,2003,54.0,54.0,54,1.0,1976.5,0,0,0,1,0,1,1,0,0,1,0,0,0,0,0,0,0,0,0,0,0.0,2008,1.25,2010,Brazil1950
1976,95,Gomes and Paz (2010),0.974,0.326,0,,,,,,,,,,,,1,0,0,0,0,0,0,0,0,1,0,,0,0,1,0,1,0,0,0,0,0,1,Brazil,1,0,1950,2003,54.0,54.0,54,1.0,1976.5,0,0,0,1,0,1,1,1,0,1,0,1,0,0,0,0,0,0,0,0,0.0,2008,1.25,2010,Brazil1950
1977,95,Gomes and Paz (2010),0.89,0.896,0,,,,,,,,,,,,1,0,0,0,0,0,0,0,0,1,0,,0,0,1,0,1,0,0,0,0,0,1,Brazil,1,0,1950,2003,54.0,54.0,54,1.0,1976.5,0,0,0,1,0,1,0,0,1,1,0,0,0,0,0,0,0,0,0,0,0.0,2008,1.25,2010,Brazil1950
1978,95,Gomes and Paz (2010),0.976,0.296,0,,,,,,,,,,,,1,0,0,0,0,0,0,0,0,1,0,,0,0,1,0,1,0,0,0,0,0,1,Brazil,1,0,1950,2003,54.0,54.0,54,1.0,1976.5,0,0,0,1,0,1,1,1,1,1,0,1,0,0,0,0,0,0,0,0,0.0,2008,1.25,2010,Brazil1950
1979,95,Gomes and Paz (2010),-1.341,2.4,0,,,,,,,,,,,,1,0,0,0,0,0,0,0,0,1,0,,0,0,1,0,1,0,0,0,1,0,0,Brazil,1,0,1950,2003,54.0,54.0,54,1.0,1976.5,0,0,0,1,0,1,1,1,1,1,0,0,0,0,0,0,0,0,0,0,0.0,2008,1.25,2010,Brazil1950
1980,95,Gomes and Paz (2010),-0.638,2.1,0,,,,,,,,,,,,1,0,0,0,0,0,0,0,0,1,0,,0,0,1,0,1,0,0,0,1,0,0,Brazil,1,0,1950,2003,54.0,54.0,54,1.0,1976.5,0,0,0,1,0,1,1,1,1,1,0,0,0,0,0,0,0,0,0,0,0.0,2008,1.25,2010,Brazil1950
1981,95,Gomes and Paz (2010),0.418,1.49,0,,,,,,,,,,,,1,0,0,0,0,0,0,0,0,1,0,,0,0,1,0,1,0,0,0,1,0,0,Brazil,1,0,1950,2003,54.0,54.0,54,1.0,1976.5,0,0,0,1,0,1,0,1,0,1,0,0,0,0,0,0,0,0,0,0,0.0,2008,1.25,2010,Brazil1950
1982,95,Gomes and Paz (2010),-1.35,1.81,0,,,,,,,,,,,,1,0,0,0,0,0,0,0,0,1,0,,0,0,1,0,1,0,0,0,1,0,0,Brazil,1,0,1950,2003,54.0,54.0,54,1.0,1976.5,0,0,0,1,0,1,1,0,0,1,0,0,0,0,0,0,0,0,0,0,0.0,2008,1.25,2010,Brazil1950
1983,95,Gomes and Paz (2010),0.231,1.8,0,,,,,,,,,,,,1,0,0,0,0,0,0,0,0,1,0,,0,0,1,0,1,0,0,0,1,0,0,Brazil,1,0,1950,2003,54.0,54.0,54,1.0,1976.5,0,0,0,1,0,1,1,1,0,1,0,1,0,0,0,0,0,0,0,0,0.0,2008,1.25,2010,Brazil1950
1984,95,Gomes and Paz (2010),-0.778,2.19,0,,,,,,,,,,,,1,0,0,0,0,0,0,0,0,1,0,,0,0,1,0,1,0,0,0,1,0,0,Brazil,1,0,1950,2003,54.0,54.0,54,1.0,1976.5,0,0,0,1,0,1,0,0,1,1,0,0,0,0,0,0,0,0,0,0,0.0,2008,1.25,2010,Brazil1950
1985,95,Gomes and Paz (2010),0.266,1.84,0,,,,,,,,,,,,1,0,0,0,0,0,0,0,0,1,0,,0,0,1,0,1,0,0,0,1,0,0,Brazil,1,0,1950,2003,54.0,54.0,54,1.0,1976.5,0,0,0,1,0,1,1,1,1,1,0,1,0,0,0,0,0,0,0,0,0.0,2008,1.25,2010,Brazil1950
1986,95,Gomes and Paz (2010),1.135,0.396,0,,,,,,,,,,,,1,0,0,0,0,0,0,0,0,1,0,,0,0,1,0,1,0,0,0,0,0,1,Brazil,1,0,1950,2003,54.0,54.0,54,1.0,1976.5,0,0,0,1,0,1,1,1,1,1,0,0,0,0,0,0,0,0,0,0,0.0,2008,1.25,2010,Brazil1950
1987,95,Gomes and Paz (2010),0.91,0.318,0,,,,,,,,,,,,1,0,0,0,0,0,0,0,0,1,0,,0,0,1,0,1,0,0,0,0,0,1,Brazil,1,0,1950,2003,54.0,54.0,54,1.0,1976.5,0,0,0,1,0,1,1,1,1,1,0,0,0,0,0,0,0,0,0,0,0.0,2008,1.25,2010,Brazil1950
1988,95,Gomes and Paz (2010),0.704,0.622,0,,,,,,,,,,,,1,0,0,0,0,0,0,0,0,1,0,,0,0,1,0,1,0,0,0,0,0,1,Brazil,1,0,1950,2003,54.0,54.0,54,1.0,1976.5,0,0,0,1,0,1,0,1,0,1,0,0,0,0,0,0,0,0,0,0,0.0,2008,1.25,2010,Brazil1950
1989,95,Gomes and Paz (2010),0.917,0.352,0,,,,,,,,,,,,1,0,0,0,0,0,0,0,0,1,0,,0,0,1,0,1,0,0,0,0,0,1,Brazil,1,0,1950,2003,54.0,54.0,54,1.0,1976.5,0,0,0,1,0,1,1,0,0,1,0,0,0,0,0,0,0,0,0,0,0.0,2008,1.25,2010,Brazil1950
1990,95,Gomes and Paz (2010),1.121,0.333,0,,,,,,,,,,,,1,0,0,0,0,0,0,0,0,1,0,,0,0,1,0,1,0,0,0,0,0,1,Brazil,1,0,1950,2003,54.0,54.0,54,1.0,1976.5,0,0,0,1,0,1,1,1,0,1,0,1,0,0,0,0,0,0,0,0,0.0,2008,1.25,2010,Brazil1950
1991,95,Gomes and Paz (2010),1.003,1.1,0,,,,,,,,,,,,1,0,0,0,0,0,0,0,0,1,0,,0,0,1,0,1,0,0,0,0,0,1,Brazil,1,0,1950,2003,54.0,54.0,54,1.0,1976.5,0,0,0,1,0,1,0,0,1,1,0,0,0,0,0,0,0,0,0,0,0.0,2008,1.25,2010,Brazil1950
1992,95,Gomes and Paz (2010),0.971,0.273,0,,,,,,,,,,,,1,0,0,0,0,0,0,0,0,1,0,,0,0,1,0,1,0,0,0,0,0,1,Brazil,1,0,1950,2003,54.0,54.0,54,1.0,1976.5,0,0,0,1,0,1,1,1,1,1,0,1,0,0,0,0,0,0,0,0,0.0,2008,1.25,2010,Brazil1950
1993,95,Gomes and Paz (2010),-0.337,1.54,0,,,,,,,,,,,,1,0,0,0,0,0,0,0,0,1,0,,0,0,1,0,1,0,0,0,1,0,0,Brazil,1,0,1950,2003,54.0,54.0,54,1.0,1976.5,0,0,0,1,0,1,1,1,1,1,0,0,0,0,0,0,0,0,0,0,0.0,2008,1.25,2010,Brazil1950
1994,95,Gomes and Paz (2010),-0.253,1.65,0,,,,,,,,,,,,1,0,0,0,0,0,0,0,0,1,0,,0,0,1,0,1,0,0,0,1,0,0,Brazil,1,0,1950,2003,54.0,54.0,54,1.0,1976.5,0,0,0,1,0,1,1,1,1,1,0,0,0,0,0,0,0,0,0,0,0.0,2008,1.25,2010,Brazil1950
1995,95,Gomes and Paz (2010),0.033,2.57,0,,,,,,,,,,,,1,0,0,0,0,0,0,0,0,1,0,,0,0,1,0,1,0,0,0,1,0,0,Brazil,1,0,1950,2003,54.0,54.0,54,1.0,1976.5,0,0,0,1,0,1,0,1,0,1,0,0,0,0,0,0,0,0,0,0,0.0,2008,1.25,2010,Brazil1950
1996,95,Gomes and Paz (2010),-0.417,3.06,0,,,,,,,,,,,,1,0,0,0,0,0,0,0,0,1,0,,0,0,1,0,1,0,0,0,1,0,0,Brazil,1,0,1950,2003,54.0,54.0,54,1.0,1976.5,0,0,0,1,0,1,1,0,0,1,0,0,0,0,0,0,0,0,0,0,0.0,2008,1.25,2010,Brazil1950
1997,95,Gomes and Paz (2010),0.532,1.63,0,,,,,,,,,,,,1,0,0,0,0,0,0,0,0,1,0,,0,0,1,0,1,0,0,0,1,0,0,Brazil,1,0,1950,2003,54.0,54.0,54,1.0,1976.5,0,0,0,1,0,1,1,1,0,1,0,1,0,0,0,0,0,0,0,0,0.0,2008,1.25,2010,Brazil1950
1998,95,Gomes and Paz (2010),-1.524,1.78,0,,,,,,,,,,,,1,0,0,0,0,0,0,0,0,1,0,,0,0,1,0,1,0,0,0,1,0,0,Brazil,1,0,1950,2003,54.0,54.0,54,1.0,1976.5,0,0,0,1,0,1,0,0,1,1,0,0,0,0,0,0,0,0,0,0,0.0,2008,1.25,2010,Brazil1950
1999,95,Gomes and Paz (2010),0.035,1.24,0,,,,,,,,,,,,1,0,0,0,0,0,0,0,0,1,0,,0,0,1,0,1,0,0,0,1,0,0,Brazil,1,0,1950,2003,54.0,54.0,54,1.0,1976.5,0,0,0,1,0,1,1,1,1,1,0,1,0,0,0,0,0,0,0,0,0.0,2008,1.25,2010,Brazil1950
2000,95,Gomes and Paz (2010),1.102,0.233,0,,,,,,,,,,,,1,0,0,0,0,0,0,0,0,1,0,,0,0,1,0,1,0,0,0,0,0,1,Colombia,1,0,1950,2003,54.0,54.0,54,1.0,1976.5,0,0,0,1,0,1,1,1,1,1,0,0,0,0,0,0,0,0,0,0,0.0,2008,1.25,2010,Colombia1950
2001,95,Gomes and Paz (2010),1.332,0.254,0,,,,,,,,,,,,1,0,0,0,0,0,0,0,0,1,0,,0,0,1,0,1,0,0,0,0,0,1,Colombia,1,0,1950,2003,54.0,54.0,54,1.0,1976.5,0,0,0,1,0,1,1,1,1,1,0,0,0,0,0,0,0,0,0,0,0.0,2008,1.25,2010,Colombia1950
2002,95,Gomes and Paz (2010),1.346,0.328,0,,,,,,,,,,,,1,0,0,0,0,0,0,0,0,1,0,,0,0,1,0,1,0,0,0,0,0,1,Colombia,1,0,1950,2003,54.0,54.0,54,1.0,1976.5,0,0,0,1,0,1,0,1,0,1,0,0,0,0,0,0,0,0,0,0,0.0,2008,1.25,2010,Colombia1950
2003,95,Gomes and Paz (2010),1.736,0.313,0,,,,,,,,,,,,1,0,0,0,0,0,0,0,0,1,0,,0,0,1,0,1,0,0,0,0,0,1,Colombia,1,0,1950,2003,54.0,54.0,54,1.0,1976.5,0,0,0,1,0,1,1,0,0,1,0,0,0,0,0,0,0,0,0,0,0.0,2008,1.25,2010,Colombia1950
2004,95,Gomes and Paz (2010),1.382,0.277,0,,,,,,,,,,,,1,0,0,0,0,0,0,0,0,1,0,,0,0,1,0,1,0,0,0,0,0,1,Colombia,1,0,1950,2003,54.0,54.0,54,1.0,1976.5,0,0,0,1,0,1,1,1,0,1,0,1,0,0,0,0,0,0,0,0,0.0,2008,1.25,2010,Colombia1950
2005,95,Gomes and Paz (2010),1.032,0.459,0,,,,,,,,,,,,1,0,0,0,0,0,0,0,0,1,0,,0,0,1,0,1,0,0,0,0,0,1,Colombia,1,0,1950,2003,54.0,54.0,54,1.0,1976.5,0,0,0,1,0,1,0,0,1,1,0,0,0,0,0,0,0,0,0,0,0.0,2008,1.25,2010,Colombia1950
2006,95,Gomes and Paz (2010),1.26,0.258,0,,,,,,,,,,,,1,0,0,0,0,0,0,0,0,1,0,,0,0,1,0,1,0,0,0,0,0,1,Colombia,1,0,1950,2003,54.0,54.0,54,1.0,1976.5,0,0,0,1,0,1,1,1,1,1,0,1,0,0,0,0,0,0,0,0,0.0,2008,1.25,2010,Colombia1950
2007,95,Gomes and Paz (2010),5.636,0.62,0,,,,,,,,,,,,1,0,0,0,0,0,0,0,0,1,0,,0,0,1,0,1,0,0,0,1,0,0,Colombia,1,0,1950,2003,54.0,54.0,54,1.0,1976.5,0,0,0,1,0,1,1,1,1,1,0,0,0,0,0,0,0,0,0,0,0.0,2008,1.25,2010,Colombia1950
2008,95,Gomes and Paz (2010),1.998,1.3,0,,,,,,,,,,,,1,0,0,0,0,0,0,0,0,1,0,,0,0,1,0,1,0,0,0,1,0,0,Colombia,1,0,1950,2003,54.0,54.0,54,1.0,1976.5,0,0,0,1,0,1,1,1,1,1,0,0,0,0,0,0,0,0,0,0,0.0,2008,1.25,2010,Colombia1950
2009,95,Gomes and Paz (2010),-1.458,1.97,0,,,,,,,,,,,,1,0,0,0,0,0,0,0,0,1,0,,0,0,1,0,1,0,0,0,1,0,0,Colombia,1,0,1950,2003,54.0,54.0,54,1.0,1976.5,0,0,0,1,0,1,0,1,0,1,0,0,0,0,0,0,0,0,0,0,0.0,2008,1.25,2010,Colombia1950
2010,95,Gomes and Paz (2010),-1.089,0.83,0,,,,,,,,,,,,1,0,0,0,0,0,0,0,0,1,0,,0,0,1,0,1,0,0,0,1,0,0,Colombia,1,0,1950,2003,54.0,54.0,54,1.0,1976.5,0,0,0,1,0,1,1,0,0,1,0,0,0,0,0,0,0,0,0,0,0.0,2008,1.25,2010,Colombia1950
2011,95,Gomes and Paz (2010),0.926,1.82,0,,,,,,,,,,,,1,0,0,0,0,0,0,0,0,1,0,,0,0,1,0,1,0,0,0,1,0,0,Colombia,1,0,1950,2003,54.0,54.0,54,1.0,1976.5,0,0,0,1,0,1,1,1,0,1,0,1,0,0,0,0,0,0,0,0,0.0,2008,1.25,2010,Colombia1950
2012,95,Gomes and Paz (2010),2.041,1.17,0,,,,,,,,,,,,1,0,0,0,0,0,0,0,0,1,0,,0,0,1,0,1,0,0,0,1,0,0,Colombia,1,0,1950,2003,54.0,54.0,54,1.0,1976.5,0,0,0,1,0,1,1,1,1,1,0,1,0,0,0,0,0,0,0,0,0.0,2008,1.25,2010,Colombia1950
2013,95,Gomes and Paz (2010),0.17,0.395,0,,,,,,,,,,,,1,0,0,0,0,0,0,0,0,1,0,,0,0,1,0,1,0,0,0,0,0,1,Peru,1,0,1950,2003,54.0,54.0,54,1.0,1976.5,0,0,0,1,0,1,1,1,1,1,0,0,0,0,0,0,0,0,0,0,0.0,2008,1.25,2010,Peru1950
2014,95,Gomes and Paz (2010),0.281,0.36,0,,,,,,,,,,,,1,0,0,0,0,0,0,0,0,1,0,,0,0,1,0,1,0,0,0,0,0,1,Peru,1,0,1950,2003,54.0,54.0,54,1.0,1976.5,0,0,0,1,0,1,1,1,1,1,0,0,0,0,0,0,0,0,0,0,0.0,2008,1.25,2010,Peru1950
2015,95,Gomes and Paz (2010),-0.279,0.528,0,,,,,,,,,,,,1,0,0,0,0,0,0,0,0,1,0,,0,0,1,0,1,0,0,0,0,0,1,Peru,1,0,1950,2003,54.0,54.0,54,1.0,1976.5,0,0,0,1,0,1,0,1,0,1,0,0,0,0,0,0,0,0,0,0,0.0,2008,1.25,2010,Peru1950
2016,95,Gomes and Paz (2010),0.073,0.711,0,,,,,,,,,,,,1,0,0,0,0,0,0,0,0,1,0,,0,0,1,0,1,0,0,0,0,0,1,Peru,1,0,1950,2003,54.0,54.0,54,1.0,1976.5,0,0,0,1,0,1,1,0,0,1,0,0,0,0,0,0,0,0,0,0,0.0,2008,1.25,2010,Peru1950
2017,95,Gomes and Paz (2010),0.263,0.42,0,,,,,,,,,,,,1,0,0,0,0,0,0,0,0,1,0,,0,0,1,0,1,0,0,0,0,0,1,Peru,1,0,1950,2003,54.0,54.0,54,1.0,1976.5,0,0,0,1,0,1,1,1,0,1,0,1,0,0,0,0,0,0,0,0,0.0,2008,1.25,2010,Peru1950
2018,95,Gomes and Paz (2010),-0.048,0.402,0,,,,,,,,,,,,1,0,0,0,0,0,0,0,0,1,0,,0,0,1,0,1,0,0,0,0,0,1,Peru,1,0,1950,2003,54.0,54.0,54,1.0,1976.5,0,0,0,1,0,1,0,0,1,1,0,0,0,0,0,0,0,0,0,0,0.0,2008,1.25,2010,Peru1950
2019,95,Gomes and Paz (2010),0.399,0.328,0,,,,,,,,,,,,1,0,0,0,0,0,0,0,0,1,0,,0,0,1,0,1,0,0,0,0,0,1,Peru,1,0,1950,2003,54.0,54.0,54,1.0,1976.5,0,0,0,1,0,1,1,1,1,1,0,1,0,0,0,0,0,0,0,0,0.0,2008,1.25,2010,Peru1950
2020,95,Gomes and Paz (2010),1.742,0.33,0,,,,,,,,,,,,1,0,0,0,0,0,0,0,0,1,0,,0,0,1,0,1,0,0,0,1,0,0,Peru,1,0,1950,2003,54.0,54.0,54,1.0,1976.5,0,0,0,1,0,1,1,1,1,1,0,0,0,0,0,0,0,0,0,0,0.0,2008,1.25,2010,Peru1950
2021,95,Gomes and Paz (2010),1.777,0.26,0,,,,,,,,,,,,1,0,0,0,0,0,0,0,0,1,0,,0,0,1,0,1,0,0,0,1,0,0,Peru,1,0,1950,2003,54.0,54.0,54,1.0,1976.5,0,0,0,1,0,1,1,1,1,1,0,0,0,0,0,0,0,0,0,0,0.0,2008,1.25,2010,Peru1950
2022,95,Gomes and Paz (2010),2.892,0.56,0,,,,,,,,,,,,1,0,0,0,0,0,0,0,0,1,0,,0,0,1,0,1,0,0,0,1,0,0,Peru,1,0,1950,2003,54.0,54.0,54,1.0,1976.5,0,0,0,1,0,1,0,1,0,1,0,0,0,0,0,0,0,0,0,0,0.0,2008,1.25,2010,Peru1950
2023,95,Gomes and Paz (2010),1.938,1.25,0,,,,,,,,,,,,1,0,0,0,0,0,0,0,0,1,0,,0,0,1,0,1,0,0,0,1,0,0,Peru,1,0,1950,2003,54.0,54.0,54,1.0,1976.5,0,0,0,1,0,1,1,0,0,1,0,0,0,0,0,0,0,0,0,0,0.0,2008,1.25,2010,Peru1950
2024,95,Gomes and Paz (2010),2.005,0.46,0,,,,,,,,,,,,1,0,0,0,0,0,0,0,0,1,0,,0,0,1,0,1,0,0,0,1,0,0,Peru,1,0,1950,2003,54.0,54.0,54,1.0,1976.5,0,0,0,1,0,1,1,1,0,1,0,1,0,0,0,0,0,0,0,0,0.0,2008,1.25,2010,Peru1950
2025,95,Gomes and Paz (2010),2.32,0.54,0,,,,,,,,,,,,1,0,0,0,0,0,0,0,0,1,0,,0,0,1,0,1,0,0,0,1,0,0,Peru,1,0,1950,2003,54.0,54.0,54,1.0,1976.5,0,0,0,1,0,1,0,0,1,1,0,0,0,0,0,0,0,0,0,0,0.0,2008,1.25,2010,Peru1950
2026,95,Gomes and Paz (2010),1.72,0.24,0,,,,,,,,,,,,1,0,0,0,0,0,0,0,0,1,0,,0,0,1,0,1,0,0,0,1,0,0,Peru,1,0,1950,2003,54.0,54.0,54,1.0,1976.5,0,0,0,1,0,1,1,1,1,1,0,1,0,0,0,0,0,0,0,0,0.0,2008,1.25,2010,Peru1950
2027,95,Gomes and Paz (2010),0.994,0.681,0,,,,,,,,,,,,1,0,0,0,0,0,0,0,0,1,0,,0,0,1,0,1,0,0,0,0,0,1,Venezuela,1,0,1950,2003,54.0,54.0,54,1.0,1976.5,0,0,0,1,0,1,1,1,1,1,0,0,0,0,0,0,0,0,0,0,0.0,2008,1.25,2010,Venezuela1950
2028,95,Gomes and Paz (2010),0.774,0.507,0,,,,,,,,,,,,1,0,0,0,0,0,0,0,0,1,0,,0,0,1,0,1,0,0,0,0,0,1,Venezuela,1,0,1950,2003,54.0,54.0,54,1.0,1976.5,0,0,0,1,0,1,1,1,1,1,0,0,0,0,0,0,0,0,0,0,0.0,2008,1.25,2010,Venezuela1950
2029,95,Gomes and Paz (2010),-0.256,2.0,0,,,,,,,,,,,,1,0,0,0,0,0,0,0,0,1,0,,0,0,1,0,1,0,0,0,0,0,1,Venezuela,1,0,1950,2003,54.0,54.0,54,1.0,1976.5,0,0,0,1,0,1,0,1,0,1,0,0,0,0,0,0,0,0,0,0,0.0,2008,1.25,2010,Venezuela1950
2030,95,Gomes and Paz (2010),-0.557,0.872,0,,,,,,,,,,,,1,0,0,0,0,0,0,0,0,1,0,,0,0,1,0,1,0,0,0,0,0,1,Venezuela,1,0,1950,2003,54.0,54.0,54,1.0,1976.5,0,0,0,1,0,1,1,0,0,1,0,0,0,0,0,0,0,0,0,0,0.0,2008,1.25,2010,Venezuela1950
2031,95,Gomes and Paz (2010),1.378,0.655,0,,,,,,,,,,,,1,0,0,0,0,0,0,0,0,1,0,,0,0,1,0,1,0,0,0,0,0,1,Venezuela,1,0,1950,2003,54.0,54.0,54,1.0,1976.5,0,0,0,1,0,1,1,1,0,1,0,1,0,0,0,0,0,0,0,0,0.0,2008,1.25,2010,Venezuela1950
2032,95,Gomes and Paz (2010),1.028,0.66,0,,,,,,,,,,,,1,0,0,0,0,0,0,0,0,1,0,,0,0,1,0,1,0,0,0,0,0,1,Venezuela,1,0,1950,2003,54.0,54.0,54,1.0,1976.5,0,0,0,1,0,1,0,0,1,1,0,0,0,0,0,0,0,0,0,0,0.0,2008,1.25,2010,Venezuela1950
2033,95,Gomes and Paz (2010),1.277,0.542,0,,,,,,,,,,,,1,0,0,0,0,0,0,0,0,1,0,,0,0,1,0,1,0,0,0,0,0,1,Venezuela,1,0,1950,2003,54.0,54.0,54,1.0,1976.5,0,0,0,1,0,1,1,1,1,1,0,1,0,0,0,0,0,0,0,0,0.0,2008,1.25,2010,Venezuela1950
2034,95,Gomes and Paz (2010),0.589,0.86,0,,,,,,,,,,,,1,0,0,0,0,0,0,0,0,1,0,,0,0,1,0,1,0,0,0,1,0,0,Venezuela,1,0,1950,2003,54.0,54.0,54,1.0,1976.5,0,0,0,1,0,1,1,1,1,1,0,0,0,0,0,0,0,0,0,0,0.0,2008,1.25,2010,Venezuela1950
2035,95,Gomes and Paz (2010),0.605,0.86,0,,,,,,,,,,,,1,0,0,0,0,0,0,0,0,1,0,,0,0,1,0,1,0,0,0,1,0,0,Venezuela,1,0,1950,2003,54.0,54.0,54,1.0,1976.5,0,0,0,1,0,1,1,1,1,1,0,0,0,0,0,0,0,0,0,0,0.0,2008,1.25,2010,Venezuela1950
2036,95,Gomes and Paz (2010),0.953,1.68,0,,,,,,,,,,,,1,0,0,0,0,0,0,0,0,1,0,,0,0,1,0,1,0,0,0,1,0,0,Venezuela,1,0,1950,2003,54.0,54.0,54,1.0,1976.5,0,0,0,1,0,1,0,1,0,1,0,0,0,0,0,0,0,0,0,0,0.0,2008,1.25,2010,Venezuela1950
2037,95,Gomes and Paz (2010),2.015,1.26,0,,,,,,,,,,,,1,0,0,0,0,0,0,0,0,1,0,,0,0,1,0,1,0,0,0,1,0,0,Venezuela,1,0,1950,2003,54.0,54.0,54,1.0,1976.5,0,0,0,1,0,1,1,0,0,1,0,0,0,0,0,0,0,0,0,0,0.0,2008,1.25,2010,Venezuela1950
2038,95,Gomes and Paz (2010),0.387,0.77,0,,,,,,,,,,,,1,0,0,0,0,0,0,0,0,1,0,,0,0,1,0,1,0,0,0,1,0,0,Venezuela,1,0,1950,2003,54.0,54.0,54,1.0,1976.5,0,0,0,1,0,1,1,1,0,1,0,1,0,0,0,0,0,0,0,0,0.0,2008,1.25,2010,Venezuela1950
2039,95,Gomes and Paz (2010),1.05,0.6,0,,,,,,,,,,,,1,0,0,0,0,0,0,0,0,1,0,,0,0,1,0,1,0,0,0,1,0,0,Venezuela,1,0,1950,2003,54.0,54.0,54,1.0,1976.5,0,0,0,1,0,1,0,0,1,1,0,0,0,0,0,0,0,0,0,0,0.0,2008,1.25,2010,Venezuela1950
2040,95,Gomes and Paz (2010),0.169,0.83,0,,,,,,,,,,,,1,0,0,0,0,0,0,0,0,1,0,,0,0,1,0,1,0,0,0,1,0,0,Venezuela,1,0,1950,2003,54.0,54.0,54,1.0,1976.5,0,0,0,1,0,1,1,1,1,1,0,1,0,0,0,0,0,0,0,0,0.0,2008,1.25,2010,Venezuela1950
2041,96,Habibullah et al. (2006),0.4065,0.08852351916376307,0,,,,,,,,,,,,0,0,0,0,0,0,0,0,1,1,0,,0,0,0,1,1,1,0,0,0,0,0,Indonesia,1,0,1966,1994,29.0,29.0,29,1.0,1980.0,0,1,0,1,0,0,0,0,0,0,0,0,0,0,0,0,0,0,0,0,0.095,2006,1.2,2006,Indonesia1966
2042,96,Habibullah et al. (2006),0.543,0.07958959325760352,0,,,,,,,,,,,,0,0,0,0,0,0,0,0,1,1,0,,0,0,0,1,1,1,0,0,0,0,0,Malaysia,1,0,1958,1994,37.0,37.0,37,1.0,1976.0,0,1,0,1,0,0,0,0,0,0,0,0,0,0,0,0,0,0,0,0,0.095,2006,1.2,2006,Malaysia1958
2043,96,Habibullah et al. (2006),0.4928,0.09561876673522449,0,,,,,,,,,,,,0,0,0,0,0,0,0,0,1,1,0,,0,0,0,1,1,1,0,0,0,0,0,Myanmar,1,0,1950,1994,45.0,45.0,45,1.0,1972.0,0,1,0,1,0,0,0,0,0,0,0,0,0,0,0,0,0,0,0,0,0.095,2006,1.2,2006,Myanmar1950
2044,96,Habibullah et al. (2006),0.9812,0.062266785125015864,0,,,,,,,,,,,,0,0,0,0,0,0,0,0,1,1,0,,0,0,0,1,1,1,0,0,0,0,0,Nepal,1,0,1958,1994,37.0,37.0,37,1.0,1976.0,0,1,0,1,0,0,0,0,0,0,0,0,0,0,0,0,0,0,0,0,0.095,2006,1.2,2006,Nepal1958
2045,96,Habibullah et al. (2006),0.355,0.0676886702513061,0,,,,,,,,,,,,0,0,0,0,0,0,0,0,1,1,0,,0,0,0,1,1,1,0,0,0,0,0,Philippines,1,0,1950,1994,45.0,45.0,45,1.0,1972.0,0,1,0,1,0,0,0,0,0,0,0,0,0,0,0,0,0,0,0,0,0.095,2006,1.2,2006,Philippines1950
2046,96,Habibullah et al. (2006),0.6536,0.06322306055329852,0,,,,,,,,,,,,0,0,0,0,0,0,0,0,1,1,0,,0,0,0,1,1,1,0,0,0,0,0,Singapore,1,0,1960,1994,35.0,35.0,35,1.0,1977.0,0,1,0,1,0,0,0,0,0,0,0,0,0,0,0,0,0,0,0,0,0.095,2006,1.2,2006,Singapore1960
2047,96,Habibullah et al. (2006),0.8839999999999999,0.14536135222501845,0,,,,,,,,,,,,0,0,0,0,0,0,0,0,1,1,0,,0,0,0,1,1,1,1,0,0,0,0,Singapore,1,0,1960,1994,35.0,35.0,35,1.0,1977.0,0,1,0,1,0,0,0,0,0,0,0,0,0,0,0,0,0,0,0,0,0.095,2006,1.2,2006,Singapore1960
2048,96,Habibullah et al. (2006),0.6879,0.06929376567646792,0,,,,,,,,,,,,0,0,0,0,0,0,0,0,1,1,0,,0,0,0,1,1,1,0,0,0,0,0,South Korea,1,0,1953,1994,42.0,42.0,42,1.0,1973.5,0,1,0,1,0,0,0,0,0,0,0,0,0,0,0,0,0,0,0,0,0.095,2006,1.2,2006,South Korea1953
2049,96,Habibullah et al. (2006),0.8556,0.0945602440264362,0,,,,,,,,,,,,0,0,0,0,0,0,0,0,1,1,0,,0,0,0,1,1,1,0,0,0,0,0,Sri Lanka,1,0,1950,1994,45.0,45.0,45,1.0,1972.0,0,1,0,1,0,0,0,0,0,0,0,0,0,0,0,0,0,0,0,0,0.095,2006,1.2,2006,Sri Lanka1950
2050,96,Habibullah et al. (2006),0.2535,0.049293172846948105,0,,,,,,,,,,,,0,0,0,0,0,0,0,0,1,1,0,,0,0,0,1,1,1,0,0,0,0,0,Taiwan,1,0,1950,1994,45.0,45.0,45,1.0,1972.0,0,1,0,1,0,0,0,0,0,0,0,0,0,0,0,0,0,0,0,0,0.095,2006,1.2,2006,Taiwan1950
2051,96,Habibullah et al. (2006),0.4725,0.05350045857535922,0,,,,,,,,,,,,0,0,0,0,0,0,0,0,1,1,0,,0,0,0,1,1,1,0,0,0,0,0,Thailand,1,0,1952,1994,43.0,43.0,43,1.0,1973.0,0,1,0,1,0,0,0,0,0,0,0,0,0,0,0,0,0,0,0,0,0.095,2006,1.2,2006,Thailand1952
2052,96,Habibullah et al. (2006),0.65,0.10761589403973511,0,,,,,,,,,,,,0,0,0,0,0,0,0,0,1,1,0,,0,0,0,1,1,1,0,0,0,0,0,Indonesia,1,0,1966,1979,14.0,14.0,14,1.0,1972.5,0,1,0,1,0,0,0,0,0,0,0,0,0,0,0,0,0,0,0,0,0.095,2006,1.2,2006,Indonesia1966
2053,96,Habibullah et al. (2006),0.64,0.15311004784688997,0,,,,,,,,,,,,0,0,0,0,0,0,0,0,1,1,0,,0,0,0,1,1,1,0,0,0,0,0,Indonesia,1,0,1980,1994,15.0,15.0,15,1.0,1987.0,0,1,0,1,0,0,0,0,0,0,0,0,0,0,0,0,0,0,0,0,0.095,2006,1.2,2006,Indonesia1980
2054,96,Habibullah et al. (2006),0.44,0.047311827956989246,0,,,,,,,,,,,,0,0,0,0,0,0,0,0,1,1,0,,0,0,0,1,1,1,0,0,0,0,0,Malaysia,1,0,1958,1979,22.0,22.0,22,1.0,1968.5,0,1,0,1,0,0,0,0,0,0,0,0,0,0,0,0,0,0,0,0,0.095,2006,1.2,2006,Malaysia1958
2055,96,Habibullah et al. (2006),0.82,0.09479768786127167,0,,,,,,,,,,,,0,0,0,0,0,0,0,0,1,1,0,,0,0,0,1,1,1,0,0,0,0,0,Malaysia,1,0,1980,1994,15.0,15.0,15,1.0,1987.0,0,1,0,1,0,0,0,0,0,0,0,0,0,0,0,0,0,0,0,0,0.095,2006,1.2,2006,Malaysia1980
2056,96,Habibullah et al. (2006),0.34,0.125,0,,,,,,,,,,,,0,0,0,0,0,0,0,0,1,1,0,,0,0,0,1,1,1,0,0,0,0,0,Myanmar,1,0,1950,1979,30.0,30.0,30,1.0,1964.5,0,1,0,1,0,0,0,0,0,0,0,0,0,0,0,0,0,0,0,0,0.095,2006,1.2,2006,Myanmar1950
2057,96,Habibullah et al. (2006),0.87,0.10754017305315204,0,,,,,,,,,,,,0,0,0,0,0,0,0,0,1,1,0,,0,0,0,1,1,1,0,0,0,0,0,Myanmar,1,0,1980,1994,15.0,15.0,15,1.0,1987.0,0,1,0,1,0,0,0,0,0,0,0,0,0,0,0,0,0,0,0,0,0.095,2006,1.2,2006,Myanmar1980
2058,96,Habibullah et al. (2006),0.89,0.09933035714285714,0,,,,,,,,,,,,0,0,0,0,0,0,0,0,1,1,0,,0,0,0,1,1,1,0,0,0,0,0,Nepal,1,0,1958,1979,22.0,22.0,22,1.0,1968.5,0,1,0,1,0,0,0,0,0,0,0,0,0,0,0,0,0,0,0,0,0.095,2006,1.2,2006,Nepal1958
2059,96,Habibullah et al. (2006),0.89,0.08846918489065606,0,,,,,,,,,,,,0,0,0,0,0,0,0,0,1,1,0,,0,0,0,1,1,1,0,0,0,0,0,Nepal,1,0,1980,1994,15.0,15.0,15,1.0,1987.0,0,1,0,1,0,0,0,0,0,0,0,0,0,0,0,0,0,0,0,0,0.095,2006,1.2,2006,Nepal1980
2060,96,Habibullah et al. (2006),0.37,0.08447488584474885,0,,,,,,,,,,,,0,0,0,0,0,0,0,0,1,1,0,,0,0,0,1,1,1,0,0,0,0,0,Philippines,1,0,1950,1979,30.0,30.0,30,1.0,1964.5,0,1,0,1,0,0,0,0,0,0,0,0,0,0,0,0,0,0,0,0,0.095,2006,1.2,2006,Philippines1950
2061,96,Habibullah et al. (2006),0.31,0.11742424242424242,0,,,,,,,,,,,,0,0,0,0,0,0,0,0,1,1,0,,0,0,0,1,1,1,0,0,0,0,0,Philippines,1,0,1980,1994,15.0,15.0,15,1.0,1987.0,0,1,0,1,0,0,0,0,0,0,0,0,0,0,0,0,0,0,0,0,0.095,2006,1.2,2006,Philippines1980
2062,96,Habibullah et al. (2006),0.67,0.08712613784135241,0,,,,,,,,,,,,0,0,0,0,0,0,0,0,1,1,0,,0,0,0,1,1,1,0,0,0,0,0,Singapore,1,0,1960,1979,20.0,20.0,20,1.0,1969.5,0,1,0,1,0,0,0,0,0,0,0,0,0,0,0,0,0,0,0,0,0.095,2006,1.2,2006,Singapore1960
2063,96,Habibullah et al. (2006),0.64,0.08510638297872342,0,,,,,,,,,,,,0,0,0,0,0,0,0,0,1,1,0,,0,0,0,1,1,1,0,0,0,0,0,Singapore,1,0,1980,1994,15.0,15.0,15,1.0,1987.0,0,1,0,1,0,0,0,0,0,0,0,0,0,0,0,0,0,0,0,0,0.095,2006,1.2,2006,Singapore1980
2064,96,Habibullah et al. (2006),0.83,0.08755274261603374,0,,,,,,,,,,,,0,0,0,0,0,0,0,0,1,1,0,,0,0,0,1,1,1,0,0,0,0,0,South Korea,1,0,1953,1979,27.0,27.0,27,1.0,1966.0,0,1,0,1,0,0,0,0,0,0,0,0,0,0,0,0,0,0,0,0,0.095,2006,1.2,2006,South Korea1953
2065,96,Habibullah et al. (2006),0.22,0.07773851590106007,0,,,,,,,,,,,,0,0,0,0,0,0,0,0,1,1,0,,0,0,0,1,1,1,0,0,0,0,0,South Korea,1,0,1980,1994,15.0,15.0,15,1.0,1987.0,0,1,0,1,0,0,0,0,0,0,0,0,0,0,0,0,0,0,0,0,0.095,2006,1.2,2006,South Korea1980
2066,96,Habibullah et al. (2006),0.9,0.12893982808022922,0,,,,,,,,,,,,0,0,0,0,0,0,0,0,1,1,0,,0,0,0,1,1,1,0,0,0,0,0,Sri Lanka,1,0,1950,1979,30.0,30.0,30,1.0,1964.5,0,1,0,1,0,0,0,0,0,0,0,0,0,0,0,0,0,0,0,0,0.095,2006,1.2,2006,Sri Lanka1950
2067,96,Habibullah et al. (2006),0.68,0.1915492957746479,0,,,,,,,,,,,,0,0,0,0,0,0,0,0,1,1,0,,0,0,0,1,1,1,0,0,0,0,0,Sri Lanka,1,0,1980,1994,15.0,15.0,15,1.0,1987.0,0,1,0,1,0,0,0,0,0,0,0,0,0,0,0,0,0,0,0,0,0.095,2006,1.2,2006,Sri Lanka1980
2068,96,Habibullah et al. (2006),0.46,0.0757825370675453,0,,,,,,,,,,,,0,0,0,0,0,0,0,0,1,1,0,,0,0,0,1,1,1,0,0,0,0,0,Taiwan,1,0,1950,1979,30.0,30.0,30,1.0,1964.5,0,1,0,1,0,0,0,0,0,0,0,0,0,0,0,0,0,0,0,0,0.095,2006,1.2,2006,Taiwan1950
2069,96,Habibullah et al. (2006),0.37,0.11746031746031746,0,,,,,,,,,,,,0,0,0,0,0,0,0,0,1,1,0,,0,0,0,1,1,1,0,0,0,0,0,Taiwan,1,0,1980,1994,15.0,15.0,15,1.0,1987.0,0,1,0,1,0,0,0,0,0,0,0,0,0,0,0,0,0,0,0,0,0.095,2006,1.2,2006,Taiwan1980
2070,96,Habibullah et al. (2006),0.49,0.11722488038277512,0,,,,,,,,,,,,0,0,0,0,0,0,0,0,1,1,0,,0,0,0,1,1,1,0,0,0,0,0,Thailand,1,0,1952,1979,28.0,28.0,28,1.0,1965.5,0,1,0,1,0,0,0,0,0,0,0,0,0,0,0,0,0,0,0,0,0.095,2006,1.2,2006,Thailand1952
2071,96,Habibullah et al. (2006),0.5,0.10224948875255624,0,,,,,,,,,,,,0,0,0,0,0,0,0,0,1,1,0,,0,0,0,1,1,1,0,0,0,0,0,Thailand,1,0,1980,1994,15.0,15.0,15,1.0,1987.0,0,1,0,1,0,0,0,0,0,0,0,0,0,0,0,0,0,0,0,0,0.095,2006,1.2,2006,Thailand1980
2072,97,Hatzinikolaou (2000),0.262,0.04737793851717902,0,,,,,,,,,,,,1,0,0,0,0,0,1,0,0,0,0,,0,0,0,0,1,1,0,0,0,0,0,USA,0,0,1953,1992,40.0,160.0,160,1.0,1972.5,0,0,0,0,1,0,1,1,0,1,0,0,1,0,1,0,0,0,0,0,0.095,2000,0.25,2000,USA1953
2073,97,Hatzinikolaou (2000),0.25,0.04152823920265781,0,,,,,,,,,,,,0,0,0,0,0,0,1,0,0,0,0,,0,0,0,0,1,1,0,0,0,0,0,USA,0,0,1953,1992,40.0,160.0,160,1.0,1972.5,0,0,0,0,1,0,1,1,0,1,0,0,1,0,1,0,0,0,0,0,0.095,2000,0.25,2000,USA1953
2074,97,Hatzinikolaou (2000),0.239,0.03787638668779715,0,,,,,,,,,,,,0,0,0,0,0,0,0,0,0,0,0,,0,0,0,0,1,1,0,0,0,0,0,USA,0,0,1953,1992,40.0,160.0,160,1.0,1972.5,0,0,0,0,1,0,1,1,0,1,0,0,1,0,1,0,0,0,0,0,0.095,2000,0.25,2000,USA1953
2075,97,Hatzinikolaou (2000),0.235,0.04786150712830957,0,,,,,,,,,,,,1,0,0,0,0,0,1,0,0,0,0,,0,0,0,0,1,1,0,0,0,0,0,USA,0,0,1969,1992,24.0,96.0,96,1.0,1980.5,0,0,0,0,1,0,1,1,0,1,0,0,1,0,1,0,0,0,0,0,0.095,2000,0.25,2000,USA1969
2076,97,Hatzinikolaou (2000),0.256,0.04483362521891419,0,,,,,,,,,,,,0,0,0,0,0,0,1,0,0,0,0,,0,0,0,0,1,1,0,0,0,0,0,USA,0,0,1969,1992,24.0,96.0,96,1.0,1980.5,0,0,0,0,1,0,1,1,0,1,0,0,1,0,1,0,0,0,0,0,0.095,2000,0.25,2000,USA1969
2077,97,Hatzinikolaou (2000),0.24,0.0418848167539267,0,,,,,,,,,,,,0,0,0,0,0,0,0,0,0,0,0,,0,0,0,0,1,1,0,0,0,0,0,USA,0,0,1969,1992,24.0,96.0,96,1.0,1980.5,0,0,0,0,1,0,1,1,0,1,0,0,1,0,1,0,0,0,0,0,0.095,2000,0.25,2000,USA1969
2078,98,Limosani and Millemaci (2011),0.0828,0.12545454545454546,0,,,,,,,,,,,,0,1,1,0,3,1,0,1,0,1,0,,0,0,1,0,0,0,0,0,0,0,0,Netherlands,1,0,1993,2006,14.0,3.0,3051,1017.0,1999.5,1,0,0,0,0,1,0,1,0,0,1,0,1,0,0,1,0,0,0,0,0.148,2011,1.2,2011,Netherlands1993
2079,98,Limosani and Millemaci (2011),0.011,0.5499999999999999,0,,,,,,,,,,,,0,1,1,0,3,1,0,1,0,1,0,,0,0,1,0,0,0,0,1,0,0,0,Netherlands,1,0,1993,2006,14.0,3.0,3051,1017.0,1999.5,1,0,0,0,0,1,0,1,0,0,1,0,1,0,0,1,0,0,0,0,0.148,2011,1.2,2011,Netherlands1993
2080,98,Limosani and Millemaci (2011),0.437,2.2,0,,,,,,,,,,,,0,1,1,0,3,1,0,1,0,1,0,,0,0,1,0,0,0,0,0,0,1,0,Netherlands,1,0,1993,2006,14.0,3.0,3051,1017.0,1999.5,1,0,0,0,0,1,0,1,0,0,1,0,1,0,0,1,0,0,0,0,0.148,2011,1.2,2011,Netherlands1993
2081,98,Limosani and Millemaci (2011),0.114,0.82,0,,,,,,,,,,,,0,1,1,0,3,1,0,1,0,1,0,,0,0,1,0,0,0,0,0,0,1,0,Netherlands,1,0,1993,2006,14.0,3.0,3051,1017.0,1999.5,1,0,0,0,0,1,0,1,0,0,1,0,1,0,0,1,0,0,0,0,0.148,2011,1.2,2011,Netherlands1993
2082,98,Limosani and Millemaci (2011),0.161,0.82,0,,,,,,,,,,,,0,1,1,0,3,1,0,1,0,1,0,,0,0,1,0,0,0,0,1,0,0,0,Netherlands,1,0,1993,2006,14.0,3.0,3051,1017.0,1999.5,1,0,0,0,0,1,0,1,0,0,1,0,1,0,0,1,0,0,0,0,0.148,2011,1.2,2011,Netherlands1993
2083,99,Park and Lim (2004),1.1642,0.4910164487557992,0,,,,,,,,,,,,0,0,0,0,0,0,0,0,0,1,0,,0,0,0,0,1,0,0,0,0,0,0,Singapore,0,0,1978,2001,24.0,95.0,95,1.0,1989.5,0,0,0,0,0,1,0,1,0,0,0,0,0,0,0,0,0,0,0,0,0.044,2004,0.25,2004,Singapore1978
2084,99,Park and Lim (2004),0.2306,0.3195676274944568,0,,,,,,,,,,,,0,0,0,0,0,0,0,0,0,1,0,,0,0,0,0,1,0,0,0,0,0,0,Singapore,0,0,1978,2001,24.0,95.0,95,1.0,1989.5,1,0,0,0,0,0,0,0,0,0,0,0,0,0,0,0,0,0,0,0,0.044,2004,0.25,2004,Singapore1978
2085,99,Park and Lim (2004),0.9179,0.24836300665620434,0,,,,,,,,,,,,0,0,0,0,0,0,0,0,0,1,0,,0,0,0,0,1,0,0,0,0,0,0,Singapore,0,0,1978,2001,24.0,95.0,95,1.0,1989.5,0,0,0,0,0,1,1,1,0,0,0,1,0,0,0,0,0,0,0,0,0.044,2004,0.25,2004,Singapore1978
2086,99,Park and Lim (2004),0.2306,0.3195676274944568,0,,,,,,,,,,,,0,0,0,0,0,0,0,0,0,1,0,,0,0,0,0,1,0,0,0,0,0,0,Singapore,0,0,1978,2001,24.0,95.0,95,1.0,1989.5,1,0,0,0,0,0,0,0,0,0,0,0,0,0,0,0,0,0,0,0,0.044,2004,0.25,2004,Singapore1978
2087,100,Roche (1995),0.55,0.09598603839441536,0,,,,,,,,,,,,0,0,0,0,0,0,0,0,0,0,0,,0,0,0,1,1,0,0,0,0,0,0,Ireland,1,0,1960,1991,32.0,32.0,32,1.0,1975.5,0,1,0,0,0,0,0,0,0,0,0,0,0,0,0,0,0,0,0,0,0.087,1995,0.23809523809523808,1995,Ireland1960
2088,100,Roche (1995),0.26,0.5531914893617021,0,,,,,,,,,,,,0,0,0,0,0,0,0,0,0,0,0,,0,0,0,0,1,0,0,0,0,0,0,Ireland,1,0,1960,1991,32.0,32.0,32,1.0,1975.5,0,0,0,0,0,0,0,1,0,0,0,0,0,0,0,0,0,0,0,0,0.087,1995,0.23809523809523808,1995,Ireland1960
2089,100,Roche (1995),0.5,0.12406947890818858,0,,,,,,,,,,,,0,0,0,0,0,0,0,0,0,0,0,,0,0,0,0,1,0,0,0,0,0,0,Ireland,1,0,1960,1991,32.0,32.0,32,1.0,1975.5,0,0,0,0,0,0,1,0,0,0,0,0,0,0,0,0,0,0,0,0,0.087,1995,0.23809523809523808,1995,Ireland1960
2090,100,Roche (1995),0.64,0.14883720930232558,0,,,,,,,,,,,,0,0,0,0,0,0,0,0,0,1,0,,0,0,0,1,1,0,0,0,0,0,0,Ireland,1,0,1960,1991,32.0,32.0,32,1.0,1975.5,0,1,0,0,0,0,0,0,0,0,0,0,0,0,0,0,0,0,0,0,0.087,1995,0.23809523809523808,1995,Ireland1960
2091,100,Roche (1995),0.44,0.9565217391304347,0,,,,,,,,,,,,0,0,0,0,0,0,0,0,0,1,0,,0,0,0,0,1,0,0,0,0,0,0,Ireland,1,0,1960,1991,32.0,32.0,32,1.0,1975.5,0,0,0,0,0,0,0,1,0,0,0,0,0,0,0,0,0,0,0,0,0.087,1995,0.23809523809523808,1995,Ireland1960
2092,100,Roche (1995),0.61,0.23643410852713176,0,,,,,,,,,,,,0,0,0,0,0,0,0,0,0,1,0,,0,0,0,0,1,0,0,0,0,0,0,Ireland,1,0,1960,1991,32.0,32.0,32,1.0,1975.5,0,0,0,0,0,0,1,0,0,0,0,0,0,0,0,0,0,0,0,0,0.087,1995,0.23809523809523808,1995,Ireland1960
2093,100,Roche (1995),0.55,0.10638297872340427,0,,,,,,,,,,,,1,0,0,0,0,0,0,0,0,0,0,,0,0,0,1,1,0,0,0,0,0,0,Ireland,1,0,1960,1991,32.0,32.0,32,1.0,1975.5,0,1,0,0,0,0,0,0,0,0,0,0,0,0,0,0,0,0,0,0,0.087,1995,0.23809523809523808,1995,Ireland1960
2094,100,Roche (1995),0.34,0.2251655629139073,0,,,,,,,,,,,,1,0,0,0,0,0,0,0,0,0,0,,0,0,0,0,1,0,0,0,0,0,0,Ireland,1,0,1960,1991,32.0,32.0,32,1.0,1975.5,0,0,0,0,0,0,0,1,0,1,0,0,0,0,0,0,0,0,0,0,0.087,1995,0.23809523809523808,1995,Ireland1960
2095,100,Roche (1995),0.4,0.12048192771084339,0,,,,,,,,,,,,1,0,0,0,0,0,0,0,0,0,0,,0,0,0,0,1,0,0,0,0,0,0,Ireland,1,0,1960,1991,32.0,32.0,32,1.0,1975.5,0,0,0,0,0,0,1,0,0,1,0,0,0,0,0,0,0,0,0,0,0.087,1995,0.23809523809523808,1995,Ireland1960
2096,100,Roche (1995),0.64,0.16452442159383032,0,,,,,,,,,,,,1,0,0,0,0,0,0,0,0,1,0,,0,0,0,1,1,0,0,0,0,0,0,Ireland,1,0,1960,1991,32.0,32.0,32,1.0,1975.5,0,1,0,0,0,0,0,0,0,0,0,0,0,0,0,0,0,0,0,0,0.087,1995,0.23809523809523808,1995,Ireland1960
2097,100,Roche (1995),0.22,0.12643678160919541,0,,,,,,,,,,,,1,0,0,0,0,0,0,0,0,1,0,,0,0,0,0,1,0,0,0,0,0,0,Ireland,1,0,1960,1991,32.0,32.0,32,1.0,1975.5,0,0,0,0,0,0,0,1,0,1,0,0,0,0,0,0,0,0,0,0,0.087,1995,0.23809523809523808,1995,Ireland1960
2098,100,Roche (1995),0.22,0.1864406779661017,0,,,,,,,,,,,,1,0,0,0,0,0,0,0,0,1,0,,0,0,0,0,1,0,0,0,0,0,0,Ireland,1,0,1960,1991,32.0,32.0,32,1.0,1975.5,0,0,0,0,0,0,1,0,0,1,0,0,0,0,0,0,0,0,0,0,0.087,1995,0.23809523809523808,1995,Ireland1960
2099,100,Roche (1995),0.89,0.7542372881355933,0,,,,,,,,,,,,1,0,0,0,0,0,0,0,0,0,0,,0,0,0,0,1,0,0,1,0,0,0,Ireland,1,0,1960,1991,32.0,32.0,32,1.0,1975.5,0,0,0,0,0,1,1,0,0,1,0,0,1,0,0,0,0,0,0,0,0.087,1995,0.23809523809523808,1995,Ireland1960
2100,100,Roche (1995),0.89,0.55625,0,,,,,,,,,,,,1,0,0,0,0,0,0,0,0,1,0,,0,0,0,0,1,0,0,1,0,0,0,Ireland,1,0,1960,1991,32.0,32.0,32,1.0,1975.5,0,0,0,0,0,1,1,0,0,1,0,0,1,0,0,0,0,0,0,0,0.087,1995,0.23809523809523808,1995,Ireland1960
2101,101,in't Veld and Sefton (1999),0.35,0.09210526315789473,0,,,,,,,,,,,,1,0,0,0,0,0,0,0,0,1,0,,0,1,0,0,1,0,0,0,0,0,0,USA,0,0,1966,1975,10.0,34.0,34,1.0,1970.5,0,0,0,0,0,0,0,0,0,0,0,0,0,1,0,0,0,0,0,0,0.11,1999,0.7058823529411765,1999,USA1966
2102,101,in't Veld and Sefton (1999),0.19,0.04523809523809524,0,,,,,,,,,,,,1,0,0,0,0,0,0,0,0,1,0,,0,1,0,0,1,0,0,0,0,0,0,Canada,0,0,1966,1992,27.0,105.0,105,1.0,1979.0,0,0,0,0,0,0,0,0,0,0,0,0,0,1,0,0,0,0,0,0,0.11,1999,0.7058823529411765,1999,Canada1966
2103,101,in't Veld and Sefton (1999),0.18,0.03214285714285715,0,,,,,,,,,,,,1,0,0,0,0,0,0,0,0,1,0,,0,1,0,0,1,0,0,0,0,0,0,UK,0,0,1967,1992,26.0,104.0,104,1.0,1979.5,0,0,0,0,0,0,0,0,0,0,0,0,0,1,0,0,0,0,0,0,0.11,1999,0.7058823529411765,1999,UK1967
2104,101,in't Veld and Sefton (1999),0.32,0.03404255319148936,0,,,,,,,,,,,,1,0,0,0,0,0,0,0,0,1,0,,0,1,0,0,1,0,0,0,0,0,0,UK,0,0,1967,1985,19.0,76.0,76,1.0,1976.0,0,0,0,0,0,0,0,0,0,0,0,0,0,1,0,0,0,0,0,0,0.11,1999,0.7058823529411765,1999,UK1967
2105,101,in't Veld and Sefton (1999),0.31,0.07380952380952381,0,,,,,,,,,,,,1,0,0,0,0,0,0,0,0,1,0,,0,1,0,0,1,0,0,0,0,0,0,Germany,0,0,1971,1993,23.0,87.0,87,1.0,1982.0,0,0,0,0,0,0,0,0,0,0,0,0,0,1,0,0,0,0,0,0,0.11,1999,0.7058823529411765,1999,Germany1971
2106,101,in't Veld and Sefton (1999),0.51,0.06986301369863014,0,,,,,,,,,,,,1,0,0,0,0,0,0,0,0,1,0,,0,1,0,0,1,0,0,0,0,0,0,Germany,0,0,1971,1985,15.0,58.0,58,1.0,1978.0,0,0,0,0,0,0,0,0,0,0,0,0,0,1,0,0,0,0,0,0,0.11,1999,0.7058823529411765,1999,Germany1971
2107,101,in't Veld and Sefton (1999),0.556,0.08128654970760235,0,,,,,,,,,,,,1,0,0,0,0,0,0,0,0,1,0,,0,0,0,0,1,0,0,0,0,0,0,USA,0,0,1966,1992,27.0,105.0,105,1.0,1979.0,0,0,0,0,0,0,0,0,0,0,0,0,0,1,0,0,1,0,0,0,0.11,1999,0.7058823529411765,1999,USA1966
2108,101,in't Veld and Sefton (1999),0.362,0.08743961352657005,0,,,,,,,,,,,,1,0,0,0,0,0,0,0,0,1,0,,0,0,0,0,1,0,0,0,0,0,0,Canada,0,0,1966,1992,27.0,105.0,105,1.0,1979.0,0,0,0,0,0,0,0,0,0,0,0,0,0,1,0,0,1,0,0,0,0.11,1999,0.7058823529411765,1999,Canada1966
2109,101,in't Veld and Sefton (1999),0.311,0.08015463917525774,0,,,,,,,,,,,,1,0,0,0,0,0,0,0,0,1,0,,0,0,0,0,1,0,0,0,0,0,0,UK,0,0,1967,1992,26.0,104.0,104,1.0,1979.5,0,0,0,0,0,0,0,0,0,0,0,0,0,1,0,0,1,0,0,0,0.11,1999,0.7058823529411765,1999,UK1967
2110,101,in't Veld and Sefton (1999),0.447,0.0481162540365985,0,,,,,,,,,,,,1,0,0,0,0,0,0,0,0,1,0,,0,0,0,0,1,0,0,0,0,0,0,Germany,0,0,1973,1993,21.0,87.0,87,1.0,1983.0,0,0,0,0,0,0,0,0,0,0,0,0,0,1,0,0,1,0,0,0,0.11,1999,0.7058823529411765,1999,Germany1973
2111,102,Viard (1997),0.603,0.098,0,,,,,,,,,,,,0,0,0,0,0,0,0,0,0,0,0,,0,0,0,0,1,0,0,0,0,0,0,USA,0,0,1971,1994,24.0,96.0,96,1.0,1982.5,0,0,0,0,0,1,1,0,1,0,0,0,1,0,0,0,0,0,0,0,0.095,1997,0.7894736842105263,1997,USA1971
2112,102,Viard (1997),0.455,0.141,0,,,,,,,,,,,,0,0,0,0,0,0,0,1,1,0,0,,0,0,0,0,1,0,0,0,0,0,0,USA,0,0,1971,1994,24.0,96.0,96,1.0,1982.5,0,0,0,0,0,1,1,0,1,0,0,0,1,0,0,0,0,0,0,0,0.095,1997,0.7894736842105263,1997,USA1971
2113,102,Viard (1997),0.677,0.42312500000000003,0,,,,,,,,,,,,1,0,0,0,0,0,1,0,0,0,0,,0,0,0,0,1,0,0,0,0,0,0,USA,0,0,1971,1994,24.0,96.0,96,1.0,1982.5,0,0,0,0,0,1,1,0,1,0,0,0,1,0,0,0,0,0,0,0,0.095,1997,0.7894736842105263,1997,USA1971
2114,102,Viard (1997),0.545,0.13038277511961724,0,,,,,,,,,,,,0,0,0,0,0,0,0,0,0,0,0,,0,0,0,0,1,0,0,0,0,0,0,USA,0,0,1971,1994,24.0,96.0,96,1.0,1982.5,0,0,0,0,0,1,1,0,1,0,0,0,1,0,0,0,0,0,0,0,0.095,1997,0.7894736842105263,1997,USA1971
2115,102,Viard (1997),0.555,0.11303462321792261,0,,,,,,,,,,,,1,0,0,0,0,0,0,0,0,0,0,,0,0,0,0,1,0,0,0,0,0,0,USA,0,0,1971,1994,24.0,96.0,96,1.0,1982.5,0,0,0,0,0,1,1,0,1,0,0,0,1,0,0,0,0,0,0,0,0.095,1997,0.7894736842105263,1997,USA1971
2116,103,Deidda (2014),-0.134,0.121,0,,,,,,,,,,,,0,1,0,0,6,1,0,1,0,0,0,,0,0,0,1,1,0,0,0,0,0,0,Italy,1,0,1989,1993,5.0,1.0,2311,2311.0,1991.0,1,0,0,0,0,0,0,0,0,0,0,0,0,0,0,1,0,0,0,0,0.166,2009,0.0,2014,Italy1989
2117,103,Deidda (2014),0.047,0.212,0,,,,,,,,,,,,0,1,0,0,6,1,0,1,0,0,0,,0,0,0,1,1,0,0,0,0,0,0,Italy,1,0,1989,1993,5.0,1.0,972,972.0,1991.0,1,0,0,0,0,0,0,0,0,0,0,0,0,0,0,1,0,0,0,0,0.166,2009,0.0,2014,Italy1989
2118,103,Deidda (2014),0.356,0.42,0,,,,,,,,,,,,0,1,0,0,6,1,0,1,0,0,0,,0,0,0,1,1,0,0,0,0,1,0,Italy,1,0,1989,1993,5.0,1.0,93,93.0,1991.0,1,0,0,0,0,0,0,0,0,0,0,0,0,0,0,1,0,0,0,0,0.166,2009,0.0,2014,Italy1989
2119,103,Deidda (2014),-0.154,0.12,0,,,,,,,,,,,,0,1,0,0,6,1,0,1,0,0,0,,0,0,0,1,1,0,0,1,0,0,0,Italy,1,0,1989,1993,5.0,1.0,2218,2218.0,1991.0,1,0,0,0,0,0,0,0,0,0,0,0,0,0,0,1,0,0,0,0,0.166,2009,0.0,2014,Italy1989
2120,103,Deidda (2014),0.121,0.348,0,,,,,,,,,,,,0,1,0,0,6,1,0,1,0,0,0,,0,0,0,1,1,0,0,0,0,1,0,Italy,1,0,1989,1993,5.0,1.0,255,255.0,1991.0,1,0,0,0,0,0,0,0,0,0,0,0,0,0,0,1,0,0,0,0,0.166,2009,0.0,2014,Italy1989
2121,103,Deidda (2014),-0.155,0.125,0,,,,,,,,,,,,0,1,0,0,6,1,0,1,0,0,0,,0,0,0,1,1,0,0,1,0,0,0,Italy,1,0,1989,1993,5.0,1.0,2056,2056.0,1991.0,1,0,0,0,0,0,0,0,0,0,0,0,0,0,0,1,0,0,0,0,0.166,2009,0.0,2014,Italy1989
2122,103,Deidda (2014),-0.044,0.184,0,,,,,,,,,,,,0,1,0,0,6,1,0,1,0,0,0,,0,0,0,1,1,0,0,0,0,1,0,Italy,1,0,1989,1993,5.0,1.0,813,813.0,1991.0,1,0,0,0,0,0,0,0,0,0,0,0,0,0,0,1,0,0,0,0,0.166,2009,0.0,2014,Italy1989
2123,103,Deidda (2014),-0.149,0.151,0,,,,,,,,,,,,0,1,0,0,6,1,0,1,0,0,0,,0,0,0,1,1,0,0,1,0,0,0,Italy,1,0,1989,1993,5.0,1.0,1498,1498.0,1991.0,1,0,0,0,0,0,0,0,0,0,0,0,0,0,0,1,0,0,0,0,0.166,2009,0.0,2014,Italy1989
2124,103,Deidda (2014),-0.144,0.12,0,,,,,,,,,,,,0,1,0,0,6,1,0,1,0,0,0,,0,1,0,0,1,0,0,1,0,0,0,Italy,1,0,1989,1993,5.0,1.0,2311,2311.0,1991.0,1,0,0,0,0,0,0,0,0,0,0,0,0,0,0,1,0,0,1,0,0.166,2009,0.0,2014,Italy1989
2125,103,Deidda (2014),-0.123,0.51,0,,,,,,,,,,,,0,1,0,0,6,1,0,1,0,0,0,,0,1,0,0,1,0,0,0,0,1,0,Italy,1,0,1989,1993,5.0,1.0,2311,2311.0,1991.0,1,0,0,0,0,0,0,0,0,0,0,0,0,0,0,1,0,0,1,0,0.166,2009,0.0,2014,Italy1989
2126,103,Deidda (2014),-0.138,0.128,0,,,,,,,,,,,,0,1,0,0,6,1,0,1,0,0,0,,0,1,0,0,1,0,0,1,0,0,0,Italy,1,0,1989,1993,5.0,1.0,2311,2311.0,1991.0,1,0,0,0,0,0,0,0,0,0,0,0,0,0,0,1,0,0,1,0,0.166,2009,0.0,2014,Italy1989
2127,103,Deidda (2014),0.072,0.341,0,,,,,,,,,,,,0,1,0,0,6,1,0,1,0,0,0,,0,1,0,0,1,0,0,0,0,1,0,Italy,1,0,1989,1993,5.0,1.0,2311,2311.0,1991.0,1,0,0,0,0,0,0,0,0,0,0,0,0,0,0,1,0,0,1,0,0.166,2009,0.0,2014,Italy1989
2128,103,Deidda (2014),-0.163,0.151,0,,,,,,,,,,,,0,1,0,0,6,1,0,1,0,0,0,,0,1,0,0,1,0,0,1,0,0,0,Italy,1,0,1989,1993,5.0,1.0,2311,2311.0,1991.0,1,0,0,0,0,0,0,0,0,0,0,0,0,0,0,1,0,0,1,0,0.166,2009,0.0,2014,Italy1989
2129,103,Deidda (2014),-0.043,0.183,0,,,,,,,,,,,,0,1,0,0,6,1,0,1,0,0,0,,0,1,0,0,1,0,0,0,0,1,0,Italy,1,0,1989,1993,5.0,1.0,2311,2311.0,1991.0,1,0,0,0,0,0,0,0,0,0,0,0,0,0,0,1,0,0,1,0,0.166,2009,0.0,2014,Italy1989
2130,103,Deidda (2014),-0.298,0.239,0,,,,,,,,,,,,0,1,0,0,6,1,0,1,0,0,0,,0,0,0,1,1,0,0,0,0,1,0,Italy,1,0,1989,1993,5.0,1.0,385,385.0,1991.0,1,0,0,0,0,0,0,0,0,0,0,0,0,0,0,1,0,0,0,0,0.166,2009,0.0,2014,Italy1989
2131,103,Deidda (2014),-0.071,0.136,0,,,,,,,,,,,,0,1,0,0,6,1,0,1,0,0,0,,0,0,0,1,1,0,0,1,0,0,0,Italy,1,0,1989,1993,5.0,1.0,1926,1926.0,1991.0,1,0,0,0,0,0,0,0,0,0,0,0,0,0,0,1,0,0,0,0,0.166,2009,0.0,2014,Italy1989
2132,103,Deidda (2014),-0.37,0.269,0,,,,,,,,,,,,0,1,0,0,6,1,0,1,0,0,0,,0,0,0,1,1,0,0,0,0,1,0,Italy,1,0,1989,1993,5.0,1.0,321,321.0,1991.0,1,0,0,0,0,0,0,0,0,0,0,0,0,0,0,1,0,0,0,0,0.166,2009,0.0,2014,Italy1989
2133,103,Deidda (2014),-0.058,0.134,0,,,,,,,,,,,,0,1,0,0,6,1,0,1,0,0,0,,0,0,0,1,1,0,0,1,0,0,0,Italy,1,0,1989,1993,5.0,1.0,1990,1990.0,1991.0,1,0,0,0,0,0,0,0,0,0,0,0,0,0,0,1,0,0,0,0,0.166,2009,0.0,2014,Italy1989
2134,103,Deidda (2014),-0.279,0.158,0,,,,,,,,,,,,0,1,0,0,6,1,0,1,0,0,0,,0,0,0,1,1,0,0,0,0,1,0,Italy,1,0,1989,1993,5.0,1.0,1363,1363.0,1991.0,1,0,0,0,0,0,0,0,0,0,0,0,0,0,0,1,0,0,0,0,0.166,2009,0.0,2014,Italy1989
2135,103,Deidda (2014),0.103,0.174,0,,,,,,,,,,,,0,1,0,0,6,1,0,1,0,0,0,,0,0,0,1,1,0,0,1,0,0,0,Italy,1,0,1989,1993,5.0,1.0,948,948.0,1991.0,1,0,0,0,0,0,0,0,0,0,0,0,0,0,0,1,0,0,0,0,0.166,2009,0.0,2014,Italy1989
2136,103,Deidda (2014),-0.324,0.157,0,,,,,,,,,,,,0,1,0,0,6,1,0,1,0,0,0,,0,1,0,0,1,0,0,0,0,1,0,Italy,1,0,1989,1993,5.0,1.0,2311,2311.0,1991.0,1,0,0,0,0,0,0,0,0,0,0,0,0,0,0,1,0,0,1,0,0.166,2009,0.0,2014,Italy1989
2137,103,Deidda (2014),0.156,0.168,0,,,,,,,,,,,,0,1,0,0,6,1,0,1,0,0,0,,0,1,0,0,1,0,0,1,0,0,0,Italy,1,0,1989,1993,5.0,1.0,2311,2311.0,1991.0,1,0,0,0,0,0,0,0,0,0,0,0,0,0,0,1,0,0,1,0,0.166,2009,0.0,2014,Italy1989
2138,104,Lopez et al. (2000),0.4,0.044444444444444446,0,,,,,,,,,,,,0,0,1,0,0,0,0,0,0,1,0,,0,0,0,0,1,0,0,0,0,0,0,OECD+Developing,1,0,1975,1992,18.0,18.0,738,41.0,1983.5,0,0,1,0,0,0,0,0,0,0,0,0,0,0,1,0,0,0,0,0,1.177,2000,3.9375,2000,OECD+Developing1975
2139,104,Lopez et al. (2000),0.4,0.09615384615384616,0,,,,,,,,,,,,0,0,1,0,0,0,0,0,0,1,0,,0,0,0,0,1,0,0,0,0,0,0,OECD,1,0,1975,1992,18.0,18.0,342,19.0,1983.5,0,0,0,0,0,0,0,0,0,0,0,0,0,0,1,0,0,0,0,0,1.177,2000,3.9375,2000,OECD1975
2140,104,Lopez et al. (2000),0.61,0.021121883656509695,0,,,,,,,,,,,,0,0,1,0,0,0,0,0,0,1,0,,0,0,0,0,1,0,0,0,0,0,0,Developing,1,0,1975,1992,18.0,18.0,396,22.0,1983.5,0,0,0,0,0,0,0,0,0,0,0,0,0,0,1,0,0,0,0,0,1.177,2000,3.9375,2000,Developing1975
2141,104,Lopez et al. (2000),0.41,0.04535398230088496,0,,,,,,,,,,,,0,0,1,0,0,0,0,0,0,1,0,,0,0,0,0,1,0,0,0,0,0,0,OECD+Developing,1,0,1975,1992,18.0,18.0,738,41.0,1983.5,0,0,0,0,0,0,0,0,0,0,0,0,0,0,1,0,0,0,0,0,1.177,2000,3.9375,2000,OECD+Developing1975
2142,104,Lopez et al. (2000),0.41,0.09579439252336447,0,,,,,,,,,,,,0,0,1,0,0,0,0,0,0,1,0,,0,0,0,0,1,0,0,0,0,0,0,OECD,1,0,1975,1992,18.0,18.0,342,19.0,1983.5,0,0,0,0,0,0,0,0,0,0,0,0,0,0,1,0,0,0,0,0,1.177,2000,3.9375,2000,OECD1975
2143,104,Lopez et al. (2000),0.63,0.30288461538461536,0,,,,,,,,,,,,0,0,1,0,0,0,0,0,0,1,0,,0,0,0,0,1,0,0,0,0,0,0,Developing,1,0,1975,1992,18.0,18.0,396,22.0,1983.5,0,0,0,0,0,0,0,0,0,0,0,0,0,0,1,0,0,0,0,0,1.177,2000,3.9375,2000,Developing1975
2144,104,Lopez et al. (2000),0.42,0.046255506607929514,0,,,,,,,,,,,,0,0,1,0,0,0,0,0,0,1,0,,0,0,0,0,1,0,0,0,0,0,0,OECD+Developing,1,0,1975,1992,18.0,18.0,738,41.0,1983.5,0,0,0,0,0,0,0,0,0,0,0,0,0,0,1,0,0,0,0,0,1.177,2000,3.9375,2000,OECD+Developing1975
2145,104,Lopez et al. (2000),0.42,0.09610983981693363,0,,,,,,,,,,,,0,0,1,0,0,0,0,0,0,1,0,,0,0,0,0,1,0,0,0,0,0,0,OECD,1,0,1975,1992,18.0,18.0,342,19.0,1983.5,0,0,0,0,0,0,0,0,0,0,0,0,0,0,1,0,0,0,0,0,1.177,2000,3.9375,2000,OECD1975
2146,104,Lopez et al. (2000),0.64,0.020840117225659396,0,,,,,,,,,,,,0,0,1,0,0,0,0,0,0,1,0,,0,0,0,0,1,0,0,0,0,0,0,Developing,1,0,1975,1992,18.0,18.0,396,22.0,1983.5,0,0,0,0,0,0,0,0,0,0,0,0,0,0,1,0,0,0,0,0,1.177,2000,3.9375,2000,Developing1975
2147,105,Mwabutwa (2014),0.922,0.066,0,,,,,,,,,,,,1,0,0,0,0,0,0,0,0,1,0,,0,0,0,1,1,0,0,0,0,0,0,Malawi,0,0,1987,2009,23.0,92.0,92,1.0,1998.0,0,1,0,0,0,0,0,0,0,0,0,0,0,0,0,0,0,0,0,0,0.0,2014,0.0,2014,Malawi1987
2148,105,Mwabutwa (2014),0.87,0.17,0,,,,,,,,,,,,1,0,0,0,0,0,0,0,0,1,0,,0,0,1,0,1,0,0,0,0,0,0,Malawi,0,0,1987,2009,23.0,92.0,92,1.0,1998.0,0,0,0,0,1,0,0,1,0,0,0,0,0,0,0,0,0,0,0,0,0.0,2014,0.0,2014,Malawi1987
2149,105,Mwabutwa (2014),0.815,0.12,0,,,,,,,,,,,,1,0,0,0,0,0,0,0,0,1,0,,0,0,1,0,1,0,0,0,0,0,0,Malawi,0,0,1987,2009,23.0,92.0,92,1.0,1998.0,0,0,0,0,1,0,1,0,0,0,0,0,0,0,0,0,0,0,0,0,0.0,2014,0.0,2014,Malawi1987
2150,105,Mwabutwa (2014),1.125,0.158,0,,,,,,,,,,,,1,0,0,0,0,0,0,0,0,1,0,,0,0,1,0,1,0,0,0,0,0,0,Malawi,0,0,1987,2009,23.0,92.0,92,1.0,1998.0,0,0,0,0,1,0,0,0,0,1,0,0,0,0,0,0,0,0,0,0,0.0,2014,0.0,2014,Malawi1987
2151,105,Mwabutwa (2014),0.914,0.098,0,,,,,,,,,,,,1,0,0,0,0,0,0,0,0,1,0,,0,0,1,0,1,0,0,0,0,0,0,Malawi,0,0,1987,2009,23.0,92.0,92,1.0,1998.0,0,0,0,0,1,0,1,1,0,0,0,1,0,0,0,0,0,0,0,0,0.0,2014,0.0,2014,Malawi1987
2152,105,Mwabutwa (2014),0.983,0.11,0,,,,,,,,,,,,1,0,0,0,0,0,0,0,0,1,0,,0,0,1,0,1,0,0,0,0,0,0,Malawi,0,0,1987,2009,23.0,92.0,92,1.0,1998.0,0,0,0,0,1,0,1,1,0,1,0,1,0,0,0,0,0,0,0,0,0.0,2014,0.0,2014,Malawi1987
2153,105,Mwabutwa (2014),0.933,0.067,0,,,,,,,,,,,,0,0,0,0,0,0,0,0,0,1,0,,0,0,0,1,1,0,0,0,0,0,0,Malawi,0,0,1987,2009,23.0,92.0,92,1.0,1998.0,0,1,0,0,0,0,0,0,0,0,0,0,0,0,0,0,0,0,0,0,0.0,2014,0.0,2014,Malawi1987
2154,105,Mwabutwa (2014),0.918,0.1,0,,,,,,,,,,,,0,0,0,0,0,0,0,0,0,1,0,,0,0,1,0,1,0,0,0,0,0,0,Malawi,0,0,1987,2009,23.0,92.0,92,1.0,1998.0,0,0,0,0,1,0,0,1,0,0,0,0,0,0,0,0,0,0,0,0,0.0,2014,0.0,2014,Malawi1987
2155,105,Mwabutwa (2014),0.932,0.097,0,,,,,,,,,,,,0,0,0,0,0,0,0,0,0,1,0,,0,0,1,0,1,0,0,0,0,0,0,Malawi,0,0,1987,2009,23.0,92.0,92,1.0,1998.0,0,0,0,0,1,0,0,1,0,0,0,0,1,0,0,0,0,0,0,0,0.0,2014,0.0,2014,Malawi1987
2156,105,Mwabutwa (2014),0.937,0.098,0,,,,,,,,,,,,0,0,0,0,0,0,0,0,0,1,0,,0,0,1,0,1,0,0,0,0,0,0,Malawi,0,0,1987,2009,23.0,92.0,92,1.0,1998.0,0,0,0,0,1,0,1,0,0,0,0,0,1,0,0,0,0,0,0,0,0.0,2014,0.0,2014,Malawi1987
2157,105,Mwabutwa (2014),0.927,0.104,0,,,,,,,,,,,,0,0,0,0,0,0,0,0,0,1,0,,0,0,1,0,1,0,0,0,0,0,0,Malawi,0,0,1987,2009,23.0,92.0,92,1.0,1998.0,0,0,0,0,1,0,0,0,0,1,0,0,1,0,0,0,0,0,0,0,0.0,2014,0.0,2014,Malawi1987
2158,105,Mwabutwa (2014),0.999,0.106,0,,,,,,,,,,,,0,0,0,0,0,0,0,0,0,1,0,,0,0,0,1,1,0,0,0,0,0,1,Malawi,0,0,1987,2009,23.0,92.0,92,1.0,1998.0,0,1,0,0,0,0,0,0,0,0,0,0,0,0,0,0,0,0,0,0,0.0,2014,0.0,2014,Malawi1987
2159,105,Mwabutwa (2014),0.892,0.121,0,,,,,,,,,,,,0,0,0,0,0,0,0,0,0,1,0,,0,0,0,1,1,0,0,0,1,0,0,Malawi,0,0,1987,2009,23.0,92.0,92,1.0,1998.0,0,1,0,0,0,0,0,0,0,0,0,0,0,0,0,0,0,0,0,0,0.0,2014,0.0,2014,Malawi1987
2160,105,Mwabutwa (2014),1.302,1.488,0,,,,,,,,,,,,0,0,0,0,0,0,0,0,0,1,0,,0,0,1,0,1,0,0,0,0,0,1,Malawi,0,0,1987,2009,23.0,92.0,92,1.0,1998.0,0,0,0,0,1,0,0,1,0,0,0,0,0,0,0,0,0,0,0,0,0.0,2014,0.0,2014,Malawi1987
2161,105,Mwabutwa (2014),0.85,0.469,0,,,,,,,,,,,,0,0,0,0,0,0,0,0,0,1,0,,0,0,1,0,1,0,0,0,1,0,0,Malawi,0,0,1987,2009,23.0,92.0,92,1.0,1998.0,0,0,0,0,1,0,0,1,0,0,0,0,0,0,0,0,0,0,0,0,0.0,2014,0.0,2014,Malawi1987
2162,105,Mwabutwa (2014),1.115,0.258,0,,,,,,,,,,,,0,0,0,0,0,0,0,0,0,1,0,,0,0,1,0,1,0,0,0,0,0,1,Malawi,0,0,1987,2009,23.0,92.0,92,1.0,1998.0,0,0,0,0,1,0,1,0,0,0,0,0,0,0,0,0,0,0,0,0,0.0,2014,0.0,2014,Malawi1987
2163,105,Mwabutwa (2014),0.861,0.167,0,,,,,,,,,,,,0,0,0,0,0,0,0,0,0,1,0,,0,0,1,0,1,0,0,0,1,0,0,Malawi,0,0,1987,2009,23.0,92.0,92,1.0,1998.0,0,0,0,0,1,0,1,0,0,0,0,0,0,0,0,0,0,0,0,0,0.0,2014,0.0,2014,Malawi1987
2164,105,Mwabutwa (2014),1.105,0.243,0,,,,,,,,,,,,0,0,0,0,0,0,0,0,0,1,0,,0,0,1,0,1,0,0,0,0,0,1,Malawi,0,0,1987,2009,23.0,92.0,92,1.0,1998.0,0,0,0,0,1,0,0,0,0,1,0,0,0,0,0,0,0,0,0,0,0.0,2014,0.0,2014,Malawi1987
2165,105,Mwabutwa (2014),0.867,0.167,0,,,,,,,,,,,,0,0,0,0,0,0,0,0,0,1,0,,0,0,1,0,1,0,0,0,1,0,0,Malawi,0,0,1987,2009,23.0,92.0,92,1.0,1998.0,0,0,0,0,1,0,0,0,0,1,0,0,0,0,0,0,0,0,0,0,0.0,2014,0.0,2014,Malawi1987
2166,105,Mwabutwa (2014),1.343,0.292,0,,,,,,,,,,,,0,0,0,0,0,0,0,0,0,1,0,,0,0,1,0,1,0,0,0,0,0,1,Malawi,0,0,1987,2009,23.0,92.0,92,1.0,1998.0,0,0,0,0,1,0,1,1,0,0,0,1,0,0,0,0,0,0,0,0,0.0,2014,0.0,2014,Malawi1987
2167,105,Mwabutwa (2014),0.897,0.158,0,,,,,,,,,,,,0,0,0,0,0,0,0,0,0,1,0,,0,0,1,0,1,0,0,0,1,0,0,Malawi,0,0,1987,2009,23.0,92.0,92,1.0,1998.0,0,0,0,0,1,0,1,1,0,0,0,1,0,0,0,0,0,0,0,0,0.0,2014,0.0,2014,Malawi1987
2168,106,Osei-Fosu (2014),2.8481,0.6524,0,,,,,,,,,,,,1,0,0,0,0,0,0,0,0,1,0,,0,0,0,0,1,1,0,0,0,0,0,Ghana,1,0,1970,2009,40.0,40.0,40,1.0,1989.5,0,0,0,1,0,0,0,0,0,0,0,0,0,0,0,0,0,0,0,0,0.0,2013,0.0,2014,Ghana1970
2169,107,Parker et al. (2013),0.016,0.027,0,0.016,0.027,1.0,0.0,3.0,0.0,1055.4562007960874,1.0,2008.0,0.0,0.0,0,1,1,0,3,1,0,0,0,0,1,,0,0,0,1,1,0,0,0,0,0,1,USA,0,0,2008,2009,1.0,2.0,17478,8739.0,2008.5,1,0,0,0,0,0,0,0,0,0,0,0,0,0,1,0,0,0,0,1,1.605,2011,41.4,2013,USA2008
2170,107,Parker et al. (2013),0.079,0.046,0,0.079,0.046,1.0,0.0,3.0,0.0,1055.4562007960874,1.0,2008.0,0.0,0.0,0,1,1,0,3,1,0,0,0,0,0,,0,0,0,1,1,0,0,0,0,0,1,USA,0,0,2008,2009,1.0,2.0,17478,8739.0,2008.5,1,0,0,0,0,0,0,0,0,0,0,0,0,0,1,0,0,0,0,1,1.605,2011,41.4,2013,USA2008
2171,107,Parker et al. (2013),0.121,0.055,0,0.121,0.055,1.0,0.0,3.0,0.0,1055.4562007960874,1.0,2008.0,0.0,0.0,0,1,1,0,3,1,0,0,0,0,0,,0,0,0,1,1,0,0,0,0,0,1,USA,0,0,2008,2009,1.0,2.0,17478,8739.0,2008.5,1,0,0,0,0,0,0,0,0,0,0,0,0,0,1,0,0,0,0,1,1.605,2011,41.4,2013,USA2008
2172,107,Parker et al. (2013),0.516,0.179,0,0.516,0.179,1.0,0.0,3.0,0.0,1055.4562007960874,1.0,2008.0,0.0,0.0,0,1,1,0,3,1,0,0,0,1,0,,0,0,0,1,1,0,0,0,0,0,1,USA,0,0,2008,2009,1.0,2.0,17478,8739.0,2008.5,1,0,0,0,0,0,0,0,0,0,0,0,0,0,1,0,0,0,0,1,1.605,2011,41.4,2013,USA2008
2173,107,Parker et al. (2013),0.012,0.033,0,0.012,0.033,1.0,0.0,3.0,0.0,1055.4562007960874,1.0,2008.0,0.0,0.0,0,1,1,0,3,1,0,0,0,0,1,,0,0,1,0,1,0,0,0,0,0,1,USA,0,0,2008,2009,1.0,2.0,17478,8739.0,2008.5,1,0,0,0,0,1,0,0,0,0,0,0,1,0,1,0,0,0,0,1,1.605,2011,41.4,2013,USA2008
2174,107,Parker et al. (2013),0.079,0.06,0,0.079,0.06,1.0,0.0,3.0,0.0,1055.4562007960874,1.0,2008.0,0.0,0.0,0,1,1,0,3,1,0,0,0,0,0,,0,0,1,0,1,0,0,0,0,0,1,USA,0,0,2008,2009,1.0,2.0,17478,8739.0,2008.5,1,0,0,0,0,1,0,0,0,0,0,0,1,0,1,0,0,0,0,1,1.605,2011,41.4,2013,USA2008
2175,107,Parker et al. (2013),0.128,0.071,0,0.128,0.071,1.0,0.0,3.0,0.0,1055.4562007960874,1.0,2008.0,0.0,0.0,0,1,1,0,3,1,0,0,0,0,0,,0,0,1,0,1,0,0,0,0,0,1,USA,0,0,2008,2009,1.0,2.0,17478,8739.0,2008.5,1,0,0,0,0,1,0,0,0,0,0,0,1,0,1,0,0,0,0,1,1.605,2011,41.4,2013,USA2008
2176,107,Parker et al. (2013),0.523,0.219,0,0.523,0.219,1.0,0.0,3.0,0.0,1055.4562007960874,1.0,2008.0,0.0,0.0,0,1,1,0,3,1,0,0,0,1,0,,0,0,1,0,1,0,0,0,0,0,1,USA,0,0,2008,2009,1.0,2.0,17478,8739.0,2008.5,1,0,0,0,0,1,0,0,0,0,0,0,1,0,1,0,0,0,0,1,1.605,2011,41.4,2013,USA2008
2177,107,Parker et al. (2013),0.117,0.06,0,0.117,0.06,1.0,0.0,3.0,0.0,1055.4562007960874,1.0,2008.0,0.0,0.0,0,1,1,0,3,1,0,0,0,0,0,,0,0,0,1,1,0,0,0,0,0,1,USA,0,0,2008,2009,1.0,2.0,17478,8739.0,2008.5,1,0,0,0,0,0,0,0,0,0,0,0,0,0,1,0,0,0,0,1,1.605,2011,41.4,2013,USA2008
2178,107,Parker et al. (2013),0.507,0.196,0,0.507,0.196,1.0,0.0,3.0,0.0,1055.4562007960874,1.0,2008.0,0.0,0.0,0,1,1,0,3,1,0,0,0,1,0,,0,0,0,1,1,0,0,0,0,0,1,USA,0,0,2008,2009,1.0,2.0,17478,8739.0,2008.5,1,0,0,0,0,0,0,0,0,0,0,0,0,0,1,0,0,0,0,1,1.605,2011,41.4,2013,USA2008
2179,107,Parker et al. (2013),0.123,0.081,0,0.123,0.081,1.0,0.0,3.0,0.0,1055.4562007960874,1.0,2008.0,0.0,0.0,0,1,1,0,3,1,0,0,0,0,0,,0,0,1,0,1,0,0,0,0,0,1,USA,0,0,2008,2009,1.0,2.0,17478,8739.0,2008.5,1,0,0,0,0,1,0,0,0,0,0,0,1,0,1,0,0,0,0,1,1.605,2011,41.4,2013,USA2008
2180,107,Parker et al. (2013),0.509,0.253,0,0.509,0.253,1.0,0.0,3.0,0.0,1055.4562007960874,1.0,2008.0,0.0,0.0,0,1,1,0,3,1,0,0,0,1,0,,0,0,1,0,1,0,0,0,0,0,1,USA,0,0,2008,2009,1.0,2.0,17478,8739.0,2008.5,1,0,0,0,0,1,0,0,0,0,0,0,1,0,1,0,0,0,0,1,1.605,2011,41.4,2013,USA2008
2181,107,Parker et al. (2013),0.185,0.066,0,0.185,0.066,1.0,0.0,3.0,0.0,1055.4562007960874,1.0,2008.0,0.0,0.0,0,1,1,0,3,1,0,0,0,0,0,,0,0,0,1,1,0,0,0,0,0,1,USA,0,0,2008,2009,1.0,2.0,11239,5619.5,2008.5,1,0,0,0,0,0,0,0,0,0,0,0,0,0,1,0,0,0,0,1,1.605,2011,41.4,2013,USA2008
2182,107,Parker et al. (2013),0.683,0.219,0,0.683,0.219,1.0,0.0,3.0,0.0,1055.4562007960874,1.0,2008.0,0.0,0.0,0,1,1,0,3,1,0,0,0,1,0,,0,0,0,1,1,0,0,0,0,0,1,USA,0,0,2008,2009,1.0,2.0,11239,5619.5,2008.5,1,0,0,0,0,0,0,0,0,0,0,0,0,0,1,0,0,0,0,1,1.605,2011,41.4,2013,USA2008
2183,107,Parker et al. (2013),0.252,0.103,0,0.252,0.103,1.0,0.0,3.0,0.0,1055.4562007960874,1.0,2008.0,0.0,0.0,0,1,1,0,3,1,0,0,0,0,0,,0,0,1,0,1,0,0,0,0,0,1,USA,0,0,2008,2009,1.0,2.0,11239,5619.5,2008.5,1,0,0,0,0,1,0,0,0,0,0,0,1,0,1,0,0,0,0,1,1.605,2011,41.4,2013,USA2008
2184,107,Parker et al. (2013),0.866,0.329,0,0.866,0.329,1.0,0.0,3.0,0.0,1055.4562007960874,1.0,2008.0,0.0,0.0,0,1,1,0,3,1,0,0,0,1,0,,0,0,1,0,1,0,0,0,0,0,1,USA,0,0,2008,2009,1.0,2.0,11239,5619.5,2008.5,1,0,0,0,0,1,0,0,0,0,0,0,1,0,1,0,0,0,0,1,1.605,2011,41.4,2013,USA2008
2185,107,Parker et al. (2013),0.214,0.07,0,0.214,0.07,1.0,0.0,3.0,0.0,1067.4412748545074,1.0,2008.0,0.0,0.0,0,1,1,0,3,1,0,0,0,0,0,,0,0,0,1,1,0,0,0,0,0,1,USA,0,0,2008,2009,1.0,2.0,10488,5244.0,2008.5,1,0,0,0,0,0,0,0,0,0,0,0,0,0,1,0,0,0,0,1,1.605,2011,41.4,2013,USA2008
2186,107,Parker et al. (2013),0.59,0.217,0,0.59,0.217,1.0,0.0,3.0,0.0,1067.4412748545074,1.0,2008.0,0.0,0.0,0,1,1,0,3,1,0,0,0,1,0,,0,0,0,1,1,0,0,0,0,0,1,USA,0,0,2008,2009,1.0,2.0,10488,5244.0,2008.5,1,0,0,0,0,0,0,0,0,0,0,0,0,0,1,0,0,0,0,1,1.605,2011,41.4,2013,USA2008
2187,107,Parker et al. (2013),0.308,0.112,0,0.308,0.112,1.0,0.0,3.0,0.0,1067.4412748545074,1.0,2008.0,0.0,0.0,0,1,1,0,3,1,0,0,0,0,0,,0,0,1,0,1,0,0,0,0,0,1,USA,0,0,2008,2009,1.0,2.0,10488,5244.0,2008.5,1,0,0,0,0,1,0,0,0,0,0,0,1,0,1,0,0,0,0,1,1.605,2011,41.4,2013,USA2008
2188,107,Parker et al. (2013),0.911,0.342,0,0.911,0.342,1.0,0.0,3.0,0.0,1067.4412748545074,1.0,2008.0,0.0,0.0,0,1,1,0,3,1,0,0,0,1,0,,0,0,1,0,1,0,0,0,0,0,1,USA,0,0,2008,2009,1.0,2.0,10488,5244.0,2008.5,1,0,0,0,0,1,0,0,0,0,0,0,1,0,1,0,0,0,0,1,1.605,2011,41.4,2013,USA2008
2189,107,Parker et al. (2013),0.141,0.077,0,0.141,0.077,1.0,0.0,3.0,0.0,972.5502756580261,1.0,2008.0,0.0,0.0,0,1,1,0,3,1,0,0,0,0,0,,0,0,0,1,1,0,0,0,0,0,1,USA,0,0,2008,2009,1.0,2.0,17281,8640.5,2008.5,1,0,0,0,0,0,0,0,0,0,0,0,0,0,1,0,0,0,0,1,1.605,2011,41.4,2013,USA2008
2190,107,Parker et al. (2013),0.144,0.081,0,0.144,0.081,1.0,0.0,3.0,0.0,1148.3680134508113,1.0,2008.0,0.0,0.0,0,1,1,0,3,1,0,0,0,0,0,,0,0,0,1,1,0,0,0,0,0,1,USA,0,0,2008,2009,1.0,2.0,17281,8640.5,2008.5,1,0,0,0,0,0,0,0,0,0,0,0,0,0,1,0,0,0,0,1,1.605,2011,41.4,2013,USA2008
2191,107,Parker et al. (2013),0.473,0.215,0,0.473,0.215,1.0,0.0,3.0,0.0,972.5502756580261,1.0,2008.0,0.0,0.0,0,1,1,0,3,1,0,0,0,1,0,,0,0,0,1,1,0,0,0,0,0,1,USA,0,0,2008,2009,1.0,2.0,17281,8640.5,2008.5,1,0,0,0,0,0,0,0,0,0,0,0,0,0,1,0,0,0,0,1,1.605,2011,41.4,2013,USA2008
2192,107,Parker et al. (2013),0.583,0.305,0,0.583,0.305,1.0,0.0,3.0,0.0,1148.3680134508113,1.0,2008.0,0.0,0.0,0,1,1,0,3,1,0,0,0,1,0,,0,0,0,1,1,0,0,0,0,0,1,USA,0,0,2008,2009,1.0,2.0,17281,8640.5,2008.5,1,0,0,0,0,0,0,0,0,0,0,0,0,0,1,0,0,0,0,1,1.605,2011,41.4,2013,USA2008
2193,107,Parker et al. (2013),0.112,0.104,0,0.112,0.104,1.0,0.0,3.0,0.0,972.5502756580261,1.0,2008.0,0.0,0.0,0,1,1,0,3,1,0,0,0,0,0,,0,0,1,0,1,0,0,0,0,0,1,USA,0,0,2008,2009,1.0,2.0,17281,8640.5,2008.5,1,0,0,0,0,1,0,0,0,0,0,0,1,0,1,0,0,0,0,1,1.605,2011,41.4,2013,USA2008
2194,107,Parker et al. (2013),0.169,0.097,0,0.169,0.097,1.0,0.0,3.0,0.0,1148.3680134508113,1.0,2008.0,0.0,0.0,0,1,1,0,3,1,0,0,0,0,0,,0,0,1,0,1,0,0,0,0,0,1,USA,0,0,2008,2009,1.0,2.0,17281,8640.5,2008.5,1,0,0,0,0,1,0,0,0,0,0,0,1,0,1,0,0,0,0,1,1.605,2011,41.4,2013,USA2008
2195,107,Parker et al. (2013),0.333,0.305,0,0.333,0.305,1.0,0.0,3.0,0.0,972.5502756580261,1.0,2008.0,0.0,0.0,0,1,1,0,3,1,0,0,0,1,0,,0,0,1,0,1,0,0,0,0,0,1,USA,0,0,2008,2009,1.0,2.0,17281,8640.5,2008.5,1,0,0,0,0,1,0,0,0,0,0,0,1,0,1,0,0,0,0,1,1.605,2011,41.4,2013,USA2008
2196,107,Parker et al. (2013),0.661,0.332,0,0.661,0.332,1.0,0.0,3.0,0.0,1148.3680134508113,1.0,2008.0,0.0,0.0,0,1,1,0,3,1,0,0,0,1,0,,0,0,1,0,1,0,0,0,0,0,1,USA,0,0,2008,2009,1.0,2.0,17281,8640.5,2008.5,1,0,0,0,0,1,0,0,0,0,0,0,1,0,1,0,0,0,0,1,1.605,2011,41.4,2013,USA2008
2197,107,Parker et al. (2013),0.211,0.078,0,0.211,0.078,1.0,0.0,3.0,0.0,1064.2525854261203,1.0,2008.0,0.0,0.0,0,1,1,0,3,1,0,0,0,0,0,,0,0,0,1,1,0,0,0,0,0,1,USA,0,0,2008,2009,1.0,2.0,10362,5181.0,2008.5,1,0,0,0,0,0,0,0,0,0,0,0,0,0,1,0,0,0,0,1,1.605,2011,41.4,2013,USA2008
2198,107,Parker et al. (2013),0.529,0.232,0,0.529,0.232,1.0,0.0,3.0,0.0,1064.2525854261203,1.0,2008.0,0.0,0.0,0,1,1,0,3,1,0,0,0,1,0,,0,0,0,1,1,0,0,0,0,0,1,USA,0,0,2008,2009,1.0,2.0,10362,5181.0,2008.5,1,0,0,0,0,0,0,0,0,0,0,0,0,0,1,0,0,0,0,1,1.605,2011,41.4,2013,USA2008
2199,107,Parker et al. (2013),0.262,0.149,0,0.262,0.149,1.0,0.0,3.0,0.0,1064.2525854261203,1.0,2008.0,0.0,0.0,0,1,1,0,3,1,0,0,0,0,0,,0,0,1,0,1,0,0,0,0,0,1,USA,0,0,2008,2009,1.0,2.0,10362,5181.0,2008.5,1,0,0,0,0,1,0,0,0,0,0,0,1,0,1,0,0,0,0,1,1.605,2011,41.4,2013,USA2008
2200,107,Parker et al. (2013),0.784,0.401,0,0.784,0.401,1.0,0.0,3.0,0.0,1064.2525854261203,1.0,2008.0,0.0,0.0,0,1,1,0,3,1,0,0,0,1,0,,0,0,1,0,1,0,0,0,0,0,1,USA,0,0,2008,2009,1.0,2.0,10362,5181.0,2008.5,1,0,0,0,0,1,0,0,0,0,0,0,1,0,1,0,0,0,0,1,1.605,2011,41.4,2013,USA2008
2201,107,Parker et al. (2013),0.201,0.067,0,0.201,0.067,1.0,0.0,3.0,1.0,1067.4412748545074,1.0,2008.0,0.0,0.0,0,1,1,0,3,1,0,0,0,0,0,,0,0,0,1,1,1,0,0,0,0,1,USA,0,0,2008,2009,1.0,2.0,10488,5244.0,2008.5,1,0,0,0,0,0,0,0,0,0,0,0,0,0,1,0,0,0,0,1,1.605,2011,41.4,2013,USA2008
2202,107,Parker et al. (2013),0.517,0.211,0,0.517,0.211,1.0,0.0,3.0,1.0,1067.4412748545074,1.0,2008.0,0.0,0.0,0,1,1,0,3,1,0,0,0,1,0,,0,0,0,1,1,1,0,0,0,0,1,USA,0,0,2008,2009,1.0,2.0,10488,5244.0,2008.5,1,0,0,0,0,0,0,0,0,0,0,0,0,0,1,0,0,0,0,1,1.605,2011,41.4,2013,USA2008
2203,107,Parker et al. (2013),0.254,0.11,0,0.254,0.11,1.0,0.0,3.0,1.0,1067.4412748545074,1.0,2008.0,0.0,0.0,0,1,1,0,3,1,0,0,0,0,0,,0,0,1,0,1,1,0,0,0,0,1,USA,0,0,2008,2009,1.0,2.0,10488,5244.0,2008.5,1,0,0,0,0,1,0,0,0,0,0,0,1,0,1,0,0,0,0,1,1.605,2011,41.4,2013,USA2008
2204,107,Parker et al. (2013),0.757,0.36,0,0.757,0.36,1.0,0.0,3.0,1.0,1067.4412748545074,1.0,2008.0,0.0,0.0,0,1,1,0,3,1,0,0,0,1,0,,0,0,1,0,1,1,0,0,0,0,1,USA,0,0,2008,2009,1.0,2.0,10488,5244.0,2008.5,1,0,0,0,0,1,0,0,0,0,0,0,1,0,1,0,0,0,0,1,1.605,2011,41.4,2013,USA2008
2205,107,Parker et al. (2013),0.347,0.155,0,0.347,0.155,1.0,2.0,6.0,0.0,1067.4412748545074,1.0,2008.0,0.0,0.0,0,1,1,0,3,1,0,0,0,0,0,,0,0,0,1,1,0,1,0,0,0,1,USA,0,0,2008,2009,1.0,2.0,10488,5244.0,2008.5,1,0,0,0,0,0,0,0,0,0,0,0,0,0,1,0,0,0,0,1,1.605,2011,41.4,2013,USA2008
2206,107,Parker et al. (2013),0.747,0.477,0,0.747,0.477,1.0,2.0,6.0,0.0,1067.4412748545074,1.0,2008.0,0.0,0.0,0,1,1,0,3,1,0,0,0,1,0,,0,0,0,1,1,0,1,0,0,0,1,USA,0,0,2008,2009,1.0,2.0,10488,5244.0,2008.5,1,0,0,0,0,0,0,0,0,0,0,0,0,0,1,0,0,0,0,1,1.605,2011,41.4,2013,USA2008
2207,107,Parker et al. (2013),0.41,0.273,0,0.41,0.273,1.0,2.0,6.0,0.0,1067.4412748545074,1.0,2008.0,0.0,0.0,0,1,1,0,3,1,0,0,0,0,0,,0,0,1,0,1,0,1,0,0,0,1,USA,0,0,2008,2009,1.0,2.0,10488,5244.0,2008.5,1,0,0,0,0,1,0,0,0,0,0,0,1,0,1,0,0,0,0,1,1.605,2011,41.4,2013,USA2008
2208,107,Parker et al. (2013),1.235,0.892,0,1.235,0.892,1.0,2.0,6.0,0.0,1067.4412748545074,1.0,2008.0,0.0,0.0,0,1,1,0,3,1,0,0,0,1,0,,0,0,1,0,1,0,1,0,0,0,1,USA,0,0,2008,2009,1.0,2.0,10488,5244.0,2008.5,1,0,0,0,0,1,0,0,0,0,0,0,1,0,1,0,0,0,0,1,1.605,2011,41.4,2013,USA2008
2209,107,Parker et al. (2013),0.195,0.114,0,0.195,0.114,1.0,0.0,3.0,0.0,1206.8639712405306,1.0,2008.0,0.0,0.0,0,1,1,0,3,1,0,0,0,0,0,,0,0,1,0,1,0,0,0,0,1,1,USA,0,0,2008,2009,1.0,2.0,10488,5244.0,2008.5,1,0,0,0,0,1,0,0,0,0,0,0,1,0,1,0,0,0,0,1,1.605,2011,41.4,2013,USA2008
2210,107,Parker et al. (2013),0.389,0.168,0,0.389,0.168,1.0,0.0,3.0,0.0,842.803602365039,1.0,2008.0,0.0,0.0,0,1,1,0,3,1,0,0,0,1,0,,0,0,1,0,1,0,0,1,0,0,1,USA,0,0,2008,2009,1.0,2.0,10488,5244.0,2008.5,1,0,0,0,0,1,0,0,0,0,0,0,1,0,1,0,0,0,0,1,1.605,2011,41.4,2013,USA2008
2211,107,Parker et al. (2013),0.491,0.394,0,0.491,0.394,1.0,0.0,3.0,0.0,1206.8639712405306,1.0,2008.0,0.0,0.0,0,1,1,0,3,1,0,0,0,0,0,,0,0,1,0,1,0,0,0,0,1,1,USA,0,0,2008,2009,1.0,2.0,10488,5244.0,2008.5,1,0,0,0,0,1,0,0,0,0,0,0,1,0,1,0,0,0,0,1,1.605,2011,41.4,2013,USA2008
2212,107,Parker et al. (2013),1.366,0.498,0,1.366,0.498,1.0,0.0,3.0,0.0,842.803602365039,1.0,2008.0,0.0,0.0,0,1,1,0,3,1,0,0,0,1,0,,0,0,1,0,1,0,0,1,0,0,1,USA,0,0,2008,2009,1.0,2.0,10488,5244.0,2008.5,1,0,0,0,0,1,0,0,0,0,0,0,1,0,1,0,0,0,0,1,1.605,2011,41.4,2013,USA2008
2213,107,Parker et al. (2013),0.239,0.18,0,0.239,0.18,1.0,0.0,3.0,0.0,728.3406473667343,1.0,2008.0,0.0,0.0,0,1,1,0,3,1,0,0,0,0,0,,0,0,1,0,1,0,0,0,0,1,1,USA,0,0,2008,2009,1.0,2.0,8592,4296.0,2008.5,1,0,0,0,0,1,0,0,0,0,0,0,1,0,1,0,0,0,0,1,1.605,2011,41.4,2013,USA2008
2214,107,Parker et al. (2013),0.206,0.133,0,0.206,0.133,1.0,0.0,3.0,0.0,1344.9672099320492,1.0,2008.0,0.0,0.0,0,1,1,0,3,1,0,0,0,1,0,,0,0,1,0,1,0,0,1,0,0,1,USA,0,0,2008,2009,1.0,2.0,8592,4296.0,2008.5,1,0,0,0,0,1,0,0,0,0,0,0,1,0,1,0,0,0,0,1,1.605,2011,41.4,2013,USA2008
2215,107,Parker et al. (2013),1.283,0.564,0,1.283,0.564,1.0,0.0,3.0,0.0,728.3406473667343,1.0,2008.0,0.0,0.0,0,1,1,0,3,1,0,0,0,0,0,,0,0,1,0,1,0,0,0,0,1,1,USA,0,0,2008,2009,1.0,2.0,8592,4296.0,2008.5,1,0,0,0,0,1,0,0,0,0,0,0,1,0,1,0,0,0,0,1,1.605,2011,41.4,2013,USA2008
2216,107,Parker et al. (2013),0.773,0.463,0,0.773,0.463,1.0,0.0,3.0,0.0,1344.9672099320492,1.0,2008.0,0.0,0.0,0,1,1,0,3,1,0,0,0,1,0,,0,0,1,0,1,0,0,1,0,0,1,USA,0,0,2008,2009,1.0,2.0,8592,4296.0,2008.5,1,0,0,0,0,1,0,0,0,0,0,0,1,0,1,0,0,0,0,1,1.605,2011,41.4,2013,USA2008
2217,107,Parker et al. (2013),0.022,0.205,0,0.022,0.205,1.0,0.0,3.0,0.0,916.033504410064,1.0,2008.0,0.0,0.0,0,1,1,0,3,1,0,0,0,0,0,,0,0,1,0,1,0,0,0,0,1,1,USA,0,0,2008,2009,1.0,2.0,5071,2535.5,2008.5,1,0,0,0,0,1,0,0,0,0,0,0,1,0,1,0,0,0,0,1,1.605,2011,41.4,2013,USA2008
2218,107,Parker et al. (2013),0.2,0.202,0,0.2,0.202,1.0,0.0,3.0,0.0,1150.457154800444,1.0,2008.0,0.0,0.0,0,1,1,0,3,1,0,0,0,1,0,,0,0,1,0,1,0,0,1,0,0,1,USA,0,0,2008,2009,1.0,2.0,5071,2535.5,2008.5,1,0,0,0,0,1,0,0,0,0,0,0,1,0,1,0,0,0,0,1,1.605,2011,41.4,2013,USA2008
2219,107,Parker et al. (2013),0.007,0.566,0,0.007,0.566,1.0,0.0,3.0,0.0,916.033504410064,1.0,2008.0,0.0,0.0,0,1,1,0,3,1,0,0,0,0,0,,0,0,1,0,1,0,0,0,0,1,1,USA,0,0,2008,2009,1.0,2.0,5071,2535.5,2008.5,1,0,0,0,0,1,0,0,0,0,0,0,1,0,1,0,0,0,0,1,1.605,2011,41.4,2013,USA2008
2220,107,Parker et al. (2013),0.934,0.677,0,0.934,0.677,1.0,0.0,3.0,0.0,1150.457154800444,1.0,2008.0,0.0,0.0,0,1,1,0,3,1,0,0,0,1,0,,0,0,1,0,1,0,0,1,0,0,1,USA,0,0,2008,2009,1.0,2.0,5071,2535.5,2008.5,1,0,0,0,0,1,0,0,0,0,0,0,1,0,1,0,0,0,0,1,1.605,2011,41.4,2013,USA2008
2221,107,Parker et al. (2013),0.256,0.112,0,0.256,0.112,1.0,0.0,3.0,0.0,1229.5146616628658,1.0,2008.0,0.0,0.0,0,1,1,0,3,1,0,0,0,0,0,,0,0,1,0,1,0,0,0,0,1,1,USA,0,0,2008,2009,1.0,2.0,10380,5190.0,2008.5,1,0,0,0,0,1,0,0,0,0,0,0,1,0,1,0,0,0,0,1,1.605,2011,41.4,2013,USA2008
2222,107,Parker et al. (2013),0.473,0.175,0,0.473,0.175,1.0,0.0,3.0,0.0,951.7688169695731,1.0,2008.0,0.0,0.0,0,1,1,0,3,1,0,0,0,1,0,,0,0,1,0,1,0,0,1,0,0,1,USA,0,0,2008,2009,1.0,2.0,10380,5190.0,2008.5,1,0,0,0,0,1,0,0,0,0,0,0,1,0,1,0,0,0,0,1,1.605,2011,41.4,2013,USA2008
2223,107,Parker et al. (2013),0.974,0.364,0,0.974,0.364,1.0,0.0,3.0,0.0,1229.5146616628658,1.0,2008.0,0.0,0.0,0,1,1,0,3,1,0,0,0,0,0,,0,0,1,0,1,0,0,0,0,1,1,USA,0,0,2008,2009,1.0,2.0,10380,5190.0,2008.5,1,0,0,0,0,1,0,0,0,0,0,0,1,0,1,0,0,0,0,1,1.605,2011,41.4,2013,USA2008
2224,107,Parker et al. (2013),1.231,0.508,0,1.231,0.508,1.0,0.0,3.0,0.0,951.7688169695731,1.0,2008.0,0.0,0.0,0,1,1,0,3,1,0,0,0,1,0,,0,0,1,0,1,0,0,1,0,0,1,USA,0,0,2008,2009,1.0,2.0,10380,5190.0,2008.5,1,0,0,0,0,1,0,0,0,0,0,0,1,0,1,0,0,0,0,1,1.605,2011,41.4,2013,USA2008
2225,107,Parker et al. (2013),0.05,0.032,0,0.05,0.032,1.0,0.0,3.0,0.0,1067.4412748545074,1.0,2008.0,0.0,0.0,0,1,1,0,3,1,0,0,0,0,1,food at home,1,0,1,0,1,0,0,0,0,0,1,USA,0,0,2008,2009,1.0,2.0,10488,5244.0,2008.5,1,0,0,0,0,1,0,0,0,0,0,0,1,0,1,0,0,0,0,1,1.605,2011,41.4,2013,USA2008
2226,107,Parker et al. (2013),0.025,0.033,0,0.025,0.033,1.0,0.0,3.0,0.0,1067.4412748545074,1.0,2008.0,0.0,0.0,0,1,1,0,3,1,0,0,0,0,1,food away,1,0,1,0,1,0,0,0,0,0,1,USA,0,0,2008,2009,1.0,2.0,10488,5244.0,2008.5,1,0,0,0,0,1,0,0,0,0,0,0,1,0,1,0,0,0,0,1,1.605,2011,41.4,2013,USA2008
2227,107,Parker et al. (2013),0.011,0.007,0,0.011,0.007,1.0,0.0,3.0,0.0,1067.4412748545074,1.0,2008.0,0.0,0.0,0,1,1,0,3,1,0,0,0,0,1,alcohol,1,0,1,0,1,0,0,0,0,0,1,USA,0,0,2008,2009,1.0,2.0,10488,5244.0,2008.5,1,0,0,0,0,1,0,0,0,0,0,0,1,0,1,0,0,0,0,1,1.605,2011,41.4,2013,USA2008
2228,107,Parker et al. (2013),0.059,0.027,0,0.059,0.027,1.0,0.0,3.0,0.0,1067.4412748545074,1.0,2008.0,0.0,0.0,0,1,1,0,3,1,0,0,0,0,0,"utilities, household operations",1,0,1,0,1,0,0,0,0,0,1,USA,0,0,2008,2009,1.0,2.0,10488,5244.0,2008.5,1,0,0,0,0,1,0,0,0,0,0,0,1,0,1,0,0,0,0,1,1.605,2011,41.4,2013,USA2008
2229,107,Parker et al. (2013),0.083,0.049,0,0.083,0.049,1.0,0.0,3.0,0.0,1067.4412748545074,1.0,2008.0,0.0,0.0,0,1,1,0,3,1,0,0,0,0,0,"personal care, misc",1,0,1,0,1,0,0,0,0,0,1,USA,0,0,2008,2009,1.0,2.0,10488,5244.0,2008.5,1,0,0,0,0,1,0,0,0,0,0,0,1,0,1,0,0,0,0,1,1.605,2011,41.4,2013,USA2008
2230,107,Parker et al. (2013),0.027,0.039,0,0.027,0.039,1.0,0.0,3.0,0.0,1067.4412748545074,1.0,2008.0,0.0,0.0,0,1,1,0,3,1,0,0,0,0,0,"gas, fuel, transportation",1,0,1,0,1,0,0,0,0,0,1,USA,0,0,2008,2009,1.0,2.0,10488,5244.0,2008.5,1,0,0,0,0,1,0,0,0,0,0,0,1,0,1,0,0,0,0,1,1.605,2011,41.4,2013,USA2008
2231,107,Parker et al. (2013),0.007,0.009,0,0.007,0.009,1.0,0.0,3.0,0.0,1067.4412748545074,1.0,2008.0,0.0,0.0,0,1,1,0,3,1,0,0,0,0,0,tobacco,1,0,1,0,1,0,0,0,0,0,1,USA,0,0,2008,2009,1.0,2.0,10488,5244.0,2008.5,1,0,0,0,0,1,0,0,0,0,0,0,1,0,1,0,0,0,0,1,1.605,2011,41.4,2013,USA2008
2232,107,Parker et al. (2013),0.022,0.021,0,0.022,0.021,1.0,0.0,3.0,0.0,1067.4412748545074,1.0,2008.0,0.0,0.0,0,1,1,0,3,1,0,0,0,0,0,apparel,1,0,1,0,1,0,0,0,0,0,1,USA,0,0,2008,2009,1.0,2.0,10488,5244.0,2008.5,1,0,0,0,0,1,0,0,0,0,0,0,1,0,1,0,0,0,0,1,1.605,2011,41.4,2013,USA2008
2233,107,Parker et al. (2013),0.025,0.048,0,0.025,0.048,1.0,0.0,3.0,0.0,1067.4412748545074,1.0,2008.0,0.0,0.0,0,1,1,0,3,1,0,0,0,0,0,health,1,0,1,0,1,0,0,0,0,0,1,USA,0,0,2008,2009,1.0,2.0,10488,5244.0,2008.5,1,0,0,0,0,1,0,0,0,0,0,0,1,0,1,0,0,0,0,1,1.605,2011,41.4,2013,USA2008
2234,107,Parker et al. (2013),-0.001,0.003,0,-0.001,0.003,1.0,0.0,3.0,0.0,1067.4412748545074,1.0,2008.0,0.0,0.0,0,1,1,0,3,1,0,0,0,0,0,reading,1,0,1,0,1,0,0,0,0,0,1,USA,0,0,2008,2009,1.0,2.0,10488,5244.0,2008.5,1,0,0,0,0,1,0,0,0,0,0,0,1,0,1,0,0,0,0,1,1.605,2011,41.4,2013,USA2008
2235,107,Parker et al. (2013),0.099,0.092,0,0.099,0.092,1.0,0.0,3.0,0.0,1067.4412748545074,1.0,2008.0,0.0,0.0,0,1,1,0,3,1,0,0,0,1,0,housing (furnishing),1,0,1,0,1,0,0,0,0,0,1,USA,0,0,2008,2009,1.0,2.0,10488,5244.0,2008.5,1,0,0,0,0,1,0,0,0,0,0,0,1,0,1,0,0,0,0,1,1.605,2011,41.4,2013,USA2008
2236,107,Parker et al. (2013),0.077,0.099,0,0.077,0.099,1.0,0.0,3.0,0.0,1067.4412748545074,1.0,2008.0,0.0,0.0,0,1,1,0,3,1,0,0,0,0,0,Entertainment,1,0,1,0,1,0,0,0,0,0,1,USA,0,0,2008,2009,1.0,2.0,10488,5244.0,2008.5,1,0,0,0,0,1,0,0,0,0,0,0,1,0,1,0,0,0,0,1,1.605,2011,41.4,2013,USA2008
2237,107,Parker et al. (2013),-0.1,0.042,0,-0.1,0.042,1.0,0.0,3.0,0.0,1067.4412748545074,1.0,2008.0,0.0,0.0,0,1,1,0,3,1,0,0,0,0,0,Education,1,0,1,0,1,0,0,0,0,0,1,USA,0,0,2008,2009,1.0,2.0,10488,5244.0,2008.5,1,0,0,0,0,1,0,0,0,0,0,0,1,0,1,0,0,0,0,1,1.605,2011,41.4,2013,USA2008
2238,107,Parker et al. (2013),0.527,0.269,0,0.527,0.269,1.0,0.0,3.0,0.0,1067.4412748545074,1.0,2008.0,0.0,0.0,0,1,1,0,3,1,0,0,0,0,0,Transportation,1,0,1,0,1,0,0,0,0,0,1,USA,0,0,2008,2009,1.0,2.0,10488,5244.0,2008.5,1,0,0,0,0,1,0,0,0,0,0,0,1,0,1,0,0,0,0,1,1.605,2011,41.4,2013,USA2008
2239,107,Parker et al. (2013),0.357,0.204,0,0.357,0.204,1.0,0.0,3.0,0.0,1067.4412748545074,1.0,2008.0,0.0,0.0,0,1,1,0,3,1,0,0,0,1,0,New vehicle purchases,1,0,1,0,1,0,0,0,0,0,1,USA,0,0,2008,2009,1.0,2.0,10488,5244.0,2008.5,1,0,0,0,0,1,0,0,0,0,0,0,1,0,1,0,0,0,0,1,1.605,2011,41.4,2013,USA2008
2240,107,Parker et al. (2013),0.123,0.149,0,0.123,0.149,1.0,0.0,3.0,0.0,1067.4412748545074,1.0,2008.0,0.0,0.0,0,1,1,0,3,1,0,0,0,1,0,Used vehicle purchases,1,0,1,0,1,0,0,0,0,0,1,USA,0,0,2008,2009,1.0,2.0,10488,5244.0,2008.5,1,0,0,0,0,1,0,0,0,0,0,0,1,0,1,0,0,0,0,1,1.605,2011,41.4,2013,USA2008
2241,107,Parker et al. (2013),0.011,0.054,0,0.011,0.054,1.0,0.0,3.0,0.0,1067.4412748545074,1.0,2008.0,0.0,0.0,0,1,1,0,3,1,0,0,0,1,0,Other vehicle purchases,1,0,1,0,1,0,0,0,0,0,1,USA,0,0,2008,2009,1.0,2.0,10488,5244.0,2008.5,1,0,0,0,0,1,0,0,0,0,0,0,1,0,1,0,0,0,0,1,1.605,2011,41.4,2013,USA2008
2242,107,Parker et al. (2013),0.009,0.028,0,0.009,0.028,1.0,0.0,3.0,0.0,1067.4412748545074,1.0,2008.0,0.0,0.0,0,1,1,0,3,1,0,0,0,0,0,Maintenance and repairs,1,0,1,0,1,0,0,0,0,0,1,USA,0,0,2008,2009,1.0,2.0,10488,5244.0,2008.5,1,0,0,0,0,1,0,0,0,0,0,0,1,0,1,0,0,0,0,1,1.605,2011,41.4,2013,USA2008
2243,107,Parker et al. (2013),0.027,0.024,0,0.027,0.024,1.0,0.0,3.0,0.0,1067.4412748545074,1.0,2008.0,0.0,0.0,0,1,1,0,3,1,0,0,0,0,0,"Other, insurance fees, etc",1,0,1,0,1,0,0,0,0,0,1,USA,0,0,2008,2009,1.0,2.0,10488,5244.0,2008.5,1,0,0,0,0,1,0,0,0,0,0,0,1,0,1,0,0,0,0,1,1.605,2011,41.4,2013,USA2008
2244,108,Souleles (1999),0.016,0.011,0,0.016,0.011,1.0,0.0,3.0,0.0,1991.7336234032518,1.0,1984.0,0.0,0.0,0,1,1,0,3,1,0,0,0,0,1,,0,0,0,1,1,0,0,0,0,0,1,USA,0,0,1980,1991,22.0,2.0,4121,2060.5,1985.5,1,0,0,0,0,0,0,0,0,0,0,0,0,0,1,0,0,0,0,1,1.605,1999,26.176470588235293,1999,USA1980
2245,108,Souleles (1999),0.014,0.009,0,0.014,0.009,1.0,0.0,3.0,0.0,1991.7336234032518,1.0,1984.0,0.0,0.0,0,1,1,0,3,1,0,0,0,0,1,,0,0,0,1,1,0,0,0,0,0,1,USA,0,0,1980,1991,22.0,2.0,7622,3811.0,1985.5,1,0,0,0,0,0,0,0,0,0,0,0,0,0,1,0,0,0,0,1,1.605,1999,26.176470588235293,1999,USA1980
2246,108,Souleles (1999),0.026,0.013,0,0.026,0.013,1.0,0.0,3.0,0.0,1991.7336234032518,1.0,1984.0,0.0,0.0,0,1,1,0,3,1,0,0,0,0,0,,0,0,0,1,1,0,0,0,0,0,1,USA,0,0,1980,1991,22.0,2.0,4121,2060.5,1985.5,1,0,0,0,0,0,0,0,0,0,0,0,0,0,1,0,0,0,0,1,1.605,1999,26.176470588235293,1999,USA1980
2247,108,Souleles (1999),0.024,0.012,0,0.024,0.012,1.0,0.0,3.0,0.0,1991.7336234032518,1.0,1984.0,0.0,0.0,0,1,1,0,3,1,0,0,0,0,0,,0,0,0,1,1,0,0,0,0,0,1,USA,0,0,1980,1991,22.0,2.0,7622,3811.0,1985.5,1,0,0,0,0,0,0,0,0,0,0,0,0,0,1,0,0,0,0,1,1.605,1999,26.176470588235293,1999,USA1980
2248,108,Souleles (1999),0.03,0.02,0,0.03,0.02,1.0,0.0,3.0,0.0,1991.7336234032518,1.0,1984.0,0.0,0.0,0,1,1,0,3,1,0,0,0,0,0,,0,0,0,1,1,0,0,0,0,0,1,USA,0,0,1980,1991,22.0,2.0,4081,2040.5,1985.5,1,0,0,0,0,0,0,0,0,0,0,0,0,0,1,0,0,0,0,1,1.605,1999,26.176470588235293,1999,USA1980
2249,108,Souleles (1999),0.025,0.018,0,0.025,0.018,1.0,0.0,3.0,0.0,1991.7336234032518,1.0,1984.0,0.0,0.0,0,1,1,0,3,1,0,0,0,0,0,,0,0,0,1,1,0,0,0,0,0,1,USA,0,0,1980,1991,22.0,2.0,7525,3762.5,1985.5,1,0,0,0,0,0,0,0,0,0,0,0,0,0,1,0,0,0,0,1,1.605,1999,26.176470588235293,1999,USA1980
2250,108,Souleles (1999),0.185,0.077,0,0.185,0.077,1.0,0.0,3.0,0.0,1991.7336234032518,1.0,1984.0,0.0,0.0,0,1,1,0,3,1,0,0,0,1,0,,0,0,0,1,1,0,0,0,0,0,1,USA,0,0,1980,1991,22.0,2.0,4081,2040.5,1985.5,1,0,0,0,0,0,0,0,0,0,0,0,0,0,1,0,0,0,0,1,1.605,1999,26.176470588235293,1999,USA1980
2251,108,Souleles (1999),0.184,0.067,0,0.184,0.067,1.0,0.0,3.0,0.0,1991.7336234032518,1.0,1984.0,0.0,0.0,0,1,1,0,3,1,0,0,0,1,0,,0,0,0,1,1,0,0,0,0,0,1,USA,0,0,1980,1991,22.0,2.0,7525,3762.5,1985.5,1,0,0,0,0,0,0,0,0,0,0,0,0,0,1,0,0,0,0,1,1.605,1999,26.176470588235293,1999,USA1980
2252,108,Souleles (1999),0.032,0.016,0,0.032,0.016,1.0,0.0,3.0,0.0,1991.7336234032518,0.0,1984.0,0.0,0.0,0,1,1,0,3,1,0,0,0,0,1,,0,0,0,1,1,0,0,0,0,1,1,USA,0,0,1980,1991,22.0,2.0,1038,519.0,1985.5,1,0,0,0,0,0,0,0,0,0,0,0,0,0,1,0,0,0,0,1,1.605,1999,26.176470588235293,1999,USA1980
2253,108,Souleles (1999),-0.002,0.006,0,-0.002,0.006,1.0,0.0,3.0,0.0,1991.7336234032518,0.0,1984.0,0.0,0.0,0,1,1,0,3,1,0,0,0,0,1,,0,0,0,1,1,0,0,1,0,0,1,USA,0,0,1980,1991,22.0,2.0,1866,933.0,1985.5,1,0,0,0,0,0,0,0,0,0,0,0,0,0,1,0,0,0,0,1,1.605,1999,26.176470588235293,1999,USA1980
2254,108,Souleles (1999),0.058,0.019,0,0.058,0.019,1.0,0.0,3.0,0.0,1991.7336234032518,0.0,1984.0,0.0,0.0,0,1,1,0,3,1,0,0,0,0,1,,0,0,0,1,1,0,0,0,0,1,1,USA,0,0,1980,1991,22.0,2.0,643,321.5,1985.5,1,0,0,0,0,0,0,0,0,0,0,0,0,0,1,0,0,0,0,1,1.605,1999,26.176470588235293,1999,USA1980
2255,108,Souleles (1999),-0.006,0.005,0,-0.006,0.005,1.0,0.0,3.0,0.0,1991.7336234032518,0.0,1984.0,0.0,0.0,0,1,1,0,3,1,0,0,0,0,1,,0,0,0,1,1,0,0,1,0,0,1,USA,0,0,1980,1991,22.0,2.0,937,468.5,1985.5,1,0,0,0,0,0,0,0,0,0,0,0,0,0,1,0,0,0,0,1,1.605,1999,26.176470588235293,1999,USA1980
2256,108,Souleles (1999),0.03,0.026,0,0.03,0.026,1.0,0.0,3.0,0.0,1991.7336234032518,0.0,1984.0,0.0,0.0,0,1,1,0,3,1,0,0,0,0,0,,0,0,0,1,1,0,0,0,0,1,1,USA,0,0,1980,1991,22.0,2.0,1038,519.0,1985.5,1,0,0,0,0,0,0,0,0,0,0,0,0,0,1,0,0,0,0,1,1.605,1999,26.176470588235293,1999,USA1980
2257,108,Souleles (1999),0.006,0.009,0,0.006,0.009,1.0,0.0,3.0,0.0,1991.7336234032518,0.0,1984.0,0.0,0.0,0,1,1,0,3,1,0,0,0,0,0,,0,0,0,1,1,0,0,1,0,0,1,USA,0,0,1980,1991,22.0,2.0,1866,933.0,1985.5,1,0,0,0,0,0,0,0,0,0,0,0,0,0,1,0,0,0,0,1,1.605,1999,26.176470588235293,1999,USA1980
2258,108,Souleles (1999),0.103,0.029,0,0.103,0.029,1.0,0.0,3.0,0.0,1991.7336234032518,0.0,1984.0,0.0,0.0,0,1,1,0,3,1,0,0,0,0,0,,0,0,0,1,1,0,0,0,0,1,1,USA,0,0,1980,1991,22.0,2.0,643,321.5,1985.5,1,0,0,0,0,0,0,0,0,0,0,0,0,0,1,0,0,0,0,1,1.605,1999,26.176470588235293,1999,USA1980
2259,108,Souleles (1999),4.5e-05,0.008,0,4.5e-05,0.008,1.0,0.0,3.0,0.0,1991.7336234032518,0.0,1984.0,0.0,0.0,0,1,1,0,3,1,0,0,0,0,0,,0,0,0,1,1,0,0,1,0,0,1,USA,0,0,1980,1991,22.0,2.0,937,468.5,1985.5,1,0,0,0,0,0,0,0,0,0,0,0,0,0,1,0,0,0,0,1,1.605,1999,26.176470588235293,1999,USA1980
2260,108,Souleles (1999),0.082,0.113,0,0.082,0.113,1.0,0.0,3.0,0.0,1991.7336234032518,0.0,1984.0,0.0,0.0,0,1,1,0,3,1,0,0,0,1,0,,0,0,0,1,1,0,0,0,0,1,1,USA,0,0,1980,1991,22.0,2.0,1030,515.0,1985.5,1,0,0,0,0,0,0,0,0,0,0,0,0,0,1,0,0,0,0,1,1.605,1999,26.176470588235293,1999,USA1980
2261,108,Souleles (1999),0.209,0.107,0,0.209,0.107,1.0,0.0,3.0,0.0,1991.7336234032518,0.0,1984.0,0.0,0.0,0,1,1,0,3,1,0,0,0,1,0,,0,0,0,1,1,0,0,1,0,0,1,USA,0,0,1980,1991,22.0,2.0,1844,922.0,1985.5,1,0,0,0,0,0,0,0,0,0,0,0,0,0,1,0,0,0,0,1,1.605,1999,26.176470588235293,1999,USA1980
2262,108,Souleles (1999),0.011,0.134,0,0.011,0.134,1.0,0.0,3.0,0.0,1991.7336234032518,0.0,1984.0,0.0,0.0,0,1,1,0,3,1,0,0,0,1,0,,0,0,0,1,1,0,0,0,0,1,1,USA,0,0,1980,1991,22.0,2.0,639,319.5,1985.5,1,0,0,0,0,0,0,0,0,0,0,0,0,0,1,0,0,0,0,1,1.605,1999,26.176470588235293,1999,USA1980
2263,108,Souleles (1999),0.261,0.108,0,0.261,0.108,1.0,0.0,3.0,0.0,1991.7336234032518,0.0,1984.0,0.0,0.0,0,1,1,0,3,1,0,0,0,1,0,,0,0,0,1,1,0,0,1,0,0,1,USA,0,0,1980,1991,22.0,2.0,925,462.5,1985.5,1,0,0,0,0,0,0,0,0,0,0,0,0,0,1,0,0,0,0,1,1.605,1999,26.176470588235293,1999,USA1980
2264,108,Souleles (1999),0.062,0.031,0,0.062,0.031,1.0,0.0,3.0,0.0,1991.7336234032518,1.0,1984.0,0.0,0.0,0,1,1,0,3,1,0,0,0,0,1,,0,0,0,1,1,0,0,0,0,0,1,USA,0,0,1980,1991,22.0,2.0,7622,3811.0,1985.5,1,0,0,0,0,0,0,0,0,0,0,0,0,0,1,0,0,0,0,1,1.605,1999,26.176470588235293,1999,USA1980
2265,108,Souleles (1999),0.027,0.017,0,0.027,0.017,1.0,0.0,3.0,0.0,1991.7336234032518,1.0,1984.0,0.0,0.0,0,1,1,0,3,1,0,0,0,0,1,,0,0,0,1,1,0,0,0,0,0,1,USA,0,0,1980,1991,22.0,2.0,7622,3811.0,1985.5,1,0,0,0,0,0,0,0,0,0,0,0,0,0,1,0,0,0,0,1,1.605,1999,26.176470588235293,1999,USA1980
2266,108,Souleles (1999),0.093,0.037,0,0.093,0.037,1.0,0.0,3.0,0.0,1991.7336234032518,1.0,1984.0,0.0,0.0,0,1,1,0,3,1,0,0,0,0,0,,0,0,0,1,1,0,0,0,0,0,1,USA,0,0,1980,1991,22.0,2.0,7622,3811.0,1985.5,1,0,0,0,0,0,0,0,0,0,0,0,0,0,1,0,0,0,0,1,1.605,1999,26.176470588235293,1999,USA1980
2267,108,Souleles (1999),0.045,0.021,0,0.045,0.021,1.0,0.0,3.0,0.0,1991.7336234032518,1.0,1984.0,0.0,0.0,0,1,1,0,3,1,0,0,0,0,0,,0,0,0,1,1,0,0,0,0,0,1,USA,0,0,1980,1991,22.0,2.0,7622,3811.0,1985.5,1,0,0,0,0,0,0,0,0,0,0,0,0,0,1,0,0,0,0,1,1.605,1999,26.176470588235293,1999,USA1980
2268,108,Souleles (1999),0.64,0.224,0,0.64,0.224,1.0,0.0,3.0,0.0,1991.7336234032518,1.0,1984.0,0.0,0.0,0,1,1,0,3,1,0,0,0,1,0,,0,0,0,1,1,0,0,0,0,0,1,USA,0,0,1980,1991,22.0,2.0,7525,3762.5,1985.5,1,0,0,0,0,0,0,0,0,0,0,0,0,0,1,0,0,0,0,1,1.605,1999,26.176470588235293,1999,USA1980
2269,108,Souleles (1999),0.344,0.116,0,0.344,0.116,1.0,0.0,3.0,0.0,1991.7336234032518,1.0,1984.0,0.0,0.0,0,1,1,0,3,1,0,0,0,1,0,,0,0,0,1,1,0,0,0,0,0,1,USA,0,0,1980,1991,22.0,2.0,7525,3762.5,1985.5,1,0,0,0,0,0,0,0,0,0,0,0,0,0,1,0,0,0,0,1,1.605,1999,26.176470588235293,1999,USA1980
2270,108,Souleles (1999),0.537,0.225,0,0.537,0.225,1.0,0.0,3.0,0.0,1991.7336234032518,1.0,1984.0,0.0,0.0,0,1,1,0,3,1,0,0,0,1,0,,0,0,0,1,1,0,0,0,0,0,1,USA,0,0,1980,1991,22.0,2.0,7525,3762.5,1985.5,1,0,0,0,0,0,0,0,0,0,0,0,0,0,1,0,0,0,0,1,1.605,1999,26.176470588235293,1999,USA1980
2271,108,Souleles (1999),0.294,0.122,0,0.294,0.122,1.0,0.0,3.0,0.0,1991.7336234032518,1.0,1984.0,0.0,0.0,0,1,1,0,3,1,0,0,0,1,0,,0,0,0,1,1,0,0,0,0,0,1,USA,0,0,1980,1991,22.0,2.0,7525,3762.5,1985.5,1,0,0,0,0,0,0,0,0,0,0,0,0,0,1,0,0,0,0,1,1.605,1999,26.176470588235293,1999,USA1980
2272,108,Souleles (1999),0.297,0.137,0,0.297,0.137,1.0,0.0,3.0,0.0,1991.7336234032518,1.0,1984.0,0.0,0.0,0,1,1,0,3,1,0,0,0,1,0,nonvehicle durables,1,0,0,1,1,0,0,0,0,0,1,USA,0,0,1980,1991,22.0,2.0,7525,3762.5,1985.5,1,0,0,0,0,0,0,0,0,0,0,0,0,0,1,0,0,0,0,1,1.605,1999,26.176470588235293,1999,USA1980
2273,108,Souleles (1999),0.128,0.061,0,0.128,0.061,1.0,0.0,3.0,0.0,1991.7336234032518,1.0,1984.0,0.0,0.0,0,1,1,0,3,1,0,0,0,1,0,nonvehicle durables,1,0,0,1,1,0,0,0,0,0,1,USA,0,0,1980,1991,22.0,2.0,7525,3762.5,1985.5,1,0,0,0,0,0,0,0,0,0,0,0,0,0,1,0,0,0,0,1,1.605,1999,26.176470588235293,1999,USA1980
2274,108,Souleles (1999),0.144,0.097,0,0.144,0.097,1.0,0.0,3.0,0.0,1991.7336234032518,1.0,1984.0,0.0,0.0,0,1,1,0,3,1,0,0,0,0,1,,0,0,1,0,0,0,0,0,0,0,1,USA,0,0,1980,1991,22.0,2.0,7595,3797.5,1985.5,1,0,0,0,0,1,0,1,0,0,0,0,1,0,1,0,0,0,0,1,1.605,1999,26.176470588235293,1999,USA1980
2275,108,Souleles (1999),0.178,0.18,0,0.178,0.18,1.0,0.0,3.0,0.0,1991.7336234032518,1.0,1984.0,0.0,0.0,0,1,1,0,3,1,0,0,0,0,0,,0,0,1,0,0,0,0,0,0,0,1,USA,0,0,1980,1991,22.0,2.0,7595,3797.5,1985.5,1,0,0,0,0,1,0,1,0,0,0,0,1,0,1,0,0,0,0,1,1.605,1999,26.176470588235293,1999,USA1980
2276,108,Souleles (1999),0.709,0.727,0,0.709,0.727,1.0,0.0,3.0,0.0,1991.7336234032518,1.0,1984.0,0.0,0.0,0,1,1,0,3,1,0,0,0,1,0,,0,0,1,0,0,0,0,0,0,0,1,USA,0,0,1980,1991,22.0,2.0,7498,3749.0,1985.5,1,0,0,0,0,1,0,1,0,0,0,0,1,0,1,0,0,0,0,1,1.605,1999,26.176470588235293,1999,USA1980
2277,109,de Castro (2006),0.663,0.18942857142857145,0,,,,,,,,,,,,1,0,0,0,0,0,0,0,0,0,0,,0,0,0,0,1,0,0,0,0,0,0,Portugal,0,0,1980,2005,26.0,104.0,104,1.0,1992.5,0,0,0,0,1,0,0,0,0,0,0,0,1,0,1,0,0,0,0,0,0.051,2006,1.3,2006,Portugal1980
2278,109,de Castro (2006),0.669,0.19114285714285714,0,,,,,,,,,,,,1,0,0,0,0,0,0,0,0,0,0,,0,0,0,0,1,0,0,0,0,0,0,Portugal,0,0,1980,2005,26.0,104.0,104,1.0,1992.5,0,0,0,0,1,0,0,0,0,0,0,0,1,0,1,0,0,0,0,0,0.051,2006,1.3,2006,Portugal1980
2279,109,de Castro (2006),0.677,0.19342857142857145,0,,,,,,,,,,,,1,0,0,0,0,0,0,0,0,0,0,,0,0,0,0,1,0,0,0,0,0,0,Portugal,0,0,1980,2005,26.0,104.0,104,1.0,1992.5,0,0,0,0,1,0,0,0,0,0,0,0,1,0,1,0,0,0,0,0,0.051,2006,1.3,2006,Portugal1980
2280,109,de Castro (2006),0.7,0.19999999999999998,0,,,,,,,,,,,,1,0,0,0,0,0,0,0,0,0,0,,0,0,0,0,1,0,0,0,0,0,0,Portugal,0,0,1980,2005,26.0,104.0,104,1.0,1992.5,0,0,0,0,1,0,0,0,0,0,0,0,1,0,1,0,0,0,0,0,0.051,2006,1.3,2006,Portugal1980
2281,109,de Castro (2006),0.706,0.2017142857142857,0,,,,,,,,,,,,1,0,0,0,0,0,0,0,0,0,0,,0,0,0,0,1,0,0,0,0,0,0,Portugal,0,0,1980,2005,26.0,104.0,104,1.0,1992.5,0,0,0,0,1,0,0,0,0,0,0,0,1,0,1,0,0,0,0,0,0.051,2006,1.3,2006,Portugal1980
2282,109,de Castro (2006),0.716,0.20457142857142857,0,,,,,,,,,,,,1,0,0,0,0,0,0,0,0,0,0,,0,0,0,0,1,0,0,0,0,0,0,Portugal,0,0,1980,2005,26.0,104.0,104,1.0,1992.5,0,0,0,0,1,0,0,0,0,0,0,0,1,0,1,0,0,0,0,0,0.051,2006,1.3,2006,Portugal1980
2283,109,de Castro (2006),0.692,0.1977142857142857,0,,,,,,,,,,,,1,0,0,0,0,0,0,0,0,0,0,,0,0,0,0,1,0,0,0,0,0,0,Portugal,0,0,1980,1991,12.0,104.0,104,1.0,1985.5,0,0,0,0,1,0,0,0,0,0,0,0,1,0,1,0,0,1,0,0,0.051,2006,1.3,2006,Portugal1980
2284,109,de Castro (2006),0.5469999999999999,0.2108,0,,,,,,,,,,,,1,0,0,0,0,0,0,0,0,0,0,,0,0,0,0,1,0,0,0,0,0,0,Portugal,0,0,1991,2005,15.0,104.0,104,1.0,1998.0,0,0,0,0,1,0,0,0,0,0,0,0,1,0,1,0,0,1,0,0,0.051,2006,1.3,2006,Portugal1991
2285,109,de Castro (2006),0.72,0.2057142857142857,0,,,,,,,,,,,,1,0,0,0,0,0,0,0,0,0,0,,0,0,0,0,1,0,0,1,0,0,0,Portugal,0,0,1980,2005,26.0,104.0,104,1.0,1992.5,0,0,0,0,1,0,0,0,0,0,0,0,1,0,1,0,0,0,0,0,0.051,2006,1.3,2006,Portugal1980
2286,110,Madsen and McAleer (2000),0.38,0.07421875,0,,,,,,,,,,,,0,0,0,0,0,0,0,0,0,0,0,,0,0,1,0,0,0,0,0,0,0,0,USA,0,0,1972,1997,36.0,141.0,141,1.0,1982.0,0,0,0,0,0,1,1,1,1,1,0,0,0,0,0,0,0,0,0,0,0.148,2000,3.125,2000,USA1972
2287,110,Madsen and McAleer (2000),0.22,0.08208955223880597,0,,,,,,,,,,,,1,0,0,0,0,0,0,0,0,0,0,,0,0,1,0,0,0,0,0,0,0,0,USA,0,0,1972,1997,36.0,141.0,141,1.0,1982.0,0,0,0,0,0,1,1,1,1,1,0,0,0,0,0,1,0,0,0,0,0.148,2000,3.125,2000,USA1972
2288,110,Madsen and McAleer (2000),0.25,0.08038585209003216,0,,,,,,,,,,,,1,0,0,0,0,0,0,0,0,0,0,,0,0,1,0,0,0,0,1,0,0,0,USA,0,0,1972,1997,36.0,141.0,141,1.0,1982.0,0,0,0,0,0,1,1,1,1,1,0,0,0,0,0,0,0,0,0,0,0.148,2000,3.125,2000,USA1972
2289,110,Madsen and McAleer (2000),0.16,0.08247422680412371,0,,,,,,,,,,,,1,0,0,0,0,0,0,0,0,0,0,,0,0,1,0,0,0,0,1,0,0,0,USA,0,0,1972,1997,36.0,141.0,141,1.0,1982.0,0,0,0,0,0,1,1,1,1,1,0,0,0,0,0,1,0,0,0,0,0.148,2000,3.125,2000,USA1972
2290,110,Madsen and McAleer (2000),0.16,0.06694560669456066,0,,,,,,,,,,,,1,0,0,0,0,0,0,0,0,0,0,,0,0,1,0,0,0,0,0,0,0,0,USA,0,0,1972,1997,36.0,141.0,141,1.0,1982.0,0,0,0,0,0,1,1,1,1,1,0,0,0,0,0,1,0,0,0,0,0.148,2000,3.125,2000,USA1972
2291,110,Madsen and McAleer (2000),0.24,0.08421052631578947,0,,,,,,,,,,,,1,0,0,0,0,0,0,0,0,0,0,,0,0,1,0,0,0,0,1,0,0,0,USA,0,0,1972,1997,36.0,141.0,141,1.0,1982.0,0,0,0,0,0,1,1,1,1,1,0,0,0,0,0,0,0,0,0,0,0.148,2000,3.125,2000,USA1972
2292,110,Madsen and McAleer (2000),0.16,0.0975609756097561,0,,,,,,,,,,,,1,0,0,0,0,0,0,0,0,0,0,,0,0,1,0,0,0,0,1,0,0,0,USA,0,0,1972,1997,36.0,141.0,141,1.0,1982.0,0,0,0,0,0,1,1,1,1,1,0,0,0,0,0,1,0,0,0,0,0.148,2000,3.125,2000,USA1972
2293,110,Madsen and McAleer (2000),0.17,0.08457711442786071,0,,,,,,,,,,,,0,0,0,0,0,0,0,0,0,0,0,,0,0,1,0,0,0,0,1,0,0,0,USA,0,0,1972,1997,36.0,141.0,141,1.0,1982.0,0,0,0,0,0,1,1,1,1,1,0,0,0,0,0,1,0,0,0,0,0.148,2000,3.125,2000,USA1972
2294,110,Madsen and McAleer (2000),0.2,0.08064516129032259,0,,,,,,,,,,,,0,0,0,0,0,0,0,0,0,0,0,,0,0,1,0,0,0,0,0,0,0,0,USA,0,0,1972,1997,36.0,141.0,141,1.0,1982.0,0,0,0,0,0,1,1,1,1,1,0,0,0,0,0,1,0,0,0,0,0.148,2000,3.125,2000,USA1972
2295,110,Madsen and McAleer (2000),0.33,0.08312342569269521,0,,,,,,,,,,,,0,0,0,0,0,0,0,0,0,0,0,,0,0,1,0,0,0,0,0,0,0,0,USA,0,0,1972,1997,36.0,141.0,141,1.0,1982.0,0,0,0,0,0,1,1,1,1,1,0,0,0,0,0,0,0,0,0,0,0.148,2000,3.125,2000,USA1972
2296,110,Madsen and McAleer (2000),0.17,0.06938775510204082,0,,,,,,,,,,,,0,0,0,0,0,0,0,0,0,0,0,,0,0,1,0,0,0,0,1,0,0,0,USA,0,0,1972,1997,36.0,141.0,141,1.0,1982.0,0,0,0,0,0,1,1,1,1,1,0,0,0,0,0,1,0,0,0,0,0.148,2000,3.125,2000,USA1972
2297,110,Madsen and McAleer (2000),0.66,0.11913357400722022,0,,,,,,,,,,,,0,0,0,0,0,0,0,0,0,0,0,,0,0,1,0,0,0,0,0,0,0,0,USA,0,0,1972,1997,36.0,141.0,141,1.0,1982.0,0,0,0,0,0,1,1,1,1,1,0,0,0,0,0,0,0,0,0,0,0.148,2000,3.125,2000,USA1972
2298,110,Madsen and McAleer (2000),0.32,0.14953271028037382,0,,,,,,,,,,,,0,0,0,0,0,0,0,0,0,0,0,,0,0,1,0,0,0,0,0,0,0,0,USA,0,0,1972,1997,36.0,141.0,141,1.0,1982.0,0,0,0,0,0,1,1,1,1,1,0,0,0,0,0,1,0,0,0,0,0.148,2000,3.125,2000,USA1972
2299,110,Madsen and McAleer (2000),0.44,0.16236162361623616,0,,,,,,,,,,,,0,0,0,0,0,0,0,0,0,0,0,,0,0,1,0,0,0,0,1,0,0,0,USA,0,0,1972,1997,36.0,141.0,141,1.0,1982.0,0,0,0,0,0,1,1,1,1,1,0,0,0,0,0,0,0,0,0,0,0.148,2000,3.125,2000,USA1972
2300,110,Madsen and McAleer (2000),0.21,0.1640625,0,,,,,,,,,,,,0,0,0,0,0,0,0,0,0,0,0,,0,0,1,0,0,0,0,1,0,0,0,USA,0,0,1972,1997,36.0,141.0,141,1.0,1982.0,0,0,0,0,0,1,1,1,1,1,0,0,0,0,0,1,0,0,0,0,0.148,2000,3.125,2000,USA1972
2301,110,Madsen and McAleer (2000),0.17,0.06719367588932808,0,,,,,,,,,,,,0,0,0,0,0,0,0,0,0,0,0,,0,0,1,0,0,0,0,1,0,0,0,USA,0,0,1972,1997,36.0,141.0,141,1.0,1982.0,0,0,0,0,0,1,1,1,1,1,0,0,0,0,0,1,0,0,0,0,0.148,2000,3.125,2000,USA1972
2302,110,Madsen and McAleer (2000),0.36,4.52,0,,,,,,,,,,,,0,0,0,0,0,0,0,0,0,0,0,,0,0,1,0,0,0,0,0,0,0,0,USA,0,0,1972,1997,36.0,141.0,141,1.0,1982.0,0,0,0,0,0,1,1,1,1,1,0,0,0,0,0,0,0,0,0,0,0.148,2000,3.125,2000,USA1972
2303,110,Madsen and McAleer (2000),0.28,3.34,0,,,,,,,,,,,,0,0,0,0,0,0,0,0,0,0,0,,0,0,1,0,0,0,0,0,0,0,0,USA,0,0,1972,1997,36.0,141.0,141,1.0,1982.0,0,0,0,0,0,1,1,1,1,1,0,0,0,0,0,0,0,0,0,0,0.148,2000,3.125,2000,USA1972
2304,110,Madsen and McAleer (2000),0.21,2.47,0,,,,,,,,,,,,0,0,0,0,0,0,0,0,0,0,0,,0,0,1,0,0,0,0,0,0,0,0,USA,0,0,1972,1997,36.0,141.0,141,1.0,1982.0,0,0,0,0,0,1,1,1,1,1,0,0,0,0,0,1,0,0,0,0,0.148,2000,3.125,2000,USA1972
2305,110,Madsen and McAleer (2000),0.2,2.49,0,,,,,,,,,,,,0,0,0,0,0,0,0,0,0,0,0,,0,0,1,0,0,0,0,1,0,0,0,USA,0,0,1972,1997,36.0,141.0,141,1.0,1982.0,0,0,0,0,0,1,1,1,1,1,0,0,0,0,0,0,0,0,0,0,0.148,2000,3.125,2000,USA1972
2306,110,Madsen and McAleer (2000),0.28,3.34,0,,,,,,,,,,,,0,0,0,0,0,0,0,0,0,0,0,,0,0,1,0,0,0,0,0,0,0,0,USA,0,0,1972,1997,36.0,141.0,141,1.0,1982.0,0,0,0,0,0,1,1,1,1,1,0,0,0,0,0,0,0,0,0,0,0.148,2000,3.125,2000,USA1972
2307,110,Madsen and McAleer (2000),0.19,2.12,0,,,,,,,,,,,,0,0,0,0,0,0,0,0,0,0,0,,0,0,1,0,0,0,0,1,0,0,0,USA,0,0,1972,1997,36.0,141.0,141,1.0,1982.0,0,0,0,0,0,1,1,1,1,1,0,0,0,0,0,0,0,0,0,0,0.148,2000,3.125,2000,USA1972
2308,110,Madsen and McAleer (2000),0.19,2.25,0,,,,,,,,,,,,0,0,0,0,0,0,0,0,0,0,0,,0,0,1,0,0,0,0,0,0,0,0,USA,0,0,1972,1997,36.0,141.0,141,1.0,1982.0,0,0,0,0,0,1,1,1,1,1,0,0,0,0,0,1,0,0,0,0,0.148,2000,3.125,2000,USA1972
2309,110,Madsen and McAleer (2000),0.13,1.51,0,,,,,,,,,,,,0,0,0,0,0,0,0,0,0,0,0,,0,0,1,0,0,0,0,1,0,0,0,USA,0,0,1972,1997,36.0,141.0,141,1.0,1982.0,0,0,0,0,0,1,1,1,1,1,0,0,0,0,0,1,0,0,0,0,0.148,2000,3.125,2000,USA1972
2310,110,Madsen and McAleer (2000),0.13,1.5,0,,,,,,,,,,,,0,0,0,0,0,0,0,0,0,0,0,,0,0,1,0,0,0,0,1,0,0,0,USA,0,0,1972,1997,36.0,141.0,141,1.0,1982.0,0,0,0,0,0,1,1,1,1,1,0,0,0,0,0,1,0,0,0,0,0.148,2000,3.125,2000,USA1972
2311,111,Carroll et al. (1994),0.7,0.115,0,,,,,,,,,,,,0,0,0,0,0,0,0,0,0,1,0,,0,0,0,0,1,0,0,0,0,0,0,USA,0,0,1955,1992,38.0,151.0,151,1.0,1973.5,0,0,0,0,0,1,1,1,0,0,0,0,0,0,0,0,0,0,0,1,1.605,2002,35.92857142857143,1994,USA1955
2312,111,Carroll et al. (1994),0.734,0.108,0,,,,,,,,,,,,0,0,0,0,0,0,0,0,0,1,0,,0,0,0,0,1,0,0,0,0,0,0,USA,0,0,1955,1992,38.0,151.0,151,1.0,1973.5,0,0,0,0,0,1,1,1,1,0,0,0,1,0,0,0,0,0,0,1,1.605,2002,35.92857142857143,1994,USA1955
2313,111,Carroll et al. (1994),1.786,1.04,0,,,,,,,,,,,,0,0,0,0,0,0,0,0,0,1,0,motor vehicles,1,0,0,0,1,0,0,0,0,0,0,USA,0,0,1955,1992,38.0,151.0,151,1.0,1973.5,0,0,0,0,0,1,1,1,0,0,0,0,0,0,0,0,0,0,0,1,1.605,2002,35.92857142857143,1994,USA1955
2314,111,Carroll et al. (1994),1.999,1.022,0,,,,,,,,,,,,0,0,0,0,0,0,0,0,0,1,0,motor vehicles,1,0,0,0,1,0,0,0,0,0,0,USA,0,0,1955,1992,38.0,151.0,151,1.0,1973.5,0,0,0,0,0,1,1,1,1,0,0,0,1,0,0,0,0,0,0,1,1.605,2002,35.92857142857143,1994,USA1955
2315,111,Carroll et al. (1994),0.801,0.156,0,,,,,,,,,,,,0,0,0,0,0,0,0,0,0,1,0,goods excluding motor vehicles,1,0,0,0,1,0,0,0,0,0,0,USA,0,0,1955,1992,38.0,151.0,151,1.0,1973.5,0,0,0,0,0,1,1,1,0,0,0,0,0,0,0,0,0,0,0,1,1.605,2002,35.92857142857143,1994,USA1955
2316,111,Carroll et al. (1994),0.651,0.136,0,,,,,,,,,,,,0,0,0,0,0,0,0,0,0,1,0,goods excluding motor vehicles,1,0,0,0,1,0,0,0,0,0,0,USA,0,0,1955,1992,38.0,151.0,151,1.0,1973.5,0,0,0,0,0,1,1,1,1,0,0,0,1,0,0,0,0,0,0,1,1.605,2002,35.92857142857143,1994,USA1955
2317,111,Carroll et al. (1994),0.474,0.123,0,,,,,,,,,,,,0,0,0,0,0,0,0,0,0,0,0,services,1,0,0,0,1,0,0,0,0,0,0,USA,0,0,1955,1992,38.0,151.0,151,1.0,1973.5,0,0,0,0,0,1,1,1,0,0,0,0,0,0,0,0,0,0,0,1,1.605,2002,35.92857142857143,1994,USA1955
2318,111,Carroll et al. (1994),0.53,0.092,0,,,,,,,,,,,,0,0,0,0,0,0,0,0,0,0,0,services,1,0,0,0,1,0,0,0,0,0,0,USA,0,0,1955,1992,38.0,151.0,151,1.0,1973.5,0,0,0,0,0,1,1,1,1,0,0,0,1,0,0,0,0,0,0,1,1.605,2002,35.92857142857143,1994,USA1955
2319,111,Carroll et al. (1994),0.543,0.148,0,,,,,,,,,,,,0,0,0,0,0,0,0,0,0,1,0,,0,0,0,0,1,0,0,0,0,0,0,USA,0,0,1955,1992,38.0,151.0,151,1.0,1973.5,0,0,0,0,0,1,1,1,0,0,0,0,0,0,0,0,0,0,0,1,1.605,2002,35.92857142857143,1994,USA1955
2320,111,Carroll et al. (1994),0.612,0.139,0,,,,,,,,,,,,0,0,0,0,0,0,0,0,0,1,0,,0,0,0,0,1,0,0,0,0,0,0,USA,0,0,1955,1992,38.0,151.0,151,1.0,1973.5,0,0,0,0,0,1,1,1,1,0,0,0,1,0,0,0,0,0,0,1,1.605,2002,35.92857142857143,1994,USA1955
2321,111,Carroll et al. (1994),1.217,0.858,0,,,,,,,,,,,,0,0,0,0,0,0,0,0,0,1,0,motor vehicles,1,0,0,0,1,0,0,0,0,0,0,USA,0,0,1955,1992,38.0,151.0,151,1.0,1973.5,0,0,0,0,0,1,1,1,0,0,0,0,0,0,0,0,0,0,0,1,1.605,2002,35.92857142857143,1994,USA1955
2322,111,Carroll et al. (1994),1.558,1.986,0,,,,,,,,,,,,0,0,0,0,0,0,0,0,0,1,0,motor vehicles,1,0,0,0,1,0,0,0,0,0,0,USA,0,0,1955,1992,38.0,151.0,151,1.0,1973.5,0,0,0,0,0,1,1,1,1,0,0,0,1,0,0,0,0,0,0,1,1.605,2002,35.92857142857143,1994,USA1955
2323,111,Carroll et al. (1994),0.584,0.195,0,,,,,,,,,,,,0,0,0,0,0,0,0,0,0,1,0,goods excluding motor vehicles,1,0,0,0,1,0,0,0,0,0,0,USA,0,0,1955,1992,38.0,151.0,151,1.0,1973.5,0,0,0,0,0,1,1,1,0,0,0,0,0,0,0,0,0,0,0,1,1.605,2002,35.92857142857143,1994,USA1955
2324,111,Carroll et al. (1994),0.452,0.16,0,,,,,,,,,,,,0,0,0,0,0,0,0,0,0,1,0,goods excluding motor vehicles,1,0,0,0,1,0,0,0,0,0,0,USA,0,0,1955,1992,38.0,151.0,151,1.0,1973.5,0,0,0,0,0,1,1,1,1,0,0,0,1,0,0,0,0,0,0,1,1.605,2002,35.92857142857143,1994,USA1955
2325,111,Carroll et al. (1994),0.276,0.126,0,,,,,,,,,,,,0,0,0,0,0,0,0,0,0,0,0,services,1,0,0,0,1,0,0,0,0,0,0,USA,0,0,1955,1992,38.0,151.0,151,1.0,1973.5,0,0,0,0,0,1,1,1,0,0,0,0,0,0,0,0,0,0,0,1,1.605,2002,35.92857142857143,1994,USA1955
2326,111,Carroll et al. (1994),0.566,0.104,0,,,,,,,,,,,,0,0,0,0,0,0,0,0,0,0,0,services,1,0,0,0,1,0,0,0,0,0,0,USA,0,0,1955,1992,38.0,151.0,151,1.0,1973.5,0,0,0,0,0,1,1,1,1,0,0,0,1,0,0,0,0,0,0,1,1.605,2002,35.92857142857143,1994,USA1955
2327,112,Vahid and Engle (1993),0.509,0.14170378619153676,0,,,,,,,,,,,,0,0,0,0,0,0,0,0,0,1,0,,0,0,0,0,0,0,0,0,0,0,0,USA,0,0,1953,1984,32.0,127.0,127,1.0,1968.5,0,0,0,0,0,1,1,1,0,0,0,1,0,0,0,0,0,0,0,0,1.0,1993,22.26086956521739,1993,USA1953
2328,112,Vahid and Engle (1993),0.465,0.201473136915078,0,,,,,,,,,,,,0,0,0,0,0,0,0,0,0,1,0,,0,0,0,0,1,0,0,0,0,0,0,USA,0,0,1953,1984,32.0,127.0,127,1.0,1968.5,0,0,0,0,0,1,1,1,0,0,0,1,0,0,0,0,0,0,0,0,1.0,1993,22.26086956521739,1993,USA1953
2329,113,Evans and Karras (1998),0.25,0.174,0,,,,,,,,,,,,0,0,1,0,0,0,1,0,0,1,0,,0,0,1,0,1,0,0,0,0,0,0,66 countries + USSR,1,0,1970,1989,30.0,30.0,1980,66.0,1979.5,0,0,0,1,0,1,0,1,0,0,0,1,1,0,1,0,0,0,0,0,0.305,1998,1.2777777777777777,1998,66 countries + USSR1970
2330,113,Evans and Karras (1998),0.271,0.131,0,,,,,,,,,,,,0,0,1,0,0,0,1,0,0,1,0,,0,0,1,0,1,0,0,0,0,0,0,66 countries + USSR,1,0,1970,1989,30.0,30.0,1980,66.0,1979.5,0,0,0,1,0,1,0,1,0,0,0,1,1,0,1,0,0,0,0,0,0.305,1998,1.2777777777777777,1998,66 countries + USSR1970
2331,113,Evans and Karras (1998),0.64,0.185,0,,,,,,,,,,,,0,0,1,0,0,0,1,0,0,1,0,,0,0,1,0,1,0,0,1,0,0,0,66 countries + USSR,1,0,1970,1989,30.0,30.0,1980,66.0,1979.5,0,0,0,1,0,1,0,1,0,0,0,1,1,0,1,0,0,0,0,0,0.305,1998,1.2777777777777777,1998,66 countries + USSR1970
2332,113,Evans and Karras (1998),0.866,0.216,0,,,,,,,,,,,,0,0,1,0,0,0,1,0,0,1,0,,0,0,1,0,1,0,0,1,0,0,0,66 countries + USSR,1,0,1970,1989,30.0,30.0,1980,66.0,1979.5,0,0,0,1,0,1,0,1,0,0,0,1,1,0,1,0,0,0,0,0,0.305,1998,1.2777777777777777,1998,66 countries + USSR1970
2333,113,Evans and Karras (1998),0.261,0.135,0,,,,,,,,,,,,0,0,1,0,0,0,1,0,0,1,0,,0,0,1,0,1,0,0,0,0,0,0,66 countries + USSR,1,0,1970,1989,30.0,30.0,1980,66.0,1979.5,0,0,0,1,0,1,0,1,0,0,0,1,1,0,1,0,0,0,0,0,0.305,1998,1.2777777777777777,1998,66 countries + USSR1970
2334,113,Evans and Karras (1998),0.236,0.153,0,,,,,,,,,,,,0,0,1,0,0,0,1,0,0,1,0,,0,0,1,0,1,0,0,0,0,0,0,66 countries + USSR,1,0,1970,1989,30.0,30.0,1980,66.0,1979.5,0,0,0,1,0,1,0,1,0,0,0,1,1,0,1,0,0,0,0,0,0.305,1998,1.2777777777777777,1998,66 countries + USSR1970
2335,113,Evans and Karras (1998),0.844,0.404,0,,,,,,,,,,,,0,0,1,0,0,0,0,0,0,1,0,,0,0,1,0,1,0,0,1,0,0,0,66 countries + USSR,1,0,1970,1989,30.0,30.0,1980,66.0,1979.5,0,0,0,1,0,1,0,1,0,0,0,1,1,0,1,0,0,0,0,0,0.305,1998,1.2777777777777777,1998,66 countries + USSR1970
2336,114,Byrne and Davis (2003),0.322,0.05551724137931035,0,,,,,,,,,,,,0,0,0,0,0,0,0,0,1,1,0,,0,0,0,0,1,1,0,0,0,0,0,USA,0,0,1972,1998,37.0,147.0,147,1.0,1985.0,0,0,0,0,0,0,0,0,0,0,0,0,0,0,0,0,0,0,0,0,0.379,2001,4.6,2003,USA1972
2337,114,Byrne and Davis (2003),0.264,0.048,0,,,,,,,,,,,,0,0,0,0,0,0,0,0,0,1,0,,0,0,0,0,1,1,0,0,0,0,0,UK,0,0,1972,1998,37.0,147.0,147,1.0,1985.0,0,0,0,0,0,0,0,0,0,0,0,0,0,0,0,0,0,0,0,0,0.379,2001,4.6,2003,UK1972
2338,114,Byrne and Davis (2003),0.7150000000000001,0.0838431625135706,0,,,,,,,,,,,,0,0,0,0,0,0,0,0,0,1,0,,0,0,0,0,1,1,1,0,0,0,0,UK,0,0,1972,1998,37.0,147.0,147,1.0,1985.0,0,0,0,0,0,0,0,0,0,0,0,0,0,0,0,0,0,0,0,0,0.379,2001,4.6,2003,UK1972
2339,114,Byrne and Davis (2003),0.838,0.037918552036199094,0,,,,,,,,,,,,0,0,0,0,0,0,0,0,0,1,0,,0,0,0,0,1,1,0,0,0,0,0,Germany,0,0,1972,1998,37.0,147.0,147,1.0,1985.0,0,0,0,0,0,0,0,0,0,0,0,0,0,0,0,0,0,0,0,0,0.379,2001,4.6,2003,Germany1972
2340,114,Byrne and Davis (2003),0.14,0.06363636363636364,0,,,,,,,,,,,,0,0,0,0,0,0,0,0,1,1,0,,0,0,0,0,1,1,0,0,0,0,0,Italy,0,0,1972,1998,37.0,147.0,147,1.0,1985.0,0,0,0,0,0,0,0,0,0,0,0,0,0,0,0,0,0,0,0,0,0.379,2001,4.6,2003,Italy1972
2341,114,Byrne and Davis (2003),0.459,0.1390909090909091,0,,,,,,,,,,,,0,0,0,0,0,0,0,0,0,1,0,,0,0,0,0,1,1,0,0,0,0,0,Canada,0,0,1972,1998,37.0,147.0,147,1.0,1985.0,0,0,0,0,0,0,0,0,0,0,0,0,0,0,0,0,0,0,0,0,0.379,2001,4.6,2003,Canada1972
2342,114,Byrne and Davis (2003),0.224,0.043076923076923075,0,,,,,,,,,,,,0,0,0,0,0,0,0,0,1,1,0,,0,0,0,0,1,1,0,0,0,0,0,Japan,0,0,1972,1998,37.0,147.0,147,1.0,1985.0,0,0,0,0,0,0,0,0,0,0,0,0,0,0,0,0,0,0,0,0,0.379,2001,4.6,2003,Japan1972
2343,114,Byrne and Davis (2003),0.367,0.0655357142857143,0,,,,,,,,,,,,0,0,0,0,0,0,0,0,1,1,0,,0,0,0,0,1,1,0,0,0,0,0,USA,0,0,1972,1992,31.0,123.0,123,1.0,1982.0,0,0,0,0,0,0,0,0,0,0,0,0,0,0,0,0,0,0,0,0,0.379,2001,4.6,2003,USA1972
2344,115,Joon-Ho (1999),0.8217,0.1180603448275862,0,,,,,,,,,,,,0,0,0,0,0,0,0,0,0,1,0,,0,0,0,1,1,0,0,0,0,0,0,OECD,1,0,1960,1987,28.0,1.0,22,22.0,1973.5,0,1,0,1,0,0,0,0,0,0,0,0,0,0,0,0,0,0,0,0,0.069,1999,0.8823529411764706,1999,OECD1960
2345,115,Joon-Ho (1999),0.9849,0.21226293103448277,0,,,,,,,,,,,,0,0,0,0,0,0,0,0,0,1,0,,0,0,0,1,1,0,0,0,0,0,0,OECD,1,0,1960,1987,28.0,1.0,22,22.0,1973.5,0,1,0,1,0,0,0,0,0,0,0,0,0,0,0,0,0,0,0,0,0.069,1999,0.8823529411764706,1999,OECD1960
2346,115,Joon-Ho (1999),0.6627,0.13692148760330577,0,,,,,,,,,,,,0,0,0,0,0,0,0,0,0,1,0,,0,0,0,1,1,0,0,0,0,0,0,OECD,1,0,1960,1987,28.0,1.0,22,22.0,1973.5,0,1,0,1,0,0,0,0,0,0,0,0,0,0,0,1,0,0,0,0,0.069,1999,0.8823529411764706,1999,OECD1960
2347,115,Joon-Ho (1999),0.8823,0.18974193548387094,0,,,,,,,,,,,,0,0,0,0,0,0,0,0,0,1,0,,0,0,0,1,1,0,0,0,0,0,0,OECD,1,0,1960,1987,28.0,1.0,22,22.0,1973.5,0,1,0,1,0,0,0,0,0,0,0,0,0,0,0,1,0,0,0,0,0.069,1999,0.8823529411764706,1999,OECD1960
2348,115,Joon-Ho (1999),0.7326,0.12129139072847682,0,,,,,,,,,,,,0,0,0,0,0,0,0,0,0,1,0,,0,0,0,1,1,0,0,0,0,0,0,OECD,1,0,1960,1987,28.0,1.0,22,22.0,1973.5,0,1,0,1,0,0,0,0,0,0,0,0,0,0,0,1,0,0,0,0,0.069,1999,0.8823529411764706,1999,OECD1960
2349,115,Joon-Ho (1999),0.9363,0.19628930817610066,0,,,,,,,,,,,,0,0,0,0,0,0,0,0,0,1,0,,0,0,0,1,1,0,0,0,0,0,0,OECD,1,0,1960,1987,28.0,1.0,22,22.0,1973.5,0,1,0,1,0,0,0,0,0,0,0,0,0,0,0,1,0,0,0,0,0.069,1999,0.8823529411764706,1999,OECD1960
2350,115,Joon-Ho (1999),0.7353,0.1235798319327731,0,,,,,,,,,,,,0,0,0,0,0,0,0,0,0,1,0,,0,0,0,1,1,0,0,0,0,0,0,OECD,1,0,1960,1987,28.0,1.0,22,22.0,1973.5,0,1,0,1,0,0,0,0,0,0,0,0,0,0,0,1,0,0,0,0,0.069,1999,0.8823529411764706,1999,OECD1960
2351,115,Joon-Ho (1999),0.9426,0.19802521008403362,0,,,,,,,,,,,,0,0,0,0,0,0,0,0,0,1,0,,0,0,0,1,1,0,0,0,0,0,0,OECD,1,0,1960,1987,28.0,1.0,22,22.0,1973.5,0,1,0,1,0,0,0,0,0,0,0,0,0,0,0,1,0,0,0,0,0.069,1999,0.8823529411764706,1999,OECD1960
2352,115,Joon-Ho (1999),0.7578,0.1222258064516129,0,,,,,,,,,,,,0,0,0,0,0,0,0,0,0,1,0,,0,0,0,1,1,0,0,0,0,0,0,OECD,1,0,1960,1987,28.0,1.0,22,22.0,1973.5,0,1,0,1,0,0,0,0,0,0,0,0,0,0,0,1,0,0,0,0,0.069,1999,0.8823529411764706,1999,OECD1960
2353,115,Joon-Ho (1999),0.9188,0.19887445887445887,0,,,,,,,,,,,,0,0,0,0,0,0,0,0,0,1,0,,0,0,0,1,1,0,0,0,0,0,0,OECD,1,0,1960,1987,28.0,1.0,22,22.0,1973.5,0,1,0,1,0,0,0,0,0,0,0,0,0,0,0,1,0,0,0,0,0.069,1999,0.8823529411764706,1999,OECD1960
2354,116,Pozzi et al. (2004),0.35,0.10802469135802467,0,,,,,,,,,,,,0,0,1,0,0,0,0,0,0,1,0,,0,0,0,1,1,0,0,0,0,0,0,OECD,1,0,1990,1999,10.0,10.0,150,15.0,1994.5,0,1,0,0,0,0,0,0,0,0,0,0,0,0,0,0,0,0,0,0,0.305,2004,1.1666666666666667,2004,OECD1990
2355,116,Pozzi et al. (2004),0.24,0.10212765957446808,0,,,,,,,,,,,,0,0,1,0,0,0,0,0,0,1,0,,0,0,0,1,1,0,0,1,0,0,0,OECD,1,0,1990,1999,10.0,10.0,150,15.0,1994.5,0,1,0,0,0,0,0,0,0,0,0,0,0,0,0,0,0,0,0,0,0.305,2004,1.1666666666666667,2004,OECD1990
2356,116,Pozzi et al. (2004),0.34,0.15962441314553993,0,,,,,,,,,,,,0,0,1,0,0,0,0,0,0,1,0,,0,0,0,1,1,0,0,1,0,0,0,OECD,1,0,1990,1999,10.0,10.0,150,15.0,1994.5,0,1,0,0,0,0,0,0,0,0,0,0,0,0,0,0,0,0,0,0,0.305,2004,1.1666666666666667,2004,OECD1990
2357,116,Pozzi et al. (2004),0.29,0.18012422360248445,0,,,,,,,,,,,,0,0,1,0,0,0,0,0,0,1,0,,0,0,0,1,1,0,0,1,0,0,0,OECD,1,0,1990,1999,10.0,10.0,150,15.0,1994.5,0,1,0,0,0,0,0,0,0,0,0,0,0,0,0,0,0,0,0,0,0.305,2004,1.1666666666666667,2004,OECD1990
2358,116,Pozzi et al. (2004),0.35,0.0330188679245283,0,,,,,,,,,,,,0,0,1,0,0,0,0,0,0,1,0,,0,0,0,0,1,0,0,0,0,0,0,OECD,1,0,1990,1999,10.0,10.0,150,15.0,1994.5,0,0,0,0,1,0,1,1,0,0,0,0,0,0,0,0,0,0,0,0,0.305,2004,1.1666666666666667,2004,OECD1990
2359,116,Pozzi et al. (2004),0.23,0.04283054003724395,0,,,,,,,,,,,,0,0,1,0,0,0,0,0,0,1,0,,0,0,0,0,1,0,0,1,0,0,0,OECD,1,0,1990,1999,10.0,10.0,150,15.0,1994.5,0,0,0,0,1,0,1,1,0,0,0,0,1,0,0,0,0,0,0,0,0.305,2004,1.1666666666666667,2004,OECD1990
2360,116,Pozzi et al. (2004),0.4,0.12903225806451613,0,,,,,,,,,,,,0,0,1,0,0,0,0,0,0,1,0,,0,0,0,0,1,0,0,1,0,0,0,OECD,1,0,1990,1999,10.0,10.0,150,15.0,1994.5,0,0,0,0,1,0,1,1,0,0,0,0,1,0,0,0,0,0,0,0,0.305,2004,1.1666666666666667,2004,OECD1990
2361,116,Pozzi et al. (2004),0.3,0.11857707509881424,0,,,,,,,,,,,,0,0,1,0,0,0,0,0,0,1,0,,0,0,0,0,1,0,0,1,0,0,0,OECD,1,0,1990,1999,10.0,10.0,150,15.0,1994.5,0,0,0,0,1,0,1,1,0,0,0,0,1,0,0,0,0,0,0,0,0.305,2004,1.1666666666666667,2004,OECD1990
2362,116,Pozzi et al. (2004),0.3,0.09090909090909091,0,,,,,,,,,,,,0,0,1,0,0,0,0,0,0,1,0,,0,0,0,1,1,0,0,0,0,0,0,OECD,1,0,1990,1999,10.0,10.0,189,19.0,1994.5,0,1,0,0,0,0,0,0,0,0,0,0,0,0,0,0,0,0,0,0,0.305,2004,1.1666666666666667,2004,OECD1990
2363,116,Pozzi et al. (2004),0.06,0.1875,0,,,,,,,,,,,,0,0,1,0,0,0,0,0,0,1,0,,0,0,0,1,1,0,0,1,0,0,0,OECD,1,0,1990,1999,10.0,10.0,189,19.0,1994.5,0,1,0,0,0,0,0,0,0,0,0,0,0,0,0,0,0,0,0,0,0.305,2004,1.1666666666666667,2004,OECD1990
2364,116,Pozzi et al. (2004),0.24,0.12060301507537688,0,,,,,,,,,,,,0,0,1,0,0,0,0,0,0,1,0,,0,0,0,1,1,0,0,1,0,0,0,OECD,1,0,1990,1999,10.0,10.0,189,19.0,1994.5,0,1,0,0,0,0,0,0,0,0,0,0,0,0,0,0,0,0,0,0,0.305,2004,1.1666666666666667,2004,OECD1990
2365,116,Pozzi et al. (2004),0.15,0.25862068965517243,0,,,,,,,,,,,,0,0,1,0,0,0,0,0,0,1,0,,0,0,0,1,1,0,0,1,0,0,0,OECD,1,0,1990,1999,10.0,10.0,189,19.0,1994.5,0,1,0,0,0,0,0,0,0,0,0,0,0,0,0,0,0,0,0,0,0.305,2004,1.1666666666666667,2004,OECD1990
2366,116,Pozzi et al. (2004),0.28,0.02580645161290323,0,,,,,,,,,,,,0,0,1,0,0,0,0,0,0,1,0,,0,0,0,0,1,0,0,0,0,0,0,OECD,1,0,1990,1999,10.0,10.0,189,19.0,1994.5,0,0,0,0,0,1,1,1,0,0,0,0,0,0,0,0,0,0,0,0,0.305,2004,1.1666666666666667,2004,OECD1990
2367,116,Pozzi et al. (2004),0.09,0.0818181818181818,0,,,,,,,,,,,,0,0,1,0,0,0,0,0,0,1,0,,0,0,0,0,1,0,0,1,0,0,0,OECD,1,0,1990,1999,10.0,10.0,189,19.0,1994.5,0,0,0,0,0,1,1,1,0,0,0,0,1,0,0,0,0,0,0,0,0.305,2004,1.1666666666666667,2004,OECD1990
2368,116,Pozzi et al. (2004),0.3,0.07109004739336493,0,,,,,,,,,,,,0,0,1,0,0,0,0,0,0,1,0,,0,0,0,0,1,0,0,1,0,0,0,OECD,1,0,1990,1999,10.0,10.0,189,19.0,1994.5,0,0,0,0,0,1,1,1,0,0,0,0,1,0,0,0,0,0,0,0,0.305,2004,1.1666666666666667,2004,OECD1990
2369,116,Pozzi et al. (2004),0.23,0.10849056603773585,0,,,,,,,,,,,,0,0,1,0,0,0,0,0,0,1,0,,0,0,0,0,1,0,0,1,0,0,0,OECD,1,0,1990,1999,10.0,10.0,189,19.0,1994.5,0,0,0,0,0,1,1,1,0,0,0,0,1,0,0,0,0,0,0,0,0.305,2004,1.1666666666666667,2004,OECD1990
2370,116,Pozzi et al. (2004),-0.21,0.375,0,,,,,,,,,,,,0,0,1,0,0,0,0,0,0,1,0,,0,0,0,1,1,0,0,1,0,0,0,OECD,1,0,1990,1999,10.0,10.0,150,15.0,1994.5,0,1,0,0,0,0,0,0,0,0,0,0,0,0,0,0,0,0,0,0,0.305,2004,1.1666666666666667,2004,OECD1990
2371,116,Pozzi et al. (2004),0.36,0.21176470588235294,0,,,,,,,,,,,,0,0,1,0,0,0,0,0,0,1,0,,0,0,0,1,1,0,0,1,0,0,0,OECD,1,0,1990,1999,10.0,10.0,150,15.0,1994.5,0,1,0,0,0,0,0,0,0,0,0,0,0,0,0,0,0,0,0,0,0.305,2004,1.1666666666666667,2004,OECD1990
2372,116,Pozzi et al. (2004),0.2,0.15151515151515152,0,,,,,,,,,,,,0,0,1,0,0,0,0,0,0,1,0,,0,0,0,1,1,0,0,1,0,0,0,OECD,1,0,1990,1999,10.0,10.0,150,15.0,1994.5,0,1,0,0,0,0,0,0,0,0,0,0,0,0,0,0,0,0,0,0,0.305,2004,1.1666666666666667,2004,OECD1990
2373,116,Pozzi et al. (2004),-0.36,0.342857142857143,0,,,,,,,,,,,,0,0,1,0,0,0,0,0,0,1,0,,0,0,0,0,1,0,0,1,0,0,0,OECD,1,0,1990,1999,10.0,10.0,150,15.0,1994.5,0,0,0,0,0,1,1,1,0,0,0,0,1,0,0,0,0,0,0,0,0.305,2004,1.1666666666666667,2004,OECD1990
2374,116,Pozzi et al. (2004),0.57,0.30481283422459887,0,,,,,,,,,,,,0,0,1,0,0,0,0,0,0,1,0,,0,0,0,0,1,0,0,1,0,0,0,OECD,1,0,1990,1999,10.0,10.0,150,15.0,1994.5,0,0,0,0,0,1,1,1,0,0,0,0,1,0,0,0,0,0,0,0,0.305,2004,1.1666666666666667,2004,OECD1990
2375,116,Pozzi et al. (2004),0.15,0.12,0,,,,,,,,,,,,0,0,1,0,0,0,0,0,0,1,0,,0,0,0,0,1,0,0,1,0,0,0,OECD,1,0,1990,1999,10.0,10.0,150,15.0,1994.5,0,0,0,0,0,1,1,1,0,0,0,0,1,0,0,0,0,0,0,0,0.305,2004,1.1666666666666667,2004,OECD1990
2376,116,Pozzi et al. (2004),0.31,0.13963963963963963,0,,,,,,,,,,,,0,0,1,0,0,0,0,0,0,1,0,,0,0,0,1,1,0,0,1,0,0,0,OECD,1,0,1990,1999,10.0,10.0,150,15.0,1994.5,0,1,0,0,0,0,0,0,0,0,0,0,0,0,0,0,0,0,0,0,0.305,2004,1.1666666666666667,2004,OECD1990
2377,116,Pozzi et al. (2004),0.02,0.19999999999999998,0,,,,,,,,,,,,0,0,1,0,0,0,0,0,0,1,0,,0,0,0,1,1,0,0,1,0,0,0,OECD,1,0,1990,1999,10.0,10.0,150,15.0,1994.5,0,1,0,0,0,0,0,0,0,0,0,0,0,0,0,0,0,0,0,0,0.305,2004,1.1666666666666667,2004,OECD1990
2378,116,Pozzi et al. (2004),-0.05,0.217391304347826,0,,,,,,,,,,,,0,0,1,0,0,0,0,0,0,1,0,,0,0,0,1,1,0,0,1,0,0,0,OECD,1,0,1990,1999,10.0,10.0,189,19.0,1994.5,0,1,0,0,0,0,0,0,0,0,0,0,0,0,0,0,0,0,0,0,0.305,2004,1.1666666666666667,2004,OECD1990
2379,116,Pozzi et al. (2004),0.43,0.25,0,,,,,,,,,,,,0,0,1,0,0,0,0,0,0,1,0,,0,0,0,0,1,0,0,1,0,0,0,OECD,1,0,1990,1999,10.0,10.0,150,15.0,1994.5,0,0,0,0,0,1,1,1,0,0,0,0,1,0,0,0,0,0,0,0,0.305,2004,1.1666666666666667,2004,OECD1990
2380,116,Pozzi et al. (2004),0.63,0.5338983050847458,0,,,,,,,,,,,,0,0,1,0,0,0,0,0,0,1,0,,0,0,0,0,1,0,0,1,0,0,0,OECD,1,0,1990,1999,10.0,10.0,150,15.0,1994.5,0,0,0,0,0,1,1,1,0,0,0,0,1,0,0,0,0,0,0,0,0.305,2004,1.1666666666666667,2004,OECD1990
2381,116,Pozzi et al. (2004),0.03,0.21428571428571425,0,,,,,,,,,,,,0,0,1,0,0,0,0,0,0,1,0,,0,0,0,0,1,0,0,1,0,0,0,OECD,1,0,1990,1999,10.0,10.0,189,19.0,1994.5,0,0,0,0,0,1,1,1,0,0,0,0,1,0,0,0,0,0,0,0,0.305,2004,1.1666666666666667,2004,OECD1990
2382,116,Pozzi et al. (2004),0.65,0.25193798449612403,0,,,,,,,,,,,,0,0,1,0,0,0,0,0,0,1,0,,0,0,0,1,1,0,0,0,1,0,0,OECD,1,0,1990,1999,10.0,10.0,150,15.0,1994.5,0,1,0,0,0,0,0,0,0,0,0,0,0,0,0,0,0,0,0,0,0.305,2004,1.1666666666666667,2004,OECD1990
2383,116,Pozzi et al. (2004),0.64,0.28193832599118945,0,,,,,,,,,,,,0,0,1,0,0,0,0,0,0,1,0,,0,0,0,1,1,0,0,1,1,0,0,OECD,1,0,1990,1999,10.0,10.0,150,15.0,1994.5,0,1,0,0,0,0,0,0,0,0,0,0,0,0,0,0,0,0,0,0,0.305,2004,1.1666666666666667,2004,OECD1990
2384,116,Pozzi et al. (2004),0.24,0.10666666666666666,0,,,,,,,,,,,,0,0,1,0,0,0,0,0,0,1,0,,0,0,0,1,1,0,0,0,0,0,1,OECD,1,0,1990,1999,10.0,10.0,150,15.0,1994.5,0,1,0,0,0,0,0,0,0,0,0,0,0,0,0,0,0,0,0,0,0.305,2004,1.1666666666666667,2004,OECD1990
2385,116,Pozzi et al. (2004),0.12,0.16666666666666666,0,,,,,,,,,,,,0,0,1,0,0,0,0,0,0,1,0,,0,0,0,1,1,0,0,1,0,0,1,OECD,1,0,1990,1999,10.0,10.0,150,15.0,1994.5,0,1,0,0,0,0,0,0,0,0,0,0,0,0,0,0,0,0,0,0,0.305,2004,1.1666666666666667,2004,OECD1990
2386,116,Pozzi et al. (2004),0.65,0.09558823529411765,0,,,,,,,,,,,,0,0,1,0,0,0,0,0,0,1,0,,0,0,0,0,1,0,0,0,1,0,0,OECD,1,0,1990,1999,10.0,10.0,150,15.0,1994.5,0,0,0,0,0,1,1,1,0,0,0,0,0,0,0,0,0,0,0,0,0.305,2004,1.1666666666666667,2004,OECD1990
2387,116,Pozzi et al. (2004),1.06,0.22037422037422041,0,,,,,,,,,,,,0,0,1,0,0,0,0,0,0,1,0,,0,0,0,0,1,0,0,1,1,0,0,OECD,1,0,1990,1999,10.0,10.0,150,15.0,1994.5,0,0,0,0,0,1,1,1,0,0,0,0,1,0,0,0,0,0,0,0,0.305,2004,1.1666666666666667,2004,OECD1990
2388,116,Pozzi et al. (2004),0.24,0.06486486486486485,0,,,,,,,,,,,,0,0,1,0,0,0,0,0,0,1,0,,0,0,0,0,1,0,0,0,0,0,1,OECD,1,0,1990,1999,10.0,10.0,150,15.0,1994.5,0,0,0,0,0,1,1,1,0,0,0,0,0,0,0,0,0,0,0,0,0.305,2004,1.1666666666666667,2004,OECD1990
2389,116,Pozzi et al. (2004),0.22,0.13333333333333333,0,,,,,,,,,,,,0,0,1,0,0,0,0,0,0,1,0,,0,0,0,0,1,0,0,1,0,0,1,OECD,1,0,1990,1999,10.0,10.0,150,15.0,1994.5,0,0,0,0,0,1,1,1,0,0,0,0,1,0,0,0,0,0,0,0,0.305,2004,1.1666666666666667,2004,OECD1990
2390,117,Graham (1993),0.323,0.144,0,,,,,,,,,,,,0,0,0,0,0,0,1,0,0,0,0,,0,0,1,0,0,0,0,0,0,0,0,USA,0,0,1948,1981,34.0,136.0,136,1.0,1964.5,0,0,0,0,0,0,1,0,0,0,0,0,1,0,1,0,0,0,0,1,1.605,1993,4.260869565217392,1993,USA1948
2391,117,Graham (1993),0.458,0.12,0,,,,,,,,,,,,0,0,0,0,0,0,1,0,0,0,0,,0,0,1,0,0,0,0,0,0,0,0,USA,0,0,1953,1981,29.0,116.0,116,1.0,1967.0,0,0,0,0,0,0,1,0,0,0,0,0,1,0,1,0,0,0,0,1,1.605,1993,4.260869565217392,1993,USA1953
2392,117,Graham (1993),0.327,0.117,0,,,,,,,,,,,,0,0,0,0,0,0,1,0,0,0,0,,0,0,1,0,0,0,0,0,0,0,0,USA,0,0,1969,1990,22.0,88.0,88,1.0,1979.5,0,0,0,0,1,0,1,0,0,0,0,0,1,0,1,0,0,0,0,1,1.605,1993,4.260869565217392,1993,USA1969
2393,117,Graham (1993),0.328,0.089,0,,,,,,,,,,,,0,0,0,0,0,0,1,0,0,0,0,,0,0,1,0,0,0,0,0,0,0,0,USA,0,0,1948,1981,34.0,136.0,136,1.0,1964.5,0,0,0,0,1,0,1,0,0,0,0,0,1,0,1,0,0,0,0,1,1.605,1993,4.260869565217392,1993,USA1948
2394,117,Graham (1993),0.365,0.084,0,,,,,,,,,,,,0,0,0,0,0,0,1,0,0,0,0,,0,0,1,0,0,0,0,0,0,0,0,USA,0,0,1953,1981,29.0,116.0,116,1.0,1967.0,0,0,0,0,0,0,1,0,0,0,0,0,1,0,1,0,0,0,0,1,1.605,1993,4.260869565217392,1993,USA1953
2395,117,Graham (1993),0.299,0.09,0,,,,,,,,,,,,0,0,0,0,0,0,1,0,0,0,0,,0,0,1,0,0,0,0,0,0,0,0,USA,0,0,1969,1990,22.0,88.0,88,1.0,1979.5,0,0,0,0,0,0,1,0,0,0,0,0,1,0,1,0,0,0,0,1,1.605,1993,4.260869565217392,1993,USA1969
2396,118,Aschauer(1993),0.279,0.117,0,,,,,,,,,,,,0,0,0,0,0,0,1,0,0,0,0,,0,0,1,0,0,0,0,0,0,0,0,USA,0,0,1948,1981,34.0,135.0,135,1.0,1964.5,0,0,0,0,0,1,1,0,0,0,0,0,1,0,1,0,0,0,0,1,1.605,1993,1.2173913043478262,1993,USA1948
2397,118,Aschauer(1993),0.112,0.034,0,,,,,,,,,,,,0,0,0,0,0,0,1,0,0,0,0,,0,0,1,0,0,0,0,0,0,0,0,USA,0,0,1948,1981,34.0,135.0,135,1.0,1964.5,0,0,0,0,0,1,1,0,0,0,0,0,1,0,1,0,0,0,0,1,1.605,1993,1.2173913043478262,1993,USA1948
2398,118,Aschauer(1993),0.292,0.116,0,,,,,,,,,,,,0,0,0,0,0,0,1,0,0,0,0,,0,0,1,0,0,0,0,0,0,0,0,USA,0,0,1948,1981,34.0,135.0,135,1.0,1964.5,0,0,0,0,0,1,1,0,0,0,0,0,1,0,1,0,0,0,0,1,1.605,1993,1.2173913043478262,1993,USA1948
2399,118,Aschauer(1993),0.272,0.009,0,,,,,,,,,,,,0,0,0,0,0,0,1,0,0,0,0,,0,0,1,0,0,0,0,0,0,0,0,USA,0,0,1948,1990,43.0,171.0,171,1.0,1969.0,0,0,0,0,0,1,1,0,0,0,0,0,1,0,1,0,0,0,0,1,1.605,1993,1.2173913043478262,1993,USA1948
2400,118,Aschauer(1993),0.153,0.034,0,,,,,,,,,,,,0,0,0,0,0,0,1,0,0,0,0,,0,0,1,0,0,0,0,0,0,0,0,USA,0,0,1948,1990,43.0,171.0,171,1.0,1969.0,0,0,0,0,0,1,1,0,0,0,0,0,1,0,1,0,0,0,0,1,1.605,1993,1.2173913043478262,1993,USA1948
2401,118,Aschauer(1993),0.262,0.098,0,,,,,,,,,,,,0,0,0,0,0,0,1,0,0,0,0,,0,0,1,0,0,0,0,0,0,0,0,USA,0,0,1948,1990,43.0,171.0,171,1.0,1969.0,0,0,0,0,0,1,1,0,0,0,0,0,1,0,1,0,0,0,0,1,1.605,1993,1.2173913043478262,1993,USA1948
2402,119,Tarin (2003),0.117,0.0165,0,,,,,,,,,,,,1,1,1,1,7,0,0,0,0,0,0,,0,0,0,0,1,0,0,0,0,1,0,Spain,0,0,1985,1993,9.0,36.0,288,8.0,1989.0,0,0,1,0,0,0,0,0,0,0,0,0,0,0,0,0,0,0,0,0,0.078,2003,1.0,2003,Spain1985
2403,119,Tarin (2003),-0.0244,0.0168,0,,,,,,,,,,,,1,1,1,1,7,0,0,0,0,0,0,,0,0,0,0,1,0,0,1,0,0,0,Spain,0,0,1985,1993,9.0,36.0,288,8.0,1989.0,0,0,1,0,0,0,0,0,0,0,0,0,0,0,0,0,0,0,0,0,0.078,2003,1.0,2003,Spain1985
2404,119,Tarin (2003),0.2183,0.0703,0,,,,,,,,,,,,1,1,1,1,11,0,0,1,0,0,0,,0,0,0,0,1,0,0,0,0,1,0,Spain,0,0,1985,1993,9.0,36.0,288,8.0,1989.0,0,0,1,0,0,0,0,0,0,0,0,0,0,0,0,0,0,0,0,0,0.078,2003,1.0,2003,Spain1985
2405,119,Tarin (2003),0.0186,0.0223,0,,,,,,,,,,,,1,1,1,1,11,0,0,1,0,0,0,,0,0,0,0,1,0,0,1,0,0,0,Spain,0,0,1985,1993,9.0,36.0,288,8.0,1989.0,0,0,1,0,0,0,0,0,0,0,0,0,0,0,0,0,0,0,0,0,0.078,2003,1.0,2003,Spain1985
2406,119,Tarin (2003),0.0364,0.0133,0,,,,,,,,,,,,1,1,1,1,7,0,0,0,0,0,0,,0,0,0,0,1,0,0,0,0,1,0,Spain,0,0,1985,1993,9.0,36.0,288,8.0,1989.0,0,0,1,0,0,0,0,0,0,0,0,0,0,0,0,0,0,0,0,0,0.078,2003,1.0,2003,Spain1985
2407,119,Tarin (2003),0.0005,0.0223,0,,,,,,,,,,,,1,1,1,1,7,0,0,0,0,0,0,,0,0,0,0,1,0,0,1,0,0,0,Spain,0,0,1985,1993,9.0,36.0,288,8.0,1989.0,0,0,1,0,0,0,0,0,0,0,0,0,0,0,0,0,0,0,0,0,0.078,2003,1.0,2003,Spain1985
2408,119,Tarin (2003),0.254,0.0633,0,,,,,,,,,,,,1,1,1,1,11,0,0,1,0,0,0,,0,0,0,0,1,0,0,0,0,1,0,Spain,0,0,1985,1993,9.0,36.0,288,8.0,1989.0,0,0,1,0,0,0,0,0,0,0,0,0,0,0,0,0,0,0,0,0,0.078,2003,1.0,2003,Spain1985
2409,119,Tarin (2003),-0.3182,0.2133,0,,,,,,,,,,,,1,1,1,1,11,0,0,1,0,0,0,,0,0,0,0,1,0,0,1,0,0,0,Spain,0,0,1985,1993,9.0,36.0,288,8.0,1989.0,0,0,1,0,0,0,0,0,0,0,0,0,0,0,0,0,0,0,0,0,0.078,2003,1.0,2003,Spain1985
2410,119,Tarin (2003),0.3524,0.0411,0,,,,,,,,,,,,1,1,1,1,7,0,0,0,0,0,0,,0,0,0,0,1,0,0,0,0,1,0,Spain,0,0,1985,1993,9.0,36.0,288,8.0,1989.0,0,0,1,0,0,0,0,0,0,0,0,0,0,0,0,0,0,0,0,0,0.078,2003,1.0,2003,Spain1985
2411,119,Tarin (2003),0.0246,0.0169,0,,,,,,,,,,,,1,1,1,1,7,0,0,0,0,0,0,,0,0,0,0,1,0,0,1,0,0,0,Spain,0,0,1985,1993,9.0,36.0,288,8.0,1989.0,0,0,1,0,0,0,0,0,0,0,0,0,0,0,0,0,0,0,0,0,0.078,2003,1.0,2003,Spain1985
2412,119,Tarin (2003),-0.3053,0.0614,0,,,,,,,,,,,,1,1,1,1,7,0,0,0,0,0,0,,0,0,0,0,1,0,0,0,0,1,0,Spain,0,0,1985,1993,9.0,36.0,288,8.0,1989.0,0,0,1,0,0,0,0,0,0,0,0,0,0,0,0,0,0,0,0,0,0.078,2003,1.0,2003,Spain1985
2413,119,Tarin (2003),0.0092,0.0192,0,,,,,,,,,,,,1,1,1,1,7,0,0,0,0,0,0,,0,0,0,0,1,0,0,1,0,0,0,Spain,0,0,1985,1993,9.0,36.0,288,8.0,1989.0,0,0,1,0,0,0,0,0,0,0,0,0,0,0,0,0,0,0,0,0,0.078,2003,1.0,2003,Spain1985
2414,119,Tarin (2003),0.3729,0.0574,0,,,,,,,,,,,,1,1,1,1,11,0,0,1,0,0,0,,0,0,0,0,1,0,0,0,0,1,0,Spain,0,0,1985,1993,9.0,36.0,288,8.0,1989.0,0,0,1,0,0,0,0,0,0,0,0,0,0,0,0,0,0,0,0,0,0.078,2003,1.0,2003,Spain1985
2415,119,Tarin (2003),0.0202,0.0549,0,,,,,,,,,,,,1,1,1,1,11,0,0,1,0,0,0,,0,0,0,0,1,0,0,1,0,0,0,Spain,0,0,1985,1993,9.0,36.0,288,8.0,1989.0,0,0,1,0,0,0,0,0,0,0,0,0,0,0,0,0,0,0,0,0,0.078,2003,1.0,2003,Spain1985
2416,119,Tarin (2003),-0.4663,0.1763,0,,,,,,,,,,,,1,1,1,1,11,0,0,1,0,0,0,,0,0,0,0,1,0,0,0,0,1,0,Spain,0,0,1985,1993,9.0,36.0,288,8.0,1989.0,0,0,1,0,0,0,0,0,0,0,0,0,0,0,0,0,0,0,0,0,0.078,2003,1.0,2003,Spain1985
2417,119,Tarin (2003),0.197,0.3668,0,,,,,,,,,,,,1,1,1,1,11,0,0,1,0,0,0,,0,0,0,0,1,0,0,1,0,0,0,Spain,0,0,1985,1993,9.0,36.0,288,8.0,1989.0,0,0,1,0,0,0,0,0,0,0,0,0,0,0,0,0,0,0,0,0,0.078,2003,1.0,2003,Spain1985
2418,119,Tarin (2003),0.3541,0.0641,0,,,,,,,,,,,,1,1,1,1,11,0,0,1,0,0,0,,0,0,0,0,1,0,0,0,0,1,0,Spain,0,0,1985,1993,9.0,36.0,288,8.0,1989.0,0,0,1,0,0,0,0,0,0,0,0,0,0,0,0,1,0,0,0,0,0.078,2003,1.0,2003,Spain1985
2419,119,Tarin (2003),0.0201,0.0326,0,,,,,,,,,,,,1,1,1,1,11,0,0,1,0,0,0,,0,0,0,0,1,0,0,1,0,0,0,Spain,0,0,1985,1993,9.0,36.0,288,8.0,1989.0,0,0,1,0,0,0,0,0,0,0,0,0,0,0,0,1,0,0,0,0,0.078,2003,1.0,2003,Spain1985
2420,119,Tarin (2003),-0.4472,0.1496,0,,,,,,,,,,,,1,1,1,1,11,0,0,1,0,0,0,,0,0,0,0,1,0,0,0,0,1,0,Spain,0,0,1985,1993,9.0,36.0,288,8.0,1989.0,0,0,1,0,0,0,0,0,0,0,0,0,0,0,0,1,0,0,0,0,0.078,2003,1.0,2003,Spain1985
2421,119,Tarin (2003),0.1523,0.335,0,,,,,,,,,,,,1,1,1,1,11,0,0,1,0,0,0,,0,0,0,0,1,0,0,1,0,0,0,Spain,0,0,1985,1993,9.0,36.0,288,8.0,1989.0,0,0,1,0,0,0,0,0,0,0,0,0,0,0,0,1,0,0,0,0,0.078,2003,1.0,2003,Spain1985
2422,119,Tarin (2003),-0.1852,0.0266,0,,,,,,,,,,,,1,1,1,1,11,0,0,1,1,0,0,,0,0,0,0,1,0,0,0,0,1,0,Spain,0,0,1985,1993,9.0,36.0,288,8.0,1989.0,0,0,1,0,0,0,0,0,0,0,0,0,0,0,0,0,0,0,0,0,0.078,2003,1.0,2003,Spain1985
2423,119,Tarin (2003),0.0043,0.0682,0,,,,,,,,,,,,1,1,1,1,11,0,0,1,1,0,0,,0,0,0,0,1,0,0,1,0,0,0,Spain,0,0,1985,1993,9.0,36.0,288,8.0,1989.0,0,0,1,0,0,0,0,0,0,0,0,0,0,0,0,0,0,0,0,0,0.078,2003,1.0,2003,Spain1985
2424,119,Tarin (2003),-0.3137,0.0723,0,,,,,,,,,,,,1,1,1,1,11,0,0,1,1,0,0,,0,0,0,0,1,0,0,0,0,1,0,Spain,0,0,1985,1993,9.0,36.0,288,8.0,1989.0,0,0,1,0,0,0,0,0,0,0,0,0,0,0,0,0,0,0,0,0,0.078,2003,1.0,2003,Spain1985
2425,119,Tarin (2003),-0.1455,0.09,0,,,,,,,,,,,,1,1,1,1,11,0,0,1,1,0,0,,0,0,0,0,1,0,0,1,0,0,0,Spain,0,0,1985,1993,9.0,36.0,288,8.0,1989.0,0,0,1,0,0,0,0,0,0,0,0,0,0,0,0,0,0,0,0,0,0.078,2003,1.0,2003,Spain1985
2426,120,Mankiw (1985),0.11,0.12,0,,,,,,,,,,,,1,0,0,0,0,0,0,0,0,0,0,,0,0,1,0,0,0,0,0,0,0,0,USA,1,0,1950,1981,32.0,32.0,32,1.0,1965.5,0,0,1,0,0,0,0,0,0,0,0,0,0,0,0,0,0,0,0,0,1.177,1983,6.090909090909091,1985,USA1950
2427,120,Mankiw (1985),0.11,0.12,0,,,,,,,,,,,,1,0,0,0,0,0,0,0,0,0,0,,0,0,1,0,0,0,0,0,0,0,0,USA,1,0,1950,1981,32.0,32.0,32,1.0,1965.5,0,0,1,0,0,0,0,0,0,0,0,0,0,0,0,0,0,0,0,0,1.177,1983,6.090909090909091,1985,USA1950
2428,120,Mankiw (1985),0.43,0.28,0,,,,,,,,,,,,1,0,0,0,0,0,0,0,0,0,0,,0,0,1,0,0,0,0,0,0,0,0,USA,1,0,1950,1981,32.0,32.0,32,1.0,1965.5,0,0,1,0,0,0,0,0,0,0,0,0,0,0,0,0,0,0,0,0,1.177,1983,6.090909090909091,1985,USA1950
2429,120,Mankiw (1985),0.44,0.3,0,,,,,,,,,,,,1,0,0,0,0,0,0,0,0,0,0,,0,0,1,0,0,0,0,0,0,0,0,USA,1,0,1950,1981,32.0,32.0,32,1.0,1965.5,0,0,1,0,0,0,0,0,0,0,0,0,0,0,0,0,0,0,0,0,1.177,1983,6.090909090909091,1985,USA1950
2430,121,Ludvigson and Michaelides (2001),0.16,0.03,0,,,,,,,,,,,,0,0,0,0,0,0,0,0,0,0,0,,0,0,0,1,1,0,0,0,0,0,0,USA,0,0,1947,1997,51.0,204.0,204,1.0,1972.0,0,0,1,0,0,0,0,0,0,0,0,0,0,0,0,0,0,0,0,1,1.605,2001,4.533333333333333,2001,USA1947
2431,121,Ludvigson and Michaelides (2001),0.16,0.05,0,,,,,,,,,,,,0,0,0,0,0,0,0,0,0,0,0,,0,0,0,1,1,0,0,0,0,0,0,USA,0,0,1947,1997,51.0,204.0,204,1.0,1972.0,0,0,1,0,0,0,0,0,0,0,0,0,0,0,0,0,0,0,0,1,1.605,2001,4.533333333333333,2001,USA1947
2432,121,Ludvigson and Michaelides (2001),0.15,0.03,0,,,,,,,,,,,,0,0,0,0,0,0,0,0,0,0,0,,0,0,0,1,1,0,0,0,0,0,0,USA,0,0,1947,1997,51.0,204.0,204,1.0,1972.0,0,0,1,0,0,0,0,0,0,0,0,0,0,0,0,0,0,0,0,1,1.605,2001,4.533333333333333,2001,USA1947
2433,122,Carroll and Dunn (1997),0.509,0.12324455205811138,0,,,,,,,,,,,,0,0,0,0,0,0,0,0,0,0,0,,0,0,0,0,1,0,0,0,0,0,0,USA,0,0,1963,1994,32.0,125.0,125,1.0,1978.5,0,0,0,0,0,1,1,1,1,0,0,1,1,0,0,0,0,0,0,0,0.016,1997,8.157894736842104,1997,USA1963
2434,122,Carroll and Dunn (1997),0.269,0.16402439024390245,0,,,,,,,,,,,,0,0,0,0,0,0,0,0,0,0,0,,0,0,0,0,1,0,0,0,0,0,0,USA,0,0,1963,1994,32.0,125.0,125,1.0,1978.5,0,0,0,0,0,1,1,1,1,0,0,1,1,0,0,0,0,0,0,0,0.016,1997,8.157894736842104,1997,USA1963
2435,122,Carroll and Dunn (1997),0.246,0.164,0,,,,,,,,,,,,0,0,0,0,0,0,0,0,0,0,0,,0,0,0,0,1,0,0,1,0,0,0,USA,0,0,1963,1994,32.0,125.0,125,1.0,1978.5,0,0,0,0,0,1,1,1,1,0,0,1,1,0,0,0,0,0,0,0,0.016,1997,8.157894736842104,1997,USA1963
2436,122,Carroll and Dunn (1997),0.257,0.16369426751592356,0,,,,,,,,,,,,0,0,0,0,0,0,0,0,0,0,0,,0,0,0,0,1,0,0,1,0,0,0,USA,0,0,1963,1994,32.0,125.0,125,1.0,1978.5,0,0,0,0,0,1,1,1,1,0,0,1,1,0,0,0,0,0,0,0,0.016,1997,8.157894736842104,1997,USA1963
2437,122,Carroll and Dunn (1997),0.247,0.1703448275862069,0,,,,,,,,,,,,0,0,0,0,0,0,0,0,0,0,0,,0,0,0,0,1,0,0,1,0,0,0,USA,0,0,1963,1994,32.0,125.0,125,1.0,1978.5,0,0,0,0,0,1,1,1,1,0,0,1,1,0,0,0,0,0,0,0,0.016,1997,8.157894736842104,1997,USA1963
2438,122,Carroll and Dunn (1997),0.326,0.1034920634920635,0,,,,,,,,,,,,0,0,0,0,0,0,0,0,0,0,0,,0,0,0,0,1,0,0,0,0,0,0,USA,0,0,1963,1994,32.0,125.0,125,1.0,1978.5,0,0,0,0,0,1,1,1,1,0,0,1,1,0,0,0,0,0,0,0,0.016,1997,8.157894736842104,1997,USA1963
2439,122,Carroll and Dunn (1997),0.324,0.10285714285714287,0,,,,,,,,,,,,0,0,0,0,0,0,0,0,0,0,0,,0,0,0,0,1,0,0,0,0,0,0,USA,0,0,1963,1994,32.0,125.0,125,1.0,1978.5,0,0,0,0,0,1,1,1,1,0,0,1,1,0,0,0,0,0,0,0,0.016,1997,8.157894736842104,1997,USA1963
2440,122,Carroll and Dunn (1997),0.391,0.11466275659824046,0,,,,,,,,,,,,0,0,0,0,0,0,0,0,0,0,0,,0,0,0,0,1,0,0,0,0,0,0,USA,0,0,1963,1994,32.0,125.0,125,1.0,1978.5,0,0,0,0,0,1,0,1,0,0,1,0,1,0,0,0,0,0,0,0,0.016,1997,8.157894736842104,1997,USA1963
2441,122,Carroll and Dunn (1997),0.394,0.11257142857142857,0,,,,,,,,,,,,0,0,0,0,0,0,0,0,0,0,0,,0,0,0,0,1,0,0,0,0,0,0,USA,0,0,1963,1994,32.0,125.0,125,1.0,1978.5,0,0,0,0,0,1,0,1,0,0,1,0,1,0,0,0,0,0,0,0,0.016,1997,8.157894736842104,1997,USA1963
2442,123,DeLong and Summers (1986),0.28,0.31,0,,,,,,,,,,,,0,0,0,0,0,0,0,0,0,0,0,,0,1,0,0,0,0,0,0,0,0,0,USA,1,0,1949,1982,34.0,34.0,34,1.0,1965.5,0,0,0,0,0,1,0,1,0,0,0,0,0,0,0,0,0,0,0,0,0.016,1984,7.21875,1986,USA1949
2443,123,DeLong and Summers (1986),0.5,0.46,0,,,,,,,,,,,,0,0,0,0,0,0,0,0,0,0,0,,0,1,0,0,0,0,0,0,0,0,0,USA,1,0,1949,1982,34.0,34.0,34,1.0,1965.5,0,0,0,0,0,1,0,1,0,0,0,0,0,0,0,0,0,0,0,0,0.016,1984,7.21875,1986,USA1949
2444,123,DeLong and Summers (1986),1.1,1.2,0,,,,,,,,,,,,0,0,0,0,0,0,0,0,0,0,0,,0,1,0,0,0,0,0,0,0,0,0,USA,1,0,1899,1916,18.0,18.0,18,1.0,1907.5,0,0,0,0,0,1,0,1,0,0,0,0,0,0,0,0,0,0,0,0,0.016,1984,7.21875,1986,USA1899
2445,123,DeLong and Summers (1986),1.1,0.1,0,,,,,,,,,,,,0,0,0,0,0,0,0,0,0,0,0,,0,1,0,0,0,0,0,0,0,0,0,USA,1,0,1899,1916,18.0,18.0,18,1.0,1907.5,0,0,0,0,0,1,0,1,0,0,0,0,0,0,0,0,0,0,0,0,0.016,1984,7.21875,1986,USA1899
2446,123,DeLong and Summers (1986),0.54,0.41,0,,,,,,,,,,,,0,0,0,0,0,0,0,0,0,0,0,,0,1,0,0,0,0,0,0,0,0,0,USA,1,0,1899,1940,42.0,37.0,37,1.0,1919.5,0,0,0,0,0,1,0,1,0,0,0,0,0,0,0,0,0,0,0,0,0.016,1984,7.21875,1986,USA1899
2447,123,DeLong and Summers (1986),1.4,0.2,0,,,,,,,,,,,,0,0,0,0,0,0,0,0,0,0,0,,0,1,0,0,0,0,0,0,0,0,0,USA,1,0,1899,1940,42.0,37.0,37,1.0,1919.5,0,0,0,0,0,1,0,1,0,0,0,0,0,0,0,0,0,0,0,0,0.016,1984,7.21875,1986,USA1899
2448,124,Gesteira and Gutierrez (2015),0.153,1.1568,0,,,,,,,,,,,,1,0,0,0,0,0,0,0,0,1,0,,0,0,0,0,1,0,0,0,0,0,0,Brazil,0,0,1995,2011,17.0,66.0,66,1.0,2003.0,0,0,0,1,0,0,0,0,0,0,0,0,0,1,0,0,0,0,0,0,0.001,2015,1.0,2015,Brazil1995
2449,124,Gesteira and Gutierrez (2015),0.8049,0.0246,0,,,,,,,,,,,,1,0,0,0,0,0,0,0,0,1,0,,0,0,0,0,1,0,0,0,0,0,0,Brazil,0,0,1995,2011,17.0,66.0,66,1.0,2003.0,0,0,0,1,0,0,0,0,0,0,0,0,0,1,0,0,0,0,0,0,0.001,2015,1.0,2015,Brazil1995
2450,124,Gesteira and Gutierrez (2015),0.8906,0.0006,0,,,,,,,,,,,,1,0,0,0,0,0,0,0,0,1,0,,0,0,0,0,0,0,0,0,0,0,0,Brazil,0,0,1995,2011,17.0,66.0,66,1.0,2003.0,0,0,0,1,0,0,0,0,0,0,0,0,0,1,0,0,0,0,0,0,0.001,2015,1.0,2015,Brazil1995
2451,124,Gesteira and Gutierrez (2015),0.8945,0.0099,0,,,,,,,,,,,,1,0,0,0,0,0,0,0,0,1,0,,0,0,0,0,1,0,0,0,0,0,0,Brazil,0,0,1995,2011,17.0,66.0,66,1.0,2003.0,0,0,0,1,0,0,0,0,0,0,0,0,0,1,0,0,0,0,0,0,0.001,2015,1.0,2015,Brazil1995
2452,124,Gesteira and Gutierrez (2015),0.8992,0.0204,0,,,,,,,,,,,,1,0,0,0,0,0,0,0,0,1,0,,0,0,0,0,1,0,0,0,0,0,0,Brazil,0,0,1995,2011,17.0,66.0,66,1.0,2003.0,0,0,0,1,0,0,0,0,0,0,0,0,0,1,0,0,0,0,0,0,0.001,2015,1.0,2015,Brazil1995
2453,124,Gesteira and Gutierrez (2015),0.9522,0.1109,0,,,,,,,,,,,,1,0,0,0,0,0,0,0,0,1,0,,0,0,0,0,0,0,0,0,0,0,0,Brazil,0,0,1995,2011,17.0,66.0,66,1.0,2003.0,0,0,0,1,0,0,0,0,0,0,0,0,0,1,0,0,0,0,0,0,0.001,2015,1.0,2015,Brazil1995
2454,124,Gesteira and Gutierrez (2015),0.9853,0.0042,0,,,,,,,,,,,,1,0,0,0,0,0,0,0,0,1,0,,0,0,0,0,1,0,0,0,0,0,0,Brazil,0,0,1995,2011,17.0,66.0,66,1.0,2003.0,0,0,0,1,0,0,0,0,0,0,0,0,0,1,0,0,0,0,0,0,0.001,2015,1.0,2015,Brazil1995
2455,124,Gesteira and Gutierrez (2015),0.122,0.5302,0,,,,,,,,,,,,1,0,0,0,0,0,0,0,1,1,0,,0,0,0,0,0,0,0,0,0,0,0,Brazil,0,0,1995,2011,17.0,66.0,66,1.0,2003.0,0,0,0,1,0,0,0,0,0,0,0,0,0,1,0,0,0,0,0,0,0.001,2015,1.0,2015,Brazil1995
2456,124,Gesteira and Gutierrez (2015),0.419,0.2719,0,,,,,,,,,,,,1,0,0,0,0,0,0,0,1,1,0,,0,0,0,0,1,0,0,0,0,0,0,Brazil,0,0,1995,2011,17.0,66.0,66,1.0,2003.0,0,0,0,1,0,0,0,0,0,0,0,0,0,1,0,0,0,0,0,0,0.001,2015,1.0,2015,Brazil1995
2457,124,Gesteira and Gutierrez (2015),0.594,0.224,0,,,,,,,,,,,,1,0,0,0,0,0,0,0,1,1,0,,0,0,0,0,1,0,0,0,0,0,0,Brazil,0,0,1995,2011,17.0,66.0,66,1.0,2003.0,0,0,0,1,0,0,0,0,0,0,0,0,0,1,0,0,0,0,0,0,0.001,2015,1.0,2015,Brazil1995
2458,124,Gesteira and Gutierrez (2015),0.769,0.0861,0,,,,,,,,,,,,1,0,0,0,0,0,0,0,1,1,0,,0,0,0,0,1,0,0,0,0,0,0,Brazil,0,0,1995,2011,17.0,66.0,66,1.0,2003.0,0,0,0,1,0,0,0,0,0,0,0,0,0,1,0,0,0,0,0,0,0.001,2015,1.0,2015,Brazil1995
2459,124,Gesteira and Gutierrez (2015),0.775,0.0644,0,,,,,,,,,,,,1,0,0,0,0,0,0,0,1,1,0,,0,0,0,0,1,0,0,0,0,0,0,Brazil,0,0,1995,2011,17.0,66.0,66,1.0,2003.0,0,0,0,1,0,0,0,0,0,0,0,0,0,1,0,0,0,0,0,0,0.001,2015,1.0,2015,Brazil1995
2460,124,Gesteira and Gutierrez (2015),0.7784,0.0594,0,,,,,,,,,,,,1,0,0,0,0,0,0,0,1,1,0,,0,0,0,0,1,0,0,0,0,0,0,Brazil,0,0,1995,2011,17.0,66.0,66,1.0,2003.0,0,0,0,1,0,0,0,0,0,0,0,0,0,1,0,0,0,0,0,0,0.001,2015,1.0,2015,Brazil1995
2461,124,Gesteira and Gutierrez (2015),0.7817,0.0813,0,,,,,,,,,,,,1,0,0,0,0,0,0,0,1,1,0,,0,0,0,0,0,0,0,0,0,0,0,Brazil,0,0,1995,2011,17.0,66.0,66,1.0,2003.0,0,0,0,1,0,0,0,0,0,0,0,0,0,1,0,0,0,0,0,0,0.001,2015,1.0,2015,Brazil1995
2462,124,Gesteira and Gutierrez (2015),0.7956,0.0272,0,,,,,,,,,,,,1,0,0,0,0,0,0,0,1,1,0,,0,0,0,0,0,0,0,0,0,0,0,Brazil,0,0,1995,2011,17.0,66.0,66,1.0,2003.0,0,0,0,1,0,0,0,0,0,0,0,0,0,1,0,0,0,0,0,0,0.001,2015,1.0,2015,Brazil1995
2463,124,Gesteira and Gutierrez (2015),0.7983,0.0355,0,,,,,,,,,,,,1,0,0,0,0,0,0,0,1,1,0,,0,0,0,0,1,0,0,0,0,0,0,Brazil,0,0,1995,2011,17.0,66.0,66,1.0,2003.0,0,0,0,1,0,0,0,0,0,0,0,0,0,1,0,0,0,0,0,0,0.001,2015,1.0,2015,Brazil1995
2464,124,Gesteira and Gutierrez (2015),0.8063,0.0219,0,,,,,,,,,,,,1,0,0,0,0,0,0,0,1,1,0,,0,0,0,0,1,0,0,0,0,0,0,Brazil,0,0,1995,2011,17.0,66.0,66,1.0,2003.0,0,0,0,1,0,0,0,0,0,0,0,0,0,1,0,0,0,0,0,0,0.001,2015,1.0,2015,Brazil1995
2465,124,Gesteira and Gutierrez (2015),0.8905,0.0008,0,,,,,,,,,,,,1,0,0,0,0,0,0,0,1,1,0,,0,0,0,0,0,0,0,0,0,0,0,Brazil,0,0,1995,2011,17.0,66.0,66,1.0,2003.0,0,0,0,1,0,0,0,0,0,0,0,0,0,1,0,0,0,0,0,0,0.001,2015,1.0,2015,Brazil1995
2466,124,Gesteira and Gutierrez (2015),0.9177,0.0817,0,,,,,,,,,,,,1,0,0,0,0,0,0,0,1,1,0,,0,0,0,0,0,0,0,0,0,0,0,Brazil,0,0,1995,2011,17.0,66.0,66,1.0,2003.0,0,0,0,1,0,0,0,0,0,0,0,0,0,1,0,0,0,0,0,0,0.001,2015,1.0,2015,Brazil1995
2467,124,Gesteira and Gutierrez (2015),0.7692,0.1685,0,,,,,,,,,,,,1,0,0,0,0,0,0,0,0,1,0,,0,0,0,0,1,0,0,0,0,0,0,Brazil,0,0,1995,2011,17.0,66.0,66,1.0,2003.0,0,0,0,1,0,0,0,0,0,0,0,0,0,1,0,0,0,0,0,0,0.001,2015,1.0,2015,Brazil1995
2468,124,Gesteira and Gutierrez (2015),0.0314,1.4838,0,,,,,,,,,,,,1,0,0,0,0,0,0,0,0,1,0,,0,0,0,0,1,0,0,0,0,0,0,Brazil,0,0,1995,2011,17.0,66.0,66,1.0,2003.0,0,0,0,1,0,0,0,0,0,0,0,0,0,1,0,0,0,0,0,0,0.001,2015,1.0,2015,Brazil1995
2469,124,Gesteira and Gutierrez (2015),0.2263,0.5098,0,,,,,,,,,,,,1,0,0,0,0,0,0,0,0,1,0,,0,0,0,0,0,0,0,0,0,0,0,Brazil,0,0,1995,2011,17.0,66.0,66,1.0,2003.0,0,0,0,1,0,0,0,0,0,0,0,0,0,1,0,0,0,0,0,0,0.001,2015,1.0,2015,Brazil1995
2470,124,Gesteira and Gutierrez (2015),0.0297,0.666,0,,,,,,,,,,,,1,0,0,0,0,0,0,0,0,1,0,,0,0,0,0,0,0,0,0,0,0,0,Brazil,0,0,1995,2011,17.0,66.0,66,1.0,2003.0,0,0,0,1,0,0,0,0,0,0,0,0,0,1,0,0,0,0,0,0,0.001,2015,1.0,2015,Brazil1995
2471,124,Gesteira and Gutierrez (2015),0.6572,0.35836,0,,,,,,,,,,,,1,0,0,0,0,0,0,0,0,1,0,,0,0,0,0,0,0,0,0,0,0,0,Brazil,0,0,1995,2011,17.0,66.0,66,1.0,2003.0,0,0,0,1,0,0,0,0,0,0,0,0,0,1,0,0,0,0,0,0,0.001,2015,1.0,2015,Brazil1995
2472,124,Gesteira and Gutierrez (2015),0.1048,4.5702,0,,,,,,,,,,,,1,0,0,0,0,0,0,0,0,1,0,,0,0,0,0,0,0,0,0,0,0,0,Brazil,0,0,1995,2011,17.0,66.0,66,1.0,2003.0,0,0,0,1,0,0,0,0,0,0,0,0,0,1,0,0,0,0,0,0,0.001,2015,1.0,2015,Brazil1995
2473,124,Gesteira and Gutierrez (2015),0.5843,0.3813,0,,,,,,,,,,,,1,0,0,0,0,0,0,0,0,1,0,,0,0,0,0,0,0,0,0,0,0,0,Brazil,0,0,1995,2011,17.0,66.0,66,1.0,2003.0,0,0,0,1,0,0,0,0,0,0,0,0,0,1,0,0,0,0,0,0,0.001,2015,1.0,2015,Brazil1995
2474,125,Xu and Kong (2015),0.831,0.026,0,,,,,,,,,,,,1,0,1,0,0,0,0,0,0,1,0,,0,0,0,1,1,0,0,0,0,0,0,China,1,0,1980,2009,30.0,28.419354838709676,881,31.0,1994.5,0,1,0,0,0,0,0,0,0,0,0,0,0,0,0,0,0,0,0,0,0.015,2015,0.0,2015,China1980
2475,125,Xu and Kong (2015),0.797,0.051,0,,,,,,,,,,,,1,0,1,0,0,0,0,0,0,1,0,,0,0,0,1,1,0,0,0,0,0,0,China,1,0,1980,1990,11.0,8.903225806451612,276,31.0,1985.0,0,1,0,0,0,0,0,0,0,0,0,0,0,0,0,0,0,0,0,0,0.015,2015,0.0,2015,China1980
2476,125,Xu and Kong (2015),0.762,0.032,0,,,,,,,,,,,,1,0,1,0,0,0,0,0,0,1,0,,0,0,0,1,1,0,0,0,0,0,0,China,1,0,1991,2009,19.0,19.516129032258064,605,31.0,2000.0,0,1,0,0,0,0,0,0,0,0,0,0,0,0,0,0,0,0,0,0,0.015,2015,0.0,2015,China1991
2477,125,Xu and Kong (2015),0.926,0.037,0,,,,,,,,,,,,1,0,1,0,0,0,0,0,0,1,0,,0,0,0,1,1,0,0,0,0,0,1,China,1,0,1980,2009,30.0,28.419354838709676,881,31.0,1994.5,0,1,0,0,0,0,0,0,0,0,0,0,0,0,0,0,0,0,0,0,0.015,2015,0.0,2015,China1980
2478,125,Xu and Kong (2015),0.805,0.027,0,,,,,,,,,,,,1,0,1,0,0,0,0,0,0,1,0,,0,0,0,1,1,0,0,0,1,0,0,China,1,0,1980,2009,30.0,28.419354838709676,881,31.0,1994.5,0,1,0,0,0,0,0,0,0,0,0,0,0,0,0,0,0,0,0,0,0.015,2015,0.0,2015,China1980
2479,125,Xu and Kong (2015),0.911,0.072,0,,,,,,,,,,,,1,0,1,0,0,0,0,0,0,1,0,,0,0,0,1,1,0,0,0,0,0,1,China,1,0,1980,1990,11.0,8.903225806451612,276,31.0,1985.0,0,1,0,0,0,0,0,0,0,0,0,0,0,0,0,0,0,0,0,0,0.015,2015,0.0,2015,China1980
2480,125,Xu and Kong (2015),0.747,0.055,0,,,,,,,,,,,,1,0,1,0,0,0,0,0,0,1,0,,0,0,0,1,1,0,0,0,1,0,0,China,1,0,1980,1990,11.0,8.903225806451612,276,31.0,1985.0,0,1,0,0,0,0,0,0,0,0,0,0,0,0,0,0,0,0,0,0,0.015,2015,0.0,2015,China1980
2481,125,Xu and Kong (2015),0.827,0.045,0,,,,,,,,,,,,1,0,1,0,0,0,0,0,0,1,0,,0,0,0,1,1,0,0,0,0,0,1,China,1,0,1991,2009,19.0,19.516129032258064,605,31.0,2000.0,0,1,0,0,0,0,0,0,0,0,0,0,0,0,0,0,0,0,0,0,0.015,2015,0.0,2015,China1991
2482,125,Xu and Kong (2015),0.759,0.032,0,,,,,,,,,,,,1,0,1,0,0,0,0,0,0,1,0,,0,0,0,1,1,0,0,0,1,0,0,China,1,0,1991,2009,19.0,19.516129032258064,605,31.0,2000.0,0,1,0,0,0,0,0,0,0,0,0,0,0,0,0,0,0,0,0,0,0.015,2015,0.0,2015,China1991
2483,125,Xu and Kong (2015),0.925,0.077,0,,,,,,,,,,,,1,0,1,0,0,0,0,0,0,1,0,,0,0,0,1,1,0,0,0,0,0,1,China,1,0,1980,1987,8.0,6.032258064516129,187,31.0,1983.5,0,1,0,0,0,0,0,0,0,0,0,0,0,0,0,0,0,0,0,0,0.015,2015,0.0,2015,China1980
2484,125,Xu and Kong (2015),0.767,0.051,0,,,,,,,,,,,,1,0,1,0,0,0,0,0,0,1,0,,0,0,0,1,1,0,0,0,1,0,0,China,1,0,1980,1987,8.0,6.032258064516129,187,31.0,1983.5,0,1,0,0,0,0,0,0,0,0,0,0,0,0,0,0,0,0,0,0,0.015,2015,0.0,2015,China1980
2485,125,Xu and Kong (2015),0.881,0.043,0,,,,,,,,,,,,1,0,1,0,0,0,0,0,0,1,0,,0,0,0,1,1,0,0,0,0,0,1,China,1,0,1988,2009,22.0,22.387096774193548,694,31.0,1998.5,0,1,0,0,0,0,0,0,0,0,0,0,0,0,0,0,0,0,0,0,0.015,2015,0.0,2015,China1988
2486,125,Xu and Kong (2015),0.798,0.032,0,,,,,,,,,,,,1,0,1,0,0,0,0,0,0,1,0,,0,0,0,1,1,0,0,0,1,0,0,China,1,0,1988,2009,22.0,22.387096774193548,694,31.0,1998.5,0,1,0,0,0,0,0,0,0,0,0,0,0,0,0,0,0,0,0,0,0.015,2015,0.0,2015,China1988
2487,125,Xu and Kong (2015),0.944,0.076,0,,,,,,,,,,,,1,0,1,0,0,0,0,0,0,1,0,,0,0,0,1,1,0,0,0,0,0,1,China,1,0,1980,1989,10.0,7.935483870967742,246,31.0,1984.5,0,1,0,0,0,0,0,0,0,0,0,0,0,0,0,0,0,0,0,0,0.015,2015,0.0,2015,China1980
2488,125,Xu and Kong (2015),0.777,0.058,0,,,,,,,,,,,,1,0,1,0,0,0,0,0,0,1,0,,0,0,0,1,1,0,0,0,1,0,0,China,1,0,1980,1989,10.0,7.935483870967742,246,31.0,1984.5,0,1,0,0,0,0,0,0,0,0,0,0,0,0,0,0,0,0,0,0,0.015,2015,0.0,2015,China1980
2489,125,Xu and Kong (2015),0.837,0.044,0,,,,,,,,,,,,1,0,1,0,0,0,0,0,0,1,0,,0,0,0,1,1,0,0,0,0,0,1,China,1,0,1990,2009,20.0,20.483870967741936,635,31.0,1999.5,0,1,0,0,0,0,0,0,0,0,0,0,0,0,0,0,0,0,0,0,0.015,2015,0.0,2015,China1990
2490,125,Xu and Kong (2015),0.761,0.032,0,,,,,,,,,,,,1,0,1,0,0,0,0,0,0,1,0,,0,0,0,1,1,0,0,0,1,0,0,China,1,0,1990,2009,20.0,20.483870967741936,635,31.0,1999.5,0,1,0,0,0,0,0,0,0,0,0,0,0,0,0,0,0,0,0,0,0.015,2015,0.0,2015,China1990
2491,125,Xu and Kong (2015),0.91,0.07,0,,,,,,,,,,,,1,0,1,0,0,0,0,0,0,1,0,,0,0,0,1,1,0,0,0,0,0,1,China,1,0,1980,1991,12.0,9.870967741935484,306,31.0,1985.5,0,1,0,0,0,0,0,0,0,0,0,0,0,0,0,0,0,0,0,0,0.015,2015,0.0,2015,China1980
2492,125,Xu and Kong (2015),0.764,0.052,0,,,,,,,,,,,,1,0,1,0,0,0,0,0,0,1,0,,0,0,0,1,1,0,0,0,1,0,0,China,1,0,1980,1991,12.0,9.870967741935484,306,31.0,1985.5,0,1,0,0,0,0,0,0,0,0,0,0,0,0,0,0,0,0,0,0,0.015,2015,0.0,2015,China1980
2493,125,Xu and Kong (2015),0.832,0.045,0,,,,,,,,,,,,1,0,1,0,0,0,0,0,0,1,0,,0,0,0,1,1,0,0,0,0,0,1,China,1,0,1992,2009,18.0,18.548387096774192,575,31.0,2000.5,0,1,0,0,0,0,0,0,0,0,0,0,0,0,0,0,0,0,0,0,0.015,2015,0.0,2015,China1992
2494,125,Xu and Kong (2015),0.756,0.032,0,,,,,,,,,,,,1,0,1,0,0,0,0,0,0,1,0,,0,0,0,1,1,0,0,0,1,0,0,China,1,0,1992,2009,18.0,18.548387096774192,575,31.0,2000.5,0,1,0,0,0,0,0,0,0,0,0,0,0,0,0,0,0,0,0,0,0.015,2015,0.0,2015,China1992
2495,125,Xu and Kong (2015),0.932,0.04,0,,,,,,,,,,,,1,0,1,0,0,0,0,0,0,1,0,,0,0,0,1,1,0,0,0,0,0,1,China,1,0,1980,2009,30.0,28.419354838709676,881,31.0,1994.5,0,1,0,0,0,0,0,0,0,0,0,0,0,0,0,0,0,0,0,0,0.015,2015,0.0,2015,China1980
2496,125,Xu and Kong (2015),0.701,0.029,0,,,,,,,,,,,,1,0,1,0,0,0,0,0,0,1,0,,0,0,0,1,1,0,0,0,1,0,0,China,1,0,1980,2009,30.0,28.419354838709676,881,31.0,1994.5,0,1,0,0,0,0,0,0,0,0,0,0,0,0,0,0,0,0,0,0,0.015,2015,0.0,2015,China1980
2497,125,Xu and Kong (2015),0.948,0.074,0,,,,,,,,,,,,1,0,1,0,0,0,0,0,0,1,0,,0,0,0,1,1,0,0,0,0,0,1,China,1,0,1980,1990,11.0,8.903225806451612,276,31.0,1985.0,0,1,0,0,0,0,0,0,0,0,0,0,0,0,0,0,0,0,0,0,0.015,2015,0.0,2015,China1980
2498,125,Xu and Kong (2015),0.69,0.058,0,,,,,,,,,,,,1,0,1,0,0,0,0,0,0,1,0,,0,0,0,1,1,0,0,0,1,0,0,China,1,0,1980,1990,11.0,8.903225806451612,276,31.0,1985.0,0,1,0,0,0,0,0,0,0,0,0,0,0,0,0,0,0,0,0,0,0.015,2015,0.0,2015,China1980
2499,125,Xu and Kong (2015),0.82,0.045,0,,,,,,,,,,,,1,0,1,0,0,0,0,0,0,1,0,,0,0,0,1,1,0,0,0,0,0,1,China,1,0,1991,2009,19.0,19.516129032258064,605,31.0,2000.0,0,1,0,0,0,0,0,0,0,0,0,0,0,0,0,0,0,0,0,0,0.015,2015,0.0,2015,China1991
2500,125,Xu and Kong (2015),0.735,0.033,0,,,,,,,,,,,,1,0,1,0,0,0,0,0,0,1,0,,0,0,0,1,1,0,0,0,1,0,0,China,1,0,1991,2009,19.0,19.516129032258064,605,31.0,2000.0,0,1,0,0,0,0,0,0,0,0,0,0,0,0,0,0,0,0,0,0,0.015,2015,0.0,2015,China1991
2501,126,Khan and Che (2012),0.783,0.04582699285965118,0,,,,,,,,,,,,1,0,0,0,0,0,0,0,0,1,0,,0,0,0,1,1,0,0,0,0,0,0,Pakistan,1,0,1992,2010,19.0,19.0,19,1.0,2001.0,0,1,0,1,0,0,0,0,0,0,0,0,0,0,0,0,0,0,0,0,0.01,2012,0.25,2012,Pakistan1992
2502,126,Khan and Che (2012),0.888,0.08011548177553231,0,,,,,,,,,,,,1,0,0,0,0,0,0,0,0,1,0,,0,0,1,0,0,0,0,0,0,0,0,Pakistan,1,0,1992,2010,19.0,19.0,19,1.0,2001.0,0,0,0,1,0,1,0,1,0,1,0,0,0,0,0,0,0,0,0,0,0.01,2012,0.25,2012,Pakistan1992
2503,126,Khan and Che (2012),0.777,0.12487745294996866,0,,,,,,,,,,,,1,0,0,0,0,0,0,0,0,1,0,,0,0,0,0,0,0,0,0,0,0,0,Pakistan,1,0,1992,2010,19.0,19.0,19,1.0,2001.0,0,0,0,1,0,1,0,1,0,1,0,0,0,0,0,0,0,0,0,0,0.01,2012,0.25,2012,Pakistan1992
2504,127,Johnson et al. (2006),0.109,0.056,0,0.109,0.056,1.0,0.0,3.0,0.0,641.7530087481009,1.0,2001.0,0.0,0.0,0,1,1,0,3,1,0,0,0,0,1,,0,0,0,1,1,0,0,0,0,0,1,USA,0,0,2001,2002,2.0,2.0,13066,6533.0,2001.5,1,0,0,0,0,0,0,0,0,0,0,0,0,0,1,0,0,0,0,1,1.605,2004,36.833333333333336,2006,USA2001
2505,127,Johnson et al. (2006),0.239,0.115,0,0.239,0.115,1.0,0.0,3.0,0.0,641.7530087481009,1.0,2001.0,0.0,0.0,0,1,1,0,3,1,0,0,0,0,0,,0,0,0,1,1,0,0,0,0,0,1,USA,0,0,2001,2002,2.0,2.0,13066,6533.0,2001.5,1,0,0,0,0,0,0,0,0,0,0,0,0,0,1,0,0,0,0,1,1.605,2004,36.833333333333336,2006,USA2001
2506,127,Johnson et al. (2006),0.373,0.135,0,0.373,0.135,1.0,0.0,3.0,0.0,641.7530087481009,1.0,2001.0,0.0,0.0,0,1,1,0,3,1,0,0,0,0,0,,0,0,0,1,1,0,0,0,0,0,1,USA,0,0,2001,2002,2.0,2.0,13066,6533.0,2001.5,1,0,0,0,0,0,0,0,0,0,0,0,0,0,1,0,0,0,0,1,1.605,2004,36.833333333333336,2006,USA2001
2507,127,Johnson et al. (2006),0.108,0.108,0,0.108,0.108,1.0,0.0,3.0,0.0,641.7530087481009,1.0,2001.0,0.0,0.0,0,1,1,0,3,1,0,0,0,0,1,,0,0,1,0,1,0,0,0,0,0,1,USA,0,0,2001,2002,2.0,2.0,13066,6533.0,2001.5,1,0,0,0,0,1,0,0,0,0,0,0,1,0,1,0,0,0,0,1,1.605,2004,36.833333333333336,2006,USA2001
2508,127,Johnson et al. (2006),0.202,0.112,0,0.202,0.112,1.0,0.0,3.0,0.0,641.7530087481009,1.0,2001.0,0.0,0.0,0,1,1,0,3,1,0,0,0,0,0,,0,0,1,0,1,0,0,0,0,0,1,USA,0,0,2001,2002,2.0,2.0,13066,6533.0,2001.5,1,0,0,0,0,1,0,0,0,0,0,0,1,0,1,0,0,0,0,1,1.605,2004,36.833333333333336,2006,USA2001
2509,127,Johnson et al. (2006),0.375,0.136,0,0.375,0.136,1.0,0.0,3.0,0.0,641.7530087481009,1.0,2001.0,0.0,0.0,0,1,1,0,3,1,0,0,0,0,0,,0,0,1,0,1,0,0,0,0,0,1,USA,0,0,2001,2002,2.0,2.0,13066,6533.0,2001.5,1,0,0,0,0,1,0,0,0,0,0,0,1,0,1,0,0,0,0,1,1.605,2004,36.833333333333336,2006,USA2001
2510,127,Johnson et al. (2006),0.294,0.136,0,0.294,0.136,1.0,0.0,3.0,0.0,641.7530087481009,1.0,2001.0,0.0,0.0,0,1,1,0,3,1,0,0,0,0,0,,0,0,0,1,1,0,0,0,0,0,1,USA,0,0,2001,2002,2.0,2.0,13066,6533.0,2001.5,1,0,0,0,0,0,0,0,0,0,0,0,0,0,1,0,0,0,0,1,1.605,2004,36.833333333333336,2006,USA2001
2511,127,Johnson et al. (2006),0.438,0.161,0,0.438,0.161,1.0,0.0,3.0,0.0,641.7530087481009,1.0,2001.0,0.0,0.0,0,1,1,0,3,1,0,0,0,0,0,,0,0,0,1,1,0,0,0,0,0,1,USA,0,0,2001,2002,2.0,2.0,13066,6533.0,2001.5,1,0,0,0,0,0,0,0,0,0,0,0,0,0,1,0,0,0,0,1,1.605,2004,36.833333333333336,2006,USA2001
2512,127,Johnson et al. (2006),0.262,0.141,0,0.262,0.141,1.0,0.0,3.0,0.0,641.7530087481009,1.0,2001.0,0.0,0.0,0,1,1,0,3,1,0,0,0,0,0,,0,0,1,0,1,0,0,0,0,0,1,USA,0,0,2001,2002,2.0,2.0,13066,6533.0,2001.5,1,0,0,0,0,1,0,0,0,0,0,0,1,0,1,0,0,0,0,1,1.605,2004,36.833333333333336,2006,USA2001
2513,127,Johnson et al. (2006),0.462,0.173,0,0.462,0.173,1.0,0.0,3.0,0.0,641.7530087481009,1.0,2001.0,0.0,0.0,0,1,1,0,3,1,0,0,0,0,0,,0,0,1,0,1,0,0,0,0,0,1,USA,0,0,2001,2002,2.0,2.0,13066,6533.0,2001.5,1,0,0,0,0,1,0,0,0,0,0,0,1,0,1,0,0,0,0,1,1.605,2004,36.833333333333336,2006,USA2001
2514,127,Johnson et al. (2006),0.152,0.183,0,0.152,0.183,1.0,0.0,3.0,0.0,641.7530087481009,1.0,2001.0,0.0,0.0,0,1,1,0,3,1,0,0,0,0,0,,0,0,0,1,1,0,0,0,0,0,1,USA,0,0,2001,2002,2.0,2.0,4739,2369.5,2001.5,1,0,0,0,0,0,0,0,0,0,0,0,0,0,1,0,0,0,0,1,1.605,2004,36.833333333333336,2006,USA2001
2515,127,Johnson et al. (2006),0.247,0.213,0,0.247,0.213,1.0,0.0,3.0,0.0,641.7530087481009,1.0,2001.0,0.0,0.0,0,1,1,0,3,1,0,0,0,0,0,,0,0,0,1,1,0,0,0,0,0,1,USA,0,0,2001,2002,2.0,2.0,4739,2369.5,2001.5,1,0,0,0,0,0,0,0,0,0,0,0,0,0,1,0,0,0,0,1,1.605,2004,36.833333333333336,2006,USA2001
2516,127,Johnson et al. (2006),0.079,0.225,0,0.079,0.225,1.0,0.0,3.0,0.0,641.7530087481009,1.0,2001.0,0.0,0.0,0,1,1,0,3,1,0,0,0,0,0,,0,0,1,0,1,0,0,0,0,0,1,USA,0,0,2001,2002,2.0,2.0,4739,2369.5,2001.5,1,0,0,0,0,1,0,0,0,0,0,0,1,0,1,0,0,0,0,1,1.605,2004,36.833333333333336,2006,USA2001
2517,127,Johnson et al. (2006),0.19,0.264,0,0.19,0.264,1.0,0.0,3.0,0.0,641.7530087481009,1.0,2001.0,0.0,0.0,0,1,1,0,3,1,0,0,0,0,0,,0,0,1,0,1,0,0,0,0,0,1,USA,0,0,2001,2002,2.0,2.0,4739,2369.5,2001.5,1,0,0,0,0,1,0,0,0,0,0,0,1,0,1,0,0,0,0,1,1.605,2004,36.833333333333336,2006,USA2001
2518,127,Johnson et al. (2006),0.248,0.114,0,0.248,0.114,1.0,0.0,3.0,1.0,641.7530087481009,1.0,2001.0,0.0,0.0,0,1,1,0,3,1,0,0,0,0,0,,0,0,0,1,1,1,0,0,0,0,1,USA,0,0,2001,2002,2.0,3.0,12730,4243.333333333333,2001.5,1,0,0,0,0,0,0,0,0,0,0,0,0,0,1,0,0,0,0,1,1.605,2004,36.833333333333336,2006,USA2001
2519,127,Johnson et al. (2006),0.386,0.135,0,0.386,0.135,1.0,0.0,3.0,1.0,641.7530087481009,1.0,2001.0,0.0,0.0,0,1,1,0,3,1,0,0,0,0,0,,0,0,0,1,1,1,0,0,0,0,1,USA,0,0,2001,2002,2.0,3.0,12730,4243.333333333333,2001.5,1,0,0,0,0,0,0,0,0,0,0,0,0,0,1,0,0,0,0,1,1.605,2004,36.833333333333336,2006,USA2001
2520,127,Johnson et al. (2006),0.208,0.111,0,0.208,0.111,1.0,0.0,3.0,1.0,641.7530087481009,1.0,2001.0,0.0,0.0,0,1,1,0,3,1,0,0,0,0,0,,0,0,1,0,1,1,0,0,0,0,1,USA,0,0,2001,2002,2.0,3.0,12730,4243.333333333333,2001.5,1,0,0,0,0,1,0,0,0,0,0,0,1,0,1,0,0,0,0,1,1.605,2004,36.833333333333336,2006,USA2001
2521,127,Johnson et al. (2006),0.386,0.135,0,0.386,0.135,1.0,0.0,3.0,1.0,641.7530087481009,1.0,2001.0,0.0,0.0,0,1,1,0,3,1,0,0,0,0,0,,0,0,1,0,1,1,0,0,0,0,1,USA,0,0,2001,2002,2.0,3.0,12730,4243.333333333333,2001.5,1,0,0,0,0,1,0,0,0,0,0,0,1,0,1,0,0,0,0,1,1.605,2004,36.833333333333336,2006,USA2001
2522,127,Johnson et al. (2006),0.247,0.114,0,0.247,0.114,1.0,0.0,3.0,2.0,641.7530087481009,1.0,2001.0,0.0,0.0,0,1,1,0,3,1,0,0,0,0,0,,0,0,0,1,1,1,0,0,0,0,1,USA,0,0,2001,2002,2.0,3.0,15022,5007.333333333333,2001.5,1,0,0,0,0,0,0,0,0,0,0,0,0,0,1,0,0,0,0,1,1.605,2004,36.833333333333336,2006,USA2001
2523,127,Johnson et al. (2006),0.386,0.135,0,0.386,0.135,1.0,0.0,3.0,2.0,641.7530087481009,1.0,2001.0,0.0,0.0,0,1,1,0,3,1,0,0,0,0,0,,0,0,0,1,1,1,0,0,0,0,1,USA,0,0,2001,2002,2.0,3.0,15022,5007.333333333333,2001.5,1,0,0,0,0,0,0,0,0,0,0,0,0,0,1,0,0,0,0,1,1.605,2004,36.833333333333336,2006,USA2001
2524,127,Johnson et al. (2006),0.208,0.111,0,0.208,0.111,1.0,0.0,3.0,2.0,641.7530087481009,1.0,2001.0,0.0,0.0,0,1,1,0,3,1,0,0,0,0,0,,0,0,1,0,1,1,0,0,0,0,1,USA,0,0,2001,2002,2.0,3.0,15022,5007.333333333333,2001.5,1,0,0,0,0,1,0,0,0,0,0,0,1,0,1,0,0,0,0,1,1.605,2004,36.833333333333336,2006,USA2001
2525,127,Johnson et al. (2006),0.386,0.135,0,0.386,0.135,1.0,0.0,3.0,2.0,641.7530087481009,1.0,2001.0,0.0,0.0,0,1,1,0,3,1,0,0,0,0,0,,0,0,1,0,1,1,0,0,0,0,1,USA,0,0,2001,2002,2.0,3.0,15022,5007.333333333333,2001.5,1,0,0,0,0,1,0,0,0,0,0,0,1,0,1,0,0,0,0,1,1.605,2004,36.833333333333336,2006,USA2001
2526,127,Johnson et al. (2006),0.34,0.218,0,0.34,0.218,1.0,2.0,6.0,0.0,641.7530087481009,1.0,2001.0,0.0,0.0,0,1,1,0,3,1,0,0,0,0,0,,0,0,0,1,1,1,1,0,0,0,1,USA,0,0,2001,2002,2.0,3.0,12730,4243.333333333333,2001.5,1,0,0,0,0,0,0,0,0,0,0,0,0,0,1,0,0,0,0,1,1.605,2004,36.833333333333336,2006,USA2001
2527,127,Johnson et al. (2006),0.691,0.26,0,0.691,0.26,1.0,2.0,6.0,0.0,641.7530087481009,1.0,2001.0,0.0,0.0,0,1,1,0,3,1,0,0,0,0,0,,0,0,0,1,1,1,1,0,0,0,1,USA,0,0,2001,2002,2.0,3.0,12730,4243.333333333333,2001.5,1,0,0,0,0,0,0,0,0,0,0,0,0,0,1,0,0,0,0,1,1.605,2004,36.833333333333336,2006,USA2001
2528,127,Johnson et al. (2006),0.227,0.212,0,0.227,0.212,1.0,2.0,6.0,0.0,641.7530087481009,1.0,2001.0,0.0,0.0,0,1,1,0,3,1,0,0,0,0,0,,0,0,1,0,1,1,1,0,0,0,1,USA,0,0,2001,2002,2.0,3.0,12730,4243.333333333333,2001.5,1,0,0,0,0,1,0,0,0,0,0,0,1,0,1,0,0,0,0,1,1.605,2004,36.833333333333336,2006,USA2001
2529,127,Johnson et al. (2006),0.659,0.262,0,0.659,0.262,1.0,2.0,6.0,0.0,641.7530087481009,1.0,2001.0,0.0,0.0,0,1,1,0,3,1,0,0,0,0,0,,0,0,1,0,1,1,1,0,0,0,1,USA,0,0,2001,2002,2.0,3.0,12730,4243.333333333333,2001.5,1,0,0,0,0,1,0,0,0,0,0,0,1,0,1,0,0,0,0,1,1.605,2004,36.833333333333336,2006,USA2001
2530,127,Johnson et al. (2006),0.362,0.322,0,0.362,0.322,1.0,3.0,9.0,0.0,641.7530087481009,1.0,2001.0,0.0,0.0,0,1,1,0,3,1,0,0,0,0,0,,0,0,0,1,1,1,1,0,0,0,1,USA,0,0,2001,2002,2.0,3.0,15022,5007.333333333333,2001.5,1,0,0,0,0,0,0,0,0,0,0,0,0,0,1,0,0,0,0,1,1.605,2004,36.833333333333336,2006,USA2001
2531,127,Johnson et al. (2006),0.838,0.392,0,0.838,0.392,1.0,3.0,9.0,0.0,641.7530087481009,1.0,2001.0,0.0,0.0,0,1,1,0,3,1,0,0,0,0,0,,0,0,0,1,1,1,1,0,0,0,1,USA,0,0,2001,2002,2.0,3.0,15022,5007.333333333333,2001.5,1,0,0,0,0,0,0,0,0,0,0,0,0,0,1,0,0,0,0,1,1.605,2004,36.833333333333336,2006,USA2001
2532,127,Johnson et al. (2006),0.145,0.315,0,0.145,0.315,1.0,3.0,9.0,0.0,641.7530087481009,1.0,2001.0,0.0,0.0,0,1,1,0,3,1,0,0,0,0,0,,0,0,1,0,1,1,1,0,0,0,1,USA,0,0,2001,2002,2.0,3.0,15022,5007.333333333333,2001.5,1,0,0,0,0,1,0,0,0,0,0,0,1,0,1,0,0,0,0,1,1.605,2004,36.833333333333336,2006,USA2001
2533,127,Johnson et al. (2006),0.69,0.396,0,0.69,0.396,1.0,3.0,9.0,0.0,641.7530087481009,1.0,2001.0,0.0,0.0,0,1,1,0,3,1,0,0,0,0,0,,0,0,1,0,1,1,1,0,0,0,1,USA,0,0,2001,2002,2.0,3.0,15022,5007.333333333333,2001.5,1,0,0,0,0,1,0,0,0,0,0,0,1,0,1,0,0,0,0,1,1.605,2004,36.833333333333336,2006,USA2001
2534,127,Johnson et al. (2006),0.249,0.177,0,0.249,0.177,1.0,0.0,3.0,1.0,684.6702412081302,1.0,2001.0,0.0,0.0,0,1,1,0,3,1,0,0,0,0,0,,0,0,1,0,1,1,0,0,0,0,1,USA,0,0,2001,2002,2.0,3.0,12730,4243.333333333333,2001.5,1,0,0,0,0,1,0,0,0,0,0,0,1,0,1,0,0,0,0,1,1.605,2004,36.833333333333336,2006,USA2001
2535,127,Johnson et al. (2006),0.363,0.209,0,0.363,0.209,1.0,0.0,3.0,1.0,684.6702412081302,1.0,2001.0,0.0,0.0,0,1,1,0,3,1,0,0,0,0,0,,0,0,1,0,1,1,0,0,0,0,1,USA,0,0,2001,2002,2.0,3.0,12730,4243.333333333333,2001.5,1,0,0,0,0,1,0,0,0,0,0,0,1,0,1,0,0,0,0,1,1.605,2004,36.833333333333336,2006,USA2001
2536,127,Johnson et al. (2006),0.05,0.163,0,0.05,0.163,1.0,0.0,3.0,1.0,659.2675179451845,1.0,2001.0,0.0,0.0,0,1,1,0,3,1,0,0,0,0,0,,0,0,1,0,1,1,0,0,0,0,1,USA,0,0,2001,2002,2.0,3.0,9233,3077.6666666666665,2001.5,1,0,0,0,0,1,0,0,0,0,0,0,1,0,1,0,0,0,0,1,1.605,2004,36.833333333333336,2006,USA2001
2537,127,Johnson et al. (2006),0.129,0.184,0,0.129,0.184,1.0,0.0,3.0,1.0,659.2675179451845,1.0,2001.0,0.0,0.0,0,1,1,0,3,1,0,0,0,0,0,,0,0,1,0,1,1,0,0,0,0,1,USA,0,0,2001,2002,2.0,3.0,9233,3077.6666666666665,2001.5,1,0,0,0,0,1,0,0,0,0,0,0,1,0,1,0,0,0,0,1,1.605,2004,36.833333333333336,2006,USA2001
2538,127,Johnson et al. (2006),-0.284,0.177,0,-0.284,0.177,1.0,0.0,3.0,1.0,642.4215014655468,1.0,2001.0,0.0,0.0,0,1,1,0,3,1,0,0,0,0,0,,0,0,1,0,1,1,0,0,0,0,1,USA,0,0,2001,2002,2.0,3.0,5951,1983.6666666666667,2001.5,1,0,0,0,0,1,0,0,0,0,0,0,1,0,1,0,0,0,0,1,1.605,2004,36.833333333333336,2006,USA2001
2539,127,Johnson et al. (2006),-0.243,0.217,0,-0.243,0.217,1.0,0.0,3.0,1.0,642.4215014655468,1.0,2001.0,0.0,0.0,0,1,1,0,3,1,0,0,0,0,0,,0,0,1,0,1,1,0,0,0,0,1,USA,0,0,2001,2002,2.0,3.0,5951,1983.6666666666667,2001.5,1,0,0,0,0,1,0,0,0,0,0,0,1,0,1,0,0,0,0,1,1.605,2004,36.833333333333336,2006,USA2001
2540,127,Johnson et al. (2006),0.186,0.2746434051638597,0,0.186,0.2746434051638597,1.0,0.0,3.0,1.0,630.2549340080307,1.0,2001.0,0.0,0.0,0,1,1,0,3,1,0,0,0,0,0,,0,0,1,0,1,1,0,0,0,1,1,USA,0,0,2001,2002,2.0,3.0,12730,4243.333333333333,2001.5,1,0,0,0,0,1,0,0,0,0,0,0,1,0,1,0,0,0,0,1,1.605,2004,36.833333333333336,2006,USA2001
2541,127,Johnson et al. (2006),0.396,0.3167412192942371,0,0.396,0.3167412192942371,1.0,0.0,3.0,1.0,630.2549340080307,1.0,2001.0,0.0,0.0,0,1,1,0,3,1,0,0,0,0,0,,0,0,1,0,1,1,0,0,0,1,1,USA,0,0,2001,2002,2.0,3.0,12730,4243.333333333333,2001.5,1,0,0,0,0,1,0,0,0,0,0,0,1,0,1,0,0,0,0,1,1.605,2004,36.833333333333336,2006,USA2001
2542,127,Johnson et al. (2006),0.369,0.27702887936097925,0,0.369,0.2770288793609793,1.0,0.0,3.0,1.0,482.25064636549996,1.0,2001.0,0.0,0.0,0,1,1,0,3,1,0,0,0,0,0,,0,0,1,0,1,1,0,0,0,1,1,USA,0,0,2001,2002,2.0,3.0,9233,3077.6666666666665,2001.5,1,0,0,0,0,1,0,0,0,0,0,0,1,0,1,0,0,0,0,1,1.605,2004,36.833333333333336,2006,USA2001
2543,127,Johnson et al. (2006),0.756,0.3234377838163006,0,0.756,0.3234377838163006,1.0,0.0,3.0,1.0,482.25064636549996,1.0,2001.0,0.0,0.0,0,1,1,0,3,1,0,0,0,0,0,,0,0,1,0,1,1,0,0,0,1,1,USA,0,0,2001,2002,2.0,3.0,9233,3077.6666666666665,2001.5,1,0,0,0,0,1,0,0,0,0,0,0,1,0,1,0,0,0,0,1,1.605,2004,36.833333333333336,2006,USA2001
2544,127,Johnson et al. (2006),0.285,0.29740544715926104,0,0.285,0.297405447159261,1.0,0.0,3.0,1.0,577.71140641678,1.0,2001.0,0.0,0.0,0,1,1,0,3,1,0,0,0,0,0,,0,0,1,0,1,1,0,0,0,1,1,USA,0,0,2001,2002,2.0,3.0,5951,1983.6666666666667,2001.5,1,0,0,0,0,1,0,0,0,0,0,0,1,0,1,0,0,0,0,1,1.605,2004,36.833333333333336,2006,USA2001
2545,127,Johnson et al. (2006),0.633,0.3574143253984093,0,0.633,0.3574143253984093,1.0,0.0,3.0,1.0,577.71140641678,1.0,2001.0,0.0,0.0,0,1,1,0,3,1,0,0,0,0,0,,0,0,1,0,1,1,0,0,0,1,1,USA,0,0,2001,2002,2.0,3.0,5951,1983.6666666666667,2001.5,1,0,0,0,0,1,0,0,0,0,0,0,1,0,1,0,0,0,0,1,1.605,2004,36.833333333333336,2006,USA2001
2546,127,Johnson et al. (2006),0.154,0.31784430150625637,0,0.154,0.3178443015062564,1.0,0.0,3.0,1.0,595.2259156138635,1.0,2001.0,0.0,0.0,0,1,1,0,3,1,0,0,0,0,0,,0,0,1,0,1,1,0,1,0,0,1,USA,0,0,2001,2002,2.0,3.0,12730,4243.333333333333,2001.5,1,0,0,0,0,1,0,0,0,0,0,0,1,0,1,0,0,0,0,1,1.605,2004,36.833333333333336,2006,USA2001
2547,127,Johnson et al. (2006),0.397,0.36891326894000437,0,0.397,0.3689132689400044,1.0,0.0,3.0,1.0,595.2259156138635,1.0,2001.0,0.0,0.0,0,1,1,0,3,1,0,0,0,0,0,,0,0,1,0,1,1,0,1,0,0,1,USA,0,0,2001,2002,2.0,3.0,12730,4243.333333333333,2001.5,1,0,0,0,0,1,0,0,0,0,0,0,1,0,1,0,0,0,0,1,1.605,2004,36.833333333333336,2006,USA2001
2548,127,Johnson et al. (2006),0.325,0.2992824752637548,0,0.325,0.2992824752637548,1.0,0.0,3.0,1.0,703.9228314705731,1.0,2001.0,0.0,0.0,0,1,1,0,3,1,0,0,0,0,0,,0,0,1,0,1,1,0,1,0,0,1,USA,0,0,2001,2002,2.0,3.0,9233,3077.6666666666665,2001.5,1,0,0,0,0,1,0,0,0,0,0,0,1,0,1,0,0,0,0,1,1.605,2004,36.833333333333336,2006,USA2001
2549,127,Johnson et al. (2006),0.385,0.34429202720946067,0,0.385,0.3442920272094607,1.0,0.0,3.0,1.0,703.9228314705731,1.0,2001.0,0.0,0.0,0,1,1,0,3,1,0,0,0,0,0,,0,0,1,0,1,1,0,1,0,0,1,USA,0,0,2001,2002,2.0,3.0,9233,3077.6666666666665,2001.5,1,0,0,0,0,1,0,0,0,0,0,0,1,0,1,0,0,0,0,1,1.605,2004,36.833333333333336,2006,USA2001
2550,127,Johnson et al. (2006),0.028000000000000025,0.34746222816300476,0,0.02800000000000002,0.3474622281630048,1.0,0.0,3.0,1.0,656.1924514449331,1.0,2001.0,0.0,0.0,0,1,1,0,3,1,0,0,0,0,0,,0,0,1,0,1,1,0,1,0,0,1,USA,0,0,2001,2002,2.0,3.0,5951,1983.6666666666667,2001.5,1,0,0,0,0,1,0,0,0,0,0,0,1,0,1,0,0,0,0,1,1.605,2004,36.833333333333336,2006,USA2001
2551,127,Johnson et al. (2006),0.16100000000000003,0.4237747042946287,0,0.161,0.4237747042946287,1.0,0.0,3.0,1.0,656.1924514449331,1.0,2001.0,0.0,0.0,0,1,1,0,3,1,0,0,0,0,0,,0,0,1,0,1,1,0,1,0,0,1,USA,0,0,2001,2002,2.0,3.0,5951,1983.6666666666667,2001.5,1,0,0,0,0,1,0,0,0,0,0,0,1,0,1,0,0,0,0,1,1.605,2004,36.833333333333336,2006,USA2001
2552,127,Johnson et al. (2006),0.232,0.359,0,0.232,0.359,1.0,2.0,6.0,0.0,684.6702412081302,1.0,2001.0,0.0,0.0,0,1,1,0,3,1,0,0,0,0,0,,0,0,1,0,1,0,1,0,0,0,1,USA,0,0,2001,2002,2.0,3.0,12730,4243.333333333333,2001.5,1,0,0,0,0,1,0,0,0,0,0,0,1,0,1,0,0,0,0,1,1.605,2004,36.833333333333336,2006,USA2001
2553,127,Johnson et al. (2006),0.476,0.431,0,0.476,0.431,1.0,2.0,6.0,0.0,684.6702412081302,1.0,2001.0,0.0,0.0,0,1,1,0,3,1,0,0,0,0,0,,0,0,1,0,1,0,1,0,0,0,1,USA,0,0,2001,2002,2.0,3.0,12730,4243.333333333333,2001.5,1,0,0,0,0,1,0,0,0,0,0,0,1,0,1,0,0,0,0,1,1.605,2004,36.833333333333336,2006,USA2001
2554,127,Johnson et al. (2006),0.02,0.363,0,0.02,0.363,1.0,2.0,6.0,0.0,659.2675179451845,1.0,2001.0,0.0,0.0,0,1,1,0,3,1,0,0,0,0,0,,0,0,1,0,1,0,1,0,0,0,1,USA,0,0,2001,2002,2.0,3.0,9233,3077.6666666666665,2001.5,1,0,0,0,0,1,0,0,0,0,0,0,1,0,1,0,0,0,0,1,1.605,2004,36.833333333333336,2006,USA2001
2555,127,Johnson et al. (2006),0.194,0.41,0,0.194,0.41,1.0,2.0,6.0,0.0,659.2675179451845,1.0,2001.0,0.0,0.0,0,1,1,0,3,1,0,0,0,0,0,,0,0,1,0,1,0,1,0,0,0,1,USA,0,0,2001,2002,2.0,3.0,9233,3077.6666666666665,2001.5,1,0,0,0,0,1,0,0,0,0,0,0,1,0,1,0,0,0,0,1,1.605,2004,36.833333333333336,2006,USA2001
2556,127,Johnson et al. (2006),-0.367,0.405,0,-0.367,0.405,1.0,2.0,6.0,0.0,642.4215014655468,1.0,2001.0,0.0,0.0,0,1,1,0,3,1,0,0,0,0,0,,0,0,1,0,1,0,1,0,0,0,1,USA,0,0,2001,2002,2.0,3.0,5951,1983.6666666666667,2001.5,1,0,0,0,0,1,0,0,0,0,0,0,1,0,1,0,0,0,0,1,1.605,2004,36.833333333333336,2006,USA2001
2557,127,Johnson et al. (2006),-0.203,0.501,0,-0.203,0.501,1.0,2.0,6.0,0.0,642.4215014655468,1.0,2001.0,0.0,0.0,0,1,1,0,3,1,0,0,0,0,0,,0,0,1,0,1,0,1,0,0,0,1,USA,0,0,2001,2002,2.0,3.0,5951,1983.6666666666667,2001.5,1,0,0,0,0,1,0,0,0,0,0,0,1,0,1,0,0,0,0,1,1.605,2004,36.833333333333336,2006,USA2001
2558,127,Johnson et al. (2006),0.377,0.323,0,0.377,0.323,1.0,2.0,6.0,0.0,630.2549340080307,1.0,2001.0,0.0,0.0,0,1,1,0,3,1,0,0,0,0,0,,0,0,1,0,1,0,1,0,0,1,1,USA,0,0,2001,2002,2.0,3.0,12730,4243.333333333333,2001.5,1,0,0,0,0,1,0,0,0,0,0,0,1,0,1,0,0,0,0,1,1.605,2004,36.833333333333336,2006,USA2001
2559,127,Johnson et al. (2006),0.967,0.37,0,0.967,0.37,1.0,2.0,6.0,0.0,630.2549340080307,1.0,2001.0,0.0,0.0,0,1,1,0,3,1,0,0,0,0,0,,0,0,1,0,1,0,1,0,0,1,1,USA,0,0,2001,2002,2.0,3.0,12730,4243.333333333333,2001.5,1,0,0,0,0,1,0,0,0,0,0,0,1,0,1,0,0,0,0,1,1.605,2004,36.833333333333336,2006,USA2001
2560,127,Johnson et al. (2006),0.604,0.347,0,0.604,0.347,1.0,2.0,6.0,0.0,482.25064636549996,1.0,2001.0,0.0,0.0,0,1,1,0,3,1,0,0,0,0,0,,0,0,1,0,1,0,1,0,0,1,1,USA,0,0,2001,2002,2.0,3.0,9233,3077.6666666666665,2001.5,1,0,0,0,0,1,0,0,0,0,0,0,1,0,1,0,0,0,0,1,1.605,2004,36.833333333333336,2006,USA2001
2561,127,Johnson et al. (2006),1.38,0.428,0,1.38,0.428,1.0,2.0,6.0,0.0,482.25064636549996,1.0,2001.0,0.0,0.0,0,1,1,0,3,1,0,0,0,0,0,,0,0,1,0,1,0,1,0,0,1,1,USA,0,0,2001,2002,2.0,3.0,9233,3077.6666666666665,2001.5,1,0,0,0,0,1,0,0,0,0,0,0,1,0,1,0,0,0,0,1,1.605,2004,36.833333333333336,2006,USA2001
2562,127,Johnson et al. (2006),0.481,0.364,0,0.481,0.364,1.0,2.0,6.0,0.0,577.71140641678,1.0,2001.0,0.0,0.0,0,1,1,0,3,1,0,0,0,0,0,,0,0,1,0,1,0,1,0,0,1,1,USA,0,0,2001,2002,2.0,3.0,5951,1983.6666666666667,2001.5,1,0,0,0,0,1,0,0,0,0,0,0,1,0,1,0,0,0,0,1,1.605,2004,36.833333333333336,2006,USA2001
2563,127,Johnson et al. (2006),1.256,0.425,0,1.256,0.425,1.0,2.0,6.0,0.0,577.71140641678,1.0,2001.0,0.0,0.0,0,1,1,0,3,1,0,0,0,0,0,,0,0,1,0,1,0,1,0,0,1,1,USA,0,0,2001,2002,2.0,3.0,5951,1983.6666666666667,2001.5,1,0,0,0,0,1,0,0,0,0,0,0,1,0,1,0,0,0,0,1,1.605,2004,36.833333333333336,2006,USA2001
2564,127,Johnson et al. (2006),-0.001,0.395,0,-0.001,0.395,1.0,2.0,6.0,0.0,595.2259156138635,1.0,2001.0,0.0,0.0,0,1,1,0,3,1,0,0,0,0,0,,0,0,1,0,1,0,1,1,0,0,1,USA,0,0,2001,2002,2.0,3.0,12730,4243.333333333333,2001.5,1,0,0,0,0,1,0,0,0,0,0,0,1,0,1,0,0,0,0,1,1.605,2004,36.833333333333336,2006,USA2001
2565,127,Johnson et al. (2006),0.554,0.476,0,0.554,0.476,1.0,2.0,6.0,0.0,595.2259156138635,1.0,2001.0,0.0,0.0,0,1,1,0,3,1,0,0,0,0,0,,0,0,1,0,1,0,1,1,0,0,1,USA,0,0,2001,2002,2.0,3.0,12730,4243.333333333333,2001.5,1,0,0,0,0,1,0,0,0,0,0,0,1,0,1,0,0,0,0,1,1.605,2004,36.833333333333336,2006,USA2001
2566,127,Johnson et al. (2006),0.259,0.421,0,0.259,0.421,1.0,2.0,6.0,0.0,703.9228314705731,1.0,2001.0,0.0,0.0,0,1,1,0,3,1,0,0,0,0,0,,0,0,1,0,1,0,1,1,0,0,1,USA,0,0,2001,2002,2.0,3.0,9233,3077.6666666666665,2001.5,1,0,0,0,0,1,0,0,0,0,0,0,1,0,1,0,0,0,0,1,1.605,2004,36.833333333333336,2006,USA2001
2567,127,Johnson et al. (2006),0.461,0.507,0,0.461,0.507,1.0,2.0,6.0,0.0,703.9228314705731,1.0,2001.0,0.0,0.0,0,1,1,0,3,1,0,0,0,0,0,,0,0,1,0,1,0,1,1,0,0,1,USA,0,0,2001,2002,2.0,3.0,9233,3077.6666666666665,2001.5,1,0,0,0,0,1,0,0,0,0,0,0,1,0,1,0,0,0,0,1,1.605,2004,36.833333333333336,2006,USA2001
2568,127,Johnson et al. (2006),-0.403,0.569,0,-0.403,0.569,1.0,2.0,6.0,0.0,656.1924514449331,1.0,2001.0,0.0,0.0,0,1,1,0,3,1,0,0,0,0,0,,0,0,1,0,1,0,1,1,0,0,1,USA,0,0,2001,2002,2.0,3.0,5951,1983.6666666666667,2001.5,1,0,0,0,0,1,0,0,0,0,0,0,1,0,1,0,0,0,0,1,1.605,2004,36.833333333333336,2006,USA2001
2569,127,Johnson et al. (2006),-0.065,0.704,0,-0.065,0.704,1.0,2.0,6.0,0.0,656.1924514449331,1.0,2001.0,0.0,0.0,0,1,1,0,3,1,0,0,0,0,0,,0,0,1,0,1,0,1,1,0,0,1,USA,0,0,2001,2002,2.0,3.0,5951,1983.6666666666667,2001.5,1,0,0,0,0,1,0,0,0,0,0,0,1,0,1,0,0,0,0,1,1.605,2004,36.833333333333336,2006,USA2001
2570,127,Johnson et al. (2006),0.054,0.038,0,0.054,0.038,1.0,0.0,3.0,1.0,641.7530087481009,1.0,2001.0,0.0,0.0,0,1,1,0,3,1,0,0,0,0,1,food at home,1,0,1,0,1,1,0,0,0,0,1,USA,0,0,2001,2002,2.0,3.0,12730,4243.333333333333,2001.5,1,0,0,0,0,1,0,0,0,0,0,0,1,0,1,0,0,0,0,1,1.605,2004,36.833333333333336,2006,USA2001
2571,127,Johnson et al. (2006),0.045,0.038,0,0.045,0.038,1.0,0.0,3.0,1.0,641.7530087481009,1.0,2001.0,0.0,0.0,0,1,1,0,3,1,0,0,0,0,1,food away,1,0,1,0,1,1,0,0,0,0,1,USA,0,0,2001,2002,2.0,3.0,12730,4243.333333333333,2001.5,1,0,0,0,0,1,0,0,0,0,0,0,1,0,1,0,0,0,0,1,1.605,2004,36.833333333333336,2006,USA2001
2572,127,Johnson et al. (2006),0.004,0.011,0,0.004,0.011,1.0,0.0,3.0,1.0,641.7530087481009,1.0,2001.0,0.0,0.0,0,1,1,0,3,1,0,0,0,0,1,alcohol,1,0,1,0,1,1,0,0,0,0,1,USA,0,0,2001,2002,2.0,3.0,12730,4243.33333333333,2001.5,1,0,0,0,0,1,0,0,0,0,0,0,1,0,1,0,0,0,0,1,1.605,2004,36.833333333333336,2006,USA2001
2573,127,Johnson et al. (2006),0.036,0.027,0,0.036,0.027,1.0,0.0,3.0,1.0,641.7530087481009,1.0,2001.0,0.0,0.0,0,1,1,0,3,1,0,0,0,0,0,"utilities, household operations",1,0,1,0,1,1,0,0,0,0,1,USA,0,0,2001,2002,2.0,3.0,12730,4243.33333333333,2001.5,1,0,0,0,0,1,0,0,0,0,0,0,1,0,1,0,0,0,0,1,1.605,2004,36.833333333333336,2006,USA2001
2574,127,Johnson et al. (2006),0.067,0.058,0,0.067,0.058,1.0,0.0,3.0,1.0,641.7530087481009,1.0,2001.0,0.0,0.0,0,1,1,0,3,1,0,0,0,0,0,"personal care, misc",1,0,1,0,1,1,0,0,0,0,1,USA,0,0,2001,2002,2.0,3.0,12730,4243.33333333333,2001.5,1,0,0,0,0,1,0,0,0,0,0,0,1,0,1,0,0,0,0,1,1.605,2004,36.833333333333336,2006,USA2001
2575,127,Johnson et al. (2006),0.002,0.044,0,0.002,0.044,1.0,0.0,3.0,1.0,641.7530087481009,1.0,2001.0,0.0,0.0,0,1,1,0,3,1,0,0,0,0,0,"gas, fuel, transportation",1,0,1,0,1,1,0,0,0,0,1,USA,0,0,2001,2002,2.0,3.0,12730,4243.33333333333,2001.5,1,0,0,0,0,1,0,0,0,0,0,0,1,0,1,0,0,0,0,1,1.605,2004,36.833333333333336,2006,USA2001
2576,127,Johnson et al. (2006),0.0,0.007,0,0.0,0.007,1.0,0.0,3.0,1.0,641.7530087481009,1.0,2001.0,0.0,0.0,0,1,1,0,3,1,0,0,0,0,0,tobacco,1,0,1,0,1,1,0,0,0,0,1,USA,0,0,2001,2002,2.0,3.0,12730,4243.33333333333,2001.5,1,0,0,0,0,1,0,0,0,0,0,0,1,0,1,0,0,0,0,1,1.605,2004,36.833333333333336,2006,USA2001
2577,127,Johnson et al. (2006),0.074,0.044,0,0.074,0.044,1.0,0.0,3.0,1.0,641.7530087481009,1.0,2001.0,0.0,0.0,0,1,1,0,3,1,0,0,0,0,0,apparel,1,0,1,0,1,1,0,0,0,0,1,USA,0,0,2001,2002,2.0,3.0,12730,4243.33333333333,2001.5,1,0,0,0,0,1,0,0,0,0,0,0,1,0,1,0,0,0,0,1,1.605,2004,36.833333333333336,2006,USA2001
2578,127,Johnson et al. (2006),0.098,0.04,0,0.098,0.04,1.0,0.0,3.0,1.0,641.7530087481009,1.0,2001.0,0.0,0.0,0,1,1,0,3,1,0,0,0,0,0,health,1,0,1,0,1,1,0,0,0,0,1,USA,0,0,2001,2002,2.0,3.0,12730,4243.33333333333,2001.5,1,0,0,0,0,1,0,0,0,0,0,0,1,0,1,0,0,0,0,1,1.605,2004,36.833333333333336,2006,USA2001
2579,127,Johnson et al. (2006),0.005,0.004,0,0.005,0.004,1.0,0.0,3.0,1.0,641.7530087481009,1.0,2001.0,0.0,0.0,0,1,1,0,3,1,0,0,0,0,0,reading,1,0,1,0,1,1,0,0,0,0,1,USA,0,0,2001,2002,2.0,3.0,12730,4243.33333333333,2001.5,1,0,0,0,0,1,0,0,0,0,0,0,1,0,1,0,0,0,0,1,1.605,2004,36.833333333333336,2006,USA2001
2580,127,Johnson et al. (2006),0.114,0.085,0,0.114,0.085,1.0,2.0,6.0,0.0,641.7530087481009,1.0,2001.0,0.0,0.0,0,1,1,0,3,1,0,0,0,0,1,food at home,1,0,1,0,1,0,1,0,0,0,1,USA,0,0,2001,2002,2.0,3.0,12730,4243.33333333333,2001.5,1,0,0,0,0,1,0,0,0,0,0,0,1,0,1,0,0,0,0,1,1.605,2004,36.833333333333336,2006,USA2001
2581,127,Johnson et al. (2006),0.051,0.079,0,0.051,0.079,1.0,2.0,6.0,0.0,641.7530087481009,1.0,2001.0,0.0,0.0,0,1,1,0,3,1,0,0,0,0,1,food away,1,0,1,0,1,0,1,0,0,0,1,USA,0,0,2001,2002,2.0,3.0,12730,4243.33333333333,2001.5,1,0,0,0,0,1,0,0,0,0,0,0,1,0,1,0,0,0,0,1,1.605,2004,36.833333333333336,2006,USA2001
2582,127,Johnson et al. (2006),0.01,0.022,0,0.01,0.022,1.0,2.0,6.0,0.0,641.7530087481009,1.0,2001.0,0.0,0.0,0,1,1,0,3,1,0,0,0,0,1,alcohol,1,0,1,0,1,0,1,0,0,0,1,USA,0,0,2001,2002,2.0,3.0,12730,4243.33333333333,2001.5,1,0,0,0,0,1,0,0,0,0,0,0,1,0,1,0,0,0,0,1,1.605,2004,36.833333333333336,2006,USA2001
2583,127,Johnson et al. (2006),0.067,0.056,0,0.067,0.056,1.0,2.0,6.0,0.0,641.7530087481009,1.0,2001.0,0.0,0.0,0,1,1,0,3,1,0,0,0,0,0,"utilities, household operations",1,0,1,0,1,0,1,0,0,0,1,USA,0,0,2001,2002,2.0,3.0,12730,4243.33333333333,2001.5,1,0,0,0,0,1,0,0,0,0,0,0,1,0,1,0,0,0,0,1,1.605,2004,36.833333333333336,2006,USA2001
2584,127,Johnson et al. (2006),0.064,0.107,0,0.064,0.107,1.0,2.0,6.0,0.0,641.7530087481009,1.0,2001.0,0.0,0.0,0,1,1,0,3,1,0,0,0,0,0,"personal care, misc",1,0,1,0,1,0,1,0,0,0,1,USA,0,0,2001,2002,2.0,3.0,12730,4243.33333333333,2001.5,1,0,0,0,0,1,0,0,0,0,0,0,1,0,1,0,0,0,0,1,1.605,2004,36.833333333333336,2006,USA2001
2585,127,Johnson et al. (2006),-0.074,0.083,0,-0.074,0.083,1.0,2.0,6.0,0.0,641.7530087481009,1.0,2001.0,0.0,0.0,0,1,1,0,3,1,0,0,0,0,0,"gas, fuel, transportation",1,0,1,0,1,0,1,0,0,0,1,USA,0,0,2001,2002,2.0,3.0,12730,4243.33333333333,2001.5,1,0,0,0,0,1,0,0,0,0,0,0,1,0,1,0,0,0,0,1,1.605,2004,36.833333333333336,2006,USA2001
2586,127,Johnson et al. (2006),-0.005,0.015,0,-0.005,0.015,1.0,2.0,6.0,0.0,641.7530087481009,1.0,2001.0,0.0,0.0,0,1,1,0,3,1,0,0,0,0,0,tobacco,1,0,1,0,1,0,1,0,0,0,1,USA,0,0,2001,2002,2.0,3.0,12730,4243.33333333333,2001.5,1,0,0,0,0,1,0,0,0,0,0,0,1,0,1,0,0,0,0,1,1.605,2004,36.833333333333336,2006,USA2001
2587,127,Johnson et al. (2006),0.234,0.09,0,0.234,0.09,1.0,2.0,6.0,0.0,641.7530087481009,1.0,2001.0,0.0,0.0,0,1,1,0,3,1,0,0,0,0,0,apparel,1,0,1,0,1,0,1,0,0,0,1,USA,0,0,2001,2002,2.0,3.0,12730,4243.33333333333,2001.5,1,0,0,0,0,1,0,0,0,0,0,0,1,0,1,0,0,0,0,1,1.605,2004,36.833333333333336,2006,USA2001
2588,127,Johnson et al. (2006),0.187,0.082,0,0.187,0.082,1.0,2.0,6.0,0.0,641.7530087481009,1.0,2001.0,0.0,0.0,0,1,1,0,3,1,0,0,0,0,0,health,1,0,1,0,1,0,1,0,0,0,1,USA,0,0,2001,2002,2.0,3.0,12730,4243.33333333333,2001.5,1,0,0,0,0,1,0,0,0,0,0,0,1,0,1,0,0,0,0,1,1.605,2004,36.833333333333336,2006,USA2001
2589,127,Johnson et al. (2006),0.011,0.008,0,0.011,0.008,1.0,2.0,6.0,0.0,641.7530087481009,1.0,2001.0,0.0,0.0,0,1,1,0,3,1,0,0,0,0,0,reading,1,0,1,0,1,0,1,0,0,0,1,USA,0,0,2001,2002,2.0,3.0,12730,4243.33333333333,2001.5,1,0,0,0,0,1,0,0,0,0,0,0,1,0,1,0,0,0,0,1,1.605,2004,36.833333333333336,2006,USA2001
2590,128,Jappelli et al. (2011),0.282,0.081,0,,,,,,,,,,,,0,1,1,1,6,1,0,0,0,0,0,,0,0,0,0,1,0,0,0,0,0,0,Italy,1,0,1987,2006,20.0,4.625,185,40.0,1996.5,0,0,0,0,0,1,0,1,0,0,0,0,1,0,0,1,0,0,0,0,1.052,2008,5.0,2011,Italy1987
2591,128,Jappelli et al. (2011),0.244,0.116,0,,,,,,,,,,,,0,1,1,1,6,1,0,0,0,0,0,,0,0,0,0,1,0,0,0,0,0,0,Italy,1,0,1987,1998,12.0,4.625,185,40.0,1992.5,0,0,0,0,0,1,0,1,0,0,0,0,1,0,0,1,0,1,0,0,1.052,2008,5.0,2011,Italy1987
2592,128,Jappelli et al. (2011),0.295,0.097,0,,,,,,,,,,,,0,1,1,1,6,1,0,0,0,0,0,,0,0,0,0,1,0,0,0,0,0,0,Italy,1,0,1987,1998,12.0,4.625,185,40.0,1992.5,0,0,0,0,0,1,0,1,0,0,0,0,1,0,0,1,0,1,0,0,1.052,2008,5.0,2011,Italy1987
2593,128,Jappelli et al. (2011),0.224,0.139,0,,,,,,,,,,,,0,1,1,1,6,1,0,0,0,0,0,,0,0,0,0,1,0,0,0,0,0,0,Italy,1,0,1987,2006,20.0,2.05,82,40.0,1996.5,0,0,0,0,0,1,0,1,0,0,0,0,1,0,0,1,0,0,0,0,1.052,2008,5.0,2011,Italy1987
2594,128,Jappelli et al. (2011),0.053,0.691,0,,,,,,,,,,,,0,1,1,1,6,1,0,0,0,0,0,,0,0,0,0,1,0,0,0,0,0,0,Italy,1,0,1987,1998,12.0,2.05,82,40.0,1992.5,0,0,0,0,0,1,0,1,0,0,0,0,1,0,0,1,0,1,0,0,1.052,2008,5.0,2011,Italy1987
2595,128,Jappelli et al. (2011),0.114,0.32,0,,,,,,,,,,,,0,1,1,1,6,1,0,0,0,0,0,,0,0,0,0,1,0,0,0,0,0,0,Italy,1,0,1987,1998,12.0,2.05,82,40.0,1992.5,0,0,0,0,0,1,0,1,0,0,0,0,1,0,0,1,0,1,0,0,1.052,2008,5.0,2011,Italy1987
2596,128,Jappelli et al. (2011),0.274,0.21246176126540983,0,,,,,,,,,,,,0,1,1,1,6,1,0,0,0,0,0,,0,0,0,0,1,0,0,0,0,0,0,Italy,1,0,1999,2006,8.0,4.625,185,40.0,2002.5,0,0,0,0,0,1,0,1,0,0,0,0,1,0,0,1,0,1,0,0,1.052,2008,5.0,2011,Italy1999
2597,128,Jappelli et al. (2011),0.258,0.2000849819451725,0,,,,,,,,,,,,0,1,1,1,6,1,0,0,0,0,0,,0,0,0,0,1,0,0,0,0,0,0,Italy,1,0,1999,2006,8.0,4.625,185,40.0,2002.5,0,0,0,0,0,1,0,1,0,0,0,0,1,0,0,1,0,1,0,0,1.052,2008,5.0,2011,Italy1999
2598,128,Jappelli et al. (2011),0.427,0.9871707045896367,0,,,,,,,,,,,,0,1,1,1,6,1,0,0,0,0,0,,0,0,0,0,1,0,0,0,0,0,0,Italy,1,0,1999,2006,8.0,2.05,82,40.0,2002.5,0,0,0,0,0,1,0,1,0,0,0,0,1,0,0,1,0,1,0,0,1.052,2008,5.0,2011,Italy1999
2599,128,Jappelli et al. (2011),0.382,0.47276209661943075,0,,,,,,,,,,,,0,1,1,1,6,1,0,0,0,0,0,,0,0,0,0,1,0,0,0,0,0,0,Italy,1,0,1999,2006,8.0,2.05,82,40.0,2002.5,0,0,0,0,0,1,0,1,0,0,0,0,1,0,0,1,0,1,0,0,1.052,2008,5.0,2011,Italy1999
2600,128,Jappelli et al. (2011),0.205,0.133,0,,,,,,,,,,,,0,1,1,1,6,1,0,0,0,0,0,,0,0,0,0,1,0,0,0,0,0,0,Italy,1,0,1987,2006,20.0,6.214285714285714,87,14.0,1996.5,0,0,0,0,0,1,0,1,0,0,0,0,1,0,0,1,0,0,0,0,1.052,2008,5.0,2011,Italy1987
2601,128,Jappelli et al. (2011),0.184,0.168,0,,,,,,,,,,,,0,1,1,1,6,1,0,0,0,0,0,,0,0,0,0,1,0,0,0,0,0,0,Italy,1,0,1987,1998,12.0,6.214285714285714,87,14.0,1992.5,0,0,0,0,0,1,0,1,0,0,0,0,1,0,0,1,0,1,0,0,1.052,2008,5.0,2011,Italy1987
2602,128,Jappelli et al. (2011),0.218,0.148,0,,,,,,,,,,,,0,1,1,1,6,1,0,0,0,0,0,,0,0,0,0,1,0,0,0,0,0,0,Italy,1,0,1987,1998,12.0,6.214285714285714,87,14.0,1992.5,0,0,0,0,0,1,0,1,0,0,0,0,1,0,0,1,0,1,0,0,1.052,2008,5.0,2011,Italy1987
2603,128,Jappelli et al. (2011),0.273,0.095,0,,,,,,,,,,,,0,1,1,1,6,1,0,0,0,0,0,,0,0,0,0,1,0,0,0,0,0,0,Italy,1,0,1987,2006,20.0,3.7857142857142856,53,14.0,1996.5,0,0,0,0,0,1,0,1,0,0,0,0,1,0,0,1,0,0,0,0,1.052,2008,5.0,2011,Italy1987
2604,128,Jappelli et al. (2011),0.231,0.14,0,,,,,,,,,,,,0,1,1,1,6,1,0,0,0,0,0,,0,0,0,0,1,0,0,0,0,0,0,Italy,1,0,1987,1998,12.0,3.7857142857142856,53,14.0,1992.5,0,0,0,0,0,1,0,1,0,0,0,0,1,0,0,1,0,1,0,0,1.052,2008,5.0,2011,Italy1987
2605,128,Jappelli et al. (2011),0.256,0.122,0,,,,,,,,,,,,0,1,1,1,6,1,0,0,0,0,0,,0,0,0,0,1,0,0,0,0,0,0,Italy,1,0,1987,1998,12.0,3.7857142857142856,53,14.0,1992.5,0,0,0,0,0,1,0,1,0,0,0,0,1,0,0,1,0,1,0,0,1.052,2008,5.0,2011,Italy1987
2606,128,Jappelli et al. (2011),0.305,0.28644022063949054,0,,,,,,,,,,,,0,1,1,1,6,1,0,0,0,0,0,,0,0,0,0,1,0,0,0,0,0,0,Italy,1,0,1999,2006,8.0,6.214285714285714,87,14.0,2002.5,0,0,0,0,0,1,0,1,0,0,0,0,1,0,0,1,0,1,0,0,1.052,2008,5.0,2011,Italy1999
2607,128,Jappelli et al. (2011),0.167,0.36166835637086087,0,,,,,,,,,,,,0,1,1,1,6,1,0,0,0,0,0,,0,0,0,0,1,0,0,0,0,0,0,Italy,1,0,1999,2006,8.0,6.214285714285714,87,14.0,2002.5,0,0,0,0,0,1,0,1,0,0,0,0,1,0,0,1,0,1,0,0,1.052,2008,5.0,2011,Italy1999
2608,128,Jappelli et al. (2011),0.338,0.24086510747719359,0,,,,,,,,,,,,0,1,1,1,6,1,0,0,0,0,0,,0,0,0,0,1,0,0,0,0,0,0,Italy,1,0,1999,2006,8.0,3.7857142857142856,53,14.0,2002.5,0,0,0,0,0,1,0,1,0,0,0,0,1,0,0,1,0,1,0,0,1.052,2008,5.0,2011,Italy1999
2609,128,Jappelli et al. (2011),0.306,0.21827734651126762,0,,,,,,,,,,,,0,1,1,1,6,1,0,0,0,0,0,,0,0,0,0,1,0,0,0,0,0,0,Italy,1,0,1999,2006,8.0,3.7857142857142856,53,14.0,2002.5,0,0,0,0,0,1,0,1,0,0,0,0,1,0,0,1,0,1,0,0,1.052,2008,5.0,2011,Italy1999
2610,128,Jappelli et al. (2011),0.327,0.109,0,,,,,,,,,,,,0,1,1,1,6,1,0,0,0,0,0,,0,0,0,0,1,0,0,0,0,0,0,Italy,1,0,1987,2006,20.0,4.0,32,8.0,1996.5,0,0,0,0,0,1,0,1,0,0,0,0,1,0,0,1,0,0,0,0,1.052,2008,5.0,2011,Italy1987
2611,128,Jappelli et al. (2011),0.356,0.115,0,,,,,,,,,,,,0,1,1,1,6,1,0,0,0,0,0,,0,0,0,0,1,0,0,0,0,0,0,Italy,1,0,1987,1998,12.0,4.0,32,8.0,1992.5,0,0,0,0,0,1,0,1,0,0,0,0,1,0,0,1,0,1,0,0,1.052,2008,5.0,2011,Italy1987
2612,128,Jappelli et al. (2011),0.354,0.11,0,,,,,,,,,,,,0,1,1,1,6,1,0,0,0,0,0,,0,0,0,0,1,0,0,0,0,0,0,Italy,1,0,1987,1998,12.0,4.0,32,8.0,1992.5,0,0,0,0,0,1,0,1,0,0,0,0,1,0,0,1,0,1,0,0,1.052,2008,5.0,2011,Italy1987
2613,128,Jappelli et al. (2011),0.337,0.09,0,,,,,,,,,,,,0,1,1,1,6,1,0,0,0,0,0,,0,0,0,0,1,0,0,0,0,0,0,Italy,1,0,1987,2006,20.0,3.875,31,8.0,1996.5,0,0,0,0,0,1,0,1,0,0,0,0,1,0,0,1,0,0,0,0,1.052,2008,5.0,2011,Italy1987
2614,128,Jappelli et al. (2011),0.421,0.137,0,,,,,,,,,,,,0,1,1,1,6,1,0,0,0,0,0,,0,0,0,0,1,0,0,0,0,0,0,Italy,1,0,1987,1998,12.0,3.875,31,8.0,1992.5,0,0,0,0,0,1,0,1,0,0,0,0,1,0,0,1,0,1,0,0,1.052,2008,5.0,2011,Italy1987
2615,128,Jappelli et al. (2011),0.451,0.119,0,,,,,,,,,,,,0,1,1,1,6,1,0,0,0,0,0,,0,0,0,0,1,0,0,0,0,0,0,Italy,1,0,1987,1998,12.0,3.875,31,8.0,1992.5,0,0,0,0,0,1,0,1,0,0,0,0,1,0,0,1,0,1,0,0,1.052,2008,5.0,2011,Italy1987
2616,128,Jappelli et al. (2011),0.147,0.5795248053362341,0,,,,,,,,,,,,0,1,1,1,6,1,0,0,0,0,0,,0,0,0,0,1,0,0,0,0,0,0,Italy,1,0,1999,2006,8.0,4.0,32,8.0,2002.5,0,0,0,0,0,1,0,1,0,0,0,0,1,0,0,1,0,1,0,0,1.052,2008,5.0,2011,Italy1999
2617,128,Jappelli et al. (2011),0.16699999999999998,0.45548216210956055,0,,,,,,,,,,,,0,1,1,1,6,1,0,0,0,0,0,,0,0,0,0,1,0,0,0,0,0,0,Italy,1,0,1999,2006,8.0,4.0,32,8.0,2002.5,0,0,0,0,0,1,0,1,0,0,0,0,1,0,0,1,0,1,0,0,1.052,2008,5.0,2011,Italy1999
2618,128,Jappelli et al. (2011),0.261,0.2407758293517022,0,,,,,,,,,,,,0,1,1,1,6,1,0,0,0,0,0,,0,0,0,0,1,0,0,0,0,0,0,Italy,1,0,1999,2006,8.0,3.875,31,8.0,2002.5,0,0,0,0,0,1,0,1,0,0,0,0,1,0,0,1,0,1,0,0,1.052,2008,5.0,2011,Italy1999
2619,128,Jappelli et al. (2011),0.265,0.21996817951694742,0,,,,,,,,,,,,0,1,1,1,6,1,0,0,0,0,0,,0,0,0,0,1,0,0,0,0,0,0,Italy,1,0,1999,2006,8.0,3.875,31,8.0,2002.5,0,0,0,0,0,1,0,1,0,0,0,0,1,0,0,1,0,1,0,0,1.052,2008,5.0,2011,Italy1999
2620,128,Jappelli et al. (2011),0.033,0.016,0,,,,,,,,,,,,0,1,1,1,6,1,0,0,0,0,0,,0,0,0,0,1,0,0,1,0,0,0,Italy,1,0,1987,2006,20.0,4.625,185,40.0,1996.5,0,0,0,0,0,1,0,1,0,0,0,0,1,0,0,1,0,0,0,0,1.052,2008,5.0,2011,Italy1987
2621,128,Jappelli et al. (2011),-0.009,0.041,0,,,,,,,,,,,,0,1,1,1,6,1,0,0,0,0,0,,0,0,0,0,1,0,0,1,0,0,0,Italy,1,0,1987,2006,20.0,2.05,82,40.0,1996.5,0,0,0,0,0,1,0,1,0,0,0,0,1,0,0,1,0,0,0,0,1.052,2008,5.0,2011,Italy1987
2622,128,Jappelli et al. (2011),-0.13,0.153,0,,,,,,,,,,,,0,1,1,1,6,1,0,0,0,0,0,,0,0,0,0,1,0,0,0,0,0,0,Italy,1,0,1987,1998,12.0,4.5,180,40.0,1992.5,0,0,0,0,0,1,0,1,0,0,0,0,1,0,0,1,0,1,0,0,1.052,2008,5.0,2011,Italy1987
2623,128,Jappelli et al. (2011),0.045,0.311,0,,,,,,,,,,,,0,1,1,1,6,1,0,0,0,0,0,,0,0,0,0,1,0,0,0,0,0,0,Italy,1,0,1987,1998,12.0,1.525,61,40.0,1992.5,0,0,0,0,0,1,0,1,0,0,0,0,1,0,0,1,0,1,0,0,1.052,2008,5.0,2011,Italy1987
2624,128,Jappelli et al. (2011),0.12,0.211482859825566,0,,,,,,,,,,,,0,1,1,1,6,1,0,0,0,0,0,,0,0,0,0,1,0,0,0,0,0,0,Italy,1,0,1999,2006,8.0,4.5,180,40.0,2002.5,0,0,0,0,0,1,0,1,0,0,0,0,1,0,0,1,0,1,0,0,1.052,2008,5.0,2011,Italy1999
2625,128,Jappelli et al. (2011),0.21000000000000002,0.35491125651351213,0,,,,,,,,,,,,0,1,1,1,6,1,0,0,0,0,0,,0,0,0,0,1,0,0,0,0,0,0,Italy,1,0,1999,2006,8.0,1.525,61,40.0,2002.5,0,0,0,0,0,1,0,1,0,0,0,0,1,0,0,1,0,1,0,0,1.052,2008,5.0,2011,Italy1999
2626,128,Jappelli et al. (2011),-0.475,0.144,0,,,,,,,,,,,,0,1,1,1,6,1,0,0,0,0,0,,0,0,0,0,1,0,0,0,0,0,0,Italy,1,0,1987,1998,12.0,4.625,185,40.0,1992.5,0,0,0,0,0,1,0,1,0,0,0,0,1,0,0,1,0,1,0,0,1.052,2008,5.0,2011,Italy1987
2627,128,Jappelli et al. (2011),-0.177,0.22,0,,,,,,,,,,,,0,1,1,1,6,1,0,0,0,0,0,,0,0,0,0,1,0,0,0,0,0,0,Italy,1,0,1987,1998,12.0,2.05,82,40.0,1992.5,0,0,0,0,0,1,0,1,0,0,0,0,1,0,0,1,0,1,0,0,1.052,2008,5.0,2011,Italy1987
2628,128,Jappelli et al. (2011),-0.124,0.1812070638799713,0,,,,,,,,,,,,0,1,1,1,6,1,0,0,0,0,0,,0,0,0,0,1,0,0,0,0,0,0,Italy,1,0,1999,2006,8.0,4.625,185,40.0,2002.5,0,0,0,0,0,1,0,1,0,0,0,0,1,0,0,1,0,1,0,0,1.052,2008,5.0,2011,Italy1999
2629,128,Jappelli et al. (2011),0.10200000000000004,0.26293725487271674,0,,,,,,,,,,,,0,1,1,1,6,1,0,0,0,0,0,,0,0,0,0,1,0,0,0,0,0,0,Italy,1,0,1999,2006,8.0,2.05,82,40.0,2002.5,0,0,0,0,0,1,0,1,0,0,0,0,1,0,0,1,0,1,0,0,1.052,2008,5.0,2011,Italy1999
2630,128,Jappelli et al. (2011),-0.088,0.204,0,,,,,,,,,,,,0,1,1,1,6,1,0,0,0,0,0,,0,0,0,0,1,0,0,0,0,0,0,Italy+UK,1,0,1987,1998,12.0,3.525,282,80.0,1992.5,0,0,0,0,0,1,0,1,0,0,0,0,1,0,0,1,0,1,0,0,1.052,2008,5.0,2011,Italy+UK1987
2631,128,Jappelli et al. (2011),0.319,0.279,0,,,,,,,,,,,,0,1,1,1,6,1,0,0,0,0,0,,0,0,0,0,1,0,0,0,0,0,0,Italy+UK,1,0,1987,1998,12.0,2.0,160,80.0,1992.5,0,0,0,0,0,1,0,1,0,0,0,0,1,0,0,1,0,1,0,0,1.052,2008,5.0,2011,Italy+UK1987
2632,128,Jappelli et al. (2011),-0.10899999999999999,0.397275722892804,0,,,,,,,,,,,,0,1,1,1,6,1,0,0,0,0,0,,0,0,0,0,1,0,0,0,0,0,0,Italy,1,0,1999,2006,8.0,3.525,282,80.0,2002.5,0,0,0,0,0,1,0,1,0,0,0,0,1,0,0,1,0,1,0,0,1.052,2008,5.0,2011,Italy1999
2633,128,Jappelli et al. (2011),0.5489999999999999,0.5362518065237637,0,,,,,,,,,,,,0,1,1,1,6,1,0,0,0,0,0,,0,0,0,0,1,0,0,0,0,0,0,Italy,1,0,1999,2006,8.0,2.0,160,80.0,2002.5,0,0,0,0,0,1,0,1,0,0,0,0,1,0,0,1,0,1,0,0,1.052,2008,5.0,2011,Italy1999
2634,128,Jappelli et al. (2011),-0.08199999999999999,0.3119487137335238,0,,,,,,,,,,,,0,1,1,1,6,1,0,0,0,0,0,,0,0,0,0,1,0,0,0,0,0,0,UK,1,0,1999,2006,8.0,3.525,282,80.0,2002.5,0,0,0,0,0,1,0,1,0,0,0,0,1,0,0,1,0,1,0,0,1.052,2008,5.0,2011,UK1999
2635,128,Jappelli et al. (2011),0.619,0.43827502780788236,0,,,,,,,,,,,,0,1,1,1,6,1,0,0,0,0,0,,0,0,0,0,1,0,0,0,0,0,0,UK,1,0,1999,2006,8.0,2.0,160,80.0,2002.5,0,0,0,0,0,1,0,1,0,0,0,0,1,0,0,1,0,1,0,0,1.052,2008,5.0,2011,UK1999
2636,129,Shea (1995b),0.456,0.143,0,,,,,,,,,,,,1,0,0,0,0,0,0,0,0,0,0,,0,0,1,0,1,0,0,0,0,0,0,USA,0,0,1956,1988,33.0,129.0,129,1.0,1972.0,0,0,0,0,0,1,0,1,0,1,0,0,0,0,0,0,0,1,0,0,0.768,1993,5.739130434782608,1995,USA1956
2637,129,Shea (1995b),0.481,0.117,0,,,,,,,,,,,,1,0,0,0,0,0,0,0,0,0,0,,0,0,1,0,1,0,0,0,0,0,0,USA,0,0,1956,1988,33.0,129.0,129,1.0,1972.0,0,0,0,0,0,1,1,0,0,1,0,0,0,0,0,0,0,1,0,0,0.768,1993,5.739130434782608,1995,USA1956
2638,129,Shea (1995b),0.41,0.101,0,,,,,,,,,,,,1,0,0,0,0,0,0,0,0,0,0,,0,0,1,0,1,0,0,0,0,0,0,USA,0,0,1956,1988,33.0,129.0,129,1.0,1972.0,0,0,0,0,0,1,1,1,0,1,0,1,0,0,0,0,0,1,0,0,0.768,1993,5.739130434782608,1995,USA1956
2639,129,Shea (1995b),0.521,0.115,0,,,,,,,,,,,,1,0,0,0,0,0,0,0,0,0,0,,0,0,1,0,1,0,0,0,0,0,0,USA,0,0,1956,1988,33.0,129.0,129,1.0,1972.0,0,0,0,0,0,1,0,0,1,1,0,0,0,0,0,0,0,1,0,0,0.768,1993,5.739130434782608,1995,USA1956
2640,129,Shea (1995b),0.465,0.085,0,,,,,,,,,,,,1,0,0,0,0,0,0,0,0,0,0,,0,0,1,0,1,0,0,0,0,0,0,USA,0,0,1956,1988,33.0,129.0,129,1.0,1972.0,0,0,0,0,0,1,1,1,1,1,0,1,0,0,0,0,0,1,0,0,0.768,1993,5.739130434782608,1995,USA1956
2641,129,Shea (1995b),0.488,0.153,0,,,,,,,,,,,,1,0,0,0,0,0,0,0,0,0,0,,0,0,1,0,1,0,0,0,0,0,1,USA,0,0,1956,1988,33.0,129.0,129,1.0,1972.0,0,0,0,0,0,1,0,1,0,1,0,0,0,0,0,0,0,1,0,0,0.768,1993,5.739130434782608,1995,USA1956
2642,129,Shea (1995b),0.403,0.131,0,,,,,,,,,,,,1,0,0,0,0,0,0,0,0,0,0,,0,0,1,0,1,0,0,0,0,0,1,USA,0,0,1956,1988,33.0,129.0,129,1.0,1972.0,0,0,0,0,0,1,1,0,0,1,0,0,0,0,0,0,0,1,0,0,0.768,1993,5.739130434782608,1995,USA1956
2643,129,Shea (1995b),0.311,0.12,0,,,,,,,,,,,,1,0,0,0,0,0,0,0,0,0,0,,0,0,1,0,1,0,0,0,0,0,1,USA,0,0,1956,1988,33.0,129.0,129,1.0,1972.0,0,0,0,0,0,1,1,1,0,1,0,1,0,0,0,0,0,1,0,0,0.768,1993,5.739130434782608,1995,USA1956
2644,129,Shea (1995b),0.276,0.127,0,,,,,,,,,,,,1,0,0,0,0,0,0,0,0,0,0,,0,0,1,0,1,0,0,0,0,0,1,USA,0,0,1956,1988,33.0,129.0,129,1.0,1972.0,0,0,0,0,0,1,0,0,1,1,0,0,0,0,0,0,0,1,0,0,0.768,1993,5.739130434782608,1995,USA1956
2645,129,Shea (1995b),0.305,0.109,0,,,,,,,,,,,,1,0,0,0,0,0,0,0,0,0,0,,0,0,1,0,1,0,0,0,0,0,1,USA,0,0,1956,1988,33.0,129.0,129,1.0,1972.0,0,0,0,0,0,1,1,1,1,1,0,1,0,0,0,0,0,1,0,0,0.768,1993,5.739130434782608,1995,USA1956
2646,129,Shea (1995b),-0.179,1.112,0,,,,,,,,,,,,1,0,0,0,0,0,0,0,0,0,0,,0,0,1,0,1,0,0,0,1,0,0,USA,0,0,1956,1988,33.0,129.0,129,1.0,1972.0,0,0,0,0,0,1,0,1,0,1,0,0,0,0,0,0,0,1,0,0,0.768,1993,5.739130434782608,1995,USA1956
2647,129,Shea (1995b),1.236,0.599,0,,,,,,,,,,,,1,0,0,0,0,0,0,0,0,0,0,,0,0,1,0,1,0,0,0,1,0,0,USA,0,0,1956,1988,33.0,129.0,129,1.0,1972.0,0,0,0,0,0,1,1,0,0,1,0,0,0,0,0,0,0,1,0,0,0.768,1993,5.739130434782608,1995,USA1956
2648,129,Shea (1995b),0.983,0.392,0,,,,,,,,,,,,1,0,0,0,0,0,0,0,0,0,0,,0,0,1,0,1,0,0,0,1,0,0,USA,0,0,1956,1988,33.0,129.0,129,1.0,1972.0,0,0,0,0,0,1,1,1,0,1,0,1,0,0,0,0,0,1,0,0,0.768,1993,5.739130434782608,1995,USA1956
2649,129,Shea (1995b),3.068,0.687,0,,,,,,,,,,,,1,0,0,0,0,0,0,0,0,0,0,,0,0,1,0,1,0,0,0,1,0,0,USA,0,0,1956,1988,33.0,129.0,129,1.0,1972.0,0,0,0,0,0,1,0,0,1,1,0,0,0,0,0,0,0,1,0,0,0.768,1993,5.739130434782608,1995,USA1956
2650,129,Shea (1995b),1.082,0.283,0,,,,,,,,,,,,1,0,0,0,0,0,0,0,0,0,0,,0,0,1,0,1,0,0,0,1,0,0,USA,0,0,1956,1988,33.0,129.0,129,1.0,1972.0,0,0,0,0,0,1,1,1,1,1,0,1,0,0,0,0,0,1,0,0,0.768,1993,5.739130434782608,1995,USA1956
2651,129,Shea (1995b),0.512,0.195,0,,,,,,,,,,,,1,0,0,0,0,0,0,0,0,0,0,,0,0,1,0,1,0,0,0,0,0,0,USA,0,0,1956,1988,33.0,129.0,129,1.0,1972.0,0,0,0,0,0,1,0,1,0,1,0,0,0,0,0,0,0,1,0,0,0.768,1993,5.739130434782608,1995,USA1956
2652,129,Shea (1995b),0.528,0.138,0,,,,,,,,,,,,1,0,0,0,0,0,0,0,0,0,0,,0,0,1,0,1,0,0,0,0,0,0,USA,0,0,1956,1988,33.0,129.0,129,1.0,1972.0,0,0,0,0,0,1,1,0,0,1,0,0,0,0,0,0,0,1,0,0,0.768,1993,5.739130434782608,1995,USA1956
2653,129,Shea (1995b),0.374,0.106,0,,,,,,,,,,,,1,0,0,0,0,0,0,0,0,0,0,,0,0,1,0,1,0,0,0,0,0,0,USA,0,0,1956,1988,33.0,129.0,129,1.0,1972.0,0,0,0,0,0,1,1,1,0,1,0,1,0,0,0,0,0,1,0,0,0.768,1993,5.739130434782608,1995,USA1956
2654,129,Shea (1995b),0.528,0.126,0,,,,,,,,,,,,1,0,0,0,0,0,0,0,0,0,0,,0,0,1,0,1,0,0,0,0,0,0,USA,0,0,1956,1988,33.0,129.0,129,1.0,1972.0,0,0,0,0,0,1,0,0,1,1,0,0,0,0,0,0,0,1,0,0,0.768,1993,5.739130434782608,1995,USA1956
2655,129,Shea (1995b),0.431,0.091,0,,,,,,,,,,,,1,0,0,0,0,0,0,0,0,0,0,,0,0,1,0,1,0,0,0,0,0,0,USA,0,0,1956,1988,33.0,129.0,129,1.0,1972.0,0,0,0,0,0,1,1,1,1,1,0,1,0,0,0,0,0,1,0,0,0.768,1993,5.739130434782608,1995,USA1956
2656,129,Shea (1995b),0.377,0.195,0,,,,,,,,,,,,1,0,0,0,0,0,0,0,0,0,0,,0,0,1,0,1,0,0,0,0,0,1,USA,0,0,1956,1988,33.0,129.0,129,1.0,1972.0,0,0,0,0,0,1,0,1,0,1,0,0,0,0,0,0,0,1,0,0,0.768,1993,5.739130434782608,1995,USA1956
2657,129,Shea (1995b),0.441,0.151,0,,,,,,,,,,,,1,0,0,0,0,0,0,0,0,0,0,,0,0,1,0,1,0,0,0,0,0,1,USA,0,0,1956,1988,33.0,129.0,129,1.0,1972.0,0,0,0,0,0,1,1,0,0,1,0,0,0,0,0,0,0,1,0,0,0.768,1993,5.739130434782608,1995,USA1956
2658,129,Shea (1995b),0.223,0.132,0,,,,,,,,,,,,1,0,0,0,0,0,0,0,0,0,0,,0,0,1,0,1,0,0,0,0,0,1,USA,0,0,1956,1988,33.0,129.0,129,1.0,1972.0,0,0,0,0,0,1,1,1,0,1,0,1,0,0,0,0,0,1,0,0,0.768,1993,5.739130434782608,1995,USA1956
2659,129,Shea (1995b),0.276,0.132,0,,,,,,,,,,,,1,0,0,0,0,0,0,0,0,0,0,,0,0,1,0,1,0,0,0,0,0,1,USA,0,0,1956,1988,33.0,129.0,129,1.0,1972.0,0,0,0,0,0,1,0,0,1,1,0,0,0,0,0,0,0,1,0,0,0.768,1993,5.739130434782608,1995,USA1956
2660,129,Shea (1995b),0.221,0.127,0,,,,,,,,,,,,1,0,0,0,0,0,0,0,0,0,0,,0,0,1,0,1,0,0,0,0,0,1,USA,0,0,1956,1988,33.0,129.0,129,1.0,1972.0,0,0,0,0,0,1,1,1,1,1,0,1,0,0,0,0,0,1,0,0,0.768,1993,5.739130434782608,1995,USA1956
2661,129,Shea (1995b),9.298,3.06,0,,,,,,,,,,,,1,0,0,0,0,0,0,0,0,0,0,,0,0,1,0,1,0,0,0,1,0,0,USA,0,0,1956,1988,33.0,129.0,129,1.0,1972.0,0,0,0,0,0,1,0,1,0,1,0,0,0,0,0,0,0,1,0,0,0.768,1993,5.739130434782608,1995,USA1956
2662,129,Shea (1995b),1.828,0.954,0,,,,,,,,,,,,1,0,0,0,0,0,0,0,0,0,0,,0,0,1,0,1,0,0,0,1,0,0,USA,0,0,1956,1988,33.0,129.0,129,1.0,1972.0,0,0,0,0,0,1,1,0,0,1,0,0,0,0,0,0,0,1,0,0,0.768,1993,5.739130434782608,1995,USA1956
2663,129,Shea (1995b),1.032,0.359,0,,,,,,,,,,,,1,0,0,0,0,0,0,0,0,0,0,,0,0,1,0,1,0,0,0,1,0,0,USA,0,0,1956,1988,33.0,129.0,129,1.0,1972.0,0,0,0,0,0,1,1,1,0,1,0,1,0,0,0,0,0,1,0,0,0.768,1993,5.739130434782608,1995,USA1956
2664,129,Shea (1995b),3.859,0.774,0,,,,,,,,,,,,1,0,0,0,0,0,0,0,0,0,0,,0,0,1,0,1,0,0,0,1,0,0,USA,0,0,1956,1988,33.0,129.0,129,1.0,1972.0,0,0,0,0,0,1,0,0,1,1,0,0,0,0,0,0,0,1,0,0,0.768,1993,5.739130434782608,1995,USA1956
2665,129,Shea (1995b),1.081,0.293,0,,,,,,,,,,,,1,0,0,0,0,0,0,0,0,0,0,,0,0,1,0,1,0,0,0,1,0,0,USA,0,0,1956,1988,33.0,129.0,129,1.0,1972.0,0,0,0,0,0,1,1,1,1,1,0,1,0,0,0,0,0,1,0,0,0.768,1993,5.739130434782608,1995,USA1956
2666,130,Novak et al. (2013),0.648,0.079,0,,,,,,,,,,,,1,1,1,1,0,0,0,0,0,0,0,,0,0,0,0,0,0,0,0,0,0,0,Russia,1,0,2000,2011,12.0,30.0,150,5.0,2005.5,0,0,0,0,0,1,1,1,0,1,0,0,0,0,0,0,0,0,0,0,0.009,2013,0.0,2013,Russia2000
2667,130,Novak et al. (2013),0.585,0.09,0,,,,,,,,,,,,1,1,1,1,0,0,0,0,0,0,0,,0,0,0,0,0,0,0,0,0,0,0,Russia,1,0,2000,2011,12.0,30.0,450,15.0,2005.5,0,0,0,0,0,1,1,1,0,1,0,0,0,0,0,0,0,0,0,0,0.009,2013,0.0,2013,Russia2000
2668,130,Novak et al. (2013),0.342,0.059,0,,,,,,,,,,,,1,1,1,1,0,0,0,0,0,0,0,,0,0,0,0,0,0,0,0,0,0,0,Russia,1,0,2000,2011,12.0,30.0,450,15.0,2005.5,0,0,0,0,0,1,1,1,0,1,0,0,0,0,0,0,0,0,0,0,0.009,2013,0.0,2013,Russia2000
2669,130,Novak et al. (2013),0.471,0.083,0,,,,,,,,,,,,1,1,1,1,0,0,0,0,0,0,0,,0,0,0,0,0,0,0,0,0,0,0,Russia,1,0,2000,2011,12.0,30.0,300,10.0,2005.5,0,0,0,0,0,1,1,1,0,1,0,0,0,0,0,0,0,0,0,0,0.009,2013,0.0,2013,Russia2000
2670,130,Novak et al. (2013),0.556,0.092,0,,,,,,,,,,,,1,1,1,1,0,0,0,0,0,0,0,,0,0,0,0,0,0,0,0,0,0,0,Russia,1,0,2000,2011,12.0,30.0,300,10.0,2005.5,0,0,0,0,0,1,1,1,0,1,0,0,0,0,0,0,0,0,0,0,0.009,2013,0.0,2013,Russia2000
2671,130,Novak et al. (2013),0.587,0.067,0,,,,,,,,,,,,1,1,1,1,0,0,0,0,0,0,0,,0,0,0,0,0,0,0,0,0,0,0,Russia,1,0,2000,2011,12.0,24.0,120,5.0,2005.5,0,0,0,0,0,1,1,1,0,1,0,0,0,0,0,0,0,0,0,0,0.009,2013,0.0,2013,Russia2000
2672,130,Novak et al. (2013),0.578,0.085,0,,,,,,,,,,,,1,1,1,1,0,0,0,0,0,0,0,,0,0,0,0,0,0,0,0,0,0,0,Russia,1,0,2000,2011,12.0,24.0,360,15.0,2005.5,0,0,0,0,0,1,1,1,0,1,0,0,0,0,0,0,0,0,0,0,0.009,2013,0.0,2013,Russia2000
2673,130,Novak et al. (2013),0.339,0.06,0,,,,,,,,,,,,1,1,1,1,0,0,0,0,0,0,0,,0,0,0,0,0,0,0,0,0,0,0,Russia,1,0,2000,2011,12.0,24.0,360,15.0,2005.5,0,0,0,0,0,1,1,1,0,1,0,0,0,0,0,0,0,0,0,0,0.009,2013,0.0,2013,Russia2000
2674,130,Novak et al. (2013),0.408,0.079,0,,,,,,,,,,,,1,1,1,1,0,0,0,0,0,0,0,,0,0,0,0,0,0,0,0,0,0,0,Russia,1,0,2000,2011,12.0,24.0,240,10.0,2005.5,0,0,0,0,0,1,1,1,0,1,0,0,0,0,0,0,0,0,0,0,0.009,2013,0.0,2013,Russia2000
2675,130,Novak et al. (2013),0.542,0.09,0,,,,,,,,,,,,1,1,1,1,0,0,0,0,0,0,0,,0,0,0,0,0,0,0,0,0,0,0,Russia,1,0,2000,2011,12.0,24.0,240,10.0,2005.5,0,0,0,0,0,1,1,1,0,1,0,0,0,0,0,0,0,0,0,0,0.009,2013,0.0,2013,Russia2000
2676,130,Novak et al. (2013),0.624,0.082,0,,,,,,,,,,,,1,1,1,1,0,0,0,0,0,0,0,,0,0,0,0,0,0,0,0,0,0,0,Russia,1,0,2000,2011,12.0,30.0,150,5.0,2005.5,0,0,0,0,0,1,1,1,0,1,0,0,0,0,0,0,0,0,0,0,0.009,2013,0.0,2013,Russia2000
2677,130,Novak et al. (2013),0.326,0.165,0,,,,,,,,,,,,1,1,1,1,0,0,0,0,0,0,0,,0,0,0,0,0,0,0,0,0,0,0,Russia,1,0,2000,2011,12.0,30.0,150,5.0,2005.5,0,0,0,0,0,1,1,1,0,1,0,0,0,0,0,0,0,0,0,0,0.009,2013,0.0,2013,Russia2000
2678,130,Novak et al. (2013),0.621,0.083,0,,,,,,,,,,,,1,1,1,1,0,0,0,0,0,0,0,,0,0,0,0,0,0,0,0,0,0,0,Russia,1,0,2000,2011,12.0,24.0,120,5.0,2005.5,0,0,0,0,0,1,1,1,0,1,0,0,0,0,0,0,0,0,0,0,0.009,2013,0.0,2013,Russia2000
2679,130,Novak et al. (2013),0.191,0.202,0,,,,,,,,,,,,1,1,1,1,0,0,0,0,0,0,0,,0,0,0,0,0,0,0,0,0,0,0,Russia,1,0,2000,2011,12.0,24.0,120,5.0,2005.5,0,0,0,0,0,1,1,1,0,1,0,0,0,0,0,0,0,0,0,0,0.009,2013,0.0,2013,Russia2000
2680,131,Ridala (2012),0.329,0.2064,0,,,,,,,,,,,,1,0,0,0,0,0,0,0,0,1,0,,0,0,0,1,1,0,0,0,0,0,0,Estonia,0,0,1996,2007,12.0,44.0,44,1.0,2001.5,0,1,0,0,0,1,0,0,0,0,0,0,0,0,0,0,0,0,0,0,0.0,2012,0.25,2012,Estonia1996
2681,131,Ridala (2012),0.4919,0.0794,0,,,,,,,,,,,,1,0,0,0,0,0,0,0,0,1,0,,0,0,0,0,1,0,0,0,0,0,0,Estonia,0,0,1996,2007,12.0,44.0,44,1.0,2001.5,0,0,0,0,0,1,0,1,1,1,0,0,0,0,0,0,0,0,0,0,0.0,2012,0.25,2012,Estonia1996
2682,131,Ridala (2012),0.274,0.1836,0,,,,,,,,,,,,1,0,0,0,0,0,0,0,0,1,0,,0,0,0,0,1,0,0,0,0,0,0,Estonia,0,0,1996,2007,12.0,44.0,44,1.0,2001.5,0,0,0,0,0,1,0,1,0,1,0,0,0,0,0,0,0,0,0,0,0.0,2012,0.25,2012,Estonia1996
2683,131,Ridala (2012),0.2226,0.1498,0,,,,,,,,,,,,1,0,0,0,0,0,0,0,0,1,0,,0,0,0,0,1,0,0,0,0,0,0,Estonia,0,0,1996,2007,12.0,44.0,44,1.0,2001.5,0,0,0,0,0,1,1,0,0,1,0,0,0,0,0,0,0,0,0,0,0.0,2012,0.25,2012,Estonia1996
2684,131,Ridala (2012),0.4295,0.0936,0,,,,,,,,,,,,1,0,0,0,0,0,0,0,0,1,0,,0,0,0,0,1,0,0,0,0,0,0,Estonia,0,0,1996,2007,12.0,44.0,44,1.0,2001.5,0,0,0,0,0,1,1,1,1,0,0,1,0,0,0,0,0,0,0,0,0.0,2012,0.25,2012,Estonia1996
2685,131,Ridala (2012),0.4123,0.0921,0,,,,,,,,,,,,1,0,0,0,0,0,0,0,0,1,0,,0,0,0,0,1,0,0,0,0,0,0,Estonia,0,0,1996,2007,12.0,44.0,44,1.0,2001.5,0,0,0,0,0,1,1,1,0,1,0,1,0,0,0,0,0,0,0,0,0.0,2012,0.25,2012,Estonia1996
2686,131,Ridala (2012),0.2225,0.2708,0,,,,,,,,,,,,1,0,0,0,0,0,0,0,0,1,0,,0,0,0,1,1,0,0,0,0,0,0,Latvia,0,0,1996,2007,12.0,44.0,44,1.0,2001.5,0,1,0,0,0,1,0,0,0,0,0,0,0,0,0,0,0,0,0,0,0.0,2012,0.25,2012,Latvia1996
2687,131,Ridala (2012),0.746,0.1363,0,,,,,,,,,,,,1,0,0,0,0,0,0,0,0,1,0,,0,0,0,0,1,0,0,0,0,0,0,Latvia,0,0,1996,2007,12.0,44.0,44,1.0,2001.5,0,0,0,0,0,1,0,1,1,1,0,0,0,0,0,0,0,0,0,0,0.0,2012,0.25,2012,Latvia1996
2688,131,Ridala (2012),0.6784,0.5813,0,,,,,,,,,,,,1,0,0,0,0,0,0,0,0,1,0,,0,0,0,0,1,0,0,0,0,0,0,Latvia,0,0,1996,2007,12.0,44.0,44,1.0,2001.5,0,0,0,0,0,1,0,1,0,1,0,0,0,0,0,0,0,0,0,0,0.0,2012,0.25,2012,Latvia1996
2689,131,Ridala (2012),0.9073,0.4968,0,,,,,,,,,,,,1,0,0,0,0,0,0,0,0,1,0,,0,0,0,0,1,0,0,0,0,0,0,Latvia,0,0,1996,2007,12.0,44.0,44,1.0,2001.5,0,0,0,0,0,1,1,0,0,1,0,0,0,0,0,0,0,0,0,0,0.0,2012,0.25,2012,Latvia1996
2690,131,Ridala (2012),0.9069,0.2017,0,,,,,,,,,,,,1,0,0,0,0,0,0,0,0,1,0,,0,0,0,0,1,0,0,0,0,0,0,Latvia,0,0,1996,2007,12.0,44.0,44,1.0,2001.5,0,0,0,0,0,1,1,1,1,0,0,1,0,0,0,0,0,0,0,0,0.0,2012,0.25,2012,Latvia1996
2691,131,Ridala (2012),0.8258,0.2637,0,,,,,,,,,,,,1,0,0,0,0,0,0,0,0,1,0,,0,0,0,0,1,0,0,0,0,0,0,Latvia,0,0,1996,2007,12.0,44.0,44,1.0,2001.5,0,0,0,0,0,1,1,1,0,1,0,1,0,0,0,0,0,0,0,0,0.0,2012,0.25,2012,Latvia1996
2692,131,Ridala (2012),0.2623,0.1207,0,,,,,,,,,,,,1,0,0,0,0,0,0,0,0,1,0,,0,0,0,1,1,0,0,0,0,0,0,Lithuania,0,0,1996,2007,12.0,44.0,44,1.0,2001.5,0,1,0,0,0,1,0,0,0,0,0,0,0,0,0,0,0,0,0,0,0.0,2012,0.25,2012,Lithuania1996
2693,131,Ridala (2012),0.4539,0.1099,0,,,,,,,,,,,,1,0,0,0,0,0,0,0,0,1,0,,0,0,0,0,1,0,0,0,0,0,0,Lithuania,0,0,1996,2007,12.0,44.0,44,1.0,2001.5,0,0,0,0,0,1,0,1,1,1,0,0,0,0,0,0,0,0,0,0,0.0,2012,0.25,2012,Lithuania1996
2694,131,Ridala (2012),0.129,0.1437,0,,,,,,,,,,,,1,0,0,0,0,0,0,0,0,1,0,,0,0,0,0,1,0,0,0,0,0,0,Lithuania,0,0,1996,2007,12.0,44.0,44,1.0,2001.5,0,0,0,0,0,1,0,1,0,1,0,0,0,0,0,0,0,0,0,0,0.0,2012,0.25,2012,Lithuania1996
2695,131,Ridala (2012),0.7291,0.2708,0,,,,,,,,,,,,1,0,0,0,0,0,0,0,0,1,0,,0,0,0,0,1,0,0,0,0,0,0,Lithuania,0,0,1996,2007,12.0,44.0,44,1.0,2001.5,0,0,0,0,0,1,1,0,0,1,0,0,0,0,0,0,0,0,0,0,0.0,2012,0.25,2012,Lithuania1996
2696,131,Ridala (2012),0.4922,0.1584,0,,,,,,,,,,,,1,0,0,0,0,0,0,0,0,1,0,,0,0,0,0,1,0,0,0,0,0,0,Lithuania,0,0,1996,2007,12.0,44.0,44,1.0,2001.5,0,0,0,0,0,1,1,1,1,0,0,1,0,0,0,0,0,0,0,0,0.0,2012,0.25,2012,Lithuania1996
2697,131,Ridala (2012),0.4753,0.1764,0,,,,,,,,,,,,1,0,0,0,0,0,0,0,0,1,0,,0,0,0,0,1,0,0,0,0,0,0,Lithuania,0,0,1996,2007,12.0,44.0,44,1.0,2001.5,0,0,0,0,0,1,1,1,0,1,0,1,0,0,0,0,0,0,0,0,0.0,2012,0.25,2012,Lithuania1996
2698,131,Ridala (2012),0.9531,0.1109,0,,,,,,,,,,,,1,0,0,0,0,0,0,0,0,1,0,,0,0,0,1,1,0,0,0,0,0,0,Estonia,0,0,1996,2010,15.0,59.0,59,1.0,2003.0,0,1,0,0,0,1,0,0,0,0,0,0,0,0,0,0,0,0,0,0,0.0,2012,0.25,2012,Estonia1996
2699,131,Ridala (2012),1.0338,0.0705,0,,,,,,,,,,,,1,0,0,0,0,0,0,0,0,1,0,,0,0,0,0,1,0,0,0,0,0,0,Estonia,0,0,1996,2010,15.0,59.0,59,1.0,2003.0,0,0,0,0,0,1,0,1,1,1,0,0,0,0,0,0,0,0,0,0,0.0,2012,0.25,2012,Estonia1996
2700,131,Ridala (2012),0.946,0.1558,0,,,,,,,,,,,,1,0,0,0,0,0,0,0,0,1,0,,0,0,0,0,1,0,0,0,0,0,0,Estonia,0,0,1996,2010,15.0,59.0,59,1.0,2003.0,0,0,0,0,0,1,0,1,0,1,0,0,0,0,0,0,0,0,0,0,0.0,2012,0.25,2012,Estonia1996
2701,131,Ridala (2012),0.934,0.1511,0,,,,,,,,,,,,1,0,0,0,0,0,0,0,0,1,0,,0,0,0,0,1,0,0,0,0,0,0,Estonia,0,0,1996,2010,15.0,59.0,59,1.0,2003.0,0,0,0,0,0,1,1,0,0,1,0,0,0,0,0,0,0,0,0,0,0.0,2012,0.25,2012,Estonia1996
2702,131,Ridala (2012),1.0678,0.0756,0,,,,,,,,,,,,1,0,0,0,0,0,0,0,0,1,0,,0,0,0,0,1,0,0,0,0,0,0,Estonia,0,0,1996,2010,15.0,59.0,59,1.0,2003.0,0,0,0,0,0,1,1,1,1,0,0,1,0,0,0,0,0,0,0,0,0.0,2012,0.25,2012,Estonia1996
2703,131,Ridala (2012),1.0648,0.0741,0,,,,,,,,,,,,1,0,0,0,0,0,0,0,0,1,0,,0,0,0,0,1,0,0,0,0,0,0,Estonia,0,0,1996,2010,15.0,59.0,59,1.0,2003.0,0,0,0,0,0,1,1,1,0,1,0,1,0,0,0,0,0,0,0,0,0.0,2012,0.25,2012,Estonia1996
2704,131,Ridala (2012),0.7627,0.1474,0,,,,,,,,,,,,1,0,0,0,0,0,0,0,0,1,0,,0,0,0,1,1,0,0,0,0,0,0,Latvia,0,0,1996,2010,15.0,59.0,59,1.0,2003.0,0,1,0,0,0,1,0,0,0,0,0,0,0,0,0,0,0,0,0,0,0.0,2012,0.25,2012,Latvia1996
2705,131,Ridala (2012),1.1252,0.0966,0,,,,,,,,,,,,1,0,0,0,0,0,0,0,0,1,0,,0,0,0,0,1,0,0,0,0,0,0,Latvia,0,0,1996,2010,15.0,59.0,59,1.0,2003.0,0,0,0,0,0,1,0,1,1,1,0,0,0,0,0,0,0,0,0,0,0.0,2012,0.25,2012,Latvia1996
2706,131,Ridala (2012),1.0186,0.2547,0,,,,,,,,,,,,1,0,0,0,0,0,0,0,0,1,0,,0,0,0,0,1,0,0,0,0,0,0,Latvia,0,0,1996,2010,15.0,59.0,59,1.0,2003.0,0,0,0,0,0,1,0,1,0,1,0,0,0,0,0,0,0,0,0,0,0.0,2012,0.25,2012,Latvia1996
2707,131,Ridala (2012),0.9729,0.182,0,,,,,,,,,,,,1,0,0,0,0,0,0,0,0,1,0,,0,0,0,0,1,0,0,0,0,0,0,Latvia,0,0,1996,2010,15.0,59.0,59,1.0,2003.0,0,0,0,0,0,1,1,0,0,1,0,0,0,0,0,0,0,0,0,0,0.0,2012,0.25,2012,Latvia1996
2708,131,Ridala (2012),1.0601,0.0834,0,,,,,,,,,,,,1,0,0,0,0,0,0,0,0,1,0,,0,0,0,0,1,0,0,0,0,0,0,Latvia,0,0,1996,2010,15.0,59.0,59,1.0,2003.0,0,0,0,0,0,1,1,1,1,0,0,1,0,0,0,0,0,0,0,0,0.0,2012,0.25,2012,Latvia1996
2709,131,Ridala (2012),1.1029,0.0825,0,,,,,,,,,,,,1,0,0,0,0,0,0,0,0,1,0,,0,0,0,0,1,0,0,0,0,0,0,Latvia,0,0,1996,2010,15.0,59.0,59,1.0,2003.0,0,0,0,0,0,1,1,1,0,1,0,1,0,0,0,0,0,0,0,0,0.0,2012,0.25,2012,Latvia1996
2710,131,Ridala (2012),0.936,0.0896,0,,,,,,,,,,,,1,0,0,0,0,0,0,0,0,1,0,,0,0,0,1,1,0,0,0,0,0,0,Lithuania,0,0,1996,2010,15.0,59.0,59,1.0,2003.0,0,1,0,0,0,1,0,0,0,0,0,0,0,0,0,0,0,0,0,0,0.0,2012,0.25,2012,Lithuania1996
2711,131,Ridala (2012),1.07,0.0832,0,,,,,,,,,,,,1,0,0,0,0,0,0,0,0,1,0,,0,0,0,0,1,0,0,0,0,0,0,Lithuania,0,0,1996,2010,15.0,59.0,59,1.0,2003.0,0,0,0,0,0,1,0,1,1,1,0,0,0,0,0,0,0,0,0,0,0.0,2012,0.25,2012,Lithuania1996
2712,131,Ridala (2012),1.039,0.2421,0,,,,,,,,,,,,1,0,0,0,0,0,0,0,0,1,0,,0,0,0,0,1,0,0,0,0,0,0,Lithuania,0,0,1996,2010,15.0,59.0,59,1.0,2003.0,0,0,0,0,0,1,0,1,0,1,0,0,0,0,0,0,0,0,0,0,0.0,2012,0.25,2012,Lithuania1996
2713,131,Ridala (2012),1.4357,0.2063,0,,,,,,,,,,,,1,0,0,0,0,0,0,0,0,1,0,,0,0,0,0,1,0,0,0,0,0,0,Lithuania,0,0,1996,2010,15.0,59.0,59,1.0,2003.0,0,0,0,0,0,1,1,0,0,1,0,0,0,0,0,0,0,0,0,0,0.0,2012,0.25,2012,Lithuania1996
2714,131,Ridala (2012),1.1794,0.1531,0,,,,,,,,,,,,1,0,0,0,0,0,0,0,0,1,0,,0,0,0,0,1,0,0,0,0,0,0,Lithuania,0,0,1996,2010,15.0,59.0,59,1.0,2003.0,0,0,0,0,0,1,1,1,1,0,0,1,0,0,0,0,0,0,0,0,0.0,2012,0.25,2012,Lithuania1996
2715,131,Ridala (2012),1.1183,0.1673,0,,,,,,,,,,,,1,0,0,0,0,0,0,0,0,1,0,,0,0,0,0,1,0,0,0,0,0,0,Lithuania,0,0,1996,2010,15.0,59.0,59,1.0,2003.0,0,0,0,0,0,1,1,1,0,1,0,1,0,0,0,0,0,0,0,0,0.0,2012,0.25,2012,Lithuania1996
2716,131,Ridala (2012),0.615,0.107,0,,,,,,,,,,,,1,0,0,0,0,0,0,0,0,1,0,,0,0,0,0,1,0,0,0,0,0,1,Estonia,0,0,1996,2007,12.0,44.0,44,1.0,2001.5,0,0,0,0,0,1,0,1,1,1,0,0,0,0,0,0,0,0,0,0,0.0,2012,0.25,2012,Estonia1996
2717,131,Ridala (2012),-0.728,0.673,0,,,,,,,,,,,,1,0,0,0,0,0,0,0,0,1,0,,0,0,0,0,1,0,0,0,1,0,0,Estonia,0,0,1996,2007,12.0,44.0,44,1.0,2001.5,0,0,0,0,0,1,0,1,1,1,0,0,0,0,0,0,0,0,0,0,0.0,2012,0.25,2012,Estonia1996
2718,131,Ridala (2012),0.571,0.559,0,,,,,,,,,,,,1,0,0,0,0,0,0,0,0,1,0,,0,0,0,0,1,0,0,0,0,0,1,Estonia,0,0,1996,2007,12.0,44.0,44,1.0,2001.5,0,0,0,0,0,1,0,1,0,1,0,0,0,0,0,0,0,0,0,0,0.0,2012,0.25,2012,Estonia1996
2719,131,Ridala (2012),-0.873,3.373,0,,,,,,,,,,,,1,0,0,0,0,0,0,0,0,1,0,,0,0,0,0,1,0,0,0,1,0,0,Estonia,0,0,1996,2007,12.0,44.0,44,1.0,2001.5,0,0,0,0,0,1,0,1,0,1,0,0,0,0,0,0,0,0,0,0,0.0,2012,0.25,2012,Estonia1996
2720,131,Ridala (2012),0.414,0.172,0,,,,,,,,,,,,1,0,0,0,0,0,0,0,0,1,0,,0,0,0,0,1,0,0,0,0,0,1,Estonia,0,0,1996,2007,12.0,44.0,44,1.0,2001.5,0,0,0,0,0,1,1,0,0,1,0,0,0,0,0,0,0,0,0,0,0.0,2012,0.25,2012,Estonia1996
2721,131,Ridala (2012),0.304,1.882,0,,,,,,,,,,,,1,0,0,0,0,0,0,0,0,1,0,,0,0,0,0,1,0,0,0,1,0,0,Estonia,0,0,1996,2007,12.0,44.0,44,1.0,2001.5,0,0,0,0,0,1,1,0,0,1,0,0,0,0,0,0,0,0,0,0,0.0,2012,0.25,2012,Estonia1996
2722,131,Ridala (2012),0.566,0.115,0,,,,,,,,,,,,1,0,0,0,0,0,0,0,0,1,0,,0,0,0,0,1,0,0,0,0,0,1,Estonia,0,0,1996,2007,12.0,44.0,44,1.0,2001.5,0,0,0,0,0,1,1,1,1,0,0,1,0,0,0,0,0,0,0,0,0.0,2012,0.25,2012,Estonia1996
2723,131,Ridala (2012),-0.424,1.445,0,,,,,,,,,,,,1,0,0,0,0,0,0,0,0,1,0,,0,0,0,0,1,0,0,0,1,0,0,Estonia,0,0,1996,2007,12.0,44.0,44,1.0,2001.5,0,0,0,0,0,1,1,1,1,0,0,1,0,0,0,0,0,0,0,0,0.0,2012,0.25,2012,Estonia1996
2724,131,Ridala (2012),0.543,0.111,0,,,,,,,,,,,,1,0,0,0,0,0,0,0,0,1,0,,0,0,0,0,1,0,0,0,0,0,1,Estonia,0,0,1996,2007,12.0,44.0,44,1.0,2001.5,0,0,0,0,0,1,1,1,0,1,0,1,0,0,0,0,0,0,0,0,0.0,2012,0.25,2012,Estonia1996
2725,131,Ridala (2012),-0.328,1.127,0,,,,,,,,,,,,1,0,0,0,0,0,0,0,0,1,0,,0,0,0,0,1,0,0,0,1,0,0,Estonia,0,0,1996,2007,12.0,44.0,44,1.0,2001.5,0,0,0,0,0,1,1,1,0,1,0,1,0,0,0,0,0,0,0,0,0.0,2012,0.25,2012,Estonia1996
2726,131,Ridala (2012),1.824,0.338,0,,,,,,,,,,,,1,0,0,0,0,0,0,0,0,1,0,,0,0,0,0,1,0,0,0,0,0,1,Latvia,0,0,1996,2007,12.0,44.0,44,1.0,2001.5,0,0,0,0,0,1,0,1,1,1,0,0,0,0,0,0,0,0,0,0,0.0,2012,0.25,2012,Latvia1996
2727,131,Ridala (2012),1.214,0.977,0,,,,,,,,,,,,1,0,0,0,0,0,0,0,0,1,0,,0,0,0,0,1,0,0,0,1,0,0,Latvia,0,0,1996,2007,12.0,44.0,44,1.0,2001.5,0,0,0,0,0,1,0,1,1,1,0,0,0,0,0,0,0,0,0,0,0.0,2012,0.25,2012,Latvia1996
2728,131,Ridala (2012),-0.921,0.634,0,,,,,,,,,,,,1,0,0,0,0,0,0,0,0,1,0,,0,0,0,0,1,0,0,0,0,0,1,Latvia,0,0,1996,2007,12.0,44.0,44,1.0,2001.5,0,0,0,0,0,1,0,1,0,1,0,0,0,0,0,0,0,0,0,0,0.0,2012,0.25,2012,Latvia1996
2729,131,Ridala (2012),1.739,1.024,0,,,,,,,,,,,,1,0,0,0,0,0,0,0,0,1,0,,0,0,0,0,1,0,0,0,1,0,0,Latvia,0,0,1996,2007,12.0,44.0,44,1.0,2001.5,0,0,0,0,0,1,0,1,0,1,0,0,0,0,0,0,0,0,0,0,0.0,2012,0.25,2012,Latvia1996
2730,131,Ridala (2012),1.076,0.637,0,,,,,,,,,,,,1,0,0,0,0,0,0,0,0,1,0,,0,0,0,0,1,0,0,0,0,0,1,Latvia,0,0,1996,2007,12.0,44.0,44,1.0,2001.5,0,0,0,0,0,1,1,0,0,1,0,0,0,0,0,0,0,0,0,0,0.0,2012,0.25,2012,Latvia1996
2731,131,Ridala (2012),1.709,1.78,0,,,,,,,,,,,,1,0,0,0,0,0,0,0,0,1,0,,0,0,0,0,1,0,0,0,1,0,0,Latvia,0,0,1996,2007,12.0,44.0,44,1.0,2001.5,0,0,0,0,0,1,1,0,0,1,0,0,0,0,0,0,0,0,0,0,0.0,2012,0.25,2012,Latvia1996
2732,131,Ridala (2012),0.517,0.33,0,,,,,,,,,,,,1,0,0,0,0,0,0,0,0,1,0,,0,0,0,0,1,0,0,0,0,0,1,Latvia,0,0,1996,2007,12.0,44.0,44,1.0,2001.5,0,0,0,0,0,1,1,1,1,0,0,1,0,0,0,0,0,0,0,0,0.0,2012,0.25,2012,Latvia1996
2733,131,Ridala (2012),1.484,0.806,0,,,,,,,,,,,,1,0,0,0,0,0,0,0,0,1,0,,0,0,0,0,1,0,0,0,1,0,0,Latvia,0,0,1996,2007,12.0,44.0,44,1.0,2001.5,0,0,0,0,0,1,1,1,1,0,0,1,0,0,0,0,0,0,0,0,0.0,2012,0.25,2012,Latvia1996
2734,131,Ridala (2012),0.549,0.332,0,,,,,,,,,,,,1,0,0,0,0,0,0,0,0,1,0,,0,0,0,0,1,0,0,0,0,0,1,Latvia,0,0,1996,2007,12.0,44.0,44,1.0,2001.5,0,0,0,0,0,1,1,1,0,1,0,1,0,0,0,0,0,0,0,0,0.0,2012,0.25,2012,Latvia1996
2735,131,Ridala (2012),1.504,0.788,0,,,,,,,,,,,,1,0,0,0,0,0,0,0,0,1,0,,0,0,0,0,1,0,0,0,1,0,0,Latvia,0,0,1996,2007,12.0,44.0,44,1.0,2001.5,0,0,0,0,0,1,1,1,0,1,0,1,0,0,0,0,0,0,0,0,0.0,2012,0.25,2012,Latvia1996
2736,131,Ridala (2012),0.908,0.367,0,,,,,,,,,,,,1,0,0,0,0,0,0,0,0,1,0,,0,0,0,0,1,0,0,0,0,0,1,Lithuania,0,0,1996,2007,12.0,44.0,44,1.0,2001.5,0,0,0,0,0,1,0,1,1,1,0,0,0,0,0,0,0,0,0,0,0.0,2012,0.25,2012,Lithuania1996
2737,131,Ridala (2012),-0.869,0.706,0,,,,,,,,,,,,1,0,0,0,0,0,0,0,0,1,0,,0,0,0,0,1,0,0,0,1,0,0,Lithuania,0,0,1996,2007,12.0,44.0,44,1.0,2001.5,0,0,0,0,0,1,0,1,1,1,0,0,0,0,0,0,0,0,0,0,0.0,2012,0.25,2012,Lithuania1996
2738,131,Ridala (2012),0.45,0.376,0,,,,,,,,,,,,1,0,0,0,0,0,0,0,0,1,0,,0,0,0,0,1,0,0,0,0,0,1,Lithuania,0,0,1996,2007,12.0,44.0,44,1.0,2001.5,0,0,0,0,0,1,0,1,0,1,0,0,0,0,0,0,0,0,0,0,0.0,2012,0.25,2012,Lithuania1996
2739,131,Ridala (2012),-2.442,2.284,0,,,,,,,,,,,,1,0,0,0,0,0,0,0,0,1,0,,0,0,0,0,1,0,0,0,1,0,0,Lithuania,0,0,1996,2007,12.0,44.0,44,1.0,2001.5,0,0,0,0,0,1,0,1,0,1,0,0,0,0,0,0,0,0,0,0,0.0,2012,0.25,2012,Lithuania1996
2740,131,Ridala (2012),-0.707,0.939,0,,,,,,,,,,,,1,0,0,0,0,0,0,0,0,1,0,,0,0,0,0,1,0,0,0,0,0,1,Lithuania,0,0,1996,2007,12.0,44.0,44,1.0,2001.5,0,0,0,0,0,1,1,0,0,1,0,0,0,0,0,0,0,0,0,0,0.0,2012,0.25,2012,Lithuania1996
2741,131,Ridala (2012),3.763,2.73,0,,,,,,,,,,,,1,0,0,0,0,0,0,0,0,1,0,,0,0,0,0,1,0,0,0,1,0,0,Lithuania,0,0,1996,2007,12.0,44.0,44,1.0,2001.5,0,0,0,0,0,1,1,0,0,1,0,0,0,0,0,0,0,0,0,0,0.0,2012,0.25,2012,Lithuania1996
2742,131,Ridala (2012),0.423,0.21,0,,,,,,,,,,,,1,0,0,0,0,0,0,0,0,1,0,,0,0,0,0,1,0,0,0,0,0,1,Lithuania,0,0,1996,2007,12.0,44.0,44,1.0,2001.5,0,0,0,0,0,1,1,1,1,0,0,1,0,0,0,0,0,0,0,0,0.0,2012,0.25,2012,Lithuania1996
2743,131,Ridala (2012),0.752,0.657,0,,,,,,,,,,,,1,0,0,0,0,0,0,0,0,1,0,,0,0,0,0,1,0,0,0,1,0,0,Lithuania,0,0,1996,2007,12.0,44.0,44,1.0,2001.5,0,0,0,0,0,1,1,1,1,0,0,1,0,0,0,0,0,0,0,0,0.0,2012,0.25,2012,Lithuania1996
2744,131,Ridala (2012),0.418,0.234,0,,,,,,,,,,,,1,0,0,0,0,0,0,0,0,1,0,,0,0,0,0,1,0,0,0,0,0,1,Lithuania,0,0,1996,2007,12.0,44.0,44,1.0,2001.5,0,0,0,0,0,1,1,1,0,1,0,1,0,0,0,0,0,0,0,0,0.0,2012,0.25,2012,Lithuania1996
2745,131,Ridala (2012),0.656,0.616,0,,,,,,,,,,,,1,0,0,0,0,0,0,0,0,1,0,,0,0,0,0,1,0,0,0,1,0,0,Lithuania,0,0,1996,2007,12.0,44.0,44,1.0,2001.5,0,0,0,0,0,1,1,1,0,1,0,1,0,0,0,0,0,0,0,0,0.0,2012,0.25,2012,Lithuania1996
2746,131,Ridala (2012),0.674,0.164,0,,,,,,,,,,,,1,0,0,0,0,0,0,0,0,1,0,,0,0,0,0,1,0,0,0,0,0,1,Estonia,0,0,1996,2010,15.0,59.0,59,1.0,2003.0,0,0,0,0,0,1,0,1,1,1,0,0,0,0,0,0,0,0,0,0,0.0,2012,0.25,2012,Estonia1996
2747,131,Ridala (2012),1.566,0.168,0,,,,,,,,,,,,1,0,0,0,0,0,0,0,0,1,0,,0,0,0,0,1,0,0,0,1,0,0,Estonia,0,0,1996,2010,15.0,59.0,59,1.0,2003.0,0,0,0,0,0,1,0,1,1,1,0,0,0,0,0,0,0,0,0,0,0.0,2012,0.25,2012,Estonia1996
2748,131,Ridala (2012),0.262,0.422,0,,,,,,,,,,,,1,0,0,0,0,0,0,0,0,1,0,,0,0,0,0,1,0,0,0,0,0,1,Estonia,0,0,1996,2010,15.0,59.0,59,1.0,2003.0,0,0,0,0,0,1,0,1,0,1,0,0,0,0,0,0,0,0,0,0,0.0,2012,0.25,2012,Estonia1996
2749,131,Ridala (2012),1.776,0.621,0,,,,,,,,,,,,1,0,0,0,0,0,0,0,0,1,0,,0,0,0,0,1,0,0,0,1,0,0,Estonia,0,0,1996,2010,15.0,59.0,59,1.0,2003.0,0,0,0,0,0,1,0,1,0,1,0,0,0,0,0,0,0,0,0,0,0.0,2012,0.25,2012,Estonia1996
2750,131,Ridala (2012),0.188,0.184,0,,,,,,,,,,,,1,0,0,0,0,0,0,0,0,1,0,,0,0,0,0,1,0,0,0,0,0,1,Estonia,0,0,1996,2010,15.0,59.0,59,1.0,2003.0,0,0,0,0,0,1,1,0,0,1,0,0,0,0,0,0,0,0,0,0,0.0,2012,0.25,2012,Estonia1996
2751,131,Ridala (2012),2.174,0.579,0,,,,,,,,,,,,1,0,0,0,0,0,0,0,0,1,0,,0,0,0,0,1,0,0,0,1,0,0,Estonia,0,0,1996,2010,15.0,59.0,59,1.0,2003.0,0,0,0,0,0,1,1,0,0,1,0,0,0,0,0,0,0,0,0,0,0.0,2012,0.25,2012,Estonia1996
2752,131,Ridala (2012),0.462,0.153,0,,,,,,,,,,,,1,0,0,0,0,0,0,0,0,1,0,,0,0,0,0,1,0,0,0,0,0,1,Estonia,0,0,1996,2010,15.0,59.0,59,1.0,2003.0,0,0,0,0,0,1,1,1,1,0,0,1,0,0,0,0,0,0,0,0,0.0,2012,0.25,2012,Estonia1996
2753,131,Ridala (2012),1.813,0.336,0,,,,,,,,,,,,1,0,0,0,0,0,0,0,0,1,0,,0,0,0,0,1,0,0,0,1,0,0,Estonia,0,0,1996,2010,15.0,59.0,59,1.0,2003.0,0,0,0,0,0,1,1,1,1,0,0,1,0,0,0,0,0,0,0,0,0.0,2012,0.25,2012,Estonia1996
2754,131,Ridala (2012),0.459,0.143,0,,,,,,,,,,,,1,0,0,0,0,0,0,0,0,1,0,,0,0,0,0,1,0,0,0,0,0,1,Estonia,0,0,1996,2010,15.0,59.0,59,1.0,2003.0,0,0,0,0,0,1,1,1,0,1,0,1,0,0,0,0,0,0,0,0,0.0,2012,0.25,2012,Estonia1996
2755,131,Ridala (2012),1.813,0.342,0,,,,,,,,,,,,1,0,0,0,0,0,0,0,0,1,0,,0,0,0,0,1,0,0,0,1,0,0,Estonia,0,0,1996,2010,15.0,59.0,59,1.0,2003.0,0,0,0,0,0,1,1,1,0,1,0,1,0,0,0,0,0,0,0,0,0.0,2012,0.25,2012,Estonia1996
2756,131,Ridala (2012),0.936,0.283,0,,,,,,,,,,,,1,0,0,0,0,0,0,0,0,1,0,,0,0,0,0,1,0,0,0,0,0,1,Latvia,0,0,1996,2010,15.0,59.0,59,1.0,2003.0,0,0,0,0,0,1,0,1,1,1,0,0,0,0,0,0,0,0,0,0,0.0,2012,0.25,2012,Latvia1996
2757,131,Ridala (2012),1.328,0.244,0,,,,,,,,,,,,1,0,0,0,0,0,0,0,0,1,0,,0,0,0,0,1,0,0,0,1,0,0,Latvia,0,0,1996,2010,15.0,59.0,59,1.0,2003.0,0,0,0,0,0,1,0,1,1,1,0,0,0,0,0,0,0,0,0,0,0.0,2012,0.25,2012,Latvia1996
2758,131,Ridala (2012),0.625,0.462,0,,,,,,,,,,,,1,0,0,0,0,0,0,0,0,1,0,,0,0,0,0,1,0,0,0,0,0,1,Latvia,0,0,1996,2010,15.0,59.0,59,1.0,2003.0,0,0,0,0,0,1,0,1,0,1,0,0,0,0,0,0,0,0,0,0,0.0,2012,0.25,2012,Latvia1996
2759,131,Ridala (2012),1.164,0.482,0,,,,,,,,,,,,1,0,0,0,0,0,0,0,0,1,0,,0,0,0,0,1,0,0,0,1,0,0,Latvia,0,0,1996,2010,15.0,59.0,59,1.0,2003.0,0,0,0,0,0,1,0,1,0,1,0,0,0,0,0,0,0,0,0,0,0.0,2012,0.25,2012,Latvia1996
2760,131,Ridala (2012),0.913,0.456,0,,,,,,,,,,,,1,0,0,0,0,0,0,0,0,1,0,,0,0,0,0,1,0,0,0,0,0,1,Latvia,0,0,1996,2010,15.0,59.0,59,1.0,2003.0,0,0,0,0,0,1,1,0,0,1,0,0,0,0,0,0,0,0,0,0,0.0,2012,0.25,2012,Latvia1996
2761,131,Ridala (2012),0.993,0.447,0,,,,,,,,,,,,1,0,0,0,0,0,0,0,0,1,0,,0,0,0,0,1,0,0,0,1,0,0,Latvia,0,0,1996,2010,15.0,59.0,59,1.0,2003.0,0,0,0,0,0,1,1,0,0,1,0,0,0,0,0,0,0,0,0,0,0.0,2012,0.25,2012,Latvia1996
2762,131,Ridala (2012),0.872,0.297,0,,,,,,,,,,,,1,0,0,0,0,0,0,0,0,1,0,,0,0,0,0,1,0,0,0,0,0,1,Latvia,0,0,1996,2010,15.0,59.0,59,1.0,2003.0,0,0,0,0,0,1,1,1,1,0,0,1,0,0,0,0,0,0,0,0,0.0,2012,0.25,2012,Latvia1996
2763,131,Ridala (2012),1.26,0.245,0,,,,,,,,,,,,1,0,0,0,0,0,0,0,0,1,0,,0,0,0,0,1,0,0,0,1,0,0,Latvia,0,0,1996,2010,15.0,59.0,59,1.0,2003.0,0,0,0,0,0,1,1,1,1,0,0,1,0,0,0,0,0,0,0,0,0.0,2012,0.25,2012,Latvia1996
2764,131,Ridala (2012),0.833,0.283,0,,,,,,,,,,,,1,0,0,0,0,0,0,0,0,1,0,,0,0,0,0,1,0,0,0,0,0,1,Latvia,0,0,1996,2010,15.0,59.0,59,1.0,2003.0,0,0,0,0,0,1,1,1,0,1,0,1,0,0,0,0,0,0,0,0,0.0,2012,0.25,2012,Latvia1996
2765,131,Ridala (2012),1.298,0.243,0,,,,,,,,,,,,1,0,0,0,0,0,0,0,0,1,0,,0,0,0,0,1,0,0,0,1,0,0,Latvia,0,0,1996,2010,15.0,59.0,59,1.0,2003.0,0,0,0,0,0,1,1,1,0,1,0,1,0,0,0,0,0,0,0,0,0.0,2012,0.25,2012,Latvia1996
2766,131,Ridala (2012),0.481,0.144,0,,,,,,,,,,,,1,0,0,0,0,0,0,0,0,1,0,,0,0,0,0,1,0,0,0,0,0,1,Lithuania,0,0,1996,2010,15.0,59.0,59,1.0,2003.0,0,0,0,0,0,1,0,1,1,1,0,0,0,0,0,0,0,0,0,0,0.0,2012,0.25,2012,Lithuania1996
2767,131,Ridala (2012),1.322,0.054,0,,,,,,,,,,,,1,0,0,0,0,0,0,0,0,1,0,,0,0,0,0,1,0,0,0,1,0,0,Lithuania,0,0,1996,2010,15.0,59.0,59,1.0,2003.0,0,0,0,0,0,1,0,1,1,1,0,0,0,0,0,0,0,0,0,0,0.0,2012,0.25,2012,Lithuania1996
2768,131,Ridala (2012),-0.073,0.302,0,,,,,,,,,,,,1,0,0,0,0,0,0,0,0,1,0,,0,0,0,0,1,0,0,0,0,0,1,Lithuania,0,0,1996,2010,15.0,59.0,59,1.0,2003.0,0,0,0,0,0,1,0,1,0,1,0,0,0,0,0,0,0,0,0,0,0.0,2012,0.25,2012,Lithuania1996
2769,131,Ridala (2012),1.292,0.252,0,,,,,,,,,,,,1,0,0,0,0,0,0,0,0,1,0,,0,0,0,0,1,0,0,0,1,0,0,Lithuania,0,0,1996,2010,15.0,59.0,59,1.0,2003.0,0,0,0,0,0,1,0,1,0,1,0,0,0,0,0,0,0,0,0,0,0.0,2012,0.25,2012,Lithuania1996
2770,131,Ridala (2012),0.776,0.578,0,,,,,,,,,,,,1,0,0,0,0,0,0,0,0,1,0,,0,0,0,0,1,0,0,0,0,0,1,Lithuania,0,0,1996,2010,15.0,59.0,59,1.0,2003.0,0,0,0,0,0,1,1,0,0,1,0,0,0,0,0,0,0,0,0,0,0.0,2012,0.25,2012,Lithuania1996
2771,131,Ridala (2012),1.514,0.302,0,,,,,,,,,,,,1,0,0,0,0,0,0,0,0,1,0,,0,0,0,0,1,0,0,0,1,0,0,Lithuania,0,0,1996,2010,15.0,59.0,59,1.0,2003.0,0,0,0,0,0,1,1,0,0,1,0,0,0,0,0,0,0,0,0,0,0.0,2012,0.25,2012,Lithuania1996
2772,131,Ridala (2012),0.537,0.277,0,,,,,,,,,,,,1,0,0,0,0,0,0,0,0,1,0,,0,0,0,0,1,0,0,0,0,0,1,Lithuania,0,0,1996,2010,15.0,59.0,59,1.0,2003.0,0,0,0,0,0,1,1,1,1,0,0,1,0,0,0,0,0,0,0,0,0.0,2012,0.25,2012,Lithuania1996
2773,131,Ridala (2012),1.42,0.187,0,,,,,,,,,,,,1,0,0,0,0,0,0,0,0,1,0,,0,0,0,0,1,0,0,0,1,0,0,Lithuania,0,0,1996,2010,15.0,59.0,59,1.0,2003.0,0,0,0,0,0,1,1,1,1,0,0,1,0,0,0,0,0,0,0,0,0.0,2012,0.25,2012,Lithuania1996
2774,131,Ridala (2012),0.475,0.271,0,,,,,,,,,,,,1,0,0,0,0,0,0,0,0,1,0,,0,0,0,0,1,0,0,0,0,0,1,Lithuania,0,0,1996,2010,15.0,59.0,59,1.0,2003.0,0,0,0,0,0,1,1,1,0,1,0,1,0,0,0,0,0,0,0,0,0.0,2012,0.25,2012,Lithuania1996
2775,131,Ridala (2012),1.409,0.179,0,,,,,,,,,,,,1,0,0,0,0,0,0,0,0,1,0,,0,0,0,0,1,0,0,0,1,0,0,Lithuania,0,0,1996,2010,15.0,59.0,59,1.0,2003.0,0,0,0,0,0,1,1,1,0,1,0,1,0,0,0,0,0,0,0,0,0.0,2012,0.25,2012,Lithuania1996
2776,132,Luengo-Prado (2006),0.2,2.15,0,,,,,,,,,,,,0,0,0,0,0,0,0,0,0,0,0,,0,0,0,1,1,0,0,0,0,0,0,USA,1,0,1959,2001,43.0,43.0,43,1.0,1980.0,0,0,1,0,0,0,0,0,0,0,0,0,0,0,0,0,0,0,0,0,1.803,2004,3.8333333333333335,2006,USA1959
2777,132,Luengo-Prado (2006),0.16,1.85,0,,,,,,,,,,,,0,0,0,0,0,0,0,0,0,0,0,,0,0,0,1,1,0,0,0,0,0,0,USA,1,0,1959,2001,43.0,43.0,43,1.0,1980.0,0,0,1,0,0,0,0,0,0,0,0,0,0,0,0,0,0,0,0,0,1.803,2004,3.8333333333333335,2006,USA1959
2778,132,Luengo-Prado (2006),0.21,2.3,0,,,,,,,,,,,,0,0,0,0,0,0,0,0,0,0,0,,0,0,0,1,1,0,0,0,0,0,0,USA,1,0,1959,2001,43.0,43.0,43,1.0,1980.0,0,0,1,0,0,0,0,0,0,0,0,0,0,0,0,0,0,0,0,0,1.803,2004,3.8333333333333335,2006,USA1959
2779,132,Luengo-Prado (2006),0.18,1.71,0,,,,,,,,,,,,0,0,0,0,0,0,0,0,0,0,0,,0,0,0,1,1,0,0,0,0,0,0,USA,1,0,1959,2001,43.0,43.0,43,1.0,1980.0,0,0,1,0,0,0,0,0,0,0,0,0,0,0,0,0,0,0,0,0,1.803,2004,3.8333333333333335,2006,USA1959
2780,132,Luengo-Prado (2006),0.66,5.78,0,,,,,,,,,,,,0,0,0,0,0,0,0,0,0,1,0,Non-residential durable stock,1,0,0,1,1,0,0,0,0,0,0,USA,1,0,1959,2001,43.0,43.0,43,1.0,1980.0,0,0,1,0,0,0,0,0,0,0,0,0,0,0,0,0,0,0,0,0,1.803,2004,3.8333333333333335,2006,USA1959
2781,132,Luengo-Prado (2006),0.19,3.78,0,,,,,,,,,,,,0,0,0,0,0,0,0,0,0,1,0,Residential durable stock,1,0,0,1,1,0,0,0,0,0,0,USA,1,0,1959,2001,43.0,43.0,43,1.0,1980.0,0,0,1,0,0,0,0,0,0,0,0,0,0,0,0,0,0,0,0,0,1.803,2004,3.8333333333333335,2006,USA1959
2782,132,Luengo-Prado (2006),0.26,4.93,0,,,,,,,,,,,,0,0,0,0,0,0,0,0,0,1,0,Non-residential þ residential stock,1,0,0,1,1,0,0,0,0,0,0,USA,1,0,1959,2001,43.0,43.0,43,1.0,1980.0,0,0,1,0,0,0,0,0,0,0,0,0,0,0,0,0,0,0,0,0,1.803,2004,3.8333333333333335,2006,USA1959
2783,133,Luengo-Prado and Sorensen (2008),0.336,0.049,0,,,,,,,,,,,,0,0,1,0,0,0,0,0,0,1,0,,0,0,0,1,1,0,0,0,0,0,0,USA,1,0,1970,1998,29.0,29.0,1450,50.0,1984.0,0,1,0,0,0,0,0,0,0,0,0,0,0,0,0,1,0,0,0,0,1.177,2005,2.6363636363636362,2008,USA1970
2784,133,Luengo-Prado and Sorensen (2008),0.339,0.047,0,,,,,,,,,,,,0,0,1,0,0,0,0,0,0,1,0,,0,0,0,1,1,0,0,0,0,0,0,USA,1,0,1970,1998,29.0,29.0,1450,50.0,1984.0,0,1,0,0,0,0,0,0,0,0,0,0,0,0,0,1,0,0,0,0,1.177,2005,2.6363636363636362,2008,USA1970
2785,133,Luengo-Prado and Sorensen (2008),0.333,0.047,0,,,,,,,,,,,,0,0,1,0,0,0,0,0,0,1,0,,0,0,0,1,1,0,0,0,0,0,0,USA,1,0,1970,1998,29.0,29.0,1450,50.0,1984.0,0,1,0,0,0,0,0,0,0,0,0,0,0,0,0,1,0,0,0,0,1.177,2005,2.6363636363636362,2008,USA1970
2786,133,Luengo-Prado and Sorensen (2008),0.163,0.046,0,,,,,,,,,,,,0,0,1,0,0,0,0,0,0,1,0,,0,0,0,1,1,0,0,0,0,0,0,USA,1,0,1970,1998,29.0,29.0,1450,50.0,1984.0,0,0,1,0,0,0,0,0,0,0,0,0,0,0,0,1,0,0,0,0,1.177,2005,2.6363636363636362,2008,USA1970
2787,133,Luengo-Prado and Sorensen (2008),0.163,0.045,0,,,,,,,,,,,,0,0,1,0,0,0,0,0,0,1,0,,0,0,0,1,1,0,0,0,0,0,0,USA,1,0,1970,1998,29.0,29.0,1450,50.0,1984.0,0,0,1,0,0,0,0,0,0,0,0,0,0,0,0,1,0,0,0,0,1.177,2005,2.6363636363636362,2008,USA1970
2788,133,Luengo-Prado and Sorensen (2008),0.171,0.042,0,,,,,,,,,,,,0,0,1,0,0,0,0,0,0,1,0,,0,0,0,1,1,0,0,0,0,0,0,USA,1,0,1970,1998,29.0,29.0,1450,50.0,1984.0,0,0,1,0,0,0,0,0,0,0,0,0,0,0,0,0,0,0,0,0,1.177,2005,2.6363636363636362,2008,USA1970
2789,56,Parker (1999),0.446,0.272,1,0.181522,0.110704,1.0,0.0,3.0,0.0,712.7479746003942,0.0,1986.0,0.0,0.0,0,1,1,0,2,1,0,0,0,0,0,,0,0,0,1,1,0,0,1,0,0,0,USA,0,0,1980,1993,14.0,1.0,11828,11828.0,1986.5,1,0,0,0,0,0,0,0,0,0,0,0,0,0,0,0,0,0,0,1,1.605,1997,18.4736842105263,1999,USA1980
2790,56,Parker (1999),0.563,0.279,1,0.229141,0.113553,1.0,0.0,3.0,0.0,712.7479746003942,0.0,1986.0,0.0,0.0,0,1,1,0,2,1,0,0,0,0,0,,0,0,0,1,1,0,0,1,0,0,0,USA,0,0,1980,1993,14.0,1.0,11828,11828.0,1986.5,1,0,0,0,0,0,0,0,0,0,0,0,0,0,0,0,0,0,0,1,1.605,1997,18.4736842105263,1999,USA1980
2791,56,Parker (1999),0.608,0.313,1,0.247456,0.127391,1.0,0.0,3.0,0.0,712.7479746003942,0.0,1986.0,0.0,0.0,0,1,1,0,2,1,0,0,0,0,0,,0,0,1,0,1,0,0,1,0,0,0,USA,0,0,1980,1993,14.0,1.0,11828,11828.0,1986.5,1,0,0,0,0,1,0,1,0,0,0,0,1,0,0,0,0,0,0,1,1.605,1997,18.4736842105263,1999,USA1980
2792,56,Parker (1999),1.727,1.099,1,0.702889,0.4472929999999999,1.0,0.0,3.0,0.0,712.7479746003942,0.0,1986.0,0.0,0.0,0,1,1,0,2,1,0,0,0,0,0,,0,0,1,0,1,0,0,0,0,1,0,USA,0,0,1980,1993,14.0,1.0,1284,1284.0,1986.5,1,0,0,0,0,1,0,1,0,0,0,0,1,0,0,0,0,0,0,1,1.605,1997,18.47368421052632,1999,USA1980
2793,56,Parker (1999),0.57,0.488,1,0.23199,0.198616,1.0,0.0,3.0,0.0,712.7479746003942,0.0,1986.0,0.0,0.0,0,1,1,0,2,1,0,0,0,0,0,,0,0,1,0,1,0,0,1,0,0,0,USA,0,0,1980,1993,14.0,1.0,4358,4358.0,1986.5,1,0,0,0,0,1,0,1,0,0,0,0,1,0,0,0,0,0,0,1,1.605,1997,18.47368421052632,1999,USA1980
2794,56,Parker (1999),0.614,0.428,1,0.249898,0.174196,1.0,0.0,3.0,0.0,712.7479746003942,0.0,1986.0,0.0,0.0,0,1,1,0,2,1,0,0,0,0,0,,0,0,1,0,1,0,0,0,0,1,0,USA,0,0,1980,1993,14.0,1.0,6938,6938.0,1986.5,1,0,0,0,0,1,0,1,0,0,0,0,1,0,0,0,0,0,0,1,1.605,1997,18.47368421052632,1999,USA1980
2795,56,Parker (1999),0.57,0.452,1,0.23199,0.183964,1.0,0.0,3.0,0.0,712.7479746003942,0.0,1986.0,0.0,0.0,0,1,1,0,2,1,0,0,0,0,0,,0,0,1,0,1,0,0,1,0,0,0,USA,0,0,1980,1993,14.0,1.0,4867,4867.0,1986.5,1,0,0,0,0,1,0,1,0,0,0,0,1,0,0,0,0,0,0,1,1.605,1997,18.47368421052632,1999,USA1980
2796,56,Parker (1999),0.631,0.347,1,0.45432,0.24984,1.0,0.0,3.0,0.0,712.7479746003942,0.0,1986.0,0.0,0.0,0,1,1,0,2,1,0,0,0,1,0,,0,0,1,0,1,0,0,1,0,0,0,USA,0,0,1980,1993,14.0,1.0,11089,11089.0,1986.5,1,0,0,0,0,1,0,1,0,0,0,0,1,0,0,0,0,0,0,1,1.605,1997,18.4736842105263,1999,USA1980
2797,56,Parker (1999),0.192,0.285,1,0.03072,0.04559999999999999,1.0,0.0,3.0,0.0,712.7479746003942,0.0,1986.0,0.0,0.0,0,1,1,0,2,1,0,0,0,0,1,,0,0,1,0,1,0,0,1,0,0,0,USA,0,0,1980,1993,14.0,1.0,11745,11745.0,1986.5,1,0,0,0,0,1,0,1,0,0,0,0,1,0,0,0,0,0,0,1,1.605,1997,18.4736842105263,1999,USA1980
2798,56,Parker (1999),-0.281,0.574,1,-0.018827,0.038458,1.0,0.0,3.0,0.0,712.7479746003942,0.0,1986.0,0.0,0.0,0,1,1,0,2,1,0,0,0,0,0,Entertainment and personal care,1,0,1,0,1,0,0,1,0,0,0,USA,0,0,1980,1993,14.0,1.0,11784,11784.0,1986.5,1,0,0,0,0,1,0,1,0,0,0,0,1,0,0,0,0,0,0,1,1.605,1997,18.4736842105263,1999,USA1980
2799,56,Parker (1999),1.01,0.714,1,0.0404,0.02856,1.0,0.0,3.0,0.0,712.7479746003942,0.0,1986.0,0.0,0.0,0,1,1,0,2,1,0,0,0,0,0,Apparel and services,1,0,1,0,1,0,0,1,0,0,0,USA,0,0,1980,1993,14.0,1.0,10671,10671.0,1986.5,1,0,0,0,0,1,0,1,0,0,0,0,1,0,0,0,0,0,0,1,1.605,1997,18.4736842105263,1999,USA1980
2800,107,Parker et al. (2013),0.245,0.086,1,0.245,0.086,1.0,0.0,3.0,0.0,981.8964343274362,1.0,2008.0,0.0,0.0,0,1,1,0,3,1,0,0,0,0,0,,0,0,0,1,1,0,0,0,0,0,1,USA,0,0,2008,2009,1.0,2.0,10362,5181.0,2008.5,1,0,0,0,0,0,0,0,0,0,0,0,0,0,1,0,0,0,0,1,1.605,2011,41.4,2013,USA2008
2801,107,Parker et al. (2013),0.218,0.09,1,0.218,0.09,1.0,0.0,3.0,0.0,1172.8879356070283,1.0,2008.0,0.0,0.0,0,1,1,0,3,1,0,0,0,0,0,,0,0,0,1,1,0,0,0,0,0,1,USA,0,0,2008,2009,1.0,2.0,10362,5181.0,2008.5,1,0,0,0,0,0,0,0,0,0,0,0,0,0,1,0,0,0,0,1,1.605,2011,41.4,2013,USA2008
2802,107,Parker et al. (2013),0.746,0.235,1,0.746,0.235,1.0,0.0,3.0,0.0,981.8964343274362,1.0,2008.0,0.0,0.0,0,1,1,0,3,1,0,0,0,1,0,,0,0,0,1,1,0,0,0,0,0,1,USA,0,0,2008,2009,1.0,2.0,10362,5181.0,2008.5,1,0,0,0,0,0,0,0,0,0,0,0,0,0,1,0,0,0,0,1,1.605,2011,41.4,2013,USA2008
2803,107,Parker et al. (2013),0.361,0.317,1,0.361,0.317,1.0,0.0,3.0,0.0,1172.8879356070283,1.0,2008.0,0.0,0.0,0,1,1,0,3,1,0,0,0,1,0,,0,0,0,1,1,0,0,0,0,0,1,USA,0,0,2008,2009,1.0,2.0,10362,5181.0,2008.5,1,0,0,0,0,0,0,0,0,0,0,0,0,0,1,0,0,0,0,1,1.605,2011,41.4,2013,USA2008
2804,107,Parker et al. (2013),0.308,0.133,1,0.308,0.133,1.0,0.0,3.0,0.0,981.8964343274362,1.0,2008.0,0.0,0.0,0,1,1,0,3,1,0,0,0,0,0,,0,0,1,0,1,0,0,0,0,0,1,USA,0,0,2008,2009,1.0,2.0,10362,5181.0,2008.5,1,0,0,0,0,1,0,0,0,0,0,0,1,0,1,0,0,0,0,1,1.605,2011,41.4,2013,USA2008
2805,107,Parker et al. (2013),0.313,0.117,1,0.313,0.117,1.0,0.0,3.0,0.0,1172.8879356070283,1.0,2008.0,0.0,0.0,0,1,1,0,3,1,0,0,0,0,0,,0,0,1,0,1,0,0,0,0,0,1,USA,0,0,2008,2009,1.0,2.0,10362,5181.0,2008.5,1,0,0,0,0,1,0,0,0,0,0,0,1,0,1,0,0,0,0,1,1.605,2011,41.4,2013,USA2008
2806,107,Parker et al. (2013),0.868,0.379,1,0.868,0.379,1.0,0.0,3.0,0.0,981.8964343274362,1.0,2008.0,0.0,0.0,0,1,1,0,3,1,0,0,0,1,0,,0,0,1,0,1,0,0,0,0,0,1,USA,0,0,2008,2009,1.0,2.0,10362,5181.0,2008.5,1,0,0,0,0,1,0,0,0,0,0,0,1,0,1,0,0,0,0,1,1.605,2011,41.4,2013,USA2008
2807,107,Parker et al. (2013),0.702,0.402,1,0.702,0.402,1.0,0.0,3.0,0.0,1172.8879356070283,1.0,2008.0,0.0,0.0,0,1,1,0,3,1,0,0,0,1,0,,0,0,1,0,1,0,0,0,0,0,1,USA,0,0,2008,2009,1.0,2.0,10362,5181.0,2008.5,1,0,0,0,0,1,0,0,0,0,0,0,1,0,1,0,0,0,0,1,1.605,2011,41.4,2013,USA2008
2808,107,Parker et al. (2013),0.345,0.133,1,0.345,0.133,1.0,0.0,3.0,0.0,1129.7856509198664,1.0,2008.0,0.0,0.0,0,1,1,0,3,1,0,0,0,0,0,,0,0,1,0,1,0,0,0,0,0,1,USA,0,0,2008,2009,1.0,2.0,10488,5244.0,2008.5,1,0,0,0,0,1,0,0,0,0,0,0,1,0,1,0,0,0,0,1,1.605,2011,41.4,2013,USA2008
2809,107,Parker et al. (2013),0.952,0.398,1,0.952,0.398,1.0,0.0,3.0,0.0,1129.7856509198664,1.0,2008.0,0.0,0.0,0,1,1,0,3,1,0,0,0,1,0,,0,0,1,0,1,0,0,0,0,0,1,USA,0,0,2008,2009,1.0,2.0,10488,5244.0,2008.5,1,0,0,0,0,1,0,0,0,0,0,0,1,0,1,0,0,0,0,1,1.605,2011,41.4,2013,USA2008
2810,107,Parker et al. (2013),0.215,0.124,1,0.215,0.124,1.0,0.0,3.0,0.0,1081.8453546861863,1.0,2008.0,0.0,0.0,0,1,1,0,3,1,0,0,0,0,0,,0,0,1,0,1,0,0,0,0,0,1,USA,0,0,2008,2009,1.0,2.0,8592,4296.0,2008.5,1,0,0,0,0,1,0,0,0,0,0,0,1,0,1,0,0,0,0,1,1.605,2011,41.4,2013,USA2008
2811,107,Parker et al. (2013),0.568,0.442,1,0.568,0.442,1.0,0.0,3.0,0.0,1081.8453546861863,1.0,2008.0,0.0,0.0,0,1,1,0,3,1,0,0,0,1,0,,0,0,1,0,1,0,0,0,0,0,1,USA,0,0,2008,2009,1.0,2.0,8592,4296.0,2008.5,1,0,0,0,0,1,0,0,0,0,0,0,1,0,1,0,0,0,0,1,1.605,2011,41.4,2013,USA2008
2812,107,Parker et al. (2013),0.275,0.164,1,0.275,0.164,1.0,0.0,3.0,0.0,1092.620925857977,1.0,2008.0,0.0,0.0,0,1,1,0,3,1,0,0,0,0,0,,0,0,1,0,1,0,0,0,0,0,1,USA,0,0,2008,2009,1.0,2.0,5071,2535.5,2008.5,1,0,0,0,0,1,0,0,0,0,0,0,1,0,1,0,0,0,0,1,1.605,2011,41.4,2013,USA2008
2813,107,Parker et al. (2013),0.851,0.558,1,0.851,0.558,1.0,0.0,3.0,0.0,1092.620925857977,1.0,2008.0,0.0,0.0,0,1,1,0,3,1,0,0,0,1,0,,0,0,1,0,1,0,0,0,0,0,1,USA,0,0,2008,2009,1.0,2.0,5071,2535.5,2008.5,1,0,0,0,0,1,0,0,0,0,0,0,1,0,1,0,0,0,0,1,1.605,2011,41.4,2013,USA2008
2814,134,Agarwal and Qian (2014),0.05600000000000005,0.2814906963091461,1,0.05600000000000005,0.2814906963091461,1.0,8.0,8.0,0.0,419.4836594810148,1.0,2011.0,1.0,1.0,0,1,1,0,6,1,0,0,0,1,0,,0,0,0,1,1,0,1,0,0,0,1,Singapore,0,1,2010,2011,1.0,16.0,760896,47556.0,2010.5,1,0,0,0,0,0,0,0,0,0,0,0,0,0,1,0,0,0,0,1,1.605,2013,25.25,2014,Singapore2010
2815,135,Baker and Yannelis (2017),0.4572649572649573,0.225245439573222,1,0.4497615030515112,0.2215492918239296,1.0,0.0,0.25,0.0,497.635520567315,0.0,2013.0,1.0,1.0,0,1,1,0,1,1,0,0,0,0,0,,0,0,0,0,1,0,0,0,1,0,0,USA,0,1,2013,2014,1.0,53.0,3366464,64518.0,2013.5,1,0,0,0,0,0,0,0,0,0,0,0,0,0,0,0,0,0,0,0,1.352,2015,1.0,2017,USA2013
2816,135,Baker and Yannelis (2017),0.3017094017094017,0.2058050637671974,1,0.2967585244433336,0.2024279213723174,1.0,0.0,0.25,0.0,497.635520567315,0.0,2013.0,1.0,1.0,0,1,1,0,1,1,0,1,0,0,0,,0,0,0,0,1,0,0,0,1,0,0,USA,0,1,2013,2014,1.0,53.0,3366464,64518.0,2013.5,1,0,0,0,0,0,0,0,0,0,0,0,0,0,0,0,0,0,0,0,1.352,2015,5.5,2017,USA2013
2817,135,Baker and Yannelis (2017),0.5683760683760684,0.2563235329337431,1,0.5590493449144952,0.2521174115972187,1.0,0.0,0.25,0.0,497.635520567315,0.0,2013.0,1.0,1.0,0,1,1,0,1,1,0,0,0,0,0,,0,0,0,0,1,0,0,0,1,0,0,USA,0,1,2013,2014,1.0,53.0,3366464,64518.0,2013.5,1,0,0,0,0,0,0,0,0,0,0,0,0,0,0,0,0,0,0,0,1.352,2015,5.5,2017,USA2013
2818,135,Baker and Yannelis (2017),0.4572649572649573,0.2198269778444134,1,0.4497615030515112,0.2162197439269015,1.0,0.0,0.25,0.0,497.635520567315,0.0,2013.0,1.0,1.0,0,1,1,0,1,1,0,0,0,0,0,,0,0,0,0,1,0,0,0,1,0,0,USA,0,1,2013,2014,1.0,53.0,3366464,64518.0,2013.5,1,0,0,0,0,0,0,0,0,0,0,0,0,0,0,0,0,0,0,0,1.352,2015,5.5,2017,USA2013
2819,135,Baker and Yannelis (2017),0.3542735042735042,0.1358615086442066,1,0.3484600804015914,0.1336320996477704,1.0,0.0,0.25,0.0,497.635520567315,0.0,2013.0,1.0,1.0,0,1,1,1,1,1,0,1,0,0,0,,0,0,0,0,1,0,0,0,1,0,0,USA,0,1,2013,2014,1.0,365.0,20721,56.0,2013.5,1,0,0,0,0,0,0,0,0,0,0,0,0,0,0,0,0,0,0,0,1.352,2015,5.5,2017,USA2013
2820,135,Baker and Yannelis (2017),0.1846153846153846,0.1105715917997703,1,0.1815859526338812,0.1087571757523654,1.0,0.0,0.25,0.0,497.635520567315,0.0,2013.0,1.0,1.0,0,1,1,1,1,1,0,0,0,0,0,,0,0,0,0,1,0,0,0,1,0,0,USA,0,1,2013,2014,1.0,365.0,20721,56.0,2013.5,1,0,0,0,0,0,0,0,0,0,0,0,0,0,0,0,0,0,0,0,1.352,2015,5.5,2017,USA2013
2821,135,Baker and Yannelis (2017),0.2876068376068376,0.1079868394146613,1,0.282887375283801,0.1062148376630966,1.0,0.0,0.25,0.0,497.635520567315,0.0,2013.0,1.0,1.0,0,1,1,1,1,1,0,0,0,0,0,,0,0,0,0,1,0,0,0,1,0,0,USA,0,1,2013,2014,1.0,365.0,20721,56.0,2013.5,1,0,0,0,0,0,0,0,0,0,0,0,0,0,0,0,0,0,0,0,1.352,2015,5.5,2017,USA2013
2822,135,Baker and Yannelis (2017),0.4270833333333334,0.1158631312309197,1,0.420075142160845,0.1139618840734343,1.0,0.0,0.25,0.0,1248.3420964658712,0.0,2013.0,1.0,1.0,0,1,1,0,1,1,0,0,0,0,0,,0,0,0,0,1,0,0,0,0,0,1,USA,0,1,2013,2014,1.0,53.0,3366464,64518.0,2013.5,1,0,0,0,0,0,0,0,0,0,0,0,0,0,0,0,0,0,0,0,1.352,2015,5.5,2017,USA2013
2823,135,Baker and Yannelis (2017),0.435763888888889,0.1234478419064815,1,0.4286132548063906,0.1214221340214199,1.0,0.0,0.25,0.0,1248.3420964658712,0.0,2013.0,1.0,1.0,0,1,1,0,1,1,0,1,0,0,0,,0,0,0,0,1,0,0,0,0,0,1,USA,0,1,2013,2014,1.0,53.0,3366464,64518.0,2013.5,1,0,0,0,0,0,0,0,0,0,0,0,0,0,0,0,0,0,0,0,1.352,2015,5.5,2017,USA2013
2824,135,Baker and Yannelis (2017),0.278125,0.06965005378049298,1,0.273561129163282,0.06850713656979765,1.0,0.0,0.25,0.0,1248.3420964658712,0.0,2013.0,1.0,1.0,0,1,1,1,1,1,0,0,0,0,0,,0,0,0,0,1,0,0,0,0,0,1,USA,0,1,2013,2014,1.0,365.0,20721,56.0,2013.5,1,0,0,0,0,0,0,0,0,0,0,0,0,0,0,0,0,0,0,0,1.352,2015,5.5,2017,USA2013
2825,135,Baker and Yannelis (2017),0.3658119658119658,0.1370341527418256,1,0.359809202441209,0.1347855013320898,1.0,0.0,0.25,0.0,497.635520567315,0.0,2013.0,1.0,1.0,0,1,1,1,1,1,0,0,0,0,0,,0,0,0,0,1,0,0,0,1,0,0,USA,0,1,2013,2014,1.0,365.0,20721,56.0,2013.5,1,0,0,0,0,0,0,0,0,0,0,0,0,0,0,0,0,0,0,0,1.352,2015,5.5,2017,USA2013
2826,135,Baker and Yannelis (2017),0.2590277777777778,0.05230517798692583,1,0.2547772813430816,0.05144688018405346,1.0,0.0,0.25,0.0,1248.3420964658712,0.0,2013.0,1.0,1.0,0,1,1,1,1,1,0,0,0,0,0,,0,0,0,0,1,0,0,0,0,0,1,USA,0,1,2013,2014,1.0,365.0,20721,56.0,2013.5,1,0,0,0,0,0,0,0,0,0,0,0,0,0,0,0,0,0,0,0,1.352,2015,5.5,2017,USA2013
2827,135,Baker and Yannelis (2017),0.3662393162393162,0.1372056242098919,1,0.3602295402945281,0.1349541590522641,1.0,0.0,0.25,0.0,497.635520567315,0.0,2013.0,1.0,1.0,0,1,1,1,1,1,0,0,0,0,0,,0,0,0,0,1,0,0,0,1,0,0,USA,0,1,2013,2014,1.0,365.0,20721,56.0,2013.5,1,0,0,0,0,0,0,0,0,0,0,0,0,0,0,0,0,0,0,0,1.352,2015,5.5,2017,USA2013
2828,135,Baker and Yannelis (2017),0.3183760683760684,0.1210764382288333,1,,,1.0,0.0,0.25,0.0,497.635520567315,0.0,2013.0,1.0,1.0,0,1,1,1,1,1,0,0,0,0,0,,0,0,0,0,1,0,0,0,1,0,0,USA,0,1,2013,2014,1.0,365.0,20721,56.0,2013.5,1,0,0,0,0,0,0,0,0,0,0,0,0,0,0,0,0,0,0,0,1.352,2015,5.5,2017,USA2013
2829,135,Baker and Yannelis (2017),0.2705128205128205,0.1090924508503093,1,,,1.0,0.0,0.25,0.0,497.635520567315,0.0,2013.0,1.0,1.0,0,1,1,1,1,1,0,0,0,1,0,,0,0,0,0,1,0,0,0,1,0,0,USA,0,1,2013,2014,1.0,365.0,20721,56.0,2013.5,1,0,0,0,0,0,0,0,0,0,0,0,0,0,0,0,0,0,0,0,1.352,2015,5.5,2017,USA2013
2830,135,Baker and Yannelis (2017),0.2589743589743589,0.1019857489057684,1,,,1.0,0.0,0.25,0.0,497.635520567315,0.0,2013.0,1.0,1.0,0,1,1,1,1,1,0,0,0,0,0,services,1,0,0,0,1,0,0,0,1,0,0,USA,0,1,2013,2014,1.0,365.0,20721,56.0,2013.5,1,0,0,0,0,0,0,0,0,0,0,0,0,0,0,0,0,0,0,0,1.352,2015,5.5,2017,USA2013
2831,135,Baker and Yannelis (2017),0.297008547008547,0.1166127232168674,1,,,1.0,0.0,0.25,0.0,497.635520567315,0.0,2013.0,1.0,1.0,0,1,1,1,1,1,0,0,0,0,0,dining,1,0,0,0,1,0,0,0,1,0,0,USA,0,1,2013,2014,1.0,365.0,20721,56.0,2013.5,1,0,0,0,0,0,0,0,0,0,0,0,0,0,0,0,0,0,0,0,1.352,2015,5.5,2017,USA2013
2832,135,Baker and Yannelis (2017),0.5085470085470085,0.2047966156985137,1,,,1.0,0.0,0.25,0.0,497.635520567315,0.0,2013.0,1.0,1.0,0,1,1,1,1,1,0,0,0,0,0,mortgage,1,0,0,0,1,0,0,0,1,0,0,USA,0,1,2013,2014,1.0,365.0,20721,56.0,2013.5,1,0,0,0,0,0,0,0,0,0,0,0,0,0,0,0,0,0,0,0,1.352,2015,5.5,2017,USA2013
2833,135,Baker and Yannelis (2017),0.458974358974359,0.2372855786805395,1,0.4514428544647879,0.2333918591928491,1.0,0.0,0.25,0.0,497.635520567315,0.0,2013.0,1.0,1.0,0,1,1,0,1,1,0,0,0,0,0,,0,0,0,0,1,0,0,0,1,1,0,USA,0,1,2013,2014,1.0,53.0,3366464,64518.0,2013.5,1,0,0,0,0,0,0,0,0,0,0,0,0,0,0,0,0,0,0,0,1.352,2015,5.5,2017,USA2013
2834,135,Baker and Yannelis (2017),0.3978632478632478,0.212727250020068,1,0.3913345414401467,0.209236518541266,1.0,0.0,0.25,0.0,497.635520567315,0.0,2013.0,1.0,1.0,0,1,1,0,1,1,0,1,0,0,0,,0,0,0,0,1,0,0,0,1,1,0,USA,0,1,2013,2014,1.0,53.0,3366464,64518.0,2013.5,1,0,0,0,0,0,0,0,0,0,0,0,0,0,0,0,0,0,0,0,1.352,2015,5.5,2017,USA2013
2835,135,Baker and Yannelis (2017),0.002564102564102564,0.1598317609334291,1,0.002522027119915016,0.1572090139221738,1.0,0.0,0.25,0.0,497.635520567315,0.0,2013.0,1.0,1.0,0,1,1,0,1,1,0,0,0,0,0,,0,0,0,0,1,0,0,1,1,0,0,USA,0,1,2013,2014,1.0,53.0,3366464,64518.0,2013.5,1,0,0,0,0,0,0,0,0,0,0,0,0,0,0,0,0,0,0,0,1.352,2015,5.5,2017,USA2013
2836,135,Baker and Yannelis (2017),0.5572649572649572,0.2679451736554411,1,0.5481205607281968,0.2635483478976508,1.0,0.0,0.25,0.0,497.635520567315,0.0,2013.0,1.0,1.0,0,1,1,0,1,1,0,0,0,0,0,,0,0,0,0,1,0,0,0,1,1,0,USA,0,1,2013,2014,1.0,53.0,3366464,64518.0,2013.5,1,0,0,0,0,0,0,0,0,0,0,0,0,0,0,0,0,0,0,0,1.352,2015,5.5,2017,USA2013
2837,135,Baker and Yannelis (2017),0.5098290598290598,0.2891626772383443,1,0.5014630590097691,0.2844176844843114,1.0,0.0,0.25,0.0,497.635520567315,0.0,2013.0,1.0,1.0,0,1,1,0,1,1,0,0,0,0,0,,0,0,0,0,1,0,0,0,1,1,0,USA,0,1,2013,2014,1.0,53.0,3366464,64518.0,2013.5,1,0,0,0,0,0,0,0,0,0,0,0,0,0,0,0,0,0,0,0,1.352,2015,5.5,2017,USA2014
2838,135,Baker and Yannelis (2017),0.3987179487179487,0.2412257002187778,1,0.392175217146785,0.2372673256091764,1.0,0.0,0.25,0.0,497.635520567315,0.0,2013.0,1.0,1.0,0,1,1,0,1,1,0,0,0,0,0,,0,0,0,0,1,0,0,1,1,0,0,USA,0,1,2013,2014,1.0,53.0,3366464,64518.0,2013.5,1,0,0,0,0,0,0,0,0,0,0,0,0,0,0,0,0,0,0,0,1.352,2015,5.5,2017,USA2013
2839,135,Baker and Yannelis (2017),0.3136752136752137,0.115992527430875,1,0.3085279843362703,0.1140891569563798,1.0,0.0,0.25,0.0,497.635520567315,0.0,2013.0,1.0,1.0,0,1,1,0,1,1,0,0,0,0,0,,0,0,0,0,1,0,0,0,1,1,0,USA,0,1,2013,2014,1.0,53.0,3366464,64518.0,2013.5,1,0,0,0,0,0,0,0,0,0,0,0,0,0,0,0,0,0,0,0,1.352,2015,5.5,2017,USA2013
2840,135,Baker and Yannelis (2017),0.1123931623931624,0.1046449196952366,1,0.1105488554229416,0.1029277569187591,1.0,0.0,0.25,0.0,497.635520567315,0.0,2013.0,1.0,1.0,0,1,1,0,1,1,0,0,0,0,0,,0,0,0,0,1,0,0,1,1,0,0,USA,0,1,2013,2014,1.0,53.0,3366464,64518.0,2013.5,1,0,0,0,0,0,0,0,0,0,0,0,0,0,0,0,0,0,0,0,1.352,2015,5.5,2017,USA2013
2841,135,Baker and Yannelis (2017),0.4572649572649573,0.06902786638203688,1,0.4497615030515112,0.06789515890769315,1.0,0.0,0.25,0.0,497.635520567315,0.0,2013.0,1.0,1.0,0,1,1,0,1,1,0,0,0,0,0,,0,0,0,0,1,0,0,0,1,0,0,USA,0,1,2013,2014,1.0,53.0,3366464,64518.0,2013.5,1,0,0,0,0,0,0,0,0,0,0,0,0,0,0,0,0,0,0,0,1.352,2015,5.5,2017,USA2013
2842,135,Baker and Yannelis (2017),0.3017094017094017,0.07824689536695388,1,0.2967585244433336,0.07696290894419802,1.0,0.0,0.25,0.0,497.635520567315,0.0,2013.0,1.0,1.0,0,1,1,0,1,1,0,1,0,0,0,,0,0,0,0,1,0,0,0,1,0,0,USA,0,1,2013,2014,1.0,53.0,3366464,64518.0,2013.5,1,0,0,0,0,0,0,0,0,0,0,0,0,0,0,0,0,0,0,0,1.352,2015,5.5,2017,USA2013
2843,135,Baker and Yannelis (2017),0.4572649572649573,0.06902786638203688,1,0.4497615030515112,0.06789515890769315,1.0,0.0,0.25,0.0,497.635520567315,0.0,2013.0,1.0,1.0,0,1,1,0,1,1,0,0,0,0,0,,0,0,0,0,1,0,0,0,1,0,0,USA,0,1,2013,2014,1.0,53.0,3366464,64518.0,2013.5,1,0,0,0,0,0,0,0,0,0,0,0,0,0,0,0,0,0,0,0,1.352,2015,5.5,2017,USA2013
2844,135,Baker and Yannelis (2017),0.3819444444444445,0.05037750557493718,1,0.3756769564040077,0.04955083976452799,1.0,0.0,0.25,0.0,1248.3420964658712,0.0,2013.0,1.0,1.0,0,1,1,0,1,1,0,0,0,0,0,,0,0,0,0,1,0,0,0,0,0,1,USA,0,1,2013,2014,1.0,53.0,3366464,64518.0,2013.5,1,0,0,0,0,0,0,0,0,0,0,0,0,0,0,0,0,0,0,0,1.352,2015,5.5,2017,USA2013
2845,135,Baker and Yannelis (2017),0.0623,0.000394,1,0.0623,0.000394,1.0,0.0,0.25,0.0,497.635520567315,0.0,2013.0,1.0,1.0,0,1,1,0,0,1,0,0,0,0,0,,0,0,0,1,1,0,0,0,1,0,0,USA,0,1,2013,2014,1.0,53.0,3366464,64518.0,2013.5,1,0,0,0,0,0,0,0,0,0,0,0,0,0,1,0,0,0,0,0,1.352,2015,5.5,2017,USA2013
2846,135,Baker and Yannelis (2017),0.058,0.000455,1,0.058,0.000455,1.0,0.0,0.25,0.0,497.635520567315,0.0,2013.0,1.0,1.0,0,1,1,0,3,1,0,1,0,0,0,,0,0,0,1,1,0,0,0,1,0,0,USA,0,1,2013,2014,1.0,53.0,3366464,64518.0,2013.5,1,0,0,0,0,0,0,0,0,0,0,0,0,0,1,0,0,0,0,0,1.352,2015,5.5,2017,USA2013
2847,135,Baker and Yannelis (2017),0.39,0.134,1,0.39,0.134,1.0,0.0,0.25,0.0,497.635520567315,0.0,2013.0,1.0,1.0,0,1,1,0,0,1,0,0,0,0,0,,0,0,1,0,1,0,0,0,1,0,0,USA,0,1,2013,2014,1.0,53.0,3366464,64518.0,2013.5,1,0,0,0,0,1,0,0,0,0,0,0,1,0,1,0,0,0,0,0,1.352,2015,5.5,2017,USA2013
2848,135,Baker and Yannelis (2017),0.31,0.167,1,0.31,0.167,1.0,0.0,0.25,0.0,497.635520567315,0.0,2013.0,1.0,1.0,0,1,1,0,3,1,0,1,0,0,0,,0,0,1,0,1,0,0,0,1,0,0,USA,0,1,2013,2014,1.0,53.0,3366464,64518.0,2013.5,1,0,0,0,0,1,0,0,0,0,0,0,1,0,1,0,0,0,0,0,1.352,2015,5.5,2017,USA2013
2849,135,Baker and Yannelis (2017),0.3371794871794871,0.1497880849869413,1,0.02653172530150597,0.01178641191240868,1.0,0.0,0.25,0.0,497.635520567315,0.0,2013.0,1.0,1.0,0,1,1,0,1,1,0,1,0,0,1,Restaurants,1,0,0,0,1,0,0,0,1,0,0,USA,0,1,2013,2014,1.0,53.0,3366464,64518.0,2013.5,1,0,0,0,0,0,0,0,0,0,0,0,0,0,0,0,0,0,0,0,1.352,2015,5.5,2017,USA2013
2850,135,Baker and Yannelis (2017),0.2298611111111111,0.08891002980679531,1,0.01808713782832386,0.006996085399841935,1.0,0.0,0.25,0.0,1248.3420964658712,0.0,2013.0,1.0,1.0,0,1,1,0,1,1,0,1,0,0,1,Restaurants,1,0,0,0,1,0,0,0,0,0,1,USA,0,1,2013,2014,1.0,53.0,3366464,64518.0,2013.5,1,0,0,0,0,0,0,0,0,0,0,0,0,0,0,0,0,0,0,0,1.352,2015,5.5,2017,USA2013
2851,135,Baker and Yannelis (2017),-0.03816239316239316,0.07822086371119132,1,-0.001876808515070091,0.003846865222644617,1.0,0.0,0.25,0.0,497.635520567315,0.0,2013.0,1.0,1.0,0,1,1,0,1,1,0,1,0,0,1,Fast food,1,0,0,0,1,0,0,0,1,0,0,USA,0,1,2013,2014,1.0,53.0,3366464,64518.0,2013.5,1,0,0,0,0,0,0,0,0,0,0,0,0,0,0,0,0,0,0,0,1.352,2015,5.5,2017,USA2013
2852,135,Baker and Yannelis (2017),-0.000763888888888891,0.05880114140344823,1,-3.756769564040087e-05,0.002891812429378356,1.0,0.0,0.25,0.0,1248.3420964658712,0.0,2013.0,1.0,1.0,0,1,1,0,1,1,0,1,0,0,1,Fast food,1,0,0,0,1,0,0,0,0,0,1,USA,0,1,2013,2014,1.0,53.0,3366464,64518.0,2013.5,1,0,0,0,0,0,0,0,0,0,0,0,0,0,0,0,0,0,0,0,1.352,2015,5.5,2017,USA2013
2853,135,Baker and Yannelis (2017),-0.2256410256410256,0.1396247301423618,1,-0.03551014184840343,0.02197337101626278,1.0,0.0,0.25,0.0,497.635520567315,0.0,2013.0,1.0,1.0,0,1,1,0,1,1,0,1,0,0,1,Groceries,1,0,0,0,1,0,0,0,1,0,0,USA,0,1,2013,2014,1.0,53.0,3366464,64518.0,2013.5,1,0,0,0,0,0,0,0,0,0,0,0,0,0,0,0,0,0,0,0,1.352,2015,5.5,2017,USA2013
2854,135,Baker and Yannelis (2017),0.04704861111111111,0.07564606580039084,1,0.007404251286217169,0.01190476119852,1.0,0.0,0.25,0.0,1248.3420964658712,0.0,2013.0,1.0,1.0,0,1,1,0,1,1,0,1,0,0,1,Groceries,1,0,0,0,1,0,0,0,0,0,1,USA,0,1,2013,2014,1.0,53.0,3366464,64518.0,2013.5,1,0,0,0,0,0,0,0,0,0,0,0,0,0,0,0,0,0,0,0,1.352,2015,5.5,2017,USA2013
2855,135,Baker and Yannelis (2017),-0.04786324786324786,0.04073131806285884,1,-0.0004707783957174697,0.000400629406259216,1.0,0.0,0.25,0.0,497.635520567315,0.0,2013.0,1.0,1.0,0,1,1,0,1,1,0,1,0,0,0,Auto transport,1,0,0,0,1,0,0,0,1,0,0,USA,0,1,2013,2014,1.0,53.0,3366464,64518.0,2013.5,1,0,0,0,0,0,0,0,0,0,0,0,0,0,0,0,0,0,0,0,1.352,2015,5.5,2017,USA2013
2856,135,Baker and Yannelis (2017),-0.01729166666666667,0.02047932429878791,1,-0.0001700792038992689,0.000201432703988403,1.0,0.0,0.25,0.0,1248.3420964658712,0.0,2013.0,1.0,1.0,0,1,1,0,1,1,0,1,0,0,0,Auto transport,1,0,0,0,1,0,0,0,0,0,1,USA,0,1,2013,2014,1.0,53.0,3366464,64518.0,2013.5,1,0,0,0,0,0,0,0,0,0,0,0,0,0,0,0,0,0,0,0,1.352,2015,5.5,2017,USA2013
2857,135,Baker and Yannelis (2017),-0.02465811965811966,0.02207457075033896,1,-9.701397654606428e-05,8.684935910482671e-05,1.0,0.0,0.25,0.0,497.635520567315,0.0,2013.0,1.0,1.0,0,1,1,0,1,1,0,1,0,0,0,Public Transport,1,0,0,0,1,0,0,0,1,0,0,USA,0,1,2013,2014,1.0,53.0,3366464,64518.0,2013.5,1,0,0,0,0,0,0,0,0,0,0,0,0,0,0,0,0,0,0,0,1.352,2015,5.5,2017,USA2013
2858,135,Baker and Yannelis (2017),0.06619791666666668,0.02101669230733305,1,0.0002604465881397239,8.268728203320507e-05,1.0,0.0,0.25,0.0,1248.3420964658712,0.0,2013.0,1.0,1.0,0,1,1,0,1,1,0,1,0,0,0,Public Transport,1,0,0,0,1,0,0,0,0,0,1,USA,0,1,2013,2014,1.0,53.0,3366464,64518.0,2013.5,1,0,0,0,0,0,0,0,0,0,0,0,0,0,0,0,0,0,0,0,1.352,2015,5.5,2017,USA2013
2859,135,Baker and Yannelis (2017),-0.1260683760683761,0.1159278782487673,1,-0.01115997000562395,0.01026230117670566,1.0,0.0,0.25,0.0,497.635520567315,0.0,2013.0,1.0,1.0,0,1,1,0,1,1,0,1,0,0,0,Gas,1,0,0,0,1,0,0,0,1,0,0,USA,0,1,2013,2014,1.0,53.0,3366464,64518.0,2013.5,1,0,0,0,0,0,0,0,0,0,0,0,0,0,0,0,0,0,0,0,1.352,2015,5.5,2017,USA2013
2860,135,Baker and Yannelis (2017),-0.09704861111111111,0.06720692970989951,1,-0.00859104894394801,0.005949369248048067,1.0,0.0,0.25,0.0,1248.3420964658712,0.0,2013.0,1.0,1.0,0,1,1,0,1,1,0,1,0,0,0,Gas,1,0,0,0,1,0,0,0,0,0,1,USA,0,1,2013,2014,1.0,53.0,3366464,64518.0,2013.5,1,0,0,0,0,0,0,0,0,0,0,0,0,0,0,0,0,0,0,0,1.352,2015,5.5,2017,USA2013
2861,135,Baker and Yannelis (2017),0.2709401709401709,0.1146449505708564,1,0.0159896519402612,0.006765821583323781,1.0,0.0,0.25,0.0,497.635520567315,0.0,2013.0,1.0,1.0,0,1,1,0,1,1,0,1,0,0,0,Apparel,1,0,0,0,1,0,0,0,1,0,0,USA,0,1,2013,2014,1.0,53.0,3366464,64518.0,2013.5,1,0,0,0,0,0,0,0,0,0,0,0,0,0,0,0,0,0,0,0,1.352,2015,5.5,2017,USA2013
2862,135,Baker and Yannelis (2017),0.2489583333333334,0.07951301583214855,1,0.01469238424045492,0.004692495186168911,1.0,0.0,0.25,0.0,1248.3420964658712,0.0,2013.0,1.0,1.0,0,1,1,0,1,1,0,1,0,0,0,Apparel,1,0,0,0,1,0,0,0,0,0,1,USA,0,1,2013,2014,1.0,53.0,3366464,64518.0,2013.5,1,0,0,0,0,0,0,0,0,0,0,0,0,0,0,0,0,0,0,0,1.352,2015,5.5,2017,USA2013
2863,135,Baker and Yannelis (2017),0.1735042735042735,0.05262242818914138,1,,,1.0,0.0,0.25,0.0,497.635520567315,0.0,2013.0,1.0,1.0,0,1,1,0,1,1,0,1,0,0,1,Cafes,1,0,0,0,1,0,0,0,1,0,0,USA,0,1,2013,2014,1.0,53.0,3366464,64518.0,2013.5,1,0,0,0,0,0,0,0,0,0,0,0,0,0,0,0,0,0,0,0,1.352,2015,5.5,2017,USA2013
2864,135,Baker and Yannelis (2017),0.096875,0.03813354591349526,1,,,1.0,0.0,0.25,0.0,1248.3420964658712,0.0,2013.0,1.0,1.0,0,1,1,0,1,1,0,1,0,0,1,Cafes,1,0,0,0,1,0,0,0,0,0,1,USA,0,1,2013,2014,1.0,53.0,3366464,64518.0,2013.5,1,0,0,0,0,0,0,0,0,0,0,0,0,0,0,0,0,0,0,0,1.352,2015,5.5,2017,USA2013
2865,135,Baker and Yannelis (2017),0.05384615384615384,0.01723675660796394,1,,,1.0,0.0,0.25,0.0,497.635520567315,0.0,2013.0,1.0,1.0,0,1,1,0,1,1,0,1,0,0,0,Amusement,1,0,0,0,1,0,0,0,1,0,0,USA,0,1,2013,2014,1.0,53.0,3366464,64518.0,2013.5,1,0,0,0,0,0,0,0,0,0,0,0,0,0,0,0,0,0,0,0,1.352,2015,5.5,2017,USA2013
2866,135,Baker and Yannelis (2017),0.01190972222222222,0.01294538771923156,1,,,1.0,0.0,0.25,0.0,1248.3420964658712,0.0,2013.0,1.0,1.0,0,1,1,0,1,1,0,1,0,0,0,Amusement,1,0,0,0,1,0,0,0,0,0,1,USA,0,1,2013,2014,1.0,53.0,3366464,64518.0,2013.5,1,0,0,0,0,0,0,0,0,0,0,0,0,0,0,0,0,0,0,0,1.352,2015,5.5,2017,USA2013
2867,135,Baker and Yannelis (2017),-0.03747863247863248,0.03827888545110528,1,,,1.0,0.0,0.25,0.0,497.635520567315,0.0,2013.0,1.0,1.0,0,1,1,0,1,1,0,1,0,0,0,Home Services,1,0,0,0,1,0,0,0,1,0,0,USA,0,1,2013,2014,1.0,53.0,3366464,64518.0,2013.5,1,0,0,0,0,0,0,0,0,0,0,0,0,0,0,0,0,0,0,0,1.352,2015,5.5,2017,USA2013
2868,135,Baker and Yannelis (2017),0.008385416666666666,0.01727782241606709,1,,,1.0,0.0,0.25,0.0,1248.3420964658712,0.0,2013.0,1.0,1.0,0,1,1,0,1,1,0,1,0,0,0,Home Services,1,0,0,0,1,0,0,0,0,0,1,USA,0,1,2013,2014,1.0,53.0,3366464,64518.0,2013.5,1,0,0,0,0,0,0,0,0,0,0,0,0,0,0,0,0,0,0,0,1.352,2015,5.5,2017,USA2013
2869,135,Baker and Yannelis (2017),0.007222222222222222,0.01278122696036678,1,,,1.0,0.0,0.25,0.0,497.635520567315,0.0,2013.0,1.0,1.0,0,1,1,0,1,1,0,1,0,0,0,Education,1,0,0,0,1,0,0,0,1,0,0,USA,0,1,2013,2014,1.0,53.0,3366464,64518.0,2013.5,1,0,0,0,0,0,0,0,0,0,0,0,0,0,0,0,0,0,0,0,1.352,2015,5.5,2017,USA2013
2870,135,Baker and Yannelis (2017),0.01901041666666667,0.007347682262861636,1,,,1.0,0.0,0.25,0.0,1248.3420964658712,0.0,2013.0,1.0,1.0,0,1,1,0,1,1,0,1,0,0,0,Education,1,0,0,0,1,0,0,0,0,0,1,USA,0,1,2013,2014,1.0,53.0,3366464,64518.0,2013.5,1,0,0,0,0,0,0,0,0,0,0,0,0,0,0,0,0,0,0,0,1.352,2015,5.5,2017,USA2013
2871,135,Baker and Yannelis (2017),0.005341880341880342,0.0156852981488094,1,,,1.0,0.0,0.25,0.0,497.635520567315,0.0,2013.0,1.0,1.0,0,1,1,0,1,1,0,1,0,0,0,Health insurance,1,0,0,0,1,0,0,0,1,0,0,USA,0,1,2013,2014,1.0,53.0,3366464,64518.0,2013.5,1,0,0,0,0,0,0,0,0,0,0,0,0,0,0,0,0,0,0,0,1.352,2015,5.5,2017,USA2013
2872,135,Baker and Yannelis (2017),0.01170138888888889,0.006951318658051435,1,,,1.0,0.0,0.25,0.0,1248.3420964658712,0.0,2013.0,1.0,1.0,0,1,1,0,1,1,0,1,0,0,0,Health insurance,1,0,0,0,1,0,0,0,0,0,1,USA,0,1,2013,2014,1.0,53.0,3366464,64518.0,2013.5,1,0,0,0,0,0,0,0,0,0,0,0,0,0,0,0,0,0,0,0,1.352,2015,5.5,2017,USA2013
2873,136,Kubota and Fukushige (2016),0.48,0.17,1,,,,0.0,12.0,0.0,,,,0.0,0.0,0,1,1,0,1,1,0,1,0,0,0,,0,0,0,1,1,0,0,0,0,0,0,Japan,1,0,2004,2010,7.0,2.285343709468223,7048,3084.0,2007.0,1,0,0,0,0,0,0,0,0,0,0,0,0,0,0,1,0,0,0,0,0.805,2009,0.5,2016,Japan2004
2874,136,Kubota and Fukushige (2016),0.49,0.17,1,,,,0.0,12.0,0.0,,,,0.0,0.0,0,1,1,0,1,1,0,1,0,0,0,,0,0,0,1,1,0,0,0,0,0,0,Japan,1,0,2004,2010,7.0,2.285343709468223,7048,3084.0,2007.0,1,0,0,0,0,0,0,0,0,0,0,0,0,0,0,1,0,0,0,0,0.805,2009,0.5,2016,Japan2005
2875,136,Kubota and Fukushige (2016),0.41,0.18,1,,,,0.0,12.0,0.0,,,,0.0,0.0,0,1,1,0,1,1,0,1,0,0,0,,0,0,0,1,1,0,0,1,0,0,0,Japan,1,0,2004,2010,7.0,2.293103448275862,6251,2726.0,2007.0,1,0,0,0,0,0,0,0,0,0,0,0,0,0,0,1,0,0,0,0,0.805,2009,0.5,2016,Japan2006
2876,137,Gelman et. al (2014),0.07,0.005102040816326528,1,0.07,0.005102040816326528,1.0,0.0,0.04,0.0,4073.9040915703376,0.0,2012.0,1.0,1.0,0,1,1,0,0,1,0,0,0,1,0,,0,0,0,1,1,0,0,0,0,0,1,USA,0,1,2012,2013,2.0,300.0,5371244,17904.1466666667,2012.5,1,0,0,0,0,0,0,0,0,0,0,0,0,0,1,0,0,0,0,0,0.0,2014,12.75,2014,USA2012
2877,137,Gelman et. al (2014),0.005,0.002551020408163266,1,0.005,0.002551020408163266,1.0,0.0,0.04,0.0,4073.9040915703376,0.0,2012.0,1.0,1.0,0,1,1,0,0,1,0,0,0,0,0,non-recurring,1,0,0,1,1,0,0,0,0,0,1,USA,0,1,2012,2013,2.0,300.0,5371244,17904.1466666667,2012.5,1,0,0,0,0,0,0,0,0,0,0,0,0,0,1,0,0,0,0,0,0.0,2014,12.75,2014,USA2012
2878,137,Gelman et. al (2014),0.715,0.127551020408163,1,,,1.0,0.0,0.04,0.0,4073.9040915703376,0.0,2012.0,1.0,1.0,0,1,1,0,0,1,0,0,0,1,0,,0,0,0,1,1,0,0,0,0,0,1,USA,0,1,2012,2013,2.0,300.0,5371244,17904.146666666667,2012.5,1,0,0,0,0,0,0,0,0,0,0,0,0,0,0,0,0,0,0,0,0.0,2014,12.75,2014,USA2012
2879,137,Gelman et. al (2014),0.425,0.076530612244898,1,,,1.0,0.0,0.04,0.0,4073.9040915703376,0.0,2012.0,1.0,1.0,0,1,1,0,0,1,0,0,0,0,0,non-recurring,1,0,0,1,1,0,0,0,0,0,1,USA,0,1,2012,2013,2.0,300.0,5371244,17904.146666666667,2012.5,1,0,0,0,0,0,0,0,0,0,0,0,0,0,0,0,0,0,0,0,0.0,2014,12.75,2014,USA2012
2880,138,Broda and Parker (2014),0.0153,0.0024,1,0.0153,0.0024,1.0,0.0,0.25,3.0,987.3941747212068,1.0,2008.0,0.0,0.0,0,1,1,0,0,1,0,0,0,0,0,"NCP goods, kind of non-durables",1,0,0,1,1,1,0,0,0,0,1,USA,0,1,2008,2008,1.0,52.0,1131520,21760.0,2008.0,1,0,0,0,0,0,0,0,0,0,0,0,0,0,1,0,0,0,0,0,1.803,2014,23.0,2014,USA2008
2881,138,Broda and Parker (2014),0.0389,0.0064,1,0.0389,0.0064,1.0,4.0,1.0,0.0,987.3941747212068,1.0,2008.0,0.0,0.0,0,1,1,0,0,1,0,0,0,0,0,"NCP goods, kind of non-durables",1,0,0,1,1,0,1,0,0,0,1,USA,0,1,2008,2008,1.0,52.0,1131520,21760.0,2008.0,1,0,0,0,0,0,0,0,0,0,0,0,0,0,1,0,0,0,0,0,1.803,2014,23.0,2014,USA2008
2882,138,Broda and Parker (2014),0.0146,0.0027,1,0.0146,0.0027,1.0,0.0,0.25,3.0,987.3941747212068,1.0,2008.0,0.0,0.0,0,1,1,0,0,1,0,0,0,0,0,"NCP goods, kind of non-durables",1,0,0,1,1,1,0,0,0,0,1,USA,0,1,2008,2008,1.0,52.0,1131520,21760.0,2008.0,1,0,0,0,0,0,0,0,0,0,0,0,0,0,1,0,0,0,0,0,1.803,2014,23.0,2014,USA2008
2883,138,Broda and Parker (2014),0.035,0.0093,1,0.035,0.0093,1.0,4.0,1.0,0.0,987.3941747212068,1.0,2008.0,0.0,0.0,0,1,1,0,0,1,0,0,0,0,0,"NCP goods, kind of non-durables",1,0,0,1,1,0,1,0,0,0,1,USA,0,1,2008,2008,1.0,52.0,1131520,21760.0,2008.0,1,0,0,0,0,0,0,0,0,0,0,0,0,0,1,0,0,0,0,0,1.803,2014,23.0,2014,USA2008
2884,138,Broda and Parker (2014),0.0476,0.0081,1,0.0476,0.0081,1.0,0.0,1.0,2.0,987.3941747212068,1.0,2008.0,0.0,0.0,0,1,1,0,0,1,0,0,0,0,0,"NCP goods, kind of non-durables",1,0,0,1,1,1,0,0,0,0,1,USA,0,1,2008,2008,1.0,52.0,1131520,21760.0,2008.0,1,0,0,0,0,0,0,0,0,0,0,0,0,0,1,0,0,0,0,0,1.803,2014,23.0,2014,USA2008
2885,138,Broda and Parker (2014),0.0692,0.0288,1,0.0692,0.0288,1.0,3.0,3.0,0.0,987.3941747212068,1.0,2008.0,0.0,0.0,0,1,1,0,0,1,0,0,0,0,0,"NCP goods, kind of non-durables",1,0,0,1,1,0,1,0,0,0,1,USA,0,1,2008,2008,1.0,52.0,1131520,21760.0,2008.0,1,0,0,0,0,0,0,0,0,0,0,0,0,0,1,0,0,0,0,0,1.803,2014,23.0,2014,USA2008
2886,138,Broda and Parker (2014),0.0576,0.0109,1,0.0576,0.0109,1.0,0.0,1.0,2.0,987.3941747212068,1.0,2008.0,0.0,0.0,0,1,1,0,0,1,0,0,0,0,0,"NCP goods, kind of non-durables",1,0,0,1,1,1,0,0,0,0,1,USA,0,1,2008,2008,1.0,52.0,1131520,21760.0,2008.0,1,0,0,0,0,0,0,0,0,0,0,0,0,0,1,0,0,0,0,0,1.803,2014,23.0,2014,USA2008
2887,138,Broda and Parker (2014),0.1228,0.0396,1,0.1228,0.0396,1.0,3.0,3.0,0.0,987.3941747212068,1.0,2008.0,0.0,0.0,0,1,1,0,0,1,0,0,0,0,0,"NCP goods, kind of non-durables",1,0,0,1,1,0,1,0,0,0,1,USA,0,1,2008,2008,1.0,52.0,1131520,21760.0,2008.0,1,0,0,0,0,0,0,0,0,0,0,0,0,0,1,0,0,0,0,0,1.803,2014,23.0,2014,USA2008
2888,138,Broda and Parker (2014),0.0716,0.0196,1,0.0716,0.0196,1.0,0.0,1.0,2.0,632.2401452836235,1.0,2008.0,0.0,0.0,0,1,1,0,0,1,0,0,0,0,0,"NCP goods, kind of non-durables",1,0,0,1,1,1,0,0,0,1,1,USA,0,1,2008,2008,1.0,52.0,316056,6078.0,2008.0,1,0,0,0,0,0,0,0,0,0,0,0,0,0,1,0,0,0,0,0,1.803,2014,23.0,2014,USA2008
2889,138,Broda and Parker (2014),0.1264,0.0696,1,0.1264,0.0696,1.0,3.0,3.0,0.0,632.2401452836235,1.0,2008.0,0.0,0.0,0,1,1,0,0,1,0,0,0,0,0,"NCP goods, kind of non-durables",1,0,0,1,1,0,1,0,0,1,1,USA,0,1,2008,2008,1.0,52.0,316056,6078.0,2008.0,1,0,0,0,0,0,0,0,0,0,0,0,0,0,1,0,0,0,0,0,1.803,2014,23.0,2014,USA2008
2890,138,Broda and Parker (2014),0.092,0.025,1,0.092,0.025,1.0,0.0,1.0,2.0,632.2401452836235,1.0,2008.0,0.0,0.0,0,1,1,0,0,1,0,0,0,0,0,"NCP goods, kind of non-durables",1,0,0,1,1,1,0,0,0,1,1,USA,0,1,2008,2008,1.0,52.0,315120,6060.0,2008.0,1,0,0,0,0,0,0,0,0,0,0,0,0,0,1,0,0,0,0,0,1.803,2014,23.0,2014,USA2008
2891,138,Broda and Parker (2014),0.1932,0.0868,1,0.1932,0.0868,1.0,3.0,3.0,0.0,632.2401452836235,1.0,2008.0,0.0,0.0,0,1,1,0,0,1,0,0,0,0,0,"NCP goods, kind of non-durables",1,0,0,1,1,0,1,0,0,1,1,USA,0,1,2008,2008,1.0,52.0,315120,6060.0,2008.0,1,0,0,0,0,0,0,0,0,0,0,0,0,0,1,0,0,0,0,0,1.803,2014,23.0,2014,USA2008
2892,138,Broda and Parker (2014),0.0496,0.0138,1,0.0496,0.0138,1.0,0.0,1.0,2.0,1048.968867131438,1.0,2008.0,0.0,0.0,0,1,1,0,0,1,0,0,0,0,0,"NCP goods, kind of non-durables",1,0,0,1,1,1,0,0,0,0,1,USA,0,1,2008,2008,1.0,52.0,333268,6409.0,2008.0,1,0,0,0,0,0,0,0,0,0,0,0,0,0,1,0,0,0,0,0,1.803,2014,23.0,2014,USA2008
2893,138,Broda and Parker (2014),0.0588,0.0504,1,0.0588,0.0504,1.0,3.0,3.0,0.0,1048.968867131438,1.0,2008.0,0.0,0.0,0,1,1,0,0,1,0,0,0,0,0,"NCP goods, kind of non-durables",1,0,0,1,1,0,1,0,0,0,1,USA,0,1,2008,2008,1.0,52.0,333268,6409.0,2008.0,1,0,0,0,0,0,0,0,0,0,0,0,0,0,1,0,0,0,0,0,1.803,2014,23.0,2014,USA2008
2894,138,Broda and Parker (2014),0.0328,0.0182,1,0.0328,0.0182,1.0,0.0,1.0,2.0,1044.5706748164214,1.0,2008.0,0.0,0.0,0,1,1,0,0,1,0,0,0,0,0,"NCP goods, kind of non-durables",1,0,0,1,1,1,0,0,0,0,1,USA,0,1,2008,2008,1.0,52.0,332176,6388.0,2008.0,1,0,0,0,0,0,0,0,0,0,0,0,0,0,1,0,0,0,0,0,1.803,2014,23.0,2014,USA2008
2895,138,Broda and Parker (2014),0.0377,0.0712,1,0.0377,0.0712,1.0,3.0,3.0,0.0,1044.5706748164214,1.0,2008.0,0.0,0.0,0,1,1,0,0,1,0,0,0,0,0,"NCP goods, kind of non-durables",1,0,0,1,1,0,1,0,0,0,1,USA,0,1,2008,2008,1.0,52.0,332176,6388.0,2008.0,1,0,0,0,0,0,0,0,0,0,0,0,0,0,1,0,0,0,0,0,1.803,2014,23.0,2014,USA2008
2896,138,Broda and Parker (2014),0.0317,0.0159,1,0.0317,0.0159,1.0,0.0,1.0,2.0,1223.7970116533443,1.0,2008.0,0.0,0.0,0,1,1,0,0,1,0,0,0,0,0,"NCP goods, kind of non-durables",1,0,0,1,1,1,0,1,0,0,1,USA,0,1,2008,2008,1.0,52.0,249184,4792.0,2008.0,1,0,0,0,0,0,0,0,0,0,0,0,0,0,1,0,0,0,0,0,1.803,2014,23.0,2014,USA2008
2897,138,Broda and Parker (2014),0.088,0.056,1,0.088,0.056,1.0,3.0,3.0,0.0,1223.7970116533443,1.0,2008.0,0.0,0.0,0,1,1,0,0,1,0,0,0,0,0,"NCP goods, kind of non-durables",1,0,0,1,1,0,1,1,0,0,1,USA,0,1,2008,2008,1.0,52.0,249184,4792.0,2008.0,1,0,0,0,0,0,0,0,0,0,0,0,0,0,1,0,0,0,0,0,1.803,2014,23.0,2014,USA2008
2898,138,Broda and Parker (2014),0.0404,0.0213,1,0.0404,0.0213,1.0,0.0,1.0,2.0,1218.2992712595737,1.0,2008.0,0.0,0.0,0,1,1,0,0,1,0,0,0,0,0,"NCP goods, kind of non-durables",1,0,0,1,1,1,0,1,0,0,1,USA,0,1,2008,2008,1.0,52.0,248612,4781.0,2008.0,1,0,0,0,0,0,0,0,0,0,0,0,0,0,1,0,0,0,0,0,1.803,2014,23.0,2014,USA2008
2899,138,Broda and Parker (2014),0.1528,0.0768,1,0.1528,0.0768,1.0,3.0,3.0,0.0,1218.2992712595737,1.0,2008.0,0.0,0.0,0,1,1,0,0,1,0,0,0,0,0,"NCP goods, kind of non-durables",1,0,0,1,1,0,1,1,0,0,1,USA,0,1,2008,2008,1.0,52.0,248612,4781.0,2008.0,1,0,0,0,0,0,0,0,0,0,0,0,0,0,1,0,0,0,0,0,1.803,2014,23.0,2014,USA2008
2900,138,Broda and Parker (2014),0.0856,0.0134,1,0.0856,0.0134,1.0,0.0,1.0,2.0,1010.4846843750435,1.0,2008.0,0.0,0.0,0,1,1,0,0,1,0,0,0,0,0,"NCP goods, kind of non-durables",1,0,0,1,1,1,0,0,0,1,1,USA,0,1,2008,2008,1.0,52.0,399568,7684.0,2008.0,1,0,0,0,0,0,0,0,0,0,0,0,0,0,1,0,0,0,0,0,1.803,2014,23.0,2014,USA2008
2901,138,Broda and Parker (2014),0.1124,0.0484,1,0.1124,0.0484,1.0,3.0,3.0,0.0,1010.4846843750435,1.0,2008.0,0.0,0.0,0,1,1,0,0,1,0,0,0,0,0,"NCP goods, kind of non-durables",1,0,0,1,1,0,1,0,0,1,1,USA,0,1,2008,2008,1.0,52.0,399568,7684.0,2008.0,1,0,0,0,0,0,0,0,0,0,0,0,0,0,1,0,0,0,0,0,1.803,2014,23.0,2014,USA2008
2902,138,Broda and Parker (2014),0.096,0.0184,1,0.096,0.0184,1.0,0.0,1.0,2.0,1010.4846843750435,1.0,2008.0,0.0,0.0,0,1,1,0,0,1,0,0,0,0,0,"NCP goods, kind of non-durables",1,0,0,1,1,1,0,0,0,1,1,USA,0,1,2008,2008,1.0,52.0,397748,7649.0,2008.0,1,0,0,0,0,0,0,0,0,0,0,0,0,0,1,0,0,0,0,0,1.803,2014,23.0,2014,USA2008
2903,138,Broda and Parker (2014),0.1724,0.0672,1,0.1724,0.0672,1.0,3.0,3.0,0.0,1010.4846843750435,1.0,2008.0,0.0,0.0,0,1,1,0,0,1,0,0,0,0,0,"NCP goods, kind of non-durables",1,0,0,1,1,0,1,0,0,1,1,USA,0,1,2008,2008,1.0,52.0,397748,7649.0,2008.0,1,0,0,0,0,0,0,0,0,0,0,0,0,0,1,0,0,0,0,0,1.803,2014,23.0,2014,USA2008
2904,138,Broda and Parker (2014),0.0224,0.01,1,0.0224,0.01,1.0,0.0,1.0,2.0,970.9009535398949,1.0,2008.0,0.0,0.0,0,1,1,0,0,1,0,0,0,0,0,"NCP goods, kind of non-durables",1,0,0,1,1,1,0,1,0,0,1,USA,0,1,2008,2008,1.0,52.0,712504,13702.0,2008.0,1,0,0,0,0,0,0,0,0,0,0,0,0,0,1,0,0,0,0,0,1.803,2014,23.0,2014,USA2008
2905,138,Broda and Parker (2014),0.0472,0.0358,1,0.0472,0.0358,1.0,3.0,3.0,0.0,970.9009535398949,1.0,2008.0,0.0,0.0,0,1,1,0,0,1,0,0,0,0,0,"NCP goods, kind of non-durables",1,0,0,1,1,0,1,1,0,0,1,USA,0,1,2008,2008,1.0,52.0,712504,13702.0,2008.0,1,0,0,0,0,0,0,0,0,0,0,0,0,0,1,0,0,0,0,0,1.803,2014,23.0,2014,USA2008
2906,138,Broda and Parker (2014),0.0315,0.0133,1,0.0315,0.0133,1.0,0.0,1.0,2.0,962.1045689098619,1.0,2008.0,0.0,0.0,0,1,1,0,0,1,0,0,0,0,0,"NCP goods, kind of non-durables",1,0,0,1,1,1,0,1,0,0,1,USA,0,1,2008,2008,1.0,52.0,710892,13671.0,2008.0,1,0,0,0,0,0,0,0,0,0,0,0,0,0,1,0,0,0,0,0,1.803,2014,23.0,2014,USA2008
2907,138,Broda and Parker (2014),0.0888,0.0484,1,0.0888,0.0484,1.0,3.0,3.0,0.0,962.1045689098619,1.0,2008.0,0.0,0.0,0,1,1,0,0,1,0,0,0,0,0,"NCP goods, kind of non-durables",1,0,0,1,1,0,1,1,0,0,1,USA,0,1,2008,2008,1.0,52.0,710892,13671.0,2008.0,1,0,0,0,0,0,0,0,0,0,0,0,0,0,1,0,0,0,0,0,1.803,2014,23.0,2014,USA2008
2908,139,Parker (2017),0.0149,0.0025,1,0.0149,0.0025,1.0,0.0,0.25,3.0,987.2842199133314,1.0,2008.0,0.0,0.0,0,1,1,0,0,1,0,0,0,0,0,"NCP goods, kind of non-durables",1,0,0,1,1,1,0,0,0,0,1,USA,0,1,2008,2008,1.0,52.0,1112072,21386.0,2008.0,1,0,0,0,0,0,0,0,0,0,0,0,0,0,1,0,0,0,0,0,2.853,2015,9.333333333333334,2017,USA2008
2909,139,Parker (2017),0.037,0.007,1,0.037,0.007,1.0,4.0,1.0,0.0,987.2842199133314,1.0,2008.0,0.0,0.0,0,1,1,0,0,1,0,0,0,0,0,"NCP goods, kind of non-durables",1,0,0,1,1,0,1,0,0,0,1,USA,0,1,2008,2008,1.0,52.0,1112072,21386.0,2008.0,1,0,0,0,0,0,0,0,0,0,0,0,0,0,1,0,0,0,0,0,2.853,2015,9.333333333333334,2017,USA2008
2910,139,Parker (2017),0.0063,0.0029,1,0.0063,0.0029,1.0,0.0,0.25,3.0,970.4611343083933,1.0,2008.0,0.0,0.0,0,1,1,0,0,1,0,0,0,0,0,"NCP goods, kind of non-durables",1,0,0,1,1,1,0,1,0,0,1,USA,0,1,2008,2008,1.0,52.0,711620,13685.0,2008.0,1,0,0,0,0,0,0,0,0,0,0,0,0,0,1,0,0,0,0,0,2.853,2015,9.333333333333334,2017,USA2008
2911,139,Parker (2017),0.0204,0.0074,1,0.0204,0.0074,1.0,4.0,1.0,0.0,970.4611343083933,1.0,2008.0,0.0,0.0,0,1,1,0,0,1,0,0,0,0,0,"NCP goods, kind of non-durables",1,0,0,1,1,0,1,1,0,0,1,USA,0,1,2008,2008,1.0,52.0,711620,13685.0,2008.0,1,0,0,0,0,0,0,0,0,0,0,0,0,0,1,0,0,0,0,0,2.853,2015,9.333333333333334,2017,USA2008
2912,139,Parker (2017),0.0278,0.0039,1,0.0278,0.0039,1.0,0.0,0.25,3.0,1010.8145487986696,1.0,2008.0,0.0,0.0,0,1,1,0,0,1,0,0,0,0,0,"NCP goods, kind of non-durables",1,0,0,1,1,1,0,0,0,1,1,USA,0,1,2008,2008,1.0,52.0,398112,7656.0,2008.0,1,0,0,0,0,0,0,0,0,0,0,0,0,0,1,0,0,0,0,0,2.853,2015,9.333333333333334,2017,USA2008
2913,139,Parker (2017),0.0657,0.0101,1,0.0657,0.0101,1.0,4.0,1.0,0.0,1010.8145487986696,1.0,2008.0,0.0,0.0,0,1,1,0,0,1,0,0,0,0,0,"NCP goods, kind of non-durables",1,0,0,1,1,0,1,0,0,1,1,USA,0,1,2008,2008,1.0,52.0,398112,7656.0,2008.0,1,0,0,0,0,0,0,0,0,0,0,0,0,0,1,0,0,0,0,0,2.853,2015,9.333333333333334,2017,USA2008
2914,139,Parker (2017),0.0145,0.0029,1,0.0145,0.0029,1.0,0.0,0.25,3.0,987.9439487605839,1.0,2008.0,0.0,0.0,0,1,1,0,0,1,0,0,0,0,0,"NCP goods, kind of non-durables",1,0,0,1,1,1,0,0,0,0,1,USA,0,1,2008,2008,1.0,52.0,1108640,21320.0,2008.0,1,0,0,0,0,0,0,0,0,0,0,0,0,0,1,0,0,0,0,0,2.853,2015,9.333333333333334,2017,USA2008
2915,139,Parker (2017),0.0331,0.0046,1,0.0331,0.0046,1.0,4.0,1.0,0.0,987.9439487605839,1.0,2008.0,0.0,0.0,0,1,1,0,0,1,0,0,0,0,0,"NCP goods, kind of non-durables",1,0,0,1,1,0,1,0,0,0,1,USA,0,1,2008,2008,1.0,52.0,1108640,21320.0,2008.0,1,0,0,0,0,0,0,0,0,0,0,0,0,0,1,0,0,0,0,0,2.853,2015,9.333333333333334,2017,USA2008
2916,139,Parker (2017),0.0066,0.003,1,0.0066,0.003,1.0,0.0,0.25,3.0,971.0109083477703,1.0,2008.0,0.0,0.0,0,1,1,0,0,1,0,0,0,0,0,"NCP goods, kind of non-durables",1,0,0,1,1,1,0,1,0,0,1,USA,0,1,2008,2008,1.0,52.0,710008,13654.0,2008.0,1,0,0,0,0,0,0,0,0,0,0,0,0,0,1,0,0,0,0,0,2.853,2015,9.333333333333334,2017,USA2008
2917,139,Parker (2017),0.0208,0.0103,1,0.0208,0.0103,1.0,4.0,1.0,0.0,971.0109083477703,1.0,2008.0,0.0,0.0,0,1,1,0,0,1,0,0,0,0,0,"NCP goods, kind of non-durables",1,0,0,1,1,0,1,1,0,0,1,USA,0,1,2008,2008,1.0,52.0,710008,13654.0,2008.0,1,0,0,0,0,0,0,0,0,0,0,0,0,0,1,0,0,0,0,0,2.853,2015,9.333333333333334,2017,USA2008
2918,139,Parker (2017),0.0253,0.0042,1,0.0253,0.0042,1.0,0.0,0.25,3.0,1011.8041420695484,1.0,2008.0,0.0,0.0,0,1,1,0,0,1,0,0,0,0,0,"NCP goods, kind of non-durables",1,0,0,1,1,1,0,0,0,1,1,USA,0,1,2008,2008,1.0,52.0,396292,7621.0,2008.0,1,0,0,0,0,0,0,0,0,0,0,0,0,0,1,0,0,0,0,0,2.853,2015,9.333333333333334,2017,USA2008
2919,139,Parker (2017),0.0487,0.0136,1,0.0487,0.0136,1.0,4.0,1.0,0.0,1011.8041420695484,1.0,2008.0,0.0,0.0,0,1,1,0,0,1,0,0,0,0,0,"NCP goods, kind of non-durables",1,0,0,1,1,0,1,0,0,1,1,USA,0,1,2008,2008,1.0,52.0,396292,7621.0,2008.0,1,0,0,0,0,0,0,0,0,0,0,0,0,0,1,0,0,0,0,0,2.853,2015,9.333333333333334,2017,USA2008
2920,139,Parker (2017),0.0135,0.0057,1,0.0135,0.0057,1.0,0.0,0.25,3.0,956.6068285160912,1.0,2008.0,0.0,0.0,0,1,1,0,0,1,0,0,0,0,0,"NCP goods, kind of non-durables",1,0,0,1,1,1,0,0,0,1,1,USA,0,1,2008,2008,1.0,52.0,177632,3416.0,2008.0,1,0,0,0,0,0,0,0,0,0,0,0,0,0,1,0,0,0,0,0,2.853,2015,9.333333333333334,2017,USA2008
2921,139,Parker (2017),0.0418,0.0155,1,0.0418,0.0155,1.0,4.0,1.0,0.0,956.6068285160912,1.0,2008.0,0.0,0.0,0,1,1,0,0,1,0,0,0,0,0,"NCP goods, kind of non-durables",1,0,0,1,1,0,1,0,0,1,1,USA,0,1,2008,2008,1.0,52.0,177632,3416.0,2008.0,1,0,0,0,0,0,0,0,0,0,0,0,0,0,1,0,0,0,0,0,2.853,2015,9.333333333333334,2017,USA2008
2922,139,Parker (2017),0.0099,0.0039,1,0.0099,0.0039,1.0,0.0,0.25,3.0,922.5208380747133,1.0,2008.0,0.0,0.0,0,1,1,0,0,1,0,0,0,0,0,"NCP goods, kind of non-durables",1,0,0,1,1,1,0,0,0,0,1,USA,0,1,2008,2008,1.0,52.0,401388,7719.0,2008.0,1,0,0,0,0,0,0,0,0,0,0,0,0,0,1,0,0,0,0,0,2.853,2015,9.333333333333334,2017,USA2008
2923,139,Parker (2017),0.0245,0.0105,1,0.0245,0.0105,1.0,4.0,1.0,0.0,922.5208380747133,1.0,2008.0,0.0,0.0,0,1,1,0,0,1,0,0,0,0,0,"NCP goods, kind of non-durables",1,0,0,1,1,0,1,0,0,0,1,USA,0,1,2008,2008,1.0,52.0,401388,7719.0,2008.0,1,0,0,0,0,0,0,0,0,0,0,0,0,0,1,0,0,0,0,0,2.853,2015,9.333333333333334,2017,USA2008
2924,139,Parker (2017),0.017,0.0061,1,0.017,0.0061,1.0,0.0,0.25,3.0,899.1004639972504,1.0,2008.0,0.0,0.0,0,1,1,0,0,1,0,0,0,0,0,"NCP goods, kind of non-durables",1,0,0,1,1,1,0,1,0,0,1,USA,0,1,2008,2008,1.0,52.0,158652,3051.0,2008.0,1,0,0,0,0,0,0,0,0,0,0,0,0,0,1,0,0,0,0,0,2.853,2015,9.333333333333334,2017,USA2008
2925,139,Parker (2017),0.0457,0.0161,1,0.0457,0.0161,1.0,4.0,1.0,0.0,899.1004639972504,1.0,2008.0,0.0,0.0,0,1,1,0,0,1,0,0,0,0,0,"NCP goods, kind of non-durables",1,0,0,1,1,0,1,1,0,0,1,USA,0,1,2008,2008,1.0,52.0,158652,3051.0,2008.0,1,0,0,0,0,0,0,0,0,0,0,0,0,0,1,0,0,0,0,0,2.853,2015,9.333333333333334,2017,USA2008
2926,139,Parker (2017),0.0085,0.0064,1,0.0085,0.0064,1.0,0.0,0.25,3.0,957.8163314027208,1.0,2008.0,0.0,0.0,0,1,1,0,0,1,0,0,0,0,0,"NCP goods, kind of non-durables",1,0,0,1,1,1,0,0,0,1,1,USA,0,1,2008,2008,1.0,52.0,177060,3405.0,2008.0,1,0,0,0,0,0,0,0,0,0,0,0,0,0,1,0,0,0,0,0,2.853,2015,9.333333333333334,2017,USA2008
2927,139,Parker (2017),0.0135,0.0206,1,0.0135,0.0206,1.0,4.0,1.0,0.0,957.8163314027208,1.0,2008.0,0.0,0.0,0,1,1,0,0,1,0,0,0,0,0,"NCP goods, kind of non-durables",1,0,0,1,1,0,1,0,0,1,1,USA,0,1,2008,2008,1.0,52.0,177060,3405.0,2008.0,1,0,0,0,0,0,0,0,0,0,0,0,0,0,1,0,0,0,0,0,2.853,2015,9.333333333333334,2017,USA2008
2928,139,Parker (2017),0.009,0.0042,1,0.009,0.0042,1.0,0.0,0.25,3.0,922.4108832668378,1.0,2008.0,0.0,0.0,0,1,1,0,0,1,0,0,0,0,0,"NCP goods, kind of non-durables",1,0,0,1,1,1,0,0,0,0,1,USA,0,1,2008,2008,1.0,52.0,400192,7696.0,2008.0,1,0,0,0,0,0,0,0,0,0,0,0,0,0,1,0,0,0,0,0,2.853,2015,9.333333333333334,2017,USA2008
2929,139,Parker (2017),0.0184,0.0146,1,0.0184,0.0146,1.0,4.0,1.0,0.0,922.4108832668378,1.0,2008.0,0.0,0.0,0,1,1,0,0,1,0,0,0,0,0,"NCP goods, kind of non-durables",1,0,0,1,1,0,1,0,0,0,1,USA,0,1,2008,2008,1.0,52.0,400192,7696.0,2008.0,1,0,0,0,0,0,0,0,0,0,0,0,0,0,1,0,0,0,0,0,2.853,2015,9.333333333333334,2017,USA2008
2930,139,Parker (2017),0.0129,0.0067,1,0.0129,0.0067,1.0,0.0,0.25,3.0,899.7601928445027,1.0,2008.0,0.0,0.0,0,1,1,0,0,1,0,0,0,0,0,"NCP goods, kind of non-durables",1,0,0,1,1,1,0,1,0,0,1,USA,0,1,2008,2008,1.0,52.0,158184,3042.0,2008.0,1,0,0,0,0,0,0,0,0,0,0,0,0,0,1,0,0,0,0,0,2.853,2015,9.333333333333334,2017,USA2008
2931,139,Parker (2017),0.018,0.0211,1,0.018,0.0211,1.0,4.0,1.0,0.0,899.7601928445027,1.0,2008.0,0.0,0.0,0,1,1,0,0,1,0,0,0,0,0,"NCP goods, kind of non-durables",1,0,0,1,1,0,1,1,0,0,1,USA,0,1,2008,2008,1.0,52.0,158184,3042.0,2008.0,1,0,0,0,0,0,0,0,0,0,0,0,0,0,1,0,0,0,0,0,2.853,2015,9.333333333333334,2017,USA2008
2932,139,Parker (2017),0.0119,0.0065,1,0.0119,0.0065,1.0,0.0,0.25,3.0,886.4556610915779,1.0,2008.0,0.0,0.0,0,1,1,0,0,1,0,0,0,0,0,"NCP goods, kind of non-durables",1,0,0,1,1,1,0,0,0,1,1,USA,0,1,2008,2008,1.0,52.0,163384,3142.0,2008.0,1,0,0,0,0,0,0,0,0,0,0,0,0,0,1,0,0,0,0,0,2.853,2015,9.333333333333334,2017,USA2008
2933,139,Parker (2017),0.022,0.0161,1,0.022,0.0161,1.0,4.0,1.0,0.0,886.4556610915779,1.0,2008.0,0.0,0.0,0,1,1,0,0,1,0,0,0,0,0,"NCP goods, kind of non-durables",1,0,0,1,1,0,1,0,0,1,1,USA,0,1,2008,2008,1.0,52.0,163384,3142.0,2008.0,1,0,0,0,0,0,0,0,0,0,0,0,0,0,1,0,0,0,0,0,2.853,2015,9.333333333333334,2017,USA2008
2934,139,Parker (2017),0.0128,0.0032,1,0.0128,0.0032,1.0,0.0,0.25,3.0,987.3941747212068,1.0,2008.0,0.0,0.0,0,1,1,0,0,1,0,0,0,0,0,"NCP goods, kind of non-durables",1,0,0,1,1,1,0,0,0,0,1,USA,0,1,2008,2008,1.0,52.0,522652,10051.0,2008.0,1,0,0,0,0,0,0,0,0,0,0,0,0,0,1,0,0,0,0,0,2.853,2015,9.333333333333334,2017,USA2008
2935,139,Parker (2017),0.0401,0.0086,1,0.0401,0.0086,1.0,4.0,1.0,0.0,987.3941747212068,1.0,2008.0,0.0,0.0,0,1,1,0,0,1,0,0,0,0,0,"NCP goods, kind of non-durables",1,0,0,1,1,0,1,0,0,0,1,USA,0,1,2008,2008,1.0,52.0,522652,10051.0,2008.0,1,0,0,0,0,0,0,0,0,0,0,0,0,0,1,0,0,0,0,0,2.853,2015,9.333333333333334,2017,USA2008
2936,139,Parker (2017),0.0194,0.0061,1,0.0194,0.0061,1.0,0.0,0.25,3.0,918.3425553754477,1.0,2008.0,0.0,0.0,0,1,1,0,0,1,0,0,0,0,0,"NCP goods, kind of non-durables",1,0,0,1,1,1,0,1,0,0,1,USA,0,1,2008,2008,1.0,52.0,210860,4055.0,2008.0,1,0,0,0,0,0,0,0,0,0,0,0,0,0,1,0,0,0,0,0,2.853,2015,9.333333333333334,2017,USA2008
2937,139,Parker (2017),0.0519,0.0157,1,0.0519,0.0157,1.0,4.0,1.0,0.0,918.3425553754477,1.0,2008.0,0.0,0.0,0,1,1,0,0,1,0,0,0,0,0,"NCP goods, kind of non-durables",1,0,0,1,1,0,1,1,0,0,1,USA,0,1,2008,2008,1.0,52.0,210860,4055.0,2008.0,1,0,0,0,0,0,0,0,0,0,0,0,0,0,1,0,0,0,0,0,2.853,2015,9.333333333333334,2017,USA2008
2938,139,Parker (2017),0.0088,0.0064,1,0.0088,0.0064,1.0,0.0,0.25,3.0,887.2253447467058,1.0,2008.0,0.0,0.0,0,1,1,0,0,1,0,0,0,0,0,"NCP goods, kind of non-durables",1,0,0,1,1,1,0,0,0,1,1,USA,0,1,2008,2008,1.0,52.0,162916,3133.0,2008.0,1,0,0,0,0,0,0,0,0,0,0,0,0,0,1,0,0,0,0,0,2.853,2015,9.333333333333334,2017,USA2008
2939,139,Parker (2017),0.0012,0.0208,1,0.0012,0.0208,1.0,4.0,1.0,0.0,887.2253447467058,1.0,2008.0,0.0,0.0,0,1,1,0,0,1,0,0,0,0,0,"NCP goods, kind of non-durables",1,0,0,1,1,0,1,0,0,1,1,USA,0,1,2008,2008,1.0,52.0,162916,3133.0,2008.0,1,0,0,0,0,0,0,0,0,0,0,0,0,0,1,0,0,0,0,0,2.853,2015,9.333333333333334,2017,USA2008
2940,139,Parker (2017),0.011,0.0035,1,0.011,0.0035,1.0,0.0,0.25,3.0,988.0539035684593,1.0,2008.0,0.0,0.0,0,1,1,0,0,1,0,0,0,0,0,"NCP goods, kind of non-durables",1,0,0,1,1,1,0,0,0,0,1,USA,0,1,2008,2008,1.0,52.0,521196,10023.0,2008.0,1,0,0,0,0,0,0,0,0,0,0,0,0,0,1,0,0,0,0,0,2.853,2015,9.333333333333334,2017,USA2008
2941,139,Parker (2017),0.0328,0.0119,1,0.0328,0.0119,1.0,4.0,1.0,0.0,988.0539035684593,1.0,2008.0,0.0,0.0,0,1,1,0,0,1,0,0,0,0,0,"NCP goods, kind of non-durables",1,0,0,1,1,0,1,0,0,0,1,USA,0,1,2008,2008,1.0,52.0,521196,10023.0,2008.0,1,0,0,0,0,0,0,0,0,0,0,0,0,0,1,0,0,0,0,0,2.853,2015,9.333333333333334,2017,USA2008
2942,139,Parker (2017),0.0189,0.0065,1,0.0189,0.0065,1.0,0.0,0.25,3.0,917.7927813360706,1.0,2008.0,0.0,0.0,0,1,1,0,0,1,0,0,0,0,0,"NCP goods, kind of non-durables",1,0,0,1,1,1,0,1,0,0,1,USA,0,1,2008,2008,1.0,52.0,210184,4042.0,2008.0,1,0,0,0,0,0,0,0,0,0,0,0,0,0,1,0,0,0,0,0,2.853,2015,9.333333333333334,2017,USA2008
2943,139,Parker (2017),0.0423,0.0226,1,0.0423,0.0226,1.0,4.0,1.0,0.0,917.7927813360706,1.0,2008.0,0.0,0.0,0,1,1,0,0,1,0,0,0,0,0,"NCP goods, kind of non-durables",1,0,0,1,1,0,1,1,0,0,1,USA,0,1,2008,2008,1.0,52.0,210184,4042.0,2008.0,1,0,0,0,0,0,0,0,0,0,0,0,0,0,1,0,0,0,0,0,2.853,2015,9.333333333333334,2017,USA2008
2944,139,Parker (2017),0.0246,0.0058,1,0.0246,0.0058,1.0,0.0,0.25,3.0,617.3962462204428,1.0,2008.0,0.0,0.0,0,1,1,0,0,1,0,0,0,0,0,"NCP goods, kind of non-durables",1,0,0,1,1,1,0,0,0,1,1,USA,0,1,2008,2008,1.0,52.0,262964,5057.0,2008.0,1,0,0,0,0,0,0,0,0,0,0,0,0,0,1,0,0,0,0,0,2.853,2015,9.333333333333334,2017,USA2008
2945,139,Parker (2017),0.0378,0.0164,1,0.0378,0.0164,1.0,4.0,1.0,0.0,617.3962462204428,1.0,2008.0,0.0,0.0,0,1,1,0,0,1,0,0,0,0,0,"NCP goods, kind of non-durables",1,0,0,1,1,0,1,0,0,1,1,USA,0,1,2008,2008,1.0,52.0,262964,5057.0,2008.0,1,0,0,0,0,0,0,0,0,0,0,0,0,0,1,0,0,0,0,0,2.853,2015,9.333333333333334,2017,USA2008
2946,139,Parker (2017),0.014,0.0045,1,0.014,0.0045,1.0,0.0,0.25,3.0,1015.2127411136862,1.0,2008.0,0.0,0.0,0,1,1,0,0,1,0,0,0,0,0,"NCP goods, kind of non-durables",1,0,0,1,1,1,0,0,0,0,1,USA,0,1,2008,2008,1.0,52.0,275756,5303.0,2008.0,1,0,0,0,0,0,0,0,0,0,0,0,0,0,1,0,0,0,0,0,2.853,2015,9.333333333333334,2017,USA2008
2947,139,Parker (2017),0.0401,0.0116,1,0.0401,0.0116,1.0,4.0,1.0,0.0,1015.2127411136862,1.0,2008.0,0.0,0.0,0,1,1,0,0,1,0,0,0,0,0,"NCP goods, kind of non-durables",1,0,0,1,1,0,1,0,0,0,1,USA,0,1,2008,2008,1.0,52.0,275756,5303.0,2008.0,1,0,0,0,0,0,0,0,0,0,0,0,0,0,1,0,0,0,0,0,2.853,2015,9.333333333333334,2017,USA2008
2948,139,Parker (2017),0.0021,0.0049,1,0.0021,0.0049,1.0,0.0,0.25,3.0,1199.8268635365043,1.0,2008.0,0.0,0.0,0,1,1,0,0,1,0,0,0,0,0,"NCP goods, kind of non-durables",1,0,0,1,1,1,0,1,0,0,1,USA,0,1,2008,2008,1.0,52.0,198952,3826.0,2008.0,1,0,0,0,0,0,0,0,0,0,0,0,0,0,1,0,0,0,0,0,2.853,2015,9.333333333333334,2017,USA2008
2949,139,Parker (2017),0.022,0.0133,1,0.022,0.0133,1.0,4.0,1.0,0.0,1199.8268635365043,1.0,2008.0,0.0,0.0,0,1,1,0,0,1,0,0,0,0,0,"NCP goods, kind of non-durables",1,0,0,1,1,0,1,1,0,0,1,USA,0,1,2008,2008,1.0,52.0,198952,3826.0,2008.0,1,0,0,0,0,0,0,0,0,0,0,0,0,0,1,0,0,0,0,0,2.853,2015,9.333333333333334,2017,USA2008
2950,139,Parker (2017),0.0206,0.0064,1,0.0206,0.0064,1.0,0.0,0.25,3.0,617.9460202598199,1.0,2008.0,0.0,0.0,0,1,1,0,0,1,0,0,0,0,0,"NCP goods, kind of non-durables",1,0,0,1,1,1,0,0,0,1,1,USA,0,1,2008,2008,1.0,52.0,261820,5035.0,2008.0,1,0,0,0,0,0,0,0,0,0,0,0,0,0,1,0,0,0,0,0,2.853,2015,9.333333333333334,2017,USA2008
2951,139,Parker (2017),0.0268,0.0202,1,0.0268,0.0202,1.0,4.0,1.0,0.0,617.9460202598199,1.0,2008.0,0.0,0.0,0,1,1,0,0,1,0,0,0,0,0,"NCP goods, kind of non-durables",1,0,0,1,1,0,1,0,0,1,1,USA,0,1,2008,2008,1.0,52.0,261820,5035.0,2008.0,1,0,0,0,0,0,0,0,0,0,0,0,0,0,1,0,0,0,0,0,2.853,2015,9.333333333333334,2017,USA2008
2952,139,Parker (2017),0.0087,0.0047,1,0.0087,0.0047,1.0,0.0,0.25,3.0,1015.5426055373125,1.0,2008.0,0.0,0.0,0,1,1,0,0,1,0,0,0,0,0,"NCP goods, kind of non-durables",1,0,0,1,1,1,0,0,0,0,1,USA,0,1,2008,2008,1.0,52.0,275028,5289.0,2008.0,1,0,0,0,0,0,0,0,0,0,0,0,0,0,1,0,0,0,0,0,2.853,2015,9.333333333333334,2017,USA2008
2953,139,Parker (2017),0.0107,0.0146,1,0.0107,0.0146,1.0,4.0,1.0,0.0,1015.5426055373125,1.0,2008.0,0.0,0.0,0,1,1,0,0,1,0,0,0,0,0,"NCP goods, kind of non-durables",1,0,0,1,1,0,1,0,0,0,1,USA,0,1,2008,2008,1.0,52.0,275028,5289.0,2008.0,1,0,0,0,0,0,0,0,0,0,0,0,0,0,1,0,0,0,0,0,2.853,2015,9.333333333333334,2017,USA2008
2954,139,Parker (2017),0.0039,0.005,1,0.0039,0.005,1.0,0.0,0.25,3.0,1199.6069539207535,1.0,2008.0,0.0,0.0,0,1,1,0,0,1,0,0,0,0,0,"NCP goods, kind of non-durables",1,0,0,1,1,1,0,1,0,0,1,USA,0,1,2008,2008,1.0,52.0,198588,3819.0,2008.0,1,0,0,0,0,0,0,0,0,0,0,0,0,0,1,0,0,0,0,0,2.853,2015,9.333333333333334,2017,USA2008
2955,139,Parker (2017),0.0198,0.0195,1,0.0198,0.0195,1.0,4.0,1.0,0.0,1199.6069539207535,1.0,2008.0,0.0,0.0,0,1,1,0,0,1,0,0,0,0,0,"NCP goods, kind of non-durables",1,0,0,1,1,0,1,1,0,0,1,USA,0,1,2008,2008,1.0,52.0,198588,3819.0,2008.0,1,0,0,0,0,0,0,0,0,0,0,0,0,0,1,0,0,0,0,0,2.853,2015,9.333333333333334,2017,USA2008
2956,139,Parker (2017),0.0256,0.0055,1,0.0256,0.0055,1.0,0.0,0.25,3.0,632.5700097072497,1.0,2008.0,0.0,0.0,0,1,1,0,0,1,0,0,0,0,0,"NCP goods, kind of non-durables",1,0,0,1,1,1,0,0,0,1,1,USA,0,1,2008,2008,1.0,52.0,315484,6067.0,2008.0,1,0,0,0,0,0,0,0,0,0,0,0,0,0,1,0,0,0,0,0,2.853,2015,9.333333333333334,2017,USA2008
2957,139,Parker (2017),0.0535,0.0144,1,0.0535,0.0144,1.0,4.0,1.0,0.0,632.5700097072497,1.0,2008.0,0.0,0.0,0,1,1,0,0,1,0,0,0,0,0,"NCP goods, kind of non-durables",1,0,0,1,1,0,1,0,0,1,1,USA,0,1,2008,2008,1.0,52.0,315484,6067.0,2008.0,1,0,0,0,0,0,0,0,0,0,0,0,0,0,1,0,0,0,0,0,2.853,2015,9.333333333333334,2017,USA2008
2958,139,Parker (2017),0.0144,0.004,1,0.0144,0.004,1.0,0.0,0.25,3.0,1049.0788219393135,1.0,2008.0,0.0,0.0,0,1,1,0,0,1,0,0,0,0,0,"NCP goods, kind of non-durables",1,0,0,1,1,1,0,0,0,0,1,USA,0,1,2008,2008,1.0,52.0,332696,6398.0,2008.0,1,0,0,0,0,0,0,0,0,0,0,0,0,0,1,0,0,0,0,0,2.853,2015,9.333333333333334,2017,USA2008
2959,139,Parker (2017),0.0397,0.0105,1,0.0397,0.0105,1.0,4.0,1.0,0.0,1049.0788219393135,1.0,2008.0,0.0,0.0,0,1,1,0,0,1,0,0,0,0,0,"NCP goods, kind of non-durables",1,0,0,1,1,0,1,0,0,0,1,USA,0,1,2008,2008,1.0,52.0,332696,6398.0,2008.0,1,0,0,0,0,0,0,0,0,0,0,0,0,0,1,0,0,0,0,0,2.853,2015,9.333333333333334,2017,USA2008
2960,139,Parker (2017),0.0071,0.0044,1,0.0071,0.0044,1.0,0.0,0.25,3.0,1223.687056845469,1.0,2008.0,0.0,0.0,0,1,1,0,0,1,0,0,0,0,0,"NCP goods, kind of non-durables",1,0,0,1,1,1,0,1,0,0,1,USA,0,1,2008,2008,1.0,52.0,248716,4783.0,2008.0,1,0,0,0,0,0,0,0,0,0,0,0,0,0,1,0,0,0,0,0,2.853,2015,9.333333333333334,2017,USA2008
2961,139,Parker (2017),0.0317,0.0119,1,0.0317,0.0119,1.0,4.0,1.0,0.0,1223.687056845469,1.0,2008.0,0.0,0.0,0,1,1,0,0,1,0,0,0,0,0,"NCP goods, kind of non-durables",1,0,0,1,1,0,1,1,0,0,1,USA,0,1,2008,2008,1.0,52.0,248716,4783.0,2008.0,1,0,0,0,0,0,0,0,0,0,0,0,0,0,1,0,0,0,0,0,2.853,2015,9.333333333333334,2017,USA2008
2962,139,Parker (2017),0.0239,0.0057,1,0.0239,0.0057,1.0,0.0,0.25,3.0,632.7899193230006,1.0,2008.0,0.0,0.0,0,1,1,0,0,1,0,0,0,0,0,"NCP goods, kind of non-durables",1,0,0,1,1,1,0,0,0,1,1,USA,0,1,2008,2008,1.0,52.0,314548,6049.0,2008.0,1,0,0,0,0,0,0,0,0,0,0,0,0,0,1,0,0,0,0,0,2.853,2015,9.333333333333334,2017,USA2008
2963,139,Parker (2017),0.0485,0.0181,1,0.0485,0.0181,1.0,4.0,1.0,0.0,632.7899193230006,1.0,2008.0,0.0,0.0,0,1,1,0,0,1,0,0,0,0,0,"NCP goods, kind of non-durables",1,0,0,1,1,0,1,0,0,1,1,USA,0,1,2008,2008,1.0,52.0,314548,6049.0,2008.0,1,0,0,0,0,0,0,0,0,0,0,0,0,0,1,0,0,0,0,0,2.853,2015,9.333333333333334,2017,USA2008
2964,139,Parker (2017),0.0111,0.0044,1,0.0111,0.0044,1.0,0.0,0.25,3.0,1049.7385507865658,1.0,2008.0,0.0,0.0,0,1,1,0,0,1,0,0,0,0,0,"NCP goods, kind of non-durables",1,0,0,1,1,1,0,0,0,0,1,USA,0,1,2008,2008,1.0,52.0,331604,6377.0,2008.0,1,0,0,0,0,0,0,0,0,0,0,0,0,0,1,0,0,0,0,0,2.853,2015,9.333333333333334,2017,USA2008
2965,139,Parker (2017),0.0302,0.0144,1,0.0302,0.0144,1.0,4.0,1.0,0.0,1049.7385507865658,1.0,2008.0,0.0,0.0,0,1,1,0,0,1,0,0,0,0,0,"NCP goods, kind of non-durables",1,0,0,1,1,0,1,0,0,0,1,USA,0,1,2008,2008,1.0,52.0,331604,6377.0,2008.0,1,0,0,0,0,0,0,0,0,0,0,0,0,0,1,0,0,0,0,0,2.853,2015,9.333333333333334,2017,USA2008
2966,139,Parker (2017),0.0065,0.0046,1,0.0065,0.0046,1.0,0.0,0.25,3.0,1224.4567405005967,1.0,2008.0,0.0,0.0,0,1,1,0,0,1,0,0,0,0,0,"NCP goods, kind of non-durables",1,0,0,1,1,1,0,1,0,0,1,USA,0,1,2008,2008,1.0,52.0,248144,4772.0,2008.0,1,0,0,0,0,0,0,0,0,0,0,0,0,0,1,0,0,0,0,0,2.853,2015,9.333333333333334,2017,USA2008
2967,139,Parker (2017),0.0173,0.0171,1,0.0173,0.0171,1.0,4.0,1.0,0.0,1224.4567405005967,1.0,2008.0,0.0,0.0,0,1,1,0,0,1,0,0,0,0,0,"NCP goods, kind of non-durables",1,0,0,1,1,0,1,1,0,0,1,USA,0,1,2008,2008,1.0,52.0,248144,4772.0,2008.0,1,0,0,0,0,0,0,0,0,0,0,0,0,0,1,0,0,0,0,0,2.853,2015,9.333333333333334,2017,USA2008
2968,139,Parker (2017),0.0313,0.0057,1,0.0313,0.0057,1.0,0.0,0.25,3.0,670.1745540006409,1.0,2008.0,0.0,0.0,0,1,1,0,0,1,0,0,0,0,0,"NCP goods, kind of non-durables",1,0,0,1,1,1,0,0,0,1,1,USA,0,1,2008,2008,1.0,52.0,389740,7495.0,2008.0,1,0,0,0,0,0,0,0,0,0,0,0,0,0,1,0,0,0,0,0,2.853,2015,9.333333333333334,2017,USA2008
2969,139,Parker (2017),0.0699,0.0133,1,0.0699,0.0133,1.0,4.0,1.0,0.0,670.1745540006409,1.0,2008.0,0.0,0.0,0,1,1,0,0,1,0,0,0,0,0,"NCP goods, kind of non-durables",1,0,0,1,1,0,1,0,0,1,1,USA,0,1,2008,2008,1.0,52.0,389740,7495.0,2008.0,1,0,0,0,0,0,0,0,0,0,0,0,0,0,1,0,0,0,0,0,2.853,2015,9.333333333333334,2017,USA2008
2970,139,Parker (2017),0.0141,0.0034,1,0.0141,0.0034,1.0,0.0,0.25,3.0,1083.9344960358192,1.0,2008.0,0.0,0.0,0,1,1,0,0,1,0,0,0,0,0,"NCP goods, kind of non-durables",1,0,0,1,1,1,0,0,0,0,1,USA,0,1,2008,2008,1.0,52.0,404716,7783.0,2008.0,1,0,0,0,0,0,0,0,0,0,0,0,0,0,1,0,0,0,0,0,2.853,2015,9.333333333333334,2017,USA2008
2971,139,Parker (2017),0.0344,0.009,1,0.0344,0.009,1.0,4.0,1.0,0.0,1083.9344960358192,1.0,2008.0,0.0,0.0,0,1,1,0,0,1,0,0,0,0,0,"NCP goods, kind of non-durables",1,0,0,1,1,0,1,0,0,0,1,USA,0,1,2008,2008,1.0,52.0,404716,7783.0,2008.0,1,0,0,0,0,0,0,0,0,0,0,0,0,0,1,0,0,0,0,0,2.853,2015,9.333333333333334,2017,USA2008
2972,139,Parker (2017),0.0056,0.0037,1,0.0056,0.0037,1.0,0.0,0.25,3.0,1241.829600144912,1.0,2008.0,0.0,0.0,0,1,1,0,0,1,0,0,0,0,0,"NCP goods, kind of non-durables",1,0,0,1,1,1,0,1,0,0,1,USA,0,1,2008,2008,1.0,52.0,315276,6063.0,2008.0,1,0,0,0,0,0,0,0,0,0,0,0,0,0,1,0,0,0,0,0,2.853,2015,9.333333333333334,2017,USA2008
2973,139,Parker (2017),0.0199,0.0102,1,0.0199,0.0102,1.0,4.0,1.0,0.0,1241.829600144912,1.0,2008.0,0.0,0.0,0,1,1,0,0,1,0,0,0,0,0,"NCP goods, kind of non-durables",1,0,0,1,1,0,1,1,0,0,1,USA,0,1,2008,2008,1.0,52.0,315276,6063.0,2008.0,1,0,0,0,0,0,0,0,0,0,0,0,0,0,1,0,0,0,0,0,2.853,2015,9.333333333333334,2017,USA2008
2974,139,Parker (2017),0.0309,0.0059,1,0.0309,0.0059,1.0,0.0,0.25,3.0,670.5044184242671,1.0,2008.0,0.0,0.0,0,1,1,0,0,1,0,0,0,0,0,"NCP goods, kind of non-durables",1,0,0,1,1,1,0,0,0,1,1,USA,0,1,2008,2008,1.0,52.0,388232,7466.0,2008.0,1,0,0,0,0,0,0,0,0,0,0,0,0,0,1,0,0,0,0,0,2.853,2015,9.333333333333334,2017,USA2008
2975,139,Parker (2017),0.0813,0.0173,1,0.0813,0.0173,1.0,4.0,1.0,0.0,670.5044184242671,1.0,2008.0,0.0,0.0,0,1,1,0,0,1,0,0,0,0,0,"NCP goods, kind of non-durables",1,0,0,1,1,0,1,0,0,1,1,USA,0,1,2008,2008,1.0,52.0,388232,7466.0,2008.0,1,0,0,0,0,0,0,0,0,0,0,0,0,0,1,0,0,0,0,0,2.853,2015,9.333333333333334,2017,USA2008
2976,139,Parker (2017),0.0115,0.0037,1,0.0115,0.0037,1.0,0.0,0.25,3.0,1084.8141344988226,1.0,2008.0,0.0,0.0,0,1,1,0,0,1,0,0,0,0,0,"NCP goods, kind of non-durables",1,0,0,1,1,1,0,0,0,0,1,USA,0,1,2008,2008,1.0,52.0,403572,7761.0,2008.0,1,0,0,0,0,0,0,0,0,0,0,0,0,0,1,0,0,0,0,0,2.853,2015,9.333333333333334,2017,USA2008
2977,139,Parker (2017),0.0216,0.012,1,0.0216,0.012,1.0,4.0,1.0,0.0,1084.8141344988226,1.0,2008.0,0.0,0.0,0,1,1,0,0,1,0,0,0,0,0,"NCP goods, kind of non-durables",1,0,0,1,1,0,1,0,0,0,1,USA,0,1,2008,2008,1.0,52.0,403572,7761.0,2008.0,1,0,0,0,0,0,0,0,0,0,0,0,0,0,1,0,0,0,0,0,2.853,2015,9.333333333333334,2017,USA2008
2978,139,Parker (2017),0.0059,0.0039,1,0.0059,0.0039,1.0,0.0,0.25,3.0,1242.7092386079153,1.0,2008.0,0.0,0.0,0,1,1,0,0,1,0,0,0,0,0,"NCP goods, kind of non-durables",1,0,0,1,1,1,0,1,0,0,1,USA,0,1,2008,2008,1.0,52.0,314496,6048.0,2008.0,1,0,0,0,0,0,0,0,0,0,0,0,0,0,1,0,0,0,0,0,2.853,2015,9.333333333333334,2017,USA2008
2979,139,Parker (2017),0.011,0.0142,1,0.011,0.0142,1.0,4.0,1.0,0.0,1242.7092386079153,1.0,2008.0,0.0,0.0,0,1,1,0,0,1,0,0,0,0,0,"NCP goods, kind of non-durables",1,0,0,1,1,0,1,1,0,0,1,USA,0,1,2008,2008,1.0,52.0,314496,6048.0,2008.0,1,0,0,0,0,0,0,0,0,0,0,0,0,0,1,0,0,0,0,0,2.853,2015,9.333333333333334,2017,USA2008
2980,139,Parker (2017),0.0091,0.0076,1,0.0091,0.0076,1.0,0.0,0.25,3.0,603.9817596596424,1.0,2008.0,0.0,0.0,0,1,1,0,0,1,0,0,0,0,0,"NCP goods, kind of non-durables",1,0,0,1,1,1,0,1,0,0,1,USA,0,1,2008,2008,1.0,52.0,159536,3068.0,2008.0,1,0,0,0,0,0,0,0,0,0,0,0,0,0,1,0,0,0,0,0,2.853,2015,9.333333333333334,2017,USA2008
2981,139,Parker (2017),-0.0017,0.0192,1,-0.0017,0.0192,1.0,4.0,1.0,0.0,603.9817596596424,1.0,2008.0,0.0,0.0,0,1,1,0,0,1,0,0,0,0,0,"NCP goods, kind of non-durables",1,0,0,1,1,0,1,1,0,0,1,USA,0,1,2008,2008,1.0,52.0,159536,3068.0,2008.0,1,0,0,0,0,0,0,0,0,0,0,0,0,0,1,0,0,0,0,0,2.853,2015,9.333333333333334,2017,USA2008
2982,139,Parker (2017),0.0062,0.0055,1,0.0062,0.0055,1.0,0.0,0.25,3.0,944.0719804182942,1.0,2008.0,0.0,0.0,0,1,1,0,0,1,0,0,0,0,0,"NCP goods, kind of non-durables",1,0,0,1,1,1,0,1,0,0,1,USA,0,1,2008,2008,1.0,52.0,195624,3762.0,2008.0,1,0,0,0,0,0,0,0,0,0,0,0,0,0,1,0,0,0,0,0,2.853,2015,9.333333333333334,2017,USA2008
2983,139,Parker (2017),0.0355,0.0144,1,0.0355,0.0144,1.0,4.0,1.0,0.0,944.0719804182942,1.0,2008.0,0.0,0.0,0,1,1,0,0,1,0,0,0,0,0,"NCP goods, kind of non-durables",1,0,0,1,1,0,1,1,0,0,1,USA,0,1,2008,2008,1.0,52.0,195624,3762.0,2008.0,1,0,0,0,0,0,0,0,0,0,0,0,0,0,1,0,0,0,0,0,2.853,2015,9.333333333333334,2017,USA2008
2984,139,Parker (2017),-0.0006,0.0055,1,-0.0006,0.0055,1.0,0.0,0.25,3.0,1184.4331904339465,1.0,2008.0,0.0,0.0,0,1,1,0,0,1,0,0,0,0,0,"NCP goods, kind of non-durables",1,0,0,1,1,1,0,1,0,0,1,USA,0,1,2008,2008,1.0,52.0,154128,2964.0,2008.0,1,0,0,0,0,0,0,0,0,0,0,0,0,0,1,0,0,0,0,0,2.853,2015,9.333333333333334,2017,USA2008
2985,139,Parker (2017),0.0041,0.0151,1,0.0041,0.0151,1.0,4.0,1.0,0.0,1184.4331904339465,1.0,2008.0,0.0,0.0,0,1,1,0,0,1,0,0,0,0,0,"NCP goods, kind of non-durables",1,0,0,1,1,0,1,1,0,0,1,USA,0,1,2008,2008,1.0,52.0,154128,2964.0,2008.0,1,0,0,0,0,0,0,0,0,0,0,0,0,0,1,0,0,0,0,0,2.853,2015,9.333333333333334,2017,USA2008
2986,139,Parker (2017),0.0108,0.0082,1,0.0108,0.0082,1.0,0.0,0.25,3.0,604.0917144675178,1.0,2008.0,0.0,0.0,0,1,1,0,0,1,0,0,0,0,0,"NCP goods, kind of non-durables",1,0,0,1,1,1,0,1,0,0,1,USA,0,1,2008,2008,1.0,52.0,158860,3055.0,2008.0,1,0,0,0,0,0,0,0,0,0,0,0,0,0,1,0,0,0,0,0,2.853,2015,9.333333333333334,2017,USA2008
2987,139,Parker (2017),0.0018,0.0251,1,0.0018,0.0251,1.0,4.0,1.0,0.0,604.0917144675178,1.0,2008.0,0.0,0.0,0,1,1,0,0,1,0,0,0,0,0,"NCP goods, kind of non-durables",1,0,0,1,1,0,1,1,0,0,1,USA,0,1,2008,2008,1.0,52.0,158860,3055.0,2008.0,1,0,0,0,0,0,0,0,0,0,0,0,0,0,1,0,0,0,0,0,2.853,2015,9.333333333333334,2017,USA2008
2988,139,Parker (2017),-0.0003,0.0053,1,-0.0003,0.0053,1.0,0.0,0.25,3.0,944.4018448419204,1.0,2008.0,0.0,0.0,0,1,1,0,0,1,0,0,0,0,0,"NCP goods, kind of non-durables",1,0,0,1,1,1,0,1,0,0,1,USA,0,1,2008,2008,1.0,52.0,195208,3754.0,2008.0,1,0,0,0,0,0,0,0,0,0,0,0,0,0,1,0,0,0,0,0,2.853,2015,9.333333333333334,2017,USA2008
2989,139,Parker (2017),0.0089,0.0176,1,0.0089,0.0176,1.0,4.0,1.0,0.0,944.4018448419204,1.0,2008.0,0.0,0.0,0,1,1,0,0,1,0,0,0,0,0,"NCP goods, kind of non-durables",1,0,0,1,1,0,1,1,0,0,1,USA,0,1,2008,2008,1.0,52.0,195208,3754.0,2008.0,1,0,0,0,0,0,0,0,0,0,0,0,0,0,1,0,0,0,0,0,2.853,2015,9.333333333333334,2017,USA2008
2990,139,Parker (2017),0.0017,0.0056,1,0.0017,0.0056,1.0,0.0,0.25,3.0,1184.5431452418218,1.0,2008.0,0.0,0.0,0,1,1,0,0,1,0,0,0,0,0,"NCP goods, kind of non-durables",1,0,0,1,1,1,0,1,0,0,1,USA,0,1,2008,2008,1.0,52.0,154024,2962.0,2008.0,1,0,0,0,0,0,0,0,0,0,0,0,0,0,1,0,0,0,0,0,2.853,2015,9.333333333333334,2017,USA2008
2991,139,Parker (2017),0.0066,0.0226,1,0.0066,0.0226,1.0,4.0,1.0,0.0,1184.5431452418218,1.0,2008.0,0.0,0.0,0,1,1,0,0,1,0,0,0,0,0,"NCP goods, kind of non-durables",1,0,0,1,1,0,1,1,0,0,1,USA,0,1,2008,2008,1.0,52.0,154024,2962.0,2008.0,1,0,0,0,0,0,0,0,0,0,0,0,0,0,1,0,0,0,0,0,2.853,2015,9.333333333333334,2017,USA2008
2992,139,Parker (2017),0.0423,0.009,1,0.0423,0.009,1.0,0.0,0.25,3.0,633.5596029781285,1.0,2008.0,0.0,0.0,0,1,1,0,0,1,0,0,0,0,0,"NCP goods, kind of non-durables",1,0,0,1,1,1,0,0,0,1,1,USA,0,1,2008,2008,1.0,52.0,103428,1989.0,2008.0,1,0,0,0,0,0,0,0,0,0,0,0,0,0,1,0,0,0,0,0,2.853,2015,9.333333333333334,2017,USA2008
2993,139,Parker (2017),0.0841,0.0276,1,0.0841,0.0276,1.0,4.0,1.0,0.0,633.5596029781285,1.0,2008.0,0.0,0.0,0,1,1,0,0,1,0,0,0,0,0,"NCP goods, kind of non-durables",1,0,0,1,1,0,1,0,0,1,1,USA,0,1,2008,2008,1.0,52.0,103428,1989.0,2008.0,1,0,0,0,0,0,0,0,0,0,0,0,0,0,1,0,0,0,0,0,2.853,2015,9.333333333333334,2017,USA2008
2994,139,Parker (2017),0.0261,0.0084,1,0.0261,0.0084,1.0,0.0,0.25,3.0,1144.07977594367,1.0,2008.0,0.0,0.0,0,1,1,0,0,1,0,0,0,0,0,"NCP goods, kind of non-durables",1,0,0,1,1,1,0,0,0,1,1,USA,0,1,2008,2008,1.0,52.0,80132,1541.0,2008.0,1,0,0,0,0,0,0,0,0,0,0,0,0,0,1,0,0,0,0,0,2.853,2015,9.333333333333334,2017,USA2008
2995,139,Parker (2017),0.0474,0.0199,1,0.0474,0.0199,1.0,4.0,1.0,0.0,1144.07977594367,1.0,2008.0,0.0,0.0,0,1,1,0,0,1,0,0,0,0,0,"NCP goods, kind of non-durables",1,0,0,1,1,0,1,0,0,1,1,USA,0,1,2008,2008,1.0,52.0,80132,1541.0,2008.0,1,0,0,0,0,0,0,0,0,0,0,0,0,0,1,0,0,0,0,0,2.853,2015,9.333333333333334,2017,USA2008
2996,139,Parker (2017),0.0121,0.0103,1,0.0121,0.0103,1.0,0.0,0.25,3.0,1247.657204962309,1.0,2008.0,0.0,0.0,0,1,1,0,0,1,0,0,0,0,0,"NCP goods, kind of non-durables",1,0,0,1,1,1,0,0,0,1,1,USA,0,1,2008,2008,1.0,52.0,44824,862.0,2008.0,1,0,0,0,0,0,0,0,0,0,0,0,0,0,1,0,0,0,0,0,2.853,2015,9.333333333333334,2017,USA2008
2997,139,Parker (2017),0.0831,0.0286,1,0.0831,0.0286,1.0,4.0,1.0,0.0,1247.657204962309,1.0,2008.0,0.0,0.0,0,1,1,0,0,1,0,0,0,0,0,"NCP goods, kind of non-durables",1,0,0,1,1,0,1,0,0,1,1,USA,0,1,2008,2008,1.0,52.0,44824,862.0,2008.0,1,0,0,0,0,0,0,0,0,0,0,0,0,0,1,0,0,0,0,0,2.853,2015,9.333333333333334,2017,USA2008
2998,139,Parker (2017),0.0326,0.0101,1,0.0326,0.0101,1.0,0.0,0.25,3.0,634.6591510568826,1.0,2008.0,0.0,0.0,0,1,1,0,0,1,0,0,0,0,0,"NCP goods, kind of non-durables",1,0,0,1,1,1,0,0,0,1,1,USA,0,1,2008,2008,1.0,52.0,102960,1980.0,2008.0,1,0,0,0,0,0,0,0,0,0,0,0,0,0,1,0,0,0,0,0,2.853,2015,9.333333333333334,2017,USA2008
2999,139,Parker (2017),0.0577,0.0329,1,0.0577,0.0329,1.0,4.0,1.0,0.0,634.6591510568826,1.0,2008.0,0.0,0.0,0,1,1,0,0,1,0,0,0,0,0,"NCP goods, kind of non-durables",1,0,0,1,1,0,1,0,0,1,1,USA,0,1,2008,2008,1.0,52.0,102960,1980.0,2008.0,1,0,0,0,0,0,0,0,0,0,0,0,0,0,1,0,0,0,0,0,2.853,2015,9.333333333333334,2017,USA2008
3000,139,Parker (2017),0.0223,0.0095,1,0.0223,0.0095,1.0,0.0,0.25,3.0,1144.6295499830471,1.0,2008.0,0.0,0.0,0,1,1,0,0,1,0,0,0,0,0,"NCP goods, kind of non-durables",1,0,0,1,1,1,0,0,0,1,1,USA,0,1,2008,2008,1.0,52.0,79820,1535.0,2008.0,1,0,0,0,0,0,0,0,0,0,0,0,0,0,1,0,0,0,0,0,2.853,2015,9.333333333333334,2017,USA2008
3001,139,Parker (2017),0.011,0.0256,1,0.011,0.0256,1.0,4.0,1.0,0.0,1144.6295499830471,1.0,2008.0,0.0,0.0,0,1,1,0,0,1,0,0,0,0,0,"NCP goods, kind of non-durables",1,0,0,1,1,0,1,0,0,1,1,USA,0,1,2008,2008,1.0,52.0,79820,1535.0,2008.0,1,0,0,0,0,0,0,0,0,0,0,0,0,0,1,0,0,0,0,0,2.853,2015,9.333333333333334,2017,USA2008
3002,139,Parker (2017),0.012,0.0108,1,0.012,0.0108,1.0,0.0,0.25,3.0,1247.3273405386828,1.0,2008.0,0.0,0.0,0,1,1,0,0,1,0,0,0,0,0,"NCP goods, kind of non-durables",1,0,0,1,1,1,0,0,0,1,1,USA,0,1,2008,2008,1.0,52.0,44564,857.0,2008.0,1,0,0,0,0,0,0,0,0,0,0,0,0,0,1,0,0,0,0,0,2.853,2015,9.333333333333334,2017,USA2008
3003,139,Parker (2017),0.0644,0.0366,1,0.0644,0.0366,1.0,4.0,1.0,0.0,1247.3273405386828,1.0,2008.0,0.0,0.0,0,1,1,0,0,1,0,0,0,0,0,"NCP goods, kind of non-durables",1,0,0,1,1,0,1,0,0,1,1,USA,0,1,2008,2008,1.0,52.0,44564,857.0,2008.0,1,0,0,0,0,0,0,0,0,0,0,0,0,0,1,0,0,0,0,0,2.853,2015,9.333333333333334,2017,USA2008
3004,139,Parker (2017),0.0233,0.0085,1,0.0233,0.0085,1.0,0.0,0.25,3.0,616.7365173731903,1.0,2008.0,0.0,0.0,0,1,1,0,0,1,0,0,0,0,0,"NCP goods, kind of non-durables",1,0,0,1,1,1,0,1,0,0,1,USA,0,1,2008,2008,1.0,52.0,215644,4147.0,2008.0,1,0,0,0,0,0,0,0,0,0,0,0,0,0,1,0,0,0,0,0,2.853,2015,9.333333333333334,2017,USA2008
3005,139,Parker (2017),0.0379,0.017,1,0.0379,0.017,1.0,4.0,1.0,0.0,616.7365173731903,1.0,2008.0,0.0,0.0,0,1,1,0,0,1,0,0,0,0,0,"NCP goods, kind of non-durables",1,0,0,1,1,0,1,1,0,0,1,USA,0,1,2008,2008,1.0,52.0,215644,4147.0,2008.0,1,0,0,0,0,0,0,0,0,0,0,0,0,0,1,0,0,0,0,0,2.853,2015,9.333333333333334,2017,USA2008
3006,139,Parker (2017),0.0044,0.0041,1,0.0044,0.0041,1.0,0.0,0.25,3.0,991.5724574204725,1.0,2008.0,0.0,0.0,0,1,1,0,0,1,0,0,0,0,0,"NCP goods, kind of non-durables",1,0,0,1,1,1,0,1,0,0,1,USA,0,1,2008,2008,1.0,52.0,262444,5047.0,2008.0,1,0,0,0,0,0,0,0,0,0,0,0,0,0,1,0,0,0,0,0,2.853,2015,9.333333333333334,2017,USA2008
3007,139,Parker (2017),0.0227,0.0116,1,0.0227,0.0116,1.0,4.0,1.0,0.0,991.5724574204725,1.0,2008.0,0.0,0.0,0,1,1,0,0,1,0,0,0,0,0,"NCP goods, kind of non-durables",1,0,0,1,1,0,1,1,0,0,1,USA,0,1,2008,2008,1.0,52.0,262444,5047.0,2008.0,1,0,0,0,0,0,0,0,0,0,0,0,0,0,1,0,0,0,0,0,2.853,2015,9.333333333333334,2017,USA2008
3008,139,Parker (2017),0.0006,0.0042,1,0.0006,0.0042,1.0,0.0,0.25,3.0,1220.9381866485837,1.0,2008.0,0.0,0.0,0,1,1,0,0,1,0,0,0,0,0,"NCP goods, kind of non-durables",1,0,0,1,1,1,0,1,0,0,1,USA,0,1,2008,2008,1.0,52.0,233532,4491.0,2008.0,1,0,0,0,0,0,0,0,0,0,0,0,0,0,1,0,0,0,0,0,2.853,2015,9.333333333333334,2017,USA2008
3009,139,Parker (2017),0.0104,0.019,1,0.0104,0.019,1.0,4.0,1.0,0.0,1220.9381866485837,1.0,2008.0,0.0,0.0,0,1,1,0,0,1,0,0,0,0,0,"NCP goods, kind of non-durables",1,0,0,1,1,0,1,1,0,0,1,USA,0,1,2008,2008,1.0,52.0,233532,4491.0,2008.0,1,0,0,0,0,0,0,0,0,0,0,0,0,0,1,0,0,0,0,0,2.853,2015,9.333333333333334,2017,USA2008
3010,139,Parker (2017),0.0246,0.0085,1,0.0246,0.0085,1.0,0.0,0.25,3.0,617.0663817968166,1.0,2008.0,0.0,0.0,0,1,1,0,0,1,0,0,0,0,0,"NCP goods, kind of non-durables",1,0,0,1,1,1,0,1,0,0,1,USA,0,1,2008,2008,1.0,52.0,214968,4134.0,2008.0,1,0,0,0,0,0,0,0,0,0,0,0,0,0,1,0,0,0,0,0,2.853,2015,9.333333333333334,2017,USA2008
3011,139,Parker (2017),0.0545,0.0233,1,0.0545,0.0233,1.0,4.0,1.0,0.0,617.0663817968166,1.0,2008.0,0.0,0.0,0,1,1,0,0,1,0,0,0,0,0,"NCP goods, kind of non-durables",1,0,0,1,1,0,1,1,0,0,1,USA,0,1,2008,2008,1.0,52.0,214968,4134.0,2008.0,1,0,0,0,0,0,0,0,0,0,0,0,0,0,1,0,0,0,0,0,2.853,2015,9.333333333333334,2017,USA2008
3012,139,Parker (2017),0.0024,0.0043,1,0.0024,0.0043,1.0,0.0,0.25,3.0,991.9023218440988,1.0,2008.0,0.0,0.0,0,1,1,0,0,1,0,0,0,0,0,"NCP goods, kind of non-durables",1,0,0,1,1,1,0,1,0,0,1,USA,0,1,2008,2008,1.0,52.0,261872,5036.0,2008.0,1,0,0,0,0,0,0,0,0,0,0,0,0,0,1,0,0,0,0,0,2.853,2015,9.333333333333334,2017,USA2008
3013,139,Parker (2017),0.0197,0.0161,1,0.0197,0.0161,1.0,4.0,1.0,0.0,991.9023218440988,1.0,2008.0,0.0,0.0,0,1,1,0,0,1,0,0,0,0,0,"NCP goods, kind of non-durables",1,0,0,1,1,0,1,1,0,0,1,USA,0,1,2008,2008,1.0,52.0,261872,5036.0,2008.0,1,0,0,0,0,0,0,0,0,0,0,0,0,0,1,0,0,0,0,0,2.853,2015,9.333333333333334,2017,USA2008
3014,139,Parker (2017),0.0021,0.0043,1,0.0021,0.0043,1.0,0.0,0.25,3.0,1221.048141456459,1.0,2008.0,0.0,0.0,0,1,1,0,0,1,0,0,0,0,0,"NCP goods, kind of non-durables",1,0,0,1,1,1,0,1,0,0,1,USA,0,1,2008,2008,1.0,52.0,233168,4484.0,2008.0,1,0,0,0,0,0,0,0,0,0,0,0,0,0,1,0,0,0,0,0,2.853,2015,9.333333333333334,2017,USA2008
3015,139,Parker (2017),0.0079,0.016,1,0.0079,0.016,1.0,4.0,1.0,0.0,1221.048141456459,1.0,2008.0,0.0,0.0,0,1,1,0,0,1,0,0,0,0,0,"NCP goods, kind of non-durables",1,0,0,1,1,0,1,1,0,0,1,USA,0,1,2008,2008,1.0,52.0,233168,4484.0,2008.0,1,0,0,0,0,0,0,0,0,0,0,0,0,0,1,0,0,0,0,0,2.853,2015,9.333333333333334,2017,USA2008
3016,139,Parker (2017),0.0379,0.0076,1,0.0379,0.0076,1.0,0.0,0.25,3.0,718.5546694658226,1.0,2008.0,0.0,0.0,0,1,1,0,0,1,0,0,0,0,0,"NCP goods, kind of non-durables",1,0,0,1,1,1,0,0,0,1,1,USA,0,1,2008,2008,1.0,52.0,174096,3348.0,2008.0,1,0,0,0,0,0,0,0,0,0,0,0,0,0,1,0,0,0,0,0,2.853,2015,9.333333333333334,2017,USA2008
3017,139,Parker (2017),0.0991,0.0201,1,0.0991,0.0201,1.0,4.0,1.0,0.0,718.5546694658226,1.0,2008.0,0.0,0.0,0,1,1,0,0,1,0,0,0,0,0,"NCP goods, kind of non-durables",1,0,0,1,1,0,1,0,0,1,1,USA,0,1,2008,2008,1.0,52.0,174096,3348.0,2008.0,1,0,0,0,0,0,0,0,0,0,0,0,0,0,1,0,0,0,0,0,2.853,2015,9.333333333333334,2017,USA2008
3018,139,Parker (2017),0.026,0.0056,1,0.026,0.0056,1.0,0.0,0.25,3.0,1209.3929318216653,1.0,2008.0,0.0,0.0,0,1,1,0,0,1,0,0,0,0,0,"NCP goods, kind of non-durables",1,0,0,1,1,1,0,0,0,1,1,USA,0,1,2008,2008,1.0,52.0,142272,2736.0,2008.0,1,0,0,0,0,0,0,0,0,0,0,0,0,0,1,0,0,0,0,0,2.853,2015,9.333333333333334,2017,USA2008
3019,139,Parker (2017),0.0502,0.014,1,0.0502,0.014,1.0,4.0,1.0,0.0,1209.3929318216653,1.0,2008.0,0.0,0.0,0,1,1,0,0,1,0,0,0,0,0,"NCP goods, kind of non-durables",1,0,0,1,1,0,1,0,0,1,1,USA,0,1,2008,2008,1.0,52.0,142272,2736.0,2008.0,1,0,0,0,0,0,0,0,0,0,0,0,0,0,1,0,0,0,0,0,2.853,2015,9.333333333333334,2017,USA2008
3020,139,Parker (2017),0.0181,0.0075,1,0.0181,0.0075,1.0,0.0,0.25,3.0,1296.2572300432414,1.0,2008.0,0.0,0.0,0,1,1,0,0,1,0,0,0,0,0,"NCP goods, kind of non-durables",1,0,0,1,1,1,0,0,0,1,1,USA,0,1,2008,2008,1.0,52.0,81744,1572.0,2008.0,1,0,0,0,0,0,0,0,0,0,0,0,0,0,1,0,0,0,0,0,2.853,2015,9.333333333333334,2017,USA2008
3021,139,Parker (2017),0.0445,0.0201,1,0.0445,0.0201,1.0,4.0,1.0,0.0,1296.2572300432414,1.0,2008.0,0.0,0.0,0,1,1,0,0,1,0,0,0,0,0,"NCP goods, kind of non-durables",1,0,0,1,1,0,1,0,0,1,1,USA,0,1,2008,2008,1.0,52.0,81744,1572.0,2008.0,1,0,0,0,0,0,0,0,0,0,0,0,0,0,1,0,0,0,0,0,2.853,2015,9.333333333333334,2017,USA2008
3022,139,Parker (2017),0.0369,0.0081,1,0.0369,0.0081,1.0,0.0,0.25,3.0,718.7745790815734,1.0,2008.0,0.0,0.0,0,1,1,0,0,1,0,0,0,0,0,"NCP goods, kind of non-durables",1,0,0,1,1,1,0,0,0,1,1,USA,0,1,2008,2008,1.0,52.0,173264,3332.0,2008.0,1,0,0,0,0,0,0,0,0,0,0,0,0,0,1,0,0,0,0,0,2.853,2015,9.333333333333334,2017,USA2008
3023,139,Parker (2017),0.104,0.0253,1,0.104,0.0253,1.0,4.0,1.0,0.0,718.7745790815734,1.0,2008.0,0.0,0.0,0,1,1,0,0,1,0,0,0,0,0,"NCP goods, kind of non-durables",1,0,0,1,1,0,1,0,0,1,1,USA,0,1,2008,2008,1.0,52.0,173264,3332.0,2008.0,1,0,0,0,0,0,0,0,0,0,0,0,0,0,1,0,0,0,0,0,2.853,2015,9.333333333333334,2017,USA2008
3024,139,Parker (2017),0.0223,0.0061,1,0.0223,0.0061,1.0,0.0,0.25,3.0,1211.2621635555472,1.0,2008.0,0.0,0.0,0,1,1,0,0,1,0,0,0,0,0,"NCP goods, kind of non-durables",1,0,0,1,1,1,0,0,0,1,1,USA,0,1,2008,2008,1.0,52.0,141700,2725.0,2008.0,1,0,0,0,0,0,0,0,0,0,0,0,0,0,1,0,0,0,0,0,2.853,2015,9.333333333333334,2017,USA2008
3025,139,Parker (2017),0.0222,0.0179,1,0.0222,0.0179,1.0,4.0,1.0,0.0,1211.2621635555472,1.0,2008.0,0.0,0.0,0,1,1,0,0,1,0,0,0,0,0,"NCP goods, kind of non-durables",1,0,0,1,1,0,1,0,0,1,1,USA,0,1,2008,2008,1.0,52.0,141700,2725.0,2008.0,1,0,0,0,0,0,0,0,0,0,0,0,0,0,1,0,0,0,0,0,2.853,2015,9.333333333333334,2017,USA2008
3026,139,Parker (2017),0.0152,0.0081,1,0.0152,0.0081,1.0,0.0,0.25,3.0,1299.5558742795038,1.0,2008.0,0.0,0.0,0,1,1,0,0,1,0,0,0,0,0,"NCP goods, kind of non-durables",1,0,0,1,1,1,0,0,0,1,1,USA,0,1,2008,2008,1.0,52.0,81328,1564.0,2008.0,1,0,0,0,0,0,0,0,0,0,0,0,0,0,1,0,0,0,0,0,2.853,2015,9.333333333333334,2017,USA2008
3027,139,Parker (2017),0.0153,0.0306,1,0.0153,0.0306,1.0,4.0,1.0,0.0,1299.5558742795038,1.0,2008.0,0.0,0.0,0,1,1,0,0,1,0,0,0,0,0,"NCP goods, kind of non-durables",1,0,0,1,1,0,1,0,0,1,1,USA,0,1,2008,2008,1.0,52.0,81328,1564.0,2008.0,1,0,0,0,0,0,0,0,0,0,0,0,0,0,1,0,0,0,0,0,2.853,2015,9.333333333333334,2017,USA2008
3028,140,Kueng (2018),0.11,0.02080062794348508,1,0.11,0.02080062794348508,1.0,0.0,1.0,6.0,1999.0,1.0,2014.0,1.0,1.0,0,1,1,0,1,1,0,0,0,0,0,,0,0,0,1,1,1,0,1,0,0,1,USA,0,1,2010,2014,5.0,37.4491739008681,133731,3571.0,2012.0,1,0,0,0,0,0,0,0,0,0,0,0,0,0,1,0,0,0,0,1,1.525,2015,7.0,2018,USA2010
3029,140,Kueng (2018),0.15,0.03728414442700156,1,0.15,0.03728414442700156,1.0,2.0,2.0,0.0,1999.0,1.0,2014.0,1.0,1.0,0,1,1,0,1,1,0,0,0,0,0,,0,0,0,1,1,0,1,1,0,0,1,USA,0,1,2010,2014,5.0,37.4491739008681,133731,3571.0,2012.0,1,0,0,0,0,0,0,0,0,0,0,0,0,0,1,0,0,0,0,1,1.525,2015,7.0,2018,USA2010
3030,140,Kueng (2018),0.22,0.06122448979591837,1,0.22,0.06122448979591837,1.0,3.0,3.0,0.0,1999.0,1.0,2014.0,1.0,1.0,0,1,1,0,1,1,0,0,0,0,0,,0,0,0,1,1,0,1,1,0,0,1,USA,0,1,2010,2014,5.0,37.4491739008681,133731,3571.0,2012.0,1,0,0,0,0,0,0,0,0,0,0,0,0,0,1,0,0,0,0,1,1.525,2015,7.0,2018,USA2010
3031,140,Kueng (2018),0.21,0.07574568288854003,1,0.21,0.07574568288854003,1.0,4.0,4.0,0.0,1999.0,1.0,2014.0,1.0,1.0,0,1,1,0,1,1,0,0,0,0,0,,0,0,0,1,1,0,1,1,0,0,1,USA,0,1,2010,2014,5.0,37.4491739008681,133731,3571.0,2012.0,1,0,0,0,0,0,0,0,0,0,0,0,0,0,1,0,0,0,0,1,1.525,2015,7.0,2018,USA2010
3032,140,Kueng (2018),0.21,0.09929356357927786,1,0.21,0.09929356357927786,1.0,5.0,5.0,0.0,1999.0,1.0,2014.0,1.0,1.0,0,1,1,0,1,1,0,0,0,0,0,,0,0,0,1,1,0,1,1,0,0,1,USA,0,1,2010,2014,5.0,37.4491739008681,133731,3571.0,2012.0,1,0,0,0,0,0,0,0,0,0,0,0,0,0,1,0,0,0,0,1,1.525,2015,7.0,2018,USA2010
3033,140,Kueng (2018),0.23,0.1212715855572998,1,0.23,0.1212715855572998,1.0,6.0,6.0,0.0,1999.0,1.0,2014.0,1.0,1.0,0,1,1,0,1,1,0,0,0,0,0,,0,0,0,1,1,0,1,1,0,0,1,USA,0,1,2010,2014,5.0,37.4491739008681,133731,3571.0,2012.0,1,0,0,0,0,0,0,0,0,0,0,0,0,0,1,0,0,0,0,1,1.525,2015,7.0,2018,USA2010
3034,140,Kueng (2018),0.24,0.1459968602825746,1,0.24,0.1459968602825746,1.0,7.0,7.0,0.0,1999.0,1.0,2014.0,1.0,1.0,0,1,1,0,1,1,0,0,0,0,0,,0,0,0,1,1,0,1,1,0,0,1,USA,0,1,2010,2014,5.0,37.4491739008681,133731,3571.0,2012.0,1,0,0,0,0,0,0,0,0,0,0,0,0,0,1,0,0,0,0,1,1.525,2015,7.0,2018,USA2010
3035,140,Kueng (2018),0.28,0.044,1,0.28,0.044,1.0,0.0,3.0,0.0,1999.0,1.0,2014.0,1.0,1.0,0,1,1,0,1,1,0,0,0,0,0,,0,0,0,1,1,0,0,0,0,0,1,USA,0,0,2010,2014,5.0,12.48305796695603,44577,3571.0,2012.0,1,0,0,0,0,0,0,0,0,0,0,0,0,0,1,0,0,0,0,1,1.525,2015,7.0,2018,USA2010
3036,140,Kueng (2018),0.258,0.043,1,0.258,0.043,1.0,0.0,3.0,0.0,1999.0,1.0,2014.0,1.0,1.0,0,1,1,0,1,1,0,0,0,0,0,,0,0,0,1,1,0,0,1,0,0,1,USA,0,0,2010,2014,5.0,12.48305796695603,44577,3571.0,2012.0,1,0,0,0,0,0,0,0,0,0,0,0,0,0,1,0,0,0,0,1,1.525,2015,7.0,2018,USA2010
3037,140,Kueng (2018),0.262,0.044,1,0.262,0.044,1.0,0.0,3.0,0.0,1999.0,1.0,2014.0,1.0,1.0,0,1,1,0,7,1,0,1,0,0,0,,0,0,0,1,1,0,0,1,0,0,1,USA,0,0,2010,2014,5.0,12.48305796695603,44577,3571.0,2012.0,1,0,0,0,0,0,0,0,0,0,0,0,0,0,1,0,0,0,0,1,1.525,2015,7.0,2018,USA2010
3038,140,Kueng (2018),0.24,0.035,1,0.24,0.035,1.0,0.0,3.0,0.0,1999.0,1.0,2014.0,1.0,1.0,0,1,1,0,7,1,0,1,0,0,0,,0,0,0,1,1,0,0,1,0,0,1,USA,0,0,2010,2014,5.0,13.38196583590031,47787,3571.0,2012.0,1,0,0,0,0,0,0,0,0,0,0,0,0,0,1,0,0,0,0,1,1.525,2015,7.0,2018,USA2010
3039,140,Kueng (2018),0.276,0.07,1,0.276,0.07,1.0,0.0,3.0,0.0,1999.0,1.0,2014.0,1.0,1.0,0,1,1,0,7,1,0,1,0,0,0,,0,0,0,1,1,0,0,1,0,0,1,USA,0,0,2010,2014,5.0,12.48305796695603,44577,3571.0,2012.0,1,0,0,0,0,0,0,0,0,0,0,0,0,0,1,0,0,0,0,1,1.525,2015,7.0,2018,USA2010
3040,140,Kueng (2018),0.066,0.009,1,0.066,0.009,1.0,0.0,3.0,0.0,1999.0,1.0,2014.0,1.0,1.0,0,1,1,0,7,1,0,1,0,0,1,Food at home,1,0,0,1,1,0,0,1,0,0,1,USA,0,0,2010,2014,5.0,13.38196583590031,47787,3571.0,2012.0,1,0,0,0,0,0,0,0,0,0,0,0,0,0,1,0,0,0,0,1,1.525,2015,7.0,2018,USA2010
3041,140,Kueng (2018),0.019,0.005,1,0.019,0.005,1.0,0.0,3.0,0.0,1999.0,1.0,2014.0,1.0,1.0,0,1,1,0,7,1,0,1,0,0,1,Food away,1,0,0,1,1,0,0,1,0,0,1,USA,0,0,2010,2014,5.0,13.38196583590031,47787,3571.0,2012.0,1,0,0,0,0,0,0,0,0,0,0,0,0,0,1,0,0,0,0,1,1.525,2015,7.0,2018,USA2010
3042,140,Kueng (2018),0.007,0.003,1,0.007,0.003,1.0,0.0,3.0,0.0,1999.0,1.0,2014.0,1.0,1.0,0,1,1,0,7,1,0,1,0,0,0,Kids activities,1,0,0,1,1,0,0,1,0,0,1,USA,0,0,2010,2014,5.0,13.38196583590031,47787,3571.0,2012.0,1,0,0,0,0,0,0,0,0,0,0,0,0,0,1,0,0,0,0,1,1.525,2015,7.0,2018,USA2010
3043,140,Kueng (2018),0.08,0.01388888888888889,1,0.08,0.01388888888888889,1.0,0.0,1.0,6.0,1999.0,1.0,2014.0,1.0,1.0,0,1,1,0,1,1,0,0,0,1,0,Durables,1,0,0,1,1,1,0,1,0,0,1,USA,0,1,2010,2014,5.0,37.4491739008681,133731,3571.0,2012.0,1,0,0,0,0,0,0,0,0,0,0,0,0,0,1,0,0,0,0,1,1.525,2015,7.0,2018,USA2010
3044,140,Kueng (2018),0.11,0.02352607709750567,1,0.11,0.02352607709750567,1.0,2.0,2.0,0.0,1999.0,1.0,2014.0,1.0,1.0,0,1,1,0,1,1,0,0,0,1,0,Durables,1,0,0,1,1,0,1,1,0,0,1,USA,0,1,2010,2014,5.0,37.4491739008681,133731,3571.0,2012.0,1,0,0,0,0,0,0,0,0,0,0,0,0,0,1,0,0,0,0,1,1.525,2015,7.0,2018,USA2010
3045,140,Kueng (2018),0.13,0.03089569160997733,1,0.13,0.03089569160997733,1.0,3.0,3.0,0.0,1999.0,1.0,2014.0,1.0,1.0,0,1,1,0,1,1,0,0,0,1,0,Durables,1,0,0,1,1,0,1,1,0,0,1,USA,0,1,2010,2014,5.0,37.4491739008681,133731,3571.0,2012.0,1,0,0,0,0,0,0,0,0,0,0,0,0,0,1,0,0,0,0,1,1.525,2015,7.0,2018,USA2010
3046,140,Kueng (2018),0.1,0.04251700680272109,1,0.1,0.04251700680272109,1.0,4.0,4.0,0.0,1999.0,1.0,2014.0,1.0,1.0,0,1,1,0,1,1,0,0,0,1,0,Durables,1,0,0,1,1,0,1,1,0,0,1,USA,0,1,2010,2014,5.0,37.4491739008681,133731,3571.0,2012.0,1,0,0,0,0,0,0,0,0,0,0,0,0,0,1,0,0,0,0,1,1.525,2015,7.0,2018,USA2010
3047,140,Kueng (2018),0.08,0.05782312925170068,1,0.08,0.05782312925170068,1.0,5.0,5.0,0.0,1999.0,1.0,2014.0,1.0,1.0,0,1,1,0,1,1,0,0,0,1,0,Durables,1,0,0,1,1,0,1,1,0,0,1,USA,0,1,2010,2014,5.0,37.4491739008681,133731,3571.0,2012.0,1,0,0,0,0,0,0,0,0,0,0,0,0,0,1,0,0,0,0,1,1.525,2015,7.0,2018,USA2010
3048,140,Kueng (2018),0.06,0.07312925170068026,1,0.06,0.07312925170068026,1.0,6.0,6.0,0.0,1999.0,1.0,2014.0,1.0,1.0,0,1,1,0,1,1,0,0,0,1,0,Durables,1,0,0,1,1,0,1,1,0,0,1,USA,0,1,2010,2014,5.0,37.4491739008681,133731,3571.0,2012.0,1,0,0,0,0,0,0,0,0,0,0,0,0,0,1,0,0,0,0,1,1.525,2015,7.0,2018,USA2010
3049,140,Kueng (2018),0.03,0.08049886621315194,1,0.03,0.08049886621315194,1.0,7.0,7.0,0.0,1999.0,1.0,2014.0,1.0,1.0,0,1,1,0,1,1,0,0,0,1,0,Durables,1,0,0,1,1,0,1,1,0,0,1,USA,0,1,2010,2014,5.0,37.4491739008681,133731,3571.0,2012.0,1,0,0,0,0,0,0,0,0,0,0,0,0,0,1,0,0,0,0,1,1.525,2015,7.0,2018,USA2010
3050,140,Kueng (2018),0.727,0.13,1,0.727,0.13,1.0,0.0,3.0,0.0,1999.0,1.0,2014.0,1.0,1.0,0,1,1,0,7,1,0,1,0,1,0,Total expenditure,1,0,0,1,1,0,0,1,0,0,1,USA,0,0,2010,2014,5.0,13.38196583590031,47787,3571.0,2012.0,1,0,0,0,0,0,0,0,0,0,0,0,0,0,1,0,0,0,0,1,1.525,2015,7.0,2018,USA2010
3051,140,Kueng (2018),0.079,0.036,1,0.079,0.036,1.0,0.0,3.0,0.0,4513.0,1.0,2014.0,0.0,0.0,0,1,1,0,1,1,0,0,0,0,0,,0,0,0,1,1,0,0,1,0,0,1,USA,0,0,1985,2014,30.0,2.300536672629696,385800,167700.0,1999.5,1,0,0,0,0,0,0,0,0,0,0,0,0,0,1,0,0,0,0,1,1.525,2015,7.0,2018,USA1985
3052,140,Kueng (2018),0.201,0.033,1,0.201,0.033,1.0,0.0,3.0,0.0,1999.0,1.0,2014.0,1.0,0.0,0,1,1,0,1,1,0,0,0,0,0,,0,0,0,1,1,0,0,1,0,0,1,USA,0,0,2010,2014,5.0,12.48305796695603,44577,3571.0,2012.0,1,0,0,0,0,0,0,0,0,0,0,0,0,0,1,0,0,0,0,1,1.525,2015,7.0,2018,USA2010
3053,140,Kueng (2018),0.104,0.039,1,0.104,0.039,1.0,0.0,3.0,0.0,1999.0,0.0,2014.0,1.0,0.0,0,1,1,0,1,1,0,0,0,0,0,,0,0,0,1,1,0,0,1,0,0,1,USA,0,0,2010,2014,5.0,12.48305796695603,44577,3571.0,2012.0,1,0,0,0,0,0,0,0,0,0,0,0,0,0,1,0,0,0,0,1,1.525,2015,7.0,2018,USA2010
3054,140,Kueng (2018),0.227,0.038,1,0.227,0.038,1.0,0.0,3.0,0.0,1999.0,0.0,2014.0,1.0,0.0,0,1,1,0,1,1,0,0,0,0,0,,0,0,1,0,1,0,0,1,0,0,1,USA,0,0,2010,2014,5.0,12.48305796695603,44577,3571.0,2012.0,1,0,0,0,0,0,0,0,0,0,0,0,0,0,1,0,0,0,0,1,1.525,2015,7.0,2018,USA2010
3055,140,Kueng (2018),0.27,0.065,1,0.27,0.065,1.0,0.0,3.0,0.0,1999.0,0.0,2014.0,1.0,1.0,0,1,1,0,7,1,0,1,0,0,0,,0,0,0,1,1,0,0,0,0,1,1,USA,0,0,2010,2014,5.0,12.48305796695603,44577,3571.0,2012.0,1,0,0,0,0,0,0,0,0,0,0,0,0,0,1,0,0,0,0,1,1.525,2015,7.0,2018,USA2010
3056,140,Kueng (2018),0.237,0.085,1,0.237,0.085,1.0,0.0,3.0,0.0,1999.0,0.0,2014.0,1.0,1.0,0,1,1,0,7,1,0,1,0,0,0,,0,0,0,1,1,0,0,0,0,0,1,USA,0,0,2010,2014,5.0,12.48305796695603,44577,3571.0,2012.0,1,0,0,0,0,0,0,0,0,0,0,0,0,0,1,0,0,0,0,1,1.525,2015,7.0,2018,USA2010
3057,140,Kueng (2018),0.341,0.093,1,0.341,0.093,1.0,0.0,3.0,0.0,1999.0,0.0,2014.0,1.0,1.0,0,1,1,0,7,1,0,1,0,0,0,,0,0,0,1,1,0,0,1,0,0,1,USA,0,0,2010,2014,5.0,12.48305796695603,44577,3571.0,2012.0,1,0,0,0,0,0,0,0,0,0,0,0,0,0,1,0,0,0,0,1,1.525,2015,7.0,2018,USA2010
3058,140,Kueng (2018),0.357,0.059,1,0.357,0.059,1.0,0.0,3.0,0.0,1999.0,0.0,2014.0,1.0,1.0,0,1,1,0,7,1,0,1,0,0,0,,0,0,0,1,1,0,0,0,0,1,1,USA,0,0,2010,2014,5.0,12.48305796695603,44577,3571.0,2012.0,1,0,0,0,0,0,0,0,0,0,0,0,0,0,1,0,0,0,0,1,1.525,2015,7.0,2018,USA2010
3059,140,Kueng (2018),0.292,0.101,1,0.292,0.101,1.0,0.0,3.0,0.0,1999.0,0.0,2014.0,1.0,1.0,0,1,1,0,7,1,0,1,0,0,0,,0,0,0,1,1,0,0,0,0,0,1,USA,0,0,2010,2014,5.0,12.48305796695603,44577,3571.0,2012.0,1,0,0,0,0,0,0,0,0,0,0,0,0,0,1,0,0,0,0,1,1.525,2015,7.0,2018,USA2010
3060,140,Kueng (2018),0.207,0.095,1,0.207,0.095,1.0,0.0,3.0,0.0,1999.0,0.0,2014.0,1.0,1.0,0,1,1,0,7,1,0,1,0,0,0,,0,0,0,1,1,0,0,1,0,0,1,USA,0,0,2010,2014,5.0,12.48305796695603,44577,3571.0,2012.0,1,0,0,0,0,0,0,0,0,0,0,0,0,0,1,0,0,0,0,1,1.525,2015,7.0,2018,USA2010
3061,140,Kueng (2018),0.114,0.052,1,0.114,0.052,1.0,0.0,3.0,0.0,1999.0,0.0,2014.0,1.0,1.0,0,1,1,0,7,1,0,1,0,0,0,,0,0,0,1,1,0,0,0,0,1,1,USA,0,0,2010,2014,5.0,12.48305796695603,44577,3571.0,2012.0,1,0,0,0,0,0,0,0,0,0,0,0,0,0,1,0,0,0,0,1,1.525,2015,7.0,2018,USA2010
3062,140,Kueng (2018),0.289,0.07,1,0.289,0.07,1.0,0.0,3.0,0.0,1999.0,0.0,2014.0,1.0,1.0,0,1,1,0,7,1,0,1,0,0,0,,0,0,0,1,1,0,0,0,0,0,1,USA,0,0,2010,2014,5.0,12.48305796695603,44577,3571.0,2012.0,1,0,0,0,0,0,0,0,0,0,0,0,0,0,1,0,0,0,0,1,1.525,2015,7.0,2018,USA2010
3063,140,Kueng (2018),0.567,0.114,1,0.567,0.114,1.0,0.0,3.0,0.0,1999.0,0.0,2014.0,1.0,1.0,0,1,1,0,7,1,0,1,0,0,0,,0,0,0,1,1,0,0,1,0,0,1,USA,0,0,2010,2014,5.0,12.48305796695603,44577,3571.0,2012.0,1,0,0,0,0,0,0,0,0,0,0,0,0,0,1,0,0,0,0,1,1.525,2015,7.0,2018,USA2010
3064,140,Kueng (2018),0.08,0.072,1,0.08,0.072,1.0,0.0,3.0,0.0,1999.0,0.0,2014.0,1.0,1.0,0,1,1,0,7,1,0,1,0,0,0,,0,0,0,1,1,0,0,0,0,1,1,USA,0,0,2010,2014,5.0,12.48305796695603,44577,3571.0,2012.0,1,0,0,0,0,0,0,0,0,0,0,0,0,0,1,0,0,0,0,1,1.525,2015,7.0,2018,USA2010
3065,140,Kueng (2018),0.163,0.069,1,0.163,0.069,1.0,0.0,3.0,0.0,1999.0,0.0,2014.0,1.0,1.0,0,1,1,0,7,1,0,1,0,0,0,,0,0,0,1,1,0,0,0,0,0,1,USA,0,0,2010,2014,5.0,12.48305796695603,44577,3571.0,2012.0,1,0,0,0,0,0,0,0,0,0,0,0,0,0,1,0,0,0,0,1,1.525,2015,7.0,2018,USA2010
3066,140,Kueng (2018),0.761,0.116,1,0.761,0.116,1.0,0.0,3.0,0.0,1999.0,0.0,2014.0,1.0,1.0,0,1,1,0,7,1,0,1,0,0,0,,0,0,0,1,1,0,0,1,0,0,1,USA,0,0,2010,2014,5.0,12.48305796695603,44577,3571.0,2012.0,1,0,0,0,0,0,0,0,0,0,0,0,0,0,1,0,0,0,0,1,1.525,2015,7.0,2018,USA2010
3067,141,Olafsson and Pagel (2018),0.1529163579826015,0.002345875946324,1,0.1529163579826015,0.002345875946324,1.0,0.0,0.04,0.0,206.5704847221236,1.0,2013.0,1.0,1.0,0,1,1,0,0,1,0,0,0,1,0,,0,0,0,1,1,0,0,0,0,1,1,Iceland,0,1,2011,2015,5.0,1825.0,1112636,609.6635616438356,2013.0,1,0,0,0,0,0,0,0,0,0,0,0,0,0,1,0,0,0,0,0,2.461,2015,4.666666666666667,2018,Iceland2011
3068,141,Olafsson and Pagel (2018),0.04965070028609017,0.0008145818015686669,1,0.04965070028609017,0.0008145818015686669,1.0,0.0,0.04,0.0,206.5704847221236,1.0,2013.0,1.0,1.0,0,1,1,0,0,1,0,0,0,0,1,Groceries,1,0,0,1,1,0,0,0,0,1,1,Iceland,0,1,2011,2015,5.0,1825.0,1112636,609.6635616438356,2013.0,1,0,0,0,0,0,0,0,0,0,0,0,0,0,1,0,0,0,0,0,2.461,2015,4.666666666666667,2018,Iceland2011
3069,141,Olafsson and Pagel (2018),0.02170748559812645,0.0004810181467766656,1,0.02170748559812645,0.0004810181467766656,1.0,0.0,0.04,0.0,206.5704847221236,1.0,2013.0,1.0,1.0,0,1,1,0,0,1,0,0,0,0,0,Fuel,1,0,0,1,1,0,0,0,0,1,1,Iceland,0,1,2011,2015,5.0,1825.0,1112636,609.6635616438356,2013.0,1,0,0,0,0,0,0,0,0,0,0,0,0,0,1,0,0,0,0,0,2.461,2015,4.666666666666667,2018,Iceland2011
3070,141,Olafsson and Pagel (2018),0.01626079468286498,0.0003257588250323535,1,0.01626079468286498,0.0003257588250323535,1.0,0.0,0.04,0.0,206.5704847221236,1.0,2013.0,1.0,1.0,0,1,1,0,0,1,0,0,0,0,1,Ready made food,1,0,0,1,1,0,0,0,0,1,1,Iceland,0,1,2011,2015,5.0,1825.0,1112636,609.6635616438356,2013.0,1,0,0,0,0,0,0,0,0,0,0,0,0,0,1,0,0,0,0,0,2.461,2015,4.666666666666667,2018,Iceland2011
3071,141,Olafsson and Pagel (2018),0.006542454936708363,0.0001602637650826746,1,0.006542454936708363,0.0001602637650826746,1.0,0.0,0.04,0.0,206.5704847221236,1.0,2013.0,1.0,1.0,0,1,1,0,0,1,0,0,0,0,1,Alcohol,1,0,0,1,1,0,0,0,0,1,1,Iceland,0,1,2011,2015,5.0,1825.0,1112636,609.6635616438356,2013.0,1,0,0,0,0,0,0,0,0,0,0,0,0,0,1,0,0,0,0,0,2.461,2015,4.666666666666667,2018,Iceland2011
3072,141,Olafsson and Pagel (2018),0.1105465975832225,0.002048163955222895,1,0.1105465975832225,0.002048163955222895,1.0,0.0,0.04,0.0,264.63773492154195,1.0,2013.0,1.0,1.0,0,1,1,0,0,1,0,0,0,1,0,,0,0,0,1,1,0,0,0,0,1,1,Iceland,0,1,2011,2015,5.0,1825.0,1112636,609.6635616438356,2013.0,1,0,0,0,0,0,0,0,0,0,0,0,0,0,1,0,0,0,0,0,2.461,2015,4.666666666666667,2018,Iceland2011
3073,141,Olafsson and Pagel (2018),0.03643492280513198,0.0007418190654230471,1,0.03643492280513198,0.0007418190654230471,1.0,0.0,0.04,0.0,264.63773492154195,1.0,2013.0,1.0,1.0,0,1,1,0,0,1,0,0,0,0,1,Groceries,1,0,0,1,1,0,0,0,0,1,1,Iceland,0,1,2011,2015,5.0,1825.0,1112636,609.6635616438356,2013.0,1,0,0,0,0,0,0,0,0,0,0,0,0,0,1,0,0,0,0,0,2.461,2015,4.666666666666667,2018,Iceland2011
3074,141,Olafsson and Pagel (2018),0.01588536857552973,0.0004447903201148325,1,0.01588536857552973,0.0004447903201148325,1.0,0.0,0.04,0.0,264.63773492154195,1.0,2013.0,1.0,1.0,0,1,1,0,0,1,0,0,0,0,0,Fuel,1,0,0,1,1,0,0,0,0,1,1,Iceland,0,1,2011,2015,5.0,1825.0,1112636,609.6635616438356,2013.0,1,0,0,0,0,0,0,0,0,0,0,0,0,0,1,0,0,0,0,0,2.461,2015,4.666666666666667,2018,Iceland2011
3075,141,Olafsson and Pagel (2018),0.01161213296872528,0.0002966603313177991,1,0.01161213296872528,0.0002966603313177991,1.0,0.0,0.04,0.0,264.63773492154195,1.0,2013.0,1.0,1.0,0,1,1,0,0,1,0,0,0,0,1,Ready made food,1,0,0,1,1,0,0,0,0,1,1,Iceland,0,1,2011,2015,5.0,1825.0,1112636,609.6635616438356,2013.0,1,0,0,0,0,0,0,0,0,0,0,0,0,0,1,0,0,0,0,0,2.461,2015,4.666666666666667,2018,Iceland2011
3076,141,Olafsson and Pagel (2018),0.004437647806828467,0.0001580461573893665,1,0.004437647806828467,0.0001580461573893665,1.0,0.0,0.04,0.0,264.63773492154195,1.0,2013.0,1.0,1.0,0,1,1,0,0,1,0,0,0,0,1,Alcohol,1,0,0,1,1,0,0,0,0,1,1,Iceland,0,1,2011,2015,5.0,1825.0,1112636,609.6635616438356,2013.0,1,0,0,0,0,0,0,0,0,0,0,0,0,0,1,0,0,0,0,0,2.461,2015,4.666666666666667,2018,Iceland2011
3077,141,Olafsson and Pagel (2018),0.0190091552514486,0.0004575084823230002,1,0.0190091552514486,0.0004575084823230002,1.0,0.0,0.04,0.0,1290.2639575240973,1.0,2013.0,1.0,1.0,0,1,1,0,0,1,0,0,0,1,0,,0,0,0,1,1,0,0,0,0,0,1,Iceland,0,1,2011,2015,5.0,1825.0,1112598,609.6427397260273,2013.0,1,0,0,0,0,0,0,0,0,0,0,0,0,0,1,0,0,0,0,0,2.461,2015,4.666666666666667,2018,Iceland2011
3078,141,Olafsson and Pagel (2018),0.006122925592110179,0.0001542597532895975,1,0.006122925592110179,0.0001542597532895975,1.0,0.0,0.04,0.0,1290.2639575240973,1.0,2013.0,1.0,1.0,0,1,1,0,0,1,0,0,0,0,1,Groceries,1,0,0,1,1,0,0,0,0,0,1,Iceland,0,1,2011,2015,5.0,1825.0,1112598,609.6427397260273,2013.0,1,0,0,0,0,0,0,0,0,0,0,0,0,0,1,0,0,0,0,0,2.461,2015,4.666666666666667,2018,Iceland2011
3079,141,Olafsson and Pagel (2018),0.002899825081265483,0.0001201930580678605,1,0.002899825081265483,0.0001201930580678605,1.0,0.0,0.04,0.0,1290.2639575240973,1.0,2013.0,1.0,1.0,0,1,1,0,0,1,0,0,0,0,0,Fuel,1,0,0,1,1,0,0,0,0,0,1,Iceland,0,1,2011,2015,5.0,1825.0,1112598,609.6427397260273,2013.0,1,0,0,0,0,0,0,0,0,0,0,0,0,0,1,0,0,0,0,0,2.461,2015,4.666666666666667,2018,Iceland2011
3080,141,Olafsson and Pagel (2018),0.00146644806270696,5.432925051595064e-05,1,0.00146644806270696,5.432925051595064e-05,1.0,0.0,0.04,0.0,1290.2639575240973,1.0,2013.0,1.0,1.0,0,1,1,0,0,1,0,0,0,0,1,Ready made food,1,0,0,1,1,0,0,0,0,0,1,Iceland,0,1,2011,2015,5.0,1825.0,1112598,609.6427397260273,2013.0,1,0,0,0,0,0,0,0,0,0,0,0,0,0,1,0,0,0,0,0,2.461,2015,4.666666666666667,2018,Iceland2011
3081,141,Olafsson and Pagel (2018),0.0009609779617187891,3.613277136062647e-05,1,0.0009609779617187891,3.613277136062647e-05,1.0,0.0,0.04,0.0,1290.2639575240973,1.0,2013.0,1.0,1.0,0,1,1,0,0,1,0,0,0,0,1,Alcohol,1,0,0,1,1,0,0,0,0,0,1,Iceland,0,1,2011,2015,5.0,1825.0,1112598,609.6427397260273,2013.0,1,0,0,0,0,0,0,0,0,0,0,0,0,0,1,0,0,0,0,0,2.461,2015,4.666666666666667,2018,Iceland2011
3082,141,Olafsson and Pagel (2018),0.01398417601463637,0.0003346213546359417,1,0.01398417601463637,0.0003346213546359417,1.0,0.0,0.04,0.0,1664.7173932881826,1.0,2013.0,1.0,1.0,0,1,1,0,0,1,0,0,0,1,0,,0,0,0,1,1,0,0,0,0,0,1,Iceland,0,1,2011,2015,5.0,1825.0,1112598,609.6427397260273,2013.0,1,0,0,0,0,0,0,0,0,0,0,0,0,0,1,0,0,0,0,0,2.461,2015,4.666666666666667,2018,Iceland2011
3083,141,Olafsson and Pagel (2018),0.004203040054904329,0.000111283992700968,1,0.004203040054904329,0.000111283992700968,1.0,0.0,0.04,0.0,1664.7173932881826,1.0,2013.0,1.0,1.0,0,1,1,0,0,1,0,0,0,0,1,Groceries,1,0,0,1,1,0,0,0,0,0,1,Iceland,0,1,2011,2015,5.0,1825.0,1112598,609.6427397260273,2013.0,1,0,0,0,0,0,0,0,0,0,0,0,0,0,1,0,0,0,0,0,2.461,2015,4.666666666666667,2018,Iceland2011
3084,141,Olafsson and Pagel (2018),0.002264868032711585,9.038693525041647e-05,1,0.002264868032711585,9.038693525041647e-05,1.0,0.0,0.04,0.0,1664.7173932881826,1.0,2013.0,1.0,1.0,0,1,1,0,0,1,0,0,0,0,0,Fuel,1,0,0,1,1,0,0,0,0,0,1,Iceland,0,1,2011,2015,5.0,1825.0,1112598,609.6427397260273,2013.0,1,0,0,0,0,0,0,0,0,0,0,0,0,0,1,0,0,0,0,0,2.461,2015,4.666666666666667,2018,Iceland2011
3085,141,Olafsson and Pagel (2018),0.0009688422879536744,4.382042857175631e-05,1,0.0009688422879536744,4.382042857175631e-05,1.0,0.0,0.04,0.0,1664.7173932881826,1.0,2013.0,1.0,1.0,0,1,1,0,0,1,0,0,0,0,1,Ready made food,1,0,0,1,1,0,0,0,0,0,1,Iceland,0,1,2011,2015,5.0,1825.0,1112598,609.6427397260273,2013.0,1,0,0,0,0,0,0,0,0,0,0,0,0,0,1,0,0,0,0,0,2.461,2015,4.666666666666667,2018,Iceland2011
3086,141,Olafsson and Pagel (2018),0.0006733175075924357,3.06865943725756e-05,1,0.0006733175075924357,3.06865943725756e-05,1.0,0.0,0.04,0.0,1664.7173932881826,1.0,2013.0,1.0,1.0,0,1,1,0,0,1,0,0,0,0,1,Alcohol,1,0,0,1,1,0,0,0,0,0,1,Iceland,0,1,2011,2015,5.0,1825.0,1112598,609.6427397260273,2013.0,1,0,0,0,0,0,0,0,0,0,0,0,0,0,1,0,0,0,0,0,2.461,2015,4.666666666666667,2018,Iceland2011
3087,141,Olafsson and Pagel (2018),0.007901986660444992,0.0002464839875735135,1,0.007901986660444992,0.0002464839875735135,1.0,0.0,0.04,0.0,2632.766285926537,1.0,2013.0,1.0,1.0,0,1,1,0,0,1,0,0,0,1,0,,0,0,0,1,1,0,0,0,0,0,1,Iceland,0,1,2011,2015,5.0,1825.0,1112611,609.6498630136987,2013.0,1,0,0,0,0,0,0,0,0,0,0,0,0,0,1,0,0,0,0,0,2.461,2015,4.666666666666667,2018,Iceland2011
3088,141,Olafsson and Pagel (2018),0.002238056788045329,7.439350775904868e-05,1,0.002238056788045329,7.439350775904868e-05,1.0,0.0,0.04,0.0,2632.766285926537,1.0,2013.0,1.0,1.0,0,1,1,0,0,1,0,0,0,0,1,Groceries,1,0,0,1,1,0,0,0,0,0,1,Iceland,0,1,2011,2015,5.0,1825.0,1112611,609.6498630136987,2013.0,1,0,0,0,0,0,0,0,0,0,0,0,0,0,1,0,0,0,0,0,2.461,2015,4.666666666666667,2018,Iceland2011
3089,141,Olafsson and Pagel (2018),0.001429799586908538,7.148997934542692e-05,1,0.001429799586908538,7.148997934542692e-05,1.0,0.0,0.04,0.0,2632.766285926537,1.0,2013.0,1.0,1.0,0,1,1,0,0,1,0,0,0,0,0,Fuel,1,0,0,1,1,0,0,0,0,0,1,Iceland,0,1,2011,2015,5.0,1825.0,1112611,609.6498630136987,2013.0,1,0,0,0,0,0,0,0,0,0,0,0,0,0,1,0,0,0,0,0,2.461,2015,4.666666666666667,2018,Iceland2011
3090,141,Olafsson and Pagel (2018),0.0006112964154979715,2.957885881441798e-05,1,0.0006112964154979715,2.957885881441798e-05,1.0,0.0,0.04,0.0,2632.766285926537,1.0,2013.0,1.0,1.0,0,1,1,0,0,1,0,0,0,0,1,Ready made food,1,0,0,1,1,0,0,0,0,0,1,Iceland,0,1,2011,2015,5.0,1825.0,1112611,609.6498630136987,2013.0,1,0,0,0,0,0,0,0,0,0,0,0,0,0,1,0,0,0,0,0,2.461,2015,4.666666666666667,2018,Iceland2011
3091,141,Olafsson and Pagel (2018),0.0004466303914965106,2.147261497579378e-05,1,0.0004466303914965106,2.147261497579378e-05,1.0,0.0,0.04,0.0,2632.766285926537,1.0,2013.0,1.0,1.0,0,1,1,0,0,1,0,0,0,0,1,Alcohol,1,0,0,1,1,0,0,0,0,0,1,Iceland,0,1,2011,2015,5.0,1825.0,1112611,609.6498630136987,2013.0,1,0,0,0,0,0,0,0,0,0,0,0,0,0,1,0,0,0,0,0,2.461,2015,4.666666666666667,2018,Iceland2011
3092,141,Olafsson and Pagel (2018),0.007510206053206726,0.0001944606924491027,1,0.007510206053206726,0.0001944606924491027,1.0,0.0,0.04,0.0,2846.3498058338964,1.0,2013.0,1.0,1.0,0,1,1,0,0,1,0,0,0,1,0,,0,0,0,1,1,0,0,0,0,0,1,Iceland,0,1,2011,2015,5.0,1825.0,1112611,609.6498630136987,2013.0,1,0,0,0,0,0,0,0,0,0,0,0,0,0,1,0,0,0,0,0,2.461,2015,4.666666666666667,2018,Iceland2011
3093,141,Olafsson and Pagel (2018),0.002104812890191296,6.013751114832273e-05,1,0.002104812890191296,6.013751114832273e-05,1.0,0.0,0.04,0.0,2846.3498058338964,1.0,2013.0,1.0,1.0,0,1,1,0,0,1,0,0,0,0,1,Groceries,1,0,0,1,1,0,0,0,0,0,1,Iceland,0,1,2011,2015,5.0,1825.0,1112611,609.6498630136987,2013.0,1,0,0,0,0,0,0,0,0,0,0,0,0,0,1,0,0,0,0,0,2.461,2015,4.666666666666667,2018,Iceland2011
3094,141,Olafsson and Pagel (2018),0.001286044437558658,5.688740990335086e-05,1,0.001286044437558658,5.688740990335086e-05,1.0,0.0,0.04,0.0,2846.3498058338964,1.0,2013.0,1.0,1.0,0,1,1,0,0,1,0,0,0,0,0,Fuel,1,0,0,1,1,0,0,0,0,0,1,Iceland,0,1,2011,2015,5.0,1825.0,1112611,609.6498630136987,2013.0,1,0,0,0,0,0,0,0,0,0,0,0,0,0,1,0,0,0,0,0,2.461,2015,4.666666666666667,2018,Iceland2011
3095,141,Olafsson and Pagel (2018),0.0004787882665740731,2.599136304259254e-05,1,0.0004787882665740731,2.599136304259254e-05,1.0,0.0,0.04,0.0,2846.3498058338964,1.0,2013.0,1.0,1.0,0,1,1,0,0,1,0,0,0,0,1,Ready made food,1,0,0,1,1,0,0,0,0,0,1,Iceland,0,1,2011,2015,5.0,1825.0,1112611,609.6498630136987,2013.0,1,0,0,0,0,0,0,0,0,0,0,0,0,0,1,0,0,0,0,0,2.461,2015,4.666666666666667,2018,Iceland2011
3096,141,Olafsson and Pagel (2018),0.0004188941278032985,2.072803701371494e-05,1,0.0004188941278032985,2.072803701371494e-05,1.0,0.0,0.04,0.0,2846.3498058338964,1.0,2013.0,1.0,1.0,0,1,1,0,0,1,0,0,0,0,1,Alcohol,1,0,0,1,1,0,0,0,0,0,1,Iceland,0,1,2011,2015,5.0,1825.0,1112611,609.6498630136987,2013.0,1,0,0,0,0,0,0,0,0,0,0,0,0,0,1,0,0,0,0,0,2.461,2015,4.666666666666667,2018,Iceland2011
3097,141,Olafsson and Pagel (2018),0.004290238126660057,0.000185118146573087,1,0.004290238126660057,0.000185118146573087,1.0,0.0,0.04,0.0,4888.161732447971,1.0,2013.0,1.0,1.0,0,1,1,0,0,1,0,0,0,1,0,,0,0,0,1,1,0,0,1,0,0,1,Iceland,0,1,2011,2015,5.0,1825.0,1112587,609.6367123287671,2013.0,1,0,0,0,0,0,0,0,0,0,0,0,0,0,1,0,0,0,0,0,2.461,2015,4.666666666666667,2018,Iceland2011
3098,141,Olafsson and Pagel (2018),0.0009918642029471422,4.898594634963436e-05,1,0.0009918642029471422,4.898594634963436e-05,1.0,0.0,0.04,0.0,4888.161732447971,1.0,2013.0,1.0,1.0,0,1,1,0,0,1,0,0,0,0,1,Groceries,1,0,0,1,1,0,0,1,0,0,1,Iceland,0,1,2011,2015,5.0,1825.0,1112587,609.6367123287671,2013.0,1,0,0,0,0,0,0,0,0,0,0,0,0,0,1,0,0,0,0,0,2.461,2015,4.666666666666667,2018,Iceland2011
3099,141,Olafsson and Pagel (2018),0.0009162349832750246,6.154333095205826e-05,1,0.0009162349832750246,6.154333095205826e-05,1.0,0.0,0.04,0.0,4888.161732447971,1.0,2013.0,1.0,1.0,0,1,1,0,0,1,0,0,0,0,0,Fuel,1,0,0,1,1,0,0,1,0,0,1,Iceland,0,1,2011,2015,5.0,1825.0,1112587,609.6367123287671,2013.0,1,0,0,0,0,0,0,0,0,0,0,0,0,0,1,0,0,0,0,0,2.461,2015,4.666666666666667,2018,Iceland2011
3100,141,Olafsson and Pagel (2018),0.0002202911061073762,2.012731688894732e-05,1,0.0002202911061073762,2.012731688894732e-05,1.0,0.0,0.04,0.0,4888.161732447971,1.0,2013.0,1.0,1.0,0,1,1,0,0,1,0,0,0,0,1,Ready made food,1,0,0,1,1,0,0,1,0,0,1,Iceland,0,1,2011,2015,5.0,1825.0,1112587,609.6367123287671,2013.0,1,0,0,0,0,0,0,0,0,0,0,0,0,0,1,0,0,0,0,0,2.461,2015,4.666666666666667,2018,Iceland2011
3101,141,Olafsson and Pagel (2018),0.0002536784209768256,1.597033314072521e-05,1,0.0002536784209768256,1.597033314072521e-05,1.0,0.0,0.04,0.0,4888.161732447971,1.0,2013.0,1.0,1.0,0,1,1,0,0,1,0,0,0,0,1,Alcohol,1,0,0,1,1,0,0,1,0,0,1,Iceland,0,1,2011,2015,5.0,1825.0,1112587,609.6367123287671,2013.0,1,0,0,0,0,0,0,0,0,0,0,0,0,0,1,0,0,0,0,0,2.461,2015,4.666666666666667,2018,Iceland2011
3102,141,Olafsson and Pagel (2018),0.004866815958831123,0.0001273783929965676,1,0.004866815958831123,0.0001273783929965676,1.0,0.0,0.04,0.0,5087.951285733367,1.0,2013.0,1.0,1.0,0,1,1,0,0,1,0,0,0,1,0,,0,0,0,1,1,0,0,1,0,0,1,Iceland,0,1,2011,2015,5.0,1825.0,1112587,609.6367123287671,2013.0,1,0,0,0,0,0,0,0,0,0,0,0,0,0,1,0,0,0,0,0,2.461,2015,4.666666666666667,2018,Iceland2011
3103,141,Olafsson and Pagel (2018),0.00123684669930072,3.772771378370119e-05,1,0.00123684669930072,3.772771378370119e-05,1.0,0.0,0.04,0.0,5087.951285733367,1.0,2013.0,1.0,1.0,0,1,1,0,0,1,0,0,0,0,1,Groceries,1,0,0,1,1,0,0,1,0,0,1,Iceland,0,1,2011,2015,5.0,1825.0,1112587,609.6367123287671,2013.0,1,0,0,0,0,0,0,0,0,0,0,0,0,0,1,0,0,0,0,0,2.461,2015,4.666666666666667,2018,Iceland2011
3104,141,Olafsson and Pagel (2018),0.0008520223506883086,3.836591871520453e-05,1,0.0008520223506883086,3.836591871520453e-05,1.0,0.0,0.04,0.0,5087.951285733367,1.0,2013.0,1.0,1.0,0,1,1,0,0,1,0,0,0,0,0,Fuel,1,0,0,1,1,0,0,1,0,0,1,Iceland,0,1,2011,2015,5.0,1825.0,1112587,609.6367123287671,2013.0,1,0,0,0,0,0,0,0,0,0,0,0,0,0,1,0,0,0,0,0,2.461,2015,4.666666666666667,2018,Iceland2011
3105,141,Olafsson and Pagel (2018),0.0002801577291806157,1.598726171954601e-05,1,0.0002801577291806157,1.598726171954601e-05,1.0,0.0,0.04,0.0,5087.951285733367,1.0,2013.0,1.0,1.0,0,1,1,0,0,1,0,0,0,0,1,Ready made food,1,0,0,1,1,0,0,1,0,0,1,Iceland,0,1,2011,2015,5.0,1825.0,1112587,609.6367123287671,2013.0,1,0,0,0,0,0,0,0,0,0,0,0,0,0,1,0,0,0,0,0,2.461,2015,4.666666666666667,2018,Iceland2011
3106,141,Olafsson and Pagel (2018),0.0003600960505664203,1.351664885459462e-05,1,0.0003600960505664203,1.351664885459462e-05,1.0,0.0,0.04,0.0,5087.951285733367,1.0,2013.0,1.0,1.0,0,1,1,0,0,1,0,0,0,0,1,Alcohol,1,0,0,1,1,0,0,1,0,0,1,Iceland,0,1,2011,2015,5.0,1825.0,1112587,609.6367123287671,2013.0,1,0,0,0,0,0,0,0,0,0,0,0,0,0,1,0,0,0,0,0,2.461,2015,4.666666666666667,2018,Iceland2011
3107,142,Stephens (2003),0.09110393802453196,0.071382458729134,1,0.09110393802453196,0.071382458729134,1.0,7.0,0.25,0.0,1336.923935084622,0.0,1995.0,0.0,0.0,0,1,1,0,0,1,0,0,0,1,0,total spending,1,0,0,1,1,0,1,0,0,0,1,USA,0,1,1986,1996,11.0,12.3,123034,9942.0,1991.0,1,0,0,0,0,0,0,0,0,0,0,0,0,0,1,0,0,0,0,1,1.605,2001,13.529411764705882,2003,USA1986
3108,142,Stephens (2003),0.01138799225306649,0.001992068615696762,1,0.01138799225306649,0.001992068615696762,1.0,7.0,0.25,0.0,1336.923935084622,0.0,1995.0,0.0,0.0,0,1,1,0,0,1,0,0,0,0,0,Strict nondurables,1,0,0,1,1,0,1,0,0,0,1,USA,0,1,1986,1996,11.0,12.3,123034,9942.0,1991.0,1,0,0,0,0,0,0,0,0,0,0,0,0,0,1,0,0,0,0,1,1.605,2001,13.529411764705882,2003,USA1986
3109,142,Stephens (2003),0.007727566171723693,0.001369547173291524,1,0.007727566171723693,0.001369547173291524,1.0,7.0,0.25,0.0,1336.923935084622,0.0,1995.0,0.0,0.0,0,1,1,0,0,1,0,0,0,0,1,Food for home,1,0,0,1,1,0,1,0,0,0,1,USA,0,1,1986,1996,11.0,12.3,123034,9942.0,1991.0,1,0,0,0,0,0,0,0,0,0,0,0,0,0,1,0,0,0,0,1,1.605,2001,13.529411764705882,2003,USA1986
3110,142,Stephens (2003),0.001464170432537121,0.001286544314304159,1,0.001464170432537121,0.001286544314304159,1.0,7.0,0.25,0.0,1336.923935084622,0.0,1995.0,0.0,0.0,0,1,1,0,0,1,0,0,0,0,1,Food away,1,0,0,1,1,0,1,0,0,0,1,USA,0,1,1986,1996,11.0,12.3,123034,9942.0,1991.0,1,0,0,0,0,0,0,0,0,0,0,0,0,0,1,0,0,0,0,1,1.605,2001,13.529411764705882,2003,USA1986
3111,142,Stephens (2003),0.001057456423499032,0.001411048602785207,1,0.001057456423499032,0.001411048602785207,1.0,7.0,0.25,0.0,1336.923935084622,0.0,1995.0,0.0,0.0,0,1,1,0,0,1,0,0,0,0,0,Instant consumption,1,0,0,1,1,0,1,0,0,0,1,USA,0,1,1986,1996,11.0,12.3,123034,9942.0,1991.0,1,0,0,0,0,0,0,0,0,0,0,0,0,0,1,0,0,0,0,1,1.605,2001,13.529411764705882,2003,USA1986
3112,142,Stephens (2003),0.0008947708198837961,0.0002905100064557779,1,0.0008947708198837961,0.0002905100064557779,1.0,7.0,0.25,0.0,1336.923935084622,0.0,1995.0,0.0,0.0,0,1,1,0,0,1,0,0,0,0,1,Fresh food,1,0,0,1,1,0,1,0,0,0,1,USA,0,1,1986,1996,11.0,12.3,123034,9942.0,1991.0,1,0,0,0,0,0,0,0,0,0,0,0,0,0,1,0,0,0,0,1,1.605,2001,13.529411764705882,2003,USA1986
3113,143,Gelman (2018),0.5765,0.0271,1,0.5765,0.0271,1.0,0.0,0.25,0.0,1059.0657922277503,0.0,2013.0,1.0,1.0,0,1,1,0,0,1,0,0,0,1,0,total spending,1,0,1,0,1,0,0,0,1,0,0,USA,0,1,2013,2013,1.0,1.0,98476,98476.0,2013.0,1,0,0,0,0,1,0,0,0,0,0,0,1,0,1,0,0,0,0,0,1.049,2015,8.666666666666666,2018,USA2013
3114,144,Stephens and Unayama (2011),0.01973799126637554,0.004940256488249292,1,0.01973799126637554,0.004940256488249292,1.0,0.0,1.0,1.0,8764.1572650258,1.0,2000.0,0.0,0.0,0,1,1,0,1,1,0,0,0,1,0,,0,0,0,1,1,1,0,1,0,0,1,Japan,0,1,1986,1994,9.0,4.686959414504325,14089,3006.0,1990.0,1,0,0,0,0,0,0,0,0,0,0,0,0,0,1,0,0,0,0,0,2.785,2011,8.571428571428571,2011,Japan1986
3115,144,Stephens and Unayama (2011),0.008235807860262009,0.002211846172508379,1,0.008235807860262009,0.002211846172508379,1.0,0.0,1.0,1.0,8764.1572650258,1.0,2000.0,0.0,0.0,0,1,1,0,1,1,0,0,0,0,0,,0,0,0,1,1,1,0,1,0,0,1,Japan,0,1,1986,1994,9.0,4.686959414504325,14089,3006.0,1990.0,1,0,0,0,0,0,0,0,0,0,0,0,0,0,1,0,0,0,0,0,2.785,2011,8.571428571428571,2011,Japan1986
3116,144,Stephens and Unayama (2011),0.003650655021834061,0.001825860293634558,1,0.003650655021834061,0.001825860293634558,1.0,0.0,1.0,1.0,8764.1572650258,1.0,2000.0,0.0,0.0,0,1,1,0,1,1,0,0,0,0,0,stricktly ND,1,0,0,1,1,1,0,1,0,0,1,Japan,0,1,1986,1994,9.0,4.686959414504325,14089,3006.0,1990.0,1,0,0,0,0,0,0,0,0,0,0,0,0,0,1,0,0,0,0,0,2.785,2011,8.571428571428571,2011,Japan1986
3117,144,Stephens and Unayama (2011),0.001889374090247452,0.0007732627535434778,1,0.001889374090247452,0.0007732627535434778,1.0,0.0,1.0,1.0,8764.1572650258,1.0,2000.0,0.0,0.0,0,1,1,0,1,1,0,0,0,0,1,,0,0,0,1,1,1,0,1,0,0,1,Japan,0,1,1986,1994,9.0,4.686959414504325,14089,3006.0,1990.0,1,0,0,0,0,0,0,0,0,0,0,0,0,0,1,0,0,0,0,0,2.785,2011,8.571428571428571,2011,Japan1986
3118,144,Stephens and Unayama (2011),0.03125181950509461,0.00722007902026829,1,0.03125181950509461,0.00722007902026829,1.0,2.0,2.0,0.0,8764.1572650258,1.0,2000.0,0.0,0.0,0,1,1,0,1,1,0,0,0,1,0,,0,0,0,1,1,0,1,1,0,0,1,Japan,0,1,1986,1994,9.0,4.686959414504325,14089,3006.0,1990.0,1,0,0,0,0,0,0,0,0,0,0,0,0,0,1,0,0,0,0,0,2.785,2011,8.571428571428571,2011,Japan1986
3119,144,Stephens and Unayama (2011),0.01406113537117904,0.003272251851152576,1,0.01406113537117904,0.003272251851152576,1.0,2.0,2.0,0.0,8764.1572650258,1.0,2000.0,0.0,0.0,0,1,1,0,1,1,0,0,0,0,0,,0,0,0,1,1,0,1,1,0,0,1,Japan,0,1,1986,1994,9.0,4.686959414504325,14089,3006.0,1990.0,1,0,0,0,0,0,0,0,0,0,0,0,0,0,1,0,0,0,0,0,2.785,2011,8.571428571428571,2011,Japan1986
3120,144,Stephens and Unayama (2011),0.008131004366812227,0.002702191255716925,1,0.008131004366812227,0.002702191255716925,1.0,2.0,2.0,0.0,8764.1572650258,1.0,2000.0,0.0,0.0,0,1,1,0,1,1,0,0,0,0,0,stricktly ND,1,0,0,1,1,0,1,1,0,0,1,Japan,0,1,1986,1994,9.0,4.686959414504325,14089,3006.0,1990.0,1,0,0,0,0,0,0,0,0,0,0,0,0,0,1,0,0,0,0,0,2.785,2011,8.571428571428571,2011,Japan1986
3121,144,Stephens and Unayama (2011),0.004379912663755458,0.001156022968317696,1,0.004379912663755458,0.001156022968317696,1.0,2.0,2.0,0.0,8764.1572650258,1.0,2000.0,0.0,0.0,0,1,1,0,1,1,0,0,0,0,1,,0,0,0,1,1,0,1,1,0,0,1,Japan,0,1,1986,1994,9.0,4.686959414504325,14089,3006.0,1990.0,1,0,0,0,0,0,0,0,0,0,0,0,0,0,1,0,0,0,0,0,2.785,2011,8.571428571428571,2011,Japan1986
3122,144,Stephens and Unayama (2011),0.007563636363636364,0.005673181849561309,1,0.007563636363636364,0.005673181849561309,1.0,0.0,1.0,0.0,6314.785802311165,1.0,2000.0,0.0,0.0,0,1,1,0,1,1,0,0,0,1,0,,0,0,0,1,1,0,0,1,0,0,1,Japan,0,1,1986,1994,9.0,4.686959414504325,14089,3006.0,1990.0,1,0,0,0,0,0,0,0,0,0,0,0,0,0,1,0,0,0,0,0,2.785,2011,8.571428571428571,2011,Japan1986
3123,144,Stephens and Unayama (2011),0.0008606060606060606,0.00258183111297505,1,0.0008606060606060606,0.00258183111297505,1.0,0.0,1.0,0.0,6314.785802311165,1.0,2000.0,0.0,0.0,0,1,1,0,1,1,0,0,0,0,0,,0,0,0,1,1,0,0,1,0,0,1,Japan,0,1,1986,1994,9.0,4.686959414504325,14089,3006.0,1990.0,1,0,0,0,0,0,0,0,0,0,0,0,0,0,1,0,0,0,0,0,2.785,2011,8.571428571428571,2011,Japan1986
3124,144,Stephens and Unayama (2011),-0.0002383838383838384,0.002145455739413784,1,-0.0002383838383838384,0.002145455739413784,1.0,0.0,1.0,0.0,6314.785802311165,1.0,2000.0,0.0,0.0,0,1,1,0,1,1,0,0,0,0,0,stricktly ND,1,0,0,1,1,0,0,1,0,0,1,Japan,0,1,1986,1994,9.0,4.686959414504325,14089,3006.0,1990.0,1,0,0,0,0,0,0,0,0,0,0,0,0,0,1,0,0,0,0,0,2.785,2011,8.571428571428571,2011,Japan1986
3125,144,Stephens and Unayama (2011),-0.0001212121212121212,0.000969697652682077,1,-0.0001212121212121212,0.000969697652682077,1.0,0.0,1.0,0.0,6314.785802311165,1.0,2000.0,0.0,0.0,0,1,1,0,1,1,0,0,0,0,1,,0,0,0,1,1,0,0,1,0,0,1,Japan,0,1,1986,1994,9.0,4.686959414504325,14089,3006.0,1990.0,1,0,0,0,0,0,0,0,0,0,0,0,0,0,1,0,0,0,0,0,2.785,2011,8.571428571428571,2011,Japan1986
3126,144,Stephens and Unayama (2011),0.01506550218340611,0.002417342474150718,1,0.01506550218340611,0.002417342474150718,1.0,0.0,1.0,1.0,8764.1572650258,1.0,2000.0,0.0,0.0,0,1,1,0,1,1,0,0,0,0,0,,0,0,0,1,1,1,0,1,0,0,1,Japan,0,1,1986,1990,5.0,4.934079105073911,12350,2503.0,1988.0,1,0,0,0,0,0,0,0,0,0,0,0,0,0,1,0,0,0,0,0,2.785,2011,8.571428571428571,2011,Japan1986
3127,144,Stephens and Unayama (2011),0.01968558951965065,0.003414246001953552,1,0.01968558951965065,0.003414246001953552,1.0,2.0,2.0,0.0,8764.1572650258,1.0,2000.0,0.0,0.0,0,1,1,0,1,1,0,0,0,0,0,,0,0,0,1,1,0,1,1,0,0,1,Japan,0,1,1986,1990,5.0,4.934079105073911,12350,2503.0,1988.0,1,0,0,0,0,0,0,0,0,0,0,0,0,0,1,0,0,0,0,0,2.785,2011,8.571428571428571,2011,Japan1986
