id_study,study,id_estimate,estimate,se_estimate,t_stat,se_imputed,interaction_term,direct_est,sample_size,ln_sample_size,data_firms,ln_data firms,bgd_mean,ln_bgd_mean,method_linear,method_panel,method_iv,method_gmm,method_tobit,method_quantile,method_other,data_panel,data_cross-section,proper_endog_control,poor_endog_control,control_firm_lev,control_firm_size,control_board_ind,control_board_size,control_csr_com,bloomberg,eikon,global,europe,us,asia,middle_east,other,developed,emerging,financial,non-financial,cross_sector,sector,sector_cat,country,country_cat,published_study,unpublished_study,pub_year,ln_publication_year,citations,ln_citations,impact_factor,ln_impact_factor,data_start,data_end,data_mid_year,ln_avg_year,data_length,ln_data_length,data_variables,ln_data_variables,Reference
1,Adamu et al. (2024),1,0.3018,0.1131,2.6684350132626,0,0,1,88,4.477336814478207,11.0,2.397895272798371,18.0,2.890371757896165,0,1,0,0,0,0,0,1,0,0,1,1,1,0,1,0,1,0,0,0,0,0,0,1,0,1,1,0,0,banks,Financial Services,Nigeria,Africa,1,0,2024,7.612831030407357,2,0.6931471805599453,,,2011,2018,2014.5,7.608126304631402,8,2.079441541679836,6,1.791759469228055,"Adamu, Adamu Idris, Ismaila Yusuf, Ahmed Jinjiri Bala, et al., 'Do Gender Diversity And Ceo Culture Affect Sustainability Performance In The Nigerian Banking Industry?', Journal of Central Banking Law and Institutions, 3, no. 1 (2024), 37–56."
1,Adamu et al. (2024),2,0.3438,0.1228,2.799674267100977,0,0,1,88,4.477336814478207,11.0,2.397895272798371,18.0,2.890371757896165,0,1,0,0,0,0,0,1,0,0,1,1,1,0,1,0,1,0,0,0,0,0,0,1,0,1,1,0,0,banks,Financial Services,Nigeria,Africa,1,0,2024,7.612831030407357,2,0.6931471805599453,,,2011,2018,2014.5,7.608126304631402,8,2.079441541679836,6,1.791759469228055,"Adamu, Adamu Idris, Ismaila Yusuf, Ahmed Jinjiri Bala, et al., 'Do Gender Diversity And Ceo Culture Affect Sustainability Performance In The Nigerian Banking Industry?', Journal of Central Banking Law and Institutions, 3, no. 1 (2024), 37–56."
1,Adamu et al. (2024),3,0.2017,0.1158,1.741796200345423,0,0,1,77,4.343805421853684,11.0,2.397895272798371,18.0,2.890371757896165,0,1,0,0,0,0,0,1,0,1,0,1,1,0,1,0,1,0,0,0,0,0,0,1,0,1,1,0,0,banks,Financial Services,Nigeria,Africa,1,0,2024,7.612831030407357,2,0.6931471805599453,,,2011,2018,2014.5,7.608126304631402,7,1.945910149055313,6,1.791759469228055,"Adamu, Adamu Idris, Ismaila Yusuf, Ahmed Jinjiri Bala, et al., 'Do Gender Diversity And Ceo Culture Affect Sustainability Performance In The Nigerian Banking Industry?', Journal of Central Banking Law and Institutions, 3, no. 1 (2024), 37–56."
1,Adamu et al. (2024),4,0.2333,0.1266,1.842812006319116,0,0,1,77,4.343805421853684,11.0,2.397895272798371,18.0,2.890371757896165,0,1,0,0,0,0,0,1,0,1,0,1,1,0,1,0,1,0,0,0,0,0,0,1,0,1,1,0,0,banks,Financial Services,Nigeria,Africa,1,0,2024,7.612831030407357,2,0.6931471805599453,0.0001,-9.210340371976182,2011,2018,2014.5,7.608126304631402,7,1.945910149055313,6,1.791759469228055,"Adamu, Adamu Idris, Ismaila Yusuf, Ahmed Jinjiri Bala, et al., 'Do Gender Diversity And Ceo Culture Affect Sustainability Performance In The Nigerian Banking Industry?', Journal of Central Banking Law and Institutions, 3, no. 1 (2024), 37–56."
2,Adeneye et al. (2024),1,0.34,0.0448,7.589285714285715,0,0,1,967,6.874198495453294,198.0,5.288267030694535,25.192,3.226526483798724,0,1,0,0,0,0,0,1,0,0,1,1,1,1,1,0,0,1,0,1,0,0,0,0,1,0,0,1,0,non-financial,Non-financial Firms,UK,UK,1,0,2024,7.612831030407357,25,3.218875824868201,0.008,-4.828313737302302,2016,2020,2018.0,7.609862200913554,5,1.6094379124341,8,2.079441541679836,"Adeneye, Yusuf Babatunde, Setareh Fasihi, Ines Kammoun, and Khaldoon Albitar, 'Does earnings management constrain ESG performance? The role of corporate governance', International Journal of Disclosure and Governance, 21, no. 1 (2024), 69–92."
2,Adeneye et al. (2024),2,0.371,0.043,8.627906976744187,0,1,0,967,6.874198495453294,198.0,5.288267030694535,25.192,3.226526483798724,0,1,0,0,0,0,0,1,0,0,1,1,1,1,1,0,0,1,0,1,0,0,0,0,1,0,0,1,0,non-financial,Non-financial Firms,UK,UK,1,0,2024,7.612831030407357,25,3.218875824868201,0.008,-4.828313737302302,2016,2020,2018.0,7.609862200913554,5,1.6094379124341,8,2.079441541679836,"Adeneye, Yusuf Babatunde, Setareh Fasihi, Ines Kammoun, and Khaldoon Albitar, 'Does earnings management constrain ESG performance? The role of corporate governance', International Journal of Disclosure and Governance, 21, no. 1 (2024), 69–92."
2,Adeneye et al. (2024),3,0.36,0.0454,7.929515418502202,0,0,1,967,6.874198495453294,198.0,5.288267030694535,25.192,3.226526483798724,0,0,1,0,0,0,0,1,0,0,1,1,1,1,1,0,0,1,0,1,0,0,0,0,1,0,0,1,0,non-financial,Non-financial Firms,UK,UK,1,0,2024,7.612831030407357,25,3.218875824868201,0.008,-4.828313737302302,2016,2020,2018.0,7.609862200913554,5,1.6094379124341,8,2.079441541679836,"Adeneye, Yusuf Babatunde, Setareh Fasihi, Ines Kammoun, and Khaldoon Albitar, 'Does earnings management constrain ESG performance? The role of corporate governance', International Journal of Disclosure and Governance, 21, no. 1 (2024), 69–92."
2,Adeneye et al. (2024),4,0.1979,0.0401,4.935162094763093,0,1,0,967,6.874198495453294,198.0,5.288267030694535,25.192,3.226526483798724,0,0,1,0,0,0,0,1,0,0,1,1,1,1,1,0,0,1,0,1,0,0,0,0,1,0,0,1,0,non-financial,Non-financial Firms,UK,UK,1,0,2024,7.612831030407357,25,3.218875824868201,0.008,-4.828313737302302,2016,2020,2018.0,7.609862200913554,5,1.6094379124341,8,2.079441541679836,"Adeneye, Yusuf Babatunde, Setareh Fasihi, Ines Kammoun, and Khaldoon Albitar, 'Does earnings management constrain ESG performance? The role of corporate governance', International Journal of Disclosure and Governance, 21, no. 1 (2024), 69–92."
2,Adeneye et al. (2024),5,0.361,0.0455,7.934065934065934,0,0,1,967,6.874198495453294,198.0,5.288267030694535,25.192,3.226526483798724,0,1,0,0,0,0,0,1,0,0,1,1,1,1,1,0,0,1,0,1,0,0,0,0,1,0,0,1,0,non-financial,Non-financial Firms,UK,UK,1,0,2024,7.612831030407357,25,3.218875824868201,0.008,-4.828313737302302,2016,2020,2018.0,7.609862200913554,5,1.6094379124341,8,2.079441541679836,"Adeneye, Yusuf Babatunde, Setareh Fasihi, Ines Kammoun, and Khaldoon Albitar, 'Does earnings management constrain ESG performance? The role of corporate governance', International Journal of Disclosure and Governance, 21, no. 1 (2024), 69–92."
2,Adeneye et al. (2024),6,0.00822,0.00348,2.362068965517242,0,0,1,175,5.164785973923514,198.0,5.288267030694535,25.192,3.226526483798724,1,0,0,0,0,0,0,0,1,0,1,1,1,1,1,0,0,1,0,1,0,0,0,0,1,0,0,1,0,non-financial,Non-financial Firms,UK,UK,1,0,2024,7.612831030407357,25,3.218875824868201,0.008,-4.828313737302302,2016,2016,2016.0,7.60887062919126,1,0.0,8,2.079441541679836,"Adeneye, Yusuf Babatunde, Setareh Fasihi, Ines Kammoun, and Khaldoon Albitar, 'Does earnings management constrain ESG performance? The role of corporate governance', International Journal of Disclosure and Governance, 21, no. 1 (2024), 69–92."
2,Adeneye et al. (2024),7,0.00688,0.00294,2.340136054421769,0,0,1,192,5.257495372027781,198.0,5.288267030694535,25.192,3.226526483798724,1,0,0,0,0,0,0,0,1,0,1,1,1,1,1,0,0,1,0,1,0,0,0,0,1,0,0,1,0,non-financial,Non-financial Firms,UK,UK,1,0,2024,7.612831030407357,25,3.218875824868201,0.008,-4.828313737302302,2017,2017,2017.0,7.609366537954211,1,0.0,8,2.079441541679836,"Adeneye, Yusuf Babatunde, Setareh Fasihi, Ines Kammoun, and Khaldoon Albitar, 'Does earnings management constrain ESG performance? The role of corporate governance', International Journal of Disclosure and Governance, 21, no. 1 (2024), 69–92."
2,Adeneye et al. (2024),8,0.00977,0.00265,3.686792452830189,0,0,1,204,5.318119993844216,198.0,5.288267030694535,25.192,3.226526483798724,1,0,0,0,0,0,0,0,1,0,1,1,1,1,1,0,0,1,0,1,0,0,0,0,1,0,0,1,0,non-financial,Non-financial Firms,UK,UK,1,0,2024,7.612831030407357,25,3.218875824868201,0.008,-4.828313737302302,2018,2018,2018.0,7.609862200913554,1,0.0,8,2.079441541679836,"Adeneye, Yusuf Babatunde, Setareh Fasihi, Ines Kammoun, and Khaldoon Albitar, 'Does earnings management constrain ESG performance? The role of corporate governance', International Journal of Disclosure and Governance, 21, no. 1 (2024), 69–92."
2,Adeneye et al. (2024),9,0.00984,0.00232,4.241379310344827,0,0,1,212,5.356586274672012,198.0,5.288267030694535,25.192,3.226526483798724,1,0,0,0,0,0,0,0,1,0,1,1,1,1,1,0,0,1,0,1,0,0,0,0,1,0,0,1,0,non-financial,Non-financial Firms,UK,UK,1,0,2024,7.612831030407357,25,3.218875824868201,0.008,-4.828313737302302,2019,2019,2019.0,7.610357618312838,1,0.0,8,2.079441541679836,"Adeneye, Yusuf Babatunde, Setareh Fasihi, Ines Kammoun, and Khaldoon Albitar, 'Does earnings management constrain ESG performance? The role of corporate governance', International Journal of Disclosure and Governance, 21, no. 1 (2024), 69–92."
2,Adeneye et al. (2024),10,0.00522,0.00188,2.776595744680851,0,0,1,187,5.231108616854587,198.0,5.288267030694535,25.192,3.226526483798724,1,0,0,0,0,0,0,0,1,0,1,1,1,1,1,0,0,1,0,1,0,0,0,0,1,0,0,1,0,non-financial,Non-financial Firms,UK,UK,1,0,2024,7.612831030407357,25,3.218875824868201,0.008,-4.828313737302302,2020,2020,2020.0,7.61085279039525,1,0.0,8,2.079441541679836,"Adeneye, Yusuf Babatunde, Setareh Fasihi, Ines Kammoun, and Khaldoon Albitar, 'Does earnings management constrain ESG performance? The role of corporate governance', International Journal of Disclosure and Governance, 21, no. 1 (2024), 69–92."
2,Adeneye et al. (2024),11,0.349,0.052,6.711538461538462,0,0,1,967,6.874198495453294,198.0,5.288267030694535,25.192,3.226526483798724,0,0,0,0,0,1,1,1,0,0,1,1,1,1,1,0,0,1,0,1,0,0,0,0,1,0,0,1,0,non-financial,Non-financial Firms,UK,UK,1,0,2024,7.612831030407357,25,3.218875824868201,0.008,-4.828313737302302,2016,2020,2018.0,7.609862200913554,5,1.6094379124341,8,2.079441541679836,"Adeneye, Yusuf Babatunde, Setareh Fasihi, Ines Kammoun, and Khaldoon Albitar, 'Does earnings management constrain ESG performance? The role of corporate governance', International Journal of Disclosure and Governance, 21, no. 1 (2024), 69–92."
2,Adeneye et al. (2024),12,0.359,0.0559,6.422182468694096,0,0,1,967,6.874198495453294,198.0,5.288267030694535,25.192,3.226526483798724,0,0,0,0,0,1,1,1,0,0,1,1,1,1,1,0,0,1,0,1,0,0,0,0,1,0,0,1,0,non-financial,Non-financial Firms,UK,UK,1,0,2024,7.612831030407357,25,3.218875824868201,0.008,-4.828313737302302,2016,2020,2018.0,7.609862200913554,5,1.6094379124341,8,2.079441541679836,"Adeneye, Yusuf Babatunde, Setareh Fasihi, Ines Kammoun, and Khaldoon Albitar, 'Does earnings management constrain ESG performance? The role of corporate governance', International Journal of Disclosure and Governance, 21, no. 1 (2024), 69–92."
2,Adeneye et al. (2024),13,0.395,0.0665,5.93984962406015,0,0,1,967,6.874198495453294,198.0,5.288267030694535,25.192,3.226526483798724,0,0,0,0,0,1,1,1,0,0,1,1,1,1,1,0,0,1,0,1,0,0,0,0,1,0,0,1,0,non-financial,Non-financial Firms,UK,UK,1,0,2024,7.612831030407357,25,3.218875824868201,0.008,-4.828313737302302,2016,2020,2018.0,7.609862200913554,5,1.6094379124341,8,2.079441541679836,"Adeneye, Yusuf Babatunde, Setareh Fasihi, Ines Kammoun, and Khaldoon Albitar, 'Does earnings management constrain ESG performance? The role of corporate governance', International Journal of Disclosure and Governance, 21, no. 1 (2024), 69–92."
2,Adeneye et al. (2024),14,0.437,0.0679,6.435935198821797,0,0,1,315,5.752572638825633,198.0,5.288267030694535,25.192,3.226526483798724,0,1,0,0,0,0,0,1,0,0,1,1,1,1,1,0,0,1,0,1,0,0,0,0,1,0,0,1,0,non-financial,Non-financial Firms,UK,UK,1,0,2024,7.612831030407357,25,3.218875824868201,0.008,-4.828313737302302,2016,2020,2018.0,7.609862200913554,5,1.6094379124341,8,2.079441541679836,"Adeneye, Yusuf Babatunde, Setareh Fasihi, Ines Kammoun, and Khaldoon Albitar, 'Does earnings management constrain ESG performance? The role of corporate governance', International Journal of Disclosure and Governance, 21, no. 1 (2024), 69–92."
2,Adeneye et al. (2024),15,0.304,0.0547,5.557586837294333,0,0,1,652,6.480044561926653,198.0,5.288267030694535,25.192,3.226526483798724,0,1,0,0,0,0,0,1,0,0,1,1,1,1,1,0,0,1,0,1,0,0,0,0,1,0,0,1,0,non-financial,Non-financial Firms,UK,UK,1,0,2024,7.612831030407357,25,3.218875824868201,0.008,-4.828313737302302,2016,2020,2018.0,7.609862200913554,5,1.6094379124341,8,2.079441541679836,"Adeneye, Yusuf Babatunde, Setareh Fasihi, Ines Kammoun, and Khaldoon Albitar, 'Does earnings management constrain ESG performance? The role of corporate governance', International Journal of Disclosure and Governance, 21, no. 1 (2024), 69–92."
2,Adeneye et al. (2024),16,0.334,0.0645,5.178294573643411,0,0,1,516,6.246106765481563,198.0,5.288267030694535,25.192,3.226526483798724,0,1,0,0,0,0,0,1,0,0,1,1,1,1,1,0,0,1,0,1,0,0,0,0,1,0,0,1,0,non-financial,Non-financial Firms,UK,UK,1,0,2024,7.612831030407357,25,3.218875824868201,0.008,-4.828313737302302,2016,2020,2018.0,7.609862200913554,5,1.6094379124341,8,2.079441541679836,"Adeneye, Yusuf Babatunde, Setareh Fasihi, Ines Kammoun, and Khaldoon Albitar, 'Does earnings management constrain ESG performance? The role of corporate governance', International Journal of Disclosure and Governance, 21, no. 1 (2024), 69–92."
2,Adeneye et al. (2024),17,0.379,0.0582,6.512027491408935,0,0,1,451,6.111467339502679,198.0,5.288267030694535,25.192,3.226526483798724,0,1,0,0,0,0,0,1,0,0,1,1,1,1,1,0,0,1,0,1,0,0,0,0,1,0,0,1,0,non-financial,Non-financial Firms,UK,UK,1,0,2024,7.612831030407357,25,3.218875824868201,0.008,-4.828313737302302,2016,2020,2018.0,7.609862200913554,5,1.6094379124341,8,2.079441541679836,"Adeneye, Yusuf Babatunde, Setareh Fasihi, Ines Kammoun, and Khaldoon Albitar, 'Does earnings management constrain ESG performance? The role of corporate governance', International Journal of Disclosure and Governance, 21, no. 1 (2024), 69–92."
3,Adiasih & Lianawati (2018),1,-0.330299,0.0990283,-3.3354,0,0,1,135,4.90527477843843,27.0,3.295836866004329,6.07,1.803358605071407,1,0,0,0,0,0,0,1,0,0,1,1,0,0,1,0,1,0,0,0,0,1,0,0,0,1,0,0,1,mixed,Cross-sector,Indonesia,Indonesia,0,1,2018,7.609862200913554,6,1.791759469228055,,,2012,2016,2014.0,7.607878073278507,5,1.6094379124341,3,1.09861228866811,"Adiasih, Priskila and Vania Lianawati, 'Asymmetry and Governance of Corporate Social Responsible Disclosure in Indonesia' (PhD thesis, Petra Christian University, 2018)."
3,Adiasih & Lianawati (2018),2,-0.330299,0.0992746,-3.3271,0,0,1,135,4.90527477843843,27.0,3.295836866004329,6.07,1.803358605071407,0,1,0,0,0,0,0,1,0,0,1,1,0,0,1,0,1,0,0,0,0,1,0,0,0,1,0,0,1,mixed,Cross-sector,Indonesia,Indonesia,0,1,2018,7.609862200913554,6,1.791759469228055,,,2012,2016,2014.0,7.607878073278507,5,1.6094379124341,3,1.09861228866811,"Adiasih, Priskila and Vania Lianawati, 'Asymmetry and Governance of Corporate Social Responsible Disclosure in Indonesia' (PhD thesis, Petra Christian University, 2018)."
4,Agnese et al. (2024a) ,1,0.003,0.001,3.0,0,0,1,590,6.380122536899765,109.0,4.691347882229143,28.04,3.33363206216639,1,0,0,0,0,0,0,1,0,0,1,1,0,1,1,1,0,1,0,0,0,0,0,1,0,1,0,0,1,mixed,Cross-sector,Africa,Africa,1,0,2024,7.612831030407357,2,0.6931471805599453,0.016,-4.135166556742356,2016,2022,2019.0,7.610357618312838,7,1.945910149055313,15,2.70805020110221,"Agnese, Paolo, Francesca Romana Arduino, Emma Bruno, and Gianfranco Antonio Vento, 'On the Road to Sustainability: The Role of Board Characteristics in Driving ESG Performance in Africa', Socio-Economic Planning Sciences (2024), 101994."
4,Agnese et al. (2024a) ,2,0.013,0.003,4.333333333333333,0,0,1,590,6.380122536899765,109.0,4.691347882229143,28.04,3.33363206216639,0,0,0,0,0,1,1,1,0,0,1,1,0,1,1,1,0,1,0,0,0,0,0,1,0,1,0,0,1,mixed,Cross-sector,Africa,Africa,1,0,2024,7.612831030407357,2,0.6931471805599453,0.016,-4.135166556742356,2016,2022,2019.0,7.610357618312838,7,1.945910149055313,15,2.70805020110221,"Agnese, Paolo, Francesca Romana Arduino, Emma Bruno, and Gianfranco Antonio Vento, 'On the Road to Sustainability: The Role of Board Characteristics in Driving ESG Performance in Africa', Socio-Economic Planning Sciences (2024), 101994."
4,Agnese et al. (2024a) ,3,0.008,0.002,4.0,0,0,1,590,6.380122536899765,109.0,4.691347882229143,28.04,3.33363206216639,0,0,0,0,0,1,1,1,0,0,1,1,0,1,1,1,0,1,0,0,0,0,0,1,0,1,0,0,1,mixed,Cross-sector,Africa,Africa,1,0,2024,7.612831030407357,2,0.6931471805599453,0.016,-4.135166556742356,2016,2022,2019.0,7.610357618312838,7,1.945910149055313,15,2.70805020110221,"Agnese, Paolo, Francesca Romana Arduino, Emma Bruno, and Gianfranco Antonio Vento, 'On the Road to Sustainability: The Role of Board Characteristics in Driving ESG Performance in Africa', Socio-Economic Planning Sciences (2024), 101994."
4,Agnese et al. (2024a) ,4,0.004,0.002,2.0,0,0,1,590,6.380122536899765,109.0,4.691347882229143,28.04,3.33363206216639,0,0,0,0,0,1,1,1,0,0,1,1,0,1,1,1,0,1,0,0,0,0,0,1,0,1,0,0,1,mixed,Cross-sector,Africa,Africa,1,0,2024,7.612831030407357,2,0.6931471805599453,0.016,-4.135166556742356,2016,2022,2019.0,7.610357618312838,7,1.945910149055313,15,2.70805020110221,"Agnese, Paolo, Francesca Romana Arduino, Emma Bruno, and Gianfranco Antonio Vento, 'On the Road to Sustainability: The Role of Board Characteristics in Driving ESG Performance in Africa', Socio-Economic Planning Sciences (2024), 101994."
4,Agnese et al. (2024a) ,5,0.002,0.002,1.0,0,0,1,590,6.380122536899765,109.0,4.691347882229143,28.04,3.33363206216639,0,0,0,0,0,1,1,1,0,0,1,1,0,1,1,1,0,1,0,0,0,0,0,1,0,1,0,0,1,mixed,Cross-sector,Africa,Africa,1,0,2024,7.612831030407357,2,0.6931471805599453,0.016,-4.135166556742356,2016,2022,2019.0,7.610357618312838,7,1.945910149055313,15,2.70805020110221,"Agnese, Paolo, Francesca Romana Arduino, Emma Bruno, and Gianfranco Antonio Vento, 'On the Road to Sustainability: The Role of Board Characteristics in Driving ESG Performance in Africa', Socio-Economic Planning Sciences (2024), 101994."
4,Agnese et al. (2024a) ,6,0.002,0.002,1.0,0,0,1,590,6.380122536899765,109.0,4.691347882229143,28.04,3.33363206216639,0,0,0,0,0,1,1,1,0,0,1,1,0,1,1,1,0,1,0,0,0,0,0,1,0,1,0,0,1,mixed,Cross-sector,Africa,Africa,1,0,2024,7.612831030407357,2,0.6931471805599453,0.016,-4.135166556742356,2016,2022,2019.0,7.610357618312838,7,1.945910149055313,15,2.70805020110221,"Agnese, Paolo, Francesca Romana Arduino, Emma Bruno, and Gianfranco Antonio Vento, 'On the Road to Sustainability: The Role of Board Characteristics in Driving ESG Performance in Africa', Socio-Economic Planning Sciences (2024), 101994."
5,Agnese et al. (2024b) ,1,0.17,0.054,3.148148148148148,0,0,1,799,6.683360945766275,115.0,4.74493212836325,28.76,3.358985532852846,0,1,0,0,0,0,0,1,0,0,1,1,1,1,1,1,0,1,0,1,0,0,0,0,1,0,1,0,0,banks,Financial Services,EU,Europe,1,0,2024,7.612831030407357,5,1.6094379124341,0.049,-3.01593498087151,2014,2022,2018.0,7.609862200913554,9,2.19722457733622,10,2.302585092994046,"Agnese, Paolo, Francesca Romana Arduino, Massimiliano Cerciello, and Simone Taddeo, 'Does board knowledge matter for ESG performance in the European banking industry?', Corporate Social Responsibility and Environmental Management (2024)."
5,Agnese et al. (2024b) ,2,0.089,0.029,3.068965517241379,0,0,1,684,6.52795791762255,115.0,4.74493212836325,28.76,3.358985532852846,0,0,0,1,0,0,0,1,0,1,0,1,1,1,1,1,0,1,0,1,0,0,0,0,1,0,1,0,0,banks,Financial Services,EU,Europe,1,0,2024,7.612831030407357,5,1.6094379124341,0.049,-3.01593498087151,2014,2022,2018.0,7.609862200913554,9,2.19722457733622,10,2.302585092994046,"Agnese, Paolo, Francesca Romana Arduino, Massimiliano Cerciello, and Simone Taddeo, 'Does board knowledge matter for ESG performance in the European banking industry?', Corporate Social Responsibility and Environmental Management (2024)."
5,Agnese et al. (2024b) ,3,0.167,0.054,3.092592592592593,0,0,1,799,6.683360945766275,115.0,4.74493212836325,28.76,3.358985532852846,0,1,0,0,0,0,0,1,0,0,1,1,1,1,1,1,0,1,0,1,0,0,0,0,1,0,1,0,0,banks,Financial Services,EU,Europe,1,0,2024,7.612831030407357,5,1.6094379124341,0.049,-3.01593498087151,2014,2022,2018.0,7.609862200913554,9,2.19722457733622,10,2.302585092994046,"Agnese, Paolo, Francesca Romana Arduino, Massimiliano Cerciello, and Simone Taddeo, 'Does board knowledge matter for ESG performance in the European banking industry?', Corporate Social Responsibility and Environmental Management (2024)."
5,Agnese et al. (2024b) ,4,0.068,0.029,2.344827586206897,0,0,1,684,6.52795791762255,115.0,4.74493212836325,28.76,3.358985532852846,0,0,0,1,0,0,0,1,0,1,0,1,1,1,1,1,0,1,0,1,0,0,0,0,1,0,1,0,0,banks,Financial Services,EU,Europe,1,0,2024,7.612831030407357,5,1.6094379124341,0.049,-3.01593498087151,2014,2022,2018.0,7.609862200913554,9,2.19722457733622,10,2.302585092994046,"Agnese, Paolo, Francesca Romana Arduino, Massimiliano Cerciello, and Simone Taddeo, 'Does board knowledge matter for ESG performance in the European banking industry?', Corporate Social Responsibility and Environmental Management (2024)."
6,Agustina & Barukah (2024),1,0.122,0.059,2.067796610169492,0,0,1,312,5.743003187809482,78.0,4.356708826689592,21.421,3.064371749270679,1,0,0,0,0,0,0,1,0,0,1,1,1,1,1,0,0,1,0,0,0,1,0,0,0,1,0,1,0,non-financial,Non-financial Firms,Indonesia and Malaysia,Asia,1,0,2024,7.612831030407357,2,0.6931471805599453,,,2018,2021,2019.5,7.610605235003468,4,1.386294361119891,9,2.19722457733622,"Agustina, Rahayu Putri and Zuni Barokah, 'Women on boards and ESG performance: empirical evidence before and during the COVID-19 pandemic in Indonesia and Malaysia', Corporate Governance: The International Journal of Business in Society, 24, no. 3 (2024), 489–508."
6,Agustina & Barukah (2024),2,0.117,0.078,1.5,0,0,1,312,5.743003187809482,78.0,4.356708826689592,21.421,3.064371749270679,1,0,0,0,0,0,0,1,0,0,1,1,1,1,1,0,0,1,0,0,0,1,0,0,0,1,0,1,0,non-financial,Non-financial Firms,Indonesia and Malaysia,Asia,1,0,2024,7.612831030407357,2,0.6931471805599453,,,2018,2021,2019.5,7.610605235003468,4,1.386294361119891,9,2.19722457733622,"Agustina, Rahayu Putri and Zuni Barokah, 'Women on boards and ESG performance: empirical evidence before and during the COVID-19 pandemic in Indonesia and Malaysia', Corporate Governance: The International Journal of Business in Society, 24, no. 3 (2024), 489–508."
6,Agustina & Barukah (2024),3,0.128,0.1237,1.034761519805982,0,1,0,312,5.743003187809482,78.0,4.356708826689592,21.421,3.064371749270679,1,0,0,0,0,0,0,1,0,0,1,1,1,1,1,0,0,1,0,0,0,1,0,0,0,1,0,1,0,non-financial,Non-financial Firms,Indonesia and Malaysia,Asia,1,0,2024,7.612831030407357,2,0.6931471805599453,,,2018,2021,2019.5,7.610605235003468,4,1.386294361119891,9,2.19722457733622,"Agustina, Rahayu Putri and Zuni Barokah, 'Women on boards and ESG performance: empirical evidence before and during the COVID-19 pandemic in Indonesia and Malaysia', Corporate Governance: The International Journal of Business in Society, 24, no. 3 (2024), 489–508."
6,Agustina & Barukah (2024),4,0.22,0.082,2.682926829268292,0,0,1,312,5.743003187809482,78.0,4.356708826689592,21.421,3.064371749270679,1,0,0,0,0,0,0,1,0,0,1,1,1,1,1,0,0,1,0,0,0,1,0,0,0,1,0,1,0,non-financial,Non-financial Firms,Indonesia and Malaysia,Asia,1,0,2024,7.612831030407357,2,0.6931471805599453,,,2018,2021,2019.5,7.610605235003468,4,1.386294361119891,9,2.19722457733622,"Agustina, Rahayu Putri and Zuni Barokah, 'Women on boards and ESG performance: empirical evidence before and during the COVID-19 pandemic in Indonesia and Malaysia', Corporate Governance: The International Journal of Business in Society, 24, no. 3 (2024), 489–508."
6,Agustina & Barukah (2024),5,0.034,0.1372,0.2478134110787172,0,1,0,312,5.743003187809482,78.0,4.356708826689592,21.421,3.064371749270679,1,0,0,0,0,0,0,1,0,0,1,1,1,1,1,0,0,1,0,0,0,1,0,0,0,1,0,1,0,non-financial,Non-financial Firms,Indonesia and Malaysia,Asia,1,0,2024,7.612831030407357,2,0.6931471805599453,,,2018,2021,2019.5,7.610605235003468,4,1.386294361119891,9,2.19722457733622,"Agustina, Rahayu Putri and Zuni Barokah, 'Women on boards and ESG performance: empirical evidence before and during the COVID-19 pandemic in Indonesia and Malaysia', Corporate Governance: The International Journal of Business in Society, 24, no. 3 (2024), 489–508."
6,Agustina & Barukah (2024),6,0.347,0.071,4.887323943661972,0,0,1,140,4.941642422609304,35.0,3.555348061489414,21.421,3.064371749270679,1,0,0,0,0,0,0,1,0,0,1,1,1,1,1,0,0,1,0,0,0,1,0,0,0,1,0,1,0,non-financial,Non-financial Firms,Indonesia,Indonesia,1,0,2024,7.612831030407357,2,0.6931471805599453,,,2018,2021,2019.5,7.610605235003468,4,1.386294361119891,9,2.19722457733622,"Agustina, Rahayu Putri and Zuni Barokah, 'Women on boards and ESG performance: empirical evidence before and during the COVID-19 pandemic in Indonesia and Malaysia', Corporate Governance: The International Journal of Business in Society, 24, no. 3 (2024), 489–508."
6,Agustina & Barukah (2024),7,0.352,0.093,3.78494623655914,0,0,1,140,4.941642422609304,35.0,3.555348061489414,21.421,3.064371749270679,1,0,0,0,0,0,0,1,0,0,1,1,1,1,1,0,0,1,0,0,0,1,0,0,0,1,0,1,0,non-financial,Non-financial Firms,Indonesia,Indonesia,1,0,2024,7.612831030407357,2,0.6931471805599453,,,2018,2021,2019.5,7.610605235003468,4,1.386294361119891,9,2.19722457733622,"Agustina, Rahayu Putri and Zuni Barokah, 'Women on boards and ESG performance: empirical evidence before and during the COVID-19 pandemic in Indonesia and Malaysia', Corporate Governance: The International Journal of Business in Society, 24, no. 3 (2024), 489–508."
6,Agustina & Barukah (2024),8,0.341,0.1518,2.246376811594203,0,1,0,140,4.941642422609304,35.0,3.555348061489414,21.421,3.064371749270679,1,0,0,0,0,0,0,1,0,0,1,1,1,1,1,0,0,1,0,0,0,1,0,0,0,1,0,1,0,non-financial,Non-financial Firms,Indonesia,Indonesia,1,0,2024,7.612831030407357,2,0.6931471805599453,,,2018,2021,2019.5,7.610605235003468,4,1.386294361119891,9,2.19722457733622,"Agustina, Rahayu Putri and Zuni Barokah, 'Women on boards and ESG performance: empirical evidence before and during the COVID-19 pandemic in Indonesia and Malaysia', Corporate Governance: The International Journal of Business in Society, 24, no. 3 (2024), 489–508."
6,Agustina & Barukah (2024),9,0.504,0.113,4.460176991150442,0,0,1,140,4.941642422609304,35.0,3.555348061489414,21.421,3.064371749270679,1,0,0,0,0,0,0,1,0,0,1,1,1,1,1,0,0,1,0,0,0,1,0,0,0,1,0,1,0,non-financial,Non-financial Firms,Indonesia,Indonesia,1,0,2024,7.612831030407357,2,0.6931471805599453,,,2018,2021,2019.5,7.610605235003468,4,1.386294361119891,9,2.19722457733622,"Agustina, Rahayu Putri and Zuni Barokah, 'Women on boards and ESG performance: empirical evidence before and during the COVID-19 pandemic in Indonesia and Malaysia', Corporate Governance: The International Journal of Business in Society, 24, no. 3 (2024), 489–508."
6,Agustina & Barukah (2024),10,0.194,0.2074,0.935390549662488,0,1,0,140,4.941642422609304,35.0,3.555348061489414,21.421,3.064371749270679,1,0,0,0,0,0,0,1,0,0,1,1,1,1,1,0,0,1,0,0,0,1,0,0,0,1,0,1,0,non-financial,Non-financial Firms,Indonesia,Indonesia,1,0,2024,7.612831030407357,2,0.6931471805599453,,,2018,2021,2019.5,7.610605235003468,4,1.386294361119891,9,2.19722457733622,"Agustina, Rahayu Putri and Zuni Barokah, 'Women on boards and ESG performance: empirical evidence before and during the COVID-19 pandemic in Indonesia and Malaysia', Corporate Governance: The International Journal of Business in Society, 24, no. 3 (2024), 489–508."
6,Agustina & Barukah (2024),11,-0.029,0.079,-0.3670886075949367,0,0,1,172,5.147494476813453,43.0,3.761200115693562,21.421,3.064371749270679,1,0,0,0,0,0,0,1,0,0,1,1,1,1,1,0,0,1,0,0,0,1,0,0,0,1,0,1,0,non-financial,Non-financial Firms,Malaysia,Malaysia,1,0,2024,7.612831030407357,2,0.6931471805599453,,,2018,2021,2019.5,7.610605235003468,4,1.386294361119891,9,2.19722457733622,"Agustina, Rahayu Putri and Zuni Barokah, 'Women on boards and ESG performance: empirical evidence before and during the COVID-19 pandemic in Indonesia and Malaysia', Corporate Governance: The International Journal of Business in Society, 24, no. 3 (2024), 489–508."
6,Agustina & Barukah (2024),12,-0.069,0.109,-0.6330275229357799,0,0,1,172,5.147494476813453,43.0,3.761200115693562,21.421,3.064371749270679,1,0,0,0,0,0,0,1,0,0,1,1,1,1,1,0,0,1,0,0,0,1,0,0,0,1,0,1,0,non-financial,Non-financial Firms,Malaysia,Malaysia,1,0,2024,7.612831030407357,2,0.6931471805599453,,,2018,2021,2019.5,7.610605235003468,4,1.386294361119891,9,2.19722457733622,"Agustina, Rahayu Putri and Zuni Barokah, 'Women on boards and ESG performance: empirical evidence before and during the COVID-19 pandemic in Indonesia and Malaysia', Corporate Governance: The International Journal of Business in Society, 24, no. 3 (2024), 489–508."
6,Agustina & Barukah (2024),13,0.004,0.175,0.02285714285714286,0,1,0,172,5.147494476813453,43.0,3.761200115693562,21.421,3.064371749270679,1,0,0,0,0,0,0,1,0,0,1,1,1,1,1,0,0,1,0,0,0,1,0,0,0,1,0,1,0,non-financial,Non-financial Firms,Malaysia,Malaysia,1,0,2024,7.612831030407357,2,0.6931471805599453,,,2018,2021,2019.5,7.610605235003468,4,1.386294361119891,9,2.19722457733622,"Agustina, Rahayu Putri and Zuni Barokah, 'Women on boards and ESG performance: empirical evidence before and during the COVID-19 pandemic in Indonesia and Malaysia', Corporate Governance: The International Journal of Business in Society, 24, no. 3 (2024), 489–508."
6,Agustina & Barukah (2024),14,0.312,0.112,2.785714285714286,0,0,1,172,5.147494476813453,43.0,3.761200115693562,21.421,3.064371749270679,1,0,0,0,0,0,0,1,0,0,1,1,1,1,1,0,0,1,0,0,0,1,0,0,0,1,0,1,0,non-financial,Non-financial Firms,Malaysia,Malaysia,1,0,2024,7.612831030407357,2,0.6931471805599453,,,2018,2021,2019.5,7.610605235003468,4,1.386294361119891,9,2.19722457733622,"Agustina, Rahayu Putri and Zuni Barokah, 'Women on boards and ESG performance: empirical evidence before and during the COVID-19 pandemic in Indonesia and Malaysia', Corporate Governance: The International Journal of Business in Society, 24, no. 3 (2024), 489–508."
6,Agustina & Barukah (2024),15,-0.321,0.1896,-1.693037974683544,0,1,0,172,5.147494476813453,43.0,3.761200115693562,21.421,3.064371749270679,1,0,0,0,0,0,0,1,0,0,1,1,1,1,1,0,0,1,0,0,0,1,0,0,0,1,0,1,0,non-financial,Non-financial Firms,Malaysia,Malaysia,1,0,2024,7.612831030407357,2,0.6931471805599453,,,2018,2021,2019.5,7.610605235003468,4,1.386294361119891,9,2.19722457733622,"Agustina, Rahayu Putri and Zuni Barokah, 'Women on boards and ESG performance: empirical evidence before and during the COVID-19 pandemic in Indonesia and Malaysia', Corporate Governance: The International Journal of Business in Society, 24, no. 3 (2024), 489–508."
7,Ahmadi & Amara (2024),1,0.4301542,0.07278412859560067,5.91,0,0,1,313,5.746203190540153,64.0,4.158883083359671,6.650018,1.894619561431017,1,0,0,0,0,0,0,1,0,0,1,0,0,1,1,1,0,1,0,0,0,0,1,0,0,1,0,0,1,mixed,Cross-sector,MENA,Middle East,0,1,2024,7.612831030407357,2,0.6931471805599453,,,2007,2017,2012.0,7.60688453121963,11,2.397895272798371,5,1.6094379124341,"Ahmadi, Ali and Tijani Amara, 'ESG Performance in Relationship With the Board of Directors, Sustainability Incentives, and CSR', in Sustainable Investments in Green Finance (2024), 188–194."
8,Al Kurdi et al. (2023),1,0.251,0.013163415145794,19.068,0,0,1,5017,8.520587424484253,1621.0,7.390798521735676,27.694,3.321215783232522,1,0,0,0,0,0,0,1,0,0,1,1,1,0,1,0,0,1,0,1,0,0,0,0,1,0,0,0,1,mixed,Cross-sector,EU,Europe,1,0,2023,7.612336837167746,31,3.433987204485146,,,2017,2021,2019.0,7.610357618312838,5,1.6094379124341,13,2.564949357461537,"Alkurdi, Amneh, Hamzeh Al Amosh, and Saleh FA Khatib, 'The mediating role of carbon emissions in the relationship between the board attributes and ESG performance: European evidence', EuroMed Journal of Business (2023)."
8,Al Kurdi et al. (2023),2,0.251,0.013163415145794,19.068,0,0,1,5017,8.520587424484253,1621.0,7.390798521735676,27.694,3.321215783232522,0,1,0,0,0,0,0,1,0,0,1,1,1,0,1,0,0,1,0,1,0,0,0,0,1,0,0,0,1,mixed,Cross-sector,EU,Europe,1,0,2023,7.612336837167746,31,3.433987204485146,,,2017,2021,2019.0,7.610357618312838,5,1.6094379124341,13,2.564949357461537,"Alkurdi, Amneh, Hamzeh Al Amosh, and Saleh FA Khatib, 'The mediating role of carbon emissions in the relationship between the board attributes and ESG performance: European evidence', EuroMed Journal of Business (2023)."
8,Al Kurdi et al. (2023),3,0.235,0.01471416943209567,15.971,0,0,1,5017,8.520587424484253,1621.0,7.390798521735676,27.694,3.321215783232522,0,1,0,0,0,0,0,1,0,0,1,1,1,0,1,0,0,1,0,1,0,0,0,0,1,0,0,0,1,mixed,Cross-sector,EU,Europe,1,0,2023,7.612336837167746,31,3.433987204485146,,,2017,2021,2019.0,7.610357618312838,5,1.6094379124341,13,2.564949357461537,"Alkurdi, Amneh, Hamzeh Al Amosh, and Saleh FA Khatib, 'The mediating role of carbon emissions in the relationship between the board attributes and ESG performance: European evidence', EuroMed Journal of Business (2023)."
8,Al Kurdi et al. (2023),4,0.242,0.01376094620721028,17.586,0,0,1,4167,8.334951631422454,1621.0,7.390798521735676,27.694,3.321215783232522,1,0,0,0,0,0,0,1,0,0,1,1,1,0,1,0,0,1,0,1,0,0,0,0,1,0,0,0,1,mixed,Cross-sector,EU,Europe,1,0,2023,7.612336837167746,31,3.433987204485146,,,2017,2021,2019.0,7.610357618312838,5,1.6094379124341,13,2.564949357461537,"Alkurdi, Amneh, Hamzeh Al Amosh, and Saleh FA Khatib, 'The mediating role of carbon emissions in the relationship between the board attributes and ESG performance: European evidence', EuroMed Journal of Business (2023)."
8,Al Kurdi et al. (2023),5,0.242,0.01376094620721028,17.586,0,0,1,4167,8.334951631422454,1621.0,7.390798521735676,27.694,3.321215783232522,0,1,0,0,0,0,0,1,0,0,1,1,1,0,1,0,0,1,0,1,0,0,0,0,1,0,0,0,1,mixed,Cross-sector,EU,Europe,1,0,2023,7.612336837167746,31,3.433987204485146,,,2017,2021,2019.0,7.610357618312838,5,1.6094379124341,13,2.564949357461537,"Alkurdi, Amneh, Hamzeh Al Amosh, and Saleh FA Khatib, 'The mediating role of carbon emissions in the relationship between the board attributes and ESG performance: European evidence', EuroMed Journal of Business (2023)."
8,Al Kurdi et al. (2023),6,0.217,0.01534653465346535,14.14,0,0,1,4167,8.334951631422454,1621.0,7.390798521735676,27.694,3.321215783232522,0,1,0,0,0,0,0,1,0,0,1,1,1,0,1,0,0,1,0,1,0,0,0,0,1,0,0,0,1,mixed,Cross-sector,EU,Europe,1,0,2023,7.612336837167746,31,3.433987204485146,,,2017,2021,2019.0,7.610357618312838,5,1.6094379124341,13,2.564949357461537,"Alkurdi, Amneh, Hamzeh Al Amosh, and Saleh FA Khatib, 'The mediating role of carbon emissions in the relationship between the board attributes and ESG performance: European evidence', EuroMed Journal of Business (2023)."
8,Al Kurdi et al. (2023),7,0.099,0.03886925795053003,2.547,0,0,1,2328,7.752764808851328,1621.0,7.390798521735676,27.694,3.321215783232522,0,0,0,1,0,0,0,1,0,1,0,1,1,0,1,0,0,1,0,1,0,0,0,0,1,0,0,0,1,mixed,Cross-sector,EU,Europe,1,0,2023,7.612336837167746,31,3.433987204485146,,,2017,2021,2019.0,7.610357618312838,5,1.6094379124341,13,2.564949357461537,"Alkurdi, Amneh, Hamzeh Al Amosh, and Saleh FA Khatib, 'The mediating role of carbon emissions in the relationship between the board attributes and ESG performance: European evidence', EuroMed Journal of Business (2023)."
8,Al Kurdi et al. (2023),8,0.133,0.04179761156505343,3.182,0,0,1,2196,7.694392802629421,1621.0,7.390798521735676,27.694,3.321215783232522,0,0,0,1,0,0,0,1,0,1,0,1,1,0,1,0,0,1,0,1,0,0,0,0,1,0,0,0,1,mixed,Cross-sector,EU,Europe,1,0,2023,7.612336837167746,31,3.433987204485146,,,2017,2021,2019.0,7.610357618312838,5,1.6094379124341,13,2.564949357461537,"Alkurdi, Amneh, Hamzeh Al Amosh, and Saleh FA Khatib, 'The mediating role of carbon emissions in the relationship between the board attributes and ESG performance: European evidence', EuroMed Journal of Business (2023)."
9,Al-Shaer et al. (2024),1,0.7953,0.171400862069,4.64,0,0,1,763,6.637258031284457,171.0,5.14166355650266,19.1,2.949688335052584,1,0,0,0,0,0,0,1,0,0,1,1,1,1,1,1,0,1,0,1,0,0,0,0,1,0,0,0,1,mixed,Cross-sector,UK,UK,1,0,2024,7.612831030407357,5,1.6094379124341,0.048,-3.036554268074246,2011,2019,2015.0,7.608374474380783,9,2.19722457733622,11,2.397895272798371,"Al-Shaer, Habiba, Mahbub Zaman, and Khaldoon Albitar, 'CEO gender, critical mass of board gender diversity and ESG performance: UK evidence', Journal of Accounting Literature (2024)."
9,Al-Shaer et al. (2024),2,0.4475,0.1420634920635,3.15,0,0,1,777,6.655440350367647,171.0,5.14166355650266,19.1,2.949688335052584,1,0,0,0,0,0,0,1,0,0,1,1,1,1,1,1,0,1,0,1,0,0,0,0,1,0,0,0,1,mixed,Cross-sector,UK,UK,1,0,2024,7.612831030407357,5,1.6094379124341,0.048,-3.036554268074246,2011,2019,2015.0,7.608374474380783,9,2.19722457733622,11,2.397895272798371,"Al-Shaer, Habiba, Mahbub Zaman, and Khaldoon Albitar, 'CEO gender, critical mass of board gender diversity and ESG performance: UK evidence', Journal of Accounting Literature (2024)."
9,Al-Shaer et al. (2024),3,0.5281,0.1148043478261,4.6,0,0,1,1322,7.186901020411631,171.0,5.14166355650266,19.1,2.949688335052584,1,0,0,0,0,0,0,1,0,0,1,1,1,1,1,1,0,1,0,1,0,0,0,0,1,0,0,0,1,mixed,Cross-sector,UK,UK,1,0,2024,7.612831030407357,5,1.6094379124341,0.048,-3.036554268074246,2011,2019,2015.0,7.608374474380783,9,2.19722457733622,11,2.397895272798371,"Al-Shaer, Habiba, Mahbub Zaman, and Khaldoon Albitar, 'CEO gender, critical mass of board gender diversity and ESG performance: UK evidence', Journal of Accounting Literature (2024)."
9,Al-Shaer et al. (2024),4,0.5564,0.3589677419355,1.55,0,0,1,218,5.384495062789089,171.0,5.14166355650266,19.1,2.949688335052584,1,0,0,0,0,0,0,1,0,0,1,1,1,1,1,1,0,1,0,1,0,0,0,0,1,0,0,0,1,mixed,Cross-sector,UK,UK,1,0,2024,7.612831030407357,5,1.6094379124341,0.048,-3.036554268074246,2011,2019,2015.0,7.608374474380783,9,2.19722457733622,11,2.397895272798371,"Al-Shaer, Habiba, Mahbub Zaman, and Khaldoon Albitar, 'CEO gender, critical mass of board gender diversity and ESG performance: UK evidence', Journal of Accounting Literature (2024)."
9,Al-Shaer et al. (2024),5,0.7953,0.171400862069,4.64,0,0,1,763,6.637258031284457,171.0,5.14166355650266,19.1,2.949688335052584,1,0,0,0,0,0,0,1,0,0,1,1,1,1,1,1,0,1,0,1,0,0,0,0,1,0,0,0,1,mixed,Cross-sector,UK,UK,1,0,2024,7.612831030407357,5,1.6094379124341,0.048,-3.036554268074246,2011,2019,2015.0,7.608374474380783,9,2.19722457733622,11,2.397895272798371,"Al-Shaer, Habiba, Mahbub Zaman, and Khaldoon Albitar, 'CEO gender, critical mass of board gender diversity and ESG performance: UK evidence', Journal of Accounting Literature (2024)."
9,Al-Shaer et al. (2024),6,0.4475,0.1420634920635,3.15,0,0,1,777,6.655440350367647,171.0,5.14166355650266,19.1,2.949688335052584,1,0,0,0,0,0,0,1,0,0,1,1,1,1,1,1,0,1,0,1,0,0,0,0,1,0,0,0,1,mixed,Cross-sector,UK,UK,1,0,2024,7.612831030407357,5,1.6094379124341,0.048,-3.036554268074246,2011,2019,2015.0,7.608374474380783,9,2.19722457733622,11,2.397895272798371,"Al-Shaer, Habiba, Mahbub Zaman, and Khaldoon Albitar, 'CEO gender, critical mass of board gender diversity and ESG performance: UK evidence', Journal of Accounting Literature (2024)."
9,Al-Shaer et al. (2024),7,0.4799,0.1927309236948,2.49,0,0,1,716,6.573680166960646,171.0,5.14166355650266,19.1,2.949688335052584,1,0,0,0,0,0,0,1,0,0,1,1,1,1,1,1,0,1,0,1,0,0,0,0,1,0,0,0,1,mixed,Cross-sector,UK,UK,1,0,2024,7.612831030407357,5,1.6094379124341,0.048,-3.036554268074246,2011,2019,2015.0,7.608374474380783,9,2.19722457733622,11,2.397895272798371,"Al-Shaer, Habiba, Mahbub Zaman, and Khaldoon Albitar, 'CEO gender, critical mass of board gender diversity and ESG performance: UK evidence', Journal of Accounting Literature (2024)."
9,Al-Shaer et al. (2024),8,0.6423,0.1247184466019,5.15,0,0,1,824,6.714170529909472,171.0,5.14166355650266,19.1,2.949688335052584,1,0,0,0,0,0,0,1,0,0,1,1,1,1,1,1,0,1,0,1,0,0,0,0,1,0,0,0,1,mixed,Cross-sector,UK,UK,1,0,2024,7.612831030407357,5,1.6094379124341,0.048,-3.036554268074246,2011,2019,2015.0,7.608374474380783,9,2.19722457733622,11,2.397895272798371,"Al-Shaer, Habiba, Mahbub Zaman, and Khaldoon Albitar, 'CEO gender, critical mass of board gender diversity and ESG performance: UK evidence', Journal of Accounting Literature (2024)."
9,Al-Shaer et al. (2024),9,0.4858,0.1481097560976,3.28,0,0,1,819,6.70808408385307,171.0,5.14166355650266,19.1,2.949688335052584,1,0,0,0,0,0,0,1,0,0,1,1,1,1,1,1,0,1,0,1,0,0,0,0,1,0,0,0,1,mixed,Cross-sector,UK,UK,1,0,2024,7.612831030407357,5,1.6094379124341,0.048,-3.036554268074246,2011,2019,2015.0,7.608374474380783,9,2.19722457733622,11,2.397895272798371,"Al-Shaer, Habiba, Mahbub Zaman, and Khaldoon Albitar, 'CEO gender, critical mass of board gender diversity and ESG performance: UK evidence', Journal of Accounting Literature (2024)."
9,Al-Shaer et al. (2024),10,0.568,0.1427135678392,3.98,0,0,1,721,6.580639137284949,171.0,5.14166355650266,19.1,2.949688335052584,1,0,0,0,0,0,0,1,0,0,1,1,1,1,1,1,0,1,0,1,0,0,0,0,1,0,0,0,1,mixed,Cross-sector,UK,UK,1,0,2024,7.612831030407357,5,1.6094379124341,0.0480000000000001,-3.036554268074244,2011,2019,2015.0,7.608374474380783,9,2.19722457733622,11,2.397895272798371,"Al-Shaer, Habiba, Mahbub Zaman, and Khaldoon Albitar, 'CEO gender, critical mass of board gender diversity and ESG performance: UK evidence', Journal of Accounting Literature (2024)."
10,Ali & Firmansyah (2023),1,0.3052,0.07844,3.891,1,0,0,2145,7.670894831362117,343.0,5.837730447165939,21.875,3.085344432243678,1,0,0,0,0,0,0,1,0,0,1,0,1,1,1,0,1,0,0,0,1,0,0,0,1,0,0,1,0,non-financial,Non-financial Firms,US,USA,1,0,2023,7.612336837167746,2,0.6931471805599453,,,2013,2022,2017.5,7.609614400144104,10,2.302585092994046,7,1.945910149055313,"Ali, Muhammad and Egi Arvian Firmansyah, 'Revisiting the Impact of Board Gender Diversity on ESG Disclosure in the US', Indonesian Journal of Sustainability Accounting and Management, 7, no. 1 (2023)."
10,Ali & Firmansyah (2023),2,0.2683,0.068961,3.8906,1,0,0,2145,7.670894831362117,343.0,5.837730447165939,21.875,3.085344432243678,1,0,0,0,0,0,0,1,0,0,1,0,1,1,1,0,1,0,0,0,1,0,0,0,1,0,0,1,0,non-financial,Non-financial Firms,US,USA,1,0,2023,7.612336837167746,2,0.6931471805599453,,,2013,2022,2017.5,7.609614400144104,10,2.302585092994046,7,1.945910149055313,"Ali, Muhammad and Egi Arvian Firmansyah, 'Revisiting the Impact of Board Gender Diversity on ESG Disclosure in the US', Indonesian Journal of Sustainability Accounting and Management, 7, no. 1 (2023)."
11,Aliani et al. (2024),1,0.446,0.02,22.3,0,0,1,2612,7.867871490396322,486.0,6.186208623900494,28.48,3.349202,1,0,0,0,0,0,0,1,0,0,1,0,1,1,1,0,0,1,1,0,0,0,0,0,1,0,0,0,1,mixed,Cross-sector,G7,,1,0,2024,7.612831030407357,7,1.945910149055313,0.049,-3.01593498087151,2015,2022,2018.5,7.610109940292996,8,2.079441541679836,8,2.079441541679836,"Aliani, Khaoula, Fadhila Hamza, Noha Alessa, Hela Borgi, and Khaldoon Albitar, 'ESG disclosure in G7 countries: Do board cultural diversity and structure policy matter?', Corporate Social Responsibility and Environmental Management (2024)."
11,Aliani et al. (2024),2,0.378,0.0219,17.26027397260274,0,0,1,2612,7.867871490396322,486.0,6.186208623900494,28.48,3.349202,0,1,0,0,0,0,0,1,0,0,1,0,1,1,1,0,0,1,1,0,0,0,0,0,1,0,0,0,1,mixed,Cross-sector,G7,,1,0,2024,7.612831030407357,7,1.945910149055313,0.049,-3.01593498087151,2015,2022,2018.5,7.610109940292996,8,2.079441541679836,8,2.079441541679836,"Aliani, Khaoula, Fadhila Hamza, Noha Alessa, Hela Borgi, and Khaldoon Albitar, 'ESG disclosure in G7 countries: Do board cultural diversity and structure policy matter?', Corporate Social Responsibility and Environmental Management (2024)."
11,Aliani et al. (2024),3,0.429,0.0193,22.2279792746114,0,0,1,2612,7.867871490396322,486.0,6.186208623900494,28.48,3.349202,0,1,0,0,0,0,0,1,0,0,1,0,1,1,1,0,0,1,1,0,0,0,0,0,1,0,0,0,1,mixed,Cross-sector,G7,,1,0,2024,7.612831030407357,7,1.945910149055313,0.049,-3.01593498087151,2015,2022,2018.5,7.610109940292996,8,2.079441541679836,8,2.079441541679836,"Aliani, Khaoula, Fadhila Hamza, Noha Alessa, Hela Borgi, and Khaldoon Albitar, 'ESG disclosure in G7 countries: Do board cultural diversity and structure policy matter?', Corporate Social Responsibility and Environmental Management (2024)."
11,Aliani et al. (2024),4,0.421,0.0227,18.54625550660793,0,0,1,1919,7.5595594960077,351.0,5.860786223465865,28.48,3.349202,1,0,0,0,0,0,0,1,0,0,1,0,1,1,1,0,0,1,1,0,0,0,0,0,1,0,0,0,1,mixed,Cross-sector,G7-US,,1,0,2024,7.612831030407357,7,1.945910149055313,0.049,-3.01593498087151,2015,2022,2018.5,7.610109940292996,8,2.079441541679836,8,2.079441541679836,"Aliani, Khaoula, Fadhila Hamza, Noha Alessa, Hela Borgi, and Khaldoon Albitar, 'ESG disclosure in G7 countries: Do board cultural diversity and structure policy matter?', Corporate Social Responsibility and Environmental Management (2024)."
11,Aliani et al. (2024),5,0.365,0.0249,14.65863453815261,0,0,1,1919,7.5595594960077,351.0,5.860786223465865,28.48,3.349202,0,1,0,0,0,0,0,1,0,0,1,0,1,1,1,0,0,1,1,0,0,0,0,0,1,0,0,0,1,mixed,Cross-sector,G7-US,,1,0,2024,7.612831030407357,7,1.945910149055313,0.049,-3.01593498087151,2015,2022,2018.5,7.610109940292996,8,2.079441541679836,8,2.079441541679836,"Aliani, Khaoula, Fadhila Hamza, Noha Alessa, Hela Borgi, and Khaldoon Albitar, 'ESG disclosure in G7 countries: Do board cultural diversity and structure policy matter?', Corporate Social Responsibility and Environmental Management (2024)."
11,Aliani et al. (2024),6,0.413,0.0219,18.85844748858447,0,0,1,1919,7.5595594960077,351.0,5.860786223465865,28.48,3.349202,0,1,0,0,0,0,0,1,0,0,1,0,1,1,1,0,0,1,1,0,0,0,0,0,1,0,0,0,1,mixed,Cross-sector,G7-US,,1,0,2024,7.612831030407357,7,1.945910149055313,0.049,-3.01593498087151,2015,2022,2018.5,7.610109940292996,8,2.079441541679836,8,2.079441541679836,"Aliani, Khaoula, Fadhila Hamza, Noha Alessa, Hela Borgi, and Khaldoon Albitar, 'ESG disclosure in G7 countries: Do board cultural diversity and structure policy matter?', Corporate Social Responsibility and Environmental Management (2024)."
11,Aliani et al. (2024),7,0.441,0.0212,20.80188679245283,0,0,1,2295,7.738488122494646,474.0,6.161207321695077,28.48,3.349202,1,0,0,0,0,0,0,1,0,0,1,0,1,1,1,0,0,1,1,0,0,0,0,0,1,0,0,0,1,mixed,Cross-sector,G7,,1,0,2024,7.612831030407357,7,1.945910149055313,0.049,-3.01593498087151,2015,2022,2018.5,7.610109940292996,8,2.079441541679836,8,2.079441541679836,"Aliani, Khaoula, Fadhila Hamza, Noha Alessa, Hela Borgi, and Khaldoon Albitar, 'ESG disclosure in G7 countries: Do board cultural diversity and structure policy matter?', Corporate Social Responsibility and Environmental Management (2024)."
11,Aliani et al. (2024),8,0.13,0.0293,4.436860068259386,0,0,1,2295,7.738488122494646,474.0,6.161207321695077,28.48,3.349202,0,0,0,1,0,0,0,1,0,1,0,0,1,1,1,0,0,1,1,0,0,0,0,0,1,0,0,0,1,mixed,Cross-sector,G7,,1,0,2024,7.612831030407357,7,1.945910149055313,0.049,-3.01593498087151,2015,2022,2018.5,7.610109940292996,8,2.079441541679836,8,2.079441541679836,"Aliani, Khaoula, Fadhila Hamza, Noha Alessa, Hela Borgi, and Khaldoon Albitar, 'ESG disclosure in G7 countries: Do board cultural diversity and structure policy matter?', Corporate Social Responsibility and Environmental Management (2024)."
11,Aliani et al. (2024),9,0.446,0.02,22.3,0,0,1,2612,7.867871490396322,474.0,6.161207321695077,28.48,3.349202,0,0,1,0,0,0,0,1,0,0,1,0,1,1,1,0,0,1,1,0,0,0,0,0,1,0,0,0,1,mixed,Cross-sector,G7,,1,0,2024,7.612831030407357,7,1.945910149055313,0.049,-3.01593498087151,2015,2022,2018.5,7.610109940292996,8,2.079441541679836,8,2.079441541679836,"Aliani, Khaoula, Fadhila Hamza, Noha Alessa, Hela Borgi, and Khaldoon Albitar, 'ESG disclosure in G7 countries: Do board cultural diversity and structure policy matter?', Corporate Social Responsibility and Environmental Management (2024)."
11,Aliani et al. (2024),10,0.439,0.0228,19.25438596491228,0,0,1,2111,7.65491704784832,486.0,6.186208623900494,28.48,3.349202,1,0,0,0,0,0,0,1,0,0,1,0,1,1,1,0,0,1,1,0,0,0,0,0,1,0,0,0,1,mixed,Cross-sector,G7,,1,0,2024,7.612831030407357,7,1.945910149055313,0.049,-3.01593498087151,2015,2022,2018.5,7.610109940292996,8,2.079441541679836,8,2.079441541679836,"Aliani, Khaoula, Fadhila Hamza, Noha Alessa, Hela Borgi, and Khaldoon Albitar, 'ESG disclosure in G7 countries: Do board cultural diversity and structure policy matter?', Corporate Social Responsibility and Environmental Management (2024)."
11,Aliani et al. (2024),11,0.495,0.0416,11.89903846153846,0,0,1,500,6.214608098422191,486.0,6.186208623900494,28.48,3.349202,1,0,0,0,0,0,0,1,0,0,1,0,1,1,1,0,0,1,1,0,0,0,0,0,1,0,0,0,1,mixed,Cross-sector,G7,,1,0,2024,7.612831030407357,7,1.945910149055313,0.049,-3.01593498087151,2015,2022,2018.5,7.610109940292996,8,2.079441541679836,8,2.079441541679836,"Aliani, Khaoula, Fadhila Hamza, Noha Alessa, Hela Borgi, and Khaldoon Albitar, 'ESG disclosure in G7 countries: Do board cultural diversity and structure policy matter?', Corporate Social Responsibility and Environmental Management (2024)."
11,Aliani et al. (2024),12,0.366,0.0276,13.26086956521739,0,0,1,1201,7.090909822079984,486.0,6.186208623900494,28.48,3.349202,1,0,0,0,0,0,0,1,0,0,1,0,1,1,1,0,0,1,1,0,0,0,0,0,1,0,0,0,1,mixed,Cross-sector,G7,,1,0,2024,7.612831030407357,7,1.945910149055313,0.049,-3.01593498087151,2015,2022,2018.5,7.610109940292996,8,2.079441541679836,8,2.079441541679836,"Aliani, Khaoula, Fadhila Hamza, Noha Alessa, Hela Borgi, and Khaldoon Albitar, 'ESG disclosure in G7 countries: Do board cultural diversity and structure policy matter?', Corporate Social Responsibility and Environmental Management (2024)."
11,Aliani et al. (2024),13,0.544,0.0324,16.79012345679013,0,0,1,1209,7.097548850614793,486.0,6.186208623900494,28.48,3.349202,1,0,0,0,0,0,0,1,0,0,1,0,1,1,1,0,0,1,1,0,0,0,0,0,1,0,0,0,1,mixed,Cross-sector,G7,,1,0,2024,7.612831030407357,7,1.945910149055313,0.049,-3.01593498087151,2015,2022,2018.5,7.610109940292996,8,2.079441541679836,8,2.079441541679836,"Aliani, Khaoula, Fadhila Hamza, Noha Alessa, Hela Borgi, and Khaldoon Albitar, 'ESG disclosure in G7 countries: Do board cultural diversity and structure policy matter?', Corporate Social Responsibility and Environmental Management (2024)."
12,Aliti & Nguyen (2023),1,0.0747,0.03190944041008116,2.341,0,0,1,410,6.016157159698354,136.6666666666667,4.917544871030244,54.88,4.00514898341763,1,0,0,0,0,0,0,1,0,0,1,1,1,0,1,0,0,1,0,1,0,0,0,0,1,0,0,0,1,mixed,Cross-sector,Sweden,Europe,0,1,2023,7.612336837167746,0,0.0,,,2019,2021,2020.0,7.61085279039525,3,1.09861228866811,11,2.397895272798371,"Aliti, Naile and Zhaoyang Wen, 'The effect of ESG-linked compensation on firms' ESG performance' (MA thesis, University of Gothenburg, 2023)."
12,Aliti & Nguyen (2023),2,0.1047,0.04218372280419017,2.482,0,0,1,266,5.583496308781699,88.66666666666667,4.484884020113589,54.88,4.00514898341763,1,0,0,0,0,0,0,1,0,0,1,1,1,0,1,0,0,1,0,1,0,0,0,0,1,0,0,0,1,mixed,Cross-sector,Sweden,Europe,0,1,2023,7.612336837167746,0,0.0,,,2019,2021,2020.0,7.61085279039525,3,1.09861228866811,11,2.397895272798371,"Aliti, Naile and Zhaoyang Wen, 'The effect of ESG-linked compensation on firms' ESG performance' (MA thesis, University of Gothenburg, 2023)."
13,Alkayed et al. (2024),1,0.24,0.0726,3.30565105340625,0,0,1,646,6.470799503782602,57.0,4.04305126783455,21.6,3.072693314690119,1,0,0,0,0,0,0,1,0,0,1,1,1,1,1,0,0,1,0,0,1,0,0,0,1,0,0,1,0,healthcare,Healthcare,US,USA,1,0,2024,7.612831030407357,5,1.6094379124341,,,2010,2021,2015.5,7.608622582557221,12,2.484906649788,7,1.945910149055313,"Alkayed, Hani, Esam Shehadeh, Ibrahim Yousef, and Khaled Hussainey, 'Does a Female Director in the Boardroom Affect Sustainability Reporting in the US Healthcare Industry?', Journal of Risk and Financial Management, 17, no. 2 (2024), 49."
13,Alkayed et al. (2024),2,0.19,0.0657,2.888536895105408,0,0,1,646,6.470799503782602,57.0,4.04305126783455,21.6,3.072693314690119,0,1,0,0,0,0,0,1,0,0,1,1,1,1,1,0,0,1,0,0,1,0,0,0,1,0,0,1,0,healthcare,Healthcare,US,USA,1,0,2024,7.612831030407357,5,1.6094379124341,,,2010,2021,2015.5,7.608622582557221,12,2.484906649788,7,1.945910149055313,"Alkayed, Hani, Esam Shehadeh, Ibrahim Yousef, and Khaled Hussainey, 'Does a Female Director in the Boardroom Affect Sustainability Reporting in the US Healthcare Industry?', Journal of Risk and Financial Management, 17, no. 2 (2024), 49."
13,Alkayed et al. (2024),3,0.187,0.0678,2.756901738397426,0,0,1,646,6.470799503782602,57.0,4.04305126783455,21.6,3.072693314690119,1,0,0,0,0,0,0,1,0,0,1,1,1,1,1,0,0,1,0,0,1,0,0,0,1,0,0,1,0,healthcare,Healthcare,US,USA,1,0,2024,7.612831030407357,5,1.6094379124341,,,2010,2021,2015.5,7.608622582557221,12,2.484906649788,7,1.945910149055313,"Alkayed, Hani, Esam Shehadeh, Ibrahim Yousef, and Khaled Hussainey, 'Does a Female Director in the Boardroom Affect Sustainability Reporting in the US Healthcare Industry?', Journal of Risk and Financial Management, 17, no. 2 (2024), 49."
13,Alkayed et al. (2024),4,0.24,0.0613,3.91502369802518,0,0,1,646,6.470799503782602,57.0,4.04305126783455,21.6,3.072693314690119,0,0,0,0,1,0,1,1,0,0,1,1,1,1,1,0,0,1,0,0,1,0,0,0,1,0,0,1,0,healthcare,Healthcare,US,USA,1,0,2024,7.612831030407357,5,1.6094379124341,,,2010,2021,2015.5,7.608622582557221,12,2.484906649788,7,1.945910149055313,"Alkayed, Hani, Esam Shehadeh, Ibrahim Yousef, and Khaled Hussainey, 'Does a Female Director in the Boardroom Affect Sustainability Reporting in the US Healthcare Industry?', Journal of Risk and Financial Management, 17, no. 2 (2024), 49."
14,Alkhawaja et al. (2023),1,0.096,0.009142857142857,10.5,0,0,1,49974,10.8192581491634,8262.0,9.01942196795671,10.08,2.310553262643222,1,0,0,0,0,0,0,1,0,1,0,1,1,1,1,0,1,0,1,0,0,0,0,0,0,0,0,0,1,mixed,Cross-sector,global,,1,0,2023,7.612336837167746,47,3.850147601710058,0.123,-2.09557092360972,2005,2019,2012.0,7.60688453121963,15,2.70805020110221,12,2.484906649788,"Alkhawaja, Abdallah, Fang Hu, Shireenjit Johl, and Sivathaasan Nadarajah, 'Board gender diversity, quotas, and ESG disclosure: Global evidence', International Review of Financial Analysis, 90 (2023), 102823."
14,Alkhawaja et al. (2023),2,0.067,0.007639680729761,8.77,0,0,1,49974,10.8192581491634,8262.0,9.01942196795671,10.08,2.310553262643222,0,1,0,0,0,0,0,1,0,1,0,1,1,1,1,0,1,0,1,0,0,0,0,0,0,0,0,0,1,mixed,Cross-sector,global,,1,0,2023,7.612336837167746,47,3.850147601710058,0.123,-2.09557092360972,2005,2019,2012.0,7.60688453121963,15,2.70805020110221,12,2.484906649788,"Alkhawaja, Abdallah, Fang Hu, Shireenjit Johl, and Sivathaasan Nadarajah, 'Board gender diversity, quotas, and ESG disclosure: Global evidence', International Review of Financial Analysis, 90 (2023), 102823."
14,Alkhawaja et al. (2023),4,0.28,0.0144,19.36,0,0,1,49974,10.8192581491634,8262.0,9.01942196795671,10.08,2.310553262643222,1,0,0,0,0,0,0,1,0,1,0,1,1,1,1,0,1,0,1,0,0,0,0,0,0,0,0,0,1,mixed,Cross-sector,global,,1,0,2023,7.612336837167746,47,3.850147601710058,0.123,-2.09557092360972,2005,2019,2012.0,7.60688453121963,15,2.70805020110221,14,2.639057329615258,"Alkhawaja, Abdallah, Fang Hu, Shireenjit Johl, and Sivathaasan Nadarajah, 'Board gender diversity, quotas, and ESG disclosure: Global evidence', International Review of Financial Analysis, 90 (2023), 102823."
14,Alkhawaja et al. (2023),5,0.191,0.0243,7.86008230452675,0,1,0,49974,10.8192581491634,8262.0,9.01942196795671,10.08,2.310553262643222,1,0,0,0,0,0,0,1,0,1,0,1,1,1,1,0,1,0,1,0,0,0,0,0,0,0,0,0,1,mixed,Cross-sector,global,,1,0,2023,7.612336837167746,47,3.850147601710058,0.123,-2.09557092360972,2005,2019,2012.0,7.60688453121963,15,2.70805020110221,14,2.639057329615258,"Alkhawaja, Abdallah, Fang Hu, Shireenjit Johl, and Sivathaasan Nadarajah, 'Board gender diversity, quotas, and ESG disclosure: Global evidence', International Review of Financial Analysis, 90 (2023), 102823."
14,Alkhawaja et al. (2023),6,0.099,0.0114,8.65,0,0,1,49974,10.8192581491634,8262.0,9.01942196795671,10.08,2.310553262643222,0,1,0,0,0,0,0,1,0,1,0,1,1,1,1,0,1,0,1,0,0,0,0,0,0,0,0,0,1,mixed,Cross-sector,global,,1,0,2023,7.612336837167746,47,3.850147601710058,0.123,-2.09557092360972,2005,2019,2012.0,7.60688453121963,15,2.70805020110221,14,2.639057329615258,"Alkhawaja, Abdallah, Fang Hu, Shireenjit Johl, and Sivathaasan Nadarajah, 'Board gender diversity, quotas, and ESG disclosure: Global evidence', International Review of Financial Analysis, 90 (2023), 102823."
14,Alkhawaja et al. (2023),7,0.028,0.0182,1.538461538461538,0,1,0,49974,10.8192581491634,8262.0,9.01942196795671,10.08,2.310553262643222,0,1,0,0,0,0,0,1,0,1,0,1,1,1,1,0,1,0,1,0,0,0,0,0,0,0,0,0,1,mixed,Cross-sector,global,,1,0,2023,7.612336837167746,47,3.850147601710058,0.123,-2.09557092360972,2005,2019,2012.0,7.60688453121963,15,2.70805020110221,14,2.639057329615258,"Alkhawaja, Abdallah, Fang Hu, Shireenjit Johl, and Sivathaasan Nadarajah, 'Board gender diversity, quotas, and ESG disclosure: Global evidence', International Review of Financial Analysis, 90 (2023), 102823."
14,Alkhawaja et al. (2023),8,0.064,0.009861325115562404,6.49,0,0,1,25920,10.16277015046621,8262.0,9.01942196795671,10.08,2.310553262643222,1,0,0,0,0,0,0,1,0,1,0,1,1,1,1,0,1,0,1,0,0,0,0,0,0,0,0,0,1,mixed,Cross-sector,global,,1,0,2023,7.612336837167746,47,3.850147601710058,0.123,-2.09557092360972,2005,2019,2012.0,7.60688453121963,15,2.70805020110221,12,2.484906649788,"Alkhawaja, Abdallah, Fang Hu, Shireenjit Johl, and Sivathaasan Nadarajah, 'Board gender diversity, quotas, and ESG disclosure: Global evidence', International Review of Financial Analysis, 90 (2023), 102823."
14,Alkhawaja et al. (2023),9,0.028,0.008749999999999999,3.2,0,0,1,25920,10.16277015046621,8262.0,9.01942196795671,10.08,2.310553262643222,0,1,0,0,0,0,0,1,0,1,0,1,1,1,1,0,1,0,1,0,0,0,0,0,0,0,0,0,1,mixed,Cross-sector,global,,1,0,2023,7.612336837167746,47,3.850147601710058,0.123,-2.09557092360972,2005,2019,2012.0,7.60688453121963,15,2.70805020110221,12,2.484906649788,"Alkhawaja, Abdallah, Fang Hu, Shireenjit Johl, and Sivathaasan Nadarajah, 'Board gender diversity, quotas, and ESG disclosure: Global evidence', International Review of Financial Analysis, 90 (2023), 102823."
14,Alkhawaja et al. (2023),10,0.094,0.0091796875,10.24,0,0,1,49974,10.8192581491634,8262.0,9.01942196795671,10.08,2.310553262643222,1,0,0,0,0,0,0,1,0,1,0,1,1,1,1,0,1,0,1,0,0,0,0,0,0,0,0,0,1,mixed,Cross-sector,global,,1,0,2023,7.612336837167746,47,3.850147601710058,0.123,-2.09557092360972,2005,2019,2012.0,7.60688453121963,15,2.70805020110221,13,2.564949357461537,"Alkhawaja, Abdallah, Fang Hu, Shireenjit Johl, and Sivathaasan Nadarajah, 'Board gender diversity, quotas, and ESG disclosure: Global evidence', International Review of Financial Analysis, 90 (2023), 102823."
14,Alkhawaja et al. (2023),11,0.081,0.0094,8.53,0,0,1,49974,10.8192581491634,8262.0,9.01942196795671,10.08,2.310553262643222,1,0,0,0,0,0,0,1,0,1,0,1,1,1,1,0,1,0,1,0,0,0,0,0,0,0,0,0,1,mixed,Cross-sector,global,,1,0,2023,7.612336837167746,47,3.850147601710058,0.123,-2.09557092360972,2005,2019,2012.0,7.60688453121963,15,2.70805020110221,14,2.639057329615258,"Alkhawaja, Abdallah, Fang Hu, Shireenjit Johl, and Sivathaasan Nadarajah, 'Board gender diversity, quotas, and ESG disclosure: Global evidence', International Review of Financial Analysis, 90 (2023), 102823."
14,Alkhawaja et al. (2023),12,0.171,0.0246,6.951219512195123,0,1,0,49974,10.8192581491634,8262.0,9.01942196795671,10.08,2.310553262643222,1,0,0,0,0,0,0,1,0,1,0,1,1,1,1,0,1,0,1,0,0,0,0,0,0,0,0,0,1,mixed,Cross-sector,global,,1,0,2023,7.612336837167746,47,3.850147601710058,0.123,-2.09557092360972,2005,2019,2012.0,7.60688453121963,15,2.70805020110221,14,2.639057329615258,"Alkhawaja, Abdallah, Fang Hu, Shireenjit Johl, and Sivathaasan Nadarajah, 'Board gender diversity, quotas, and ESG disclosure: Global evidence', International Review of Financial Analysis, 90 (2023), 102823."
14,Alkhawaja et al. (2023),13,0.063,0.007581227436823104,8.31,0,0,1,49974,10.8192581491634,8262.0,9.01942196795671,10.08,2.310553262643222,0,1,0,0,0,0,0,1,0,1,0,1,1,1,1,0,1,0,1,0,0,0,0,0,0,0,0,0,1,mixed,Cross-sector,global,,1,0,2023,7.612336837167746,47,3.850147601710058,0.123,-2.09557092360972,2005,2019,2012.0,7.60688453121963,15,2.70805020110221,13,2.564949357461537,"Alkhawaja, Abdallah, Fang Hu, Shireenjit Johl, and Sivathaasan Nadarajah, 'Board gender diversity, quotas, and ESG disclosure: Global evidence', International Review of Financial Analysis, 90 (2023), 102823."
14,Alkhawaja et al. (2023),14,0.041,0.0075,5.42,0,0,1,49974,10.8192581491634,8262.0,9.01942196795671,10.08,2.310553262643222,0,1,0,0,0,0,0,1,0,1,0,1,1,1,1,0,1,0,1,0,0,0,0,0,0,0,0,0,1,mixed,Cross-sector,global,,1,0,2023,7.612336837167746,47,3.850147601710058,0.123,-2.09557092360972,2005,2019,2012.0,7.60688453121963,15,2.70805020110221,14,2.639057329615258,"Alkhawaja, Abdallah, Fang Hu, Shireenjit Johl, and Sivathaasan Nadarajah, 'Board gender diversity, quotas, and ESG disclosure: Global evidence', International Review of Financial Analysis, 90 (2023), 102823."
14,Alkhawaja et al. (2023),15,0.149,0.0207,7.198067632850242,0,1,0,49974,10.8192581491634,8262.0,9.01942196795671,10.08,2.310553262643222,0,1,0,0,0,0,0,1,0,1,0,1,1,1,1,0,1,0,1,0,0,0,0,0,0,0,0,0,1,mixed,Cross-sector,global,,1,0,2023,7.612336837167746,47,3.850147601710058,0.123,-2.09557092360972,2005,2019,2012.0,7.60688453121963,15,2.70805020110221,14,2.639057329615258,"Alkhawaja, Abdallah, Fang Hu, Shireenjit Johl, and Sivathaasan Nadarajah, 'Board gender diversity, quotas, and ESG disclosure: Global evidence', International Review of Financial Analysis, 90 (2023), 102823."
14,Alkhawaja et al. (2023),16,0.105,0.01143790849673203,9.18,0,0,1,33374,10.41553243270685,5498.0,8.612139668725192,10.08,2.310553262643222,0,1,0,0,0,0,0,1,0,1,0,1,1,1,1,0,1,0,1,0,0,0,0,0,0,0,0,0,1,mixed,Cross-sector,global-US and Japan,,1,0,2023,7.612336837167746,47,3.850147601710058,0.123,-2.09557092360972,2005,2019,2012.0,7.60688453121963,15,2.70805020110221,12,2.484906649788,"Alkhawaja, Abdallah, Fang Hu, Shireenjit Johl, and Sivathaasan Nadarajah, 'Board gender diversity, quotas, and ESG disclosure: Global evidence', International Review of Financial Analysis, 90 (2023), 102823."
14,Alkhawaja et al. (2023),17,0.214,0.01325077399380805,16.15,0,0,1,34639,10.45273549389939,8262.0,9.01942196795671,10.08,2.310553262643222,0,1,0,0,0,0,0,1,0,1,0,1,1,1,1,0,1,0,1,0,0,0,0,0,0,0,0,0,1,mixed,Cross-sector,global,,1,0,2023,7.612336837167746,47,3.850147601710058,0.123,-2.09557092360972,2005,2019,2012.0,7.60688453121963,15,2.70805020110221,13,2.564949357461537,"Alkhawaja, Abdallah, Fang Hu, Shireenjit Johl, and Sivathaasan Nadarajah, 'Board gender diversity, quotas, and ESG disclosure: Global evidence', International Review of Financial Analysis, 90 (2023), 102823."
14,Alkhawaja et al. (2023),18,0.042,0.008898305084745763,4.72,0,0,1,20928,9.948843254256925,3448.0,8.145549631783584,10.08,2.310553262643222,0,1,0,0,0,0,0,1,0,1,0,1,1,1,1,0,1,0,1,0,0,0,0,0,0,0,0,0,1,mixed,Cross-sector,global,,1,0,2023,7.612336837167746,47,3.850147601710058,0.123,-2.09557092360972,2005,2019,2012.0,7.60688453121963,15,2.70805020110221,12,2.484906649788,"Alkhawaja, Abdallah, Fang Hu, Shireenjit Johl, and Sivathaasan Nadarajah, 'Board gender diversity, quotas, and ESG disclosure: Global evidence', International Review of Financial Analysis, 90 (2023), 102823."
14,Alkhawaja et al. (2023),19,0.111,0.01639586410635155,6.77,0,0,1,20526,9.92944765420566,3382.0,8.126222529458525,10.08,2.310553262643222,0,1,0,0,0,0,0,1,0,1,0,1,1,1,1,0,1,0,1,0,0,0,0,0,0,0,0,0,1,mixed,Cross-sector,global,,1,0,2023,7.612336837167746,47,3.850147601710058,0.123,-2.09557092360972,2005,2019,2012.0,7.60688453121963,15,2.70805020110221,12,2.484906649788,"Alkhawaja, Abdallah, Fang Hu, Shireenjit Johl, and Sivathaasan Nadarajah, 'Board gender diversity, quotas, and ESG disclosure: Global evidence', International Review of Financial Analysis, 90 (2023), 102823."
14,Alkhawaja et al. (2023),20,0.047,0.01002132196162047,4.69,0,0,1,22301,10.01238679949212,3674.0,8.20903626577507,10.08,2.310553262643222,0,1,0,0,0,0,0,1,0,1,0,1,1,1,1,0,1,0,1,0,0,0,0,0,0,0,0,0,1,mixed,Cross-sector,global,,1,0,2023,7.612336837167746,47,3.850147601710058,0.123,-2.09557092360972,2005,2019,2012.0,7.60688453121963,15,2.70805020110221,12,2.484906649788,"Alkhawaja, Abdallah, Fang Hu, Shireenjit Johl, and Sivathaasan Nadarajah, 'Board gender diversity, quotas, and ESG disclosure: Global evidence', International Review of Financial Analysis, 90 (2023), 102823."
14,Alkhawaja et al. (2023),21,0.114,0.01310344827586207,8.7,0,0,1,22606,10.02597063675068,3724.0,8.222553638396958,10.08,2.310553262643222,0,1,0,0,0,0,0,1,0,1,0,1,1,1,1,0,1,0,1,0,0,0,0,0,0,0,0,0,1,mixed,Cross-sector,global,,1,0,2023,7.612336837167746,47,3.850147601710058,0.123,-2.09557092360972,2005,2019,2012.0,7.60688453121963,15,2.70805020110221,12,2.484906649788,"Alkhawaja, Abdallah, Fang Hu, Shireenjit Johl, and Sivathaasan Nadarajah, 'Board gender diversity, quotas, and ESG disclosure: Global evidence', International Review of Financial Analysis, 90 (2023), 102823."
14,Alkhawaja et al. (2023),22,0.121,0.01057692307692308,11.44,0,0,1,36411,10.50262620577447,5999.0,8.699348067653093,10.08,2.310553262643222,0,1,0,0,0,0,0,1,0,1,0,1,1,1,1,0,1,0,1,0,0,0,0,0,0,0,0,0,1,mixed,Cross-sector,global,,1,0,2023,7.612336837167746,47,3.850147601710058,0.123,-2.09557092360972,2005,2019,2012.0,7.60688453121963,15,2.70805020110221,12,2.484906649788,"Alkhawaja, Abdallah, Fang Hu, Shireenjit Johl, and Sivathaasan Nadarajah, 'Board gender diversity, quotas, and ESG disclosure: Global evidence', International Review of Financial Analysis, 90 (2023), 102823."
14,Alkhawaja et al. (2023),23,0.062,0.02805429864253394,2.21,0,0,1,5836,8.671800909642677,961.0,6.867974408970293,10.08,2.310553262643222,0,1,0,0,0,0,0,1,0,1,0,1,1,1,1,0,1,0,1,0,0,0,0,0,0,0,0,0,1,mixed,Cross-sector,global,,1,0,2023,7.612336837167746,47,3.850147601710058,0.123,-2.09557092360972,2005,2019,2012.0,7.60688453121963,15,2.70805020110221,12,2.484906649788,"Alkhawaja, Abdallah, Fang Hu, Shireenjit Johl, and Sivathaasan Nadarajah, 'Board gender diversity, quotas, and ESG disclosure: Global evidence', International Review of Financial Analysis, 90 (2023), 102823."
14,Alkhawaja et al. (2023),24,0.033,0.020625,1.6,0,0,1,7726,8.952346543226227,1273.0,7.149131598557407,10.08,2.310553262643222,0,1,0,0,0,0,0,1,0,1,0,1,1,1,1,0,1,0,1,0,0,0,0,0,0,0,0,0,1,mixed,Cross-sector,global,,1,0,2023,7.612336837167746,47,3.850147601710058,0.123,-2.09557092360972,2005,2019,2012.0,7.60688453121963,15,2.70805020110221,12,2.484906649788,"Alkhawaja, Abdallah, Fang Hu, Shireenjit Johl, and Sivathaasan Nadarajah, 'Board gender diversity, quotas, and ESG disclosure: Global evidence', International Review of Financial Analysis, 90 (2023), 102823."
15,Almaqtari et al. (2023),1,0.021,0.00310100413467218,6.772,0,0,1,48564,10.79063779466387,8094.0,8.998878325435811,19.0,2.94443897916644,0,1,0,0,0,0,0,1,0,0,1,0,1,1,1,0,0,1,1,0,0,0,0,0,0,0,0,0,1,mixed,Cross-sector,EU+Asia,,1,0,2023,7.612336837167746,24,3.178053830347946,,,2016,2021,2018.5,7.610109940292996,6,1.791759469228055,15,2.70805020110221,"Almaqtari, Faozi A, Tamer Elsheikh, Farah Abdelkhair, and Yasser SA Mazrou, 'The impact of corporate environmental disclosure practices and board attributes on sustainability: Empirical evidence from Asia and Europe', Heliyon, 9, no. 8 (2023)."
15,Almaqtari et al. (2023),2,0.021,0.003102836879432624,6.768,0,0,1,48564,10.79063779466387,8094.0,8.998878325435811,19.0,2.94443897916644,0,1,0,0,0,0,0,1,0,0,1,0,1,1,1,0,0,1,1,0,0,0,0,0,0,0,0,0,1,mixed,Cross-sector,EU+Asia,,1,0,2023,7.612336837167746,24,3.178053830347946,,,2016,2021,2018.5,7.610109940292996,6,1.791759469228055,17,2.833213344056216,"Almaqtari, Faozi A, Tamer Elsheikh, Farah Abdelkhair, and Yasser SA Mazrou, 'The impact of corporate environmental disclosure practices and board attributes on sustainability: Empirical evidence from Asia and Europe', Heliyon, 9, no. 8 (2023)."
15,Almaqtari et al. (2023),3,0.049,0.002838769480331383,17.261,0,0,1,48564,10.79063779466387,8094.0,8.998878325435811,19.0,2.94443897916644,0,1,0,0,0,0,0,1,0,0,1,0,1,1,1,0,0,1,1,0,0,0,0,0,0,0,0,0,1,mixed,Cross-sector,EU+Asia,,1,0,2023,7.612336837167746,24,3.178053830347946,,,2016,2021,2018.5,7.610109940292996,6,1.791759469228055,19,2.94443897916644,"Almaqtari, Faozi A, Tamer Elsheikh, Farah Abdelkhair, and Yasser SA Mazrou, 'The impact of corporate environmental disclosure practices and board attributes on sustainability: Empirical evidence from Asia and Europe', Heliyon, 9, no. 8 (2023)."
15,Almaqtari et al. (2023),4,0.036,0.002178121974830591,16.528,0,0,1,48564,10.79063779466387,8094.0,8.998878325435811,19.0,2.94443897916644,0,1,0,0,0,0,0,1,0,0,1,0,1,1,1,0,0,1,1,0,0,0,0,0,0,0,0,0,1,mixed,Cross-sector,EU+Asia,,1,0,2023,7.612336837167746,24,3.178053830347946,,,2016,2021,2018.5,7.610109940292996,6,1.791759469228055,21,3.044522437723423,"Almaqtari, Faozi A, Tamer Elsheikh, Farah Abdelkhair, and Yasser SA Mazrou, 'The impact of corporate environmental disclosure practices and board attributes on sustainability: Empirical evidence from Asia and Europe', Heliyon, 9, no. 8 (2023)."
15,Almaqtari et al. (2023),5,0.043,0.003567280570764891,12.054,0,0,1,21294,9.966180621874551,3549.0,8.174421152646497,19.0,2.94443897916644,0,1,0,0,0,0,0,1,0,0,1,0,1,1,1,0,0,1,1,0,0,0,0,0,0,0,0,1,0,service,Services & Hospitality,EU+Asia,,1,0,2023,7.612336837167746,24,3.178053830347946,,,2016,2021,2018.5,7.610109940292996,6,1.791759469228055,21,3.044522437723423,"Almaqtari, Faozi A, Tamer Elsheikh, Farah Abdelkhair, and Yasser SA Mazrou, 'The impact of corporate environmental disclosure practices and board attributes on sustainability: Empirical evidence from Asia and Europe', Heliyon, 9, no. 8 (2023)."
15,Almaqtari et al. (2023),6,0.036,0.004372646665856916,8.233,0,0,1,11412,9.342420712333391,1902.0,7.550661243105336,19.0,2.94443897916644,0,1,0,0,0,0,0,1,0,0,1,0,1,1,1,0,0,1,1,0,0,0,0,0,0,0,1,0,0,trading,Financial Services,EU+Asia,,1,0,2023,7.612336837167746,24,3.178053830347946,,,2016,2021,2018.5,7.610109940292996,6,1.791759469228055,21,3.044522437723423,"Almaqtari, Faozi A, Tamer Elsheikh, Farah Abdelkhair, and Yasser SA Mazrou, 'The impact of corporate environmental disclosure practices and board attributes on sustainability: Empirical evidence from Asia and Europe', Heliyon, 9, no. 8 (2023)."
15,Almaqtari et al. (2023),7,0.022,0.00340188650069584,6.467,0,0,1,15858,9.671429383832344,2643.0,7.879669914604289,19.0,2.94443897916644,0,1,0,0,0,0,0,1,0,0,1,0,1,1,1,0,0,1,1,0,0,0,0,0,0,0,0,1,0,industrial,Industrial & Manufacturing,EU+Asia,,1,0,2023,7.612336837167746,24,3.178053830347946,,,2016,2021,2018.5,7.610109940292996,6,1.791759469228055,21,3.044522437723423,"Almaqtari, Faozi A, Tamer Elsheikh, Farah Abdelkhair, and Yasser SA Mazrou, 'The impact of corporate environmental disclosure practices and board attributes on sustainability: Empirical evidence from Asia and Europe', Heliyon, 9, no. 8 (2023)."
15,Almaqtari et al. (2023),8,0.061,0.06573275862068965,0.928,0,0,1,13260,9.492507263739853,2201.0,7.696667081526462,19.0,2.94443897916644,0,1,0,0,0,0,0,1,0,0,1,0,1,1,1,0,0,1,0,0,0,1,0,0,0,0,0,1,0,service,Services & Hospitality,Asia,Asia,1,0,2023,7.612336837167746,24,3.178053830347946,,,2016,2021,2018.5,7.610109940292996,6,1.791759469228055,21,3.044522437723423,"Almaqtari, Faozi A, Tamer Elsheikh, Farah Abdelkhair, and Yasser SA Mazrou, 'The impact of corporate environmental disclosure practices and board attributes on sustainability: Empirical evidence from Asia and Europe', Heliyon, 9, no. 8 (2023)."
15,Almaqtari et al. (2023),9,0.337,0.4884057971014493,0.69,0,0,1,8088,8.998136760700307,1348.0,7.206377291472252,19.0,2.94443897916644,0,1,0,0,0,0,0,1,0,0,1,0,1,1,1,0,0,1,0,1,0,0,0,0,1,0,0,1,0,service,Services & Hospitality,Europe,Europe,1,0,2023,7.612336837167746,24,3.178053830347946,,,2016,2021,2018.5,7.610109940292996,6,1.791759469228055,21,3.044522437723423,"Almaqtari, Faozi A, Tamer Elsheikh, Farah Abdelkhair, and Yasser SA Mazrou, 'The impact of corporate environmental disclosure practices and board attributes on sustainability: Empirical evidence from Asia and Europe', Heliyon, 9, no. 8 (2023)."
15,Almaqtari et al. (2023),10,0.08,0.1746724890829694,0.458,0,0,1,7506,8.923457979694966,1251.0,7.131698510466912,19.0,2.94443897916644,0,1,0,0,0,0,0,1,0,0,1,0,1,1,1,0,0,1,0,0,0,1,0,0,0,0,1,0,0,trading,Financial Services,Asia,Asia,1,0,2023,7.612336837167746,24,3.178053830347946,,,2016,2021,2018.5,7.610109940292996,6,1.791759469228055,21,3.044522437723423,"Almaqtari, Faozi A, Tamer Elsheikh, Farah Abdelkhair, and Yasser SA Mazrou, 'The impact of corporate environmental disclosure practices and board attributes on sustainability: Empirical evidence from Asia and Europe', Heliyon, 9, no. 8 (2023)."
15,Almaqtari et al. (2023),11,0.104,0.4031007751937984,0.258,0,0,1,3906,8.270269111436624,651.0,6.478509642208569,19.0,2.94443897916644,0,1,0,0,0,0,0,1,0,0,1,0,1,1,1,0,0,1,0,1,0,0,0,0,1,0,1,0,0,trading,Financial Services,Europe,Europe,1,0,2023,7.612336837167746,24,3.178053830347946,,,2016,2021,2018.5,7.610109940292996,6,1.791759469228055,21,3.044522437723423,"Almaqtari, Faozi A, Tamer Elsheikh, Farah Abdelkhair, and Yasser SA Mazrou, 'The impact of corporate environmental disclosure practices and board attributes on sustainability: Empirical evidence from Asia and Europe', Heliyon, 9, no. 8 (2023)."
15,Almaqtari et al. (2023),12,0.038,0.04645476772616137,0.818,0,0,1,10134,9.223651386035854,1689.0,7.4318919168078,19.0,2.94443897916644,0,1,0,0,0,0,0,1,0,0,1,0,1,1,1,0,0,1,0,0,0,1,0,0,0,0,0,1,0,industrial,Industrial & Manufacturing,Asia,Asia,1,0,2023,7.612336837167746,24,3.178053830347946,,,2016,2021,2018.5,7.610109940292996,6,1.791759469228055,21,3.044522437723423,"Almaqtari, Faozi A, Tamer Elsheikh, Farah Abdelkhair, and Yasser SA Mazrou, 'The impact of corporate environmental disclosure practices and board attributes on sustainability: Empirical evidence from Asia and Europe', Heliyon, 9, no. 8 (2023)."
15,Almaqtari et al. (2023),13,0.046,0.08984375,0.512,0,0,1,5724,8.652423140676342,1689.0,7.4318919168078,19.0,2.94443897916644,0,1,0,0,0,0,0,1,0,0,1,0,1,1,1,0,0,1,0,1,0,0,0,0,1,0,0,1,0,industrial,Industrial & Manufacturing,Europe,Europe,1,0,2023,7.612336837167746,24,3.178053830347946,,,2016,2021,2018.5,7.610109940292996,6,1.791759469228055,21,3.044522437723423,"Almaqtari, Faozi A, Tamer Elsheikh, Farah Abdelkhair, and Yasser SA Mazrou, 'The impact of corporate environmental disclosure practices and board attributes on sustainability: Empirical evidence from Asia and Europe', Heliyon, 9, no. 8 (2023)."
15,Almaqtari et al. (2023),14,0.041,0.001682672576541082,24.366,0,0,1,21126,9.958259788383108,3521.0,8.166500319155052,19.0,2.94443897916644,0,1,0,0,0,0,0,1,0,0,1,0,1,1,1,0,0,1,1,0,0,0,0,0,0,0,0,0,1,mixed,Cross-sector,EU+Asia,,1,0,2023,7.612336837167746,24,3.178053830347946,,,2016,2021,2018.5,7.610109940292996,6,1.791759469228055,21,3.044522437723423,"Almaqtari, Faozi A, Tamer Elsheikh, Farah Abdelkhair, and Yasser SA Mazrou, 'The impact of corporate environmental disclosure practices and board attributes on sustainability: Empirical evidence from Asia and Europe', Heliyon, 9, no. 8 (2023)."
15,Almaqtari et al. (2023),15,0.054,0.001068587485653224,50.534,0,0,1,27438,10.21968419288611,4573.0,8.427924723658055,19.0,2.94443897916644,0,1,0,0,0,0,0,1,0,0,1,0,1,1,1,0,0,1,1,0,0,0,0,0,0,0,0,0,1,mixed,Cross-sector,EU+Asia,,1,0,2023,7.612336837167746,24,3.178053830347946,,,2016,2021,2018.5,7.610109940292996,6,1.791759469228055,21,3.044522437723423,"Almaqtari, Faozi A, Tamer Elsheikh, Farah Abdelkhair, and Yasser SA Mazrou, 'The impact of corporate environmental disclosure practices and board attributes on sustainability: Empirical evidence from Asia and Europe', Heliyon, 9, no. 8 (2023)."
15,Almaqtari et al. (2023),16,0.029,0.004213891310665505,6.882,0,0,1,5496,8.611775833902186,916.0,6.82001636467413,19.0,2.94443897916644,0,1,0,0,0,0,0,1,0,0,1,0,1,1,1,0,0,1,1,0,0,0,0,0,0,0,0,0,1,mixed,Cross-sector,EU+Asia,,1,0,2023,7.612336837167746,24,3.178053830347946,,,2016,2021,2018.5,7.610109940292996,6,1.791759469228055,21,3.044522437723423,"Almaqtari, Faozi A, Tamer Elsheikh, Farah Abdelkhair, and Yasser SA Mazrou, 'The impact of corporate environmental disclosure practices and board attributes on sustainability: Empirical evidence from Asia and Europe', Heliyon, 9, no. 8 (2023)."
15,Almaqtari et al. (2023),17,0.049,0.002141889233728199,22.877,0,0,1,12006,9.393161803811788,2001.0,7.601402334583733,19.0,2.94443897916644,0,1,0,0,0,0,0,1,0,0,1,0,1,1,1,0,0,1,1,0,0,0,0,0,0,0,0,0,1,mixed,Cross-sector,EU+Asia,,1,0,2023,7.612336837167746,24,3.178053830347946,,,2016,2021,2018.5,7.610109940292996,6,1.791759469228055,21,3.044522437723423,"Almaqtari, Faozi A, Tamer Elsheikh, Farah Abdelkhair, and Yasser SA Mazrou, 'The impact of corporate environmental disclosure practices and board attributes on sustainability: Empirical evidence from Asia and Europe', Heliyon, 9, no. 8 (2023)."
15,Almaqtari et al. (2023),18,0.054,0.00114930296903267,46.985,0,0,1,31062,10.34374048612996,5177.0,8.551981016901902,19.0,2.94443897916644,0,1,0,0,0,0,0,1,0,0,1,0,1,1,1,0,0,1,1,0,0,0,0,0,0,0,0,0,1,mixed,Cross-sector,EU+Asia,,1,0,2023,7.612336837167746,24,3.178053830347946,,,2016,2021,2018.5,7.610109940292996,6,1.791759469228055,21,3.044522437723423,"Almaqtari, Faozi A, Tamer Elsheikh, Farah Abdelkhair, and Yasser SA Mazrou, 'The impact of corporate environmental disclosure practices and board attributes on sustainability: Empirical evidence from Asia and Europe', Heliyon, 9, no. 8 (2023)."
15,Almaqtari et al. (2023),19,0.057,0.004789111073769114,11.902,0,0,1,7926,8.97790377375038,1321.0,7.186144304522325,19.0,2.94443897916644,0,1,0,0,0,0,0,1,0,0,1,0,1,1,1,0,0,1,1,0,0,0,0,0,0,0,0,0,1,mixed,Cross-sector,EU+Asia,,1,0,2023,7.612336837167746,24,3.178053830347946,,,2016,2021,2018.5,7.610109940292996,6,1.791759469228055,21,3.044522437723423,"Almaqtari, Faozi A, Tamer Elsheikh, Farah Abdelkhair, and Yasser SA Mazrou, 'The impact of corporate environmental disclosure practices and board attributes on sustainability: Empirical evidence from Asia and Europe', Heliyon, 9, no. 8 (2023)."
15,Almaqtari et al. (2023),20,0.045,0.001348920863309353,33.36,0,0,1,40638,10.61245886844296,6773.0,8.820699399214904,19.0,2.94443897916644,0,1,0,0,0,0,0,1,0,0,1,0,1,1,1,0,0,1,1,0,0,0,0,0,0,0,0,0,1,mixed,Cross-sector,EU+Asia,,1,0,2023,7.612336837167746,24,3.178053830347946,,,2016,2021,2018.5,7.610109940292996,6,1.791759469228055,21,3.044522437723423,"Almaqtari, Faozi A, Tamer Elsheikh, Farah Abdelkhair, and Yasser SA Mazrou, 'The impact of corporate environmental disclosure practices and board attributes on sustainability: Empirical evidence from Asia and Europe', Heliyon, 9, no. 8 (2023)."
16,Almaqtari et al. (2024),1,0.089,0.003,29.66666666666666,0,0,1,48563,10.7906172030673,8094.0,8.998878325435811,18.55,2.920469789053444,0,1,0,0,0,0,0,1,0,0,1,0,1,1,1,0,0,1,1,0,0,0,0,0,0,0,0,0,1,mixed,Cross-sector,EU+Asia,,1,0,2024,7.612831030407357,13,2.564949357461537,,,2016,2021,2018.5,7.610109940292996,6,1.791759469228055,9,2.19722457733622,"Almaqtari, Faozi A, Tamer Elsheikh, Hafiza Aishah Hashim, and Mayada Abd El-Aziz Youssef, 'Board attributes and environmental and sustainability performance: Moderating role of environmental teams in Asia and Europe', Sustainable Futures, 7 (2024), 100149."
16,Almaqtari et al. (2024),2,0.087,0.003,29.0,0,0,1,48563,10.7906172030673,8094.0,8.998878325435811,18.55,2.920469789053444,0,1,0,0,0,0,0,1,0,0,1,0,1,1,1,0,0,1,1,0,0,0,0,0,0,0,0,0,1,mixed,Cross-sector,EU+Asia,,1,0,2024,7.612831030407357,13,2.564949357461537,,,2016,2021,2018.5,7.610109940292996,6,1.791759469228055,10,2.302585092994046,"Almaqtari, Faozi A, Tamer Elsheikh, Hafiza Aishah Hashim, and Mayada Abd El-Aziz Youssef, 'Board attributes and environmental and sustainability performance: Moderating role of environmental teams in Asia and Europe', Sustainable Futures, 7 (2024), 100149."
16,Almaqtari et al. (2024),3,0.079,0.003,26.33333333333333,0,0,1,48563,10.7906172030673,8094.0,8.998878325435811,18.55,2.920469789053444,0,1,0,0,0,0,0,1,0,0,1,0,1,1,1,1,0,1,1,0,0,0,0,0,0,0,0,0,1,mixed,Cross-sector,EU+Asia,,1,0,2024,7.612831030407357,13,2.564949357461537,,,2016,2021,2018.5,7.610109940292996,6,1.791759469228055,11,2.397895272798371,"Almaqtari, Faozi A, Tamer Elsheikh, Hafiza Aishah Hashim, and Mayada Abd El-Aziz Youssef, 'Board attributes and environmental and sustainability performance: Moderating role of environmental teams in Asia and Europe', Sustainable Futures, 7 (2024), 100149."
16,Almaqtari et al. (2024),4,-0.065,0.004,-16.25,0,0,1,30845,10.33672994164374,5141.0,8.545002892055505,17.52,2.863343085508245,0,1,0,0,0,0,0,1,0,0,1,0,1,1,1,0,0,1,0,0,0,1,0,0,0,0,0,0,1,mixed,Cross-sector,Asia,Asia,1,0,2024,7.612831030407357,13,2.564949357461537,,,2016,2021,2018.5,7.610109940292996,6,1.791759469228055,9,2.19722457733622,"Almaqtari, Faozi A, Tamer Elsheikh, Hafiza Aishah Hashim, and Mayada Abd El-Aziz Youssef, 'Board attributes and environmental and sustainability performance: Moderating role of environmental teams in Asia and Europe', Sustainable Futures, 7 (2024), 100149."
16,Almaqtari et al. (2024),5,0.108,0.005,21.6,0,0,1,17718,9.782336350971978,2953.0,7.990576881743923,20.34,3.012589390620414,0,1,0,0,0,0,0,1,0,0,1,0,1,1,1,0,0,1,0,1,0,0,0,0,1,0,0,0,1,mixed,Cross-sector,EU,Europe,1,0,2024,7.612831030407357,13,2.564949357461537,,,2016,2021,2018.5,7.610109940292996,6,1.791759469228055,9,2.19722457733622,"Almaqtari, Faozi A, Tamer Elsheikh, Hafiza Aishah Hashim, and Mayada Abd El-Aziz Youssef, 'Board attributes and environmental and sustainability performance: Moderating role of environmental teams in Asia and Europe', Sustainable Futures, 7 (2024), 100149."
16,Almaqtari et al. (2024),6,0.062,0.004,15.5,0,0,1,30845,10.33672994164374,5141.0,8.545002892055505,17.52,2.863343085508245,0,1,0,0,0,0,0,1,0,0,1,0,1,1,1,1,0,1,0,0,0,1,0,0,0,0,0,0,1,mixed,Cross-sector,Asia,Asia,1,0,2024,7.612831030407357,13,2.564949357461537,,,2016,2021,2018.5,7.610109940292996,6,1.791759469228055,10,2.302585092994046,"Almaqtari, Faozi A, Tamer Elsheikh, Hafiza Aishah Hashim, and Mayada Abd El-Aziz Youssef, 'Board attributes and environmental and sustainability performance: Moderating role of environmental teams in Asia and Europe', Sustainable Futures, 7 (2024), 100149."
16,Almaqtari et al. (2024),7,0.1,0.004,25.0,0,0,1,17718,9.782336350971978,2953.0,7.990576881743923,20.34,3.012589390620414,0,1,0,0,0,0,0,1,0,0,1,0,1,1,1,1,0,1,0,1,0,0,0,0,1,0,0,0,1,mixed,Cross-sector,EU,Europe,1,0,2024,7.612831030407357,13,2.564949357461537,,,2016,2021,2018.5,7.610109940292996,6,1.791759469228055,10,2.302585092994046,"Almaqtari, Faozi A, Tamer Elsheikh, Hafiza Aishah Hashim, and Mayada Abd El-Aziz Youssef, 'Board attributes and environmental and sustainability performance: Moderating role of environmental teams in Asia and Europe', Sustainable Futures, 7 (2024), 100149."
16,Almaqtari et al. (2024),8,1.41678,0.1102107,12.85519464081074,0,1,0,48563,10.7906172030673,8094.0,8.998878325435811,18.55,2.920469789053444,0,1,0,0,0,0,0,1,0,0,1,0,1,1,1,1,0,1,1,0,0,0,0,0,0,0,0,0,1,mixed,Cross-sector,EU+Asia,,1,0,2024,7.612831030407357,13,2.564949357461537,,,2016,2021,2018.5,7.610109940292996,6,1.791759469228055,16,2.772588722239781,"Almaqtari, Faozi A, Tamer Elsheikh, Hafiza Aishah Hashim, and Mayada Abd El-Aziz Youssef, 'Board attributes and environmental and sustainability performance: Moderating role of environmental teams in Asia and Europe', Sustainable Futures, 7 (2024), 100149."
16,Almaqtari et al. (2024),9,1.8005,0.123858,14.53680828045019,0,1,0,48563,10.7906172030673,8094.0,8.998878325435811,18.55,2.920469789053444,0,1,0,0,0,0,0,1,0,0,1,0,1,1,1,1,0,1,1,0,0,0,0,0,0,0,0,0,1,mixed,Cross-sector,EU+Asia,,1,0,2024,7.612831030407357,13,2.564949357461537,,,2016,2021,2018.5,7.610109940292996,6,1.791759469228055,17,2.833213344056216,"Almaqtari, Faozi A, Tamer Elsheikh, Hafiza Aishah Hashim, and Mayada Abd El-Aziz Youssef, 'Board attributes and environmental and sustainability performance: Moderating role of environmental teams in Asia and Europe', Sustainable Futures, 7 (2024), 100149."
16,Almaqtari et al. (2024),10,0.41596,0.06611068,6.291872962129568,0,1,0,30845,10.33672994164374,5141.0,8.545002892055505,17.52,2.863343085508245,0,1,0,0,0,0,0,1,0,0,1,0,1,1,1,1,0,1,0,0,0,1,0,0,0,0,0,0,1,mixed,Cross-sector,Asia,Asia,1,0,2024,7.612831030407357,13,2.564949357461537,,,2016,2021,2018.5,7.610109940292996,6,1.791759469228055,16,2.772588722239781,"Almaqtari, Faozi A, Tamer Elsheikh, Hafiza Aishah Hashim, and Mayada Abd El-Aziz Youssef, 'Board attributes and environmental and sustainability performance: Moderating role of environmental teams in Asia and Europe', Sustainable Futures, 7 (2024), 100149."
16,Almaqtari et al. (2024),11,0.57352,0.09019329,6.358787887657719,0,1,0,17718,9.782336350971978,2953.0,7.990576881743923,20.34,3.012589390620414,0,1,0,0,0,0,0,1,0,0,1,0,1,1,1,1,0,1,0,1,0,0,0,0,1,0,0,0,1,mixed,Cross-sector,EU,Europe,1,0,2024,7.612831030407357,13,2.564949357461537,,,2016,2021,2018.5,7.610109940292996,6,1.791759469228055,16,2.772588722239781,"Almaqtari, Faozi A, Tamer Elsheikh, Hafiza Aishah Hashim, and Mayada Abd El-Aziz Youssef, 'Board attributes and environmental and sustainability performance: Moderating role of environmental teams in Asia and Europe', Sustainable Futures, 7 (2024), 100149."
16,Almaqtari et al. (2024),12,0.062,0.006,10.33333333333333,0,0,1,48563,10.7906172030673,8094.0,8.998878325435811,18.55,2.920469789053444,0,1,0,0,0,0,0,1,0,0,1,0,1,1,1,1,0,1,1,0,0,0,0,0,0,0,0,0,1,mixed,Cross-sector,EU+Asia,,1,0,2024,7.612831030407357,13,2.564949357461537,,,2016,2021,2018.5,7.610109940292996,6,1.791759469228055,11,2.397895272798371,"Almaqtari, Faozi A, Tamer Elsheikh, Hafiza Aishah Hashim, and Mayada Abd El-Aziz Youssef, 'Board attributes and environmental and sustainability performance: Moderating role of environmental teams in Asia and Europe', Sustainable Futures, 7 (2024), 100149."
16,Almaqtari et al. (2024),13,0.083,0.003,27.66666666666667,0,0,1,48563,10.7906172030673,8094.0,8.998878325435811,18.55,2.920469789053444,0,1,0,0,0,0,0,1,0,0,1,0,1,1,1,1,0,1,1,0,0,0,0,0,0,0,0,0,1,mixed,Cross-sector,EU+Asia,,1,0,2024,7.612831030407357,13,2.564949357461537,,,2016,2021,2018.5,7.610109940292996,6,1.791759469228055,11,2.397895272798371,"Almaqtari, Faozi A, Tamer Elsheikh, Hafiza Aishah Hashim, and Mayada Abd El-Aziz Youssef, 'Board attributes and environmental and sustainability performance: Moderating role of environmental teams in Asia and Europe', Sustainable Futures, 7 (2024), 100149."
16,Almaqtari et al. (2024),14,0.081,0.017,4.764705882352941,0,0,1,48563,10.7906172030673,8094.0,8.998878325435811,18.55,2.920469789053444,0,1,0,0,0,0,0,1,0,0,1,0,1,1,1,1,0,1,1,0,0,0,0,0,0,0,0,0,1,mixed,Cross-sector,EU+Asia,,1,0,2024,7.612831030407357,13,2.564949357461537,,,2016,2021,2018.5,7.610109940292996,6,1.791759469228055,19,2.94443897916644,"Almaqtari, Faozi A, Tamer Elsheikh, Hafiza Aishah Hashim, and Mayada Abd El-Aziz Youssef, 'Board attributes and environmental and sustainability performance: Moderating role of environmental teams in Asia and Europe', Sustainable Futures, 7 (2024), 100149."
17,Amara & Ahmadi (2024),1,0.5379,0.002687777,200.1282100412348,0,0,1,36764,10.512274384478,6000.0,8.699514748210191,11.12622,2.409304484961114,1,0,0,0,0,0,0,1,0,0,1,0,0,1,1,1,0,1,1,0,0,0,0,0,0,0,0,0,1,mixed,Cross-sector,global,,1,0,2024,7.612831030407357,1,0.0,0.004,-5.521460917862246,2002,2017,2009.5,7.605641213889256,16,2.772588722239781,5,1.6094379124341,"AMARA, TIJANI and ALI AHMADI, 'The ESG Performance in Relation to the Board of Directors’ Characteristics and Sustainability Incentives: A Cross-National Study', ELIT--Economic Laboratory for Transition Research, 20, no. 4 (2024), 27–37."
17,Amara & Ahmadi (2024),2,0.0252,0.001548652,16.27221609502974,0,0,1,711,6.566672429803241,6000.0,8.699514748210191,11.12622,2.409304484961114,1,0,0,0,0,0,0,1,0,0,1,0,0,1,1,1,0,1,0,0,0,0,0,1,0,1,0,0,1,mixed,Cross-sector,Africa,Africa,1,0,2024,7.612831030407357,1,0.0,0.004,-5.521460917862246,2002,2017,2009.5,7.605641213889256,16,2.772588722239781,5,1.6094379124341,"AMARA, TIJANI and ALI AHMADI, 'The ESG Performance in Relation to the Board of Directors’ Characteristics and Sustainability Incentives: A Cross-National Study', ELIT--Economic Laboratory for Transition Research, 20, no. 4 (2024), 27–37."
17,Amara & Ahmadi (2024),3,0.1659,0.001618966,102.4728128941559,0,0,1,13255,9.492130118723125,6000.0,8.699514748210191,11.12622,2.409304484961114,1,0,0,0,0,0,0,1,0,0,1,0,0,1,1,1,0,1,0,0,1,0,0,0,1,0,0,0,1,mixed,Cross-sector,US,USA,1,0,2024,7.612831030407357,1,0.0,0.004,-5.521460917862246,2002,2017,2009.5,7.605641213889256,16,2.772588722239781,5,1.6094379124341,"AMARA, TIJANI and ALI AHMADI, 'The ESG Performance in Relation to the Board of Directors’ Characteristics and Sustainability Incentives: A Cross-National Study', ELIT--Economic Laboratory for Transition Research, 20, no. 4 (2024), 27–37."
17,Amara & Ahmadi (2024),4,0.9319,0.006098995,152.7956655153841,0,0,1,9469,9.1557785839835,6000.0,8.699514748210191,11.12622,2.409304484961114,1,0,0,0,0,0,0,1,0,0,1,0,0,1,1,1,0,1,0,0,0,1,0,0,0,0,0,0,1,mixed,Cross-sector,Asia,Asia,1,0,2024,7.612831030407357,1,0.0,0.004,-5.521460917862246,2002,2017,2009.5,7.605641213889256,16,2.772588722239781,5,1.6094379124341,"AMARA, TIJANI and ALI AHMADI, 'The ESG Performance in Relation to the Board of Directors’ Characteristics and Sustainability Incentives: A Cross-National Study', ELIT--Economic Laboratory for Transition Research, 20, no. 4 (2024), 27–37."
17,Amara & Ahmadi (2024),5,0.0935,0.001590065,58.80262756553977,0,0,1,2559,7.847371836159788,6000.0,8.699514748210191,11.12622,2.409304484961114,1,0,0,0,0,0,0,1,0,0,1,0,0,1,1,1,0,1,0,0,0,0,0,1,1,0,0,0,1,mixed,Cross-sector,Australia,Australia,1,0,2024,7.612831030407357,1,0.0,0.004,-5.521460917862246,2002,2017,2009.5,7.605641213889256,16,2.772588722239781,5,1.6094379124341,"AMARA, TIJANI and ALI AHMADI, 'The ESG Performance in Relation to the Board of Directors’ Characteristics and Sustainability Incentives: A Cross-National Study', ELIT--Economic Laboratory for Transition Research, 20, no. 4 (2024), 27–37."
17,Amara & Ahmadi (2024),6,0.0206,0.000199053,103.4900252696518,0,0,1,10770,9.284519770150434,6000.0,8.699514748210191,11.12622,2.409304484961114,1,0,0,0,0,0,0,1,0,0,1,0,0,1,1,1,0,1,0,1,0,0,0,0,1,0,0,0,1,mixed,Cross-sector,EU,Europe,1,0,2024,7.612831030407357,1,0.0,0.004,-5.521460917862246,2002,2017,2009.5,7.605641213889256,16,2.772588722239781,5,1.6094379124341,"AMARA, TIJANI and ALI AHMADI, 'The ESG Performance in Relation to the Board of Directors’ Characteristics and Sustainability Incentives: A Cross-National Study', ELIT--Economic Laboratory for Transition Research, 20, no. 4 (2024), 27–37."
18,Amorelli & García-Sánchez (2023),1,0.026,0.00481,5.405405405405405,0,0,1,25506,10.14666899758685,4821.0,8.480736654405622,17.85,2.882003508225648,1,0,0,0,0,0,0,1,0,0,1,1,1,1,1,1,0,1,1,0,0,0,0,0,0,0,0,0,1,mixed,Cross-sector,global,,1,0,2023,7.612336837167746,30,3.401197381662155,0.049,-3.01593498087151,2015,2019,2017.0,7.609366537954211,5,1.6094379124341,19,2.94443897916644,"Amorelli, Mar\'ia-Florencia and Isabel-Mar\'ia Garc\'ia-Sanchez, 'Leadership in heels: Women on boards and sustainability in times of COVID-19', Corporate Social Responsibility and Environmental Management, 30, no. 4 (2023), 1987–2010."
18,Amorelli & García-Sánchez (2023),2,0.0435,0.01041,4.178674351585014,0,1,0,25506,10.14666899758685,4821.0,8.480736654405622,17.85,2.882003508225648,1,0,0,0,0,0,0,1,0,0,1,1,1,1,1,1,0,1,1,0,0,0,0,0,0,0,0,0,1,mixed,Cross-sector,global,,1,0,2023,7.612336837167746,30,3.401197381662155,0.049,-3.01593498087151,2015,2019,2017.0,7.609366537954211,5,1.6094379124341,21,3.044522437723423,"Amorelli, Mar\'ia-Florencia and Isabel-Mar\'ia Garc\'ia-Sanchez, 'Leadership in heels: Women on boards and sustainability in times of COVID-19', Corporate Social Responsibility and Environmental Management, 30, no. 4 (2023), 1987–2010."
18,Amorelli & García-Sánchez (2023),3,0.0166,0.00523,3.173996175908222,0,0,1,25506,10.14666899758685,4821.0,8.480736654405622,17.85,2.882003508225648,1,0,0,0,0,0,0,1,0,0,1,1,1,1,1,1,0,1,1,0,0,0,0,0,0,0,0,0,1,mixed,Cross-sector,global,,1,0,2023,7.612336837167746,30,3.401197381662155,0.049,-3.01593498087151,2015,2019,2017.0,7.609366537954211,5,1.6094379124341,19,2.94443897916644,"Amorelli, Mar\'ia-Florencia and Isabel-Mar\'ia Garc\'ia-Sanchez, 'Leadership in heels: Women on boards and sustainability in times of COVID-19', Corporate Social Responsibility and Environmental Management, 30, no. 4 (2023), 1987–2010."
18,Amorelli & García-Sánchez (2023),4,0.0637,0.01466,4.345156889495226,0,1,0,25506,10.14666899758685,4821.0,8.480736654405622,17.85,2.882003508225648,1,0,0,0,0,0,0,1,0,0,1,1,1,1,1,1,0,1,1,0,0,0,0,0,0,0,0,0,1,mixed,Cross-sector,global,,1,0,2023,7.612336837167746,30,3.401197381662155,0.049,-3.01593498087151,2015,2019,2017.0,7.609366537954211,5,1.6094379124341,21,3.044522437723423,"Amorelli, Mar\'ia-Florencia and Isabel-Mar\'ia Garc\'ia-Sanchez, 'Leadership in heels: Women on boards and sustainability in times of COVID-19', Corporate Social Responsibility and Environmental Management, 30, no. 4 (2023), 1987–2010."
18,Amorelli & García-Sánchez (2023),5,0.0558,0.0102,5.470588235294118,0,1,0,25506,10.14666899758685,4821.0,8.480736654405622,17.85,2.882003508225648,1,0,0,0,0,0,0,1,0,0,1,1,1,1,1,1,0,1,1,0,0,0,0,0,0,0,0,0,1,mixed,Cross-sector,global,,1,0,2023,7.612336837167746,30,3.401197381662155,0.049,-3.01593498087151,2015,2019,2017.0,7.609366537954211,5,1.6094379124341,21,3.044522437723423,"Amorelli, Mar\'ia-Florencia and Isabel-Mar\'ia Garc\'ia-Sanchez, 'Leadership in heels: Women on boards and sustainability in times of COVID-19', Corporate Social Responsibility and Environmental Management, 30, no. 4 (2023), 1987–2010."
18,Amorelli & García-Sánchez (2023),6,1.3759,0.5162827,2.66501279241005,0,1,0,25506,10.14666899758685,4821.0,8.480736654405622,17.85,2.882003508225648,1,0,0,0,0,0,0,1,0,0,1,1,1,1,1,1,0,1,1,0,0,0,0,0,0,0,0,0,1,mixed,Cross-sector,global,,1,0,2023,7.612336837167746,30,3.401197381662155,0.049,-3.01593498087151,2015,2019,2017.0,7.609366537954211,5,1.6094379124341,25,3.218875824868201,"Amorelli, Mar\'ia-Florencia and Isabel-Mar\'ia Garc\'ia-Sanchez, 'Leadership in heels: Women on boards and sustainability in times of COVID-19', Corporate Social Responsibility and Environmental Management, 30, no. 4 (2023), 1987–2010."
18,Amorelli & García-Sánchez (2023),7,0.0178,0.00412,4.320388349514563,0,0,1,25506,10.14666899758685,4821.0,8.480736654405622,17.85,2.882003508225648,0,0,0,0,1,0,1,1,0,0,1,1,1,1,1,1,0,1,1,0,0,0,0,0,0,0,0,0,1,mixed,Cross-sector,global,,1,0,2023,7.612336837167746,30,3.401197381662155,0.049,-3.01593498087151,2015,2019,2017.0,7.609366537954211,5,1.6094379124341,19,2.94443897916644,"Amorelli, Mar\'ia-Florencia and Isabel-Mar\'ia Garc\'ia-Sanchez, 'Leadership in heels: Women on boards and sustainability in times of COVID-19', Corporate Social Responsibility and Environmental Management, 30, no. 4 (2023), 1987–2010."
18,Amorelli & García-Sánchez (2023),8,0.0409,0.00947,4.318901795142556,0,1,0,25506,10.14666899758685,4821.0,8.480736654405622,17.85,2.882003508225648,0,0,0,0,1,0,1,1,0,0,1,1,1,1,1,1,0,1,1,0,0,0,0,0,0,0,0,0,1,mixed,Cross-sector,global,,1,0,2023,7.612336837167746,30,3.401197381662155,0.049,-3.01593498087151,2015,2019,2017.0,7.609366537954211,5,1.6094379124341,21,3.044522437723423,"Amorelli, Mar\'ia-Florencia and Isabel-Mar\'ia Garc\'ia-Sanchez, 'Leadership in heels: Women on boards and sustainability in times of COVID-19', Corporate Social Responsibility and Environmental Management, 30, no. 4 (2023), 1987–2010."
18,Amorelli & García-Sánchez (2023),9,0.0105,0.00458,2.292576419213974,0,0,1,25506,10.14666899758685,4821.0,8.480736654405622,17.85,2.882003508225648,0,0,0,0,1,0,1,1,0,0,1,1,1,1,1,1,0,1,1,0,0,0,0,0,0,0,0,0,1,mixed,Cross-sector,global,,1,0,2023,7.612336837167746,30,3.401197381662155,0.049,-3.01593498087151,2015,2019,2017.0,7.609366537954211,5,1.6094379124341,19,2.94443897916644,"Amorelli, Mar\'ia-Florencia and Isabel-Mar\'ia Garc\'ia-Sanchez, 'Leadership in heels: Women on boards and sustainability in times of COVID-19', Corporate Social Responsibility and Environmental Management, 30, no. 4 (2023), 1987–2010."
18,Amorelli & García-Sánchez (2023),10,0.0538,0.01331,4.042073628850488,0,1,0,25506,10.14666899758685,4821.0,8.480736654405622,17.85,2.882003508225648,0,0,0,0,1,0,1,1,0,0,1,1,1,1,1,1,0,1,1,0,0,0,0,0,0,0,0,0,1,mixed,Cross-sector,global,,1,0,2023,7.612336837167746,30,3.401197381662155,0.049,-3.01593498087151,2015,2019,2017.0,7.609366537954211,5,1.6094379124341,21,3.044522437723423,"Amorelli, Mar\'ia-Florencia and Isabel-Mar\'ia Garc\'ia-Sanchez, 'Leadership in heels: Women on boards and sustainability in times of COVID-19', Corporate Social Responsibility and Environmental Management, 30, no. 4 (2023), 1987–2010."
18,Amorelli & García-Sánchez (2023),11,0.0399,0.00934,4.271948608137045,0,1,0,25506,10.14666899758685,4821.0,8.480736654405622,17.85,2.882003508225648,0,0,0,0,1,0,1,1,0,0,1,1,1,1,1,1,0,1,1,0,0,0,0,0,0,0,0,0,1,mixed,Cross-sector,global,,1,0,2023,7.612336837167746,30,3.401197381662155,0.049,-3.01593498087151,2015,2019,2017.0,7.609366537954211,5,1.6094379124341,21,3.044522437723423,"Amorelli, Mar\'ia-Florencia and Isabel-Mar\'ia Garc\'ia-Sanchez, 'Leadership in heels: Women on boards and sustainability in times of COVID-19', Corporate Social Responsibility and Environmental Management, 30, no. 4 (2023), 1987–2010."
18,Amorelli & García-Sánchez (2023),12,0.7922,0.12,6.601666666666667,0,1,0,25506,10.14666899758685,4821.0,8.480736654405622,17.85,2.882003508225648,0,0,0,0,1,0,1,1,0,0,1,1,1,1,1,1,0,1,1,0,0,0,0,0,0,0,0,0,1,mixed,Cross-sector,global,,1,0,2023,7.612336837167746,30,3.401197381662155,0.049,-3.01593498087151,2015,2019,2017.0,7.609366537954211,5,1.6094379124341,25,3.218875824868201,"Amorelli, Mar\'ia-Florencia and Isabel-Mar\'ia Garc\'ia-Sanchez, 'Leadership in heels: Women on boards and sustainability in times of COVID-19', Corporate Social Responsibility and Environmental Management, 30, no. 4 (2023), 1987–2010."
18,Amorelli & García-Sánchez (2023),13,0.0251,0.0048,5.229166666666667,0,0,1,25506,10.14666899758685,4821.0,8.480736654405622,17.85,2.882003508225648,1,0,0,0,0,0,0,1,0,0,1,1,1,1,1,1,0,1,1,0,0,0,0,0,0,0,0,0,1,mixed,Cross-sector,global,,1,0,2023,7.612336837167746,30,3.401197381662155,0.049,-3.01593498087151,2015,2019,2017.0,7.609366537954211,5,1.6094379124341,19,2.94443897916644,"Amorelli, Mar\'ia-Florencia and Isabel-Mar\'ia Garc\'ia-Sanchez, 'Leadership in heels: Women on boards and sustainability in times of COVID-19', Corporate Social Responsibility and Environmental Management, 30, no. 4 (2023), 1987–2010."
18,Amorelli & García-Sánchez (2023),14,0.0427,0.01041,4.101825168107589,0,1,0,25506,10.14666899758685,4821.0,8.480736654405622,17.85,2.882003508225648,1,0,0,0,0,0,0,1,0,0,1,1,1,1,1,1,0,1,1,0,0,0,0,0,0,0,0,0,1,mixed,Cross-sector,global,,1,0,2023,7.612336837167746,30,3.401197381662155,0.049,-3.01593498087151,2015,2019,2017.0,7.609366537954211,5,1.6094379124341,21,3.044522437723423,"Amorelli, Mar\'ia-Florencia and Isabel-Mar\'ia Garc\'ia-Sanchez, 'Leadership in heels: Women on boards and sustainability in times of COVID-19', Corporate Social Responsibility and Environmental Management, 30, no. 4 (2023), 1987–2010."
18,Amorelli & García-Sánchez (2023),15,0.0157,0.00522,3.007662835249042,0,0,1,25506,10.14666899758685,4821.0,8.480736654405622,17.85,2.882003508225648,1,0,0,0,0,0,0,1,0,0,1,1,1,1,1,1,0,1,1,0,0,0,0,0,0,0,0,0,1,mixed,Cross-sector,global,,1,0,2023,7.612336837167746,30,3.401197381662155,0.049,-3.01593498087151,2015,2019,2017.0,7.609366537954211,5,1.6094379124341,19,2.94443897916644,"Amorelli, Mar\'ia-Florencia and Isabel-Mar\'ia Garc\'ia-Sanchez, 'Leadership in heels: Women on boards and sustainability in times of COVID-19', Corporate Social Responsibility and Environmental Management, 30, no. 4 (2023), 1987–2010."
18,Amorelli & García-Sánchez (2023),16,0.0624,0.01466,4.256480218281037,0,1,0,25506,10.14666899758685,4821.0,8.480736654405622,17.85,2.882003508225648,1,0,0,0,0,0,0,1,0,0,1,1,1,1,1,1,0,1,1,0,0,0,0,0,0,0,0,0,1,mixed,Cross-sector,global,,1,0,2023,7.612336837167746,30,3.401197381662155,0.049,-3.01593498087151,2015,2019,2017.0,7.609366537954211,5,1.6094379124341,21,3.044522437723423,"Amorelli, Mar\'ia-Florencia and Isabel-Mar\'ia Garc\'ia-Sanchez, 'Leadership in heels: Women on boards and sustainability in times of COVID-19', Corporate Social Responsibility and Environmental Management, 30, no. 4 (2023), 1987–2010."
18,Amorelli & García-Sánchez (2023),17,0.0549,0.01019,5.387634936211972,0,1,0,25506,10.14666899758685,4821.0,8.480736654405622,17.85,2.882003508225648,1,0,0,0,0,0,0,1,0,0,1,1,1,1,1,1,0,1,1,0,0,0,0,0,0,0,0,0,1,mixed,Cross-sector,global,,1,0,2023,7.612336837167746,30,3.401197381662155,0.049,-3.01593498087151,2015,2019,2017.0,7.609366537954211,5,1.6094379124341,21,3.044522437723423,"Amorelli, Mar\'ia-Florencia and Isabel-Mar\'ia Garc\'ia-Sanchez, 'Leadership in heels: Women on boards and sustainability in times of COVID-19', Corporate Social Responsibility and Environmental Management, 30, no. 4 (2023), 1987–2010."
18,Amorelli & García-Sánchez (2023),18,1.3576,0.51628,2.629580847602076,0,1,0,25506,10.14666899758685,4821.0,8.480736654405622,17.85,2.882003508225648,1,0,0,0,0,0,0,1,0,0,1,1,1,1,1,1,0,1,1,0,0,0,0,0,0,0,0,0,1,mixed,Cross-sector,global,,1,0,2023,7.612336837167746,30,3.401197381662155,0.049,-3.01593498087151,2015,2019,2017.0,7.609366537954211,5,1.6094379124341,25,3.218875824868201,"Amorelli, Mar\'ia-Florencia and Isabel-Mar\'ia Garc\'ia-Sanchez, 'Leadership in heels: Women on boards and sustainability in times of COVID-19', Corporate Social Responsibility and Environmental Management, 30, no. 4 (2023), 1987–2010."
18,Amorelli & García-Sánchez (2023),19,0.0329,0.00369,8.915989159891598,0,0,1,46076,10.7380474860464,4821.0,8.480736654405622,12.8,2.549445170925571,1,0,0,0,0,0,0,1,0,0,1,1,1,1,1,1,0,1,1,0,0,0,0,0,0,0,0,0,1,mixed,Cross-sector,global,,1,0,2023,7.612336837167746,30,3.401197381662155,0.049,-3.01593498087151,2005,2020,2012.5,7.607133009292719,16,2.772588722239781,19,2.94443897916644,"Amorelli, Mar\'ia-Florencia and Isabel-Mar\'ia Garc\'ia-Sanchez, 'Leadership in heels: Women on boards and sustainability in times of COVID-19', Corporate Social Responsibility and Environmental Management, 30, no. 4 (2023), 1987–2010."
18,Amorelli & García-Sánchez (2023),20,0.7169,0.16404,4.370275542550598,0,1,0,46076,10.7380474860464,4821.0,8.480736654405622,12.8,2.549445170925571,1,0,0,0,0,0,0,1,0,0,1,1,1,1,1,1,0,1,1,0,0,0,0,0,0,0,0,0,1,mixed,Cross-sector,global,,1,0,2023,7.612336837167746,30,3.401197381662155,0.049,-3.01593498087151,2005,2020,2012.5,7.607133009292719,16,2.772588722239781,21,3.044522437723423,"Amorelli, Mar\'ia-Florencia and Isabel-Mar\'ia Garc\'ia-Sanchez, 'Leadership in heels: Women on boards and sustainability in times of COVID-19', Corporate Social Responsibility and Environmental Management, 30, no. 4 (2023), 1987–2010."
18,Amorelli & García-Sánchez (2023),21,0.0752,0.02,3.76,0,0,1,46076,10.7380474860464,4821.0,8.480736654405622,12.8,2.549445170925571,1,0,0,0,0,0,0,1,0,0,1,1,1,1,1,1,0,1,1,0,0,0,0,0,0,0,0,0,1,mixed,Cross-sector,global,,1,0,2023,7.612336837167746,30,3.401197381662155,0.049,-3.01593498087151,2005,2020,2012.5,7.607133009292719,16,2.772588722239781,19,2.94443897916644,"Amorelli, Mar\'ia-Florencia and Isabel-Mar\'ia Garc\'ia-Sanchez, 'Leadership in heels: Women on boards and sustainability in times of COVID-19', Corporate Social Responsibility and Environmental Management, 30, no. 4 (2023), 1987–2010."
18,Amorelli & García-Sánchez (2023),22,0.0758,0.02,3.79,0,1,0,46076,10.7380474860464,4821.0,8.480736654405622,12.8,2.549445170925571,1,0,0,0,0,0,0,1,0,0,1,1,1,1,1,1,0,1,1,0,0,0,0,0,0,0,0,0,1,mixed,Cross-sector,global,,1,0,2023,7.612336837167746,30,3.401197381662155,0.049,-3.01593498087151,2005,2020,2012.5,7.607133009292719,16,2.772588722239781,21,3.044522437723423,"Amorelli, Mar\'ia-Florencia and Isabel-Mar\'ia Garc\'ia-Sanchez, 'Leadership in heels: Women on boards and sustainability in times of COVID-19', Corporate Social Responsibility and Environmental Management, 30, no. 4 (2023), 1987–2010."
18,Amorelli & García-Sánchez (2023),23,0.07682,0.02,3.841,0,1,0,46076,10.7380474860464,4821.0,8.480736654405622,12.8,2.549445170925571,1,0,0,0,0,0,0,1,0,0,1,1,1,1,1,1,0,1,1,0,0,0,0,0,0,0,0,0,1,mixed,Cross-sector,global,,1,0,2023,7.612336837167746,30,3.401197381662155,0.049,-3.01593498087151,2005,2020,2012.5,7.607133009292719,16,2.772588722239781,21,3.044522437723423,"Amorelli, Mar\'ia-Florencia and Isabel-Mar\'ia Garc\'ia-Sanchez, 'Leadership in heels: Women on boards and sustainability in times of COVID-19', Corporate Social Responsibility and Environmental Management, 30, no. 4 (2023), 1987–2010."
18,Amorelli & García-Sánchez (2023),24,0.07749,0.02,3.8745,0,1,0,46076,10.7380474860464,4821.0,8.480736654405622,12.8,2.549445170925571,1,0,0,0,0,0,0,1,0,0,1,1,1,1,1,1,0,1,1,0,0,0,0,0,0,0,0,0,1,mixed,Cross-sector,global,,1,0,2023,7.612336837167746,30,3.401197381662155,0.049,-3.01593498087151,2005,2020,2012.5,7.607133009292719,16,2.772588722239781,23,3.13549421592915,"Amorelli, Mar\'ia-Florencia and Isabel-Mar\'ia Garc\'ia-Sanchez, 'Leadership in heels: Women on boards and sustainability in times of COVID-19', Corporate Social Responsibility and Environmental Management, 30, no. 4 (2023), 1987–2010."
18,Amorelli & García-Sánchez (2023),25,0.0252,0.00407,6.191646191646192,0,0,1,46076,10.7380474860464,4821.0,8.480736654405622,12.8,2.549445170925571,1,0,0,0,0,0,0,1,0,0,1,1,1,1,1,1,0,1,1,0,0,0,0,0,0,0,0,0,1,mixed,Cross-sector,global,,1,0,2023,7.612336837167746,30,3.401197381662155,0.049,-3.01593498087151,2005,2020,2012.5,7.607133009292719,16,2.772588722239781,19,2.94443897916644,"Amorelli, Mar\'ia-Florencia and Isabel-Mar\'ia Garc\'ia-Sanchez, 'Leadership in heels: Women on boards and sustainability in times of COVID-19', Corporate Social Responsibility and Environmental Management, 30, no. 4 (2023), 1987–2010."
18,Amorelli & García-Sánchez (2023),26,0.9152,0.22303,4.103483836255212,0,1,0,46076,10.7380474860464,4821.0,8.480736654405622,12.8,2.549445170925571,1,0,0,0,0,0,0,1,0,0,1,1,1,1,1,1,0,1,1,0,0,0,0,0,0,0,0,0,1,mixed,Cross-sector,global,,1,0,2023,7.612336837167746,30,3.401197381662155,0.049,-3.01593498087151,2005,2020,2012.5,7.607133009292719,16,2.772588722239781,21,3.044522437723423,"Amorelli, Mar\'ia-Florencia and Isabel-Mar\'ia Garc\'ia-Sanchez, 'Leadership in heels: Women on boards and sustainability in times of COVID-19', Corporate Social Responsibility and Environmental Management, 30, no. 4 (2023), 1987–2010."
18,Amorelli & García-Sánchez (2023),27,0.0571,0.00813,7.023370233702336,0,1,0,46076,10.7380474860464,4821.0,8.480736654405622,12.8,2.549445170925571,1,0,0,0,0,0,0,1,0,0,1,1,1,1,1,1,0,1,1,0,0,0,0,0,0,0,0,0,1,mixed,Cross-sector,global,,1,0,2023,7.612336837167746,30,3.401197381662155,0.049,-3.01593498087151,2005,2020,2012.5,7.607133009292719,16,2.772588722239781,21,3.044522437723423,"Amorelli, Mar\'ia-Florencia and Isabel-Mar\'ia Garc\'ia-Sanchez, 'Leadership in heels: Women on boards and sustainability in times of COVID-19', Corporate Social Responsibility and Environmental Management, 30, no. 4 (2023), 1987–2010."
18,Amorelli & García-Sánchez (2023),28,0.9842,0.2236721,4.400191172703256,0,1,0,46076,10.7380474860464,4821.0,8.480736654405622,12.8,2.549445170925571,1,0,0,0,0,0,0,1,0,0,1,1,1,1,1,1,0,1,1,0,0,0,0,0,0,0,0,0,1,mixed,Cross-sector,global,,1,0,2023,7.612336837167746,30,3.401197381662155,0.049,-3.01593498087151,2005,2020,2012.5,7.607133009292719,16,2.772588722239781,25,3.218875824868201,"Amorelli, Mar\'ia-Florencia and Isabel-Mar\'ia Garc\'ia-Sanchez, 'Leadership in heels: Women on boards and sustainability in times of COVID-19', Corporate Social Responsibility and Environmental Management, 30, no. 4 (2023), 1987–2010."
19,Andreassen & Bukhari (2024),1,0.1594,0.0457,3.487964989059081,0,0,1,519,6.251903883165888,150.0,5.010635294096256,32.0,3.465735902799727,0,1,0,0,0,0,0,1,0,0,1,1,1,1,1,0,0,1,0,1,0,0,0,0,1,0,0,0,1,mixed,Cross-sector,nordic,Europe,0,1,2024,7.612831030407357,0,0.0,,,2019,2022,2020.5,7.611100284518528,4,1.386294361119891,7,1.945910149055313,"Andreassen, Sofie Durban and Syed Kamran Ul Hassan Bukhari, 'Impacts of board characteristics on ESG performance in the industrial sector: A quantitative study with evidence from Scandinavia' (MA thesis, Oslo Metropolitan University, 2024)."
20,Arayssi et al. (2016),1,0.1688,0.035,4.822857142857143,0,0,1,1018,6.925595197110468,350.0,5.857933154483459,8.894,2.185376892088505,1,0,0,0,0,0,0,1,0,0,1,1,1,1,1,0,1,0,0,1,0,0,0,0,1,0,0,0,1,mixed,Cross-sector,UK,UK,1,0,2016,7.60887062919126,406,6.006353159601733,0.014,-4.268697949366879,2007,2012,2009.5,7.605641213889256,6,1.791759469228055,9,2.19722457733622,"Arayssi, Mahmoud, Mustafa Dah, and Mohammad Jizi, 'Women on boards, sustainability reporting and firm performance', Sustainability Accounting, Management and Policy Journal, 7, no. 3 (2016), 376–401."
20,Arayssi et al. (2016),2,0.3399,0.2274,1.494722955145119,0,0,1,841,6.734591659972948,350.0,5.857933154483459,8.894,2.185376892088505,0,0,0,1,0,0,0,1,0,1,0,1,1,1,1,0,1,0,0,1,0,0,0,0,1,0,0,0,1,mixed,Cross-sector,UK,UK,1,0,2016,7.60887062919126,406,6.006353159601733,0.014,-4.268697949366879,2007,2012,2009.5,7.605641213889256,6,1.791759469228055,10,2.302585092994046,"Arayssi, Mahmoud, Mustafa Dah, and Mohammad Jizi, 'Women on boards, sustainability reporting and firm performance', Sustainability Accounting, Management and Policy Journal, 7, no. 3 (2016), 376–401."
21,Arayssi et al. (2020),1,0.028,0.016,1.75,0,0,1,184,5.214935757608986,18.0,2.890371757896165,2.0,0.6931471805599453,0,1,0,0,0,0,0,1,0,0,1,1,1,1,1,1,0,1,0,0,0,0,1,0,0,1,0,0,1,mixed,Cross-sector,GCC,Middle East,1,0,2020,7.61085279039525,384,5.950642552587727,0.014,-4.268697949366879,2008,2017,2012.5,7.607133009292719,10,2.302585092994046,17,2.833213344056216,"Arayssi, Mahmoud, Mohammad Jizi, and Hala Hussein Tabaja, 'The impact of board composition on the level of ESG disclosures in GCC countries', Sustainability Accounting, Management and Policy Journal, 11, no. 1 (2020), 137–161."
21,Arayssi et al. (2020),2,0.025,0.015,1.666666666666667,0,0,1,151,5.017279836814924,18.0,2.890371757896165,2.0,0.6931471805599453,1,0,0,0,0,0,0,1,0,0,1,1,1,1,1,1,0,1,0,0,0,0,1,0,0,1,0,0,1,mixed,Cross-sector,GCC,Middle East,1,0,2020,7.61085279039525,384,5.950642552587727,0.014,-4.268697949366879,2008,2017,2012.5,7.607133009292719,10,2.302585092994046,17,2.833213344056216,"Arayssi, Mahmoud, Mohammad Jizi, and Hala Hussein Tabaja, 'The impact of board composition on the level of ESG disclosures in GCC countries', Sustainability Accounting, Management and Policy Journal, 11, no. 1 (2020), 137–161."
21,Arayssi et al. (2020),3,2.9,1.519,1.909150757077024,0,0,1,89,4.48863636973214,18.0,2.890371757896165,2.0,0.6931471805599453,0,0,0,1,0,0,0,1,0,1,0,1,1,1,1,1,0,1,0,0,0,0,1,0,0,1,0,0,1,mixed,Cross-sector,GCC,Middle East,1,0,2020,7.61085279039525,384,5.950642552587727,0.014,-4.268697949366879,2008,2017,2012.5,7.607133009292719,10,2.302585092994046,18,2.890371757896165,"Arayssi, Mahmoud, Mohammad Jizi, and Hala Hussein Tabaja, 'The impact of board composition on the level of ESG disclosures in GCC countries', Sustainability Accounting, Management and Policy Journal, 11, no. 1 (2020), 137–161."
22,Arayssi et al. (2024),1,0.152,0.272,0.5588235294117646,0,0,1,234,5.455321115357702,26.0,3.258096538021482,2.02,0.7030975114131134,0,1,0,0,0,0,0,1,0,0,1,0,1,1,1,1,0,1,0,0,0,0,1,0,0,1,0,0,1,mixed,Cross-sector,GCC,Middle East,1,0,2024,7.612831030407357,28,3.332204510175204,0.005,-5.298317366548036,2010,2018,2014.0,7.607878073278507,9,2.19722457733622,12,2.484906649788,"Arayssi, Mahmoud and Mohammad Jizi, 'Royal family board directors and the level of ESG disclosures in GCC listed firms', Journal of Accounting \& Organizational Change, 20, no. 1 (2024), 58–83."
22,Arayssi et al. (2024),2,0.17,0.262,0.648854961832061,0,0,1,234,5.455321115357702,26.0,3.258096538021482,2.02,0.7030975114131134,0,1,0,0,0,0,0,1,0,0,1,0,1,1,1,1,0,1,0,0,0,0,1,0,0,1,0,0,1,mixed,Cross-sector,GCC,Middle East,1,0,2024,7.612831030407357,28,3.332204510175204,0.005,-5.298317366548036,2010,2018,2014.0,7.607878073278507,9,2.19722457733622,12,2.484906649788,"Arayssi, Mahmoud and Mohammad Jizi, 'Royal family board directors and the level of ESG disclosures in GCC listed firms', Journal of Accounting \& Organizational Change, 20, no. 1 (2024), 58–83."
22,Arayssi et al. (2024),3,0.147,0.267,0.5505617977528089,0,0,1,234,5.455321115357702,26.0,3.258096538021482,2.02,0.7030975114131134,0,1,0,0,0,0,0,1,0,0,1,0,1,1,1,1,0,1,0,0,0,0,1,0,0,1,0,0,1,mixed,Cross-sector,GCC,Middle East,1,0,2024,7.612831030407357,28,3.332204510175204,0.005,-5.298317366548036,2010,2018,2014.0,7.607878073278507,9,2.19722457733622,12,2.484906649788,"Arayssi, Mahmoud and Mohammad Jizi, 'Royal family board directors and the level of ESG disclosures in GCC listed firms', Journal of Accounting \& Organizational Change, 20, no. 1 (2024), 58–83."
22,Arayssi et al. (2024),4,0.17,0.27,0.6296296296296297,0,0,1,234,5.455321115357702,26.0,3.258096538021482,2.02,0.7030975114131134,0,1,0,0,0,0,0,1,0,0,1,0,1,1,1,1,0,1,0,0,0,0,1,0,0,1,0,0,1,mixed,Cross-sector,GCC,Middle East,1,0,2024,7.612831030407357,28,3.332204510175204,0.005,-5.298317366548036,2010,2018,2014.0,7.607878073278507,9,2.19722457733622,13,2.564949357461537,"Arayssi, Mahmoud and Mohammad Jizi, 'Royal family board directors and the level of ESG disclosures in GCC listed firms', Journal of Accounting \& Organizational Change, 20, no. 1 (2024), 58–83."
22,Arayssi et al. (2024),5,0.14,0.269,0.5204460966542751,0,0,1,234,5.455321115357702,26.0,3.258096538021482,2.02,0.7030975114131134,0,1,0,0,0,0,0,1,0,0,1,0,1,1,1,1,0,1,0,0,0,0,1,0,0,1,0,0,1,mixed,Cross-sector,GCC,Middle East,1,0,2024,7.612831030407357,28,3.332204510175204,0.005,-5.298317366548036,2010,2018,2014.0,7.607878073278507,9,2.19722457733622,13,2.564949357461537,"Arayssi, Mahmoud and Mohammad Jizi, 'Royal family board directors and the level of ESG disclosures in GCC listed firms', Journal of Accounting \& Organizational Change, 20, no. 1 (2024), 58–83."
22,Arayssi et al. (2024),6,0.17,0.266,0.6390977443609023,0,0,1,234,5.455321115357702,26.0,3.258096538021482,2.02,0.7030975114131134,0,1,0,0,0,0,0,1,0,0,1,0,1,1,1,1,0,1,0,0,0,0,1,0,0,1,0,0,1,mixed,Cross-sector,GCC,Middle East,1,0,2024,7.612831030407357,28,3.332204510175204,0.005,-5.298317366548036,2010,2018,2014.0,7.607878073278507,9,2.19722457733622,13,2.564949357461537,"Arayssi, Mahmoud and Mohammad Jizi, 'Royal family board directors and the level of ESG disclosures in GCC listed firms', Journal of Accounting \& Organizational Change, 20, no. 1 (2024), 58–83."
22,Arayssi et al. (2024),7,0.144,0.267,0.5393258426966291,0,0,1,234,5.455321115357702,26.0,3.258096538021482,2.02,0.7030975114131134,0,1,0,0,0,0,0,1,0,0,1,0,1,1,1,1,0,1,0,0,0,0,1,0,0,1,0,0,1,mixed,Cross-sector,GCC,Middle East,1,0,2024,7.612831030407357,28,3.332204510175204,0.005,-5.298317366548036,2010,2018,2014.0,7.607878073278507,9,2.19722457733622,13,2.564949357461537,"Arayssi, Mahmoud and Mohammad Jizi, 'Royal family board directors and the level of ESG disclosures in GCC listed firms', Journal of Accounting \& Organizational Change, 20, no. 1 (2024), 58–83."
22,Arayssi et al. (2024),8,1.444,0.996,1.449799196787149,0,0,1,188,5.236441962829949,26.0,3.258096538021482,2.02,0.7030975114131134,0,0,0,1,0,0,0,1,0,1,0,0,1,1,1,1,0,1,0,0,0,0,1,0,0,1,0,0,1,mixed,Cross-sector,GCC,Middle East,1,0,2024,7.612831030407357,28,3.332204510175204,0.005,-5.298317366548036,2010,2018,2014.0,7.607878073278507,9,2.19722457733622,12,2.484906649788,"Arayssi, Mahmoud and Mohammad Jizi, 'Royal family board directors and the level of ESG disclosures in GCC listed firms', Journal of Accounting \& Organizational Change, 20, no. 1 (2024), 58–83."
22,Arayssi et al. (2024),9,1.185,0.36,3.291666666666667,0,0,1,188,5.236441962829949,26.0,3.258096538021482,2.02,0.7030975114131134,0,0,0,1,0,0,0,1,0,1,0,0,1,1,1,1,0,1,0,0,0,0,1,0,0,1,0,0,1,mixed,Cross-sector,GCC,Middle East,1,0,2024,7.612831030407357,28,3.332204510175204,0.005,-5.298317366548036,2010,2018,2014.0,7.607878073278507,9,2.19722457733622,12,2.484906649788,"Arayssi, Mahmoud and Mohammad Jizi, 'Royal family board directors and the level of ESG disclosures in GCC listed firms', Journal of Accounting \& Organizational Change, 20, no. 1 (2024), 58–83."
22,Arayssi et al. (2024),10,0.102,0.142,0.7183098591549296,0,0,1,234,5.455321115357702,26.0,3.258096538021482,2.02,0.7030975114131134,0,0,1,0,0,0,0,1,0,0,1,0,1,1,1,1,0,1,0,0,0,0,1,0,0,1,0,0,1,mixed,Cross-sector,GCC,Middle East,1,0,2024,7.612831030407357,28,3.332204510175204,0.005,-5.298317366548036,2010,2018,2014.0,7.607878073278507,9,2.19722457733622,12,2.484906649788,"Arayssi, Mahmoud and Mohammad Jizi, 'Royal family board directors and the level of ESG disclosures in GCC listed firms', Journal of Accounting \& Organizational Change, 20, no. 1 (2024), 58–83."
22,Arayssi et al. (2024),11,0.081,0.145,0.5586206896551724,0,0,1,217,5.37989735354046,26.0,3.258096538021482,2.02,0.7030975114131134,0,0,1,0,0,0,0,1,0,0,1,0,1,1,1,1,0,1,0,0,0,0,1,0,0,1,0,0,1,mixed,Cross-sector,GCC,Middle East,1,0,2024,7.612831030407357,28,3.332204510175204,0.005,-5.298317366548036,2010,2018,2014.0,7.607878073278507,9,2.19722457733622,12,2.484906649788,"Arayssi, Mahmoud and Mohammad Jizi, 'Royal family board directors and the level of ESG disclosures in GCC listed firms', Journal of Accounting \& Organizational Change, 20, no. 1 (2024), 58–83."
23,Arduino et al. (2024),1,0.27,0.046,5.869565217391305,0,0,1,409,6.013715156042802,81.0,4.394449154672439,35.2,3.561046082604051,1,0,0,0,0,0,0,1,0,0,1,1,1,1,1,0,1,0,0,1,0,0,0,0,1,0,0,0,1,mixed,Cross-sector,Italy,Italy,1,0,2024,7.612831030407357,5,1.6094379124341,0.097,-2.333044300478754,2016,2020,2018.0,7.609862200913554,5,1.6094379124341,9,2.19722457733622,"Arduino, Francesca Romana, Bruno Buchetti, and Murad Harasheh, 'The veil of secrecy: Family firms’ approach to ESG transparency and the role of institutional investors', Finance Research Letters, 62 (2024), 105243."
23,Arduino et al. (2024),2,0.038,0.074,0.5135135135135135,0,0,1,409,6.013715156042802,81.0,4.394449154672439,35.2,3.561046082604051,1,0,0,0,0,0,0,1,0,0,1,1,1,1,1,0,1,0,0,1,0,0,0,0,1,0,0,0,1,mixed,Cross-sector,Italy,Italy,1,0,2024,7.612831030407357,5,1.6094379124341,0.097,-2.333044300478754,2016,2020,2018.0,7.609862200913554,5,1.6094379124341,9,2.19722457733622,"Arduino, Francesca Romana, Bruno Buchetti, and Murad Harasheh, 'The veil of secrecy: Family firms’ approach to ESG transparency and the role of institutional investors', Finance Research Letters, 62 (2024), 105243."
23,Arduino et al. (2024),3,0.042,0.075,0.56,0,0,1,409,6.013715156042802,81.0,4.394449154672439,35.2,3.561046082604051,1,0,0,0,0,0,0,1,0,0,1,1,1,1,1,0,1,0,0,1,0,0,0,0,1,0,0,0,1,mixed,Cross-sector,Italy,Italy,1,0,2024,7.612831030407357,5,1.6094379124341,0.097,-2.333044300478754,2016,2020,2018.0,7.609862200913554,5,1.6094379124341,9,2.19722457733622,"Arduino, Francesca Romana, Bruno Buchetti, and Murad Harasheh, 'The veil of secrecy: Family firms’ approach to ESG transparency and the role of institutional investors', Finance Research Letters, 62 (2024), 105243."
23,Arduino et al. (2024),4,0.04,0.075,0.5333333333333333,0,0,1,409,6.013715156042802,81.0,4.394449154672439,35.2,3.561046082604051,1,0,0,0,0,0,0,1,0,0,1,1,1,1,1,0,1,0,0,1,0,0,0,0,1,0,0,0,1,mixed,Cross-sector,Italy,Italy,1,0,2024,7.612831030407357,5,1.6094379124341,0.097,-2.333044300478754,2016,2020,2018.0,7.609862200913554,5,1.6094379124341,10,2.302585092994046,"Arduino, Francesca Romana, Bruno Buchetti, and Murad Harasheh, 'The veil of secrecy: Family firms’ approach to ESG transparency and the role of institutional investors', Finance Research Letters, 62 (2024), 105243."
23,Arduino et al. (2024),5,0.043,0.076,0.5657894736842105,0,0,1,409,6.013715156042802,81.0,4.394449154672439,35.2,3.561046082604051,1,0,0,0,0,0,0,1,0,0,1,1,1,1,1,0,1,0,0,1,0,0,0,0,1,0,0,0,1,mixed,Cross-sector,Italy,Italy,1,0,2024,7.612831030407357,5,1.6094379124341,0.097,-2.333044300478754,2016,2020,2018.0,7.609862200913554,5,1.6094379124341,9,2.19722457733622,"Arduino, Francesca Romana, Bruno Buchetti, and Murad Harasheh, 'The veil of secrecy: Family firms’ approach to ESG transparency and the role of institutional investors', Finance Research Letters, 62 (2024), 105243."
23,Arduino et al. (2024),6,0.037,0.075,0.4933333333333333,0,0,1,409,6.013715156042802,81.0,4.394449154672439,35.2,3.561046082604051,1,0,0,0,0,0,0,1,0,0,1,1,1,1,1,0,1,0,0,1,0,0,0,0,1,0,0,0,1,mixed,Cross-sector,Italy,Italy,1,0,2024,7.612831030407357,5,1.6094379124341,0.097,-2.333044300478754,2016,2020,2018.0,7.609862200913554,5,1.6094379124341,10,2.302585092994046,"Arduino, Francesca Romana, Bruno Buchetti, and Murad Harasheh, 'The veil of secrecy: Family firms’ approach to ESG transparency and the role of institutional investors', Finance Research Letters, 62 (2024), 105243."
23,Arduino et al. (2024),7,0.044,0.076,0.5789473684210527,0,0,1,409,6.013715156042802,81.0,4.394449154672439,35.2,3.561046082604051,1,0,0,0,0,0,0,1,0,0,1,1,1,1,1,0,1,0,0,1,0,0,0,0,1,0,0,0,1,mixed,Cross-sector,Italy,Italy,1,0,2024,7.612831030407357,5,1.6094379124341,0.097,-2.333044300478754,2016,2020,2018.0,7.609862200913554,5,1.6094379124341,9,2.19722457733622,"Arduino, Francesca Romana, Bruno Buchetti, and Murad Harasheh, 'The veil of secrecy: Family firms’ approach to ESG transparency and the role of institutional investors', Finance Research Letters, 62 (2024), 105243."
23,Arduino et al. (2024),8,0.036,0.075,0.48,0,0,1,409,6.013715156042802,81.0,4.394449154672439,35.2,3.561046082604051,1,0,0,0,0,0,0,1,0,0,1,1,1,1,1,0,1,0,0,1,0,0,0,0,1,0,0,0,1,mixed,Cross-sector,Italy,Italy,1,0,2024,7.612831030407357,5,1.6094379124341,0.097,-2.333044300478754,2016,2020,2018.0,7.609862200913554,5,1.6094379124341,10,2.302585092994046,"Arduino, Francesca Romana, Bruno Buchetti, and Murad Harasheh, 'The veil of secrecy: Family firms’ approach to ESG transparency and the role of institutional investors', Finance Research Letters, 62 (2024), 105243."
24,Ben Fatma & Chouaibi (2021),1,0.097,0.01098527746319366,8.83,0,0,1,1265,7.142827401161621,115.0,4.74493212836325,34.8,3.549617386780429,1,0,0,0,0,0,0,1,0,0,1,1,1,1,1,0,0,1,0,1,0,0,0,0,1,0,1,0,0,financial,Financial Services,EU,Europe,1,0,2021,7.611347717403621,54,3.988984046564275,0.008,-4.828313737302302,2007,2017,2012.0,7.60688453121963,11,2.397895272798371,11,2.397895272798371,"Ben Fatma, Hanen and Jamel Chouaibi, 'Corporate governance and CSR disclosure: Evidence from European financial institutions', International Journal of Disclosure and Governance, 18, no. 4 (2021), 346–361."
25,Benaguid et al. (2023),1,0.0974,0.0441,2.208616780045352,0,0,1,424,6.049733455231958,53.0,3.970291913552122,11.0,2.397895272798371,0,0,0,1,0,0,0,1,0,1,0,1,1,1,1,1,0,1,0,1,0,0,0,0,1,0,0,0,1,mixed,Cross-sector,France,France,1,0,2023,7.612336837167746,4,1.386294361119891,0.006,-5.115995809754082,2008,2017,2012.5,7.607133009292719,10,2.302585092994046,10,2.302585092994046,"Benaguid, Oumaima, Hicham Sbai, Hicham Meghouar, and Oumaima Antari, 'Board gender diversity and CSR performance: A French study', Cogent Business \& Management, 10, no. 3 (2023), 2247226."
25,Benaguid et al. (2023),2,0.1487,0.0233,6.381974248927039,0,0,1,530,6.272877006546167,53.0,3.970291913552122,11.0,2.397895272798371,0,1,0,0,0,0,0,1,0,0,1,1,1,1,1,1,0,1,0,1,0,0,0,0,1,0,0,0,1,mixed,Cross-sector,France,France,1,0,2023,7.612336837167746,4,1.386294361119891,0.006,-5.115995809754082,2008,2017,2012.5,7.607133009292719,10,2.302585092994046,9,2.19722457733622,"Benaguid, Oumaima, Hicham Sbai, Hicham Meghouar, and Oumaima Antari, 'Board gender diversity and CSR performance: A French study', Cogent Business \& Management, 10, no. 3 (2023), 2247226."
26,Bhatia & Marwaha (2022),1,0.201,0.05157205599,3.89745950837343,1,0,0,2289,7.735870319952567,327.0,5.789960170897253,14.501,2.674217612565758,1,0,0,0,0,0,0,1,0,0,1,1,1,0,1,0,1,0,0,0,0,1,0,0,0,1,0,1,0,non-financial,Non-financial Firms,India,India,1,0,2022,7.611842399580417,40,3.688879454113936,0.005,-5.298317366548036,2015,2021,2018.0,7.609862200913554,7,1.945910149055313,9,2.19722457733622,"Bhatia, Shikha and Divya Marwaha, 'The influence of board factors and gender diversity on the ESG disclosure score: a study on Indian companies', Global Business Review, 23, no. 6 (2022), 1544–1557."
26,Bhatia & Marwaha (2022),2,0.037,0.009493363541,3.89745950837343,1,0,0,2289,7.735870319952567,327.0,5.789960170897253,14.501,2.674217612565758,0,1,0,0,0,0,0,1,0,0,1,1,1,0,1,0,1,0,0,0,0,1,0,0,0,1,0,1,0,non-financial,Non-financial Firms,India,India,1,0,2022,7.611842399580417,40,3.688879454113936,0.005,-5.298317366548036,2015,2021,2018.0,7.609862200913554,7,1.945910149055313,9,2.19722457733622,"Bhatia, Shikha and Divya Marwaha, 'The influence of board factors and gender diversity on the ESG disclosure score: a study on Indian companies', Global Business Review, 23, no. 6 (2022), 1544–1557."
26,Bhatia & Marwaha (2022),3,0.049,0.01106822275,4.42708834999489,1,0,0,2289,7.735870319952567,327.0,5.789960170897253,14.501,2.674217612565758,0,1,0,0,0,0,0,1,0,1,0,1,1,0,1,0,1,0,0,0,0,1,0,0,0,1,0,1,0,non-financial,Non-financial Firms,India,India,1,0,2022,7.611842399580417,40,3.688879454113936,0.005,-5.298317366548036,2015,2021,2018.0,7.609862200913554,7,1.945910149055313,9,2.19722457733622,"Bhatia, Shikha and Divya Marwaha, 'The influence of board factors and gender diversity on the ESG disclosure score: a study on Indian companies', Global Business Review, 23, no. 6 (2022), 1544–1557."
26,Bhatia & Marwaha (2022),4,0.048,0.01456848878,3.29478237046224,0,0,1,2289,7.735870319952567,327.0,5.789960170897253,14.501,2.674217612565758,0,0,1,0,0,0,0,1,0,0,1,1,1,0,1,0,1,0,0,0,0,1,0,0,0,1,0,1,0,non-financial,Non-financial Firms,India,India,1,0,2022,7.611842399580417,40,3.688879454113936,0.005,-5.298317366548036,2015,2021,2018.0,7.609862200913554,7,1.945910149055313,9,2.19722457733622,"Bhatia, Shikha and Divya Marwaha, 'The influence of board factors and gender diversity on the ESG disclosure score: a study on Indian companies', Global Business Review, 23, no. 6 (2022), 1544–1557."
27,Bigelli et al. (2023),1,0.19,0.03,6.333333333333334,0,0,1,14484,9.580799870885532,725.0,6.586171654854675,20.83,3.036394255272881,0,1,0,0,0,0,0,1,0,0,1,1,1,1,1,1,0,1,0,1,0,0,0,0,1,0,0,1,0,non-financial,Non-financial Firms,EU,Europe,1,0,2023,7.612336837167746,21,3.044522437723423,0.113,-2.180367460269796,2002,2020,2011.0,7.606387389772652,19,2.94443897916644,10,2.302585092994046,"Bigelli, Marco, Stefano Mengoli, and Sandro Sandri, 'ESG score, board structure and the impact of the non-financial reporting directive on European firms', Journal of Economics and Business, 127 (2023), 106133."
27,Bigelli et al. (2023),2,0.14,0.03,4.666666666666667,0,0,1,14484,9.580799870885532,725.0,6.586171654854675,20.83,3.036394255272881,0,1,0,0,0,0,0,1,0,0,1,1,1,1,1,1,0,1,0,1,0,0,0,0,1,0,0,1,0,non-financial,Non-financial Firms,EU,Europe,1,0,2023,7.612336837167746,21,3.044522437723423,0.113,-2.180367460269796,2002,2020,2011.0,7.606387389772652,19,2.94443897916644,8,2.079441541679836,"Bigelli, Marco, Stefano Mengoli, and Sandro Sandri, 'ESG score, board structure and the impact of the non-financial reporting directive on European firms', Journal of Economics and Business, 127 (2023), 106133."
27,Bigelli et al. (2023),3,0.24,0.05,4.8,0,1,0,14484,9.580799870885532,725.0,6.586171654854675,20.83,3.036394255272881,0,1,0,0,0,0,0,1,0,0,1,1,1,1,1,1,0,1,0,1,0,0,0,0,1,0,0,1,0,non-financial,Non-financial Firms,EU,Europe,1,0,2023,7.612336837167746,21,3.044522437723423,0.113,-2.180367460269796,2002,2020,2011.0,7.606387389772652,19,2.94443897916644,16,2.772588722239781,"Bigelli, Marco, Stefano Mengoli, and Sandro Sandri, 'ESG score, board structure and the impact of the non-financial reporting directive on European firms', Journal of Economics and Business, 127 (2023), 106133."
27,Bigelli et al. (2023),4,0.18,0.02,9.0,0,0,1,14484,9.580799870885532,725.0,6.586171654854675,20.83,3.036394255272881,0,1,0,0,0,0,0,1,0,0,1,1,1,1,1,1,0,1,0,1,0,0,0,0,1,0,0,1,0,non-financial,Non-financial Firms,EU,Europe,1,0,2023,7.612336837167746,21,3.044522437723423,0.113,-2.180367460269796,2002,2020,2011.0,7.606387389772652,19,2.94443897916644,10,2.302585092994046,"Bigelli, Marco, Stefano Mengoli, and Sandro Sandri, 'ESG score, board structure and the impact of the non-financial reporting directive on European firms', Journal of Economics and Business, 127 (2023), 106133."
27,Bigelli et al. (2023),5,0.13,0.03,4.333333333333334,0,0,1,14484,9.580799870885532,725.0,6.586171654854675,20.83,3.036394255272881,0,1,0,0,0,0,0,1,0,0,1,1,1,1,1,1,0,1,0,1,0,0,0,0,1,0,0,1,0,non-financial,Non-financial Firms,EU,Europe,1,0,2023,7.612336837167746,21,3.044522437723423,0.113,-2.180367460269796,2002,2020,2011.0,7.606387389772652,19,2.94443897916644,8,2.079441541679836,"Bigelli, Marco, Stefano Mengoli, and Sandro Sandri, 'ESG score, board structure and the impact of the non-financial reporting directive on European firms', Journal of Economics and Business, 127 (2023), 106133."
27,Bigelli et al. (2023),6,0.23,0.05,4.6,0,1,0,14484,9.580799870885532,725.0,6.586171654854675,20.83,3.036394255272881,0,1,0,0,0,0,0,1,0,0,1,1,1,1,1,1,0,1,0,1,0,0,0,0,1,0,0,1,0,non-financial,Non-financial Firms,EU,Europe,1,0,2023,7.612336837167746,21,3.044522437723423,0.113,-2.180367460269796,2002,2020,2011.0,7.606387389772652,19,2.94443897916644,16,2.772588722239781,"Bigelli, Marco, Stefano Mengoli, and Sandro Sandri, 'ESG score, board structure and the impact of the non-financial reporting directive on European firms', Journal of Economics and Business, 127 (2023), 106133."
27,Bigelli et al. (2023),7,0.13,0.03,4.333333333333334,0,0,1,10600,9.268609280100158,530.0,6.272877006546167,20.83,3.036394255272881,0,1,0,0,0,0,0,1,0,0,1,1,1,1,1,1,0,1,0,1,0,0,0,0,1,0,0,1,0,non-financial,Non-financial Firms,EU,Europe,1,0,2023,7.612336837167746,21,3.044522437723423,0.113,-2.180367460269796,2002,2020,2011.0,7.606387389772652,19,2.94443897916644,9,2.19722457733622,"Bigelli, Marco, Stefano Mengoli, and Sandro Sandri, 'ESG score, board structure and the impact of the non-financial reporting directive on European firms', Journal of Economics and Business, 127 (2023), 106133."
27,Bigelli et al. (2023),8,0.23,0.05,4.6,0,1,0,10600,9.268609280100158,530.0,6.272877006546167,20.83,3.036394255272881,0,1,0,0,0,0,0,1,0,0,1,1,1,1,1,1,0,1,0,1,0,0,0,0,1,0,0,1,0,non-financial,Non-financial Firms,EU,Europe,1,0,2023,7.612336837167746,21,3.044522437723423,0.113,-2.180367460269796,2002,2020,2011.0,7.606387389772652,19,2.94443897916644,16,2.772588722239781,"Bigelli, Marco, Stefano Mengoli, and Sandro Sandri, 'ESG score, board structure and the impact of the non-financial reporting directive on European firms', Journal of Economics and Business, 127 (2023), 106133."
27,Bigelli et al. (2023),9,0.12,0.03,4.0,0,0,1,10340,9.24377514806242,517.0,6.248042874508429,20.83,3.036394255272881,0,1,0,0,0,0,0,1,0,1,0,1,1,1,1,1,0,1,0,1,0,0,0,0,1,0,0,1,0,non-financial,Non-financial Firms,EU,Europe,1,0,2023,7.612336837167746,21,3.044522437723423,0.113,-2.180367460269796,2002,2020,2011.0,7.606387389772652,19,2.94443897916644,9,2.19722457733622,"Bigelli, Marco, Stefano Mengoli, and Sandro Sandri, 'ESG score, board structure and the impact of the non-financial reporting directive on European firms', Journal of Economics and Business, 127 (2023), 106133."
27,Bigelli et al. (2023),10,0.21,0.05,4.199999999999999,0,1,0,10340,9.24377514806242,517.0,6.248042874508429,20.83,3.036394255272881,0,1,0,0,0,0,0,1,0,1,0,1,1,1,1,1,0,1,0,1,0,0,0,0,1,0,0,1,0,non-financial,Non-financial Firms,EU,Europe,1,0,2023,7.612336837167746,21,3.044522437723423,0.113,-2.180367460269796,2002,2020,2011.0,7.606387389772652,19,2.94443897916644,16,2.772588722239781,"Bigelli, Marco, Stefano Mengoli, and Sandro Sandri, 'ESG score, board structure and the impact of the non-financial reporting directive on European firms', Journal of Economics and Business, 127 (2023), 106133."
28,Birindelli et al. (2018),1,0.166,0.089,1.865168539325843,0,0,1,406,6.006353159601733,108.0,4.68213122712422,19.7,2.980618635743943,0,1,0,0,0,0,0,1,0,1,0,1,0,1,1,1,0,1,1,0,0,0,0,0,1,0,1,0,0,banks,Financial Services,EU+US,,1,0,2018,7.609862200913554,388,5.961005339623274,0.007,-4.961845129926823,2011,2016,2013.5,7.607629780291509,6,1.791759469228055,10,2.302585092994046,"Birindelli, Giuliana, Stefano Dell'Atti, Antonia Patrizia Iannuzzi, and Marco Savioli, 'Composition and activity of the board of directors: Impact on ESG performance in the banking system', Sustainability, 10, no. 12 (2018), 4699."
28,Birindelli et al. (2018),2,0.142,0.161,0.8819875776397514,0,1,0,406,6.006353159601733,108.0,4.68213122712422,19.7,2.980618635743943,0,1,0,0,0,0,0,1,0,1,0,1,0,1,1,1,0,1,1,0,0,0,0,0,1,0,1,0,0,banks,Financial Services,EU+US,,1,0,2018,7.609862200913554,388,5.961005339623274,0.007,-4.961845129926823,2011,2016,2013.5,7.607629780291509,6,1.791759469228055,12,2.484906649788,"Birindelli, Giuliana, Stefano Dell'Atti, Antonia Patrizia Iannuzzi, and Marco Savioli, 'Composition and activity of the board of directors: Impact on ESG performance in the banking system', Sustainability, 10, no. 12 (2018), 4699."
28,Birindelli et al. (2018),3,0.173,0.197,0.8781725888324872,0,1,0,406,6.006353159601733,108.0,4.68213122712422,19.7,2.980618635743943,0,1,0,0,0,0,0,1,0,1,0,1,0,1,1,1,0,1,1,0,0,0,0,0,1,0,1,0,0,banks,Financial Services,EU+US,,1,0,2018,7.609862200913554,388,5.961005339623274,0.007,-4.961845129926823,2011,2016,2013.5,7.607629780291509,6,1.791759469228055,11,2.397895272798371,"Birindelli, Giuliana, Stefano Dell'Atti, Antonia Patrizia Iannuzzi, and Marco Savioli, 'Composition and activity of the board of directors: Impact on ESG performance in the banking system', Sustainability, 10, no. 12 (2018), 4699."
28,Birindelli et al. (2018),4,0.167,0.245,0.6816326530612246,0,1,0,153,5.030437921392435,42.0,3.737669618283368,19.7,2.980618635743943,0,1,0,0,0,0,0,1,0,1,0,1,0,1,1,1,0,1,0,0,1,0,0,0,1,0,1,0,0,banks,Financial Services,US,USA,1,0,2018,7.609862200913554,388,5.961005339623274,0.007,-4.961845129926823,2011,2016,2013.5,7.607629780291509,6,1.791759469228055,10,2.302585092994046,"Birindelli, Giuliana, Stefano Dell'Atti, Antonia Patrizia Iannuzzi, and Marco Savioli, 'Composition and activity of the board of directors: Impact on ESG performance in the banking system', Sustainability, 10, no. 12 (2018), 4699."
28,Birindelli et al. (2018),5,0.29,0.202,1.435643564356435,0,1,0,253,5.53338948872752,66.0,4.189654742026425,19.7,2.980618635743943,0,1,0,0,0,0,0,1,0,1,0,1,0,1,1,1,0,1,0,1,0,0,0,0,1,0,1,0,0,banks,Financial Services,EU,Europe,1,0,2018,7.609862200913554,388,5.961005339623274,0.007,-4.961845129926823,2011,2016,2013.5,7.607629780291509,6,1.791759469228055,11,2.397895272798371,"Birindelli, Giuliana, Stefano Dell'Atti, Antonia Patrizia Iannuzzi, and Marco Savioli, 'Composition and activity of the board of directors: Impact on ESG performance in the banking system', Sustainability, 10, no. 12 (2018), 4699."
29,Boukattaya & Omri (2021),1,0.0767,0.072,1.061710110861078,0,0,1,405,6.003887067106539,81.0,4.394449154672439,27.76,3.323596135638604,0,0,0,1,0,0,0,1,0,1,0,1,1,0,1,1,0,1,0,1,0,0,0,0,1,0,0,1,0,non-financial,Non-financial Firms,France,France,1,0,2021,7.611347717403621,71,4.262679877041315,0.007,-4.961845129926823,2011,2016,2013.5,7.607629780291509,6,1.791759469228055,13,2.564949357461537,"Boukattaya, Sonia and Abdelwahed Omri, 'Impact of board gender diversity on corporate social responsibility and irresponsibility: Empirical evidence from France', Sustainability, 13, no. 9 (2021), 4712."
29,Boukattaya & Omri (2021),2,0.1775,0.044,3.996758691374612,0,0,1,405,6.003887067106539,81.0,4.394449154672439,27.76,3.323596135638604,0,0,0,0,1,0,1,1,0,0,1,1,1,0,1,1,0,1,0,1,0,0,0,0,1,0,0,1,0,non-financial,Non-financial Firms,France,France,1,0,2021,7.611347717403621,71,4.262679877041315,0.007,-4.961845129926823,2011,2016,2013.5,7.607629780291509,6,1.791759469228055,11,2.397895272798371,"Boukattaya, Sonia and Abdelwahed Omri, 'Impact of board gender diversity on corporate social responsibility and irresponsibility: Empirical evidence from France', Sustainability, 13, no. 9 (2021), 4712."
30,Bruna et al. (2021),1,0.03658,0.0124,2.95,0,0,1,3236,8.082093278178382,369.0,5.910796644040527,16.0,2.772588722239781,1,0,0,0,0,0,0,1,0,0,1,1,1,0,0,0,1,0,0,0,1,0,0,0,1,0,0,0,1,mixed,Cross-sector,US,USA,1,0,2021,7.611347717403621,57,4.04305126783455,0.097,-2.333044300478754,2004,2015,2009.5,7.605641213889256,12,2.484906649788,7,1.945910149055313,"Bruna, Maria Giuseppina, Rey Dang, Aymen Ammari, and L'Hocine Houanti, 'The effect of board gender diversity on corporate social performance: An instrumental variable quantile regression approach', Finance Research Letters, 40 (2021), 101734."
30,Bruna et al. (2021),2,0.02272,0.02485,0.9142857143,0,0,1,3236,8.082093278178382,369.0,5.910796644040527,16.0,2.772588722239781,0,1,0,0,0,0,0,1,0,0,1,1,1,0,0,0,1,0,0,0,1,0,0,0,1,0,0,0,1,mixed,Cross-sector,US,USA,1,0,2021,7.611347717403621,57,4.04305126783455,0.097,-2.333044300478754,2004,2015,2009.5,7.605641213889256,12,2.484906649788,7,1.945910149055313,"Bruna, Maria Giuseppina, Rey Dang, Aymen Ammari, and L'Hocine Houanti, 'The effect of board gender diversity on corporate social performance: An instrumental variable quantile regression approach', Finance Research Letters, 40 (2021), 101734."
30,Bruna et al. (2021),3,0.01209,0.04901,0.2466843501,0,0,1,3236,8.082093278178382,369.0,5.910796644040527,16.0,2.772588722239781,0,0,0,1,0,0,0,1,0,1,0,1,1,0,0,0,1,0,0,0,1,0,0,0,1,0,0,0,1,mixed,Cross-sector,US,USA,1,0,2021,7.611347717403621,57,4.04305126783455,0.097,-2.333044300478754,2004,2015,2009.5,7.605641213889256,12,2.484906649788,7,1.945910149055313,"Bruna, Maria Giuseppina, Rey Dang, Aymen Ammari, and L'Hocine Houanti, 'The effect of board gender diversity on corporate social performance: An instrumental variable quantile regression approach', Finance Research Letters, 40 (2021), 101734."
30,Bruna et al. (2021),4,-0.031,0.011689,-2.6521,0,0,1,3236,8.082093278178382,369.0,5.910796644040527,16.0,2.772588722239781,0,0,0,0,0,1,1,1,0,0,1,1,1,0,0,0,1,0,0,0,1,0,0,0,1,0,0,0,1,mixed,Cross-sector,US,USA,1,0,2021,7.611347717403621,57,4.04305126783455,0.097,-2.333044300478754,2004,2015,2009.5,7.605641213889256,12,2.484906649788,7,1.945910149055313,"Bruna, Maria Giuseppina, Rey Dang, Aymen Ammari, and L'Hocine Houanti, 'The effect of board gender diversity on corporate social performance: An instrumental variable quantile regression approach', Finance Research Letters, 40 (2021), 101734."
30,Bruna et al. (2021),5,-0.001,0.0004,-2.5,1,0,0,3236,8.082093278178382,369.0,5.910796644040527,16.0,2.772588722239781,0,0,0,0,0,1,1,1,0,0,1,1,1,0,0,0,1,0,0,0,1,0,0,0,1,0,0,0,1,mixed,Cross-sector,US,USA,1,0,2021,7.611347717403621,57,4.04305126783455,0.097,-2.333044300478754,2004,2015,2009.5,7.605641213889256,12,2.484906649788,7,1.945910149055313,"Bruna, Maria Giuseppina, Rey Dang, Aymen Ammari, and L'Hocine Houanti, 'The effect of board gender diversity on corporate social performance: An instrumental variable quantile regression approach', Finance Research Letters, 40 (2021), 101734."
30,Bruna et al. (2021),6,-0.007,0.002127,-3.2905,0,0,1,3236,8.082093278178382,369.0,5.910796644040527,16.0,2.772588722239781,0,0,0,0,0,1,1,1,0,0,1,1,1,0,0,0,1,0,0,0,1,0,0,0,1,0,0,0,1,mixed,Cross-sector,US,USA,1,0,2021,7.611347717403621,57,4.04305126783455,0.097,-2.333044300478754,2004,2015,2009.5,7.605641213889256,12,2.484906649788,7,1.945910149055313,"Bruna, Maria Giuseppina, Rey Dang, Aymen Ammari, and L'Hocine Houanti, 'The effect of board gender diversity on corporate social performance: An instrumental variable quantile regression approach', Finance Research Letters, 40 (2021), 101734."
30,Bruna et al. (2021),7,0.005,0.001781,2.807,0,0,1,3236,8.082093278178382,369.0,5.910796644040527,16.0,2.772588722239781,0,0,0,0,0,1,1,1,0,0,1,1,1,0,0,0,1,0,0,0,1,0,0,0,1,0,0,0,1,mixed,Cross-sector,US,USA,1,0,2021,7.611347717403621,57,4.04305126783455,0.097,-2.333044300478754,2004,2015,2009.5,7.605641213889256,12,2.484906649788,7,1.945910149055313,"Bruna, Maria Giuseppina, Rey Dang, Aymen Ammari, and L'Hocine Houanti, 'The effect of board gender diversity on corporate social performance: An instrumental variable quantile regression approach', Finance Research Letters, 40 (2021), 101734."
30,Bruna et al. (2021),8,0.291,0.198674,1.4647,0,0,1,3236,8.082093278178382,369.0,5.910796644040527,16.0,2.772588722239781,0,0,0,0,0,1,1,1,0,0,1,1,1,0,0,0,1,0,0,0,1,0,0,0,1,0,0,0,1,mixed,Cross-sector,US,USA,1,0,2021,7.611347717403621,57,4.04305126783455,0.097,-2.333044300478754,2004,2015,2009.5,7.605641213889256,12,2.484906649788,7,1.945910149055313,"Bruna, Maria Giuseppina, Rey Dang, Aymen Ammari, and L'Hocine Houanti, 'The effect of board gender diversity on corporate social performance: An instrumental variable quantile regression approach', Finance Research Letters, 40 (2021), 101734."
31,Buallay et al. (2022),1,0.084,0.01994301994301995,4.212,0,0,1,7951,8.981052985901483,2116.0,7.65728279297819,13.016,2.566179369916737,0,1,0,0,0,0,0,1,0,0,1,1,1,0,0,0,1,0,1,0,0,0,0,0,0,0,1,0,0,banks,Financial Services,global,,1,0,2022,7.611842399580417,125,4.828313737302302,0.092,-2.385966701933097,2007,2016,2011.5,7.606635991389843,10,2.302585092994046,8,2.079441541679836,"Buallay, Amina, Reem Hamdan, Elisabetta Barone, and Allam Hamdan, 'Increasing female participation on boards: Effects on sustainability reporting', International Journal of Finance \& Economics, 27, no. 1 (2022), 111–124."
31,Buallay et al. (2022),2,0.202,0.0331854772465911,6.087,0,0,1,7951,8.981052985901483,2116.0,7.65728279297819,35.5,3.56953269648137,0,1,0,0,0,0,0,1,0,0,1,1,1,0,0,0,1,0,1,0,0,0,0,0,0,0,1,0,0,banks,Financial Services,global,,1,0,2022,7.611842399580417,125,4.828313737302302,0.092,-2.385966701933097,2007,2016,2011.5,7.606635991389843,10,2.302585092994046,8,2.079441541679836,"Buallay, Amina, Reem Hamdan, Elisabetta Barone, and Allam Hamdan, 'Increasing female participation on boards: Effects on sustainability reporting', International Journal of Finance \& Economics, 27, no. 1 (2022), 111–124."
31,Buallay et al. (2022),3,-0.308,0.1902408894379246,-1.619,0,0,1,7951,8.981052985901483,2116.0,7.65728279297819,75.0,4.31748811353631,0,1,0,0,0,0,0,1,0,0,1,1,1,0,0,0,1,0,1,0,0,0,0,0,0,0,1,0,0,banks,Financial Services,global,,1,0,2022,7.611842399580417,125,4.828313737302302,0.092,-2.385966701933097,2007,2016,2011.5,7.606635991389843,10,2.302585092994046,8,2.079441541679836,"Buallay, Amina, Reem Hamdan, Elisabetta Barone, and Allam Hamdan, 'Increasing female participation on boards: Effects on sustainability reporting', International Journal of Finance \& Economics, 27, no. 1 (2022), 111–124."
32,Cucari et al. (2018),1,-0.078,0.093,-0.8387096774193549,0,0,1,215,5.370638028127662,54.0,3.988984046564275,12.75,2.545531271604435,0,1,0,0,0,0,0,1,0,0,1,0,0,0,0,0,1,0,0,1,0,0,0,0,1,0,0,0,1,mixed,Cross-sector,Italy,Italy,1,0,2018,7.609862200913554,818,6.706862336602747,0.049,-3.01593498087151,2011,2014,2012.5,7.607133009292719,4,1.386294361119891,1,0.0,"Cucari, Nicola, Salvatore Esposito De Falco, and Beatrice Orlando, 'Diversity of board of directors and environmental social governance: Evidence from Italian listed companies', Corporate social responsibility and environmental management, 25, no. 3 (2018), 250–266."
32,Cucari et al. (2018),2,-0.21,0.045,-4.666666666666667,0,0,1,215,5.370638028127662,54.0,3.988984046564275,12.76,2.546315277916644,0,1,0,0,0,0,0,1,0,0,1,0,1,1,1,1,1,0,0,1,0,0,0,0,1,0,0,0,1,mixed,Cross-sector,Italy,Italy,1,0,2018,7.609862200913554,818,6.706862336602747,0.049,-3.01593498087151,2011,2014,2012.5,7.607133009292719,4,1.386294361119891,8,2.079441541679836,"Cucari, Nicola, Salvatore Esposito De Falco, and Beatrice Orlando, 'Diversity of board of directors and environmental social governance: Evidence from Italian listed companies', Corporate social responsibility and environmental management, 25, no. 3 (2018), 250–266."
33,Dakhli (2021),1,0.211604,0.104755,2.02,1,0,0,2400,7.783224016336037,200.0,5.298317366548036,25.5,3.23867845216438,1,0,0,0,0,0,0,1,0,0,1,1,1,1,1,0,0,1,0,1,0,0,0,0,1,0,0,0,1,mixed,Cross-sector,France,France,1,0,2021,7.611347717403621,43,3.761200115693562,,,2007,2018,2012.5,7.607133009292719,12,2.484906649788,6,1.791759469228055,"Dakhli, Anissa, 'Does financial performance moderate the relationship between board attributes and corporate social responsibility in French firms?', Journal of Global Responsibility, 12, no. 4 (2021), 373–399."
33,Dakhli (2021),2,0.15704,0.027993,5.61,1,0,0,2400,7.783224016336037,200.0,5.298317366548036,25.5,3.23867845216438,1,0,0,0,0,0,0,1,0,0,1,1,1,1,1,0,0,1,0,1,0,0,0,0,1,0,0,0,1,mixed,Cross-sector,France,France,1,0,2021,7.611347717403621,43,3.761200115693562,,,2007,2018,2012.5,7.607133009292719,12,2.484906649788,11,2.397895272798371,"Dakhli, Anissa, 'Does financial performance moderate the relationship between board attributes and corporate social responsibility in French firms?', Journal of Global Responsibility, 12, no. 4 (2021), 373–399."
34,Dang et al. (2021),1,0.023921,0.011578,2.066073587839005,0,0,1,3236,8.082093278178382,369.0,5.910796644040527,16.0,2.772588722239781,1,0,0,0,0,0,0,1,0,0,1,1,1,1,0,0,1,0,0,0,1,0,0,0,1,0,0,0,1,mixed,Cross-sector,US,USA,1,0,2021,7.611347717403621,52,3.951243718581428,0.097,-2.333044300478754,2004,2015,2009.5,7.605641213889256,12,2.484906649788,7,1.945910149055313,"Dang, Rey, L'Hocine Houanti, Jean Michel Sahut, and Michel Simioni, 'Do women on corporate boards influence corporate social performance? A control function approach', Finance Research Letters, 39 (2021), 101645."
34,Dang et al. (2021),2,0.02123,0.02118,1.002360717658168,0,0,1,3236,8.082093278178382,369.0,5.910796644040527,16.0,2.772588722239781,0,1,0,0,0,0,0,1,0,0,1,1,1,1,0,0,1,0,0,0,1,0,0,0,1,0,0,0,1,mixed,Cross-sector,US,USA,1,0,2021,7.611347717403621,52,3.951243718581428,0.097,-2.333044300478754,2004,2015,2009.5,7.605641213889256,12,2.484906649788,7,1.945910149055313,"Dang, Rey, L'Hocine Houanti, Jean Michel Sahut, and Michel Simioni, 'Do women on corporate boards influence corporate social performance? A control function approach', Finance Research Letters, 39 (2021), 101645."
34,Dang et al. (2021),3,0.045067,0.030297,1.487507013895765,0,0,1,3236,8.082093278178382,369.0,5.910796644040527,16.0,2.772588722239781,0,0,0,1,0,0,0,1,0,1,0,1,1,1,0,0,1,0,0,0,1,0,0,0,1,0,0,0,1,mixed,Cross-sector,US,USA,1,0,2021,7.611347717403621,52,3.951243718581428,0.097,-2.333044300478754,2004,2015,2009.5,7.605641213889256,12,2.484906649788,7,1.945910149055313,"Dang, Rey, L'Hocine Houanti, Jean Michel Sahut, and Michel Simioni, 'Do women on corporate boards influence corporate social performance? A control function approach', Finance Research Letters, 39 (2021), 101645."
34,Dang et al. (2021),4,0.023502,0.011701,2.008546278095889,0,0,1,3236,8.082093278178382,369.0,5.910796644040527,16.0,2.772588722239781,1,0,0,0,0,0,0,1,0,0,1,1,1,1,0,0,1,0,0,0,1,0,0,0,1,0,0,0,1,mixed,Cross-sector,US,USA,1,0,2021,7.611347717403621,52,3.951243718581428,0.097,-2.333044300478754,2004,2015,2009.5,7.605641213889256,12,2.484906649788,7,1.945910149055313,"Dang, Rey, L'Hocine Houanti, Jean Michel Sahut, and Michel Simioni, 'Do women on corporate boards influence corporate social performance? A control function approach', Finance Research Letters, 39 (2021), 101645."
34,Dang et al. (2021),5,0.431849,0.251849,1.714713975437663,0,0,1,3236,8.082093278178382,369.0,5.910796644040527,16.0,2.772588722239781,0,0,1,0,0,0,0,1,0,0,1,1,1,1,0,0,1,0,0,0,1,0,0,0,1,0,0,0,1,mixed,Cross-sector,US,USA,1,0,2021,7.611347717403621,52,3.951243718581428,0.097,-2.333044300478754,2004,2015,2009.5,7.605641213889256,12,2.484906649788,7,1.945910149055313,"Dang, Rey, L'Hocine Houanti, Jean Michel Sahut, and Michel Simioni, 'Do women on corporate boards influence corporate social performance? A control function approach', Finance Research Letters, 39 (2021), 101645."
35,Dang et al. (2023b),1,1.286738,0.320874,4.010101010101009,1,0,0,3016,8.011686729127847,384.0,5.950642552587727,15.2,2.721295427852231,0,0,1,0,0,0,0,1,0,1,0,1,1,1,0,0,0,1,0,0,1,0,0,0,1,0,0,0,1,mixed,Cross-sector,US,USA,1,0,2023,7.612336837167746,8,2.079441541679836,0.019,-3.963316299815697,2004,2018,2011.0,7.606387389772652,15,2.70805020110221,9,2.19722457733622,"Dang, Rey, Lubica Hikkerova, Michel Simioni, and Jean Michel Sahut, 'How do women on corporate boards shape corporate social performance? Evidence drawn from semiparametric regression', Annals of Operations Research, 330, no. 1 (2023), 361–388."
36,de Klerk & Singh (2023),1,0.173,0.06113074204946996,2.83,0,0,1,451,6.111467339502679,112.75,4.725172978382788,22.4,3.109060958860994,1,0,0,0,0,0,0,1,0,1,0,0,0,0,0,0,0,1,1,0,0,0,0,0,1,0,0,1,0,healthcare,Healthcare,global,,1,0,2023,7.612336837167746,5,1.6094379124341,0.007,-4.961845129926823,2015,2018,2016.5,7.609118614313423,4,1.386294361119891,1,0.0,"de Klerk, Kylie and Favil Singh, 'Does Gender and Cultural Diversity Matter for Sustainability in Healthcare? Evidence from Global Organizations', Sustainability, 15, no. 15 (2023), 11695."
36,de Klerk & Singh (2023),2,0.151,0.0634453781512605,2.38,0,0,1,451,6.111467339502679,112.75,4.725172978382788,22.4,3.109060958860994,1,0,0,0,0,0,0,1,0,1,0,0,1,1,1,1,0,1,1,0,0,0,0,0,1,0,0,1,0,healthcare,Healthcare,global,,1,0,2023,7.612336837167746,5,1.6094379124341,0.007,-4.961845129926823,2015,2018,2016.5,7.609118614313423,4,1.386294361119891,17,2.833213344056216,"de Klerk, Kylie and Favil Singh, 'Does Gender and Cultural Diversity Matter for Sustainability in Healthcare? Evidence from Global Organizations', Sustainability, 15, no. 15 (2023), 11695."
36,de Klerk & Singh (2023),3,0.149,0.0626050420168067,2.38,0,0,1,451,6.111467339502679,112.75,4.725172978382788,22.4,3.109060958860994,1,0,0,0,0,0,0,1,0,1,0,0,1,1,1,1,0,1,1,0,0,0,0,0,1,0,0,1,0,healthcare,Healthcare,global,,1,0,2023,7.612336837167746,5,1.6094379124341,0.007,-4.961845129926823,2015,2018,2016.5,7.609118614313423,4,1.386294361119891,18,2.890371757896165,"de Klerk, Kylie and Favil Singh, 'Does Gender and Cultural Diversity Matter for Sustainability in Healthcare? Evidence from Global Organizations', Sustainability, 15, no. 15 (2023), 11695."
36,de Klerk & Singh (2023),4,0.147,0.0335616438356164,4.38,0,0,1,356,5.87493073085203,89.0,4.48863636973214,22.4,3.109060958860994,0,0,0,1,0,0,0,1,0,1,0,0,1,1,1,1,0,1,1,0,0,0,0,0,1,0,0,1,0,healthcare,Healthcare,global,,1,0,2023,7.612336837167746,5,1.6094379124341,0.007,-4.961845129926823,2015,2018,2016.5,7.609118614313423,4,1.386294361119891,18,2.890371757896165,"de Klerk, Kylie and Favil Singh, 'Does Gender and Cultural Diversity Matter for Sustainability in Healthcare? Evidence from Global Organizations', Sustainability, 15, no. 15 (2023), 11695."
36,de Klerk & Singh (2023),5,0.186,0.04,4.65,0,0,1,356,5.87493073085203,89.0,4.48863636973214,22.4,3.109060958860994,0,0,0,1,0,0,0,1,0,1,0,0,1,1,1,1,0,1,1,0,0,0,0,0,1,0,0,1,0,healthcare,Healthcare,global,,1,0,2023,7.612336837167746,5,1.6094379124341,0.007,-4.961845129926823,2015,2018,2016.5,7.609118614313423,4,1.386294361119891,18,2.890371757896165,"de Klerk, Kylie and Favil Singh, 'Does Gender and Cultural Diversity Matter for Sustainability in Healthcare? Evidence from Global Organizations', Sustainability, 15, no. 15 (2023), 11695."
37,De Masi et al. (2020),1,0.13,0.04377104377104377,2.97,0,0,1,303,5.713732805509369,35.0,3.555348061489414,14.69,2.687166990185786,0,1,0,0,0,0,0,1,0,0,1,0,1,1,1,0,1,0,0,1,0,0,0,0,1,0,0,0,1,mixed,Cross-sector,Italy,Italy,1,0,2021,7.611347717403621,156,5.049856007249537,0.072,-2.631089159966082,2005,2017,2011.0,7.606387389772652,13,2.564949357461537,5,1.6094379124341,"De Masi, Sara, Agnieszka Slomka-Golebiowska, Claudio Becagli, and Andrea Paci, 'Toward sustainable corporate behavior: The effect of the critical mass of female directors on environmental, social, and governance disclosure', Business Strategy and the Environment, 30, no. 4 (2021), 1865–1878."
38,Dicuonzo et al. (2024),1,0.448,0.069,6.492753623188405,0,0,1,180,5.19295685089021,180.0,5.19295685089021,26.33,3.270708973508218,1,0,0,0,0,0,0,0,1,0,1,1,1,1,1,0,0,1,1,0,0,0,0,0,1,0,1,0,0,banks,Financial Services,US&EU,,1,0,2024,7.612831030407357,11,2.397895272798371,0.071,-2.645075401940822,2022,2022,2022.0,7.611842399580417,1,0.0,8,2.079441541679836,"Dicuonzo, Grazia, Matteo Palmaccio, and Matilda Shini, 'ESG, governance variables and FinTech: an empirical analysis', Research in International Business and Finance, 69 (2024), 102205."
39,Disli et al. (2021),1,0.262,0.1190909090909091,2.2,0,0,1,1492,7.307872780763706,439.0,6.084499413075172,10.8,2.379546134130174,0,0,0,1,0,0,0,1,0,1,0,1,1,1,1,0,0,1,1,0,0,0,0,0,0,1,0,1,0,non-financial,Non-financial Firms,emerging,,1,0,2022,7.611842399580417,150,5.010635294096256,0.014,-4.268697949366879,2010,2019,2014.5,7.608126304631402,10,2.302585092994046,14,2.639057329615258,"Disli, Mustafa, Mustafa Kemal Yilmaz, and Farah Finn Mohamud Mohamed, 'Board characteristics and sustainability performance: empirical evidence from emerging markets', Sustainability Accounting, Management and Policy Journal, 13, no. 4 (2022), 929–952."
40,Donkor et al. (2023),1,0.223,0.048,4.645833333333333,0,0,1,715,6.572282542694007,98.0,4.584967478670572,25.1,3.222867846137738,0,1,0,0,0,0,0,1,0,0,1,1,1,1,1,0,0,1,0,0,0,0,0,1,1,0,0,0,1,mixed,Cross-sector,Australia,Australia,1,0,2023,7.612336837167746,14,2.639057329615258,0.007,-4.961845129926823,2011,2020,2015.5,7.608622582557221,10,2.302585092994046,10,2.302585092994046,"Donkor, Augustine, Terri Trireksani, and Hadrian Geri Djajadikerta, 'Board diversity and corporate sustainability performance: do CEO power and firm environmental sensitivity matter?', Sustainability, 15, no. 23 (2023), 16142."
40,Donkor et al. (2023),2,0.212,0.048,4.416666666666666,0,0,1,715,6.572282542694007,98.0,4.584967478670572,25.1,3.222867846137738,0,1,0,0,0,0,0,1,0,0,1,1,1,1,1,0,0,1,0,0,0,0,0,1,1,0,0,0,1,mixed,Cross-sector,Australia,Australia,1,0,2023,7.612336837167746,14,2.639057329615258,0.007,-4.961845129926823,2011,2020,2015.5,7.608622582557221,10,2.302585092994046,10,2.302585092994046,"Donkor, Augustine, Terri Trireksani, and Hadrian Geri Djajadikerta, 'Board diversity and corporate sustainability performance: do CEO power and firm environmental sensitivity matter?', Sustainability, 15, no. 23 (2023), 16142."
40,Donkor et al. (2023),3,0.201,0.049,4.102040816326531,0,0,1,715,6.572282542694007,98.0,4.584967478670572,25.1,3.222867846137738,0,1,0,0,0,0,0,1,0,0,1,1,1,1,1,0,0,1,0,0,0,0,0,1,1,0,0,0,1,mixed,Cross-sector,Australia,Australia,1,0,2023,7.612336837167746,14,2.639057329615258,0.007,-4.961845129926823,2011,2020,2015.5,7.608622582557221,10,2.302585092994046,10,2.302585092994046,"Donkor, Augustine, Terri Trireksani, and Hadrian Geri Djajadikerta, 'Board diversity and corporate sustainability performance: do CEO power and firm environmental sensitivity matter?', Sustainability, 15, no. 23 (2023), 16142."
40,Donkor et al. (2023),4,0.212,0.049,4.326530612244897,0,0,1,715,6.572282542694007,98.0,4.584967478670572,25.1,3.222867846137738,0,1,0,0,0,0,0,1,0,0,1,1,1,1,1,0,0,1,0,0,0,0,0,1,1,0,0,0,1,mixed,Cross-sector,Australia,Australia,1,0,2023,7.612336837167746,14,2.639057329615258,0.007,-4.961845129926823,2011,2020,2015.5,7.608622582557221,10,2.302585092994046,10,2.302585092994046,"Donkor, Augustine, Terri Trireksani, and Hadrian Geri Djajadikerta, 'Board diversity and corporate sustainability performance: do CEO power and firm environmental sensitivity matter?', Sustainability, 15, no. 23 (2023), 16142."
40,Donkor et al. (2023),5,0.199,0.05,3.98,0,0,1,715,6.572282542694007,98.0,4.584967478670572,25.1,3.222867846137738,0,1,0,0,0,0,0,1,0,0,1,1,1,1,1,0,0,1,0,0,0,0,0,1,1,0,0,0,1,mixed,Cross-sector,Australia,Australia,1,0,2023,7.612336837167746,14,2.639057329615258,0.007,-4.961845129926823,2011,2020,2015.5,7.608622582557221,10,2.302585092994046,10,2.302585092994046,"Donkor, Augustine, Terri Trireksani, and Hadrian Geri Djajadikerta, 'Board diversity and corporate sustainability performance: do CEO power and firm environmental sensitivity matter?', Sustainability, 15, no. 23 (2023), 16142."
40,Donkor et al. (2023),6,0.213,0.049,4.346938775510204,0,0,1,715,6.572282542694007,98.0,4.584967478670572,25.1,3.222867846137738,0,1,0,0,0,0,0,1,0,0,1,1,1,1,1,0,0,1,0,0,0,0,0,1,1,0,0,0,1,mixed,Cross-sector,Australia,Australia,1,0,2023,7.612336837167746,14,2.639057329615258,0.007,-4.961845129926823,2011,2020,2015.5,7.608622582557221,10,2.302585092994046,10,2.302585092994046,"Donkor, Augustine, Terri Trireksani, and Hadrian Geri Djajadikerta, 'Board diversity and corporate sustainability performance: do CEO power and firm environmental sensitivity matter?', Sustainability, 15, no. 23 (2023), 16142."
40,Donkor et al. (2023),7,0.199,0.05,3.98,0,0,1,715,6.572282542694007,98.0,4.584967478670572,25.1,3.222867846137738,0,1,0,0,0,0,0,1,0,0,1,1,1,1,1,0,0,1,0,0,0,0,0,1,1,0,0,0,1,mixed,Cross-sector,Australia,Australia,1,0,2023,7.612336837167746,14,2.639057329615258,0.007,-4.961845129926823,2011,2020,2015.5,7.60862258255723,10,2.30258509299405,10,2.30258509299405,"Donkor, Augustine, Terri Trireksani, and Hadrian Geri Djajadikerta, 'Board diversity and corporate sustainability performance: do CEO power and firm environmental sensitivity matter?', Sustainability, 15, no. 23 (2023), 16142."
40,Donkor et al. (2023),8,0.268,0.056,4.785714285714286,0,0,1,715,6.572282542694007,98.0,4.584967478670572,25.1,3.222867846137738,0,1,0,0,0,0,0,1,0,0,1,1,1,1,1,0,0,1,0,0,0,0,0,1,1,0,0,0,1,mixed,Cross-sector,Australia,Australia,1,0,2023,7.612336837167746,14,2.639057329615258,0.007,-4.961845129926823,2011,2020,2015.5,7.608622582557221,10,2.302585092994046,10,2.302585092994046,"Donkor, Augustine, Terri Trireksani, and Hadrian Geri Djajadikerta, 'Board diversity and corporate sustainability performance: do CEO power and firm environmental sensitivity matter?', Sustainability, 15, no. 23 (2023), 16142."
40,Donkor et al. (2023),9,0.134,0.083,1.614457831325301,0,1,0,715,6.572282542694007,98.0,4.584967478670572,25.1,3.222867846137738,0,1,0,0,0,0,0,1,0,0,1,1,1,1,1,0,0,1,0,0,0,0,0,1,1,0,0,0,1,mixed,Cross-sector,Australia,Australia,1,0,2023,7.612336837167746,14,2.639057329615258,0.007,-4.961845129926823,2011,2020,2015.5,7.608622582557221,10,2.302585092994046,12,2.484906649788,"Donkor, Augustine, Terri Trireksani, and Hadrian Geri Djajadikerta, 'Board diversity and corporate sustainability performance: do CEO power and firm environmental sensitivity matter?', Sustainability, 15, no. 23 (2023), 16142."
40,Donkor et al. (2023),10,0.221,0.157,1.407643312101911,0,1,0,715,6.572282542694007,98.0,4.584967478670572,25.1,3.222867846137738,0,1,0,0,0,0,0,1,0,0,1,1,1,1,1,0,0,1,0,0,0,0,0,1,1,0,0,0,1,mixed,Cross-sector,Australia,Australia,1,0,2023,7.612336837167746,14,2.639057329615258,0.007,-4.961845129926823,2011,2020,2015.5,7.608622582557221,10,2.302585092994046,12,2.484906649788,"Donkor, Augustine, Terri Trireksani, and Hadrian Geri Djajadikerta, 'Board diversity and corporate sustainability performance: do CEO power and firm environmental sensitivity matter?', Sustainability, 15, no. 23 (2023), 16142."
40,Donkor et al. (2023),11,0.209,0.05,4.18,0,0,1,627,6.440946540632921,98.0,4.584967478670572,25.1,3.222867846137738,0,0,1,0,0,0,0,1,0,1,0,1,1,1,1,0,0,1,0,0,0,0,0,1,1,0,0,0,1,mixed,Cross-sector,Australia,Australia,1,0,2023,7.612336837167746,14,2.639057329615258,0.007,-4.961845129926823,2011,2020,2015.5,7.608622582557221,10,2.302585092994046,10,2.302585092994046,"Donkor, Augustine, Terri Trireksani, and Hadrian Geri Djajadikerta, 'Board diversity and corporate sustainability performance: do CEO power and firm environmental sensitivity matter?', Sustainability, 15, no. 23 (2023), 16142."
40,Donkor et al. (2023),12,0.145,0.058,2.5,0,1,0,627,6.440946540632921,98.0,4.584967478670572,25.1,3.222867846137738,0,0,1,0,0,0,0,1,0,1,0,1,1,1,1,0,0,1,0,0,0,0,0,1,1,0,0,0,1,mixed,Cross-sector,Australia,Australia,1,0,2023,7.612336837167746,14,2.639057329615258,0.007,-4.961845129926823,2011,2020,2015.5,7.608622582557221,10,2.302585092994046,12,2.484906649788,"Donkor, Augustine, Terri Trireksani, and Hadrian Geri Djajadikerta, 'Board diversity and corporate sustainability performance: do CEO power and firm environmental sensitivity matter?', Sustainability, 15, no. 23 (2023), 16142."
40,Donkor et al. (2023),13,0.677,0.09,7.522222222222223,0,0,1,627,6.440946540632921,98.0,4.584967478670572,25.1,3.222867846137738,0,0,1,0,0,0,0,1,0,1,0,1,1,1,1,0,0,1,0,0,0,0,0,1,1,0,0,0,1,mixed,Cross-sector,Australia,Australia,1,0,2023,7.612336837167746,14,2.639057329615258,0.007,-4.961845129926823,2011,2020,2015.5,7.608622582557221,10,2.302585092994046,10,2.302585092994046,"Donkor, Augustine, Terri Trireksani, and Hadrian Geri Djajadikerta, 'Board diversity and corporate sustainability performance: do CEO power and firm environmental sensitivity matter?', Sustainability, 15, no. 23 (2023), 16142."
40,Donkor et al. (2023),14,0.183,0.139,1.316546762589928,0,1,0,627,6.440946540632921,98.0,4.584967478670572,25.1,3.222867846137738,0,0,1,0,0,0,0,1,0,1,0,1,1,1,1,0,0,1,0,0,0,0,0,1,1,0,0,0,1,mixed,Cross-sector,Australia,Australia,1,0,2023,7.612336837167746,14,2.639057329615258,0.007,-4.961845129926823,2011,2020,2015.5,7.608622582557221,10,2.302585092994046,12,2.484906649788,"Donkor, Augustine, Terri Trireksani, and Hadrian Geri Djajadikerta, 'Board diversity and corporate sustainability performance: do CEO power and firm environmental sensitivity matter?', Sustainability, 15, no. 23 (2023), 16142."
40,Donkor et al. (2023),15,-2.7988,0.635,-4.40755905511811,0,1,0,627,6.440946540632921,98.0,4.584967478670572,25.1,3.222867846137738,0,0,1,0,0,0,0,1,0,1,0,1,1,1,1,0,0,1,0,0,0,0,0,1,1,0,0,0,1,mixed,Cross-sector,Australia,Australia,1,0,2023,7.612336837167746,14,2.639057329615258,0.007,-4.961845129926823,2011,2020,2015.5,7.608622582557221,10,2.302585092994046,12,2.484906649788,"Donkor, Augustine, Terri Trireksani, and Hadrian Geri Djajadikerta, 'Board diversity and corporate sustainability performance: do CEO power and firm environmental sensitivity matter?', Sustainability, 15, no. 23 (2023), 16142."
40,Donkor et al. (2023),16,0.224,0.051,4.392156862745098,0,0,1,640,6.461468176353717,98.0,4.584967478670572,25.1,3.222867846137738,0,1,0,0,0,0,0,1,0,0,1,1,1,1,1,0,0,1,0,0,0,0,0,1,1,0,0,0,1,mixed,Cross-sector,Australia,Australia,1,0,2023,7.612336837167746,14,2.639057329615258,0.007,-4.961845129926823,2011,2020,2015.5,7.608622582557221,10,2.302585092994046,12,2.484906649788,"Donkor, Augustine, Terri Trireksani, and Hadrian Geri Djajadikerta, 'Board diversity and corporate sustainability performance: do CEO power and firm environmental sensitivity matter?', Sustainability, 15, no. 23 (2023), 16142."
40,Donkor et al. (2023),17,0.214,0.051,4.196078431372549,0,0,1,640,6.461468176353717,98.0,4.584967478670572,25.1,3.222867846137738,0,1,0,0,0,0,0,1,0,0,1,1,1,1,1,0,0,1,0,0,0,0,0,1,1,0,0,0,1,mixed,Cross-sector,Australia,Australia,1,0,2023,7.612336837167746,14,2.639057329615258,0.007,-4.961845129926823,2011,2020,2015.5,7.608622582557221,10,2.302585092994046,12,2.484906649788,"Donkor, Augustine, Terri Trireksani, and Hadrian Geri Djajadikerta, 'Board diversity and corporate sustainability performance: do CEO power and firm environmental sensitivity matter?', Sustainability, 15, no. 23 (2023), 16142."
40,Donkor et al. (2023),18,0.285,0.058,4.913793103448275,0,0,1,640,6.461468176353717,98.0,4.584967478670572,25.1,3.222867846137738,0,1,0,0,0,0,0,1,0,1,0,1,1,1,1,0,0,1,0,0,0,0,0,1,1,0,0,0,1,mixed,Cross-sector,Australia,Australia,1,0,2023,7.612336837167746,14,2.639057329615258,0.007,-4.961845129926823,2011,2020,2015.5,7.608622582557221,10,2.302585092994046,10,2.302585092994046,"Donkor, Augustine, Terri Trireksani, and Hadrian Geri Djajadikerta, 'Board diversity and corporate sustainability performance: do CEO power and firm environmental sensitivity matter?', Sustainability, 15, no. 23 (2023), 16142."
40,Donkor et al. (2023),19,0.12,0.1096,1.094890510948905,0,1,0,640,6.461468176353717,98.0,4.584967478670572,25.1,3.222867846137738,0,1,0,0,0,0,0,1,0,1,0,1,1,1,1,0,0,1,0,0,0,0,0,1,1,0,0,0,1,mixed,Cross-sector,Australia,Australia,1,0,2023,7.612336837167746,14,2.639057329615258,0.007,-4.961845129926823,2011,2020,2015.5,7.608622582557221,10,2.302585092994046,12,2.484906649788,"Donkor, Augustine, Terri Trireksani, and Hadrian Geri Djajadikerta, 'Board diversity and corporate sustainability performance: do CEO power and firm environmental sensitivity matter?', Sustainability, 15, no. 23 (2023), 16142."
40,Donkor et al. (2023),20,0.244,0.177,1.378531073446328,0,1,0,640,6.461468176353717,98.0,4.584967478670572,25.1,3.222867846137738,0,1,0,0,0,0,0,1,0,1,0,1,1,1,1,0,0,1,0,0,0,0,0,1,1,0,0,0,1,mixed,Cross-sector,Australia,Australia,1,0,2023,7.612336837167746,14,2.639057329615258,0.007,-4.961845129926823,2011,2020,2015.5,7.608622582557221,10,2.302585092994046,12,2.484906649788,"Donkor, Augustine, Terri Trireksani, and Hadrian Geri Djajadikerta, 'Board diversity and corporate sustainability performance: do CEO power and firm environmental sensitivity matter?', Sustainability, 15, no. 23 (2023), 16142."
41,Ellili (2022),1,0.8747,0.1930905077262693,4.53,0,0,1,300,5.703782474656201,30.0,3.401197381662155,1.88,0.6312717768418578,0,1,0,0,0,0,0,1,0,0,1,1,1,0,0,0,1,0,0,0,0,0,1,0,0,1,0,0,1,mixed,Cross-sector,UAE,Middle East,1,0,2023,7.612336837167746,35,3.555348061489414,0.049,-3.01593498087151,2010,2019,2014.5,7.608126304631402,10,2.302585092994046,4,1.386294361119891,"Ellili, Nejla Ould Daoud, 'Impact of corporate governance on environmental, social, and governance disclosure: Any difference between financial and non-financial companies?', Corporate Social Responsibility and Environmental Management, 30, no. 2 (2023), 858–873."
41,Ellili (2022),2,0.7585,0.2038978494623656,3.72,0,0,1,300,5.703782474656201,30.0,3.401197381662155,1.88,0.6312717768418578,0,1,0,0,0,0,0,1,0,0,1,1,1,1,1,0,1,0,0,0,0,0,1,0,0,1,0,0,1,mixed,Cross-sector,UAE,Middle East,1,0,2023,7.612336837167746,35,3.555348061489414,0.049,-3.01593498087151,2010,2019,2014.5,7.608126304631402,10,2.302585092994046,6,1.791759469228055,"Ellili, Nejla Ould Daoud, 'Impact of corporate governance on environmental, social, and governance disclosure: Any difference between financial and non-financial companies?', Corporate Social Responsibility and Environmental Management, 30, no. 2 (2023), 858–873."
41,Ellili (2022),3,0.8721,0.3928378378378378,2.22,0,0,1,130,4.867534450455582,13.0,2.564949357461537,2.29,0.8285518175661483,0,1,0,0,0,0,0,1,0,0,1,1,1,0,0,0,1,0,0,0,0,0,1,0,0,1,1,0,0,financial,Financial Services,UAE,Middle East,1,0,2023,7.612336837167746,35,3.555348061489414,0.049,-3.01593498087151,2010,2019,2014.5,7.608126304631402,10,2.302585092994046,4,1.386294361119891,"Ellili, Nejla Ould Daoud, 'Impact of corporate governance on environmental, social, and governance disclosure: Any difference between financial and non-financial companies?', Corporate Social Responsibility and Environmental Management, 30, no. 2 (2023), 858–873."
41,Ellili (2022),4,1.0637,0.3706271777003485,2.87,0,0,1,130,4.867534450455582,13.0,2.564949357461537,2.29,0.8285518175661483,0,1,0,0,0,0,0,1,0,0,1,1,1,1,1,0,1,0,0,0,0,0,1,0,0,1,1,0,0,financial,Financial Services,UAE,Middle East,1,0,2023,7.612336837167746,35,3.555348061489414,0.049,-3.01593498087151,2010,2019,2014.5,7.608126304631402,10,2.302585092994046,6,1.791759469228055,"Ellili, Nejla Ould Daoud, 'Impact of corporate governance on environmental, social, and governance disclosure: Any difference between financial and non-financial companies?', Corporate Social Responsibility and Environmental Management, 30, no. 2 (2023), 858–873."
41,Ellili (2022),5,0.8668,0.2234020618556701,3.88,0,0,1,170,5.135798437050262,17.0,2.833213344056216,1.63,0.4885800148186709,0,1,0,0,0,0,0,1,0,0,1,1,1,0,0,0,1,0,0,0,0,0,1,0,0,1,0,1,0,non-financial,Non-financial Firms,UAE,Middle East,1,0,2023,7.612336837167746,35,3.555348061489414,0.049,-3.01593498087151,2010,2019,2014.5,7.608126304631402,10,2.302585092994046,4,1.386294361119891,"Ellili, Nejla Ould Daoud, 'Impact of corporate governance on environmental, social, and governance disclosure: Any difference between financial and non-financial companies?', Corporate Social Responsibility and Environmental Management, 30, no. 2 (2023), 858–873."
41,Ellili (2022),6,0.7464,0.23325,3.2,0,0,1,170,5.135798437050262,17.0,2.833213344056216,1.63,0.4885800148186709,0,1,0,0,0,0,0,1,0,0,1,1,1,1,1,0,1,0,0,0,0,0,1,0,0,1,0,1,0,non-financial,Non-financial Firms,UAE,Middle East,1,0,2023,7.612336837167746,35,3.555348061489414,0.049,-3.01593498087151,2010,2019,2014.5,7.608126304631402,10,2.302585092994046,6,1.791759469228055,"Ellili, Nejla Ould Daoud, 'Impact of corporate governance on environmental, social, and governance disclosure: Any difference between financial and non-financial companies?', Corporate Social Responsibility and Environmental Management, 30, no. 2 (2023), 858–873."
41,Ellili (2022),7,0.7501,0.2066391184573003,3.63,0,0,1,300,5.703782474656201,30.0,3.401197381662155,1.88,0.6312717768418578,0,1,0,0,0,0,0,1,0,0,1,1,1,1,1,0,1,0,0,0,0,0,1,0,0,1,0,0,1,mixed,Cross-sector,UAE,Middle East,1,0,2023,7.612336837167746,35,3.555348061489414,0.049,-3.01593498087151,2010,2019,2014.5,7.608126304631402,10,2.302585092994046,10,2.302585092994046,"Ellili, Nejla Ould Daoud, 'Impact of corporate governance on environmental, social, and governance disclosure: Any difference between financial and non-financial companies?', Corporate Social Responsibility and Environmental Management, 30, no. 2 (2023), 858–873."
41,Ellili (2022),8,1.344,0.2890322580645161,4.65,0,0,1,130,4.867534450455582,13.0,2.564949357461537,2.29,0.8285518175661483,0,1,0,0,0,0,0,1,0,0,1,1,1,1,1,0,1,0,0,0,0,0,1,0,0,1,1,0,0,financial,Financial Services,UAE,Middle East,1,0,2023,7.612336837167746,35,3.555348061489414,0.049,-3.01593498087151,2010,2019,2014.5,7.608126304631402,10,2.302585092994046,10,2.302585092994046,"Ellili, Nejla Ould Daoud, 'Impact of corporate governance on environmental, social, and governance disclosure: Any difference between financial and non-financial companies?', Corporate Social Responsibility and Environmental Management, 30, no. 2 (2023), 858–873."
41,Ellili (2022),9,0.7843,0.2279941860465116,3.44,0,0,1,170,5.135798437050262,17.0,2.833213344056216,1.63,0.4885800148186709,0,1,0,0,0,0,0,1,0,0,1,1,1,1,1,0,1,0,0,0,0,0,1,0,0,1,0,1,0,non-financial,Non-financial Firms,UAE,Middle East,1,0,2023,7.612336837167746,35,3.555348061489414,0.049,-3.01593498087151,2010,2019,2014.5,7.608126304631402,10,2.302585092994046,10,2.302585092994046,"Ellili, Nejla Ould Daoud, 'Impact of corporate governance on environmental, social, and governance disclosure: Any difference between financial and non-financial companies?', Corporate Social Responsibility and Environmental Management, 30, no. 2 (2023), 858–873."
41,Ellili (2022),10,1.3989,0.2189201877934273,6.39,0,0,1,300,5.703782474656201,30.0,3.401197381662155,1.88,0.6312717768418578,0,1,0,0,0,0,0,1,0,1,0,1,1,1,1,0,1,0,0,0,0,0,1,0,0,1,0,0,1,mixed,Cross-sector,UAE,Middle East,1,0,2023,7.612336837167746,35,3.555348061489414,0.049,-3.01593498087151,2010,2019,2014.5,7.608126304631402,10,2.302585092994046,10,2.302585092994046,"Ellili, Nejla Ould Daoud, 'Impact of corporate governance on environmental, social, and governance disclosure: Any difference between financial and non-financial companies?', Corporate Social Responsibility and Environmental Management, 30, no. 2 (2023), 858–873."
41,Ellili (2022),11,1.211,0.3004962779156328,4.03,0,0,1,130,4.867534450455582,13.0,2.564949357461537,2.29,0.8285518175661483,0,1,0,0,0,0,0,1,0,1,0,1,1,1,1,0,1,0,0,0,0,0,1,0,0,1,1,0,0,financial,Financial Services,UAE,Middle East,1,0,2023,7.612336837167746,35,3.555348061489414,0.049,-3.01593498087151,2010,2019,2014.5,7.608126304631402,10,2.302585092994046,10,2.302585092994046,"Ellili, Nejla Ould Daoud, 'Impact of corporate governance on environmental, social, and governance disclosure: Any difference between financial and non-financial companies?', Corporate Social Responsibility and Environmental Management, 30, no. 2 (2023), 858–873."
41,Ellili (2022),12,1.4191,0.3032264957264957,4.68,0,0,1,170,5.135798437050262,17.0,2.833213344056216,1.63,0.4885800148186709,0,1,0,0,0,0,0,1,0,1,0,1,1,1,1,0,1,0,0,0,0,0,1,0,0,1,0,1,0,non-financial,Non-financial Firms,UAE,Middle East,1,0,2023,7.612336837167746,35,3.555348061489414,0.049,-3.01593498087151,2010,2019,2014.5,7.608126304631402,10,2.302585092994046,10,2.302585092994046,"Ellili, Nejla Ould Daoud, 'Impact of corporate governance on environmental, social, and governance disclosure: Any difference between financial and non-financial companies?', Corporate Social Responsibility and Environmental Management, 30, no. 2 (2023), 858–873."
42,Fahad & Rahman (2020),1,-0.157,0.08010204081632653,-1.96,1,0,0,3860,8.258422462458876,386.0,5.955837369464831,6.72,1.905088154535058,0,1,0,0,0,0,0,1,0,0,1,1,1,1,0,1,1,0,0,0,0,1,0,0,0,1,0,0,1,mixed,Cross-sector,India,India,1,0,2020,7.61085279039525,185,5.220355825078324,0.008,-4.828313737302302,2007,2016,2011.5,7.606635991389843,10,2.302585092994046,15,2.70805020110221,"Fahad, P and P Mubarak Rahman, 'Impact of corporate governance on CSR disclosure', International Journal of Disclosure and Governance, 17, no. 2 (2020), 155–167."
43,Gaio & Goncalves (2022),1,0.0767,0.01817535545023697,4.22,0,0,1,1750,7.467371066917559,268.0,5.590986980510857,49.34,3.898735111101211,1,0,0,0,0,0,0,1,0,0,1,0,1,0,0,0,0,1,0,1,0,0,0,0,1,0,0,0,1,mixed,Cross-sector,EU,Europe,1,0,2022,7.611842399580417,58,4.060443010546419,,,2013,2019,2016.0,7.60887062919126,7,1.945910149055313,4,1.386294361119891,"Gaio, Cristina and Tiago Cruz Goncalves, 'Gender diversity on the board and firms’ corporate social responsibility', International Journal of Financial Studies, 10, no. 1 (2022), 15."
43,Gaio & Goncalves (2022),2,0.0545,0.01038095238095238,5.25,0,0,1,1750,7.467371066917559,268.0,5.590986980510857,49.34,3.898735111101211,0,1,0,0,0,0,0,1,0,0,1,0,1,0,0,0,0,1,0,1,0,0,0,0,1,0,0,0,1,mixed,Cross-sector,EU,Europe,1,0,2022,7.611842399580417,58,4.060443010546419,,,2013,2019,2016.0,7.60887062919126,7,1.945910149055313,4,1.386294361119891,"Gaio, Cristina and Tiago Cruz Goncalves, 'Gender diversity on the board and firms’ corporate social responsibility', International Journal of Financial Studies, 10, no. 1 (2022), 15."
43,Gaio & Goncalves (2022),3,0.0505,0.01304909560723514,3.87,0,0,1,1173,7.067319848653476,268.0,5.590986980510857,49.34,3.898735111101211,0,0,0,1,0,0,0,1,0,1,0,0,1,0,0,0,0,1,0,1,0,0,0,0,1,0,0,0,1,mixed,Cross-sector,EU,Europe,1,0,2022,7.611842399580417,58,4.060443010546419,,,2013,2019,2016.0,7.60887062919126,7,1.945910149055313,4,1.386294361119891,"Gaio, Cristina and Tiago Cruz Goncalves, 'Gender diversity on the board and firms’ corporate social responsibility', International Journal of Financial Studies, 10, no. 1 (2022), 15."
44,Gerged et al. (2023),1,0.157,0.003,52.33333333333334,0,0,1,1501,7.313886831633462,137.0,4.919980925828125,15.016,2.709116299284207,0,0,0,0,0,1,1,1,0,0,1,1,0,0,0,1,1,0,1,0,0,0,0,0,0,0,0,1,0,H&T,Services & Hospitality,global,,1,0,2023,7.612336837167746,20,2.995732273553991,,,2010,2020,2015.0,7.608374474380783,11,2.397895272798371,17,2.833213344056216,"Gerged, Ali Meftah, Mi Tran, and Eshani S Beddewela, 'Engendering pro-sustainable performance through a multi-layered gender diversity criterion: Evidence from the hospitality and tourism sector', Journal of Travel Research, 62, no. 5 (2023), 1047–1076."
44,Gerged et al. (2023),2,0.163,0.001,163.0,0,0,1,1501,7.313886831633462,137.0,4.919980925828125,15.016,2.709116299284207,0,0,0,0,0,1,1,1,0,0,1,1,0,0,0,1,1,0,1,0,0,0,0,0,0,0,0,1,0,H&T,Services & Hospitality,global,,1,0,2023,7.612336837167746,20,2.995732273553991,,,2010,2020,2015.0,7.608374474380783,11,2.397895272798371,17,2.833213344056216,"Gerged, Ali Meftah, Mi Tran, and Eshani S Beddewela, 'Engendering pro-sustainable performance through a multi-layered gender diversity criterion: Evidence from the hospitality and tourism sector', Journal of Travel Research, 62, no. 5 (2023), 1047–1076."
44,Gerged et al. (2023),3,0.11,0.024,4.583333333333333,0,0,1,1501,7.313886831633462,137.0,4.919980925828125,15.016,2.709116299284207,0,0,0,0,0,1,1,1,0,0,1,1,0,0,0,1,1,0,1,0,0,0,0,0,0,0,0,1,0,H&T,Services & Hospitality,global,,1,0,2023,7.612336837167746,20,2.995732273553991,,,2010,2020,2015.0,7.608374474380783,11,2.397895272798371,17,2.833213344056216,"Gerged, Ali Meftah, Mi Tran, and Eshani S Beddewela, 'Engendering pro-sustainable performance through a multi-layered gender diversity criterion: Evidence from the hospitality and tourism sector', Journal of Travel Research, 62, no. 5 (2023), 1047–1076."
44,Gerged et al. (2023),4,0.173,0.005,34.59999999999999,0,0,1,1501,7.313886831633462,137.0,4.919980925828125,15.016,2.709116299284207,0,0,0,0,0,1,1,1,0,0,1,1,0,0,0,1,1,0,1,0,0,0,0,0,0,0,0,1,0,H&T,Services & Hospitality,global,,1,0,2023,7.612336837167746,20,2.995732273553991,,,2010,2020,2015.0,7.608374474380783,11,2.397895272798371,17,2.833213344056216,"Gerged, Ali Meftah, Mi Tran, and Eshani S Beddewela, 'Engendering pro-sustainable performance through a multi-layered gender diversity criterion: Evidence from the hospitality and tourism sector', Journal of Travel Research, 62, no. 5 (2023), 1047–1076."
44,Gerged et al. (2023),5,0.187,0.007,26.71428571428572,0,0,1,1501,7.313886831633462,137.0,4.919980925828125,15.016,2.709116299284207,0,0,0,0,0,1,1,1,0,0,1,1,0,0,0,1,1,0,1,0,0,0,0,0,0,0,0,1,0,H&T,Services & Hospitality,global,,1,0,2023,7.612336837167746,20,2.995732273553991,,,2010,2020,2015.0,7.608374474380783,11,2.397895272798371,17,2.833213344056216,"Gerged, Ali Meftah, Mi Tran, and Eshani S Beddewela, 'Engendering pro-sustainable performance through a multi-layered gender diversity criterion: Evidence from the hospitality and tourism sector', Journal of Travel Research, 62, no. 5 (2023), 1047–1076."
44,Gerged et al. (2023),6,0.178,0.003,59.33333333333333,0,0,1,1501,7.313886831633462,137.0,4.919980925828125,15.016,2.709116299284207,0,0,0,0,0,1,1,1,0,0,1,1,0,0,0,1,1,0,1,0,0,0,0,0,0,0,0,1,0,H&T,Services & Hospitality,global,,1,0,2023,7.612336837167746,20,2.995732273553991,,,2010,2020,2015.0,7.608374474380783,11,2.397895272798371,17,2.833213344056216,"Gerged, Ali Meftah, Mi Tran, and Eshani S Beddewela, 'Engendering pro-sustainable performance through a multi-layered gender diversity criterion: Evidence from the hospitality and tourism sector', Journal of Travel Research, 62, no. 5 (2023), 1047–1076."
44,Gerged et al. (2023),7,0.164,0.016,10.25,0,0,1,1501,7.313886831633462,137.0,4.919980925828125,15.016,2.709116299284207,0,0,0,0,0,1,1,1,0,0,1,1,0,0,0,1,1,0,1,0,0,0,0,0,0,0,0,1,0,H&T,Services & Hospitality,global,,1,0,2023,7.612336837167746,20,2.995732273553991,,,2010,2020,2015.0,7.608374474380783,11,2.397895272798371,17,2.833213344056216,"Gerged, Ali Meftah, Mi Tran, and Eshani S Beddewela, 'Engendering pro-sustainable performance through a multi-layered gender diversity criterion: Evidence from the hospitality and tourism sector', Journal of Travel Research, 62, no. 5 (2023), 1047–1076."
44,Gerged et al. (2023),8,0.131,0.002,65.5,0,0,1,1501,7.313886831633462,137.0,4.919980925828125,15.016,2.709116299284207,0,0,0,0,0,1,1,1,0,0,1,1,0,0,0,1,1,0,1,0,0,0,0,0,0,0,0,1,0,H&T,Services & Hospitality,global,,1,0,2023,7.612336837167746,20,2.995732273553991,,,2010,2020,2015.0,7.608374474380783,11,2.397895272798371,17,2.833213344056216,"Gerged, Ali Meftah, Mi Tran, and Eshani S Beddewela, 'Engendering pro-sustainable performance through a multi-layered gender diversity criterion: Evidence from the hospitality and tourism sector', Journal of Travel Research, 62, no. 5 (2023), 1047–1076."
44,Gerged et al. (2023),9,0.064,0.006,10.66666666666667,0,0,1,1501,7.313886831633462,137.0,4.919980925828125,15.016,2.709116299284207,0,0,0,0,0,1,1,1,0,0,1,1,0,0,0,1,1,0,1,0,0,0,0,0,0,0,0,1,0,H&T,Services & Hospitality,global,,1,0,2023,7.612336837167746,20,2.995732273553991,,,2010,2020,2015.0,7.608374474380783,11,2.397895272798371,17,2.833213344056216,"Gerged, Ali Meftah, Mi Tran, and Eshani S Beddewela, 'Engendering pro-sustainable performance through a multi-layered gender diversity criterion: Evidence from the hospitality and tourism sector', Journal of Travel Research, 62, no. 5 (2023), 1047–1076."
44,Gerged et al. (2023),10,0.04,0.006,6.666666666666667,0,0,1,1501,7.313886831633462,137.0,4.919980925828125,15.016,2.709116299284207,0,0,0,0,0,1,1,1,0,0,1,1,0,0,0,1,1,0,1,0,0,0,0,0,0,0,0,1,0,H&T,Services & Hospitality,global,,1,0,2023,7.612336837167746,20,2.995732273553991,,,2010,2020,2015.0,7.608374474380783,11,2.397895272798371,17,2.833213344056216,"Gerged, Ali Meftah, Mi Tran, and Eshani S Beddewela, 'Engendering pro-sustainable performance through a multi-layered gender diversity criterion: Evidence from the hospitality and tourism sector', Journal of Travel Research, 62, no. 5 (2023), 1047–1076."
44,Gerged et al. (2023),11,0.167,0.0004,417.5,1,0,0,492,6.198478716492308,45.0,3.80666248977032,15.016,2.709116299284207,0,0,0,0,0,1,1,1,0,0,1,1,0,0,0,1,1,0,1,0,0,0,0,0,0,0,0,1,0,H&T,Services & Hospitality,global,,1,0,2023,7.612336837167746,20,2.995732273553991,,,2010,2020,2015.0,7.608374474380783,11,2.397895272798371,19,2.94443897916644,"Gerged, Ali Meftah, Mi Tran, and Eshani S Beddewela, 'Engendering pro-sustainable performance through a multi-layered gender diversity criterion: Evidence from the hospitality and tourism sector', Journal of Travel Research, 62, no. 5 (2023), 1047–1076."
44,Gerged et al. (2023),12,0.143,0.001,143.0,0,0,1,492,6.198478716492308,45.0,3.80666248977032,15.016,2.709116299284207,0,0,0,0,0,1,1,1,0,0,1,1,0,0,0,1,1,0,1,0,0,0,0,0,0,0,0,1,0,H&T,Services & Hospitality,global,,1,0,2023,7.612336837167746,20,2.995732273553991,,,2010,2020,2015.0,7.608374474380783,11,2.397895272798371,19,2.94443897916644,"Gerged, Ali Meftah, Mi Tran, and Eshani S Beddewela, 'Engendering pro-sustainable performance through a multi-layered gender diversity criterion: Evidence from the hospitality and tourism sector', Journal of Travel Research, 62, no. 5 (2023), 1047–1076."
44,Gerged et al. (2023),13,0.134,0.0004,335.0,1,0,0,492,6.198478716492308,45.0,3.80666248977032,15.016,2.709116299284207,0,0,0,0,0,1,1,1,0,0,1,1,0,0,0,1,1,0,1,0,0,0,0,0,0,0,0,1,0,H&T,Services & Hospitality,global,,1,0,2023,7.612336837167746,20,2.995732273553991,,,2010,2020,2015.0,7.608374474380783,11,2.397895272798371,19,2.94443897916644,"Gerged, Ali Meftah, Mi Tran, and Eshani S Beddewela, 'Engendering pro-sustainable performance through a multi-layered gender diversity criterion: Evidence from the hospitality and tourism sector', Journal of Travel Research, 62, no. 5 (2023), 1047–1076."
44,Gerged et al. (2023),14,0.106,0.003,35.33333333333333,0,0,1,492,6.198478716492308,45.0,3.80666248977032,15.016,2.709116299284207,0,0,0,0,0,1,1,1,0,0,1,1,0,0,0,1,1,0,1,0,0,0,0,0,0,0,0,1,0,H&T,Services & Hospitality,global,,1,0,2023,7.612336837167746,20,2.995732273553991,,,2010,2020,2015.0,7.608374474380783,11,2.397895272798371,19,2.94443897916644,"Gerged, Ali Meftah, Mi Tran, and Eshani S Beddewela, 'Engendering pro-sustainable performance through a multi-layered gender diversity criterion: Evidence from the hospitality and tourism sector', Journal of Travel Research, 62, no. 5 (2023), 1047–1076."
44,Gerged et al. (2023),15,0.091,0.003,30.33333333333333,0,0,1,492,6.198478716492308,45.0,3.80666248977032,15.016,2.709116299284207,0,0,0,0,0,1,1,1,0,0,1,1,0,0,0,1,1,0,1,0,0,0,0,0,0,0,0,1,0,H&T,Services & Hospitality,global,,1,0,2023,7.612336837167746,20,2.995732273553991,,,2010,2020,2015.0,7.608374474380783,11,2.397895272798371,19,2.94443897916644,"Gerged, Ali Meftah, Mi Tran, and Eshani S Beddewela, 'Engendering pro-sustainable performance through a multi-layered gender diversity criterion: Evidence from the hospitality and tourism sector', Journal of Travel Research, 62, no. 5 (2023), 1047–1076."
44,Gerged et al. (2023),16,0.079,0.004,19.75,0,0,1,492,6.198478716492308,45.0,3.80666248977032,15.016,2.709116299284207,0,0,0,0,0,1,1,1,0,0,1,1,0,0,0,1,1,0,1,0,0,0,0,0,0,0,0,1,0,H&T,Services & Hospitality,global,,1,0,2023,7.612336837167746,20,2.995732273553991,,,2010,2020,2015.0,7.608374474380783,11,2.397895272798371,19,2.94443897916644,"Gerged, Ali Meftah, Mi Tran, and Eshani S Beddewela, 'Engendering pro-sustainable performance through a multi-layered gender diversity criterion: Evidence from the hospitality and tourism sector', Journal of Travel Research, 62, no. 5 (2023), 1047–1076."
44,Gerged et al. (2023),17,0.162,0.002,81.0,0,0,1,492,6.198478716492308,45.0,3.80666248977032,15.016,2.709116299284207,0,0,0,0,0,1,1,1,0,0,1,1,0,0,0,1,1,0,1,0,0,0,0,0,0,0,0,1,0,H&T,Services & Hospitality,global,,1,0,2023,7.612336837167746,20,2.995732273553991,,,2010,2020,2015.0,7.608374474380783,11,2.397895272798371,19,2.94443897916644,"Gerged, Ali Meftah, Mi Tran, and Eshani S Beddewela, 'Engendering pro-sustainable performance through a multi-layered gender diversity criterion: Evidence from the hospitality and tourism sector', Journal of Travel Research, 62, no. 5 (2023), 1047–1076."
44,Gerged et al. (2023),18,0.239,0.004,59.74999999999999,0,0,1,492,6.198478716492308,45.0,3.80666248977032,15.016,2.709116299284207,0,0,0,0,0,1,1,1,0,0,1,1,0,0,0,1,1,0,1,0,0,0,0,0,0,0,0,1,0,H&T,Services & Hospitality,global,,1,0,2023,7.612336837167746,20,2.995732273553991,,,2010,2020,2015.0,7.608374474380783,11,2.397895272798371,19,2.94443897916644,"Gerged, Ali Meftah, Mi Tran, and Eshani S Beddewela, 'Engendering pro-sustainable performance through a multi-layered gender diversity criterion: Evidence from the hospitality and tourism sector', Journal of Travel Research, 62, no. 5 (2023), 1047–1076."
44,Gerged et al. (2023),19,0.151,0.002,75.5,0,0,1,492,6.198478716492308,45.0,3.80666248977032,15.016,2.709116299284207,0,0,0,0,0,1,1,1,0,0,1,1,0,0,0,1,1,0,1,0,0,0,0,0,0,0,0,1,0,H&T,Services & Hospitality,global,,1,0,2023,7.612336837167746,20,2.995732273553991,,,2010,2020,2015.0,7.608374474380783,11,2.397895272798371,19,2.94443897916644,"Gerged, Ali Meftah, Mi Tran, and Eshani S Beddewela, 'Engendering pro-sustainable performance through a multi-layered gender diversity criterion: Evidence from the hospitality and tourism sector', Journal of Travel Research, 62, no. 5 (2023), 1047–1076."
44,Gerged et al. (2023),20,0.103,0.001,103.0,0,0,1,492,6.198478716492308,45.0,3.80666248977032,15.016,2.709116299284207,0,0,0,0,0,1,1,1,0,0,1,1,0,0,0,1,1,0,1,0,0,0,0,0,0,0,0,1,0,H&T,Services & Hospitality,global,,1,0,2023,7.612336837167746,20,2.995732273553991,,,2010,2020,2015.0,7.608374474380783,11,2.397895272798371,19,2.94443897916644,"Gerged, Ali Meftah, Mi Tran, and Eshani S Beddewela, 'Engendering pro-sustainable performance through a multi-layered gender diversity criterion: Evidence from the hospitality and tourism sector', Journal of Travel Research, 62, no. 5 (2023), 1047–1076."
44,Gerged et al. (2023),21,0.161,0.053,3.037735849056604,0,0,1,1366,7.219642040130736,137.0,4.919980925828125,15.016,2.709116299284207,0,0,0,1,0,0,0,1,0,1,0,1,0,0,0,1,1,0,1,0,0,0,0,0,0,0,0,1,0,H&T,Services & Hospitality,global,,1,0,2023,7.612336837167746,20,2.995732273553991,,,2010,2020,2015.0,7.608374474380783,11,2.397895272798371,16,2.772588722239781,"Gerged, Ali Meftah, Mi Tran, and Eshani S Beddewela, 'Engendering pro-sustainable performance through a multi-layered gender diversity criterion: Evidence from the hospitality and tourism sector', Journal of Travel Research, 62, no. 5 (2023), 1047–1076."
44,Gerged et al. (2023),22,0.151,0.064,2.359375,0,0,1,449,6.107022887742255,45.0,3.80666248977032,15.016,2.709116299284207,0,0,0,1,0,0,0,1,0,1,0,1,0,0,0,1,1,0,1,0,0,0,0,0,0,0,0,1,0,H&T,Services & Hospitality,global,,1,0,2023,7.612336837167746,20,2.995732273553991,,,2010,2020,2015.0,7.608374474380783,11,2.397895272798371,19,2.94443897916644,"Gerged, Ali Meftah, Mi Tran, and Eshani S Beddewela, 'Engendering pro-sustainable performance through a multi-layered gender diversity criterion: Evidence from the hospitality and tourism sector', Journal of Travel Research, 62, no. 5 (2023), 1047–1076."
45,Giannarakis (2013),1,0.000956,0.003954,0.241743,0,0,1,366,5.902633333401366,366.0,5.902633333401366,15.14071,2.717387142550423,1,0,0,0,0,0,0,0,1,0,1,1,1,0,1,0,1,0,0,0,1,0,0,0,1,0,0,0,1,mixed,Cross-sector,US,USA,1,0,2014,7.607878073278507,488,6.190315405853148,,,2011,2011,2011.0,7.606387389772652,1,0.0,8,2.079441541679836,"Giannarakis, Grigoris, 'Determinants of corporate social responsibility disclosures: the case of the US companies', International Journal of Information Systems and Change Management, 6, no. 3 (2013), 205–221."
46,Govindan et al. (2021),1,0.261,0.047,5.553191489361702,0,0,1,504,6.222576268071369,50.0,3.912023005428146,11.49,2.441477091860664,1,0,0,0,0,0,0,1,0,0,1,1,1,1,1,1,0,1,1,0,0,0,0,0,0,0,0,1,0,logistic,Logistics & Transportation,global,,1,0,2021,7.611347717403621,185,5.220355825078324,0.026,-3.649658740960655,2011,2018,2014.5,7.608126304631402,8,2.079441541679836,9,2.19722457733622,"Govindan, Kannan, Merve Kilic, Ali Uyar, and Abdullah S Karaman, 'Drivers and value-relevance of CSR performance in the logistics sector: A cross-country firm-level investigation', International Journal of Production Economics, 231 (2021), 107835."
46,Govindan et al. (2021),2,0.353,0.058,6.086206896551723,0,0,1,504,6.222576268071369,50.0,3.912023005428146,11.49,2.441477091860664,0,1,0,0,0,0,0,1,0,0,1,1,1,1,1,1,0,1,1,0,0,0,0,0,0,0,0,1,0,logistic,Logistics & Transportation,global,,1,0,2021,7.611347717403621,185,5.220355825078324,0.026,-3.649658740960655,2011,2018,2014.5,7.608126304631402,8,2.079441541679836,9,2.19722457733622,"Govindan, Kannan, Merve Kilic, Ali Uyar, and Abdullah S Karaman, 'Drivers and value-relevance of CSR performance in the logistics sector: A cross-country firm-level investigation', International Journal of Production Economics, 231 (2021), 107835."
46,Govindan et al. (2021),3,0.224,0.066,3.393939393939394,0,0,1,504,6.222576268071369,50.0,3.912023005428146,11.49,2.441477091860664,0,1,0,0,0,0,0,1,0,0,1,1,1,1,1,1,0,1,1,0,0,0,0,0,0,0,0,1,0,logistic,Logistics & Transportation,global,,1,0,2021,7.611347717403621,185,5.220355825078324,0.026,-3.649658740960655,2011,2018,2014.5,7.608126304631402,8,2.079441541679836,9,2.19722457733622,"Govindan, Kannan, Merve Kilic, Ali Uyar, and Abdullah S Karaman, 'Drivers and value-relevance of CSR performance in the logistics sector: A cross-country firm-level investigation', International Journal of Production Economics, 231 (2021), 107835."
47,Grubler (2024),1,0.229,0.0117,19.57264957264957,0,0,1,9778,9.187890243138591,1878.0,7.537962659768208,27.4,3.310543013394025,1,0,0,0,0,0,0,1,0,0,1,1,1,1,1,0,0,1,0,1,0,0,0,0,1,0,0,0,1,mixed,Cross-sector,EU,Europe,0,1,2024,7.612831030407357,0,0.0,,,2012,2022,2017.0,7.609366537954211,11,2.397895272798371,8,2.079441541679836,"Grubler, Anne Sophie, 'Does gender diversity on boards relate to ESG performance?' (PhD thesis, Instituto Superior de Economia e Gestao, 2024)."
47,Grubler (2024),2,0.228884,0.04735189,4.833682457025475,0,1,0,9778,9.187890243138591,1878.0,7.537962659768208,27.4,3.310543013394025,1,0,0,0,0,0,0,1,0,0,1,1,1,1,1,0,0,1,0,1,0,0,0,0,1,0,0,0,1,mixed,Cross-sector,EU,Europe,0,1,2024,7.612831030407357,0,0.0,,,2012,2022,2017.0,7.609366537954211,11,2.397895272798371,10,2.302585092994046,"Grubler, Anne Sophie, 'Does gender diversity on boards relate to ESG performance?' (PhD thesis, Instituto Superior de Economia e Gestao, 2024)."
48,Gungor & Seker (2022),1,0.019,0.042,0.4523809523809523,0,0,1,2475,7.813995675002791,385.0,5.953243334287785,12.6,2.533696813957432,0,1,0,0,0,0,0,1,0,0,1,1,1,1,1,1,0,1,1,0,0,0,0,0,0,0,0,1,0,"oil,gas, coal",Energy & Extractives,global,,1,0,2022,7.611842399580417,12,2.484906649788,,,2010,2019,2014.5,7.608126304631402,10,2.302585092994046,11,2.397895272798371,"Gungor, Nevzat and Yasin Seker, 'The relationship between board characteristics and ESG performance: Evidence from the oil, gas and coal sector', Stratejik ve Sosyal Arastirmalar Dergisi, 6, no. 1 (2022), 17–37."
49,Halid et al. (2022),1,0.148,0.09325771896660365,1.587,0,0,1,165,5.10594547390058,55.0,4.007333185232471,23.92,3.174714929082431,1,0,0,0,0,0,0,1,0,0,1,1,1,1,1,0,0,1,0,0,0,1,0,0,0,1,0,0,1,mixed,Cross-sector,Malaysia,Malaysia,1,0,2022,7.611842399580417,13,2.564949357461537,0.003,-5.809142990314028,2017,2019,2018.0,7.609862200913554,3,1.09861228866811,7,1.945910149055313,"Halid, Sunarti, Radziah Mahmud, Mohd Taufik Mohd Suffian, and Rahayu Abdul, 'Does Firm’s Board Affects ESG? Malaysian Evidence', International Journal of Academic Research in Accounting Finance and Management Sciences, 12, no. 1 (2022), 131–143."
50,Heubeck (2024),1,0.301,0.069,4.36231884057971,0,0,1,1083,6.987490247000991,322.0,5.774551545544409,22.399,3.10901631500733,0,1,0,0,0,0,0,1,0,0,1,1,1,1,1,1,0,1,0,0,1,0,0,0,1,0,0,0,1,mixed,Cross-sector,US,USA,1,0,2024,7.612831030407357,22,3.091042453358316,0.072,-2.631089159966082,2016,2019,2017.5,7.609614400144104,4,1.386294361119891,23,3.13549421592915,"Heubeck, Tim, 'Walking on the gender tightrope: Unlocking ESG potential through CEOs' dynamic capabilities and strategic board composition', Business Strategy and the Environment, 33, no. 3 (2024), 2020–2039."
50,Heubeck (2024),2,1.023025,0.2314186,4.420668865856072,0,1,0,1083,6.987490247000991,322.0,5.774551545544409,22.399,3.10901631500733,0,1,0,0,0,0,0,1,0,0,1,1,1,1,1,1,0,1,0,0,1,0,0,0,1,0,0,0,1,mixed,Cross-sector,US,USA,1,0,2024,7.612831030407357,22,3.091042453358316,0.072,-2.631089159966082,2016,2019,2017.5,7.609614400144104,4,1.386294361119891,25,3.218875824868201,"Heubeck, Tim, 'Walking on the gender tightrope: Unlocking ESG potential through CEOs' dynamic capabilities and strategic board composition', Business Strategy and the Environment, 33, no. 3 (2024), 2020–2039."
50,Heubeck (2024),3,0.36139,0.1628793,2.218759535435135,0,1,0,1083,6.987490247000991,322.0,5.774551545544409,22.399,3.10901631500733,0,1,0,0,0,0,0,1,0,0,1,1,1,1,1,1,0,1,0,0,1,0,0,0,1,0,0,0,1,mixed,Cross-sector,US,USA,1,0,2024,7.612831030407357,22,3.091042453358316,0.072,-2.631089159966082,2016,2019,2017.5,7.609614400144104,4,1.386294361119891,24,3.178053830347946,"Heubeck, Tim, 'Walking on the gender tightrope: Unlocking ESG potential through CEOs' dynamic capabilities and strategic board composition', Business Strategy and the Environment, 33, no. 3 (2024), 2020–2039."
51,Husted & de Sousa-Filho (2019),1,-0.153,0.0421,-3.634204275534442,0,0,1,297,5.6937321388027,176.0,5.170483995038151,5.91,1.776645831418007,1,0,0,0,0,0,0,1,0,0,1,1,0,1,1,0,1,0,0,0,0,0,0,1,0,1,0,0,1,mixed,Cross-sector,Latin America,Latin America,1,0,2019,7.610357618312838,599,6.395261598115449,0.056,-2.882403588246988,2011,2014,2012.5,7.607133009292719,4,1.386294361119891,9,2.19722457733622,"Husted, Bryan W and Jose Milton de Sousa-Filho, 'Board structure and environmental, social, and governance disclosure in Latin America', Journal of Business Research, 102 (2019), 220–227."
52,Chebbi et al. (2020),1,0.1903,0.02790322580645161,6.82,0,0,1,729,6.591673732008658,85.0,4.442651256490317,30.7283,3.425184054078476,1,0,0,0,0,0,0,1,0,0,1,0,1,0,1,0,1,0,0,1,0,0,0,0,1,0,0,0,1,mixed,Cross-sector,France,France,1,0,2020,7.61085279039525,25,3.218875824868201,,,2011,2019,2015.0,7.608374474380783,9,2.19722457733622,7,1.945910149055313,"Chebbi, Kaouther, Meqbel Aliedan, and Abdulaziz Alsahlawi, 'Women on the board and environmental sustainability reporting: Evidence from France', International Journal of Innovation, Creativity and Change, 14, no. 11 (2020), 231–258."
52,Chebbi et al. (2020),2,0.1939,0.01618530884808013,11.98,0,0,1,96,4.564348191467836,85.0,4.442651256490317,30.7283,3.425184054078476,0,1,0,0,0,0,0,1,0,0,1,0,1,0,1,0,1,0,0,1,0,0,0,0,1,0,0,0,1,mixed,Cross-sector,France,France,1,0,2020,7.61085279039525,25,3.218875824868201,,,2011,2019,2015.0,7.608374474380783,9,2.19722457733622,7,1.945910149055313,"Chebbi, Kaouther, Meqbel Aliedan, and Abdulaziz Alsahlawi, 'Women on the board and environmental sustainability reporting: Evidence from France', International Journal of Innovation, Creativity and Change, 14, no. 11 (2020), 231–258."
53,Issa et al. (2022),1,0.49597,0.152138036809816,3.26,0,0,1,460,6.131226489483141,93.0,4.532599493153256,5.2,1.648658625587382,1,0,0,0,0,0,0,1,0,0,1,1,1,1,1,1,0,1,0,0,0,0,1,0,0,1,0,1,0,non-financial,Non-financial Firms,middle east,Middle East,1,0,2022,7.611842399580417,42,3.737669618283368,0.047,-3.057607677272078,2014,2018,2016.0,7.60887062919126,5,1.6094379124341,10,2.302585092994046,"Issa, Ayman, Mohammad AA Zaid, and Jalal Rajeh Hanaysha, 'Exploring the relationship between female director's profile and sustainability performance: Evidence from the Middle East', Managerial and Decision Economics, 43, no. 6 (2022), 1980–2002."
53,Issa et al. (2022),2,0.1677,0.0695850622406639,2.41,0,0,1,460,6.131226489483141,93.0,4.532599493153256,5.2,1.648658625587382,0,0,0,1,0,0,0,1,0,1,0,1,1,1,1,1,0,1,0,0,0,0,1,0,0,1,0,1,0,non-financial,Non-financial Firms,middle east,Middle East,1,0,2022,7.611842399580417,42,3.737669618283368,0.047,-3.057607677272078,2014,2018,2016.0,7.60887062919126,5,1.6094379124341,10,2.302585092994046,"Issa, Ayman, Mohammad AA Zaid, and Jalal Rajeh Hanaysha, 'Exploring the relationship between female director's profile and sustainability performance: Evidence from the Middle East', Managerial and Decision Economics, 43, no. 6 (2022), 1980–2002."
54,Jizi et al. (2022),1,0.696,0.1458892,4.770743824765644,0,0,1,234,5.455321115357702,26.0,3.258096538021482,2.071,0.7280315824134472,0,1,0,0,0,0,0,1,0,0,1,1,1,1,1,1,0,1,0,0,0,0,1,0,0,1,0,0,1,mixed,Cross-sector,GCC,Middle East,1,0,2022,7.611842399580417,42,3.737669618283368,,,2010,2018,2014.0,7.607878073278507,9,2.19722457733622,12,2.484906649788,"Jizi, Mohammad, Rabih Nehme, and Cynthia Melhem, 'Board gender diversity and firms' social engagement in the Gulf Cooperation Council (GCC) countries', Equality, Diversity and Inclusion: An International Journal, 41, no. 2 (2022), 186–206."
55,Kamaludin et al. (2022),1,0.3865,0.1971938775510204,1.96,1,0,0,854,6.74993119378857,91.0,4.51085950651685,15.07,2.712706012638404,0,1,0,0,0,0,0,1,0,0,1,1,1,1,0,0,1,0,0,0,0,1,0,0,0,1,0,0,1,mixed,Cross-sector,Malaysia,Malaysia,1,0,2022,7.611842399580417,45,3.80666248977032,0.028,-3.575550768806933,2006,2020,2013.0,7.607381425639791,15,2.70805020110221,6,1.791759469228055,"Kamaludin, Kamilah, Izani Ibrahim, Sheela Sundarasen, and OVA Faizal, 'ESG in the boardroom: evidence from the Malaysian market', International Journal of Corporate Social Responsibility, 7, no. 1 (2022), 4."
56,Kamran et al. (2023),1,0.123562,0.012356,10.0,1,0,0,5748,8.656607247198915,5748.0,8.656607247198915,11.424,2.435716405597228,1,0,0,0,0,0,0,0,1,0,1,1,1,0,0,0,1,0,1,0,0,0,0,0,0,0,0,0,1,mixed,Cross-sector,global,,1,0,2023,7.612336837167746,17,2.833213344056216,0.007,-4.961845129926823,2017,2017,2017.0,7.609366537954211,1,0.0,11,2.397895272798371,"Kamran, Muhammad, Hadrian Geri Djajadikerta, Saiyidi Mat Roni, Erwei Xiang, and Pakeezah Butt, 'Board gender diversity and corporate social responsibility in an international setting', Journal of Accounting in Emerging Economies, 13, no. 2 (2023), 240–275."
56,Kamran et al. (2023),2,0.091642,0.012356,7.4167,1,0,0,5748,8.656607247198915,5748.0,8.656607247198915,11.424,2.435716405597228,1,0,0,0,0,0,0,0,1,0,1,1,1,0,0,0,1,0,1,0,0,0,0,0,0,0,0,0,1,mixed,Cross-sector,global,,1,0,2023,7.612336837167746,17,2.833213344056216,0.007,-4.961845129926823,2017,2017,2017.0,7.609366537954211,1,0.0,12,2.484906649788,"Kamran, Muhammad, Hadrian Geri Djajadikerta, Saiyidi Mat Roni, Erwei Xiang, and Pakeezah Butt, 'Board gender diversity and corporate social responsibility in an international setting', Journal of Accounting in Emerging Economies, 13, no. 2 (2023), 240–275."
56,Kamran et al. (2023),3,0.078256,0.013386,5.8462,1,0,0,5748,8.656607247198915,5748.0,8.656607247198915,11.424,2.435716405597228,1,0,0,0,0,0,0,0,1,0,1,1,1,0,0,0,1,0,1,0,0,0,0,0,0,0,0,0,1,mixed,Cross-sector,global,,1,0,2023,7.612336837167746,17,2.833213344056216,0.007,-4.961845129926823,2017,2017,2017.0,7.609366537954211,1,0.0,13,2.564949357461537,"Kamran, Muhammad, Hadrian Geri Djajadikerta, Saiyidi Mat Roni, Erwei Xiang, and Pakeezah Butt, 'Board gender diversity and corporate social responsibility in an international setting', Journal of Accounting in Emerging Economies, 13, no. 2 (2023), 240–275."
56,Kamran et al. (2023),4,0.123562,0.013397,9.2234,1,0,0,5748,8.656607247198915,5748.0,8.656607247198915,11.424,2.435716405597228,1,0,0,0,0,0,0,0,1,0,1,1,1,0,0,0,1,0,1,0,0,0,0,0,0,0,0,0,1,mixed,Cross-sector,global,,1,0,2023,7.612336837167746,17,2.833213344056216,0.007,-4.961845129926823,2017,2017,2017.0,7.609366537954211,1,0.0,11,2.397895272798371,"Kamran, Muhammad, Hadrian Geri Djajadikerta, Saiyidi Mat Roni, Erwei Xiang, and Pakeezah Butt, 'Board gender diversity and corporate social responsibility in an international setting', Journal of Accounting in Emerging Economies, 13, no. 2 (2023), 240–275."
56,Kamran et al. (2023),5,0.091642,0.013659,6.7091,1,0,0,5748,8.656607247198915,5748.0,8.656607247198915,11.424,2.435716405597228,1,0,0,0,0,0,0,0,1,0,1,1,1,0,0,0,1,0,1,0,0,0,0,0,0,0,0,0,1,mixed,Cross-sector,global,,1,0,2023,7.612336837167746,17,2.833213344056216,0.007,-4.961845129926823,2017,2017,2017.0,7.609366537954211,1,0.0,11,2.397895272798371,"Kamran, Muhammad, Hadrian Geri Djajadikerta, Saiyidi Mat Roni, Erwei Xiang, and Pakeezah Butt, 'Board gender diversity and corporate social responsibility in an international setting', Journal of Accounting in Emerging Economies, 13, no. 2 (2023), 240–275."
56,Kamran et al. (2023),6,0.078256,0.013659,5.7291,1,0,0,5748,8.656607247198915,5748.0,8.656607247198915,11.424,2.435716405597228,1,0,0,0,0,0,0,0,1,0,1,1,1,0,0,0,1,0,1,0,0,0,0,0,0,0,0,0,1,mixed,Cross-sector,global,,1,0,2023,7.612336837167746,17,2.833213344056216,0.007,-4.961845129926823,2017,2017,2017.0,7.609366537954211,1,0.0,11,2.397895272798371,"Kamran, Muhammad, Hadrian Geri Djajadikerta, Saiyidi Mat Roni, Erwei Xiang, and Pakeezah Butt, 'Board gender diversity and corporate social responsibility in an international setting', Journal of Accounting in Emerging Economies, 13, no. 2 (2023), 240–275."
56,Kamran et al. (2023),7,3.20952,1.117206,2.872811059907834,1,0,0,5748,8.656607247198915,5748.0,8.656607247198915,11.424,2.435716405597228,0,0,1,0,0,0,0,0,1,0,1,1,1,0,0,0,1,0,1,0,0,0,0,0,0,0,0,0,1,mixed,Cross-sector,global,,1,0,2023,7.612336837167746,17,2.833213344056216,0.007,-4.961845129926823,2017,2017,2017.0,7.609366537954211,1,0.0,11,2.397895272798371,"Kamran, Muhammad, Hadrian Geri Djajadikerta, Saiyidi Mat Roni, Erwei Xiang, and Pakeezah Butt, 'Board gender diversity and corporate social responsibility in an international setting', Journal of Accounting in Emerging Economies, 13, no. 2 (2023), 240–275."
56,Kamran et al. (2023),8,0.613691,0.085464,7.180722891566265,1,0,0,5748,8.656607247198915,5748.0,8.656607247198915,11.424,2.435716405597228,0,0,1,0,0,0,0,0,1,0,1,1,1,0,0,0,1,0,1,0,0,0,0,0,0,0,0,0,1,mixed,Cross-sector,global,,1,0,2023,7.612336837167746,17,2.833213344056216,0.007,-4.961845129926823,2017,2017,2017.0,7.609366537954211,1,0.0,13,2.564949357461537,"Kamran, Muhammad, Hadrian Geri Djajadikerta, Saiyidi Mat Roni, Erwei Xiang, and Pakeezah Butt, 'Board gender diversity and corporate social responsibility in an international setting', Journal of Accounting in Emerging Economies, 13, no. 2 (2023), 240–275."
57,Kampoowale et al. (2024),1,0.177,0.0184252,9.606408614289126,0,0,1,976,6.883462586413092,122.0,4.804021044733257,47.0,3.850147601710058,0,0,1,0,0,0,0,1,0,0,1,1,1,0,0,0,0,1,0,0,0,1,0,0,0,1,0,0,1,mixed,Cross-sector,Malaysia,Malaysia,1,0,2024,7.612831030407357,1,0.0,0.009,-4.710530701645918,2016,2023,2019.5,7.610605235003468,8,2.079441541679836,4,1.386294361119891,"Kampoowale, Isha, Ines Kateb, Zalailah Salleh, and Waleed M Alahdal, 'Board gender diversity and ESG performance: pathways to financial success in Malaysian emerging market', International Journal of Emerging Markets (2024)."
58,Khatri (2023),1,0.160804,0.051031,3.151104230761694,0,0,1,1648,7.407317710469417,205.0,5.323009979138408,28.4,3.34638914516716,1,0,0,0,0,0,0,1,0,0,1,1,1,1,1,0,0,1,0,1,0,0,0,0,1,0,0,0,1,mixed,Cross-sector,Nordic,Europe,1,0,2023,7.612336837167746,73,4.290459441148391,0.049,-3.01593498087151,2002,2020,2011.0,7.606387389772652,19,2.94443897916644,11,2.397895272798371,"Khatri, Ishwar, 'Board gender diversity and sustainability performance: Nordic evidence', Corporate Social Responsibility and Environmental Management, 30, no. 3 (2023), 1495–1507."
58,Khatri (2023),2,0.101183,0.037063,2.730027250897121,0,0,1,1648,7.407317710469417,205.0,5.323009979138408,28.4,3.34638914516716,0,1,0,0,0,0,0,1,0,0,1,1,1,1,1,0,0,1,0,1,0,0,0,0,1,0,0,0,1,mixed,Cross-sector,Nordic,Europe,1,0,2023,7.612336837167746,73,4.290459441148391,0.049,-3.01593498087151,2002,2020,2011.0,7.606387389772652,19,2.94443897916644,11,2.397895272798371,"Khatri, Ishwar, 'Board gender diversity and sustainability performance: Nordic evidence', Corporate Social Responsibility and Environmental Management, 30, no. 3 (2023), 1495–1507."
58,Khatri (2023),3,0.178702,0.088104,2.028307454826114,0,0,1,1506,7.317212408359839,205.0,5.323009979138408,28.4,3.34638914516716,0,0,1,0,0,0,0,1,0,0,1,1,1,1,1,0,0,1,0,1,0,0,0,0,1,0,0,0,1,mixed,Cross-sector,Nordic,Europe,1,0,2023,7.612336837167746,73,4.290459441148391,0.049,-3.01593498087151,2002,2020,2011.0,7.606387389772652,19,2.94443897916644,11,2.397895272798371,"Khatri, Ishwar, 'Board gender diversity and sustainability performance: Nordic evidence', Corporate Social Responsibility and Environmental Management, 30, no. 3 (2023), 1495–1507."
58,Khatri (2023),4,0.077282,0.031429,2.458939196283687,0,0,1,1334,7.195937226475569,205.0,5.323009979138408,28.4,3.34638914516716,0,0,0,1,0,0,0,1,0,1,0,1,1,1,1,0,0,1,0,1,0,0,0,0,1,0,0,0,1,mixed,Cross-sector,Nordic,Europe,1,0,2023,7.612336837167746,73,4.290459441148391,0.049,-3.01593498087151,2002,2020,2011.0,7.606387389772652,19,2.94443897916644,11,2.397895272798371,"Khatri, Ishwar, 'Board gender diversity and sustainability performance: Nordic evidence', Corporate Social Responsibility and Environmental Management, 30, no. 3 (2023), 1495–1507."
58,Khatri (2023),5,0.169299,0.082801,2.044649219212328,0,0,1,813,6.70073110954781,205.0,5.323009979138408,28.4,3.34638914516716,1,0,0,0,0,0,0,1,0,0,1,1,1,1,1,0,0,1,0,1,0,0,0,0,1,0,0,0,1,mixed,Cross-sector,Nordic,Europe,1,0,2023,7.612336837167746,73,4.290459441148391,0.049,-3.01593498087151,2002,2020,2011.0,7.606387389772652,19,2.94443897916644,11,2.397895272798371,"Khatri, Ishwar, 'Board gender diversity and sustainability performance: Nordic evidence', Corporate Social Responsibility and Environmental Management, 30, no. 3 (2023), 1495–1507."
58,Khatri (2023),6,0.148816,0.061494,2.420008456109539,0,0,1,835,6.727431724850855,205.0,5.323009979138408,28.4,3.34638914516716,1,0,0,0,0,0,0,1,0,0,1,1,1,1,1,0,0,1,0,1,0,0,0,0,1,0,0,0,1,mixed,Cross-sector,Nordic,Europe,1,0,2023,7.612336837167746,73,4.290459441148391,0.049,-3.01593498087151,2002,2020,2011.0,7.606387389772652,19,2.94443897916644,11,2.397895272798371,"Khatri, Ishwar, 'Board gender diversity and sustainability performance: Nordic evidence', Corporate Social Responsibility and Environmental Management, 30, no. 3 (2023), 1495–1507."
59,Khemakhem et al. (2023),1,2.73,0.3261648745519714,8.37,1,0,0,594,6.386879319362645,215.0,5.370638028127662,16.0,2.772588722239781,0,0,1,0,0,0,0,1,0,0,1,1,1,0,0,0,1,0,0,0,0,0,0,1,1,0,0,0,1,mixed,Cross-sector,Canada,,1,0,2023,7.612336837167746,42,3.737669618283368,,,2014,2016,2015.0,7.608374474380783,3,1.09861228866811,6,1.791759469228055,"Khemakhem, Hanen, Paulina Arroyo, and Julio Montecinos, 'Gender diversity on board committees and ESG disclosure: evidence from Canada', Journal of Management and Governance, 27, no. 4 (2023), 1397–1422."
59,Khemakhem et al. (2023),2,0.337532,0.13947,2.42,1,0,0,594,6.386879319362645,215.0,5.370638028127662,16.0,2.772588722239781,0,0,1,0,0,0,0,1,0,0,1,1,1,0,0,0,1,0,0,0,0,0,0,1,1,0,0,0,1,mixed,Cross-sector,Canada,,1,0,2023,7.612336837167746,42,3.737669618283368,,,2014,2016,2015.0,7.608374474380783,3,1.09861228866811,6,1.791759469228055,"Khemakhem, Hanen, Paulina Arroyo, and Julio Montecinos, 'Gender diversity on board committees and ESG disclosure: evidence from Canada', Journal of Management and Governance, 27, no. 4 (2023), 1397–1422."
60,Kouki (2023),1,0.223,0.06317280453257791,3.53,0,0,1,700,6.551080335043404,70.0,4.248495242049359,18.8,2.933856869835904,0,0,0,1,0,0,0,1,0,1,0,0,0,0,1,0,0,1,0,1,0,0,0,0,1,0,0,1,0,non-financial,Non-financial Firms,UK,UK,1,0,2023,7.612336837167746,14,2.639057329615258,0.055,-2.900422093749666,2008,2017,2012.5,7.607133009292719,10,2.302585092994046,10,2.302585092994046,"Kouki, Ahmed, 'Does gender diversity moderate the link between CEO dominance and CSR engagement? A two-step system GMM analysis of UK FTSE 100 companies', Journal of Sustainable Finance \& Investment, 13, no. 4 (2023), 1644–1669."
60,Kouki (2023),2,0.22162,0.09273107,2.389921738204897,0,1,0,700,6.551080335043404,70.0,4.248495242049359,18.8,2.933856869835904,0,0,0,1,0,0,0,1,0,1,0,0,0,0,1,0,0,1,0,1,0,0,0,0,1,0,0,1,0,non-financial,Non-financial Firms,UK,UK,1,0,2023,7.612336837167746,14,2.639057329615258,0.055,-2.900422093749666,2008,2017,2012.5,7.607133009292719,10,2.302585092994046,11,2.397895272798371,"Kouki, Ahmed, 'Does gender diversity moderate the link between CEO dominance and CSR engagement? A two-step system GMM analysis of UK FTSE 100 companies', Journal of Sustainable Finance \& Investment, 13, no. 4 (2023), 1644–1669."
61,Lavin & Montecinos-Pearce (2021),1,0.916,0.3933577778538965,2.328668839338996,0,0,1,178,5.181783550292085,35.0,3.555348061489414,7.436,2.006333069859198,0,0,0,0,1,0,1,1,0,0,1,1,1,0,0,0,1,0,0,0,0,0,0,1,0,1,0,0,1,mixed,Cross-sector,Chile,Latin America,1,0,2021,7.611347717403621,63,4.143134726391533,0.007,-4.961845129926823,2015,2019,2017.0,7.609366537954211,5,1.6094379124341,9,2.19722457733622,"Lavin, Jaime F and Alejandro A Montecinos-Pearce, 'ESG disclosure in an emerging market: an empirical analysis of the influence of board characteristics and ownership structure', Sustainability, 13, no. 19 (2021), 10498."
61,Lavin & Montecinos-Pearce (2021),2,0.985,0.2412257052753627,4.083312758379577,0,0,1,178,5.181783550292085,35.0,3.555348061489414,7.436,2.006333069859198,0,0,0,0,1,0,1,1,0,0,1,1,1,0,0,0,1,0,0,0,0,0,0,1,0,1,0,0,1,mixed,Cross-sector,Chile,Latin America,1,0,2021,7.611347717403621,63,4.143134726391533,0.007,-4.961845129926823,2015,2019,2017.0,7.609366537954211,5,1.6094379124341,9,2.19722457733622,"Lavin, Jaime F and Alejandro A Montecinos-Pearce, 'ESG disclosure in an emerging market: an empirical analysis of the influence of board characteristics and ownership structure', Sustainability, 13, no. 19 (2021), 10498."
61,Lavin & Montecinos-Pearce (2021),3,0.856,0.3983588438215457,2.148816358106174,0,0,1,178,5.181783550292085,35.0,3.555348061489414,7.436,2.006333069859198,0,0,0,0,1,0,1,1,0,0,1,1,1,0,0,0,1,0,0,0,0,0,0,1,0,1,0,0,1,mixed,Cross-sector,Chile,Latin America,1,0,2021,7.611347717403621,63,4.143134726391533,0.007,-4.961845129926823,2015,2019,2017.0,7.609366537954211,5,1.6094379124341,9,2.19722457733622,"Lavin, Jaime F and Alejandro A Montecinos-Pearce, 'ESG disclosure in an emerging market: an empirical analysis of the influence of board characteristics and ownership structure', Sustainability, 13, no. 19 (2021), 10498."
61,Lavin & Montecinos-Pearce (2021),4,0.95,0.2839191949872909,3.346022448543942,0,0,1,178,5.181783550292085,35.0,3.555348061489414,7.436,2.006333069859198,0,0,0,0,1,0,1,1,0,0,1,1,1,0,0,0,1,0,0,0,0,0,0,1,0,1,0,0,1,mixed,Cross-sector,Chile,Latin America,1,0,2021,7.611347717403621,63,4.143134726391533,0.007,-4.961845129926823,2015,2019,2017.0,7.609366537954211,5,1.6094379124341,9,2.19722457733622,"Lavin, Jaime F and Alejandro A Montecinos-Pearce, 'ESG disclosure in an emerging market: an empirical analysis of the influence of board characteristics and ownership structure', Sustainability, 13, no. 19 (2021), 10498."
61,Lavin & Montecinos-Pearce (2021),5,0.723,0.2848484921692856,2.538191424128447,0,0,1,178,5.181783550292085,35.0,3.555348061489414,7.436,2.006333069859198,0,0,0,0,1,0,1,1,0,0,1,1,1,1,0,0,1,0,0,0,0,0,0,1,0,1,0,0,1,mixed,Cross-sector,Chile,Latin America,1,0,2021,7.611347717403621,63,4.143134726391533,0.007,-4.961845129926823,2015,2019,2017.0,7.609366537954211,5,1.6094379124341,9,2.19722457733622,"Lavin, Jaime F and Alejandro A Montecinos-Pearce, 'ESG disclosure in an emerging market: an empirical analysis of the influence of board characteristics and ownership structure', Sustainability, 13, no. 19 (2021), 10498."
61,Lavin & Montecinos-Pearce (2021),6,0.734,0.2779195943773945,2.641051638134163,0,0,1,178,5.181783550292085,35.0,3.555348061489414,7.436,2.006333069859198,0,0,0,0,1,0,1,1,0,0,1,1,1,1,0,0,1,0,0,0,0,0,0,1,0,1,0,0,1,mixed,Cross-sector,Chile,Latin America,1,0,2021,7.611347717403621,63,4.143134726391533,0.007,-4.961845129926823,2015,2019,2017.0,7.609366537954211,5,1.6094379124341,8,2.079441541679836,"Lavin, Jaime F and Alejandro A Montecinos-Pearce, 'ESG disclosure in an emerging market: an empirical analysis of the influence of board characteristics and ownership structure', Sustainability, 13, no. 19 (2021), 10498."
61,Lavin & Montecinos-Pearce (2021),7,0.924,0.3498606337938863,2.641051638134163,0,0,1,178,5.181783550292085,35.0,3.555348061489414,7.436,2.006333069859198,0,0,0,0,1,0,1,1,0,0,1,1,1,0,0,0,1,0,0,0,0,0,0,1,0,1,0,0,1,mixed,Cross-sector,Chile,Latin America,1,0,2021,7.611347717403621,63,4.143134726391533,0.007,-4.961845129926823,2015,2019,2017.0,7.609366537954211,5,1.6094379124341,11,2.397895272798371,"Lavin, Jaime F and Alejandro A Montecinos-Pearce, 'ESG disclosure in an emerging market: an empirical analysis of the influence of board characteristics and ownership structure', Sustainability, 13, no. 19 (2021), 10498."
61,Lavin & Montecinos-Pearce (2021),8,0.67,0.2497845136021652,2.682312007009038,0,0,1,178,5.181783550292085,35.0,3.555348061489414,7.436,2.006333069859198,0,0,0,0,1,0,1,1,0,0,1,1,1,1,0,0,1,0,0,0,0,0,0,1,0,1,0,0,1,mixed,Cross-sector,Chile,Latin America,1,0,2021,7.611347717403621,63,4.143134726391533,0.007,-4.961845129926823,2015,2019,2017.0,7.609366537954211,5,1.6094379124341,15,2.70805020110221,"Lavin, Jaime F and Alejandro A Montecinos-Pearce, 'ESG disclosure in an emerging market: an empirical analysis of the influence of board characteristics and ownership structure', Sustainability, 13, no. 19 (2021), 10498."
61,Lavin & Montecinos-Pearce (2021),9,0.674,0.2423456528140094,2.7811515996834,0,0,1,178,5.181783550292085,35.0,3.555348061489414,7.436,2.006333069859198,0,0,0,0,1,0,1,1,0,0,1,1,1,1,0,0,1,0,0,0,0,0,0,1,0,1,0,0,1,mixed,Cross-sector,Chile,Latin America,1,0,2021,7.611347717403621,63,4.143134726391533,0.007,-4.961845129926823,2015,2019,2017.0,7.609366537954211,5,1.6094379124341,13,2.564949357461537,"Lavin, Jaime F and Alejandro A Montecinos-Pearce, 'ESG disclosure in an emerging market: an empirical analysis of the influence of board characteristics and ownership structure', Sustainability, 13, no. 19 (2021), 10498."
61,Lavin & Montecinos-Pearce (2021),10,1.006,0.3207245915898917,3.136647536171361,0,0,1,178,5.181783550292085,35.0,3.555348061489414,7.436,2.006333069859198,0,0,0,0,1,0,1,1,0,0,1,1,1,0,0,0,1,0,0,0,0,0,0,1,0,1,0,0,1,mixed,Cross-sector,Chile,Latin America,1,0,2021,7.611347717403621,63,4.143134726391533,0.007,-4.961845129926823,2015,2019,2017.0,7.609366537954211,5,1.6094379124341,13,2.564949357461537,"Lavin, Jaime F and Alejandro A Montecinos-Pearce, 'ESG disclosure in an emerging market: an empirical analysis of the influence of board characteristics and ownership structure', Sustainability, 13, no. 19 (2021), 10498."
61,Lavin & Montecinos-Pearce (2021),11,0.712,0.2504881499760741,2.842449832728646,0,0,1,178,5.181783550292085,35.0,3.555348061489414,7.436,2.006333069859198,0,0,0,0,1,0,1,1,0,0,1,1,1,0,0,0,1,0,0,0,0,0,0,1,0,1,0,0,1,mixed,Cross-sector,Chile,Latin America,1,0,2021,7.611347717403621,63,4.143134726391533,0.007,-4.961845129926823,2015,2019,2017.0,7.609366537954211,5,1.6094379124341,13,2.564949357461537,"Lavin, Jaime F and Alejandro A Montecinos-Pearce, 'ESG disclosure in an emerging market: an empirical analysis of the influence of board characteristics and ownership structure', Sustainability, 13, no. 19 (2021), 10498."
61,Lavin & Montecinos-Pearce (2021),12,0.916,0.3933577778538965,2.328668839338996,0,0,1,178,5.181783550292085,35.0,3.555348061489414,7.436,2.006333069859198,0,0,0,0,1,0,1,1,0,0,1,1,1,0,0,0,1,0,0,0,0,0,0,1,0,1,0,0,1,mixed,Cross-sector,Chile,Latin America,1,0,2021,7.611347717403621,63,4.143134726391533,0.007,-4.961845129926823,2015,2019,2017.0,7.609366537954211,5,1.6094379124341,11,2.397895272798371,"Lavin, Jaime F and Alejandro A Montecinos-Pearce, 'ESG disclosure in an emerging market: an empirical analysis of the influence of board characteristics and ownership structure', Sustainability, 13, no. 19 (2021), 10498."
61,Lavin & Montecinos-Pearce (2021),13,0.882,0.430602962585195,2.048290598617272,0,0,1,178,5.181783550292085,35.0,3.555348061489414,7.436,2.006333069859198,0,0,0,0,1,0,1,1,0,0,1,1,1,0,0,0,1,0,0,0,0,0,0,1,0,1,0,0,1,mixed,Cross-sector,Chile,Latin America,1,0,2021,7.611347717403621,63,4.143134726391533,0.007,-4.961845129926823,2015,2019,2017.0,7.609366537954211,5,1.6094379124341,11,2.397895272798371,"Lavin, Jaime F and Alejandro A Montecinos-Pearce, 'ESG disclosure in an emerging market: an empirical analysis of the influence of board characteristics and ownership structure', Sustainability, 13, no. 19 (2021), 10498."
61,Lavin & Montecinos-Pearce (2021),14,0.884,0.2310432050107207,3.826124208928721,0,0,1,178,5.181783550292085,35.0,3.555348061489414,7.436,2.006333069859198,0,0,0,0,1,0,1,1,0,0,1,1,1,0,0,0,1,0,0,0,0,0,0,1,0,1,0,0,1,mixed,Cross-sector,Chile,Latin America,1,0,2021,7.611347717403621,63,4.143134726391533,0.007,-4.961845129926823,2015,2019,2017.0,7.609366537954211,5,1.6094379124341,9,2.19722457733622,"Lavin, Jaime F and Alejandro A Montecinos-Pearce, 'ESG disclosure in an emerging market: an empirical analysis of the influence of board characteristics and ownership structure', Sustainability, 13, no. 19 (2021), 10498."
62,Lozano & Martínez-Ferrero (2022),1,0.139,0.046,3.021739130434783,0,0,1,17318,9.759501702007746,2474.0,7.813591552952433,11.0,2.397895272798371,0,0,0,1,0,0,0,1,0,1,0,1,1,1,1,1,0,1,1,0,0,0,0,0,0,0,0,0,1,mixed,Cross-sector,global,,1,0,2022,7.611842399580417,55,4.007333185232471,0.071,-2.645075401940822,2012,2018,2015.0,7.608374474380783,7,1.945910149055313,12,2.484906649788,"Lozano, M Belen and Jennifer Mart\'inez-Ferrero, 'Do emerging and developed countries differ in terms of sustainable performance? Analysis of board, ownership and country-level factors', Research in International Business and Finance, 62 (2022), 101688."
62,Lozano & Martínez-Ferrero (2022),2,0.183,0.0212,8.632075471698114,0,0,1,52143,10.86174522323159,7449.0,8.915835074176277,16.24,2.787477334733532,0,0,0,1,0,0,0,1,0,1,0,1,1,1,1,1,0,1,1,0,0,0,0,0,0,0,0,0,1,mixed,Cross-sector,global,,1,0,2022,7.611842399580417,55,4.007333185232471,0.071,-2.645075401940822,2012,2018,2015.0,7.608374474380783,7,1.945910149055313,12,2.484906649788,"Lozano, M Belen and Jennifer Mart\'inez-Ferrero, 'Do emerging and developed countries differ in terms of sustainable performance? Analysis of board, ownership and country-level factors', Research in International Business and Finance, 62 (2022), 101688."
63,Makeeva et al. (2022),1,0.414,0.1818314984199671,2.276833241751134,0,0,1,176,5.170483995038151,48.0,3.871201010907891,7.86,2.061786606441115,0,0,0,1,0,0,0,1,0,1,0,1,1,1,1,1,0,1,0,0,0,1,0,0,0,1,0,0,1,mixed,Cross-sector,Russia,,1,0,2022,7.611842399580417,4,1.386294361119891,,,2015,2020,2017.5,7.609614400144104,6,1.791759469228055,14,2.639057329615258,"Makeeva, Elena Yurievna, Konstantin Aleksandrovich Popov, Anna Andreevna Dikhtyar, and Anastasia Vyacheslavovna Sudakova, 'The relationship between the characteristics of the board of directors and ESG ratings and the value of Russian companies', Russian Journal of Management, 20, no. 4 (2022), 498–523."
63,Makeeva et al. (2022),2,2.555,17.64518,0.1448,1,0,0,224,5.41165,48.0,3.871201010907891,7.86,2.06179,0,1,0,0,0,0,0,1,0,0,1,1,1,1,1,0,0,1,0,0,0,1,0,0,0,1,0,0,1,mixed,Cross-sector,Russia,,1,0,2022,7.6118424,4,1.386294361119891,,,2015,2020,2017.5,7.60961,6,1.79176,10,2.30259,"Makeeva, Elena Yurievna, Konstantin Aleksandrovich Popov, Anna Andreevna Dikhtyar, and Anastasia Vyacheslavovna Sudakova, 'The relationship between the characteristics of the board of directors and ESG ratings and the value of Russian companies', Russian Journal of Management, 20, no. 4 (2022), 498–523."
64,Manita et al. (2018),1,-0.016,0.02962962962962963,-0.54,0,0,1,2002,7.601901959875166,379.0,5.937536205082426,15.85,2.763169500323289,0,1,0,0,0,0,0,1,0,1,0,0,1,1,0,0,1,0,0,0,1,0,0,0,1,0,0,0,1,mixed,Cross-sector,US,USA,1,0,2018,7.609862200913554,535,6.282266746896006,0.014,-4.268697949366879,2010,2015,2012.5,7.607133009292719,6,1.791759469228055,6,1.791759469228055,"Manita, Riadh, Maria Giuseppina Bruna, Rey Dang, and L'Hocine Houanti, 'Board gender diversity and ESG disclosure: evidence from the USA', Journal of Applied Accounting Research, 19, no. 2 (2018), 206–224."
65,Marrone et al. (2024),1,0.549,0.291,1.88659793814433,0,0,1,863,6.760414691083428,863.0,6.760414691083428,3.61,1.28370777234479,1,0,0,0,0,0,0,0,1,0,1,1,1,1,1,0,1,0,0,0,1,0,0,0,1,0,0,0,1,mixed,Cross-sector,US,USA,1,0,2024,7.612831030407357,5,1.6094379124341,0.004,-5.521460917862246,2022,2022,2022.0,7.611842399580417,1,0.0,9,2.19722457733622,"Marrone, Arcangelo, Vincenzo Pontrelli, and Lara Oliva, 'Boards of Directors and High-Tech Sectors Affect ESG Disclosure Quality: An Empirical Analysis of Global Firms', International Journal of Business and Management, 18, no. 6 (2024), 1–97."
66,Martinez et al. (2020),1,0.2754617,0.07625487002301803,3.612381739249572,0,0,1,2265,7.725330037917135,453.0,6.115892125483034,22.67926,3.12145085046129,1,0,0,0,0,0,0,1,0,0,1,1,1,0,0,1,1,0,0,0,1,0,0,0,1,0,0,0,1,mixed,Cross-sector,US,USA,1,0,2020,7.61085279039525,73,4.290459441148391,0.049,-3.01593498087151,2015,2019,2017.0,7.609366537954211,5,1.6094379124341,9,2.19722457733622,"Mart\'inez, Mar\'ia del Carmen Valls, Pedro Antonio Martin Cervantes, and Salvador Cruz Rambaud, 'Women on corporate boards and sustainable development in the American and European markets: Is there a limit to gender policies?', Corporate Social Responsibility and Environmental Management, 27, no. 6 (2020), 2642–2656."
66,Martinez et al. (2020),2,0.2985409,0.1643183,1.816845110982769,0,1,0,2265,7.725330037917135,453.0,6.115892125483034,22.67926,3.12145085046129,1,0,0,0,0,0,0,1,0,0,1,1,1,0,0,1,1,0,0,0,1,0,0,0,1,0,0,0,1,mixed,Cross-sector,US,USA,1,0,2020,7.61085279039525,73,4.290459441148391,0.049,-3.01593498087151,2015,2019,2017.0,7.609366537954211,5,1.6094379124341,10,2.302585092994046,"Mart\'inez, Mar\'ia del Carmen Valls, Pedro Antonio Martin Cervantes, and Salvador Cruz Rambaud, 'Women on corporate boards and sustainable development in the American and European markets: Is there a limit to gender policies?', Corporate Social Responsibility and Environmental Management, 27, no. 6 (2020), 2642–2656."
66,Martinez et al. (2020),3,0.2746869,0.1580354,1.73813525324073,0,1,0,1749,7.466799475018602,453.0,6.115892125483034,22.67926,3.12145085046129,1,0,0,0,0,0,0,1,0,0,1,1,1,0,0,1,1,0,0,0,1,0,0,0,1,0,0,0,1,mixed,Cross-sector,US,USA,1,0,2020,7.61085279039525,73,4.290459441148391,0.049,-3.01593498087151,2015,2019,2017.0,7.609366537954211,5,1.6094379124341,11,2.397895272798371,"Mart\'inez, Mar\'ia del Carmen Valls, Pedro Antonio Martin Cervantes, and Salvador Cruz Rambaud, 'Women on corporate boards and sustainable development in the American and European markets: Is there a limit to gender policies?', Corporate Social Responsibility and Environmental Management, 27, no. 6 (2020), 2642–2656."
66,Martinez et al. (2020),4,0.2652625,0.1906256,1.391536603688067,0,1,0,1749,7.466799475018602,453.0,6.115892125483034,22.67926,3.12145085046129,0,1,0,0,0,0,0,1,0,0,1,1,1,0,0,1,1,0,0,0,1,0,0,0,1,0,0,0,1,mixed,Cross-sector,US,USA,1,0,2020,7.61085279039525,73,4.290459441148391,0.049,-3.01593498087151,2015,2019,2017.0,7.609366537954211,5,1.6094379124341,11,2.397895272798371,"Mart\'inez, Mar\'ia del Carmen Valls, Pedro Antonio Martin Cervantes, and Salvador Cruz Rambaud, 'Women on corporate boards and sustainable development in the American and European markets: Is there a limit to gender policies?', Corporate Social Responsibility and Environmental Management, 27, no. 6 (2020), 2642–2656."
66,Martinez et al. (2020),5,0.2078961,0.04689730378323877,4.433007512775237,0,0,1,1435,7.268920128193722,287.0,5.659482215759621,32.39022,3.477856525379992,1,0,0,0,0,0,0,1,0,0,1,1,1,0,0,1,1,0,0,1,0,0,0,0,1,0,0,0,1,mixed,Cross-sector,EU,Europe,1,0,2020,7.61085279039525,73,4.290459441148391,0.049,-3.01593498087151,2015,2019,2017.0,7.609366537954211,5,1.6094379124341,9,2.19722457733622,"Mart\'inez, Mar\'ia del Carmen Valls, Pedro Antonio Martin Cervantes, and Salvador Cruz Rambaud, 'Women on corporate boards and sustainable development in the American and European markets: Is there a limit to gender policies?', Corporate Social Responsibility and Environmental Management, 27, no. 6 (2020), 2642–2656."
66,Martinez et al. (2020),6,0.1740541,0.169639,1.026026444390735,0,1,0,1435,7.268920128193722,287.0,5.659482215759621,32.39022,3.477856525379992,1,0,0,0,0,0,0,1,0,0,1,1,1,0,0,1,1,0,0,1,0,0,0,0,1,0,0,0,1,mixed,Cross-sector,EU,Europe,1,0,2020,7.61085279039525,73,4.290459441148391,0.049,-3.01593498087151,2015,2019,2017.0,7.609366537954211,5,1.6094379124341,10,2.302585092994046,"Mart\'inez, Mar\'ia del Carmen Valls, Pedro Antonio Martin Cervantes, and Salvador Cruz Rambaud, 'Women on corporate boards and sustainable development in the American and European markets: Is there a limit to gender policies?', Corporate Social Responsibility and Environmental Management, 27, no. 6 (2020), 2642–2656."
66,Martinez et al. (2020),7,0.1558961,0.1925564,0.8096126641337292,0,1,0,1133,7.032624261028007,287.0,5.659482215759621,32.39022,3.477856525379992,1,0,0,0,0,0,0,1,0,0,1,1,1,0,0,1,1,0,0,1,0,0,0,0,1,0,0,0,1,mixed,Cross-sector,EU,Europe,1,0,2020,7.61085279039525,73,4.290459441148391,0.049,-3.01593498087151,2015,2019,2017.0,7.609366537954211,5,1.6094379124341,11,2.397895272798371,"Mart\'inez, Mar\'ia del Carmen Valls, Pedro Antonio Martin Cervantes, and Salvador Cruz Rambaud, 'Women on corporate boards and sustainable development in the American and European markets: Is there a limit to gender policies?', Corporate Social Responsibility and Environmental Management, 27, no. 6 (2020), 2642–2656."
66,Martinez et al. (2020),8,0.1449532,0.2321227,0.6244680076528492,0,1,0,1133,7.032624261028007,287.0,5.659482215759621,32.39022,3.477856525379992,0,1,0,0,0,0,0,1,0,0,1,1,1,0,0,1,1,0,0,1,0,0,0,0,1,0,0,0,1,mixed,Cross-sector,EU,Europe,1,0,2020,7.61085279039525,73,4.290459441148391,0.049,-3.01593498087151,2015,2019,2017.0,7.609366537954211,5,1.6094379124341,11,2.397895272798371,"Mart\'inez, Mar\'ia del Carmen Valls, Pedro Antonio Martin Cervantes, and Salvador Cruz Rambaud, 'Women on corporate boards and sustainable development in the American and European markets: Is there a limit to gender policies?', Corporate Social Responsibility and Environmental Management, 27, no. 6 (2020), 2642–2656."
67,Martinez et al. (2022),1,0.1806813,0.04644,3.890598,1,0,0,8535,9.05193063522854,436.0,6.077642243349034,28.88335,3.363265304527384,1,0,0,0,0,0,0,1,0,0,1,1,1,0,0,1,1,0,0,1,0,0,0,0,1,0,0,0,1,mixed,Cross-sector,EU,Europe,1,0,2022,7.611842399580417,41,3.713572066704308,0.004,-5.521460917862246,2010,2019,2014.5,7.608126304631402,10,2.302585092994046,10,2.302585092994046,"Mart\'inez, Mar\'ia del Carmen Valls, Pedro Antonio Mart\'in-Cervantes, and Mar\'ia del Mar Miralles-Quiros, 'Sustainable development and the limits of gender policies on corporate boards in Europe. A comparative analysis between developed and emerging markets', European Research on Management and Business Economics, 28, no. 1 (2022), 100168."
67,Martinez et al. (2022),2,0.1756407,0.123901,1.417594,1,1,0,8535,9.05193063522854,436.0,6.077642243349034,28.88335,3.363265304527384,1,0,0,0,0,0,0,1,0,0,1,1,1,0,0,1,1,0,0,1,0,0,0,0,1,0,0,0,1,mixed,Cross-sector,EU,Europe,1,0,2022,7.611842399580417,41,3.713572066704308,0.004,-5.521460917862246,2010,2019,2014.5,7.608126304631402,10,2.302585092994046,11,2.397895272798371,"Mart\'inez, Mar\'ia del Carmen Valls, Pedro Antonio Mart\'in-Cervantes, and Mar\'ia del Mar Miralles-Quiros, 'Sustainable development and the limits of gender policies on corporate boards in Europe. A comparative analysis between developed and emerging markets', European Research on Management and Business Economics, 28, no. 1 (2022), 100168."
67,Martinez et al. (2022),3,0.1822968,0.126886,1.436694,1,1,0,7602,8.936166649549195,436.0,6.077642243349034,28.88335,3.363265304527384,1,0,0,0,0,0,0,1,0,0,1,1,1,0,0,1,1,0,0,1,0,0,0,0,1,0,0,0,1,mixed,Cross-sector,EU,Europe,1,0,2022,7.611842399580417,41,3.713572066704308,0.004,-5.521460917862246,2010,2019,2014.5,7.608126304631402,10,2.302585092994046,12,2.484906649788,"Mart\'inez, Mar\'ia del Carmen Valls, Pedro Antonio Mart\'in-Cervantes, and Mar\'ia del Mar Miralles-Quiros, 'Sustainable development and the limits of gender policies on corporate boards in Europe. A comparative analysis between developed and emerging markets', European Research on Management and Business Economics, 28, no. 1 (2022), 100168."
67,Martinez et al. (2022),4,0.1740289,0.096895,1.796062,1,1,0,7602,8.936166649549195,436.0,6.077642243349034,28.88335,3.363265304527384,0,1,0,0,0,0,0,1,0,0,1,1,1,0,0,1,1,0,0,1,0,0,0,0,1,0,0,0,1,mixed,Cross-sector,EU,Europe,1,0,2022,7.611842399580417,41,3.713572066704308,0.004,-5.521460917862246,2010,2019,2014.5,7.608126304631402,10,2.302585092994046,12,2.484906649788,"Mart\'inez, Mar\'ia del Carmen Valls, Pedro Antonio Mart\'in-Cervantes, and Mar\'ia del Mar Miralles-Quiros, 'Sustainable development and the limits of gender policies on corporate boards in Europe. A comparative analysis between developed and emerging markets', European Research on Management and Business Economics, 28, no. 1 (2022), 100168."
67,Martinez et al. (2022),5,0.2155394,0.0554,3.890599,1,0,0,646,6.470799503782602,62.0,4.127134385045092,9.791891,2.281554594172067,1,0,0,0,0,0,0,1,0,0,1,1,1,0,0,1,1,0,0,1,0,0,0,0,1,0,0,0,1,mixed,Cross-sector,EU,Europe,1,0,2022,7.611842399580417,41,3.713572066704308,0.004,-5.521460917862246,2010,2019,2014.5,7.608126304631402,10,2.302585092994046,10,2.302585092994046,"Mart\'inez, Mar\'ia del Carmen Valls, Pedro Antonio Mart\'in-Cervantes, and Mar\'ia del Mar Miralles-Quiros, 'Sustainable development and the limits of gender policies on corporate boards in Europe. A comparative analysis between developed and emerging markets', European Research on Management and Business Economics, 28, no. 1 (2022), 100168."
67,Martinez et al. (2022),6,0.3866961,0.193161,2.001932,1,1,0,646,6.470799503782602,62.0,4.127134385045092,9.791891,2.281554594172067,1,0,0,0,0,0,0,1,0,0,1,1,1,0,0,1,1,0,0,1,0,0,0,0,1,0,0,0,1,mixed,Cross-sector,EU,Europe,1,0,2022,7.611842399580417,41,3.713572066704308,0.004,-5.521460917862246,2010,2019,2014.5,7.608126304631402,10,2.302585092994046,11,2.397895272798371,"Mart\'inez, Mar\'ia del Carmen Valls, Pedro Antonio Mart\'in-Cervantes, and Mar\'ia del Mar Miralles-Quiros, 'Sustainable development and the limits of gender policies on corporate boards in Europe. A comparative analysis between developed and emerging markets', European Research on Management and Business Economics, 28, no. 1 (2022), 100168."
67,Martinez et al. (2022),7,0.3804602,0.159071,2.391767,1,1,0,512,6.238324625039508,62.0,4.127134385045092,9.791891,2.281554594172067,1,0,0,0,0,0,0,1,0,0,1,1,1,0,0,1,1,0,0,1,0,0,0,0,1,0,0,0,1,mixed,Cross-sector,EU,Europe,1,0,2022,7.611842399580417,41,3.713572066704308,0.004,-5.521460917862246,2010,2019,2014.5,7.608126304631402,10,2.302585092994046,12,2.484906649788,"Mart\'inez, Mar\'ia del Carmen Valls, Pedro Antonio Mart\'in-Cervantes, and Mar\'ia del Mar Miralles-Quiros, 'Sustainable development and the limits of gender policies on corporate boards in Europe. A comparative analysis between developed and emerging markets', European Research on Management and Business Economics, 28, no. 1 (2022), 100168."
67,Martinez et al. (2022),8,0.4492738,0.230903,1.945726,1,1,0,512,6.238324625039508,62.0,4.127134385045092,9.791891,2.281554594172067,0,1,0,0,0,0,0,1,0,0,1,1,1,0,0,1,1,0,0,1,0,0,0,0,1,0,0,0,1,mixed,Cross-sector,EU,Europe,1,0,2022,7.611842399580417,41,3.713572066704308,0.004,-5.521460917862246,2010,2019,2014.5,7.608126304631402,10,2.302585092994046,12,2.484906649788,"Mart\'inez, Mar\'ia del Carmen Valls, Pedro Antonio Mart\'in-Cervantes, and Mar\'ia del Mar Miralles-Quiros, 'Sustainable development and the limits of gender policies on corporate boards in Europe. A comparative analysis between developed and emerging markets', European Research on Management and Business Economics, 28, no. 1 (2022), 100168."
67,Martinez et al. (2022),9,0.1759416,0.198263,0.887416,1,1,0,7602,8.936166649549195,436.0,6.077642243349034,28.88335,3.363265304527384,1,0,0,0,0,0,0,1,0,0,1,1,1,0,0,1,1,0,0,1,0,0,0,0,1,0,0,0,1,mixed,Cross-sector,EU,Europe,1,0,2022,7.611842399580417,41,3.713572066704308,0.004,-5.521460917862246,2010,2019,2014.5,7.608126304631402,10,2.302585092994046,14,2.639057329615258,"Mart\'inez, Mar\'ia del Carmen Valls, Pedro Antonio Mart\'in-Cervantes, and Mar\'ia del Mar Miralles-Quiros, 'Sustainable development and the limits of gender policies on corporate boards in Europe. A comparative analysis between developed and emerging markets', European Research on Management and Business Economics, 28, no. 1 (2022), 100168."
67,Martinez et al. (2022),10,0.1688952,0.194923,0.86647,1,1,0,7602,8.936166649549195,436.0,6.077642243349034,28.88335,3.363265304527384,0,1,0,0,0,0,0,1,0,0,1,1,1,0,0,1,1,0,0,1,0,0,0,0,1,0,0,0,1,mixed,Cross-sector,EU,Europe,1,0,2022,7.611842399580417,41,3.713572066704308,0.004,-5.521460917862246,2010,2019,2014.5,7.608126304631402,10,2.302585092994046,14,2.639057329615258,"Mart\'inez, Mar\'ia del Carmen Valls, Pedro Antonio Mart\'in-Cervantes, and Mar\'ia del Mar Miralles-Quiros, 'Sustainable development and the limits of gender policies on corporate boards in Europe. A comparative analysis between developed and emerging markets', European Research on Management and Business Economics, 28, no. 1 (2022), 100168."
67,Martinez et al. (2022),11,0.3672646,0.679178,0.540748,1,1,0,512,6.238324625039508,62.0,4.127134385045092,9.791891,2.281554594172067,1,0,0,0,0,0,0,1,0,0,1,1,1,0,0,1,1,0,0,1,0,0,0,0,1,0,0,0,1,mixed,Cross-sector,EU,Europe,1,0,2022,7.611842399580417,41,3.713572066704308,0.004,-5.521460917862246,2010,2019,2014.5,7.608126304631402,10,2.302585092994046,14,2.639057329615258,"Mart\'inez, Mar\'ia del Carmen Valls, Pedro Antonio Mart\'in-Cervantes, and Mar\'ia del Mar Miralles-Quiros, 'Sustainable development and the limits of gender policies on corporate boards in Europe. A comparative analysis between developed and emerging markets', European Research on Management and Business Economics, 28, no. 1 (2022), 100168."
67,Martinez et al. (2022),12,0.4453569,0.791038,0.563003,1,1,0,512,6.238324625039508,62.0,4.127134385045092,9.791891,2.281554594172067,0,1,0,0,0,0,0,1,0,0,1,1,1,0,0,1,1,0,0,1,0,0,0,0,1,0,0,0,1,mixed,Cross-sector,EU,Europe,1,0,2022,7.611842399580417,41,3.713572066704308,0.004,-5.521460917862246,2010,2019,2014.5,7.608126304631402,10,2.302585092994046,14,2.639057329615258,"Mart\'inez, Mar\'ia del Carmen Valls, Pedro Antonio Mart\'in-Cervantes, and Mar\'ia del Mar Miralles-Quiros, 'Sustainable development and the limits of gender policies on corporate boards in Europe. A comparative analysis between developed and emerging markets', European Research on Management and Business Economics, 28, no. 1 (2022), 100168."
68,Meen (2023),1,0.114,0.035,3.257142857142857,0,0,1,892,6.79346613258001,223.0,5.407171771460119,35.37,3.565864003217389,1,0,0,0,0,0,0,1,0,0,1,1,1,1,1,1,0,1,0,1,0,0,0,0,1,0,0,0,1,mixed,Cross-sector,Nordic,Europe,0,1,2023,7.612336837167746,0,0.0,,,2018,2021,2019.5,7.610605235003468,4,1.386294361119891,11,2.397895272798371,"Meen, Eiliv Kvernes and Jonatan Stallum, 'The Relationship between Board Diversity, ESG, and Financial Performance: A Nordic Study' (MA thesis, Handelshoyskolen BI, 2023)."
68,Meen (2023),2,0.163,0.033,4.939393939393939,0,0,1,892,6.79346613258001,223.0,5.407171771460119,35.37,3.565864003217389,1,0,0,0,0,0,0,1,0,0,1,1,1,1,1,1,0,1,0,1,0,0,0,0,1,0,0,0,1,mixed,Cross-sector,Nordic,Europe,0,1,2023,7.612336837167746,0,0.0,,,2018,2021,2019.5,7.610605235003468,4,1.386294361119891,11,2.397895272798371,"Meen, Eiliv Kvernes and Jonatan Stallum, 'The Relationship between Board Diversity, ESG, and Financial Performance: A Nordic Study' (MA thesis, Handelshoyskolen BI, 2023)."
68,Meen (2023),3,0.157,0.032,4.90625,0,0,1,892,6.79346613258001,223.0,5.407171771460119,35.37,3.565864003217389,1,0,0,0,0,0,0,1,0,0,1,1,1,1,1,1,0,1,0,1,0,0,0,0,1,0,0,0,1,mixed,Cross-sector,Nordic,Europe,0,1,2023,7.612336837167746,0,0.0,,,2018,2021,2019.5,7.610605235003468,4,1.386294361119891,11,2.397895272798371,"Meen, Eiliv Kvernes and Jonatan Stallum, 'The Relationship between Board Diversity, ESG, and Financial Performance: A Nordic Study' (MA thesis, Handelshoyskolen BI, 2023)."
68,Meen (2023),4,0.139,0.036,3.861111111111112,0,0,1,669,6.505784060128229,223.0,5.407171771460119,35.37,3.565864003217389,1,0,0,0,0,0,0,1,0,0,1,1,1,1,1,1,0,1,0,1,0,0,0,0,1,0,0,0,1,mixed,Cross-sector,Nordic,Europe,0,1,2023,7.612336837167746,0,0.0,,,2018,2021,2019.5,7.610605235003468,4,1.386294361119891,11,2.397895272798371,"Meen, Eiliv Kvernes and Jonatan Stallum, 'The Relationship between Board Diversity, ESG, and Financial Performance: A Nordic Study' (MA thesis, Handelshoyskolen BI, 2023)."
69,Mehmood et al. (2023),1,0.1198,0.03087628865979382,3.88,0,0,1,425,6.052089168924417,53.0,3.970291913552122,23.632,3.162601725789024,1,0,0,0,0,0,0,1,0,0,1,1,1,1,1,0,1,0,0,1,0,0,0,0,1,0,0,1,0,utilities,Utilities,EU,Europe,1,0,2023,7.612336837167746,20,2.995732273553991,0.041,-3.194183212277829,2011,2021,2016.0,7.60887062919126,11,2.397895272798371,6,1.791759469228055,"Mehmood, Asad, Francesco De Luca, and Hao Quach, 'Investigating how board gender diversity affects environmental, social and governance performance: Evidence from the utilities sector', Utilities Policy, 83 (2023), 101588."
69,Mehmood et al. (2023),2,0.0633,0.006726886291179596,9.41,0,0,1,365,5.899897353582491,53.0,3.970291913552122,23.632,3.162601725789024,0,0,0,1,0,0,0,1,0,1,0,1,1,1,1,0,1,0,0,1,0,0,0,0,1,0,0,1,0,utilities,Utilities,EU,Europe,1,0,2023,7.612336837167746,20,2.995732273553991,0.041,-3.194183212277829,2011,2021,2016.0,7.60887062919126,11,2.397895272798371,7,1.945910149055313,"Mehmood, Asad, Francesco De Luca, and Hao Quach, 'Investigating how board gender diversity affects environmental, social and governance performance: Evidence from the utilities sector', Utilities Policy, 83 (2023), 101588."
70,Miranda et al. (2023),1,0.215,0.0545195212,3.943541602,1,0,0,300,5.703782474656201,75.0,4.31748811353631,26.888,3.291680090422805,0,1,0,0,0,0,0,1,0,1,0,1,0,1,1,0,0,1,0,1,0,0,0,0,1,0,1,0,0,banks,Financial Services,EU,Europe,1,0,2023,7.612336837167746,24,3.178053830347946,,,2016,2019,2017.5,7.609614400144104,4,1.386294361119891,7,1.945910149055313,"Miranda, Bruna, Catarina Delgado, and Manuel Castelo Branco, 'Board characteristics, social trust and ESG performance in the European banking sector', Journal of Risk and Financial Management, 16, no. 4 (2023), 244."
71,Monteiro et al. (2024),1,0.246,0.07434938930127191,3.308702362075644,0,0,1,538,6.287858560161784,207.0,5.332718793265369,26.37692,3.272489385355246,0,1,0,0,0,0,0,1,0,0,1,1,1,1,1,0,0,1,0,1,0,0,0,0,1,0,0,1,0,healthcare,Healthcare,EU,Europe,1,0,2024,7.612831030407357,4,1.386294361119891,0.005,-5.298317366548036,2017,2021,2019.0,7.610357618312838,5,1.6094379124341,11,2.397895272798371,"Monteiro, Albertina Paula, Catarina Cepeda, and Amelia Ferreira da Silva, 'Does the Workforce and Sustainability Reports Strengthen the Relationship between Gender Diversity and Sustainability Performance Reporting?', Administrative Sciences, 14, no. 6 (2024), 105."
71,Monteiro et al. (2024),2,0.246,0.07434938930127191,3.308702362075644,0,0,1,538,6.287858560161784,207.0,5.332718793265369,26.37692,3.272489385355246,0,1,0,0,0,0,0,1,0,0,1,1,1,1,1,0,0,1,0,1,0,0,0,0,1,0,0,1,0,healthcare,Healthcare,EU,Europe,1,0,2024,7.612831030407357,4,1.386294361119891,0.005,-5.298317366548036,2017,2021,2019.0,7.610357618312838,5,1.6094379124341,11,2.397895272798371,"Monteiro, Albertina Paula, Catarina Cepeda, and Amelia Ferreira da Silva, 'Does the Workforce and Sustainability Reports Strengthen the Relationship between Gender Diversity and Sustainability Performance Reporting?', Administrative Sciences, 14, no. 6 (2024), 105."
72,Moussa & Elmarzouky (2023),1,0.327,0.0255,12.82352941176471,0,0,1,1858,7.527255919373784,186.0,5.225746673713202,23.433,3.15414528529627,1,0,0,0,0,0,0,1,0,0,1,0,1,1,1,0,1,0,0,1,0,0,0,0,1,0,0,1,0,non-financial,Non-financial Firms,UK,UK,1,0,2023,7.612336837167746,26,3.258096538021482,,,2012,2021,2016.5,7.609118614313423,10,2.302585092994046,8,2.079441541679836,"Moussa, Ahmed Saber and Mahmoud Elmarzouky, 'Does Capital Expenditure Matter for ESG Disclosure? A UK Perspective', Journal of Risk and Financial Management, 16, no. 10 (2023), 429."
72,Moussa & Elmarzouky (2023),2,0.327,0.0255,12.82352941176471,0,0,1,1858,7.527255919373784,186.0,5.225746673713202,23.433,3.15414528529627,0,1,0,0,0,0,0,1,0,0,1,0,1,1,1,0,1,0,0,1,0,0,0,0,1,0,0,1,0,non-financial,Non-financial Firms,UK,UK,1,0,2023,7.612336837167746,26,3.258096538021482,,,2012,2021,2016.5,7.609118614313423,10,2.302585092994046,8,2.079441541679836,"Moussa, Ahmed Saber and Mahmoud Elmarzouky, 'Does Capital Expenditure Matter for ESG Disclosure? A UK Perspective', Journal of Risk and Financial Management, 16, no. 10 (2023), 429."
72,Moussa & Elmarzouky (2023),3,0.271,0.0288,9.409722222222223,0,0,1,1858,7.527255919373784,186.0,5.225746673713202,23.433,3.15414528529627,0,1,0,0,0,0,0,1,0,0,1,0,1,1,1,0,1,0,0,1,0,0,0,0,1,0,0,1,0,non-financial,Non-financial Firms,UK,UK,1,0,2023,7.612336837167746,26,3.258096538021482,,,2012,2021,2016.5,7.609118614313423,10,2.302585092994046,8,2.079441541679836,"Moussa, Ahmed Saber and Mahmoud Elmarzouky, 'Does Capital Expenditure Matter for ESG Disclosure? A UK Perspective', Journal of Risk and Financial Management, 16, no. 10 (2023), 429."
72,Moussa & Elmarzouky (2023),4,0.327,0.0254,12.8740157480315,0,0,1,1858,7.527255919373784,186.0,5.225746673713202,23.433,3.15414528529627,0,0,0,0,1,0,1,1,0,0,1,0,1,1,1,0,1,0,0,1,0,0,0,0,1,0,0,1,0,non-financial,Non-financial Firms,UK,UK,1,0,2023,7.612336837167746,26,3.258096538021482,,,2012,2021,2016.5,7.609118614313423,10,2.302585092994046,8,2.079441541679836,"Moussa, Ahmed Saber and Mahmoud Elmarzouky, 'Does Capital Expenditure Matter for ESG Disclosure? A UK Perspective', Journal of Risk and Financial Management, 16, no. 10 (2023), 429."
73,Nadeem et al. (2017),1,0.233,0.05969074695767233,3.903452576413964,1,0,0,1224,7.109879463072271,374.0,5.924255797414532,10.33,2.335052283131547,1,0,0,0,0,0,0,1,0,0,1,0,0,0,0,0,1,0,0,0,0,0,0,1,1,0,0,0,1,mixed,Cross-sector,Australia,Australia,1,0,2017,7.609366537954211,356,5.87493073085203,,,2010,2014,2012.0,7.60688453121963,5,1.6094379124341,3,1.09861228866811,"Nadeem, Muhammd, Rashid Zaman, and Irfan Saleem, 'Boardroom gender diversity and corporate sustainability practices: Evidence from Australian Securities Exchange listed firms', Journal of Cleaner Production, 149 (2017), 874–885."
73,Nadeem et al. (2017),2,0.013,0.02141874589991718,0.60694496590719,0,0,1,1224,7.109879463072271,374.0,5.924255797414532,10.33,2.335052283131547,0,1,0,0,0,0,0,1,0,0,1,0,0,0,0,0,1,0,0,0,0,0,0,1,1,0,0,0,1,mixed,Cross-sector,Australia,Australia,1,0,2017,7.609366537954211,356,5.87493073085203,,,2010,2014,2012.0,7.60688453121963,5,1.6094379124341,3,1.09861228866811,"Nadeem, Muhammd, Rashid Zaman, and Irfan Saleem, 'Boardroom gender diversity and corporate sustainability practices: Evidence from Australian Securities Exchange listed firms', Journal of Cleaner Production, 149 (2017), 874–885."
73,Nadeem et al. (2017),3,0.016,0.01055852547169374,1.515363110397778,0,0,1,989,6.896694331622713,374.0,5.924255797414532,10.33,2.335052283131547,1,0,0,0,0,0,0,1,0,0,1,0,0,0,0,0,1,0,0,0,0,0,0,1,1,0,0,0,1,mixed,Cross-sector,Australia,Australia,1,0,2017,7.609366537954211,356,5.87493073085203,,,2010,2014,2012.0,7.60688453121963,5,1.6094379124341,4,1.386294361119891,"Nadeem, Muhammd, Rashid Zaman, and Irfan Saleem, 'Boardroom gender diversity and corporate sustainability practices: Evidence from Australian Securities Exchange listed firms', Journal of Cleaner Production, 149 (2017), 874–885."
73,Nadeem et al. (2017),4,0.077,0.03647103770222091,2.1112643031627,0,0,1,989,6.896694331622713,374.0,5.924255797414532,10.33,2.335052283131547,0,0,0,1,0,0,0,1,0,1,0,0,0,0,0,0,1,0,0,0,0,0,0,1,1,0,0,0,1,mixed,Cross-sector,Australia,Australia,1,0,2017,7.609366537954211,356,5.87493073085203,,,2010,2014,2012.0,7.60688453121963,5,1.6094379124341,4,1.386294361119891,"Nadeem, Muhammd, Rashid Zaman, and Irfan Saleem, 'Boardroom gender diversity and corporate sustainability practices: Evidence from Australian Securities Exchange listed firms', Journal of Cleaner Production, 149 (2017), 874–885."
74,Nandi et al. (2023),1,0.112,0.01924398625429553,5.82,0,0,1,2288,7.735433352499689,286.0,5.655991810819852,12.767,2.546863716838214,0,1,0,0,0,0,0,1,0,0,1,1,1,1,1,0,1,0,0,0,0,1,0,0,0,1,0,1,0,non-financial,Non-financial Firms,India,India,1,0,2023,7.612336837167746,3,1.09861228866811,0.007,-4.961845129926823,2014,2021,2017.5,7.609614400144104,8,2.079441541679836,10,2.302585092994046,"Nandi, Ankita, Nidhi Agarwala, and Tarak Nath Sahu, 'Towards a Sustainable Future: The Interaction of Corporate Governance and Sustainable Policies with Corporate Social Responsibility', Indian Journal of Corporate Governance, 16, no. 2 (2023), 149–176."
74,Nandi et al. (2023),2,-0.026,0.02653061224489796,-0.98,0,0,1,2288,7.735433352499689,286.0,5.655991810819852,12.767,2.546863716838214,0,0,0,1,0,0,0,1,0,1,0,1,1,1,1,0,1,0,0,0,0,1,0,0,0,1,0,1,0,non-financial,Non-financial Firms,India,India,1,0,2023,7.612336837167746,3,1.09861228866811,0.007,-4.961845129926823,2014,2021,2017.5,7.609614400144104,8,2.079441541679836,11,2.397895272798371,"Nandi, Ankita, Nidhi Agarwala, and Tarak Nath Sahu, 'Towards a Sustainable Future: The Interaction of Corporate Governance and Sustainable Policies with Corporate Social Responsibility', Indian Journal of Corporate Governance, 16, no. 2 (2023), 149–176."
75,Nekhili et a. (2021),1,0.036,0.01208053691275168,2.98,0,0,1,444,6.095824562432225,120.0,4.787491742782046,23.25,3.146305132033365,0,0,0,1,0,0,0,1,0,1,0,1,1,1,1,1,1,0,0,1,0,0,0,0,1,0,0,1,0,non-financial,Non-financial Firms,France,France,1,0,2021,7.611347717403621,123,4.812184355372417,0.077,-2.563949857128453,2007,2017,2012.0,7.60688453121963,11,2.397895272798371,18,2.890371757896165,"Nekhili, Mehdi, Amal Boukadhaba, and Haithem Nagati, 'The ESG--financial performance relationship: Does the type of employee board representation matter?', Corporate Governance: An International Review, 29, no. 2 (2021), 134–161."
75,Nekhili et a. (2021),2,0.084,0.009438202247191012,8.9,0,0,1,313,5.746203190540153,120.0,4.787491742782046,23.25,3.146305132033365,0,0,0,1,0,0,0,1,0,1,0,1,1,1,1,1,1,0,0,1,0,0,0,0,1,0,0,1,0,non-financial,Non-financial Firms,France,France,1,0,2021,7.611347717403621,123,4.812184355372417,0.077,-2.563949857128453,2007,2017,2012.0,7.60688453121963,11,2.397895272798371,18,2.890371757896165,"Nekhili, Mehdi, Amal Boukadhaba, and Haithem Nagati, 'The ESG--financial performance relationship: Does the type of employee board representation matter?', Corporate Governance: An International Review, 29, no. 2 (2021), 134–161."
75,Nekhili et a. (2021),3,0.051,0.01078224101479915,4.73,0,0,1,288,5.662960480135946,120.0,4.787491742782046,23.25,3.146305132033365,0,0,0,1,0,0,0,1,0,1,0,1,1,1,1,1,1,0,0,1,0,0,0,0,1,0,0,1,0,non-financial,Non-financial Firms,France,France,1,0,2021,7.611347717403621,123,4.812184355372417,0.077,-2.563949857128453,2007,2017,2012.0,7.60688453121963,11,2.397895272798371,18,2.890371757896165,"Nekhili, Mehdi, Amal Boukadhaba, and Haithem Nagati, 'The ESG--financial performance relationship: Does the type of employee board representation matter?', Corporate Governance: An International Review, 29, no. 2 (2021), 134–161."
76,Nery & Morales (2022),1,0.37528,0.1179,3.18303647158609,0,0,1,467,6.146329257668897,51.0,3.931825632724326,11.0,2.397895272798371,0,1,0,0,0,0,0,1,0,0,1,1,1,1,1,1,1,0,0,0,0,1,0,0,0,1,0,0,1,mixed,Cross-sector,Phillipines,Asia,1,0,2022,7.611842399580417,6,1.791759469228055,,,2010,2019,2014.5,7.608126304631402,10,2.302585092994046,9,2.19722457733622,"Nery, Justin Reginald and Marc Kevin Morales, 'Impact of board composition of Philippine companies on the quality of their ESG disclosures', Philippine Management Review, 29, no. 1 (2022), 135–148."
76,Nery & Morales (2022),2,0.31945,0.08537,3.741946819725899,0,0,1,467,6.146329257668897,51.0,3.931825632724326,11.0,2.397895272798371,0,1,0,0,0,0,0,1,0,1,0,1,1,1,1,1,1,0,0,0,0,1,0,0,0,1,0,0,1,mixed,Cross-sector,Phillipines,Asia,1,0,2022,7.611842399580417,6,1.791759469228055,,,2010,2019,2014.5,7.608126304631402,10,2.302585092994046,9,2.19722457733622,"Nery, Justin Reginald and Marc Kevin Morales, 'Impact of board composition of Philippine companies on the quality of their ESG disclosures', Philippine Management Review, 29, no. 1 (2022), 135–148."
77,Nicolo et al. (2021),1,0.197,0.0142,13.87323943661972,0,0,1,1392,7.238496840894365,1392.0,7.238496840894365,27.272,3.305860534835602,0,1,0,0,0,0,0,1,0,0,1,1,1,1,1,0,0,1,0,1,0,0,0,0,1,0,0,1,0,non-financial,Non-financial Firms,EU,Europe,1,0,2021,7.611347717403621,126,4.836281906951478,0.014,-4.268697949366879,2014,2019,2016.5,7.609118614313423,6,1.791759469228055,8,2.079441541679836,"Nicolo, Giuseppe, Giovanni Zampone, Giuseppe Sannino, and Serena De Iorio, 'Sustainable corporate governance and non-financial disclosure in Europe: does the gender diversity matter?', Journal of Applied Accounting Research, 23, no. 1 (2021), 227–249."
78,Nicolo et al. (2023),1,-0.047,0.0297,-1.582491582491582,0,0,1,1750,7.467371066917559,265.0,5.579729825986222,16.37,2.795450391383044,0,0,0,0,1,0,1,1,0,1,0,1,1,1,1,1,0,1,1,0,0,0,0,0,0,0,0,1,0,utilities,Utilities,global,,1,0,2023,7.612336837167746,47,3.850147601710058,,,2011,2019,2015.0,7.608374474380783,9,2.19722457733622,8,2.079441541679836,"Nicolo, Giuseppe, Giovanni Zampone, Giuseppe Sannino, and Adriana Tiron-Tudor, 'Worldwide evidence of corporate governance influence on ESG disclosure in the utilities sector', Utilities Policy, 82 (2023), 101549."
79,Nicolo et al. (2024),1,0.063,0.034645,1.81842,0,0,1,1265,7.142827401161621,253.0,5.53338948872752,13.91851,2.633219608947174,0,1,0,0,0,0,0,1,0,0,1,1,1,1,1,1,0,1,1,0,0,0,0,0,0,0,0,1,0,SOE,State-Owned Enterprises,global,,1,0,2024,7.612831030407357,4,1.386294361119891,0.049,-3.01593498087151,2018,2022,2020.0,7.61085279039525,5,1.6094379124341,10,2.302585092994046,"Nicolo', Giuseppe and Francisco Javier Andrades-Pena, 'Does corporate governance influence environmental, social and governance disclosure practices of state-owned enterprises? An international study', Corporate Social Responsibility and Environmental Management (2024)."
79,Nicolo et al. (2024),2,0.11,0.037065,2.967738,0,0,1,690,6.536691597591305,138.0,4.927253685157205,13.91851,2.633219608947174,0,1,0,0,0,0,0,1,0,0,1,1,1,1,1,1,0,1,1,0,0,0,0,0,0,0,0,1,0,SOE-China,State-Owned Enterprises,global-China,,1,0,2024,7.612831030407357,4,1.386294361119891,0.049,-3.01593498087151,2018,2022,2020.0,7.61085279039525,5,1.6094379124341,10,2.302585092994046,"Nicolo', Giuseppe and Francisco Javier Andrades-Pena, 'Does corporate governance influence environmental, social and governance disclosure practices of state-owned enterprises? An international study', Corporate Social Responsibility and Environmental Management (2024)."
80,Ozturk (2023),1,0.0442,0.02725214794728963,1.621890505126071,0,0,1,1820,7.506591780070841,364.0,5.897153867636741,22.67,3.121042464519438,1,0,0,0,0,0,0,1,0,0,1,0,0,0,1,0,1,0,0,0,1,0,0,0,1,0,0,0,1,mixed,Cross-sector,US,USA,0,1,2023,7.612336837167746,0,0.0,,,2017,2021,2019.0,7.610357618312838,5,1.6094379124341,5,1.6094379124341,"Ozturk, Leyla, 'The relationship between the presence of women on the board and the environmental, social, and governance reporting of companies' (MA thesis, Tallinn University of Technology, 2023)."
81,Paolone et al. (2024a),1,0.0539,0.0576,0.935763888888889,0,0,1,805,6.690842277418564,600.0,6.396929655216146,34.19673,3.532130025462159,0,1,0,0,0,0,0,1,0,0,1,1,1,0,0,0,0,1,0,1,0,0,0,0,1,0,0,0,1,mixed,Cross-sector,EU,Europe,1,0,2024,7.612831030407357,2,0.6931471805599453,,,2018,2019,2018.5,7.610109940292996,2,0.6931471805599453,8,2.079441541679836,"Paolone, Francesco, Giuseppe Maria Bifulco, and Mar\'ia del Mar Perona Alfageme, 'Creating value through diversity: Analysis of the strategic management of BoD diversity in favor of sustainable performance', Strategic Change, 33, no. 3 (2024), 169–186."
81,Paolone et al. (2024a),2,0.112,0.039,2.871794871794872,0,0,1,794,6.677083461247136,600.0,6.396929655216146,34.19673,3.532130025462159,0,1,0,0,0,0,0,1,0,0,1,1,1,0,0,0,0,1,0,1,0,0,0,0,1,0,0,0,1,mixed,Cross-sector,EU,Europe,1,0,2024,7.612831030407357,2,0.6931471805599453,,,2020,2021,2020.5,7.611100284518528,2,0.6931471805599453,8,2.079441541679836,"Paolone, Francesco, Giuseppe Maria Bifulco, and Mar\'ia del Mar Perona Alfageme, 'Creating value through diversity: Analysis of the strategic management of BoD diversity in favor of sustainable performance', Strategic Change, 33, no. 3 (2024), 169–186."
81,Paolone et al. (2024a),3,0.0507,0.0585,0.8666666666666667,0,0,1,792,6.674561391814426,600.0,6.396929655216146,34.19673,3.532130025462159,0,1,0,0,0,0,0,1,0,0,1,1,1,0,0,0,0,1,0,1,0,0,0,0,1,0,0,0,1,mixed,Cross-sector,EU,Europe,1,0,2024,7.612831030407357,2,0.6931471805599453,,,2018,2019,2018.5,7.610109940292996,2,0.6931471805599453,8,2.079441541679836,"Paolone, Francesco, Giuseppe Maria Bifulco, and Mar\'ia del Mar Perona Alfageme, 'Creating value through diversity: Analysis of the strategic management of BoD diversity in favor of sustainable performance', Strategic Change, 33, no. 3 (2024), 169–186."
81,Paolone et al. (2024a),4,0.112,0.0391,2.864450127877238,0,0,1,776,6.654152520183219,600.0,6.396929655216146,34.19673,3.532130025462159,0,1,0,0,0,0,0,1,0,0,1,1,1,0,0,0,0,1,0,1,0,0,0,0,1,0,0,0,1,mixed,Cross-sector,EU,Europe,1,0,2024,7.612831030407357,2,0.6931471805599453,,,2020,2021,2020.5,7.611100284518528,2,0.6931471805599453,8,2.079441541679836,"Paolone, Francesco, Giuseppe Maria Bifulco, and Mar\'ia del Mar Perona Alfageme, 'Creating value through diversity: Analysis of the strategic management of BoD diversity in favor of sustainable performance', Strategic Change, 33, no. 3 (2024), 169–186."
81,Paolone et al. (2024a),5,0.0408,0.06,0.68,0,0,1,763,6.637258031284457,600.0,6.396929655216146,34.19673,3.532130025462159,0,1,0,0,0,0,0,1,0,0,1,1,1,0,0,0,0,1,0,1,0,0,0,0,1,0,0,0,1,mixed,Cross-sector,EU,Europe,1,0,2024,7.612831030407357,2,0.6931471805599453,,,2018,2019,2018.5,7.610109940292996,2,0.6931471805599453,8,2.079441541679836,"Paolone, Francesco, Giuseppe Maria Bifulco, and Mar\'ia del Mar Perona Alfageme, 'Creating value through diversity: Analysis of the strategic management of BoD diversity in favor of sustainable performance', Strategic Change, 33, no. 3 (2024), 169–186."
81,Paolone et al. (2024a),6,0.132,0.0404,3.267326732673268,0,0,1,750,6.620073206530356,600.0,6.396929655216146,34.19673,3.532130025462159,0,1,0,0,0,0,0,1,0,0,1,1,1,0,0,0,0,1,0,1,0,0,0,0,1,0,0,0,1,mixed,Cross-sector,EU,Europe,1,0,2024,7.612831030407357,2,0.6931471805599453,,,2020,2021,2020.5,7.611100284518528,2,0.6931471805599453,8,2.079441541679836,"Paolone, Francesco, Giuseppe Maria Bifulco, and Mar\'ia del Mar Perona Alfageme, 'Creating value through diversity: Analysis of the strategic management of BoD diversity in favor of sustainable performance', Strategic Change, 33, no. 3 (2024), 169–186."
81,Paolone et al. (2024a),7,0.0575,0.0555,1.036036036036036,0,0,1,685,6.529418838262226,600.0,6.396929655216146,34.19673,3.532130025462159,0,1,0,0,0,0,0,1,0,0,1,1,1,0,0,0,0,1,0,1,0,0,0,0,1,0,0,0,1,mixed,Cross-sector,EU,Europe,1,0,2024,7.612831030407357,2,0.6931471805599453,,,2018,2019,2018.5,7.610109940292996,2,0.6931471805599453,8,2.079441541679836,"Paolone, Francesco, Giuseppe Maria Bifulco, and Mar\'ia del Mar Perona Alfageme, 'Creating value through diversity: Analysis of the strategic management of BoD diversity in favor of sustainable performance', Strategic Change, 33, no. 3 (2024), 169–186."
81,Paolone et al. (2024a),8,0.13,0.0459,2.832244008714597,0,0,1,685,6.529418838262226,600.0,6.396929655216146,34.19673,3.532130025462159,0,1,0,0,0,0,0,1,0,0,1,1,1,0,0,0,0,1,0,1,0,0,0,0,1,0,0,0,1,mixed,Cross-sector,EU,Europe,1,0,2024,7.612831030407357,2,0.6931471805599453,,,2020,2021,2020.5,7.611100284518528,2,0.6931471805599453,8,2.079441541679836,"Paolone, Francesco, Giuseppe Maria Bifulco, and Mar\'ia del Mar Perona Alfageme, 'Creating value through diversity: Analysis of the strategic management of BoD diversity in favor of sustainable performance', Strategic Change, 33, no. 3 (2024), 169–186."
81,Paolone et al. (2024a),9,0.0692,0.0544,1.272058823529412,0,0,1,832,6.723832440821209,600.0,6.396929655216146,34.19673,3.532130025462159,0,1,0,0,0,0,0,1,0,0,1,1,1,0,0,0,0,1,0,1,0,0,0,0,1,0,0,0,1,mixed,Cross-sector,EU,Europe,1,0,2024,7.612831030407357,2,0.6931471805599453,,,2018,2019,2018.5,7.610109940292996,2,0.6931471805599453,8,2.079441541679836,"Paolone, Francesco, Giuseppe Maria Bifulco, and Mar\'ia del Mar Perona Alfageme, 'Creating value through diversity: Analysis of the strategic management of BoD diversity in favor of sustainable performance', Strategic Change, 33, no. 3 (2024), 169–186."
81,Paolone et al. (2024a),10,0.111,0.0391,2.838874680306905,0,0,1,801,6.68586094706836,600.0,6.396929655216146,34.19673,3.532130025462159,0,1,0,0,0,0,0,1,0,0,1,1,1,0,0,0,0,1,0,1,0,0,0,0,1,0,0,0,1,mixed,Cross-sector,EU,Europe,1,0,2024,7.612831030407357,2,0.6931471805599453,,,2020,2021,2020.5,7.611100284518528,2,0.6931471805599453,8,2.079441541679836,"Paolone, Francesco, Giuseppe Maria Bifulco, and Mar\'ia del Mar Perona Alfageme, 'Creating value through diversity: Analysis of the strategic management of BoD diversity in favor of sustainable performance', Strategic Change, 33, no. 3 (2024), 169–186."
82,Paolone et al. (2024b),1,0.5326,0.1171,4.548249359521776,0,0,1,96,4.564348191467836,96.0,4.564348191467836,35.739,3.576242529485333,1,0,0,0,0,0,0,0,1,0,1,1,1,0,1,0,0,1,0,1,0,0,0,0,1,0,1,0,0,banks,Financial Services,EU,Europe,1,0,2024,7.612831030407357,21,3.044522437723423,0.003,-5.809142990314028,2021,2021,2021.0,7.611347717403621,1,0.0,7,1.945910149055313,"Paolone, Francesco, Matteo Pozzoli, Meghna Chhabra, and Assunta Di Vaio, 'Cultural and gender diversity for ESG performance towards knowledge sharing: empirical evidence from European banks', Journal of Knowledge Management, 28, no. 11 (2024), 106–131."
82,Paolone et al. (2024b),2,0.5589125,0.1970055,2.837040082637287,0,1,0,96,4.564348191467836,96.0,4.564348191467836,35.739,3.576242529485333,1,0,0,0,0,0,0,0,1,0,1,1,1,0,1,0,0,1,0,1,0,0,0,0,1,0,1,0,0,banks,Financial Services,EU,Europe,1,0,2024,7.612831030407357,21,3.044522437723423,0.003,-5.809142990314028,2021,2021,2021.0,7.611347717403621,1,0.0,7,1.945910149055313,"Paolone, Francesco, Matteo Pozzoli, Meghna Chhabra, and Assunta Di Vaio, 'Cultural and gender diversity for ESG performance towards knowledge sharing: empirical evidence from European banks', Journal of Knowledge Management, 28, no. 11 (2024), 106–131."
83,Pinheiro et al. (2024),1,0.3428086,0.0508265,6.744682399929172,0,0,1,1411,7.252053951852814,390.0,5.966146739123692,9.65,2.266957915350895,0,1,0,0,0,0,0,1,0,0,1,1,1,1,1,0,0,1,0,0,0,0,0,1,0,1,0,0,1,mixed,Cross-sector,Latin America,Latin America,1,0,2024,7.612831030407357,2,0.6931471805599453,,,2016,2021,2018.5,7.610109940292996,6,1.791759469228055,10,2.302585092994046,"Pinheiro, Alan Bandeira, Ana Julia Batistella Behm, Nagela Bianca do Prado, and Sady Mazzioni, 'The impact of board composition on ESG performance: Comparing results from symmetrical and asymmetrical approaches', Business Strategy \& Development, 7, no. 3 (2024), e424."
83,Pinheiro et al. (2024),2,0.3623948,0.0507431,7.141755233716506,0,0,1,1411,7.252053951852814,390.0,5.966146739123692,9.65,2.266957915350895,0,0,0,1,0,0,0,1,0,1,0,1,1,1,1,0,0,1,0,0,0,0,0,1,0,1,0,0,1,mixed,Cross-sector,Latin America,Latin America,1,0,2024,7.612831030407357,2,0.6931471805599453,,,2016,2021,2018.5,7.610109940292996,6,1.791759469228055,10,2.302585092994046,"Pinheiro, Alan Bandeira, Ana Julia Batistella Behm, Nagela Bianca do Prado, and Sady Mazzioni, 'The impact of board composition on ESG performance: Comparing results from symmetrical and asymmetrical approaches', Business Strategy \& Development, 7, no. 3 (2024), e424."
83,Pinheiro et al. (2024),3,0.3336399,0.0513208,6.501065844647784,0,0,1,1320,7.185387015580416,390.0,5.966146739123692,9.65,2.266957915350895,0,1,0,0,0,0,0,1,0,0,1,1,1,1,1,0,0,1,0,0,0,0,0,1,0,1,0,1,0,non-financial,Non-financial Firms,Latin America,Latin America,1,0,2024,7.612831030407357,2,0.6931471805599453,,,2016,2021,2018.5,7.610109940292996,6,1.791759469228055,10,2.302585092994046,"Pinheiro, Alan Bandeira, Ana Julia Batistella Behm, Nagela Bianca do Prado, and Sady Mazzioni, 'The impact of board composition on ESG performance: Comparing results from symmetrical and asymmetrical approaches', Business Strategy \& Development, 7, no. 3 (2024), e424."
84,Pinheiro et al. (2023),1,0.324623,0.043588,7.447531430668991,0,0,1,954,6.860663671448287,412.0,6.021023349349527,15.237,2.723726680487218,0,1,0,0,0,0,0,1,0,0,1,1,1,1,1,1,0,1,1,0,0,0,0,0,0,0,0,0,1,mixed,Cross-sector,global,,1,0,2023,7.612336837167746,30,3.401197381662155,,,2016,2019,2017.5,7.609614400144104,4,1.386294361119891,13,2.564949357461537,"Pinheiro, Alan Bandeira, Joina Ijuniclair Arruda Silva dos Santos, Ana Paula Mussi Szabo Cherobim, and Andrea Paula Segatto, 'What drives environmental, social and governance (ESG) performance? The role of institutional quality', Management of Environmental Quality: An International Journal, 35, no. 2 (2023), 427–444."
84,Pinheiro et al. (2023),2,0.2041697,0.0526146,3.880476141603282,0,0,1,566,6.338594078203183,412.0,6.021023349349527,15.237,2.723726680487218,0,1,0,0,0,0,0,1,0,0,1,1,1,1,1,1,0,1,1,0,0,0,0,0,0,0,0,0,1,mixed,Cross-sector,global,,1,0,2023,7.612336837167746,30,3.401197381662155,,,2016,2019,2017.5,7.609614400144104,4,1.386294361119891,13,2.564949357461537,"Pinheiro, Alan Bandeira, Joina Ijuniclair Arruda Silva dos Santos, Ana Paula Mussi Szabo Cherobim, and Andrea Paula Segatto, 'What drives environmental, social and governance (ESG) performance? The role of institutional quality', Management of Environmental Quality: An International Journal, 35, no. 2 (2023), 427–444."
85,Pirskanen (2023),1,0.226,0.05617795831317915,4.022930109707835,0,0,1,594,6.386879319362645,105.0,4.653960350157523,35.11,3.558485990180341,1,0,0,0,0,0,0,1,0,0,1,0,0,0,0,0,0,1,0,1,0,0,0,0,1,0,0,0,1,mixed,Cross-sector,Nordic,Europe,0,1,2023,7.612336837167746,0,0.0,,,2017,2022,2019.5,7.610605235003468,6,1.791759469228055,1,0.0,"Pirskanen, Riikka, 'A Multilevel Perspective for Gender Diversity’s Association to ESG Performance in Nordic Listed Companies' (MA thesis, Aalto University, 2023)."
85,Pirskanen (2023),2,0.154,0.05532838178482459,2.78338160329567,0,0,1,484,6.182084906716632,105.0,4.653960350157523,35.11,3.558485990180341,1,0,0,0,0,0,0,1,0,0,1,0,0,0,0,0,0,1,0,1,0,0,0,0,1,0,0,0,1,mixed,Cross-sector,Nordic,Europe,0,1,2023,7.612336837167746,0,0.0,,,2017,2022,2019.5,7.610605235003468,6,1.791759469228055,2,0.6931471805599453,"Pirskanen, Riikka, 'A Multilevel Perspective for Gender Diversity’s Association to ESG Performance in Nordic Listed Companies' (MA thesis, Aalto University, 2023)."
85,Pirskanen (2023),3,0.147,0.05776292600259601,2.544884931788141,0,0,1,557,6.322565239927284,105.0,4.653960350157523,35.11,3.558485990180341,1,0,0,0,0,0,0,1,0,0,1,0,0,0,0,0,0,1,0,1,0,0,0,0,1,0,0,0,1,mixed,Cross-sector,Nordic,Europe,0,1,2023,7.612336837167746,0,0.0,,,2017,2022,2019.5,7.610605235003468,6,1.791759469228055,2,0.6931471805599453,"Pirskanen, Riikka, 'A Multilevel Perspective for Gender Diversity’s Association to ESG Performance in Nordic Listed Companies' (MA thesis, Aalto University, 2023)."
85,Pirskanen (2023),4,0.124,0.05415870117345797,2.28956746216746,0,0,1,484,6.182084906716632,105.0,4.653960350157523,35.11,3.558485990180341,1,0,0,0,0,0,0,1,0,0,1,0,0,0,0,0,0,1,0,1,0,0,0,0,1,0,0,0,1,mixed,Cross-sector,Nordic,Europe,0,1,2023,7.612336837167746,0,0.0,,,2017,2022,2019.5,7.610605235003468,6,1.791759469228055,3,1.09861228866811,"Pirskanen, Riikka, 'A Multilevel Perspective for Gender Diversity’s Association to ESG Performance in Nordic Listed Companies' (MA thesis, Aalto University, 2023)."
86,Qureshi et al. (2019),1,0.333,0.021,15.85714285714286,0,0,1,4312,8.369157112588834,616.0,6.423246963533519,20.671,3.028731751817099,1,0,0,0,0,0,0,1,0,0,1,1,1,0,0,0,0,1,0,1,0,0,0,0,1,0,0,0,1,mixed,Cross-sector,EU,Europe,1,0,2020,7.61085279039525,378,5.934894195619588,0.072,-2.631089159966082,2011,2017,2014.0,7.607878073278507,7,1.945910149055313,5,1.6094379124341,"Qureshi, Muhammad Azeem, Sina Kirkerud, Kim Theresa, and Tanveer Ahsan, 'The impact of sustainability (environmental, social, and governance) disclosure and board diversity on firm value: The moderating role of industry sensitivity', Business Strategy and the Environment, 29, no. 3 (2020), 1199–1214."
87,Qureshi et al. (2022),1,0.236,0.001,236.0,0,0,1,11462,9.346792495111682,1869.0,7.533158807455563,21.383,3.062596213807498,0,0,0,1,0,0,0,1,0,1,0,1,1,0,1,0,0,1,0,1,0,0,0,0,1,0,0,1,0,non-financial,Non-financial Firms,EU,Europe,1,0,2023,7.612336837167746,3,1.09861228866811,0.021,-3.863232841258714,2002,2022,2012.0,7.60688453121963,21,3.044522437723423,10,2.302585092994046,"Qureshi, Muhammad Azeem, Tanveer Ahsan, Ammar Ali Gull, and Zaghum Umar, 'The impact of economic policy uncertainty on sustainability (ESG) performance: the role of the firm life cycle', International Journal of Managerial Finance (2023)."
87,Qureshi et al. (2022),2,0.238,0.002,119.0,0,0,1,11462,9.346792495111682,1869.0,7.533158807455563,21.383,3.062596213807498,0,0,0,1,0,0,0,1,0,1,0,1,1,0,1,0,0,1,0,1,0,0,0,0,1,0,0,1,0,non-financial,Non-financial Firms,EU,Europe,1,0,2023,7.612336837167746,3,1.09861228866811,0.021,-3.863232841258714,2002,2022,2012.0,7.60688453121963,21,3.044522437723423,12,2.484906649788,"Qureshi, Muhammad Azeem, Tanveer Ahsan, Ammar Ali Gull, and Zaghum Umar, 'The impact of economic policy uncertainty on sustainability (ESG) performance: the role of the firm life cycle', International Journal of Managerial Finance (2023)."
88,Rella & L’Abate (2022),1,0.1653,0.074,2.233783783783784,0,0,1,335,5.814130531825066,335.0,5.814130531825066,24.108,3.182543735620798,1,0,0,0,0,0,0,0,1,0,1,1,1,1,1,0,1,0,0,0,1,0,0,0,1,0,0,0,1,mixed,Cross-sector,US,USA,0,1,2022,7.611842399580417,4,1.386294361119891,,,2021,2021,2021.0,7.611347717403621,1,0.0,7,1.945910149055313,"Rella, Angela and Vitiana L’Abate, 'The impact of board characteristics on ESG disclosure: An empirical study on US companies', in Economic and Social Development (Book of Proceedings), 80th International Scientific Conference on Economic and Social (2022), 276."
89,Sari & Fitriani (2023),1,-0.105,0.05769230769230769,-1.82,0,0,1,1025,6.932447891572509,205.0,5.323009979138408,8.1,2.091864061678393,1,0,0,0,0,0,0,1,0,0,1,1,1,1,1,0,0,1,0,0,0,1,0,0,0,1,0,0,1,mixed,Cross-sector,Indonesia,Indonesia,1,0,2023,7.612336837167746,0,0.0,0.001,-6.907755278982137,2018,2022,2020.0,7.61085279039525,5,1.6094379124341,7,1.945910149055313,"Sari, Tiyas Kurnia and Nadhira Fitriani, 'How do board characteristics influence the ESG disclosure in Indonesia?', Jurnal Akuntansi dan Auditing Indonesia (2023), 208–218."
90,Setiani & Novitasari (2024),1,0.265,0.06747909325,3.927142278,1,0,0,433,6.07073772800249,86.0,4.454347296253507,35.527,3.570292970779891,1,0,0,0,0,0,0,1,0,0,1,1,1,0,0,1,0,1,0,0,0,1,0,0,0,1,0,0,1,mixed,Cross-sector,Indonesia,Indonesia,1,0,2024,7.612831030407357,1,0.0,,,2019,2023,2021.0,7.611347717403621,5,1.6094379124341,6,1.791759469228055,"Setiani, Eko Putri and Budi Tiara Novitasari, 'Exploring the Impact of Board Attributes on ESG Scores of Indonesian Companies', Nominal Barometer Riset Akuntansi dan Manajemen, 13, no. 1 (2024), 131–143."
91,Shahbaz et al. (2020),1,0.306,0.023,13.30434782608696,0,0,1,2081,7.640603826393634,414.0,6.025865973825314,10.97,2.395164274287139,1,0,0,0,0,0,0,1,0,0,1,1,1,1,1,1,0,1,1,0,0,0,0,0,0,0,0,1,0,energy,Energy & Extractives,global,,1,0,2020,7.61085279039525,269,5.594711379601839,0.091,-2.396895772465287,2011,2018,2014.5,7.608126304631402,8,2.079441541679836,10,2.302585092994046,"Shahbaz, Muhammad, Abdullah S Karaman, Merve Kilic, and Ali Uyar, 'Board attributes, CSR engagement, and corporate performance: what is the nexus in the energy sector?', Energy Policy, 143 (2020), 111582."
91,Shahbaz et al. (2020),2,0.253,0.023,11.0,0,0,1,2081,7.640603826393634,414.0,6.025865973825314,10.97,2.395164274287139,0,1,0,0,0,0,0,1,0,0,1,1,1,1,1,1,0,1,1,0,0,0,0,0,0,0,0,1,0,energy,Energy & Extractives,global,,1,0,2020,7.61085279039525,269,5.594711379601839,0.091,-2.396895772465287,2011,2018,2014.5,7.608126304631402,8,2.079441541679836,10,2.302585092994046,"Shahbaz, Muhammad, Abdullah S Karaman, Merve Kilic, and Ali Uyar, 'Board attributes, CSR engagement, and corporate performance: what is the nexus in the energy sector?', Energy Policy, 143 (2020), 111582."
91,Shahbaz et al. (2020),3,0.107,0.025,4.279999999999999,0,0,1,2081,7.640603826393634,414.0,6.025865973825314,10.97,2.395164274287139,0,1,0,0,0,0,0,1,0,0,1,1,1,1,1,1,0,1,1,0,0,0,0,0,0,0,0,1,0,energy,Energy & Extractives,global,,1,0,2020,7.61085279039525,269,5.594711379601839,0.091,-2.396895772465287,2011,2018,2014.5,7.608126304631402,8,2.079441541679836,10,2.302585092994046,"Shahbaz, Muhammad, Abdullah S Karaman, Merve Kilic, and Ali Uyar, 'Board attributes, CSR engagement, and corporate performance: what is the nexus in the energy sector?', Energy Policy, 143 (2020), 111582."
91,Shahbaz et al. (2020),4,0.041,0.038,1.078947368421053,0,0,1,1374,7.225481472782294,414.0,6.025865973825314,10.97,2.395164274287139,0,0,0,1,0,0,0,1,0,1,0,1,1,1,1,1,0,1,1,0,0,0,0,0,0,0,0,1,0,energy,Energy & Extractives,global,,1,0,2020,7.61085279039525,269,5.594711379601839,0.091,-2.396895772465287,2011,2018,2014.5,7.608126304631402,8,2.079441541679836,11,2.397895272798371,"Shahbaz, Muhammad, Abdullah S Karaman, Merve Kilic, and Ali Uyar, 'Board attributes, CSR engagement, and corporate performance: what is the nexus in the energy sector?', Energy Policy, 143 (2020), 111582."
92,Shakil et al. (2021),1,0.69192,0.14894,4.645629112394253,0,0,1,149,5.003946305945459,37.0,3.610917912644224,20.2755,3.009413260609855,0,1,0,0,0,0,0,1,0,0,1,1,1,0,0,0,0,1,0,0,1,0,0,0,1,0,1,0,0,banks,Financial Services,US,USA,1,0,2021,7.611347717403621,151,5.017279836814924,,,2013,2017,2015.0,7.608374474380783,5,1.6094379124341,6,1.791759469228055,"Shakil, Mohammad Hassan, Mashiyat Tasnia, and Md Imtiaz Mostafiz, 'Board gender diversity and environmental, social and governance performance of US banks: Moderating role of environmental, social and corporate governance controversies', International Journal of Bank Marketing, 39, no. 4 (2021), 661–677."
92,Shakil et al. (2021),2,0.6777649,0.2076789,3.263523160032146,0,1,0,149,5.003946305945459,37.0,3.610917912644224,20.2755,3.009413260609855,0,1,0,0,0,0,0,1,0,0,1,1,1,0,0,0,0,1,0,0,1,0,0,0,1,0,1,0,0,banks,Financial Services,US,USA,1,0,2021,7.611347717403621,151,5.017279836814924,,,2013,2017,2015.0,7.608374474380783,5,1.6094379124341,8,2.079441541679836,"Shakil, Mohammad Hassan, Mashiyat Tasnia, and Md Imtiaz Mostafiz, 'Board gender diversity and environmental, social and governance performance of US banks: Moderating role of environmental, social and corporate governance controversies', International Journal of Bank Marketing, 39, no. 4 (2021), 661–677."
92,Shakil et al. (2021),3,0.56312,0.13868,4.060571098932795,0,0,1,149,5.003946305945459,37.0,3.610917912644224,20.2755,3.009413260609855,0,1,0,0,0,0,0,1,0,0,1,1,1,0,0,0,0,1,0,0,1,0,0,0,1,0,1,0,0,banks,Financial Services,US,USA,1,0,2021,7.611347717403621,151,5.017279836814924,,,2013,2017,2015.0,7.608374474380783,5,1.6094379124341,6,1.791759469228055,"Shakil, Mohammad Hassan, Mashiyat Tasnia, and Md Imtiaz Mostafiz, 'Board gender diversity and environmental, social and governance performance of US banks: Moderating role of environmental, social and corporate governance controversies', International Journal of Bank Marketing, 39, no. 4 (2021), 661–677."
92,Shakil et al. (2021),4,0.558749,0.1987701,2.811031437826917,0,1,0,149,5.003946305945459,37.0,3.610917912644224,20.2755,3.009413260609855,0,1,0,0,0,0,0,1,0,0,1,1,1,0,0,0,0,1,0,0,1,0,0,0,1,0,1,0,0,banks,Financial Services,US,USA,1,0,2021,7.611347717403621,151,5.017279836814924,,,2013,2017,2015.0,7.608374474380783,5,1.6094379124341,8,2.079441541679836,"Shakil, Mohammad Hassan, Mashiyat Tasnia, and Md Imtiaz Mostafiz, 'Board gender diversity and environmental, social and governance performance of US banks: Moderating role of environmental, social and corporate governance controversies', International Journal of Bank Marketing, 39, no. 4 (2021), 661–677."
92,Shakil et al. (2021),5,0.23979,0.13926,1.721887117621715,0,0,1,118,4.770684624465665,37.0,3.610917912644224,20.2755,3.009413260609855,0,0,0,1,0,0,0,1,0,1,0,1,1,0,0,0,0,1,0,0,1,0,0,0,1,0,1,0,0,banks,Financial Services,US,USA,1,0,2021,7.611347717403621,151,5.017279836814924,,,2013,2017,2015.0,7.608374474380783,5,1.6094379124341,7,1.945910149055313,"Shakil, Mohammad Hassan, Mashiyat Tasnia, and Md Imtiaz Mostafiz, 'Board gender diversity and environmental, social and governance performance of US banks: Moderating role of environmental, social and corporate governance controversies', International Journal of Bank Marketing, 39, no. 4 (2021), 661–677."
92,Shakil et al. (2021),6,0.3259581,0.147789,2.205564013559872,0,1,0,118,4.770684624465665,37.0,3.610917912644224,20.2755,3.009413260609855,0,0,0,1,0,0,0,1,0,1,0,1,1,0,0,0,0,1,0,0,1,0,0,0,1,0,1,0,0,banks,Financial Services,US,USA,1,0,2021,7.611347717403621,151,5.017279836814924,,,2013,2017,2015.0,7.608374474380783,5,1.6094379124341,9,2.19722457733622,"Shakil, Mohammad Hassan, Mashiyat Tasnia, and Md Imtiaz Mostafiz, 'Board gender diversity and environmental, social and governance performance of US banks: Moderating role of environmental, social and corporate governance controversies', International Journal of Bank Marketing, 39, no. 4 (2021), 661–677."
92,Shakil et al. (2021),7,0.94188,0.10433,9.027892264928592,0,0,1,149,5.003946305945459,37.0,3.610917912644224,20.2755,3.009413260609855,1,0,0,0,0,0,0,1,0,0,1,1,1,0,0,0,0,1,0,0,1,0,0,0,1,0,1,0,0,banks,Financial Services,US,USA,1,0,2021,7.611347717403621,151,5.017279836814924,,,2013,2017,2015.0,7.608374474380783,5,1.6094379124341,6,1.791759469228055,"Shakil, Mohammad Hassan, Mashiyat Tasnia, and Md Imtiaz Mostafiz, 'Board gender diversity and environmental, social and governance performance of US banks: Moderating role of environmental, social and corporate governance controversies', International Journal of Bank Marketing, 39, no. 4 (2021), 661–677."
92,Shakil et al. (2021),8,0.9387252,0.2159437,4.347083059149214,0,1,0,149,5.003946305945459,37.0,3.610917912644224,20.2755,3.009413260609855,1,0,0,0,0,0,0,1,0,0,1,1,1,0,0,0,0,1,0,0,1,0,0,0,1,0,1,0,0,banks,Financial Services,US,USA,1,0,2021,7.611347717403621,151,5.017279836814924,,,2013,2017,2015.0,7.608374474380783,5,1.6094379124341,8,2.079441541679836,"Shakil, Mohammad Hassan, Mashiyat Tasnia, and Md Imtiaz Mostafiz, 'Board gender diversity and environmental, social and governance performance of US banks: Moderating role of environmental, social and corporate governance controversies', International Journal of Bank Marketing, 39, no. 4 (2021), 661–677."
93,Sofiati & Mita (2024),1,0.083,0.414,0.2004830917874396,0,0,1,257,5.54907608489522,42.0,3.737669618283368,13.389,2.594433474315243,0,1,0,0,0,0,0,1,0,0,1,1,1,0,1,0,0,1,0,0,0,1,0,0,0,1,0,1,0,non-financial,Non-financial Firms,Indonesia,Indonesia,1,0,2024,7.612831030407357,2,0.6931471805599453,0.001,-6.907755278982137,2017,2022,2019.5,7.610605235003468,6,1.791759469228055,9,2.19722457733622,"Sofiati, Isnindiah, Aria Farah Mita, et al., 'The Role Of Gender Diversity In Increasing ESG Performance Through Intellectual Capital', Jurnal Akuntansi, 28, no. 1 (2024), 184–205."
94,Temiz & Acar (2023),1,0.17,0.011,15.45454545454546,0,0,1,11979,9.39091039573133,6500.0,8.779557455883728,15.93,2.768204123921957,1,0,0,0,0,0,0,1,0,1,0,1,1,1,1,0,1,0,1,0,0,0,0,0,0,0,0,0,1,mixed,Cross-sector,global,,1,0,2023,7.612336837167746,21,3.044522437723423,0.049,-3.01593498087151,2010,2019,2014.5,7.608126304631402,10,2.302585092994046,13,2.564949357461537,"Temiz, Huseyin and Merve Acar, 'Board gender diversity and corporate social responsibility (CSR) disclosure in different disclosure environments', Corporate Social Responsibility and Environmental Management, 30, no. 5 (2023), 2247–2264."
94,Temiz & Acar (2023),2,0.197372,0.01901055,10.38223512733719,0,1,0,11979,9.39091039573133,6500.0,8.779557455883728,15.93,2.768204123921957,1,0,0,0,0,0,0,1,0,1,0,1,1,1,1,0,1,0,1,0,0,0,0,0,0,0,0,0,1,mixed,Cross-sector,global,,1,0,2023,7.612336837167746,21,3.044522437723423,0.049,-3.01593498087151,2010,2019,2014.5,7.608126304631402,10,2.302585092994046,14,2.639057329615258,"Temiz, Huseyin and Merve Acar, 'Board gender diversity and corporate social responsibility (CSR) disclosure in different disclosure environments', Corporate Social Responsibility and Environmental Management, 30, no. 5 (2023), 2247–2264."
94,Temiz & Acar (2023),3,1.23158,0.2121579,5.805015981021682,0,1,0,9842,9.194414221425923,6500.0,8.779557455883728,15.93,2.768204123921957,0,0,1,0,0,0,0,1,0,1,0,1,1,1,1,0,1,0,1,0,0,0,0,0,0,0,0,0,1,mixed,Cross-sector,global,,1,0,2023,7.612336837167746,21,3.044522437723423,0.049,-3.01593498087151,2010,2019,2014.5,7.608126304631402,10,2.302585092994046,14,2.639057329615258,"Temiz, Huseyin and Merve Acar, 'Board gender diversity and corporate social responsibility (CSR) disclosure in different disclosure environments', Corporate Social Responsibility and Environmental Management, 30, no. 5 (2023), 2247–2264."
95,Toerien et al. (2023),1,0.297122,0.081966,3.624942049142327,0,0,1,774,6.651571873589727,106.0,4.663439094112067,23.6,3.161246712031565,0,1,0,0,0,0,0,1,0,0,1,1,1,1,1,0,1,0,0,0,0,0,0,1,0,1,0,0,1,mixed,Cross-sector,South Africa,Africa,1,0,2023,7.612336837167746,5,1.6094379124341,,,2011,2021,2016.0,7.60887062919126,11,2.397895272798371,7,1.945910149055313,"Toerien, Francois, Chanel Breedt, and Phillip G de Jager, 'Does board gender diversity improve environmental, social and governance disclosure? Evidence from South Africa', South African Journal of Business Management, 54, no. 1 (2023), 3646."
95,Toerien et al. (2023),2,0.046272,0.051024,0.9068673565380997,0,0,1,774,6.651571873589727,106.0,4.663439094112067,23.6,3.161246712031565,0,1,0,0,0,0,0,1,0,0,1,1,1,1,1,0,1,0,0,0,0,0,0,1,0,1,0,0,1,mixed,Cross-sector,South Africa,Africa,1,0,2023,7.612336837167746,5,1.6094379124341,,,2011,2021,2016.0,7.60887062919126,11,2.397895272798371,7,1.945910149055313,"Toerien, Francois, Chanel Breedt, and Phillip G de Jager, 'Does board gender diversity improve environmental, social and governance disclosure? Evidence from South Africa', South African Journal of Business Management, 54, no. 1 (2023), 3646."
96,Trireksani et al. (2024),1,1.87,0.18,10.38888888888889,0,0,1,5087,8.534443544822764,5087.0,8.534443544822764,10.661,2.366592222968338,1,0,0,0,0,0,0,0,1,0,1,1,1,0,0,0,1,0,1,0,0,0,0,0,0,0,0,0,1,mixed,Cross-sector,global,,1,0,2024,7.612831030407357,3,1.09861228866811,0.007,-4.961845129926823,2017,2017,2017.0,7.609366537954211,1,0.0,5,1.6094379124341,"Trireksani, Terri, Hadrian Geri Djajadikerta, Muhammad Kamran, and Pakeezah Butt, 'The impact of country characteristics on board gender diversity and sustainability performance: a global perspective', Sustainability, 16, no. 7 (2024), 3057."
96,Trireksani et al. (2024),2,1.87,0.178,10.50561797752809,0,0,1,5087,8.534443544822764,5087.0,8.534443544822764,10.661,2.366592222968338,1,0,0,0,0,0,0,0,1,0,1,1,1,0,0,0,1,0,1,0,0,0,0,0,0,0,0,0,1,mixed,Cross-sector,global,,1,0,2024,7.612831030407357,3,1.09861228866811,0.007,-4.961845129926823,2017,2017,2017.0,7.609366537954211,1,0.0,5,1.6094379124341,"Trireksani, Terri, Hadrian Geri Djajadikerta, Muhammad Kamran, and Pakeezah Butt, 'The impact of country characteristics on board gender diversity and sustainability performance: a global perspective', Sustainability, 16, no. 7 (2024), 3057."
97,Uyar et al. (2020),1,0.32,0.03644646924829158,8.78,0,0,1,920,6.824373670043086,172.0,5.147494476813453,16.1,2.778819271990417,0,1,0,0,0,0,0,1,0,0,1,1,1,1,1,1,0,1,1,0,0,0,0,0,0,0,0,1,0,H&T,Services & Hospitality,global,,1,0,2020,7.61085279039525,239,5.476463551931511,,,2011,2018,2014.5,7.608126304631402,8,2.079441541679836,10,2.302585092994046,"Uyar, Ali, Merve Kilic, Mehmet Ali Koseoglu, Cemil Kuzey, and Abdullah S Karaman, 'The link among board characteristics, corporate social responsibility performance, and financial performance: Evidence from the hospitality and tourism industry', Tourism Management Perspectives, 35 (2020), 100714."
97,Uyar et al. (2020),2,0.32,0.03131115459882583,10.22,0,0,1,920,6.824373670043086,172.0,5.147494476813453,16.1,2.778819271990417,1,0,0,0,0,0,0,1,0,0,1,1,1,1,1,1,0,1,1,0,0,0,0,0,0,0,0,1,0,H&T,Services & Hospitality,global,,1,0,2020,7.61085279039525,239,5.476463551931511,,,2011,2018,2014.5,7.608126304631402,8,2.079441541679836,10,2.302585092994046,"Uyar, Ali, Merve Kilic, Mehmet Ali Koseoglu, Cemil Kuzey, and Abdullah S Karaman, 'The link among board characteristics, corporate social responsibility performance, and financial performance: Evidence from the hospitality and tourism industry', Tourism Management Perspectives, 35 (2020), 100714."
98,Uyar et al. (2021),1,0.33,0.02296450939457203,14.37,0,0,1,2638,7.87777633327726,329.75,5.798334791597424,15.99,2.771963526845863,0,1,0,0,0,0,0,1,0,0,1,1,1,1,1,1,0,1,1,0,0,0,0,0,0,0,0,1,0,healthcare,Healthcare,global,,1,0,2021,7.611347717403621,181,5.198497031265826,0.049,-3.01593498087151,2011,2018,2014.5,7.608126304631402,8,2.079441541679836,9,2.19722457733622,"Uyar, Ali, Cemil Kuzey, Merve Kilic, and Abdullah S Karaman, 'Board structure, financial performance, corporate social responsibility performance, CSR committee, and CEO duality: Disentangling the connection in healthcare', Corporate Social Responsibility and Environmental Management, 28, no. 6 (2021), 1730–1748."
98,Uyar et al. (2021),2,0.35,0.03461918892185954,10.11,0,0,1,833,6.725033642166843,104.125,4.645592100487007,15.99,2.771963526845863,0,1,0,0,0,0,0,1,0,0,1,1,1,1,1,1,0,1,1,0,0,0,0,0,0,0,0,1,0,healthcare,Healthcare,global,,1,0,2021,7.611347717403621,181,5.198497031265826,0.049,-3.01593498087151,2011,2018,2014.5,7.608126304631402,8,2.079441541679836,8,2.079441541679836,"Uyar, Ali, Cemil Kuzey, Merve Kilic, and Abdullah S Karaman, 'Board structure, financial performance, corporate social responsibility performance, CSR committee, and CEO duality: Disentangling the connection in healthcare', Corporate Social Responsibility and Environmental Management, 28, no. 6 (2021), 1730–1748."
98,Uyar et al. (2021),3,0.28,0.02956705385427666,9.47,0,0,1,1805,7.498315870766981,225.625,5.418874329087146,15.99,2.771963526845863,0,1,0,0,0,0,0,1,0,0,1,1,1,1,1,1,0,1,1,0,0,0,0,0,0,0,0,1,0,healthcare,Healthcare,global,,1,0,2021,7.611347717403621,181,5.198497031265826,0.049,-3.01593498087151,2011,2018,2014.5,7.608126304631402,8,2.079441541679836,8,2.079441541679836,"Uyar, Ali, Cemil Kuzey, Merve Kilic, and Abdullah S Karaman, 'Board structure, financial performance, corporate social responsibility performance, CSR committee, and CEO duality: Disentangling the connection in healthcare', Corporate Social Responsibility and Environmental Management, 28, no. 6 (2021), 1730–1748."
98,Uyar et al. (2021),4,0.42,0.04595185995623632,9.14,0,0,1,1059,6.965080345601407,132.375,4.88563880392157,15.99,2.771963526845863,0,1,0,0,0,0,0,1,0,0,1,1,1,1,1,0,0,1,1,0,0,0,0,0,0,0,0,1,0,healthcare,Healthcare,global,,1,0,2021,7.611347717403621,181,5.198497031265826,0.049,-3.01593498087151,2011,2018,2014.5,7.608126304631402,8,2.079441541679836,7,1.945910149055313,"Uyar, Ali, Cemil Kuzey, Merve Kilic, and Abdullah S Karaman, 'Board structure, financial performance, corporate social responsibility performance, CSR committee, and CEO duality: Disentangling the connection in healthcare', Corporate Social Responsibility and Environmental Management, 28, no. 6 (2021), 1730–1748."
98,Uyar et al. (2021),5,0.28,0.02729044834307992,10.26,0,0,1,1579,7.364547014255642,197.375,5.285105472575806,15.99,2.771963526845863,0,1,0,0,0,0,0,1,0,0,1,1,1,1,1,0,0,1,1,0,0,0,0,0,0,0,0,1,0,healthcare,Healthcare,global,,1,0,2021,7.611347717403621,181,5.198497031265826,0.049,-3.01593498087151,2011,2018,2014.5,7.608126304631402,8,2.079441541679836,7,1.945910149055313,"Uyar, Ali, Cemil Kuzey, Merve Kilic, and Abdullah S Karaman, 'Board structure, financial performance, corporate social responsibility performance, CSR committee, and CEO duality: Disentangling the connection in healthcare', Corporate Social Responsibility and Environmental Management, 28, no. 6 (2021), 1730–1748."
98,Uyar et al. (2021),6,0.22,0.02781289506953224,7.91,0,0,1,2010,7.605890001053122,251.25,5.526448459373285,15.99,2.771963526845863,0,0,1,0,0,0,0,1,0,0,1,1,1,1,1,1,0,1,1,0,0,0,0,0,0,0,0,1,0,healthcare,Healthcare,global,,1,0,2021,7.611347717403621,181,5.198497031265826,0.049,-3.01593498087151,2011,2018,2014.5,7.608126304631402,8,2.079441541679836,9,2.19722457733622,"Uyar, Ali, Cemil Kuzey, Merve Kilic, and Abdullah S Karaman, 'Board structure, financial performance, corporate social responsibility performance, CSR committee, and CEO duality: Disentangling the connection in healthcare', Corporate Social Responsibility and Environmental Management, 28, no. 6 (2021), 1730–1748."
99,Van Hoang et al. (2023),1,0.023,0.011,2.090909090909091,0,0,1,6560,8.788745881938135,1327.0,7.190676034332207,19.56,2.973486664606671,0,1,0,0,0,0,0,1,0,0,1,1,1,0,0,0,1,0,1,0,0,0,0,0,0,0,0,0,1,mixed,Cross-sector,global,,1,0,2023,7.612336837167746,25,3.218875824868201,0.117,-2.145581344184381,2016,2020,2018.0,7.609862200913554,5,1.6094379124341,11,2.397895272798371,"Van Hoang, Thi Hong, Linh Pham, and Thanh Thi Phuong Nguyen, 'Does country sustainability improve firm ESG reporting transparency? The moderating role of firm industry and CSR engagement', Economic Modelling, 125 (2023), 106351."
99,Van Hoang et al. (2023),2,0.034,0.01,3.4,0,0,1,6560,8.788745881938135,1327.0,7.190676034332207,19.56,2.973486664606671,0,1,0,0,0,0,0,1,0,0,1,1,1,0,0,0,1,0,1,0,0,0,0,0,0,0,0,0,1,mixed,Cross-sector,global,,1,0,2023,7.612336837167746,25,3.218875824868201,0.117,-2.145581344184381,2016,2020,2018.0,7.609862200913554,5,1.6094379124341,11,2.397895272798371,"Van Hoang, Thi Hong, Linh Pham, and Thanh Thi Phuong Nguyen, 'Does country sustainability improve firm ESG reporting transparency? The moderating role of firm industry and CSR engagement', Economic Modelling, 125 (2023), 106351."
99,Van Hoang et al. (2023),3,0.023,0.009,2.555555555555556,0,0,1,6560,8.788745881938135,1327.0,7.190676034332207,19.56,2.973486664606671,1,0,0,0,0,0,0,1,0,0,1,1,1,0,0,0,1,0,1,0,0,0,0,0,0,0,0,0,1,mixed,Cross-sector,global,,1,0,2023,7.612336837167746,25,3.218875824868201,0.117,-2.145581344184381,2016,2020,2018.0,7.609862200913554,5,1.6094379124341,11,2.397895272798371,"Van Hoang, Thi Hong, Linh Pham, and Thanh Thi Phuong Nguyen, 'Does country sustainability improve firm ESG reporting transparency? The moderating role of firm industry and CSR engagement', Economic Modelling, 125 (2023), 106351."
99,Van Hoang et al. (2023),4,0.024,0.011,2.181818181818182,0,0,1,6560,8.788745881938135,1327.0,7.190676034332207,19.56,2.973486664606671,0,1,0,0,0,0,0,1,0,0,1,1,1,0,0,0,1,0,1,0,0,0,0,0,0,0,0,0,1,mixed,Cross-sector,global,,1,0,2023,7.612336837167746,25,3.218875824868201,0.117,-2.145581344184381,2016,2020,2018.0,7.609862200913554,5,1.6094379124341,12,2.484906649788,"Van Hoang, Thi Hong, Linh Pham, and Thanh Thi Phuong Nguyen, 'Does country sustainability improve firm ESG reporting transparency? The moderating role of firm industry and CSR engagement', Economic Modelling, 125 (2023), 106351."
99,Van Hoang et al. (2023),5,0.024,0.011,2.181818181818182,0,0,1,6561,8.788898309344878,1327.0,7.190676034332207,19.56,2.973486664606671,0,1,0,0,0,0,0,1,0,0,1,1,1,0,0,0,1,0,1,0,0,0,0,0,0,0,0,0,1,mixed,Cross-sector,global,,1,0,2023,7.612336837167746,25,3.218875824868201,0.117,-2.145581344184381,2016,2020,2018.0,7.609862200913554,5,1.6094379124341,12,2.484906649788,"Van Hoang, Thi Hong, Linh Pham, and Thanh Thi Phuong Nguyen, 'Does country sustainability improve firm ESG reporting transparency? The moderating role of firm industry and CSR engagement', Economic Modelling, 125 (2023), 106351."
99,Van Hoang et al. (2023),6,0.024,0.011,2.181818181818182,0,0,1,6560,8.788745881938135,1327.0,7.190676034332207,19.56,2.973486664606671,0,1,0,0,0,0,0,1,0,0,1,1,1,0,0,0,1,0,1,0,0,0,0,0,0,0,0,0,1,mixed,Cross-sector,global,,1,0,2023,7.612336837167746,25,3.218875824868201,0.117,-2.145581344184381,2016,2020,2018.0,7.609862200913554,5,1.6094379124341,12,2.484906649788,"Van Hoang, Thi Hong, Linh Pham, and Thanh Thi Phuong Nguyen, 'Does country sustainability improve firm ESG reporting transparency? The moderating role of firm industry and CSR engagement', Economic Modelling, 125 (2023), 106351."
99,Van Hoang et al. (2023),7,0.029,0.011,2.636363636363637,0,0,1,6560,8.788745881938135,1327.0,7.190676034332207,19.56,2.973486664606671,0,0,1,0,0,0,0,1,0,0,1,1,1,0,0,0,1,0,1,0,0,0,0,0,0,0,0,0,1,mixed,Cross-sector,global,,1,0,2023,7.612336837167746,25,3.218875824868201,0.117,-2.145581344184381,2016,2020,2018.0,7.609862200913554,5,1.6094379124341,11,2.397895272798371,"Van Hoang, Thi Hong, Linh Pham, and Thanh Thi Phuong Nguyen, 'Does country sustainability improve firm ESG reporting transparency? The moderating role of firm industry and CSR engagement', Economic Modelling, 125 (2023), 106351."
99,Van Hoang et al. (2023),8,0.083,0.019,4.36842105263158,0,0,1,6560,8.788745881938135,1321.0,7.186144304522325,19.56,2.973486664606671,0,0,0,1,0,0,0,1,0,1,0,1,1,0,0,0,1,0,1,0,0,0,0,0,0,0,0,0,1,mixed,Cross-sector,global,,1,0,2023,7.612336837167746,25,3.218875824868201,0.117,-2.145581344184381,2016,2020,2018.0,7.609862200913554,5,1.6094379124341,11,2.397895272798371,"Van Hoang, Thi Hong, Linh Pham, and Thanh Thi Phuong Nguyen, 'Does country sustainability improve firm ESG reporting transparency? The moderating role of firm industry and CSR engagement', Economic Modelling, 125 (2023), 106351."
99,Van Hoang et al. (2023),9,0.017,0.012,1.416666666666667,0,0,1,4915,8.500047032581268,1327.0,7.190676034332207,19.56,2.973486664606671,0,1,0,0,0,0,0,1,0,0,1,1,1,0,0,0,1,0,1,0,0,0,0,0,0,0,0,0,1,mixed,Cross-sector,global,,1,0,2023,7.612336837167746,25,3.218875824868201,0.117,-2.145581344184381,2016,2020,2018.0,7.609862200913554,5,1.6094379124341,11,2.397895272798371,"Van Hoang, Thi Hong, Linh Pham, and Thanh Thi Phuong Nguyen, 'Does country sustainability improve firm ESG reporting transparency? The moderating role of firm industry and CSR engagement', Economic Modelling, 125 (2023), 106351."
99,Van Hoang et al. (2023),10,0.03,0.012,2.5,0,0,1,4915,8.500047032581268,1327.0,7.190676034332207,19.56,2.973486664606671,0,1,0,0,0,0,0,1,0,0,1,1,1,0,0,0,1,0,1,0,0,0,0,0,0,0,0,0,1,mixed,Cross-sector,global,,1,0,2023,7.612336837167746,25,3.218875824868201,0.117,-2.145581344184381,2016,2020,2018.0,7.609862200913554,5,1.6094379124341,11,2.397895272798371,"Van Hoang, Thi Hong, Linh Pham, and Thanh Thi Phuong Nguyen, 'Does country sustainability improve firm ESG reporting transparency? The moderating role of firm industry and CSR engagement', Economic Modelling, 125 (2023), 106351."
99,Van Hoang et al. (2023),11,0.018,0.011,1.636363636363636,0,0,1,4915,8.500047032581268,1327.0,7.190676034332207,19.56,2.973486664606671,1,0,0,0,0,0,0,1,0,0,1,1,1,0,0,0,1,0,1,0,0,0,0,0,0,0,0,0,1,mixed,Cross-sector,global,,1,0,2023,7.612336837167746,25,3.218875824868201,0.117,-2.145581344184381,2016,2020,2018.0,7.609862200913554,5,1.6094379124341,11,2.397895272798371,"Van Hoang, Thi Hong, Linh Pham, and Thanh Thi Phuong Nguyen, 'Does country sustainability improve firm ESG reporting transparency? The moderating role of firm industry and CSR engagement', Economic Modelling, 125 (2023), 106351."
99,Van Hoang et al. (2023),12,0.015,0.014,1.071428571428571,0,0,1,2304,7.742402021815782,1327.0,7.190676034332207,19.56,2.973486664606671,0,1,0,0,0,0,0,1,0,0,1,1,1,0,0,0,1,0,0,1,0,0,0,0,1,0,0,0,1,mixed,Cross-sector,EU OECD,Europe,1,0,2023,7.612336837167746,25,3.218875824868201,0.117,-2.145581344184381,2016,2020,2018.0,7.609862200913554,5,1.6094379124341,11,2.397895272798371,"Van Hoang, Thi Hong, Linh Pham, and Thanh Thi Phuong Nguyen, 'Does country sustainability improve firm ESG reporting transparency? The moderating role of firm industry and CSR engagement', Economic Modelling, 125 (2023), 106351."
99,Van Hoang et al. (2023),13,0.0522,0.021,2.485714285714286,0,0,1,2532,7.836764783264067,1327.0,7.190676034332207,19.56,2.973486664606671,0,1,0,0,0,0,0,1,0,0,1,1,1,0,0,0,1,0,1,0,0,0,0,0,0,0,0,0,1,mixed,Cross-sector,non-EU OECD,,1,0,2023,7.612336837167746,25,3.218875824868201,0.117,-2.145581344184381,2016,2020,2018.0,7.609862200913554,5,1.6094379124341,11,2.397895272798371,"Van Hoang, Thi Hong, Linh Pham, and Thanh Thi Phuong Nguyen, 'Does country sustainability improve firm ESG reporting transparency? The moderating role of firm industry and CSR engagement', Economic Modelling, 125 (2023), 106351."
99,Van Hoang et al. (2023),14,0.011,0.025,0.4399999999999999,0,0,1,1724,7.452402451223638,1327.0,7.190676034332207,19.56,2.973486664606671,0,1,0,0,0,0,0,1,0,0,1,1,1,0,0,0,1,0,1,0,0,0,0,0,0,0,0,0,1,mixed,Cross-sector,non-OECD,,1,0,2023,7.612336837167746,25,3.218875824868201,0.117,-2.145581344184381,2016,2020,2018.0,7.609862200913554,5,1.6094379124341,11,2.397895272798371,"Van Hoang, Thi Hong, Linh Pham, and Thanh Thi Phuong Nguyen, 'Does country sustainability improve firm ESG reporting transparency? The moderating role of firm industry and CSR engagement', Economic Modelling, 125 (2023), 106351."
99,Van Hoang et al. (2023),15,0.056,0.018,3.111111111111112,0,0,1,2823,7.945555428253489,1327.0,7.190676034332207,19.56,2.973486664606671,0,1,0,0,0,0,0,1,0,0,1,1,1,0,0,0,1,0,1,0,0,0,0,0,0,0,0,1,0,heavy,Industrial & Manufacturing,global,,1,0,2023,7.612336837167746,25,3.218875824868201,0.117,-2.145581344184381,2016,2020,2018.0,7.609862200913554,5,1.6094379124341,11,2.397895272798371,"Van Hoang, Thi Hong, Linh Pham, and Thanh Thi Phuong Nguyen, 'Does country sustainability improve firm ESG reporting transparency? The moderating role of firm industry and CSR engagement', Economic Modelling, 125 (2023), 106351."
99,Van Hoang et al. (2023),16,0.004,0.014,0.2857142857142857,0,0,1,3737,8.226038429485484,1327.0,7.190676034332207,19.56,2.973486664606671,0,1,0,0,0,0,0,1,0,0,1,1,1,0,0,0,1,0,1,0,0,0,0,0,0,0,0,1,0,light,Industrial & Manufacturing,global,,1,0,2023,7.612336837167746,25,3.218875824868201,0.117,-2.145581344184381,2016,2020,2018.0,7.609862200913554,5,1.6094379124341,11,2.397895272798371,"Van Hoang, Thi Hong, Linh Pham, and Thanh Thi Phuong Nguyen, 'Does country sustainability improve firm ESG reporting transparency? The moderating role of firm industry and CSR engagement', Economic Modelling, 125 (2023), 106351."
99,Van Hoang et al. (2023),17,0.026,0.014,1.857142857142857,0,0,1,3362,8.120291313968561,1327.0,7.190676034332207,19.56,2.973486664606671,0,1,0,0,0,0,0,1,0,0,1,1,1,0,0,0,1,0,1,0,0,0,0,0,0,0,0,0,1,mixed,Cross-sector,global,,1,0,2023,7.612336837167746,25,3.218875824868201,0.117,-2.145581344184381,2016,2020,2018.0,7.609862200913554,5,1.6094379124341,10,2.302585092994046,"Van Hoang, Thi Hong, Linh Pham, and Thanh Thi Phuong Nguyen, 'Does country sustainability improve firm ESG reporting transparency? The moderating role of firm industry and CSR engagement', Economic Modelling, 125 (2023), 106351."
99,Van Hoang et al. (2023),18,0.018,0.016,1.125,0,0,1,3199,8.070593539949519,1327.0,7.190676034332207,19.56,2.973486664606671,0,1,0,0,0,0,0,1,0,0,1,1,1,0,0,0,1,0,1,0,0,0,0,0,0,0,0,0,1,mixed,Cross-sector,global,,1,0,2023,7.612336837167746,25,3.218875824868201,0.117,-2.145581344184381,2016,2020,2018.0,7.609862200913554,5,1.6094379124341,10,2.302585092994046,"Van Hoang, Thi Hong, Linh Pham, and Thanh Thi Phuong Nguyen, 'Does country sustainability improve firm ESG reporting transparency? The moderating role of firm industry and CSR engagement', Economic Modelling, 125 (2023), 106351."
99,Van Hoang et al. (2023),19,0.028,0.012,2.333333333333333,0,0,1,5280,8.571681376700306,1327.0,7.190676034332207,19.56,2.973486664606671,0,1,0,0,0,0,0,1,0,0,1,1,1,0,0,0,1,0,1,0,0,0,0,0,0,0,0,0,1,mixed,Cross-sector,global,,1,0,2023,7.612336837167746,25,3.218875824868201,0.117,-2.145581344184381,2016,2020,2018.0,7.609862200913554,5,1.6094379124341,11,2.397895272798371,"Van Hoang, Thi Hong, Linh Pham, and Thanh Thi Phuong Nguyen, 'Does country sustainability improve firm ESG reporting transparency? The moderating role of firm industry and CSR engagement', Economic Modelling, 125 (2023), 106351."
99,Van Hoang et al. (2023),20,0.021,0.012,1.75,0,0,1,3963,8.284756593190435,1327.0,7.190676034332207,19.56,2.973486664606671,0,1,0,0,0,0,0,1,0,0,1,1,1,0,0,0,1,0,1,0,0,0,0,0,0,0,0,0,1,mixed,Cross-sector,global,,1,0,2023,7.612336837167746,25,3.218875824868201,0.117,-2.145581344184381,2016,2020,2018.0,7.609862200913554,5,1.6094379124341,11,2.397895272798371,"Van Hoang, Thi Hong, Linh Pham, and Thanh Thi Phuong Nguyen, 'Does country sustainability improve firm ESG reporting transparency? The moderating role of firm industry and CSR engagement', Economic Modelling, 125 (2023), 106351."
100,van Zundert (2024),1,0.62105,0.0873,7.113974799541809,0,0,1,224,5.41164605185504,44.0,3.784189633918261,21.0,3.044522437723423,1,0,0,0,0,0,0,1,0,0,1,0,0,0,0,0,0,1,0,1,0,0,0,0,1,0,0,0,1,mixed,Cross-sector,Netherlands,Netherlands,0,1,2024,7.612831030407357,0,0.0,,,2010,2022,2016.0,7.60887062919126,13,2.564949357461537,1,0.0,"van Zundert, Stefan and Ying Gan, 'Board gender diversity and the effect on ESG ratings' (MA thesis, Erasmus University Rotterdam, 2024)."
100,van Zundert (2024),2,0.3959,0.07547,5.245793030343183,0,0,1,224,5.41164605185504,44.0,3.784189633918261,21.0,3.044522437723423,1,0,0,0,0,0,0,1,0,0,1,1,1,0,1,0,0,1,0,1,0,0,0,0,1,0,0,0,1,mixed,Cross-sector,Netherlands,Netherlands,0,1,2024,7.612831030407357,0,0.0,,,2010,2022,2016.0,7.60887062919126,13,2.564949357461537,13,2.564949357461537,"van Zundert, Stefan and Ying Gan, 'Board gender diversity and the effect on ESG ratings' (MA thesis, Erasmus University Rotterdam, 2024)."
100,van Zundert (2024),3,0.74658,0.20359,3.667075986050396,0,0,1,224,5.41164605185504,44.0,3.784189633918261,21.0,3.044522437723423,1,0,0,0,0,0,0,1,0,0,1,0,0,0,0,0,0,1,0,1,0,0,0,0,1,0,0,0,1,mixed,Cross-sector,Netherlands,Netherlands,0,1,2024,7.612831030407357,0,0.0,,,2010,2022,2016.0,7.60887062919126,13,2.564949357461537,1,0.0,"van Zundert, Stefan and Ying Gan, 'Board gender diversity and the effect on ESG ratings' (MA thesis, Erasmus University Rotterdam, 2024)."
100,van Zundert (2024),4,0.44509,0.11177,3.982195580209359,0,0,1,224,5.41164605185504,44.0,3.784189633918261,21.0,3.044522437723423,1,0,0,0,0,0,0,1,0,0,1,1,1,0,1,0,0,1,0,1,0,0,0,0,1,0,0,0,1,mixed,Cross-sector,Netherlands,Netherlands,0,1,2024,7.612831030407357,0,0.0,,,2010,2022,2016.0,7.60887062919126,13,2.564949357461537,13,2.564949357461537,"van Zundert, Stefan and Ying Gan, 'Board gender diversity and the effect on ESG ratings' (MA thesis, Erasmus University Rotterdam, 2024)."
100,van Zundert (2024),5,0.47007,0.07382,6.367786507721485,0,0,1,224,5.41164605185504,44.0,3.784189633918261,21.0,3.044522437723423,1,0,0,0,0,0,0,1,0,0,1,1,1,0,1,0,0,1,0,1,0,0,0,0,1,0,0,0,1,mixed,Cross-sector,Netherlands,Netherlands,0,1,2024,7.612831030407357,0,0.0,,,2010,2022,2016.0,7.60887062919126,13,2.564949357461537,6,1.791759469228055,"van Zundert, Stefan and Ying Gan, 'Board gender diversity and the effect on ESG ratings' (MA thesis, Erasmus University Rotterdam, 2024)."
100,van Zundert (2024),6,0.38749,0.07731,5.012158841029621,0,0,1,224,5.41164605185504,44.0,3.784189633918261,21.0,3.044522437723423,1,0,0,0,0,0,0,1,0,0,1,1,1,0,0,0,0,1,0,1,0,0,0,0,1,0,0,0,1,mixed,Cross-sector,Netherlands,Netherlands,0,1,2024,7.612831030407357,0,0.0,,,2010,2022,2016.0,7.60887062919126,13,2.564949357461537,11,2.397895272798371,"van Zundert, Stefan and Ying Gan, 'Board gender diversity and the effect on ESG ratings' (MA thesis, Erasmus University Rotterdam, 2024)."
100,van Zundert (2024),7,0.52687,0.15035,3.504289990023278,0,0,1,224,5.41164605185504,44.0,3.784189633918261,21.0,3.044522437723423,1,0,0,0,0,0,0,1,0,0,1,1,1,0,1,0,0,1,0,1,0,0,0,0,1,0,0,0,1,mixed,Cross-sector,Netherlands,Netherlands,0,1,2024,7.612831030407357,0,0.0,,,2010,2022,2016.0,7.60887062919126,13,2.564949357461537,6,1.791759469228055,"van Zundert, Stefan and Ying Gan, 'Board gender diversity and the effect on ESG ratings' (MA thesis, Erasmus University Rotterdam, 2024)."
100,van Zundert (2024),8,0.46733,0.11915,3.922198908938313,0,0,1,224,5.41164605185504,44.0,3.784189633918261,21.0,3.044522437723423,1,0,0,0,0,0,0,1,0,0,1,1,1,0,0,0,0,1,0,1,0,0,0,0,1,0,0,0,1,mixed,Cross-sector,Netherlands,Netherlands,0,1,2024,7.612831030407357,0,0.0,,,2010,2022,2016.0,7.60887062919126,13,2.564949357461537,11,2.397895272798371,"van Zundert, Stefan and Ying Gan, 'Board gender diversity and the effect on ESG ratings' (MA thesis, Erasmus University Rotterdam, 2024)."
101,Velte (2016),1,0.254,0.0819817779418258,3.098249469293508,0,0,1,1019,6.926577033222725,204.0,5.318119993844216,19.8,2.98568193770049,1,0,0,0,0,0,0,1,0,0,1,1,1,0,1,1,0,1,0,1,0,0,0,0,1,0,0,1,0,non-financial,Non-financial Firms,Germany+Austria,Europe,1,0,2016,7.60887062919126,329,5.796057750765372,,,2010,2014,2012.0,7.60688453121963,5,1.6094379124341,9,2.19722457733622,"Velte, Patrick, 'Women on management board and ESG performance', Journal of Global Responsibility, 7, no. 1 (2016), 98–109."
101,Velte (2016),2,0.299,0.1005077622765425,2.974894607416641,0,0,1,1019,6.926577033222725,204.0,5.318119993844216,19.8,2.98568193770049,1,0,0,0,0,0,0,1,0,0,1,1,1,0,1,1,0,1,0,1,0,0,0,0,1,0,0,1,0,non-financial,Non-financial Firms,Germany,Germany,1,0,2016,7.60887062919126,329,5.796057750765372,,,2010,2014,2012.0,7.60688453121963,5,1.6094379124341,9,2.19722457733622,"Velte, Patrick, 'Women on management board and ESG performance', Journal of Global Responsibility, 7, no. 1 (2016), 98–109."
101,Velte (2016),3,0.271,0.0821187171529141,3.300100262104292,0,0,1,1019,6.926577033222725,204.0,5.318119993844216,19.8,2.98568193770049,1,0,0,0,0,0,0,1,0,0,1,1,1,0,1,1,0,1,0,1,0,0,0,0,1,0,0,1,0,non-financial,Non-financial Firms,Austria,Europe,1,0,2016,7.60887062919126,329,5.796057750765372,,,2010,2014,2012.0,7.60688453121963,5,1.6094379124341,9,2.19722457733622,"Velte, Patrick, 'Women on management board and ESG performance', Journal of Global Responsibility, 7, no. 1 (2016), 98–109."
102,Wang et al. (2022),1,0.4192,0.05946099290780142,7.05,0,0,1,438,6.082218910376446,31.28571428571428,3.443161580761188,13.1,2.572612230207106,1,0,0,0,0,0,0,1,0,0,1,1,1,1,1,0,1,0,0,1,0,0,0,0,1,0,0,1,0,extractive+retail,Energy & Extractives,UK,UK,1,0,2022,7.611842399580417,25,3.218875824868201,0.007,-4.961845129926823,2005,2018,2011.5,7.606635991389843,14,2.639057329615258,9,2.19722457733622,"Wang, Yan, Kemi Yekini, Bola Babajide, and Miriama Kessy, 'Antecedents of corporate social responsibility disclosure: evidence from the UK extractive and retail sector', International Journal of Accounting \& Information Management, 30, no. 2 (2022), 161–188."
102,Wang et al. (2022),2,0.202,0.0497536945812808,4.06,0,0,1,438,6.082218910376446,31.28571428571428,3.443161580761188,17.0,2.833213344056216,1,0,0,0,0,0,0,1,0,0,1,1,1,1,1,0,1,0,0,1,0,0,0,0,1,0,0,1,0,retail,Non-financial Firms,UK,UK,1,0,2022,7.611842399580417,25,3.218875824868201,0.007,-4.961845129926823,2005,2018,2011.5,7.606635991389843,14,2.639057329615258,9,2.19722457733622,"Wang, Yan, Kemi Yekini, Bola Babajide, and Miriama Kessy, 'Antecedents of corporate social responsibility disclosure: evidence from the UK extractive and retail sector', International Journal of Accounting \& Information Management, 30, no. 2 (2022), 161–188."
102,Wang et al. (2022),3,0.3885,0.1070247933884298,3.63,0,0,1,438,6.082218910376446,31.28571428571428,3.443161580761188,10.0,2.302585092994046,1,0,0,0,0,0,0,1,0,0,1,1,1,1,1,0,1,0,0,1,0,0,0,0,1,0,0,1,0,extractive ,Energy & Extractives,UK,UK,1,0,2022,7.611842399580417,25,3.218875824868201,0.007,-4.961845129926823,2005,2018,2011.5,7.606635991389843,14,2.639057329615258,9,2.19722457733622,"Wang, Yan, Kemi Yekini, Bola Babajide, and Miriama Kessy, 'Antecedents of corporate social responsibility disclosure: evidence from the UK extractive and retail sector', International Journal of Accounting \& Information Management, 30, no. 2 (2022), 161–188."
102,Wang et al. (2022),4,0.21184,0.03394871794871795,6.24,0,0,1,438,6.082218910376446,31.28571428571428,3.443161580761188,13.1,2.572612230207106,1,0,0,0,0,0,0,1,0,1,0,1,1,1,1,0,1,0,0,1,0,0,0,0,1,0,0,1,0,extractive+retail,Energy & Extractives,UK,UK,1,0,2022,7.611842399580417,25,3.218875824868201,0.007,-4.961845129926823,2005,2018,2011.5,7.606635991389843,14,2.639057329615258,9,2.19722457733622,"Wang, Yan, Kemi Yekini, Bola Babajide, and Miriama Kessy, 'Antecedents of corporate social responsibility disclosure: evidence from the UK extractive and retail sector', International Journal of Accounting \& Information Management, 30, no. 2 (2022), 161–188."
102,Wang et al. (2022),5,0.24637,0.03183074935400517,7.74,0,0,1,438,6.082218910376446,31.28571428571428,3.443161580761188,13.1,2.572612230207106,0,1,0,0,0,0,0,1,0,0,1,1,1,1,1,0,1,0,0,1,0,0,0,0,1,0,0,1,0,extractive+retail,Energy & Extractives,UK,UK,1,0,2022,7.611842399580417,25,3.218875824868201,0.007,-4.961845129926823,2005,2018,2011.5,7.606635991389843,14,2.639057329615258,9,2.19722457733622,"Wang, Yan, Kemi Yekini, Bola Babajide, and Miriama Kessy, 'Antecedents of corporate social responsibility disclosure: evidence from the UK extractive and retail sector', International Journal of Accounting \& Information Management, 30, no. 2 (2022), 161–188."
102,Wang et al. (2022),6,0.23129,0.0368296178343949,6.28,0,0,1,438,6.082218910376446,31.28571428571428,3.443161580761188,13.1,2.572612230207106,0,0,1,0,0,0,0,1,0,1,0,1,1,1,1,0,1,0,0,1,0,0,0,0,1,0,0,1,0,extractive+retail,Energy & Extractives,UK,UK,1,0,2022,7.611842399580417,25,3.218875824868201,0.007,-4.961845129926823,2005,2018,2011.5,7.606635991389843,14,2.639057329615258,9,2.19722457733622,"Wang, Yan, Kemi Yekini, Bola Babajide, and Miriama Kessy, 'Antecedents of corporate social responsibility disclosure: evidence from the UK extractive and retail sector', International Journal of Accounting \& Information Management, 30, no. 2 (2022), 161–188."
103,Waterstraat et al. (2021),1,0.163,0.163,1.0,0,0,1,1375,7.226209010100671,30.0,3.401197381662155,30.14,3.405853193198349,0,1,0,0,0,0,0,1,0,0,1,1,1,1,1,1,0,1,0,1,0,0,0,0,1,0,1,0,0,banks,Financial Services,EU,Europe,0,1,2021,7.611347717403621,9,2.19722457733622,,,2015,2019,2017.0,7.609366537954211,5,1.6094379124341,10,2.302585092994046,"Waterstraat, Silke, Clemens Kustner, and Maximilian Koch, 'Does board composition taking account of sustainability expertise influence ESG ratings? An exploratory study of European banks', in Society 5.0: First International Conference, Society 5.0 2021, Virtual Event, June 22--24, 2021, Revised Selected Papers 1 (2021), 129–138."
104,Wu et al. (2024),1,0.273,0.023,11.8695652173913,0,0,1,2475,7.813995675002791,275.0,5.616771097666572,18.28,2.905807566026004,1,0,0,0,0,0,0,1,0,0,1,0,1,1,1,1,0,1,0,1,0,0,0,0,1,0,0,0,1,mixed,Cross-sector,Germany,Germany,1,0,2024,7.612831030407357,0,0.0,,,2010,2018,2014.0,7.607878073278507,9,2.19722457733622,7,1.945910149055313,"Wu, Qichun, Muhammad Shahbaz, and Simona Bigerna, 'Does board gender diversity benefit for corporate ESG performance: Evidence from Germany', Journal of Environmental Management, 372 (2024), 123304."
104,Wu et al. (2024),2,0.316,0.028,11.28571428571429,0,0,1,2200,7.696212639346407,275.0,5.616771097666572,18.28,2.905807566026004,0,0,1,0,0,0,0,1,0,0,1,0,1,1,1,1,0,1,0,1,0,0,0,0,1,0,0,0,1,mixed,Cross-sector,Germany,Germany,1,0,2024,7.612831030407357,0,0.0,,,2010,2018,2014.0,7.607878073278507,9,2.19722457733622,7,1.945910149055313,"Wu, Qichun, Muhammad Shahbaz, and Simona Bigerna, 'Does board gender diversity benefit for corporate ESG performance: Evidence from Germany', Journal of Environmental Management, 372 (2024), 123304."
104,Wu et al. (2024),3,0.316,0.028,11.28571428571429,0,0,1,2200,7.696212639346407,275.0,5.616771097666572,18.28,2.905807566026004,0,0,1,0,0,0,0,1,0,0,1,0,1,1,1,1,0,1,0,1,0,0,0,0,1,0,0,0,1,mixed,Cross-sector,Germany,Germany,1,0,2024,7.612831030407357,0,0.0,,,2010,2018,2014.0,7.607878073278507,9,2.19722457733622,7,1.945910149055313,"Wu, Qichun, Muhammad Shahbaz, and Simona Bigerna, 'Does board gender diversity benefit for corporate ESG performance: Evidence from Germany', Journal of Environmental Management, 372 (2024), 123304."
104,Wu et al. (2024),4,0.317,0.029,10.93103448275862,0,0,1,2200,7.696212639346407,275.0,5.616771097666572,18.28,2.905807566026004,0,0,0,1,0,0,0,1,0,1,0,0,1,1,1,1,0,1,0,1,0,0,0,0,1,0,0,0,1,mixed,Cross-sector,Germany,Germany,1,0,2024,7.612831030407357,0,0.0,,,2010,2018,2014.0,7.607878073278507,9,2.19722457733622,7,1.945910149055313,"Wu, Qichun, Muhammad Shahbaz, and Simona Bigerna, 'Does board gender diversity benefit for corporate ESG performance: Evidence from Germany', Journal of Environmental Management, 372 (2024), 123304."
104,Wu et al. (2024),5,0.279,0.1,2.79,0,0,1,216,5.375278407684165,275.0,5.616771097666572,18.28,2.905807566026004,1,0,0,0,0,0,0,1,0,0,1,0,1,1,1,1,0,1,0,1,0,0,0,0,1,0,0,1,0,Technology,Non-financial Firms,Germany,Germany,1,0,2024,7.612831030407357,0,0.0,,,2010,2018,2014.0,7.607878073278507,9,2.19722457733622,7,1.945910149055313,"Wu, Qichun, Muhammad Shahbaz, and Simona Bigerna, 'Does board gender diversity benefit for corporate ESG performance: Evidence from Germany', Journal of Environmental Management, 372 (2024), 123304."
104,Wu et al. (2024),6,0.344,0.113,3.044247787610619,0,0,1,192,5.257495372027781,275.0,5.616771097666572,18.28,2.905807566026004,0,0,1,0,0,0,0,1,0,0,1,0,1,1,1,1,0,1,0,1,0,0,0,0,1,0,0,1,0,Technology,Non-financial Firms,Germany,Germany,1,0,2024,7.612831030407357,0,0.0,,,2010,2018,2014.0,7.607878073278507,9,2.19722457733622,7,1.945910149055313,"Wu, Qichun, Muhammad Shahbaz, and Simona Bigerna, 'Does board gender diversity benefit for corporate ESG performance: Evidence from Germany', Journal of Environmental Management, 372 (2024), 123304."
104,Wu et al. (2024),7,0.318,0.031,10.25806451612903,0,0,1,1071,6.976348070447749,275.0,5.616771097666572,18.28,2.905807566026004,1,0,0,0,0,0,0,1,0,0,1,0,1,1,1,1,0,1,0,1,0,0,0,0,1,0,0,1,0,Service,Services & Hospitality,Germany,Germany,1,0,2024,7.612831030407357,0,0.0,,,2010,2018,2014.0,7.607878073278507,9,2.19722457733622,7,1.945910149055313,"Wu, Qichun, Muhammad Shahbaz, and Simona Bigerna, 'Does board gender diversity benefit for corporate ESG performance: Evidence from Germany', Journal of Environmental Management, 372 (2024), 123304."
104,Wu et al. (2024),8,0.36,0.038,9.473684210526315,0,0,1,952,6.858565034791365,275.0,5.616771097666572,18.28,2.905807566026004,0,0,1,0,0,0,0,1,0,0,1,0,1,1,1,1,0,1,0,1,0,0,0,0,1,0,0,1,0,Service,Services & Hospitality,Germany,Germany,1,0,2024,7.612831030407357,0,0.0,,,2010,2018,2014.0,7.607878073278507,9,2.19722457733622,7,1.945910149055313,"Wu, Qichun, Muhammad Shahbaz, and Simona Bigerna, 'Does board gender diversity benefit for corporate ESG performance: Evidence from Germany', Journal of Environmental Management, 372 (2024), 123304."
104,Wu et al. (2024),9,0.154,0.037,4.162162162162162,0,0,1,1071,6.976348070447749,275.0,5.616771097666572,18.28,2.905807566026004,1,0,0,0,0,0,0,1,0,0,1,0,1,1,1,1,0,1,0,1,0,0,0,0,1,0,0,1,0,Manufacturing,Industrial & Manufacturing,Germany,Germany,1,0,2024,7.612831030407357,0,0.0,,,2010,2018,2014.0,7.607878073278507,9,2.19722457733622,7,1.945910149055313,"Wu, Qichun, Muhammad Shahbaz, and Simona Bigerna, 'Does board gender diversity benefit for corporate ESG performance: Evidence from Germany', Journal of Environmental Management, 372 (2024), 123304."
104,Wu et al. (2024),10,0.182,0.045,4.044444444444444,0,0,1,952,6.858565034791365,275.0,5.616771097666572,18.28,2.905807566026004,0,0,1,0,0,0,0,1,0,0,1,0,1,1,1,1,0,1,0,1,0,0,0,0,1,0,0,1,0,Manufacturing,Industrial & Manufacturing,Germany,Germany,1,0,2024,7.612831030407357,0,0.0,,,2010,2018,2014.0,7.607878073278507,9,2.19722457733622,7,1.945910149055313,"Wu, Qichun, Muhammad Shahbaz, and Simona Bigerna, 'Does board gender diversity benefit for corporate ESG performance: Evidence from Germany', Journal of Environmental Management, 372 (2024), 123304."
104,Wu et al. (2024),11,0.46,0.095,4.842105263157895,0,0,1,117,4.762173934797756,275.0,5.616771097666572,18.28,2.905807566026004,1,0,0,0,0,0,0,1,0,0,1,0,1,1,1,1,0,1,0,1,0,0,0,0,1,0,0,1,0,Transportation,Logistics & Transportation,Germany,Germany,1,0,2024,7.612831030407357,0,0.0,,,2010,2018,2014.0,7.607878073278507,9,2.19722457733622,7,1.945910149055313,"Wu, Qichun, Muhammad Shahbaz, and Simona Bigerna, 'Does board gender diversity benefit for corporate ESG performance: Evidence from Germany', Journal of Environmental Management, 372 (2024), 123304."
104,Wu et al. (2024),12,0.671,0.104,6.451923076923078,0,0,1,104,4.644390899141372,275.0,5.616771097666572,18.28,2.905807566026004,0,0,1,0,0,0,0,1,0,0,1,0,1,1,1,1,0,1,0,1,0,0,0,0,1,0,0,1,0,Transportation,Logistics & Transportation,Germany,Germany,1,0,2024,7.612831030407357,0,0.0,,,2010,2018,2014.0,7.607878073278507,9,2.19722457733622,7,1.945910149055313,"Wu, Qichun, Muhammad Shahbaz, and Simona Bigerna, 'Does board gender diversity benefit for corporate ESG performance: Evidence from Germany', Journal of Environmental Management, 372 (2024), 123304."
104,Wu et al. (2024),13,0.221,0.035,6.314285714285714,0,0,1,1375,7.226209010100671,275.0,5.616771097666572,18.28,2.905807566026004,0,0,1,0,0,0,0,1,0,0,1,0,1,1,1,1,0,1,0,1,0,0,0,0,1,0,0,0,1,mixed,Cross-sector,Germany,Germany,1,0,2024,7.612831030407357,0,0.0,,,2010,2018,2014.0,7.607878073278507,9,2.19722457733622,7,1.945910149055313,"Wu, Qichun, Muhammad Shahbaz, and Simona Bigerna, 'Does board gender diversity benefit for corporate ESG performance: Evidence from Germany', Journal of Environmental Management, 372 (2024), 123304."
104,Wu et al. (2024),14,0.228,0.042,5.428571428571429,0,0,1,1100,7.003065458786462,275.0,5.616771097666572,18.28,2.905807566026004,0,0,1,0,0,0,0,1,0,0,1,0,1,1,1,1,0,1,0,1,0,0,0,0,1,0,0,0,1,mixed,Cross-sector,Germany,Germany,1,0,2024,7.612831030407357,0,0.0,,,2010,2018,2014.0,7.607878073278507,9,2.19722457733622,7,1.945910149055313,"Wu, Qichun, Muhammad Shahbaz, and Simona Bigerna, 'Does board gender diversity benefit for corporate ESG performance: Evidence from Germany', Journal of Environmental Management, 372 (2024), 123304."
104,Wu et al. (2024),15,0.263,0.032,8.21875,0,0,1,1100,7.003065458786462,275.0,5.616771097666572,18.28,2.905807566026004,0,0,1,0,0,0,0,1,0,0,1,0,1,1,1,1,0,1,0,1,0,0,0,0,1,0,0,0,1,mixed,Cross-sector,Germany,Germany,1,0,2024,7.612831030407357,0,0.0,,,2010,2018,2014.0,7.607878073278507,9,2.19722457733622,7,1.945910149055313,"Wu, Qichun, Muhammad Shahbaz, and Simona Bigerna, 'Does board gender diversity benefit for corporate ESG performance: Evidence from Germany', Journal of Environmental Management, 372 (2024), 123304."
104,Wu et al. (2024),16,0.331,0.038,8.710526315789474,0,0,1,1100,7.003065458786462,275.0,5.616771097666572,18.28,2.905807566026004,0,0,1,0,0,0,0,1,0,0,1,0,1,1,1,1,0,1,0,1,0,0,0,0,1,0,0,0,1,mixed,Cross-sector,Germany,Germany,1,0,2024,7.612831030407357,0,0.0,,,2010,2018,2014.0,7.607878073278507,9,2.19722457733622,7,1.945910149055313,"Wu, Qichun, Muhammad Shahbaz, and Simona Bigerna, 'Does board gender diversity benefit for corporate ESG performance: Evidence from Germany', Journal of Environmental Management, 372 (2024), 123304."
105,Yadav & Prashar (2022),1,0.066,0.04230769230769231,1.56,0,0,1,712,6.568077911411976,84.0,4.430816798843313,12.64,2.536866388718711,0,1,0,0,0,0,0,1,0,0,1,1,1,1,1,1,1,0,0,0,0,1,0,0,0,1,0,0,1,mixed,Cross-sector,India,India,1,0,2022,7.611842399580417,59,4.07753744390572,0.007,-4.961845129926823,2013,2020,2016.5,7.609118614313423,8,2.079441541679836,8,2.079441541679836,"Yadav, Priti and Anupama Prashar, 'Board gender diversity: implications for environment, social, and governance (ESG) performance of Indian firms', International Journal of Productivity and Performance Management, 72, no. 9 (2022), 2654–2673."
105,Yadav & Prashar (2022),2,-0.106,0.2656641604010025,-0.399,0,0,1,712,6.568077911411976,84.0,4.430816798843313,12.64,2.536866388718711,0,0,0,1,0,0,0,1,0,1,0,1,1,1,1,1,1,0,0,0,0,1,0,0,0,1,0,0,1,mixed,Cross-sector,India,India,1,0,2022,7.611842399580417,59,4.07753744390572,0.007,-4.961845129926823,2013,2020,2016.5,7.609118614313423,8,2.079441541679836,8,2.079441541679836,"Yadav, Priti and Anupama Prashar, 'Board gender diversity: implications for environment, social, and governance (ESG) performance of Indian firms', International Journal of Productivity and Performance Management, 72, no. 9 (2022), 2654–2673."
106,Yarram & Adapa (2021),1,5.905,4.406716417910448,1.34,1,0,0,859,6.755768921984255,300.0,5.703782474656201,13.1,2.572612230207106,0,0,0,1,0,0,0,1,0,0,1,0,1,1,1,0,0,1,0,0,0,0,0,1,1,0,0,0,1,mixed,Cross-sector,Australia,Australia,1,0,2021,7.611347717403621,233,5.4510384535657,,,2011,2016,2013.5,7.607629780291509,6,1.791759469228055,12,2.484906649788,"Yarram, Subba Reddy and Sujana Adapa, 'Board gender diversity and corporate social responsibility: Is there a case for critical mass?', Journal of cleaner production, 278 (2021), 123319."
