author,pub_year,idstudy,dep_var,exp_var,tuition,tuition_se,no_exp_var,no_obs,no_df,est_per_study,startyear,endyear,midyear,timespan,ln_timespan,cit_google,cit_repec,model,endogeneity,unemployment,income,shortrun,linear,doublelog,semilog,boxcox,country,idcountry,usa,published,ln_pub_year,ln_google,tstat,pcc,pcc_se,pcc_precsq,pcc_prec,tseries,panel,cross,instrument,ols,fe,male,female,private,public,invperst,invperstsq
Agarwal & Winkler (1985),1985,1,enrollment,tuition,0.123,0.352,3,17,14,30,1954,1973,1963.5,20,2.995732273553991,105,0,OLS,0,0,0,0,0,1,0,0,USA,1,1,1,7.593374,4.663439,0.3494318181818182,0.09298497246974179,0.26610333584836676,14.122102595557848,3.7579386098708225,1,0,0,0.2672612419124244,1,0,0,0,0,0,0.03333333333333333,0.0011111111111111111
Agarwal & Winkler (1985),1985,1,enrollment,tuition,-0.895,0.974,3,17,14,30,1954,1973,1963.5,20,2.995732273553991,105,0,OLS,0,0,0,0,0,1,0,0,USA,1,1,1,7.593374,4.663439,-0.9188911704312115,-0.23849722211340027,0.2595489322217339,14.844360983096445,3.852838042676651,1,0,0,0.2672612419124244,1,0,0,0,0,0,0.03333333333333333,0.0011111111111111111
Agarwal & Winkler (1985),1985,1,enrollment,tuition,-1.21,0.298,3,17,14,30,1954,1973,1963.5,20,2.995732273553991,105,0,OLS,0,0,0,0,0,1,0,0,USA,1,1,1,7.593374,4.663439,-4.060402684563758,-0.73538147792091,0.18111047968630675,30.48686996081259,5.521491642736824,1,0,0,0.2672612419124244,1,0,0,0,0,0,0.03333333333333333,0.0011111111111111111
Agarwal & Winkler (1985),1985,1,enrollment,tuition,-0.468,0.222,3,17,14,30,1954,1973,1963.5,20,2.995732273553991,105,0,OLS,0,0,0,0,0,1,0,0,USA,1,1,1,7.593374,4.663439,-2.1081081081081083,-0.49086708491149106,0.23284720694519445,18.44411979547115,4.294661778938028,1,0,0,0.2672612419124244,1,0,0,0,0,0,0.03333333333333333,0.0011111111111111111
Agarwal & Winkler (1985),1985,1,enrollment,tuition,-1.523,1.304,3,17,14,30,1954,1973,1963.5,20,2.995732273553991,105,0,OLS,0,0,0,0,0,1,0,0,USA,1,1,1,7.593374,4.663439,-1.1679447852760736,-0.29796744686115245,0.25512117577606225,15.364095021453574,3.91970598660838,1,0,0,0.2672612419124244,1,0,0,0,0,0,0.03333333333333333,0.0011111111111111111
Agarwal & Winkler (1985),1985,1,enrollment,tuition,-0.87,0.204,3,17,14,30,1954,1973,1963.5,20,2.995732273553991,105,0,OLS,0,0,0,0,0,1,0,0,USA,1,1,1,7.593374,4.663439,-4.264705882352941,-0.751699052841735,0.1762604675628896,32.187716262975776,5.673421918293736,1,0,0,0.2672612419124244,1,0,0,0,0,0,0.03333333333333333,0.0011111111111111111
Agarwal & Winkler (1985),1985,1,enrollment,tuition,-1.197,0.256,3,17,14,30,1954,1973,1963.5,20,2.995732273553991,105,0,OLS,0,0,0,0,0,1,0,0,USA,1,1,1,7.593374,4.663439,-4.67578125,-0.780784708237162,0.1669848665904039,35.86293029785156,5.988566631327697,1,0,0,0.2672612419124244,1,0,0,0,0,0,0.03333333333333333,0.0011111111111111111
Agarwal & Winkler (1985),1985,1,enrollment,tuition,-1.357,0.601,3,17,14,30,1954,1973,1963.5,20,2.995732273553991,105,0,OLS,0,0,0,0,0,1,0,0,USA,1,1,1,7.593374,4.663439,-2.257903494176373,-0.516666107736506,0.2288255937727635,19.098128189013877,4.370140522799453,1,0,0,0.2672612419124244,1,0,0,0,0,0,0.03333333333333333,0.0011111111111111111
Agarwal & Winkler (1985),1985,1,enrollment,tuition,-0.223,1.229,3,17,14,30,1954,1973,1963.5,20,2.995732273553991,105,0,OLS,0,0,0,0,0,1,0,0,USA,1,1,1,7.593374,4.663439,-0.18144833197721724,-0.048437185651531586,0.26694753885978617,14.032923497177318,3.746054390579149,1,0,0,0.2672612419124244,1,0,0,0,0,0,0.03333333333333333,0.0011111111111111111
Agarwal & Winkler (1985),1985,1,enrollment,tuition,-1.165,0.255,3,17,14,30,1954,1973,1963.5,20,2.995732273553991,105,0,OLS,0,0,0,0,0,1,0,0,USA,1,1,1,7.593374,4.663439,-4.568627450980392,-0.7736510071355615,0.16933992001679674,34.87235678585158,5.9052821089133065,1,0,0,0.2672612419124244,1,0,0,0,0,0,0.03333333333333333,0.0011111111111111111
Agarwal & Winkler (1985),1985,1,enrollment,tuition,-2.836,0.352,3,17,14,30,1954,1973,1963.5,20,2.995732273553991,105,0,OLS,0,0,0,0,0,1,0,0,USA,1,1,1,7.593374,4.663439,-8.056818181818182,-0.9069663187756233,0.1125712779298376,78.91231921487604,8.883260618425874,1,0,0,0.2672612419124244,1,0,0,0,0,0,0.03333333333333333,0.0011111111111111111
Agarwal & Winkler (1985),1985,1,enrollment,tuition,-2.278,0.279,3,17,14,30,1954,1973,1963.5,20,2.995732273553991,105,0,OLS,0,0,0,0,0,1,0,0,USA,1,1,1,7.593374,4.663439,-8.164874551971325,-0.9090891456515505,0.11134147130675269,80.66517644942894,8.981379429098235,1,0,0,0.2672612419124244,1,0,0,0,0,0,0.03333333333333333,0.0011111111111111111
Agarwal & Winkler (1985),1985,1,enrollment,tuition,0.725,0.475,3,17,14,30,1954,1973,1963.5,20,2.995732273553991,105,0,OLS,0,0,0,0,0,1,0,0,USA,1,1,1,7.593374,4.663439,1.5263157894736843,0.37770792149620563,0.24746381063544506,16.32963988919668,4.040994913285178,1,0,0,0.2672612419124244,1,0,0,0,0,0,0.03333333333333333,0.0011111111111111111
Agarwal & Winkler (1985),1985,1,enrollment,tuition,-2.997,1.238,3,17,14,30,1954,1973,1963.5,20,2.995732273553991,105,0,OLS,0,0,0,0,0,1,0,0,USA,1,1,1,7.593374,4.663439,-2.4208400646203554,-0.5432145253315761,0.22439091837186895,19.860466618471087,4.456508343812573,1,0,0,0.2672612419124244,1,0,0,0,0,0,0.03333333333333333,0.0011111111111111111
Agarwal & Winkler (1985),1985,1,enrollment,tuition,0.547,0.537,3,17,14,30,1954,1973,1963.5,20,2.995732273553991,105,0,OLS,0,0,0,0,0,1,0,0,USA,1,1,1,7.593374,4.663439,1.0186219739292366,0.2626781266465827,0.2578759671100821,15.03759072577149,3.877833251413925,1,0,0,0.2672612419124244,1,0,0,0,0,0,0.03333333333333333,0.0011111111111111111
Agarwal & Winkler (1985),1985,1,enrollment,tuition,-0.749,0.217,2,17,15,30,1954,1973,1963.5,20,2.995732273553991,105,0,OLS,0,0,0,0,0,1,0,0,USA,1,1,1,7.593374,4.663439,-3.4516129032258065,-0.6653282006644865,0.19275863757569234,26.91363163371489,5.1878349659289364,1,0,0,0.2581988897471611,1,0,0,0,0,0,0.03333333333333333,0.0011111111111111111
Agarwal & Winkler (1985),1985,1,enrollment,tuition,-2.206,0.924,2,17,15,30,1954,1973,1963.5,20,2.995732273553991,105,0,OLS,0,0,0,0,0,1,0,0,USA,1,1,1,7.593374,4.663439,-2.3874458874458875,-0.5247463610502647,0.21979403336828857,20.69989786548228,4.549714042165978,1,0,0,0.2581988897471611,1,0,0,0,0,0,0.03333333333333333,0.0011111111111111111
Agarwal & Winkler (1985),1985,1,enrollment,tuition,-0.427,0.167,2,17,15,30,1954,1973,1963.5,20,2.995732273553991,105,0,OLS,0,0,0,0,0,1,0,0,USA,1,1,1,7.593374,4.663439,-2.55688622754491,-0.5509498549880918,0.21547687537004998,21.53766718060884,4.640869226837666,1,0,0,0.2581988897471611,1,0,0,0,0,0,0.03333333333333333,0.0011111111111111111
Agarwal & Winkler (1985),1985,1,enrollment,tuition,-1.082,0.15,2,17,15,30,1954,1973,1963.5,20,2.995732273553991,105,0,OLS,0,0,0,0,0,1,0,0,USA,1,1,1,7.593374,4.663439,-7.213333333333334,-0.8810373848264141,0.12214011804432727,67.03217777777779,8.18731810654611,1,0,0,0.2581988897471611,1,0,0,0,0,0,0.03333333333333333,0.0011111111111111111
Agarwal & Winkler (1985),1985,1,enrollment,tuition,-1.516,0.194,2,17,15,30,1954,1973,1963.5,20,2.995732273553991,105,0,OLS,0,0,0,0,0,1,0,0,USA,1,1,1,7.593374,4.663439,-7.814432989690721,-0.8959917285276802,0.1146585721202968,76.06536295036669,8.721545903701172,1,0,0,0.2581988897471611,1,0,0,0,0,0,0.03333333333333333,0.0011111111111111111
Agarwal & Winkler (1985),1985,1,enrollment,tuition,-0.654,0.123,2,17,15,30,1954,1973,1963.5,20,2.995732273553991,105,0,OLS,0,0,0,0,0,1,0,0,USA,1,1,1,7.593374,4.663439,-5.317073170731708,-0.8083004684950774,0.1520198128821017,43.27126710291494,6.578089928156572,1,0,0,0.2581988897471611,1,0,0,0,0,0,0.03333333333333333,0.0011111111111111111
Agarwal & Winkler (1985),1985,1,enrollment,tuition,-0.524,0.353,2,17,15,30,1954,1973,1963.5,20,2.995732273553991,105,0,OLS,0,0,0,0,0,1,0,0,USA,1,1,1,7.593374,4.663439,-1.4844192634560909,-0.3578888504704711,0.2410968782749547,17.20350054971952,4.1477102779388435,1,0,0,0.2581988897471611,1,0,0,0,0,0,0.03333333333333333,0.0011111111111111111
Agarwal & Winkler (1985),1985,1,enrollment,tuition,-0.699,0.11,2,17,15,30,1954,1973,1963.5,20,2.995732273553991,105,0,OLS,0,0,0,0,0,1,0,0,USA,1,1,1,7.593374,4.663439,-6.3545454545454545,-0.8539000573522146,0.13437626081365323,55.38024793388432,7.441790640288419,1,0,0,0.2581988897471611,1,0,0,0,0,0,0.03333333333333333,0.0011111111111111111
Agarwal & Winkler (1985),1985,1,enrollment,tuition,-5.338,1.191,2,17,15,30,1954,1973,1963.5,20,2.995732273553991,105,0,OLS,0,0,0,0,0,1,0,0,USA,1,1,1,7.593374,4.663439,-4.481947942905122,-0.7566384091088382,0.168819098023347,35.08785736291144,5.9235004315785655,1,0,0,0.2581988897471611,1,0,0,0,0,0,0.03333333333333333,0.0011111111111111111
Agarwal & Winkler (1985),1985,1,enrollment,tuition,-1.85,0.171,2,17,15,30,1954,1973,1963.5,20,2.995732273553991,105,0,OLS,0,0,0,0,0,1,0,0,USA,1,1,1,7.593374,4.663439,-10.818713450292398,-0.9414892378136163,0.08702414036006939,132.04456071953766,11.49106438584075,1,0,0,0.2581988897471611,1,0,0,0,0,0,0.03333333333333333,0.0011111111111111111
Agarwal & Winkler (1985),1985,1,enrollment,tuition,0.152,0.367,2,17,15,30,1954,1973,1963.5,20,2.995732273553991,105,0,OLS,0,0,0,0,0,1,0,0,USA,1,1,1,7.593374,4.663439,0.4141689373297003,0.1063316979726682,0.25673508655242916,15.171535908648814,3.8950655846402396,1,0,0,0.2581988897471611,1,0,0,0,0,0,0.03333333333333333,0.0011111111111111111
Agarwal & Winkler (1985),1985,1,enrollment,tuition,-0.276,0.102,2,17,15,30,1954,1973,1963.5,20,2.995732273553991,105,0,OLS,0,0,0,0,0,1,0,0,USA,1,1,1,7.593374,4.663439,-2.705882352941177,-0.5727225864764728,0.21165834717608772,22.32179930795848,4.724595147518831,1,0,0,0.2581988897471611,1,0,0,0,0,0,0.03333333333333333,0.0011111111111111111
Agarwal & Winkler (1985),1985,1,enrollment,tuition,-0.699,0.137,2,17,15,30,1954,1973,1963.5,20,2.995732273553991,105,0,OLS,0,0,0,0,0,1,0,0,USA,1,1,1,7.593374,4.663439,-5.102189781021897,-0.7965140910544384,0.1561122038261203,41.03234056156427,6.405649113209704,1,0,0,0.2581988897471611,1,0,0,0,0,0,0.03333333333333333,0.0011111111111111111
Agarwal & Winkler (1985),1985,1,enrollment,tuition,-1.864,0.769,2,17,15,30,1954,1973,1963.5,20,2.995732273553991,105,0,OLS,0,0,0,0,0,1,0,0,USA,1,1,1,7.593374,4.663439,-2.423927178153446,-0.5305202020921178,0.21886804474723098,20.875422964990925,4.568963007619008,1,0,0,0.2581988897471611,1,0,0,0,0,0,0.03333333333333333,0.0011111111111111111
Agarwal & Winkler (1985),1985,1,enrollment,tuition,-0.167,0.213,2,17,15,30,1954,1973,1963.5,20,2.995732273553991,105,0,OLS,0,0,0,0,0,1,0,0,USA,1,1,1,7.593374,4.663439,-0.7840375586854461,-0.198412869595195,0.2530655163100391,15.614714893429436,3.9515458865397775,1,0,0,0.2581988897471611,1,0,0,0,0,0,0.03333333333333333,0.0011111111111111111
Alexander & Frey (1984),1984,2,enrollment,tuition,-0.64,0.296296296296296,3,13,10,4,1964,1976,1970.0,13,2.5649493574615367,12,0,OLS,0,1,1,0,0,0,1,0,USA,1,1,1,7.59287,2.564949,-2.1600000000000024,-0.5640321159281498,0.26112597959636535,14.66560000000001,3.829569166368459,0,1,0,0.31622776601683794,1,0,0,0,0,0,0.25,0.0625
Alexander & Frey (1984),1984,2,enrollment,tuition,-0.22,0.134969325153374,3,13,10,4,1964,1976,1970.0,13,2.5649493574615367,12,0,OLS,0,1,1,0,1,0,0,0,USA,1,1,1,7.59287,2.564949,-1.6300000000000028,-0.45816713141158505,0.28108412970035845,12.65690000000001,3.5576537212044697,0,1,0,0.31622776601683794,1,0,0,0,0,0,0.25,0.0625
Alexander & Frey (1984),1984,2,enrollment,tuition,-0.33,0.277310924369748,3,13,10,4,1964,1976,1970.0,13,2.5649493574615367,12,0,OLS,0,1,1,0,0,0,1,0,USA,1,1,1,7.59287,2.564949,-1.1899999999999995,-0.35219896811101287,0.29596551942101934,11.416099999999998,3.3787719662622986,0,1,0,0.31622776601683794,1,0,0,0,0,0,0.25,0.0625
Alexander & Frey (1984),1984,2,enrollment,tuition,-0.48,0.296296296296296,3,13,10,4,1964,1976,1970.0,13,2.5649493574615367,12,0,OLS,0,1,1,0,0,1,0,0,USA,1,1,1,7.59287,2.564949,-1.6200000000000014,-0.45594204338033384,0.2814457057903293,12.624400000000001,3.553083168179434,0,1,0,0.31622776601683794,1,0,0,0,0,0,0.25,0.0625
Allen & Shen (1999),1999,3,enrollment,tuition,-0.636,0.310243902439024,4,1802,1798,5,1959,1993,1976.0,35,3.5553480614894135,59,7,2SLS,1,1,1,0,0,1,0,0,USA,1,1,1,7.600402,4.094345,-2.0500000000000025,-0.04828942867233185,0.023555818864552096,1802.2024999999996,42.45235564724294,0,1,0,0.023583331531828913,0,0,0,0,1,0,0.2,0.04
Allen & Shen (1999),1999,3,enrollment,tuition,-1.082,0.351298701298701,6,1802,1796,5,1959,1993,1976.0,35,3.5553480614894135,59,7,2SLS,1,1,1,0,0,1,0,0,USA,1,1,1,7.600402,4.094345,-3.0800000000000027,-0.07248591172133317,0.02353438692251075,1805.4864,42.49101552093101,0,1,0,0.023596458909150436,0,0,0,0,1,0,0.2,0.04
Allen & Shen (1999),1999,3,enrollment,tuition,-1.086,0.310285714285714,5,1802,1797,5,1959,1993,1976.0,35,3.5553480614894135,59,7,2SLS,1,1,1,0,0,1,0,0,USA,1,1,1,7.600402,4.094345,-3.5000000000000036,-0.0822846362646551,0.023509896075615717,1809.2499999999998,42.53527947480773,0,1,0,0.023589892481053584,0,0,0,0,1,0,0.2,0.04
Allen & Shen (1999),1999,3,enrollment,tuition,-1.054,0.327329192546584,5,954,949,5,1975,1993,1984.0,19,2.9444389791664403,59,7,2SLS,1,1,1,0,0,1,0,0,USA,1,1,1,7.600402,4.094345,-3.219999999999999,-0.10395925701390725,0.032285483544691705,959.3684,30.97367269149721,0,1,0,0.032461373658059775,0,0,0,0,1,0,0.2,0.04
Allen & Shen (1999),1999,3,enrollment,tuition,-1.53,0.475155279503106,5,954,949,5,1975,1993,1984.0,19,2.9444389791664403,59,7,2SLS,1,1,1,0,0,1,0,0,USA,1,1,1,7.600402,4.094345,-3.2199999999999975,-0.10395925701390721,0.032285483544691705,959.3684,30.97367269149721,0,1,0,0.032461373658059775,0,0,0,0,1,0,0.2,0.04
Berger & Kostal (2002),2002,4,enrollment,tuition,-0.00631,0.00109,10,288,278,2,1990,1995,1992.5,6,1.791759469228055,0,0,2SLS,1,1,1,1,1,0,0,0,USA,1,1,1,7.601902,0.0,-5.788990825688073,-0.32799345803236873,0.05665814092793692,311.5124147799006,17.649714297401548,0,1,0,0.05997601439040672,0,0,0,0,1,0,0.5,0.25
Berger & Kostal (2002),2003,4,enrollment,tuition,-0.0003,0.00022,10,288,278,2,1990,1995,1992.5,6,1.791759469228055,0,0,2SLS,1,1,1,1,1,0,0,0,USA,1,1,1,7.601902,0.0,-1.3636363636363635,-0.08151331279981441,0.05977642938653058,279.8595041322314,16.729001886909792,0,1,0,0.05997601439040672,0,0,0,0,0,1,0.5,0.25
Bezmen & Depken (1998),1998,5,enrollment,tuition,-0.217,0.0348538387407645,13,1134,1121,3,1994,1994,1994.0,1,0.0,25,5,OLS,0,0,1,1,0,1,0,0,USA,1,1,1,7.599902,3.258096,-6.226000000000005,-0.18282032534125445,0.029364009852434033,1159.763076,34.0552943901532,0,0,1,0.029867384554474945,1,0,0,0,0,0,0.3333333333333333,0.1111111111111111
Bezmen & Depken (1998),1998,5,enrollment,tuition,0.2108,0.0411317073170732,12,1134,1122,3,1994,1994,1994.0,1,0.0,25,5,OLS,0,0,1,1,0,1,0,0,USA,1,1,1,7.599902,3.258096,5.1249999999999964,0.1512420961397187,0.029510652905310988,1148.265625,33.88606830247499,0,0,1,0.029854071701326607,1,0,0,0,1,0,0.3333333333333333,0.1111111111111111
Bezmen & Depken (1998),1998,5,enrollment,tuition,-0.0419,0.0462472406181015,13,1134,1121,3,1994,1994,1994.0,1,0.0,25,5,OLS,0,0,1,1,0,1,0,0,USA,1,1,1,7.599902,3.258096,-0.9060000000000008,-0.027049948752179264,0.02985645557635678,1121.8208359999999,33.493593954665414,0,0,1,0.029867384554474945,1,0,0,0,0,1,0.3333333333333333,0.1111111111111111
Bruckmeier et al. (2013),2013,6,enrollment,tuition,-0.56,0.179,10,344,334,4,2003,2010,2006.5,8,2.0794415416798357,2,0,OLS,0,1,1,1,1,0,0,0,Germany,4,0,1,7.607381,1.098612,-3.128491620111732,-0.16872909630678778,0.05393305042663395,343.7874598171094,18.54150640636055,0,1,0,0.054717565516458275,1,0,1,0,0,1,0.25,0.0625
Bruckmeier et al. (2013),2013,6,enrollment,tuition,-0.296,0.102,8,344,336,4,2003,2010,2006.5,8,2.0794415416798357,2,0,FE,0,1,1,1,1,0,0,0,Germany,4,0,1,7.607381,1.098612,-2.9019607843137254,-0.15636749913195835,0.053883394971147816,344.4213763936947,18.558593060727816,0,1,0,0.0545544725589981,0,1,1,0,0,1,0.25,0.0625
Bruckmeier et al. (2013),2013,6,enrollment,tuition,-0.634,0.262,10,344,334,4,2003,2010,2006.5,8,2.0794415416798357,2,0,OLS,0,1,1,1,1,0,0,0,Germany,4,0,1,7.607381,1.098612,-2.4198473282442747,-0.13126251233728603,0.05424412970405196,339.8556610920109,18.435174560931365,0,1,0,0.054717565516458275,1,0,0,1,0,1,0.25,0.0625
Bruckmeier et al. (2013),2013,6,enrollment,tuition,-0.27,0.0887,8,344,336,4,2003,2010,2006.5,8,2.0794415416798357,2,0,FE,0,1,1,1,1,0,0,0,Germany,4,0,1,7.607381,1.098612,-3.043968432919955,-0.16381867115382673,0.05381746715312752,345.2657438206132,18.58132782716599,0,1,0,0.0545544725589981,0,1,0,1,0,1,0.25,0.0625
Buss et al. (2004),2004,7,enrollment,tuition,-0.6,0.361,18,138,120,6,1988,1998,1993.0,11,2.3978952727983707,42,3,OLS,0,0,1,0,0,1,0,0,USA,1,1,1,7.602901,3.7612,-1.6620498614958448,-0.15000693798132614,0.0902541743520979,122.76240974209837,11.079819932747029,1,0,0,0.09128709291752768,1,0,0,0,1,0,0.16666666666666666,0.027777777777777776
Buss et al. (2004),2004,7,enrollment,tuition,-0.761,0.157,7,333,326,6,1988,1998,1993.0,11,2.3978952727983707,42,3,OLS,0,0,0,0,0,1,0,0,USA,1,1,1,7.602901,3.7612,-4.8471337579617835,-0.25927742433432616,0.05349087466555743,349.4947056675727,18.694777497140016,1,0,0,0.05538487756217113,1,0,0,0,1,0,0.16666666666666666,0.027777777777777776
Buss et al. (2004),2004,7,enrollment,tuition,-0.6,0.361,16,138,122,6,1988,1998,1993.0,11,2.3978952727983707,42,3,OLS,0,0,0,0,0,0,1,0,USA,1,1,1,7.602901,3.7612,-1.6620498614958448,-0.1487997396268722,0.08952784334216812,124.76240974209833,11.16970947438197,1,0,0,0.09053574604251853,1,0,0,0,1,0,0.16666666666666666,0.027777777777777776
Buss et al. (2004),2004,7,enrollment,tuition,-1.27,0.228,20,168,148,6,1988,1998,1993.0,11,2.3978952727983707,42,3,OLS,0,0,1,0,0,1,0,0,USA,1,1,1,7.602901,3.7612,-5.5701754385964914,-0.41630323285183224,0.0747379032206439,179.02685441674356,13.380091719294885,1,0,0,0.08219949365267865,1,0,0,0,1,0,0.16666666666666666,0.027777777777777776
Buss et al. (2004),2004,7,enrollment,tuition,-1.18,0.127,10,356,346,6,1988,1998,1993.0,11,2.3978952727983707,42,3,OLS,0,0,0,0,0,1,0,0,USA,1,1,1,7.602901,3.7612,-9.291338582677165,-0.4468596241550734,0.04809421378618163,432.32897265794537,20.792522036971498,1,0,0,0.053760333057047034,1,0,0,0,1,0,0.16666666666666666,0.027777777777777776
Buss et al. (2004),2004,7,enrollment,tuition,-0.069,0.0082,10,356,346,6,1988,1998,1993.0,11,2.3978952727983707,42,3,OLS,0,0,0,0,0,0,1,0,USA,1,1,1,7.602901,3.7612,-8.414634146341463,-0.4121622593089711,0.048981601830921206,416.8060678167756,20.415828854513247,1,0,0,0.053760333057047034,1,0,0,0,1,0,0.16666666666666666,0.027777777777777776
Campbell & Siegel (1967),1967,8,enrollment,tuition,-0.44,0.1506,2,450,448,1,1927,1963,1945.2222222222222,9,2.1972245773362196,293,0,OLS,0,0,1,1,0,1,0,0,USA,1,1,1,7.584265,5.68358,-2.921646746347941,-0.13673830136393697,0.046801791330474796,456.53601971044554,21.366703529333805,0,1,0,0.0472455591261534,1,0,0,0,0,1,1.0,1.0
Canton & de Jong (2002),2002,9,enrollment,tuition,-0.143,0.192,6,48,42,20,1950,1999,1974.5,50,3.912023005428146,20,4,ECM (OLS),0,1,1,0,0,1,0,0,Netherlands,5,0,0,7.601902,3.044523,-0.7447916666666666,-0.11417235718570623,0.1532943537038853,42.55471462673611,6.523397475758786,0,1,0,0.1543033499620919,1,0,1,0,0,0,0.05,0.0025
Canton & de Jong (2002),2002,9,enrollment,tuition,-0.377,0.292,6,47,41,20,1950,1999,1974.5,50,3.912023005428146,20,4,ECM (OLS),0,1,1,0,0,1,0,0,Netherlands,5,0,0,7.601902,3.044523,-1.291095890410959,-0.19765727707177558,0.15309263900519485,42.666928598236076,6.531992697350179,0,1,0,0.15617376188860607,1,0,1,0,0,0,0.05,0.0025
Canton & de Jong (2002),2002,9,enrollment,tuition,-0.228,0.131,7,48,41,20,1950,1999,1974.5,50,3.912023005428146,20,4,ECM (OLS),0,1,1,1,0,1,0,0,Netherlands,5,0,0,7.601902,3.044523,-1.7404580152671756,-0.2622969153030529,0.15070568379254354,44.029194102907766,6.63544980411334,0,1,0,0.15617376188860607,1,0,1,0,0,0,0.05,0.0025
Canton & de Jong (2002),2002,9,enrollment,tuition,-0.318,0.154,7,47,40,20,1950,1999,1974.5,50,3.912023005428146,20,4,ECM (OLS),0,1,1,1,0,1,0,0,Netherlands,5,0,0,7.601902,3.044523,-2.064935064935065,-0.3103711049581332,0.15030550365897016,44.26395682239837,6.6531163241294955,0,1,0,0.15811388300841897,1,0,1,0,0,0,0.05,0.0025
Canton & de Jong (2002),2002,9,enrollment,tuition,-0.044,0.13,7,47,40,20,1950,1999,1974.5,50,3.912023005428146,20,4,ECM (OLS),0,1,1,1,0,1,0,0,Netherlands,5,0,0,7.601902,3.044523,-0.3384615384615384,-0.05343900068554487,0.15788795657092805,40.11455621301774,6.333605309222998,0,1,0,0.15811388300841897,1,0,1,0,0,0,0.05,0.0025
Canton & de Jong (2002),2002,9,enrollment,tuition,-0.01,0.136,6,48,42,20,1950,1999,1974.5,50,3.912023005428146,20,4,ECM (OLS),0,1,1,0,0,1,0,0,Netherlands,5,0,0,7.601902,3.044523,-0.07352941176470588,-0.01134510436345406,0.15429341934297522,42.00540657439446,6.481157811255213,0,1,0,0.1543033499620919,1,0,0,1,0,0,0.05,0.0025
Canton & de Jong (2002),2002,9,enrollment,tuition,-0.076,0.159,6,47,41,20,1950,1999,1974.5,50,3.912023005428146,20,4,ECM (OLS),0,1,1,0,0,1,0,0,Netherlands,5,0,0,7.601902,3.044523,-0.4779874213836478,-0.07444196842491539,0.1557404339415993,41.228471975000986,6.42094011613572,0,1,0,0.15617376188860607,1,0,0,1,0,0,0.05,0.0025
Canton & de Jong (2002),2002,9,enrollment,tuition,-0.149,0.142,7,48,41,20,1950,1999,1974.5,50,3.912023005428146,20,4,ECM (OLS),0,1,1,1,0,1,0,0,Netherlands,5,0,0,7.601902,3.044523,-1.0492957746478875,-0.1617154846903434,0.1541181129263675,42.101021622693914,6.48853000476178,0,1,0,0.15617376188860607,1,0,0,1,0,0,0.05,0.0025
Canton & de Jong (2002),2002,9,enrollment,tuition,-0.185,0.143,7,47,40,20,1950,1999,1974.5,50,3.912023005428146,20,4,ECM (OLS),0,1,1,1,0,1,0,0,Netherlands,5,0,0,7.601902,3.044523,-1.2937062937062938,-0.20040326166765035,0.15490630496472432,41.673675974375286,6.455515159487683,0,1,0,0.15811388300841897,1,0,0,1,0,0,0.05,0.0025
Canton & de Jong (2002),2002,9,enrollment,tuition,0.026,0.121,7,47,40,20,1950,1999,1974.5,50,3.912023005428146,20,4,ECM (OLS),0,1,1,1,0,1,0,0,Netherlands,5,0,0,7.601902,3.044523,0.21487603305785125,0.03395529243041842,0.1580227070800242,40.046171709582666,6.328204461739733,0,1,0,0.15811388300841897,1,0,0,1,0,0,0.05,0.0025
Canton & de Jong (2002),2002,9,enrollment,tuition,-0.102,0.167,6,48,42,20,1950,1999,1974.5,50,3.912023005428146,20,4,ECM (OLS),0,1,1,0,0,1,0,0,Netherlands,5,0,0,7.601902,3.044523,-0.6107784431137724,-0.09382937776455498,0.1536226086929479,42.37305030657247,6.509458526373178,0,1,0,0.1543033499620919,1,0,0,0,0,0,0.05,0.0025
Canton & de Jong (2002),2002,9,enrollment,tuition,-0.294,0.247,6,47,41,20,1950,1999,1974.5,50,3.912023005428146,20,4,ECM (OLS),0,1,1,0,0,1,0,0,Netherlands,5,0,0,7.601902,3.044523,-1.1902834008097165,-0.1827601713600817,0.1535434092719054,42.416774574243135,6.512816178447165,0,1,0,0.15617376188860607,1,0,0,0,0,0,0.05,0.0025
Canton & de Jong (2002),2002,9,enrollment,tuition,-0.201,0.13,7,48,41,20,1950,1999,1974.5,50,3.912023005428146,20,4,ECM (OLS),0,1,1,1,0,1,0,0,Netherlands,5,0,0,7.601902,3.044523,-1.5461538461538462,-0.234722606288286,0.15181064088297105,43.39059171597633,6.5871535366937,0,1,0,0.15617376188860607,1,0,0,0,0,0,0.05,0.0025
Canton & de Jong (2002),2002,9,enrollment,tuition,-0.287,0.147,7,47,40,20,1950,1999,1974.5,50,3.912023005428146,20,4,ECM (OLS),0,1,1,1,0,1,0,0,Netherlands,5,0,0,7.601902,3.044523,-1.9523809523809523,-0.2949640287769784,0.1510791366906475,43.81179138321995,6.619047619047619,0,1,0,0.15811388300841897,1,0,0,0,0,0,0.05,0.0025
Canton & de Jong (2002),2002,9,enrollment,tuition,-0.016,0.128,7,47,40,20,1950,1999,1974.5,50,3.912023005428146,20,4,ECM (OLS),0,1,1,1,0,1,0,0,Netherlands,5,0,0,7.601902,3.044523,-0.125,-0.019760376304381096,0.15808301043504877,40.015624999999986,6.325790464439996,0,1,0,0.15811388300841897,1,0,0,0,0,0,0.05,0.0025
Canton & de Jong (2002),2002,9,enrollment,tuition,-0.078,0.298,6,384,378,20,1950,1999,1974.5,50,3.912023005428146,20,4,ECM (SUR),1,1,1,0,0,1,0,0,Netherlands,5,0,0,7.601902,3.044523,-0.26174496644295303,-0.013461488530730842,0.05142978951484347,378.0685104274582,19.44398391347458,0,1,0,0.05143444998736397,0,0,0,0,0,0,0.05,0.0025
Canton & de Jong (2002),2002,9,enrollment,tuition,0.06,0.154,6,384,378,20,1950,1999,1974.5,50,3.912023005428146,20,4,ECM (SUR),1,1,1,0,0,1,0,0,Netherlands,5,0,0,7.601902,3.044523,0.3896103896103896,0.02003537362618152,0.051424125640532566,378.1517962556923,19.446125481845794,0,1,0,0.05143444998736397,0,0,0,0,0,0,0.05,0.0025
Canton & de Jong (2002),2002,9,enrollment,tuition,0.093,0.224,6,384,378,20,1950,1999,1974.5,50,3.912023005428146,20,4,ECM (SUR),1,1,1,0,0,1,0,0,Netherlands,5,0,0,7.601902,3.044523,0.4151785714285714,0.021349614162612305,0.05142272658521674,378.1723732461735,19.446654551520513,0,1,0,0.05143444998736397,0,0,0,0,0,0,0.05,0.0025
Chen (2016),2016,10,enrollment,tuition,-0.3532,0.0477297297297297,2,13,11,4,2001,2013,2007.0,13,2.5649493574615367,0,0,OLS,0,0,0,0,0,1,0,0,USA,1,1,1,7.608871,0.0,-7.400000000000005,-0.9125377037839317,0.12331590591674745,65.76000000000008,8.109253973085321,1,0,0,0.30151134457776363,1,0,0,0,0,1,0.25,0.0625
Chen (2016),2016,10,enrollment,tuition,-0.9369,0.153088235294117,2,13,11,4,2001,2013,2007.0,13,2.5649493574615367,0,0,OLS,0,0,0,0,0,1,0,0,USA,1,1,1,7.608871,0.0,-6.120000000000026,-0.8791941952537593,0.14365918223100582,48.454400000000305,6.960919479494092,1,0,0,0.30151134457776363,1,0,0,0,0,1,0.25,0.0625
Chen (2016),2016,10,enrollment,tuition,-1.0999,0.201816513761467,2,13,11,4,2001,2013,2007.0,13,2.5649493574615367,0,0,OLS,0,0,0,0,0,1,0,0,USA,1,1,1,7.608871,0.0,-5.450000000000024,-0.8542519125398589,0.1567434701907991,40.70250000000027,6.379851095441042,1,0,0,0.30151134457776363,1,0,0,0,0,1,0.25,0.0625
Chen (2016),2016,10,enrollment,tuition,-1.1017,0.166168929110105,2,13,11,4,2001,2013,2007.0,13,2.5649493574615367,0,0,OLS,0,0,0,0,0,1,0,0,USA,1,1,1,7.608871,0.0,-6.630000000000022,-0.8943395047820286,0.1348928363170476,54.9569000000003,7.413292116192394,1,0,0,0.30151134457776363,1,0,0,0,0,1,0.25,0.0625
Cheslock (2001),2001,11,enrollment,tuition,-0.0396,0.0094,13,3036,3023,16,1984,1997,1990.5,14,2.6390573296152584,2,0,OLS,0,0,0,0,0,0,1,0,USA,1,1,0,7.601402,1.098612,-4.212765957446809,-0.07639715052890993,0.018134677145751343,3040.7473970122232,55.14297232660045,1,0,0,0.018187831682290802,1,0,0,0,1,0,0.0625,0.00390625
Cheslock (2001),2001,11,enrollment,tuition,-0.0967,0.0349,13,2341,2328,16,1984,1997,1990.5,14,2.6390573296152584,2,0,OLS,0,0,0,0,0,0,1,0,USA,1,1,0,7.601402,1.098612,-2.7707736389684814,-0.05733167597853358,0.02069157695605814,2335.6771865584024,48.32884425018254,1,0,0,0.020725666807241958,1,0,0,0,0,1,0.0625,0.00390625
Cheslock (2001),2001,11,enrollment,tuition,0.0276,0.0349,11,287,276,16,1984,1997,1990.5,14,2.6390573296152584,2,0,OLS,0,0,0,0,0,0,1,0,USA,1,1,0,7.601402,1.098612,0.7908309455587392,0.04754858715671566,0.06012484390468755,276.6254135844534,16.632059811834893,1,0,0,0.0601929265428846,1,0,0,0,1,0,0.0625,0.00390625
Cheslock (2001),2001,11,enrollment,tuition,-0.0396,0.0176,11,1241,1230,16,1984,1997,1990.5,14,2.6390573296152584,2,0,OLS,0,0,0,0,0,0,1,0,USA,1,1,0,7.601402,1.098612,-2.25,-0.06402329923549491,0.028454799660219958,1235.0625000000002,35.143456005350416,1,0,0,0.028513297425610054,1,0,0,0,1,0,0.0625,0.00390625
Cheslock (2001),2001,11,enrollment,tuition,-0.034,0.0121,11,1508,1497,16,1984,1997,1990.5,14,2.6390573296152584,2,0,OLS,0,0,0,0,0,0,1,0,USA,1,1,0,7.601402,1.098612,-2.8099173553719012,-0.07243364752003172,0.025777856911540695,1504.89563554402,38.79298435985584,1,0,0,0.02584574765818718,1,0,0,0,1,0,0.0625,0.00390625
Cheslock (2001),2001,11,enrollment,tuition,-0.0298,0.0775,11,622,611,16,1984,1997,1990.5,14,2.6390573296152584,2,0,OLS,0,0,0,0,0,0,1,0,USA,1,1,0,7.601402,1.098612,-0.38451612903225807,-0.015553975713396315,0.04045077576470518,611.147852653486,24.72140474676724,1,0,0,0.04045566970313674,1,0,0,0,0,1,0.0625,0.00390625
Cheslock (2001),2001,11,enrollment,tuition,-0.0049,0.0458,11,1180,1169,16,1984,1997,1990.5,14,2.6390573296152584,2,0,OLS,0,0,0,0,0,0,1,0,USA,1,1,0,7.601402,1.098612,-0.10698689956331878,-0.0031291128082982333,0.029247625840828385,1169.0114461966782,34.19080938200613,1,0,0,0.029247769028706173,1,0,0,0,0,1,0.0625,0.00390625
Cheslock (2001),2001,11,enrollment,tuition,-0.1784,0.0633,11,539,528,16,1984,1997,1990.5,14,2.6390573296152584,2,0,OLS,0,0,0,0,0,0,1,0,USA,1,1,0,7.601402,1.098612,-2.8183254344391786,-0.12173959579853437,0.04319571980968176,535.9429582544068,23.150441858729323,1,0,0,0.04351941398892446,1,0,0,0,0,1,0.0625,0.00390625
Cheslock (2001),2001,11,enrollment,tuition,-0.0426,0.0117,6,3036,3030,16,1984,1997,1990.5,14,2.6390573296152584,2,0,FE,0,0,0,0,0,0,1,0,USA,1,1,0,7.601402,1.098612,-3.641025641025641,-0.06600159299994533,0.018127198077449776,3043.2570677186063,55.16572366713416,1,0,0,0.01816681048781899,0,1,0,0,1,0,0.0625,0.00390625
Cheslock (2001),2001,11,enrollment,tuition,-0.0339,0.0184,6,2341,2335,16,1984,1997,1990.5,14,2.6390573296152584,2,0,FE,0,0,0,0,0,0,1,0,USA,1,1,0,7.601402,1.098612,-1.8423913043478262,-0.03809982610822828,0.02067955163396461,2338.394405718337,48.35694785362634,1,0,0,0.020694577179185557,0,1,0,0,0,1,0.0625,0.00390625
Cheslock (2001),2001,11,enrollment,tuition,-0.0765,0.0434,6,287,281,16,1984,1997,1990.5,14,2.6390573296152584,2,0,FE,0,0,0,0,0,0,1,0,USA,1,1,0,7.601402,1.098612,-1.7626728110599077,-0.10457568709400415,0.059327906142219354,284.1070154388498,16.85547434630215,1,0,0,0.05965499862718936,0,1,0,0,1,0,0.0625,0.00390625
Cheslock (2001),2001,11,enrollment,tuition,-0.0166,0.0218,6,1241,1235,16,1984,1997,1990.5,14,2.6390573296152584,2,0,FE,0,0,0,0,0,0,1,0,USA,1,1,0,7.601402,1.098612,-0.7614678899082569,-0.02166287974097988,0.028448842069479605,1235.5798333473613,35.150815543133014,1,0,0,0.02845551966122361,0,1,0,0,1,0,0.0625,0.00390625
Cheslock (2001),2001,11,enrollment,tuition,-0.0438,0.0167,6,1508,1502,16,1984,1997,1990.5,14,2.6390573296152584,2,0,FE,0,0,0,0,0,0,1,0,USA,1,1,0,7.601402,1.098612,-2.622754491017964,-0.06751969240001898,0.02574380965936797,1508.878841120155,38.84428968484499,1,0,0,0.025802692909555395,0,1,0,0,1,0,0.0625,0.00390625
Cheslock (2001),2001,11,enrollment,tuition,-0.0894,0.0696,6,622,616,16,1984,1997,1990.5,14,2.6390573296152584,2,0,FE,0,0,0,0,0,0,1,0,USA,1,1,0,7.601402,1.098612,-1.2844827586206897,-0.051684116040767,0.04023729839415417,617.6498959571938,24.85256316674789,1,0,0,0.040291148201269014,0,1,0,0,0,1,0.0625,0.00390625
Cheslock (2001),2001,11,enrollment,tuition,-0.0545,0.0266,6,1180,1174,16,1984,1997,1990.5,14,2.6390573296152584,2,0,FE,0,0,0,0,0,0,1,0,USA,1,1,0,7.601402,1.098612,-2.048872180451128,-0.059690572967110694,0.02913338056743384,1178.1978772118268,34.324887140554836,1,0,0,0.02918542027088895,0,1,0,0,0,1,0.0625,0.00390625
Cheslock (2001),2001,11,enrollment,tuition,0.0305,0.0267,6,539,533,16,1984,1997,1990.5,14,2.6390573296152584,2,0,FE,0,0,0,0,0,0,1,0,USA,1,1,0,7.601402,1.098612,1.142322097378277,0.049419005281307826,0.043261883311833414,534.3048997741587,23.115036226970503,1,0,0,0.043314808182421,0,1,0,0,0,1,0.0625,0.00390625
Chressanthis (1986),1986,12,enrollment,tuition,-1.74,0.710204081632653,6,37,31,6,1964,1983,1973.5,20,2.995732273553991,17,4,OLS,0,0,1,0,0,1,0,0,USA,1,1,1,7.593878,2.890372,-2.45,-0.40276391223903674,0.16439343356695377,37.00249999999999,6.082968025561206,0,1,0,0.1796053020267749,1,0,0,0,0,0,0.16666666666666666,0.027777777777777776
Chressanthis (1986),1986,12,enrollment,tuition,-0.592,0.769830949284785,6,26,20,6,1964,1983,1973.5,20,2.995732273553991,17,4,OLS,0,1,1,0,0,1,0,0,USA,1,1,1,7.593878,2.890372,-0.7690000000000003,-0.1694664818475356,0.22037253816324515,20.591361000000003,4.537770487805658,0,1,0,0.22360679774997896,1,0,0,0,0,0,0.16666666666666666,0.027777777777777776
Chressanthis (1986),1986,12,enrollment,tuition,-0.64,0.232727272727272,6,37,31,6,1964,1983,1973.5,20,2.995732273553991,17,4,OLS,0,0,1,0,0,1,0,0,USA,1,1,1,7.593878,2.890372,-2.7500000000000084,-0.44284332522566217,0.16103393644569483,38.56250000000004,6.209871174187113,0,1,0,0.1796053020267749,1,0,0,0,0,0,0.16666666666666666,0.027777777777777776
Chressanthis (1986),1986,12,enrollment,tuition,0.452,0.129885057471264,7,35,28,6,1964,1983,1973.5,20,2.995732273553991,17,4,OLS,0,0,1,0,0,1,0,0,USA,1,1,1,7.593878,2.890372,3.48000000000001,0.5494785549561482,0.15789613648165132,40.11040000000007,6.333277192733638,0,1,0,0.1889822365046136,1,0,0,0,0,0,0.16666666666666666,0.027777777777777776
Chressanthis (1986),1986,12,enrollment,tuition,0.44,0.129793510324483,8,35,27,6,1964,1983,1973.5,20,2.995732273553991,17,4,OLS,0,0,1,0,0,1,0,0,USA,1,1,1,7.593878,2.890372,3.3900000000000206,0.546404032119756,0.16118113041880608,38.49210000000014,6.204200190193748,0,1,0,0.19245008972987526,1,0,0,0,0,0,0.16666666666666666,0.027777777777777776
Chressanthis (1986),1986,12,enrollment,tuition,-0.589,0.167329545454545,6,35,29,6,1964,1983,1973.5,20,2.995732273553991,17,4,OLS,0,0,1,0,0,1,0,0,USA,1,1,1,7.593878,2.890372,-3.5200000000000093,-0.5471329268805109,0.1554354905910538,41.390400000000064,6.433537129759963,0,1,0,0.18569533817705186,1,0,0,0,0,0,0.16666666666666666,0.027777777777777776
Coelli (2009),2009,13,enrollment,tuition,-0.012,0.037,3,2606,2603,4,1993,2003,1998.0,11,2.3978952727983707,50,6,OLS,1,0,0,0,0,1,0,0,Canada,3,0,1,7.605392,3.931826,-0.32432432432432434,-0.006356728506385074,0.01959991289468731,2603.1051862673494,51.020634906548835,0,1,0,0.019600308903302492,1,0,0,0,0,1,0.25,0.0625
Coelli (2009),2009,13,enrollment,tuition,-0.01,0.033,5,2606,2601,4,1993,2003,1998.0,11,2.3978952727983707,50,6,OLS,1,0,0,0,0,1,0,0,Canada,3,0,1,7.605392,3.931826,-0.30303030303030304,-0.005941665764397969,0.0196074970225133,2601.0918273645543,51.00090026033417,0,1,0,0.0196078431372549,1,0,0,0,0,1,0.25,0.0625
Coelli (2009),2009,13,enrollment,tuition,-0.011,0.039,17,2606,2589,4,1993,2003,1998.0,11,2.3978952727983707,50,6,OLS,1,0,0,0,0,1,0,0,Canada,3,0,1,7.605392,3.931826,-0.28205128205128205,-0.005543134042080238,0.019652929785557206,2589.0795529257066,50.88299866287075,0,1,0,0.019653231723767556,1,0,0,0,0,1,0.25,0.0625
Coelli (2009),2009,13,enrollment,tuition,-0.004,0.033,19,2606,2587,4,1993,2003,1998.0,11,2.3978952727983707,50,6,OLS,1,0,0,0,0,1,0,0,Canada,3,0,1,7.605392,3.931826,-0.12121212121212122,-0.0023831237995374415,0.01966077134618389,2587.014692378328,50.86270433606857,0,1,0,0.01966082717592504,1,0,0,0,0,1,0.25,0.0625
Craft et al. (2012),2012,14,enrollment,tuition,0.019,0.008,22,299,277,5,1979,2002,1990.5,23,3.1354942159291497,0,0,OLS,0,1,1,0,0,0,1,0,USA,1,1,0,7.606884,0.0,2.375,0.14126882130089874,0.05948160896879947,282.640625,16.811919134947086,0,1,0,0.06008417681261097,1,0,0,0,0,1,0.2,0.04
Craft et al. (2012),2012,14,enrollment,tuition,0.026,0.007,22,299,277,5,1979,2002,1990.5,23,3.1354942159291497,0,0,OLS,0,1,1,0,0,0,1,0,USA,1,1,0,7.606884,0.0,3.714285714285714,0.21781167496067647,0.05864160479710521,290.7959183673469,17.052739321509225,0,1,0,0.06008417681261097,1,0,0,0,0,1,0.2,0.04
Craft et al. (2012),2012,14,enrollment,tuition,-0.003,0.007,22,299,277,5,1979,2002,1990.5,23,3.1354942159291497,0,0,OLS,0,1,1,0,0,0,1,0,USA,1,1,0,7.606884,0.0,-0.42857142857142855,-0.02574182844523142,0.060064266372206646,277.18367346938777,16.648833997292055,0,1,0,0.06008417681261097,1,0,0,0,0,1,0.2,0.04
Craft et al. (2012),2012,14,enrollment,tuition,-0.004,0.011,22,299,277,5,1979,2002,1990.5,23,3.1354942159291497,0,0,OLS,0,1,1,0,0,0,1,0,USA,1,1,0,7.606884,0.0,-0.36363636363636365,-0.021843578459121576,0.060069840762584335,277.1322314049587,16.647289010675543,0,1,0,0.06008417681261097,1,0,0,0,0,1,0.2,0.04
Craft et al. (2012),2012,14,enrollment,tuition,0.012,0.013,22,299,277,5,1979,2002,1990.5,23,3.1354942159291497,0,0,OLS,0,1,1,0,0,0,1,0,USA,1,1,0,7.606884,0.0,0.9230769230769231,0.0553772104066004,0.05999197794048377,277.85207100591714,16.668895314504713,0,1,0,0.06008417681261097,1,0,0,0,0,1,0.2,0.04
Dearden et al. (2011),2011,15,enrollment,tuition,-0.039,0.015,15,2802,2787,5,1992,2007,1999.5,16,2.772588722239781,41,0,FE,0,1,1,0,1,0,0,0,UK,2,0,0,7.606388,3.73767,-2.6,-0.04919022402728547,0.018919316933571333,2793.7600000000007,52.85603087633426,0,1,0,0.018942247884916413,0,1,0,0,0,0,0.2,0.04
Dearden et al. (2011),2011,15,enrollment,tuition,-0.0378,0.015,15,2802,2787,5,1992,2007,1999.5,16,2.772588722239781,41,0,FE,0,1,1,0,1,0,0,0,UK,2,0,0,7.606388,3.73767,-2.52,-0.04768017405430275,0.018920703989802678,2793.3504000000003,52.852156058196904,0,1,0,0.018942247884916413,0,1,0,0,0,0,0.2,0.04
Dearden et al. (2011),2011,15,enrollment,tuition,-0.0412,0.025,15,2444,2429,5,1992,2007,1999.5,16,2.772588722239781,41,0,FE,0,1,1,0,1,0,0,0,UK,2,0,0,7.606388,3.73767,-1.648,-0.03341956477636714,0.020278862121582007,2431.7159039999997,49.31243153607414,0,1,0,0.020290196015399928,0,1,0,0,0,0,0.2,0.04
Dearden et al. (2011),2011,15,enrollment,tuition,-0.0376,0.015,15,2629,2614,5,1992,2007,1999.5,16,2.772588722239781,41,0,FE,0,1,1,0,1,0,0,0,UK,2,0,0,7.606388,3.73767,-2.506666666666667,-0.04896913751758418,0.019535560179887303,2620.283377777778,51.18870361493615,0,1,0,0.01955902529634922,0,1,0,0,0,0,0.2,0.04
Dearden et al. (2011),2011,15,enrollment,tuition,-0.0323,0.018,15,2268,2253,5,1992,2007,1999.5,16,2.772588722239781,41,0,FE,0,1,1,0,1,0,0,0,UK,2,0,0,7.606388,3.73767,-1.7944444444444447,-0.03777802867608944,0.02105277139843993,2256.2200308641977,47.499684534365045,0,1,0,0.02106781053938006,0,1,0,0,0,0,0.2,0.04
Doyle & Cicarelli (1980),1980,16,enrollment,tuition,-0.1696,0.139016393442623,4,40,36,1,1973,1973,1973.0,1,0.0,8,0,OLS,0,0,1,1,0,1,0,0,USA,1,1,1,7.590852,2.197225,-1.2199999999999995,-0.1992559863892407,0.1633245790075744,37.48839999999999,6.122777147667551,0,0,1,0.16666666666666666,1,0,0,0,0,1,1.0,1.0
Elliott & Soo (2013),2013,17,enrollment,tuition,-0.102,0.029,10,488,478,3,2004,2010,2007.0,7,1.9459101490553132,5,0,3SLS,1,0,0,1,0,0,1,0,Multinational,6,0,1,7.607381,1.791759,-3.5172413793103443,-0.15883265312363948,0.045158303339073974,490.3709869203328,22.144321776029468,0,1,0,0.045738935374634825,0,0,0,0,0,0,0.3333333333333333,0.1111111111111111
Elliott & Soo (2013),2013,17,enrollment,tuition,-0.14,0.018,13,551,538,3,2001,2010,2005.5,10,2.302585092994046,5,0,3SLS,1,0,0,0,0,0,1,0,Multinational,6,0,1,7.607381,1.791759,-7.7777777777777795,-0.31792574147867403,0.04087616676154379,598.493827160494,24.46413348476692,0,1,0,0.04311306135592269,0,0,0,0,0,0,0.3333333333333333,0.1111111111111111
Elliott & Soo (2013),2013,17,enrollment,tuition,-0.165,0.037,10,582,572,3,2006,2010,2008.0,5,1.6094379124341003,5,0,3SLS,1,0,0,1,0,0,1,0,Multinational,6,0,1,7.607381,1.791759,-4.45945945945946,-0.18330018389016944,0.04110367759961375,591.8867786705625,24.328723325948744,0,1,0,0.04181210050035454,0,0,0,0,0,0,0.3333333333333333,0.1111111111111111
Grubb (1988),1988,18,enrollment,tuition,-1.68,0.494117647058823,16,48,32,21,1979,1979,1979.0,1,0.0,36,0,OLS,0,0,0,1,1,0,0,0,USA,1,1,1,7.594884,3.610918,-3.4000000000000035,-0.5151515151515156,0.1515151515151515,43.56000000000002,6.600000000000001,0,0,1,0.17677669529663687,1,0,0,0,0,0,0.047619047619047616,0.0022675736961451248
Grubb (1988),1988,18,enrollment,tuition,-1.69,0.453083109919571,7,48,41,21,1979,1979,1979.0,1,0.0,36,0,OLS,0,0,0,1,1,0,0,0,USA,1,1,1,7.594884,3.610918,-3.73,-0.5033518184391016,0.13494686821423635,54.91290000000002,7.410323879561542,0,0,1,0.15617376188860607,1,0,0,0,0,0,0.047619047619047616,0.0022675736961451248
Grubb (1988),1988,18,enrollment,tuition,-1.39,0.393767705382436,9,48,39,21,1979,1979,1979.0,1,0.0,36,0,OLS,0,0,0,1,1,0,0,0,USA,1,1,1,7.594884,3.610918,-3.530000000000002,-0.49208034299014214,0.13939953059210816,51.460900000000024,7.173625303847422,0,0,1,0.16012815380508713,1,0,0,0,0,0,0.047619047619047616,0.0022675736961451248
Grubb (1988),1988,18,enrollment,tuition,-0.296,0.983388704318936,16,48,32,21,1979,1979,1979.0,1,0.0,36,0,OLS,0,0,0,1,1,0,0,0,USA,1,1,1,7.594884,3.610918,-0.30100000000000027,-0.05313461892581198,0.1765269731754549,32.090601,5.664856661911226,0,0,1,0.17677669529663687,1,0,0,0,0,1,0.047619047619047616,0.0022675736961451248
Grubb (1988),1988,18,enrollment,tuition,0.301,0.113157894736842,16,48,32,21,1979,1979,1979.0,1,0.0,36,0,OLS,0,0,0,1,1,0,0,0,USA,1,1,1,7.594884,3.610918,2.6600000000000024,0.42552865333661166,0.15997317794609447,39.07560000000001,6.251047912150411,0,0,1,0.17677669529663687,1,0,0,0,1,0,0.047619047619047616,0.0022675736961451248
Grubb (1988),1988,18,enrollment,tuition,0.213,0.079182156133829,7,48,41,21,1979,1979,1979.0,1,0.0,36,0,OLS,0,0,0,1,1,0,0,0,USA,1,1,1,7.594884,3.610918,2.69,0.3873166675760958,0.1439838912922289,48.2361,6.945221378761083,0,0,1,0.15617376188860607,1,0,0,0,1,0,0.047619047619047616,0.0022675736961451248
Grubb (1988),1988,18,enrollment,tuition,0.094,0.0740157480314961,9,48,39,21,1979,1979,1979.0,1,0.0,36,0,OLS,0,0,0,1,1,0,0,0,USA,1,1,1,7.594884,3.610918,1.2699999999999994,0.1992836734484194,0.15691627830584212,40.61290000000001,6.372825119207337,0,0,1,0.16012815380508713,1,0,0,0,1,0,0.047619047619047616,0.0022675736961451248
Grubb (1988),1988,18,enrollment,tuition,-1.64,0.440860215053763,7,47,40,21,1979,1979,1979.0,1,0.0,36,0,Zenner estimates,1,0,0,1,1,0,0,0,USA,1,1,1,7.594884,3.610918,-3.7200000000000037,-0.5069870514206274,0.1362868417797384,53.838400000000036,7.337465502474273,0,0,1,0.15811388300841897,0,0,0,0,0,0,0.047619047619047616,0.0022675736961451248
Grubb (1988),1988,18,enrollment,tuition,-1.37,0.38375350140056,9,47,38,21,1979,1979,1979.0,1,0.0,36,0,Zenner estimates,1,0,0,1,1,0,0,0,USA,1,1,1,7.594884,3.610918,-3.570000000000002,-0.5011549399461652,0.14037953499892575,50.744900000000015,7.123545465566989,0,0,1,0.16222142113076254,0,0,0,0,0,0,0.047619047619047616,0.0022675736961451248
Grubb (1988),1988,18,enrollment,tuition,0.224,0.0783216783216783,7,47,40,21,1979,1979,1979.0,1,0.0,36,0,Zenner estimates,1,0,0,1,1,0,0,0,USA,1,1,1,7.594884,3.610918,2.8600000000000008,0.4120353127924274,0.14406829118616338,48.179600000000015,6.941152642032878,0,0,1,0.15811388300841897,0,0,0,0,1,0,0.047619047619047616,0.0022675736961451248
Grubb (1988),1988,18,enrollment,tuition,0.113,0.0729032258064516,9,47,38,21,1979,1979,1979.0,1,0.0,36,0,Zenner estimates,1,0,0,1,1,0,0,0,USA,1,1,1,7.594884,3.610918,1.5500000000000003,0.2438527056860687,0.15732432624907655,40.40250000000001,6.356296091278317,0,0,1,0.16222142113076254,0,0,0,0,1,0,0.047619047619047616,0.0022675736961451248
Grubb (1988),1988,18,enrollment,tuition,-1.65,0.431937172774869,7,47,40,21,1979,1979,1979.0,1,0.0,36,0,2SLS,1,0,0,1,1,0,0,0,USA,1,1,1,7.594884,3.610918,-3.8200000000000007,-0.5170080071670058,0.13534241025314286,54.592400000000005,7.388666997503678,0,0,1,0.15811388300841897,0,0,0,0,0,0,0.047619047619047616,0.0022675736961451248
Grubb (1988),1988,18,enrollment,tuition,-1.3,0.349462365591398,9,47,38,21,1979,1979,1979.0,1,0.0,36,0,2SLS,1,0,0,1,1,0,0,0,USA,1,1,1,7.594884,3.610918,-3.719999999999999,-0.5166746401022662,0.13889103228555547,51.83839999999997,7.199888888031535,0,0,1,0.16222142113076254,0,0,0,0,0,0,0.047619047619047616,0.0022675736961451248
Grubb (1988),1988,18,enrollment,tuition,0.237,0.0762057877813505,7,47,40,21,1979,1979,1979.0,1,0.0,36,0,2SLS,1,0,0,1,1,0,0,0,USA,1,1,1,7.594884,3.610918,3.1099999999999994,0.4412697213558741,0.141887370210892,49.672100000000015,7.047843641852451,0,0,1,0.15811388300841897,0,0,0,0,1,0,0.047619047619047616,0.0022675736961451248
Grubb (1988),1988,18,enrollment,tuition,0.139,0.0674757281553398,9,47,38,21,1979,1979,1979.0,1,0.0,36,0,2SLS,1,0,0,1,1,0,0,0,USA,1,1,1,7.594884,3.610918,2.0600000000000005,0.3169470832917913,0.1538578074231996,42.24360000000001,6.499507673662676,0,0,1,0.16222142113076254,0,0,0,0,1,0,0.047619047619047616,0.0022675736961451248
Grubb (1988),1988,18,enrollment,tuition,0.024,0.0444444444444444,16,48,32,21,1979,1979,1979.0,1,0.0,36,0,OLS,0,0,0,1,1,0,0,0,USA,1,1,1,7.594884,3.610918,0.5400000000000006,0.0950274286267172,0.17597671967910575,32.2916,5.682569841189812,0,0,1,0.17677669529663687,1,0,0,0,0,0,0.047619047619047616,0.0022675736961451248
Grubb (1988),1988,18,enrollment,tuition,-0.037,0.0493333333333333,16,48,32,21,1980,1980,1980.0,1,0.0,36,0,OLS,0,0,0,1,1,0,0,0,USA,1,1,1,7.594884,3.610918,-0.7500000000000004,-0.13143238630149714,0.17524318173532943,32.56249999999999,5.7063561052566625,0,0,1,0.17677669529663687,1,0,0,0,0,1,0.047619047619047616,0.0022675736961451248
Grubb (1988),1988,18,enrollment,tuition,0.017,0.0104938271604938,16,48,32,21,1980,1980,1980.0,1,0.0,36,0,OLS,0,0,0,1,1,0,0,0,USA,1,1,1,7.594884,3.610918,1.6200000000000043,0.2753112044312033,0.16994518792049543,34.624400000000016,5.8842501646344045,0,0,1,0.17677669529663687,1,0,0,0,1,0,0.047619047619047616,0.0022675736961451248
Grubb (1988),1988,18,enrollment,tuition,0.015,0.0076923076923077,9,48,39,21,1980,1980,1980.0,1,0.0,36,0,OLS,0,0,0,1,1,0,0,0,USA,1,1,1,7.594884,3.610918,1.949999999999998,0.29805749242840807,0.15284999611713251,42.80249999999999,6.542361958803562,0,0,1,0.16012815380508713,1,0,0,0,1,0,0.047619047619047616,0.0022675736961451248
Grubb (1988),1988,18,enrollment,tuition,0.0066,0.0069473684210526,10,48,38,21,1980,1980,1980.0,1,0.0,36,0,OLS,0,0,0,1,1,0,0,0,USA,1,1,1,7.594884,3.610918,0.9500000000000044,0.15231225557722994,0.16032869008129394,38.902499999999996,6.237186865887537,0,0,1,0.16222142113076254,1,0,0,0,1,0,0.047619047619047616,0.0022675736961451248
Grubb (1988),1988,18,enrollment,tuition,0.003,0.0042857142857143,11,48,37,21,1980,1980,1980.0,1,0.0,36,0,OLS,0,0,0,1,1,0,0,0,USA,1,1,1,7.594884,3.610918,0.6999999999999977,0.11432476564832338,0.16332109378331963,37.49,6.122907805936653,0,0,1,0.1643989873053573,1,0,0,0,1,0,0.047619047619047616,0.0022675736961451248
Hemelt & Marcotte (2011),2011,19,enrollment,tuition,-0.0958,0.0312,8,7075,7067,105,1991,2006,1998.5,16,2.772588722239781,59,0,FE,0,1,1,0,0,1,0,0,USA,1,1,0,7.606388,4.094345,-3.0705128205128207,-0.036500924749938164,0.011887566306869213,7076.428048980935,84.12150764805,0,1,0,0.011895493234994774,0,1,0,0,0,0,0.009523809523809525,9.070294784580499e-05
Hemelt & Marcotte (2011),2011,19,enrollment,tuition,0.0091,0.0326,8,7075,7067,105,1991,2006,1998.5,16,2.772588722239781,59,0,FE,0,1,1,0,0,1,0,0,USA,1,1,0,7.606388,4.094345,0.2791411042944786,0.003320502812094012,0.011895427656512613,7067.077919756107,84.06591413739642,0,1,0,0.011895493234994774,0,1,0,0,1,0,0.009523809523809525,9.070294784580499e-05
Hemelt & Marcotte (2011),2011,19,enrollment,tuition,0.0093,0.028,8,7075,7067,105,1991,2006,1998.5,16,2.772588722239781,59,0,FE,0,1,1,0,0,1,0,0,USA,1,1,0,7.606388,4.094345,0.33214285714285713,0.0039509722721357355,0.01189540038922587,7067.110318877551,84.06610683787821,0,1,0,0.011895493234994774,0,1,0,0,0,1,0.009523809523809525,9.070294784580499e-05
Hemelt & Marcotte (2011),2011,19,enrollment,tuition,-0.1089,0.0339,8,7188,7180,105,1991,2006,1998.5,16,2.772588722239781,59,0,FE,0,1,1,0,0,1,0,0,USA,1,1,0,7.606388,4.094345,-3.2123893805309733,-0.03788384830275261,0.011793043686531805,7190.319445532146,84.79575134127975,0,1,0,0.011801515411874575,0,1,0,0,0,0,0.009523809523809525,9.070294784580499e-05
Hemelt & Marcotte (2011),2011,19,enrollment,tuition,0.0335,0.0437,8,7188,7180,105,1991,2006,1998.5,16,2.772588722239781,59,0,FE,0,1,1,0,0,1,0,0,USA,1,1,0,7.606388,4.094345,0.7665903890160183,0.009046558081723098,0.011801032482725356,7180.5876608245335,84.73834823044719,0,1,0,0.011801515411874575,0,1,0,0,1,0,0.009523809523809525,9.070294784580499e-05
Hemelt & Marcotte (2011),2011,19,enrollment,tuition,0.0002,0.0342,8,7188,7180,105,1991,2006,1998.5,16,2.772588722239781,59,0,FE,0,1,1,0,0,1,0,0,USA,1,1,0,7.606388,4.094345,0.005847953216374269,6.901470984660284e-05,0.011801515383769086,7180.000034198557,84.73488085905684,0,1,0,0.011801515411874575,0,1,0,0,0,1,0.009523809523809525,9.070294784580499e-05
Hemelt & Marcotte (2011),2011,19,enrollment,tuition,-0.1147,0.0964,8,3831,3823,105,1999,2006,2002.5,8,2.0794415416798357,59,0,FE,0,1,1,1,0,1,0,0,USA,1,1,0,7.606388,4.094345,-1.1898340248962656,-0.01923994550081136,0.016170276776619138,3824.4157050068,61.841860458808966,0,1,0,0.01617327052797354,0,1,0,0,0,0,0.009523809523809525,9.070294784580499e-05
Hemelt & Marcotte (2011),2011,19,enrollment,tuition,0.1376,0.1162,8,3831,3823,105,1999,2006,2002.5,8,2.0794415416798357,59,0,FE,0,1,1,1,0,1,0,0,USA,1,1,0,7.606388,4.094345,1.1841652323580034,0.01914831324693984,0.016170305227430303,3824.4022472975253,61.841751651271366,0,1,0,0.01617327052797354,0,1,0,0,1,0,0.009523809523809525,9.070294784580499e-05
Hemelt & Marcotte (2011),2011,19,enrollment,tuition,0.0391,0.0676,8,3831,3823,105,1999,2006,2002.5,8,2.0794415416798357,59,0,FE,0,1,1,1,0,1,0,0,USA,1,1,0,7.606388,4.094345,0.5784023668639054,0.009354248668865462,0.016172562915992457,3823.3345492979947,61.833118547409484,0,1,0,0.01617327052797354,0,1,0,0,0,1,0.009523809523809525,9.070294784580499e-05
Hemelt & Marcotte (2011),2011,19,enrollment,tuition,-0.2142,0.0663,8,1343,1335,105,1991,2006,1998.5,16,2.772588722239781,59,0,FE,0,1,1,0,0,1,0,0,USA,1,1,0,7.606388,4.094345,-3.230769230769231,-0.08807935270038489,0.02726265678821437,1345.437869822485,36.68021087483665,0,1,0,0.027369027575198667,0,1,0,0,0,0,0.009523809523809525,9.070294784580499e-05
Hemelt & Marcotte (2011),2011,19,enrollment,tuition,0.0976,0.0379,8,1343,1335,105,1991,2006,1998.5,16,2.772588722239781,59,0,FE,0,1,1,0,0,1,0,0,USA,1,1,0,7.606388,4.094345,2.575197889182058,0.07030625437266723,0.0273013016467632,1341.6316441684478,36.628290216285656,0,1,0,0.027369027575198667,0,1,0,0,1,0,0.009523809523809525,9.070294784580499e-05
Hemelt & Marcotte (2011),2011,19,enrollment,tuition,0.0333,0.0463,8,1343,1335,105,1991,2006,1998.5,16,2.772588722239781,59,0,FE,0,1,1,0,0,1,0,0,USA,1,1,0,7.606388,4.094345,0.7192224622030238,0.019680606884986514,0.027363726689936203,1335.5172809501375,36.54472986560631,0,1,0,0.027369027575198667,0,1,0,0,0,1,0.009523809523809525,9.070294784580499e-05
Hemelt & Marcotte (2011),2011,19,enrollment,tuition,-0.1763,0.0644,8,1358,1350,105,1991,2006,1998.5,16,2.772588722239781,59,0,FE,0,1,1,0,0,1,0,0,USA,1,1,0,7.606388,4.094345,-2.737577639751553,-0.074301474539652,0.027141321386010143,1357.4943313336676,36.84418992641401,0,1,0,0.027216552697590865,0,1,0,0,0,0,0.009523809523809525,9.070294784580499e-05
Hemelt & Marcotte (2011),2011,19,enrollment,tuition,0.0149,0.0445,8,1358,1350,105,1991,2006,1998.5,16,2.772588722239781,59,0,FE,0,1,1,0,0,1,0,0,USA,1,1,0,7.606388,4.094345,0.3348314606741573,0.009112579720433424,0.02721542265498573,1350.1121121070569,36.743871762609025,0,1,0,0.027216552697590865,0,1,0,0,1,0,0.009523809523809525,9.070294784580499e-05
Hemelt & Marcotte (2011),2011,19,enrollment,tuition,0.0164,0.0537,8,1358,1350,105,1991,2006,1998.5,16,2.772588722239781,59,0,FE,0,1,1,0,0,1,0,0,USA,1,1,0,7.606388,4.094345,0.3054003724394786,0.008311658215592028,0.02721561257178609,1350.0932693874856,36.743615355425845,0,1,0,0.027216552697590865,0,1,0,0,0,1,0.009523809523809525,9.070294784580499e-05
Hemelt & Marcotte (2011),2011,19,enrollment,tuition,-0.2299,0.1606,8,741,733,105,1999,2006,2002.5,8,2.0794415416798357,59,0,FE,0,1,1,1,0,1,0,0,USA,1,1,0,7.606388,4.094345,-1.4315068493150684,-0.05280015800873143,0.036884320905621,735.0492118596362,27.11179101165462,0,1,0,0.036935842757655886,0,1,0,0,0,0,0.009523809523809525,9.070294784580499e-05
Hemelt & Marcotte (2011),2011,19,enrollment,tuition,-0.0268,0.1143,8,741,733,105,1999,2006,2002.5,8,2.0794415416798357,59,0,FE,0,1,1,1,0,1,0,0,USA,1,1,0,7.606388,4.094345,-0.23447069116360456,-0.00866004782550302,0.0369344577035446,733.0549765050147,27.074988024097344,0,1,0,0.036935842757655886,0,1,0,0,1,0,0.009523809523809525,9.070294784580499e-05
Hemelt & Marcotte (2011),2011,19,enrollment,tuition,-0.0402,0.1393,8,741,733,105,1999,2006,2002.5,8,2.0794415416798357,59,0,FE,0,1,1,1,0,1,0,0,USA,1,1,0,7.606388,4.094345,-0.2885857860732232,-0.010658553733644873,0.03693374465414754,733.0832817559236,27.075510738597778,0,1,0,0.036935842757655886,0,1,0,0,0,1,0.009523809523809525,9.070294784580499e-05
Hemelt & Marcotte (2011),2011,19,enrollment,tuition,-0.1381,0.0686,8,832,824,105,1991,2006,1998.5,16,2.772588722239781,59,0,FE,0,1,1,0,0,1,0,0,USA,1,1,0,7.606388,4.094345,-2.013119533527697,-0.06995851579337638,0.03475129749040999,828.0526502562707,28.775903986778083,0,1,0,0.034836650714580884,0,1,0,0,0,0,0.009523809523809525,9.070294784580499e-05
Hemelt & Marcotte (2011),2011,19,enrollment,tuition,-0.0274,0.0809,8,832,824,105,1991,2006,1998.5,16,2.772588722239781,59,0,FE,0,1,1,0,0,1,0,0,USA,1,1,0,7.606388,4.094345,-0.33868974042027195,-0.01179799500459727,0.03483422612671238,824.1147107402661,28.70739818827659,0,1,0,0.034836650714580884,0,1,0,0,1,0,0.009523809523809525,9.070294784580499e-05
Hemelt & Marcotte (2011),2011,19,enrollment,tuition,-0.0327,0.066,8,832,824,105,1991,2006,1998.5,16,2.772588722239781,59,0,FE,0,1,1,0,0,1,0,0,USA,1,1,0,7.606388,4.094345,-0.4954545454545454,-0.01725740658694693,0.03483146283603968,824.2454752066117,28.70967563743296,0,1,0,0.034836650714580884,0,1,0,0,0,1,0.009523809523809525,9.070294784580499e-05
Hemelt & Marcotte (2011),2011,19,enrollment,tuition,-0.1986,0.1052,8,848,840,105,1991,2006,1998.5,16,2.772588722239781,59,0,FE,0,1,1,0,0,1,0,0,USA,1,1,0,7.606388,4.094345,-1.8878326996197718,-0.06499867568102269,0.034430315617540716,843.5639123017536,29.044171744116817,0,1,0,0.03450327796711771,0,1,0,0,0,0,0.009523809523809525,9.070294784580499e-05
Hemelt & Marcotte (2011),2011,19,enrollment,tuition,0.0518,0.1187,8,848,840,105,1991,2006,1998.5,16,2.772588722239781,59,0,FE,0,1,1,0,0,1,0,0,USA,1,1,0,7.606388,4.094345,0.43639427127211455,0.01505532631326063,0.034499367439846274,840.1904399599991,28.98603870762611,0,1,0,0.03450327796711771,0,1,0,0,1,0,0.009523809523809525,9.070294784580499e-05
Hemelt & Marcotte (2011),2011,19,enrollment,tuition,0.0013,0.0817,8,848,840,105,1991,2006,1998.5,16,2.772588722239781,59,0,FE,0,1,1,0,0,1,0,0,USA,1,1,0,7.606388,4.094345,0.01591187270501836,0.0005490116841787659,0.03450327276723475,840.000253187693,28.98275786028122,0,1,0,0.03450327796711771,0,1,0,0,0,1,0.009523809523809525,9.070294784580499e-05
Hemelt & Marcotte (2011),2011,19,enrollment,tuition,-0.0365,0.186,8,463,455,105,1999,2006,2002.5,8,2.0794415416798357,59,0,FE,0,1,1,1,0,1,0,0,USA,1,1,0,7.606388,4.094345,-0.19623655913978494,-0.009199322507222036,0.0468787393518712,455.0385087871429,21.33163164849663,0,1,0,0.04688072309384954,0,1,0,0,0,0,0.009523809523809525,9.070294784580499e-05
Hemelt & Marcotte (2011),2011,19,enrollment,tuition,0.0476,0.1848,8,463,455,105,1999,2006,2002.5,8,2.0794415416798357,59,0,FE,0,1,1,1,0,1,0,0,USA,1,1,0,7.606388,4.094345,0.2575757575757576,0.01207445748752865,0.0468773055398171,455.0663452708907,21.332284108151445,0,1,0,0.04688072309384954,0,1,0,0,1,0,0.009523809523809525,9.070294784580499e-05
Hemelt & Marcotte (2011),2011,19,enrollment,tuition,-0.0379,0.1691,8,463,455,105,1999,2006,2002.5,8,2.0794415416798357,59,0,FE,0,1,1,1,0,1,0,0,USA,1,1,0,7.606388,4.094345,-0.22412773506800712,-0.010506690317740845,0.04687813542823158,455.0502332416266,21.331906460549337,0,1,0,0.04688072309384954,0,1,0,0,0,1,0.009523809523809525,9.070294784580499e-05
Hemelt & Marcotte (2011),2011,19,enrollment,tuition,-0.0582,0.0581,8,3532,3524,105,1991,2006,1998.5,16,2.772588722239781,59,0,FE,0,1,1,0,0,1,0,0,USA,1,1,0,7.606388,4.094345,-1.0017211703958693,-0.016872019915159603,0.016843030190219464,3525.003445303219,59.37173944986974,0,1,0,0.01684542801323023,0,1,0,0,0,0,0.009523809523809525,9.070294784580499e-05
Hemelt & Marcotte (2011),2011,19,enrollment,tuition,0.0335,0.0469,8,3532,3524,105,1991,2006,1998.5,16,2.772588722239781,59,0,FE,0,1,1,0,0,1,0,0,USA,1,1,0,7.606388,4.094345,0.7142857142857144,0.01203157764758483,0.01684420870661876,3524.5102040816314,59.36758546615848,0,1,0,0.01684542801323023,0,1,0,0,1,0,0.009523809523809525,9.070294784580499e-05
Hemelt & Marcotte (2011),2011,19,enrollment,tuition,0.0572,0.0414,8,3532,3524,105,1991,2006,1998.5,16,2.772588722239781,59,0,FE,0,1,1,0,0,1,0,0,USA,1,1,0,7.606388,4.094345,1.3816425120772948,0.023268058225628444,0.016840867317150655,3525.9089360311787,59.37936456405692,0,1,0,0.01684542801323023,0,1,0,0,0,1,0.009523809523809525,9.070294784580499e-05
Hemelt & Marcotte (2011),2011,19,enrollment,tuition,-0.029,0.0634,8,3582,3574,105,1991,2006,1998.5,16,2.772588722239781,59,0,FE,0,1,1,0,0,1,0,0,USA,1,1,0,7.606388,4.094345,-0.4574132492113565,-0.007651009728898333,0.01672669023490187,3574.2092268805536,59.784690572759125,0,1,0,0.016727179829474116,0,1,0,0,0,0,0.009523809523809525,9.070294784580499e-05
Hemelt & Marcotte (2011),2011,19,enrollment,tuition,0.0626,0.0525,8,3582,3574,105,1991,2006,1998.5,16,2.772588722239781,59,0,FE,0,1,1,0,0,1,0,0,USA,1,1,0,7.606388,4.094345,1.1923809523809525,0.019941204606489828,0.01672385370352581,3575.421772335601,59.79483064894156,0,1,0,0.016727179829474116,0,1,0,0,1,0,0.009523809523809525,9.070294784580499e-05
Hemelt & Marcotte (2011),2011,19,enrollment,tuition,-0.0022,0.0555,8,3582,3574,105,1991,2006,1998.5,16,2.772588722239781,59,0,FE,0,1,1,0,0,1,0,0,USA,1,1,0,7.606388,4.094345,-0.039639639639639644,-0.0006630592348715711,0.016727176152441906,3574.001571301031,59.782953852256504,0,1,0,0.016727179829474116,0,1,0,0,0,1,0.009523809523809525,9.070294784580499e-05
Hemelt & Marcotte (2011),2011,19,enrollment,tuition,0.091,0.1706,8,1969,1961,105,1999,2006,2002.5,8,2.0794415416798357,59,0,FE,0,1,1,1,0,1,0,0,USA,1,1,0,7.606388,4.094345,0.5334114888628371,0.012044591198744094,0.022580299544019147,1961.284527816451,44.28639212914562,0,1,0,0.022581937608857242,0,1,0,0,0,0,0.009523809523809525,9.070294784580499e-05
Hemelt & Marcotte (2011),2011,19,enrollment,tuition,0.2809,0.2182,8,1969,1961,105,1999,2006,2002.5,8,2.0794415416798357,59,0,FE,0,1,1,1,0,1,0,0,USA,1,1,0,7.606388,4.094345,1.2873510540788267,0.029058604829224205,0.02257240147289684,1962.657272736438,44.30188791390766,0,1,0,0.022581937608857242,0,1,0,0,1,0,0.009523809523809525,9.070294784580499e-05
Hemelt & Marcotte (2011),2011,19,enrollment,tuition,0.053,0.0979,8,1969,1961,105,1999,2006,2002.5,8,2.0794415416798357,59,0,FE,0,1,1,1,0,1,0,0,USA,1,1,0,7.606388,4.094345,0.5413687436159346,0.012224241742372471,0.022580250312797454,1961.2930801165644,44.28648868578953,0,1,0,0.022581937608857242,0,1,0,0,0,1,0.009523809523809525,9.070294784580499e-05
Hemelt & Marcotte (2011),2011,19,enrollment,tuition,-0.0193,0.0997,8,862,854,105,1991,2006,1998.5,16,2.772588722239781,59,0,FE,0,1,1,0,0,1,0,0,USA,1,1,0,7.606388,4.094345,-0.19358074222668006,-0.006624051299361237,0.03421854479514587,854.0374735037611,29.22391954382165,0,1,0,0.034219295541457743,0,1,0,0,0,0,0.009523809523809525,9.070294784580499e-05
Hemelt & Marcotte (2011),2011,19,enrollment,tuition,-0.0147,0.1028,8,862,854,105,1991,2006,1998.5,16,2.772588722239781,59,0,FE,0,1,1,0,0,1,0,0,USA,1,1,0,7.606388,4.094345,-0.14299610894941633,-0.00489316753359495,0.034218885881194615,854.0204478871748,29.22362824645795,0,1,0,0.034219295541457743,0,1,0,0,1,0,0.009523809523809525,9.070294784580499e-05
Hemelt & Marcotte (2011),2011,19,enrollment,tuition,-0.0919,0.0852,8,862,854,105,1991,2006,1998.5,16,2.772588722239781,59,0,FE,0,1,1,0,0,1,0,0,USA,1,1,0,7.606388,4.094345,-1.0786384976525822,-0.036885132550442394,0.034196009720323085,855.1634610086186,29.24317802511585,0,1,0,0.034219295541457743,0,1,0,0,0,1,0.009523809523809525,9.070294784580499e-05
Hemelt & Marcotte (2011),2011,19,enrollment,tuition,-0.0143,0.0969,8,887,879,105,1991,2006,1998.5,16,2.772588722239781,59,0,FE,0,1,1,0,0,1,0,0,USA,1,1,0,7.606388,4.094345,-0.1475748194014448,-0.0049775134570822005,0.03372874503435421,879.0217783273215,29.64830144084685,0,1,0,0.03372916286774424,0,1,0,0,0,0,0.009523809523809525,9.070294784580499e-05
Hemelt & Marcotte (2011),2011,19,enrollment,tuition,0.1117,0.0812,8,887,879,105,1991,2006,1998.5,16,2.772588722239781,59,0,FE,0,1,1,0,0,1,0,0,USA,1,1,0,7.606388,4.094345,1.375615763546798,0.046348505224483534,0.03369291516766395,880.8923187289184,29.679830166780242,0,1,0,0.03372916286774424,0,1,0,0,1,0,0.009523809523809525,9.070294784580499e-05
Hemelt & Marcotte (2011),2011,19,enrollment,tuition,-0.0925,0.0756,8,887,879,105,1991,2006,1998.5,16,2.772588722239781,59,0,FE,0,1,1,0,0,1,0,0,USA,1,1,0,7.606388,4.094345,-1.2235449735449735,-0.04123404889530177,0.03370047671875475,880.4970623022872,29.67317074905018,0,1,0,0.03372916286774424,0,1,0,0,0,1,0.009523809523809525,9.070294784580499e-05
Hemelt & Marcotte (2011),2011,19,enrollment,tuition,0.017,0.3138,8,467,459,105,1999,2006,2002.5,8,2.0794415416798357,59,0,FE,0,1,1,1,0,1,0,0,USA,1,1,0,7.606388,4.094345,0.05417463352453792,0.0025286472619347865,0.04667585357618447,459.0029348909177,21.424353780007408,0,1,0,0.04667600280093366,0,1,0,0,0,0,0.009523809523809525,9.070294784580499e-05
Hemelt & Marcotte (2011),2011,19,enrollment,tuition,0.0861,0.1346,8,467,459,105,1999,2006,2002.5,8,2.0794415416798357,59,0,FE,0,1,1,1,0,1,0,0,USA,1,1,0,7.606388,4.094345,0.6396731054977711,0.029844084173472164,0.04665521172763477,459.40918168189717,21.43383264098834,0,1,0,0.04667600280093366,0,1,0,0,1,0,0.009523809523809525,9.070294784580499e-05
Hemelt & Marcotte (2011),2011,19,enrollment,tuition,0.2534,0.2398,8,467,459,105,1999,2006,2002.5,8,2.0794415416798357,59,0,FE,0,1,1,1,0,1,0,0,USA,1,1,0,7.606388,4.094345,1.0567139282735614,0.04926329538762652,0.046619330047169845,460.11664432620734,21.450329702039717,0,1,0,0.04667600280093366,0,1,0,0,0,1,0.009523809523809525,9.070294784580499e-05
Hemelt & Marcotte (2011),2011,19,enrollment,tuition,-0.2505,0.0693,8,768,760,105,1991,2006,1998.5,16,2.772588722239781,59,0,FE,0,1,1,0,0,1,0,0,USA,1,1,0,7.606388,4.094345,-3.6147186147186146,-0.13000682599206762,0.03596596024451212,773.0661906635936,27.804067879783233,0,1,0,0.03627381250550058,0,1,0,0,0,0,0.009523809523809525,9.070294784580499e-05
Hemelt & Marcotte (2011),2011,19,enrollment,tuition,0.2389,0.1287,8,768,760,105,1991,2006,1998.5,16,2.772588722239781,59,0,FE,0,1,1,0,0,1,0,0,USA,1,1,0,7.606388,4.094345,1.8562548562548562,0.06718131977166354,0.03619186209549225,763.4456820913695,27.63052084364986,0,1,0,0.03627381250550058,0,1,0,0,1,0,0.009523809523809525,9.070294784580499e-05
Hemelt & Marcotte (2011),2011,19,enrollment,tuition,0.0504,0.0393,8,768,760,105,1991,2006,1998.5,16,2.772588722239781,59,0,FE,0,1,1,0,0,1,0,0,USA,1,1,0,7.606388,4.094345,1.282442748091603,0.04646883509292806,0.036234627364128434,761.6446594021328,27.5979104173148,0,1,0,0.03627381250550058,0,1,0,0,0,1,0.009523809523809525,9.070294784580499e-05
Hemelt & Marcotte (2011),2011,19,enrollment,tuition,-0.3051,0.0903,8,777,769,105,1991,2006,1998.5,16,2.772588722239781,59,0,FE,0,1,1,0,0,1,0,0,USA,1,1,0,7.606388,4.094345,-3.378737541528239,-0.12094597276758184,0.03579620236287329,780.4158673745322,27.93592431573604,0,1,0,0.036060922298730945,0,1,0,0,0,0,0.009523809523809525,9.070294784580499e-05
Hemelt & Marcotte (2011),2011,19,enrollment,tuition,0.0544,0.2306,8,777,769,105,1991,2006,1998.5,16,2.772588722239781,59,0,FE,0,1,1,0,0,1,0,0,USA,1,1,0,7.606388,4.094345,0.23590633130962704,0.00850669207810447,0.03605961752225903,769.0556517971519,27.731852657136915,0,1,0,0.036060922298730945,0,1,0,0,1,0,0.009523809523809525,9.070294784580499e-05
Hemelt & Marcotte (2011),2011,19,enrollment,tuition,0.0452,0.0616,8,777,769,105,1991,2006,1998.5,16,2.772588722239781,59,0,FE,0,1,1,0,0,1,0,0,USA,1,1,0,7.606388,4.094345,0.7337662337662337,0.026451028959931257,0.0360483049542426,769.5384128858154,27.740555381711726,0,1,0,0.036060922298730945,0,1,0,0,0,1,0.009523809523809525,9.070294784580499e-05
Hemelt & Marcotte (2011),2011,19,enrollment,tuition,-0.2581,0.0726,8,417,409,105,1999,2006,2002.5,8,2.0794415416798357,59,0,FE,0,1,1,1,0,1,0,0,USA,1,1,0,7.606388,4.094345,-3.5550964187327825,-0.1731335147282035,0.048700089768568676,421.6387105464867,20.533843053517447,0,1,0,0.049446817643414874,0,1,0,0,0,0,0.009523809523809525,9.070294784580499e-05
Hemelt & Marcotte (2011),2011,19,enrollment,tuition,0.1935,0.1245,8,417,409,105,1999,2006,2002.5,8,2.0794415416798357,59,0,FE,0,1,1,1,0,1,0,0,USA,1,1,0,7.606388,4.094345,1.5542168674698795,0.07662513374580603,0.049301442642650385,411.4155900711279,20.283382116183876,0,1,0,0.049446817643414874,0,1,0,0,1,0,0.009523809523809525,9.070294784580499e-05
Hemelt & Marcotte (2011),2011,19,enrollment,tuition,0.1279,0.0631,8,417,409,105,1999,2006,2002.5,8,2.0794415416798357,59,0,FE,0,1,1,1,0,1,0,0,USA,1,1,0,7.606388,4.094345,2.0269413629160065,0.09972616635158114,0.049200321319662,413.1084912886998,20.32507051128482,0,1,0,0.049446817643414874,0,1,0,0,0,1,0.009523809523809525,9.070294784580499e-05
Hemelt & Marcotte (2011),2011,19,enrollment,tuition,-0.077,0.0332,8,6307,6299,105,1991,2006,1998.5,16,2.772588722239781,59,0,FE,0,1,1,0,0,1,0,0,USA,1,1,0,7.606388,4.094345,-2.319277108433735,-0.0292099950254429,0.012594439413567589,6304.379046305705,79.4001199388622,0,1,0,0.012599815792039672,0,1,0,0,0,0,0.009523809523809525,9.070294784580499e-05
Hemelt & Marcotte (2011),2011,19,enrollment,tuition,0.0001,0.0339,8,6307,6299,105,1991,2006,1998.5,16,2.772588722239781,59,0,FE,0,1,1,0,0,1,0,0,USA,1,1,0,7.606388,4.094345,0.0029498525073746317,3.7167598180934485e-05,0.012599815783336788,6299.000008701628,79.36623972887735,0,1,0,0.012599815792039672,0,1,0,0,1,0,0.009523809523809525,9.070294784580499e-05
Hemelt & Marcotte (2011),2011,19,enrollment,tuition,0.0027,0.0309,8,6307,6299,105,1991,2006,1998.5,16,2.772588722239781,59,0,FE,0,1,1,0,0,1,0,0,USA,1,1,0,7.606388,4.094345,0.08737864077669903,0.001100954110711394,0.012599808155919287,6299.007635026864,79.36628777400934,0,1,0,0.012599815792039672,0,1,0,0,0,1,0.009523809523809525,9.070294784580499e-05
Hemelt & Marcotte (2011),2011,19,enrollment,tuition,-0.0844,0.0368,8,6411,6403,105,1991,2006,1998.5,16,2.772588722239781,59,0,FE,0,1,1,0,0,1,0,0,USA,1,1,0,7.606388,4.094345,-2.2934782608695654,-0.028649995926720538,0.01249194135193502,6408.26004253308,80.05160861927186,0,1,0,0.012497071342066094,0,1,0,0,0,0,0.009523809523809525,9.070294784580499e-05
Hemelt & Marcotte (2011),2011,19,enrollment,tuition,0.0345,0.0447,8,6411,6403,105,1991,2006,1998.5,16,2.772588722239781,59,0,FE,0,1,1,0,0,1,0,0,USA,1,1,0,7.606388,4.094345,0.7718120805369129,0.009644941991925695,0.012496490059103724,6403.5956938876625,80.02246993118659,0,1,0,0.012497071342066094,0,1,0,0,1,0,0.009523809523809525,9.070294784580499e-05
Hemelt & Marcotte (2011),2011,19,enrollment,tuition,-0.0077,0.0378,8,6411,6403,105,1991,2006,1998.5,16,2.772588722239781,59,0,FE,0,1,1,0,0,1,0,0,USA,1,1,0,7.606388,4.094345,-0.20370370370370372,-0.0025456914690540552,0.012497030848083544,6403.0414951989005,80.01900708705963,0,1,0,0.012497071342066094,0,1,0,0,0,1,0.009523809523809525,9.070294784580499e-05
Hemelt & Marcotte (2011),2011,19,enrollment,tuition,-0.0784,0.1078,8,3414,3406,105,1999,2006,2002.5,8,2.0794415416798357,59,0,FE,0,1,1,1,0,1,0,0,USA,1,1,0,7.606388,4.094345,-0.7272727272727272,-0.012460666176313933,0.01713341599243166,3406.528925619835,58.36547717289592,0,1,0,0.01713474628469157,0,1,0,0,0,0,0.009523809523809525,9.070294784580499e-05
Hemelt & Marcotte (2011),2011,19,enrollment,tuition,0.1284,0.1181,8,3414,3406,105,1999,2006,2002.5,8,2.0794415416798357,59,0,FE,0,1,1,1,0,1,0,0,USA,1,1,0,7.606388,4.094345,1.0872142252328534,0.01862590817404894,0.017131773795601088,3407.1820347715484,58.37107190014201,0,1,0,0.01713474628469157,0,1,0,0,1,0,0.009523809523809525,9.070294784580499e-05
Hemelt & Marcotte (2011),2011,19,enrollment,tuition,0.0283,0.0792,8,3414,3406,105,1999,2006,2002.5,8,2.0794415416798357,59,0,FE,0,1,1,1,0,1,0,0,USA,1,1,0,7.606388,4.094345,0.35732323232323226,0.006122528171698818,0.017134425130690686,3406.1276798923577,58.36203971668877,0,1,0,0.01713474628469157,0,1,0,0,0,1,0.009523809523809525,9.070294784580499e-05
Hemelt & Marcotte (2011),2011,19,enrollment,tuition,-0.0882,0.0336,12,6399,6387,105,1991,2006,1998.5,16,2.772588722239781,59,0,FE,0,1,1,0,0,1,0,0,USA,1,1,0,7.606388,4.094345,-2.625,-0.03282817246109618,0.012505970461369972,6393.890625000001,79.9618072894804,0,1,0,0.012512714685811282,0,1,0,0,0,0,0.009523809523809525,9.070294784580499e-05
Hemelt & Marcotte (2011),2011,19,enrollment,tuition,0.0258,0.0333,12,6399,6387,105,1991,2006,1998.5,16,2.772588722239781,59,0,FE,0,1,1,0,0,1,0,0,USA,1,1,0,7.606388,4.094345,0.7747747747747747,0.009694080168899126,0.012512126729625617,6387.600275951627,79.92246415089832,0,1,0,0.012512714685811282,0,1,0,0,1,0,0.009523809523809525,9.070294784580499e-05
Hemelt & Marcotte (2011),2011,19,enrollment,tuition,0.0061,0.0277,12,6399,6387,105,1991,2006,1998.5,16,2.772588722239781,59,0,FE,0,1,1,0,0,1,0,0,USA,1,1,0,7.606388,4.094345,0.22021660649819497,0.002755497105209897,0.01251266718267445,6387.048495353776,79.91901210196343,0,1,0,0.012512714685811282,0,1,0,0,0,1,0.009523809523809525,9.070294784580499e-05
Hemelt & Marcotte (2011),2011,19,enrollment,tuition,-0.0797,0.05,12,6509,6497,105,1991,2006,1998.5,16,2.772588722239781,59,0,FE,0,1,1,0,0,1,0,0,USA,1,1,0,7.606388,4.094345,-1.5939999999999999,-0.019771835053150902,0.012403911576631683,6499.540836,80.61972981845076,0,1,0,0.012406336790141073,0,1,0,0,0,0,0.009523809523809525,9.070294784580499e-05
Hemelt & Marcotte (2011),2011,19,enrollment,tuition,0.0561,0.0481,12,6509,6497,105,1991,2006,1998.5,16,2.772588722239781,59,0,FE,0,1,1,0,0,1,0,0,USA,1,1,0,7.606388,4.094345,1.1663201663201663,0.014468246230645673,0.012405038212015274,6498.360302730364,80.61240787081331,0,1,0,0.012406336790141073,0,1,0,0,1,0,0.009523809523809525,9.070294784580499e-05
Hemelt & Marcotte (2011),2011,19,enrollment,tuition,-0.0094,0.0361,12,6509,6497,105,1991,2006,1998.5,16,2.772588722239781,59,0,FE,0,1,1,0,0,1,0,0,USA,1,1,0,7.606388,4.094345,-0.26038781163434904,-0.003230442030999673,0.012406272055222147,6497.067801812448,80.60439071050936,0,1,0,0.012406336790141073,0,1,0,0,0,1,0.009523809523809525,9.070294784580499e-05
Hemelt & Marcotte (2011),2011,19,enrollment,tuition,-0.0349,0.1131,12,375,363,105,1999,2006,2002.5,8,2.0794415416798357,59,0,FE,0,1,1,1,0,1,0,0,USA,1,1,0,7.606388,4.094345,-0.30857648099027407,-0.01619394114481545,0.05247950554380022,363.09521944462034,19.05505758177131,0,1,0,0.0524863881081478,0,1,0,0,0,0,0.009523809523809525,9.070294784580499e-05
Hemelt & Marcotte (2011),2011,19,enrollment,tuition,0.1555,0.1165,12,375,363,105,1999,2006,2002.5,8,2.0794415416798357,59,0,FE,0,1,1,1,0,1,0,0,USA,1,1,0,7.606388,4.094345,1.334763948497854,0.06988565004694654,0.052358059359931014,364.7815947982096,19.09925639385496,0,1,0,0.0524863881081478,0,1,0,0,1,0,0.009523809523809525,9.070294784580499e-05
Hemelt & Marcotte (2011),2011,19,enrollment,tuition,0.0525,0.0707,12,375,363,105,1999,2006,2002.5,8,2.0794415416798357,59,0,FE,0,1,1,1,0,1,0,0,USA,1,1,0,7.606388,4.094345,0.7425742574257426,0.03894547176594349,0.052446568644803904,363.5514165277913,19.0670243228405,0,1,0,0.0524863881081478,0,1,0,0,0,1,0.009523809523809525,9.070294784580499e-05
Hemelt & Marcotte (2011),2011,19,enrollment,tuition,-0.0847,0.0341,12,6399,6387,105,1991,2006,1998.5,16,2.772588722239781,59,0,FE,0,1,1,0,0,1,0,0,USA,1,1,0,7.606388,4.094345,-2.4838709677419355,-0.03106496852954426,0.012506675641764572,6393.169614984391,79.95729869739466,0,1,0,0.012512714685811282,0,1,0,0,0,0,0.009523809523809525,9.070294784580499e-05
Hemelt & Marcotte (2011),2011,19,enrollment,tuition,0.0261,0.0335,12,6399,6387,105,1991,2006,1998.5,16,2.772588722239781,59,0,FE,0,1,1,0,0,1,0,0,USA,1,1,0,7.606388,4.094345,0.7791044776119403,0.009748248825756367,0.012512120140338631,6387.607003787035,79.92250624065186,0,1,0,0.012512714685811282,0,1,0,0,1,0,0.009523809523809525,9.070294784580499e-05
Hemelt & Marcotte (2011),2011,19,enrollment,tuition,0.0083,0.0274,12,6399,6387,105,1991,2006,1998.5,16,2.772588722239781,59,0,FE,0,1,1,0,0,1,0,0,USA,1,1,0,7.606388,4.094345,0.3029197080291971,0.0037903206521063266,0.012512624803338958,6387.091760349512,79.91928278175119,0,1,0,0.012512714685811282,0,1,0,0,0,1,0.009523809523809525,9.070294784580499e-05
Hemelt & Marcotte (2011),2011,19,enrollment,tuition,-0.0813,0.0487,12,6509,6497,105,1991,2006,1998.5,16,2.772588722239781,59,0,FE,0,1,1,0,0,1,0,0,USA,1,1,0,7.606388,4.094345,-1.6694045174537988,-0.020706754040479523,0.012403676774555384,6499.786911442894,80.6212559530233,0,1,0,0.012406336790141073,0,1,0,0,0,0,0.009523809523809525,9.070294784580499e-05
Hemelt & Marcotte (2011),2011,19,enrollment,tuition,0.0559,0.048,12,6509,6497,105,1991,2006,1998.5,16,2.772588722239781,59,0,FE,0,1,1,0,0,1,0,0,USA,1,1,0,7.606388,4.094345,1.1645833333333333,0.014446705251127265,0.012405042076102124,6498.356254340278,80.61238276059254,0,1,0,0.012406336790141073,0,1,0,0,1,0,0.009523809523809525,9.070294784580499e-05
Hemelt & Marcotte (2011),2011,19,enrollment,tuition,-0.0078,0.0354,12,6509,6497,105,1991,2006,1998.5,16,2.772588722239781,59,0,FE,0,1,1,0,0,1,0,0,USA,1,1,0,7.606388,4.094345,-0.22033898305084745,-0.002733589418280113,0.012406290436809743,6497.048549267452,80.6042712842654,0,1,0,0.012406336790141073,0,1,0,0,0,1,0.009523809523809525,9.070294784580499e-05
Hemelt & Marcotte (2011),2011,19,enrollment,tuition,-0.1059,0.1082,12,3746,3734,105,1999,2006,2002.5,8,2.0794415416798357,59,0,FE,0,1,1,1,0,1,0,0,USA,1,1,0,7.606388,4.094345,-0.9787430683918669,-0.01601495938849192,0.016362781924785894,3734.9579379939246,61.114302237642576,0,1,0,0.01636488068286255,0,1,0,0,0,0,0.009523809523809525,9.070294784580499e-05
Hemelt & Marcotte (2011),2011,19,enrollment,tuition,0.1549,0.1167,12,3746,3734,105,1999,2006,2002.5,8,2.0794415416798357,59,0,FE,0,1,1,1,0,1,0,0,USA,1,1,0,7.606388,4.094345,1.3273350471293917,0.021716557000245745,0.01636102131651826,3735.761818327337,61.12087874308858,0,1,0,0.01636488068286255,0,1,0,0,1,0,0.009523809523809525,9.070294784580499e-05
Hemelt & Marcotte (2011),2011,19,enrollment,tuition,0.0391,0.0687,12,3746,3734,105,1999,2006,2002.5,8,2.0794415416798357,59,0,FE,0,1,1,1,0,1,0,0,USA,1,1,0,7.606388,4.094345,0.5691411935953421,0.009313523763051317,0.016364170908481468,3734.3239216982474,61.10911488230088,0,1,0,0.01636488068286255,0,1,0,0,0,1,0.009523809523809525,9.070294784580499e-05
Hemelt & Marcotte (2011),2011,19,enrollment,tuition,-0.4376,0.1874,8,739,731,105,1999,2006,2002.5,8,2.0794415416798357,59,0,FE,0,1,1,1,0,1,0,0,USA,1,1,0,7.606388,4.094345,-2.335112059765208,-0.08604691079431989,0.03684915695350902,736.4527483316609,27.137662912116454,0,1,0,0.036986336072765455,0,1,0,0,0,0,0.009523809523809525,9.070294784580499e-05
Hemelt & Marcotte (2011),2011,19,enrollment,tuition,0.0725,0.1616,8,739,731,105,1999,2006,2002.5,8,2.0794415416798357,59,0,FE,0,1,1,1,0,1,0,0,USA,1,1,0,7.606388,4.094345,0.44863861386138615,0.016591214557406635,0.036981245137612584,731.2012766058475,27.040733655096112,0,1,0,0.036986336072765455,0,1,0,0,1,0,0.009523809523809525,9.070294784580499e-05
Hemelt & Marcotte (2011),2011,19,enrollment,tuition,-0.0773,0.167,8,739,731,105,1999,2006,2002.5,8,2.0794415416798357,59,0,FE,0,1,1,1,0,1,0,0,USA,1,1,0,7.606388,4.094345,-0.46287425149700595,-0.017117514278661743,0.03698091700564698,731.2142525726988,27.040973587737163,0,1,0,0.036986336072765455,0,1,0,0,0,1,0.009523809523809525,9.070294784580499e-05
Hemelt & Marcotte (2011),2011,19,enrollment,tuition,-0.3366,0.1362,8,740,732,105,1999,2006,2002.5,8,2.0794415416798357,59,0,FE,0,1,1,1,0,1,0,0,USA,1,1,0,7.606388,4.094345,-2.47136563876652,-0.09096559223520839,0.03680782430907719,738.1076481204756,27.168136633204632,0,1,0,0.03696106354772864,0,1,0,0,0,0,0.009523809523809525,9.070294784580499e-05
Hemelt & Marcotte (2011),2011,19,enrollment,tuition,0.0705,0.0965,8,740,732,105,1999,2006,2002.5,8,2.0794415416798357,59,0,FE,0,1,1,1,0,1,0,0,USA,1,1,0,7.606388,4.094345,0.7305699481865284,0.02699280327157061,0.036947595967468994,732.5337324491933,27.06536037907482,0,1,0,0.03696106354772864,0,1,0,0,1,0,0.009523809523809525,9.070294784580499e-05
Hemelt & Marcotte (2011),2011,19,enrollment,tuition,0.0359,0.1005,8,740,732,105,1999,2006,2002.5,8,2.0794415416798357,59,0,FE,0,1,1,1,0,1,0,0,USA,1,1,0,7.606388,4.094345,0.3572139303482587,0.013201856160134225,0.03695784245385765,732.1276017920347,27.05785656315065,0,1,0,0.03696106354772864,0,1,0,0,0,1,0.009523809523809525,9.070294784580499e-05
Hemelt & Marcotte (2011),2011,19,enrollment,tuition,-0.1481,0.2955,8,463,455,105,1999,2006,2002.5,8,2.0794415416798357,59,0,FE,0,1,1,1,0,1,0,0,USA,1,1,0,7.606388,4.094345,-0.5011844331641286,-0.023489405781827503,0.04686778803869025,455.2511858360461,21.33661608212619,0,1,0,0.04688072309384954,0,1,0,0,0,0,0.009523809523809525,9.070294784580499e-05
Hemelt & Marcotte (2011),2011,19,enrollment,tuition,0.0012,0.2165,8,463,455,105,1999,2006,2002.5,8,2.0794415416798357,59,0,FE,0,1,1,1,0,1,0,0,USA,1,1,0,7.606388,4.094345,0.005542725173210162,0.000259846955258084,0.04688072151114599,455.0000307218024,21.330729727831685,0,1,0,0.04688072309384954,0,1,0,0,1,0,0.009523809523809525,9.070294784580499e-05
Hemelt & Marcotte (2011),2011,19,enrollment,tuition,-0.0559,0.2671,8,463,455,105,1999,2006,2002.5,8,2.0794415416798357,59,0,FE,0,1,1,1,0,1,0,0,USA,1,1,0,7.606388,4.094345,-0.20928491201797078,-0.009810955797888155,0.04687846679098258,455.0438001743985,21.33175567491805,0,1,0,0.04688072309384954,0,1,0,0,0,1,0.009523809523809525,9.070294784580499e-05
Hemelt & Marcotte (2011),2011,19,enrollment,tuition,-0.011,0.1999,8,462,454,105,1999,2006,2002.5,8,2.0794415416798357,59,0,FE,0,1,1,1,0,1,0,0,USA,1,1,0,7.606388,4.094345,-0.055027513756878435,-0.00258256057175295,0.046932168935764976,454.0030280272704,21.30734680872469,0,1,0,0.04693232544639321,0,1,0,0,0,0,0.009523809523809525,9.070294784580499e-05
Hemelt & Marcotte (2011),2011,19,enrollment,tuition,0.0147,0.1873,8,462,454,105,1999,2006,2002.5,8,2.0794415416798357,59,0,FE,0,1,1,1,0,1,0,0,USA,1,1,0,7.606388,4.094345,0.0784837159636946,0.0036833983124844125,0.04693200706995446,454.00615969367135,21.30742029654626,0,1,0,0.04693232544639321,0,1,0,0,1,0,0.009523809523809525,9.070294784580499e-05
Hemelt & Marcotte (2011),2011,19,enrollment,tuition,0.0487,0.182,8,462,454,105,1999,2006,2002.5,8,2.0794415416798357,59,0,FE,0,1,1,1,0,1,0,0,USA,1,1,0,7.606388,4.094345,0.2675824175824176,0.012557274940692406,0.04692862503503117,454.0716003501994,21.308955871891033,0,1,0,0.04693232544639321,0,1,0,0,0,1,0.009523809523809525,9.070294784580499e-05
Hemelt & Marcotte (2011),2011,19,enrollment,tuition,-0.2448,0.1786,8,1954,1946,105,1999,2006,2002.5,8,2.0794415416798357,59,0,FE,0,1,1,1,0,1,0,0,USA,1,1,0,7.606388,4.094345,-1.3706606942889137,-0.03105624923657334,0.022657868111323524,1947.8787107388687,44.13477892477619,0,1,0,0.022668802672263903,0,1,0,0,0,0,0.009523809523809525,9.070294784580499e-05
Hemelt & Marcotte (2011),2011,19,enrollment,tuition,0.1685,0.134,8,1954,1946,105,1999,2006,2002.5,8,2.0794415416798357,59,0,FE,0,1,1,1,0,1,0,0,USA,1,1,0,7.606388,4.094345,1.257462686567164,0.028493599695312465,0.02265959857075294,1947.5812124081085,44.13140845710806,0,1,0,0.022668802672263903,0,1,0,0,1,0,0.009523809523809525,9.070294784580499e-05
Hemelt & Marcotte (2011),2011,19,enrollment,tuition,-0.0368,0.1479,8,1954,1946,105,1999,2006,2002.5,8,2.0794415416798357,59,0,FE,0,1,1,1,0,1,0,0,USA,1,1,0,7.606388,4.094345,-0.24881676808654496,-0.005640288498325441,0.0226684420897373,1946.0619097840813,44.11419170498402,0,1,0,0.022668802672263903,0,1,0,0,0,1,0.009523809523809525,9.070294784580499e-05
Hemelt & Marcotte (2011),2011,19,enrollment,tuition,-0.2022,0.149,8,1959,1951,105,1999,2006,2002.5,8,2.0794415416798357,59,0,FE,0,1,1,1,0,1,0,0,USA,1,1,0,7.606388,4.094345,-1.3570469798657718,-0.03070869609298058,0.022629058940920408,1952.841576505563,44.190967137024316,0,1,0,0.022639736366332933,0,1,0,0,0,0,0.009523809523809525,9.070294784580499e-05
Hemelt & Marcotte (2011),2011,19,enrollment,tuition,0.3767,0.2419,8,1959,1951,105,1999,2006,2002.5,8,2.0794415416798357,59,0,FE,0,1,1,1,0,1,0,0,USA,1,1,0,7.606388,4.094345,1.5572550640760643,0.035233953452481565,0.022625679161548423,1953.4250433345908,44.19756829662228,0,1,0,0.022639736366332933,0,1,0,0,1,0,0.009523809523809525,9.070294784580499e-05
Hemelt & Marcotte (2011),2011,19,enrollment,tuition,0.0191,0.0949,8,1959,1951,105,1999,2006,2002.5,8,2.0794415416798357,59,0,FE,0,1,1,1,0,1,0,0,USA,1,1,0,7.606388,4.094345,0.2012644889357218,0.004556527667485903,0.02263950134263938,1951.040507394506,44.170584186701745,0,1,0,0.022639736366332933,0,1,0,0,0,1,0.009523809523809525,9.070294784580499e-05
Hemelt & Marcotte (2011),2011,19,enrollment,tuition,-0.1414,0.3081,8,459,451,105,1999,2006,2002.5,8,2.0794415416798357,59,0,FE,0,1,1,1,0,1,0,0,USA,1,1,0,7.606388,4.094345,-0.45894190197987667,-0.021605685545929725,0.047077169142156636,451.21062766939286,21.241719037530668,0,1,0,0.04708816093480111,0,1,0,0,0,0,0.009523809523809525,9.070294784580499e-05
Hemelt & Marcotte (2011),2011,19,enrollment,tuition,0.1772,0.2331,8,459,451,105,1999,2006,2002.5,8,2.0794415416798357,59,0,FE,0,1,1,1,0,1,0,0,USA,1,1,0,7.606388,4.094345,0.7601887601887601,0.0357729792394501,0.04705802178733532,451.5778869511173,21.250362042824523,0,1,0,0.04708816093480111,0,1,0,0,1,0,0.009523809523809525,9.070294784580499e-05
Hemelt & Marcotte (2011),2011,19,enrollment,tuition,0.2412,0.2305,8,459,451,105,1999,2006,2002.5,8,2.0794415416798357,59,0,FE,0,1,1,1,0,1,0,0,USA,1,1,0,7.606388,4.094345,1.0464208242950108,0.04921432392699689,0.04703110143106461,452.0949965415182,21.26252563882095,0,1,0,0.04708816093480111,0,1,0,0,0,1,0.009523809523809525,9.070294784580499e-05
Hemelt & Marcotte (2011),2011,19,enrollment,tuition,-0.2835,0.18,8,465,457,105,1999,2006,2002.5,8,2.0794415416798357,59,0,FE,0,1,1,1,0,1,0,0,USA,1,1,0,7.606388,4.094345,-1.575,-0.07347624549997336,0.04665158444442753,459.480625,21.43549917776584,0,1,0,0.0467780269724988,0,1,0,0,0,0,0.009523809523809525,9.070294784580499e-05
Hemelt & Marcotte (2011),2011,19,enrollment,tuition,0.0373,0.1367,8,465,457,105,1999,2006,2002.5,8,2.0794415416798357,59,0,FE,0,1,1,1,0,1,0,0,USA,1,1,0,7.606388,4.094345,0.2728602779809803,0.012762825849523847,0.046774216987397046,457.0744527312998,21.379299631449573,0,1,0,0.0467780269724988,0,1,0,0,1,0,0.009523809523809525,9.070294784580499e-05
Hemelt & Marcotte (2011),2011,19,enrollment,tuition,0.1746,0.1418,8,465,457,105,1999,2006,2002.5,8,2.0794415416798357,59,0,FE,0,1,1,1,0,1,0,0,USA,1,1,0,7.606388,4.094345,1.2313117066290549,0.057503026108855,0.04670062486961993,458.51612851888177,21.41298971463074,0,1,0,0.0467780269724988,0,1,0,0,0,1,0.009523809523809525,9.070294784580499e-05
Hight (1975),1975,20,enrollment,tuition,-1.783,0.445,4,22,18,2,1927,1972,1958.2727272727273,22,3.091042453358316,57,0,OLS,0,0,1,0,0,1,0,0,USA,1,1,1,7.588324,4.060443,-4.0067415730337075,-0.6866057030517203,0.17136261237129308,34.05397803307663,5.83557863738264,1,0,0,0.23570226039551587,1,0,0,0,1,0,0.5,0.25
Hight (1975),1975,20,enrollment,tuition,-0.714,0.539,4,22,18,2,1927,1972,1958.2727272727273,22,3.091042453358316,57,0,OLS,0,0,1,0,0,1,0,0,USA,1,1,1,7.588324,4.060443,-1.3246753246753245,-0.29803928705498955,0.2249904421885706,19.754764715803677,4.444633248739842,1,0,0,0.23570226039551587,1,0,0,0,0,1,0.5,0.25
Hoenack & Pierro (1990),1990,21,enrollment,tuition,2.35199,0.585054,8,34,26,3,1951,1984,1967.5,34,3.5263605246161616,80,8,2SLS,1,1,0,0,0,1,0,0,USA,1,1,1,7.59589,4.394449,4.020124638067597,0.619130209643864,0.15400771502981783,42.16140210559813,6.493181200736518,1,0,0,0.19611613513818404,0,0,0,0,0,1,0.3333333333333333,0.1111111111111111
Hoenack & Pierro (1990),1990,21,enrollment,tuition,0.712273,0.294232,8,34,26,3,1951,1984,1967.5,34,3.5263605246161616,80,8,2SLS,1,1,0,0,0,1,0,0,USA,1,1,1,7.59589,4.394449,2.420786998015172,0.42887651301607527,0.17716408480701337,31.86020968975931,5.644484891445747,1,0,0,0.19611613513818404,0,0,0,0,0,1,0.3333333333333333,0.1111111111111111
Hoenack & Pierro (1990),1990,21,enrollment,tuition,1.15842,0.453714,8,34,26,3,1951,1984,1967.5,34,3.5263605246161616,80,8,2SLS,1,1,0,0,0,1,0,0,USA,1,1,1,7.59589,4.394449,2.5531943030190827,0.44773042105819943,0.1753608883306572,32.51880114896909,5.702525856931215,1,0,0,0.19611613513818404,0,0,0,0,0,1,0.3333333333333333,0.1111111111111111
Hoenack & Weiler (1975),1975,22,enrollment,tuition,-0.047,0.028484848484848488,3,25,22,4,1948,1972,1960.0,25,3.2188758248682006,3,0,OLS,0,0,1,0,0,0,1,0,USA,1,1,1,7.58731,1.386294,-1.65,-0.3318468896580934,0.20111932706551117,24.722500000000004,4.9721725633771,1,0,0,0.21320071635561041,1,0,0,0,0,1,0.25,0.0625
Hoenack & Weiler (1975),1975,22,enrollment,tuition,-0.146,0.057707509881422925,3,14,11,4,1958,1972,1965.0,15,2.70805020110221,3,0,OLS,0,0,1,0,0,0,1,0,USA,1,1,1,7.58731,1.386294,-2.53,-0.6065053910975826,0.23972545102671253,17.4009,4.171438600770722,1,0,0,0.30151134457776363,1,0,0,0,0,1,0.25,0.0625
Hoenack & Weiler (1975),1975,22,enrollment,tuition,-0.0455,0.1058139534883721,3,13,10,4,1958,1972,1965.0,15,2.70805020110221,3,0,OLS,0,0,1,0,0,0,1,0,USA,1,1,1,7.58731,1.386294,-0.43,-0.13473799205480338,0.3133441675693102,10.1849,3.191379012276668,1,0,0,0.31622776601683794,1,0,0,0,0,1,0.25,0.0625
Hoenack & Weiler (1975),1975,22,enrollment,tuition,-0.119,0.1202020202020202,3,11,8,4,1958,1972,1965.0,15,2.70805020110221,3,0,OLS,0,0,1,0,0,0,1,0,USA,1,1,1,7.58731,1.386294,-0.99,-0.3303654394655689,0.33370246410663523,8.9801,2.9966814979239955,1,0,0,0.35355339059327373,1,0,0,0,0,1,0.25,0.0625
Hsing & Chang (1996),1996,23,enrollment,tuition,-0.254,0.136632598171059,4,27,23,3,1964,1990,1977.0,27,3.295836866004329,27,0,OLS,0,1,1,0,0,1,0,0,USA,1,1,1,7.5989,3.332205,-1.8590000000000098,-0.3614250714571598,0.19441908093445825,26.455881000000037,5.143528069331404,1,0,0,0.20851441405707477,1,0,0,0,1,0,0.3333333333333333,0.1111111111111111
Hsing & Chang (1996),1996,23,enrollment,tuition,-0.389,0.190686274509803,4,27,23,3,1964,1990,1977.0,27,3.295836866004329,27,0,OLS,0,1,1,0,1,0,0,0,USA,1,1,1,7.5989,3.332205,-2.04000000000001,-0.39142854440151853,0.19187673745172384,27.161600000000035,5.2116791919687495,1,0,0,0.20851441405707477,1,0,0,0,1,0,0.3333333333333333,0.1111111111111111
Hsing & Chang (1996),1996,23,enrollment,tuition,-0.99,0.36734693877551,4,27,23,3,1964,1990,1977.0,27,3.295836866004329,27,0,OLS,0,1,1,0,0,0,0,1,USA,1,1,1,7.5989,3.332205,-2.6950000000000016,-0.48989454231909985,0.1817790509532837,30.263025000000006,5.5011839634754995,1,0,0,0.20851441405707477,1,0,0,0,1,0,0.3333333333333333,0.1111111111111111
Huijsman et al. (1986),1986,24,enrollment,tuition,-3.7e-06,3.3636363636363636e-05,6,31,25,6,1950,1982,1966.0,33,3.4965075614664802,24,0,MLE,0,0,1,1,0,1,0,0,Netherlands,5,0,1,7.593878,3.218876,-0.11,-0.021994677931832844,0.19995161756211677,25.0121,5.00120985362542,1,0,0,0.2,0,0,1,0,0,0,0.16666666666666666,0.027777777777777776
Huijsman et al. (1986),1986,24,enrollment,tuition,-0.00018,0.0011250000000000001,6,31,25,6,1950,1982,1966.0,33,3.4965075614664802,24,0,MLE,0,0,1,1,1,0,0,0,Netherlands,5,0,1,7.593878,3.218876,-0.16,-0.031983628572184196,0.19989767857615123,25.025599999999994,5.002559344975329,1,0,0,0.2,0,0,1,0,0,0,0.16666666666666666,0.027777777777777776
Huijsman et al. (1986),1986,24,enrollment,tuition,-0.08,0.32,6,31,25,6,1950,1982,1966.0,33,3.4965075614664802,24,0,MLE,0,0,1,1,0,0,0,1,Netherlands,5,0,1,7.593878,3.218876,-0.25,-0.04993761694389223,0.19975046777556893,25.0625,5.006246098625197,1,0,0,0.2,0,0,1,0,0,0,0.16666666666666666,0.027777777777777776
Huijsman et al. (1986),1986,24,enrollment,tuition,2e-06,3.3333333333333335e-05,6,31,25,6,1950,1982,1966.0,33,3.4965075614664802,24,0,MLE,0,0,1,1,0,1,0,0,Netherlands,5,0,1,7.593878,3.218876,0.06,0.011999136093300803,0.1999856015550134,25.003599999999995,5.000359987040933,1,0,0,0.2,0,0,0,1,0,0,0.16666666666666666,0.027777777777777776
Huijsman et al. (1986),1986,24,enrollment,tuition,0.00082,0.00328,6,31,25,6,1950,1982,1966.0,33,3.4965075614664802,24,0,MLE,0,0,1,1,1,0,0,0,Netherlands,5,0,1,7.593878,3.218876,0.25,0.04993761694389223,0.19975046777556893,25.0625,5.006246098625197,1,0,0,0.2,0,0,0,1,0,0,0.16666666666666666,0.027777777777777776
Huijsman et al. (1986),1986,24,enrollment,tuition,-0.01,0.05555555555555556,6,31,25,6,1950,1982,1966.0,33,3.4965075614664802,24,0,MLE,0,0,1,1,0,0,0,1,Netherlands,5,0,1,7.593878,3.218876,-0.18,-0.03597669465035494,0.19987052583530523,25.032399999999996,5.003238950919693,1,0,0,0.2,0,0,0,1,0,0,0.16666666666666666,0.027777777777777776
Kane (2007),2007,25,enrollment,tuition,-0.075,0.032,1,759,758,36,1998,2000,1999.0,3,1.0986122886681098,108,5,FE,0,0,0,1,0,0,1,0,USA,1,1,1,7.604396,4.691348,-2.34375,-0.08482203910357351,0.036190736684191364,763.4931640625001,27.63138006076606,0,1,0,0.0363216356146074,0,1,0,0,1,0,0.027777777777777776,0.0007716049382716049
Kane (2007),2007,25,enrollment,tuition,-0.052,0.018,1,796,795,36,2000,2002,2001.0,3,1.0986122886681098,108,5,FE,0,0,0,1,0,0,1,0,USA,1,1,1,7.604396,4.691348,-2.888888888888889,-0.10192473887666402,0.0352816403803837,803.3456790123457,28.34335334804874,0,1,0,0.03546634510659543,0,1,0,0,0,0,0.027777777777777776,0.0007716049382716049
Kane (2007),2007,25,enrollment,tuition,-0.054,0.012,1,1180,1179,36,1998,2002,2000.0,5,1.6094379124341003,108,5,FE,0,0,0,1,0,0,1,0,USA,1,1,1,7.604396,4.691348,-4.5,-0.12994442454726302,0.02887653878828067,1199.2499999999995,34.630189141845584,0,1,0,0.02912346855536793,0,1,0,0,0,0,0.027777777777777776,0.0007716049382716049
Kane (2007),2007,25,enrollment,tuition,-0.069,0.045,1,93,92,36,1998,2000,1999.0,3,1.0986122886681098,108,5,FE,0,0,0,1,0,0,1,0,USA,1,1,1,7.604396,4.691348,-1.5333333333333334,-0.15785671740094684,0.10295003308757401,94.3511111111111,9.71345001073826,0,1,0,0.10425720702853739,0,1,0,0,1,0,0.027777777777777776,0.0007716049382716049
Kane (2007),2007,25,enrollment,tuition,-0.105,0.03,1,96,95,36,2000,2002,2001.0,3,1.0986122886681098,108,5,FE,0,0,0,1,0,0,1,0,USA,1,1,1,7.604396,4.691348,-3.5,-0.3379631847096873,0.0965609099170535,107.25000000000001,10.356157588603992,0,1,0,0.10259783520851541,0,1,0,0,0,0,0.027777777777777776,0.0007716049382716049
Kane (2007),2007,25,enrollment,tuition,-0.074,0.024,1,145,144,36,1998,2002,2000.0,5,1.6094379124341003,108,5,FE,0,0,0,1,0,0,1,0,USA,1,1,1,7.604396,4.691348,-3.083333333333333,-0.24886078369838058,0.08071160552379912,153.50694444444443,12.389791945163745,0,1,0,0.08333333333333333,0,1,0,0,0,0,0.027777777777777776,0.0007716049382716049
Kane (2007),2007,25,enrollment,tuition,-0.095,0.032,1,632,631,36,1998,2000,1999.0,3,1.0986122886681098,108,5,FE,0,0,0,1,0,0,1,0,USA,1,1,1,7.604396,4.691348,-2.96875,-0.11736725171603017,0.039534232156978585,639.8134765624999,25.29453451958545,0,1,0,0.03980937143290165,0,1,0,0,1,0,0.027777777777777776,0.0007716049382716049
Kane (2007),2007,25,enrollment,tuition,-0.062,0.02,1,655,654,36,2000,2002,2001.0,3,1.0986122886681098,108,5,FE,0,0,0,1,0,0,1,0,USA,1,1,1,7.604396,4.691348,-3.1,-0.12033867710005118,0.0388189280967907,663.61,25.76062887431128,0,1,0,0.039103094350288754,0,1,0,0,0,0,0.027777777777777776,0.0007716049382716049
Kane (2007),2007,25,enrollment,tuition,-0.063,0.014,1,960,959,36,1998,2002,2000.0,5,1.6094379124341003,108,5,FE,0,0,0,1,0,0,1,0,USA,1,1,1,7.604396,4.691348,-4.5,-0.14380226403356616,0.03195605867412581,979.2499999999999,31.2929704566377,0,1,0,0.03229168418603133,0,1,0,0,0,0,0.027777777777777776,0.0007716049382716049
Kane (2007),2007,25,enrollment,tuition,-0.075,0.061,1,76,75,36,1998,2000,1999.0,3,1.0986122886681098,108,5,FE,0,0,0,1,0,0,1,0,USA,1,1,1,7.604396,4.691348,-1.2295081967213115,-0.1405618711480938,0.11432365520044961,76.51169040580488,8.747096112756786,0,1,0,0.11547005383792514,0,1,0,0,1,0,0.027777777777777776,0.0007716049382716049
Kane (2007),2007,25,enrollment,tuition,-0.09,0.042,1,81,80,36,2000,2002,2001.0,3,1.0986122886681098,108,5,FE,0,0,0,1,0,0,1,0,USA,1,1,1,7.604396,4.691348,-2.142857142857143,-0.23298555275493182,0.10872659128563486,84.59183673469386,9.197382058754211,0,1,0,0.11180339887498948,0,1,0,0,0,0,0.027777777777777776,0.0007716049382716049
Kane (2007),2007,25,enrollment,tuition,-0.08,0.035,1,118,117,36,1998,2002,2000.0,5,1.6094379124341003,108,5,FE,0,0,0,1,0,0,1,0,USA,1,1,1,7.604396,4.691348,-2.2857142857142856,-0.2067487183991542,0.09045256429962997,122.22448979591836,11.055518522254774,0,1,0,0.09245003270420485,0,1,0,0,0,0,0.027777777777777776,0.0007716049382716049
Kane (2007),2007,25,enrollment,tuition,-0.099,0.032,1,327,326,36,1998,2000,1999.0,3,1.0986122886681098,108,5,FE,0,0,0,1,0,0,1,0,USA,1,1,1,7.604396,4.691348,-3.09375,-0.16888567663231033,0.054589309618524554,335.5712890625,18.318604997720215,0,1,0,0.05538487756217113,0,1,0,0,1,0,0.027777777777777776,0.0007716049382716049
Kane (2007),2007,25,enrollment,tuition,-0.082,0.027,1,333,332,36,2000,2002,2001.0,3,1.0986122886681098,108,5,FE,0,0,0,1,0,0,1,0,USA,1,1,1,7.604396,4.691348,-3.037037037037037,-0.16441088298745926,0.05413529073977317,341.2235939643347,18.47223846652957,0,1,0,0.05488212999484517,0,1,0,0,0,0,0.027777777777777776,0.0007716049382716049
Kane (2007),2007,25,enrollment,tuition,-0.078,0.018,1,493,492,36,1998,2002,2000.0,5,1.6094379124341003,108,5,FE,0,0,0,1,0,0,1,0,USA,1,1,1,7.604396,4.691348,-4.333333333333334,-0.19173707615826943,0.044247017574985247,510.7777777777776,22.600393310245238,0,1,0,0.045083481733371615,0,1,0,0,0,0,0.027777777777777776,0.0007716049382716049
Kane (2007),2007,25,enrollment,tuition,-0.093,0.032,1,602,601,36,1998,2000,1999.0,3,1.0986122886681098,108,5,FE,0,0,0,1,0,0,1,0,USA,1,1,1,7.604396,4.691348,-2.90625,-0.11772406552166934,0.04050720534078945,609.4462890625,24.686965975236813,0,1,0,0.04079085082240021,0,1,0,0,1,0,0.027777777777777776,0.0007716049382716049
Kane (2007),2007,25,enrollment,tuition,-0.062,0.019,1,623,622,36,2000,2002,2001.0,3,1.0986122886681098,108,5,FE,0,0,0,1,0,0,1,0,USA,1,1,1,7.604396,4.691348,-3.263157894736842,-0.1297349385243031,0.03975748116067353,632.6481994459836,25.15249887080772,0,1,0,0.04009634698823127,0,1,0,0,0,0,0.027777777777777776,0.0007716049382716049
Kane (2007),2007,25,enrollment,tuition,-0.062,0.014,1,918,917,36,1998,2002,2000.0,5,1.6094379124341003,108,5,FE,0,0,0,1,0,0,1,0,USA,1,1,1,7.604396,4.691348,-4.428571428571429,-0.1447050668395004,0.03267533767343558,936.6122448979587,30.60412137111534,0,1,0,0.033022909334191324,0,1,0,0,0,0,0.027777777777777776,0.0007716049382716049
Kane (2007),2007,25,enrollment,tuition,-0.177,0.062,1,85,84,36,1998,2000,1999.0,3,1.0986122886681098,108,5,FE,0,0,0,1,0,0,1,0,USA,1,1,1,7.604396,4.691348,-2.854838709677419,-0.29739499950303344,0.10417225971292698,92.15010405827262,9.599484572531622,0,1,0,0.1091089451179962,0,1,0,0,1,0,0.027777777777777776,0.0007716049382716049
Kane (2007),2007,25,enrollment,tuition,-0.126,0.059,1,87,86,36,2000,2002,2001.0,3,1.0986122886681098,108,5,FE,0,0,0,1,0,0,1,0,USA,1,1,1,7.604396,4.691348,-2.135593220338983,-0.22441325656912095,0.1050823979172868,90.56075840275781,9.51634165016987,0,1,0,0.10783277320343841,0,1,0,0,0,0,0.027777777777777776,0.0007716049382716049
Kane (2007),2007,25,enrollment,tuition,-0.133,0.041,1,130,129,36,1998,2002,2000.0,5,1.6094379124341003,108,5,FE,0,0,0,1,0,0,1,0,USA,1,1,1,7.604396,4.691348,-3.2439024390243905,-0.2746281379311856,0.08465980191863616,139.5229030339084,11.811981333963764,0,1,0,0.08804509063256238,0,1,0,0,0,0,0.027777777777777776,0.0007716049382716049
Kane (2007),2007,25,enrollment,tuition,-0.14,0.039,1,313,312,36,1998,2000,1999.0,3,1.0986122886681098,108,5,FE,0,0,0,1,0,0,1,0,USA,1,1,1,7.604396,4.691348,-3.58974358974359,-0.19915800029274944,0.0554797286529802,324.88625904010513,18.024601494626868,0,1,0,0.05661385170722978,0,1,0,0,1,0,0.027777777777777776,0.0007716049382716049
Kane (2007),2007,25,enrollment,tuition,-0.06,0.027,1,322,321,36,2000,2002,2001.0,3,1.0986122886681098,108,5,FE,0,0,0,1,0,0,1,0,USA,1,1,1,7.604396,4.691348,-2.2222222222222223,-0.12308915976732189,0.055390121895294846,325.93827160493834,18.053760594539252,0,1,0,0.05581455721859476,0,1,0,0,0,0,0.027777777777777776,0.0007716049382716049
Kane (2007),2007,25,enrollment,tuition,-0.094,0.02,1,471,470,36,1998,2002,2000.0,5,1.6094379124341003,108,5,FE,0,0,0,1,0,0,1,0,USA,1,1,1,7.604396,4.691348,-4.7,-0.2118729864061778,0.04507935880982506,492.09,22.183101676726814,0,1,0,0.04612656040144425,0,1,0,0,0,0,0.027777777777777776,0.0007716049382716049
Kane (2007),2007,25,enrollment,tuition,0.083,0.125,1,305,304,36,1998,2000,1999.0,3,1.0986122886681098,108,5,FE,0,0,0,1,0,0,1,0,USA,1,1,1,7.604396,4.691348,0.664,0.03805542562873017,0.057312387995075556,304.4408959999999,17.44823475312044,0,1,0,0.057353933467640436,0,1,0,0,1,0,0.027777777777777776,0.0007716049382716049
Kane (2007),2007,25,enrollment,tuition,-0.051,0.027,1,322,321,36,2000,2002,2001.0,3,1.0986122886681098,108,5,FE,0,0,0,1,0,0,1,0,USA,1,1,1,7.604396,4.691348,-1.8888888888888888,-0.10484642539189931,0.05550693108982905,324.5679012345679,18.015768127797603,0,1,0,0.05581455721859476,0,1,0,0,0,0,0.027777777777777776,0.0007716049382716049
Kane (2007),2007,25,enrollment,tuition,-0.042,0.02,1,467,466,36,1998,2002,2000.0,5,1.6094379124341003,108,5,FE,0,0,0,1,0,0,1,0,USA,1,1,1,7.604396,4.691348,-2.1,-0.09682355449872365,0.04610645452320174,470.4100000000001,21.68893727225933,0,1,0,0.04632410546120795,0,1,0,0,0,0,0.027777777777777776,0.0007716049382716049
Kane (2007),2007,25,enrollment,tuition,0.134,0.406,1,30,29,36,1998,2000,1999.0,3,1.0986122886681098,108,5,FE,0,0,0,1,0,0,1,0,USA,1,1,1,7.604396,4.691348,0.33004926108374383,0.06117382342215799,0.18534755454773244,29.108932514741912,5.39526945710239,0,1,0,0.18569533817705186,0,1,0,0,1,0,0.027777777777777776,0.0007716049382716049
Kane (2007),2007,25,enrollment,tuition,-0.003,0.064,1,32,31,36,2000,2002,2001.0,3,1.0986122886681098,108,5,FE,0,0,0,1,0,0,1,0,USA,1,1,1,7.604396,4.691348,-0.046875,-0.008418700181009235,0.17959893719486367,31.002197265625007,5.567961679611759,0,1,0,0.1796053020267749,0,1,0,0,0,0,0.027777777777777776,0.0007716049382716049
Kane (2007),2007,25,enrollment,tuition,-0.036,0.141,1,42,41,36,1998,2002,2000.0,5,1.6094379124341003,108,5,FE,0,0,0,1,0,0,1,0,USA,1,1,1,7.604396,4.691348,-0.2553191489361702,-0.03984249080726541,0.15604975566178952,41.065187867813506,6.408212532977781,0,1,0,0.15617376188860607,0,1,0,0,0,0,0.027777777777777776,0.0007716049382716049
Kane (2007),2007,25,enrollment,tuition,-0.083,0.038,1,547,546,36,1998,2000,1999.0,3,1.0986122886681098,108,5,FE,0,0,0,1,0,0,1,0,USA,1,1,1,7.604396,4.691348,-2.18421052631579,-0.09306985808314036,0.042610296471799196,550.7707756232687,23.46850603731027,0,1,0,0.04279604925109129,0,1,0,0,1,0,0.027777777777777776,0.0007716049382716049
Kane (2007),2007,25,enrollment,tuition,-0.052,0.022,1,567,566,36,2000,2002,2001.0,3,1.0986122886681098,108,5,FE,0,0,0,1,0,0,1,0,USA,1,1,1,7.604396,4.691348,-2.3636363636363638,-0.09886431831989939,0.041827211596880506,571.586776859504,23.907881061681397,0,1,0,0.04203313517091986,0,1,0,0,0,0,0.027777777777777776,0.0007716049382716049
Kane (2007),2007,25,enrollment,tuition,-0.056,0.015,1,829,828,36,1998,2002,2000.0,5,1.6094379124341003,108,5,FE,0,0,0,1,0,0,1,0,USA,1,1,1,7.604396,4.691348,-3.7333333333333334,-0.1286639172341995,0.034463549259160585,841.9377777777779,29.016164077592645,0,1,0,0.034752402342845795,0,1,0,0,0,0,0.027777777777777776,0.0007716049382716049
Kane (2007),2007,25,enrollment,tuition,-0.019,0.027,1,196,195,36,1998,2000,1999.0,3,1.0986122886681098,108,5,FE,0,0,0,1,0,0,1,0,USA,1,1,1,7.604396,4.691348,-0.7037037037037037,-0.05032940413737207,0.07152073219521295,195.49519890260632,13.981959766163193,0,1,0,0.0716114874039433,0,1,0,0,1,0,0.027777777777777776,0.0007716049382716049
Kane (2007),2007,25,enrollment,tuition,-0.055,0.033,1,207,206,36,2000,2002,2001.0,3,1.0986122886681098,108,5,FE,0,0,0,1,0,0,1,0,USA,1,1,1,7.604396,4.691348,-1.6666666666666665,-0.11534708249969794,0.06920824949981877,208.77777777777774,14.449144534462162,0,1,0,0.06967330142916177,0,1,0,0,0,0,0.027777777777777776,0.0007716049382716049
Kane (2007),2007,25,enrollment,tuition,-0.023,0.017,1,305,304,36,1998,2002,2000.0,5,1.6094379124341003,108,5,FE,0,0,0,1,0,0,1,0,USA,1,1,1,7.604396,4.691348,-1.352941176470588,-0.07736393527032732,0.057182039112850636,305.8304498269897,17.48800874390763,0,1,0,0.057353933467640436,0,1,0,0,0,0,0.027777777777777776,0.0007716049382716049
King (1993),1993,26,enrollment,tuition,-0.41,0.241176470588235,6,29,23,3,1962,1990,1976.0,29,3.367295829986474,12,2,OLS,0,0,0,0,0,1,0,0,USA,1,1,1,7.597396,2.564949,-1.700000000000002,-0.3341049393040488,0.19653231723767553,25.89000000000001,5.088221693283422,1,0,0,0.20851441405707477,1,0,0,0,1,0,0.3333333333333333,0.1111111111111111
King (1993),1993,26,enrollment,tuition,-0.15,0.0328947368421053,6,29,23,3,1962,1990,1976.0,29,3.367295829986474,12,2,OLS,0,0,0,0,0,1,0,0,USA,1,1,1,7.597396,2.564949,-4.559999999999994,-0.6890639335552894,0.1511105117445812,43.793599999999934,6.617673307137482,1,0,0,0.20851441405707477,1,0,0,0,0,1,0.3333333333333333,0.1111111111111111
King (1993),1993,26,enrollment,tuition,0.03,0.15,6,29,23,3,1962,1990,1976.0,29,3.367295829986474,12,2,OLS,0,0,0,0,0,1,0,0,USA,1,1,1,7.597396,2.564949,0.2,0.04166666666666667,0.20833333333333334,23.039999999999996,4.8,1,0,0,0.20851441405707477,1,0,0,0,1,0,0.3333333333333333,0.1111111111111111
Knudsen & Servelle (1978),1978,27,enrollment,tuition,-0.159,0.071,2,65,63,10,1970,1970,1970.0,1,0.0,21,0,OLS,0,0,1,1,1,0,0,0,USA,1,1,1,7.589841,3.091043,-2.23943661971831,-0.27154147989670735,0.12125437152620265,68.01507637373535,8.247125340003956,0,0,1,0.1259881576697424,1,0,0,0,1,0,0.1,0.01
Knudsen & Servelle (1978),1978,27,enrollment,tuition,-0.442,0.15,3,21,18,10,1970,1970,1970.0,1,0.0,21,0,OLS,0,0,1,1,1,0,0,0,USA,1,1,1,7.589841,3.091043,-2.9466666666666668,-0.570446537127383,0.1935904537762612,26.682844444444452,5.165543964041391,0,0,1,0.23570226039551587,1,0,0,0,1,0,0.1,0.01
Knudsen & Servelle (1978),1978,27,enrollment,tuition,-0.147,0.118,3,33,30,10,1970,1970,1970.0,1,0.0,21,0,OLS,0,0,1,1,1,0,0,0,USA,1,1,1,7.589841,3.091043,-1.2457627118644068,-0.22178001004366346,0.17802749105545773,31.55192473427176,5.617109998413042,0,0,1,0.18257418583505536,1,0,0,0,1,0,0.1,0.01
Knudsen & Servelle (1978),1978,27,enrollment,tuition,-0.152,0.084,2,65,63,10,1970,1970,1970.0,1,0.0,21,0,OLS,0,0,1,1,1,0,0,0,USA,1,1,1,7.589841,3.091043,-1.8095238095238093,-0.22227543908740943,0.1228364268640947,66.27437641723355,8.140907591738992,0,0,1,0.1259881576697424,1,0,0,0,0,0,0.1,0.01
Knudsen & Servelle (1978),1978,27,enrollment,tuition,-0.417,0.373,3,21,18,10,1970,1970,1970.0,1,0.0,21,0,OLS,0,0,1,1,1,0,0,0,USA,1,1,1,7.589841,3.091043,-1.1179624664879355,-0.25480835272226215,0.22792209967722732,19.249840076475795,4.3874639686812005,0,0,1,0.23570226039551587,1,0,0,0,0,0,0.1,0.01
Knudsen & Servelle (1978),1978,27,enrollment,tuition,-0.142,0.145,3,33,30,10,1970,1970,1970.0,1,0.0,21,0,OLS,0,0,1,1,1,0,0,0,USA,1,1,1,7.589841,3.091043,-0.9793103448275862,-0.1760056210968924,0.17972404971161549,30.95904875148633,5.564085616836456,0,0,1,0.18257418583505536,1,0,0,0,0,0,0.1,0.01
Knudsen & Servelle (1978),1979,27,enrollment,tuition,0.137,0.187,2,33,31,10,1970,1970,1970.0,1,0.0,21,0,OLS,0,0,1,1,1,0,0,0,USA,1,1,1,7.589841,3.091043,0.732620320855615,0.1304579690482708,0.17807036651114336,31.53673253453057,5.615757520987758,0,0,1,0.1796053020267749,1,0,0,0,0,0,0.1,0.01
Knudsen & Servelle (1978),1980,27,enrollment,tuition,0.304,0.255,3,65,62,10,1970,1970,1970.0,1,0.0,21,0,OLS,0,0,1,1,1,0,0,0,USA,1,1,1,7.589841,3.091043,1.192156862745098,0.14969801635816105,0.12556905977411537,63.4212379853902,7.963745223535859,0,0,1,0.1270001270001905,1,0,0,0,0,0,0.1,0.01
Knudsen & Servelle (1978),1981,27,enrollment,tuition,-0.011,0.126,3,21,18,10,1970,1970,1970.0,1,0.0,21,0,OLS,0,0,1,1,1,0,0,0,USA,1,1,1,7.589841,3.091043,-0.0873015873015873,-0.02057282644688205,0.23565237566428532,18.007621567145385,4.24353880236123,0,0,1,0.23570226039551587,1,0,0,0,1,0,0.1,0.01
Knudsen & Servelle (1978),1982,27,enrollment,tuition,-0.024,0.122,3,33,30,10,1970,1970,1970.0,1,0.0,21,0,OLS,0,0,1,1,1,0,0,0,USA,1,1,1,7.589841,3.091043,-0.19672131147540983,-0.03589309013108653,0.18245654149968987,30.03869927438861,5.480757180754189,0,0,1,0.18257418583505536,1,0,0,0,1,0,0.1,0.01
Koshal et al. (1976),1976,28,enrollment,tuition,-0.2374,0.122371134020619,2,53,51,28,1970,1970,1970.0,1,0.0,8,1,OLS,0,0,1,1,1,0,0,0,USA,1,1,0,7.58883,2.197225,-1.939999999999993,-0.2621535451310065,0.1351306933664987,54.763599999999975,7.400243239245584,0,0,1,0.14002800840280097,1,0,1,0,0,1,0.03571428571428571,0.0012755102040816326
Koshal et al. (1976),1976,28,enrollment,tuition,-0.2526,0.138032786885246,3,53,50,28,1970,1970,1970.0,1,0.0,8,1,OLS,0,0,1,1,1,0,0,0,USA,1,1,0,7.58883,2.197225,-1.8299999999999985,-0.25054650859516486,0.13691066043451644,53.348899999999986,7.304033132454971,0,0,1,0.1414213562373095,1,0,1,0,0,1,0.03571428571428571,0.0012755102040816326
Koshal et al. (1976),1976,28,enrollment,tuition,-0.2431,0.127947368421053,4,53,49,28,1970,1970,1970.0,1,0.0,8,1,OLS,0,0,1,1,1,0,0,0,USA,1,1,0,7.58883,2.197225,-1.8999999999999946,-0.2619506316745731,0.1378687535129336,52.609999999999985,7.2532751223154355,0,0,1,0.14285714285714285,1,0,1,0,0,1,0.03571428571428571,0.0012755102040816326
Koshal et al. (1976),1976,28,enrollment,tuition,-0.3971,0.134155405405405,5,53,48,28,1970,1970,1970.0,1,0.0,8,1,OLS,0,0,1,1,1,0,0,0,USA,1,1,0,7.58883,2.197225,-2.9600000000000093,-0.3928840487306461,0.13273109754413678,56.76160000000005,7.5340294663612815,0,0,1,0.14433756729740646,1,0,1,0,0,1,0.03571428571428571,0.0012755102040816326
Koshal et al. (1976),1976,28,enrollment,tuition,-0.4325,0.136867088607595,6,53,47,28,1970,1970,1970.0,1,0.0,8,1,OLS,0,0,1,1,1,0,0,0,USA,1,1,0,7.58883,2.197225,-3.1599999999999984,-0.41860510460680594,0.13246996981228043,56.9856,7.548880711734687,0,0,1,0.14586499149789456,1,0,1,0,0,1,0.03571428571428571,0.0012755102040816326
Koshal et al. (1976),1976,28,enrollment,tuition,-0.4586,0.127388888888889,7,53,46,28,1970,1970,1970.0,1,0.0,8,1,OLS,0,0,1,1,1,0,0,0,USA,1,1,0,7.58883,2.197225,-3.599999999999997,-0.4688390349635606,0.13023306526765582,58.959999999999994,7.678541528180986,0,0,1,0.14744195615489714,1,0,1,0,0,1,0.03571428571428571,0.0012755102040816326
Koshal et al. (1976),1976,28,enrollment,tuition,-0.0194,0.0071586715867159,6,53,47,28,1970,1970,1970.0,1,0.0,8,1,OLS,0,0,1,1,1,0,0,0,USA,1,1,0,7.58883,2.197225,-2.7099999999999875,-0.3676148871397221,0.13565124986705676,54.34409999999993,7.371845087900311,0,0,1,0.14586499149789456,1,0,1,0,0,1,0.03571428571428571,0.0012755102040816326
Koshal et al. (1976),1976,28,enrollment,tuition,-0.1673,0.0967052023121387,2,53,51,28,1970,1970,1970.0,1,0.0,8,1,OLS,0,0,1,1,1,0,0,0,USA,1,1,0,7.58883,2.197225,-1.7300000000000006,-0.23543865925481763,0.13609171055191766,53.99290000000001,7.347986118658636,0,0,1,0.14002800840280097,1,0,0,1,0,1,0.03571428571428571,0.0012755102040816326
Koshal et al. (1976),1976,28,enrollment,tuition,-0.166,0.109210526315789,3,53,50,28,1970,1970,1970.0,1,0.0,8,1,OLS,0,0,1,1,1,0,0,0,USA,1,1,0,7.58883,2.197225,-1.5200000000000067,-0.210159761768153,0.13826300116325793,52.310400000000016,7.23259289605049,0,0,1,0.1414213562373095,1,0,0,1,0,1,0.03571428571428571,0.0012755102040816326
Koshal et al. (1976),1976,28,enrollment,tuition,-0.1596,0.104313725490196,4,53,49,28,1970,1970,1970.0,1,0.0,8,1,OLS,0,0,1,1,1,0,0,0,USA,1,1,0,7.58883,2.197225,-1.530000000000001,-0.2135303893993314,0.1395623460126348,51.340900000000005,7.165256450400084,0,0,1,0.14285714285714285,1,0,0,1,0,1,0.03571428571428571,0.0012755102040816326
Koshal et al. (1976),1976,28,enrollment,tuition,-0.2787,0.110595238095238,5,53,48,28,1970,1970,1970.0,1,0.0,8,1,OLS,0,0,1,1,1,0,0,0,USA,1,1,0,7.58883,2.197225,-2.5200000000000022,-0.34182133691609023,0.13564338766511505,54.3504,7.3722723769540695,0,0,1,0.14433756729740646,1,0,0,1,0,1,0.03571428571428571,0.0012755102040816326
Koshal et al. (1976),1976,28,enrollment,tuition,-0.302,0.113533834586466,6,53,47,28,1970,1970,1970.0,1,0.0,8,1,OLS,0,0,1,1,1,0,0,0,USA,1,1,0,7.58883,2.197225,-2.6600000000000037,-0.3617270305177371,0.1359876054577957,54.07560000000003,7.35361135769358,0,0,1,0.14586499149789456,1,0,0,1,0,1,0.03571428571428571,0.0012755102040816326
Koshal et al. (1976),1976,28,enrollment,tuition,-0.3197,0.108372881355932,7,53,46,28,1970,1970,1970.0,1,0.0,8,1,OLS,0,0,1,1,1,0,0,0,USA,1,1,0,7.58883,2.197225,-2.9500000000000055,-0.3988581114412427,0.13520613947160745,54.70250000000003,7.396113844445611,0,0,1,0.14744195615489714,1,0,0,1,0,1,0.03571428571428571,0.0012755102040816326
Koshal et al. (1976),1976,28,enrollment,tuition,-0.0131,0.0045804195804196,6,53,47,28,1970,1970,1970.0,1,0.0,8,1,OLS,0,0,1,1,1,0,0,0,USA,1,1,0,7.58883,2.197225,-2.859999999999988,-0.38501421047607903,0.13462035331331493,55.17959999999991,7.4282972476873805,0,0,1,0.14586499149789456,1,0,0,1,0,1,0.03571428571428571,0.0012755102040816326
Koshal et al. (1976),1976,28,enrollment,tuition,-0.0162,0.0056055363321799,6,53,47,28,1970,1970,1970.0,1,0.0,8,1,OLS,0,0,1,1,1,0,0,0,USA,1,1,0,7.58883,2.197225,-2.8900000000000157,-0.388446123406,0.1344104233238747,55.3521000000001,7.439899192865458,0,0,1,0.14586499149789456,1,0,0,0,0,1,0.03571428571428571,0.0012755102040816326
Koshal et al. (1976),1976,28,enrollment,tuition,0.0121,0.0484,3,53,50,28,1970,1970,1970.0,1,0.0,8,1,OLS,0,0,1,1,1,0,0,0,USA,1,1,0,7.58883,2.197225,0.25,0.03533326266687867,0.14133305066751467,50.0625,7.075485849042453,0,0,1,0.1414213562373095,1,0,1,0,1,0,0.03571428571428571,0.0012755102040816326
Koshal et al. (1976),1976,28,enrollment,tuition,0.0061,0.0469230769230769,4,53,49,28,1970,1970,1970.0,1,0.0,8,1,OLS,0,0,1,1,1,0,0,0,USA,1,1,0,7.58883,2.197225,0.13000000000000006,0.018568226775717678,0.1428325136593667,49.0169,7.001207038789811,0,0,1,0.14285714285714285,1,0,1,0,1,0,0.03571428571428571,0.0012755102040816326
Koshal et al. (1976),1976,28,enrollment,tuition,-0.0227,0.0436538461538462,5,53,48,28,1970,1970,1970.0,1,0.0,8,1,OLS,0,0,1,1,1,0,0,0,USA,1,1,0,7.58883,2.197225,-0.5199999999999995,-0.07484501759074565,0.14393272613604946,48.27040000000001,6.947690263677563,0,0,1,0.14433756729740646,1,0,1,0,1,0,0.03571428571428571,0.0012755102040816326
Koshal et al. (1976),1976,28,enrollment,tuition,-0.0332,0.0448648648648649,6,53,47,28,1970,1970,1970.0,1,0.0,8,1,OLS,0,0,1,1,1,0,0,0,USA,1,1,0,7.58883,2.197225,-0.7399999999999994,-0.10731672715211696,0.14502260425961763,47.54759999999999,6.895476778294594,0,0,1,0.14586499149789456,1,0,1,0,1,0,0.03571428571428571,0.0012755102040816326
Koshal et al. (1976),1976,28,enrollment,tuition,-0.0391,0.0415957446808511,7,53,46,28,1970,1970,1970.0,1,0.0,8,1,OLS,0,0,1,1,1,0,0,0,USA,1,1,0,7.58883,2.197225,-0.9399999999999992,-0.13728319488045085,0.14604595200047976,46.883599999999994,6.847159995209693,0,0,1,0.14744195615489714,1,0,1,0,1,0,0.03571428571428571,0.0012755102040816326
Koshal et al. (1976),1976,28,enrollment,tuition,-0.0031,0.0008378378378378,6,53,47,28,1970,1970,1970.0,1,0.0,8,1,OLS,0,0,1,1,1,0,0,0,USA,1,1,0,7.58883,2.197225,-3.7000000000001667,-0.4749448199254117,0.12836346484470007,60.690000000001255,7.7903786814250084,0,0,1,0.14586499149789456,1,0,1,0,1,0,0.03571428571428571,0.0012755102040816326
Koshal et al. (1976),1976,28,enrollment,tuition,-0.0005,0.05,3,53,50,28,1970,1970,1970.0,1,0.0,8,1,OLS,0,0,1,1,1,0,0,0,USA,1,1,0,7.58883,2.197225,-0.01,-0.001414212148161654,0.1414212148161654,50.0001,7.071074882929752,0,0,1,0.1414213562373095,1,0,0,1,1,0,0.03571428571428571,0.0012755102040816326
Koshal et al. (1976),1976,28,enrollment,tuition,-0.005,0.0357142857142857,4,53,49,28,1970,1970,1970.0,1,0.0,8,1,OLS,0,0,1,1,1,0,0,0,USA,1,1,0,7.58883,2.197225,-0.14000000000000007,-0.01999600119960015,0.14282857999714385,49.019600000000004,7.001399860027993,0,0,1,0.14285714285714285,1,0,0,1,1,0,0.03571428571428571,0.0012755102040816326
Koshal et al. (1976),1976,28,enrollment,tuition,-0.0269,0.0363513513513514,5,53,48,28,1970,1970,1970.0,1,0.0,8,1,OLS,0,0,1,1,1,0,0,0,USA,1,1,0,7.58883,2.197225,-0.739999999999999,-0.10620570281905926,0.14352122002575596,48.547599999999996,6.9676107813223895,0,0,1,0.14433756729740646,1,0,0,1,1,0,0.03571428571428571,0.0012755102040816326
Koshal et al. (1976),1976,28,enrollment,tuition,-0.0336,0.0369230769230769,6,53,47,28,1970,1970,1970.0,1,0.0,8,1,OLS,0,0,1,1,1,0,0,0,USA,1,1,0,7.58883,2.197225,-0.9100000000000006,-0.131583013402394,0.14459671802460872,47.82809999999999,6.915786289352787,0,0,1,0.14586499149789456,1,0,0,1,1,0,0.03571428571428571,0.0012755102040816326
Koshal et al. (1976),1976,28,enrollment,tuition,-0.0379,0.0350925925925926,7,53,46,28,1970,1970,1970.0,1,0.0,8,1,OLS,0,0,1,1,1,0,0,0,USA,1,1,0,7.58883,2.197225,-1.0799999999999998,-0.1572560600904055,0.14560746304667177,47.1664,6.86777984504454,0,0,1,0.14744195615489714,1,0,0,1,1,0,0.03571428571428571,0.0012755102040816326
Koshal et al. (1976),1976,28,enrollment,tuition,-0.0029,0.0015183246073298,6,53,47,28,1970,1970,1970.0,1,0.0,8,1,OLS,0,0,1,1,1,0,0,0,USA,1,1,0,7.58883,2.197225,-1.9100000000000537,-0.26838101328191216,0.1405136195193218,50.64810000000019,7.11674785277659,0,0,1,0.14586499149789456,1,0,0,1,1,0,0.03571428571428571,0.0012755102040816326
Koshal et al. (1976),1976,28,enrollment,tuition,-0.0032,0.001849710982659,6,53,47,28,1970,1970,1970.0,1,0.0,8,1,OLS,0,0,1,1,1,0,0,0,USA,1,1,0,7.58883,2.197225,-1.7299999999999622,-0.24467631892593464,0.1414313982230867,49.99289999999985,7.07056574822693,0,0,1,0.14586499149789456,1,0,0,0,1,0,0.03571428571428571,0.0012755102040816326
McPherson & Schapiro (1991),1991,29,enrollment,tuition,-0.068,0.023,11,66,55,3,1974,1984,1979.0,11,2.3978952727983707,290,38,OLS,0,0,1,0,1,0,0,0,USA,1,1,1,7.596392,5.673323,-2.956521739130435,-0.37031522645504694,0.12525367953626587,63.741020793950845,7.983797391839979,0,0,1,0.13483997249264842,1,0,0,0,0,0,0.3333333333333333,0.1111111111111111
McPherson & Schapiro (1991),1991,29,enrollment,tuition,-0.036,0.006,11,60,49,3,1974,1984,1979.0,11,2.3978952727983707,290,38,OLS,0,0,1,0,1,0,0,0,USA,1,1,1,7.596392,5.673323,-5.999999999999999,-0.6507913734559685,0.1084652289093281,84.99999999999999,9.219544457292887,0,0,1,0.14285714285714285,1,0,0,0,1,0,0.3333333333333333,0.1111111111111111
McPherson & Schapiro (1991),1991,29,enrollment,tuition,-0.038,0.034,11,60,49,3,1974,1984,1979.0,11,2.3978952727983707,290,38,OLS,0,0,1,0,1,0,0,0,USA,1,1,1,7.596392,5.673323,-1.1176470588235292,-0.1576668477240217,0.1410703374372826,50.2491349480969,7.088662423059579,0,0,1,0.14285714285714285,1,0,0,0,0,1,0.3333333333333333,0.1111111111111111
Mueller & Rockerbie (2005),2005,30,enrollment,tuition,-0.265,0.0607798165137615,6,165,159,47,1992,2001,1996.5,10,2.302585092994046,42,9,FE,0,1,1,0,1,0,0,0,Canada,3,0,1,7.603399,3.7612,-4.359999999999998,-0.3267870042871854,0.07495114777229027,178.00959999999998,13.34202383448628,0,1,0,0.07930515857181442,0,1,1,0,0,1,0.02127659574468085,0.0004526935264825713
Mueller & Rockerbie (2005),2005,30,enrollment,tuition,-0.286,0.0506194690265487,3,165,162,47,1992,2001,1996.5,10,2.302585092994046,42,9,FE,0,1,0,0,1,0,0,0,Canada,3,0,1,7.603399,3.7612,-5.649999999999997,-0.40572740862709245,0.07181016081895446,193.92249999999996,13.92560591141369,0,1,0,0.07856742013183861,0,1,1,0,0,1,0.02127659574468085,0.0004526935264825713
Mueller & Rockerbie (2005),2005,30,enrollment,tuition,0.027,0.0710526315789474,6,50,44,47,1992,2001,1996.5,10,2.302585092994046,42,9,FE,0,1,1,0,1,0,0,0,Canada,3,0,1,7.603399,3.7612,0.37999999999999984,0.057193383200207774,0.15050890315844156,44.1444,6.6441252245875075,0,1,0,0.15075567228888181,0,1,1,0,0,1,0.02127659574468085,0.0004526935264825713
Mueller & Rockerbie (2005),2005,30,enrollment,tuition,-0.255,0.0858585858585859,6,49,43,47,1992,2001,1996.5,10,2.302585092994046,42,9,FE,0,1,1,0,1,0,0,0,Canada,3,0,1,7.603399,3.7612,-2.969999999999999,-0.4125760120352206,0.138914482166741,51.8209,7.198673488914468,0,1,0,0.15249857033260467,0,1,1,0,0,1,0.02127659574468085,0.0004526935264825713
Mueller & Rockerbie (2005),2005,30,enrollment,tuition,-0.24,0.0792079207920792,3,49,46,47,1992,2001,1996.5,10,2.302585092994046,42,9,FE,0,1,1,0,1,0,0,0,Canada,3,0,1,7.603399,3.7612,-3.0300000000000002,-0.4078948656820937,0.1346187675518461,55.18090000000001,7.428384750401665,0,1,0,0.14744195615489714,0,1,1,0,0,1,0.02127659574468085,0.0004526935264825713
Mueller & Rockerbie (2005),2005,30,enrollment,tuition,-0.517,0.127339901477832,6,66,60,47,1992,2001,1996.5,10,2.302585092994046,42,9,FE,0,1,1,0,1,0,0,0,Canada,3,0,1,7.603399,3.7612,-4.0600000000000165,-0.4642392680477176,0.11434464730239303,76.48360000000012,8.745490266417322,0,1,0,0.12909944487358055,0,1,1,0,0,1,0.02127659574468085,0.0004526935264825713
Mueller & Rockerbie (2005),2005,30,enrollment,tuition,-0.592,0.0794630872483221,3,66,63,47,1992,2001,1996.5,10,2.302585092994046,42,9,FE,0,1,0,0,1,0,0,0,Canada,3,0,1,7.603399,3.7612,-7.450000000000004,-0.6843724470596272,0.0918620734308224,118.50250000000005,10.885885356736036,0,1,0,0.1259881576697424,0,1,1,0,0,1,0.02127659574468085,0.0004526935264825713
Mueller & Rockerbie (2005),2005,30,enrollment,tuition,-0.242,0.0605,6,165,159,47,1992,2001,1996.5,10,2.302585092994046,42,9,FE,0,1,1,0,1,0,0,0,Canada,3,0,1,7.603399,3.7612,-4.0,-0.30237157840738177,0.07559289460184544,175.00000000000003,13.228756555322953,0,1,0,0.07930515857181442,0,1,1,0,0,1,0.02127659574468085,0.0004526935264825713
Mueller & Rockerbie (2005),2005,30,enrollment,tuition,-0.248,0.0501010101010101,3,165,162,47,1992,2001,1996.5,10,2.302585092994046,42,9,FE,0,1,0,0,1,0,0,0,Canada,3,0,1,7.603399,3.7612,-4.95,-0.36246232347541524,0.0732247118132152,186.50249999999994,13.656591814944164,0,1,0,0.07856742013183861,0,1,1,0,0,1,0.02127659574468085,0.0004526935264825713
Mueller & Rockerbie (2005),2005,30,enrollment,tuition,-0.271,0.0726541554959786,6,165,159,47,1992,2001,1996.5,10,2.302585092994046,42,9,FE,0,1,1,0,1,0,0,0,Canada,3,0,1,7.603399,3.7612,-3.7299999999999978,-0.283658064032182,0.07604773834642954,172.91289999999998,13.149634975922334,0,1,0,0.07930515857181442,0,1,1,0,0,1,0.02127659574468085,0.0004526935264825713
Mueller & Rockerbie (2005),2005,30,enrollment,tuition,-0.295,0.0603271983640082,3,165,162,47,1992,2001,1996.5,10,2.302585092994046,42,9,FE,0,1,0,0,1,0,0,0,Canada,3,0,1,7.603399,3.7612,-4.889999999999999,-0.35863694868177776,0.07334088930097707,185.91209999999995,13.634958745812177,0,1,0,0.07856742013183861,0,1,1,0,0,1,0.02127659574468085,0.0004526935264825713
Mueller & Rockerbie (2005),2005,30,enrollment,tuition,-0.569,0.0691373025516403,6,165,159,47,1992,2001,1996.5,10,2.302585092994046,42,9,FE,0,1,1,0,1,0,0,0,Canada,3,0,1,7.603399,3.7612,-8.230000000000004,-0.5465659390410483,0.0664114142212695,226.7329000000001,15.057652539489682,0,1,0,0.07930515857181442,0,1,1,0,0,1,0.02127659574468085,0.0004526935264825713
Mueller & Rockerbie (2005),2005,30,enrollment,tuition,-0.569,0.0691373025516403,6,165,159,47,1992,2001,1996.5,10,2.302585092994046,42,9,FE,0,1,1,0,1,0,0,0,Canada,3,0,1,7.603399,3.7612,-8.230000000000004,-0.5465659390410483,0.0664114142212695,226.7329000000001,15.057652539489682,0,1,0,0.07930515857181442,0,1,1,0,0,1,0.02127659574468085,0.0004526935264825713
Mueller & Rockerbie (2005),2005,30,enrollment,tuition,-0.227,0.119473684210526,6,50,44,47,1992,2001,1996.5,10,2.302585092994046,42,9,FE,0,1,1,0,1,0,0,0,Canada,3,0,1,7.603399,3.7612,-1.9000000000000052,-0.27536231884058043,0.14492753623188404,47.610000000000014,6.900000000000001,0,1,0,0.15075567228888181,0,1,1,0,0,1,0.02127659574468085,0.0004526935264825713
Mueller & Rockerbie (2005),2005,30,enrollment,tuition,-0.237,0.0894339622641509,3,50,47,47,1992,2001,1996.5,10,2.302585092994046,42,9,FE,0,0,1,0,1,0,0,0,Canada,3,0,1,7.603399,3.7612,-2.6500000000000012,-0.36054421768707495,0.13605442176870747,54.022500000000015,7.3500000000000005,0,1,0,0.14586499149789456,0,1,1,0,0,1,0.02127659574468085,0.0004526935264825713
Mueller & Rockerbie (2005),2005,30,enrollment,tuition,-0.422,0.106297229219143,6,49,43,47,1992,2001,1996.5,10,2.302585092994046,42,9,FE,0,1,1,0,1,0,0,0,Canada,3,0,1,7.603399,3.7612,-3.9700000000000215,-0.5179004487016446,0.13045351352686194,58.76090000000014,7.665565863000601,0,1,0,0.15249857033260467,0,1,1,0,0,1,0.02127659574468085,0.0004526935264825713
Mueller & Rockerbie (2005),2005,30,enrollment,tuition,-0.396,0.0956521739130435,5,49,44,47,1992,2001,1996.5,10,2.302585092994046,42,9,FE,0,1,1,0,1,0,0,0,Canada,3,0,1,7.603399,3.7612,-4.14,-0.5294671798210454,0.12789062314518007,61.1396,7.819181542847052,0,1,0,0.15075567228888181,0,1,1,0,0,1,0.02127659574468085,0.0004526935264825713
Mueller & Rockerbie (2005),2005,30,enrollment,tuition,-0.988,0.110267857142857,6,66,60,47,1992,2001,1996.5,10,2.302585092994046,42,9,FE,0,1,1,0,1,0,0,0,Canada,3,0,1,7.603399,3.7612,-8.960000000000012,-0.7564977738183063,0.08443055511365015,140.28160000000017,11.844053360231038,0,1,0,0.12909944487358055,0,1,1,0,0,1,0.02127659574468085,0.0004526935264825713
Mueller & Rockerbie (2005),2005,30,enrollment,tuition,-0.988,0.110267857142857,6,66,60,47,1992,2001,1996.5,10,2.302585092994046,42,9,FE,0,1,1,0,1,0,0,0,Canada,3,0,1,7.603399,3.7612,-8.960000000000012,-0.7564977738183063,0.08443055511365015,140.28160000000017,11.844053360231038,0,1,0,0.12909944487358055,0,1,1,0,0,1,0.02127659574468085,0.0004526935264825713
Mueller & Rockerbie (2005),2005,30,enrollment,tuition,-0.645,0.0741379310344828,6,165,159,47,1992,2001,1996.5,10,2.302585092994046,42,9,FE,0,1,1,0,1,0,0,0,Canada,3,0,1,7.603399,3.7612,-8.699999999999996,-0.5679001195865423,0.06527587581454512,234.68999999999997,15.319595294915592,0,1,0,0.07930515857181442,0,1,1,0,0,1,0.02127659574468085,0.0004526935264825713
Mueller & Rockerbie (2005),2005,30,enrollment,tuition,-0.645,0.0741379310344828,6,165,159,47,1992,2001,1996.5,10,2.302585092994046,42,9,FE,0,1,1,0,1,0,0,0,Canada,3,0,1,7.603399,3.7612,-8.699999999999996,-0.5679001195865423,0.06527587581454512,234.68999999999997,15.319595294915592,0,1,0,0.07930515857181442,0,1,1,0,0,1,0.02127659574468085,0.0004526935264825713
Mueller & Rockerbie (2005),2005,30,enrollment,tuition,-0.463,0.0799654576856649,6,165,159,47,1992,2001,1996.5,10,2.302585092994046,42,9,FE,0,1,1,0,1,0,0,0,Canada,3,0,1,7.603399,3.7612,-5.790000000000003,-0.41728811238611985,0.07207048573162689,192.52410000000003,13.875305402044312,0,1,0,0.07930515857181442,0,1,1,0,0,1,0.02127659574468085,0.0004526935264825713
Mueller & Rockerbie (2005),2005,30,enrollment,tuition,-0.409,0.0659677419354839,5,165,160,47,1992,2001,1996.5,10,2.302585092994046,42,9,FE,0,0,1,0,1,0,0,0,Canada,3,0,1,7.603399,3.7612,-6.1999999999999975,-0.440126056231526,0.07098807358573003,198.43999999999997,14.086873322352266,0,1,0,0.07905694150420949,0,1,1,0,0,1,0.02127659574468085,0.0004526935264825713
Mueller & Rockerbie (2005),2005,30,enrollment,tuition,-0.151,0.0493464052287582,6,165,159,47,1992,2001,1996.5,10,2.302585092994046,42,9,FE,0,1,1,0,1,0,0,0,Canada,3,0,1,7.603399,3.7612,-3.059999999999998,-0.23582906263896317,0.07706832112384422,168.36360000000002,12.97549999036646,0,1,0,0.07930515857181442,0,1,1,0,0,1,0.02127659574468085,0.0004526935264825713
Mueller & Rockerbie (2005),2005,30,enrollment,tuition,-0.142,0.0372703412073491,4,165,161,47,1992,2001,1996.5,10,2.302585092994046,42,9,FE,0,1,0,0,1,0,0,0,Canada,3,0,1,7.603399,3.7612,-3.8099999999999974,-0.28758517574638814,0.07548167342424891,175.51609999999994,13.24824894089781,0,1,0,0.07881104062391006,0,1,0,1,0,1,0.02127659574468085,0.0004526935264825713
Mueller & Rockerbie (2005),2005,30,enrollment,tuition,0.089,0.0539393939393939,6,50,44,47,1992,2001,1996.5,10,2.302585092994046,42,9,FE,0,1,1,0,1,0,0,0,Canada,3,0,1,7.603399,3.7612,1.6500000000000012,0.24139090773161187,0.1462975198373404,46.722500000000004,6.835385870600138,0,1,0,0.15075567228888181,0,1,0,1,0,1,0.02127659574468085,0.0004526935264825713
Mueller & Rockerbie (2005),2005,30,enrollment,tuition,0.106,0.042570281124498,3,50,47,47,1992,2001,1996.5,10,2.302585092994046,42,9,FE,0,1,0,0,1,0,0,0,Canada,3,0,1,7.603399,3.7612,2.4899999999999998,0.3413839685997146,0.13710199542157214,53.2001,7.29383986662718,0,1,0,0.14586499149789456,0,1,0,1,0,1,0.02127659574468085,0.0004526935264825713
Mueller & Rockerbie (2005),2005,30,enrollment,tuition,-0.189,0.0721374045801527,6,49,43,47,1992,2001,1996.5,10,2.302585092994046,42,9,FE,0,1,1,0,1,0,0,0,Canada,3,0,1,7.603399,3.7612,-2.6199999999999988,-0.3710274080811666,0.14161351453479648,49.86439999999999,7.061472934168903,0,1,0,0.15249857033260467,0,1,0,1,0,1,0.02127659574468085,0.0004526935264825713
Mueller & Rockerbie (2005),2005,30,enrollment,tuition,-0.16,0.0573476702508961,2,49,47,47,1992,2001,1996.5,10,2.302585092994046,42,9,FE,0,1,0,0,1,0,0,0,Canada,3,0,1,7.603399,3.7612,-2.789999999999998,-0.37694408917770217,0.13510540830742024,54.78409999999998,7.401628199254539,0,1,0,0.14586499149789456,0,1,0,1,0,1,0.02127659574468085,0.0004526935264825713
Mueller & Rockerbie (2005),2005,30,enrollment,tuition,-0.379,0.125082508250825,6,66,60,47,1992,2001,1996.5,10,2.302585092994046,42,9,FE,0,1,1,0,1,0,0,0,Canada,3,0,1,7.603399,3.7612,-3.030000000000002,-0.36429190826064706,0.12022835256126957,69.18090000000004,8.317505635705936,0,1,0,0.12909944487358055,0,1,0,1,0,1,0.02127659574468085,0.0004526935264825713
Mueller & Rockerbie (2005),2005,30,enrollment,tuition,-0.343,0.118685121107266,4,66,62,47,1992,2001,1996.5,10,2.302585092994046,42,9,FE,0,0,1,0,1,0,0,0,Canada,3,0,1,7.603399,3.7612,-2.890000000000011,-0.34455559773318273,0.11922339021909392,70.35210000000006,8.387615871032725,0,1,0,0.1270001270001905,0,1,0,1,0,1,0.02127659574468085,0.0004526935264825713
Mueller & Rockerbie (2005),2005,30,enrollment,tuition,-0.151,0.0480891719745223,6,165,159,47,1992,2001,1996.5,10,2.302585092994046,42,9,FE,0,1,1,0,1,0,0,0,Canada,3,0,1,7.603399,3.7612,-3.1399999999999992,-0.24163885545687439,0.07695504950855873,168.85960000000006,12.99459887799543,0,1,0,0.07930515857181442,0,1,0,1,0,1,0.02127659574468085,0.0004526935264825713
Mueller & Rockerbie (2005),2005,30,enrollment,tuition,-0.126,0.0371681415929204,4,165,161,47,1992,2001,1996.5,10,2.302585092994046,42,9,FE,0,1,0,0,1,0,0,0,Canada,3,0,1,7.603399,3.7612,-3.3899999999999957,-0.2581160993577787,0.0761404422884304,172.4920999999999,13.133624785260157,0,1,0,0.07881104062391006,0,1,0,1,0,1,0.02127659574468085,0.0004526935264825713
Mueller & Rockerbie (2005),2005,30,enrollment,tuition,-0.128,0.060952380952381,6,165,159,47,1992,2001,1996.5,10,2.302585092994046,42,9,FE,0,1,1,0,1,0,0,0,Canada,3,0,1,7.603399,3.7612,-2.0999999999999983,-0.16427821668313963,0.07822772223006655,163.41000000000003,12.783192089615177,0,1,0,0.07930515857181442,0,1,0,1,0,1,0.02127659574468085,0.0004526935264825713
Mueller & Rockerbie (2005),2005,30,enrollment,tuition,-0.123,0.0465909090909091,3,165,162,47,1992,2001,1996.5,10,2.302585092994046,42,9,FE,0,1,0,0,1,0,0,0,Canada,3,0,1,7.603399,3.7612,-2.6399999999999997,-0.2030951904481247,0.07692999638186543,168.96959999999999,12.998830716645246,0,1,0,0.07856742013183861,0,1,0,1,0,1,0.02127659574468085,0.0004526935264825713
Mueller & Rockerbie (2005),2005,30,enrollment,tuition,-0.384,0.0481203007518797,6,165,159,47,1992,2001,1996.5,10,2.302585092994046,42,9,FE,0,1,1,0,1,0,0,0,Canada,3,0,1,7.603399,3.7612,-7.9799999999999995,-0.5347636698150036,0.06701299120488767,222.68039999999996,14.922479686700866,0,1,0,0.07930515857181442,0,1,0,1,0,1,0.02127659574468085,0.0004526935264825713
Mueller & Rockerbie (2005),2005,30,enrollment,tuition,-0.384,0.0481203007518797,6,165,159,47,1992,2001,1996.5,10,2.302585092994046,42,9,FE,0,1,1,0,1,0,0,0,Canada,3,0,1,7.603399,3.7612,-7.9799999999999995,-0.5347636698150036,0.06701299120488767,222.68039999999996,14.922479686700866,0,1,0,0.07930515857181442,0,1,0,1,0,1,0.02127659574468085,0.0004526935264825713
Mueller & Rockerbie (2005),2005,30,enrollment,tuition,-0.173,0.0748917748917749,6,50,44,47,1992,2001,1996.5,10,2.302585092994046,42,9,FE,0,1,1,0,1,0,0,0,Canada,3,0,1,7.603399,3.7612,-2.3099999999999996,-0.3288740238521309,0.14236970729529477,49.3361,7.023966116091392,0,1,0,0.15075567228888181,0,1,0,1,0,1,0.02127659574468085,0.0004526935264825713
Mueller & Rockerbie (2005),2005,30,enrollment,tuition,-0.165,0.0717391304347826,4,50,46,47,1992,2001,1996.5,10,2.302585092994046,42,9,FE,0,1,1,0,1,0,0,0,Canada,3,0,1,7.603399,3.7612,-2.3000000000000003,-0.3211526326420427,0.13963157940958376,51.29,7.161703707917551,0,1,0,0.14744195615489714,0,1,0,1,0,1,0.02127659574468085,0.0004526935264825713
Mueller & Rockerbie (2005),2005,30,enrollment,tuition,-0.377,0.0654513888888889,6,49,43,47,1992,2001,1996.5,10,2.302585092994046,42,9,FE,0,1,1,0,1,0,0,0,Canada,3,0,1,7.603399,3.7612,-5.759999999999999,-0.6599466679233716,0.11457407429225204,76.17759999999998,8.727978001805457,0,1,0,0.15249857033260467,0,1,0,1,0,1,0.02127659574468085,0.0004526935264825713
Mueller & Rockerbie (2005),2005,30,enrollment,tuition,-0.358,0.0640429338103757,5,49,44,47,1992,2001,1996.5,10,2.302585092994046,42,9,FE,0,1,0,0,1,0,0,0,Canada,3,0,1,7.603399,3.7612,-5.589999999999998,-0.6444126224864342,0.1152795389063389,75.24809999999997,8.674566271578076,0,1,0,0.15075567228888181,0,1,0,1,0,1,0.02127659574468085,0.0004526935264825713
Mueller & Rockerbie (2005),2005,30,enrollment,tuition,-0.674,0.111774461028192,6,66,60,47,1992,2001,1996.5,10,2.302585092994046,42,9,FE,0,1,1,0,1,0,0,0,Canada,3,0,1,7.603399,3.7612,-6.030000000000021,-0.614280725234549,0.1018707670372383,96.36090000000024,9.81635879539864,0,1,0,0.12909944487358055,0,1,0,1,0,1,0.02127659574468085,0.0004526935264825713
Mueller & Rockerbie (2005),2005,30,enrollment,tuition,-0.674,0.111774461028192,6,66,60,47,1992,2001,1996.5,10,2.302585092994046,42,9,FE,0,1,1,0,1,0,0,0,Canada,3,0,1,7.603399,3.7612,-6.030000000000021,-0.614280725234549,0.1018707670372383,96.36090000000024,9.81635879539864,0,1,0,0.12909944487358055,0,1,0,1,0,1,0.02127659574468085,0.0004526935264825713
Mueller & Rockerbie (2005),2005,30,enrollment,tuition,-0.438,0.0604137931034483,6,165,159,47,1992,2001,1996.5,10,2.302585092994046,42,9,FE,0,1,1,0,1,0,0,0,Canada,3,0,1,7.603399,3.7612,-7.249999999999997,-0.4984466269138868,0.06875125888467407,211.56249999999997,14.545188207788856,0,1,0,0.07930515857181442,0,1,0,1,0,1,0.02127659574468085,0.0004526935264825713
Mueller & Rockerbie (2005),2005,30,enrollment,tuition,-0.438,0.0604137931034483,6,165,159,47,1992,2001,1996.5,10,2.302585092994046,42,9,FE,0,1,1,0,1,0,0,0,Canada,3,0,1,7.603399,3.7612,-7.249999999999997,-0.4984466269138868,0.06875125888467407,211.56249999999997,14.545188207788856,0,1,0,0.07930515857181442,0,1,0,1,0,1,0.02127659574468085,0.0004526935264825713
Mueller & Rockerbie (2005),2005,30,enrollment,tuition,-0.287,0.0514336917562724,6,165,159,47,1992,2001,1996.5,10,2.302585092994046,42,9,FE,0,1,1,0,1,0,0,0,Canada,3,0,1,7.603399,3.7612,-5.579999999999999,-0.40467051820397115,0.07252159824443928,190.13639999999998,13.788995612444003,0,1,0,0.07930515857181442,0,1,0,1,0,1,0.02127659574468085,0.0004526935264825713
Mueller & Rockerbie (2005),2005,30,enrollment,tuition,-0.287,0.0514336917562724,6,165,159,47,1992,2001,1996.5,10,2.302585092994046,42,9,FE,0,1,1,0,1,0,0,0,Canada,3,0,1,7.603399,3.7612,-5.579999999999999,-0.40467051820397115,0.07252159824443928,190.13639999999998,13.788995612444003,0,1,0,0.07930515857181442,0,1,0,1,0,1,0.02127659574468085,0.0004526935264825713
Murphy & Trandel (1994),1994,31,enrollment,tuition,0.055,0.102,16,55,39,2,1978,1987,1982.5,10,2.302585092994046,83,6,FE,0,0,1,0,0,1,0,0,USA,1,1,1,7.597898,4.430817,0.5392156862745099,0.08602354557754295,0.159534575434716,39.29075355632449,6.268233687118284,1,0,0,0.16012815380508713,1,0,0,0,0,0,0.5,0.25
Murphy & Trandel (1994),1994,31,enrollment,tuition,0.114,0.101,16,55,39,2,1978,1987,1982.5,10,2.302585092994046,83,6,FE,0,0,1,0,0,1,0,0,USA,1,1,1,7.597898,4.430817,1.1287128712871286,0.1778570701178993,0.1575751235255073,40.27399274580925,6.346179381786277,1,0,0,0.16012815380508713,1,0,0,0,0,0,0.5,0.25
Noorbakhsh & Culp (2002),2002,32,enrollment,tuition,-1.15,0.35,3,12,9,4,1985,2006,1995.5,22,3.091042453358316,33,4,OLS,0,0,1,0,0,1,0,0,USA,1,1,1,7.601902,3.526361,-3.2857142857142856,-0.738485493928126,0.2247564546737775,19.79591836734693,4.44926042925641,1,0,0,0.3333333333333333,1,0,0,0,0,1,0.25,0.0625
Noorbakhsh & Culp (2002),2002,32,enrollment,tuition,-1.87,0.49,3,12,9,4,1985,2006,1995.5,22,3.091042453358316,33,4,OLS,0,0,1,0,0,1,0,0,USA,1,1,1,7.601902,3.526361,-3.8163265306122454,-0.7861724322414547,0.2060024020311833,23.564348188254893,4.85431232907967,1,0,0,0.3333333333333333,1,0,0,0,0,1,0.25,0.0625
Noorbakhsh & Culp (2002),2002,32,enrollment,tuition,-0.37,0.34,3,12,9,4,1985,2006,1995.5,22,3.091042453358316,33,4,OLS,0,0,1,0,0,1,0,0,USA,1,1,1,7.601902,3.526361,-1.088235294117647,-0.34100296255394646,0.3133540736982211,10.184256055363322,3.1912781225338733,1,0,0,0.3333333333333333,1,0,0,0,0,1,0.25,0.0625
Noorbakhsh & Culp (2002),2002,32,enrollment,tuition,-0.77,0.32,3,12,9,4,1985,2006,1995.5,22,3.091042453358316,33,4,OLS,0,0,1,0,0,1,0,0,USA,1,1,1,7.601902,3.526361,-2.40625,-0.6256854940024454,0.26002514036465263,14.790039062500002,3.8457819832252587,1,0,0,0.3333333333333333,1,0,0,0,0,1,0.25,0.0625
Ordovensky (1995),1995,33,prob enrol,cost/inc,-0.04136,0.01483,22,5691,5669,5,1980,1980,1980.0,1,0.0,79,17,Logit,0,1,0,1,0,0,0,0,USA,1,1,1,7.598399,4.382027,-2.7889413351314905,-0.03701590878300279,0.013272387022532188,5676.778193770805,75.34439722879735,0,0,1,0.013281489140293572,0,0,0,0,0,0,0.2,0.04
Ordovensky (1995),1995,33,prob enrol,cost/inc,0.129,0.1094,22,5691,5669,5,1980,1980,1980.0,1,0.0,79,17,Logit,0,1,0,1,0,0,0,0,USA,1,1,1,7.598399,4.382027,1.1791590493601463,0.015659067903719903,0.013279860687340755,5670.390416063688,75.30199476815795,0,0,1,0.013281489140293572,0,0,0,0,0,0,0.2,0.04
Ordovensky (1995),1995,33,prob enrol,cost/inc,-1.1101,0.3154,22,5691,5669,5,1980,1980,1980.0,1,0.0,79,17,Logit,0,1,0,1,0,0,0,0,USA,1,1,1,7.598399,4.382027,-3.519657577679138,-0.04669530207688269,0.01326700141883506,5681.387989464113,75.37498251717285,0,0,1,0.013281489140293572,0,0,0,0,0,0,0.2,0.04
Ordovensky (1995),1995,33,prob enrol,cost/inc,-0.5773,0.2532,22,5691,5669,5,1980,1980,1980.0,1,0.0,79,17,Logit,0,1,0,1,0,0,0,0,USA,1,1,1,7.598399,4.382027,-2.2800157977883098,-0.030268130302905236,0.013275403763546866,5674.198472038163,75.32727575080732,0,0,1,0.013281489140293572,0,0,0,0,0,0,0.2,0.04
Ordovensky (1995),1995,33,prob enrol,cost/inc,-0.1072,0.0548,22,5691,5669,5,1980,1980,1980.0,1,0.0,79,17,Logit,0,1,0,1,0,0,0,0,USA,1,1,1,7.598399,4.382027,-1.9562043795620438,-0.025972542601226046,0.013277008717790926,5672.826735574618,75.31817002274165,0,0,1,0.013281489140293572,0,0,0,0,0,0,0.2,0.04
Parker & Summers (1993),1993,34,enrollment,tuition,-0.3,0.208333333333333,9,117,108,5,1988,1990,1989.0,3,1.0986122886681098,49,10,OLS,0,0,0,1,0,1,0,0,USA,1,1,1,7.597396,3.912023,-1.4400000000000022,-0.13725270326150346,0.09531437726493282,110.07359999999998,10.491596637309309,1,0,0,0.09622504486493763,1,0,0,0,1,0,0.2,0.04
Parker & Summers (1993),1993,34,enrollment,tuition,-0.36,0.152542372881355,7,139,132,5,1988,1990,1989.0,3,1.0986122886681098,49,10,OLS,0,0,0,1,0,1,0,0,USA,1,1,1,7.597396,3.912023,-2.3600000000000145,-0.20121055811926586,0.085258711067485,137.5696000000001,11.729006778069492,1,0,0,0.08703882797784893,1,0,0,0,1,0,0.2,0.04
Parker & Summers (1993),1993,34,enrollment,tuition,-0.347,0.16214953271028,10,118,108,5,1988,1990,1989.0,3,1.0986122886681098,49,10,OLS,0,0,0,1,0,1,0,0,USA,1,1,1,7.597396,3.912023,-2.140000000000005,-0.20168979414854224,0.09424756735913167,112.57960000000001,10.610353434264102,1,0,0,0.09622504486493763,1,0,0,0,1,0,0.2,0.04
Parker & Summers (1993),1993,34,enrollment,tuition,-0.289,0.17,11,33,22,5,1988,1990,1989.0,3,1.0986122886681098,49,10,OLS,0,0,0,1,0,1,0,0,USA,1,1,1,7.597396,3.912023,-1.6999999999999997,-0.3407504774857841,0.2004414573445789,24.89,4.988987873306568,1,0,0,0.21320071635561041,1,0,0,0,1,0,0.2,0.04
Parker & Summers (1993),1993,34,enrollment,tuition,-0.482,0.10126050420168,5,144,139,5,1988,1990,1989.0,3,1.0986122886681098,49,10,OLS,0,0,0,1,0,1,0,0,USA,1,1,1,7.597396,3.912023,-4.760000000000032,-0.37437676677133785,0.07865058125448222,161.65760000000026,12.714464204204605,1,0,0,0.08481889296799709,1,0,0,0,1,0,0.2,0.04
Paulsen & Pogue (1988),1988,35,enrollment,tuition,-0.23,0.05,6,64,58,6,1966,1981,1973.5,16,2.772588722239781,36,4,OLS,0,0,1,1,0,1,0,0,USA,1,1,1,7.594884,3.610918,-4.6,-0.5170171375940477,0.1123950299117495,79.15999999999998,8.897190567814087,1,0,0,0.13130643285972254,1,0,0,0,1,0,0.16666666666666666,0.027777777777777776
Paulsen & Pogue (1988),1988,35,enrollment,tuition,-0.23,0.05,8,64,56,6,1966,1981,1973.5,16,2.772588722239781,36,4,OLS,0,0,1,1,0,1,0,0,USA,1,1,1,7.594884,3.610918,-4.6,-0.523674856286105,0.11384236006219675,77.15999999999997,8.784076502399097,1,0,0,0.1336306209562122,1,0,0,0,1,0,0.16666666666666666,0.027777777777777776
Paulsen & Pogue (1988),1988,35,enrollment,tuition,-0.24,0.05,8,64,56,6,1966,1981,1973.5,16,2.772588722239781,36,4,OLS,0,0,1,1,0,1,0,0,USA,1,1,1,7.594884,3.610918,-4.8,-0.5399055247990171,0.1124803176664619,79.03999999999999,8.890444308357146,1,0,0,0.1336306209562122,1,0,0,0,1,0,0.16666666666666666,0.027777777777777776
Paulsen & Pogue (1988),1988,35,enrollment,tuition,-0.22,0.04,9,64,55,6,1966,1981,1973.5,16,2.772588722239781,36,4,OLS,0,0,1,1,0,1,0,0,USA,1,1,1,7.594884,3.610918,-5.5,-0.5956833971812706,0.10830607221477648,85.24999999999999,9.233092656309694,1,0,0,0.13483997249264842,1,0,0,0,1,0,0.16666666666666666,0.027777777777777776
Paulsen & Pogue (1988),1988,35,enrollment,tuition,0.03,0.12,7,64,57,6,1966,1981,1973.5,16,2.772588722239781,36,4,OLS,0,0,1,1,0,1,0,0,USA,1,1,1,7.594884,3.610918,0.25,0.03309516961607476,0.13238067846429905,57.06249999999999,7.553972464869063,1,0,0,0.13245323570650439,1,0,0,0,1,0,0.16666666666666666,0.027777777777777776
Paulsen & Pogue (1988),1988,35,enrollment,tuition,-0.29,0.05,7,64,57,6,1966,1981,1973.5,16,2.772588722239781,36,4,OLS,0,0,1,1,0,1,0,0,USA,1,1,1,7.594884,3.610918,-5.799999999999999,-0.609211433057273,0.10503645397539191,90.64000000000003,9.520504188329525,1,0,0,0.13245323570650439,1,0,0,0,1,0,0.16666666666666666,0.027777777777777776
Quigley & Rubinfeld (1993),1993,36,enrollment,tuition,-0.0085,0.0025,8,50,42,2,1985,1985,1985.0,1,0.0,45,0,OLS,0,1,0,1,1,0,0,0,USA,1,1,0,7.597396,3.828641,-3.4000000000000004,-0.4645779923525673,0.1366405859860492,53.56,7.318469785412795,0,0,1,0.1543033499620919,1,0,0,0,0,1,0.5,0.25
Quigley & Rubinfeld (1993),1993,36,enrollment,tuition,-0.0076,0.0038,8,50,42,2,1985,1985,1985.0,1,0.0,45,0,3SLS,1,1,0,1,1,0,0,0,USA,1,1,0,7.597396,3.828641,-2.0,-0.29488391230979427,0.14744195615489714,46.0,6.782329983125268,0,0,1,0.1543033499620919,0,0,0,0,0,1,0.5,0.25
Quinn & Price (1998),1998,37,enrollment,tuition,-0.1579,0.0898793260473588,6,42,36,12,1948,1989,1968.5,42,3.7376696182833684,18,7,OLS,0,1,1,0,0,1,0,0,USA,1,1,1,7.599902,2.944439,-1.7568000000000006,-0.2810022422455664,0.1599511852490701,39.08634623999999,6.251907408143533,1,0,0,0.16666666666666666,1,0,0,0,0,0,0.08333333333333333,0.006944444444444444
Quinn & Price (1998),1998,37,enrollment,tuition,-0.089,0.142559666826846,6,42,36,12,1948,1989,1968.5,42,3.7376696182833684,18,7,OLS,0,1,1,0,0,1,0,0,USA,1,1,1,7.599902,2.944439,-0.6243000000000002,-0.10349128896193696,0.16577172667297282,36.38975048999999,6.032391771925957,1,0,0,0.16666666666666666,1,0,0,0,0,0,0.08333333333333333,0.006944444444444444
Quinn & Price (1998),1998,37,enrollment,tuition,-0.238,0.0738923903256854,7,42,35,12,1948,1989,1968.5,42,3.7376696182833684,18,7,GLS,0,1,1,0,0,1,0,0,USA,1,1,1,7.599902,2.944439,-3.2208999999999985,-0.4781594751903613,0.1484552377255927,45.374196809999994,6.736037174036378,1,0,0,0.1690308509457033,0,0,0,0,0,0,0.08333333333333333,0.006944444444444444
Quinn & Price (1998),1998,37,enrollment,tuition,0.1971,0.231338028169014,7,42,35,12,1948,1989,1968.5,42,3.7376696182833684,18,7,OLS,0,1,1,0,0,1,0,0,USA,1,1,1,7.599902,2.944439,0.8520000000000003,0.1425436848211389,0.16730479439100804,35.72590400000001,5.977115023152893,1,0,0,0.1690308509457033,1,0,0,0,0,0,0.08333333333333333,0.006944444444444444
Quinn & Price (1998),1998,37,enrollment,tuition,-0.092,0.1224381155177,9,42,33,12,1948,1989,1968.5,42,3.7376696182833684,18,7,GLS,0,1,1,0,0,1,0,0,USA,1,1,1,7.599902,2.944439,-0.7514000000000018,-0.12969715214974248,0.17260733583942262,33.564601960000005,5.793496522826263,1,0,0,0.17407765595569785,0,0,0,0,0,0,0.08333333333333333,0.006944444444444444
Quinn & Price (1998),1998,37,enrollment,tuition,-0.1395,0.125011201720584,9,42,33,12,1948,1989,1968.5,42,3.7376696182833684,18,7,GLS,0,1,1,0,0,1,0,0,USA,1,1,1,7.599902,2.944439,-1.1159000000000026,-0.19068881331110074,0.1708834244207369,34.24523281000001,5.851942652658176,1,0,0,0.17407765595569785,0,0,0,0,0,0,0.08333333333333333,0.006944444444444444
Quinn & Price (1998),1998,37,enrollment,tuition,-0.2382,0.0916048148290582,10,42,32,12,1948,1989,1968.5,42,3.7376696182833684,18,7,GLS,0,1,1,0,0,1,0,0,USA,1,1,1,7.599902,2.944439,-2.6002999999999994,-0.41765994965265923,0.16061990910766424,38.76156008999999,6.2258782585270644,1,0,0,0.17677669529663687,0,0,0,0,0,0,0.08333333333333333,0.006944444444444444
Quinn & Price (1998),1998,37,enrollment,tuition,-0.3814,0.0828392085315263,10,42,32,12,1948,1989,1968.5,42,3.7376696182833684,18,7,GLS,0,1,1,0,0,1,0,0,USA,1,1,1,7.599902,2.944439,-4.604099999999997,-0.6312453174812149,0.13710504061189274,53.19773680999997,7.293677865795827,1,0,0,0.17677669529663687,0,0,0,0,0,0,0.08333333333333333,0.006944444444444444
Quinn & Price (1998),1998,37,enrollment,tuition,-0.1292,0.187899941826643,9,42,33,12,1948,1989,1968.5,42,3.7376696182833684,18,7,OLS,0,1,1,0,0,1,0,0,USA,1,1,1,7.599902,2.944439,-0.6876000000000015,-0.11884745527608778,0.17284388492741057,33.47279376,5.785567712852387,1,0,0,0.17407765595569785,1,0,0,0,0,0,0.08333333333333333,0.006944444444444444
Quinn & Price (1998),1998,37,enrollment,tuition,-0.1014,0.226490953763681,9,42,33,12,1948,1989,1968.5,42,3.7376696182833684,18,7,OLS,0,1,1,0,0,1,0,0,USA,1,1,1,7.599902,2.944439,-0.4477000000000001,-0.07769895994450314,0.17355139590016333,33.200435289999994,5.761981889072543,1,0,0,0.17407765595569785,1,0,0,0,0,0,0.08333333333333333,0.006944444444444444
Quinn & Price (1998),1998,37,enrollment,tuition,-0.1486,0.174967620393265,10,42,32,12,1948,1989,1968.5,42,3.7376696182833684,18,7,OLS,0,1,1,0,0,1,0,0,USA,1,1,1,7.599902,2.944439,-0.8493000000000003,-0.1484724173878238,0.17481739949113828,32.721310490000015,5.720254407803906,1,0,0,0.17677669529663687,1,0,0,0,0,0,0.08333333333333333,0.006944444444444444
Quinn & Price (1998),1998,37,enrollment,tuition,-0.1399,0.216865602232212,10,42,32,12,1948,1989,1968.5,42,3.7376696182833684,18,7,OLS,0,1,1,0,0,1,0,0,USA,1,1,1,7.599902,2.944439,-0.6451000000000002,-0.11330427556406746,0.17563831276401706,32.41615401000001,5.693518596614926,1,0,0,0.17677669529663687,1,0,0,0,0,0,0.08333333333333333,0.006944444444444444
Savoca (1990),1990,38,enrollment,cost/inc,-0.2419,0.158,11,3132,3121,1,1972,1972,1972.0,1,0.0,84,11,3SLS,1,0,0,1,1,0,0,0,USA,1,1,1,7.59589,4.442651,-1.531012658227848,-0.027394846527136613,0.01789328545385525,3123.3439997596543,55.886885758285494,0,0,1,0.01790000349050102,1,0,0,0,0,1,1.0,1.0
Shin & Milton (2008),2008,39,enrollment,tuition,0.003,0.009,7,396,389,11,2002,2002,2002.0,1,0.0,21,0,OLS,0,0,0,1,0,0,1,0,USA,1,1,1,7.604895,3.091043,0.33333333333333337,0.01689825771046658,0.05069477313139974,389.1111111111112,19.725899500684655,0,0,1,0.05070201265633938,1,0,0,0,0,1,0.09090909090909091,0.008264462809917356
Shin & Milton (2008),2008,39,enrollment,tuition,-0.003,0.022,7,237,230,11,2002,2002,2002.0,1,0.0,21,0,OLS,0,0,0,1,0,0,1,0,USA,1,1,1,7.604895,3.091043,-0.13636363636363638,-0.008991188457460454,0.06593538202137665,230.01859504132236,15.166363936069923,0,0,1,0.0659380473395787,1,0,0,0,0,1,0.09090909090909091,0.008264462809917356
Shin & Milton (2008),2008,39,enrollment,tuition,-0.015,0.006,7,459,452,11,2002,2002,2002.0,1,0.0,21,0,OLS,0,0,0,1,0,0,1,0,USA,1,1,1,7.604895,3.091043,-2.5,-0.11678545896676293,0.04671418358670517,458.25000000000006,21.406774628607646,0,0,1,0.047036043419179864,1,0,0,0,0,1,0.09090909090909091,0.008264462809917356
Shin & Milton (2008),2008,39,enrollment,tuition,-0.003,0.041,7,442,435,11,2002,2002,2002.0,1,0.0,21,0,OLS,0,0,0,1,0,0,1,0,USA,1,1,1,7.604895,3.091043,-0.07317073170731707,-0.0035082464700636716,0.047946035090870184,435.0053539559785,20.856781965489752,0,0,1,0.04794633014853841,1,0,0,0,0,1,0.09090909090909091,0.008264462809917356
Shin & Milton (2008),2008,39,enrollment,tuition,-0.006,0.023,7,438,431,11,2002,2002,2002.0,1,0.0,21,0,OLS,0,0,0,1,0,0,1,0,USA,1,1,1,7.604895,3.091043,-0.2608695652173913,-0.012564652893540985,0.04816450275857378,431.06805293005664,20.76217842448274,0,0,1,0.0481683050859088,1,0,0,0,0,1,0.09090909090909091,0.008264462809917356
Shin & Milton (2008),2010,39,enrollment,tuition,-0.001,0.006,6,396,390,11,2004,2004,2004.0,1,0.0,21,0,OLS,0,0,0,1,0,0,1,0,USA,1,1,1,7.604895,3.091043,-0.16666666666666666,-0.008439194189944916,0.0506351651396695,390.0277777777777,19.749120936836093,0,0,1,0.05063696835418333,1,0,0,0,0,1,0.09090909090909091,0.008264462809917356
Shin & Milton (2008),2008,39,enrollment,tuition,-0.004,0.03,6,237,231,11,2004,2004,2004.0,1,0.0,21,0,OLS,0,0,0,1,0,0,1,0,USA,1,1,1,7.604895,3.091043,-0.13333333333333333,-0.008772351712193227,0.0657926378414492,231.01777777777778,15.199268988269724,0,0,1,0.0657951694959769,1,0,0,0,0,1,0.09090909090909091,0.008264462809917356
Shin & Milton (2008),2008,39,enrollment,tuition,-0.009,0.023,6,459,453,11,2004,2004,2004.0,1,0.0,21,0,OLS,0,0,0,1,0,0,1,0,USA,1,1,1,7.604895,3.091043,-0.3913043478260869,-0.018381975655763598,0.046976160009173644,453.15311909262766,21.287393431151397,0,0,1,0.046984098573493956,1,0,0,0,0,1,0.09090909090909091,0.008264462809917356
Shin & Milton (2008),2008,39,enrollment,tuition,0.002,0.079,6,442,436,11,2004,2004,2004.0,1,0.0,21,0,OLS,0,0,0,1,0,0,1,0,USA,1,1,1,7.604895,3.091043,0.02531645569620253,0.0012124374445777097,0.04789127906081953,436.000640922929,20.880628365136165,0,0,1,0.04789131426105757,1,0,0,0,0,1,0.09090909090909091,0.008264462809917356
Shin & Milton (2008),2008,39,enrollment,tuition,-0.005,0.037,6,438,432,11,2004,2004,2004.0,1,0.0,21,0,OLS,0,0,0,1,0,0,1,0,USA,1,1,1,7.604895,3.091043,-0.13513513513513514,-0.006501554805188094,0.048111505558391894,432.01826150474795,20.785048989712482,0,0,1,0.048112522432468816,1,0,0,0,0,1,0.09090909090909091,0.008264462809917356
Shin & Milton (2008),2008,39,enrollment,tuition,-0.013,0.006,6,459,453,11,2004,2004,2004.0,1,0.0,21,0,OLS,0,0,0,1,0,0,1,0,USA,1,1,1,7.604895,3.091043,-2.1666666666666665,-0.10127547329221721,0.04674252613486948,457.6944444444445,21.393794531229013,0,0,1,0.046984098573493956,1,0,0,0,0,1,0.09090909090909091,0.008264462809917356
Sulock (1982),1982,40,enrollment,tuition,-0.25,0.19685039370078738,7,126,119,1,1969,1969,1969.0,1,0.0,13,2,OLS,0,0,1,1,0,1,0,0,USA,1,1,1,7.591862,2.639057,-1.27,-0.11563966931992146,0.09105485773222162,120.6129,10.982390450170673,0,0,1,0.09166984970282113,1,0,0,0,0,1,1.0,1.0
Tannen (1978),1978,41,enrollment,tuition,-0.0002711,5.564e-05,9,53,44,2,1959,1969,1964.0,2,0.6931471805599453,35,1,OLS,0,0,1,1,1,0,0,0,USA,1,1,1,7.589841,3.583519,-4.872393961179007,-0.59199642699398,0.12150011507910385,67.74022291293366,8.230444879405589,0,0,1,0.15075567228888181,1,0,1,0,0,0,0.5,0.25
Tannen (1978),1979,41,enrollment,tuition,-0.0002428,5.316e-05,9,53,44,2,1959,1969,1964.0,2,0.6931471805599453,35,1,OLS,0,0,1,1,1,0,0,0,USA,1,1,1,7.589841,3.583519,-4.567343867569601,-0.5671176043255847,0.12416792358298222,64.86063000462563,8.05360974995844,0,0,1,0.15075567228888181,1,0,1,0,0,0,0.5,0.25
Toutkoushian & Hollis (1998),1998,42,enrollment,tuition,-0.115,0.033,12,750,738,1,1982,1996,1989.0,15,2.70805020110221,52,0,2SLS,1,1,1,0,0,1,0,0,USA,1,1,1,7.599902,3.970292,-3.484848484848485,-0.12723644653259356,0.03651132813543989,750.1441689623509,27.388759901871257,0,1,0,0.036810508691615514,0,0,0,0,0,1,1.0,1.0
Tuckman (1970),1970,43,enrollment,tuition,0.016,0.0059259259259259,4,53,49,2,1963,1963,1963.0,1,0.0,89,0,OLS,0,0,1,1,1,0,0,0,USA,1,1,0,7.585789,4.49981,2.700000000000012,0.3598720682262389,0.1332859511949027,56.29000000000008,7.502666192761082,0,0,1,0.14285714285714285,1,0,0,0,0,1,0.5,0.25
Tuckman (1970),1970,43,enrollment,tuition,0.028,0.004,4,53,49,2,1963,1963,1963.0,1,0.0,89,0,OLS,0,0,1,1,1,0,0,0,USA,1,1,1,7.585789,4.49981,7.0,0.7071067811865476,0.10101525445522108,97.99999999999999,9.899494936611665,0,0,1,0.14285714285714285,1,0,0,0,0,1,0.5,0.25
