AUTHOR,ID,OUTPUT,dep_var,GDP_pc,GDP_growth,GDP_nr,EXP_VAR,RES_ABUNDANCE,NATURALR,POINTR,OILR,EFFECT_SIZE,EFFECT_SIZE_SE,BETA_INTERACTION,INTERACTION_SE,INSTITUTION_MEAN,NO_EXP,NO_OBS,NO_COUNTRY,NO_TIME,INST_TYPE,INSTITUTION,INTERACTION,INVESTMENT,SCHOOLING,TOT,OPENNESS,iGDP,OLS,ENDOGENEITY,sxp,DUMMY60,DUMMY70,DUMMY80,DUMMY90,DUMMY00,YEAR,GOOGLE,IDEASREPEC,MODEL,METHOD,REVIEW,REGION,INDEX,LITERATURE,NO_STUDY,DF,SXP,SXP_SE,TSTAT,PCC,PCC_SE,prec,invperst,INVSE,SXPSE,CROSS,PANEL,TIME_SERIES,instrument,NO_OBSSE,NO_EXPSE,DFSE,NO_COUNTRYSE,NO_TIMESE,YEARSE,INDEXSE,GOOGLESE,REVIEWSE,INSTITUTIONSE,INTERACTIONSE,TOTSE,OPENNESSE,iGDPSE,INVESTMENTSE,SCHOOLINGSE,NATURALRSE,POINTRSE,OILRSE,GDPpcSE,GDPgrowthSE,GDPnrSE,CROSSSE,PANELSE,TIME_SERISSE,ENDOGENEITYSE,OLSSE,REGIONSE,DUMMY60SE,DUMMY70SE,DUMMY80SE,DUMMY90SE,DUMMY00SE,IV,IVSE,LN_NO_OBS,LN_NO_EXP,LN_NO_COUNTRY,LN_NO_TIME,LN_YEAR,LN_INDEX,LN_GOOGLE,LN_NO_OBSSE,LN_NO_EXPSE,LN_NO_COUNTRYSE,LN_NO_TIMESE,LN_YEARSE,LN_INDEXSE,LN_GOOGLESE,LN_DF,RES_ABUNDANCESE
Sachs and Warner,1,1,Average GDP growth 1970-89,0,1,0,Primary exports/GDP in 1971 (SXP),0.0,1,0,0,-6.92,2.1097560975609757,0.0,0.0,0.0,2,95,95,1,,0,0,1,1,0,0,1,1.0,0,-6.92,0,1,0,0,0,1995,3258,433,cross-sectional,OLS,0,1,0.087,"Jeffrey D. Sachs & Andrew M. Warner, 1995. ""Natural Resource Abundance and Economic Growth,"" NBER Working Papers 5398, National Bureau of Economic Research, Inc.",21,93.0,-6.92,2.109756,-3.2800002,-0.3220047,0.09817216,103.758415,0.04761905,10.186188,-3.2800002,1.0,0.0,0.0,0.10369517,967.6878,20.372375,947.3154,967.6878,10.186188,20321.443,0.8861983,33186.598,0.0,0.0,0.0,0.0,0.0,10.186188,10.186188,10.186188,10.186188,0.0,0.0,0.0,10.186188,0.0,10.186188,0.0,0.0,0.0,10.186188,10.186188,0.0,10.186188,0.0,0.0,0.0,,,4.564348,1.0986123,4.564348,0.6931472,7.5989003,0.08342161,8.089175,46.493305,11.190671,46.493305,7.0605273,77.403824,0.84974813,82.39786,4.543295,0.0
Sachs and Warner,1,2,Average GDP growth 1970-89,0,1,0,Primary exports/GDP in 1971 (SXP),0.0,1,0,0,-4.687,1.8251557632398754,0.0,0.0,0.0,3,89,89,1,,0,0,1,1,0,1,1,1.0,0,-4.687,0,1,0,0,0,1995,3258,433,cross-sectional,OLS,0,1,0.087,,21,86.0,-4.687,1.8251557,-2.5679998,-0.26687145,0.10392191,92.59462,0.04761905,9.62261,-2.5679998,1.0,0.0,0.0,0.107832775,856.41223,28.867828,827.54443,856.41223,9.62261,19197.105,0.837167,31350.463,0.0,0.0,0.0,0.0,9.62261,9.62261,9.62261,9.62261,9.62261,0.0,0.0,0.0,9.62261,0.0,9.62261,0.0,0.0,0.0,9.62261,9.62261,0.0,9.62261,0.0,0.0,0.0,,,4.4998097,1.3862944,4.4998097,0.6931472,7.5989003,0.08342161,8.089175,43.29991,13.339769,43.29991,6.6698847,73.121254,0.8027336,77.838974,4.465908,0.0
Sachs and Warner,1,3,Average GDP growth 1970-89,0,1,0,Primary exports/GDP in 1971 (SXP),0.0,1,0,0,-5.019,1.7354771784232366,0.0,0.0,0.0,4,88,88,1,,0,0,1,1,0,1,1,1.0,0,-5.019,0,1,0,0,0,1995,3258,433,cross-sectional,OLS,0,1,0.087,,21,84.0,-5.019,1.7354772,-2.892,-0.30091769,0.10405176,92.363655,0.04761905,9.610601,-2.892,1.0,0.0,0.0,0.10910895,845.7329,38.442406,807.2905,845.7329,9.610601,19173.15,0.83612233,31311.34,0.0,0.0,0.0,0.0,9.610601,9.610601,9.610601,9.610601,9.610601,0.0,0.0,0.0,9.610601,0.0,9.610601,0.0,0.0,0.0,9.610601,9.610601,0.0,9.610601,0.0,0.0,0.0,,,4.4886365,1.609438,4.4886365,0.6931472,7.5989003,0.08342161,8.089175,43.138496,15.467667,43.138496,6.6615615,73.03,0.8017318,77.74184,4.4426513,0.0
Sachs and Warner,1,4,Average GDP growth 1970-89,0,1,0,Primary exports/GDP in 1971 (SXP),0.0,1,0,0,-7.806,2.6532970768184905,0.0,0.0,0.0,5,56,56,1,Bureaucracy,1,0,1,1,0,1,1,1.0,0,-7.806,0,1,0,0,0,1995,3258,433,cross-sectional,OLS,0,1,0.087,,21,51.0,-7.806,2.6532972,-2.942,-0.38090608,0.12947182,59.65536,0.04761905,7.723688,-2.942,1.0,0.0,0.0,0.14002801,432.52655,38.618443,393.9081,432.52655,7.723688,15408.758,0.6719609,25163.775,0.0,7.723688,0.0,0.0,7.723688,7.723688,7.723688,7.723688,7.723688,0.0,0.0,0.0,7.723688,0.0,7.723688,0.0,0.0,0.0,7.723688,7.723688,0.0,7.723688,0.0,0.0,0.0,,,4.0430512,1.7917595,4.0430512,0.6931472,7.5989003,0.08342161,8.089175,31.227268,13.838992,31.227268,5.353653,58.691536,0.6443225,62.478268,3.9512436,0.0
Sachs and Warner,1,5,Average GDP growth 1970-89,0,1,0,Primary exports/GDP in 1971 (SXP),0.0,1,0,0,-7.104,2.7291586630810603,0.0,0.0,0.0,6,56,56,1,Bureaucracy,1,0,1,1,1,1,1,1.0,0,-7.104,0,1,0,0,0,1995,3258,433,cross-sectional,OLS,0,1,0.087,,21,50.0,-7.104,2.7291586,-2.6030002,-0.34545645,0.13271472,56.77561,0.04761905,7.5349593,-2.6030002,1.0,0.0,0.0,0.14142136,421.95773,45.209755,376.74796,421.95773,7.5349593,15032.244,0.6555415,24548.896,0.0,7.5349593,0.0,7.5349593,7.5349593,7.5349593,7.5349593,7.5349593,7.5349593,0.0,0.0,0.0,7.5349593,0.0,7.5349593,0.0,0.0,0.0,7.5349593,7.5349593,0.0,7.5349593,0.0,0.0,0.0,,,4.0430512,1.9459101,4.0430512,0.6931472,7.5989003,0.08342161,8.089175,30.464226,14.6623535,30.464226,5.222836,57.257404,0.6285784,60.951607,3.9318256,0.0
Sachs and Warner,1,6,Average GDP growth 1970-89,0,1,0,Primary exports/GDP in 1971 (SXP),0.0,1,0,0,-5.925,2.6182059213433497,0.0,0.0,0.0,7,40,40,1,Bureaucracy,1,0,1,1,1,1,1,1.0,0,-5.925,0,1,0,0,0,1995,3258,433,cross-sectional,OLS,0,1,0.087,,21,33.0,-5.925,2.618206,-2.263,-0.36652318,0.1619634,38.12117,0.04761905,6.1742344,-2.263,1.0,0.0,0.0,0.17407766,246.96938,43.21964,203.74973,246.96938,6.1742344,12317.598,0.53715837,20115.656,0.0,6.1742344,0.0,6.1742344,6.1742344,6.1742344,6.1742344,6.1742344,6.1742344,0.0,0.0,0.0,6.1742344,0.0,6.1742344,0.0,0.0,0.0,6.1742344,6.1742344,0.0,6.1742344,0.0,0.0,0.0,,,3.713572,2.0794415,3.713572,0.6931472,7.5989003,0.08342161,8.089175,22.928463,12.83896,22.928463,4.279653,46.917393,0.5150646,49.94446,3.5263605,0.0
Sachs and Warner,1,7,Average GDP growth 1970-89,0,1,0,Primary exports/GDP in 1971 (SXP),0.0,1,0,0,-4.687,1.8251557632398754,0.0,0.0,0.0,3,89,89,1,,0,0,1,1,0,1,1,1.0,0,-4.687,0,1,0,0,0,1995,3258,433,cross-sectional,OLS,0,1,0.087,,21,86.0,-4.687,1.8251557,-2.5679998,-0.26687145,0.10392191,92.59462,0.04761905,9.62261,-2.5679998,1.0,0.0,0.0,0.107832775,856.41223,28.867828,827.54443,856.41223,9.62261,19197.105,0.837167,31350.463,0.0,0.0,0.0,0.0,9.62261,9.62261,9.62261,9.62261,9.62261,0.0,0.0,0.0,9.62261,0.0,9.62261,0.0,0.0,0.0,9.62261,9.62261,0.0,9.62261,0.0,0.0,0.0,,,4.4998097,1.3862944,4.4998097,0.6931472,7.5989003,0.08342161,8.089175,43.29991,13.339769,43.29991,6.6698847,73.121254,0.8027336,77.838974,4.465908,0.0
Sachs and Warner,1,8,Average GDP growth 1970-89,0,1,0,Mineral Production/GDP in 1971 (SNR),0.0,0,1,0,-3.742,1.5559251559251561,0.0,0.0,0.0,4,100,100,1,,0,0,1,1,0,1,1,1.0,0,-3.742,0,1,0,0,0,1995,3258,433,cross-sectional,OLS,0,1,0.087,,21,96.0,-3.742,1.5559251,-2.4050002,-0.23838301,0.099119745,101.784035,0.04761905,10.088807,-2.4050002,1.0,0.0,0.0,0.10206208,1008.88074,40.35523,968.5255,1008.88074,10.088807,20127.17,0.87772626,32869.332,0.0,0.0,0.0,0.0,10.088807,10.088807,10.088807,10.088807,0.0,0.0,0.0,0.0,10.088807,0.0,10.088807,0.0,0.0,0.0,10.088807,10.088807,0.0,10.088807,0.0,0.0,0.0,,,4.6151204,1.609438,4.6151204,0.6931472,7.5989003,0.08342161,8.089175,46.56106,16.237309,46.56106,6.993028,76.66384,0.84162456,81.61013,4.574711,0.0
Sachs and Warner,1,9,Average GDP growth 1970-89,0,1,0,Primary export/ Total Export in 1971 (PXI71),0.0,1,0,0,-2.189,0.7100227051573142,0.0,0.0,0.0,3,97,97,1,,0,0,1,1,0,1,1,1.0,0,-2.189,0,1,0,0,0,1995,3258,433,cross-sectional,OLS,0,1,0.087,,21,94.0,-2.189,0.7100227,-3.083,-0.3030352,0.09829231,103.50489,0.04761905,10.173736,-3.083,1.0,0.0,0.0,0.10314213,986.85236,30.521206,956.3311,986.85236,10.173736,20296.602,0.88511497,33146.03,0.0,0.0,0.0,0.0,10.173736,10.173736,10.173736,10.173736,10.173736,0.0,0.0,0.0,10.173736,0.0,10.173736,0.0,0.0,0.0,10.173736,10.173736,0.0,10.173736,0.0,0.0,0.0,,,4.5849676,1.3862944,4.5849676,0.6931472,7.5989003,0.08342161,8.089175,46.646248,14.103792,46.646248,7.051896,77.309204,0.8487094,82.29713,4.553877,0.0
Sachs and Warner,1,10,Average GDP growth 1970-89,0,1,0,Primary exports/GDP in 1971 (SXP),0.0,1,0,0,-5.89,2.6424405563032747,0.0,0.0,0.0,4,40,40,1,Bureaucracy,1,0,1,1,1,1,1,0.0,1,-5.89,0,1,0,0,0,1995,3258,433,cross-sectional,IV,0,1,0.087,,21,36.0,-5.89,2.6424406,-2.2289999,-0.34824535,0.1562339,40.968437,0.04761905,6.400659,-2.2289999,1.0,0.0,0.0,0.16666667,256.02637,25.602636,230.42374,256.02637,6.400659,12769.315,0.55685735,20853.348,0.0,6.400659,0.0,6.400659,6.400659,6.400659,6.400659,6.400659,6.400659,0.0,0.0,0.0,6.400659,0.0,6.400659,0.0,0.0,6.400659,0.0,6.400659,0.0,6.400659,0.0,0.0,0.0,1.0,6.400659,3.713572,1.609438,3.713572,0.6931472,7.5989003,0.08342161,8.089175,23.76931,10.301464,23.76931,4.436599,48.63797,0.5339533,51.776054,3.6109178,0.0
Sachs and Warner,1,11,Average GDP growth 1970-89,0,1,0,Primary exports/GDP in 1971 (SXP),0.0,1,0,0,-7.663,2.707773851590106,0.0,0.0,0.0,4,56,56,1,Bureaucracy,1,0,1,1,0,1,1,0.0,1,-7.663,0,1,0,0,0,1995,3258,433,cross-sectional,IV,0,1,0.087,,21,52.0,-7.663,2.707774,-2.83,-0.36532432,0.12908986,60.008907,0.04761905,7.7465415,-2.83,1.0,0.0,0.0,0.13867505,433.80634,30.986166,402.82016,433.80634,7.7465415,15454.351,0.6739491,25238.232,0.0,7.7465415,0.0,0.0,7.7465415,7.7465415,7.7465415,7.7465415,7.7465415,0.0,0.0,0.0,7.7465415,0.0,7.7465415,0.0,0.0,7.7465415,0.0,7.7465415,0.0,7.7465415,0.0,0.0,0.0,1.0,7.7465415,4.0430512,1.609438,4.0430512,0.6931472,7.5989003,0.08342161,8.089175,31.319666,12.467578,31.319666,5.3694935,58.8652,0.64622897,62.66313,3.9702919,0.0
Sachs and Warner,1,12,Average GDP growth 1970-89,0,1,0,Primary exports/GDP in 1971 (SXP),0.0,1,0,0,-5.225,1.7893835616438356,0.0,0.0,0.0,4,88,88,1,,0,0,1,1,0,1,1,0.0,1,-5.225,0,1,0,0,0,1995,3258,433,cross-sectional,IV,0,1,0.087,,21,84.0,-5.225,1.7893835,-2.92,-0.30356383,0.103960216,92.5264,0.04761905,9.619064,-2.92,1.0,0.0,0.0,0.10910895,846.47766,38.476257,808.0014,846.47766,9.619064,19190.033,0.8368586,31338.912,0.0,0.0,0.0,0.0,9.619064,9.619064,9.619064,9.619064,9.619064,0.0,0.0,0.0,9.619064,0.0,9.619064,0.0,0.0,9.619064,0.0,9.619064,0.0,9.619064,0.0,0.0,0.0,1.0,9.619064,4.4886365,1.609438,4.4886365,0.6931472,7.5989003,0.08342161,8.089175,43.176483,15.481287,43.176483,6.667427,73.09431,0.80243784,77.810295,4.4426513,0.0
Sachs and Warner,1,13,Average GDP growth 1970-89,0,1,0,Primary exports/GDP in 1971 (SXP),0.0,1,0,0,-8.07,2.819706498951782,0.0,0.0,0.0,4,57,57,1,Bureaucracy,1,0,1,1,0,1,1,1.0,0,-8.07,0,1,0,0,0,1995,3258,433,cross-sectional,OLS,0,1,0.087,,21,53.0,-8.07,2.8197064,-2.862,-0.36586908,0.12783685,61.191044,0.04761905,7.82247,-2.862,1.0,0.0,0.0,0.13736056,445.8808,31.28988,414.59094,445.8808,7.82247,15605.828,0.6805549,25485.61,0.0,7.82247,0.0,0.0,7.82247,7.82247,7.82247,7.82247,7.82247,0.0,0.0,0.0,7.82247,0.0,7.82247,0.0,0.0,0.0,7.82247,7.82247,0.0,7.82247,0.0,0.0,0.0,,,4.060443,1.609438,4.060443,0.6931472,7.5989003,0.08342161,8.089175,31.762695,12.589781,31.762695,5.4221234,59.442173,0.6525631,63.277332,3.988984,0.0
Sachs and Warner,1,14,Average GDP growth 1970-89,0,1,0,Primary exports/GDP in 1971 (SXP),0.0,1,0,0,-12.844,5.872885230909922,0.0,0.0,0.0,3,95,95,1,,0,0,1,1,0,0,1,1.0,0,-12.844,0,1,0,0,0,1995,3258,433,cross-sectional,OLS,0,1,0.087,,21,92.0,-12.844,5.872885,-2.187,-0.22230504,0.1016484,96.78297,0.04761905,9.837833,-2.187,1.0,0.0,0.0,0.1042572,934.5942,29.5135,905.0807,934.5942,9.837833,19626.479,0.8558915,32051.662,0.0,0.0,0.0,0.0,0.0,9.837833,9.837833,9.837833,9.837833,0.0,0.0,0.0,9.837833,0.0,9.837833,0.0,0.0,0.0,9.837833,9.837833,0.0,9.837833,0.0,0.0,0.0,,,4.564348,1.3862944,4.564348,0.6931472,7.5989003,0.08342161,8.089175,44.903297,13.638133,44.903297,6.8190665,74.756714,0.8206879,79.579956,4.5325994,0.0
Sachs and Warner,1,15,Average GDP growth 1970-89,0,1,0,Primary exports/GDP in 1971 (SXP),0.0,1,0,0,-6.92,2.1097560975609757,0.0,0.0,0.0,4,95,95,1,,0,0,1,1,0,0,1,1.0,0,-6.92,0,1,0,0,0,1995,3258,433,cross-sectional,OLS,0,1,0.087,,21,91.0,-6.92,2.109756,-3.2800002,-0.32515374,0.09913223,101.75839,0.04761905,10.087537,-3.2800002,1.0,0.0,0.0,0.104828484,958.316,40.350147,917.9658,958.316,10.087537,20124.635,0.8776157,32865.195,0.0,0.0,0.0,0.0,0.0,10.087537,10.087537,10.087537,10.087537,0.0,0.0,0.0,10.087537,0.0,10.087537,0.0,0.0,0.0,10.087537,10.087537,0.0,10.087537,0.0,0.0,0.0,,,4.564348,1.609438,4.564348,0.6931472,7.5989003,0.08342161,8.089175,46.04303,16.235264,46.04303,6.9921474,76.65418,0.8415185,81.599846,4.5217886,0.0
Sachs and Warner,1,16,Average GDP growth 1970-89,0,1,0,Primary exports/GDP in 1971 (SXP),0.0,1,0,0,-4.28,1.8028643639427127,0.0,0.0,0.0,11,65,65,1,,0,0,1,1,1,1,1,1.0,0,-4.28,0,1,0,0,0,1995,3258,433,cross-sectional,OLS,0,1,0.087,,21,54.0,-4.28,1.8028643,-2.374,-0.30741632,0.12949297,59.63588,0.04761905,7.722427,-2.374,1.0,0.0,0.0,0.13608277,501.95776,84.9467,417.01105,501.95776,7.722427,15406.242,0.67185116,25159.668,0.0,0.0,0.0,7.722427,7.722427,7.722427,7.722427,7.722427,7.722427,0.0,0.0,0.0,7.722427,0.0,7.722427,0.0,0.0,0.0,7.722427,7.722427,0.0,7.722427,0.0,0.0,0.0,,,4.189655,2.4849067,4.189655,0.6931472,7.5989003,0.08342161,8.089175,32.354305,19.18951,32.354305,5.3527784,58.681953,0.6442173,62.468067,4.0073333,0.0
Sachs and Warner,1,17,Average GDP growth 1970-89,0,1,0,Primary exports/GDP in 1971 (SXP),0.0,1,0,0,-3.687,1.8073529411764704,0.0,0.0,0.0,5,66,66,1,Bureaucracy,1,0,1,1,1,1,1,1.0,0,-3.687,0,1,0,0,0,1995,3258,433,cross-sectional,OLS,0,1,0.087,,21,61.0,-3.687,1.8073529,-2.04,-0.2527169,0.12388083,65.161606,0.04761905,8.072274,-2.04,1.0,0.0,0.0,0.12803689,532.7701,40.36137,492.4087,532.7701,8.072274,16104.187,0.7022878,26299.469,0.0,8.072274,0.0,8.072274,8.072274,8.072274,8.072274,8.072274,8.072274,0.0,0.0,0.0,8.072274,0.0,8.072274,0.0,0.0,0.0,8.072274,8.072274,0.0,8.072274,0.0,0.0,0.0,,,4.204693,1.7917595,4.204693,0.6931472,7.5989003,0.08342161,8.089175,33.941433,14.463573,33.941433,5.595274,61.340405,0.6734021,65.298035,4.1271343,0.0
Sachs and Warner,1,18,Average GDP growth 1970-89,0,1,0,Primary exports/GDP in 1971 (SXP),0.0,1,0,0,-0.0536,0.018195396836173536,0.0,0.0,0.0,6,67,67,1,,0,0,1,1,0,1,1,1.0,0,-0.0536,0,1,0,0,0,1995,3258,433,cross-sectional,OLS,0,1,0.087,,21,61.0,-0.0536,0.018195396,-2.9458,-0.35290372,0.119798936,69.67774,0.04761905,8.34732,-2.9458,1.0,0.0,0.0,0.12803689,559.2704,50.083916,509.1865,559.2704,8.34732,16652.902,0.7262168,27195.566,0.0,0.0,0.0,0.0,8.34732,8.34732,8.34732,8.34732,8.34732,0.0,0.0,0.0,8.34732,0.0,8.34732,0.0,0.0,0.0,8.34732,8.34732,0.0,8.34732,0.0,0.0,0.0,,,4.2195077,1.9459101,4.2195077,0.6931472,7.5989003,0.08342161,8.089175,35.22158,16.243134,35.22158,5.785921,63.43045,0.6963468,67.522934,4.1271343,0.0
Sachs and Warner,1,19,Average GDP growth 1970-89,0,1,0,Primary exports/GDP in 1971 (SXP),0.0,1,0,0,-0.0504,0.01857653606575504,0.0,0.0,0.0,6,66,66,1,,0,0,1,1,0,1,1,1.0,0,-0.0504,0,1,0,0,0,1995,3258,433,cross-sectional,OLS,0,1,0.087,,21,60.0,-0.0504,0.018576536,-2.7131,-0.33056876,0.12184172,67.36091,0.04761905,8.207369,-2.7131,1.0,0.0,0.0,0.12909944,541.6864,49.244217,492.44217,541.6864,8.207369,16373.702,0.7140411,26739.61,0.0,0.0,0.0,0.0,8.207369,8.207369,8.207369,8.207369,8.207369,0.0,0.0,0.0,8.207369,0.0,8.207369,0.0,0.0,0.0,8.207369,8.207369,0.0,8.207369,0.0,0.0,0.0,,,4.204693,1.9459101,4.204693,0.6931472,7.5989003,0.08342161,8.089175,34.509468,15.970802,34.509468,5.688915,62.36698,0.68467194,66.39085,4.1108737,0.0
Sachs and Warner,1,20,Average GDP growth 1970-89,0,1,0,Primary exports/GDP in 1971 (SXP),0.0,1,0,0,-3.415,1.5452488687782806,0.0,0.0,0.0,6,83,83,1,,0,0,1,1,0,1,1,1.0,0,-3.415,0,1,0,0,0,1995,3258,433,cross-sectional,OLS,0,1,0.087,,21,77.0,-3.415,1.5452489,-2.21,-0.24422634,0.11050965,81.8841,0.04761905,9.048984,-2.21,1.0,0.0,0.0,0.11396058,751.0656,54.293903,696.7717,751.0656,9.048984,18052.723,0.78726155,29481.588,0.0,0.0,0.0,0.0,9.048984,9.048984,9.048984,9.048984,9.048984,0.0,0.0,0.0,9.048984,0.0,9.048984,0.0,0.0,0.0,9.048984,9.048984,0.0,9.048984,0.0,0.0,0.0,,,4.4308167,1.9459101,4.4308167,0.6931472,7.5989003,0.08342161,8.089175,40.094387,17.60851,40.094387,6.2722774,68.76232,0.7548808,73.198814,4.356709,0.0
Sachs and Warner,1,21,Average GDP growth 1970-89,0,1,0,Primary exports/GDP in 1971 (SXP),0.0,1,0,0,-0.082,0.023802612481857766,0.0,0.0,0.0,6,53,53,1,,0,0,1,1,0,1,1,1.0,0,-0.082,0,1,0,0,0,1995,3258,433,cross-sectional,OLS,0,1,0.087,,21,47.0,-0.082,0.023802612,-3.4450002,-0.44900328,0.13033476,58.868023,0.04761905,7.67255,-3.4450002,1.0,0.0,0.0,0.145865,406.64514,46.0353,360.60986,406.64514,7.67255,15306.737,0.6675119,24997.168,0.0,0.0,0.0,0.0,7.67255,7.67255,7.67255,7.67255,7.67255,0.0,0.0,0.0,7.67255,0.0,7.67255,0.0,0.0,0.0,7.67255,7.67255,0.0,7.67255,0.0,0.0,0.0,,,3.988984,1.9459101,3.988984,0.6931472,7.5989003,0.08342161,8.089175,30.60568,14.930093,30.60568,5.3182063,58.302944,0.6400565,62.0646,3.871201,0.0
Gylfason,2,1,Average rate of growth (GNP per capita) 1985-1994,1,1,0,"Primary exports, 1993 (percentage of merchandise exports)",0.0,1,0,0,-0.02,0.01,0.0,0.0,0.0,4,105,105,1,,0,0,1,0,0,0,1,1.0,0,-0.02,0,0,0,1,0,1999,16,15,cross-sectional,OLS,1,1,0.093,"Gylfason, Thorvaldur, 1999. ""Exports, Inflation and Growth,"" World Development, Elsevier, vol. 27(6), pages 1031-1057, June.",16,101.0,-0.02,0.01,-2.0,-0.19518001,0.09759001,105.0,0.0625,10.246951,-2.0,1.0,0.0,0.0,0.09950372,1075.9298,40.987804,1034.942,1075.9298,10.246951,20483.654,0.95296645,163.95122,10.246951,0.0,0.0,0.0,0.0,10.246951,10.246951,0.0,10.246951,0.0,0.0,10.246951,10.246951,0.0,10.246951,0.0,0.0,0.0,10.246951,10.246951,0.0,0.0,0.0,10.246951,0.0,,,4.6634393,1.609438,4.6634393,0.6931472,7.6009026,0.08892621,2.8332133,47.786034,16.49183,47.786034,7.102645,77.88608,0.9112225,29.031797,4.624973,0.0
Gylfason,2,2,Average rate of growth (GNP per capita) 1985-1994,1,1,0,"Primary exports, 1993 (percentage of merchandise exports)",0.0,1,0,0,-0.02,0.012499999999999999,0.0,0.0,0.0,4,33,33,1,,0,0,1,0,0,0,1,1.0,0,-0.02,0,0,0,1,0,1999,16,15,cross-sectional,OLS,1,1,0.093,,16,29.0,-0.02,0.0125,-1.5999999,-0.28480753,0.17800471,31.560001,0.0625,5.617829,-1.5999999,1.0,0.0,0.0,0.18569534,185.38835,22.471315,162.91704,185.38835,5.617829,11230.04,0.5224581,89.88526,5.617829,0.0,0.0,0.0,0.0,5.617829,5.617829,0.0,5.617829,0.0,0.0,5.617829,5.617829,0.0,5.617829,0.0,0.0,0.0,5.617829,5.617829,0.0,0.0,0.0,5.617829,0.0,,,3.5263605,1.609438,3.5263605,0.6931472,7.6009026,0.08892621,2.8332133,19.81049,9.041547,19.81049,3.8939822,42.70057,0.49957222,15.916508,3.4011974,0.0
Gylfason,2,3,Average rate of growth (GNP per capita) 1985-1994,1,1,0,"Primary exports, 1993 (percentage of merchandise exports)",0.0,1,0,0,-0.02,0.022222222222222223,0.0,0.0,0.0,4,47,47,1,,0,0,1,0,0,1,1,1.0,0,-0.02,0,0,0,1,0,1999,16,15,cross-sectional,OLS,1,1,0.093,,16,43.0,-0.02,0.022222223,-0.9,-0.135974,0.15108223,43.809998,0.0625,6.618912,-0.9,1.0,0.0,0.0,0.15249857,311.08887,26.475649,284.61322,311.08887,6.618912,13231.205,0.6155588,105.902596,6.618912,0.0,0.0,0.0,6.618912,6.618912,6.618912,0.0,6.618912,0.0,0.0,6.618912,6.618912,0.0,6.618912,0.0,0.0,0.0,6.618912,6.618912,0.0,0.0,0.0,6.618912,0.0,,,3.871201,1.609438,3.871201,0.6931472,7.6009026,0.08892621,2.8332133,25.623138,10.652728,25.623138,4.58788,50.309704,0.58859473,18.75279,3.7841897,0.0
Gylfason,2,4,Average rate of growth (GNP per capita) 1985-1994,1,1,0,"Primary exports, 1993 (percentage of merchandise exports)",0.0,1,0,0,-0.01,0.01,0.0,0.0,0.0,4,25,25,1,,0,0,1,0,0,1,1,1.0,0,-0.01,0,0,0,1,0,1999,16,15,cross-sectional,OLS,1,1,0.093,,16,21.0,-0.01,0.01,-1.0,-0.21320072,0.21320072,22.0,0.0625,4.690416,-1.0,1.0,0.0,0.0,0.2182179,117.26039,18.761663,98.49873,117.26039,4.690416,9376.141,0.43620867,75.04665,4.690416,0.0,0.0,0.0,4.690416,4.690416,4.690416,0.0,4.690416,0.0,0.0,4.690416,4.690416,0.0,4.690416,0.0,0.0,0.0,4.690416,4.690416,0.0,0.0,0.0,4.690416,0.0,,,3.2580965,1.609438,3.2580965,0.6931472,7.6009026,0.08892621,2.8332133,15.281827,7.548933,15.281827,3.2511485,35.651394,0.4171009,13.288948,3.0910425,0.0
Gylfason,2,5,Average rate of growth (GNP per capita) 1985-1994,1,1,0,"Primary exports, 1993 (percentage of merchandise exports)",0.0,1,0,0,-0.05,0.013157894736842106,0.0,0.0,0.0,4,41,41,1,,0,0,1,0,0,0,1,1.0,0,-0.05,0,0,0,1,0,1999,16,15,cross-sectional,OLS,1,1,0.093,,16,37.0,-0.05,0.013157895,-3.8,-0.5298258,0.13942784,51.440006,0.0625,7.1721687,-3.8,1.0,0.0,0.0,0.16439898,294.05893,28.688675,265.37024,294.05893,7.1721687,14337.165,0.6670117,114.7547,7.1721687,0.0,0.0,0.0,0.0,7.1721687,7.1721687,0.0,7.1721687,0.0,0.0,7.1721687,7.1721687,0.0,7.1721687,0.0,0.0,0.0,7.1721687,7.1721687,0.0,0.0,0.0,7.1721687,0.0,,,3.7376697,1.609438,3.7376697,0.6931472,7.6009026,0.08892621,2.8332133,26.807198,11.54316,26.807198,4.9713683,54.514957,0.6377938,20.320284,3.637586,0.0
Gylfason,2,6,Average rate of growth (GNP per capita) 1985-1994,1,1,0,"Primary exports, 1993 (percentage of merchandise exports)",0.0,1,0,0,-0.02,0.016666666666666666,0.0,0.0,0.0,4,64,64,1,,0,0,1,0,0,0,1,1.0,0,-0.02,0,0,0,1,0,1999,16,15,cross-sectional,OLS,1,1,0.093,,16,60.0,-0.02,0.016666668,-1.1999999,-0.1530931,0.12757759,61.440002,0.0625,7.8383675,-1.1999999,1.0,0.0,0.0,0.12909944,501.65552,31.35347,470.30203,501.65552,7.8383675,15668.896,0.72896814,125.41388,7.8383675,0.0,0.0,0.0,0.0,7.8383675,7.8383675,0.0,7.8383675,0.0,0.0,7.8383675,7.8383675,0.0,7.8383675,0.0,0.0,0.0,7.8383675,7.8383675,0.0,0.0,0.0,7.8383675,0.0,,,4.1743875,1.609438,4.1743875,0.6931472,7.6009026,0.08892621,2.8332133,32.720383,12.615366,32.720383,5.433142,59.578667,0.6970363,22.207767,4.1108737,0.0
Gylfason,2,7,Average rate of growth (GNP per capita) 1985-1994,1,1,0,"Primary exports, 1993 (percentage of merchandise exports)",0.0,1,0,0,-0.03,0.008571428571428572,0.0,0.0,0.0,4,74,74,1,,0,0,1,0,0,0,1,1.0,0,-0.03,0,0,0,1,0,1999,16,15,cross-sectional,OLS,1,1,0.093,,16,70.0,-0.03,0.008571428,-3.5,-0.3859225,0.11026357,82.25,0.0625,9.069179,-3.5,1.0,0.0,0.0,0.11952286,671.1192,36.276714,634.84247,671.1192,9.069179,18129.287,0.8434336,145.10686,9.069179,0.0,0.0,0.0,0.0,9.069179,9.069179,0.0,9.069179,0.0,0.0,9.069179,9.069179,0.0,9.069179,0.0,0.0,0.0,9.069179,9.069179,0.0,0.0,0.0,9.069179,0.0,,,4.317488,1.609438,4.317488,0.6931472,7.6009026,0.08892621,2.8332133,39.15607,14.59628,39.15607,6.2862754,68.933945,0.8064877,25.694918,4.26268,0.0
Gylfason,2,8,Average rate of growth (GNP per capita) 1985-1994,1,1,0,"Primary exports, 1993 (percentage of merchandise exports)",0.0,1,0,0,-0.04,0.04,0.0,0.0,0.0,4,31,31,1,,0,0,1,0,0,0,1,1.0,0,-0.04,0,0,0,1,0,1999,16,15,cross-sectional,OLS,1,1,0.093,,16,27.0,-0.04,0.04,-1.0,-0.18898223,0.18898223,28.0,0.0625,5.2915025,-1.0,1.0,0.0,0.0,0.19245009,164.03659,21.16601,142.87057,164.03659,5.2915025,10577.714,0.49210975,84.66404,5.2915025,0.0,0.0,0.0,0.0,5.2915025,5.2915025,0.0,5.2915025,0.0,0.0,5.2915025,5.2915025,0.0,5.2915025,0.0,0.0,0.0,5.2915025,5.2915025,0.0,0.0,0.0,5.2915025,0.0,,,3.465736,1.609438,3.465736,0.6931472,7.6009026,0.08892621,2.8332133,18.338951,8.516345,18.338951,3.6677902,40.220196,0.47055328,14.991956,3.3322046,0.0
Gylfason,2,9,Average rate of growth (GNP per capita) 1985-1994,1,1,0,"Primary exports, 1993 (percentage of merchandise exports)",0.0,1,0,0,-0.02,0.011111111111111112,0.0,0.0,0.0,5,105,105,1,,0,0,1,0,0,0,1,1.0,0,-0.02,0,0,0,1,0,1999,16,15,cross-sectional,OLS,1,1,0.093,,16,100.0,-0.02,0.011111111,-1.8,-0.17715299,0.09841833,103.24,0.0625,10.160708,-1.8,1.0,0.0,0.0,0.1,1066.8744,50.803543,1016.07086,1066.8744,10.160708,20311.256,0.9449459,162.57133,10.160708,0.0,0.0,0.0,0.0,10.160708,10.160708,0.0,10.160708,0.0,0.0,10.160708,10.160708,0.0,10.160708,0.0,0.0,0.0,10.160708,10.160708,0.0,0.0,0.0,10.160708,0.0,,,4.6634393,1.7917595,4.6634393,0.6931472,7.6009026,0.08892621,2.8332133,47.383846,18.205545,47.383846,7.0428667,77.23055,0.9035533,28.787455,4.6151204,0.0
Gylfason,2,10,Average rate of growth (GNP per capita) 1985-1994,1,1,0,"Primary exports, 1993 (percentage of merchandise exports)",0.0,1,0,0,-0.02,0.013333333333333334,0.0,0.0,0.0,5,33,33,1,,0,0,1,0,0,0,1,1.0,0,-0.02,0,0,0,1,0,1999,16,15,cross-sectional,OLS,1,1,0.093,,16,28.0,-0.02,0.013333334,-1.4999999,-0.27272725,0.18181819,30.249998,0.0625,5.5,-1.4999999,1.0,0.0,0.0,0.18898223,181.5,27.5,154.0,181.5,5.5,10994.5,0.5115,88.0,5.5,0.0,0.0,0.0,0.0,5.5,5.5,0.0,5.5,0.0,0.0,5.5,5.5,0.0,5.5,0.0,0.0,0.0,5.5,5.5,0.0,0.0,0.0,5.5,0.0,,,3.5263605,1.7917595,3.5263605,0.6931472,7.6009026,0.08892621,2.8332133,19.394981,9.854677,19.394981,3.8123095,41.804962,0.48909414,15.582673,3.3672957,0.0
Gylfason,2,11,Average rate of growth (GNP per capita) 1985-1994,1,1,0,"Primary exports, 1993 (percentage of merchandise exports)",0.0,1,0,0,-0.01,0.012499999999999999,0.0,0.0,0.0,5,47,47,1,,0,0,1,0,0,1,1,1.0,0,-0.01,0,0,0,1,0,1999,16,15,cross-sectional,OLS,1,1,0.093,,16,42.0,-0.01,0.0125,-0.79999995,-0.12251277,0.15314098,42.64,0.0625,6.529931,-0.79999995,1.0,0.0,0.0,0.15430336,306.90674,32.649654,274.2571,306.90674,6.529931,13053.332,0.6072836,104.4789,6.529931,0.0,0.0,0.0,6.529931,6.529931,6.529931,0.0,6.529931,0.0,0.0,6.529931,6.529931,0.0,6.529931,0.0,0.0,0.0,6.529931,6.529931,0.0,0.0,0.0,6.529931,0.0,,,3.871201,1.7917595,3.871201,0.6931472,7.6009026,0.08892621,2.8332133,25.278675,11.700066,25.278675,4.526203,49.63337,0.58068204,18.500687,3.7612002,0.0
Gylfason,2,12,Average rate of growth (GNP per capita) 1985-1994,1,1,0,"Primary exports, 1993 (percentage of merchandise exports)",0.0,1,0,0,-0.01,0.012499999999999999,0.0,0.0,0.0,5,25,25,1,,0,0,1,0,0,1,1,1.0,0,-0.01,0,0,0,1,0,1999,16,15,cross-sectional,OLS,1,1,0.093,,16,20.0,-0.01,0.0125,-0.79999995,-0.17609017,0.22011273,20.64,0.0625,4.5431266,-0.79999995,1.0,0.0,0.0,0.2236068,113.57817,22.715633,90.86253,113.57817,4.5431266,9081.71,0.42251077,72.690025,4.5431266,0.0,0.0,0.0,4.5431266,4.5431266,4.5431266,0.0,4.5431266,0.0,0.0,4.5431266,4.5431266,0.0,4.5431266,0.0,0.0,0.0,4.5431266,4.5431266,0.0,0.0,0.0,4.5431266,0.0,,,3.2580965,1.7917595,3.2580965,0.6931472,7.6009026,0.08892621,2.8332133,14.801945,8.14019,14.801945,3.1490555,34.531864,0.40400305,12.871647,3.0445225,0.0
Gylfason,2,13,Average rate of growth (GNP per capita) 1985-1994,1,1,0,"Primary exports, 1993 (percentage of merchandise exports)",0.0,1,0,0,-0.04,0.012499999999999999,0.0,0.0,0.0,5,41,41,1,,0,0,1,0,0,0,1,1.0,0,-0.04,0,0,0,1,0,1999,16,15,cross-sectional,OLS,1,1,0.093,,16,36.0,-0.04,0.0125,-3.1999998,-0.4705882,0.14705883,46.239998,0.0625,6.7999997,-3.1999998,1.0,0.0,0.0,0.16666667,278.8,34.0,244.79999,278.8,6.7999997,13593.199,0.6324,108.799995,6.7999997,0.0,0.0,0.0,0.0,6.7999997,6.7999997,0.0,6.7999997,0.0,0.0,6.7999997,6.7999997,0.0,6.7999997,0.0,0.0,0.0,6.7999997,6.7999997,0.0,0.0,0.0,6.7999997,0.0,,,3.7376697,1.7917595,3.7376697,0.6931472,7.6009026,0.08892621,2.8332133,25.416153,12.183964,25.416153,4.713401,51.686134,0.6046982,19.26585,3.6109178,0.0
Gylfason,2,14,Average rate of growth (GNP per capita) 1985-1994,1,1,0,"Primary exports, 1993 (percentage of merchandise exports)",0.0,1,0,0,-0.01,0.008333333333333333,0.0,0.0,0.0,5,64,64,1,,0,0,1,0,0,0,1,1.0,0,-0.01,0,0,0,1,0,1999,16,15,cross-sectional,OLS,1,1,0.093,,16,59.0,-0.01,0.008333334,-1.1999999,-0.1543544,0.12862867,60.44,0.0625,7.7743163,-1.1999999,1.0,0.0,0.0,0.13018891,497.55624,38.871582,458.68466,497.55624,7.7743163,15540.858,0.72301143,124.38906,7.7743163,0.0,0.0,0.0,0.0,7.7743163,7.7743163,0.0,7.7743163,0.0,0.0,7.7743163,7.7743163,0.0,7.7743163,0.0,0.0,0.0,7.7743163,7.7743163,0.0,0.0,0.0,7.7743163,0.0,,,4.1743875,1.7917595,4.1743875,0.6931472,7.6009026,0.08892621,2.8332133,32.45301,13.929706,32.45301,5.388746,59.091824,0.6913405,22.026297,4.0943446,0.0
Gylfason,2,15,Average rate of growth (GNP per capita) 1985-1994,1,1,0,"Primary exports, 1993 (percentage of merchandise exports)",0.0,1,0,0,-0.03,0.008571428571428572,0.0,0.0,0.0,5,74,74,1,,0,0,1,0,0,0,1,1.0,0,-0.03,0,0,0,1,0,1999,16,15,cross-sectional,OLS,1,1,0.093,,16,69.0,-0.03,0.008571428,-3.5,-0.38829014,0.11094004,81.25,0.0625,9.013878,-3.5,1.0,0.0,0.0,0.120385855,667.027,45.06939,621.9576,667.027,9.013878,18018.742,0.8382907,144.22205,9.013878,0.0,0.0,0.0,0.0,9.013878,9.013878,0.0,9.013878,0.0,0.0,9.013878,9.013878,0.0,9.013878,0.0,0.0,0.0,9.013878,9.013878,0.0,0.0,0.0,9.013878,0.0,,,4.317488,1.7917595,4.317488,0.6931472,7.6009026,0.08892621,2.8332133,38.917313,16.150702,38.917313,6.2479444,68.51361,0.80157006,25.53824,4.248495,0.0
Gylfason,2,16,Average rate of growth (GNP per capita) 1985-1994,1,1,0,"Primary exports, 1993 (percentage of merchandise exports)",0.0,1,0,0,-0.03,0.0375,0.0,0.0,0.0,5,31,31,1,,0,0,1,0,0,0,1,1.0,0,-0.03,0,0,0,1,0,1999,16,15,cross-sectional,OLS,1,1,0.093,,16,26.0,-0.03,0.0375,-0.79999995,-0.15499684,0.19374606,26.640001,0.0625,5.161395,-0.79999995,1.0,0.0,0.0,0.19611613,160.00325,25.806976,134.19627,160.00325,5.161395,10317.629,0.48000976,82.58232,5.161395,0.0,0.0,0.0,0.0,5.161395,5.161395,0.0,5.161395,0.0,0.0,5.161395,5.161395,0.0,5.161395,0.0,0.0,0.0,5.161395,5.161395,0.0,0.0,0.0,5.161395,0.0,,,3.465736,1.7917595,3.465736,0.6931472,7.6009026,0.08892621,2.8332133,17.888033,9.247979,17.888033,3.5776067,39.231262,0.45898333,14.623334,3.295837,0.0
Gylfason,3,1,Average rate of growth (GNP per capita) 1965-1998,1,1,0,The share of natural capital in GNP 1980-1998,0.0,1,0,0,-0.06,0.013953488372093023,0.0,0.0,0.0,4,85,85,1,,0,0,1,0,0,0,1,0.0,1,-0.06,0,0,1,0,0,2001,962,183,cross-sectional,SUR,1,1,0.752,"Gylfason, Thorvaldur, 2001. ""Natural resources, education, and economic development,"" European Economic Review, Elsevier, vol. 45(4-6), pages 847-859, May.",2,81.0,-0.06,0.013953488,-4.2999997,-0.4311007,0.10025598,99.49,0.5,9.974467,-4.2999997,1.0,0.0,0.0,0.11111111,847.8297,39.89787,807.9318,847.8297,9.974467,19958.908,7.500799,9595.4375,9.974467,0.0,0.0,0.0,0.0,9.974467,9.974467,0.0,9.974467,0.0,0.0,9.974467,9.974467,0.0,9.974467,0.0,0.0,9.974467,0.0,9.974467,0.0,0.0,9.974467,0.0,0.0,,,4.454347,1.609438,4.454347,0.6931472,7.601902,0.560758,6.8700533,44.42974,16.053286,44.42974,6.913774,75.82492,5.593262,68.52512,4.406719,0.0
Gylfason,3,2,Average rate of growth (GNP per capita) 1965-1998,1,1,0,The share of natural capital in GNP 1980-1998,0.0,1,0,0,-0.09,0.015789473684210527,0.0,0.0,0.0,3,85,85,1,,0,0,1,0,0,0,1,0.0,1,-0.09,0,0,1,0,0,2001,962,183,cross-sectional,SUR,1,1,0.752,,2,82.0,-0.09,0.015789473,-5.7000003,-0.5327103,0.093457945,114.49,0.5,10.7,-5.7000003,1.0,0.0,0.0,0.11043153,909.5,32.1,877.39996,909.5,10.7,21410.7,8.0464,10293.4,10.7,0.0,0.0,0.0,0.0,10.7,10.7,0.0,10.7,0.0,0.0,10.7,10.7,0.0,10.7,0.0,0.0,10.7,0.0,10.7,0.0,0.0,10.7,0.0,0.0,,,4.454347,1.3862944,4.454347,0.6931472,7.601902,0.560758,6.8700533,47.661514,14.833349,47.661514,7.4166746,81.34035,6.0001106,73.50957,4.4188404,0.0
Hodler,4,1,GNI: Per capita gross national income in the year 2000 ,1,0,0,Per capita natural capital in the year 1994,1.0,1,0,0,0.026,0.023,0.0,0.0,0.0,3,92,92,1,,0,0,0,0,0,0,0,1.0,0,0.026,0,0,0,1,0,2006,236,67,cross-sectional,OLS,1,1,0.752,"Hodler, Roland, 2006. ""The curse of natural resources in fractionalized countries,"" European Economic Review, Elsevier, vol. 50(6), pages 1367-1386, August.",5,89.0,0.026,0.023,1.1304348,0.11897475,0.1052469,90.277885,0.2,9.501468,1.1304348,1.0,0.0,0.0,0.10599979,874.135,28.504402,845.6306,874.135,9.501468,19059.943,7.1451035,2242.3462,9.501468,0.0,0.0,0.0,0.0,0.0,0.0,0.0,0.0,0.0,0.0,9.501468,0.0,0.0,9.501468,0.0,0.0,0.0,9.501468,9.501468,0.0,0.0,0.0,9.501468,0.0,,,4.5325994,1.3862944,4.5325994,0.6931472,7.6043963,0.560758,5.46806,43.066345,13.171831,43.066345,6.5859156,72.25292,5.328024,51.954594,4.4998097,9.501468
Hodler,4,2,GNI: Per capita gross national income in the year 2000 ,1,0,0,Per capita natural capital in the year 1994,1.0,1,0,0,0.02,0.023,0.0,0.0,0.0,4,92,92,1,,0,0,0,0,0,0,0,1.0,0,0.02,0,0,0,1,0,2006,236,67,cross-sectional,OLS,1,1,0.752,,5,88.0,0.02,0.023,0.8695652,0.09230026,0.1061453,88.75615,0.2,9.421048,0.8695652,1.0,0.0,0.0,0.10660036,866.73645,37.684193,829.05225,866.73645,9.421048,18898.623,7.084628,2223.3674,9.421048,0.0,0.0,0.0,0.0,0.0,0.0,0.0,0.0,0.0,0.0,9.421048,0.0,0.0,9.421048,0.0,0.0,0.0,9.421048,9.421048,0.0,0.0,0.0,9.421048,0.0,,,4.5325994,1.609438,4.5325994,0.6931472,7.6043963,0.560758,5.46806,42.70184,15.162593,42.70184,6.5301733,71.64139,5.282928,51.51486,4.4886365,9.421048
Hodler,4,3,GNI: Per capita gross national income in the year 2000 ,1,0,0,Per capita natural capital in the year 1994,1.0,1,0,0,0.075,0.032,0.0,0.0,0.0,4,92,92,1,,0,0,0,0,0,0,0,1.0,0,0.075,0,0,0,1,0,2006,236,67,cross-sectional,OLS,1,1,0.752,,5,88.0,0.075,0.032,2.34375,0.24239372,0.10342132,93.49316,0.2,9.669186,2.34375,1.0,0.0,0.0,0.10660036,889.5651,38.676743,850.88837,889.5651,9.669186,19396.387,7.271228,2281.928,9.669186,0.0,0.0,0.0,0.0,0.0,0.0,0.0,0.0,0.0,0.0,9.669186,0.0,0.0,9.669186,0.0,0.0,0.0,9.669186,9.669186,0.0,0.0,0.0,9.669186,0.0,,,4.5325994,1.609438,4.5325994,0.6931472,7.6043963,0.560758,5.46806,43.826546,15.5619545,43.826546,6.702169,73.52832,5.4220734,52.87169,4.4886365,9.669186
Hodler,4,4,GNI: Per capita gross national income in the year 2000 ,1,0,0,Per capita natural capital in the year 1994,1.0,1,0,0,0.048,0.029,0.0,0.0,0.0,4,89,89,1,,0,0,0,0,0,0,0,1.0,0,0.048,0,0,0,1,0,2006,236,67,cross-sectional,OLS,1,1,0.752,,5,85.0,0.048,0.029,1.6551725,0.17670362,0.10675843,87.7396,0.2,9.366941,1.6551725,1.0,0.0,0.0,0.10846523,833.65784,37.467766,796.19006,833.65784,9.366941,18790.086,7.04394,2210.5981,9.366941,0.0,0.0,0.0,0.0,0.0,0.0,0.0,0.0,0.0,0.0,9.366941,0.0,0.0,9.366941,0.0,0.0,0.0,9.366941,9.366941,0.0,0.0,0.0,9.366941,0.0,,,4.4998097,1.609438,4.4998097,0.6931472,7.6043963,0.560758,5.46806,42.149456,15.075511,42.149456,6.492669,71.229935,5.2525873,51.218998,4.454347,9.366941
Hodler,4,5,GNI: Per capita gross national income in the year 2000 ,1,0,0,Per capita natural capital in the year 1994,1.0,1,0,0,0.068,0.025,0.0,0.0,0.0,4,92,92,1,,0,0,0,0,0,0,0,1.0,0,0.068,0,0,0,1,0,2006,236,67,cross-sectional,OLS,1,1,0.752,,5,88.0,0.068,0.025,2.72,0.2784828,0.10238338,95.39839,0.2,9.76721,2.72,1.0,0.0,0.0,0.10660036,898.5833,39.06884,859.51447,898.5833,9.76721,19593.023,7.344942,2305.0615,9.76721,0.0,0.0,0.0,0.0,0.0,0.0,0.0,0.0,0.0,0.0,9.76721,0.0,0.0,9.76721,0.0,0.0,0.0,9.76721,9.76721,0.0,0.0,0.0,9.76721,0.0,,,4.5325994,1.609438,4.5325994,0.6931472,7.6043963,0.560758,5.46806,44.27085,15.719718,44.27085,6.770114,74.273735,5.4770412,53.407692,4.4886365,9.76721
Brunnschweiller,5,1,"Log growth of income per capita, average, 19702000",1,1,0,Primary exports/GDP in 1970 (sxp),0.0,1,0,0,-2.48,0.79,0.0,0.0,0.0,4,89,89,1,rule of law,1,0,0,1,0,0,0,1.0,0,-2.48,0,1,0,0,0,2008,240,51,cross-sectional,OLS,1,1,0.093,"Brunnschweiler, Christa N., 2008. ""Cursing the Blessings? Natural Resource Abundance, Institutions, and Economic Growth,"" World Development, Elsevier, vol. 36(3), pages 399-419, March.",52,85.0,-2.48,0.79,-3.1392405,-0.32232565,0.10267632,94.85483,0.01923077,9.739345,-3.1392405,1.0,0.0,0.0,0.10846523,866.80164,38.95738,827.84424,866.80164,9.739345,19556.604,0.90575904,2337.4426,9.739345,9.739345,0.0,0.0,0.0,0.0,0.0,9.739345,9.739345,0.0,0.0,9.739345,9.739345,0.0,9.739345,0.0,0.0,0.0,9.739345,9.739345,0.0,9.739345,0.0,0.0,0.0,,,4.4998097,1.609438,4.4998097,0.6931472,7.6053925,0.08892621,5.484797,43.825195,15.6748705,43.825195,6.750799,74.07153,0.86608297,53.418327,4.454347,0.0
Brunnschweiller,5,2,"Log growth of income per capita, average, 19702000",1,1,0,Primary exports/GDP in 1970 (sxp),0.0,1,0,0,-2.32,0.8,0.0,0.0,0.0,4,89,89,1,gov.effect,1,0,0,1,0,0,0,1.0,0,-2.32,0,1,0,0,0,2008,240,51,cross-sectional,OLS,1,1,0.093,,52,85.0,-2.32,0.8,-2.8999999,-0.3000553,0.103467345,93.41,0.01923077,9.6648855,-2.8999999,1.0,0.0,0.0,0.10846523,860.17474,38.659542,821.51526,860.17474,9.6648855,19407.09,0.8988343,2319.5725,9.6648855,9.6648855,0.0,0.0,0.0,0.0,0.0,9.6648855,9.6648855,0.0,0.0,9.6648855,9.6648855,0.0,9.6648855,0.0,0.0,0.0,9.6648855,9.6648855,0.0,9.6648855,0.0,0.0,0.0,,,4.4998097,1.609438,4.4998097,0.6931472,7.6053925,0.08892621,5.484797,43.490143,15.555033,43.490143,6.6991878,73.50524,0.8594616,53.009933,4.454347,0.0
Brunnschweiller,5,3,"Log growth of income per capita, average, 19702000",1,1,0,Primary exports/GDP in 1970 (sxp),0.0,1,0,0,-5.95,2.39,1.53,0.85,2.5,8,90,90,1,rule of law,1,1,0,1,0,0,0,1.0,0,-2.125,0,1,0,0,0,2008,240,51,cross-sectional,OLS,1,1,0.093,,52,82.0,-2.125,3.1980815,-0.66446084,-0.073180676,0.11013542,82.44151,0.01923077,9.079731,-0.66446084,1.0,0.0,0.0,0.11043153,817.1758,72.63785,744.53796,817.1758,9.079731,18232.1,0.844415,2179.1355,9.079731,9.079731,9.079731,0.0,0.0,0.0,0.0,9.079731,9.079731,0.0,0.0,9.079731,9.079731,0.0,9.079731,0.0,0.0,0.0,9.079731,9.079731,0.0,9.079731,0.0,0.0,0.0,,,4.5108595,2.1972246,4.5108595,0.6931472,7.6053925,0.08892621,5.484797,40.95739,19.950209,40.95739,6.29359,69.05492,0.8074261,49.80048,4.4188404,0.0
Brunnschweiller,5,4,"Log growth of income per capita, average, 19702000",1,1,0,Primary exports/GDP in 1970 (sxp),0.0,1,0,0,-5.59,2.29,1.43,0.83,2.1,8,90,90,1,gov.effect,1,1,0,1,0,0,0,1.0,0,-2.5869999999999997,0,1,0,0,0,2008,240,51,cross-sectional,OLS,1,1,0.093,,52,82.0,-2.5870001,2.8778722,-0.89892805,-0.098784454,0.10989139,82.80807,0.01923077,9.099894,-0.89892805,1.0,0.0,0.0,0.11043153,818.9904,72.79915,746.1913,818.9904,9.099894,18272.586,0.8462901,2183.9746,9.099894,9.099894,9.099894,0.0,0.0,0.0,0.0,9.099894,9.099894,0.0,0.0,9.099894,9.099894,0.0,9.099894,0.0,0.0,0.0,9.099894,9.099894,0.0,9.099894,0.0,0.0,0.0,,,4.5108595,2.1972246,4.5108595,0.6931472,7.6053925,0.08892621,5.484797,41.048344,19.99451,41.048344,6.3075657,69.20827,0.80921906,49.91107,4.4188404,0.0
Brunnschweiller,5,5,"Log growth of income per capita, average, 19702000",1,1,0,"Log total natural capital in US$ per capita, average 19942000 (lnnatcap)",1.0,1,0,0,0.2,0.1,0.0,0.0,0.0,3,79,79,1,rule of law,1,0,0,1,0,0,0,1.0,0,0.2,0,0,0,1,0,2008,240,51,cross-sectional,OLS,1,1,0.093,,52,76.0,0.2,0.1,2.0,0.2236068,0.1118034,80.0,0.01923077,8.944272,2.0,1.0,0.0,0.0,0.114707865,706.5975,26.832815,679.76465,706.5975,8.944272,17960.098,0.83181727,2146.6252,8.944272,8.944272,0.0,0.0,0.0,0.0,0.0,8.944272,8.944272,0.0,0.0,8.944272,8.944272,0.0,8.944272,0.0,0.0,0.0,8.944272,8.944272,0.0,0.0,0.0,8.944272,0.0,,,4.3820267,1.3862944,4.3820267,0.6931472,7.6053925,0.08892621,5.484797,39.19404,12.399394,39.19404,6.199697,68.0247,0.79538023,49.057518,4.3438053,8.944272
Brunnschweiller,5,6,"Log growth of income per capita, average, 19702000",1,1,0,"Log total natural capital in US$ per capita, average 19942000 (lnnatcap)",1.0,1,0,0,0.2,0.1,0.0,0.0,0.0,4,79,79,1,rule of law,1,0,0,1,0,0,0,1.0,0,0.2,0,0,0,1,0,2008,240,51,cross-sectional,OLS,1,1,0.093,,52,75.0,0.2,0.1,2.0,0.22501758,0.11250879,79.0,0.01923077,8.888194,2.0,1.0,0.0,0.0,0.11547005,702.16736,35.552776,666.61456,702.16736,8.888194,17847.494,0.8266021,2133.1667,8.888194,8.888194,0.0,0.0,0.0,0.0,0.0,8.888194,8.888194,0.0,0.0,8.888194,8.888194,0.0,8.888194,0.0,0.0,0.0,8.888194,8.888194,0.0,0.0,0.0,8.888194,0.0,,,4.3820267,1.609438,4.3820267,0.6931472,7.6053925,0.08892621,5.484797,38.948307,14.304997,38.948307,6.160827,67.598206,0.7903935,48.749943,4.3307333,8.888194
Brunnschweiller,5,7,"Log growth of income per capita, average, 19702000",1,1,0,"Log total natural capital in US$ per capita, average 19942000 (lnnatcap)",1.0,1,0,0,0.08,0.1,0.0,0.0,0.0,7,79,79,1,rule of law,1,0,0,1,0,0,0,1.0,0,0.08,0,0,0,1,0,2008,240,51,cross-sectional,OLS,1,1,0.093,,52,72.0,0.08,0.1,0.79999995,0.09386464,0.11733081,72.64,0.01923077,8.52291,0.79999995,1.0,0.0,0.0,0.11785113,673.30994,59.660374,613.64954,673.30994,8.52291,17114.004,0.7926307,2045.4985,8.52291,8.52291,0.0,0.0,0.0,0.0,0.0,8.52291,8.52291,0.0,0.0,8.52291,8.52291,0.0,8.52291,0.0,0.0,0.0,8.52291,8.52291,0.0,0.0,0.0,8.52291,0.0,,,4.3820267,2.0794415,4.3820267,0.6931472,7.6053925,0.08892621,5.484797,37.347622,17.722895,37.347622,5.9076314,64.820076,0.75791013,46.746433,4.2904596,8.52291
Brunnschweiller,5,8,"Log growth of income per capita, average, 19702000",1,1,0,"Log total natural capital in US$ per capita, average 19942000 (lnnatcap)",1.0,1,0,0,0.19,0.1,0.0,0.0,0.0,3,79,79,1,gov.effect,1,0,0,1,0,0,0,1.0,0,0.19,0,0,0,1,0,2008,240,51,cross-sectional,OLS,1,1,0.093,,52,76.0,0.19,0.1,1.9,0.21294615,0.11207692,79.60999,0.01923077,8.922443,1.9,1.0,0.0,0.0,0.114707865,704.87305,26.76733,678.1057,704.87305,8.922443,17916.266,0.82978725,2141.3865,8.922443,8.922443,0.0,0.0,0.0,0.0,0.0,8.922443,8.922443,0.0,0.0,8.922443,8.922443,0.0,8.922443,0.0,0.0,0.0,8.922443,8.922443,0.0,0.0,0.0,8.922443,0.0,,,4.3820267,1.3862944,4.3820267,0.6931472,7.6053925,0.08892621,5.484797,39.098385,12.369133,39.098385,6.1845665,67.85868,0.7934391,48.93779,4.3438053,8.922443
Brunnschweiller,5,9,"Log growth of income per capita, average, 19702000",1,1,0,"Log total natural capital in US$ per capita, average 19942000 (lnnatcap)",1.0,1,0,0,0.2,0.1,0.0,0.0,0.0,4,79,79,1,gov.effect,1,0,0,1,0,0,0,1.0,0,0.2,0,0,0,1,0,2008,240,51,cross-sectional,OLS,1,1,0.093,,52,75.0,0.2,0.1,2.0,0.22501758,0.11250879,79.0,0.01923077,8.888194,2.0,1.0,0.0,0.0,0.11547005,702.16736,35.552776,666.61456,702.16736,8.888194,17847.494,0.8266021,2133.1667,8.888194,8.888194,0.0,0.0,0.0,0.0,0.0,8.888194,8.888194,0.0,0.0,8.888194,8.888194,0.0,8.888194,0.0,0.0,0.0,8.888194,8.888194,0.0,0.0,0.0,8.888194,0.0,,,4.3820267,1.609438,4.3820267,0.6931472,7.6053925,0.08892621,5.484797,38.948307,14.304997,38.948307,6.160827,67.598206,0.7903935,48.749943,4.3307333,8.888194
Brunnschweiller,5,10,"Log growth of income per capita, average, 19702000",1,1,0,"Log total natural capital in US$ per capita, average 19942000 (lnnatcap)",1.0,1,0,0,0.08,0.1,0.0,0.0,0.0,7,79,79,1,gov.effect,1,0,0,1,0,0,0,1.0,0,0.08,0,0,0,1,0,2008,240,51,cross-sectional,OLS,1,1,0.093,,52,72.0,0.08,0.1,0.79999995,0.09386464,0.11733081,72.64,0.01923077,8.52291,0.79999995,1.0,0.0,0.0,0.11785113,673.30994,59.660374,613.64954,673.30994,8.52291,17114.004,0.7926307,2045.4985,8.52291,8.52291,0.0,0.0,0.0,0.0,0.0,8.52291,8.52291,0.0,0.0,8.52291,8.52291,0.0,8.52291,0.0,0.0,0.0,8.52291,8.52291,0.0,0.0,0.0,8.52291,0.0,,,4.3820267,2.0794415,4.3820267,0.6931472,7.6053925,0.08892621,5.484797,37.347622,17.722895,37.347622,5.9076314,64.820076,0.75791013,46.746433,4.2904596,8.52291
Brunnschweiller,5,11,"Log growth of income per capita, average, 19702000",1,1,0,"Log total natural capital in US$ per capita, average 19942000 (lnnatcap)",1.0,1,0,0,1.25,0.26,-0.33,0.08,2.5,5,79,79,1,rule of law,1,1,0,1,0,0,0,1.0,0,0.42499999999999993,0,0,0,1,0,2008,240,51,cross-sectional,OLS,1,1,0.093,,52,74.0,0.42499995,0.3280244,1.2956352,0.14893474,0.114951134,75.678665,0.01923077,8.699348,1.2956352,1.0,0.0,0.0,0.11624764,687.24854,43.496742,643.75183,687.24854,8.699348,17468.293,0.8090394,2087.8438,8.699348,8.699348,8.699348,0.0,0.0,0.0,0.0,8.699348,8.699348,0.0,0.0,8.699348,8.699348,0.0,8.699348,0.0,0.0,0.0,8.699348,8.699348,0.0,0.0,0.0,8.699348,0.0,,,4.3820267,1.7917595,4.3820267,0.6931472,7.6053925,0.08892621,5.484797,38.120777,15.587141,38.120777,6.029929,66.161964,0.7736001,47.71416,4.317488,8.699348
Brunnschweiller,5,12,"Log growth of income per capita, average, 19702000",1,1,0,"Log total natural capital in US$ per capita, average 19942000 (lnnatcap)",1.0,1,0,0,1.0,0.23,-0.3,0.07,2.1,8,79,79,1,rule of law,1,1,0,1,0,0,0,1.0,0,0.37,0,0,0,1,0,2008,240,51,cross-sectional,OLS,1,1,0.093,,52,71.0,0.36999997,0.27296337,1.3554931,0.15882549,0.11717174,72.837364,0.01923077,8.534481,1.3554931,1.0,0.0,0.0,0.11867817,674.224,68.27585,605.9481,674.224,8.534481,17137.238,0.7937067,2048.2754,8.534481,8.534481,8.534481,0.0,0.0,0.0,0.0,8.534481,8.534481,0.0,0.0,8.534481,8.534481,0.0,8.534481,0.0,0.0,0.0,8.534481,8.534481,0.0,0.0,0.0,8.534481,0.0,,,4.3820267,2.1972246,4.3820267,0.6931472,7.6053925,0.08892621,5.484797,37.398323,18.752172,37.398323,5.9156513,64.90807,0.758939,46.809895,4.276666,8.534481
Brunnschweiller,5,13,"Log growth of income per capita, average, 19702000",1,1,0,"Log total natural capital in US$ per capita, average 19942000 (lnnatcap)",1.0,1,0,0,1.23,0.29,-0.33,0.09,2.5,5,79,79,1,gov.effect,1,1,0,1,0,0,0,1.0,0,0.4049999999999999,0,0,0,1,0,2008,240,51,cross-sectional,OLS,1,1,0.093,,52,74.0,0.40499997,0.36704904,1.1033947,0.12722473,0.115303,75.217476,0.01923077,8.672801,1.1033947,1.0,0.0,0.0,0.11624764,685.1513,43.364006,641.7873,685.1513,8.672801,17414.984,0.8065705,2081.4722,8.672801,8.672801,8.672801,0.0,0.0,0.0,0.0,8.672801,8.672801,0.0,0.0,8.672801,8.672801,0.0,8.672801,0.0,0.0,0.0,8.672801,8.672801,0.0,0.0,0.0,8.672801,0.0,,,4.3820267,1.7917595,4.3820267,0.6931472,7.6053925,0.08892621,5.484797,38.004444,15.539574,38.004444,6.0115275,65.96005,0.77123934,47.568554,4.317488,8.672801
Brunnschweiller,5,14,"Log growth of income per capita, average, 19702000",1,1,0,"Log total natural capital in US$ per capita, average 19942000 (lnnatcap)",1.0,1,0,0,0.98,0.26,-0.3,0.08,2.1,8,79,79,1,gov.effect,1,1,0,1,0,0,0,1.0,0,0.35,0,0,0,1,0,2008,240,51,cross-sectional,OLS,1,1,0.093,,52,71.0,0.34999996,0.30955452,1.130657,0.13299234,0.117623955,72.27839,0.01923077,8.50167,1.130657,1.0,0.0,0.0,0.11867817,671.6319,68.01336,603.6185,671.6319,8.50167,17071.352,0.79065526,2040.4008,8.50167,8.50167,8.50167,0.0,0.0,0.0,0.0,8.50167,8.50167,0.0,0.0,8.50167,8.50167,0.0,8.50167,0.0,0.0,0.0,8.50167,8.50167,0.0,0.0,0.0,8.50167,0.0,,,4.3820267,2.1972246,4.3820267,0.6931472,7.6053925,0.08892621,5.484797,37.254543,18.680079,37.254543,5.892908,64.65853,0.75602126,46.629932,4.276666,8.50167
Brunnschweiller,5,15,"Log growth of income per capita, average, 19702000",1,1,0,"Log total natural capital in US$ per capita, average 19942000 (lnnatcap)",1.0,1,0,0,0.2,0.1,0.0,0.0,0.0,3,79,79,1,rule of law,1,0,0,1,0,0,1,0.0,1,0.2,0,0,0,1,0,2008,240,51,cross-sectional,2SLS,1,1,0.093,,52,76.0,0.2,0.1,2.0,0.2236068,0.1118034,80.0,0.01923077,8.944272,2.0,1.0,0.0,0.0,0.114707865,706.5975,26.832815,679.76465,706.5975,8.944272,17960.098,0.83181727,2146.6252,8.944272,8.944272,0.0,0.0,0.0,8.944272,0.0,8.944272,8.944272,0.0,0.0,8.944272,8.944272,0.0,8.944272,0.0,0.0,8.944272,0.0,8.944272,0.0,0.0,0.0,8.944272,0.0,,,4.3820267,1.3862944,4.3820267,0.6931472,7.6053925,0.08892621,5.484797,39.19404,12.399394,39.19404,6.199697,68.0247,0.79538023,49.057518,4.3438053,8.944272
Brunnschweiller,5,16,"Log growth of income per capita, average, 19702000",1,1,0,"Log total natural capital in US$ per capita, average 19942000 (lnnatcap)",1.0,1,0,0,0.08,0.09,0.0,0.0,0.0,6,79,79,1,rule of law,1,0,0,1,0,0,1,0.0,1,0.08,0,0,0,1,0,2008,240,51,cross-sectional,2SLS,1,1,0.093,,52,73.0,0.08,0.09,0.88888884,0.103478074,0.11641284,73.79012,0.01923077,8.590117,0.88888884,1.0,0.0,0.0,0.11704115,678.6193,51.540707,627.0786,678.6193,8.590117,17248.957,0.79888093,2061.6282,8.590117,8.590117,0.0,0.0,0.0,8.590117,0.0,8.590117,8.590117,0.0,0.0,8.590117,8.590117,0.0,8.590117,0.0,0.0,8.590117,0.0,8.590117,0.0,0.0,0.0,8.590117,0.0,,,4.3820267,1.9459101,4.3820267,0.6931472,7.6053925,0.08892621,5.484797,37.642124,16.715597,37.642124,5.954216,65.331215,0.76388663,47.11505,4.304065,8.590117
Brunnschweiller,5,17,"Log growth of income per capita, average, 19702000",1,1,0,"Log total natural capital in US$ per capita, average 19942000 (lnnatcap)",1.0,1,0,0,0.19,0.1,0.0,0.0,0.0,3,79,79,1,gov.effect,1,0,0,1,0,0,1,0.0,1,0.19,0,0,0,1,0,2008,240,51,cross-sectional,2SLS,1,1,0.093,,52,76.0,0.19,0.1,1.9,0.21294615,0.11207692,79.60999,0.01923077,8.922443,1.9,1.0,0.0,0.0,0.114707865,704.87305,26.76733,678.1057,704.87305,8.922443,17916.266,0.82978725,2141.3865,8.922443,8.922443,0.0,0.0,0.0,8.922443,0.0,8.922443,8.922443,0.0,0.0,8.922443,8.922443,0.0,8.922443,0.0,0.0,8.922443,0.0,8.922443,0.0,0.0,0.0,8.922443,0.0,,,4.3820267,1.3862944,4.3820267,0.6931472,7.6053925,0.08892621,5.484797,39.098385,12.369133,39.098385,6.1845665,67.85868,0.7934391,48.93779,4.3438053,8.922443
Brunnschweiller,5,18,"Log growth of income per capita, average, 19702000",1,1,0,"Log total natural capital in US$ per capita, average 19942000 (lnnatcap)",1.0,1,0,0,0.07,0.1,0.0,0.0,0.0,6,79,79,1,gov.effect,1,0,0,1,0,0,1,0.0,1,0.07,0,0,0,1,0,2008,240,51,cross-sectional,2SLS,1,1,0.093,,52,73.0,0.07,0.1,0.7,0.08165521,0.116650306,73.49,0.01923077,8.572631,0.7,1.0,0.0,0.0,0.11704115,677.23785,51.435783,625.80206,677.23785,8.572631,17213.842,0.7972547,2057.4314,8.572631,8.572631,0.0,0.0,0.0,8.572631,0.0,8.572631,8.572631,0.0,0.0,8.572631,8.572631,0.0,8.572631,0.0,0.0,8.572631,0.0,8.572631,0.0,0.0,0.0,8.572631,0.0,,,4.3820267,1.9459101,4.3820267,0.6931472,7.6053925,0.08892621,5.484797,37.5655,16.681568,37.5655,5.942095,65.19822,0.76233155,47.01914,4.304065,8.572631
Brunnschweiller,5,19,"Log growth of income per capita, average, 19702000",1,1,0,"Log total natural capital in US$ per capita, average 19942000 (lnnatcap)",1.0,1,0,0,0.25,0.1,0.0,0.0,0.0,4,79,79,1,rule of law,1,0,0,1,0,0,0,0.0,1,0.25,0,0,0,1,0,2008,240,51,cross-sectional,2SLS,1,1,0.093,,52,75.0,0.25,0.1,2.5,0.2773501,0.11094004,81.25,0.01923077,9.013878,2.5,1.0,0.0,0.0,0.11547005,712.0964,36.05551,676.0409,712.0964,9.013878,18099.867,0.8382907,2163.3308,9.013878,9.013878,0.0,0.0,0.0,0.0,0.0,9.013878,9.013878,0.0,0.0,9.013878,9.013878,0.0,9.013878,0.0,0.0,9.013878,0.0,9.013878,0.0,0.0,0.0,9.013878,0.0,,,4.3820267,1.609438,4.3820267,0.6931472,7.6053925,0.08892621,5.484797,39.499054,14.5072775,39.499054,6.2479444,68.554085,0.80157006,49.439293,4.3307333,9.013878
Brunnschweiller,5,20,"Log growth of income per capita, average, 19702000",1,1,0,"Log total natural capital in US$ per capita, average 19942000 (lnnatcap)",1.0,1,0,0,0.2,0.09,0.0,0.0,0.0,4,79,79,1,rule of law,1,0,0,1,0,0,0,0.0,1,0.2,0,0,0,1,0,2008,240,51,cross-sectional,2SLS,1,1,0.093,,52,75.0,0.2,0.09,2.222222,0.2485479,0.11184656,79.93827,0.01923077,8.940821,2.222222,1.0,0.0,0.0,0.11547005,706.3248,35.763283,670.5615,706.3248,8.940821,17953.168,0.8314963,2145.7969,8.940821,8.940821,0.0,0.0,0.0,0.0,0.0,8.940821,8.940821,0.0,0.0,8.940821,8.940821,0.0,8.940821,0.0,0.0,8.940821,0.0,8.940821,0.0,0.0,0.0,8.940821,0.0,,,4.3820267,1.609438,4.3820267,0.6931472,7.6053925,0.08892621,5.484797,39.178913,14.389696,39.178913,6.1973047,67.99845,0.7950733,49.038586,4.3307333,8.940821
Brunnschweiller,5,21,"Log growth of income per capita, average, 19702000",1,1,0,"Log total natural capital in US$ per capita, average 19942000 (lnnatcap)",1.0,1,0,0,0.13,0.1,0.0,0.0,0.0,4,75,75,1,rule of law,1,0,0,1,0,0,0,0.0,1,0.13,0,0,0,1,0,2008,240,51,cross-sectional,2SLS,1,1,0.093,,52,71.0,0.13,0.1,1.3,0.15247758,0.11729045,72.69,0.01923077,8.525844,1.3,1.0,0.0,0.0,0.11867817,639.43823,34.103374,605.33484,639.43823,8.525844,17119.893,0.7929034,2046.2024,8.525844,8.525844,0.0,0.0,0.0,0.0,0.0,8.525844,8.525844,0.0,0.0,8.525844,8.525844,0.0,8.525844,0.0,0.0,8.525844,0.0,8.525844,0.0,0.0,0.0,8.525844,0.0,,,4.3307333,1.609438,4.3307333,0.6931472,7.6053925,0.08892621,5.484797,36.923153,13.721815,36.923153,5.909664,64.842384,0.7581709,46.76252,4.276666,8.525844
Brunnschweiller,5,22,"Log growth of income per capita, average, 19702000",1,1,0,"Log total natural capital in US$ per capita, average 19942000 (lnnatcap)",1.0,1,0,0,0.22,0.1,0.0,0.0,0.0,4,77,77,1,rule of law,1,0,0,1,0,0,0,0.0,1,0.22,0,0,0,1,0,2008,240,51,cross-sectional,2SLS,1,1,0.093,,52,73.0,0.22,0.1,2.2,0.24935684,0.11334401,77.84,0.01923077,8.822698,2.2,1.0,0.0,0.0,0.11704115,679.3477,35.29079,644.05695,679.3477,8.822698,17715.977,0.8205109,2117.4475,8.822698,8.822698,0.0,0.0,0.0,0.0,0.0,8.822698,8.822698,0.0,0.0,8.822698,8.822698,0.0,8.822698,0.0,0.0,8.822698,0.0,8.822698,0.0,0.0,0.0,8.822698,0.0,,,4.356709,1.609438,4.356709,0.6931472,7.6053925,0.08892621,5.484797,38.437927,14.199585,38.437927,6.1154284,67.10008,0.7845691,48.39071,4.304065,8.822698
Brunnschweiller,5,23,"Log growth of income per capita, average, 19702000",1,1,0,"Log total natural capital in US$ per capita, average 19942000 (lnnatcap)",1.0,1,0,0,0.21,0.09,0.0,0.0,0.0,7,73,73,1,rule of law,1,0,0,1,0,0,0,0.0,1,0.21,0,0,0,1,0,2008,240,51,cross-sectional,2SLS,1,1,0.093,,52,66.0,0.21,0.09,2.3333333,0.27605304,0.11830845,71.44445,0.01923077,8.452482,2.3333333,1.0,0.0,0.0,0.12309149,617.0312,59.167374,557.86383,617.0312,8.452482,16972.584,0.78608084,2028.5956,8.452482,8.452482,0.0,0.0,0.0,0.0,0.0,8.452482,8.452482,0.0,0.0,8.452482,8.452482,0.0,8.452482,0.0,0.0,8.452482,0.0,8.452482,0.0,0.0,0.0,8.452482,0.0,,,4.304065,2.0794415,4.304065,0.6931472,7.6053925,0.08892621,5.484797,36.38003,17.576443,36.38003,5.858814,64.28444,0.7516472,46.360146,4.204693,8.452482
Brunnschweiller,5,24,"Log growth of income per capita, average, 19702000",1,1,0,"Log total natural capital in US$ per capita, average 19942000 (lnnatcap)",1.0,1,0,0,0.25,0.1,0.0,0.0,0.0,4,79,79,1,gov.effect,1,0,0,1,0,0,0,0.0,1,0.25,0,0,0,1,0,2008,240,51,cross-sectional,2SLS,1,1,0.093,,52,75.0,0.25,0.1,2.5,0.2773501,0.11094004,81.25,0.01923077,9.013878,2.5,1.0,0.0,0.0,0.11547005,712.0964,36.05551,676.0409,712.0964,9.013878,18099.867,0.8382907,2163.3308,9.013878,9.013878,0.0,0.0,0.0,0.0,0.0,9.013878,9.013878,0.0,0.0,9.013878,9.013878,0.0,9.013878,0.0,0.0,9.013878,0.0,9.013878,0.0,0.0,0.0,9.013878,0.0,,,4.3820267,1.609438,4.3820267,0.6931472,7.6053925,0.08892621,5.484797,39.499054,14.5072775,39.499054,6.2479444,68.554085,0.80157006,49.439293,4.3307333,9.013878
Brunnschweiller,5,25,"Log growth of income per capita, average, 19702000",1,1,0,"Log total natural capital in US$ per capita, average 19942000 (lnnatcap)",1.0,1,0,0,0.19,0.1,0.0,0.0,0.0,4,79,79,1,gov.effect,1,0,0,1,0,0,0,0.0,1,0.19,0,0,0,1,0,2008,240,51,cross-sectional,2SLS,1,1,0.093,,52,75.0,0.19,0.1,1.9,0.21429631,0.11278754,78.60999,0.01923077,8.866228,1.9,1.0,0.0,0.0,0.11547005,700.432,35.464912,664.9671,700.432,8.866228,17803.385,0.8245592,2127.8948,8.866228,8.866228,0.0,0.0,0.0,0.0,0.0,8.866228,8.866228,0.0,0.0,8.866228,8.866228,0.0,8.866228,0.0,0.0,8.866228,0.0,8.866228,0.0,0.0,0.0,8.866228,0.0,,,4.3820267,1.609438,4.3820267,0.6931472,7.6053925,0.08892621,5.484797,38.852047,14.269644,38.852047,6.145601,67.431145,0.78844005,48.62946,4.3307333,8.866228
Brunnschweiller,5,26,"Log growth of income per capita, average, 19702000",1,1,0,"Log total natural capital in US$ per capita, average 19942000 (lnnatcap)",1.0,1,0,0,0.12,0.1,0.0,0.0,0.0,4,75,75,1,gov.effect,1,0,0,1,0,0,0,0.0,1,0.12,0,0,0,1,0,2008,240,51,cross-sectional,2SLS,1,1,0.093,,52,71.0,0.12,0.1,1.1999999,0.1409912,0.11749267,72.44,0.01923077,8.511169,1.1999999,1.0,0.0,0.0,0.11867817,638.3377,34.044678,604.293,638.3377,8.511169,17090.428,0.7915388,2042.6807,8.511169,8.511169,0.0,0.0,0.0,0.0,0.0,8.511169,8.511169,0.0,0.0,8.511169,8.511169,0.0,8.511169,0.0,0.0,8.511169,0.0,8.511169,0.0,0.0,0.0,8.511169,0.0,,,4.3307333,1.609438,4.3307333,0.6931472,7.6053925,0.08892621,5.484797,36.859604,13.698199,36.859604,5.899493,64.73078,0.75686604,46.682037,4.276666,8.511169
Brunnschweiller,5,27,"Log growth of income per capita, average, 19702000",1,1,0,"Log total natural capital in US$ per capita, average 19942000 (lnnatcap)",1.0,1,0,0,0.21,0.1,0.0,0.0,0.0,4,77,77,1,gov.effect,1,0,0,1,0,1,0,0.0,1,0.21,0,0,0,1,0,2008,240,51,cross-sectional,2SLS,1,1,0.093,,52,73.0,0.21,0.1,2.1,0.23868258,0.113658376,77.41,0.01923077,8.798296,2.1,1.0,0.0,0.0,0.11704115,677.46875,35.193184,642.2756,677.46875,8.798296,17666.979,0.8182415,2111.591,8.798296,8.798296,0.0,0.0,8.798296,0.0,0.0,8.798296,8.798296,0.0,0.0,8.798296,8.798296,0.0,8.798296,0.0,0.0,8.798296,0.0,8.798296,0.0,0.0,0.0,8.798296,0.0,,,4.356709,1.609438,4.356709,0.6931472,7.6053925,0.08892621,5.484797,38.331615,14.160311,38.331615,6.098514,66.91449,0.7823991,48.256866,4.304065,8.798296
Brunnschweiller,5,28,"Log growth of income per capita, average, 19702000",1,1,0,"Log total natural capital in US$ per capita, average 19942000 (lnnatcap)",1.0,1,0,0,0.21,0.09,0.0,0.0,0.0,7,73,73,1,gov.effect,1,0,0,1,0,1,0,0.0,1,0.21,0,0,0,1,0,2008,240,51,cross-sectional,2SLS,1,1,0.093,,52,66.0,0.21,0.09,2.3333333,0.27605304,0.11830845,71.44445,0.01923077,8.452482,2.3333333,1.0,0.0,0.0,0.12309149,617.0312,59.167374,557.86383,617.0312,8.452482,16972.584,0.78608084,2028.5956,8.452482,8.452482,0.0,0.0,8.452482,0.0,0.0,8.452482,8.452482,0.0,0.0,8.452482,8.452482,0.0,8.452482,0.0,0.0,8.452482,0.0,8.452482,0.0,0.0,0.0,8.452482,0.0,,,4.304065,2.0794415,4.304065,0.6931472,7.6053925,0.08892621,5.484797,36.38003,17.576443,36.38003,5.858814,64.28444,0.7516472,46.360146,4.204693,8.452482
Brunnschweiller,5,29,"Log growth of income per capita, average, 19702000",1,1,0,"Log subsoil wealth in US$ per capita, average 19942000 (lnsubsoil) ",1.0,0,1,1,0.15,0.04,0.0,0.0,0.0,3,61,61,1,rule of law,1,0,0,1,0,0,0,1.0,0,0.15,0,0,0,1,0,2008,240,51,cross-sectional,OLS,1,1,0.093,,52,58.0,0.15,0.04,3.7500002,0.44175008,0.11780001,72.0625,0.01923077,8.488963,3.7500002,1.0,0.0,0.0,0.13130644,517.8268,25.46689,492.3599,517.8268,8.488963,17045.838,0.7894736,2037.3512,8.488963,8.488963,0.0,0.0,0.0,0.0,0.0,8.488963,0.0,8.488963,8.488963,8.488963,8.488963,0.0,8.488963,0.0,0.0,0.0,8.488963,8.488963,0.0,0.0,0.0,8.488963,0.0,,,4.1271343,1.3862944,4.1271343,0.6931472,7.6053925,0.08892621,5.484797,35.03509,11.768202,35.03509,5.884101,64.5619,0.75489134,46.56024,4.0775375,8.488963
Brunnschweiller,5,30,"Log growth of income per capita, average, 19702000",1,1,0,"Log subsoil wealth in US$ per capita, average 19942000 (lnsubsoil) ",1.0,0,1,1,0.16,0.04,0.0,0.0,0.0,4,61,61,1,rule of law,1,0,0,1,0,0,0,1.0,0,0.16,0,0,0,1,0,2008,240,51,cross-sectional,OLS,1,1,0.093,,52,57.0,0.16,0.04,4.0,0.4681646,0.11704115,73.0,0.01923077,8.5440035,4.0,1.0,0.0,0.0,0.13245323,521.1842,34.176014,487.0082,521.1842,8.5440035,17156.36,0.7945923,2050.5608,8.5440035,8.5440035,0.0,0.0,0.0,0.0,0.0,8.5440035,0.0,8.5440035,8.5440035,8.5440035,8.5440035,0.0,8.5440035,0.0,0.0,0.0,8.5440035,8.5440035,0.0,0.0,0.0,8.5440035,0.0,,,4.1271343,1.609438,4.1271343,0.6931472,7.6053925,0.08892621,5.484797,35.26225,13.751043,35.26225,5.922252,64.9805,0.7597859,46.862125,4.060443,8.5440035
Brunnschweiller,5,31,"Log growth of income per capita, average, 19702000",1,1,0,"Log subsoil wealth in US$ per capita, average 19942000 (lnsubsoil) ",1.0,0,1,1,0.14,0.03,0.0,0.0,0.0,7,61,61,1,rule of law,1,0,0,1,0,0,0,1.0,0,0.14,0,0,0,1,0,2008,240,51,cross-sectional,OLS,1,1,0.093,,52,54.0,0.14,0.03,4.666667,0.53608775,0.11487594,75.77777,0.01923077,8.705043,4.666667,1.0,0.0,0.0,0.13608277,531.0076,60.9353,470.07233,531.0076,8.705043,17479.727,0.809569,2089.2102,8.705043,8.705043,0.0,0.0,0.0,0.0,0.0,8.705043,0.0,8.705043,8.705043,8.705043,8.705043,0.0,8.705043,0.0,0.0,0.0,8.705043,8.705043,0.0,0.0,0.0,8.705043,0.0,,,4.1271343,2.0794415,4.1271343,0.6931472,7.6053925,0.08892621,5.484797,35.92688,18.101627,35.92688,6.033876,66.20527,0.7741065,47.74539,4.0073333,8.705043
Brunnschweiller,5,32,"Log growth of income per capita, average, 19702000",1,1,0,"Log subsoil wealth in US$ per capita, average 19942000 (lnsubsoil) ",1.0,0,1,1,0.14,0.03,0.0,0.0,0.0,3,61,61,1,gov.effect,1,0,0,1,0,0,0,1.0,0,0.14,0,0,0,1,0,2008,240,51,cross-sectional,OLS,1,1,0.093,,52,58.0,0.14,0.03,4.666667,0.52247536,0.111958995,79.777794,0.01923077,8.931842,4.666667,1.0,0.0,0.0,0.13130644,544.84235,26.795525,518.0468,544.84235,8.931842,17935.139,0.83066124,2143.6418,8.931842,8.931842,0.0,0.0,0.0,0.0,0.0,8.931842,0.0,8.931842,8.931842,8.931842,8.931842,0.0,8.931842,0.0,0.0,0.0,8.931842,8.931842,0.0,0.0,0.0,8.931842,0.0,,,4.1271343,1.3862944,4.1271343,0.6931472,7.6053925,0.08892621,5.484797,36.86291,12.382161,36.86291,6.1910806,67.93016,0.7942748,48.989338,4.0775375,8.931842
Brunnschweiller,5,33,"Log growth of income per capita, average, 19702000",1,1,0,"Log subsoil wealth in US$ per capita, average 19942000 (lnsubsoil) ",1.0,0,1,1,0.15,0.04,0.0,0.0,0.0,4,61,61,1,gov.effect,1,0,0,1,0,0,0,1.0,0,0.15,0,0,0,1,0,2008,240,51,cross-sectional,OLS,1,1,0.093,,52,57.0,0.15,0.04,3.7500002,0.4448474,0.11862597,71.06249,0.01923077,8.429857,3.7500002,1.0,0.0,0.0,0.13245323,514.2213,33.71943,480.50186,514.2213,8.429857,16927.154,0.78397673,2023.1658,8.429857,8.429857,0.0,0.0,0.0,0.0,0.0,8.429857,0.0,8.429857,8.429857,8.429857,8.429857,0.0,8.429857,0.0,0.0,0.0,8.429857,8.429857,0.0,0.0,0.0,8.429857,0.0,,,4.1271343,1.609438,4.1271343,0.6931472,7.6053925,0.08892621,5.484797,34.791153,13.567332,34.791153,5.843132,64.11237,0.7496353,46.236057,4.060443,8.429857
Brunnschweiller,5,34,"Log growth of income per capita, average, 19702000",1,1,0,"Log subsoil wealth in US$ per capita, average 19942000 (lnsubsoil) ",1.0,0,1,1,0.13,0.03,0.0,0.0,0.0,7,61,61,1,gov.effect,1,0,0,1,0,0,0,1.0,0,0.13,0,0,0,1,0,2008,240,51,cross-sectional,OLS,1,1,0.093,,52,54.0,0.13,0.03,4.3333335,0.50795203,0.117219694,72.77779,0.01923077,8.53099,4.3333335,1.0,0.0,0.0,0.13608277,520.3904,59.716927,460.67343,520.3904,8.53099,17130.227,0.79338205,2047.4375,8.53099,8.53099,0.0,0.0,0.0,0.0,0.0,8.53099,0.0,8.53099,8.53099,8.53099,8.53099,0.0,8.53099,0.0,0.0,0.0,8.53099,8.53099,0.0,0.0,0.0,8.53099,0.0,,,4.1271343,2.0794415,4.1271343,0.6931472,7.6053925,0.08892621,5.484797,35.20854,17.739695,35.20854,5.9132314,64.88152,0.7586286,46.790745,4.0073333,8.53099
Brunnschweiller,5,35,"Log growth of income per capita, average, 19702000",1,1,0,"Log subsoil wealth in US$ per capita, average 19942000 (lnsubsoil) ",1.0,0,1,1,0.37,0.08,-0.08,0.03,2.5,5,61,61,1,rule of law,1,1,0,1,0,0,0,1.0,0,0.16999999999999998,0,0,0,1,0,2008,240,51,cross-sectional,OLS,1,1,0.093,,52,56.0,0.17,0.10965856,1.5502666,0.20285589,0.13085225,58.403328,0.01923077,7.642207,1.5502666,1.0,0.0,0.0,0.13363062,466.17462,38.211037,427.9636,466.17462,7.642207,15345.552,0.71072525,1834.1296,7.642207,7.642207,7.642207,0.0,0.0,0.0,0.0,7.642207,0.0,7.642207,7.642207,7.642207,7.642207,0.0,7.642207,0.0,0.0,0.0,7.642207,7.642207,0.0,0.0,0.0,7.642207,0.0,,,4.1271343,1.7917595,4.1271343,0.6931472,7.6053925,0.08892621,5.484797,31.540415,13.692997,31.540415,5.2971745,58.121983,0.6795925,41.915955,4.0430512,7.642207
Brunnschweiller,5,36,"Log growth of income per capita, average, 19702000",1,1,0,"Log subsoil wealth in US$ per capita, average 19942000 (lnsubsoil) ",1.0,0,1,1,0.32,0.07,-0.07,0.03,2.1,8,61,61,1,rule of law,1,1,0,1,0,0,0,1.0,0,0.173,0,0,0,1,0,2008,240,51,cross-sectional,OLS,1,1,0.093,,52,53.0,0.173,0.09417537,1.8369983,0.24466236,0.13318594,56.374573,0.01923077,7.5083003,1.8369983,1.0,0.0,0.0,0.13736056,458.00632,60.066402,397.9399,458.00632,7.5083003,15076.667,0.69827193,1801.9921,7.5083003,7.5083003,7.5083003,0.0,0.0,0.0,0.0,7.5083003,0.0,7.5083003,7.5083003,7.5083003,7.5083003,0.0,7.5083003,0.0,0.0,0.0,7.5083003,7.5083003,0.0,0.0,0.0,7.5083003,0.0,,,4.1271343,2.1972246,4.1271343,0.6931472,7.6053925,0.08892621,5.484797,30.987762,16.497421,30.987762,5.204357,57.10357,0.6676847,41.181503,3.988984,7.5083003
Brunnschweiller,5,37,"Log growth of income per capita, average, 19702000",1,1,0,"Log subsoil wealth in US$ per capita, average 19942000 (lnsubsoil) ",1.0,0,1,1,0.36,0.08,-0.09,0.03,2.5,5,61,61,1,gov.effect,1,1,0,1,0,0,0,1.0,0,0.135,0,0,0,1,0,2008,240,51,cross-sectional,OLS,1,1,0.093,,52,56.0,0.13499999,0.10965856,1.2310939,0.16232985,0.13185823,57.515583,0.01923077,7.583903,1.2310939,1.0,0.0,0.0,0.13363062,462.61807,37.919514,424.69855,462.61807,7.583903,15228.477,0.70530295,1820.1367,7.583903,7.583903,7.583903,0.0,0.0,0.0,0.0,7.583903,0.0,7.583903,7.583903,7.583903,7.583903,0.0,7.583903,0.0,0.0,0.0,7.583903,7.583903,0.0,0.0,0.0,7.583903,0.0,,,4.1271343,1.7917595,4.1271343,0.6931472,7.6053925,0.08892621,5.484797,31.299786,13.58853,31.299786,5.256761,57.67856,0.6744077,41.59617,4.0430512,7.583903
Brunnschweiller,5,38,"Log growth of income per capita, average, 19702000",1,1,0,"Log subsoil wealth in US$ per capita, average 19942000 (lnsubsoil) ",1.0,0,1,1,0.31,0.07,-0.08,0.03,2.1,8,61,61,1,gov.effect,1,1,0,1,0,0,0,1.0,0,0.142,0,0,0,1,0,2008,240,51,cross-sectional,OLS,1,1,0.093,,52,53.0,0.142,0.09417537,1.5078253,0.2028114,0.13450591,55.273537,0.01923077,7.4346175,1.5078253,1.0,0.0,0.0,0.13736056,453.51166,59.47694,394.03473,453.51166,7.4346175,14928.712,0.6914194,1784.3082,7.4346175,7.4346175,7.4346175,0.0,0.0,0.0,0.0,7.4346175,0.0,7.4346175,7.4346175,7.4346175,7.4346175,0.0,7.4346175,0.0,0.0,0.0,7.4346175,7.4346175,0.0,0.0,0.0,7.4346175,0.0,,,4.1271343,2.1972246,4.1271343,0.6931472,7.6053925,0.08892621,5.484797,30.683664,16.335524,30.683664,5.153284,56.543182,0.66113234,40.777367,3.988984,7.4346175
Brunnschweiller,5,39,"Log growth of income per capita, average, 19702000",1,1,0,"Log subsoil wealth in US$ per capita, average 19942000 (lnsubsoil) ",1.0,0,1,1,0.16,0.04,0.0,0.0,0.0,3,61,61,1,rule of law,1,0,0,1,0,0,1,0.0,1,0.16,0,0,0,1,0,2008,240,51,cross-sectional,2SLS,1,1,0.093,,52,58.0,0.16,0.04,4.0,0.46499056,0.11624764,74.0,0.01923077,8.602325,4.0,1.0,0.0,0.0,0.13130644,524.7418,25.806976,498.93488,524.7418,8.602325,17273.469,0.8000162,2064.558,8.602325,8.602325,0.0,0.0,0.0,8.602325,0.0,8.602325,0.0,8.602325,8.602325,8.602325,8.602325,0.0,8.602325,0.0,0.0,8.602325,0.0,8.602325,0.0,0.0,0.0,8.602325,0.0,,,4.1271343,1.3862944,4.1271343,0.6931472,7.6053925,0.08892621,5.484797,35.502953,11.925355,35.502953,5.9626775,65.42406,0.7649722,47.182007,4.0775375,8.602325
Brunnschweiller,5,40,"Log growth of income per capita, average, 19702000",1,1,0,"Log subsoil wealth in US$ per capita, average 19942000 (lnsubsoil) ",1.0,0,1,1,0.13,0.03,0.0,0.0,0.0,6,61,61,1,rule of law,1,0,0,1,0,0,1,0.0,1,0.13,0,0,0,1,0,2008,240,51,cross-sectional,2SLS,1,1,0.093,,52,55.0,0.13,0.03,4.3333335,0.5044978,0.11642257,73.77779,0.01923077,8.589399,4.3333335,1.0,0.0,0.0,0.13483997,523.95337,51.5364,472.417,523.95337,8.589399,17247.514,0.7988142,2061.4558,8.589399,8.589399,0.0,0.0,0.0,8.589399,0.0,8.589399,0.0,8.589399,8.589399,8.589399,8.589399,0.0,8.589399,0.0,0.0,8.589399,0.0,8.589399,0.0,0.0,0.0,8.589399,0.0,,,4.1271343,1.9459101,4.1271343,0.6931472,7.6053925,0.08892621,5.484797,35.449608,16.7142,35.449608,5.953718,65.32575,0.7638228,47.111115,4.0253515,8.589399
Brunnschweiller,5,41,"Log growth of income per capita, average, 19702000",1,1,0,"Log subsoil wealth in US$ per capita, average 19942000 (lnsubsoil) ",1.0,0,1,1,0.14,0.03,0.0,0.0,0.0,3,61,61,1,gov.effect,1,0,0,1,0,0,1,0.0,1,0.14,0,0,0,1,0,2008,240,51,cross-sectional,2SLS,1,1,0.093,,52,58.0,0.14,0.03,4.666667,0.52247536,0.111958995,79.777794,0.01923077,8.931842,4.666667,1.0,0.0,0.0,0.13130644,544.84235,26.795525,518.0468,544.84235,8.931842,17935.139,0.83066124,2143.6418,8.931842,8.931842,0.0,0.0,0.0,8.931842,0.0,8.931842,0.0,8.931842,8.931842,8.931842,8.931842,0.0,8.931842,0.0,0.0,8.931842,0.0,8.931842,0.0,0.0,0.0,8.931842,0.0,,,4.1271343,1.3862944,4.1271343,0.6931472,7.6053925,0.08892621,5.484797,36.86291,12.382161,36.86291,6.1910806,67.93016,0.7942748,48.989338,4.0775375,8.931842
Brunnschweiller,5,42,"Log growth of income per capita, average, 19702000",1,1,0,"Log subsoil wealth in US$ per capita, average 19942000 (lnsubsoil) ",1.0,0,1,1,0.12,0.04,0.0,0.0,0.0,6,61,61,1,gov.effect,1,0,0,1,0,0,1,0.0,1,0.12,0,0,0,1,0,2008,240,51,cross-sectional,2SLS,1,1,0.093,,52,55.0,0.12,0.04,3.0,0.375,0.125,64.0,0.01923077,8.0,3.0,1.0,0.0,0.0,0.13483997,488.0,48.0,440.0,488.0,8.0,16064.0,0.744,1920.0,8.0,8.0,0.0,0.0,0.0,8.0,0.0,8.0,0.0,8.0,8.0,8.0,8.0,0.0,8.0,0.0,0.0,8.0,0.0,8.0,0.0,0.0,0.0,8.0,0.0,,,4.1271343,1.9459101,4.1271343,0.6931472,7.6053925,0.08892621,5.484797,33.017075,15.567281,33.017075,5.5451775,60.84314,0.7114097,43.878376,4.0253515,8.0
Brunnschweiller,5,43,"Log growth of income per capita, average, 19702000",1,1,0,"Log subsoil wealth in US$ per capita, average 19942000 (lnsubsoil) ",1.0,0,1,1,0.17,0.03,0.0,0.0,0.0,4,61,61,1,rule of law,1,0,0,1,0,0,0,0.0,1,0.17,0,0,0,1,0,2008,240,51,cross-sectional,2SLS,1,1,0.093,,52,57.0,0.17,0.03,5.666667,0.6002909,0.10593368,89.111115,0.01923077,9.439868,5.666667,1.0,0.0,0.0,0.13245323,575.832,37.75947,538.0725,575.832,9.439868,18955.256,0.87790775,2265.5684,9.439868,9.439868,0.0,0.0,0.0,0.0,0.0,9.439868,0.0,9.439868,9.439868,9.439868,9.439868,0.0,9.439868,0.0,0.0,9.439868,0.0,9.439868,0.0,0.0,0.0,9.439868,0.0,,,4.1271343,1.609438,4.1271343,0.6931472,7.6053925,0.08892621,5.484797,38.959606,15.192883,38.959606,6.543218,71.7939,0.83945173,51.77576,4.060443,9.439868
Brunnschweiller,5,44,"Log growth of income per capita, average, 19702000",1,1,0,"Log subsoil wealth in US$ per capita, average 19942000 (lnsubsoil) ",1.0,0,1,1,0.14,0.03,0.0,0.0,0.0,4,61,61,1,rule of law,1,0,0,1,0,0,0,0.0,1,0.14,0,0,0,1,0,2008,240,51,cross-sectional,2SLS,1,1,0.093,,52,57.0,0.14,0.03,4.666667,0.52578104,0.11266736,78.77779,0.01923077,8.875685,4.666667,1.0,0.0,0.0,0.13245323,541.4168,35.50274,505.91406,541.4168,8.875685,17822.375,0.82543874,2130.1643,8.875685,8.875685,0.0,0.0,0.0,0.0,0.0,8.875685,0.0,8.875685,8.875685,8.875685,8.875685,0.0,8.875685,0.0,0.0,8.875685,0.0,8.875685,0.0,0.0,0.0,8.875685,0.0,,,4.1271343,1.609438,4.1271343,0.6931472,7.6053925,0.08892621,5.484797,36.631145,14.284864,36.631145,6.152156,67.50307,0.7892811,48.68133,4.060443,8.875685
Brunnschweiller,5,45,"Log growth of income per capita, average, 19702000",1,1,0,"Log subsoil wealth in US$ per capita, average 19942000 (lnsubsoil) ",1.0,0,1,1,0.15,0.04,0.0,0.0,0.0,4,59,59,1,rule of law,1,0,0,1,0,0,0,0.0,1,0.15,0,0,0,1,0,2008,240,51,cross-sectional,2SLS,1,1,0.093,,52,55.0,0.15,0.04,3.7500002,0.45124266,0.12033137,69.0625,0.01923077,8.310385,3.7500002,1.0,0.0,0.0,0.13483997,490.3127,33.24154,457.07117,490.3127,8.310385,16687.254,0.7728658,1994.4924,8.310385,8.310385,0.0,0.0,0.0,0.0,0.0,8.310385,0.0,8.310385,8.310385,8.310385,8.310385,0.0,8.310385,0.0,0.0,8.310385,0.0,8.310385,0.0,0.0,0.0,8.310385,0.0,,,4.0943446,1.609438,4.0943446,0.6931472,7.6053925,0.08892621,5.484797,34.02558,13.375049,34.02558,5.7603197,63.20374,0.73901105,45.580776,4.0253515,8.310385
Brunnschweiller,5,46,"Log growth of income per capita, average, 19702000",1,1,0,"Log subsoil wealth in US$ per capita, average 19942000 (lnsubsoil) ",1.0,0,1,1,0.16,0.04,0.0,0.0,0.0,4,61,61,1,rule of law,1,0,0,1,0,0,0,0.0,1,0.16,0,0,0,1,0,2008,240,51,cross-sectional,2SLS,1,1,0.093,,52,57.0,0.16,0.04,4.0,0.4681646,0.11704115,73.0,0.01923077,8.5440035,4.0,1.0,0.0,0.0,0.13245323,521.1842,34.176014,487.0082,521.1842,8.5440035,17156.36,0.7945923,2050.5608,8.5440035,8.5440035,0.0,0.0,0.0,0.0,0.0,8.5440035,0.0,8.5440035,8.5440035,8.5440035,8.5440035,0.0,8.5440035,0.0,0.0,8.5440035,0.0,8.5440035,0.0,0.0,0.0,8.5440035,0.0,,,4.1271343,1.609438,4.1271343,0.6931472,7.6053925,0.08892621,5.484797,35.26225,13.751043,35.26225,5.922252,64.9805,0.7597859,46.862125,4.060443,8.5440035
Brunnschweiller,5,47,"Log growth of income per capita, average, 19702000",1,1,0,"Log subsoil wealth in US$ per capita, average 19942000 (lnsubsoil) ",1.0,0,1,1,0.15,0.04,0.0,0.0,0.0,7,59,59,1,rule of law,1,0,0,1,0,0,0,0.0,1,0.15,0,0,0,1,0,2008,240,51,cross-sectional,2SLS,1,1,0.093,,52,52.0,0.15,0.04,3.7500002,0.4613747,0.12303325,66.0625,0.01923077,8.127884,3.7500002,1.0,0.0,0.0,0.13867505,479.54517,56.89519,422.65,479.54517,8.127884,16320.792,0.75589323,1950.6923,8.127884,8.127884,0.0,0.0,0.0,0.0,0.0,8.127884,0.0,8.127884,8.127884,8.127884,8.127884,0.0,8.127884,0.0,0.0,8.127884,0.0,8.127884,0.0,0.0,0.0,8.127884,0.0,,,4.0943446,2.0794415,4.0943446,0.6931472,7.6053925,0.08892621,5.484797,33.27836,16.90146,33.27836,5.63382,61.81575,0.72278196,44.579796,3.9702919,8.127884
Brunnschweiller,5,48,"Log growth of income per capita, average, 19702000",1,1,0,"Log subsoil wealth in US$ per capita, average 19942000 (lnsubsoil) ",1.0,0,1,1,0.16,0.03,0.0,0.0,0.0,4,61,61,1,gov.effect,1,0,0,1,0,0,0,0.0,1,0.16,0,0,0,1,0,2008,240,51,cross-sectional,2SLS,1,1,0.093,,52,57.0,0.16,0.03,5.3333335,0.57697475,0.108182766,85.44445,0.01923077,9.243616,5.3333335,1.0,0.0,0.0,0.13245323,563.8606,36.974464,526.88617,563.8606,9.243616,18561.182,0.85965633,2218.468,9.243616,9.243616,0.0,0.0,0.0,0.0,0.0,9.243616,0.0,9.243616,9.243616,9.243616,9.243616,0.0,9.243616,0.0,0.0,9.243616,0.0,9.243616,0.0,0.0,0.0,9.243616,0.0,,,4.1271343,1.609438,4.1271343,0.6931472,7.6053925,0.08892621,5.484797,38.149647,14.8770275,38.149647,6.407187,70.30133,0.8219998,50.69936,4.060443,9.243616
Brunnschweiller,5,49,"Log growth of income per capita, average, 19702000",1,1,0,"Log subsoil wealth in US$ per capita, average 19942000 (lnsubsoil) ",1.0,0,1,1,0.13,0.03,0.0,0.0,0.0,4,61,61,1,gov.effect,1,0,0,1,0,0,0,0.0,1,0.13,0,0,0,1,0,2008,240,51,cross-sectional,2SLS,1,1,0.093,,52,57.0,0.13,0.03,4.3333335,0.49779573,0.114875935,75.77778,0.01923077,8.705044,4.3333335,1.0,0.0,0.0,0.13245323,531.0076,34.820175,496.18747,531.0076,8.705044,17479.727,0.80956906,2089.2104,8.705044,8.705044,0.0,0.0,0.0,0.0,0.0,8.705044,0.0,8.705044,8.705044,8.705044,8.705044,0.0,8.705044,0.0,0.0,8.705044,0.0,8.705044,0.0,0.0,0.0,8.705044,0.0,,,4.1271343,1.609438,4.1271343,0.6931472,7.6053925,0.08892621,5.484797,35.926884,14.010227,35.926884,6.0338764,66.20527,0.7741065,47.745396,4.060443,8.705044
Brunnschweiller,5,50,"Log growth of income per capita, average, 19702000",1,1,0,"Log subsoil wealth in US$ per capita, average 19942000 (lnsubsoil) ",1.0,0,1,1,0.13,0.04,0.0,0.0,0.0,4,59,59,1,gov.effect,1,0,0,1,0,0,0,0.0,1,0.13,0,0,0,1,0,2008,240,51,cross-sectional,2SLS,1,1,0.093,,52,55.0,0.13,0.04,3.25,0.40137988,0.1235015,65.5625,0.01923077,8.097068,3.25,1.0,0.0,0.0,0.13483997,477.727,32.38827,445.3387,477.727,8.097068,16258.911,0.75302726,1943.2963,8.097068,8.097068,0.0,0.0,0.0,0.0,0.0,8.097068,0.0,8.097068,8.097068,8.097068,8.097068,0.0,8.097068,0.0,0.0,8.097068,0.0,8.097068,0.0,0.0,0.0,8.097068,0.0,,,4.0943446,1.609438,4.0943446,0.6931472,7.6053925,0.08892621,5.484797,33.152184,13.031728,33.152184,5.6124597,61.581375,0.7200415,44.41077,4.0253515,8.097068
Brunnschweiller,5,51,"Log growth of income per capita, average, 19702000",1,1,0,"Log subsoil wealth in US$ per capita, average 19942000 (lnsubsoil) ",1.0,0,1,1,0.14,0.03,0.0,0.0,0.0,4,61,61,1,gov.effect,1,0,0,1,0,1,0,0.0,1,0.14,0,0,0,1,0,2008,240,51,cross-sectional,2SLS,1,1,0.093,,52,57.0,0.14,0.03,4.666667,0.52578104,0.11266736,78.77779,0.01923077,8.875685,4.666667,1.0,0.0,0.0,0.13245323,541.4168,35.50274,505.91406,541.4168,8.875685,17822.375,0.82543874,2130.1643,8.875685,8.875685,0.0,0.0,8.875685,0.0,0.0,8.875685,0.0,8.875685,8.875685,8.875685,8.875685,0.0,8.875685,0.0,0.0,8.875685,0.0,8.875685,0.0,0.0,0.0,8.875685,0.0,,,4.1271343,1.609438,4.1271343,0.6931472,7.6053925,0.08892621,5.484797,36.631145,14.284864,36.631145,6.152156,67.50307,0.7892811,48.68133,4.060443,8.875685
Brunnschweiller,5,52,"Log growth of income per capita, average, 19702000",1,1,0,"Log subsoil wealth in US$ per capita, average 19942000 (lnsubsoil) ",1.0,0,1,1,0.14,0.03,0.0,0.0,0.0,7,59,59,1,gov.effect,1,0,0,1,0,1,0,0.0,1,0.14,0,0,0,1,0,2008,240,51,cross-sectional,2SLS,1,1,0.093,,52,52.0,0.14,0.03,4.666667,0.5433054,0.11642258,73.77778,0.01923077,8.589399,4.666667,1.0,0.0,0.0,0.13867505,506.77454,60.125793,446.64874,506.77454,8.589399,17247.514,0.7988141,2061.4558,8.589399,8.589399,0.0,0.0,8.589399,0.0,0.0,8.589399,0.0,8.589399,8.589399,8.589399,8.589399,0.0,8.589399,0.0,0.0,8.589399,0.0,8.589399,0.0,0.0,0.0,8.589399,0.0,,,4.0943446,2.0794415,4.0943446,0.6931472,7.6053925,0.08892621,5.484797,35.16796,17.861153,35.16796,5.9537177,65.32575,0.76382273,47.11111,3.9702919,8.589399
Brunnschweiler and Bulte,6,1,Average income growth 19702000 (g7000),0,1,0,Average mineral resource exports over GDP 19701980 (minxp),0.0,0,1,0,-6.59,3.36,0.0,0.0,0.0,6,59,59,1,,1,0,0,0,1,1,1,0.0,1,-6.59,0,1,0,0,0,2008,356,119,cross-sectional,IV,1,1,0.31,"Brunnschweiler, Christa N. & Bulte, Erwin H., 2008. ""The resource curse revisited and revised: A tale of paradoxes and red herrings,"" Journal of Environmental Economics and Management, Elsevier, vol. 55(3), pages 248-264, May.",13,53.0,-6.59,3.36,-1.9613097,-0.26013178,0.13263167,56.84673,0.07692308,7.539677,-1.9613097,1.0,0.0,0.0,0.13736056,444.84094,45.238064,399.60287,444.84094,7.539677,15139.672,2.3372998,2684.125,7.539677,7.539677,0.0,7.539677,7.539677,7.539677,0.0,0.0,7.539677,7.539677,0.0,0.0,7.539677,0.0,7.539677,0.0,0.0,7.539677,0.0,7.539677,0.0,7.539677,0.0,0.0,0.0,1.0,7.539677,4.0943446,1.9459101,4.0943446,0.6931472,7.6053925,0.27002713,5.8777356,30.870037,14.671534,30.870037,5.226106,57.342205,2.0359173,44.316227,3.988984,0.0
Brunnschweiler and Bulte,6,2,Average income growth 19702000 (g7000),0,1,0,Average mineral resource exports over GDP 19701980 (minxp),0.0,0,1,0,-4.61,3.97,0.0,0.0,0.0,8,58,58,1,rule of law,1,0,0,0,1,1,1,0.0,1,-4.61,0,1,0,0,0,2008,356,119,cross-sectional,IV,1,1,0.31,,13,50.0,-4.61,3.97,-1.1612091,-0.16204922,0.13955215,51.348404,0.07692308,7.16578,-1.1612091,1.0,0.0,0.0,0.14142136,415.61523,57.32624,358.289,415.61523,7.16578,14388.887,2.221392,2551.0178,7.16578,7.16578,0.0,7.16578,7.16578,7.16578,0.0,0.0,7.16578,7.16578,0.0,0.0,7.16578,0.0,7.16578,0.0,0.0,7.16578,0.0,7.16578,0.0,7.16578,0.0,0.0,0.0,1.0,7.16578,4.0775375,2.1972246,4.0775375,0.6931472,7.6053925,0.27002713,5.8777356,29.218737,15.744828,29.218737,4.9669404,54.49857,1.934955,42.11856,3.9318256,0.0
Brunnschweiler and Bulte,6,3,Average income growth 19702000 (g7000),0,1,0,Average mineral resource exports over GDP 19701980 (minxp),0.0,0,1,0,-3.56,3.96,0.0,0.0,0.0,8,58,58,1,gov.effect,1,0,0,0,1,1,1,0.0,1,-3.56,0,1,0,0,0,2008,356,119,cross-sectional,IV,1,1,0.31,,13,50.0,-3.56,3.96,-0.89898986,-0.12612116,0.1402921,50.808178,0.07692308,7.1279855,-0.89898986,1.0,0.0,0.0,0.14142136,413.42316,57.023884,356.39926,413.42316,7.1279855,14312.995,2.2096756,2537.5627,7.1279855,7.1279855,0.0,7.1279855,7.1279855,7.1279855,0.0,0.0,7.1279855,7.1279855,0.0,0.0,7.1279855,0.0,7.1279855,0.0,0.0,7.1279855,0.0,7.1279855,0.0,7.1279855,0.0,0.0,0.0,1.0,7.1279855,4.0775375,2.1972246,4.0775375,0.6931472,7.6053925,0.27002713,5.8777356,29.064629,15.661785,29.064629,4.940743,54.21113,1.9247495,41.896416,3.9318256,0.0
Brunnschweiler and Bulte,6,4,Average income growth 19702000 (g7000),0,1,0,Average mineral resource exports over GDP 19701980 (minxp),0.0,0,1,0,-3.26,3.58,0.0,0.0,0.0,8,59,59,1,rule of law,1,0,0,0,1,1,1,0.0,1,-3.26,0,1,0,0,0,2008,356,119,cross-sectional,IV,1,1,0.31,,13,51.0,-3.26,3.58,-0.91061455,-0.12648739,0.13890332,51.829227,0.07692308,7.199252,-0.91061455,1.0,0.0,0.0,0.14002801,424.75586,57.594017,367.16187,424.75586,7.199252,14456.098,2.2317681,2562.9336,7.199252,7.199252,0.0,7.199252,7.199252,7.199252,0.0,0.0,7.199252,7.199252,0.0,0.0,7.199252,0.0,7.199252,0.0,0.0,7.199252,0.0,7.199252,0.0,7.199252,0.0,0.0,0.0,1.0,7.199252,4.0943446,2.1972246,4.0943446,0.6931472,7.6053925,0.27002713,5.8777356,29.47622,15.818374,29.47622,4.9901414,54.753136,1.9439933,42.3153,3.9512436,0.0
Brunnschweiler and Bulte,6,5,Average income growth 19702000 (g7000),0,1,0,Average mineral resource exports over GDP 19701980 (minxp),0.0,0,1,0,0.51,4.01,0.0,0.0,0.0,8,59,59,1,gov.effect,1,0,0,0,1,1,1,0.0,1,0.51,0,1,0,0,0,2008,356,119,cross-sectional,IV,1,1,0.31,,13,51.0,0.51,4.01,0.12718204,0.017806225,0.14000581,51.01617,0.07692308,7.1425605,0.12718204,1.0,0.0,0.0,0.14002801,421.41107,57.140484,364.2706,421.41107,7.1425605,14342.262,2.2141938,2542.7515,7.1425605,7.1425605,0.0,7.1425605,7.1425605,7.1425605,0.0,0.0,7.1425605,7.1425605,0.0,0.0,7.1425605,0.0,7.1425605,0.0,0.0,7.1425605,0.0,7.1425605,0.0,7.1425605,0.0,0.0,0.0,1.0,7.1425605,4.0943446,2.1972246,4.0943446,0.6931472,7.6053925,0.27002713,5.8777356,29.244104,15.69381,29.244104,4.9508457,54.321976,1.9286852,41.982082,3.9512436,0.0
Brunnschweiler and Bulte,6,6,Average income growth 19702000 (g7000),0,1,0,Average mineral resource exports over GDP 19701980 (minxp),0.0,0,1,0,-4.63,3.13,0.0,0.0,0.0,6,58,58,1,rule of law,1,0,0,0,1,1,1,0.0,1,-4.63,0,1,0,0,0,2008,356,119,cross-sectional,3SLS,1,1,0.31,,13,52.0,-4.63,3.13,-1.4792333,-0.20094842,0.13584633,54.18813,0.07692308,7.361259,-1.4792333,1.0,0.0,0.0,0.13867505,426.953,44.167553,382.78546,426.953,7.361259,14781.407,2.2819903,2620.6082,7.361259,7.361259,0.0,7.361259,7.361259,7.361259,0.0,0.0,7.361259,7.361259,0.0,0.0,7.361259,0.0,7.361259,0.0,0.0,7.361259,0.0,7.361259,0.0,7.361259,0.0,0.0,0.0,,,4.0775375,1.9459101,4.0775375,0.6931472,7.6053925,0.27002713,5.8777356,30.015808,14.3243475,30.015808,5.1024356,55.98526,1.9877396,43.267532,3.9702919,0.0
Brunnschweiler and Bulte,6,7,Average income growth 19702000 (g7000),0,1,0,Average mineral resource exports over GDP 19701980 (minxp),0.0,0,1,0,-2.885,3.55,0.0,0.0,0.0,6,58,58,1,gov.effect,1,0,0,0,1,1,1,0.0,1,-2.885,0,1,0,0,0,2008,356,119,cross-sectional,3SLS,1,1,0.31,,13,52.0,-2.885,3.55,-0.8126761,-0.11198896,0.1378027,52.660442,0.07692308,7.2567515,-0.8126761,1.0,0.0,0.0,0.13867505,420.8916,43.54051,377.35107,420.8916,7.2567515,14571.558,2.249593,2583.4036,7.2567515,7.2567515,0.0,7.2567515,7.2567515,7.2567515,0.0,0.0,7.2567515,7.2567515,0.0,0.0,7.2567515,0.0,7.2567515,0.0,0.0,7.2567515,0.0,7.2567515,0.0,7.2567515,0.0,0.0,0.0,,,4.0775375,1.9459101,4.0775375,0.6931472,7.6053925,0.27002713,5.8777356,29.589678,14.120986,29.589678,5.029997,55.190445,1.9595199,42.653267,3.9702919,0.0
Brunnschweiler and Bulte,6,8,Average income growth 19702000 (g7000),0,1,0,Average mineral resource exports over GDP 19701980 (minxp),0.0,0,1,0,2.431,2.96,0.0,0.0,0.0,6,86,86,1,rule of law,1,0,0,0,1,1,1,0.0,1,2.431,0,1,0,0,0,2008,356,119,cross-sectional,3SLS,1,1,0.31,,13,80.0,2.431,2.96,0.82128376,0.09143765,0.11133503,80.67451,0.07692308,8.981899,0.82128376,1.0,0.0,0.0,0.1118034,772.4433,53.89139,718.55194,772.4433,8.981899,18035.652,2.7843888,3197.556,8.981899,8.981899,0.0,8.981899,8.981899,8.981899,0.0,0.0,8.981899,8.981899,0.0,0.0,8.981899,0.0,8.981899,0.0,0.0,8.981899,0.0,8.981899,0.0,8.981899,0.0,0.0,0.0,,,4.465908,1.9459101,4.465908,0.6931472,7.6053925,0.27002713,5.8777356,40.112335,17.477968,40.112335,6.225778,68.31087,2.4253564,52.79323,4.394449,0.0
Brunnschweiler and Bulte,6,9,Average income growth 19702000 (g7000),0,1,0,Average mineral resource exports over GDP 19701980 (minxp),0.0,0,1,0,3.42,3.18,0.0,0.0,0.0,6,86,86,1,gov.effect,1,0,0,0,1,1,1,0.0,1,3.42,0,1,0,0,0,2008,356,119,cross-sectional,3SLS,1,1,0.31,,13,80.0,3.42,3.18,1.0754718,0.11938149,0.11100383,81.15664,0.07692308,9.008698,1.0754718,1.0,0.0,0.0,0.1118034,774.74805,54.05219,720.69586,774.74805,9.008698,18089.465,2.7926965,3207.0964,9.008698,9.008698,0.0,9.008698,9.008698,9.008698,0.0,0.0,9.008698,9.008698,0.0,0.0,9.008698,0.0,9.008698,0.0,0.0,9.008698,0.0,9.008698,0.0,9.008698,0.0,0.0,0.0,,,4.465908,1.9459101,4.465908,0.6931472,7.6053925,0.27002713,5.8777356,40.232018,17.530117,40.232018,6.244354,68.51469,2.4325929,52.950745,4.394449,0.0
Brunnschweiler and Bulte,6,10,Average income growth 19702000 (g7000),0,1,0,Average mineral resource exports over GDP 19701980 (minxp),0.0,0,1,0,3.66,2.67,0.0,0.0,0.0,6,84,84,1,rule of law,1,0,0,0,1,1,1,0.0,1,3.66,0,1,0,0,0,2008,356,119,cross-sectional,3SLS,1,1,0.31,,13,78.0,3.66,2.67,1.3707865,0.15337458,0.111888014,79.87904,0.07692308,8.937508,1.3707865,1.0,0.0,0.0,0.1132277,750.7507,53.625046,697.1256,750.7507,8.937508,17946.516,2.7706275,3181.7527,8.937508,8.937508,0.0,8.937508,8.937508,8.937508,0.0,0.0,8.937508,8.937508,0.0,0.0,8.937508,0.0,8.937508,0.0,0.0,8.937508,0.0,8.937508,0.0,8.937508,0.0,0.0,0.0,,,4.4426513,1.9459101,4.4426513,0.6931472,7.6053925,0.27002713,5.8777356,39.70623,17.391586,39.70623,6.1950083,67.97325,2.4133697,52.532307,4.3694477,0.0
Brunnschweiler and Bulte,6,11,Average income growth 19702000 (g7000),0,1,0,Average mineral resource exports over GDP 19701980 (minxp),0.0,0,1,0,3.18,2.75,0.0,0.0,0.0,6,83,83,1,gov.effect,1,0,0,0,1,1,1,0.0,1,3.18,0,1,0,0,0,2008,356,119,cross-sectional,3SLS,1,1,0.31,,13,77.0,3.18,2.75,1.1563636,0.13065031,0.11298376,78.33718,0.07692308,8.850829,1.1563636,1.0,0.0,0.0,0.11396058,734.61884,53.104977,681.51385,734.61884,8.850829,17772.465,2.743757,3150.8953,8.850829,8.850829,0.0,8.850829,8.850829,8.850829,0.0,0.0,8.850829,8.850829,0.0,0.0,8.850829,0.0,8.850829,0.0,0.0,8.850829,0.0,8.850829,0.0,8.850829,0.0,0.0,0.0,,,4.4308167,1.9459101,4.4308167,0.6931472,7.6053925,0.27002713,5.8777356,39.2164,17.222918,39.2164,6.1349273,67.31403,2.389964,52.022835,4.356709,0.0
Brunnschweiler and Bulte,6,12,Average income growth 19702000 (g7000),0,1,0,Average mineral resource exports over GDP 19701980 (minxp),0.0,0,1,0,-1.464,3.73,0.0,0.0,0.0,6,69,69,1,rule of law,1,0,0,0,1,1,1,0.0,1,-1.464,0,1,0,0,0,2008,356,119,cross-sectional,3SLS,1,1,0.31,,13,63.0,-1.464,3.73,-0.39249328,-0.049389157,0.1258344,63.15405,0.07692308,7.9469523,-0.39249328,1.0,0.0,0.0,0.12598816,548.3397,47.681713,500.658,548.3397,7.9469523,15957.4795,2.463555,2829.115,7.9469523,7.9469523,0.0,7.9469523,7.9469523,7.9469523,0.0,0.0,7.9469523,7.9469523,0.0,0.0,7.9469523,0.0,7.9469523,0.0,0.0,7.9469523,0.0,7.9469523,0.0,7.9469523,0.0,0.0,0.0,,,4.248495,1.9459101,4.248495,0.6931472,7.6053925,0.27002713,5.8777356,33.76259,15.464054,33.76259,5.5084076,60.43969,2.1458926,46.710083,4.158883,0.0
Brunnschweiler and Bulte,6,13,Average income growth 19702000 (g7000),0,1,0,Average mineral resource exports over GDP 19701980 (minxp),0.0,0,1,0,-2.99,3.23,0.0,0.0,0.0,6,68,68,1,gov.effect,1,0,0,0,1,1,1,0.0,1,-2.99,0,1,0,0,0,2008,356,119,cross-sectional,3SLS,1,1,0.31,,13,62.0,-2.99,3.23,-0.9256966,-0.11675948,0.12613147,62.856915,0.07692308,7.928235,-0.9256966,1.0,0.0,0.0,0.12700012,539.12,47.569412,491.55057,539.12,7.928235,15919.896,2.457753,2822.4517,7.928235,7.928235,0.0,7.928235,7.928235,7.928235,0.0,0.0,7.928235,7.928235,0.0,0.0,7.928235,0.0,7.928235,0.0,0.0,7.928235,0.0,7.928235,0.0,7.928235,0.0,0.0,0.0,,,4.2341065,1.9459101,4.2341065,0.6931472,7.6053925,0.27002713,5.8777356,33.568993,15.427633,33.568993,5.495434,60.29734,2.1408386,46.60007,4.1431346,0.0
Alexeev and Conrad,7,1,Logarithm of the ratio of per capita purchasing power parity GDP for 2005 and 1996,1,1,0,"Per capita oil output, 1996",1.0,0,1,1,0.175,0.031,0.0,0.0,0.0,11,153,153,1,,0,0,0,1,0,0,0,0.0,1,0.175,0,0,0,1,0,2011,20,3,cross-sectional,GMM IV,1,1,0.061,"Alexeev, Michael & Conrad, Robert, 2011. ""The natural resource curse and economic transition,"" Economic Systems, Elsevier, vol. 35(4), pages 445-461.",12,142.0,0.175,0.031,5.645161,0.42812118,0.07583861,173.86784,0.083333336,13.185896,5.645161,1.0,0.0,0.0,0.08391814,2017.442,145.04485,1872.3972,2017.442,13.185896,26516.836,0.80433965,263.71793,13.185896,0.0,0.0,0.0,0.0,0.0,0.0,13.185896,0.0,13.185896,13.185896,13.185896,13.185896,0.0,13.185896,0.0,0.0,13.185896,0.0,13.185896,0.0,0.0,0.0,13.185896,0.0,,,5.0369525,2.4849067,5.0369525,0.6931472,7.6068845,0.05921186,3.0445225,66.41673,32.76572,66.41673,9.139767,100.30358,0.7807614,40.144756,4.962845,13.185896
Alexeev and Conrad,7,2,Logarithm of the ratio of per capita purchasing power parity GDP for 2005 and 1996,1,1,0,"Per capita oil output, 1996",1.0,0,1,1,0.004,0.011,0.0,0.0,0.0,11,153,153,1,,0,0,0,1,0,0,0,0.0,1,0.004,0,0,0,1,0,2011,20,3,cross-sectional,GMM IV,1,1,0.061,,12,142.0,0.004,0.011,0.36363637,0.030501489,0.08387909,142.13223,0.083333336,11.921923,0.36363637,1.0,0.0,0.0,0.08391814,1824.0541,131.14114,1692.913,1824.0541,11.921923,23974.986,0.7272373,238.43845,11.921923,0.0,0.0,0.0,0.0,0.0,0.0,11.921923,0.0,11.921923,11.921923,11.921923,11.921923,0.0,11.921923,0.0,0.0,11.921923,0.0,11.921923,0.0,0.0,0.0,11.921923,0.0,,,5.0369525,2.4849067,5.0369525,0.6931472,7.6068845,0.05921186,3.0445225,60.050156,29.624865,60.050156,8.263647,90.68868,0.7059192,36.296562,4.962845,11.921923
Alexeev and Conrad,7,3,Logarithm of the ratio of per capita purchasing power parity GDP for 2005 and 1996,1,1,0,"Per capita oil output, 1996",1.0,0,1,1,0.007,0.01,0.0,0.0,0.0,11,153,153,1,,0,0,0,1,0,0,0,1.0,0,0.007,0,0,0,1,0,2011,20,3,cross-sectional,OLS,1,1,0.061,,12,142.0,0.007,0.01,0.70000005,0.05864161,0.083773725,142.48999,0.083333336,11.936917,0.70000005,1.0,0.0,0.0,0.08391814,1826.3483,131.30609,1695.0422,1826.3483,11.936917,24005.14,0.7281519,238.73834,11.936917,0.0,0.0,0.0,0.0,0.0,0.0,11.936917,0.0,11.936917,11.936917,11.936917,11.936917,0.0,11.936917,0.0,0.0,0.0,11.936917,11.936917,0.0,0.0,0.0,11.936917,0.0,,,5.0369525,2.4849067,5.0369525,0.6931472,7.6068845,0.05921186,3.0445225,60.125683,29.662125,60.125683,8.27404,90.80275,0.7068071,36.342213,4.962845,11.936917
Alexeev and Conrad,7,4,Logarithm of the ratio of per capita purchasing power parity GDP for 2005 and 1996,1,1,0,"Per capita oil output, 1996",1.0,0,1,1,0.014,0.02,0.0,0.0,0.0,11,137,137,1,control of corruption,1,0,0,1,0,0,0,0.0,1,0.014,0,0,0,1,0,2011,20,3,cross-sectional,GMM IV,1,1,0.061,,12,126.0,0.014,0.02,0.70000005,0.062240057,0.08891436,126.490005,0.083333336,11.246778,0.70000005,1.0,0.0,0.0,0.089087084,1540.8085,123.714554,1417.094,1540.8085,11.246778,22617.27,0.68605345,224.93555,11.246778,11.246778,0.0,0.0,0.0,0.0,0.0,11.246778,0.0,11.246778,11.246778,11.246778,11.246778,0.0,11.246778,0.0,0.0,11.246778,0.0,11.246778,0.0,0.0,0.0,11.246778,0.0,,,4.9272537,2.4849067,4.9272537,0.6931472,7.6068845,0.05921186,3.0445225,55.415726,27.947193,55.415726,7.7956724,85.55294,0.6659426,34.241066,4.8441873,11.246778
Alexeev and Conrad,7,5,Logarithm of the ratio of per capita purchasing power parity GDP for 2005 and 1996,1,1,0,"Per capita oil output, 1996",1.0,0,1,1,0.023,0.013,0.0,0.0,0.0,11,137,137,1,control of corruption,1,0,0,1,0,0,0,0.0,1,0.023,0,0,0,1,0,2011,20,3,cross-sectional,GMM IV,1,1,0.061,,12,126.0,0.023,0.013,1.7692307,0.15569355,0.0880007,129.13017,0.083333336,11.363546,1.7692307,1.0,0.0,0.0,0.089087084,1556.8058,124.99901,1431.8068,1556.8058,11.363546,22852.092,0.6931763,227.27092,11.363546,11.363546,0.0,0.0,0.0,0.0,0.0,11.363546,0.0,11.363546,11.363546,11.363546,11.363546,0.0,11.363546,0.0,0.0,11.363546,0.0,11.363546,0.0,0.0,0.0,11.363546,0.0,,,4.9272537,2.4849067,4.9272537,0.6931472,7.6068845,0.05921186,3.0445225,55.991074,28.23735,55.991074,7.87661,86.441185,0.6728567,34.596573,4.8441873,11.363546
Alexeev and Conrad,7,6,Logarithm of the ratio of per capita purchasing power parity GDP for 2005 and 1996,1,1,0,"Per capita oil output, 1996",1.0,0,1,1,-0.001,0.005,0.0,0.0,0.0,11,137,137,1,control of corruption,1,0,0,1,0,0,0,1.0,0,-0.001,0,0,0,1,0,2011,20,3,cross-sectional,OLS,1,1,0.061,,12,126.0,-0.001,0.005,-0.20000002,-0.01781459,0.08907294,126.04,0.083333336,11.226754,-0.20000002,1.0,0.0,0.0,0.089087084,1538.0653,123.49429,1414.5709,1538.0653,11.226754,22577.002,0.684832,224.53508,11.226754,11.226754,0.0,0.0,0.0,0.0,0.0,11.226754,0.0,11.226754,11.226754,11.226754,11.226754,0.0,11.226754,0.0,0.0,0.0,11.226754,11.226754,0.0,0.0,0.0,11.226754,0.0,,,4.9272537,2.4849067,4.9272537,0.6931472,7.6068845,0.05921186,3.0445225,55.317066,27.897436,55.317066,7.7817926,85.40062,0.664757,34.180103,4.8441873,11.226754
Alexeev and Conrad,7,7,Logarithm of the ratio of per capita purchasing power parity GDP for 2005 and 1996,1,1,0,"Per capita oil output, 1996",1.0,0,1,1,0.415,0.075,0.0,0.0,0.0,11,150,150,1,,0,0,0,1,0,0,0,0.0,1,0.415,0,0,0,1,0,2011,20,3,cross-sectional,GMM IV,1,1,0.061,,12,139.0,0.415,0.075,5.533333,0.42486516,0.07678287,169.61777,0.083333336,13.023739,5.533333,1.0,0.0,0.0,0.08481889,1953.5608,143.26112,1810.2997,1953.5608,13.023739,26190.738,0.7944481,260.47476,13.023739,0.0,0.0,0.0,0.0,0.0,0.0,13.023739,0.0,13.023739,13.023739,13.023739,13.023739,0.0,13.023739,0.0,0.0,13.023739,0.0,13.023739,0.0,0.0,0.0,13.023739,0.0,,,5.0172796,2.4849067,5.0172796,0.6931472,7.6068845,0.05921186,3.0445225,65.34374,32.362774,65.34374,9.027368,99.070076,0.7711598,39.651066,4.9416423,13.023739
Alexeev and Conrad,7,8,Logarithm of the ratio of per capita purchasing power parity GDP for 2005 and 1996,1,1,0,"Per capita oil output, 1996",1.0,0,1,1,0.027,0.027,0.0,0.0,0.0,11,150,150,1,,0,0,0,1,0,0,0,0.0,1,0.027,0,0,0,1,0,2011,20,3,cross-sectional,GMM IV,1,1,0.061,,12,139.0,0.027,0.027,1.0,0.08451542,0.08451542,140.00002,0.083333336,11.83216,1.0,1.0,0.0,0.0,0.08481889,1774.824,130.15376,1644.6703,1774.824,11.83216,23794.475,0.72176176,236.6432,11.83216,0.0,0.0,0.0,0.0,0.0,0.0,11.83216,0.0,11.83216,11.83216,11.83216,11.83216,0.0,11.83216,0.0,0.0,11.83216,0.0,11.83216,0.0,0.0,0.0,11.83216,0.0,,,5.0172796,2.4849067,5.0172796,0.6931472,7.6068845,0.05921186,3.0445225,59.365253,29.401814,59.365253,8.201428,90.005875,0.7006042,36.023277,4.9416423,11.83216
Alexeev and Conrad,7,9,Logarithm of the ratio of per capita purchasing power parity GDP for 2005 and 1996,1,1,0,"Per capita oil output, 1996",1.0,0,1,1,0.03,0.033,0.0,0.0,0.0,11,150,150,1,,0,0,0,1,0,0,0,1.0,0,0.03,0,0,0,1,0,2011,20,3,cross-sectional,OLS,1,1,0.061,,12,139.0,0.03,0.033,0.9090909,0.07687987,0.08456786,139.82645,0.083333336,11.824823,0.9090909,1.0,0.0,0.0,0.08481889,1773.7235,130.07306,1643.6504,1773.7235,11.824823,23779.719,0.72131425,236.49646,11.824823,0.0,0.0,0.0,0.0,0.0,0.0,11.824823,0.0,11.824823,11.824823,11.824823,11.824823,0.0,11.824823,0.0,0.0,0.0,11.824823,11.824823,0.0,0.0,0.0,11.824823,0.0,,,5.0172796,2.4849067,5.0172796,0.6931472,7.6068845,0.05921186,3.0445225,59.328445,29.383583,59.328445,8.196343,89.950066,0.7001698,36.000942,4.9416423,11.824823
Alexeev and Conrad,7,10,Logarithm of the ratio of per capita purchasing power parity GDP for 2005 and 1996,1,1,0,"Per capita oil output, 1996",1.0,0,1,1,-0.011,0.052,0.0,0.0,0.0,11,134,134,1,control of corruption,1,0,0,1,0,0,0,0.0,1,-0.011,0,0,0,1,0,2011,20,3,cross-sectional,GMM IV,1,1,0.061,,12,123.0,-0.011,0.052,-0.21153845,-0.01907031,0.090150565,123.044754,0.083333336,11.092554,-0.21153845,1.0,0.0,0.0,0.09016696,1486.4022,122.01809,1364.3842,1486.4022,11.092554,22307.125,0.6766458,221.85107,11.092554,11.092554,0.0,0.0,0.0,0.0,0.0,11.092554,0.0,11.092554,11.092554,11.092554,11.092554,0.0,11.092554,0.0,0.0,11.092554,0.0,11.092554,0.0,0.0,0.0,11.092554,0.0,,,4.905275,2.4849067,4.905275,0.6931472,7.6068845,0.05921186,3.0445225,54.412025,27.563961,54.412025,7.6887727,84.379776,0.65681076,33.77153,4.8202815,11.092554
Alexeev and Conrad,7,11,Logarithm of the ratio of per capita purchasing power parity GDP for 2005 and 1996,1,1,0,"Per capita oil output, 1996",1.0,0,1,1,0.086,0.041,0.0,0.0,0.0,11,134,134,1,control of corruption,1,0,0,1,0,0,0,0.0,1,0.086,0,0,0,1,0,2011,20,3,cross-sectional,GMM IV,1,1,0.061,,12,123.0,0.086,0.041,2.097561,0.18583618,0.08859632,127.399765,0.083333336,11.28715,2.097561,1.0,0.0,0.0,0.09016696,1512.4781,124.15865,1388.3195,1512.4781,11.28715,22698.459,0.68851614,225.74301,11.28715,11.28715,0.0,0.0,0.0,0.0,0.0,11.28715,0.0,11.28715,11.28715,11.28715,11.28715,0.0,11.28715,0.0,0.0,11.28715,0.0,11.28715,0.0,0.0,0.0,11.28715,0.0,,,4.905275,2.4849067,4.905275,0.6931472,7.6068845,0.05921186,3.0445225,55.366573,28.047516,55.366573,7.8236566,85.86005,0.6683332,34.363983,4.8202815,11.28715
Alexeev and Conrad,7,12,Logarithm of the ratio of per capita purchasing power parity GDP for 2005 and 1996,1,1,0,"Per capita oil output, 1996",1.0,0,1,1,0.005,0.016,0.0,0.0,0.0,11,134,134,1,control of corruption,1,0,0,1,0,0,0,1.0,0,0.005,0,0,0,1,0,2011,20,3,cross-sectional,OLS,1,1,0.061,,12,123.0,0.005,0.016,0.31249997,0.028165994,0.09013119,123.09765,0.083333336,11.094938,0.31249997,1.0,0.0,0.0,0.09016696,1486.7217,122.04432,1364.6774,1486.7217,11.094938,22311.92,0.6767912,221.89876,11.094938,11.094938,0.0,0.0,0.0,0.0,0.0,11.094938,0.0,11.094938,11.094938,11.094938,11.094938,0.0,11.094938,0.0,0.0,0.0,11.094938,11.094938,0.0,0.0,0.0,11.094938,0.0,,,4.905275,2.4849067,4.905275,0.6931472,7.6068845,0.05921186,3.0445225,54.42372,27.569885,54.42372,7.690425,84.39791,0.6569519,33.77879,4.8202815,11.094938
Cavalcanti et. al.,8,1,average growth rate of GDP per capita between 1980 and 2006,1,1,0,"Oil rent per capita, in constant 2000 US dollars.",1.0,0,1,1,-0.18,0.083,0.0,0.0,0.0,3,53,53,1,,0,0,1,0,0,0,0,1.0,0,-0.18,0,0,0,0,1,2011,35,12,cross-sectional,OLS,1,1,0.044,"Cavalcanti, Tiago V. de V. & Mohaddes, Kamiar & Raissi, Mehdi, 2011. ""Growth, development and natural resources: New evidence using a heterogeneous panel analysis,"" The Quarterly Review of Economics and Finance, Elsevier, vol. 51(4), pages 305-318.",8,50.0,-0.18,0.083,-2.168675,-0.29321644,0.13520534,54.703144,0.125,7.3961573,-2.168675,1.0,0.0,0.0,0.14142136,391.99634,22.188473,369.80786,391.99634,7.3961573,14873.673,0.32543093,258.8655,7.3961573,0.0,0.0,0.0,0.0,0.0,7.3961573,0.0,0.0,7.3961573,7.3961573,7.3961573,7.3961573,0.0,7.3961573,0.0,0.0,0.0,7.3961573,7.3961573,0.0,0.0,0.0,0.0,7.3961573,,,3.988984,1.3862944,3.988984,0.6931472,7.6068845,0.04305949,3.583519,29.503155,10.253251,29.503155,5.1266255,56.261715,0.31847477,26.50427,3.9318256,7.3961573
Cavalcanti et. al.,8,2,average growth rate of GDP per capita between 1980 and 2006,1,1,0,"Oil rent per capita, in constant 2000 US dollars.",1.0,0,1,1,0.05,0.013,0.0,0.0,0.0,4,53,53,1,,0,0,1,0,0,0,0,0.0,1,0.05,0,0,0,0,1,2011,35,12,cross-sectional,POLS,1,1,0.044,,8,49.0,0.05,0.013,3.8461537,0.481549,0.12520275,63.792892,0.125,7.9870453,3.8461537,1.0,0.0,0.0,0.14285715,423.31342,31.948181,391.36523,423.31342,7.9870453,16061.948,0.35143,279.5466,7.9870453,0.0,0.0,0.0,0.0,0.0,7.9870453,0.0,0.0,7.9870453,7.9870453,7.9870453,7.9870453,0.0,7.9870453,0.0,0.0,7.9870453,0.0,7.9870453,0.0,0.0,0.0,0.0,7.9870453,,,3.988984,1.609438,3.988984,0.6931472,7.6068845,0.04305949,3.583519,31.860197,12.854653,31.860197,5.536198,60.75653,0.3439181,28.621729,3.912023,7.9870453
Cavalcanti et. al.,8,3,average growth rate of GDP per capita between 1980 and 2006,1,1,0,"Oil rent per capita, in constant 2000 US dollars.",1.0,0,1,1,0.14,0.033,0.0,0.0,0.0,4,53,53,1,,0,0,1,0,0,0,0,0.0,1,0.14,0,0,0,0,1,2011,35,12,cross-sectional,POLS,1,1,0.044,,8,49.0,0.14,0.033,4.2424245,0.5183017,0.12217111,66.99817,0.125,8.185241,4.2424245,1.0,0.0,0.0,0.14285715,433.81778,32.740963,401.0768,433.81778,8.185241,16460.52,0.3601506,286.48343,8.185241,0.0,0.0,0.0,0.0,0.0,8.185241,0.0,0.0,8.185241,8.185241,8.185241,8.185241,0.0,8.185241,0.0,0.0,8.185241,0.0,8.185241,0.0,0.0,0.0,0.0,8.185241,,,3.988984,1.609438,3.988984,0.6931472,7.6068845,0.04305949,3.583519,32.650795,13.173637,32.650795,5.673577,62.264183,0.3524523,29.331966,3.912023,8.185241
Cavalcanti et. al.,8,4,average growth rate of GDP per capita between 1980 and 2006,1,1,0,"Oil rent per capita, in constant 2000 US dollars.",1.0,0,1,1,0.06,0.014,0.0,0.0,0.0,4,53,53,1,,0,0,1,0,0,0,0,0.0,1,0.06,0,0,0,0,1,2011,35,12,cross-sectional,POLS,1,1,0.044,,8,49.0,0.06,0.014,4.285714,0.52215385,0.1218359,67.36735,0.125,8.207761,4.285714,1.0,0.0,0.0,0.14285715,435.01135,32.831043,402.1803,435.01135,8.207761,16505.809,0.3611415,287.27164,8.207761,0.0,0.0,0.0,0.0,0.0,8.207761,0.0,0.0,8.207761,8.207761,8.207761,8.207761,0.0,8.207761,0.0,0.0,8.207761,0.0,8.207761,0.0,0.0,0.0,0.0,8.207761,,,3.988984,1.609438,3.988984,0.6931472,7.6068845,0.04305949,3.583519,32.74063,13.209883,32.74063,5.6891866,62.435493,0.35342202,29.412668,3.912023,8.207761
Cavalcanti et. al.,8,5,average growth rate of GDP per capita between 1980 and 2006,1,1,0,"Oil rent per capita, in constant 2000 US dollars.",1.0,0,1,1,0.11,0.015,0.0,0.0,0.0,2,53,53,1,,0,0,1,0,0,0,0,1.0,0,0.11,0,0,0,0,1,2011,35,12,cross-sectional,OLS,1,1,0.044,,8,51.0,0.11,0.015,7.3333335,0.71641856,0.097693436,104.77779,0.125,10.236102,7.3333335,1.0,0.0,0.0,0.14002801,542.5134,20.472204,522.0412,542.5134,10.236102,20584.8,0.4503885,358.26358,10.236102,0.0,0.0,0.0,0.0,0.0,10.236102,0.0,0.0,10.236102,10.236102,10.236102,10.236102,0.0,10.236102,0.0,0.0,0.0,10.236102,10.236102,0.0,0.0,0.0,0.0,10.236102,,,3.988984,1.0986123,3.988984,0.6931472,7.6068845,0.04305949,3.583519,40.83165,11.245508,40.83165,7.0951257,77.864845,0.44076136,36.681267,3.9512436,10.236102
Cavalcanti et. al.,8,6,average growth rate of GDP per capita between 1980 and 2006,1,1,0,"Oil rent per capita, in constant 2000 US dollars.",1.0,0,1,1,0.03,0.008,0.0,0.0,0.0,6,53,53,1,,0,0,1,0,0,0,0,0.0,1,0.03,0,0,0,0,1,2011,35,12,cross-sectional,POLS,1,1,0.044,,8,47.0,0.03,0.008,3.7499998,0.4798925,0.12797134,61.0625,0.125,7.81425,3.7499998,1.0,0.0,0.0,0.145865,414.15524,46.885498,367.26974,414.15524,7.81425,15714.456,0.343827,273.49875,7.81425,0.0,0.0,0.0,0.0,0.0,7.81425,0.0,0.0,7.81425,7.81425,7.81425,7.81425,0.0,7.81425,0.0,0.0,7.81425,0.0,7.81425,0.0,0.0,0.0,0.0,7.81425,,,3.988984,1.9459101,3.988984,0.6931472,7.6068845,0.04305949,3.583519,31.17092,15.205828,31.17092,5.416425,59.442097,0.3364776,28.002512,3.871201,7.81425
Cavalcanti et. al.,8,7,average growth rate of GDP per capita between 1980 and 2006,1,1,0,"Oil rent per capita, in constant 2000 US dollars.",1.0,0,1,1,0.08,0.025,0.0,0.0,0.0,6,53,53,1,,0,0,1,0,0,0,0,0.0,1,0.08,0,0,0,0,1,2011,35,12,cross-sectional,POLS,1,1,0.044,,8,47.0,0.08,0.025,3.1999998,0.42296082,0.13217527,57.239998,0.125,7.565712,3.1999998,1.0,0.0,0.0,0.145865,400.98273,45.39427,355.58847,400.98273,7.565712,15214.646,0.33289132,264.79993,7.565712,0.0,0.0,0.0,0.0,0.0,7.565712,0.0,0.0,7.565712,7.565712,7.565712,7.565712,0.0,7.565712,0.0,0.0,7.565712,0.0,7.565712,0.0,0.0,0.0,0.0,7.565712,,,3.988984,1.9459101,3.988984,0.6931472,7.6068845,0.04305949,3.583519,30.179504,14.722196,30.179504,5.244152,57.5515,0.3257757,27.111872,3.871201,7.565712
Cavalcanti et. al.,8,8,average growth rate of GDP per capita between 1980 and 2006,1,1,0,"Oil rent per capita, in constant 2000 US dollars.",1.0,0,1,1,0.03,0.005,0.0,0.0,0.0,6,53,53,1,,0,0,1,0,0,0,0,0.0,1,0.03,0,0,0,0,1,2011,35,12,cross-sectional,POLS,1,1,0.044,,8,47.0,0.03,0.005,6.0,0.65858555,0.109764256,83.00001,0.125,9.110434,6.0,1.0,0.0,0.0,0.145865,482.853,54.662605,428.1904,482.853,9.110434,18321.082,0.4008591,318.86517,9.110434,0.0,0.0,0.0,0.0,0.0,9.110434,0.0,0.0,9.110434,9.110434,9.110434,9.110434,0.0,9.110434,0.0,0.0,9.110434,0.0,9.110434,0.0,0.0,0.0,0.0,9.110434,,,3.988984,1.9459101,3.988984,0.6931472,7.6068845,0.04305949,3.583519,36.341377,17.728085,36.341377,6.314872,69.30202,0.39229065,32.64741,3.871201,9.110434
Kolstad and Wiig,9,1,Average GDP growth 1970-89,0,1,0,Primary exports/GDP in 1971 (SXP),0.0,1,0,0,-10.57,1.51,0.0,0.0,0.0,5,71,71,1,rule of law,1,0,1,0,0,1,1,1.0,0,-10.57,0,1,0,0,0,2008,181,23,cross-sectional,OLS,1,1,0.093,"Kolstad, Ivar & Wiig, Arne, 2009. ""Is Transparency the Key to Reducing Corruption in Resource-Rich Countries?,"" World Development, Elsevier, vol. 37(3), pages 521-532, March.",4,66.0,-10.57,1.51,-7.0,-0.65275335,0.093250476,115.000015,0.25,10.723805,-7.0,1.0,0.0,0.0,0.12309149,761.3902,53.61903,707.7712,761.3902,10.723805,21533.402,0.9973139,1941.0089,10.723805,10.723805,0.0,0.0,10.723805,10.723805,10.723805,0.0,10.723805,0.0,0.0,0.0,10.723805,0.0,10.723805,0.0,0.0,0.0,10.723805,10.723805,0.0,10.723805,0.0,0.0,0.0,,,4.276666,1.7917595,4.276666,0.6931472,7.6053925,0.08892621,5.2040067,45.862137,19.214481,45.862137,7.433176,81.558754,0.9536274,55.80676,4.204693,0.0
Kolstad and Wiig,9,2,Average GDP growth 1970-89,0,1,0,Primary exports/GDP in 1971 (SXP),0.0,1,0,0,-16.36,3.23,1.96,0.97,2.1,6,71,71,1,rule of law,1,1,1,0,0,1,1,1.0,0,-12.244,0,1,0,0,0,2008,181,23,cross-sectional,OLS,1,1,0.093,,4,65.0,-12.2439995,3.8186736,-3.206349,-0.36954644,0.115254596,75.28067,0.25,8.676444,-3.206349,1.0,0.0,0.0,0.12403473,616.02747,52.058662,563.9688,616.02747,8.676444,17422.299,0.80690926,1570.4363,8.676444,8.676444,8.676444,0.0,8.676444,8.676444,8.676444,0.0,8.676444,0.0,0.0,0.0,8.676444,0.0,8.676444,0.0,0.0,0.0,8.676444,8.676444,0.0,8.676444,0.0,0.0,0.0,,,4.276666,1.9459101,4.276666,0.6931472,7.6053925,0.08892621,5.2040067,37.106255,16.88358,37.106255,6.0140524,65.98776,0.77156323,45.15227,4.189655,0.0
Kolstad and Wiig,9,3,Average GDP growth 1970-89,0,1,0,Primary exports/GDP in 1971 (SXP),0.0,1,0,0,-9.56,2.16,2.47,1.64,4.5,8,84,84,1,transparency,1,1,1,0,0,1,1,1.0,0,1.5549999999999997,0,1,0,0,0,2008,181,23,cross-sectional,OLS,1,1,0.093,,4,76.0,1.5550002,7.6896033,0.20222113,0.023190117,0.11467702,76.04089,0.25,8.720143,0.20222113,1.0,0.0,0.0,0.114707865,732.492,69.76115,662.73083,732.492,8.720143,17510.047,0.8109733,1578.3458,8.720143,8.720143,8.720143,0.0,8.720143,8.720143,8.720143,0.0,8.720143,0.0,0.0,0.0,8.720143,0.0,8.720143,0.0,0.0,0.0,8.720143,8.720143,0.0,8.720143,0.0,0.0,0.0,,,4.4426513,2.1972246,4.4426513,0.6931472,7.6053925,0.08892621,5.2040067,38.740555,19.160112,38.740555,6.0443425,66.32011,0.7754493,45.37968,4.3438053,0.0
Kolstad and Wiig,9,4,Average GDP growth 1970-89,0,1,0,Primary exports/GDP in 1971 (SXP),0.0,1,0,0,-18.36,3.45,1.83,1.02,4.5,8,70,70,1,transparency,1,1,1,0,0,1,1,1.0,0,-10.125,0,1,0,0,0,2008,181,23,cross-sectional,OLS,1,1,0.093,,4,62.0,-10.125,5.742003,-1.763322,-0.21852951,0.12393057,65.10931,0.25,8.069034,-1.763322,1.0,0.0,0.0,0.12700012,564.8324,64.55227,500.2801,564.8324,8.069034,16202.62,0.75042015,1460.4951,8.069034,8.069034,8.069034,0.0,8.069034,8.069034,8.069034,0.0,8.069034,0.0,0.0,0.0,8.069034,0.0,8.069034,0.0,0.0,0.0,8.069034,8.069034,0.0,8.069034,0.0,0.0,0.0,,,4.26268,2.1972246,4.26268,0.6931472,7.6053925,0.08892621,5.2040067,34.39571,17.72948,34.39571,5.593028,61.368168,0.7175486,41.991306,4.1431346,0.0
Mehlum et. al,10,1,average annual growth in real GDP divided by the economically active population between 1970 and 1990,1,1,0,share of exports of primary products in GNP in 1970.,0.0,1,0,0,-6.16,1.5323383084577116,0.0,0.0,0.0,3,87,87,1,,0,0,1,0,0,1,1,1.0,0,-6.16,0,1,0,0,0,2006,250,259,cross-sectional,OLS,1,1,0.863,"Halvor Mehlum & Karl Moene & Ragnar Torvik, 2006. ""Institutions and the Resource Curse,"" Economic Journal, Royal Economic Society, vol. 116(508), pages 1-20, 01.",12,84.0,-6.16,1.5323383,-4.02,-0.401678,0.0999199,100.16039,0.083333336,10.008017,-4.02,1.0,0.0,0.0,0.10910895,870.69745,30.02405,840.6734,870.69745,10.008017,20076.08,8.636918,2502.0042,10.008017,0.0,0.0,0.0,10.008017,10.008017,10.008017,0.0,10.008017,0.0,0.0,10.008017,10.008017,0.0,10.008017,0.0,0.0,0.0,10.008017,10.008017,0.0,10.008017,0.0,0.0,0.0,,,4.477337,1.3862944,4.477337,0.6931472,7.6043963,0.6221881,5.525453,44.80926,13.874057,44.80926,6.9370284,76.10493,6.2268686,55.298824,4.4426513,0.0
Mehlum et. al,10,2,average annual growth in real GDP divided by the economically active population between 1970 and 1990,1,1,0,share of exports of primary products in GNP in 1970.,0.0,1,0,0,-5.74,1.5185185185185186,0.0,0.0,0.0,4,87,87,1,rule of law,1,0,1,0,0,1,1,1.0,0,-5.74,0,1,0,0,0,2006,250,259,cross-sectional,OLS,1,1,0.863,,12,83.0,-5.74,1.5185186,-3.7799997,-0.38323155,0.101384014,97.28839,0.083333336,9.863488,-3.7799997,1.0,0.0,0.0,0.10976426,858.1235,39.453953,818.6695,858.1235,9.863488,19786.156,8.51219,2465.872,9.863488,9.863488,0.0,0.0,9.863488,9.863488,9.863488,0.0,9.863488,0.0,0.0,9.863488,9.863488,0.0,9.863488,0.0,0.0,0.0,9.863488,9.863488,0.0,9.863488,0.0,0.0,0.0,,,4.477337,1.609438,4.477337,0.6931472,7.6043963,0.6221881,5.525453,44.16216,15.874672,44.16216,6.8368487,75.005875,6.136945,54.50024,4.4308167,0.0
Mehlum et. al,10,3,average annual growth in real GDP divided by the economically active population between 1970 and 1990,1,1,0,share of exports of primary products in GNP in 1970.,0.0,1,0,0,-6.69,1.2320441988950277,0.0,0.0,0.0,5,87,87,1,rule of law,1,0,1,0,0,1,1,1.0,0,-6.69,0,1,0,0,0,2006,250,259,cross-sectional,OLS,1,1,0.863,,12,82.0,-6.69,1.2320442,-5.43,-0.5142707,0.09470916,111.4849,0.083333336,10.558641,-5.43,1.0,0.0,0.0,0.11043153,918.60175,52.793205,865.8086,918.60175,10.558641,21180.635,9.112107,2639.6602,10.558641,10.558641,0.0,0.0,10.558641,10.558641,10.558641,0.0,10.558641,0.0,0.0,10.558641,10.558641,0.0,10.558641,0.0,0.0,0.0,10.558641,10.558641,0.0,10.558641,0.0,0.0,0.0,,,4.477337,1.7917595,4.477337,0.6931472,7.6043963,0.6221881,5.525453,47.274593,18.918545,47.274593,7.318692,80.29209,6.569461,58.341274,4.4188404,0.0
Mehlum et. al,10,4,average annual growth in real GDP divided by the economically active population between 1970 and 1990,1,1,0,share of exports of primary products in GNP in 1970.,0.0,1,0,0,-14.34,3.4061757719714962,0.0,0.0,0.0,6,87,87,1,rule of law,1,0,1,0,0,1,1,1.0,0,-14.34,0,1,0,0,0,2006,250,259,cross-sectional,OLS,1,1,0.863,,12,81.0,-14.34,3.4061759,-4.21,-0.42371175,0.10064412,98.724106,0.083333336,9.936,-4.21,1.0,0.0,0.0,0.11111111,864.432,59.616,804.81604,864.432,9.936,19931.617,8.574768,2484.0,9.936,9.936,0.0,0.0,9.936,9.936,9.936,0.0,9.936,0.0,0.0,9.936,9.936,0.0,9.936,0.0,0.0,0.0,9.936,9.936,0.0,9.936,0.0,0.0,0.0,,,4.477337,1.9459101,4.477337,0.6931472,7.6043963,0.6221881,5.525453,44.48682,19.334564,44.48682,6.8871107,75.55728,6.182061,54.900906,4.406719,0.0
Mehlum et. al,10,5,average annual growth in real GDP divided by the economically active population between 1970 and 1990,1,1,0,share of exports of primary products in GNP in 1970.,0.0,1,0,0,-10.92,3.4556962025316453,15.4,2.1,1.81,6,59,59,1,rule of law,1,1,1,0,0,1,1,1.0,0,16.954,0,1,0,0,0,2006,250,259,cross-sectional,OLS,1,1,0.863,,12,53.0,16.953999,5.137065,3.3003278,0.41288897,0.12510544,63.892166,0.083333336,7.9932575,3.3003278,1.0,0.0,0.0,0.13736056,471.6022,47.959545,423.64264,471.6022,7.9932575,16034.475,6.8981814,1998.3143,7.9932575,7.9932575,7.9932575,0.0,7.9932575,7.9932575,7.9932575,0.0,7.9932575,0.0,0.0,7.9932575,7.9932575,0.0,7.9932575,0.0,0.0,0.0,7.9932575,7.9932575,0.0,7.9932575,0.0,0.0,0.0,,,4.0943446,1.9459101,4.0943446,0.6931472,7.6043963,0.6221881,5.525453,32.72715,15.55416,32.72715,5.540504,60.783897,4.9733095,44.16637,3.988984,0.0
Mehlum et. al,10,6,average annual growth in real GDP divided by the economically active population between 1970 and 1990,1,1,0,share of exports of primary products in GNP in 1970.,0.0,1,0,0,-16.35,4.40700808625337,29.43,2.64,1.81,7,76,76,1,rule of law,1,1,1,0,0,1,1,1.0,0,36.9183,0,1,0,0,0,2006,250,259,cross-sectional,OLS,1,1,0.863,,12,69.0,36.9183,6.5003715,5.679414,0.56440866,0.099377975,101.25575,0.083333336,10.062592,5.679414,1.0,0.0,0.0,0.120385855,764.75696,70.43814,694.31885,764.75696,10.062592,20185.559,8.684017,2515.648,10.062592,10.062592,10.062592,0.0,10.062592,10.062592,10.062592,0.0,10.062592,0.0,0.0,10.062592,10.062592,0.0,10.062592,0.0,0.0,0.0,10.062592,10.062592,0.0,10.062592,0.0,0.0,0.0,,,4.3438053,2.0794415,4.3438053,0.6931472,7.6043963,0.6221881,5.525453,43.709938,20.924572,43.709938,6.9748573,76.519936,6.2608247,55.60038,4.248495,0.0
Mehlum et. al,10,7,average annual growth in real GDP divided by the economically active population between 1970 and 1990,1,1,0,share of exports of primary products in GNP in 1970.,0.0,1,0,0,-13.7,3.425,11.01,1.84,1.81,7,86,86,1,rule of law,1,1,1,0,0,1,1,1.0,0,6.228100000000001,0,1,0,0,0,2006,250,259,cross-sectional,OLS,1,1,0.863,,12,79.0,6.2281003,4.7772574,1.3036978,0.14512464,0.1113177,80.69963,0.083333336,8.983297,1.3036978,1.0,0.0,0.0,0.11250879,772.56354,62.88308,709.6805,772.56354,8.983297,18020.494,7.7525854,2245.8242,8.983297,8.983297,8.983297,0.0,8.983297,8.983297,8.983297,0.0,8.983297,0.0,0.0,8.983297,8.983297,0.0,8.983297,0.0,0.0,0.0,8.983297,8.983297,0.0,8.983297,0.0,0.0,0.0,,,4.465908,2.0794415,4.465908,0.6931472,7.6043963,0.6221881,5.525453,40.11858,18.68024,40.11858,6.226747,68.31255,5.5893006,49.636787,4.3820267,0.0
Mehlum et. al,10,8,average annual growth in real GDP divided by the economically active population between 1970 and 1990,1,1,0,share of exports of primary products in GNP in 1970.,0.0,1,0,0,-14.78,3.4694835680751175,18.31,2.34,1.81,7,84,84,1,rule of law,1,1,1,0,0,1,1,1.0,0,18.3611,0,1,0,0,0,2006,250,259,cross-sectional,OLS,1,1,0.863,,12,77.0,18.3611,5.4750276,3.3536086,0.35699585,0.10645126,88.24669,0.083333336,9.3939705,3.3536086,1.0,0.0,0.0,0.11396058,789.09357,65.7578,723.33575,789.09357,9.3939705,18844.305,8.106997,2348.4927,9.3939705,9.3939705,9.3939705,0.0,9.3939705,9.3939705,9.3939705,0.0,9.3939705,0.0,0.0,9.3939705,9.3939705,0.0,9.3939705,0.0,0.0,0.0,9.3939705,9.3939705,0.0,9.3939705,0.0,0.0,0.0,,,4.4426513,2.0794415,4.4426513,0.6931472,7.6043963,0.6221881,5.525453,41.734135,19.534212,41.734135,6.5114045,71.43548,5.8448167,51.905945,4.356709,0.0
Mehlum et. al,10,9,average annual growth in real GDP divided by the economically active population between 1970 and 1990,1,1,0,share of exports of primary products in GNP in 1970.,0.0,1,0,0,-16.25,4.513888888888888,15.86,2.45,1.81,9,74,74,1,rule of law,1,1,1,0,0,1,1,1.0,0,12.456599999999998,0,1,0,0,0,2006,250,259,cross-sectional,OLS,1,1,0.863,,12,65.0,12.456599,6.3277154,1.9685776,0.23720334,0.12049479,68.87529,0.083333336,8.299114,1.9685776,1.0,0.0,0.0,0.12403473,614.13446,74.692024,539.4424,614.13446,8.299114,16648.023,7.1621356,2074.7786,8.299114,8.299114,8.299114,0.0,8.299114,8.299114,8.299114,0.0,8.299114,0.0,0.0,8.299114,8.299114,0.0,8.299114,0.0,0.0,0.0,8.299114,8.299114,0.0,8.299114,0.0,0.0,0.0,,,4.317488,2.3025851,4.317488,0.6931472,7.6043963,0.6221881,5.525453,35.831326,19.109417,35.831326,5.7525077,63.109753,5.16361,45.856365,4.189655,0.0
Mehlum et. al,10,10,average annual growth in real GDP divided by the economically active population between 1970 and 1990,1,1,0,share of exports of primary products in GNP in 1970.,0.0,1,0,0,-10.57,1.507845934379458,16.84,2.55,1.81,5,71,71,1,rule of law,1,1,1,0,0,1,1,1.0,0,19.9104,0,1,0,0,0,2006,250,259,cross-sectional,OLS,1,1,0.863,,12,66.0,19.9104,4.8555574,4.1005387,0.45059663,0.109887175,82.81442,0.083333336,9.100243,4.1005387,1.0,0.0,0.0,0.12309149,646.11725,45.501217,600.616,646.11725,9.100243,18255.088,7.85351,2275.0608,9.100243,9.100243,9.100243,0.0,9.100243,9.100243,9.100243,0.0,9.100243,0.0,0.0,9.100243,9.100243,0.0,9.100243,0.0,0.0,0.0,9.100243,9.100243,0.0,9.100243,0.0,0.0,0.0,,,4.276666,1.7917595,4.276666,0.6931472,7.6043963,0.6221881,5.525453,38.9187,16.305447,38.9187,6.307808,69.20186,5.6620626,50.282967,4.204693,0.0
Mehlum et. al,10,11,average annual growth in real GDP divided by the economically active population between 1970 and 1990,1,1,0,share of exports of primary products in GNP in 1970.,0.0,1,0,0,-16.36,3.233201581027668,19.01,2.44,1.81,6,71,71,1,rule of law,1,1,1,0,0,1,1,1.0,0,18.048100000000005,0,1,0,0,0,2006,250,259,cross-sectional,OLS,1,1,0.863,,12,65.0,18.0481,5.473407,3.297416,0.3785561,0.114803866,75.87295,0.083333336,8.710508,3.297416,1.0,0.0,0.0,0.12403473,618.44604,52.26305,566.18304,618.44604,8.710508,17473.28,7.5171685,2177.627,8.710508,8.710508,8.710508,0.0,8.710508,8.710508,8.710508,0.0,8.710508,0.0,0.0,8.710508,8.710508,0.0,8.710508,0.0,0.0,0.0,8.710508,8.710508,0.0,8.710508,0.0,0.0,0.0,,,4.276666,1.9459101,4.276666,0.6931472,7.6043963,0.6221881,5.525453,37.251934,16.949865,37.251934,6.037664,66.23816,5.4195743,48.129505,4.189655,0.0
Mehlum et. al,10,12,average annual growth in real GDP divided by the economically active population between 1970 and 1990,1,1,0,share of exports of primary products in GNP in 1970 (mineral),0.0,0,1,0,-17.71,5.6044303797468356,1.96,2.34,1.81,6,87,87,1,rule of law,1,1,1,0,0,1,1,1.0,0,-14.162400000000002,0,1,0,0,0,2006,250,259,cross-sectional,OLS,1,1,0.863,,12,81.0,-14.1624,7.0248313,-2.0160484,-0.2185883,0.10842413,85.06445,0.083333336,9.22304,-2.0160484,1.0,0.0,0.0,0.11111111,802.4044,55.338238,747.0662,802.4044,9.22304,18501.418,7.959483,2305.7598,9.22304,9.22304,9.22304,0.0,9.22304,9.22304,9.22304,0.0,9.22304,9.22304,0.0,9.22304,9.22304,0.0,9.22304,0.0,0.0,0.0,9.22304,9.22304,0.0,9.22304,0.0,0.0,0.0,,,4.477337,1.9459101,4.477337,0.6931472,7.6043963,0.6221881,5.525453,41.294655,17.947206,41.294655,6.392924,70.13565,5.7384653,50.96147,4.406719,0.0
Sachs and Warner,11,1,"growth per-capita of ppp-adjusted GDP, 19651990",1,1,0,Natural resource exports/GDP 1970,0.0,1,0,0,-3.26,0.9560117302052785,0.0,0.0,0.0,11,79,79,1,rule of law,1,0,1,0,1,1,1,1.0,0,-3.26,0,1,0,0,0,1999,686,153,cross-sectional,OLS,1,1,0.601,"Sachs, Jeffrey D. & Warner, Andrew M., 1999. ""The big push, natural resource booms and growth,"" Journal of Development Economics, Elsevier, vol. 59(1), pages 43-76, June.",4,68.0,-3.26,0.9560117,-3.41,-0.38213888,0.11206418,79.6281,0.25,8.923458,-3.41,1.0,0.0,0.0,0.12126781,704.9532,98.158035,606.7951,704.9532,8.923458,17837.992,5.362998,6121.492,8.923458,8.923458,0.0,8.923458,8.923458,8.923458,8.923458,0.0,8.923458,0.0,0.0,8.923458,8.923458,0.0,8.923458,0.0,0.0,0.0,8.923458,8.923458,0.0,8.923458,0.0,0.0,0.0,,,4.3820267,2.4849067,4.3820267,0.6931472,7.6009026,0.47062844,6.5323343,39.10283,22.17396,39.10283,6.18527,67.82633,4.199633,58.291008,4.2341065,0.0
Sachs and Warner,11,2,"growth per-capita of ppp-adjusted GDP, 19651990",1,1,0,Natural resource exports/GDP 1970,0.0,1,0,0,-3.34,0.9625360230547549,0.0,0.0,0.0,12,79,79,1,rule of law,1,0,1,0,1,1,1,1.0,0,-3.34,0,1,0,0,0,1999,686,153,cross-sectional,OLS,1,1,0.601,,4,67.0,-3.34,0.96253604,-3.4699998,-0.39030445,0.11247967,79.04091,0.25,8.890495,-3.4699998,1.0,0.0,0.0,0.12216944,702.3491,106.68594,595.6632,702.3491,8.890495,17772.1,5.343188,6098.88,8.890495,8.890495,0.0,8.890495,8.890495,8.890495,8.890495,0.0,8.890495,0.0,0.0,8.890495,8.890495,0.0,8.890495,0.0,0.0,0.0,8.890495,8.890495,0.0,8.890495,0.0,0.0,0.0,,,4.3820267,2.5649493,4.3820267,0.6931472,7.6009026,0.47062844,6.5323343,38.95839,22.803669,38.95839,6.1624217,67.57579,4.18412,58.075687,4.2195077,0.0
Sachs and Warner,11,3,"growth per-capita of ppp-adjusted GDP, 19651990",1,1,0,Natural resource exports/GDP 1970,0.0,1,0,0,-3.17,0.957703927492447,0.0,0.0,0.0,12,76,76,1,rule of law,1,0,1,0,1,1,1,1.0,0,-3.17,0,1,0,0,0,1999,686,153,cross-sectional,OLS,1,1,0.601,,4,64.0,-3.17,0.95770395,-3.31,-0.38231778,0.11550386,74.9561,0.25,8.657719,-3.31,1.0,0.0,0.0,0.125,657.98663,103.89263,554.094,657.98663,8.657719,17306.781,5.203289,5939.1953,8.657719,8.657719,0.0,8.657719,8.657719,8.657719,8.657719,0.0,8.657719,0.0,0.0,8.657719,8.657719,0.0,8.657719,0.0,0.0,0.0,8.657719,8.657719,0.0,8.657719,0.0,0.0,0.0,,,4.3438053,2.5649493,4.3438053,0.6931472,7.6009026,0.47062844,6.5323343,37.607445,22.20661,37.607445,6.001074,65.80648,4.0745687,56.555115,4.1743875,0.0
Sachs and Warner,11,4,"growth per-capita of ppp-adjusted GDP, 19651990",1,1,0,Mineral exportsrGDP 1970,0.0,0,1,0,-4.49,1.8401639344262297,0.0,0.0,0.0,11,76,76,1,rule of law,1,0,1,0,1,1,1,1.0,0,-4.49,0,1,0,0,0,1999,686,153,cross-sectional,OLS,1,1,0.601,,4,65.0,-4.49,1.840164,-2.4399998,-0.28966936,0.11871696,70.953606,0.25,8.423396,-2.4399998,1.0,0.0,0.0,0.12403473,640.1781,92.65736,547.52075,640.1781,8.423396,16838.37,5.062461,5778.4497,8.423396,8.423396,0.0,8.423396,8.423396,8.423396,8.423396,0.0,0.0,8.423396,0.0,8.423396,8.423396,0.0,8.423396,0.0,0.0,0.0,8.423396,8.423396,0.0,8.423396,0.0,0.0,0.0,,,4.3438053,2.4849067,4.3438053,0.6931472,7.6009026,0.47062844,6.5323343,36.589592,20.931353,36.589592,5.838653,64.02541,3.9642897,55.02444,4.189655,0.0
Sachs and Warner,12,1,"growth per-capita of ppp-adjusted GDP, 19651990",1,1,0,Natural resource exports/GDP 1970,0.0,1,0,0,-9.9,1.5230769230769232,0.0,0.0,0.0,7,69,69,1,rule of law,1,0,1,0,1,1,1,1.0,0,-9.9,0,1,0,0,0,2001,2009,232,cross-sectional,OLS,1,1,0.752,"Sachs, Jeffrey D. & Warner, Andrew M., 2001.  ""The curse of natural resources,"" European Economic Review, Elsevier, vol. 45(4-6), pages 827-838, May.",6,62.0,-9.9,1.5230769,-6.5,-0.6366127,0.097940415,104.250015,0.16666667,10.21029,-6.5,1.0,0.0,0.0,0.12700012,704.51,71.47203,633.03796,704.51,10.21029,20430.79,7.678138,20512.473,10.21029,10.21029,0.0,10.21029,10.21029,10.21029,10.21029,0.0,10.21029,0.0,0.0,10.21029,10.21029,0.0,10.21029,0.0,0.0,0.0,10.21029,10.21029,0.0,10.21029,0.0,0.0,0.0,,,4.248495,2.0794415,4.248495,0.6931472,7.601902,0.560758,7.60589,43.378365,21.2317,43.378365,7.0772333,77.61762,5.7255015,77.65834,4.1431346,0.0
Sachs and Warner,12,2,"growth per-capita of ppp-adjusted GDP, 19651990",1,1,0,Natural resource exports/GDP 1970,0.0,1,0,0,-0.05,0.010183299389002037,0.0,0.0,0.0,5,97,97,1,,0,0,1,0,0,1,1,1.0,0,-0.05,0,1,0,0,0,2001,2009,232,cross-sectional,OLS,1,1,0.752,,6,92.0,-0.05,0.010183299,-4.9100003,-0.45566982,0.09280444,116.10809,0.16666667,10.775347,-4.9100003,1.0,0.0,0.0,0.1042572,1045.2086,53.87673,991.3319,1045.2086,10.775347,21561.469,8.103061,21647.672,10.775347,0.0,0.0,0.0,10.775347,10.775347,10.775347,0.0,10.775347,0.0,0.0,10.775347,10.775347,0.0,10.775347,0.0,0.0,0.0,10.775347,10.775347,0.0,10.775347,0.0,0.0,0.0,,,4.5849676,1.7917595,4.5849676,0.6931472,7.601902,0.560758,7.60589,49.404613,19.30683,49.404613,7.468901,81.91313,6.0423617,81.9561,4.5325994,0.0
Sachs and Warner,12,3,"growth per-capita of ppp-adjusted GDP, 19651990",1,1,0,Natural resource exports/GDP 1970,0.0,1,0,0,-0.05,0.011655011655011656,0.0,0.0,0.0,5,97,97,1,,0,0,1,0,0,1,1,1.0,0,-0.05,0,1,0,0,0,2001,2009,232,cross-sectional,OLS,1,1,0.752,,6,92.0,-0.05,0.011655011,-4.2900004,-0.4082862,0.0951716,110.40411,0.16666667,10.507337,-4.2900004,1.0,0.0,0.0,0.1042572,1019.2116,52.536682,966.6749,1019.2116,10.507337,21025.18,7.901517,21109.238,10.507337,0.0,0.0,0.0,10.507337,10.507337,10.507337,0.0,10.507337,0.0,0.0,10.507337,10.507337,0.0,10.507337,0.0,0.0,0.0,10.507337,10.507337,0.0,10.507337,0.0,0.0,0.0,,,4.5849676,1.7917595,4.5849676,0.6931472,7.601902,0.560758,7.60589,48.175797,18.82662,48.175797,7.2831306,79.87574,5.8920727,79.91764,4.5325994,0.0
Sachs and Warner,12,4,"growth per-capita of ppp-adjusted GDP, 19651990",1,1,0,Natural resource exports/GDP 1970,0.0,1,0,0,-0.04,0.011627906976744186,0.0,0.0,0.0,5,97,97,1,,0,0,1,0,0,1,1,1.0,0,-0.04,0,1,0,0,0,2001,2009,232,cross-sectional,OLS,1,1,0.752,,6,92.0,-0.04,0.011627907,-3.4399998,-0.33758992,0.09813661,103.833595,0.16666667,10.189877,-3.4399998,1.0,0.0,0.0,0.1042572,988.4181,50.949387,937.4687,988.4181,10.189877,20389.943,7.6627874,20471.463,10.189877,0.0,0.0,0.0,10.189877,10.189877,10.189877,0.0,10.189877,0.0,0.0,10.189877,10.189877,0.0,10.189877,0.0,0.0,0.0,10.189877,10.189877,0.0,10.189877,0.0,0.0,0.0,,,4.5849676,1.7917595,4.5849676,0.6931472,7.601902,0.560758,7.60589,46.720257,18.257809,46.720257,7.0630846,77.46245,5.714055,77.50308,4.5325994,0.0
Sachs and Warner,12,5,"growth per-capita of ppp-adjusted GDP, 19651990",1,1,0,Natural resource exports/GDP 1970,0.0,1,0,0,-0.04,0.01075268817204301,0.0,0.0,0.0,5,94,94,1,,0,0,1,0,0,1,1,1.0,0,-0.04,0,1,0,0,0,2001,2009,232,cross-sectional,OLS,1,1,0.752,,6,89.0,-0.04,0.010752688,-3.72,-0.36683038,0.09861032,102.838394,0.16666667,10.140926,-3.72,1.0,0.0,0.0,0.10599979,953.2471,50.70463,902.5425,953.2471,10.140926,20291.994,7.6259766,20373.121,10.140926,0.0,0.0,0.0,10.140926,10.140926,10.140926,0.0,10.140926,0.0,0.0,10.140926,10.140926,0.0,10.140926,0.0,0.0,0.0,10.140926,10.140926,0.0,10.140926,0.0,0.0,0.0,,,4.553877,1.7917595,4.553877,0.6931472,7.601902,0.560758,7.60589,46.18053,18.170101,46.18053,7.029155,77.09033,5.6866055,77.13077,4.4998097,0.0
Sachs and Warner,12,6,"growth per-capita of ppp-adjusted GDP, 19651990",1,1,0,Natural resource exports/GDP 1970,0.0,1,0,0,-0.03,0.011673151750972763,0.0,0.0,0.0,8,93,93,1,,0,0,1,0,0,1,1,1.0,0,-0.03,0,1,0,0,0,2001,2009,232,cross-sectional,OLS,1,1,0.752,,6,85.0,-0.03,0.0116731515,-2.57,-0.2685182,0.104481794,91.60491,0.16666667,9.571046,-2.57,1.0,0.0,0.0,0.10846523,890.10724,76.56837,813.5389,890.10724,9.571046,19151.662,7.1974263,19228.23,9.571046,0.0,0.0,0.0,9.571046,9.571046,9.571046,0.0,9.571046,0.0,0.0,9.571046,9.571046,0.0,9.571046,0.0,0.0,0.0,9.571046,9.571046,0.0,9.571046,0.0,0.0,0.0,,,4.543295,2.1972246,4.543295,0.6931472,7.601902,0.560758,7.60589,43.48408,21.029737,43.48408,6.6341434,72.75815,5.36704,72.79632,4.454347,0.0
Papyrakis and Gerlagh,13,1,Average annual growth in real GSP per person between 19862000,1,1,0,"The share of the primary sectors production (agriculture, forestry, fishing, and mining) in GSP for 1986",0.0,1,0,0,-4.72,2.38,0.0,0.0,0.0,2,49,1,1,,0,0,1,1,0,1,1,1.0,0,-4.72,0,0,1,0,0,2007,173,30,cross-sectional,OLS,1,0,0.752,"Papyrakis, Elissaios & Gerlagh, Reyer, 2007. ""Resource abundance and economic growth in the United States,"" European Economic Review, Elsevier, vol. 51(4), pages 1011-1039, May.",9,47.0,-4.72,2.38,-1.983193,-0.27788502,0.14012,50.933056,0.11111111,7.1367397,-1.983193,1.0,0.0,0.0,0.145865,349.70026,14.273479,335.4268,7.1367397,7.1367397,14323.4375,5.3668284,1234.656,7.1367397,0.0,0.0,0.0,7.1367397,7.1367397,7.1367397,7.1367397,7.1367397,0.0,0.0,7.1367397,7.1367397,0.0,7.1367397,0.0,0.0,0.0,7.1367397,0.0,0.0,0.0,7.1367397,0.0,0.0,,,3.912023,1.0986123,0.6931472,0.6931472,7.6048946,0.560758,5.159055,27.919092,7.8405104,4.946811,4.946811,54.274155,4.001984,36.818836,3.871201,0.0
Papyrakis and Gerlagh,13,2,Average annual growth in real GSP per person between 19862000,1,1,0,"The share of the primary sectors production (agriculture, forestry, fishing, and mining) in GSP for 1986",0.0,1,0,0,-3.43,2.44,0.0,0.0,0.0,3,49,1,1,,0,0,1,1,0,1,1,1.0,0,-3.43,0,0,1,0,0,2007,173,30,cross-sectional,OLS,1,0,0.752,,9,46.0,-3.43,2.44,-1.4057378,-0.2029513,0.1443735,47.976105,0.11111111,6.9264784,-1.4057378,1.0,0.0,0.0,0.14744195,339.39746,20.779436,318.618,6.9264784,6.9264784,13901.442,5.208712,1198.2808,6.9264784,0.0,0.0,0.0,6.9264784,6.9264784,6.9264784,6.9264784,6.9264784,0.0,0.0,6.9264784,6.9264784,0.0,6.9264784,0.0,0.0,0.0,6.9264784,0.0,0.0,0.0,6.9264784,0.0,0.0,,,3.912023,1.3862944,0.6931472,0.6931472,7.6048946,0.560758,5.159055,27.096544,9.6021385,4.8010693,4.8010693,52.67514,3.8840783,35.734085,3.8501475,0.0
Papyrakis and Gerlagh,13,3,Average annual growth in real GSP per person between 19862000,1,1,0,"The share of the primary sectors production (agriculture, forestry, fishing, and mining) in GSP for 1986",0.0,1,0,0,-2.66,2.46,0.0,0.0,0.0,4,49,1,1,,0,0,1,1,0,1,1,1.0,0,-2.66,0,0,1,0,0,2007,173,30,cross-sectional,OLS,1,0,0.752,,9,45.0,-2.66,2.46,-1.0813009,-0.15913668,0.14717151,46.169216,0.11111111,6.794793,-1.0813009,1.0,0.0,0.0,0.1490712,332.94485,27.179173,305.7657,6.794793,6.794793,13637.15,5.1096845,1175.4993,6.794793,0.0,0.0,0.0,6.794793,6.794793,6.794793,6.794793,6.794793,0.0,0.0,6.794793,6.794793,0.0,6.794793,0.0,0.0,0.0,6.794793,0.0,0.0,0.0,6.794793,0.0,0.0,,,3.912023,1.609438,0.6931472,0.6931472,7.6048946,0.560758,5.159055,26.581388,10.935798,4.7097917,4.7097917,51.673687,3.8102345,35.054714,3.8286414,0.0
Papyrakis and Gerlagh,13,4,Average annual growth in real GSP per person between 19862000,1,1,0,"The share of the primary sectors production (agriculture, forestry, fishing, and mining) in GSP for 1986",0.0,1,0,0,-0.7,2.36,0.0,0.0,0.0,5,49,1,1,,0,0,1,1,0,1,1,1.0,0,-0.7,0,0,1,0,0,2007,173,30,cross-sectional,OLS,1,0,0.752,,9,44.0,-0.7,2.36,-0.29661018,-0.04467103,0.15060519,44.087975,0.11111111,6.6398773,-0.29661018,1.0,0.0,0.0,0.15075567,325.354,33.199387,292.1546,6.6398773,6.6398773,13326.234,4.993188,1148.6989,6.6398773,0.0,0.0,0.0,6.6398773,6.6398773,6.6398773,6.6398773,6.6398773,0.0,0.0,6.6398773,6.6398773,0.0,6.6398773,0.0,0.0,0.0,6.6398773,0.0,0.0,0.0,6.6398773,0.0,0.0,,,3.912023,1.7917595,0.6931472,0.6931472,7.6048946,0.560758,5.159055,25.975353,11.897063,4.602412,4.602412,50.49557,3.7233644,34.255493,3.8066626,0.0
Papyrakis and Gerlagh,13,5,Average annual growth in real GSP per person between 19862000,1,1,0,"The share of the primary sectors production (agriculture, forestry, fishing, and mining) in GSP for 1986",0.0,1,0,0,-0.34,2.31,0.0,0.0,0.0,6,49,1,1,,0,0,1,1,0,1,1,1.0,0,-0.34,0,0,1,0,0,2007,173,30,cross-sectional,OLS,1,0,0.752,,9,43.0,-0.34,2.31,-0.14718615,-0.022440026,0.15246017,43.021664,0.11111111,6.55909,-0.14718615,1.0,0.0,0.0,0.15249857,321.39542,39.35454,282.04086,6.55909,6.55909,13164.094,4.9324355,1134.7225,6.55909,0.0,0.0,0.0,6.55909,6.55909,6.55909,6.55909,6.55909,0.0,0.0,6.55909,6.55909,0.0,6.55909,0.0,0.0,0.0,6.55909,0.0,0.0,0.0,6.55909,0.0,0.0,,,3.912023,1.9459101,0.6931472,0.6931472,7.6048946,0.560758,5.159055,25.659311,12.763399,4.546415,4.546415,49.881187,3.6780622,33.838707,3.7841897,0.0
Papyrakis and Gerlagh,13,6,Average annual growth in real GSP per person between 19862000,1,1,0,"The share of the primary sectors production (agriculture, forestry, fishing, and mining) in GSP for 1986",0.0,1,0,0,-0.14,2.16,0.0,0.0,0.0,7,49,1,1,corruption,1,0,1,1,0,1,1,1.0,0,-0.14,0,0,1,0,0,2007,173,30,cross-sectional,OLS,1,0,0.752,,9,42.0,-0.14,2.16,-0.06481481,-0.010000642,0.15429562,42.004208,0.11111111,6.4810653,-0.06481481,1.0,0.0,0.0,0.15430336,317.5722,45.36746,272.20474,6.4810653,6.4810653,13007.498,4.873761,1121.2242,6.4810653,6.4810653,0.0,0.0,6.4810653,6.4810653,6.4810653,6.4810653,6.4810653,0.0,0.0,6.4810653,6.4810653,0.0,6.4810653,0.0,0.0,0.0,6.4810653,0.0,0.0,0.0,6.4810653,0.0,0.0,,,3.912023,2.0794415,0.6931472,0.6931472,7.6048946,0.560758,5.159055,25.354076,13.476996,4.492332,4.492332,49.28782,3.634309,33.436172,3.7612002,0.0
Papyrakis and Gerlagh,13,7,Average annual growth in real GSP per person between 19862000,1,1,0,"The share of the primary sectors production (agriculture, forestry, fishing, and mining) in GSP for 1986",0.0,1,0,0,-4.46,1.94,0.0,0.0,0.0,7,49,1,1,corruption,1,0,1,1,0,1,1,0.0,1,-4.46,0,0,1,0,0,2007,173,30,cross-sectional,IV,1,0,0.752,,9,42.0,-4.46,1.94,-2.298969,-0.33432606,0.14542434,47.285263,0.11111111,6.876428,-2.298969,1.0,0.0,0.0,0.15430336,336.94498,48.135,288.81,6.876428,6.876428,13800.991,5.171074,1189.6221,6.876428,6.876428,0.0,0.0,6.876428,6.876428,6.876428,6.876428,6.876428,0.0,0.0,6.876428,6.876428,0.0,6.876428,0.0,0.0,6.876428,0.0,0.0,0.0,0.0,6.876428,0.0,0.0,1.0,6.876428,3.912023,2.0794415,0.6931472,0.6931472,7.6048946,0.560758,5.159055,26.900745,14.29913,4.766377,4.766377,52.29451,3.856012,35.475872,3.7612002,0.0
Papyrakis and Gerlagh,13,8,Average annual growth in real GSP per person between 19862000,1,1,0,"The share of the primary sectors production (agriculture, forestry, fishing, and mining) in GSP for 1986",0.0,1,0,0,-4.66,1.95,0.0,0.0,0.0,7,49,1,1,corruption,1,0,1,1,0,1,1,0.0,1,-4.66,0,0,1,0,0,2007,173,30,cross-sectional,IV,1,0,0.752,,9,42.0,-4.66,1.95,-2.3897436,-0.3459733,0.14477424,47.710876,0.11111111,6.907306,-2.3897436,1.0,0.0,0.0,0.15430336,338.458,48.351143,290.10684,6.907306,6.907306,13862.963,5.194294,1194.964,6.907306,6.907306,0.0,0.0,6.907306,6.907306,6.907306,6.907306,6.907306,0.0,0.0,6.907306,6.907306,0.0,6.907306,0.0,0.0,6.907306,0.0,0.0,0.0,0.0,6.907306,0.0,0.0,1.0,6.907306,3.912023,2.0794415,0.6931472,0.6931472,7.6048946,0.560758,5.159055,27.02154,14.363339,4.78778,4.78778,52.529335,3.873327,35.635174,3.7612002,0.0
Papyrakis and Gerlagh,13,9,Average annual growth in real GSP per person between 19862000,1,1,0,"The share of the primary sectors production (agriculture, forestry, fishing, and mining) in GSP for 1986",0.0,1,0,0,-4.72,1.95,0.0,0.0,0.0,7,49,1,1,corruption,1,0,1,1,0,1,1,0.0,1,-4.72,0,0,1,0,0,2007,173,30,cross-sectional,IV,1,0,0.752,,9,42.0,-4.72,1.95,-2.4205127,-0.3498856,0.1445502,47.858887,0.11111111,6.9180117,-2.4205127,1.0,0.0,0.0,0.15430336,338.98257,48.426083,290.5565,6.9180117,6.9180117,13884.449,5.202345,1196.816,6.9180117,6.9180117,0.0,0.0,6.9180117,6.9180117,6.9180117,6.9180117,6.9180117,0.0,0.0,6.9180117,6.9180117,0.0,6.9180117,0.0,0.0,6.9180117,0.0,0.0,0.0,0.0,6.9180117,0.0,0.0,1.0,6.9180117,3.912023,2.0794415,0.6931472,0.6931472,7.6048946,0.560758,5.159055,27.063421,14.385601,4.7952003,4.7952003,52.61075,3.8793304,35.690403,3.7612002,0.0
Papyrakis and Gerlagh,14,1,"Logarithm of GDP per capita, on Purchasing Power Parity Basis in 2002",1,0,0,"Share of natural capital in total wealth (comprising physical, human, and natural capital) in 1994",0.0,1,0,0,-7.62,0.9694656488549618,0.0,0.0,0.0,1,82,1,1,,0,0,1,0,0,0,1,1.0,0,-7.62,0,0,0,1,0,2006,29,2,cross-sectional,OLS,1,0,0.009,"Papyrakis, Elissaios & Gerlagh, Reyer, 2006. ""Resource windfalls, investment, and long-term income,"" Resources Policy, Elsevier, vol. 31(2), pages 117-128, June.",1,81.0,-7.62,0.9694657,-7.8599997,-0.65779334,0.08368872,142.77959,1.0,11.949041,-7.8599997,1.0,0.0,0.0,0.11111111,979.8214,11.949041,967.8724,11.949041,11.949041,23969.777,0.107541375,346.52222,11.949041,0.0,0.0,0.0,0.0,11.949041,11.949041,0.0,0.0,11.949041,0.0,11.949041,0.0,0.0,11.949041,0.0,0.0,0.0,11.949041,0.0,0.0,0.0,0.0,11.949041,0.0,,,4.4188404,0.6931472,0.6931472,0.6931472,7.6043963,0.008959741,3.4011974,52.800907,8.282444,8.282444,8.282444,90.86525,0.10706032,40.64105,4.406719,0.0
Papyrakis and Gerlagh,15,1,Average annual growth in real GDP per person from 1975 to 1996,1,1,0,The share ofmineral production in GDP for 1971,0.0,0,1,0,-7.57,1.8508557457212715,0.0,0.0,0.0,2,103,1,1,,0,0,1,1,0,0,1,1.0,0,-7.57,0,1,0,0,0,2004,404,81,cross-sectional,OLS,1,0,0.103,"Papyrakis, Elissaios & Gerlagh, Reyer, 2004. ""The resource curse hypothesis and its transmission channels,"" Journal of Comparative Economics, Elsevier, vol. 32(1), pages 181-193, March.",7,101.0,-7.57,1.8508557,-4.09,-0.37694958,0.092163704,117.7281,0.14285715,10.850258,-4.09,1.0,0.0,0.0,0.09950372,1117.5767,21.700516,1095.8761,10.850258,10.850258,21743.918,1.1175766,4383.5044,10.850258,0.0,0.0,0.0,0.0,10.850258,10.850258,10.850258,0.0,10.850258,0.0,10.850258,10.850258,0.0,10.850258,0.0,0.0,0.0,10.850258,0.0,0.0,10.850258,0.0,0.0,0.0,,,4.644391,1.0986123,0.6931472,0.6931472,7.6033993,0.09803374,6.003887,50.39284,11.920227,7.520826,7.520826,82.49885,1.0636914,65.14373,4.624973,0.0
Papyrakis and Gerlagh,15,2,Average annual growth in real GDP per person from 1975 to 1996,1,1,0,The share ofmineral production in GDP for 1971,0.0,0,1,0,-7.39,3.6225490196078427,0.0,0.0,0.0,3,47,1,1,corruption,1,0,1,1,0,0,1,1.0,0,-7.39,0,1,0,0,0,2004,404,81,cross-sectional,OLS,1,0,0.103,,7,44.0,-7.39,3.622549,-2.04,-0.29395422,0.14409521,48.1616,0.14285715,6.939856,-2.04,1.0,0.0,0.0,0.15075567,326.17322,20.819567,305.35367,6.939856,6.939856,13907.471,0.7148051,2803.7017,6.939856,6.939856,0.0,0.0,0.0,6.939856,6.939856,6.939856,0.0,6.939856,0.0,6.939856,6.939856,0.0,6.939856,0.0,0.0,0.0,6.939856,0.0,0.0,6.939856,0.0,0.0,0.0,,,3.871201,1.3862944,0.6931472,0.6931472,7.6033993,0.09803374,6.003887,26.865578,9.620683,4.8103414,4.8103414,52.766495,0.68034005,41.66611,3.8066626,0.0
Papyrakis and Gerlagh,15,3,Average annual growth in real GDP per person from 1975 to 1996,1,1,0,The share ofmineral production in GDP for 1971,0.0,0,1,0,-4.41,3.0,0.0,0.0,0.0,4,47,1,1,corruption,1,0,1,1,0,0,1,1.0,0,-4.41,0,1,0,0,0,2004,404,81,cross-sectional,OLS,1,0,0.103,,7,43.0,-4.41,3.0,-1.4699999,-0.21874394,0.14880541,45.160896,0.14285715,6.7201858,-1.4699999,1.0,0.0,0.0,0.15249857,315.84872,26.880743,288.968,6.7201858,6.7201858,13467.252,0.69217914,2714.955,6.7201858,6.7201858,0.0,0.0,0.0,6.7201858,6.7201858,6.7201858,0.0,6.7201858,0.0,6.7201858,6.7201858,0.0,6.7201858,0.0,0.0,0.0,6.7201858,0.0,0.0,6.7201858,0.0,0.0,0.0,,,3.871201,1.609438,0.6931472,0.6931472,7.6033993,0.09803374,6.003887,26.01519,10.815722,4.6580777,4.6580777,51.096256,0.65880495,40.347237,3.7841897,0.0
Papyrakis and Gerlagh,15,4,Average annual growth in real GDP per person from 1975 to 1996,1,1,0,The share ofmineral production in GDP for 1971,0.0,0,1,0,-3.11,2.906542056074766,0.0,0.0,0.0,5,47,1,1,corruption,1,0,1,1,0,1,1,1.0,0,-3.11,0,1,0,0,0,2004,404,81,cross-sectional,OLS,1,0,0.103,,7,42.0,-3.11,2.906542,-1.0699999,-0.16289923,0.15224227,43.1449,0.14285715,6.5684776,-1.0699999,1.0,0.0,0.0,0.15430336,308.71844,32.84239,275.87607,6.5684776,6.5684776,13163.2295,0.6765532,2653.665,6.5684776,6.5684776,0.0,0.0,6.5684776,6.5684776,6.5684776,6.5684776,0.0,6.5684776,0.0,6.5684776,6.5684776,0.0,6.5684776,0.0,0.0,0.0,6.5684776,0.0,0.0,6.5684776,0.0,0.0,0.0,,,3.871201,1.7917595,0.6931472,0.6931472,7.6033993,0.09803374,6.003887,25.427898,11.769133,4.552922,4.552922,49.94276,0.64393246,39.4364,3.7612002,0.0
Papyrakis and Gerlagh,15,5,Average annual growth in real GDP per person from 1975 to 1996,1,1,0,The share ofmineral production in GDP for 1971,0.0,0,1,0,0.93,2.90625,0.0,0.0,0.0,6,46,1,1,corruption,1,0,1,1,1,1,1,1.0,0,0.93,0,1,0,0,0,2004,404,81,cross-sectional,OLS,1,0,0.103,,7,40.0,0.93,2.90625,0.32,0.0505318,0.15791188,40.1024,0.14285715,6.332646,0.32,1.0,0.0,0.0,0.15811388,291.3017,37.995872,253.30583,6.332646,6.332646,12690.622,0.6522625,2558.389,6.332646,6.332646,0.0,6.332646,6.332646,6.332646,6.332646,6.332646,0.0,6.332646,0.0,6.332646,6.332646,0.0,6.332646,0.0,0.0,0.0,6.332646,0.0,0.0,6.332646,0.0,0.0,0.0,,,3.8501475,1.9459101,0.6931472,0.6931472,7.6033993,0.09803374,6.003887,24.38162,12.32276,4.3894553,4.3894553,48.149635,0.62081295,38.02049,3.713572,0.0
Papyrakis and Gerlagh,15,6,Average annual growth in real GDP per person from 1975 to 1996,1,1,0,The share ofmineral production in GDP for 1971,0.0,0,1,0,1.59,2.6949152542372885,0.0,0.0,0.0,7,39,1,1,corruption,1,0,1,1,1,1,1,1.0,0,1.59,0,1,0,0,0,2004,404,81,cross-sectional,OLS,1,0,0.103,,7,32.0,1.59,2.6949153,0.59,0.10373555,0.17582297,32.3481,0.14285715,5.687539,0.59,1.0,0.0,0.0,0.17677669,221.81401,39.81277,182.00125,5.687539,5.687539,11397.828,0.5858165,2297.7656,5.687539,5.687539,0.0,5.687539,5.687539,5.687539,5.687539,5.687539,0.0,5.687539,0.0,5.687539,5.687539,0.0,5.687539,0.0,0.0,0.0,5.687539,0.0,0.0,5.687539,0.0,0.0,0.0,,,3.6888795,2.0794415,0.6931472,0.6931472,7.6033993,0.09803374,6.003887,20.980646,11.826904,3.9423015,3.9423015,43.24463,0.5575707,34.147343,3.4965076,0.0
Papyrakis and Gerlagh,15,7,Average annual growth in real GDP per person from 1975 to 1996,1,1,0,The share ofmineral production in GDP for 1971,0.0,0,1,0,-9.61,2.2348837209302324,0.0,0.0,0.0,7,39,1,1,corruption,1,0,1,1,1,1,1,0.0,1,-9.61,0,1,0,0,0,2004,404,81,cross-sectional,IV,1,0,0.103,,7,32.0,-9.61,2.2348838,-4.2999997,-0.6051538,0.14073345,50.489994,0.14285715,7.1056314,-4.2999997,1.0,0.0,0.0,0.17677669,277.11963,49.739418,227.3802,7.1056314,7.1056314,14239.685,0.73188,2870.675,7.1056314,7.1056314,0.0,7.1056314,7.1056314,7.1056314,7.1056314,7.1056314,0.0,7.1056314,0.0,7.1056314,7.1056314,0.0,7.1056314,0.0,0.0,7.1056314,0.0,0.0,0.0,7.1056314,0.0,0.0,0.0,1.0,7.1056314,3.6888795,2.0794415,0.6931472,0.6931472,7.6033993,0.09803374,6.003887,26.211817,14.775744,4.925248,4.925248,54.02695,0.6965916,42.661407,3.4965076,0.0
Brückner,16,1,GDP growth 19701990,0,1,0,Real SXP,0.0,1,0,0,-13.416,2.9292576419213976,0.0,0.0,0.0,4,90,90,1,,0,0,1,0,0,1,1,1.0,0,-13.416,0,1,0,0,0,2010,12,2,cross-sectional,OLS,1,1,0.103,"Brückner, Markus, 2010. ""Natural resource dependence, non-tradables, and economic growth,"" Journal of Comparative Economics, Elsevier, vol. 38(4), pages 461-471, December.",22,86.0,-13.416,2.9292576,-4.58,-0.44281414,0.096684314,106.976395,0.045454547,10.342939,-4.58,1.0,0.0,0.0,0.107832775,930.86456,41.371758,889.4928,930.86456,10.342939,20789.309,1.0653228,124.11527,10.342939,0.0,0.0,0.0,10.342939,10.342939,10.342939,0.0,10.342939,0.0,0.0,0.0,10.342939,0.0,10.342939,0.0,0.0,0.0,10.342939,10.342939,0.0,10.342939,0.0,0.0,0.0,,,4.5108595,1.609438,4.5108595,0.6931472,7.6063876,0.09803374,2.5649493,46.655544,16.646318,46.655544,7.1691794,78.67241,1.013957,26.529116,4.465908,0.0
Brückner,16,2,GDP growth 19701991,0,1,0,PPP*Nominal SXP,0.0,1,0,0,-12.334,3.12253164556962,0.0,0.0,0.0,6,90,90,1,democracy,1,0,1,0,0,1,1,1.0,0,-12.334,0,1,0,0,0,2010,12,2,cross-sectional,OLS,1,1,0.103,,22,84.0,-12.334,3.1225317,-3.9499998,-0.3957874,0.10019934,99.60251,0.045454547,9.980105,-3.9499998,1.0,0.0,0.0,0.10910895,898.2095,59.880634,838.32886,898.2095,9.980105,20060.012,1.0279509,119.76127,9.980105,9.980105,0.0,0.0,9.980105,9.980105,9.980105,0.0,9.980105,0.0,0.0,0.0,9.980105,0.0,9.980105,0.0,0.0,0.0,9.980105,9.980105,0.0,9.980105,0.0,0.0,0.0,,,4.5108595,1.9459101,4.5108595,0.6931472,7.6063876,0.09803374,2.5649493,45.018852,19.420387,45.018852,6.917682,75.91255,0.97838706,25.598465,4.4426513,0.0
Brückner,16,3,GDP growth 19701992,0,1,0,PPP*Nominal SXP,0.0,1,0,0,-11.138,3.2758823529411765,0.0,0.0,0.0,6,89,89,1,democracy,1,0,1,0,0,1,1,1.0,0,-11.138,0,1,0,0,0,2010,12,2,cross-sectional,OLS,1,1,0.103,,22,83.0,-11.138,3.2758822,-3.3999999,-0.34964326,0.10283626,94.56,0.045454547,9.724196,-3.3999999,1.0,0.0,0.0,0.10976426,865.4535,58.34518,807.10834,865.4535,9.724196,19545.635,1.0015923,116.69036,9.724196,9.724196,0.0,0.0,9.724196,9.724196,9.724196,0.0,9.724196,0.0,0.0,0.0,9.724196,0.0,9.724196,0.0,0.0,0.0,9.724196,9.724196,0.0,9.724196,0.0,0.0,0.0,,,4.4998097,1.9459101,4.4998097,0.6931472,7.6063876,0.09803374,2.5649493,43.757034,18.922413,43.757034,6.7402997,73.96601,0.9532994,24.942072,4.4308167,0.0
Brückner,16,4,GDP growth 19701993,0,1,0,Nominal SXP,0.0,1,0,0,-7.0,1.4492753623188406,0.0,0.0,0.0,4,89,89,1,,0,0,1,0,0,1,1,1.0,0,-7.0,0,1,0,0,0,2010,12,2,cross-sectional,OLS,1,1,0.103,,22,85.0,-7.0,1.4492754,-4.83,-0.46406087,0.09607886,108.3289,0.045454547,10.408117,-4.83,1.0,0.0,0.0,0.10846523,926.32245,41.63247,884.68994,926.32245,10.408117,20920.314,1.072036,124.89741,10.408117,0.0,0.0,0.0,10.408117,10.408117,10.408117,0.0,10.408117,0.0,0.0,0.0,10.408117,0.0,10.408117,0.0,0.0,0.0,10.408117,10.408117,0.0,10.408117,0.0,0.0,0.0,,,4.4998097,1.609438,4.4998097,0.6931472,7.6063876,0.09803374,2.5649493,46.834545,16.751219,46.834545,7.214357,79.168175,1.0203466,26.696293,4.454347,0.0
Brückner,16,5,GDP growth 19701994,0,1,0,share of exports of primary products in GNP in 1970,0.0,1,0,0,-6.519,1.54478672985782,0.0,0.0,0.0,6,89,89,1,democarcy,1,0,1,0,0,1,1,1.0,0,-6.519,0,1,0,0,0,2010,12,2,cross-sectional,OLS,1,1,0.103,,22,83.0,-6.519,1.5447867,-4.2200003,-0.42030457,0.09959823,100.80841,0.045454547,10.040339,-4.2200003,1.0,0.0,0.0,0.10976426,893.5902,60.242035,833.34814,893.5902,10.040339,20181.082,1.0341549,120.48407,10.040339,10.040339,0.0,0.0,10.040339,10.040339,10.040339,0.0,10.040339,0.0,0.0,0.0,10.040339,0.0,10.040339,0.0,0.0,0.0,10.040339,10.040339,0.0,10.040339,0.0,0.0,0.0,,,4.4998097,1.9459101,4.4998097,0.6931472,7.6063876,0.09803374,2.5649493,45.179615,19.537598,45.179615,6.9594326,76.37071,0.98429203,25.75296,4.4308167,0.0
Brückner,16,6,GDP growth 19701995,0,1,0,share of exports of primary products in GNP in 1970,0.0,1,0,0,-6.381,1.5120853080568721,0.0,0.0,0.0,6,89,89,1,democarcy,1,0,1,0,0,1,1,1.0,0,-6.381,0,1,0,0,0,2010,12,2,cross-sectional,OLS,1,1,0.103,,22,83.0,-6.381,1.5120853,-4.22,-0.42030454,0.09959824,100.808395,0.045454547,10.0403385,-4.22,1.0,0.0,0.0,0.10976426,893.59015,60.24203,833.3481,893.59015,10.0403385,20181.08,1.0341549,120.48406,10.0403385,10.0403385,0.0,0.0,10.0403385,10.0403385,10.0403385,0.0,10.0403385,0.0,0.0,0.0,10.0403385,0.0,10.0403385,0.0,0.0,0.0,10.0403385,10.0403385,0.0,10.0403385,0.0,0.0,0.0,,,4.4998097,1.9459101,4.4998097,0.6931472,7.6063876,0.09803374,2.5649493,45.17961,19.537596,45.17961,6.959432,76.370705,0.9842919,25.752958,4.4308167,0.0
Brückner,16,7,GDP growth 19701996,0,1,0,SNC,0.0,1,0,0,-4.882,1.960642570281124,0.0,0.0,0.0,9,74,74,1,democarcy,1,0,1,0,0,1,1,1.0,0,-4.882,0,1,0,0,0,2010,12,2,cross-sectional,OLS,1,1,0.103,,22,65.0,-4.882,1.9606426,-2.49,-0.2950931,0.11851128,71.2001,0.045454547,8.438015,-2.49,1.0,0.0,0.0,0.12403473,624.41315,75.94214,548.471,624.41315,8.438015,16960.41,0.8691156,101.25618,8.438015,8.438015,0.0,0.0,8.438015,8.438015,8.438015,0.0,0.0,0.0,0.0,0.0,8.438015,0.0,8.438015,0.0,0.0,0.0,8.438015,8.438015,0.0,8.438015,0.0,0.0,0.0,,,4.317488,2.3025851,4.317488,0.6931472,7.6063876,0.09803374,2.5649493,36.43103,19.429249,36.43103,5.8487864,64.182816,0.8272102,21.643082,4.189655,0.0
Brückner,16,8,GDP growth 19701997,0,1,0,Real SXP,0.0,1,0,0,-26.895,9.470070422535212,0.0,0.0,0.0,9,74,74,1,democarcy,1,0,1,0,0,1,1,0.0,1,-26.895,0,1,0,0,0,2010,12,2,cross-sectional,2SLS,1,1,0.103,,22,65.0,-26.895,9.470071,-2.84,-0.33224759,0.11698859,73.065605,0.045454547,8.547842,-2.84,1.0,0.0,0.0,0.12403473,632.5403,76.93058,555.60974,632.5403,8.547842,17181.162,0.8804277,102.574104,8.547842,8.547842,0.0,0.0,8.547842,8.547842,8.547842,0.0,8.547842,0.0,0.0,0.0,8.547842,0.0,8.547842,0.0,0.0,8.547842,0.0,8.547842,0.0,8.547842,0.0,0.0,0.0,,,4.317488,2.3025851,4.317488,0.6931472,7.6063876,0.09803374,2.5649493,36.90521,19.682135,36.90521,5.9249125,65.018196,0.83797693,21.924782,4.189655,0.0
Brückner,16,9,GDP growth 19701998,0,1,0,Nominal SXP,0.0,1,0,0,-18.61,10.819767441860465,0.0,0.0,0.0,9,74,74,1,democarcy,1,0,1,0,0,1,1,0.0,1,-18.61,0,1,0,0,0,2010,12,2,cross-sectional,2SLS,1,1,0.103,,22,65.0,-18.61,10.819767,-1.7200001,-0.20864448,0.12130492,67.958405,0.045454547,8.243689,-1.7200001,1.0,0.0,0.0,0.12403473,610.03296,74.1932,535.8398,610.03296,8.243689,16569.814,0.84909993,98.92426,8.243689,8.243689,0.0,0.0,8.243689,8.243689,8.243689,0.0,8.243689,0.0,0.0,0.0,8.243689,0.0,8.243689,0.0,0.0,8.243689,0.0,8.243689,0.0,8.243689,0.0,0.0,0.0,,,4.317488,2.3025851,4.317488,0.6931472,7.6063876,0.09803374,2.5649493,35.59203,18.981794,35.59203,5.7140894,62.70469,0.80815965,21.144644,4.189655,0.0
Brückner,16,10,GDP Growth 19702003,0,1,0,SNC,0.0,1,0,0,-3.865,1.7729357798165137,0.0,0.0,0.0,9,74,74,1,democarcy,1,0,1,0,0,1,1,1.0,0,-3.865,0,1,0,0,0,2010,12,2,cross-sectional,OLS,1,1,0.103,,22,65.0,-3.865,1.7729357,-2.18,-0.26102188,0.1197348,69.75241,0.045454547,8.35179,-2.18,1.0,0.0,0.0,0.12403473,618.03253,75.166115,542.8664,618.03253,8.35179,16787.1,0.86023444,100.22149,8.35179,8.35179,0.0,0.0,8.35179,8.35179,8.35179,0.0,0.0,0.0,0.0,0.0,8.35179,0.0,8.35179,0.0,0.0,0.0,8.35179,8.35179,0.0,8.35179,0.0,0.0,0.0,,,4.317488,2.3025851,4.317488,0.6931472,7.6063876,0.09803374,2.5649493,36.058758,19.23071,36.058758,5.78902,63.52696,0.8187573,21.421919,4.189655,0.0
Brückner,16,11,GDP Growth 19702004,0,1,0,Real SXP,0.0,1,0,0,-21.292,1.0,0.0,0.0,0.0,9,74,74,1,democarcy,1,0,1,0,0,1,1,0.0,1,-21.292,0,1,0,0,0,2010,12,2,cross-sectional,2SLS,1,1,0.103,,22,65.0,-21.292,1.0,-21.292,-0.9352015,0.043922674,518.34924,0.045454547,22.767284,-21.292,1.0,0.0,0.0,0.12403473,1684.779,204.90556,1479.8734,1684.779,22.767284,45762.242,2.3450303,273.2074,22.767284,22.767284,0.0,0.0,22.767284,22.767284,22.767284,0.0,22.767284,0.0,0.0,0.0,22.767284,0.0,22.767284,0.0,0.0,22.767284,0.0,22.767284,0.0,22.767284,0.0,0.0,0.0,,,4.317488,2.3025851,4.317488,0.6931472,7.6063876,0.09803374,2.5649493,98.29748,52.42361,98.29748,15.781079,173.17679,2.231962,58.39693,4.189655,0.0
Brückner,16,12,GDP Growth 19702005,0,1,0,Nominal SXP,0.0,1,0,0,-14.733,10.160689655172414,0.0,0.0,0.0,9,74,74,1,democarcy,1,0,1,0,0,1,1,0.0,1,-14.733,0,1,0,0,0,2010,12,2,cross-sectional,2SLS,1,1,0.103,,22,65.0,-14.733,10.160689,-1.45,-0.17701036,0.1220761,67.1025,0.045454547,8.191611,-1.45,1.0,0.0,0.0,0.12403473,606.17926,73.7245,532.4548,606.17926,8.191611,16465.139,0.843736,98.29934,8.191611,8.191611,0.0,0.0,8.191611,8.191611,8.191611,0.0,8.191611,0.0,0.0,0.0,8.191611,0.0,8.191611,0.0,0.0,8.191611,0.0,8.191611,0.0,8.191611,0.0,0.0,0.0,,,4.317488,2.3025851,4.317488,0.6931472,7.6063876,0.09803374,2.5649493,35.367188,18.861883,35.367188,5.6779923,62.30857,0.80305433,21.011068,4.189655,0.0
Brückner,16,13,GDP growth 19701990,0,1,0,Real SXP,0.0,1,0,0,-9.392,3.295438596491228,0.0,0.0,0.0,11,85,85,1,democarcy,1,0,1,0,0,1,1,1.0,0,-9.392,0,1,0,0,0,2010,12,2,cross-sectional,OLS,1,1,0.103,,22,74.0,-9.392,3.2954385,-2.8500001,-0.31449503,0.110349126,82.122505,0.045454547,9.062147,-2.8500001,1.0,0.0,0.0,0.11624764,770.2825,99.68362,670.5989,770.2825,9.062147,18214.916,0.93340117,108.745766,9.062147,9.062147,0.0,0.0,9.062147,9.062147,9.062147,0.0,9.062147,0.0,0.0,0.0,9.062147,0.0,9.062147,0.0,0.0,0.0,9.062147,9.062147,0.0,9.062147,0.0,0.0,0.0,,,4.454347,2.4849067,4.454347,0.6931472,7.6063876,0.09803374,2.5649493,40.365948,22.518589,40.365948,6.2814016,68.93021,0.88839614,23.243948,4.317488,0.0
Brückner,16,14,GDP growth 19701991,0,1,0,Real SXP,0.0,1,0,0,-10.027,2.7930362116991643,0.0,0.0,0.0,11,85,85,1,democarcy,1,0,1,0,0,1,1,1.0,0,-10.027,0,1,0,0,0,2010,12,2,cross-sectional,OLS,1,1,0.103,,22,74.0,-10.027,2.7930362,-3.5900002,-0.3851362,0.10728027,86.8881,0.045454547,9.321379,-3.5900002,1.0,0.0,0.0,0.11624764,792.3172,102.535164,689.782,792.3172,9.321379,18735.97,0.96010196,111.856544,9.321379,9.321379,0.0,0.0,9.321379,9.321379,9.321379,0.0,9.321379,0.0,0.0,0.0,9.321379,0.0,9.321379,0.0,0.0,0.0,9.321379,9.321379,0.0,9.321379,0.0,0.0,0.0,,,4.454347,2.4849067,4.454347,0.6931472,7.6063876,0.09803374,2.5649493,41.520657,23.162756,41.520657,6.461087,70.902016,0.9138096,23.908863,4.317488,0.0
Brückner,16,15,GDP growth 19701992,0,1,0,Real SXP,0.0,1,0,0,-10.315,3.1836419753086416,0.0,0.0,0.0,6,72,72,1,democarcy,1,0,1,0,0,1,1,1.0,0,-10.315,0,1,0,0,0,2010,12,2,cross-sectional,OLS,1,1,0.103,,22,66.0,-10.315,3.183642,-3.24,-0.37044275,0.11433418,76.497604,0.045454547,8.746291,-3.24,1.0,0.0,0.0,0.12309149,629.733,52.477745,577.2552,629.733,8.746291,17580.045,0.90086794,104.95549,8.746291,8.746291,0.0,0.0,8.746291,8.746291,8.746291,0.0,8.746291,0.0,0.0,0.0,8.746291,0.0,8.746291,0.0,0.0,0.0,8.746291,8.746291,0.0,8.746291,0.0,0.0,0.0,,,4.2904596,1.9459101,4.2904596,0.6931472,7.6063876,0.09803374,2.5649493,37.525608,17.019495,37.525608,6.0624666,66.52768,0.8574316,22.433792,4.204693,0.0
Brückner,16,16,GDP growth 19701993,0,1,0,Real SXP,0.0,1,0,0,-9.097,2.2517326732673264,1.21,0.33,1.92,7,72,72,1,democarcy,1,1,1,0,0,1,1,1.0,0,-6.7738,0,1,0,0,0,2010,12,2,cross-sectional,OLS,1,1,0.103,,22,65.0,-6.7738,2.339177,-2.895805,-0.3380365,0.11673318,73.38569,0.045454547,8.566545,-2.895805,1.0,0.0,0.0,0.12403473,616.7912,59.965813,556.82544,616.7912,8.566545,17218.756,0.88235414,102.79854,8.566545,8.566545,8.566545,0.0,8.566545,8.566545,8.566545,0.0,8.566545,0.0,0.0,0.0,8.566545,0.0,8.566545,0.0,0.0,0.0,8.566545,8.566545,0.0,8.566545,0.0,0.0,0.0,,,4.2904596,2.0794415,4.2904596,0.6931472,7.6063876,0.09803374,2.5649493,36.754414,17.81363,36.754414,5.937876,65.16046,0.83981043,21.972754,4.189655,0.0
Brückner,16,17,GDP growth 19701994,0,1,0,Real SXP,0.0,1,0,0,-12.825,2.8499999999999996,0.0,0.0,0.0,11,72,72,1,democarcy,1,0,1,0,0,1,1,0.0,1,-12.825,0,1,0,0,0,2010,12,2,cross-sectional,IV,1,1,0.103,,22,61.0,-12.825,2.85,-4.5,-0.49923018,0.11094004,81.25,0.045454547,9.013878,-4.5,1.0,0.0,0.0,0.12803689,648.9992,99.15266,549.84656,648.9992,9.013878,18117.895,0.9284294,108.16654,9.013878,9.013878,0.0,0.0,9.013878,9.013878,9.013878,0.0,9.013878,0.0,0.0,0.0,9.013878,0.0,9.013878,0.0,0.0,9.013878,0.0,9.013878,0.0,9.013878,0.0,0.0,0.0,1.0,9.013878,4.2904596,2.4849067,4.2904596,0.6931472,7.6063876,0.09803374,2.5649493,38.67368,22.398645,38.67368,6.2479444,68.56305,0.8836642,23.12014,4.1271343,0.0
Brückner,16,18,GDP growth 19701995,0,1,0,Real SXP,0.0,1,0,0,-13.727,4.850530035335689,0.0,0.0,0.0,11,59,59,1,democarcy,1,0,1,0,0,1,1,0.0,1,-13.727,0,1,0,0,0,2010,12,2,cross-sectional,IV,1,1,0.103,,22,48.0,-13.727,4.85053,-2.83,-0.3781446,0.13362,56.008907,0.045454547,7.48391,-2.83,1.0,0.0,0.0,0.14433756,441.5507,82.323006,359.2277,441.5507,7.48391,15042.659,0.77084273,89.80692,7.48391,7.48391,0.0,0.0,7.48391,7.48391,7.48391,0.0,7.48391,0.0,0.0,0.0,7.48391,0.0,7.48391,0.0,0.0,7.48391,0.0,7.48391,0.0,7.48391,0.0,0.0,0.0,1.0,7.48391,4.0943446,2.4849067,4.0943446,0.6931472,7.6063876,0.09803374,2.5649493,30.641706,18.596817,30.641706,5.187451,56.925518,0.7336757,19.195848,3.8918202,0.0
Brückner,16,19,GDP growth 19701996,0,1,0,Real SXP,0.0,1,0,0,-11.956,3.7362499999999996,1.43,0.35,1.92,12,59,59,1,democarcy,1,1,1,0,0,1,1,0.0,1,-9.2104,0,1,0,0,0,2010,12,2,cross-sectional,IV,1,1,0.103,,22,47.0,-9.2104,3.7962017,-2.4262145,-0.33362356,0.13750786,52.88652,0.045454547,7.2723117,-2.4262145,1.0,0.0,0.0,0.145865,429.0664,87.26774,341.79865,429.0664,7.2723117,14617.347,0.7490481,87.26774,7.2723117,7.2723117,7.2723117,0.0,7.2723117,7.2723117,7.2723117,0.0,7.2723117,0.0,0.0,0.0,7.2723117,0.0,7.2723117,0.0,0.0,7.2723117,0.0,7.2723117,0.0,7.2723117,0.0,0.0,0.0,1.0,7.2723117,4.0943446,2.5649493,4.0943446,0.6931472,7.6063876,0.09803374,2.5649493,29.77535,18.65311,29.77535,5.0407825,55.31602,0.71293193,18.65311,3.871201,0.0
Brückner,16,20,GDP growth 19701997,0,1,0,Real SXP,0.0,1,0,0,-11.222,3.3398809523809523,0.0,0.0,0.0,10,89,89,1,,0,0,1,0,0,1,1,1.0,0,-11.222,0,1,0,0,0,2010,12,2,cross-sectional,OLS,1,1,0.103,,22,79.0,-11.222,3.339881,-3.3600001,-0.35360664,0.10524007,90.289604,0.045454547,9.502084,-3.3600001,1.0,0.0,0.0,0.11250879,845.6855,95.02084,750.6647,845.6855,9.502084,19099.19,0.97871464,114.02501,9.502084,0.0,0.0,0.0,9.502084,9.502084,9.502084,0.0,9.502084,0.0,0.0,0.0,9.502084,0.0,9.502084,0.0,0.0,0.0,9.502084,9.502084,0.0,9.502084,0.0,0.0,0.0,,,4.4998097,2.3978953,4.4998097,0.6931472,7.6063876,0.09803374,2.5649493,42.757572,22.785004,42.757572,6.586343,72.276535,0.9315249,24.372364,4.3820267,0.0
Brückner,16,21,GDP growth 19701998,0,1,0,Real SXP,0.0,1,0,0,-10.9,3.07909604519774,0.0,0.0,0.0,11,89,89,1,,0,0,1,0,0,1,1,1.0,0,-10.9,0,1,0,0,0,2010,12,2,cross-sectional,OLS,1,1,0.103,,22,78.0,-10.9,3.079096,-3.5399997,-0.37205157,0.10509932,90.5316,0.045454547,9.51481,-3.5399997,1.0,0.0,0.0,0.1132277,846.81805,104.6629,742.15515,846.81805,9.51481,19124.768,0.98002535,114.17771,9.51481,0.0,0.0,0.0,9.51481,9.51481,9.51481,0.0,9.51481,0.0,0.0,0.0,9.51481,0.0,9.51481,0.0,0.0,0.0,9.51481,9.51481,0.0,9.51481,0.0,0.0,0.0,,,4.4998097,2.4849067,4.4998097,0.6931472,7.6063876,0.09803374,2.5649493,42.81483,23.643414,42.81483,6.5951633,72.37333,0.93277234,24.405003,4.3694477,0.0
Brückner,16,22,GDP growth 19701999,0,1,0,Real SXP,0.0,1,0,0,-10.583,2.7704188481675396,0.0,0.0,0.0,12,89,89,1,,0,0,1,0,0,1,1,0.0,1,-10.583,0,1,0,0,0,2010,12,2,cross-sectional,IV,1,1,0.103,,22,77.0,-10.583,2.770419,-3.82,-0.39914772,0.10448893,91.5924,0.045454547,9.570392,-3.82,1.0,0.0,0.0,0.11396058,851.76483,114.8447,736.92017,851.76483,9.570392,19236.486,0.9857503,114.8447,9.570392,0.0,0.0,0.0,9.570392,9.570392,9.570392,0.0,9.570392,0.0,0.0,0.0,9.570392,0.0,9.570392,0.0,0.0,9.570392,0.0,9.570392,0.0,9.570392,0.0,0.0,0.0,1.0,9.570392,4.4998097,2.5649493,4.4998097,0.6931472,7.6063876,0.09803374,2.5649493,43.06494,24.54757,43.06494,6.63369,72.79611,0.9382213,24.54757,4.356709,0.0
Mobarak and Karshenasan,17,1,GDP per capita growth 1996-2007,1,1,0,log of fuel exports (% of merchandise exports) as a proxy for natural resource abundance,0.0,0,1,1,-0.02,0.027397260273972605,0.0,0.0,0.0,5,41,41,10,corruption,1,0,0,1,0,1,1,0.0,0,-0.02,0,0,0,1,0,2012,0,0,cross-sectional,POLS,0,1,0.001,"Asghar Mobarak & Ali Karshenasan, 2012. ""The Impact of Institutional Quality on Relation between Resource Abundance and Economic Growth,"" Iranian Economic Review, Economics faculty of Tehran  university, vol. 17(2), pages 95-110, spring.",13,36.0,-0.02,0.02739726,-0.72999996,-0.120776035,0.16544664,36.532898,0.07692308,6.044245,-0.72999996,1.0,0.0,0.0,0.16666667,247.81404,30.221224,217.59282,247.81404,60.442448,12161.0205,0.006044245,0.0,0.0,6.044245,0.0,0.0,6.044245,6.044245,0.0,6.044245,0.0,6.044245,6.044245,6.044245,6.044245,0.0,6.044245,0.0,0.0,0.0,0.0,6.044245,0.0,0.0,0.0,6.044245,0.0,,,3.7376697,1.7917595,3.7376697,2.3978953,7.6073813,0.0009995003,0.0,22.59139,10.829833,22.59139,14.493466,45.980877,0.0060412246,0.0,3.6109178,0.0
Mobarak and Karshenasan,17,2,GDP per capita growth 1996-2007,1,1,0,log of fuel exports (% of merchandise exports) as a proxy for natural resource abundance,0.0,0,1,1,-0.05,0.01845018450184502,0.0,0.0,0.0,5,41,41,10,voice,1,0,0,1,0,1,1,0.0,0,-0.05,0,0,0,1,0,2012,0,0,cross-sectional,POLS,0,1,0.001,,13,36.0,-0.05,0.018450184,-2.71,-0.4116274,0.15189204,43.3441,0.07692308,6.5836234,-2.71,1.0,0.0,0.0,0.16666667,269.92856,32.918118,237.01045,269.92856,65.836235,13246.251,0.0065836236,0.0,0.0,6.5836234,0.0,0.0,6.5836234,6.5836234,0.0,6.5836234,0.0,6.5836234,6.5836234,6.5836234,6.5836234,0.0,6.5836234,0.0,0.0,0.0,0.0,6.5836234,0.0,0.0,0.0,6.5836234,0.0,,,3.7376697,1.7917595,3.7376697,2.3978953,7.6073813,0.0009995003,0.0,24.60741,11.79627,24.60741,15.78684,50.084137,0.0065803337,0.0,3.6109178,0.0
Mobarak and Karshenasan,17,3,GDP per capita growth 1996-2008,1,1,0,log of fuel exports (% of merchandise exports) as a proxy for natural resource abundance,0.0,0,1,1,-0.01,0.002237136465324385,0.021,0.003,2.12,6,73,73,10,voice,1,1,0,1,0,1,1,0.0,0,0.03452,0,0,0,1,0,2012,0,0,cross-sectional,POLS,0,1,0.001,,13,67.0,0.03452,0.006741986,5.120153,0.53031975,0.103574984,93.21596,0.07692308,9.654841,5.120153,1.0,0.0,0.0,0.12216944,704.8034,57.929047,646.8743,704.8034,96.54841,19425.541,0.009654841,0.0,0.0,9.654841,9.654841,0.0,9.654841,9.654841,0.0,9.654841,0.0,9.654841,9.654841,9.654841,9.654841,0.0,9.654841,0.0,0.0,0.0,0.0,9.654841,0.0,0.0,0.0,9.654841,0.0,,,4.304065,1.9459101,4.304065,2.3978953,7.6073813,0.0009995003,0.0,41.555065,18.787453,41.555065,23.151299,73.44806,0.009650016,0.0,4.2195077,0.0
Mobarak and Karshenasan,17,4,GDP per capita growth 1996-2009,1,1,0,log of fuel exports (% of merchandise exports) as a proxy for natural resource abundance,0.0,0,1,1,-0.01,0.00591715976331361,0.0,0.0,0.0,5,77,77,10,rule of law,1,0,0,1,0,1,1,0.0,0,-0.01,0,0,0,1,0,2012,0,0,cross-sectional,POLS,0,1,0.001,,13,72.0,-0.01,0.00591716,-1.6899999,-0.19533186,0.11558098,74.8561,0.07692308,8.651942,-1.6899999,1.0,0.0,0.0,0.11785113,666.1996,43.259712,622.9398,666.1996,86.519424,17407.707,0.008651942,0.0,0.0,8.651942,0.0,0.0,8.651942,8.651942,0.0,8.651942,0.0,8.651942,8.651942,8.651942,8.651942,0.0,8.651942,0.0,0.0,0.0,0.0,8.651942,0.0,0.0,0.0,8.651942,0.0,,,4.356709,1.7917595,4.356709,2.3978953,7.6073813,0.0009995003,0.0,37.693996,15.5022,37.693996,20.746452,65.81863,0.008647619,0.0,4.2904596,0.0
Mobarak and Karshenasan,17,5,GDP per capita growth 1996-2010,1,1,0,log of fuel exports (% of merchandise exports) as a proxy for natural resource abundance,0.0,0,1,1,-0.09,0.046875,0.33,0.043,2.41,6,41,41,10,voice,1,1,0,1,0,1,1,0.0,0,0.7053000000000001,0,0,0,1,0,2012,0,0,cross-sectional,POLS,0,1,0.001,,13,35.0,0.70530003,0.113738485,6.2010674,0.7235374,0.11667949,73.45324,0.07692308,8.570487,6.2010674,1.0,0.0,0.0,0.16903085,351.38995,51.42292,299.96704,351.38995,85.704865,17243.818,0.008570487,0.0,0.0,8.570487,8.570487,0.0,8.570487,8.570487,0.0,8.570487,0.0,8.570487,8.570487,8.570487,8.570487,0.0,8.570487,0.0,0.0,0.0,0.0,8.570487,0.0,0.0,0.0,8.570487,0.0,,,3.7376697,1.9459101,3.7376697,2.3978953,7.6073813,0.0009995003,0.0,32.03365,16.677397,32.03365,20.55113,65.19896,0.0085662035,0.0,3.583519,0.0
Mobarak and Karshenasan,17,6,GDP per capita growth 1996-2011,1,1,0,log of fuel exports (% of merchandise exports) as a proxy for natural resource abundance,0.0,0,1,1,-0.08,0.028469750889679714,0.37,0.046,2.33,6,41,41,10,government,1,1,0,1,0,1,1,0.0,0,0.7821,0,0,0,1,0,2012,0,0,cross-sectional,POLS,0,1,0.001,,13,35.0,0.7821,0.11089671,7.052509,0.7661342,0.10863286,84.73787,0.07692308,9.2053175,7.052509,1.0,0.0,0.0,0.16903085,377.41803,55.231907,322.18613,377.41803,92.05318,18521.1,0.009205317,0.0,0.0,9.2053175,9.2053175,0.0,9.2053175,9.2053175,0.0,9.2053175,0.0,9.2053175,9.2053175,9.2053175,9.2053175,0.0,9.2053175,0.0,0.0,0.0,0.0,9.2053175,0.0,0.0,0.0,9.2053175,0.0,,,3.7376697,1.9459101,3.7376697,2.3978953,7.6073813,0.0009995003,0.0,34.406437,17.91272,34.406437,22.07339,70.02836,0.009200717,0.0,3.583519,0.0
Mobarak and Karshenasan,17,8,GDP per capita growth 1996-2013,1,1,0,log of fuel exports (% of merchandise exports) as a proxy for natural resource abundance,0.0,0,1,1,-0.24,0.03908794788273616,0.0,0.0,0.0,6,37,37,10,rule of law,1,0,0,1,0,1,1,0.0,0,-0.24,0,0,0,1,0,2012,0,0,cross-sectional,POLS,0,1,0.001,,13,31.0,-0.24,0.039087947,-6.14,-0.74078345,0.12064877,68.6996,0.07692308,8.288522,-6.14,1.0,0.0,0.0,0.1796053,306.67532,49.731133,256.94418,306.67532,82.88522,16676.506,0.008288522,0.0,0.0,8.288522,0.0,0.0,8.288522,8.288522,0.0,8.288522,0.0,8.288522,8.288522,8.288522,8.288522,0.0,8.288522,0.0,0.0,0.0,0.0,8.288522,0.0,0.0,0.0,8.288522,0.0,,,3.637586,1.9459101,3.637586,2.3978953,7.6073813,0.0009995003,0.0,30.150213,16.12872,30.150213,19.875008,63.053947,0.00828438,0.0,3.465736,0.0
Mobarak and Karshenasan,17,9,GDP per capita growth 1996-2014,1,1,0,log of fuel exports (% of merchandise exports) as a proxy for natural resource abundance,0.0,0,1,1,-0.16,0.05693950177935943,0.024,0.008,1.91,6,37,37,10,corruption,1,1,0,1,0,1,1,0.0,0,-0.11416000000000001,0,0,0,1,0,2012,0,0,cross-sectional,POLS,0,1,0.001,,13,31.0,-0.11416,0.058954094,-1.936422,-0.32849163,0.16963845,34.749725,0.07692308,5.89489,-1.936422,1.0,0.0,0.0,0.1796053,218.11092,35.36934,182.74158,218.11092,58.9489,11860.519,0.0058948896,0.0,0.0,5.89489,5.89489,0.0,5.89489,5.89489,0.0,5.89489,0.0,5.89489,5.89489,5.89489,5.89489,0.0,5.89489,0.0,0.0,0.0,0.0,5.89489,0.0,0.0,0.0,5.89489,0.0,,,3.637586,1.9459101,3.637586,2.3978953,7.6073813,0.0009995003,0.0,21.443169,11.470925,21.443169,14.135329,44.844673,0.005891944,0.0,3.465736,0.0
Mobarak and Karshenasan,17,10,GDP per capita growth 1996-2015,1,1,0,log of fuel exports (% of merchandise exports) as a proxy for natural resource abundance,0.0,0,1,1,-0.05,0.05555555555555556,0.038,0.011,1.91,6,37,37,10,corruption,1,1,0,1,0,1,1,0.0,0,0.02257999999999999,0,0,0,1,0,2012,0,0,cross-sectional,POLS,0,1,0.001,,13,31.0,0.022579998,0.059395622,0.38016266,0.06812062,0.17918809,31.144526,0.07692308,5.580728,0.38016266,1.0,0.0,0.0,0.1796053,206.48694,33.484367,173.00258,206.48694,55.80728,11228.425,0.005580728,0.0,0.0,5.580728,5.580728,0.0,5.580728,5.580728,0.0,5.580728,0.0,5.580728,5.580728,5.580728,5.580728,0.0,5.580728,0.0,0.0,0.0,0.0,5.580728,0.0,0.0,0.0,5.580728,0.0,,,3.637586,1.9459101,3.637586,2.3978953,7.6073813,0.0009995003,0.0,20.300379,10.859595,20.300379,13.382002,42.454727,0.005577939,0.0,3.465736,0.0
Mobarak and Karshenasan,17,11,GDP per capita growth 1996-2016,1,1,0,log of fuel exports (% of merchandise exports) as a proxy for natural resource abundance,0.0,0,1,1,-0.16,0.05095541401273885,0.023,0.009,2.12,6,37,37,10,rule of law,1,1,0,1,0,1,1,0.0,0,-0.11124,0,0,0,1,0,2012,0,0,cross-sectional,POLS,0,1,0.001,,13,31.0,-0.11124,0.054410484,-2.0444589,-0.34469232,0.16859831,35.179817,0.07692308,5.9312577,-2.0444589,1.0,0.0,0.0,0.1796053,219.45653,35.587547,183.86899,219.45653,59.312576,11933.69,0.0059312577,0.0,0.0,5.9312577,5.9312577,0.0,5.9312577,5.9312577,0.0,5.9312577,0.0,5.9312577,5.9312577,5.9312577,5.9312577,0.0,5.9312577,0.0,0.0,0.0,0.0,5.9312577,0.0,0.0,0.0,5.9312577,0.0,,,3.637586,1.9459101,3.637586,2.3978953,7.6073813,0.0009995003,0.0,21.57546,11.541694,21.57546,14.222535,45.121338,0.005928294,0.0,3.465736,0.0
Mobarak and Karshenasan,17,12,GDP per capita growth 1996-2017,1,1,0,log of fuel exports (% of merchandise exports) as a proxy for natural resource abundance,0.0,0,1,1,-0.19,0.1027027027027027,0.043,0.013,2.33,6,37,37,10,government,1,1,0,1,0,1,1,0.0,0,-0.08981,0,0,0,1,0,2012,0,0,cross-sectional,POLS,0,1,0.001,,13,31.0,-0.08981,0.10707628,-0.83874786,-0.1489628,0.1776014,31.703503,0.07692308,5.630586,-0.83874786,1.0,0.0,0.0,0.1796053,208.3317,33.78352,174.54817,208.3317,56.305862,11328.739,0.0056305863,0.0,0.0,5.630586,5.630586,0.0,5.630586,5.630586,0.0,5.630586,0.0,5.630586,5.630586,5.630586,5.630586,0.0,5.630586,0.0,0.0,0.0,0.0,5.630586,0.0,0.0,0.0,5.630586,0.0,,,3.637586,1.9459101,3.637586,2.3978953,7.6073813,0.0009995003,0.0,20.481743,10.9566145,20.481743,13.501556,42.83402,0.005627773,0.0,3.465736,0.0
Mobarak and Karshenasan,17,13,GDP per capita growth 1996-2018,1,1,0,log of fuel exports (% of merchandise exports) as a proxy for natural resource abundance,0.0,0,1,1,-0.18,0.06766917293233082,0.054,0.016,2.41,6,37,37,10,voice,1,1,0,1,0,1,1,0.0,0,-0.04985999999999999,0,0,0,1,0,2012,0,0,cross-sectional,POLS,0,1,0.001,,13,31.0,-0.049859997,0.07788447,-0.6401789,-0.11422695,0.17842974,31.409826,0.07692308,5.604447,-0.6401789,1.0,0.0,0.0,0.1796053,207.36453,33.626682,173.73785,207.36453,56.044468,11276.147,0.005604447,0.0,0.0,5.604447,5.604447,0.0,5.604447,5.604447,0.0,5.604447,0.0,5.604447,5.604447,5.604447,5.604447,0.0,5.604447,0.0,0.0,0.0,0.0,5.604447,0.0,0.0,0.0,5.604447,0.0,,,3.637586,1.9459101,3.637586,2.3978953,7.6073813,0.0009995003,0.0,20.386658,10.90575,20.386658,13.438877,42.635166,0.0056016464,0.0,3.465736,0.0
 Murshed and Serino,18,1,"ln Yj,2005 -ln Yj,1960",0,1,0,SXP,0.0,1,0,0,-1.057,5.15609756097561,0.0,0.0,0.0,4,49,49,1,,0,0,1,1,0,0,1,0.0,1,-1.057,1,0,0,0,0,2011,15,1,panel,GMM,1,1,0.047,"Murshed, Syed Mansoob & Serino, Leandro Antonio, 2011. ""The pattern of specialization and economic growth: The resource curse hypothesis revisited,"" Structural Change and Economic Dynamics, Elsevier, vol. 22(2), pages 151-161, June. ",8,45.0,-1.057,5.1560974,-0.20500001,-0.030545337,0.14900163,45.04203,0.125,6.711336,-0.20500001,0.0,1.0,0.0,0.1490712,328.85547,26.845345,302.01013,328.85547,6.711336,13496.497,0.3154328,100.670044,6.711336,0.0,0.0,0.0,0.0,6.711336,6.711336,6.711336,6.711336,0.0,0.0,0.0,6.711336,0.0,0.0,6.711336,0.0,6.711336,0.0,6.711336,6.711336,0.0,0.0,0.0,0.0,,,3.912023,1.609438,3.912023,0.6931472,7.6068845,0.045928933,2.7725887,26.254902,10.801479,26.254902,4.6519437,51.052357,0.3082445,18.607775,3.8286414,0.0
 Murshed and Serino,18,2,"ln Yj,2005 -ln Yj,1960",0,1,0,SXP,0.0,1,0,0,-0.766,3.9895833333333335,0.0,0.0,0.0,5,49,49,1,,0,0,1,1,0,1,1,0.0,1,-0.766,1,0,0,0,0,2011,15,1,panel,GMM,1,1,0.047,,8,44.0,-0.766,3.9895833,-0.192,-0.028932972,0.15069257,44.036858,0.125,6.6360273,-0.192,0.0,1.0,0.0,0.15075567,325.16534,33.180138,291.9852,325.16534,6.6360273,13345.051,0.31189328,99.54041,6.6360273,0.0,0.0,0.0,6.6360273,6.6360273,6.6360273,6.6360273,6.6360273,0.0,0.0,0.0,6.6360273,0.0,0.0,6.6360273,0.0,6.6360273,0.0,6.6360273,6.6360273,0.0,0.0,0.0,0.0,,,3.912023,1.7917595,3.912023,0.6931472,7.6068845,0.045928933,2.7725887,25.960293,11.890165,25.960293,4.599744,50.479492,0.30478567,18.398975,3.8066626,0.0
 Murshed and Serino,18,3,"ln Yj,2005 -ln Yj,1960",0,1,0,SXP,0.0,1,0,0,-0.648,3.1456310679611654,0.0,0.0,0.0,6,49,49,1,,0,0,1,1,0,1,1,0.0,1,-0.648,1,0,0,0,0,2011,15,1,panel,GMM,1,1,0.047,,8,43.0,-0.648,3.145631,-0.206,-0.031399217,0.15242338,43.042435,0.125,6.560673,-0.206,0.0,1.0,0.0,0.15249857,321.473,39.36404,282.10895,321.473,6.560673,13193.514,0.30835164,98.410095,6.560673,0.0,0.0,0.0,6.560673,6.560673,6.560673,6.560673,6.560673,0.0,0.0,0.0,6.560673,0.0,0.0,6.560673,0.0,6.560673,0.0,6.560673,6.560673,0.0,0.0,0.0,0.0,,,3.912023,1.9459101,3.912023,0.6931472,7.6068845,0.045928933,2.7725887,25.665504,12.76648,25.665504,4.547512,49.906284,0.30132473,18.190048,3.7841897,0.0
 Murshed and Serino,18,4,"ln Yj,2005 -ln Yj,1960",0,1,0,SXP,0.0,1,0,0,-0.611,3.1015228426395938,0.0,0.0,0.0,7,49,49,1,rule of law,1,0,1,1,0,1,1,0.0,1,-0.611,1,0,0,0,0,2011,15,1,panel,GMM,1,1,0.047,,8,42.0,-0.611,3.101523,-0.197,-0.030383725,0.15423211,42.038807,0.125,6.483734,-0.197,0.0,1.0,0.0,0.15430336,317.70297,45.38614,272.31683,317.70297,6.483734,13038.789,0.30473548,97.25601,6.483734,6.483734,0.0,0.0,6.483734,6.483734,6.483734,6.483734,6.483734,0.0,0.0,0.0,6.483734,0.0,0.0,6.483734,0.0,6.483734,0.0,6.483734,6.483734,0.0,0.0,0.0,0.0,,,3.912023,2.0794415,3.912023,0.6931472,7.6068845,0.045928933,2.7725887,25.364517,13.482546,25.364517,4.494182,49.321014,0.29779097,17.976728,3.7612002,0.0
 Murshed and Serino,18,5,"ln Yj,2005 -ln Yj,1960",0,1,0,SXP,0.0,1,0,0,-0.596,2.95049504950495,0.0,0.0,0.0,8,49,49,1,rule of law,1,0,1,1,0,1,1,0.0,1,-0.596,1,0,0,0,0,2011,15,1,panel,GMM,1,1,0.047,,8,41.0,-0.596,2.950495,-0.202,-0.031531416,0.15609612,41.0408,0.125,6.406309,-0.202,0.0,1.0,0.0,0.15617377,313.90915,51.250473,262.6587,313.90915,6.406309,12883.088,0.30109653,96.09464,6.406309,6.406309,0.0,0.0,6.406309,6.406309,6.406309,6.406309,6.406309,0.0,0.0,0.0,6.406309,0.0,0.0,6.406309,0.0,6.406309,0.0,6.406309,6.406309,0.0,0.0,0.0,0.0,,,3.912023,2.1972246,3.912023,0.6931472,7.6068845,0.045928933,2.7725887,25.06163,14.0761,25.06163,4.440515,48.732056,0.29423496,17.76206,3.7376697,0.0
 Murshed and Serino,18,6,"ln Yj,2005 -ln Yj,1960",0,1,0,SXP,0.0,1,0,0,-0.453,2.167464114832536,0.0,0.0,0.0,9,49,49,1,rule of law,1,0,1,1,0,1,1,0.0,1,-0.453,1,0,0,0,0,2011,15,1,panel,GMM,1,1,0.047,,8,40.0,-0.453,2.167464,-0.209,-0.033027776,0.15802763,40.043674,0.125,6.328007,-0.209,0.0,1.0,0.0,0.15811388,310.07236,56.952065,253.12029,310.07236,6.328007,12725.622,0.29741633,94.920105,6.328007,6.328007,0.0,0.0,6.328007,6.328007,6.328007,6.328007,6.328007,0.0,0.0,0.0,6.328007,0.0,0.0,6.328007,0.0,6.328007,0.0,6.328007,6.328007,0.0,0.0,0.0,0.0,,,3.912023,2.3025851,3.912023,0.6931472,7.6068845,0.045928933,2.7725887,24.75531,14.570775,24.75531,4.3862405,48.13642,0.29063863,17.544962,3.713572,0.0
 Murshed and Serino,18,7,"ln Yj,2005 -ln Yj,1960",0,1,0,SXP,0.0,1,0,0,-0.45,1.8,0.0,0.0,0.0,3,49,49,1,,0,0,1,1,0,1,1,0.0,1,-0.45,0,1,0,0,0,2011,15,1,panel,GMM,1,1,0.047,,8,46.0,-0.45,1.8,-0.25,-0.036835473,0.14734189,46.0625,0.125,6.7869363,-0.25,0.0,1.0,0.0,0.14744195,332.55988,20.360807,312.19907,332.55988,6.7869363,13648.528,0.318986,101.80404,6.7869363,0.0,0.0,0.0,6.7869363,6.7869363,6.7869363,6.7869363,6.7869363,0.0,0.0,0.0,6.7869363,0.0,0.0,6.7869363,0.0,6.7869363,0.0,6.7869363,0.0,6.7869363,0.0,0.0,0.0,,,3.912023,1.3862944,3.912023,0.6931472,7.6068845,0.045928933,2.7725887,26.55065,9.408691,26.55065,4.7043457,51.627438,0.31171674,18.817383,3.8501475,0.0
 Murshed and Serino,18,8,"ln Yj,2005 -ln Yj,1960",0,1,0,SXP,0.0,1,0,0,-0.06,1.8181818181818181,0.0,0.0,0.0,3,49,49,1,,0,0,1,1,0,1,1,0.0,1,-0.06,1,0,0,0,0,2011,15,1,panel,GMM,1,1,0.047,,8,46.0,-0.06,1.8181819,-0.033,-0.004865527,0.14744022,46.00108,0.125,6.7824097,-0.033,0.0,1.0,0.0,0.14744195,332.33807,20.347229,311.99084,332.33807,6.7824097,13639.426,0.31877324,101.736145,6.7824097,0.0,0.0,0.0,6.7824097,6.7824097,6.7824097,6.7824097,6.7824097,0.0,0.0,0.0,6.7824097,0.0,0.0,6.7824097,0.0,6.7824097,0.0,6.7824097,6.7824097,0.0,0.0,0.0,0.0,,,3.912023,1.3862944,3.912023,0.6931472,7.6068845,0.045928933,2.7725887,26.532944,9.402416,26.532944,4.701208,51.593006,0.31150883,18.804832,3.8501475,0.0
Neumayer,19,1,average annual growth rate in GDP over 197098,0,1,0,share of exports of primary products in GNP in 1970,0.0,1,0,0,-5.576,1.77015873015873,0.0,0.0,0.0,2,86,86,1,,0,0,1,0,0,0,1,1.0,0,-5.576,0,1,0,0,0,2004,104,12,cross-sectional,OLS,1,1,0.093,"Neumayer, Eric, 2004. ""Does the &quot;Resource Curse&quot; hold for Growth in Genuine Income as Well?,"" World Development, Elsevier, vol. 32(10), pages 1627-1640, October.",10,84.0,-5.576,1.7701588,-3.15,-0.32503173,0.10318467,93.9225,0.1,9.691362,-3.15,1.0,0.0,0.0,0.10910895,833.45715,19.382725,814.0744,833.45715,9.691362,19421.49,0.9012967,1007.9017,9.691362,0.0,0.0,0.0,0.0,9.691362,9.691362,0.0,9.691362,0.0,0.0,0.0,9.691362,0.0,9.691362,0.0,0.0,0.0,9.691362,9.691362,0.0,9.691362,0.0,0.0,0.0,,,4.465908,1.0986123,4.465908,0.6931472,7.6033993,0.08892621,4.65396,43.28073,10.64705,43.28073,6.7175403,73.687294,0.8618161,45.103214,4.4426513,0.0
Neumayer,19,2,average annual growth rate in GDP over 197098,0,1,0,share of exports of primary products in GNP in 1970,0.0,1,0,0,-4.107,1.5382022471910113,0.0,0.0,0.0,3,86,86,1,,0,0,1,0,0,1,1,1.0,0,-4.107,0,1,0,0,0,2004,104,12,cross-sectional,OLS,1,1,0.093,,10,83.0,-4.107,1.5382023,-2.6699998,-0.28124136,0.10533385,90.12891,0.1,9.493625,-2.6699998,1.0,0.0,0.0,0.10976426,816.4517,28.480873,787.9708,816.4517,9.493625,19025.223,0.8829071,987.3369,9.493625,0.0,0.0,0.0,9.493625,9.493625,9.493625,0.0,9.493625,0.0,0.0,0.0,9.493625,0.0,9.493625,0.0,0.0,0.0,9.493625,9.493625,0.0,9.493625,0.0,0.0,0.0,,,4.465908,1.3862944,4.465908,0.6931472,7.6033993,0.08892621,4.65396,42.39765,13.160958,42.39765,6.580479,72.183815,0.844232,44.18295,4.4308167,0.0
Neumayer,19,3,average annual growth rate in GDP over 197098,0,1,0,share of exports of primary products in GNP in 1970,0.0,1,0,0,-3.502,1.5030042918454933,0.0,0.0,0.0,4,86,86,1,,0,0,1,0,0,1,1,1.0,0,-3.502,0,1,0,0,0,2004,104,12,cross-sectional,OLS,1,1,0.093,,10,82.0,-3.502,1.5030043,-2.33,-0.24918874,0.10694796,87.428894,0.1,9.350342,-2.33,1.0,0.0,0.0,0.11043153,804.1294,37.401367,766.728,804.1294,9.350342,18738.086,0.8695818,972.4356,9.350342,0.0,0.0,0.0,9.350342,9.350342,9.350342,0.0,9.350342,0.0,0.0,0.0,9.350342,0.0,9.350342,0.0,0.0,0.0,9.350342,9.350342,0.0,9.350342,0.0,0.0,0.0,,,4.465908,1.609438,4.465908,0.6931472,7.6033993,0.08892621,4.65396,41.757767,15.048796,41.757767,6.4811635,71.09438,0.8314905,43.51612,4.4188404,0.0
Neumayer,19,4,average annual growth rate in GDP over 197098,0,1,0,share of exports of primary products in GNP in 1970,0.0,1,0,0,-5.262,1.6974193548387095,0.0,0.0,0.0,5,79,79,1,rule of law,1,0,1,0,0,1,1,1.0,0,-5.262,0,1,0,0,0,2004,104,12,cross-sectional,OLS,1,1,0.093,,10,74.0,-5.262,1.6974194,-3.1,-0.33902565,0.10936312,83.61,0.1,9.14385,-3.1,1.0,0.0,0.0,0.11624764,722.3642,45.719254,676.64496,722.3642,9.14385,18324.277,0.8503781,950.96045,9.14385,9.14385,0.0,0.0,9.14385,9.14385,9.14385,0.0,9.14385,0.0,0.0,0.0,9.14385,0.0,9.14385,0.0,0.0,0.0,9.14385,9.14385,0.0,9.14385,0.0,0.0,0.0,,,4.3820267,1.7917595,4.3820267,0.6931472,7.6033993,0.08892621,4.65396,40.068596,16.383581,40.068596,6.338034,69.524345,0.813128,42.55512,4.317488,0.0
Neumayer,19,5,average annual growth rate in GDP over 197098,0,1,0,share of exports of primary products in GNP in 1970,0.0,1,0,0,-5.383,1.7143312101910828,0.0,0.0,0.0,6,79,79,1,rule of law,1,0,1,0,0,1,1,1.0,0,-5.383,0,1,0,0,0,2004,104,12,cross-sectional,OLS,1,1,0.093,,10,73.0,-5.383,1.7143313,-3.1399999,-0.34495163,0.10985721,82.85961,0.1,9.102725,-3.1399999,1.0,0.0,0.0,0.11704115,719.1153,54.616352,664.49896,719.1153,9.102725,18241.861,0.84655344,946.6834,9.102725,9.102725,0.0,0.0,9.102725,9.102725,9.102725,0.0,9.102725,0.0,0.0,0.0,9.102725,0.0,9.102725,0.0,0.0,0.0,9.102725,9.102725,0.0,9.102725,0.0,0.0,0.0,,,4.3820267,1.9459101,4.3820267,0.6931472,7.6033993,0.08892621,4.65396,39.888386,17.713085,39.888386,6.3095284,69.211655,0.8094709,42.36372,4.304065,0.0
Neumayer,19,6,average annual genuine income growth rate in GDP over 197098,0,1,0,share of exports of primary products in GNP in 1970,0.0,1,0,0,-5.048,1.7774647887323944,0.0,0.0,0.0,2,86,86,1,,0,0,1,0,0,0,1,1.0,0,-5.048,0,1,0,0,0,2004,104,12,cross-sectional,OLS,1,1,0.093,,10,84.0,-5.048,1.7774647,-2.84,-0.29598495,0.104220055,92.065605,0.1,9.595082,-2.84,1.0,0.0,0.0,0.10910895,825.17706,19.190165,805.98694,825.17706,9.595082,19228.545,0.8923426,997.88855,9.595082,0.0,0.0,0.0,0.0,9.595082,9.595082,0.0,9.595082,0.0,0.0,0.0,9.595082,0.0,9.595082,0.0,0.0,0.0,9.595082,9.595082,0.0,9.595082,0.0,0.0,0.0,,,4.465908,1.0986123,4.465908,0.6931472,7.6033993,0.08892621,4.65396,42.850754,10.541275,42.850754,6.650804,72.95524,0.8532543,44.655132,4.4426513,0.0
Neumayer,19,7,average annual genuine income growth rate in GDP over 197098,0,1,0,share of exports of primary products in GNP in 1970,0.0,1,0,0,-3.63,1.5512820512820513,0.0,0.0,0.0,3,86,86,1,,0,0,1,0,0,1,1,1.0,0,-3.63,0,1,0,0,0,2004,104,12,cross-sectional,OLS,1,1,0.093,,10,83.0,-3.63,1.551282,-2.3400002,-0.2487735,0.10631345,88.47561,0.1,9.406147,-2.3400002,1.0,0.0,0.0,0.10976426,808.92865,28.218443,780.7102,808.92865,9.406147,18849.92,0.8747717,978.2393,9.406147,0.0,0.0,0.0,9.406147,9.406147,9.406147,0.0,9.406147,0.0,0.0,0.0,9.406147,0.0,9.406147,0.0,0.0,0.0,9.406147,9.406147,0.0,9.406147,0.0,0.0,0.0,,,4.465908,1.3862944,4.465908,0.6931472,7.6033993,0.08892621,4.65396,42.00699,13.039689,42.00699,6.5198445,71.51869,0.836453,43.775837,4.4308167,0.0
Neumayer,19,8,average annual genuine income growth rate in GDP over 197098,0,1,0,share of exports of primary products in GNP in 1970,0.0,1,0,0,-3.061,1.5228855721393035,0.0,0.0,0.0,4,86,86,1,,0,0,1,0,0,1,1,1.0,0,-3.061,0,1,0,0,0,2004,104,12,cross-sectional,OLS,1,1,0.093,,10,82.0,-3.061,1.5228856,-2.01,-0.21669336,0.10780764,86.0401,0.1,9.27578,-2.01,1.0,0.0,0.0,0.11043153,797.7171,37.10312,760.61395,797.7171,9.27578,18588.664,0.86264753,964.68115,9.27578,0.0,0.0,0.0,9.27578,9.27578,9.27578,0.0,9.27578,0.0,0.0,0.0,9.27578,0.0,9.27578,0.0,0.0,0.0,9.27578,9.27578,0.0,9.27578,0.0,0.0,0.0,,,4.465908,1.609438,4.465908,0.6931472,7.6033993,0.08892621,4.65396,41.42478,14.928793,41.42478,6.429481,70.52746,0.82486,43.169113,4.4188404,0.0
Neumayer,19,9,average annual genuine income growth rate in GDP over 197098,0,1,0,share of exports of primary products in GNP in 1970,0.0,1,0,0,-5.06,1.7094594594594594,0.0,0.0,0.0,5,79,79,1,rule of law,1,0,1,0,0,1,1,1.0,0,-5.06,0,1,0,0,0,2004,104,12,cross-sectional,OLS,1,1,0.093,,10,74.0,-5.06,1.7094594,-2.96,-0.32536983,0.10992224,82.7616,0.1,9.097341,-2.96,1.0,0.0,0.0,0.11624764,718.6899,45.486702,673.2032,718.6899,9.097341,18231.07,0.84605265,946.1234,9.097341,9.097341,0.0,0.0,9.097341,9.097341,9.097341,0.0,9.097341,0.0,0.0,0.0,9.097341,0.0,9.097341,0.0,0.0,0.0,9.097341,9.097341,0.0,9.097341,0.0,0.0,0.0,,,4.3820267,1.7917595,4.3820267,0.6931472,7.6033993,0.08892621,4.65396,39.864788,16.300245,39.864788,6.3057957,69.17071,0.808992,42.33866,4.317488,0.0
Neumayer,19,10,average annual genuine income growth rate in GDP over 197098,0,1,0,share of exports of primary products in GNP in 1970,0.0,1,0,0,-5.206,1.7238410596026492,0.0,0.0,0.0,6,79,79,1,rule of law,1,0,1,0,0,1,1,1.0,0,-5.206,0,1,0,0,0,2004,104,12,cross-sectional,OLS,1,1,0.093,,10,73.0,-5.206,1.7238411,-3.02,-0.33325863,0.11035054,82.1204,0.1,9.062031,-3.02,1.0,0.0,0.0,0.11704115,715.90045,54.372185,661.52826,715.90045,9.062031,18160.31,0.84276885,942.4512,9.062031,9.062031,0.0,0.0,9.062031,9.062031,9.062031,0.0,9.062031,0.0,0.0,0.0,9.062031,0.0,9.062031,0.0,0.0,0.0,9.062031,9.062031,0.0,9.062031,0.0,0.0,0.0,,,4.3820267,1.9459101,4.3820267,0.6931472,7.6033993,0.08892621,4.65396,39.71006,17.633898,39.71006,6.281321,68.90224,0.80585206,42.17433,4.304065,0.0
Obafemi et. al.,20,1,GDP per capiat growth for 41 years,1,1,0,share of petroleum resource exports in GDP for 41 years (1970-2011),0.0,0,1,1,0.02046,0.005,0.0,0.0,0.0,16,39,1,39,coruption,1,0,0,0,0,1,1,1.0,0,0.02046,0,1,0,0,0,2013,0,0,time series,OLS,0,0,0.0,"Frances N Obafemi & Uchechi R Ogbuagu & Emmanuel Nathan, 2013. ""Petroleum Resource, institutions and economic growth in Nigeria,"" Journal of Business & Management (COES&RJ-JBM), , vol. 1(3), pages 154-165, July.",2,23.0,0.02046,0.005,4.092,0.6490786,0.15862136,39.74447,0.5,6.3043213,4.092,0.0,0.0,1.0,0.2085144,245.86853,100.86914,144.99939,6.3043213,245.86853,12690.599,0.0,0.0,0.0,6.3043213,0.0,0.0,6.3043213,6.3043213,0.0,0.0,0.0,6.3043213,6.3043213,6.3043213,6.3043213,0.0,0.0,0.0,6.3043213,0.0,6.3043213,0.0,0.0,6.3043213,0.0,0.0,0.0,,,3.6888795,2.8332133,0.6931472,3.6888795,7.607878,0.0,0.0,23.255882,17.861486,4.3698225,23.255882,47.96251,0.0,0.0,3.1780539,0.0
Obafemi et. al.,20,2,GDP per capiat growth for 41 years,1,1,0,share of petroleum resource exports in GDP for 41 years (1970-2011),0.0,0,1,1,0.015,0.011,0.0,0.0,0.0,16,39,1,39,government,1,0,0,0,0,1,1,1.0,0,0.015,0,1,0,0,0,2013,0,0,time series,OLS,0,0,0.0,,2,23.0,0.015,0.011,1.3636364,0.27349687,0.20056437,24.859503,0.5,4.9859304,1.3636364,0.0,0.0,1.0,0.2085144,194.4513,79.77489,114.6764,4.9859304,194.4513,10036.678,0.0,0.0,0.0,4.9859304,0.0,0.0,4.9859304,4.9859304,0.0,0.0,0.0,4.9859304,4.9859304,4.9859304,4.9859304,0.0,0.0,0.0,4.9859304,0.0,4.9859304,0.0,0.0,4.9859304,0.0,0.0,0.0,,,3.6888795,2.8332133,0.6931472,3.6888795,7.607878,0.0,0.0,18.392496,14.1262045,3.4559836,18.392496,37.93235,0.0,0.0,3.1780539,0.0
Ogunleye,21,1,per capita growth rates of GDP,1,1,0,per capita oil revenue 1960 - 2004,1.0,0,1,1,-0.0127,0.0439,0.0,0.0,0.0,4,44,1,44,,0,0,0,0,0,0,0,0.0,0,-0.0127,1,0,0,0,0,2008,14,0,time series,VEC,1,0,0.009,"Ogunleye, Eric Kehinde, 2008. ""Natural resource abundance in Nigeria: From dependence to development,"" Resources Policy, Elsevier, vol. 33(3), pages 168-174, September.",2,40.0,-0.0127,0.0439,-0.28929383,-0.045693595,0.15794873,40.08369,0.5,6.331168,-0.28929383,0.0,0.0,1.0,0.15811388,278.5714,25.324673,253.24673,6.331168,278.5714,12712.986,0.056980513,88.63635,6.331168,0.0,0.0,0.0,0.0,0.0,0.0,0.0,0.0,6.331168,6.331168,6.331168,6.331168,0.0,0.0,0.0,6.331168,0.0,0.0,0.0,6.331168,0.0,0.0,0.0,0.0,,,3.8066626,1.609438,0.6931472,3.8066626,7.6053925,0.008959741,2.7080503,24.10062,10.189623,4.3884315,24.10062,48.15102,0.05672563,17.145123,3.713572,6.331168
Ogunleye,21,2,manufacturing output growth,0,1,1,per capita oil revenue 1960 - 2004,1.0,0,1,1,-3.856,0.962,0.0,0.0,0.0,5,44,1,44,,0,0,0,0,0,0,0,0.0,0,-3.856,1,0,0,0,0,2008,14,0,time series,VEC,1,0,0.009,,2,39.0,-3.856,0.962,-4.008316,-0.5401543,0.13475841,55.066597,0.5,7.420687,-4.008316,0.0,0.0,1.0,0.16012815,326.51022,37.103436,289.4068,7.420687,326.51022,14900.739,0.066786185,103.88962,7.420687,0.0,0.0,0.0,0.0,0.0,0.0,0.0,0.0,7.420687,7.420687,0.0,7.420687,7.420687,0.0,0.0,7.420687,0.0,0.0,0.0,7.420687,0.0,0.0,0.0,0.0,,,3.8066626,1.7917595,0.6931472,3.8066626,7.6053925,0.008959741,2.7080503,28.24805,13.296086,5.143628,28.24805,56.437237,0.06648744,20.095592,3.6888795,7.420687
Leite and Weidmann,22,1,GDP growth 1970-1990 - SW,0,1,0,SWP - SW,0.0,1,0,0,-7.19,2.7245168624478975,0.0,0.0,0.0,6,78,78,1,rule of law,1,0,1,0,1,1,1,1.0,0,-7.19,0,1,0,0,0,1999,975,34,cross-sectional,OLS,0,1,0.0,"Carlos Leite & Jens Weidmann, 1999. ""Does Mother Nature Corrupt - Natural Resources, Corruption, and Economic Growth,"" IMF Working Papers 99/85, International Monetary Fund.",4,72.0,-7.19,2.7245169,-2.639,-0.29697776,0.1125342,78.964325,0.25,8.886188,-2.639,1.0,0.0,0.0,0.11785113,693.1226,53.317123,639.8055,693.1226,8.886188,17763.488,0.0,8664.032,0.0,8.886188,0.0,8.886188,8.886188,8.886188,8.886188,0.0,8.886188,0.0,0.0,0.0,8.886188,0.0,8.886188,0.0,0.0,0.0,8.886188,8.886188,0.0,8.886188,0.0,0.0,0.0,,,4.3694477,1.9459101,4.3694477,0.6931472,7.6009026,0.0,6.8834624,38.827732,17.291721,38.827732,6.1594357,67.543045,0.0,61.167736,4.2904596,0.0
Leite and Weidmann,22,2,GDP growth 1970-1990 - SW,0,1,0,SWP - SW,0.0,1,0,0,-7.51,2.8457749147404323,0.0,0.0,0.0,6,72,72,1,corruption,1,0,1,0,1,1,1,0.0,0,-7.51,0,1,0,0,0,1999,975,34,cross-sectional,2SLS,0,1,0.0,,4,66.0,-7.51,2.845775,-2.6390002,-0.30894712,0.11706976,72.964325,0.25,8.541916,-2.6390002,1.0,0.0,0.0,0.12309149,615.01794,51.251495,563.7664,615.01794,8.541916,17075.29,0.0,8328.368,0.0,8.541916,0.0,8.541916,8.541916,8.541916,8.541916,0.0,8.541916,0.0,0.0,0.0,8.541916,0.0,8.541916,0.0,0.0,0.0,0.0,8.541916,0.0,8.541916,0.0,0.0,0.0,,,4.2904596,1.9459101,4.2904596,0.6931472,7.6009026,0.0,6.8834624,36.648743,16.6218,36.648743,5.920805,64.92627,0.0,58.797955,4.204693,0.0
Leite and Weidmann,22,3,GDP growth 1970-1990 - SW,0,1,0,SWP - SW,0.0,1,0,0,-6.29,2.3834785903751423,0.0,0.0,0.0,7,72,72,1,corruption,1,0,1,0,1,1,1,0.0,0,-6.29,0,1,0,0,0,1999,975,34,cross-sectional,2SLS,0,1,0.0,,4,65.0,-6.29,2.3834786,-2.639,-0.3110862,0.11788034,71.964325,0.25,8.483179,-2.639,1.0,0.0,0.0,0.12403473,610.7889,59.38225,551.4066,610.7889,8.483179,16957.875,0.0,8271.1,0.0,8.483179,0.0,8.483179,8.483179,8.483179,8.483179,0.0,8.483179,0.0,0.0,0.0,8.483179,0.0,8.483179,0.0,0.0,0.0,0.0,8.483179,0.0,8.483179,0.0,0.0,0.0,,,4.2904596,2.0794415,4.2904596,0.6931472,7.6009026,0.0,6.8834624,36.396736,17.640274,36.396736,5.8800917,64.47982,0.0,58.393642,4.189655,0.0
Leite and Weidmann,22,4,GDP growth 1970-1990 - SW,0,1,0,SWP - SW,0.0,1,0,0,-6.41,2.428950359984843,0.0,0.0,0.0,7,72,72,1,corruption,1,0,1,0,1,1,1,0.0,0,-6.41,0,1,0,0,0,1999,975,34,cross-sectional,2SLS,0,1,0.0,,4,65.0,-6.41,2.4289503,-2.639,-0.3110862,0.11788034,71.964325,0.25,8.483179,-2.639,1.0,0.0,0.0,0.12403473,610.7889,59.38225,551.4066,610.7889,8.483179,16957.875,0.0,8271.1,0.0,8.483179,0.0,8.483179,8.483179,8.483179,8.483179,0.0,8.483179,0.0,0.0,0.0,8.483179,0.0,8.483179,0.0,0.0,0.0,0.0,8.483179,0.0,8.483179,0.0,0.0,0.0,,,4.2904596,2.0794415,4.2904596,0.6931472,7.6009026,0.0,6.8834624,36.396736,17.640274,36.396736,5.8800917,64.47982,0.0,58.393642,4.189655,0.0
Stiijn,23,1,Average growth rate of GDP per capita between 1970 and 1990,1,1,0,share of primary exports in GDP,0.0,1,0,0,-9.434,1.988,0.0,0.0,0.0,2,87,87,1,,0,0,0,0,0,0,1,1.0,0,-9.434,0,1,0,0,0,2005,223,71,cross-sectional,OLS,1,1,0.009,"Stijns, Jean-Philippe C., 2005. ""Natural resource abundance and economic growth revisited,"" Resources Policy, Elsevier, vol. 30(2), pages 107-130, June.",19,85.0,-9.434,1.988,-4.745473,-0.4576525,0.09643981,107.51952,0.05263158,10.369162,-4.745473,1.0,0.0,0.0,0.10846523,902.11707,20.738323,881.3788,902.11707,10.369162,20790.17,0.093322456,2312.3232,10.369162,0.0,0.0,0.0,0.0,10.369162,0.0,0.0,10.369162,0.0,0.0,10.369162,10.369162,0.0,10.369162,0.0,0.0,0.0,10.369162,10.369162,0.0,10.369162,0.0,0.0,0.0,,,4.477337,1.0986123,4.477337,0.6931472,7.603898,0.008959741,5.411646,46.42623,11.391689,46.42623,7.1873555,78.846054,0.09290501,56.11423,4.454347,0.0
Stiijn,23,2,Average growth rate of GDP per capita between 1970 and 1990,1,1,0,share of primary exports in GDP,0.0,1,0,0,-6.955,1.53,0.0,0.0,0.0,3,87,87,1,,0,0,0,0,0,1,1,1.0,0,-6.955,0,1,0,0,0,2005,223,71,cross-sectional,OLS,1,1,0.009,,19,84.0,-6.955,1.53,-4.5457516,-0.44433174,0.097746596,104.66386,0.05263158,10.2305355,-4.5457516,1.0,0.0,0.0,0.10910895,890.0566,30.691607,859.365,890.0566,10.2305355,20512.223,0.09207482,2281.4094,10.2305355,0.0,0.0,0.0,10.2305355,10.2305355,0.0,0.0,10.2305355,0.0,0.0,10.2305355,10.2305355,0.0,10.2305355,0.0,0.0,0.0,10.2305355,10.2305355,0.0,10.2305355,0.0,0.0,0.0,,,4.477337,1.3862944,4.477337,0.6931472,7.603898,0.008959741,5.411646,45.805553,14.182533,45.805553,7.0912666,77.79195,0.09166295,55.364033,4.4426513,0.0
Stiijn,23,3,Average growth rate of GDP per capita between 1970 and 1990,1,1,0,share of primary exports in GDP,0.0,1,0,0,-6.745,1.357,0.0,0.0,0.0,4,87,87,1,,0,0,1,0,0,1,1,1.0,0,-6.745,0,1,0,0,0,2005,223,71,cross-sectional,OLS,1,1,0.009,,19,83.0,-6.745,1.357,-4.9705234,-0.47894093,0.096356235,107.706116,0.05263158,10.378156,-4.9705234,1.0,0.0,0.0,0.10976426,902.89954,41.512623,861.3869,902.89954,10.378156,20808.201,0.0934034,2314.3286,10.378156,0.0,0.0,0.0,10.378156,10.378156,10.378156,0.0,10.378156,0.0,0.0,10.378156,10.378156,0.0,10.378156,0.0,0.0,0.0,10.378156,10.378156,0.0,10.378156,0.0,0.0,0.0,,,4.477337,1.609438,4.477337,0.6931472,7.603898,0.008959741,5.411646,46.4665,16.702997,46.4665,7.193589,78.91444,0.09298559,56.162903,4.4308167,0.0
Stiijn,23,4,Average growth rate of GDP per capita between 1970 and 1990,1,1,0,share of primary exports in GDP,0.0,1,0,0,-10.417,1.492,0.0,0.0,0.0,5,71,71,1,rule of law,1,0,1,0,0,1,1,1.0,0,-10.417,0,1,0,0,0,2005,223,71,cross-sectional,OLS,1,1,0.009,,19,66.0,-10.417,1.492,-6.9819036,-0.6517833,0.093353234,114.74698,0.05263158,10.712002,-6.9819036,1.0,0.0,0.0,0.12309149,760.5521,53.56001,706.9921,760.5521,10.712002,21477.562,0.09640802,2388.7764,10.712002,10.712002,0.0,0.0,10.712002,10.712002,10.712002,0.0,10.712002,0.0,0.0,10.712002,10.712002,0.0,10.712002,0.0,0.0,0.0,10.712002,10.712002,0.0,10.712002,0.0,0.0,0.0,,,4.276666,1.7917595,4.276666,0.6931472,7.603898,0.008959741,5.411646,45.811657,19.19333,45.811657,7.424994,81.452965,0.09597676,57.96956,4.204693,0.0
Stiijn,23,5,Average growth rate of GDP per capita between 1970 and 1990,1,1,0,share of primary exports in GDP,0.0,1,0,0,-10.159,1.476,0.0,0.0,0.0,6,71,71,1,rule of law,1,0,1,0,1,1,1,1.0,0,-10.159,0,1,0,0,0,2005,223,71,cross-sectional,OLS,1,1,0.009,,19,65.0,-10.159,1.476,-6.882792,-0.64928293,0.09433424,112.372826,0.05263158,10.600605,-6.882792,1.0,0.0,0.0,0.12403473,752.64294,63.60363,689.0393,752.64294,10.600605,21254.213,0.095405445,2363.935,10.600605,10.600605,0.0,10.600605,10.600605,10.600605,10.600605,0.0,10.600605,0.0,0.0,10.600605,10.600605,0.0,10.600605,0.0,0.0,0.0,10.600605,10.600605,0.0,10.600605,0.0,0.0,0.0,,,4.276666,1.9459101,4.276666,0.6931472,7.603898,0.008959741,5.411646,45.33525,20.627825,45.33525,7.3477798,80.60592,0.09497868,57.366722,4.189655,0.0
Stiijn,23,6,Average growth rate of GDP per capita between 1970 and 1990,1,1,1,share of primary exports in GDP,0.0,1,0,0,-5.694,1.991,0.0,0.0,0.0,8,87,87,1,,0,0,0,0,0,0,1,1.0,0,-5.694,0,1,0,0,0,2005,223,71,cross-sectional,OLS,1,1,0.009,,19,79.0,-5.694,1.991,-2.8598692,-0.30629548,0.10710122,87.17886,0.05263158,9.336962,-2.8598692,1.0,0.0,0.0,0.11250879,812.3157,74.695694,737.62,812.3157,9.336962,18720.61,0.08403266,2082.1426,9.336962,0.0,0.0,0.0,0.0,9.336962,0.0,0.0,9.336962,0.0,0.0,9.336962,9.336962,9.336962,9.336962,0.0,0.0,0.0,9.336962,9.336962,0.0,9.336962,0.0,0.0,0.0,,,4.477337,2.1972246,4.477337,0.6931472,7.603898,0.008959741,5.411646,41.804726,20.515404,41.804726,6.471889,70.99731,0.083656766,50.52833,4.3820267,0.0
Stiijn,23,7,Average growth rate of GDP per capita between 1970 and 1990,1,1,1,share of primary exports in GDP,0.0,1,0,0,-5.565,1.635,0.0,0.0,0.0,9,87,87,1,,0,0,0,0,0,1,1,1.0,0,-5.565,0,1,0,0,0,2005,223,71,cross-sectional,OLS,1,1,0.009,,19,78.0,-5.565,1.635,-3.4036698,-0.3596084,0.105653144,89.58497,0.05263158,9.464933,-3.4036698,1.0,0.0,0.0,0.1132277,823.4492,85.1844,738.26483,823.4492,9.464933,18977.191,0.0851844,2110.6802,9.464933,0.0,0.0,0.0,9.464933,9.464933,0.0,0.0,9.464933,0.0,0.0,9.464933,9.464933,9.464933,9.464933,0.0,0.0,0.0,9.464933,9.464933,0.0,9.464933,0.0,0.0,0.0,,,4.477337,2.3025851,4.477337,0.6931472,7.603898,0.008959741,5.411646,42.377697,21.793816,42.377697,6.560592,71.97039,0.08480336,51.22087,4.3694477,0.0
Stiijn,23,8,Average growth rate of GDP per capita between 1970 and 1990,1,1,1,share of primary exports in GDP,0.0,1,0,0,-5.288,1.439,0.0,0.0,0.0,10,87,87,1,,0,0,1,0,0,1,1,1.0,0,-5.288,0,1,0,0,0,2005,223,71,cross-sectional,OLS,1,1,0.009,,19,77.0,-5.288,1.439,-3.6747742,-0.38627523,0.10511537,90.50395,0.05263158,9.513357,-3.6747742,1.0,0.0,0.0,0.11396058,827.66205,95.13357,732.52844,827.66205,9.513357,19074.28,0.08562021,2121.4785,9.513357,0.0,0.0,0.0,9.513357,9.513357,9.513357,0.0,9.513357,0.0,0.0,9.513357,9.513357,9.513357,9.513357,0.0,0.0,0.0,9.513357,9.513357,0.0,9.513357,0.0,0.0,0.0,,,4.477337,2.3978953,4.477337,0.6931472,7.603898,0.008959741,5.411646,42.5945,22.812035,42.5945,6.5941563,72.33859,0.08523721,51.482918,4.356709,0.0
Stiijn,23,9,Average growth rate of GDP per capita between 1970 and 1990,1,1,1,share of primary exports in GDP,0.0,1,0,0,-9.359,1.724,0.0,0.0,0.0,11,71,71,1,rule of law,1,0,1,0,0,1,1,1.0,0,-9.359,0,1,0,0,0,2005,223,71,cross-sectional,OLS,1,1,0.009,,19,60.0,-9.359,1.724,-5.4286547,-0.5739219,0.10572084,89.470276,0.05263158,9.458873,-5.4286547,1.0,0.0,0.0,0.12909944,671.57996,104.0476,567.53235,671.57996,9.458873,18965.041,0.08512986,2109.3286,9.458873,9.458873,0.0,0.0,9.458873,9.458873,9.458873,0.0,9.458873,0.0,0.0,9.458873,9.458873,9.458873,9.458873,0.0,0.0,0.0,9.458873,9.458873,0.0,9.458873,0.0,0.0,0.0,,,4.276666,2.4849067,4.276666,0.6931472,7.603898,0.008959741,5.411646,40.452442,23.504417,40.452442,6.5563912,71.92431,0.08474906,51.188072,4.1108737,0.0
Stiijn,23,10,Average growth rate of GDP per capita between 1970 and 1990,1,1,1,share of primary exports in GDP,0.0,1,0,0,-8.602,1.713,0.0,0.0,0.0,12,71,71,1,rule of law,1,0,1,0,1,1,1,1.0,0,-8.602,0,1,0,0,0,2005,223,71,cross-sectional,OLS,1,1,0.009,,19,59.0,-8.602,1.713,-5.0215993,-0.5471968,0.10896863,84.21647,0.05263158,9.176953,-5.0215993,1.0,0.0,0.0,0.13018891,651.56366,110.123436,541.44025,651.56366,9.176953,18399.791,0.08259258,2046.4606,9.176953,9.176953,0.0,9.176953,9.176953,9.176953,9.176953,0.0,9.176953,0.0,0.0,9.176953,9.176953,9.176953,9.176953,0.0,0.0,0.0,9.176953,9.176953,0.0,9.176953,0.0,0.0,0.0,,,4.276666,2.5649493,4.276666,0.6931472,7.603898,0.008959741,5.411646,39.246765,23.53842,39.246765,6.360979,69.78062,0.082223125,49.66242,4.0943446,0.0
Stiijn,23,11,Average growth rate of GDP per capita between 1970 and 1990,1,1,1,share of primary exports in GDP,0.0,1,0,0,-8.881,1.58,0.0,0.0,0.0,8,71,71,1,rule of law,1,0,1,0,1,1,1,1.0,0,-8.881,0,1,0,0,0,2005,223,71,cross-sectional,OLS,1,1,0.009,,19,63.0,-8.881,1.58,-5.620886,-0.57792586,0.10281758,94.59436,0.05263158,9.725964,-5.620886,1.0,0.0,0.0,0.12598816,690.5434,77.80771,612.73566,690.5434,9.725964,19500.557,0.08753367,2168.89,9.725964,9.725964,0.0,9.725964,9.725964,9.725964,9.725964,0.0,9.725964,0.0,0.0,9.725964,9.725964,9.725964,9.725964,0.0,0.0,0.0,9.725964,9.725964,0.0,9.725964,0.0,0.0,0.0,,,4.276666,2.1972246,4.276666,0.6931472,7.603898,0.008959741,5.411646,41.594696,21.370125,41.594696,6.741524,73.95523,0.08714212,52.63347,4.158883,0.0
Stiijn,23,12,Average growth rate of GDP per capita between 1970 and 1990,1,1,1,share of primary exports in GDP,0.0,1,0,0,-8.95,1.565,0.0,0.0,0.0,7,71,71,1,rule of law,1,0,1,0,1,1,1,1.0,0,-8.95,0,1,0,0,0,2005,223,71,cross-sectional,OLS,1,1,0.009,,19,64.0,-8.95,1.565,-5.7188497,-0.5815455,0.10168924,96.70523,0.05263158,9.833882,-5.7188497,1.0,0.0,0.0,0.125,698.2056,68.83717,629.36847,698.2056,9.833882,19716.934,0.08850494,2192.9556,9.833882,9.833882,0.0,9.833882,9.833882,9.833882,9.833882,0.0,9.833882,0.0,0.0,9.833882,9.833882,9.833882,9.833882,0.0,0.0,0.0,9.833882,9.833882,0.0,9.833882,0.0,0.0,0.0,,,4.276666,2.0794415,4.276666,0.6931472,7.603898,0.008959741,5.411646,42.05623,20.448982,42.05623,6.8163276,74.77583,0.08810904,53.217487,4.1743875,0.0
Stiijn,23,13,Average growth rate of GDP per capita between 1970 and 1991,1,1,0,share of primary exports in GDP,0.0,1,0,0,-3.191,2.017,0.0,0.0,0.0,10,87,87,1,,0,0,0,0,0,0,1,1.0,0,-3.191,0,1,0,0,0,2005,223,71,cross-sectional,OLS,1,1,0.009,,19,77.0,-3.191,2.017,-1.5820526,-0.17743099,0.1121524,79.502884,0.05263158,8.916439,-1.5820526,1.0,0.0,0.0,0.11396058,775.73016,89.16439,686.5658,775.73016,8.916439,17877.46,0.08024795,1988.3658,8.916439,0.0,0.0,0.0,0.0,8.916439,0.0,0.0,8.916439,0.0,0.0,8.916439,8.916439,0.0,8.916439,0.0,0.0,0.0,8.916439,8.916439,0.0,8.916439,0.0,0.0,0.0,,,4.477337,2.3978953,4.477337,0.6931472,7.603898,0.008959741,5.411646,39.9219,21.380688,39.9219,6.1804047,67.79969,0.079888985,48.25261,4.356709,0.0
Stiijn,23,14,Average growth rate of GDP per capita between 1970 and 1992,1,1,0,share of primary exports in GDP,0.0,1,0,0,-4.256,1.812,0.0,0.0,0.0,11,87,87,1,,0,0,0,0,0,1,1,1.0,0,-4.256,0,1,0,0,0,2005,223,71,cross-sectional,OLS,1,1,0.009,,19,76.0,-4.256,1.812,-2.3487859,-0.26014763,0.11075834,81.5168,0.05263158,9.028666,-2.3487859,1.0,0.0,0.0,0.114707865,785.4939,99.315315,686.1786,785.4939,9.028666,18102.475,0.08125799,2013.3923,9.028666,0.0,0.0,0.0,9.028666,9.028666,0.0,0.0,9.028666,0.0,0.0,9.028666,9.028666,0.0,9.028666,0.0,0.0,0.0,9.028666,9.028666,0.0,9.028666,0.0,0.0,0.0,,,4.477337,2.4849067,4.477337,0.6931472,7.603898,0.008959741,5.411646,40.424377,22.43539,40.424377,6.258194,68.65305,0.08089451,48.85994,4.3438053,0.0
Stiijn,23,15,Average growth rate of GDP per capita between 1970 and 1993,1,1,0,share of primary exports in GDP,0.0,1,0,0,-5.163,1.66,0.0,0.0,0.0,12,87,87,1,,0,0,1,0,0,1,1,1.0,0,-5.163,0,1,0,0,0,2005,223,71,cross-sectional,OLS,1,1,0.009,,19,75.0,-5.163,1.66,-3.1102412,-0.33800262,0.10867409,84.6736,0.05263158,9.201826,-3.1102412,1.0,0.0,0.0,0.11547005,800.55884,110.421906,690.1369,800.55884,9.201826,18449.66,0.08281643,2052.007,9.201826,0.0,0.0,0.0,9.201826,9.201826,9.201826,0.0,9.201826,0.0,0.0,9.201826,9.201826,0.0,9.201826,0.0,0.0,0.0,9.201826,9.201826,0.0,9.201826,0.0,0.0,0.0,,,4.477337,2.5649493,4.477337,0.6931472,7.603898,0.008959741,5.411646,41.199673,23.602217,41.199673,6.3782196,69.96974,0.08244598,49.797024,4.3307333,0.0
Stiijn,23,16,Average growth rate of GDP per capita between 1970 and 1994,1,1,0,share of primary exports in GDP,0.0,1,0,0,-8.253,1.831,0.0,0.0,0.0,13,71,71,1,rule of law,1,0,1,0,0,1,1,1.0,0,-8.253,0,1,0,0,0,2005,223,71,cross-sectional,OLS,1,1,0.009,,19,58.0,-8.253,1.831,-4.5073733,-0.50932753,0.11299875,78.31641,0.05263158,8.849656,-4.5073733,1.0,0.0,0.0,0.13130644,628.32556,115.045525,513.28,628.32556,8.849656,17743.56,0.0796469,1973.4733,8.849656,8.849656,0.0,0.0,8.849656,8.849656,8.849656,0.0,8.849656,0.0,0.0,8.849656,8.849656,0.0,8.849656,0.0,0.0,0.0,8.849656,8.849656,0.0,8.849656,0.0,0.0,0.0,,,4.276666,2.6390574,4.276666,0.6931472,7.603898,0.008959741,5.411646,37.847023,23.35475,37.847023,6.134114,67.29188,0.07929063,47.8912,4.0775375,0.0
Stiijn,23,17,Average growth rate of GDP per capita between 1970 and 1995,1,1,0,share of primary exports in GDP,0.0,1,0,0,-7.624,1.837,0.0,0.0,0.0,14,71,71,1,rule of law,1,0,1,0,1,1,1,1.0,0,-7.624,0,1,0,0,0,2005,223,71,cross-sectional,OLS,1,1,0.009,,19,57.0,-7.624,1.837,-4.150245,-0.48172593,0.11607168,74.22453,0.05263158,8.615366,-4.150245,1.0,0.0,0.0,0.13245323,611.691,120.61513,491.07587,611.691,8.615366,17273.809,0.0775383,1921.2267,8.615366,8.615366,0.0,8.615366,8.615366,8.615366,8.615366,0.0,8.615366,0.0,0.0,8.615366,8.615366,0.0,8.615366,0.0,0.0,0.0,8.615366,8.615366,0.0,8.615366,0.0,0.0,0.0,,,4.276666,2.7080503,4.276666,0.6931472,7.603898,0.008959741,5.411646,36.845043,23.330845,36.845043,5.971717,65.51037,0.07719145,46.62331,4.060443,0.0
Stiijn,23,18,Average growth rate of GDP per capita between 1970 and 1996,1,1,0,share of primary exports in GDP,0.0,1,0,0,-7.644,1.718,0.0,0.0,0.0,10,71,71,1,rule of law,1,0,1,0,1,1,1,1.0,0,-7.644,0,1,0,0,0,2005,223,71,cross-sectional,OLS,1,1,0.009,,19,61.0,-7.644,1.718,-4.4493594,-0.49499455,0.11125074,80.7968,0.05263158,8.988704,-4.4493594,1.0,0.0,0.0,0.12803689,638.198,89.88704,548.3109,638.198,8.988704,18022.352,0.08089834,2004.481,8.988704,8.988704,0.0,8.988704,8.988704,8.988704,8.988704,0.0,8.988704,0.0,0.0,8.988704,8.988704,0.0,8.988704,0.0,0.0,0.0,8.988704,8.988704,0.0,8.988704,0.0,0.0,0.0,,,4.276666,2.3978953,4.276666,0.6931472,7.603898,0.008959741,5.411646,38.441685,21.553972,38.441685,6.230495,68.34919,0.08053646,48.643684,4.1271343,0.0
Stiijn,23,19,Average growth rate of GDP per capita between 1970 and 1997,1,1,0,share of primary exports in GDP,0.0,1,0,0,-7.62,1.697,0.0,0.0,0.0,9,71,71,1,rule of law,1,0,1,0,1,1,1,1.0,0,-7.62,0,1,0,0,0,2005,223,71,cross-sectional,OLS,1,1,0.009,,19,62.0,-7.62,1.697,-4.490277,-0.49537727,0.110322215,82.162575,0.05263158,9.064358,-4.490277,1.0,0.0,0.0,0.12700012,643.5694,81.579216,561.9902,643.5694,9.064358,18174.037,0.081579216,2021.3517,9.064358,9.064358,0.0,9.064358,9.064358,9.064358,9.064358,0.0,9.064358,0.0,0.0,9.064358,9.064358,0.0,9.064358,0.0,0.0,0.0,9.064358,9.064358,0.0,9.064358,0.0,0.0,0.0,,,4.276666,2.3025851,4.276666,0.6931472,7.603898,0.008959741,5.411646,38.765232,20.871454,38.765232,6.2829337,68.92445,0.0812143,49.053093,4.1431346,0.0
William ,24,1,average annual per capita economic growth,1,1,0,Point exports as a % of GDP,0.0,0,1,0,-1.4175,4.656,0.0,0.0,0.0,8,538,92,6,,0,0,1,0,1,1,1,0.0,1,-1.4175,1,0,0,0,0,2011,30,2,panel,GMM,1,1,0.093,"Williams, Andrew, 2011. ""Shining a Light on the Resource Curse: An Empirical Analysis of the Relationship Between Natural Resources, Transparency, and Economic Growth,"" World Development, Elsevier, vol. 39(4), pages 490-505, April",5,530.0,-1.4175,4.656,-0.30444586,-0.013223127,0.043433428,530.09265,0.2,23.02374,-0.30444586,0.0,1.0,0.0,0.043437224,12386.772,184.18993,12202.583,2118.184,138.14244,46300.742,2.141208,690.7122,23.02374,0.0,0.0,23.02374,23.02374,23.02374,23.02374,0.0,0.0,23.02374,0.0,23.02374,23.02374,0.0,0.0,23.02374,0.0,23.02374,0.0,23.02374,23.02374,0.0,0.0,0.0,0.0,,,6.289716,2.1972246,4.5325994,1.9459101,7.6068845,0.08892621,3.4339871,144.81279,50.58833,104.3574,44.80213,175.13895,2.047414,79.06323,6.274762,0.0
William ,24,2,average annual per capita economic growth,1,1,0,Point exports as a % of GDP,0.0,0,1,0,-17.6737,8.0101,0.0,0.0,0.0,8,538,92,6,,0,0,1,0,1,1,1,0.0,1,-17.6737,1,0,0,0,0,2011,30,2,panel,GMM,1,1,0.093,,5,530.0,-17.6737,8.0101,-2.2064269,-0.095403895,0.04323909,534.86835,0.2,23.12722,-2.2064269,0.0,1.0,0.0,0.043437224,12442.445,185.01776,12257.427,2127.7043,138.76332,46508.84,2.1508315,693.81665,23.12722,0.0,0.0,23.12722,23.12722,23.12722,23.12722,0.0,0.0,23.12722,0.0,23.12722,23.12722,0.0,0.0,23.12722,0.0,23.12722,0.0,23.12722,23.12722,0.0,0.0,0.0,0.0,,,6.289716,2.1972246,4.5325994,1.9459101,7.6068845,0.08892621,3.4339871,145.46365,50.8157,104.82643,45.003494,175.9261,2.056616,79.41858,6.274762,0.0
William ,24,3,average annual per capita economic growth,1,1,0,Point exports as a % of GDP,0.0,0,1,0,-15.0189,6.8818,0.0,0.0,0.0,9,538,92,6,polity,1,0,1,0,1,1,1,0.0,1,-15.0189,1,0,0,0,0,2011,30,2,panel,GMM,1,1,0.093,,5,529.0,-15.0189,6.8818,-2.1824086,-0.09446303,0.043283843,533.7629,0.2,23.10331,-2.1824086,0.0,1.0,0.0,0.04347826,12429.58,207.92978,12221.65,2125.5044,138.61986,46460.754,2.1486077,693.0993,23.10331,23.10331,0.0,23.10331,23.10331,23.10331,23.10331,0.0,0.0,23.10331,0.0,23.10331,23.10331,0.0,0.0,23.10331,0.0,23.10331,0.0,23.10331,23.10331,0.0,0.0,0.0,0.0,,,6.289716,2.3025851,4.5325994,1.9459101,7.6068845,0.08892621,3.4339871,145.31325,53.19734,104.71805,44.956963,175.7442,2.0544899,79.336464,6.272877,0.0
William ,24,4,average annual per capita economic growth,1,1,0,Point exports as a % of GDP,0.0,0,1,0,-4.3737,6.3576,0.0,0.0,0.0,10,538,92,6,polity,1,0,1,0,1,1,1,0.0,1,-4.3737,1,0,0,0,0,2011,30,2,panel,GMM,1,1,0.093,,5,528.0,-4.3737,6.3576,-0.6879483,-0.029925697,0.04349992,528.4733,0.2,22.988548,-0.6879483,0.0,1.0,0.0,0.043519415,12367.839,229.88548,12137.953,2114.9463,137.93129,46229.97,2.137935,689.65643,22.988548,22.988548,0.0,22.988548,22.988548,22.988548,22.988548,0.0,0.0,22.988548,0.0,22.988548,22.988548,0.0,0.0,22.988548,0.0,22.988548,0.0,22.988548,22.988548,0.0,0.0,0.0,0.0,,,6.289716,2.3978953,4.5325994,1.9459101,7.6068845,0.08892621,3.4339871,144.59143,55.12413,104.197876,44.733646,174.87123,2.0442843,78.942375,6.2709885,0.0
William ,24,5,average annual per capita economic growth,1,1,0,Point exports as a % of GDP,0.0,0,1,0,-5.108,6.46,0.0,0.0,0.0,9,538,92,6,,0,0,1,0,1,1,1,0.0,1,-5.108,1,0,0,0,0,2011,30,2,panel,GMM,1,1,0.093,,5,529.0,-5.108,6.46,-0.79071206,-0.034358487,0.04345259,529.6252,0.2,23.013588,-0.79071206,0.0,1.0,0.0,0.04347826,12381.311,207.12228,12174.1875,2117.25,138.08153,46280.324,2.1402636,690.40765,23.013588,0.0,0.0,23.013588,23.013588,23.013588,23.013588,0.0,0.0,23.013588,0.0,23.013588,23.013588,0.0,0.0,23.013588,0.0,23.013588,0.0,23.013588,23.013588,0.0,0.0,0.0,0.0,,,6.289716,2.3025851,4.5325994,1.9459101,7.6068845,0.08892621,3.4339871,144.74893,52.990746,104.31137,44.78237,175.0617,2.0465112,79.028366,6.272877,0.0
El Anshasy and Katsaiti,25,1,real per capita GDP growth 19842008,1,1,0,Lagged natural resources mining %GDP,0.0,0,1,0,0.103,0.09537037037037036,0.0,0.0,0.0,9,684,79,25,corruption,1,0,1,1,0,1,1,0.0,1,0.103,0,0,1,0,0,2013,0,0,panel,POLS,1,1,0.082,"El Anshasy, Amany A. & Katsaiti, Marina-Selini, 2013.""Natural resources and fiscal performance: Does good governance matter?,"" Journal of Macroeconomics, Elsevier, vol. 37(C), pages 285-298.",33,675.0,0.103,0.09537037,1.08,0.04153335,0.038456805,676.16644,0.030303031,26.0032,1.08,0.0,1.0,0.0,0.03849002,17786.19,234.02881,17552.16,2054.253,650.08,52344.44,2.1322625,0.0,26.0032,26.0032,0.0,0.0,26.0032,26.0032,26.0032,26.0032,0.0,26.0032,0.0,26.0032,26.0032,0.0,0.0,26.0032,0.0,26.0032,0.0,26.0032,0.0,0.0,26.0032,0.0,0.0,,,6.529419,2.3025851,4.3820267,3.2580965,7.607878,0.07881118,0.0,169.78578,59.87458,113.94672,84.72093,197.82918,2.0493429,0.0,6.516193,0.0
El Anshasy and Katsaiti,25,2,real per capita GDP growth 19842008,1,1,0,Lagged natural resources mining %GDP,0.0,0,1,0,0.087,0.075,0.0,0.0,0.0,9,684,79,25,corruption,1,0,1,1,0,1,1,0.0,1,0.087,0,0,1,0,0,2013,0,0,panel,GLS,1,1,0.082,,33,675.0,0.087,0.075,1.16,0.044603985,0.038451713,676.3455,0.030303031,26.006643,1.16,0.0,1.0,0.0,0.03849002,17788.545,234.0598,17554.484,2054.525,650.1661,52351.375,2.1325448,0.0,26.006643,26.006643,0.0,0.0,26.006643,26.006643,26.006643,26.006643,0.0,26.006643,0.0,26.006643,26.006643,0.0,0.0,26.006643,0.0,26.006643,0.0,26.006643,0.0,0.0,26.006643,0.0,0.0,,,6.529419,2.3025851,4.3820267,3.2580965,7.607878,0.07881118,0.0,169.80827,59.88251,113.96181,84.732155,197.85538,2.0496144,0.0,6.516193,0.0
El Anshasy and Katsaiti,25,3,real per capita GDP growth 19842008,1,1,0,Lagged natural resources mining %GDP,0.0,0,1,0,0.084,0.06461538461538462,0.0,0.0,0.0,9,684,79,25,corruption,1,0,1,1,0,1,1,0.0,1,0.084,0,0,1,0,0,2013,0,0,panel,GLS,1,1,0.082,,33,675.0,0.084,0.064615384,1.3,0.0499745,0.038441926,676.68994,0.030303031,26.013264,1.3,0.0,1.0,0.0,0.03849002,17793.072,234.11938,17558.953,2055.0479,650.3316,52364.703,2.1330876,0.0,26.013264,26.013264,0.0,0.0,26.013264,26.013264,26.013264,26.013264,0.0,26.013264,0.0,26.013264,26.013264,0.0,0.0,26.013264,0.0,26.013264,0.0,26.013264,0.0,0.0,26.013264,0.0,0.0,,,6.529419,2.3025851,4.3820267,3.2580965,7.607878,0.07881118,0.0,169.8515,59.897755,113.99082,84.75372,197.90575,2.050136,0.0,6.516193,0.0
El Anshasy and Katsaiti,25,4,real per capita GDP growth 19842008,1,1,0,Lagged natural resources mining %GDP,0.0,0,1,0,0.083,0.07980769230769232,0.0,0.0,0.0,9,684,79,25,corruption,1,0,1,1,0,1,1,0.0,1,0.083,0,0,1,0,0,2013,0,0,panel,MLE,1,1,0.082,,33,675.0,0.083,0.07980769,1.04,0.039997585,0.03845922,676.08154,0.030303031,26.001568,1.04,0.0,1.0,0.0,0.03849002,17785.072,234.01411,17551.059,2054.1238,650.0392,52341.156,2.1321285,0.0,26.001568,26.001568,0.0,0.0,26.001568,26.001568,26.001568,26.001568,0.0,26.001568,0.0,26.001568,26.001568,0.0,0.0,26.001568,0.0,26.001568,0.0,26.001568,0.0,0.0,26.001568,0.0,0.0,,,6.529419,2.3025851,4.3820267,3.2580965,7.607878,0.07881118,0.0,169.77513,59.870823,113.93957,84.715614,197.81676,2.0492144,0.0,6.516193,0.0
El Anshasy and Katsaiti,25,5,real per capita GDP growth 19842008,1,1,0,Lagged natural resources mining %GDP,0.0,0,1,0,0.084,0.084,0.0,0.0,0.0,9,667,79,25,corruption,1,0,1,1,0,1,1,0.0,1,0.084,0,0,1,0,0,2013,0,0,panel,IV,1,1,0.082,,33,658.0,0.084,0.084,1.0,0.03895447,0.03895447,658.99994,0.030303031,25.670994,1.0,0.0,1.0,0.0,0.03898406,17122.553,231.03896,16891.514,2028.0085,641.77484,51675.71,2.1050215,0.0,25.670994,25.670994,0.0,0.0,25.670994,25.670994,25.670994,25.670994,0.0,25.670994,0.0,25.670994,25.670994,0.0,0.0,25.670994,0.0,25.670994,0.0,25.670994,0.0,0.0,25.670994,0.0,0.0,1.0,25.670994,6.504288,2.3025851,4.3820267,3.2580965,7.607878,0.07881118,0.0,166.97154,59.10965,112.49098,83.63858,195.3018,2.0231614,0.0,6.4907236,0.0
El Anshasy and Katsaiti,25,6,real per capita GDP growth 19842008,1,1,0,Lagged natural resources mining %GDP,0.0,0,1,0,0.097,0.08362068965517243,0.0,0.0,0.0,9,684,79,25,corruption,1,0,1,1,0,1,1,0.0,1,0.097,0,0,1,0,0,2013,0,0,panel,HausmanTaylor error component estimation,1,1,0.082,,33,675.0,0.097,0.08362069,1.1600001,0.04460399,0.038451713,676.3455,0.030303031,26.006643,1.1600001,0.0,1.0,0.0,0.03849002,17788.545,234.0598,17554.484,2054.525,650.1661,52351.375,2.1325448,0.0,26.006643,26.006643,0.0,0.0,26.006643,26.006643,26.006643,26.006643,0.0,26.006643,0.0,26.006643,26.006643,0.0,0.0,26.006643,0.0,26.006643,0.0,26.006643,0.0,0.0,26.006643,0.0,0.0,,,6.529419,2.3025851,4.3820267,3.2580965,7.607878,0.07881118,0.0,169.80827,59.88251,113.96181,84.732155,197.85538,2.0496144,0.0,6.516193,0.0
El Anshasy and Katsaiti,25,7,real per capita GDP growth 19842008,1,1,0,Lagged natural resources mining %GDP,0.0,0,1,0,-0.022,0.9565217391304347,0.0,0.0,0.0,10,606,79,25,bureaucrasy,1,0,1,1,0,1,1,0.0,1,-0.022,0,0,1,0,0,2013,0,0,panel,Hausman-Taylor,1,1,0.082,,33,596.0,-0.022,0.95652175,-0.023,-0.0009421163,0.04096158,596.0005,0.030303031,24.413122,-0.023,0.0,1.0,0.0,0.040961597,14794.352,244.13121,14550.221,1928.6366,610.32806,49143.613,2.0018759,0.0,24.413122,24.413122,0.0,0.0,24.413122,24.413122,24.413122,24.413122,0.0,24.413122,0.0,24.413122,24.413122,0.0,0.0,24.413122,0.0,24.413122,0.0,24.413122,0.0,0.0,24.413122,0.0,0.0,,,6.408529,2.3978953,4.3820267,3.2580965,7.607878,0.07881118,0.0,156.4522,58.54011,106.97895,79.540306,185.73206,1.924027,0.0,6.391917,0.0
El Anshasy and Katsaiti,25,8,real per capita GDP growth 19842008,1,1,0,Lagged natural resources mining %GDP,0.0,0,1,0,0.095,0.08482142857142856,0.0,0.0,0.0,10,684,79,25,governence,1,0,1,1,0,1,1,0.0,1,0.095,0,0,1,0,0,2013,0,0,panel,Hausman-Taylor,1,1,0.082,,33,674.0,0.095,0.084821425,1.12,0.0431007,0.038482767,675.2544,0.030303031,25.985659,1.12,0.0,1.0,0.0,0.03851856,17774.19,259.85657,17514.334,2052.867,649.6414,52309.13,2.1308239,0.0,25.985659,25.985659,0.0,0.0,25.985659,25.985659,25.985659,25.985659,0.0,25.985659,0.0,25.985659,25.985659,0.0,0.0,25.985659,0.0,25.985659,0.0,25.985659,0.0,0.0,25.985659,0.0,0.0,,,6.529419,2.3978953,4.3820267,3.2580965,7.607878,0.07881118,0.0,169.67125,62.310886,113.86984,84.66378,197.69572,2.0479605,0.0,6.514713,0.0
El Anshasy and Katsaiti,25,9,real per capita GDP growth 19842008,1,1,0,Lagged natural resources mining %GDP,0.0,0,1,0,0.043,0.08269230769230768,0.0,0.0,0.0,10,684,79,25,olitical freedom,1,0,1,1,0,1,1,0.0,1,0.043,0,0,1,0,0,2013,0,0,panel,Hausman-Taylor,1,1,0.082,,33,674.0,0.043,0.08269231,0.52,0.020025635,0.038510837,674.2704,0.030303031,25.966717,0.52,0.0,1.0,0.0,0.03851856,17761.234,259.66718,17501.566,2051.3706,649.1679,52271.0,2.1292708,0.0,25.966717,25.966717,0.0,0.0,25.966717,25.966717,25.966717,25.966717,0.0,25.966717,0.0,25.966717,25.966717,0.0,0.0,25.966717,0.0,25.966717,0.0,25.966717,0.0,0.0,25.966717,0.0,0.0,,,6.529419,2.3978953,4.3820267,3.2580965,7.607878,0.07881118,0.0,169.54758,62.26547,113.78685,84.602066,197.55162,2.0464678,0.0,6.514713,0.0
El Anshasy and Katsaiti,25,10,real per capita GDP growth 19842008,1,1,0,Lagged natural resources mining %GDP,0.0,0,1,0,0.06,0.08571428571428572,0.0,0.0,0.0,10,684,79,25,democracy,1,0,1,1,0,1,1,0.0,1,0.06,0,0,1,0,0,2013,0,0,panel,Hausman-Taylor,1,1,0.082,,33,674.0,0.06,0.08571429,0.7,0.026953196,0.038504567,674.49,0.030303031,25.970945,0.7,0.0,1.0,0.0,0.03851856,17764.127,259.70944,17504.418,2051.7046,649.2736,52279.51,2.1296175,0.0,25.970945,25.970945,0.0,0.0,25.970945,25.970945,25.970945,25.970945,0.0,25.970945,0.0,25.970945,25.970945,0.0,0.0,25.970945,0.0,25.970945,0.0,25.970945,0.0,0.0,25.970945,0.0,0.0,,,6.529419,2.3978953,4.3820267,3.2580965,7.607878,0.07881118,0.0,169.57518,62.275608,113.805374,84.615845,197.58379,2.0468009,0.0,6.514713,0.0
El Anshasy and Katsaiti,25,11,real per capita GDP growth 19842008,1,1,0,Lagged natural resources mining %GDP,0.0,0,1,0,-0.013,0.1857142857142857,0.0,0.0,0.0,10,408,79,25,budet transparency,1,0,1,1,0,1,1,0.0,1,-0.013,0,0,1,0,0,2013,0,0,panel,Hausman-Taylor,1,1,0.082,,33,398.0,-0.013,0.18571429,-0.07,-0.0035087613,0.05012516,398.00494,0.030303031,19.950062,-0.07,0.0,1.0,0.0,0.050125472,8139.625,199.50061,7940.1245,1576.0548,498.75153,40159.473,1.635905,0.0,19.950062,19.950062,0.0,0.0,19.950062,19.950062,19.950062,19.950062,0.0,19.950062,0.0,19.950062,19.950062,0.0,0.0,19.950062,0.0,19.950062,0.0,19.950062,0.0,0.0,19.950062,0.0,0.0,,,6.0137153,2.3978953,4.3820267,3.2580965,7.607878,0.07881118,0.0,119.97399,47.838158,87.4217,64.99922,151.77763,1.5722879,0.0,5.988961,0.0
El Anshasy and Katsaiti,25,12,real per capita GDP growth 19842008,1,1,0,mining % GDP,0.0,0,1,0,0.255,0.11538461538461539,-0.39,0.202,2.31,9,684,79,25,corruption,1,1,1,1,0,1,1,0.0,1,0.28272,0,0,1,0,0,2013,0,0,panel,Hausman-Taylor,1,1,0.082,,33,675.0,-0.64589995,0.48067436,-1.3437371,-0.05165143,0.03843864,676.8056,0.030303031,26.015488,-1.3437371,0.0,1.0,0.0,0.03849002,17794.594,234.13939,17560.455,2055.2236,650.3872,52369.18,2.13327,0.0,26.015488,26.015488,26.015488,0.0,26.015488,26.015488,26.015488,26.015488,0.0,26.015488,0.0,26.015488,26.015488,0.0,0.0,26.015488,0.0,26.015488,0.0,26.015488,0.0,0.0,26.015488,0.0,0.0,,,6.529419,2.3025851,4.3820267,3.2580965,7.607878,0.07881118,0.0,169.86603,59.902878,114.000565,84.76097,197.92267,2.0503113,0.0,6.516193,0.0
El Anshasy and Katsaiti,25,13,real per capita GDP growth 19842008,1,1,0,mineral rents % GNI,0.0,0,1,0,-0.018,0.12857142857142856,-0.069,0.209,2.31,9,650,79,25,corruption,1,1,1,1,0,1,1,0.0,1,0.014340000000000002,0,0,1,0,0,2013,0,0,panel,Hausman-Taylor,1,1,0.082,,33,641.0,-0.17739,0.49961665,-0.3550522,-0.01402234,0.039493743,641.12604,0.030303031,25.320467,-0.3550522,0.0,1.0,0.0,0.039497625,16458.303,227.8842,16230.419,2000.3169,633.01166,50970.098,2.0762782,0.0,25.320467,25.320467,25.320467,0.0,25.320467,25.320467,25.320467,25.320467,0.0,25.320467,0.0,25.320467,25.320467,0.0,0.0,25.320467,0.0,25.320467,0.0,25.320467,0.0,0.0,25.320467,0.0,0.0,,,6.4785094,2.3025851,4.3820267,3.2580965,7.607878,0.07881118,0.0,164.03888,58.30253,110.954956,82.49652,192.63503,1.995536,0.0,6.464588,0.0
El Anshasy and Katsaiti,25,14,real per capita GDP growth 19842008,1,1,0,hydrocarbon rents % GNI,0.0,0,1,0,0.14,0.09655172413793105,-0.152,0.143,2.31,9,650,79,25,corruption,1,1,1,1,0,1,1,0.0,1,0.17003000000000001,0,0,1,0,0,2013,0,0,panel,Hausman-Taylor,1,1,0.082,,33,641.0,-0.21112,0.34415135,-0.613451,-0.024222748,0.039486036,641.37634,0.030303031,25.325409,-0.613451,0.0,1.0,0.0,0.039497625,16461.516,227.92868,16233.587,2000.7073,633.1352,50980.047,2.0766835,0.0,25.325409,25.325409,25.325409,0.0,25.325409,25.325409,25.325409,25.325409,0.0,25.325409,0.0,25.325409,25.325409,0.0,0.0,25.325409,0.0,25.325409,0.0,25.325409,0.0,0.0,25.325409,0.0,0.0,,,6.4785094,2.3025851,4.3820267,3.2580965,7.607878,0.07881118,0.0,164.0709,58.31391,110.976616,82.51263,192.67262,1.9959254,0.0,6.464588,0.0
El Anshasy and Katsaiti,25,15,real per capita GDP growth 19842008,1,1,0,all point source resource rents %GNI,0.0,0,1,0,0.148,0.08604651162790697,-0.181,0.168,2.31,9,650,79,25,corruption,1,1,1,1,0,1,1,0.0,1,0.19189,0,0,1,0,0,2013,0,0,panel,Hausman-Taylor,1,1,0.082,,33,641.0,-0.27010998,0.39750484,-0.6795137,-0.026829517,0.03948341,641.4617,0.030303031,25.327093,-0.6795137,0.0,1.0,0.0,0.039497625,16462.611,227.94385,16234.667,2000.8403,633.1773,50983.438,2.0768216,0.0,25.327093,25.327093,25.327093,0.0,25.327093,25.327093,25.327093,25.327093,0.0,25.327093,0.0,25.327093,25.327093,0.0,0.0,25.327093,0.0,25.327093,0.0,25.327093,0.0,0.0,25.327093,0.0,0.0,,,6.4785094,2.3025851,4.3820267,3.2580965,7.607878,0.07881118,0.0,164.08182,58.317787,110.984,82.51811,192.68544,1.9960582,0.0,6.464588,0.0
El Anshasy and Katsaiti,25,16,real per capita GDP growth 19842008,1,1,0,mining % GDP,0.0,0,1,0,0.32,0.12213740458015267,-0.507,0.221,2.14,9,684,79,25,governence,1,1,1,1,0,1,1,0.0,1,0.7694000000000001,0,0,1,0,0,2013,0,0,panel,Hausman-Taylor,1,1,0.082,,33,675.0,-0.7649801,0.48845655,-1.5661169,-0.060170647,0.03842028,677.4527,0.030303031,26.027922,-1.5661169,0.0,1.0,0.0,0.03849002,17803.098,234.2513,17568.848,2056.2058,650.69806,52394.207,2.1342895,0.0,26.027922,26.027922,26.027922,0.0,26.027922,26.027922,26.027922,26.027922,0.0,26.027922,0.0,26.027922,26.027922,0.0,0.0,26.027922,0.0,26.027922,0.0,26.027922,0.0,0.0,26.027922,0.0,0.0,,,6.529419,2.3025851,4.3820267,3.2580965,7.607878,0.07881118,0.0,169.9472,59.931503,114.055046,84.801476,198.01726,2.0512912,0.0,6.516193,0.0
El Anshasy and Katsaiti,25,17,real per capita GDP growth 19842008,1,1,0,mineral rents % GNI,0.0,0,1,0,0.048,0.13333333333333333,-0.2,0.189,2.14,9,650,79,25,governence,1,1,1,1,0,1,1,0.0,1,0.5616000000000001,0,0,1,0,0,2013,0,0,panel,Hausman-Taylor,1,1,0.082,,33,641.0,-0.38,0.42587048,-0.89229006,-0.035221472,0.03947312,641.79614,0.030303031,25.333694,-0.89229006,0.0,1.0,0.0,0.039497625,16466.902,228.00327,16238.898,2001.3619,633.3424,50996.73,2.077363,0.0,25.333694,25.333694,25.333694,0.0,25.333694,25.333694,25.333694,25.333694,0.0,25.333694,0.0,25.333694,25.333694,0.0,0.0,25.333694,0.0,25.333694,0.0,25.333694,0.0,0.0,25.333694,0.0,0.0,,,6.4785094,2.3025851,4.3820267,3.2580965,7.607878,0.07881118,0.0,164.12459,58.33299,111.01293,82.53962,192.73567,1.9965786,0.0,6.464588,0.0
El Anshasy and Katsaiti,25,18,real per capita GDP growth 19842008,1,1,0,hydrocarbon rents % GNI,0.0,0,1,0,0.056,0.0903225806451613,-0.191,0.177,2.14,9,650,79,25,governence,1,1,1,1,0,1,1,0.0,1,0.5268,0,0,1,0,0,2013,0,0,panel,Hausman-Taylor,1,1,0.082,,33,641.0,-0.35274,0.38940012,-0.9058548,-0.035756234,0.039472368,641.8206,0.030303031,25.334179,-0.9058548,0.0,1.0,0.0,0.039497625,16467.217,228.0076,16239.208,2001.4001,633.35443,50997.7,2.0774026,0.0,25.334179,25.334179,25.334179,0.0,25.334179,25.334179,25.334179,25.334179,0.0,25.334179,0.0,25.334179,25.334179,0.0,0.0,25.334179,0.0,25.334179,0.0,25.334179,0.0,0.0,25.334179,0.0,0.0,,,6.4785094,2.3025851,4.3820267,3.2580965,7.607878,0.07881118,0.0,164.12772,58.334103,111.015045,82.5412,192.73935,1.9966166,0.0,6.464588,0.0
El Anshasy and Katsaiti,25,19,real per capita GDP growth 19842008,1,1,0,all point source resource rents %GNI,0.0,0,1,0,0.154,0.10405405405405406,-0.22,0.168,2.14,9,650,79,25,governence,1,1,1,1,0,1,1,0.0,1,0.6034,0,0,1,0,0,2013,0,0,panel,Hausman-Taylor,1,1,0.082,,33,641.0,-0.3168,0.37427515,-0.8464361,-0.033413548,0.03947557,641.71643,0.030303031,25.332123,-0.8464361,0.0,1.0,0.0,0.039497625,16465.879,227.9891,16237.891,2001.2377,633.30304,50993.562,2.077234,0.0,25.332123,25.332123,25.332123,0.0,25.332123,25.332123,25.332123,25.332123,0.0,25.332123,0.0,25.332123,25.332123,0.0,0.0,25.332123,0.0,25.332123,0.0,25.332123,0.0,0.0,25.332123,0.0,0.0,,,6.4785094,2.3025851,4.3820267,3.2580965,7.607878,0.07881118,0.0,164.1144,58.32937,111.006035,82.5345,192.7237,1.9964546,0.0,6.464588,0.0
El Anshasy and Katsaiti,25,20,real per capita GDP growth 19842008,1,1,0,mining % GDP,0.0,0,1,0,0.44,0.1471571906354515,-0.73,0.642,2.16,9,684,79,25,democracy,1,1,1,1,0,1,1,0.0,1,1.1312,0,0,1,0,0,2013,0,0,panel,Hausman-Taylor,1,1,0.082,,33,675.0,-1.1368,1.3945062,-0.81519896,-0.031361587,0.038471084,675.66455,0.030303031,25.99355,-0.81519896,0.0,1.0,0.0,0.03849002,17779.588,233.94194,17545.645,2053.4902,649.83875,52325.01,2.131471,0.0,25.99355,25.99355,25.99355,0.0,25.99355,25.99355,25.99355,25.99355,0.0,25.99355,0.0,25.99355,25.99355,0.0,0.0,25.99355,0.0,25.99355,0.0,25.99355,0.0,0.0,25.99355,0.0,0.0,,,6.529419,2.3025851,4.3820267,3.2580965,7.607878,0.07881118,0.0,169.72276,59.85236,113.90443,84.68949,197.75575,2.0485823,0.0,6.516193,0.0
El Anshasy and Katsaiti,25,21,real per capita GDP growth 19842008,1,1,0,mineral rents % GNI,0.0,0,1,0,-0.043,1.4333333333333333,-0.078,0.369,2.16,9,650,79,25,democracy,1,1,1,1,0,1,1,0.0,1,0.6698000000000001,0,0,1,0,0,2013,0,0,panel,Hausman-Taylor,1,1,0.082,,33,641.0,-0.21148,1.6400357,-0.1289484,-0.00509309,0.039497115,641.0166,0.030303031,25.318306,-0.1289484,0.0,1.0,0.0,0.039497625,16456.898,227.86475,16229.033,2000.1461,632.95764,50965.75,2.076101,0.0,25.318306,25.318306,25.318306,0.0,25.318306,25.318306,25.318306,25.318306,0.0,25.318306,0.0,25.318306,25.318306,0.0,0.0,25.318306,0.0,25.318306,0.0,25.318306,0.0,0.0,25.318306,0.0,0.0,,,6.4785094,2.3025851,4.3820267,3.2580965,7.607878,0.07881118,0.0,164.02487,58.297554,110.94549,82.48948,192.61858,1.9953656,0.0,6.464588,0.0
El Anshasy and Katsaiti,25,22,real per capita GDP growth 19842008,1,1,0,hydrocarbon rents % GNI,0.0,0,1,0,0.094,0.12207792207792208,-0.28,0.548,2.16,9,650,79,25,democracy,1,1,1,1,0,1,1,0.0,1,0.7203999999999999,0,0,1,0,0,2013,0,0,panel,Hausman-Taylor,1,1,0.082,,33,641.0,-0.5108,1.1899586,-0.42925864,-0.016952261,0.03949195,641.1842,0.030303031,25.321615,-0.42925864,0.0,1.0,0.0,0.039497625,16459.05,227.89453,16231.155,2000.4076,633.0404,50972.41,2.0763724,0.0,25.321615,25.321615,25.321615,0.0,25.321615,25.321615,25.321615,25.321615,0.0,25.321615,0.0,25.321615,25.321615,0.0,0.0,25.321615,0.0,25.321615,0.0,25.321615,0.0,0.0,25.321615,0.0,0.0,,,6.4785094,2.3025851,4.3820267,3.2580965,7.607878,0.07881118,0.0,164.04633,58.305176,110.95999,82.50027,192.64377,1.9956264,0.0,6.464588,0.0
El Anshasy and Katsaiti,25,23,real per capita GDP growth 19842008,1,1,0,all point source resource rents %GNI,0.0,0,1,0,0.138,0.13398058252427186,-0.249,0.623,2.16,9,650,79,25,democracy,1,1,1,1,0,1,1,0.0,1,0.7428000000000001,0,0,1,0,0,2013,0,0,panel,Hausman-Taylor,1,1,0.082,,33,641.0,-0.39984,1.3523333,-0.29566675,-0.011677339,0.03949493,641.08746,0.030303031,25.319704,-0.29566675,0.0,1.0,0.0,0.039497625,16457.809,227.87733,16229.931,2000.2567,632.9926,50968.566,2.0762157,0.0,25.319704,25.319704,25.319704,0.0,25.319704,25.319704,25.319704,25.319704,0.0,25.319704,0.0,25.319704,25.319704,0.0,0.0,25.319704,0.0,25.319704,0.0,25.319704,0.0,0.0,25.319704,0.0,0.0,,,6.4785094,2.3025851,4.3820267,3.2580965,7.607878,0.07881118,0.0,164.03395,58.300774,110.95162,82.49404,192.62923,1.9954759,0.0,6.464588,0.0
El Anshasy and Katsaiti,25,24,real per capita GDP growth 19842008,1,1,0,mining % GDP,0.0,0,1,0,0.319,0.39875,-0.48,0.522,3.2,9,408,79,25,budet transparency,1,1,1,1,0,1,1,0.0,1,0.7670000000000001,0,0,1,0,0,2013,0,0,panel,Hausman-Taylor,1,1,0.082,,33,399.0,-1.217,1.7173345,-0.7086564,-0.035454888,0.050031144,399.50217,0.030303031,19.98755,-0.7086564,0.0,1.0,0.0,0.05006262,8154.9204,179.88795,7975.0327,1579.0165,499.68875,40234.938,1.6389791,0.0,19.98755,19.98755,19.98755,0.0,19.98755,19.98755,19.98755,19.98755,0.0,19.98755,0.0,19.98755,19.98755,0.0,0.0,19.98755,0.0,19.98755,0.0,19.98755,0.0,0.0,19.98755,0.0,0.0,,,6.0137153,2.3025851,4.3820267,3.2580965,7.607878,0.07881118,0.0,120.19943,46.023037,87.585976,65.12137,152.06285,1.5752425,0.0,5.9914646,0.0
El Anshasy and Katsaiti,25,25,real per capita GDP growth 19842008,1,1,0,mineral rents % GNI,0.0,0,1,0,0.081,0.26129032258064516,-0.193,0.429,3.2,9,407,79,25,budet transparency,1,1,1,1,0,1,1,0.0,1,0.593,0,0,1,0,0,2013,0,0,panel,Hausman-Taylor,1,1,0.082,,33,398.0,-0.5366,1.397445,-0.3839865,-0.01924394,0.05011619,398.14743,0.030303031,19.953632,-0.3839865,0.0,1.0,0.0,0.050125472,8121.1284,179.58269,7941.5454,1576.3369,498.84082,40166.66,1.6361978,0.0,19.953632,19.953632,19.953632,0.0,19.953632,19.953632,19.953632,19.953632,0.0,19.953632,0.0,19.953632,19.953632,0.0,0.0,19.953632,0.0,19.953632,0.0,19.953632,0.0,0.0,19.953632,0.0,0.0,,,6.011267,2.3025851,4.3820267,3.2580965,7.607878,0.07881118,0.0,119.94662,45.944935,87.43735,65.01086,151.80481,1.5725694,0.0,5.988961,0.0
El Anshasy and Katsaiti,25,26,real per capita GDP growth 19842008,1,1,0,hydrocarbon rents % GNI,0.0,0,1,0,0.098,0.19215686274509805,-0.19,0.404,3.2,9,389,79,25,budet transparency,1,1,1,1,0,1,1,0.0,1,0.482,0,0,1,0,0,2013,0,0,panel,Hausman-Taylor,1,1,0.082,,33,380.0,-0.51,1.3070027,-0.39020577,-0.020013124,0.051288642,380.15228,0.030303031,19.497494,-0.39020577,0.0,1.0,0.0,0.051298916,7584.5254,175.47745,7409.048,1540.302,487.43735,39248.457,1.5987946,0.0,19.497494,19.497494,19.497494,0.0,19.497494,19.497494,19.497494,19.497494,0.0,19.497494,0.0,19.497494,19.497494,0.0,0.0,19.497494,0.0,19.497494,0.0,19.497494,0.0,0.0,19.497494,0.0,0.0,,,5.966147,2.3025851,4.3820267,3.2580965,7.607878,0.07881118,0.0,116.32491,44.89464,85.43854,63.524715,148.33456,1.5366206,0.0,5.9427996,0.0
El Anshasy and Katsaiti,25,27,real per capita GDP growth 19842008,1,1,0,all point source resource rents %GNI,0.0,0,1,0,0.189,0.17830188679245282,-0.12,0.176,3.2,9,389,79,25,budet transparency,1,1,1,1,0,1,1,0.0,1,0.637,0,0,1,0,0,2013,0,0,panel,Hausman-Taylor,1,1,0.082,,33,380.0,-0.195,0.5907502,-0.33008873,-0.016930768,0.051291566,380.10895,0.030303031,19.496382,-0.33008873,0.0,1.0,0.0,0.051298916,7584.093,175.46744,7408.6255,1540.2142,487.40958,39246.22,1.5987034,0.0,19.496382,19.496382,19.496382,0.0,19.496382,19.496382,19.496382,19.496382,0.0,19.496382,0.0,19.496382,19.496382,0.0,0.0,19.496382,0.0,19.496382,0.0,19.496382,0.0,0.0,19.496382,0.0,0.0,,,5.966147,2.3025851,4.3820267,3.2580965,7.607878,0.07881118,0.0,116.31828,44.892082,85.43367,63.521095,148.32611,1.536533,0.0,5.9427996,0.0
El Anshasy and Katsaiti,25,28,real per capita GDP growth 19842008,1,1,0,all point source resource rents %GNI,0.0,0,1,0,0.0016,0.004324324324324324,0.0,0.005,2.31,9,1025,32,25,corruption,1,1,1,1,0,1,1,1.0,0,0.3019,0,0,1,0,0,2013,0,0,panel,OLS,1,1,0.082,,33,1016.0,0.0016,0.012332975,0.1297335,0.0040700682,0.03137253,1016.01697,0.030303031,31.875021,0.1297335,0.0,1.0,0.0,0.03137279,32671.896,286.87518,32385.021,1020.0007,796.87555,64164.418,2.6137516,0.0,31.875021,31.875021,31.875021,0.0,31.875021,31.875021,31.875021,31.875021,0.0,31.875021,0.0,31.875021,31.875021,0.0,0.0,31.875021,0.0,0.0,31.875021,31.875021,0.0,0.0,31.875021,0.0,0.0,,,6.933423,2.3025851,3.4965076,3.2580965,7.607878,0.07881118,0.0,221.003,73.39495,111.451256,103.85189,242.50128,2.512108,0.0,6.9246125,0.0
El Anshasy and Katsaiti,25,29,real per capita GDP growth 19842008,1,1,0,all point source resource rents %GNI,0.0,0,1,0,0.0065,0.004710144927536232,0.012,0.006,2.14,9,1018,32,25,governence,1,1,1,1,0,1,1,1.0,0,0.3275,0,0,1,0,0,2013,0,0,panel,OLS,1,1,0.082,,33,1009.0,0.03218,0.013676661,2.3529134,0.07387069,0.031395413,1014.5363,0.030303031,31.851788,2.3529134,0.0,1.0,0.0,0.031481426,32425.12,286.66608,32138.453,1019.2572,796.2947,64117.65,2.6118464,0.0,31.851788,31.851788,31.851788,0.0,31.851788,31.851788,31.851788,31.851788,0.0,31.851788,0.0,31.851788,31.851788,0.0,0.0,31.851788,0.0,0.0,31.851788,31.851788,0.0,0.0,31.851788,0.0,0.0,,,6.926577,2.3025851,3.4965076,3.2580965,7.607878,0.07881118,0.0,220.62386,73.34145,111.37002,103.77619,242.32451,2.510277,0.0,6.9177055,0.0
El Anshasy and Katsaiti,25,30,real per capita GDP growth 19842008,1,1,0,all point source resource rents %GNI,0.0,0,1,0,0.009,0.006521739130434782,0.003,0.007,3.2,9,517,32,25,budget transparence,1,1,1,1,0,1,1,1.0,0,1.001,0,0,1,0,0,2013,0,0,panel,OLS,1,1,0.082,,33,508.0,0.0186,0.023330089,0.7972537,0.035350304,0.044340093,508.63565,0.030303031,22.552952,0.7972537,0.0,1.0,0.0,0.044367824,11659.876,202.97658,11456.899,721.69446,563.8238,45399.094,1.8493421,0.0,22.552952,22.552952,22.552952,0.0,22.552952,22.552952,22.552952,22.552952,0.0,22.552952,0.0,22.552952,22.552952,0.0,0.0,22.552952,0.0,0.0,22.552952,22.552952,0.0,0.0,22.552952,0.0,0.0,,,6.249975,2.3025851,3.4965076,3.2580965,7.607878,0.07881118,0.0,140.9554,51.93009,78.85657,73.47969,171.58011,1.7774249,0.0,6.232448,0.0
El Anshasy and Katsaiti,25,31,real per capita GDP growth 19842008,1,1,0,all point source resource rents %GNI,0.0,0,1,0,-0.004,0.00625,-0.004,0.008,2.31,9,419,32,25,corruption,1,1,1,1,0,1,1,1.0,0,0.6428,0,0,1,0,0,2013,0,0,panel,OLS,1,1,0.082,,33,410.0,-0.01324,0.019508278,-0.67868626,-0.033499114,0.049358763,410.4606,0.030303031,20.259827,-0.67868626,0.0,1.0,0.0,0.04938648,8488.867,182.33844,8306.529,648.31445,506.49567,40783.03,1.6613058,0.0,20.259827,20.259827,20.259827,0.0,20.259827,20.259827,20.259827,20.259827,0.0,20.259827,0.0,20.259827,20.259827,0.0,0.0,20.259827,0.0,0.0,20.259827,20.259827,0.0,0.0,20.259827,0.0,0.0,,,6.0402546,2.3025851,3.4965076,3.2580965,7.607878,0.07881118,0.0,122.37451,46.649975,70.83864,66.00847,154.1343,1.5967009,0.0,6.0185933,0.0
El Anshasy and Katsaiti,25,32,real per capita GDP growth 19842008,1,1,0,all point source resource rents %GNI,0.0,0,1,0,0.001,0.005555555555555556,0.015,0.008,2.14,9,419,32,25,governence,1,1,1,1,0,1,1,1.0,0,0.5788000000000001,0,0,1,0,0,2013,0,0,panel,OLS,1,1,0.082,,33,410.0,0.033099998,0.01799885,1.8390063,0.09044977,0.049184047,413.38193,0.030303031,20.331797,1.8390063,0.0,1.0,0.0,0.04938648,8519.022,182.98616,8336.036,650.6175,508.2949,40927.906,1.6672072,0.0,20.331797,20.331797,20.331797,0.0,20.331797,20.331797,20.331797,20.331797,0.0,20.331797,0.0,20.331797,20.331797,0.0,0.0,20.331797,0.0,0.0,20.331797,20.331797,0.0,0.0,20.331797,0.0,0.0,,,6.0402546,2.3025851,3.4965076,3.2580965,7.607878,0.07881118,0.0,122.80923,46.81569,71.09028,66.24295,154.68182,1.6023729,0.0,6.0185933,0.0
El Anshasy and Katsaiti,25,33,real per capita GDP growth 19842008,1,1,0,all point source resource rents %GNI,0.0,0,1,0,0.016,0.013008130081300813,-0.016,0.019,3.2,9,245,32,25,budget transparence,1,1,1,1,0,1,1,1.0,0,0.784,0,0,1,0,0,2013,0,0,panel,OLS,1,1,0.082,,33,236.0,-0.035200004,0.06217597,-0.56613517,-0.036827262,0.0650503,236.32053,0.030303031,15.37272,-0.56613517,0.0,1.0,0.0,0.065094456,3766.3164,138.35448,3627.962,491.92703,384.318,30945.285,1.260563,0.0,15.37272,15.37272,15.37272,0.0,15.37272,15.37272,15.37272,15.37272,0.0,15.37272,0.0,15.37272,15.37272,0.0,0.0,15.37272,0.0,0.0,15.37272,15.37272,0.0,0.0,15.37272,0.0,0.0,,,5.5053315,2.3025851,3.4965076,3.2580965,7.607878,0.07881118,0.0,84.63192,35.396996,53.75083,50.085804,116.95378,1.2115422,0.0,5.46806,0.0
Sala-i-Martin and Subramanian,26,1,"real per capita GDP growth, 1970-98",1,1,0,naturalresourcesharegdp70,0.0,1,0,0,-2.427,3.025,0.0,0.0,0.0,8,71,71,1,rule of law,1,0,1,0,1,0,1,1.0,0,-2.427,0,1,0,0,0,2003,719,183,cross-sectional,OLS,0,0,0.0,"Xavier Sala-i-Martín & Arvind Subramanian, 2003. ""Addressing the natural resource curse: An illustration from Nigeria,"" Economics Working Papers 685, Department of Economics and Business, Universitat Pompeu Fabra.",24,63.0,-2.427,3.025,-0.80231404,-0.10056958,0.1253494,63.643707,0.041666668,7.9777007,-0.80231404,1.0,0.0,0.0,0.12598816,566.41675,63.821606,502.59512,566.41675,7.9777007,15979.334,0.0,5735.967,0.0,7.9777007,0.0,7.9777007,0.0,7.9777007,7.9777007,0.0,7.9777007,0.0,0.0,7.9777007,7.9777007,0.0,7.9777007,0.0,0.0,0.0,7.9777007,0.0,0.0,7.9777007,0.0,0.0,0.0,,,4.276666,2.1972246,4.276666,0.6931472,7.6029005,0.0,6.5792513,34.11796,17.528801,34.11796,5.529721,60.653664,0.0,52.487297,4.158883,0.0
Sala-i-Martin and Subramanian,26,2,"real per capita GDP growth, 1970-98",1,1,0,naturalresourcesharexp70,0.0,1,0,0,0.001,0.01,0.0,0.0,0.0,8,71,71,1,rule of law,1,0,1,0,1,0,1,1.0,0,0.001,0,1,0,0,0,2003,719,183,cross-sectional,OLS,0,0,0.0,,24,63.0,0.001,0.01,0.10000001,0.012597817,0.12597816,63.010002,0.041666668,7.937884,0.10000001,1.0,0.0,0.0,0.12598816,563.5898,63.50307,500.0867,563.5898,7.937884,15899.582,0.0,5707.3384,0.0,7.937884,0.0,7.937884,0.0,7.937884,7.937884,0.0,7.937884,0.0,0.0,7.937884,7.937884,0.0,7.937884,0.0,0.0,0.0,7.937884,0.0,0.0,7.937884,0.0,0.0,0.0,,,4.276666,2.1972246,4.276666,0.6931472,7.6029005,0.0,6.5792513,33.94768,17.441315,33.94768,5.502122,60.35094,0.0,52.225334,4.158883,0.0
Sala-i-Martin and Subramanian,26,3,"real per capita GDP growth, 1970-98",1,1,0,naturalresourcesharegdp80,0.0,1,0,0,2.238,1.546,0.0,0.0,0.0,8,71,71,1,rule of law,1,0,1,0,1,0,1,1.0,0,2.238,0,0,1,0,0,2003,719,183,cross-sectional,OLS,0,0,0.0,,24,63.0,2.238,1.546,1.4476067,0.17942166,0.12394366,65.095566,0.041666668,8.068182,1.4476067,1.0,0.0,0.0,0.12598816,572.84094,64.545456,508.29547,572.84094,8.068182,16160.569,0.0,5801.023,0.0,8.068182,0.0,8.068182,0.0,8.068182,8.068182,0.0,8.068182,0.0,0.0,8.068182,8.068182,0.0,8.068182,0.0,0.0,0.0,8.068182,0.0,0.0,0.0,8.068182,0.0,0.0,,,4.276666,2.1972246,4.276666,0.6931472,7.6029005,0.0,6.5792513,34.50492,17.727608,34.50492,5.5924377,61.341587,0.0,53.0826,4.158883,0.0
Sala-i-Martin and Subramanian,26,4,"real per capita GDP growth, 1970-98",1,1,0,naturalresourcesharexp70,0.0,1,0,0,0.009,0.01,0.0,0.0,0.0,8,71,71,1,rule of law,1,0,1,0,1,0,1,1.0,0,0.009,0,1,0,0,0,2003,719,183,cross-sectional,OLS,0,0,0.0,,24,63.0,0.009,0.01,0.9,0.11266736,0.12518595,63.81001,0.041666668,7.9881167,0.9,1.0,0.0,0.0,0.12598816,567.1563,63.904934,503.25134,567.1563,7.9881167,16000.198,0.0,5743.456,0.0,7.9881167,0.0,7.9881167,0.0,7.9881167,7.9881167,0.0,7.9881167,0.0,0.0,7.9881167,7.9881167,0.0,7.9881167,0.0,0.0,0.0,7.9881167,0.0,0.0,7.9881167,0.0,0.0,0.0,,,4.276666,2.1972246,4.276666,0.6931472,7.6029005,0.0,6.5792513,34.16251,17.551687,34.16251,5.5369406,60.732857,0.0,52.55583,4.158883,0.0
Sala-i-Martin and Subramanian,26,5,"real per capita GDP growth, 1970-98",1,1,0,naturalresourcesharegdp80,0.0,1,0,0,2.418,1.681,0.0,0.0,0.0,9,69,69,1,rule of law,1,0,1,0,1,0,1,1.0,0,2.418,0,0,1,0,0,2003,719,183,cross-sectional,OLS,0,0,0.0,,24,60.0,2.418,1.681,1.4384295,0.18257904,0.12692943,62.069084,0.041666668,7.878393,1.4384295,1.0,0.0,0.0,0.12909944,543.60913,70.90554,472.7036,543.60913,7.878393,15780.422,0.0,5664.565,0.0,7.878393,0.0,7.878393,0.0,7.878393,7.878393,0.0,7.878393,0.0,0.0,7.878393,7.878393,0.0,7.878393,0.0,0.0,0.0,7.878393,0.0,0.0,0.0,7.878393,0.0,0.0,,,4.248495,2.3025851,4.248495,0.6931472,7.6029005,0.0,6.5792513,33.471317,18.14067,33.471317,5.460886,59.89864,0.0,51.83393,4.1108737,0.0
Sala-i-Martin and Subramanian,26,6,"real per capita GDP growth, 1970-98",1,1,0,fuelandmineralsgareexp70,0.0,0,1,1,0.002,0.012,0.0,0.0,0.0,9,71,71,1,rule of law,1,0,1,0,1,0,1,1.0,0,0.002,0,1,0,0,0,2003,719,183,cross-sectional,OLS,0,0,0.0,,24,62.0,0.002,0.012,0.16666667,0.02116195,0.12697169,62.02777,0.041666668,7.875771,0.16666667,1.0,0.0,0.0,0.12700012,559.17975,70.88194,488.29782,559.17975,7.875771,15775.17,0.0,5662.6797,0.0,7.875771,0.0,7.875771,0.0,7.875771,7.875771,0.0,0.0,7.875771,7.875771,7.875771,7.875771,0.0,7.875771,0.0,0.0,0.0,7.875771,0.0,0.0,7.875771,0.0,0.0,0.0,,,4.276666,2.3025851,4.276666,0.6931472,7.6029005,0.0,6.5792513,33.682045,18.134634,33.682045,5.459069,59.878704,0.0,51.816677,4.1431346,0.0
Sala-i-Martin and Subramanian,26,7,"real per capita GDP growth, 1970-98",1,1,0,fuelandmineralsgareexp80,0.0,0,1,1,0.011,0.009,0.0,0.0,0.0,9,71,71,1,rule of law,1,0,1,0,1,0,1,1.0,0,0.011,0,0,1,0,0,2003,719,183,cross-sectional,OLS,0,0,0.0,,24,62.0,0.011,0.009,1.2222222,0.15338553,0.12549725,63.493835,0.041666668,7.968302,1.2222222,1.0,0.0,0.0,0.12700012,565.74945,71.714714,494.03473,565.74945,7.968302,15960.509,0.0,5729.209,0.0,7.968302,0.0,7.968302,0.0,7.968302,7.968302,0.0,0.0,7.968302,7.968302,7.968302,7.968302,0.0,7.968302,0.0,0.0,0.0,7.968302,0.0,0.0,0.0,7.968302,0.0,0.0,,,4.276666,2.3025851,4.276666,0.6931472,7.6029005,0.0,6.5792513,34.077766,18.347694,34.077766,5.523206,60.582207,0.0,52.42546,4.1431346,0.0
Sala-i-Martin and Subramanian,26,8,"real per capita GDP growth, 1970-98",1,1,0,fuelandmineralsgaregdp70,0.0,0,1,1,-1.474,3.544,0.0,0.0,0.0,9,71,71,1,rule of law,1,0,1,0,1,0,1,1.0,0,-1.474,0,1,0,0,0,2003,719,183,cross-sectional,OLS,0,0,0.0,,24,62.0,-1.474,3.544,-0.41591424,-0.052747626,0.12682332,62.17299,0.041666668,7.884985,-0.41591424,1.0,0.0,0.0,0.12700012,559.8339,70.96487,488.86908,559.8339,7.884985,15793.625,0.0,5669.304,0.0,7.884985,0.0,7.884985,0.0,7.884985,7.884985,0.0,0.0,7.884985,7.884985,7.884985,7.884985,0.0,7.884985,0.0,0.0,0.0,7.884985,0.0,0.0,7.884985,0.0,0.0,0.0,,,4.276666,2.3025851,4.276666,0.6931472,7.6029005,0.0,6.5792513,33.72145,18.15585,33.72145,5.465455,59.948757,0.0,51.8773,4.1431346,0.0
Sala-i-Martin and Subramanian,26,9,"real per capita GDP growth, 1970-98",1,1,0,fuelandmineralsgaregdp80,0.0,0,1,1,2.787,1.691,0.0,0.0,0.0,9,71,71,1,rule of law,1,0,1,0,1,0,1,1.0,0,2.787,0,0,1,0,0,2003,719,183,cross-sectional,OLS,0,0,0.0,,24,62.0,2.787,1.691,1.6481372,0.20487376,0.12430625,64.71636,0.041666668,8.044648,1.6481372,1.0,0.0,0.0,0.12700012,571.17,72.40183,498.7682,571.17,8.044648,16113.43,0.0,5784.102,0.0,8.044648,0.0,8.044648,0.0,8.044648,8.044648,0.0,0.0,8.044648,8.044648,8.044648,8.044648,0.0,8.044648,0.0,0.0,0.0,8.044648,0.0,0.0,0.0,8.044648,0.0,0.0,,,4.276666,2.3025851,4.276666,0.6931472,7.6029005,0.0,6.5792513,34.404274,18.523487,34.404274,5.576125,61.16266,0.0,52.92776,4.1431346,0.0
Sala-i-Martin and Subramanian,26,10,"real per capita GDP growth, 1970-98",1,1,0,fuelsharegdp80,0.0,0,1,1,2.549,1.537,0.0,0.0,0.0,12,71,71,1,rule of law,1,0,1,0,1,0,1,1.0,0,2.549,0,0,1,0,0,2003,719,183,cross-sectional,OLS,0,0,0.0,,24,59.0,2.549,1.537,1.6584256,0.21104555,0.12725657,61.75037,0.041666668,7.8581405,1.6584256,1.0,0.0,0.0,0.13018891,557.928,94.29768,463.63028,557.928,7.8581405,15739.855,0.0,5650.003,0.0,7.8581405,0.0,7.8581405,0.0,7.8581405,7.8581405,0.0,0.0,7.8581405,7.8581405,7.8581405,7.8581405,0.0,7.8581405,0.0,0.0,0.0,7.8581405,0.0,0.0,0.0,7.8581405,0.0,0.0,,,4.276666,2.5649493,4.276666,0.6931472,7.6029005,0.0,6.5792513,33.606644,20.155731,33.606644,5.446848,59.74466,0.0,51.70068,4.0943446,0.0
Sala-i-Martin and Subramanian,26,11,"real per capita GDP growth, 1970-98",1,1,0,fuelmineralsharegdp80,0.0,0,1,1,2.556,1.468,0.0,0.0,0.0,10,71,71,1,rule of law,1,0,1,0,1,0,1,1.0,0,2.556,0,0,1,0,0,2003,719,183,cross-sectional,OLS,0,0,0.0,,24,61.0,2.556,1.468,1.7411443,0.21758935,0.12496916,64.03159,0.041666668,8.001974,1.7411443,1.0,0.0,0.0,0.12803689,568.14014,80.019745,488.12042,568.14014,8.001974,16027.954,0.0,5753.4194,0.0,8.001974,0.0,8.001974,0.0,8.001974,8.001974,0.0,0.0,8.001974,8.001974,8.001974,8.001974,0.0,8.001974,0.0,0.0,0.0,8.001974,0.0,0.0,0.0,8.001974,0.0,0.0,,,4.276666,2.3978953,4.276666,0.6931472,7.6029005,0.0,6.5792513,34.22177,19.187897,34.22177,5.546546,60.838215,0.0,52.647,4.1271343,0.0
Sala-i-Martin and Subramanian,26,12,"real per capita GDP growth, 1970-98",1,1,0,fuelmineralsharegdp80,0.0,0,1,1,3.127,1.644,0.0,0.0,0.0,10,71,71,1,rule of law,1,0,1,0,1,0,1,1.0,0,3.127,0,0,1,0,0,2003,719,183,cross-sectional,OLS,0,0,0.0,,24,61.0,3.127,1.644,1.9020681,0.23661909,0.12440095,64.61787,0.041666668,8.038524,1.9020681,1.0,0.0,0.0,0.12803689,570.73517,80.38524,490.34995,570.73517,8.038524,16101.163,0.0,5779.6987,0.0,8.038524,0.0,8.038524,0.0,8.038524,8.038524,0.0,0.0,8.038524,8.038524,8.038524,8.038524,0.0,8.038524,0.0,0.0,0.0,8.038524,0.0,0.0,0.0,8.038524,0.0,0.0,,,4.276666,2.3978953,4.276666,0.6931472,7.6029005,0.0,6.5792513,34.378082,19.27554,34.378082,5.57188,61.116096,0.0,52.887466,4.1271343,0.0
Sala-i-Martin and Subramanian,26,13,"real per capita GDP growth, 1970-98",1,1,0,fuelmineralsharegdp80,0.0,0,1,1,2.539,1.631,0.0,0.0,0.0,10,71,71,1,rule of law,1,0,1,0,1,1,1,1.0,0,2.539,0,0,1,0,0,2003,719,183,cross-sectional,OLS,0,0,0.0,,24,61.0,2.539,1.631,1.5567137,0.19547181,0.12556696,63.42336,0.041666668,7.9638786,1.5567137,1.0,0.0,0.0,0.12803689,565.43536,79.63879,485.79657,565.43536,7.9638786,15951.648,0.0,5726.029,0.0,7.9638786,0.0,7.9638786,7.9638786,7.9638786,7.9638786,0.0,0.0,7.9638786,7.9638786,7.9638786,7.9638786,0.0,7.9638786,0.0,0.0,0.0,7.9638786,0.0,0.0,0.0,7.9638786,0.0,0.0,,,4.276666,2.3978953,4.276666,0.6931472,7.6029005,0.0,6.5792513,34.05885,19.096546,34.05885,5.5201397,60.548576,0.0,52.39636,4.1271343,0.0
Sala-i-Martin and Subramanian,26,14,"real per capita GDP growth, 1970-98",1,1,0,fuelmineralsharegdp80,0.0,0,1,1,3.674,1.708,0.0,0.0,0.0,10,71,71,1,rule of law,1,0,1,0,1,0,1,1.0,0,3.674,0,0,1,0,0,2003,719,183,cross-sectional,OLS,0,0,0.0,,24,61.0,3.674,1.708,2.151054,0.26552776,0.12344077,65.62703,0.041666668,8.101051,2.151054,1.0,0.0,0.0,0.12803689,575.1746,81.01051,494.16412,575.1746,8.101051,16226.405,0.0,5824.656,0.0,8.101051,0.0,8.101051,0.0,8.101051,8.101051,0.0,0.0,8.101051,8.101051,8.101051,8.101051,0.0,8.101051,0.0,0.0,0.0,8.101051,0.0,0.0,0.0,8.101051,0.0,0.0,,,4.276666,2.3978953,4.276666,0.6931472,7.6029005,0.0,6.5792513,34.645493,19.425472,34.645493,5.6152205,61.591484,0.0,53.29885,4.1271343,0.0
Sala-i-Martin and Subramanian,26,15,"real per capita GDP growth, 1970-98",1,1,0,fuelmineralsharegdp80,0.0,0,1,1,2.59,1.665,0.0,0.0,0.0,10,71,71,1,rule of law,1,0,1,0,1,0,1,1.0,0,2.59,0,0,1,0,0,2003,719,183,cross-sectional,OLS,0,0,0.0,,24,61.0,2.59,1.665,1.5555556,0.19533193,0.12557052,63.41976,0.041666668,7.9636526,1.5555556,1.0,0.0,0.0,0.12803689,565.4193,79.63653,485.7828,565.4193,7.9636526,15951.196,0.0,5725.866,0.0,7.9636526,0.0,7.9636526,0.0,7.9636526,7.9636526,0.0,0.0,7.9636526,7.9636526,7.9636526,7.9636526,0.0,7.9636526,0.0,0.0,0.0,7.9636526,0.0,0.0,0.0,7.9636526,0.0,0.0,,,4.276666,2.3978953,4.276666,0.6931472,7.6029005,0.0,6.5792513,34.057884,19.096004,34.057884,5.5199833,60.54686,0.0,52.39487,4.1271343,0.0
Sala-i-Martin and Subramanian,26,16,"real per capita GDP growth, 1970-98",1,1,0,fuelmineralsharegdp80,0.0,0,1,1,3.766,4.106,0.0,0.0,0.0,9,71,71,1,voice,1,0,1,0,1,0,0,1.0,0,3.766,0,0,1,0,0,2003,719,183,cross-sectional,OLS,0,0,0.0,,24,62.0,3.766,4.106,0.91719437,0.1157015,0.1261472,62.841248,0.041666668,7.927247,0.91719437,1.0,0.0,0.0,0.12700012,562.83453,71.34522,491.48932,562.83453,7.927247,15878.276,0.0,5699.691,0.0,7.927247,0.0,7.927247,0.0,0.0,7.927247,0.0,0.0,7.927247,7.927247,7.927247,7.927247,0.0,7.927247,0.0,0.0,0.0,7.927247,0.0,0.0,0.0,7.927247,0.0,0.0,,,4.276666,2.3025851,4.276666,0.6931472,7.6029005,0.0,6.5792513,33.90219,18.25316,33.90219,5.494749,60.270073,0.0,52.15535,4.1431346,0.0
Sala-i-Martin and Subramanian,26,17,"real per capita GDP growth, 1970-98",1,1,0,fuelmineralsharegdp80,0.0,0,1,1,3.354,2.003,0.0,0.0,0.0,9,70,70,1,governence,1,0,1,0,1,0,0,1.0,0,3.354,0,0,1,0,0,2003,719,183,cross-sectional,OLS,0,0,0.0,,24,61.0,3.354,2.003,1.6744883,0.20963243,0.12519193,63.803917,0.041666668,7.9877353,1.6744883,1.0,0.0,0.0,0.12803689,559.1415,71.88962,487.25186,559.1415,7.9877353,15999.435,0.0,5743.1816,0.0,7.9877353,0.0,7.9877353,0.0,0.0,7.9877353,0.0,0.0,7.9877353,7.9877353,7.9877353,7.9877353,0.0,7.9877353,0.0,0.0,0.0,7.9877353,0.0,0.0,0.0,7.9877353,0.0,0.0,,,4.26268,2.3025851,4.26268,0.6931472,7.6029005,0.0,6.5792513,34.04916,18.39244,34.04916,5.5366764,60.729958,0.0,52.553318,4.1271343,0.0
Sala-i-Martin and Subramanian,26,18,"real per capita GDP growth, 1970-98",1,1,0,fuelmineralsharegdp80,0.0,0,1,1,2.041,1.632,0.0,0.0,0.0,9,69,69,1,corruption,1,0,1,0,1,0,0,1.0,0,2.041,0,0,1,0,0,2003,719,183,cross-sectional,OLS,0,0,0.0,,24,60.0,2.041,1.632,1.2506127,0.15938936,0.12744902,61.564022,0.041666668,7.8462744,1.2506127,1.0,0.0,0.0,0.12909944,541.39294,70.61647,470.77646,541.39294,7.8462744,15716.088,0.0,5641.471,0.0,7.8462744,0.0,7.8462744,0.0,0.0,7.8462744,0.0,0.0,7.8462744,7.8462744,7.8462744,7.8462744,0.0,7.8462744,0.0,0.0,0.0,7.8462744,0.0,0.0,0.0,7.8462744,0.0,0.0,,,4.248495,2.3025851,4.248495,0.6931472,7.6029005,0.0,6.5792513,33.334858,18.066715,33.334858,5.438623,59.654446,0.0,51.622612,4.1108737,0.0
Sala-i-Martin and Subramanian,26,19,"real per capita GDP growth, 1970-98",1,1,0,fuelmineralsharegdp80,0.0,0,1,1,8.248,9.585,0.0,0.0,0.0,9,70,70,1,stability,1,0,1,0,1,0,0,1.0,0,8.248,0,0,1,0,0,2003,719,183,cross-sectional,OLS,0,0,0.0,,24,61.0,8.248,9.585,0.86051124,0.10951448,0.12726676,61.74048,0.041666668,7.857511,0.86051124,1.0,0.0,0.0,0.12803689,550.02576,70.7176,479.30817,550.02576,7.857511,15738.595,0.0,5649.5503,0.0,7.857511,0.0,7.857511,0.0,0.0,7.857511,0.0,0.0,7.857511,7.857511,7.857511,7.857511,0.0,7.857511,0.0,0.0,0.0,7.857511,0.0,0.0,0.0,7.857511,0.0,0.0,,,4.26268,2.3025851,4.26268,0.6931472,7.6029005,0.0,6.5792513,33.494057,18.092588,33.494057,5.4464116,59.739876,0.0,51.69654,4.1271343,0.0
Sala-i-Martin and Subramanian,26,20,"real per capita GDP growth, 1970-98",1,1,0,fuelmineralsharegdp80,0.0,0,1,1,1.591,1.582,0.0,0.0,0.0,9,69,69,1,rule of law,1,0,1,0,1,0,1,1.0,0,1.591,0,0,1,0,0,2003,719,183,cross-sectional,OLS,0,0,0.0,,24,60.0,1.591,1.582,1.005689,0.12875324,0.1280249,61.01141,0.041666668,7.8109803,1.005689,1.0,0.0,0.0,0.12909944,538.95764,70.29882,468.6588,538.95764,7.8109803,15645.394,0.0,5616.0947,0.0,7.8109803,0.0,7.8109803,0.0,7.8109803,7.8109803,0.0,0.0,7.8109803,7.8109803,7.8109803,7.8109803,0.0,7.8109803,0.0,0.0,0.0,7.8109803,0.0,0.0,0.0,7.8109803,0.0,0.0,,,4.248495,2.3025851,4.248495,0.6931472,7.6029005,0.0,6.5792513,33.18491,17.985447,33.18491,5.414159,59.386105,0.0,51.3904,4.1108737,0.0
Sala-i-Martin and Subramanian,26,21,"real per capita GDP growth, 1970-98",1,1,0,fuelmineralsharegdp80,0.0,0,1,1,2.367,1.555,0.0,0.0,0.0,11,71,71,1,rule of law,1,0,1,0,1,0,1,1.0,0,2.367,0,0,1,0,0,2003,719,183,cross-sectional,OLS,0,0,0.0,,24,60.0,2.367,1.555,1.5221866,0.1928255,0.12667665,62.317047,0.041666668,7.8941145,1.5221866,1.0,0.0,0.0,0.12909944,560.4821,86.83526,473.64688,560.4821,7.8941145,15811.912,0.0,5675.8687,0.0,7.8941145,0.0,7.8941145,0.0,7.8941145,7.8941145,0.0,0.0,7.8941145,7.8941145,7.8941145,7.8941145,0.0,7.8941145,0.0,0.0,0.0,7.8941145,0.0,0.0,0.0,7.8941145,0.0,0.0,,,4.276666,2.4849067,4.276666,0.6931472,7.6029005,0.0,6.5792513,33.760494,19.616138,33.760494,5.471783,60.01817,0.0,51.937363,4.1108737,0.0
Sala-i-Martin and Subramanian,26,22,"real per capita GDP growth, 1970-98",1,1,0,fuelmineralsharegdp80,0.0,0,1,1,3.164,2.186,0.0,0.0,0.0,9,51,51,1,rule of law,1,0,1,0,1,0,1,1.0,0,3.164,0,0,1,0,0,2003,719,183,cross-sectional,OLS,0,0,0.0,,24,42.0,3.164,2.186,1.4473925,0.21796758,0.15059328,44.094944,0.041666668,6.6404023,1.4473925,1.0,0.0,0.0,0.15430336,338.66052,59.763622,278.8969,338.66052,6.6404023,13300.727,0.0,4774.449,0.0,6.6404023,0.0,6.6404023,0.0,6.6404023,6.6404023,0.0,0.0,6.6404023,6.6404023,6.6404023,6.6404023,0.0,6.6404023,0.0,0.0,0.0,6.6404023,0.0,0.0,0.0,6.6404023,0.0,0.0,,,3.9512436,2.3025851,3.9512436,0.6931472,7.6029005,0.0,6.5792513,26.237848,15.290092,26.237848,4.6027765,50.48632,0.0,43.688877,3.7612002,0.0
Sala-i-Martin and Subramanian,26,23,"real per capita GDP growth, 1970-98",1,1,0,fuelmineralsharegdp80,0.0,0,1,1,5.561,2.685,0.0,0.0,0.0,6,53,53,1,rule of law,1,0,1,0,1,0,1,1.0,0,5.561,0,0,1,0,0,2003,719,183,cross-sectional,OLS,0,0,0.0,,24,47.0,5.561,2.685,2.071136,0.28919712,0.13963212,51.289604,0.041666668,7.161676,2.071136,1.0,0.0,0.0,0.145865,379.56882,42.970055,336.59875,379.56882,7.161676,14344.837,0.0,5149.245,0.0,7.161676,0.0,7.161676,0.0,7.161676,7.161676,0.0,0.0,7.161676,7.161676,7.161676,7.161676,0.0,7.161676,0.0,0.0,0.0,7.161676,0.0,0.0,0.0,7.161676,0.0,0.0,,,3.988984,1.9459101,3.988984,0.6931472,7.6029005,0.0,6.5792513,28.567812,13.935978,28.567812,4.9640956,54.44951,0.0,47.118465,3.871201,0.0
Sala-i-Martin and Subramanian,26,24,"real per capita GDP growth, 1970-98",1,1,0,fuelmineralsharegdp80,0.0,0,1,1,2.643,1.722,0.0,0.0,0.0,9,71,71,1,rule of law,1,0,1,0,1,0,1,1.0,0,2.643,0,0,1,0,0,2003,719,183,cross-sectional,OLS,0,0,0.0,,24,62.0,2.643,1.722,1.5348431,0.19132438,0.12465403,64.35574,0.041666668,8.022203,1.5348431,1.0,0.0,0.0,0.12700012,569.5764,72.19983,497.37662,569.5764,8.022203,16068.474,0.0,5767.9644,0.0,8.022203,0.0,8.022203,0.0,8.022203,8.022203,0.0,0.0,8.022203,8.022203,8.022203,8.022203,0.0,8.022203,0.0,0.0,0.0,8.022203,0.0,0.0,0.0,8.022203,0.0,0.0,,,4.276666,2.3025851,4.276666,0.6931472,7.6029005,0.0,6.5792513,34.308285,18.471806,34.308285,5.560568,60.992016,0.0,52.78009,4.1431346,0.0
Al-Ubaydli,27,1,Log income per capita not from natural resources (US$ 1995 PPP),1,0,1,Log NR income per capita (US$ 1995 PPP),1.0,1,0,0,-0.076,0.004,0.03,0.001,4.7,5,2189,95,25,democracy,1,1,0,0,0,0,1,0.0,0,0.06499999999999999,0,0,0,1,0,2012,5,0,panel,POLS,1,0,0.291,"Al-Ubaydli, Omar, 2012. ""Natural resources and the tradeoff between authoritarianism and development,"" Journal of Economic Behavior & Organization, Elsevier, vol. 81(1), pages 137-152.",5,2184.0,0.065,0.00617171,10.531927,0.2198487,0.0208745,2294.9214,0.2,47.90534,10.531927,0.0,1.0,0.0,0.021398025,104864.79,239.52669,104625.26,4551.0073,1197.6334,96385.54,13.940454,239.52669,47.90534,47.90534,47.90534,0.0,0.0,47.90534,0.0,0.0,47.90534,0.0,0.0,47.90534,0.0,47.90534,0.0,47.90534,0.0,0.0,0.0,0.0,0.0,0.0,0.0,47.90534,0.0,,,7.6916566,1.7917595,4.564348,3.2580965,7.6073813,0.2554171,1.7917595,368.4714,85.83485,218.65665,156.08022,364.43417,12.235843,85.83485,7.689371,47.90534
Al-Ubaydli,27,2,Log income per capita not from natural resources (US$ 1995 PPP),1,0,1,Log NR income per capita (US$ 1995 PPP),1.0,1,0,0,-0.011,0.006,0.02,0.002,4.7,5,951,95,25,democracy,1,1,0,0,0,0,1,0.0,0,0.083,0,0,0,1,0,2012,5,0,panel,POLS,1,0,0.291,,5,946.0,0.083,0.011151682,7.4428234,0.23519868,0.031600732,1001.3956,0.2,31.644836,7.4428234,0.0,1.0,0.0,0.032512803,30094.238,158.22418,29936.016,3006.2595,791.1209,63669.41,9.208648,158.22418,31.644836,31.644836,31.644836,0.0,0.0,31.644836,0.0,0.0,31.644836,0.0,0.0,31.644836,0.0,31.644836,0.0,31.644836,0.0,0.0,0.0,0.0,0.0,0.0,0.0,31.644836,0.0,,,6.858565,1.7917595,4.564348,3.2580965,7.6073813,0.2554171,1.7917595,217.03816,56.699936,144.43805,103.10193,240.73433,8.082633,56.699936,6.853299,31.644836
Al-Ubaydli,27,3,Log income per capita not from natural resources (US$ 1995 PPP),1,0,1,Log NR income per capita (US$ 1995 PPP),1.0,1,0,0,-0.013,0.004,0.05,0.004,4.7,6,2167,95,25,democracy,1,1,0,0,0,0,1,0.0,0,0.222,0,0,0,1,0,2012,5,0,panel,POLS,1,0,0.291,,5,2161.0,0.222,0.019220822,11.549974,0.24112724,0.020876864,2294.4019,0.2,47.899914,11.549974,0.0,1.0,0.0,0.021511596,103799.12,287.39948,103511.72,4550.4917,1197.4978,96374.625,13.938875,239.49957,47.899914,47.899914,47.899914,0.0,0.0,47.899914,0.0,0.0,47.899914,0.0,0.0,47.899914,0.0,47.899914,0.0,47.899914,0.0,0.0,0.0,0.0,0.0,0.0,0.0,47.899914,0.0,,,7.6815605,1.9459101,4.564348,3.2580965,7.6073813,0.2554171,1.7917595,367.9461,93.20893,218.6319,156.06255,364.3929,12.234458,85.82513,7.678789,47.899914
Kartashov,28,1,GDP 1970-1989,0,0,0,SXP 1970,0.0,1,0,0,-0.87,0.2806451612903226,0.32,0.12,2.34,9,90,90,1,rule of law,1,1,0,0,0,1,1,1.0,0,-0.12119999999999997,0,1,0,0,0,2007,3,0,cross-sectional,OLS,0,0,0.018,"Georgy Kartashov, 2007. ""Economic growth and institutional quality in resource oriented countries (in Russian),"" Quantile, Quantile, issue 2, pages 141-157, March.",12,81.0,-0.12120002,0.39700168,-0.30528843,-0.033901438,0.11104724,81.09321,0.083333336,9.005177,-0.30528843,1.0,0.0,0.0,0.11111111,810.4659,81.04659,729.4193,810.4659,9.005177,18073.389,0.16209318,27.01553,0.0,9.005177,9.005177,0.0,9.005177,9.005177,0.0,0.0,9.005177,0.0,0.0,0.0,0.0,0.0,9.005177,0.0,0.0,0.0,9.005177,0.0,0.0,9.005177,0.0,0.0,0.0,,,4.5108595,2.3025851,4.5108595,0.6931472,7.6048946,0.017839918,1.3862944,40.621086,20.735186,40.621086,6.241913,68.48342,0.16065161,12.483826,4.406719,0.0
Kartashov,28,2,GDP 1970-1989,0,0,0,SXP 1970,0.0,1,0,0,-2.42,0.9063670411985019,1.31,0.19,2.34,2,90,90,1,rule of law,1,1,0,0,0,1,1,1.0,0,0.6454,0,1,0,0,0,2007,3,0,cross-sectional,OLS,0,0,0.018,,12,88.0,0.64539987,1.0095397,0.6393011,0.067992024,0.10635368,88.40869,0.083333336,9.40259,0.6393011,1.0,0.0,0.0,0.10660036,846.2331,18.80518,827.4279,846.2331,9.40259,18870.998,0.16924661,28.20777,0.0,9.40259,9.40259,0.0,9.40259,9.40259,0.0,0.0,9.40259,0.0,0.0,0.0,0.0,0.0,9.40259,0.0,0.0,0.0,9.40259,0.0,0.0,9.40259,0.0,0.0,0.0,,,4.5108595,1.0986123,4.5108595,0.6931472,7.6048946,0.017839918,1.3862944,42.41376,10.329801,42.41376,6.517379,71.50571,0.16774143,13.034758,4.4886365,0.0
Kartashov,28,3,GDP 1970-1989,0,0,0,SXP 1971,0.0,1,0,0,-0.42,0.626865671641791,0.21,0.07,2.34,6,90,90,1,rule of law,1,1,0,0,0,1,1,1.0,0,0.07139999999999996,0,1,0,0,0,2007,3,0,cross-sectional,OLS,0,0,0.018,,12,84.0,0.07139999,0.6479128,0.110199995,0.012022936,0.10910106,84.012146,0.083333336,9.165814,0.110199995,1.0,0.0,0.0,0.10910895,824.9233,54.994884,769.9284,824.9233,9.165814,18395.79,0.16498466,27.497442,0.0,9.165814,9.165814,0.0,9.165814,9.165814,0.0,0.0,9.165814,0.0,0.0,0.0,0.0,0.0,9.165814,0.0,0.0,0.0,9.165814,0.0,0.0,9.165814,0.0,0.0,0.0,,,4.5108595,1.9459101,4.5108595,0.6931472,7.6048946,0.017839918,1.3862944,41.3457,17.83585,41.3457,6.353258,69.70505,0.16351737,12.706516,4.4426513,0.0
Kartashov,28,4,GDP 1970-1989,0,0,0,SXP 1972,0.0,1,0,0,-0.45,0.6923076923076923,0.21,0.06,2.34,5,90,90,1,rule of law,1,1,0,0,0,1,1,1.0,0,0.04139999999999994,0,1,0,0,0,2007,3,0,cross-sectional,OLS,0,0,0.018,,12,85.0,0.041399986,0.7064008,0.058606934,0.006356686,0.108463034,85.00344,0.083333336,9.219731,0.058606934,1.0,0.0,0.0,0.10846523,829.7758,46.098656,783.6771,829.7758,9.219731,18504.0,0.16595516,27.659193,0.0,9.219731,9.219731,0.0,9.219731,9.219731,0.0,0.0,9.219731,0.0,0.0,0.0,0.0,0.0,9.219731,0.0,0.0,0.0,9.219731,0.0,0.0,9.219731,0.0,0.0,0.0,,,4.5108595,1.7917595,4.5108595,0.6931472,7.6048946,0.017839918,1.3862944,41.588913,16.51954,41.588913,6.3906307,70.11508,0.16447924,12.781261,4.454347,0.0
Kartashov,28,5,GDP 1970-1989,0,0,0,SXP 1973,0.0,1,0,0,-3.21,0.6537678207739307,0.23,0.08,2.34,4,90,90,1,rule of law,1,1,0,0,0,1,1,1.0,0,-2.6718,0,1,0,0,0,2007,3,0,cross-sectional,OLS,0,0,0.018,,12,86.0,-2.6718,0.6800413,-3.9288788,-0.39009678,0.099289596,101.4361,0.083333336,10.071548,-3.9288788,1.0,0.0,0.0,0.107832775,906.4394,40.286194,866.1532,906.4394,10.071548,20213.598,0.18128787,30.214645,0.0,10.071548,10.071548,0.0,10.071548,10.071548,0.0,0.0,10.071548,0.0,0.0,0.0,0.0,0.0,10.071548,0.0,0.0,0.0,10.071548,0.0,0.0,10.071548,0.0,0.0,0.0,,,4.5108595,1.609438,4.5108595,0.6931472,7.6048946,0.017839918,1.3862944,45.43134,16.209532,45.43134,6.9810658,76.59306,0.17967561,13.9621315,4.465908,0.0
Kartashov,28,6,GDP 1970-1989,0,0,0,SXP 1974,0.0,1,0,0,-0.97,0.375968992248062,0.12,0.04,2.34,6,90,90,1,rule of law,1,1,0,0,0,1,1,1.0,0,-0.6892,0,1,0,0,0,2007,3,0,cross-sectional,OLS,0,0,0.018,,12,84.0,-0.6892,0.38744503,-1.7788329,-0.19053113,0.107110195,87.164246,0.083333336,9.33618,-1.7788329,1.0,0.0,0.0,0.10910895,840.25616,56.01708,784.2391,840.25616,9.33618,18737.713,0.16805123,28.00854,0.0,9.33618,9.33618,0.0,9.33618,9.33618,0.0,0.0,9.33618,0.0,0.0,0.0,0.0,0.0,9.33618,0.0,0.0,0.0,9.33618,0.0,0.0,9.33618,0.0,0.0,0.0,,,4.5108595,1.9459101,4.5108595,0.6931472,7.6048946,0.017839918,1.3862944,42.114193,18.167366,42.114193,6.4713464,71.00066,0.16655667,12.942693,4.4426513,0.0
Kartashov,28,7,GDP 1970-1989,0,0,0,SXP 1975,0.0,1,0,0,-2.25,0.6965944272445821,0.323,0.07,2.34,5,90,90,1,rule of law,1,1,0,0,0,1,1,1.0,0,-1.49418,0,1,0,0,0,2007,3,0,cross-sectional,OLS,0,0,0.018,,12,85.0,-1.49418,0.71559364,-2.0880287,-0.22088449,0.10578614,89.35986,0.083333336,9.453034,-2.0880287,1.0,0.0,0.0,0.10846523,850.7731,47.26517,803.50793,850.7731,9.453034,18972.24,0.17015462,28.359104,0.0,9.453034,9.453034,0.0,9.453034,9.453034,0.0,0.0,9.453034,0.0,0.0,0.0,0.0,0.0,9.453034,0.0,0.0,0.0,9.453034,0.0,0.0,9.453034,0.0,0.0,0.0,,,4.5108595,1.7917595,4.5108595,0.6931472,7.6048946,0.017839918,1.3862944,42.64131,16.937565,42.64131,6.5523443,71.88933,0.16864136,13.104689,4.454347,0.0
Kartashov,28,8,GDP 1970-1989,0,0,0,SXP 1976,0.0,1,0,0,-1.11,0.45679012345679015,0.12,0.04,2.34,5,90,90,1,rule of law,1,1,0,0,0,1,1,1.0,0,-0.8292000000000002,0,1,0,0,0,2007,3,0,cross-sectional,OLS,0,0,0.018,,12,85.0,-0.8292,0.46628124,-1.7783259,-0.18939546,0.10650211,88.16244,0.083333336,9.389485,-1.7783259,1.0,0.0,0.0,0.10846523,845.0537,46.947426,798.10626,845.0537,9.389485,18844.697,0.16901074,28.168457,0.0,9.389485,9.389485,0.0,9.389485,9.389485,0.0,0.0,9.389485,0.0,0.0,0.0,0.0,0.0,9.389485,0.0,0.0,0.0,9.389485,0.0,0.0,9.389485,0.0,0.0,0.0,,,4.5108595,1.7917595,4.5108595,0.6931472,7.6048946,0.017839918,1.3862944,42.35465,16.8237,42.35465,6.5082955,71.40605,0.16750765,13.016591,4.454347,0.0
Kartashov,28,9,GDP 1970-1989,0,0,0,SXP 1977,0.0,1,0,0,1.01,0.7163120567375887,0.321,0.08,2.34,4,90,90,1,rule of law,1,1,0,0,0,1,1,1.0,0,1.76114,0,1,0,0,0,2007,3,0,cross-sectional,OLS,0,0,0.018,,12,86.0,1.76114,0.7403694,2.3787315,0.24846165,0.10445132,91.65837,0.083333336,9.573837,2.3787315,1.0,0.0,0.0,0.107832775,861.6454,38.29535,823.35004,861.6454,9.573837,19214.691,0.17232908,28.721514,0.0,9.573837,9.573837,0.0,9.573837,9.573837,0.0,0.0,9.573837,0.0,0.0,0.0,0.0,0.0,9.573837,0.0,0.0,0.0,9.573837,0.0,0.0,9.573837,0.0,0.0,0.0,,,4.5108595,1.609438,4.5108595,0.6931472,7.6048946,0.017839918,1.3862944,43.186237,15.408498,43.186237,6.636079,72.80803,0.17079648,13.272158,4.465908,0.0
Kartashov,28,10,GDP 1970-1989,0,0,0,SXP 1978,0.0,1,0,0,1.07,0.8045112781954887,0.534,0.021,2.34,6,90,90,1,rule of law,1,1,0,0,0,1,1,1.0,0,2.31956,0,1,0,0,0,2007,3,0,cross-sectional,OLS,0,0,0.018,,12,84.0,2.31956,0.8060106,2.8778281,0.29957572,0.10409785,92.28189,0.083333336,9.606346,2.8778281,1.0,0.0,0.0,0.10910895,864.57117,57.638077,806.9331,864.57117,9.606346,19279.938,0.17291424,28.819038,0.0,9.606346,9.606346,0.0,9.606346,9.606346,0.0,0.0,9.606346,0.0,0.0,0.0,0.0,0.0,9.606346,0.0,0.0,0.0,9.606346,0.0,0.0,9.606346,0.0,0.0,0.0,,,4.5108595,1.9459101,4.5108595,0.6931472,7.6048946,0.017839918,1.3862944,43.33288,18.693087,43.33288,6.658612,73.05525,0.17137642,13.317224,4.4426513,0.0
Kartashov,28,11,GDP 1970-1989,0,0,0,SXP 1979,0.0,1,0,0,-0.21,0.14685314685314685,0.466,0.18,2.34,5,90,90,1,rule of law,1,1,0,0,0,1,1,1.0,0,0.8804400000000001,0,1,0,0,0,2007,3,0,cross-sectional,OLS,0,0,0.018,,12,85.0,0.88044,0.44606647,1.9737866,0.20934351,0.106061876,88.89583,0.083333336,9.428458,1.9737866,1.0,0.0,0.0,0.10846523,848.5613,47.142292,801.419,848.5613,9.428458,18922.916,0.16971226,28.285376,0.0,9.428458,9.428458,0.0,9.428458,9.428458,0.0,0.0,9.428458,0.0,0.0,0.0,0.0,0.0,9.428458,0.0,0.0,0.0,9.428458,0.0,0.0,9.428458,0.0,0.0,0.0,,,4.5108595,1.7917595,4.5108595,0.6931472,7.6048946,0.017839918,1.3862944,42.530453,16.89353,42.530453,6.5353093,71.70243,0.16820292,13.070619,4.454347,0.0
Kartashov,28,12,GDP 1970-1989,0,0,0,SXP 1980,0.0,1,0,0,1.09,0.773049645390071,0.536,0.19,2.34,5,90,90,1,rule of law,1,1,0,0,0,1,1,1.0,0,2.34424,0,1,0,0,0,2007,3,0,cross-sectional,OLS,0,0,0.018,,12,85.0,2.34424,0.89178187,2.6287146,0.2741964,0.104308166,91.91013,0.083333336,9.586977,2.6287146,1.0,0.0,0.0,0.10846523,862.82794,47.934887,814.89307,862.82794,9.586977,19241.062,0.1725656,28.760931,0.0,9.586977,9.586977,0.0,9.586977,9.586977,0.0,0.0,9.586977,0.0,0.0,0.0,0.0,0.0,9.586977,0.0,0.0,0.0,9.586977,0.0,0.0,9.586977,0.0,0.0,0.0,,,4.5108595,1.7917595,4.5108595,0.6931472,7.6048946,0.017839918,1.3862944,43.245506,17.177557,43.245506,6.6451864,72.90795,0.17103088,13.290373,4.454347,0.0
Kronenberg,29,1,Average growth of real GDP per capita in the 1990s,1,1,0,the share of primary goods in total exports,0.0,1,0,0,-10.802,4.001,0.0,0.0,0.0,1,20,20,1,,0,0,0,1,0,0,1,1.0,0,-10.802,0,0,0,1,0,2004,129,28,cross-sectional,OLS,1,0,0.0,"Tobias Kronenberg, 2004. ""The curse of natural resources in the transition economies,"" The Economics of Transition, The European Bank for Reconstruction and Development, vol. 12(3), pages 399-426, 09.",11,19.0,-10.802,4.001,-2.699825,-0.5265603,0.19503498,26.289055,0.09090909,5.1272855,-2.699825,1.0,0.0,0.0,0.22941573,102.54571,5.1272855,97.41842,102.54571,5.1272855,10275.08,0.0,661.4198,5.1272855,0.0,0.0,0.0,0.0,5.1272855,0.0,5.1272855,5.1272855,0.0,0.0,5.1272855,5.1272855,0.0,5.1272855,0.0,0.0,0.0,5.1272855,0.0,0.0,0.0,0.0,5.1272855,0.0,,,3.0445225,0.6931472,3.0445225,0.6931472,7.6033993,0.0,4.8675346,15.610136,3.5539634,15.610136,3.5539634,38.9848,0.0,24.95724,2.9957323,0.0
Kronenberg,29,2,Average growth of real GDP per capita in the 1990s,1,1,0,the share of primary goods in total exports,0.0,1,0,0,-11.066,3.57,0.0,0.0,0.0,1,20,20,1,,0,0,0,1,0,0,1,1.0,0,-11.066,0,0,0,1,0,2004,129,28,cross-sectional,OLS,1,0,0.0,,11,19.0,-11.066,3.57,-3.09972,-0.5795311,0.1869624,28.608261,0.09090909,5.348669,-3.09972,1.0,0.0,0.0,0.22941573,106.97338,5.348669,101.62472,106.97338,5.348669,10718.733,0.0,689.97833,5.348669,0.0,0.0,0.0,0.0,5.348669,0.0,5.348669,5.348669,0.0,0.0,5.348669,5.348669,0.0,5.348669,0.0,0.0,0.0,5.348669,0.0,0.0,0.0,0.0,5.348669,0.0,,,3.0445225,0.6931472,3.0445225,0.6931472,7.6033993,0.0,4.8675346,16.284143,3.7074149,16.284143,3.7074149,40.668068,0.0,26.034832,2.9957323,0.0
Kronenberg,29,3,Average growth of real GDP per capita in the 1990s,1,1,0,the share of primary goods in total exports,0.0,1,0,0,-10.112,3.262,0.0,0.0,0.0,1,20,20,1,,0,0,0,1,0,0,1,1.0,0,-10.112,0,0,0,1,0,2004,129,28,cross-sectional,OLS,1,0,0.0,,11,19.0,-10.112,3.262,-3.0999389,-0.57955825,0.18695796,28.609621,0.09090909,5.3487964,-3.0999389,1.0,0.0,0.0,0.22941573,106.97592,5.3487964,101.62713,106.97592,5.3487964,10718.987,0.0,689.9947,5.3487964,0.0,0.0,0.0,0.0,5.3487964,0.0,5.3487964,5.3487964,0.0,0.0,5.3487964,5.3487964,0.0,5.3487964,0.0,0.0,0.0,5.3487964,0.0,0.0,0.0,0.0,5.3487964,0.0,,,3.0445225,0.6931472,3.0445225,0.6931472,7.6033993,0.0,4.8675346,16.28453,3.707503,16.28453,3.707503,40.669033,0.0,26.03545,2.9957323,0.0
Kronenberg,29,4,Average growth of real GDP per capita in the 1990s,1,1,0,the share of primary goods in total exports,0.0,1,0,0,-8.755,4.169,0.0,0.0,0.0,1,20,20,1,,0,0,0,1,0,0,1,1.0,0,-8.755,0,0,0,1,0,2004,129,28,cross-sectional,OLS,1,0,0.0,,11,19.0,-8.755,4.169,-2.100024,-0.43403286,0.20667996,23.4101,0.09090909,4.8383985,-2.100024,1.0,0.0,0.0,0.22941573,96.767975,4.8383985,91.92957,96.767975,4.8383985,9696.15,0.0,624.15344,4.8383985,0.0,0.0,0.0,0.0,4.8383985,0.0,4.8383985,4.8383985,0.0,0.0,4.8383985,4.8383985,0.0,4.8383985,0.0,0.0,0.0,4.8383985,0.0,0.0,0.0,0.0,4.8383985,0.0,,,3.0445225,0.6931472,3.0445225,0.6931472,7.6033993,0.0,4.8675346,14.730614,3.3537223,14.730614,3.3537223,36.788277,0.0,23.551073,2.9957323,0.0
Kronenberg,29,5,Average growth of real GDP per capita in the 1990s,1,1,0,the share of primary goods in total exports,0.0,1,0,0,-4.278,4.317,0.0,0.0,0.0,8,20,20,1,,0,0,0,1,0,0,1,1.0,0,-4.278,0,0,0,1,0,2004,129,28,cross-sectional,OLS,1,0,0.0,,11,12.0,-4.278,4.317,-0.99096596,-0.27503484,0.27754217,12.982013,0.09090909,3.603056,-0.99096596,1.0,0.0,0.0,0.28867513,72.06112,28.824448,43.23667,72.06112,3.603056,7220.5244,0.0,464.79422,3.603056,0.0,0.0,0.0,0.0,3.603056,0.0,3.603056,3.603056,0.0,0.0,3.603056,3.603056,0.0,3.603056,0.0,0.0,0.0,3.603056,0.0,0.0,0.0,0.0,3.603056,0.0,,,3.0445225,2.1972246,3.0445225,0.6931472,7.6033993,0.0,4.8675346,10.969585,7.9167233,10.969585,2.4974482,27.395473,0.0,17.538,2.5649493,0.0
Kronenberg,29,6,Average growth of real GDP per capita in the 1990s,1,1,0,the share of primary goods in total exports,0.0,1,0,0,-4.278,10.695,0.0,0.0,0.0,9,20,20,1,,0,0,0,1,0,0,1,1.0,0,-4.278,0,0,0,1,0,2004,129,28,cross-sectional,OLS,1,0,0.0,,11,11.0,-4.278,10.695,-0.4,-0.11973687,0.2993422,11.159999,0.09090909,3.3406584,-0.4,1.0,0.0,0.0,0.30151135,66.81317,30.065926,36.747242,66.81317,3.3406584,6694.6797,0.0,430.94495,3.3406584,0.0,0.0,0.0,0.0,3.3406584,0.0,3.3406584,3.3406584,0.0,0.0,3.3406584,3.3406584,0.0,3.3406584,0.0,0.0,0.0,3.3406584,0.0,0.0,0.0,0.0,3.3406584,0.0,,,3.0445225,2.3025851,3.0445225,0.6931472,7.6033993,0.0,4.8675346,10.17071,7.6921506,10.17071,2.315568,25.40036,0.0,16.26077,2.4849067,0.0
Kronenberg,29,7,Average growth of real GDP per capita in the 1990s,1,1,0,the share of primary goods in total exports,0.0,1,0,0,-4.956,8.26,0.0,0.0,0.0,8,20,20,1,,0,0,0,1,0,0,1,1.0,0,-4.956,0,0,0,1,0,2004,129,28,cross-sectional,OLS,1,0,0.0,,11,12.0,-4.956,8.26,-0.59999996,-0.17066403,0.28444007,12.36,0.09090909,3.5156791,-0.59999996,1.0,0.0,0.0,0.28867513,70.31358,28.125433,42.18815,70.31358,3.5156791,7045.421,0.0,453.5226,3.5156791,0.0,0.0,0.0,0.0,3.5156791,0.0,3.5156791,3.5156791,0.0,0.0,3.5156791,3.5156791,0.0,3.5156791,0.0,0.0,0.0,3.5156791,0.0,0.0,0.0,0.0,3.5156791,0.0,,,3.0445225,2.1972246,3.0445225,0.6931472,7.6033993,0.0,4.8675346,10.703564,7.7247367,10.703564,2.436883,26.731112,0.0,17.11269,2.5649493,0.0
Kronenberg,29,8,Average growth of real GDP per capita in the 1990s,1,1,0,the share of primary goods in total exports,0.0,1,0,0,-4.874,8.123,0.0,0.0,0.0,7,20,20,1,,0,0,0,1,0,0,1,1.0,0,-4.874,0,0,0,1,0,2004,129,28,cross-sectional,OLS,1,0,0.0,,11,13.0,-4.874,8.123,-0.60002464,-0.16415925,0.27358752,13.360029,0.09090909,3.6551375,-0.60002464,1.0,0.0,0.0,0.2773501,73.102745,25.585962,47.516785,73.102745,3.6551375,7324.8955,0.0,471.51273,3.6551375,0.0,0.0,0.0,0.0,3.6551375,0.0,3.6551375,3.6551375,0.0,0.0,3.6551375,3.6551375,0.0,3.6551375,0.0,0.0,0.0,3.6551375,0.0,0.0,0.0,0.0,3.6551375,0.0,,,3.0445225,2.0794415,3.0445225,0.6931472,7.6033993,0.0,4.8675346,11.128148,7.6006446,11.128148,2.533548,27.79147,0.0,17.791508,2.6390574,0.0
Kronenberg,29,9,Average growth of real GDP per capita in the 1990s,1,1,0,the share of primary goods in total exports,0.0,1,0,0,-7.066,3.719,0.0,0.0,0.0,6,20,20,1,,0,0,0,1,0,0,1,1.0,0,-7.066,0,0,0,1,0,2004,129,28,cross-sectional,OLS,1,0,0.0,,11,14.0,-7.066,3.719,-1.899973,-0.45276102,0.23829865,17.609898,0.09090909,4.196415,-1.899973,1.0,0.0,0.0,0.26726124,83.9283,25.17849,58.749805,83.9283,4.196415,8409.615,0.0,541.3375,4.196415,0.0,0.0,0.0,0.0,4.196415,0.0,4.196415,4.196415,0.0,0.0,4.196415,4.196415,0.0,4.196415,0.0,0.0,0.0,4.196415,0.0,0.0,0.0,0.0,4.196415,0.0,,,3.0445225,1.9459101,3.0445225,0.6931472,7.6033993,0.0,4.8675346,12.776079,8.165846,12.776079,2.9087331,31.907017,0.0,20.426195,2.7080503,0.0
Kronenberg,29,10,Average growth of real GDP per capita in the 1990s,1,1,0,the share of primary goods in total exports,0.0,1,0,0,-8.126,4.063,0.0,0.0,0.0,5,20,20,1,,0,0,0,1,0,0,1,1.0,0,-8.126,0,0,0,1,0,2004,129,28,cross-sectional,OLS,1,0,0.0,,11,15.0,-8.126,4.063,-2.0,-0.45883146,0.22941573,19.0,0.09090909,4.358899,-2.0,1.0,0.0,0.0,0.2581989,87.17798,21.794495,65.383484,87.17798,4.358899,8735.233,0.0,562.298,4.358899,0.0,0.0,0.0,0.0,4.358899,0.0,4.358899,4.358899,0.0,0.0,4.358899,4.358899,0.0,4.358899,0.0,0.0,0.0,4.358899,0.0,0.0,0.0,0.0,4.358899,0.0,,,3.0445225,1.7917595,3.0445225,0.6931472,7.6033993,0.0,4.8675346,13.270766,7.8100986,13.270766,3.0213585,33.14245,0.0,21.217093,2.7725887,0.0
Kronenberg,29,11,Average growth of real GDP per capita in the 1990s,1,1,0,the share of primary goods in total exports,0.0,1,0,0,-8.743,4.372,0.0,0.0,0.0,4,20,20,1,,0,0,0,1,0,0,1,1.0,0,-8.743,0,0,0,1,0,2004,129,28,cross-sectional,OLS,1,0,0.0,,11,16.0,-8.743,4.372,-1.9997712,-0.44717267,0.2236119,19.999086,0.09090909,4.472034,-1.9997712,1.0,0.0,0.0,0.25,89.440674,17.888136,71.55254,89.440674,4.472034,8961.956,0.0,576.89233,4.472034,0.0,0.0,0.0,0.0,4.472034,0.0,4.472034,4.472034,0.0,0.0,4.472034,4.472034,0.0,4.472034,0.0,0.0,0.0,4.472034,0.0,0.0,0.0,0.0,4.472034,0.0,,,3.0445225,1.609438,3.0445225,0.6931472,7.6033993,0.0,4.8675346,13.615208,7.1974607,13.615208,3.0997777,34.00266,0.0,21.76778,2.8332133,0.0
Boshcini et.al.,30,1,The average yearly growth rate of GDP per capita between 1975 and 1998,1,1,0,SXP - the share of primary exports to GNP,0.0,1,0,0,-6.392,4.084,2.233,0.984,2.12,8,80,80,1,avearge ,1,1,1,0,0,1,1,0.0,1,-1.6580399999999997,0,1,0,0,0,2007,255,78,cross-sectional,IV,1,1,0.346,"Anne D. Boschini & Jan Pettersson & Jesper Roine, 2007. ""Resource Curse or Not: A Question of Appropriability,"" Scandinavian Journal of Economics, Wiley Blackwell, vol. 109(3), pages 593-617, 09.",15,72.0,-1.6580399,4.5859337,-0.36154905,-0.042570338,0.1177443,72.130714,0.06666667,8.49298,-0.36154905,1.0,0.0,0.0,0.11785113,679.4384,67.94384,611.49457,679.4384,8.49298,17045.412,2.9385712,2165.71,8.49298,8.49298,8.49298,0.0,8.49298,8.49298,8.49298,0.0,8.49298,0.0,0.0,8.49298,8.49298,0.0,8.49298,0.0,0.0,8.49298,0.0,8.49298,0.0,8.49298,0.0,0.0,0.0,1.0,8.49298,4.394449,2.1972246,4.394449,0.6931472,7.6048946,0.29713723,5.5451775,37.32197,18.660986,37.32197,5.8868856,64.58822,2.5235806,47.095085,4.2904596,0.0
Boshcini et.al.,30,2,The average yearly growth rate of GDP per capita between 1975 and 1998,1,1,0,exports of ores and metals as a share of GDP,0.0,0,1,0,-25.424,8.596,2.321,0.9876,2.12,8,80,80,1,avearge ,1,1,1,0,0,1,1,0.0,1,-20.50348,0,1,0,0,0,2007,255,78,cross-sectional,IV,1,1,0.346,,15,72.0,-20.503479,8.847307,-2.3174825,-0.26346815,0.113687225,77.37073,0.06666667,8.796063,-2.3174825,1.0,0.0,0.0,0.11785113,703.68506,70.36851,633.3165,703.68506,8.796063,17653.7,3.0434377,2242.996,8.796063,8.796063,8.796063,0.0,8.796063,8.796063,8.796063,0.0,0.0,8.796063,0.0,8.796063,8.796063,0.0,8.796063,0.0,0.0,8.796063,0.0,8.796063,0.0,8.796063,0.0,0.0,0.0,1.0,8.796063,4.394449,2.1972246,4.394449,0.6931472,7.6048946,0.29713723,5.5451775,38.653854,19.326927,38.653854,6.0969663,66.893135,2.613638,48.77573,4.2904596,0.0
Boshcini et.al.,30,3,The average yearly growth rate of GDP per capita between 1975 and 1999,1,1,0,the share of mineral production in GNP,0.0,0,1,0,-20.106,4.548,4.32,1.232,2.12,8,80,80,1,avearge ,1,1,1,0,0,1,1,0.0,1,-10.947600000000001,0,1,0,0,0,2007,255,78,cross-sectional,IV,1,1,0.346,,15,72.0,-10.947599,5.2446175,-2.087397,-0.23888011,0.11443923,76.35723,0.06666667,8.738262,-2.087397,1.0,0.0,0.0,0.11785113,699.061,69.9061,629.1549,699.061,8.738262,17537.693,3.023439,2228.2568,8.738262,8.738262,8.738262,0.0,8.738262,8.738262,8.738262,0.0,0.0,8.738262,0.0,8.738262,8.738262,0.0,8.738262,0.0,0.0,8.738262,0.0,8.738262,0.0,8.738262,0.0,0.0,0.0,1.0,8.738262,4.394449,2.1972246,4.394449,0.6931472,7.6048946,0.29713723,5.5451775,38.39985,19.199924,38.39985,6.056902,66.45357,2.5964632,48.455215,4.2904596,0.0
Boshcini et.al.,30,5,The average yearly growth rate of GDP per capita between 1975 and 2000,1,1,0,SXP - the share of primary exports to GNP,0.0,1,0,0,-4.443,4.771,1.23,0.345,2.12,8,80,80,1,avearge ,1,1,1,0,0,1,1,0.0,1,-1.8353999999999995,0,1,0,0,0,2007,255,78,cross-sectional,IV,1,1,0.346,,15,72.0,-1.8354,4.8267365,-0.38025692,-0.044768777,0.11773297,72.14459,0.06666667,8.493797,-0.38025692,1.0,0.0,0.0,0.11785113,679.5038,67.95038,611.5534,679.5038,8.493797,17047.05,2.938854,2165.9182,8.493797,8.493797,8.493797,0.0,8.493797,8.493797,8.493797,0.0,8.493797,0.0,0.0,8.493797,8.493797,0.0,8.493797,0.0,0.0,8.493797,0.0,8.493797,0.0,8.493797,0.0,0.0,0.0,1.0,8.493797,4.394449,2.1972246,4.394449,0.6931472,7.6048946,0.29713723,5.5451775,37.32556,18.66278,37.32556,5.8874516,64.59444,2.5238235,47.099613,4.2904596,0.0
Boshcini et.al.,30,6,The average yearly growth rate of GDP per capita between 1975 and 2001,1,1,0,exports of ores and metals as a share of GDP,0.0,0,1,0,-12.461,9.859,3.23,0.897,2.12,8,80,80,1,avearge ,1,1,1,0,0,1,1,0.0,1,-5.6134,0,1,0,0,0,2007,255,78,cross-sectional,IV,1,1,0.346,,15,72.0,-5.6134,10.040723,-0.5590633,-0.0657437,0.117596164,72.31255,0.06666667,8.503678,-0.5590633,1.0,0.0,0.0,0.11785113,680.2943,68.02943,612.2649,680.2943,8.503678,17066.883,2.942273,2168.438,8.503678,8.503678,8.503678,0.0,8.503678,8.503678,8.503678,0.0,0.0,8.503678,0.0,8.503678,8.503678,0.0,8.503678,0.0,0.0,8.503678,0.0,8.503678,0.0,8.503678,0.0,0.0,0.0,1.0,8.503678,4.394449,2.1972246,4.394449,0.6931472,7.6048946,0.29713723,5.5451775,37.368984,18.684492,37.368984,5.894301,64.66958,2.5267596,47.154408,4.2904596,0.0
Boshcini et.al.,30,7,The average yearly growth rate of GDP per capita between 1975 and 2002,1,1,0,the share of mineral production in GNP,0.0,0,1,0,-16.998,6.259,3.234,0.879,2.12,8,80,80,1,avearge ,1,1,1,0,0,1,1,0.0,1,-10.14192,0,1,0,0,0,2007,255,78,cross-sectional,IV,1,1,0.346,,15,72.0,-10.14192,6.530516,-1.5530044,-0.18003283,0.11592551,74.41182,0.06666667,8.626228,-1.5530044,1.0,0.0,0.0,0.11785113,690.0983,69.00983,621.0885,690.0983,8.626228,17312.842,2.9846752,2199.6882,8.626228,8.626228,8.626228,0.0,8.626228,8.626228,8.626228,0.0,0.0,8.626228,0.0,8.626228,8.626228,0.0,8.626228,0.0,0.0,8.626228,0.0,8.626228,0.0,8.626228,0.0,0.0,0.0,1.0,8.626228,4.394449,2.1972246,4.394449,0.6931472,7.6048946,0.29713723,5.5451775,37.907524,18.953762,37.907524,5.979246,65.60156,2.5631738,47.83397,4.2904596,0.0
Boshcini et.al.,30,9,The average yearly growth rate of GDP per capita between 1975 and 2003,1,1,0,SXP - the share of primary exports to GNP,0.0,1,0,0,-3.613,7.049,1.433,2.123,2.12,8,58,58,1,avearge ,1,1,1,0,0,1,1,0.0,1,-0.5750399999999996,0,1,0,0,0,2007,255,78,cross-sectional,IV,1,1,0.346,,15,50.0,-0.57504004,8.363327,-0.06875733,-0.009723295,0.14141467,50.004726,0.06666667,7.071402,-0.06875733,1.0,0.0,0.0,0.14142136,410.14133,56.571217,353.5701,410.14133,7.071402,14192.304,2.446705,1803.2075,7.071402,7.071402,7.071402,0.0,7.071402,7.071402,7.071402,0.0,7.071402,0.0,0.0,7.071402,7.071402,0.0,7.071402,0.0,0.0,7.071402,0.0,7.071402,0.0,7.071402,0.0,0.0,0.0,1.0,7.071402,4.0775375,2.1972246,4.0775375,0.6931472,7.6048946,0.29713723,5.5451775,28.833908,15.537458,28.833908,4.901522,53.777267,2.1011767,39.212177,3.9318256,0.0
Boshcini et.al.,30,10,The average yearly growth rate of GDP per capita between 1975 and 2004,1,1,0,exports of ores and metals as a share of GDP,0.0,0,1,0,-35.257,7.416,5.433,2.234,2.12,8,58,58,1,avearge ,1,1,1,0,0,1,1,0.0,1,-23.739039999999996,0,1,0,0,0,2007,255,78,cross-sectional,IV,1,1,0.346,,15,50.0,-23.73904,8.799291,-2.6978357,-0.35646784,0.13213104,57.278324,0.06666667,7.5682445,-2.6978357,1.0,0.0,0.0,0.14142136,438.95816,60.545956,378.41223,438.95816,7.5682445,15189.467,2.6186125,1929.9023,7.5682445,7.5682445,7.5682445,0.0,7.5682445,7.5682445,7.5682445,0.0,7.5682445,7.5682445,0.0,7.5682445,7.5682445,0.0,7.5682445,0.0,0.0,7.5682445,0.0,7.5682445,0.0,7.5682445,0.0,0.0,0.0,1.0,7.5682445,4.0775375,2.1972246,4.0775375,0.6931472,7.6048946,0.29713723,5.5451775,30.8598,16.629133,30.8598,5.2459073,57.555702,2.2488072,41.96726,3.9318256,0.0
Boshcini et.al.,30,11,The average yearly growth rate of GDP per capita between 1975 and 2005,1,1,0,the share of mineral production in GNP,0.0,0,1,0,-18.034,6.057,3.453,1.12,2.12,8,58,58,1,avearge ,1,1,1,0,0,1,1,0.0,1,-10.713639999999998,0,1,0,0,0,2007,255,78,cross-sectional,IV,1,1,0.346,,15,50.0,-10.71364,6.505769,-1.6467909,-0.22682141,0.13773541,52.711914,0.06666667,7.260297,-1.6467909,1.0,0.0,0.0,0.14142136,421.09723,58.082375,363.01486,421.09723,7.260297,14571.416,2.5120628,1851.3757,7.260297,7.260297,7.260297,0.0,7.260297,7.260297,7.260297,0.0,0.0,7.260297,0.0,7.260297,7.260297,0.0,7.260297,0.0,0.0,7.260297,0.0,7.260297,0.0,7.260297,0.0,0.0,0.0,1.0,7.260297,4.0775375,2.1972246,4.0775375,0.6931472,7.6048946,0.29713723,5.5451775,29.604134,15.952503,29.604134,5.0324545,55.213795,2.1573045,40.259636,3.9318256,0.0
Boshcini et.al.,30,13,The average yearly growth rate of GDP per capita between 1975 and 2006,1,1,0,SXP - the share of primary exports to GNP,0.0,1,0,0,-8.11,3.069,2.344,1.084,2.12,8,73,73,1,avearge ,1,1,1,0,0,1,1,0.0,1,-3.140719999999999,0,1,0,0,0,2007,255,78,cross-sectional,IV,1,1,0.346,,15,65.0,-3.14072,3.8340492,-0.8191652,-0.10108451,0.123399414,65.67103,0.06666667,8.103766,-0.8191652,1.0,0.0,0.0,0.12403473,591.57495,64.83013,526.7448,591.57495,8.103766,16264.259,2.803903,2066.4604,8.103766,8.103766,8.103766,0.0,8.103766,8.103766,8.103766,0.0,8.103766,0.0,0.0,8.103766,8.103766,0.0,8.103766,0.0,0.0,8.103766,0.0,8.103766,0.0,8.103766,0.0,0.0,0.0,1.0,8.103766,4.304065,2.1972246,4.304065,0.6931472,7.6048946,0.29713723,5.5451775,34.87914,17.805794,34.87914,5.6171026,61.62829,2.4079306,44.93682,4.189655,0.0
Boshcini et.al.,30,14,The average yearly growth rate of GDP per capita between 1975 and 2007,1,1,0,exports of ores and metals as a share of GDP,0.0,0,1,0,-20.416,7.859,3.543,1.032,2.12,8,74,74,1,avearge ,1,1,1,0,0,1,1,0.0,1,-12.90484,0,1,0,0,0,2007,255,78,cross-sectional,IV,1,1,0.346,,15,66.0,-12.90484,8.15785,-1.5818923,-0.19112788,0.12082231,68.50239,0.06666667,8.276617,-1.5818923,1.0,0.0,0.0,0.12309149,612.46967,66.21294,546.2567,612.46967,8.276617,16611.17,2.8637094,2110.5374,8.276617,8.276617,8.276617,0.0,8.276617,8.276617,8.276617,0.0,0.0,8.276617,0.0,8.276617,8.276617,0.0,8.276617,0.0,0.0,8.276617,0.0,8.276617,0.0,8.276617,0.0,0.0,0.0,1.0,8.276617,4.317488,2.1972246,4.317488,0.6931472,7.6048946,0.29713723,5.5451775,35.734196,18.185587,35.734196,5.7369137,62.942802,2.459291,45.89531,4.204693,0.0
Boshcini et.al.,30,15,The average yearly growth rate of GDP per capita between 1975 and 2008,1,1,0,the share of mineral production in GNP,0.0,0,1,0,-22.293,3.679,3.332,1.022,2.12,8,74,74,1,avearge ,1,1,1,0,0,1,1,0.0,1,-15.22916,0,1,0,0,0,2007,255,78,cross-sectional,IV,1,1,0.346,,15,66.0,-15.22916,4.2695866,-3.5668933,-0.40201297,0.11270676,78.72272,0.06666667,8.872582,-3.5668933,1.0,0.0,0.0,0.12309149,656.5711,70.98066,585.59045,656.5711,8.872582,17807.273,3.0699136,2262.5085,8.872582,8.872582,8.872582,0.0,8.872582,8.872582,8.872582,0.0,0.0,8.872582,0.0,8.872582,8.872582,0.0,8.872582,0.0,0.0,8.872582,0.0,8.872582,0.0,8.872582,0.0,0.0,0.0,1.0,8.872582,4.317488,2.1972246,4.317488,0.6931472,7.6048946,0.29713723,5.5451775,38.30727,19.495056,38.30727,6.1500053,67.47505,2.6363745,49.200043,4.204693,0.0
Zhang et.al.,31,1,GDP per capita 1985-1995,1,0,0,Resource intensity the ratio of resource production to total GDP in 1985,0.0,1,0,0,-0.13,0.032663316582914576,0.0,0.0,0.0,2,100,6,10,,0,0,0,1,0,0,1,0.0,0,-0.13,0,0,1,0,0,2008,36,11,panel,POLS,1,0,0.0,"Xiaobo Zhang & Li Xing & Shenggen Fan & Xiaopeng Luo, 2008. ""Resource abundance and regional development in China,"" The Economics of Transition, The European Bank for Reconstruction and Development, vol. 16(1), pages 7-29, 01.",12,98.0,-0.13,0.032663316,-3.98,-0.37302235,0.093724206,113.84041,0.083333336,10.669602,-3.98,0.0,1.0,0.0,0.101015255,1066.9602,21.339205,1045.621,64.01762,106.69602,21424.56,0.0,384.10568,10.669602,0.0,0.0,0.0,0.0,10.669602,0.0,10.669602,10.669602,0.0,0.0,10.669602,0.0,0.0,0.0,10.669602,0.0,0.0,0.0,0.0,0.0,0.0,10.669602,0.0,0.0,,,4.6151204,1.0986123,1.9459101,2.3978953,7.6053925,0.0,3.6109178,49.2415,11.721756,20.762087,25.584589,81.146515,0.0,38.527058,4.59512,0.0
Zhang et.al.,31,2,GDP per capita 1995-2005,1,0,0,Resource intensity the ratio of resource production to total GDP in 1985,0.0,1,0,0,-0.023,0.023232323232323233,0.0,0.0,0.0,2,50,6,10,,0,0,0,1,0,0,1,0.0,0,-0.023,0,0,1,0,0,2008,36,11,panel,POLS,1,0,0.0,,12,48.0,-0.023,0.023232324,-0.98999995,-0.14145729,0.14288616,48.9801,0.083333336,6.9985785,-0.98999995,0.0,1.0,0.0,0.14433756,349.92892,13.997157,335.93176,41.99147,69.98579,14053.1455,0.0,251.94882,6.9985785,0.0,0.0,0.0,0.0,6.9985785,0.0,6.9985785,6.9985785,0.0,0.0,6.9985785,0.0,0.0,0.0,6.9985785,0.0,0.0,0.0,0.0,0.0,0.0,6.9985785,0.0,0.0,,,3.9318256,1.0986123,1.9459101,2.3978953,7.6053925,0.0,3.6109178,27.517189,7.6887245,13.618605,16.781858,53.226936,0.0,25.271292,3.8918202,0.0
Zhang et.al.,31,3,GDP per capita 1985-1995,1,0,0,Resource intensity the ratio of resource production to total GDP in 1985,0.0,1,0,0,-0.019,0.010497237569060774,0.0,0.0,0.0,3,100,6,10,,0,0,0,1,1,0,1,0.0,0,-0.019,0,0,1,0,0,2008,36,11,panel,POLS,1,0,0.0,,12,97.0,-0.019,0.010497238,-1.81,-0.18075064,0.09986223,100.27611,0.083333336,10.013796,-1.81,0.0,1.0,0.0,0.10153462,1001.3796,30.041388,971.3382,60.082775,100.137955,20107.701,0.0,360.49664,10.013796,0.0,0.0,10.013796,0.0,10.013796,0.0,10.013796,10.013796,0.0,0.0,10.013796,0.0,0.0,0.0,10.013796,0.0,0.0,0.0,0.0,0.0,0.0,10.013796,0.0,0.0,,,4.6151204,1.3862944,1.9459101,2.3978953,7.6053925,0.0,3.6109178,46.214874,13.882069,19.485947,24.012033,76.158844,0.0,36.158993,4.5849676,0.0
Zhang et.al.,31,4,GDP per capita 1985-1995,1,0,0,Resource intensity the ratio of resource production to total GDP in 1985,0.0,1,0,0,-0.012,0.009836065573770493,0.0,0.0,0.0,4,100,6,10,,0,0,0,1,1,0,1,0.0,0,-0.012,0,0,1,0,0,2008,36,11,panel,POLS,1,0,0.0,,12,96.0,-0.012,0.009836066,-1.22,-0.12356155,0.10127996,97.4884,0.083333336,9.873622,-1.22,0.0,1.0,0.0,0.10206208,987.3622,39.494488,947.8677,59.24173,98.73621,19826.232,0.0,355.45038,9.873622,0.0,0.0,9.873622,0.0,9.873622,0.0,9.873622,9.873622,0.0,0.0,9.873622,0.0,0.0,0.0,9.873622,0.0,0.0,0.0,0.0,0.0,0.0,9.873622,0.0,0.0,,,4.6151204,1.609438,1.9459101,2.3978953,7.6053925,0.0,3.6109178,45.56795,15.890982,19.21318,23.67591,75.092766,0.0,35.652836,4.574711,0.0
Zhang et.al.,31,5,GDP per capita 1985-1995,1,0,0,Resource intensity the ratio of resource production to total GDP in 1985,0.0,1,0,0,-0.012,0.0125,0.0,0.0,0.0,6,100,6,10,policy,1,0,0,1,1,0,1,0.0,0,-0.012,0,0,1,0,0,2008,36,11,panel,POLS,1,0,0.0,,12,94.0,-0.012,0.0125,-0.96,-0.098534584,0.1026402,94.9216,0.083333336,9.742772,-0.96,0.0,1.0,0.0,0.10314213,974.27716,58.45663,915.82056,58.45663,97.42772,19563.486,0.0,350.73978,9.742772,9.742772,0.0,9.742772,0.0,9.742772,0.0,9.742772,9.742772,0.0,0.0,9.742772,0.0,0.0,0.0,9.742772,0.0,0.0,0.0,0.0,0.0,0.0,9.742772,0.0,0.0,,,4.6151204,1.9459101,1.9459101,2.3978953,7.6053925,0.0,3.6109178,44.964066,18.958557,18.958557,23.362146,74.0976,0.0,35.180347,4.553877,0.0
Zhang et.al.,31,6,GDP per capita 1985-1995,1,0,0,Resource intensity the ratio of resource production to total GDP in 1985,0.0,1,0,0,0.003,0.012,0.0,0.0,0.0,3,68,6,10,,0,0,0,1,1,0,1,0.0,0,0.003,0,0,1,0,0,2008,36,11,panel,POLS,1,0,0.0,,12,65.0,0.003,0.012,0.25,0.030993786,0.12397514,65.0625,0.083333336,8.0661335,0.25,0.0,1.0,0.0,0.12403473,548.4971,24.198399,524.29865,48.396797,80.66133,16196.795,0.0,290.3808,8.0661335,0.0,0.0,8.0661335,0.0,8.0661335,0.0,8.0661335,8.0661335,0.0,0.0,8.0661335,0.0,0.0,0.0,8.0661335,0.0,0.0,0.0,0.0,0.0,0.0,8.0661335,0.0,0.0,,,4.2341065,1.3862944,1.9459101,2.3978953,7.6053925,0.0,3.6109178,34.152866,11.1820345,15.69597,19.341743,61.346107,0.0,29.126144,4.189655,0.0
Zhang et.al.,31,7,GDP per capita 1985-1995,1,0,0,Resource intensity the ratio of resource production to total GDP in 1985,0.0,1,0,0,0.002,0.01,0.0,0.0,0.0,4,68,6,10,,0,0,0,1,1,0,1,0.0,0,0.002,0,0,1,0,0,2008,36,11,panel,POLS,1,0,0.0,,12,64.0,0.002,0.01,0.20000002,0.024992194,0.12496096,64.03999,0.083333336,8.0025,0.20000002,0.0,1.0,0.0,0.125,544.17,32.01,512.16,48.014996,80.024994,16069.019,0.0,288.08997,8.0025,0.0,0.0,8.0025,0.0,8.0025,0.0,8.0025,8.0025,0.0,0.0,8.0025,0.0,0.0,0.0,8.0025,0.0,0.0,0.0,0.0,0.0,0.0,8.0025,0.0,0.0,,,4.2341065,1.609438,1.9459101,2.3978953,7.6053925,0.0,3.6109178,33.883434,12.879526,15.5721445,19.189156,60.86215,0.0,28.896368,4.1743875,0.0
Zhang et.al.,31,8,GDP per capita 1995-2005,1,0,0,Resource intensity the ratio of resource production to total GDP in 1985,0.0,1,0,0,0.003,0.00967741935483871,0.0,0.0,0.0,3,50,6,10,,0,0,0,1,1,0,1,0.0,0,0.003,0,0,1,0,0,2008,36,11,panel,POLS,1,0,0.0,,12,47.0,0.003,0.009677419,0.31,0.04517199,0.1457161,47.096096,0.083333336,6.8626595,0.31,0.0,1.0,0.0,0.145865,343.133,20.587978,322.545,41.175957,68.626595,13780.221,0.0,247.05574,6.8626595,0.0,0.0,6.8626595,0.0,6.8626595,0.0,6.8626595,6.8626595,0.0,0.0,6.8626595,0.0,0.0,0.0,6.8626595,0.0,0.0,0.0,0.0,0.0,0.0,6.8626595,0.0,0.0,,,3.9318256,1.3862944,1.9459101,2.3978953,7.6053925,0.0,3.6109178,26.98278,9.513666,13.354118,16.45594,52.19322,0.0,24.7805,3.871201,0.0
Zhang et.al.,31,9,GDP per capita 1995-2005,1,0,0,Resource intensity the ratio of resource production to total GDP in 1985,0.0,1,0,0,-0.001,0.014285714285714285,0.0,0.0,0.0,4,50,6,10,,0,0,0,1,1,0,1,0.0,0,-0.001,0,0,1,0,0,2008,36,11,panel,POLS,1,0,0.0,,12,46.0,-0.001,0.014285714,-0.07,-0.010320388,0.14743412,46.004894,0.083333336,6.7826905,-0.07,0.0,1.0,0.0,0.14744195,339.13452,27.130762,312.00378,40.696144,67.826904,13619.643,0.0,244.17686,6.7826905,0.0,0.0,6.7826905,0.0,6.7826905,0.0,6.7826905,6.7826905,0.0,0.0,6.7826905,0.0,0.0,0.0,6.7826905,0.0,0.0,0.0,0.0,0.0,0.0,6.7826905,0.0,0.0,,,3.9318256,1.609438,1.9459101,2.3978953,7.6053925,0.0,3.6109178,26.668358,10.91632,13.198506,16.264183,51.585026,0.0,24.49174,3.8501475,0.0
Zhang et.al.,31,10,GDP per capita 1995-2005,1,0,0,Resource intensity the ratio of resource production to total GDP in 1985,0.0,1,0,0,0.001,0.011111111111111112,0.0,0.0,0.0,6,50,6,10,policy,1,0,0,1,1,0,1,0.0,0,0.001,0,0,1,0,0,2008,36,11,panel,POLS,1,0,0.0,,12,44.0,0.001,0.011111111,0.09,0.013566762,0.1507418,44.0081,0.083333336,6.63386,0.09,0.0,1.0,0.0,0.15075567,331.693,39.80316,291.88983,39.80316,66.3386,13320.791,0.0,238.81895,6.63386,6.63386,0.0,6.63386,0.0,6.63386,0.0,6.63386,6.63386,0.0,0.0,6.63386,0.0,0.0,0.0,6.63386,0.0,0.0,0.0,0.0,0.0,0.0,6.63386,0.0,0.0,,,3.9318256,1.9459101,1.9459101,2.3978953,7.6053925,0.0,3.6109178,26.083181,12.9088955,12.9088955,15.907302,50.45311,0.0,23.954323,3.8066626,0.0
Zhang et.al.,31,11,GDP per capita 1995-2005,1,0,0,Resource intensity the ratio of resource production to total GDP in 1985,0.0,1,0,0,-0.001,0.0125,0.0,0.0,0.0,3,34,6,10,,0,0,0,1,1,0,1,0.0,0,-0.001,0,0,1,0,0,2008,36,11,panel,POLS,1,0,0.0,,12,31.0,-0.001,0.0125,-0.080000006,-0.014366942,0.17958677,31.0064,0.083333336,5.568339,-0.080000006,0.0,1.0,0.0,0.1796053,189.32353,16.705017,172.61852,33.410034,55.68339,11181.225,0.0,200.4602,5.568339,0.0,0.0,5.568339,0.0,5.568339,0.0,5.568339,5.568339,0.0,0.0,5.568339,0.0,0.0,0.0,5.568339,0.0,0.0,0.0,0.0,0.0,0.0,5.568339,0.0,0.0,,,3.5553482,1.3862944,1.9459101,2.3978953,7.6053925,0.0,3.6109178,19.797384,7.719357,10.835487,13.352294,42.349403,0.0,20.106813,3.465736,0.0
Zhang et.al.,31,12,GDP per capita 1995-2005,1,0,0,Resource intensity the ratio of resource production to total GDP in 1985,0.0,1,0,0,-0.002,0.015384615384615384,0.0,0.0,0.0,4,34,6,10,,0,0,0,1,1,0,1,0.0,0,-0.002,0,0,1,0,0,2008,36,11,panel,POLS,1,0,0.0,,12,30.0,-0.002,0.015384615,-0.13000001,-0.023727963,0.18252277,30.016903,0.083333336,5.4787683,-0.13000001,0.0,1.0,0.0,0.18257418,186.27812,21.915073,164.36305,32.872612,54.787685,11001.367,0.0,197.23566,5.4787683,0.0,0.0,5.4787683,0.0,5.4787683,0.0,5.4787683,5.4787683,0.0,0.0,5.4787683,0.0,0.0,0.0,5.4787683,0.0,0.0,0.0,0.0,0.0,0.0,5.4787683,0.0,0.0,,,3.5553482,1.609438,1.9459101,2.3978953,7.6053925,0.0,3.6109178,19.47893,8.817738,10.661191,13.137513,41.668182,0.0,19.783382,3.4339871,0.0
Kropf,32,1,Growth7098,0,1,0,SXP (RESOURCE70) by SW,0.0,1,0,0,-5.576,1.77015873015873,0.0,0.0,0.0,2,86,86,1,,0,0,1,1,0,0,1,1.0,0,-5.576,0,1,0,0,0,2010,2,0,cross-sectional,OLS,0,1,0.011,"Annika Kropf, 2010. ""Resource abundance versus resource dependence in cross-country growth regressions"" OPEC Energy Review, Volume 34, Issue 2, pages 107130, June 2010",14,84.0,-5.576,1.7701588,-3.15,-0.32503173,0.10318467,93.9225,0.071428575,9.691362,-3.15,1.0,0.0,0.0,0.10910895,833.45715,19.382725,814.0744,833.45715,9.691362,19479.639,0.106604986,19.382725,0.0,0.0,0.0,0.0,0.0,9.691362,9.691362,9.691362,9.691362,0.0,0.0,0.0,9.691362,0.0,9.691362,0.0,0.0,0.0,9.691362,9.691362,0.0,9.691362,0.0,0.0,0.0,,,4.465908,1.0986123,4.465908,0.6931472,7.6063876,0.01093994,1.0986123,43.28073,10.64705,43.28073,6.7175403,73.716255,0.10602292,10.64705,4.4426513,0.0
Kropf,32,2,Growth7098,0,1,0,natural resource exports divided by GDP in 1970,0.0,1,0,0,-4.107,1.5382022471910113,0.0,0.0,0.0,3,86,86,1,,0,0,1,1,0,1,1,1.0,0,-4.107,0,1,0,0,0,2010,2,0,cross-sectional,OLS,0,1,0.011,,14,83.0,-4.107,1.5382023,-2.6699998,-0.28124136,0.10533385,90.12891,0.071428575,9.493625,-2.6699998,1.0,0.0,0.0,0.10976426,816.4517,28.480873,787.9708,816.4517,9.493625,19082.186,0.10442987,18.98725,0.0,0.0,0.0,0.0,9.493625,9.493625,9.493625,9.493625,9.493625,0.0,0.0,0.0,9.493625,0.0,9.493625,0.0,0.0,0.0,9.493625,9.493625,0.0,9.493625,0.0,0.0,0.0,,,4.465908,1.3862944,4.465908,0.6931472,7.6063876,0.01093994,1.0986123,42.39765,13.160958,42.39765,6.580479,72.21219,0.10385968,10.429812,4.4308167,0.0
Kropf,32,3,Growth7098,0,1,0,natural resource exports divided by GDP in 1970,0.0,1,0,0,-3.502,1.5030042918454933,0.0,0.0,0.0,4,79,79,1,,0,0,1,1,0,1,1,1.0,0,-3.502,0,1,0,0,0,2010,2,0,cross-sectional,OLS,0,1,0.011,,14,75.0,-3.502,1.5030043,-2.33,-0.2598064,0.1115049,80.428894,0.071428575,8.968216,-2.33,1.0,0.0,0.0,0.11547005,708.4891,35.872864,672.6162,708.4891,8.968216,18026.113,0.09865037,17.936432,0.0,0.0,0.0,0.0,8.968216,8.968216,8.968216,8.968216,8.968216,0.0,0.0,0.0,8.968216,0.0,8.968216,0.0,0.0,0.0,8.968216,8.968216,0.0,8.968216,0.0,0.0,0.0,,,4.3820267,1.609438,4.3820267,0.6931472,7.6063876,0.01093994,1.0986123,39.29896,14.433787,39.29896,6.216294,68.21573,0.09811174,9.852592,4.3307333,0.0
Kropf,32,4,Growth7098,0,1,0,natural resource exports divided by GDP in 1970,0.0,1,0,0,-5.262,1.6974193548387095,0.0,0.0,0.0,5,79,79,1,rule of law,1,0,1,1,0,1,1,1.0,0,-5.262,0,1,0,0,0,2010,2,0,cross-sectional,OLS,0,1,0.011,,14,74.0,-5.262,1.6974194,-3.1,-0.33902565,0.10936312,83.61,0.071428575,9.14385,-3.1,1.0,0.0,0.0,0.11624764,722.3642,45.719254,676.64496,722.3642,9.14385,18379.14,0.100582354,18.2877,0.0,9.14385,0.0,0.0,9.14385,9.14385,9.14385,9.14385,9.14385,0.0,0.0,0.0,9.14385,0.0,9.14385,0.0,0.0,0.0,9.14385,9.14385,0.0,9.14385,0.0,0.0,0.0,,,4.3820267,1.7917595,4.3820267,0.6931472,7.6063876,0.01093994,1.0986123,40.068596,16.383581,40.068596,6.338034,69.551674,0.10003318,10.045547,4.317488,0.0
Kropf,32,5,Growth7098,0,1,0,natural resource exports divided by GDP in 1970,0.0,1,0,0,-5.383,1.7143312101910828,0.0,0.0,0.0,6,79,79,1,rule of law,1,0,1,1,0,1,1,1.0,0,-5.383,0,1,0,0,0,2010,2,0,cross-sectional,OLS,0,1,0.011,,14,73.0,-5.383,1.7143313,-3.1399999,-0.34495163,0.10985721,82.85961,0.071428575,9.102725,-3.1399999,1.0,0.0,0.0,0.11704115,719.1153,54.616352,664.49896,719.1153,9.102725,18296.479,0.10012998,18.20545,0.0,9.102725,0.0,0.0,9.102725,9.102725,9.102725,9.102725,9.102725,0.0,0.0,0.0,9.102725,0.0,9.102725,0.0,0.0,0.0,9.102725,9.102725,0.0,9.102725,0.0,0.0,0.0,,,4.3820267,1.9459101,4.3820267,0.6931472,7.6063876,0.01093994,1.0986123,39.888386,17.713085,39.888386,6.3095284,69.23885,0.09958327,10.000366,4.304065,0.0
Kropf,32,6,Mean of non-resource per capita growth rates from 1973 to 2004,1,1,1,RESOURCE70 by Neumayer,0.0,1,0,0,-5.048,1.7774647887323944,0.0,0.0,0.0,2,86,86,1,,0,0,1,1,0,0,1,1.0,0,-5.048,0,1,0,0,0,2010,2,0,cross-sectional,OLS,0,1,0.011,,14,84.0,-5.048,1.7774647,-2.84,-0.29598495,0.104220055,92.065605,0.071428575,9.595082,-2.84,1.0,0.0,0.0,0.10910895,825.17706,19.190165,805.98694,825.17706,9.595082,19286.115,0.10554591,19.190165,0.0,0.0,0.0,0.0,0.0,9.595082,9.595082,9.595082,9.595082,0.0,0.0,9.595082,9.595082,9.595082,9.595082,0.0,0.0,0.0,9.595082,9.595082,0.0,9.595082,0.0,0.0,0.0,,,4.465908,1.0986123,4.465908,0.6931472,7.6063876,0.01093994,1.0986123,42.850754,10.541275,42.850754,6.650804,72.98392,0.10496962,10.541275,4.4426513,0.0
Kropf,32,7,Mean of non-resource per capita growth rates from 1973 to 2005,1,1,1,RESOURCE70 by Neumayer,0.0,1,0,0,-3.63,1.5512820512820513,0.0,0.0,0.0,3,86,86,1,,0,0,1,1,0,1,1,1.0,0,-3.63,0,1,0,0,0,2010,2,0,cross-sectional,OLS,0,1,0.011,,14,83.0,-3.63,1.551282,-2.3400002,-0.2487735,0.10631345,88.47561,0.071428575,9.406147,-2.3400002,1.0,0.0,0.0,0.10976426,808.92865,28.218443,780.7102,808.92865,9.406147,18906.355,0.10346762,18.812294,0.0,0.0,0.0,0.0,9.406147,9.406147,9.406147,9.406147,9.406147,0.0,0.0,9.406147,9.406147,9.406147,9.406147,0.0,0.0,0.0,9.406147,9.406147,0.0,9.406147,0.0,0.0,0.0,,,4.465908,1.3862944,4.465908,0.6931472,7.6063876,0.01093994,1.0986123,42.00699,13.039689,42.00699,6.5198445,71.54681,0.10290269,10.33371,4.4308167,0.0
Kropf,32,8,Mean of non-resource per capita growth rates from 1973 to 2006,1,1,1,RESOURCE70 by Neumayer,0.0,1,0,0,-3.061,1.5228855721393035,0.0,0.0,0.0,4,79,79,1,,0,0,1,1,0,1,1,1.0,0,-3.061,0,1,0,0,0,2010,2,0,cross-sectional,OLS,0,1,0.011,,14,75.0,-3.061,1.5228856,-2.01,-0.22608529,0.112480246,79.0401,0.071428575,8.8904505,-2.01,1.0,0.0,0.0,0.11547005,702.3456,35.561802,666.78375,702.3456,8.8904505,17869.805,0.09779495,17.780901,0.0,0.0,0.0,0.0,8.8904505,8.8904505,8.8904505,8.8904505,8.8904505,0.0,0.0,8.8904505,8.8904505,8.8904505,8.8904505,0.0,0.0,0.0,8.8904505,8.8904505,0.0,8.8904505,0.0,0.0,0.0,,,4.3820267,1.609438,4.3820267,0.6931472,7.6063876,0.01093994,1.0986123,38.95819,14.308627,38.95819,6.16239,67.62421,0.09726099,9.767158,4.3307333,0.0
Kropf,32,9,Mean of non-resource per capita growth rates from 1973 to 2007,1,1,1,RESOURCE70 by Neumayer,0.0,1,0,0,-5.06,1.7094594594594594,0.0,0.0,0.0,5,79,79,1,rule of law,1,0,1,1,0,1,1,1.0,0,-5.06,0,1,0,0,0,2010,2,0,cross-sectional,OLS,0,1,0.011,,14,74.0,-5.06,1.7094594,-2.96,-0.32536983,0.10992224,82.7616,0.071428575,9.097341,-2.96,1.0,0.0,0.0,0.11624764,718.6899,45.486702,673.2032,718.6899,9.097341,18285.654,0.100070745,18.194681,0.0,9.097341,0.0,0.0,9.097341,9.097341,9.097341,9.097341,9.097341,0.0,0.0,9.097341,9.097341,9.097341,9.097341,0.0,0.0,0.0,9.097341,9.097341,0.0,9.097341,0.0,0.0,0.0,,,4.3820267,1.7917595,4.3820267,0.6931472,7.6063876,0.01093994,1.0986123,39.864788,16.300245,39.864788,6.3057957,69.1979,0.09952436,9.99445,4.317488,0.0
Kropf,32,10,Mean of non-resource per capita growth rates from 1973 to 2008,1,1,1,RESOURCE70 by Neumayer,0.0,1,0,0,-5.206,1.7238410596026492,0.0,0.0,0.0,6,79,79,1,rule of law,1,0,1,1,0,1,1,1.0,0,-5.206,0,1,0,0,0,2010,2,0,cross-sectional,OLS,0,1,0.011,,14,73.0,-5.206,1.7238411,-3.02,-0.33325863,0.11035054,82.1204,0.071428575,9.062031,-3.02,1.0,0.0,0.0,0.11704115,715.90045,54.372185,661.52826,715.90045,9.062031,18214.682,0.09968234,18.124062,0.0,9.062031,0.0,0.0,9.062031,9.062031,9.062031,9.062031,9.062031,0.0,0.0,9.062031,9.062031,9.062031,9.062031,0.0,0.0,0.0,9.062031,9.062031,0.0,9.062031,0.0,0.0,0.0,,,4.3820267,1.9459101,4.3820267,0.6931472,7.6063876,0.01093994,1.0986123,39.71006,17.633898,39.71006,6.281321,68.92932,0.09913807,9.955659,4.304065,0.0
Kropf,32,11,Growth7098,0,1,0,SXP,0.0,1,0,0,-8.28,1.2413793103448274,0.0,0.0,0.0,6,74,74,1,rule of law,1,0,1,1,0,1,1,1.0,0,-8.28,0,1,0,0,0,2010,2,0,cross-sectional,OLS,0,1,0.011,,14,68.0,-8.28,1.2413793,-6.67,-0.6288847,0.094285555,112.4889,0.071428575,10.606078,-6.67,1.0,0.0,0.0,0.12126781,784.8498,63.63647,721.2133,784.8498,10.606078,21318.219,0.11666686,21.212156,0.0,10.606078,0.0,0.0,10.606078,10.606078,10.606078,10.606078,10.606078,0.0,0.0,0.0,10.606078,0.0,10.606078,0.0,0.0,0.0,10.606078,10.606078,0.0,10.606078,0.0,0.0,0.0,,,4.317488,1.9459101,4.317488,0.6931472,7.6063876,0.01093994,1.0986123,45.79162,20.638475,45.79162,7.3515735,80.67394,0.11602986,11.651968,4.2341065,0.0
Kropf,32,12,Growth7098,0,1,0,SNR,0.0,1,0,0,-6.45,1.6329113924050633,0.0,0.0,0.0,6,74,74,1,rule of law,1,0,1,1,0,1,1,1.0,0,-6.45,0,1,0,0,0,2010,2,0,cross-sectional,OLS,0,1,0.011,,14,68.0,-6.45,1.6329114,-3.9499998,-0.43200368,0.109368026,83.6025,0.071428575,9.14344,-3.9499998,1.0,0.0,0.0,0.12126781,676.61456,54.86064,621.7539,676.61456,9.14344,18378.314,0.10057784,18.28688,0.0,9.14344,0.0,0.0,9.14344,9.14344,9.14344,9.14344,9.14344,0.0,0.0,0.0,9.14344,0.0,9.14344,0.0,0.0,0.0,9.14344,9.14344,0.0,9.14344,0.0,0.0,0.0,,,4.317488,1.9459101,4.317488,0.6931472,7.6063876,0.01093994,1.0986123,39.476696,17.792313,39.476696,6.33775,69.54855,0.100028686,10.045095,4.2341065,0.0
Kropf,32,13,Growth7098,0,1,0,PXI70,0.0,0,1,0,-2.5,0.6426735218508998,0.0,0.0,0.0,6,73,73,1,rule of law,1,0,1,1,0,1,1,1.0,0,-2.5,0,1,0,0,0,2010,2,0,cross-sectional,OLS,0,1,0.011,,14,67.0,-2.5,0.6426735,-3.89,-0.42923304,0.11034268,82.1321,0.071428575,9.062676,-3.89,1.0,0.0,0.0,0.12216944,661.5754,54.376057,607.1993,661.5754,9.062676,18215.979,0.09968944,18.125353,0.0,9.062676,0.0,0.0,9.062676,9.062676,9.062676,9.062676,0.0,9.062676,0.0,0.0,9.062676,0.0,9.062676,0.0,0.0,0.0,9.062676,9.062676,0.0,9.062676,0.0,0.0,0.0,,,4.304065,1.9459101,4.304065,0.6931472,7.6063876,0.01093994,1.0986123,39.00635,17.635153,39.00635,6.2817683,68.93423,0.09914514,9.9563675,4.2195077,0.0
Kropf,32,14,Growth7098,0,1,0,RENT,0.0,1,0,0,-0.071,0.20285714285714285,0.0,0.0,0.0,5,74,74,1,rule of law,1,0,1,1,0,1,1,1.0,0,-0.071,0,1,0,0,0,2010,2,0,cross-sectional,OLS,0,1,0.011,,14,69.0,-0.071,0.20285714,-0.35000002,-0.0420977,0.12027913,69.1225,0.071428575,8.313994,-0.35000002,1.0,0.0,0.0,0.120385855,615.23553,41.56997,573.6656,615.23553,8.313994,16711.129,0.09145393,16.627989,0.0,8.313994,0.0,0.0,8.313994,8.313994,8.313994,8.313994,8.313994,0.0,0.0,0.0,8.313994,0.0,8.313994,0.0,0.0,0.0,8.313994,8.313994,0.0,8.313994,0.0,0.0,0.0,,,4.317488,1.7917595,4.317488,0.6931472,7.6063876,0.01093994,1.0986123,35.895573,14.896678,35.895573,5.7628217,63.23946,0.090954594,9.133856,4.248495,0.0
Alexeev and Conrad,33,2,Logarithm of per capita PPP GDP in 2000 ,1,0,0,"Value of oil output, per capita ",1.0,0,1,1,0.096,0.023,0.0,0.0,0.0,4,118,118,1,,0,0,0,0,0,0,0,1.0,0,0.096,0,0,0,1,0,2009,341,94,cross-sectional,OLS,1,1,0.874,,20,114.0,0.096,0.023,4.173913,0.36409113,0.08723017,131.42155,0.05,11.463923,4.173913,1.0,0.0,0.0,0.09365858,1352.743,45.855694,1306.8873,1352.743,11.463923,23031.023,10.019469,3909.198,11.463923,0.0,0.0,0.0,0.0,0.0,0.0,0.0,0.0,11.463923,11.463923,11.463923,0.0,0.0,11.463923,0.0,0.0,0.0,11.463923,11.463923,0.0,0.0,0.0,11.463923,0.0,,,4.7791233,1.609438,4.7791233,0.6931472,7.60589,0.6280752,5.8348107,54.787506,18.450474,54.787506,7.9461865,87.193344,7.200206,66.889824,4.744932,11.463923
Alexeev and Conrad,33,3,Logarithm of per capita PPP GDP in 2000 ,1,0,0,Oil/GDP ratio,0.0,0,1,1,1.51,0.693,0.0,0.0,0.0,4,118,118,1,,0,0,0,0,0,0,0,1.0,0,1.51,0,0,0,1,0,2009,341,94,cross-sectional,OLS,1,1,0.874,,20,114.0,1.51,0.693,2.1789322,0.19995444,0.09176717,118.747734,0.05,10.897143,2.1789322,1.0,0.0,0.0,0.09365858,1285.8629,43.588573,1242.2743,1285.8629,10.897143,21892.361,9.524103,3715.9258,10.897143,0.0,0.0,0.0,0.0,0.0,0.0,0.0,0.0,10.897143,10.897143,10.897143,0.0,0.0,10.897143,0.0,0.0,0.0,10.897143,10.897143,0.0,0.0,0.0,10.897143,0.0,,,4.7791233,1.609438,4.7791233,0.6931472,7.60589,0.6280752,5.8348107,52.078793,17.538277,52.078793,7.553324,82.88247,6.8442254,63.582767,4.744932,0.0
Alexeev and Conrad,33,4,Logarithm of per capita PPP GDP in 2000 ,1,0,0,"Hydrocarbon deposits, per capita ",1.0,0,1,1,0.051,0.01,0.0,0.0,0.0,5,111,111,1,rule of law,1,0,0,0,0,0,0,0.0,1,0.051,0,0,0,1,0,2009,341,94,cross-sectional,IV,1,1,0.874,,20,106.0,0.051,0.01,5.1,0.4438812,0.08703554,132.00998,0.05,11.48956,5.1,1.0,0.0,0.0,0.097128585,1275.3412,57.4478,1217.8933,1275.3412,11.48956,23082.525,10.041875,3917.94,11.48956,11.48956,0.0,0.0,0.0,0.0,0.0,0.0,0.0,11.48956,11.48956,11.48956,0.0,0.0,11.48956,0.0,0.0,11.48956,0.0,11.48956,0.0,0.0,0.0,11.48956,0.0,1.0,11.48956,4.7184987,1.7917595,4.7184987,0.6931472,7.60589,0.6280752,5.8348107,54.213474,20.586527,54.213474,7.963956,87.38833,7.216307,67.039406,4.6728287,11.48956
Alexeev and Conrad,33,5,Logarithm of per capita PPP GDP in 2000 ,1,0,0,"Value of oil output, per capita ",1.0,0,1,1,0.086,0.015,0.0,0.0,0.0,5,117,117,1,rule of law,1,0,0,0,0,0,0,0.0,1,0.086,0,0,0,1,0,2009,341,94,cross-sectional,IV,1,1,0.874,,20,112.0,0.086,0.015,5.7333336,0.4763392,0.083082415,144.87111,0.05,12.036242,5.7333336,1.0,0.0,0.0,0.09449112,1408.2402,60.181206,1348.0591,1408.2402,12.036242,24180.809,10.519675,4104.3584,12.036242,12.036242,0.0,0.0,0.0,0.0,0.0,0.0,0.0,12.036242,12.036242,12.036242,0.0,0.0,12.036242,0.0,0.0,12.036242,0.0,12.036242,0.0,0.0,0.0,12.036242,0.0,1.0,12.036242,4.7706847,1.7917595,4.7706847,0.6931472,7.60589,0.6280752,5.8348107,57.421112,21.56605,57.421112,8.342887,91.546326,7.5596642,70.22919,4.727388,12.036242
Alexeev and Conrad,33,6,Logarithm of per capita PPP GDP in 2000 ,1,0,0,Oil/GDP ratio,0.0,0,1,1,1.26,0.313,0.0,0.0,0.0,5,117,117,1,rule of law,1,0,0,0,0,0,0,0.0,1,1.26,0,0,0,1,0,2009,341,94,cross-sectional,IV,1,1,0.874,,20,112.0,1.26,0.313,4.025559,0.35552776,0.08831761,128.20512,0.05,11.32277,4.025559,1.0,0.0,0.0,0.09449112,1324.7642,56.61385,1268.1503,1324.7642,11.32277,22747.445,9.896101,3861.0647,11.32277,11.32277,0.0,0.0,0.0,0.0,0.0,0.0,0.0,11.32277,11.32277,11.32277,0.0,0.0,11.32277,0.0,0.0,11.32277,0.0,11.32277,0.0,0.0,0.0,11.32277,0.0,1.0,11.32277,4.7706847,1.7917595,4.7706847,0.6931472,7.60589,0.6280752,5.8348107,54.01737,20.287682,54.01737,7.848346,86.11974,7.111551,66.06622,4.727388,0.0
Alexeev and Conrad,33,7,Logarithm of per capita PPP GDP in 2000 ,1,0,0,"Hydrocarbon deposits, per capita ",1.0,0,1,1,0.064,0.013,0.0,0.0,0.0,4,68,68,1,rule of law,1,0,0,0,0,0,0,0.0,1,0.064,0,0,0,1,0,2009,341,94,cross-sectional,IV,1,1,0.874,,20,64.0,0.064,0.013,4.923077,0.52409744,0.106457286,88.236694,0.05,9.393439,4.923077,1.0,0.0,0.0,0.125,638.75385,37.573757,601.1801,638.75385,9.393439,18871.418,8.209866,3203.1626,9.393439,9.393439,0.0,0.0,0.0,0.0,0.0,0.0,0.0,9.393439,9.393439,9.393439,0.0,0.0,9.393439,0.0,0.0,9.393439,0.0,9.393439,0.0,0.0,0.0,9.393439,0.0,1.0,9.393439,4.2341065,1.609438,4.2341065,0.6931472,7.60589,0.6280752,5.8348107,39.77282,15.118156,39.77282,6.5110354,71.44546,5.899786,54.808937,4.1743875,9.393439
Alexeev and Conrad,33,8,Logarithm of per capita PPP GDP in 2000 ,1,0,0,"Value of oil output, per capita ",1.0,0,1,1,0.131,0.018,0.0,0.0,0.0,4,69,69,1,rule of law,1,0,0,0,0,0,0,0.0,1,0.131,0,0,0,1,0,2009,341,94,cross-sectional,IV,1,1,0.874,,20,65.0,0.131,0.018,7.277778,0.6700702,0.092070706,117.96606,0.05,10.8612175,7.277778,1.0,0.0,0.0,0.12403473,749.424,43.44487,705.9792,749.424,10.8612175,21820.188,9.492704,3703.6753,10.8612175,10.8612175,0.0,0.0,0.0,0.0,0.0,0.0,0.0,10.8612175,10.8612175,10.8612175,0.0,0.0,10.8612175,0.0,0.0,10.8612175,0.0,10.8612175,0.0,0.0,0.0,10.8612175,0.0,1.0,10.8612175,4.248495,1.609438,4.248495,0.6931472,7.60589,0.6280752,5.8348107,46.14383,17.480455,46.14383,7.5284224,82.60923,6.8216615,63.37315,4.189655,10.8612175
Alexeev and Conrad,33,9,Logarithm of per capita PPP GDP in 2000 ,1,0,0,Oil/GDP ratio,0.0,0,1,1,2.57,0.712,0.0,0.0,0.0,4,69,69,1,rule of law,1,0,0,0,0,0,0,0.0,1,2.57,0,0,0,1,0,2009,341,94,cross-sectional,IV,1,1,0.874,,20,65.0,2.57,0.712,3.6095505,0.40862554,0.11320677,78.028854,0.05,8.833394,3.6095505,1.0,0.0,0.0,0.12403473,609.5042,35.333576,574.17065,609.5042,8.833394,17746.29,7.7203865,3012.1875,8.833394,8.833394,0.0,0.0,0.0,0.0,0.0,0.0,0.0,8.833394,8.833394,8.833394,0.0,0.0,8.833394,0.0,0.0,8.833394,0.0,8.833394,0.0,0.0,0.0,8.833394,0.0,1.0,8.833394,4.248495,1.609438,4.248495,0.6931472,7.60589,0.6280752,5.8348107,37.528633,14.2168,37.528633,6.1228423,67.18582,5.5480356,51.541183,4.189655,0.0
Alexeev and Conrad,33,10,Logarithm of per capita PPP GDP in 2000 ,1,0,0,"Mining output, per capita",1.0,0,1,0,0.094,0.028,0.0,0.0,0.0,4,117,117,1,,0,0,0,0,0,0,0,1.0,0,0.094,0,0,0,1,0,2009,341,94,cross-sectional,OLS,1,1,0.874,,20,113.0,0.094,0.028,3.3571427,0.30115214,0.0897049,124.270386,0.05,11.147663,3.3571427,1.0,0.0,0.0,0.09407209,1304.2766,44.590652,1259.6859,1304.2766,11.147663,22395.654,9.743057,3801.353,11.147663,0.0,0.0,0.0,0.0,0.0,0.0,0.0,0.0,11.147663,0.0,11.147663,0.0,0.0,11.147663,0.0,0.0,0.0,11.147663,11.147663,0.0,0.0,0.0,11.147663,0.0,,,4.7706847,1.609438,4.7706847,0.6931472,7.60589,0.6280752,5.8348107,53.181984,17.941471,53.181984,7.726971,84.787895,7.00157,65.0445,4.7361984,11.147663
Alexeev and Conrad,33,11,Logarithm of per capita PPP GDP in 2000 ,1,0,0,Mining/GDP ratio,0.0,0,1,0,2.6,1.111,0.0,0.0,0.0,4,117,117,1,,0,0,0,0,0,0,0,1.0,0,2.6,0,0,0,1,0,2009,341,94,cross-sectional,OLS,1,1,0.874,,20,113.0,2.6,1.111,2.340234,0.21500216,0.09187208,118.476685,0.05,10.8847,2.340234,1.0,0.0,0.0,0.09407209,1273.5099,43.5388,1229.9711,1273.5099,10.8847,21867.361,9.513227,3711.6826,10.8847,0.0,0.0,0.0,0.0,0.0,0.0,0.0,0.0,10.8847,0.0,10.8847,0.0,0.0,10.8847,0.0,0.0,0.0,10.8847,10.8847,0.0,0.0,0.0,10.8847,0.0,,,4.7706847,1.609438,4.7706847,0.6931472,7.60589,0.6280752,5.8348107,51.92747,17.518248,51.92747,7.5446987,82.78783,6.8364096,63.510162,4.7361984,0.0
Alexeev and Conrad,33,12,Logarithm of per capita PPP GDP in 2000 ,1,0,0,"Mining output, per capita",1.0,0,1,0,0.062,0.02,0.0,0.0,0.0,4,117,117,1,rule of law,1,0,0,0,0,0,0,0.0,1,0.062,0,0,0,1,0,2009,341,94,cross-sectional,IV,1,1,0.874,,20,113.0,0.062,0.02,3.1,0.27996176,0.09031025,122.60999,0.05,11.07294,3.1,1.0,0.0,0.0,0.09407209,1295.5339,44.29176,1251.2422,1295.5339,11.07294,22245.535,9.67775,3775.8726,11.07294,11.07294,0.0,0.0,0.0,0.0,0.0,0.0,0.0,11.07294,0.0,11.07294,0.0,0.0,11.07294,0.0,0.0,11.07294,0.0,11.07294,0.0,0.0,0.0,11.07294,0.0,1.0,11.07294,4.7706847,1.609438,4.7706847,0.6931472,7.60589,0.6280752,5.8348107,52.825504,17.821209,52.825504,7.675177,84.21956,6.9546385,64.608505,4.7361984,11.07294
Alexeev and Conrad,33,13,Logarithm of per capita PPP GDP in 2000 ,1,0,0,Mining/GDP ratio,0.0,0,1,0,1.44,0.846,0.0,0.0,0.0,4,117,117,1,rule of law,1,0,0,0,0,0,0,0.0,1,1.44,0,0,0,1,0,2009,341,94,cross-sectional,IV,1,1,0.874,,20,113.0,1.44,0.846,1.7021277,0.15810864,0.092888825,115.89723,0.05,10.765557,1.7021277,1.0,0.0,0.0,0.09407209,1259.5702,43.06223,1216.508,1259.5702,10.765557,21628.006,9.409098,3671.0552,10.765557,10.765557,0.0,0.0,0.0,0.0,0.0,0.0,0.0,10.765557,0.0,10.765557,0.0,0.0,10.765557,0.0,0.0,10.765557,0.0,10.765557,0.0,0.0,0.0,10.765557,0.0,1.0,10.765557,4.7706847,1.609438,4.7706847,0.6931472,7.60589,0.6280752,5.8348107,51.35908,17.326496,51.35908,7.462116,81.881645,6.7615795,62.81499,4.7361984,0.0
Alexeev and Conrad,33,14,Logarithm of per capita PPP GDP in 2000 ,1,0,0,"Mining output, per capita",1.0,0,1,0,0.082,0.029,0.0,0.0,0.0,4,69,69,1,rule of law,1,0,0,0,0,0,0,0.0,1,0.082,0,0,0,1,0,2009,341,94,cross-sectional,IV,1,1,0.874,,20,65.0,0.082,0.029,2.8275864,0.33095473,0.117044955,72.99525,0.05,8.543726,2.8275864,1.0,0.0,0.0,0.12403473,589.5171,34.174904,555.34216,589.5171,8.543726,17164.346,7.4672165,2913.4104,8.543726,8.543726,0.0,0.0,0.0,0.0,0.0,0.0,0.0,8.543726,0.0,8.543726,0.0,0.0,8.543726,0.0,0.0,8.543726,0.0,8.543726,0.0,0.0,0.0,8.543726,0.0,1.0,8.543726,4.248495,1.609438,4.248495,0.6931472,7.60589,0.6280752,5.8348107,36.297977,13.750596,36.297977,5.9220595,64.982635,5.366102,49.85102,4.189655,8.543726
Alexeev and Conrad,33,15,Logarithm of per capita PPP GDP in 2000 ,1,0,0,Mining/GDP ratio,0.0,0,1,0,4.51,1.37,0.0,0.0,0.0,4,69,69,1,rule of law,1,0,0,0,0,0,0,0.0,1,4.51,0,0,0,1,0,2009,341,94,cross-sectional,IV,1,1,0.874,,20,65.0,4.51,1.37,3.291971,0.37802038,0.114831015,75.837074,0.05,8.708448,3.291971,1.0,0.0,0.0,0.12403473,600.88293,34.833794,566.04913,600.88293,8.708448,17495.273,7.611184,2969.581,8.708448,8.708448,0.0,0.0,0.0,0.0,0.0,0.0,0.0,8.708448,0.0,8.708448,0.0,0.0,8.708448,0.0,0.0,8.708448,0.0,8.708448,0.0,0.0,0.0,8.708448,0.0,1.0,8.708448,4.248495,1.609438,4.248495,0.6931472,7.60589,0.6280752,5.8348107,36.997803,14.015708,36.997803,6.036237,66.235504,5.4695606,50.81215,4.189655,0.0
Alexeev and Conrad,33,16,Logarithm of per capita PPP GDP in 2000 ,1,0,0,"Hydrocarbon deposits, per capita ",1.0,0,1,1,0.056,0.014,-0.041,0.012,2.31,6,111,111,1,rule of law,1,1,0,0,0,0,0,0.0,1,-0.03871,0,0,0,1,0,2009,341,94,cross-sectional,IV,1,1,0.874,,20,105.0,-0.03871,0.031054765,-1.2465076,-0.1207565,0.09687586,106.55378,0.05,10.322489,-1.2465076,1.0,0.0,0.0,0.09759001,1145.7963,61.934933,1083.8613,1145.7963,10.322489,20737.88,9.021855,3519.9688,10.322489,10.322489,10.322489,0.0,0.0,0.0,0.0,0.0,0.0,10.322489,10.322489,10.322489,0.0,0.0,10.322489,0.0,0.0,10.322489,0.0,10.322489,0.0,0.0,0.0,10.322489,0.0,1.0,10.322489,4.7184987,1.9459101,4.7184987,0.6931472,7.60589,0.6280752,5.8348107,48.70665,20.086636,48.70665,7.155004,78.51171,6.4832993,60.22977,4.6634393,10.322489
Alexeev and Conrad,33,17,Logarithm of per capita PPP GDP in 2000 ,1,0,0,"Value of oil output, per capita ",1.0,0,1,1,0.101,0.021,-0.065,0.017,2.31,6,117,117,1,rule of law,1,1,0,0,0,0,0,0.0,1,-0.04915,0,0,0,1,0,2009,341,94,cross-sectional,IV,1,1,0.874,,20,111.0,-0.049149994,0.04453238,-1.1036911,-0.10418759,0.094399236,112.21813,0.05,10.593306,-1.1036911,1.0,0.0,0.0,0.0949158,1239.4167,63.559837,1175.8569,1239.4167,10.593306,21281.951,9.25855,3612.3174,10.593306,10.593306,10.593306,0.0,0.0,0.0,0.0,0.0,0.0,10.593306,10.593306,10.593306,0.0,0.0,10.593306,0.0,0.0,10.593306,0.0,10.593306,0.0,0.0,0.0,10.593306,0.0,1.0,10.593306,4.7706847,1.9459101,4.7706847,0.6931472,7.60589,0.6280752,5.8348107,50.537323,20.61362,50.537323,7.34272,80.57152,6.653393,61.809937,4.7184987,10.593306
Alexeev and Conrad,33,18,Logarithm of per capita PPP GDP in 2000 ,1,0,0,Oil/GDP ratio,0.0,0,1,1,1.14,0.678,-0.834,0.913,2.31,6,117,117,1,rule of law,1,1,0,0,0,0,0,0.0,1,-0.78654,0,0,0,1,0,2009,341,94,cross-sectional,IV,1,1,0.874,,20,111.0,-0.78654,2.215331,-0.35504398,-0.033680163,0.09486195,111.12606,0.05,10.541635,-0.35504398,1.0,0.0,0.0,0.0949158,1233.3712,63.24981,1170.1215,1233.3712,10.541635,21178.145,9.213388,3594.6975,10.541635,10.541635,10.541635,0.0,0.0,0.0,0.0,0.0,0.0,10.541635,10.541635,10.541635,0.0,0.0,10.541635,0.0,0.0,10.541635,0.0,10.541635,0.0,0.0,0.0,10.541635,0.0,1.0,10.541635,4.7706847,1.9459101,4.7706847,0.6931472,7.60589,0.6280752,5.8348107,50.290817,20.513073,50.290817,7.3069043,80.17851,6.6209393,61.508442,4.7184987,0.0
Alexeev and Conrad,33,19,Logarithm of per capita PPP GDP in 2000 ,1,0,0,"Mining output, per capita",1.0,0,1,0,1.64,1.14,-1.53,2.2,2.31,6,117,117,1,rule of law,1,1,0,0,0,0,0,0.0,1,-1.8943,0,0,0,1,0,2009,341,94,cross-sectional,IV,1,1,0.874,,20,111.0,-1.8943,5.208294,-0.36370835,-0.034501117,0.094859295,111.13228,0.05,10.541929,-0.36370835,1.0,0.0,0.0,0.0949158,1233.4058,63.251575,1170.1542,1233.4058,10.541929,21178.736,9.213647,3594.798,10.541929,10.541929,10.541929,0.0,0.0,0.0,0.0,0.0,0.0,10.541929,0.0,10.541929,0.0,0.0,10.541929,0.0,0.0,10.541929,0.0,10.541929,0.0,0.0,0.0,10.541929,0.0,1.0,10.541929,4.7706847,1.9459101,4.7706847,0.6931472,7.60589,0.6280752,5.8348107,50.29222,20.513647,50.29222,7.307109,80.180756,6.6211243,61.510162,4.7184987,10.541929
Alexeev and Conrad,33,20,Logarithm of per capita PPP GDP in 2000 ,1,0,0,Mining/GDP ratio,0.0,0,1,0,0.072,0.028,-0.053,0.019,2.31,6,117,117,1,rule of law,1,1,0,0,0,0,0,0.0,1,-0.05043,0,0,0,1,0,2009,341,94,cross-sectional,IV,1,1,0.874,,20,111.0,-0.05043,0.05206085,-0.9686742,-0.09155632,0.09451714,111.93833,0.05,10.580091,-0.9686742,1.0,0.0,0.0,0.0949158,1237.8707,63.48055,1174.3901,1237.8707,10.580091,21255.404,9.247,3607.8113,10.580091,10.580091,10.580091,0.0,0.0,0.0,0.0,0.0,0.0,10.580091,0.0,10.580091,0.0,0.0,10.580091,0.0,0.0,10.580091,0.0,10.580091,0.0,0.0,0.0,10.580091,0.0,1.0,10.580091,4.7706847,1.9459101,4.7706847,0.6931472,7.60589,0.6280752,5.8348107,50.47428,20.587906,50.47428,7.3335605,80.47101,6.645093,61.73283,4.7184987,0.0
Arzeki and vander Ploeg,34,1,Growth in Income Per Capita Over the Period 196590,1,1,0,PrimExp/GNP,0.0,1,0,0,-5.47,1.4547872340425532,0.0,0.0,0.0,4,96,96,1,,0,0,0,0,0,1,1,1.0,0,-5.47,0,1,0,0,0,2008,164,29,cross-sectional,OLS,0,1,0.0,"Arezki, R. & F. van der Ploeg (2008): Can the Natural Resource Curse Be Turned Into a Blessing? The Role of Trade Policies and Institutions. OxCarre Research Paper",65,92.0,-5.47,1.4547873,-3.7599998,-0.36496666,0.097065605,106.1376,0.015384615,10.30231,-3.7599998,1.0,0.0,0.0,0.1042572,989.0218,41.20924,947.81256,989.0218,10.30231,20687.04,0.0,1689.5789,0.0,0.0,0.0,0.0,10.30231,10.30231,0.0,0.0,10.30231,0.0,0.0,10.30231,10.30231,0.0,10.30231,0.0,0.0,0.0,10.30231,10.30231,0.0,10.30231,0.0,0.0,0.0,,,4.574711,1.609438,4.574711,0.6931472,7.6053925,0.0,5.1059456,47.130093,16.580929,47.130093,7.1410174,78.35311,0.0,52.603035,4.5325994,0.0
Arzeki and vander Ploeg,34,2,Growth in Income Per Capita Over the Period 196590,1,1,0,PrimExp/GNP,0.0,1,0,0,-5.755,1.5144736842105264,0.0,0.0,0.0,5,87,87,1,InsQual80,1,0,0,0,0,1,1,1.0,0,-5.755,0,1,0,0,0,2008,164,29,cross-sectional,OLS,0,1,0.0,,65,82.0,-5.755,1.5144737,-3.8000002,-0.38695014,0.10182898,96.44001,0.015384615,9.820387,-3.8000002,1.0,0.0,0.0,0.11043153,854.3737,49.101936,805.2718,854.3737,9.820387,19719.338,0.0,1610.5436,0.0,9.820387,0.0,0.0,9.820387,9.820387,0.0,0.0,9.820387,0.0,0.0,9.820387,9.820387,0.0,9.820387,0.0,0.0,0.0,9.820387,9.820387,0.0,9.820387,0.0,0.0,0.0,,,4.477337,1.7917595,4.477337,0.6931472,7.6053925,0.0,5.1059456,43.96918,17.595772,43.96918,6.806974,74.6879,0.0,50.142365,4.4188404,0.0
Arzeki and vander Ploeg,34,3,Growth in Income Per Capita Over the Period 196590,1,1,0,PrimExp/GNP,0.0,1,0,0,-6.692,1.2301470588235293,0.0,0.0,0.0,6,87,87,1,InsQual80,1,0,1,0,0,1,1,1.0,0,-6.692,0,1,0,0,0,2008,164,29,cross-sectional,OLS,0,1,0.0,,65,81.0,-6.692,1.230147,-5.44,-0.5172898,0.09509004,110.59359,0.015384615,10.516349,-5.44,1.0,0.0,0.0,0.11111111,914.9223,63.09809,851.8242,914.9223,10.516349,21116.828,0.0,1724.6812,0.0,10.516349,0.0,0.0,10.516349,10.516349,10.516349,0.0,10.516349,0.0,0.0,10.516349,10.516349,0.0,10.516349,0.0,0.0,0.0,10.516349,10.516349,0.0,10.516349,0.0,0.0,0.0,,,4.477337,1.9459101,4.477337,0.6931472,7.6053925,0.0,5.1059456,47.085236,20.46387,47.085236,7.289377,79.98096,0.0,53.695904,4.406719,0.0
Arzeki and vander Ploeg,34,4,Growth in Income Per Capita Over the Period 196590,1,1,0,PrimExp/GNP,0.0,1,0,0,-14.361,3.3870283018867924,1.54,0.6363636363636364,9.325,7,87,87,1,InsQual80,1,1,1,0,0,1,1,1.0,0,-0.0005000000000006111,0,1,0,0,0,2008,164,29,cross-sectional,OLS,0,1,0.0,,65,80.0,-0.00050035573,6.832671,-7.322989e-05,-8.18735e-06,0.111803405,79.99999,0.015384615,8.944271,-7.322989e-05,1.0,0.0,0.0,0.1118034,778.1516,62.6099,715.5417,778.1516,8.944271,17960.098,0.0,1466.8605,0.0,8.944271,8.944271,0.0,8.944271,8.944271,8.944271,0.0,8.944271,0.0,0.0,8.944271,8.944271,0.0,8.944271,0.0,0.0,0.0,8.944271,8.944271,0.0,8.944271,0.0,0.0,0.0,,,4.477337,2.0794415,4.477337,0.6931472,7.6053925,0.0,5.1059456,40.046516,18.599089,40.046516,6.1996965,68.0247,0.0,45.668964,4.394449,0.0
Arzeki and vander Ploeg,34,5,Growth in Income Per Capita Over the Period 196590,1,1,0,PrimExp/GNP,0.0,1,0,0,-7.907,1.4481684981684981,0.0,0.0,0.0,7,87,87,1,InsQual80,1,0,1,0,0,1,1,1.0,0,-7.907,0,1,0,0,0,2008,164,29,cross-sectional,OLS,0,1,0.0,,65,80.0,-7.907,1.4481685,-5.46,-0.521037,0.09542802,109.81159,0.015384615,10.479102,-5.46,1.0,0.0,0.0,0.1118034,911.68195,73.353714,838.3282,911.68195,10.479102,21042.037,0.0,1718.5728,0.0,10.479102,0.0,0.0,10.479102,10.479102,10.479102,0.0,10.479102,0.0,0.0,10.479102,10.479102,0.0,10.479102,0.0,0.0,0.0,10.479102,10.479102,0.0,10.479102,0.0,0.0,0.0,,,4.477337,2.0794415,4.477337,0.6931472,7.6053925,0.0,5.1059456,46.918472,21.790682,46.918472,7.2635603,79.697685,0.0,53.505726,4.394449,0.0
Arzeki and vander Ploeg,34,6,Growth in Income Per Capita Over the Period 196590,1,1,0,PrimExp/GNP,0.0,1,0,0,-14.54,3.908602150537634,1.596,0.8769230769230769,9.325,8,87,87,1,InsQual80,1,1,1,0,0,1,1,1.0,0,0.34270000000000067,0,1,0,0,0,2008,164,29,cross-sectional,OLS,0,1,0.0,,65,79.0,0.3426996,9.063417,0.037811298,0.004254065,0.112507775,79.00143,0.015384615,8.888274,0.037811298,1.0,0.0,0.0,0.11250879,773.2799,71.10619,702.1737,773.2799,8.888274,17847.656,0.0,1457.677,0.0,8.888274,8.888274,0.0,8.888274,8.888274,8.888274,0.0,8.888274,0.0,0.0,8.888274,8.888274,0.0,8.888274,0.0,0.0,0.0,8.888274,8.888274,0.0,8.888274,0.0,0.0,0.0,,,4.477337,2.1972246,4.477337,0.6931472,7.6053925,0.0,5.1059456,39.7958,19.529535,39.7958,6.1608825,67.598816,0.0,45.383045,4.3820267,0.0
Arzeki and vander Ploeg,34,7,Growth in Income Per Capita Over the Period 196590,1,1,0,PrimExp/GNP,0.0,1,0,0,-7.766,1.4145719489981785,0.0,0.0,0.0,6,96,96,1,,0,0,1,0,0,1,1,1.0,0,-7.766,0,1,0,0,0,2008,164,29,cross-sectional,OLS,0,1,0.0,,65,90.0,-7.766,1.414572,-5.49,-0.5008738,0.09123385,120.14011,0.015384615,10.960844,-5.49,1.0,0.0,0.0,0.10540926,1052.2411,65.76507,986.47595,1052.2411,10.960844,22009.375,0.0,1797.5784,0.0,0.0,0.0,0.0,10.960844,10.960844,10.960844,0.0,10.960844,0.0,0.0,10.960844,10.960844,0.0,10.960844,0.0,0.0,0.0,10.960844,10.960844,0.0,10.960844,0.0,0.0,0.0,,,4.574711,1.9459101,4.574711,0.6931472,7.6053925,0.0,5.1059456,50.142693,21.328817,50.142693,7.5974784,83.36152,0.0,55.965473,4.5108595,0.0
Arzeki and vander Ploeg,34,8,Growth in Income Per Capita Over the Period 19652000,1,1,0,PrimExp/GNP,0.0,1,0,0,-3.69,1.5375,0.0,0.0,0.0,4,92,92,1,,0,0,0,0,0,1,1,1.0,0,-3.69,0,1,0,0,0,2008,164,29,cross-sectional,OLS,0,1,0.0,,65,88.0,-3.69,1.5375,-2.4,-0.24785772,0.10327405,93.76,0.015384615,9.682975,-2.4,1.0,0.0,0.0,0.10660036,890.8337,38.7319,852.1018,890.8337,9.682975,19443.414,0.0,1588.0078,0.0,0.0,0.0,0.0,9.682975,9.682975,0.0,0.0,9.682975,0.0,0.0,9.682975,9.682975,0.0,9.682975,0.0,0.0,0.0,9.682975,9.682975,0.0,9.682975,0.0,0.0,0.0,,,4.5325994,1.609438,4.5325994,0.6931472,7.6053925,0.0,5.1059456,43.889046,15.584147,43.889046,6.7117267,73.64282,0.0,49.440742,4.4886365,0.0
Arzeki and vander Ploeg,34,9,Growth in Income Per Capita Over the Period 19652000,1,1,0,PrimExp/GNP,0.0,1,0,0,-4.245,1.671259842519685,0.0,0.0,0.0,5,83,83,1,InsQual80,1,0,0,0,0,1,1,1.0,0,-4.245,0,1,0,0,0,2008,164,29,cross-sectional,OLS,0,1,0.0,,65,78.0,-4.245,1.6712599,-2.54,-0.27639472,0.108816825,84.45161,0.015384615,9.189755,-2.54,1.0,0.0,0.0,0.1132277,762.7497,45.948776,716.8009,762.7497,9.189755,18453.03,0.0,1507.1199,0.0,9.189755,0.0,0.0,9.189755,9.189755,0.0,0.0,9.189755,0.0,0.0,9.189755,9.189755,0.0,9.189755,0.0,0.0,0.0,9.189755,9.189755,0.0,9.189755,0.0,0.0,0.0,,,4.4308167,1.7917595,4.4308167,0.6931472,7.6053925,0.0,5.1059456,40.71812,16.465832,40.71812,6.369853,69.89169,0.0,46.92239,4.3694477,0.0
Arzeki and vander Ploeg,34,10,Growth in Income Per Capita Over the Period 19652000,1,1,0,PrimExp/GNP,0.0,1,0,0,-3.697,1.5151639344262295,0.0,0.0,0.0,6,83,83,1,InsQual80,1,0,1,0,0,1,1,1.0,0,-3.697,0,1,0,0,0,2008,164,29,cross-sectional,OLS,0,1,0.0,,65,77.0,-3.697,1.5151639,-2.44,-0.2678997,0.10979495,82.953606,0.015384615,9.107887,-2.44,1.0,0.0,0.0,0.11396058,755.9546,54.64732,701.3073,755.9546,9.107887,18288.637,0.0,1493.6935,0.0,9.107887,0.0,0.0,9.107887,9.107887,9.107887,0.0,9.107887,0.0,0.0,9.107887,9.107887,0.0,9.107887,0.0,0.0,0.0,9.107887,9.107887,0.0,9.107887,0.0,0.0,0.0,,,4.4308167,1.9459101,4.4308167,0.6931472,7.6053925,0.0,5.1059456,40.355377,17.72313,40.355377,6.313106,69.26905,0.0,46.504375,4.356709,0.0
Arzeki and vander Ploeg,34,11,Growth in Income Per Capita Over the Period 19652000,1,1,0,PrimExp/GNP,0.0,1,0,0,-7.145,4.304216867469879,0.699,0.8127906976744186,9.325,7,83,83,1,InsQual80,1,1,1,0,0,1,1,1.0,0,-0.6268250000000002,0,1,0,0,0,2008,164,29,cross-sectional,OLS,0,1,0.0,,65,76.0,-0.626825,8.716172,-0.071915165,-0.008248954,0.11470396,76.00517,0.015384615,8.718095,-0.071915165,1.0,0.0,0.0,0.114707865,723.60187,61.026665,662.5752,723.60187,8.718095,17505.934,0.0,1429.7676,0.0,8.718095,8.718095,0.0,8.718095,8.718095,8.718095,0.0,8.718095,0.0,0.0,8.718095,8.718095,0.0,8.718095,0.0,0.0,0.0,8.718095,8.718095,0.0,8.718095,0.0,0.0,0.0,,,4.4308167,2.0794415,4.4308167,0.6931472,7.6053925,0.0,5.1059456,38.62828,18.128769,38.62828,6.042923,66.304535,0.0,44.51412,4.3438053,0.0
Arzeki and vander Ploeg,34,12,Growth in Income Per Capita Over the Period 19652000,1,1,0,PrimExp/GNP,0.0,1,0,0,-5.115,1.7698961937716262,0.0,0.0,0.0,7,83,83,1,InsQual80,1,0,1,0,0,1,1,1.0,0,-5.115,0,1,0,0,0,2008,164,29,cross-sectional,OLS,0,1,0.0,,65,76.0,-5.115,1.7698961,-2.8899999,-0.31466603,0.10888098,84.35211,0.015384615,9.1843405,-2.8899999,1.0,0.0,0.0,0.114707865,762.30023,64.29038,698.0099,762.30023,9.1843405,18442.156,0.0,1506.2318,0.0,9.1843405,0.0,0.0,9.1843405,9.1843405,9.1843405,0.0,9.1843405,0.0,0.0,9.1843405,9.1843405,0.0,9.1843405,0.0,0.0,0.0,9.1843405,9.1843405,0.0,9.1843405,0.0,0.0,0.0,,,4.4308167,2.0794415,4.4308167,0.6931472,7.6053925,0.0,5.1059456,40.69413,19.098299,40.69413,6.3661,69.85051,0.0,46.89474,4.3438053,0.0
Arzeki and vander Ploeg,34,13,Growth in Income Per Capita Over the Period 19652000,1,1,0,PrimExp/GNP,0.0,1,0,0,-4.157,4.890588235294118,-0.231,1.1,9.325,8,83,83,1,InsQual80,1,1,1,0,0,1,1,1.0,0,-6.311075,0,1,0,0,0,2008,164,29,cross-sectional,OLS,0,1,0.0,,65,75.0,-6.311075,11.363721,-0.5553705,-0.0639972,0.11523335,75.30844,0.015384615,8.678043,-0.5553705,1.0,0.0,0.0,0.11547005,720.2776,69.42435,650.8533,720.2776,8.678043,17425.512,0.0,1423.1991,0.0,8.678043,8.678043,0.0,8.678043,8.678043,8.678043,0.0,8.678043,0.0,0.0,8.678043,8.678043,0.0,8.678043,0.0,0.0,0.0,8.678043,8.678043,0.0,8.678043,0.0,0.0,0.0,,,4.4308167,2.1972246,4.4308167,0.6931472,7.6053925,0.0,5.1059456,38.45082,19.067612,38.45082,6.0151615,65.99992,0.0,44.30962,4.3307333,0.0
Arzeki and vander Ploeg,34,14,Growth in Income Per Capita Over the Period 19652000,1,1,0,PrimExp/GNP,0.0,1,0,0,-4.389,1.6315985130111526,0.0,0.0,0.0,6,92,92,1,,0,0,1,0,0,1,1,1.0,0,-4.389,0,1,0,0,0,2008,164,29,cross-sectional,OLS,0,1,0.0,,65,86.0,-4.389,1.6315985,-2.69,-0.2785866,0.103563786,93.236115,0.015384615,9.655885,-2.69,1.0,0.0,0.0,0.107832775,888.34143,57.93531,830.4061,888.34143,9.655885,19389.018,0.0,1583.5652,0.0,0.0,0.0,0.0,9.655885,9.655885,9.655885,0.0,9.655885,0.0,0.0,9.655885,9.655885,0.0,9.655885,0.0,0.0,0.0,9.655885,9.655885,0.0,9.655885,0.0,0.0,0.0,,,4.5325994,1.9459101,4.5325994,0.6931472,7.6053925,0.0,5.1059456,43.76626,18.789484,43.76626,6.6929493,73.4368,0.0,49.30242,4.465908,0.0
Arzeki and vander Ploeg,34,15,Growth in Income Over the Period 19652000,0,1,0,PrimExp/GNP,0.0,1,0,0,8.842,36.84166666666667,0.0,0.0,0.0,6,54,54,1,InsQual80,1,0,1,0,0,1,1,0.0,1,8.842,0,1,0,0,0,2008,164,29,cross-sectional,IV,0,1,0.0,,65,48.0,8.842,36.841667,0.24,0.034620248,0.14425103,48.057606,0.015384615,6.932359,0.24,1.0,0.0,0.0,0.14433756,374.3474,41.594154,332.75323,374.3474,6.932359,13920.178,0.0,1136.907,0.0,6.932359,0.0,0.0,6.932359,6.932359,6.932359,0.0,6.932359,0.0,0.0,0.0,6.932359,0.0,6.932359,0.0,0.0,6.932359,0.0,6.932359,0.0,6.932359,0.0,0.0,0.0,1.0,6.932359,4.0073333,1.9459101,4.0073333,0.6931472,7.6053925,0.0,5.1059456,27.780273,13.489748,27.780273,4.8051453,52.723312,0.0,35.396248,3.8918202,0.0
Arzeki and vander Ploeg,34,16,Growth in Income Over the Period 19652000,0,1,0,PrimExp/GNP,0.0,1,0,0,-3.078,2.214388489208633,0.0,0.0,0.0,6,83,83,1,InsQual80,1,0,1,0,0,1,1,0.0,1,-3.078,0,1,0,0,0,2008,164,29,cross-sectional,IV,0,1,0.0,,65,77.0,-3.078,2.2143884,-1.3900001,-0.15645447,0.112557165,78.932106,0.015384615,8.884375,-1.3900001,1.0,0.0,0.0,0.11396058,737.4031,53.306248,684.0968,737.4031,8.884375,17839.824,0.0,1457.0374,0.0,8.884375,0.0,0.0,8.884375,8.884375,8.884375,0.0,8.884375,0.0,0.0,0.0,8.884375,0.0,8.884375,0.0,0.0,8.884375,0.0,8.884375,0.0,8.884375,0.0,0.0,0.0,1.0,8.884375,4.4308167,1.9459101,4.4308167,0.6931472,7.6053925,0.0,5.1059456,39.365032,17.288195,39.365032,6.1581793,67.56915,0.0,45.363132,4.356709,0.0
Arzeki and vander Ploeg,34,17,Growth in Income Over the Period 19652000,0,1,0,PrimExp/GNP,0.0,1,0,0,-3.071,2.3623076923076924,0.0,0.0,0.0,6,83,83,1,InsQual80,1,0,1,0,0,1,1,0.0,1,-3.071,0,1,0,0,0,2008,164,29,cross-sectional,IV,0,1,0.0,,65,77.0,-3.071,2.3623078,-1.3,-0.14654924,0.11273019,78.689995,0.015384615,8.870738,-1.3,1.0,0.0,0.0,0.11396058,736.27124,53.22443,683.0468,736.27124,8.870738,17812.441,0.0,1454.801,0.0,8.870738,0.0,0.0,8.870738,8.870738,8.870738,0.0,8.870738,0.0,0.0,0.0,8.870738,0.0,8.870738,0.0,0.0,8.870738,0.0,8.870738,0.0,8.870738,0.0,0.0,0.0,1.0,8.870738,4.4308167,1.9459101,4.4308167,0.6931472,7.6053925,0.0,5.1059456,39.304615,17.26166,39.304615,6.148727,67.46545,0.0,45.293507,4.356709,0.0
Arzeki and vander Ploeg,34,18,Growth in Income Over the Period 19652000,0,1,0,PrimExp/GNP,0.0,1,0,0,-1.624,1.7276595744680854,0.0,0.0,0.0,6,54,54,1,InsQual80,1,0,1,0,0,1,1,0.0,1,-1.624,0,1,0,0,0,2008,164,29,cross-sectional,IV,0,1,0.0,,65,48.0,-1.624,1.7276596,-0.94,-0.1344455,0.14302713,48.8836,0.015384615,6.9916806,-0.94,1.0,0.0,0.0,0.14433756,377.55075,41.950085,335.60068,377.55075,6.9916806,14039.295,0.0,1146.6356,0.0,6.9916806,0.0,0.0,6.9916806,6.9916806,6.9916806,0.0,6.9916806,0.0,0.0,0.0,6.9916806,0.0,6.9916806,0.0,0.0,6.9916806,0.0,6.9916806,0.0,6.9916806,0.0,0.0,0.0,1.0,6.9916806,4.0073333,1.9459101,4.0073333,0.6931472,7.6053925,0.0,5.1059456,28.017994,13.605182,28.017994,4.846264,53.174477,0.0,35.699142,3.8918202,0.0
Arzeki and vander Ploeg,34,19,Growth in Income Over the Period 19652000,0,1,0,PrimExp/GNP,0.0,1,0,0,-2.123,1.5384057971014495,0.0,0.0,0.0,6,54,54,1,InsQual80,1,0,1,0,0,1,1,0.0,1,-2.123,0,1,0,0,0,2008,164,29,cross-sectional,IV,0,1,0.0,,65,48.0,-2.123,1.5384058,-1.38,-0.19534831,0.14155674,49.904408,0.015384615,7.0643053,-1.38,1.0,0.0,0.0,0.14433756,381.47247,42.38583,339.08664,381.47247,7.0643053,14185.125,0.0,1158.546,0.0,7.0643053,0.0,0.0,7.0643053,7.0643053,7.0643053,0.0,7.0643053,0.0,0.0,0.0,7.0643053,0.0,7.0643053,0.0,0.0,7.0643053,0.0,7.0643053,0.0,7.0643053,0.0,0.0,0.0,1.0,7.0643053,4.0073333,1.9459101,4.0073333,0.6931472,7.6053925,0.0,5.1059456,28.309025,13.746503,28.309025,4.896603,53.726814,0.0,36.069958,3.8918202,0.0
Arzeki and vander Ploeg,34,20,Growth in Income Over the Period 19652000,0,1,0,PrimExp/GNP,0.0,1,0,0,-3.076,2.228985507246377,0.0,0.0,0.0,6,83,83,1,InsQual80,1,0,1,0,0,1,1,0.0,1,-3.076,0,1,0,0,0,2008,164,29,cross-sectional,IV,0,1,0.0,,65,77.0,-3.076,2.2289855,-1.38,-0.15535615,0.112576924,78.9044,0.015384615,8.882815,-1.38,1.0,0.0,0.0,0.11396058,737.2737,53.29689,683.97675,737.2737,8.882815,17836.693,0.0,1456.7816,0.0,8.882815,0.0,0.0,8.882815,8.882815,8.882815,0.0,8.882815,0.0,0.0,0.0,8.882815,0.0,8.882815,0.0,0.0,8.882815,0.0,8.882815,0.0,8.882815,0.0,0.0,0.0,1.0,8.882815,4.4308167,1.9459101,4.4308167,0.6931472,7.6053925,0.0,5.1059456,39.358124,17.28516,39.358124,6.1570983,67.5573,0.0,45.35517,4.356709,0.0
Arzeki and vander Ploeg,34,21,Growth in Income Over the Period 19652000,0,1,0,PrimExp/GNP,0.0,1,0,0,2.32,6.628571428571428,-0.818,1.5730769230769228,9.325,7,54,54,1,InsQual80,1,1,1,0,0,1,1,0.0,1,-5.307849999999998,0,1,0,0,0,2008,164,29,cross-sectional,IV,0,1,0.0,,65,47.0,-5.3078504,16.097075,-0.32974008,-0.048041996,0.14569657,47.108727,0.015384615,6.8635798,-0.32974008,1.0,0.0,0.0,0.145865,370.6333,48.04506,322.58826,370.6333,6.8635798,13782.068,0.0,1125.6271,0.0,6.8635798,6.8635798,0.0,6.8635798,6.8635798,6.8635798,0.0,6.8635798,0.0,0.0,0.0,6.8635798,0.0,6.8635798,0.0,0.0,6.8635798,0.0,6.8635798,0.0,6.8635798,0.0,0.0,0.0,1.0,6.8635798,4.0073333,2.0794415,4.0073333,0.6931472,7.6053925,0.0,5.1059456,27.504652,14.272413,27.504652,4.757471,52.20022,0.0,35.045063,3.871201,0.0
Arzeki and vander Ploeg,34,22,Growth in Income Over the Period 19652000,0,1,0,PrimExp/GNP,0.0,1,0,0,8.642,8.729292929292928,-2.5,1.8518518518518516,9.325,7,83,83,1,InsQual80,1,1,1,0,0,1,1,0.0,1,-14.6705,0,1,0,0,0,2008,164,29,cross-sectional,IV,0,1,0.0,,65,76.0,-14.6705,19.349478,-0.7581858,-0.086642824,0.114276506,76.57484,0.015384615,8.750705,-0.7581858,1.0,0.0,0.0,0.114707865,726.30853,61.254936,665.0536,726.30853,8.750705,17571.416,0.0,1435.1156,0.0,8.750705,8.750705,0.0,8.750705,8.750705,8.750705,0.0,8.750705,0.0,0.0,0.0,8.750705,0.0,8.750705,0.0,0.0,8.750705,0.0,8.750705,0.0,8.750705,0.0,0.0,0.0,1.0,8.750705,4.4308167,2.0794415,4.4308167,0.6931472,7.6053925,0.0,5.1059456,38.77277,18.196579,38.77277,6.0655265,66.55254,0.0,44.680622,4.3438053,0.0
Arzeki and vander Ploeg,34,23,Growth in Income Over the Period 19652000,0,1,0,PrimExp/GNP,0.0,1,0,0,58.507,121.88958333333333,-12.421,23.88653846153846,9.325,7,54,54,1,InsQual80,1,1,1,0,0,1,1,0.0,1,-57.31882499999998,0,1,0,0,0,2008,164,29,cross-sectional,IV,0,1,0.0,,65,47.0,-57.31882,253.91151,-0.2257433,-0.032910205,0.14578597,47.050964,0.015384615,6.8593707,-0.2257433,1.0,0.0,0.0,0.145865,370.406,48.015594,322.3904,370.406,6.8593707,13773.616,0.0,1124.9368,0.0,6.8593707,6.8593707,0.0,6.8593707,6.8593707,6.8593707,0.0,6.8593707,0.0,0.0,0.0,6.8593707,0.0,6.8593707,0.0,0.0,6.8593707,0.0,6.8593707,0.0,6.8593707,0.0,0.0,0.0,1.0,6.8593707,4.0073333,2.0794415,4.0073333,0.6931472,7.6053925,0.0,5.1059456,27.487783,14.26366,27.487783,4.7545533,52.168205,0.0,35.02357,3.871201,0.0
Arzeki and vander Ploeg,34,24,Growth in Income Over the Period 19652000,0,1,0,PrimExp/GNP,0.0,1,0,0,3.544,6.686792452830188,-1.085,1.5955882352941175,9.325,7,54,54,1,InsQual80,1,1,1,0,0,1,1,0.0,1,-6.573624999999998,0,1,0,0,0,2008,164,29,cross-sectional,IV,0,1,0.0,,65,47.0,-6.5736256,16.312378,-0.4029839,-0.058679953,0.14561364,47.1624,0.015384615,6.8674884,-0.4029839,1.0,0.0,0.0,0.145865,370.8444,48.07242,322.77197,370.8444,6.8674884,13789.917,0.0,1126.2681,0.0,6.8674884,6.8674884,0.0,6.8674884,6.8674884,6.8674884,0.0,6.8674884,0.0,0.0,0.0,6.8674884,0.0,6.8674884,0.0,0.0,6.8674884,0.0,6.8674884,0.0,6.8674884,0.0,0.0,0.0,1.0,6.8674884,4.0073333,2.0794415,4.0073333,0.6931472,7.6053925,0.0,5.1059456,27.520315,14.28054,27.520315,4.7601805,52.229946,0.0,35.06502,3.871201,0.0
Arzeki and vander Ploeg,34,25,Growth in Income Over the Period 19652000,0,1,0,PrimExp/GNP,0.0,1,0,0,-2.705,2.080769230769231,0.0,0.0,0.0,7,54,54,1,InsQual80,1,0,1,0,0,1,1,0.0,1,-2.705,0,1,0,0,0,2008,164,29,cross-sectional,IV,0,1,0.0,,65,47.0,-2.705,2.0807693,-1.3,-0.18630454,0.14331119,48.690002,0.015384615,6.9778223,-1.3,1.0,0.0,0.0,0.145865,376.8024,48.844757,327.95764,376.8024,6.9778223,14011.467,0.0,1144.3629,0.0,6.9778223,0.0,0.0,6.9778223,6.9778223,6.9778223,0.0,6.9778223,0.0,0.0,0.0,6.9778223,0.0,6.9778223,0.0,0.0,6.9778223,0.0,6.9778223,0.0,6.9778223,0.0,0.0,0.0,1.0,6.9778223,4.0073333,2.0794415,4.0073333,0.6931472,7.6053925,0.0,5.1059456,27.96246,14.509974,27.96246,4.836658,53.069077,0.0,35.62838,3.871201,0.0
Arzeki and vander Ploeg,34,26,Growth in Income Over the Period 19652000,0,1,0,PrimExp/GNP,0.0,1,0,0,3.416,5.7898305084745765,-1.493,1.6588888888888889,9.325,8,54,54,1,InsQual80,1,1,1,0,0,1,1,0.0,1,-10.506224999999999,0,1,0,0,0,2008,164,29,cross-sectional,IV,0,1,0.0,,65,46.0,-10.506226,16.517155,-0.6360796,-0.09337508,0.14679779,46.40459,0.015384615,6.812092,-0.6360796,1.0,0.0,0.0,0.14744195,367.85294,54.496735,313.3562,367.85294,6.812092,13678.68,0.0,1117.183,0.0,6.812092,6.812092,0.0,6.812092,6.812092,6.812092,0.0,6.812092,0.0,0.0,0.0,6.812092,0.0,6.812092,0.0,0.0,6.812092,0.0,6.812092,0.0,6.812092,0.0,0.0,0.0,1.0,6.812092,4.0073333,2.1972246,4.0073333,0.6931472,7.6053925,0.0,5.1059456,27.29832,14.967695,27.29832,4.721782,51.80863,0.0,34.78217,3.8501475,0.0
Arzeki and vander Ploeg,34,27,Growth in Income Over the Period 19652000,0,1,0,PrimExp/GNP,0.0,1,0,0,-4.389,1.6945945945945948,0.0,0.0,0.0,6,92,92,1,,0,0,1,0,0,1,1,0.0,1,-4.389,0,1,0,0,0,2008,164,29,cross-sectional,IV,0,1,0.0,,65,86.0,-4.389,1.6945946,-2.59,-0.26899296,0.10385829,92.70809,0.015384615,9.628504,-2.59,1.0,0.0,0.0,0.107832775,885.8224,57.771027,828.05133,885.8224,9.628504,19334.037,0.0,1579.0747,0.0,0.0,0.0,0.0,9.628504,9.628504,9.628504,0.0,9.628504,0.0,0.0,0.0,9.628504,0.0,9.628504,0.0,0.0,9.628504,0.0,9.628504,0.0,9.628504,0.0,0.0,0.0,1.0,9.628504,4.5325994,1.9459101,4.5325994,0.6931472,7.6053925,0.0,5.1059456,43.64215,18.736204,43.64215,6.6739707,73.22855,0.0,49.162617,4.465908,0.0
Arzeki and vander Ploeg,34,28,Growth in Income Over the Period 19652000,0,1,0,PrimExp/GNP,0.0,1,0,0,2.288,8.17142857142857,-0.744,1.8599999999999999,9.325,5,55,55,1,InsQual80,1,1,1,0,0,0,1,0.0,1,-4.649799999999999,0,1,0,0,0,2008,164,29,cross-sectional,IV,0,1,0.0,,65,50.0,-4.6498003,19.173,-0.24251814,-0.03427709,0.14133824,50.058823,0.015384615,7.075226,-0.24251814,1.0,0.0,0.0,0.14142136,389.13742,35.37613,353.7613,389.13742,7.075226,14207.054,0.0,1160.337,0.0,7.075226,7.075226,0.0,0.0,7.075226,7.075226,0.0,7.075226,0.0,0.0,0.0,7.075226,0.0,7.075226,0.0,0.0,7.075226,0.0,7.075226,0.0,7.075226,0.0,0.0,0.0,1.0,7.075226,4.0253515,1.7917595,4.0253515,0.6931472,7.6053925,0.0,5.1059456,28.48027,12.677103,28.48027,4.904173,53.809868,0.0,36.125717,3.9318256,0.0
Arzeki and vander Ploeg,34,29,Income Per Capita 1995,1,0,0,PrimExp/GNP,0.0,1,0,0,-0.218,0.07758007117437722,0.0,0.0,0.0,5,98,98,1,,0,0,0,0,0,1,1,1.0,0,-0.218,0,1,0,0,0,2008,164,29,cross-sectional,OLS,0,1,0.0,,65,93.0,-0.218,0.07758007,-2.81,-0.27974936,0.09955493,100.89611,0.015384615,10.044705,-2.81,1.0,0.0,0.0,0.10369517,984.38116,50.22353,934.1576,984.38116,10.044705,20169.77,0.0,1647.3317,0.0,0.0,0.0,0.0,10.044705,10.044705,0.0,0.0,10.044705,0.0,0.0,10.044705,0.0,0.0,10.044705,0.0,0.0,0.0,10.044705,10.044705,0.0,10.044705,0.0,0.0,0.0,,,4.59512,1.7917595,4.59512,0.6931472,7.6053925,0.0,5.1059456,46.156628,17.997696,46.156628,6.9624596,76.39393,0.0,51.28772,4.543295,0.0
Arzeki and vander Ploeg,34,30,Income Per Capita 1995,1,0,0,PrimExp/GNP,0.0,1,0,0,-0.212,0.08653061224489796,0.0,0.0,0.0,6,98,98,1,RL01,1,0,0,0,0,1,1,1.0,0,-0.212,0,1,0,0,0,2008,164,29,cross-sectional,OLS,0,1,0.0,,65,92.0,-0.212,0.08653061,-2.45,-0.24748422,0.101013966,98.0025,0.015384615,9.899621,-2.45,1.0,0.0,0.0,0.1042572,970.1629,59.397728,910.76514,970.1629,9.899621,19878.44,0.0,1623.5378,0.0,9.899621,0.0,0.0,9.899621,9.899621,0.0,0.0,9.899621,0.0,0.0,9.899621,0.0,0.0,9.899621,0.0,0.0,0.0,9.899621,9.899621,0.0,9.899621,0.0,0.0,0.0,,,4.59512,1.9459101,4.59512,0.6931472,7.6053925,0.0,5.1059456,45.48995,19.263773,45.48995,6.8618946,75.290504,0.0,50.54693,4.5325994,0.0
Arzeki and vander Ploeg,34,31,Income Per Capita 1995,1,0,0,PrimExp/GNP,0.0,1,0,0,-0.126,0.14651162790697675,-0.013,0.08124999999999999,9.325,7,98,98,1,RL01,1,1,0,0,0,1,1,1.0,0,-0.24722499999999997,0,1,0,0,0,2008,164,29,cross-sectional,OLS,0,1,0.0,,65,91.0,-0.247225,0.7716921,-0.32036743,-0.03356471,0.104769416,91.10264,0.015384615,9.54477,-0.32036743,1.0,0.0,0.0,0.104828484,935.38745,66.81339,868.5741,935.38745,9.54477,19165.898,0.0,1565.3423,0.0,9.54477,9.54477,0.0,9.54477,9.54477,0.0,0.0,9.54477,0.0,0.0,9.54477,0.0,0.0,9.54477,0.0,0.0,0.0,9.54477,9.54477,0.0,9.54477,0.0,0.0,0.0,,,4.59512,2.0794415,4.59512,0.6931472,7.6053925,0.0,5.1059456,43.859364,19.847792,43.859364,6.6159306,72.59172,0.0,48.735077,4.5217886,0.0
Arzeki and vander Ploeg,34,32,Income Per Capita 1995,1,0,0,PrimExp/GNP,0.0,1,0,0,-0.069,0.08214285714285716,-0.048,0.09056603773584905,9.325,5,101,101,1,RL01,1,1,0,0,0,1,1,1.0,0,-0.5166,0,1,0,0,0,2008,164,29,cross-sectional,OLS,0,1,0.0,,65,96.0,-0.5166,0.8485137,-0.6088293,-0.062018763,0.1018656,96.37068,0.015384615,9.816857,-0.6088293,1.0,0.0,0.0,0.10206208,991.50256,49.084286,942.4183,991.50256,9.816857,19712.248,0.0,1609.9646,0.0,9.816857,9.816857,0.0,9.816857,9.816857,0.0,0.0,9.816857,0.0,0.0,9.816857,0.0,0.0,9.816857,0.0,0.0,0.0,9.816857,9.816857,0.0,9.816857,0.0,0.0,0.0,,,4.624973,1.7917595,4.624973,0.6931472,7.6053925,0.0,5.1059456,45.4027,17.589447,45.4027,6.804527,74.66105,0.0,50.124336,4.574711,0.0
Arzeki and vander Ploeg,34,33,Income Per Capita 1995,1,0,0,PrimExp/GNP,0.0,1,0,0,-0.22,0.12154696132596685,0.0,0.0,0.0,6,99,99,1,RL01,1,0,0,0,0,0,1,1.0,0,-0.22,0,1,0,0,0,2008,164,29,cross-sectional,OLS,0,1,0.0,,65,93.0,-0.22,0.12154696,-1.81,-0.18446727,0.10191562,96.2761,0.015384615,9.812038,-1.81,1.0,0.0,0.0,0.10369517,971.39185,58.87223,912.5196,971.39185,9.812038,19702.574,0.0,1609.1743,0.0,9.812038,0.0,0.0,0.0,9.812038,0.0,0.0,9.812038,0.0,0.0,9.812038,0.0,0.0,9.812038,0.0,0.0,0.0,9.812038,9.812038,0.0,9.812038,0.0,0.0,0.0,,,4.6051702,1.9459101,4.6051702,0.6931472,7.6053925,0.0,5.1059456,45.186108,19.093346,45.186108,6.801187,74.624405,0.0,50.099735,4.543295,0.0
Arzeki and vander Ploeg,34,34,Income Per Capita 1995,0,0,0,ln PrimExp/GNP,0.0,1,0,0,-0.193,0.10376344086021505,0.0,0.0,0.0,5,98,98,1,RL01,1,0,0,0,0,1,0,0.0,1,-0.193,0,1,0,0,0,2008,164,29,cross-sectional,IV,0,1,0.0,,65,93.0,-0.193,0.10376344,-1.86,-0.18938266,0.10181863,96.45961,0.015384615,9.821385,-1.86,1.0,0.0,0.0,0.10369517,962.4958,49.106926,913.38885,962.4958,9.821385,19721.342,0.0,1610.7073,0.0,9.821385,0.0,0.0,9.821385,0.0,0.0,0.0,9.821385,0.0,0.0,0.0,0.0,0.0,9.821385,0.0,0.0,9.821385,0.0,9.821385,0.0,9.821385,0.0,0.0,0.0,1.0,9.821385,4.59512,1.7917595,4.59512,0.6931472,7.6053925,0.0,5.1059456,45.130444,17.59756,45.130444,6.807666,74.69549,0.0,50.14746,4.543295,0.0
Arzeki and vander Ploeg,34,35,Income Per Capita 1995,0,0,0,ln PrimExp/GNP,0.0,1,0,0,-0.504,0.22202643171806166,0.0,0.0,0.0,5,65,65,1,RL01,1,0,0,0,0,1,0,0.0,1,-0.504,0,1,0,0,0,2008,164,29,cross-sectional,IV,0,1,0.0,,65,60.0,-0.504,0.22202644,-2.27,-0.28122827,0.12388911,65.15289,0.015384615,8.071734,-2.27,1.0,0.0,0.0,0.12909944,524.6627,40.358673,484.30408,524.6627,8.071734,16208.043,0.0,1323.7644,0.0,8.071734,0.0,0.0,8.071734,0.0,0.0,0.0,8.071734,0.0,0.0,0.0,0.0,0.0,8.071734,0.0,0.0,8.071734,0.0,8.071734,0.0,8.071734,0.0,0.0,0.0,1.0,8.071734,4.189655,1.7917595,4.189655,0.6931472,7.6053925,0.0,5.1059456,33.81778,14.462606,33.81778,5.5949,61.388706,0.0,41.213837,4.1108737,0.0
Arzeki and vander Ploeg,34,36,Income Per Capita 1995,0,0,0,ln PrimExp/GNP,0.0,1,0,0,-0.232,0.09707112970711297,0.0,0.0,0.0,5,98,98,1,RL01,1,0,0,0,0,1,0,0.0,1,-0.232,0,1,0,0,0,2008,164,29,cross-sectional,IV,0,1,0.0,,65,93.0,-0.232,0.097071126,-2.39,-0.24055408,0.100650236,98.712105,0.015384615,9.935396,-2.39,1.0,0.0,0.0,0.10369517,973.6689,49.676983,923.9919,973.6689,9.935396,19950.275,0.0,1629.405,0.0,9.935396,0.0,0.0,9.935396,0.0,0.0,0.0,9.935396,0.0,0.0,0.0,0.0,0.0,9.935396,0.0,0.0,9.935396,0.0,9.935396,0.0,9.935396,0.0,0.0,0.0,1.0,9.935396,4.59512,1.7917595,4.59512,0.6931472,7.6053925,0.0,5.1059456,45.65434,17.801842,45.65434,6.886692,75.56259,0.0,50.729595,4.543295,0.0
Arzeki and vander Ploeg,34,37,Income Per Capita 1995,0,0,0,ln PrimExp/GNP,0.0,1,0,0,-0.474,0.22679425837320574,-0.22,0.15714285714285717,9.325,6,65,65,1,RL01,1,1,0,0,0,1,0,0.0,1,-2.5255,0,1,0,0,0,2008,164,29,cross-sectional,IV,0,1,0.0,,65,59.0,-2.5255,1.4828038,-1.7031924,-0.21647878,0.12710178,61.900867,0.015384615,7.8677106,-1.7031924,1.0,0.0,0.0,0.13018891,511.40118,47.206264,464.19492,511.40118,7.8677106,15798.362,0.0,1290.3046,0.0,7.8677106,7.8677106,0.0,7.8677106,0.0,0.0,0.0,7.8677106,0.0,0.0,0.0,0.0,0.0,7.8677106,0.0,0.0,7.8677106,0.0,7.8677106,0.0,7.8677106,0.0,0.0,0.0,1.0,7.8677106,4.189655,1.9459101,4.189655,0.6931472,7.6053925,0.0,5.1059456,32.96299,15.309857,32.96299,5.453481,59.837025,0.0,40.1721,4.0943446,0.0
Arzeki and vander Ploeg,34,38,Income Per Capita 1995,0,0,0,ln PrimExp/GNP,0.0,1,0,0,-0.209,0.11875,-0.002,0.2,9.325,6,98,98,1,RL01,1,1,0,0,0,1,0,0.0,1,-0.22765,0,1,0,0,0,2008,164,29,cross-sectional,IV,0,1,0.0,,65,92.0,-0.22765,1.8687768,-0.12181765,-0.012699343,0.1042488,92.01484,0.015384615,9.592437,-0.12181765,1.0,0.0,0.0,0.1042572,940.0588,57.55462,882.50415,940.0588,9.592437,19261.613,0.0,1573.1595,0.0,9.592437,9.592437,0.0,9.592437,0.0,0.0,0.0,9.592437,0.0,0.0,0.0,0.0,0.0,9.592437,0.0,0.0,9.592437,0.0,9.592437,0.0,9.592437,0.0,0.0,0.0,1.0,9.592437,4.59512,1.9459101,4.59512,0.6931472,7.6053925,0.0,5.1059456,44.078396,18.66602,44.078396,6.6489706,72.95425,0.0,48.97846,4.5325994,0.0
Arzeki and vander Ploeg,34,39,Income Per Capita 1995,0,0,0,ln PrimExp/GNP,0.0,1,0,0,-4.407,18.3625,3.767,14.488461538461538,9.325,7,65,65,1,RL01,1,1,0,0,0,1,0,0.0,1,30.720274999999997,0,1,0,0,0,2008,164,29,cross-sectional,IV,0,1,0.0,,65,58.0,30.720274,136.34705,0.22530942,0.029571638,0.13124901,58.050762,0.015384615,7.619105,0.22530942,1.0,0.0,0.0,0.13130644,495.24182,53.333736,441.90808,495.24182,7.619105,15299.163,0.0,1249.5332,0.0,7.619105,7.619105,0.0,7.619105,0.0,0.0,0.0,7.619105,0.0,0.0,0.0,0.0,0.0,7.619105,0.0,0.0,7.619105,0.0,7.619105,0.0,7.619105,0.0,0.0,0.0,1.0,7.619105,4.189655,2.0794415,4.189655,0.6931472,7.6053925,0.0,5.1059456,31.921421,15.843484,31.921421,5.2811613,57.946285,0.0,38.902737,4.0775375,0.0
Arzeki and vander Ploeg,34,40,Income Per Capita 1995,1,0,0,lnNatCapital/GNI,0.0,1,0,0,-0.198,0.06387096774193549,0.0,0.0,0.0,5,106,106,1,RL01,1,0,0,0,0,1,0,1.0,0,-0.198,0,0,0,0,1,2008,164,29,cross-sectional,OLS,0,1,0.0,,65,101.0,-0.198,0.06387097,-3.1000001,-0.29475728,0.09508299,110.609985,0.015384615,10.517128,-3.1000001,1.0,0.0,0.0,0.09950372,1114.8156,52.58564,1062.23,1114.8156,10.517128,21118.393,0.0,1724.809,0.0,10.517128,0.0,0.0,10.517128,0.0,0.0,0.0,10.517128,0.0,0.0,10.517128,0.0,0.0,10.517128,0.0,0.0,0.0,10.517128,10.517128,0.0,0.0,0.0,0.0,10.517128,,,4.6728287,1.7917595,4.6728287,0.6931472,7.6053925,0.0,5.1059456,49.144737,18.844164,49.144737,7.289918,79.986885,0.0,53.699883,4.624973,0.0
Arzeki and vander Ploeg,34,41,Income Per Capita 1995,1,0,0,lnNatCapital/GNI,0.0,1,0,0,-0.209,0.06656050955414013,0.031,0.051666666666666666,9.325,6,106,106,1,RL01,1,1,0,0,0,1,0,1.0,0,0.08007499999999998,0,0,0,0,1,2008,164,29,cross-sectional,OLS,0,1,0.0,,65,100.0,0.080074996,0.48636767,0.16463882,0.01646165,0.09998644,100.02712,0.015384615,10.001356,0.16463882,1.0,0.0,0.0,0.1,1060.1438,60.008137,1000.1356,1060.1438,10.001356,20082.723,0.0,1640.2224,0.0,10.001356,10.001356,0.0,10.001356,0.0,0.0,0.0,10.001356,0.0,0.0,10.001356,0.0,0.0,10.001356,0.0,0.0,0.0,10.001356,10.001356,0.0,0.0,0.0,0.0,10.001356,,,4.6728287,1.9459101,4.6728287,0.6931472,7.6053925,0.0,5.1059456,46.734623,19.46174,46.734623,6.9324117,76.06424,0.0,51.06638,4.6151204,0.0
Arzeki and vander Ploeg,34,42,Income Per Capita 1995,1,0,0,lnNatCapital/GNI,0.0,1,0,0,0.018,0.10588235294117646,-0.066,-0.062264150943396226,9.325,7,106,106,1,RL01,1,1,0,0,0,1,0,1.0,0,-0.5974499999999999,0,0,0,0,1,2008,164,29,cross-sectional,OLS,0,1,0.0,,65,99.0,-0.59745,0.59018874,-1.0123034,-0.10121781,0.099987626,100.02475,0.015384615,10.001238,-1.0123034,1.0,0.0,0.0,0.10050378,1060.1312,70.00866,990.1225,1060.1312,10.001238,20082.484,0.0,1640.203,0.0,10.001238,10.001238,0.0,10.001238,0.0,0.0,0.0,10.001238,0.0,0.0,10.001238,0.0,0.0,10.001238,0.0,0.0,0.0,10.001238,10.001238,0.0,0.0,0.0,0.0,10.001238,,,4.6728287,2.0794415,4.6728287,0.6931472,7.6053925,0.0,5.1059456,46.73407,20.79699,46.73407,6.9323297,76.06334,0.0,51.065773,4.6051702,0.0
Arzeki and vander Ploeg,34,43,Income Per Capita 1995,1,0,0,lnNatCapital/GNI,0.0,1,0,0,-0.234,0.06842105263157895,0.026,0.052,9.325,5,106,106,1,RL01,1,1,0,0,0,0,0,1.0,0,0.008449999999999958,0,0,0,0,1,2008,164,29,cross-sectional,OLS,0,1,0.0,,65,101.0,0.008450005,0.48970342,0.017255353,0.0017169693,0.09950358,101.00029,0.015384615,10.04989,0.017255353,1.0,0.0,0.0,0.09950372,1065.2883,50.24945,1015.0389,1065.2883,10.04989,20180.18,0.0,1648.182,0.0,10.04989,10.04989,0.0,0.0,0.0,0.0,0.0,10.04989,0.0,0.0,10.04989,0.0,0.0,10.04989,0.0,0.0,0.0,10.04989,10.04989,0.0,0.0,0.0,0.0,10.04989,,,4.6728287,1.7917595,4.6728287,0.6931472,7.6053925,0.0,5.1059456,46.961414,18.006987,46.961414,6.966053,76.43336,0.0,51.31419,4.624973,0.0
Arzeki and vander Ploeg,34,44,Income Per Capita 1995,1,0,0,lnNatCapital/GNI,0.0,1,0,0,-0.168,0.06746987951807229,0.0,0.0,0.0,6,112,112,1,,0,0,0,0,0,1,0,1.0,0,-0.168,0,0,0,0,1,2008,164,29,cross-sectional,OLS,0,1,0.0,,65,106.0,-0.168,0.06746988,-2.49,-0.23507299,0.09440682,112.2001,0.015384615,10.592455,-2.49,1.0,0.0,0.0,0.097128585,1186.355,63.55473,1122.8002,1186.355,10.592455,21269.65,0.0,1737.1626,0.0,0.0,0.0,0.0,10.592455,0.0,0.0,0.0,10.592455,0.0,0.0,10.592455,0.0,0.0,10.592455,0.0,0.0,0.0,10.592455,10.592455,0.0,0.0,0.0,0.0,10.592455,,,4.727388,1.9459101,4.727388,0.6931472,7.6053925,0.0,5.1059456,50.074642,20.611965,50.074642,7.34213,80.55978,0.0,54.0845,4.6728287,0.0
Arzeki and vander Ploeg,34,45,Income Per Capita Regressions 1995,1,0,0,lnNatCapital/GNI,0.0,1,0,0,-0.404,0.17641921397379914,0.0,0.0,0.0,4,106,106,1,RL01,1,0,0,0,0,0,0,0.0,1,-0.404,0,0,0,0,1,2008,164,29,cross-sectional,IV,0,1,0.0,,65,102.0,-0.404,0.17641921,-2.2900002,-0.22113058,0.09656356,107.24411,0.015384615,10.355873,-2.2900002,1.0,0.0,0.0,0.09901475,1097.7225,41.423492,1056.2991,1097.7225,10.355873,20794.594,0.0,1698.3632,0.0,10.355873,0.0,0.0,0.0,0.0,0.0,0.0,10.355873,0.0,0.0,10.355873,0.0,0.0,10.355873,0.0,0.0,10.355873,0.0,10.355873,0.0,0.0,0.0,0.0,10.355873,1.0,10.355873,4.6728287,1.609438,4.6728287,0.6931472,7.6053925,0.0,5.1059456,48.39122,16.667135,48.39122,7.1781445,78.76048,0.0,52.876526,4.634729,0.0
Arzeki and vander Ploeg,34,46,Income Per Capita Regressions 1995,1,0,0,lnNatCapital/GNI,0.0,1,0,0,-0.475,0.2375,0.0,0.0,0.0,5,106,106,1,RL01,1,0,0,0,0,1,0,0.0,1,-0.475,0,0,0,0,1,2008,164,29,cross-sectional,IV,0,1,0.0,,65,101.0,-0.475,0.2375,-2.0,-0.19518001,0.09759001,105.0,0.015384615,10.246951,-2.0,1.0,0.0,0.0,0.09950372,1086.1768,51.234753,1034.942,1086.1768,10.246951,20575.877,0.0,1680.4999,0.0,10.246951,0.0,0.0,10.246951,0.0,0.0,0.0,10.246951,0.0,0.0,10.246951,0.0,0.0,10.246951,0.0,0.0,10.246951,0.0,10.246951,0.0,0.0,0.0,0.0,10.246951,1.0,10.246951,4.6728287,1.7917595,4.6728287,0.6931472,7.6053925,0.0,5.1059456,47.882244,18.360071,47.882244,7.102645,77.93208,0.0,52.320374,4.624973,0.0
Arzeki and vander Ploeg,34,47,Income Per Capita Regressions 1995,1,0,0,lnNatCapital/GNI,0.0,1,0,0,-0.163,0.101875,0.01,0.125,9.325,6,62,62,1,RL01,1,1,0,0,0,1,0,0.0,1,-0.06975,0,0,0,0,1,2008,164,29,cross-sectional,IV,0,1,0.0,,65,56.0,-0.06975,1.1700684,-0.0596119,-0.007965723,0.13362639,56.003548,0.015384615,7.483552,-0.0596119,1.0,0.0,0.0,0.13363062,463.98022,44.90131,419.07892,463.98022,7.483552,15026.973,0.0,1227.3025,0.0,7.483552,7.483552,0.0,7.483552,0.0,0.0,0.0,7.483552,0.0,0.0,7.483552,0.0,0.0,7.483552,0.0,0.0,7.483552,0.0,7.483552,0.0,0.0,0.0,0.0,7.483552,1.0,7.483552,4.1431346,1.9459101,4.1431346,0.6931472,7.6053925,0.0,5.1059456,31.005363,14.562319,31.005363,5.187203,56.915348,0.0,38.21061,4.0430512,0.0
Arzeki and vander Ploeg,34,48,Income Per Capita Regressions 1995,1,0,0,lnNatCapital/GNI,0.0,1,0,0,0.769,0.4632530120481928,-0.561,-0.3151685393258427,9.325,7,106,106,1,RL01,1,1,0,0,0,1,0,0.0,1,-4.462325,0,0,0,0,1,2008,164,29,cross-sectional,IV,0,1,0.0,,65,99.0,-4.462325,2.9752328,-1.4998238,-0.14905408,0.09938106,101.249466,0.015384615,10.06228,-1.4998238,1.0,0.0,0.0,0.10050378,1066.6017,70.43596,996.16565,1066.6017,10.06228,20205.057,0.0,1650.2139,0.0,10.06228,10.06228,0.0,10.06228,0.0,0.0,0.0,10.06228,0.0,0.0,10.06228,0.0,0.0,10.06228,0.0,0.0,10.06228,0.0,10.06228,0.0,0.0,0.0,0.0,10.06228,1.0,10.06228,4.6728287,2.0794415,4.6728287,0.6931472,7.6053925,0.0,5.1059456,47.01931,20.923922,47.01931,6.974641,76.52759,0.0,51.377453,4.6051702,0.0
Arzeki and vander Ploeg,34,49,Income Per Capita Regressions 1995,1,0,0,lnNatCapital/GNI,0.0,1,0,0,-0.166,0.10060606060606062,-0.016,-0.11428571428571428,9.325,5,62,62,1,RL01,1,1,0,0,0,0,0,0.0,1,-0.31520000000000004,0,0,0,0,1,2008,164,29,cross-sectional,IV,0,1,0.0,,65,57.0,-0.3152,1.0704525,-0.29445493,-0.03897188,0.1323526,57.086708,0.015384615,7.555575,-0.29445493,1.0,0.0,0.0,0.13245323,468.44562,37.777874,430.66776,468.44562,7.555575,15171.594,0.0,1239.1143,0.0,7.555575,7.555575,0.0,0.0,0.0,0.0,0.0,7.555575,0.0,0.0,7.555575,0.0,0.0,7.555575,0.0,0.0,7.555575,0.0,7.555575,0.0,0.0,0.0,0.0,7.555575,1.0,7.555575,4.1431346,1.7917595,4.1431346,0.6931472,7.6053925,0.0,5.1059456,31.303762,13.537773,31.303762,5.2371254,57.46311,0.0,38.578354,4.060443,0.0
Arzeki and vander Ploeg,34,50,Income Per Capita Regressions 1995,1,0,0,lnNatCapital/GNI,0.0,1,0,0,-0.159,0.09636363636363637,0.029,0.10357142857142856,9.325,5,62,62,1,RL01,1,1,0,0,0,0,0,0.0,1,0.11142499999999997,0,0,0,0,1,2008,164,29,cross-sectional,IV,0,1,0.0,,65,57.0,0.11142499,0.97059906,0.11480022,0.015203903,0.13243793,57.013176,0.015384615,7.550707,0.11480022,1.0,0.0,0.0,0.13245323,468.14383,37.753536,430.3903,468.14383,7.550707,15161.819,0.0,1238.3159,0.0,7.550707,7.550707,0.0,0.0,0.0,0.0,0.0,7.550707,0.0,0.0,7.550707,0.0,0.0,7.550707,0.0,0.0,7.550707,0.0,7.550707,0.0,0.0,0.0,0.0,7.550707,1.0,7.550707,4.1431346,1.7917595,4.1431346,0.6931472,7.6053925,0.0,5.1059456,31.283596,13.529051,31.283596,5.2337513,57.42609,0.0,38.553497,4.060443,0.0
Arzeki and vander Ploeg,34,51,Income Per Capita Regressions 1995,1,0,0,lnNatCapital/GNI,0.0,1,0,0,-0.381,0.24423076923076922,0.0,0.0,0.0,5,112,112,1,,0,0,0,0,0,1,0,0.0,1,-0.381,0,0,0,0,1,2008,164,29,cross-sectional,IV,0,1,0.0,,65,107.0,-0.381,0.24423076,-1.5600001,-0.14912459,0.095592685,109.4336,0.015384615,10.461052,-1.5600001,1.0,0.0,0.0,0.09667365,1171.6378,52.305256,1119.3325,1171.6378,10.461052,21005.791,0.0,1715.6124,0.0,0.0,0.0,0.0,10.461052,0.0,0.0,0.0,10.461052,0.0,0.0,10.461052,0.0,0.0,10.461052,0.0,0.0,10.461052,0.0,10.461052,0.0,0.0,0.0,0.0,10.461052,1.0,10.461052,4.727388,1.7917595,4.727388,0.6931472,7.6053925,0.0,5.1059456,49.45345,18.743689,49.45345,7.2510486,79.5604,0.0,53.41356,4.6821313,0.0
Arzeki and vander Ploeg,34,52,Income Per Capita Regressions 1995,1,0,0,lnNatCapital/GNI,0.0,1,0,0,-0.416,0.05036319612590799,0.0,0.0,0.0,3,113,113,1,,0,0,0,0,0,0,0,1.0,0,-0.416,0,0,0,0,1,2008,164,29,cross-sectional,OLS,0,1,0.0,,65,110.0,-0.416,0.050363198,-8.26,-0.61871773,0.07490529,178.22762,0.015384615,13.350192,-8.26,1.0,0.0,0.0,0.09534626,1508.5717,40.050575,1468.5211,1508.5717,13.350192,26807.186,0.0,2189.4314,0.0,0.0,0.0,0.0,0.0,0.0,0.0,0.0,13.350192,0.0,0.0,13.350192,0.0,0.0,13.350192,0.0,0.0,0.0,13.350192,13.350192,0.0,0.0,0.0,0.0,13.350192,,,4.7361984,1.3862944,4.7361984,0.6931472,7.6053925,0.0,5.1059456,63.229156,18.507296,63.229156,9.253648,101.53345,0.0,68.16535,4.7095304,0.0
Arzeki and vander Ploeg,34,53,Income Per Capita Regressions 1995,1,0,0,lnNatCapital/GNI,0.0,1,0,0,-0.224,0.06530612244897958,0.0,0.0,0.0,4,106,106,1,RL01,1,0,0,0,0,0,0,1.0,0,-0.224,0,0,0,0,1,2008,164,29,cross-sectional,OLS,0,1,0.0,,65,102.0,-0.224,0.06530612,-3.4300003,-0.32158074,0.09375531,113.764885,0.015384615,10.666062,-3.4300003,1.0,0.0,0.0,0.09901475,1130.6027,42.66425,1087.9384,1130.6027,10.666062,21417.453,0.0,1749.2343,0.0,10.666062,0.0,0.0,0.0,0.0,0.0,0.0,10.666062,0.0,0.0,10.666062,0.0,0.0,10.666062,0.0,0.0,0.0,10.666062,10.666062,0.0,0.0,0.0,0.0,10.666062,,,4.6728287,1.609438,4.6728287,0.6931472,7.6053925,0.0,5.1059456,49.840683,17.166365,49.840683,7.393151,81.11959,0.0,54.460335,4.634729,0.0
Arzeki and vander Ploeg,34,54,Income Per Capita Regressions 1995,1,0,0,lnNatCapital/GNI,0.0,1,0,0,-0.178,0.06980392156862746,0.0,0.0,0.0,5,100,100,1,RL01,1,0,0,0,0,1,0,1.0,0,-0.178,0,0,0,0,1,2008,164,29,cross-sectional,OLS,0,1,0.0,,65,95.0,-0.178,0.06980392,-2.55,-0.25310564,0.09925712,101.50249,0.015384615,10.074844,-2.55,1.0,0.0,0.0,0.10259783,1007.48444,50.37422,957.11017,1007.48444,10.074844,20230.287,0.0,1652.2744,0.0,10.074844,0.0,0.0,10.074844,0.0,0.0,0.0,10.074844,0.0,0.0,10.074844,0.0,0.0,10.074844,0.0,0.0,0.0,10.074844,10.074844,0.0,0.0,0.0,0.0,10.074844,,,4.6151204,1.7917595,4.6151204,0.6931472,7.6053925,0.0,5.1059456,46.49662,18.051697,46.49662,6.98335,76.623146,0.0,51.441605,4.564348,0.0
Arzeki and vander Ploeg,34,55,Income Per Capita Regressions 1995,1,0,0,lnNatCapital/GNI,0.0,1,0,0,-0.201,0.07027972027972029,0.103,0.05690607734806629,9.325,6,100,100,1,RL01,1,1,0,0,0,1,0,1.0,0,0.7594749999999999,0,0,0,0,1,2008,164,29,cross-sectional,OLS,0,1,0.0,,65,94.0,0.759475,0.5352829,1.4188292,0.14479879,0.10205512,96.013084,0.015384615,9.798627,1.4188292,1.0,0.0,0.0,0.10314213,979.8627,58.79176,921.0709,979.8627,9.798627,19675.643,0.0,1606.9747,0.0,9.798627,9.798627,0.0,9.798627,0.0,0.0,0.0,9.798627,0.0,0.0,9.798627,0.0,0.0,9.798627,0.0,0.0,0.0,9.798627,9.798627,0.0,0.0,0.0,0.0,9.798627,,,4.6151204,1.9459101,4.6151204,0.6931472,7.6053925,0.0,5.1059456,45.221844,19.067247,45.221844,6.7918906,74.5224,0.0,50.031254,4.553877,0.0
Arzeki and vander Ploeg,34,56,Income Per Capita Regressions 1995,1,0,0,lnNatCapital/GNI,0.0,1,0,0,-0.317,0.1060200668896321,0.005,0.09999999999999999,9.325,7,100,100,1,RL01,1,1,0,0,0,1,0,1.0,0,-0.27037500000000003,0,0,0,0,1,2008,164,29,cross-sectional,OLS,0,1,0.0,,65,93.0,-0.270375,0.9385076,-0.28809038,-0.02986026,0.10364893,93.08299,0.015384615,9.647953,-0.28809038,1.0,0.0,0.0,0.10369517,964.7953,67.53567,897.25964,964.7953,9.647953,19373.09,0.0,1582.2643,0.0,9.647953,9.647953,0.0,9.647953,0.0,0.0,0.0,9.647953,0.0,0.0,9.647953,0.0,0.0,9.647953,0.0,0.0,0.0,9.647953,9.647953,0.0,0.0,0.0,0.0,9.647953,,,4.6151204,2.0794415,4.6151204,0.6931472,7.6053925,0.0,5.1059456,44.526463,20.062353,44.526463,6.6874514,73.376465,0.0,49.26192,4.543295,0.0
Arzeki and vander Ploeg,34,57,Income Per Capita Regressions 1995,1,0,0,lnNatCapital/GNI,0.0,1,0,0,-0.234,0.06842105263157895,0.026,0.052,9.325,5,106,106,1,RL01,1,1,0,0,0,0,0,1.0,0,0.008449999999999958,0,0,0,0,1,2008,164,29,cross-sectional,OLS,0,1,0.0,,65,101.0,0.008450005,0.48970342,0.017255353,0.0017169693,0.09950358,101.00029,0.015384615,10.04989,0.017255353,1.0,0.0,0.0,0.09950372,1065.2883,50.24945,1015.0389,1065.2883,10.04989,20180.18,0.0,1648.182,0.0,10.04989,10.04989,0.0,0.0,0.0,0.0,0.0,10.04989,0.0,0.0,10.04989,0.0,0.0,10.04989,0.0,0.0,0.0,10.04989,10.04989,0.0,0.0,0.0,0.0,10.04989,,,4.6728287,1.7917595,4.6728287,0.6931472,7.6053925,0.0,5.1059456,46.961414,18.006987,46.961414,6.966053,76.43336,0.0,51.31419,4.624973,0.0
Arzeki and vander Ploeg,34,58,Income Per Capita Regressions 1995,1,0,0,lnNatCapital/GNI,0.0,1,0,0,-0.42,0.09110629067245118,0.0,0.0,0.0,5,100,100,1,,0,0,0,0,0,1,0,1.0,0,-0.42,0,0,0,0,1,2008,164,29,cross-sectional,OLS,0,1,0.0,,65,95.0,-0.42,0.09110629,-4.61,-0.4275634,0.092746936,116.25211,0.015384615,10.782027,-4.61,1.0,0.0,0.0,0.10259783,1078.2028,53.910137,1024.2926,1078.2028,10.782027,21650.31,0.0,1768.2524,0.0,0.0,0.0,0.0,10.782027,0.0,0.0,0.0,10.782027,0.0,0.0,10.782027,0.0,0.0,10.782027,0.0,0.0,0.0,10.782027,10.782027,0.0,0.0,0.0,0.0,10.782027,,,4.6151204,1.7917595,4.6151204,0.6931472,7.6053925,0.0,5.1059456,49.760353,19.3188,49.760353,7.4735317,82.00155,0.0,55.052444,4.564348,0.0
Arzeki and vander Ploeg,34,59,Income Per Capita Regressions 1995,1,0,0,lnNatCapital/GNI,0.0,1,0,0,-0.404,0.17641921397379914,0.0,0.0,0.0,4,106,106,1,RL01,1,0,0,0,0,0,0,0.0,1,-0.404,0,0,0,0,1,2008,164,29,cross-sectional,IV,0,1,0.0,,65,102.0,-0.404,0.17641921,-2.2900002,-0.22113058,0.09656356,107.24411,0.015384615,10.355873,-2.2900002,1.0,0.0,0.0,0.09901475,1097.7225,41.423492,1056.2991,1097.7225,10.355873,20794.594,0.0,1698.3632,0.0,10.355873,0.0,0.0,0.0,0.0,0.0,0.0,10.355873,0.0,0.0,10.355873,0.0,0.0,10.355873,0.0,0.0,10.355873,0.0,10.355873,0.0,0.0,0.0,0.0,10.355873,1.0,10.355873,4.6728287,1.609438,4.6728287,0.6931472,7.6053925,0.0,5.1059456,48.39122,16.667135,48.39122,7.1781445,78.76048,0.0,52.876526,4.634729,0.0
Arzeki and vander Ploeg,34,60,Income Per Capita Regressions 1995,1,0,0,lnNatCapital/GNI,0.0,1,0,0,0.005,0.125,0.289,0.21249999999999997,9.325,6,59,59,1,RL01,1,1,0,0,0,1,0,0.0,1,2.6999249999999995,0,0,0,0,1,2008,164,29,cross-sectional,IV,0,1,0.0,,65,53.0,2.699925,1.9855012,1.3598204,0.18361017,0.13502531,54.849117,0.015384615,7.406019,1.3598204,1.0,0.0,0.0,0.13736056,436.95514,44.436115,392.519,436.95514,7.406019,14871.286,0.0,1214.5872,0.0,7.406019,7.406019,0.0,7.406019,0.0,0.0,0.0,7.406019,0.0,0.0,7.406019,0.0,0.0,7.406019,0.0,0.0,7.406019,0.0,7.406019,0.0,0.0,0.0,0.0,7.406019,1.0,7.406019,4.0943446,1.9459101,4.0943446,0.6931472,7.6053925,0.0,5.1059456,30.322794,14.411448,30.322794,5.1334615,56.32568,0.0,37.81473,3.988984,0.0
Arzeki and vander Ploeg,34,61,Income Per Capita Regressions 1995,1,0,0,lnNatCapital/GNI,0.0,1,0,0,-1.234,0.6019512195121952,-1.201,-0.750625,9.325,7,59,59,1,RL01,1,1,0,0,0,1,0,0.0,1,-12.433325,0,0,0,0,1,2008,164,29,cross-sectional,IV,0,1,0.0,,65,52.0,-12.433325,7.025414,-1.7697641,-0.23834895,0.13467838,55.13206,0.015384615,7.425097,-1.7697641,1.0,0.0,0.0,0.13867505,438.08072,51.975677,386.10504,438.08072,7.425097,14909.595,0.0,1217.7158,0.0,7.425097,7.425097,0.0,7.425097,0.0,0.0,0.0,7.425097,0.0,0.0,7.425097,0.0,0.0,7.425097,0.0,0.0,7.425097,0.0,7.425097,0.0,0.0,0.0,0.0,7.425097,1.0,7.425097,4.0943446,2.0794415,4.0943446,0.6931472,7.6053925,0.0,5.1059456,30.400906,15.440055,30.400906,5.146685,56.470776,0.0,37.91214,3.9702919,0.0
Arzeki and vander Ploeg,34,62,Income Per Capita Regressions 1995,1,0,0,lnNatCapital/GNI,0.0,1,0,0,-1.337,0.6427884615384615,-1.118,-0.9016129032258066,9.325,7,59,59,1,RL01,1,1,0,0,0,1,0,0.0,1,-11.76235,0,0,0,0,1,2008,164,29,cross-sectional,IV,0,1,0.0,,65,52.0,-11.76235,8.432076,-1.394953,-0.18992424,0.136151,53.945885,0.015384615,7.344786,-1.394953,1.0,0.0,0.0,0.13867505,433.34238,51.413506,381.9289,433.34238,7.344786,14748.331,0.0,1204.5449,0.0,7.344786,7.344786,0.0,7.344786,0.0,0.0,0.0,7.344786,0.0,0.0,7.344786,0.0,0.0,7.344786,0.0,0.0,7.344786,0.0,7.344786,0.0,0.0,0.0,0.0,7.344786,1.0,7.344786,4.0943446,2.0794415,4.0943446,0.6931472,7.6053925,0.0,5.1059456,30.072086,15.273054,30.072086,5.0910177,55.85998,0.0,37.50208,3.9702919,0.0
Arzeki and vander Ploeg,34,63,Income Per Capita Regressions 1995,1,0,0,lnNatCapital/GNI,0.0,1,0,0,-1.025,0.7321428571428571,-0.857,-0.9315217391304347,9.325,5,59,59,1,RL01,1,1,0,0,0,1,0,0.0,1,-9.016525,0,0,0,0,1,2008,164,29,cross-sectional,IV,0,1,0.0,,65,54.0,-9.016525,8.71724,-1.0343325,-0.1393809,0.13475445,55.069836,0.015384615,7.420905,-1.0343325,1.0,0.0,0.0,0.13608277,437.8334,37.104527,400.72888,437.8334,7.420905,14901.178,0.0,1217.0284,0.0,7.420905,7.420905,0.0,7.420905,0.0,0.0,0.0,7.420905,0.0,0.0,7.420905,0.0,0.0,7.420905,0.0,0.0,7.420905,0.0,7.420905,0.0,0.0,0.0,0.0,7.420905,1.0,7.420905,4.0943446,1.7917595,4.0943446,0.6931472,7.6053925,0.0,5.1059456,30.383743,13.296477,30.383743,5.1437798,56.438896,0.0,37.89074,4.0073333,0.0
Arzeki and vander Ploeg,34,64,Income Per Capita Regressions 1995,1,0,0,lnNatCapital/GNI,0.0,1,0,0,-0.166,0.10060606060606062,-0.016,-0.11428571428571428,9.325,5,62,62,1,RL01,1,1,0,0,0,0,0,0.0,1,-0.31520000000000004,0,0,0,0,1,2008,164,29,cross-sectional,IV,0,1,0.0,,65,57.0,-0.3152,1.0704525,-0.29445493,-0.03897188,0.1323526,57.086708,0.015384615,7.555575,-0.29445493,1.0,0.0,0.0,0.13245323,468.44562,37.777874,430.66776,468.44562,7.555575,15171.594,0.0,1239.1143,0.0,7.555575,7.555575,0.0,0.0,0.0,0.0,0.0,7.555575,0.0,0.0,7.555575,0.0,0.0,7.555575,0.0,0.0,7.555575,0.0,7.555575,0.0,0.0,0.0,0.0,7.555575,1.0,7.555575,4.1431346,1.7917595,4.1431346,0.6931472,7.6053925,0.0,5.1059456,31.303762,13.537773,31.303762,5.2371254,57.46311,0.0,38.578354,4.060443,0.0
Arzeki and vander Ploeg,34,65,Income Per Capita Regressions 1995,1,0,0,lnNatCapital/GNI,0.0,1,0,0,-1.171,0.802054794520548,0.0,0.0,0.0,5,100,100,1,,0,0,0,0,0,1,0,0.0,1,-1.171,0,0,0,0,1,2008,164,29,cross-sectional,IV,0,1,0.0,,65,95.0,-1.171,0.8020548,-1.4599999,-0.14814007,0.10146581,97.13161,0.015384615,9.855536,-1.4599999,1.0,0.0,0.0,0.10259783,985.5537,49.277683,936.276,985.5537,9.855536,19789.918,0.0,1616.3081,0.0,0.0,0.0,0.0,9.855536,0.0,0.0,0.0,9.855536,0.0,0.0,9.855536,0.0,0.0,9.855536,0.0,0.0,9.855536,0.0,9.855536,0.0,0.0,0.0,0.0,9.855536,1.0,9.855536,4.6151204,1.7917595,4.6151204,0.6931472,7.6053925,0.0,5.1059456,45.48449,17.658752,45.48449,6.8313375,74.95522,0.0,50.321835,4.564348,0.0
Atkinson and Hamilton,35,1,Average of the growth rate of GDP (in PPP) per capita (198095),1,1,0,The share of resource rents in GDP (RENT),0.0,1,0,0,-0.0502,0.0188,0.0,0.0,0.0,10,91,91,1,,0,0,1,1,0,0,1,1.0,0,-0.0502,0,0,1,0,0,2003,344,44,cross-sectional,OLS,1,1,0.093,"Atkinson, G. & K. Hamilton (2003): Savings, growth and the resource curse hypothesis."" World Development 31(11): p. 1793 -1807.",9,81.0,-0.0502,0.0188,-2.6702127,-0.28443557,0.10652169,88.13003,0.11111111,9.387759,-2.6702127,1.0,0.0,0.0,0.11111111,854.28613,93.877594,760.4085,854.28613,9.387759,18803.682,0.87306166,3229.3894,9.387759,0.0,0.0,0.0,0.0,9.387759,9.387759,9.387759,9.387759,0.0,0.0,9.387759,9.387759,0.0,9.387759,0.0,0.0,0.0,9.387759,9.387759,0.0,0.0,9.387759,0.0,0.0,,,4.5217886,2.3978953,4.5217886,0.6931472,7.6029005,0.08892621,5.8435445,42.449463,22.510864,42.449463,6.507099,71.3742,0.8348179,54.85779,4.406719,0.0
Atkinson and Hamilton,35,2,Average of the growth rate of GDP (in PPP) per capita (198095),1,1,0,The share of resource rents in GDP (RENT),0.0,1,0,0,-0.0379,0.0217,0.0,0.0,0.0,11,83,83,1,,0,0,1,1,0,0,1,1.0,0,-0.0379,0,0,1,0,0,2003,344,44,cross-sectional,OLS,1,1,0.093,,9,72.0,-0.0379,0.0217,-1.7465438,-0.20160575,0.115431264,75.050415,0.11111111,8.663164,-1.7465438,1.0,0.0,0.0,0.11785113,719.0426,95.29481,623.7478,719.0426,8.663164,17352.318,0.80567425,2980.1284,8.663164,0.0,0.0,0.0,0.0,8.663164,8.663164,8.663164,8.663164,0.0,0.0,8.663164,8.663164,0.0,8.663164,0.0,0.0,0.0,8.663164,8.663164,0.0,0.0,8.663164,0.0,0.0,,,4.4308167,2.4849067,4.4308167,0.6931472,7.6029005,0.08892621,5.8435445,38.38489,21.527155,38.38489,6.004848,65.86517,0.77038234,50.623585,4.2904596,0.0
Atkinson and Hamilton,35,3,Average of the growth rate of GDP (in PPP) per capita (198095),1,1,0,The share of resource rents in GDP (RENT),0.0,1,0,0,-0.0824,0.0243,0.0,0.0,0.0,12,83,83,1,,0,0,1,1,0,0,1,1.0,0,-0.0824,0,0,1,0,0,2003,344,44,cross-sectional,OLS,1,1,0.093,,9,71.0,-0.0824,0.0243,-3.3909466,-0.3733343,0.11009736,82.49852,0.11111111,9.08287,-3.3909466,1.0,0.0,0.0,0.11867817,753.8782,108.99444,644.8837,753.8782,9.08287,18192.988,0.8447069,3124.507,9.08287,0.0,0.0,0.0,0.0,9.08287,9.08287,9.08287,9.08287,0.0,0.0,9.08287,9.08287,0.0,9.08287,0.0,0.0,0.0,9.08287,9.08287,0.0,0.0,9.08287,0.0,0.0,,,4.4308167,2.5649493,4.4308167,0.6931472,7.6029005,0.08892621,5.8435445,40.24453,23.2971,40.24453,6.2957654,69.05615,0.80770516,53.076153,4.276666,0.0
Atkinson and Hamilton,35,4,Average of the growth rate of GDP (in PPP) per capita (198095),1,1,0,The share of resource rents in GDP (RENT),0.0,1,0,0,-0.0533,0.0214,0.0,0.0,0.0,11,79,79,1,,0,0,1,1,0,0,1,1.0,0,-0.0533,0,0,1,0,0,2003,344,44,cross-sectional,OLS,1,1,0.093,,9,68.0,-0.0533,0.0214,-2.4906542,-0.28913566,0.11608824,74.203354,0.11111111,8.614137,-2.4906542,1.0,0.0,0.0,0.12126781,680.5168,94.75551,585.7613,680.5168,8.614137,17254.115,0.80111474,2963.2632,8.614137,0.0,0.0,0.0,0.0,8.614137,8.614137,8.614137,8.614137,0.0,0.0,8.614137,8.614137,0.0,8.614137,0.0,0.0,0.0,8.614137,8.614137,0.0,0.0,8.614137,0.0,0.0,,,4.3820267,2.4849067,4.3820267,0.6931472,7.6029005,0.08892621,5.8435445,37.74738,21.405327,37.74738,5.970865,65.492424,0.76602256,50.337093,4.2341065,0.0
Atkinson and Hamilton,35,5,Average of the growth rate of GDP (in PPP) per capita (198095),1,1,0,The share of resource rents in GDP (RENT),0.0,1,0,0,0.0306,0.0363,0.0,0.0,0.0,12,79,79,1,,0,0,1,1,0,0,1,1.0,0,0.0306,0,0,1,0,0,2003,344,44,cross-sectional,OLS,1,1,0.093,,9,67.0,0.0306,0.0363,0.8429752,0.10244398,0.12152668,67.71061,0.11111111,8.228645,0.8429752,1.0,0.0,0.0,0.12216944,650.063,98.74375,551.3193,650.063,8.228645,16481.977,0.76526403,2830.654,8.228645,0.0,0.0,0.0,0.0,8.228645,8.228645,8.228645,8.228645,0.0,0.0,8.228645,8.228645,0.0,8.228645,0.0,0.0,0.0,8.228645,8.228645,0.0,0.0,8.228645,0.0,0.0,,,4.3820267,2.5649493,4.3820267,0.6931472,7.6029005,0.08892621,5.8435445,36.058144,21.106058,36.058144,5.7036624,62.561573,0.73174226,48.084457,4.2195077,0.0
Atkinson and Hamilton,35,6,Average of the growth rate of GDP (in PPP) per capita (198095),1,1,0,The share of resource rents in GDP (RENT),0.0,1,0,0,-0.0494,0.0204,0.0,0.0,0.0,11,76,76,1,,0,0,1,1,0,0,1,1.0,0,-0.0494,0,0,1,0,0,2003,344,44,cross-sectional,OLS,1,1,0.093,,9,65.0,-0.0494,0.0204,-2.4215686,-0.28766298,0.118792,70.864,0.11111111,8.418076,-2.4215686,1.0,0.0,0.0,0.12403473,639.77374,92.59883,547.1749,639.77374,8.418076,16861.404,0.782881,2895.8179,8.418076,0.0,0.0,0.0,0.0,8.418076,8.418076,8.418076,8.418076,0.0,0.0,8.418076,8.418076,0.0,8.418076,0.0,0.0,0.0,8.418076,8.418076,0.0,0.0,8.418076,0.0,0.0,,,4.3438053,2.4849067,4.3438053,0.6931472,7.6029005,0.08892621,5.8435445,36.566483,20.918133,36.566483,5.834965,64.00179,0.74858755,49.1914,4.189655,0.0
Atkinson and Hamilton,35,7,Average of the growth rate of GDP (in PPP) per capita (198095),1,1,0,The share of resource rents in GDP (RENT),0.0,1,0,0,0.1172,0.0651,0.0,0.0,0.0,12,76,76,1,,0,0,1,1,0,0,1,1.0,0,0.1172,0,0,1,0,0,2003,344,44,cross-sectional,OLS,1,1,0.093,,9,64.0,0.1172,0.0651,1.8003073,0.21954787,0.12195022,67.241104,0.11111111,8.2000675,1.8003073,1.0,0.0,0.0,0.125,623.20514,98.40081,524.8043,623.20514,8.2000675,16424.734,0.76260626,2820.8232,8.2000675,0.0,0.0,0.0,0.0,8.2000675,8.2000675,8.2000675,8.2000675,0.0,0.0,8.2000675,8.2000675,0.0,8.2000675,0.0,0.0,0.0,8.2000675,8.2000675,0.0,0.0,8.2000675,0.0,0.0,,,4.3438053,2.5649493,4.3438053,0.6931472,7.6029005,0.08892621,5.8435445,35.619495,21.032757,35.619495,5.6838536,62.344296,0.7292009,47.917458,4.1743875,0.0
Atkinson and Hamilton,35,8,Average of the growth rate of GDP (in PPP) per capita (198095),1,1,0,The share of resource rents in GDP (RENT),0.0,1,0,0,-0.0528,0.0186,0.0,0.0,0.0,10,91,91,1,,0,0,1,1,0,0,1,1.0,0,-0.0528,0,0,1,0,0,2003,344,44,cross-sectional,OLS,1,1,0.093,,9,81.0,-0.0528,0.0186,-2.8387096,-0.30080417,0.10596511,89.058266,0.11111111,9.437069,-2.8387096,1.0,0.0,0.0,0.11111111,858.77325,94.37069,764.4026,858.77325,9.437069,18902.45,0.8776474,3246.3516,9.437069,0.0,0.0,0.0,0.0,9.437069,9.437069,9.437069,9.437069,0.0,0.0,9.437069,9.437069,0.0,9.437069,0.0,0.0,0.0,9.437069,9.437069,0.0,0.0,9.437069,0.0,0.0,,,4.5217886,2.3978953,4.5217886,0.6931472,7.6029005,0.08892621,5.8435445,42.67243,22.629103,42.67243,6.5412774,71.74909,0.83920276,55.14593,4.406719,0.0
Atkinson and Hamilton,35,9,Average of the growth rate of GDP (in PPP) per capita (198095),1,1,0,The share of resource rents in GDP (RENT),0.0,1,0,0,-0.0122,0.0486,0.0,0.0,0.0,10,91,91,1,,0,0,1,1,0,0,1,1.0,0,-0.0122,0,0,1,0,0,2003,344,44,cross-sectional,OLS,1,1,0.093,,9,81.0,-0.0122,0.0486,-0.2510288,-0.027881246,0.11106791,81.06302,0.11111111,9.0035,-0.2510288,1.0,0.0,0.0,0.11111111,819.31854,90.035,729.2835,819.31854,9.0035,18034.012,0.8373255,3097.204,9.0035,0.0,0.0,0.0,0.0,9.0035,9.0035,9.0035,9.0035,0.0,0.0,9.0035,9.0035,0.0,9.0035,0.0,0.0,0.0,9.0035,9.0035,0.0,0.0,9.0035,0.0,0.0,,,4.5217886,2.3978953,4.5217886,0.6931472,7.6029005,0.08892621,5.8435445,40.711926,21.58945,40.711926,6.240751,68.45272,0.8006472,52.612354,4.406719,0.0
Ding and Field,36,1,Avearge growth in per capita GDP from 1970 to 1990;,1,1,0,Natural resource capital per capita - 1994. ,1.0,1,0,0,-15.56,2.3,0.0,0.0,0.0,8,95,95,1,,0,0,1,0,0,0,1,1.0,0,-15.56,0,1,0,0,0,2005,114,24,cross-sectional,OLS,1,1,0.115,"Ding, N. & B. C. Field (2005): Natural Resource Abundance and Economic Growths Land Economics 81(4): pp. 496{502.",3,87.0,-15.56,2.3,-6.765218,-0.5871307,0.08678667,132.76816,0.33333334,11.522507,-6.765218,1.0,0.0,0.0,0.107211255,1094.6381,92.18005,1002.45807,1094.6381,11.522507,23102.625,1.3250883,1313.5658,11.522507,0.0,0.0,0.0,0.0,11.522507,11.522507,0.0,11.522507,0.0,0.0,11.522507,11.522507,0.0,11.522507,0.0,0.0,0.0,11.522507,11.522507,0.0,11.522507,0.0,0.0,0.0,,,4.564348,2.1972246,4.564348,0.6931472,7.603898,0.108854406,4.744932,52.59273,25.317535,52.59273,7.986793,87.61597,1.2542756,54.67351,4.477337,11.522507
Ding and Field,36,2,Avearge growth in per capita GDP from 1970 to 1990;,1,1,0,Natural resource capital per capita - 1994. ,1.0,1,0,0,-0.29,0.043,0.0,0.0,0.0,6,95,95,1,,0,0,1,0,0,0,1,1.0,0,-0.29,0,1,0,0,0,2005,114,24,cross-sectional,OLS,1,1,0.115,,3,89.0,-0.29,0.043,-6.7441854,-0.5815595,0.08623124,134.48404,0.33333334,11.596725,-6.7441854,1.0,0.0,0.0,0.10599979,1101.689,69.58035,1032.1085,1101.689,11.596725,23251.434,1.3336234,1322.0267,11.596725,0.0,0.0,0.0,0.0,11.596725,11.596725,0.0,11.596725,0.0,0.0,11.596725,11.596725,0.0,11.596725,0.0,0.0,0.0,11.596725,11.596725,0.0,11.596725,0.0,0.0,0.0,,,4.564348,1.9459101,4.564348,0.6931472,7.603898,0.108854406,4.744932,52.93149,22.566185,52.93149,8.038238,88.18032,1.2623546,55.025677,4.4998097,11.596725
Ding and Field,36,3,Avearge growth in per capita GDP from 1970 to 1990;,1,1,0,Natural resource capital per capita - 1994. ,1.0,1,0,0,-0.06,0.413,0.0,0.0,0.0,7,95,95,1,,0,0,1,0,0,0,1,1.0,0,-0.06,0,1,0,0,0,2005,114,24,cross-sectional,OLS,1,1,0.155,,3,88.0,-0.06,0.413,-0.14527845,-0.015484879,0.10658758,88.021095,0.33333334,9.381956,-0.14527845,1.0,0.0,0.0,0.10660036,891.2858,65.67369,825.6121,891.2858,9.381956,18810.822,1.4542031,1069.543,9.381956,0.0,0.0,0.0,0.0,9.381956,9.381956,0.0,9.381956,0.0,0.0,9.381956,9.381956,0.0,9.381956,0.0,0.0,0.0,9.381956,9.381956,0.0,9.381956,0.0,0.0,0.0,,,4.564348,2.0794415,4.564348,0.6931472,7.603898,0.14410034,4.744932,42.822514,19.50923,42.822514,6.5030766,71.33944,1.351943,44.516747,4.4886365,9.381956
Gylfason and Zoega,37,1,Growth of GNP Per Capita Per Year 19651998,1,1,0,Natural capital share in 1994 ,1.0,1,0,0,-0.08,0.013793103448275864,0.0,0.0,0.0,7,85,85,1,,0,0,1,1,0,0,1,0.0,1,-0.08,0,0,1,0,0,2006,339,291,cross-sectional,SUR,1,1,0.097,"Gylfason, T. & G. Zoega (2006): Natural Resources and Economic Growth: The Role of Investment.""The World Economy 29(8): pp. 1091{1115.",2,78.0,-0.08,0.013793103,-5.7999997,-0.54893136,0.09464334,111.640015,0.5,10.565984,-5.7999997,1.0,0.0,0.0,0.1132277,898.10864,73.96188,824.1467,898.10864,10.565984,21195.363,1.0249004,3581.8687,10.565984,0.0,0.0,0.0,0.0,10.565984,10.565984,10.565984,10.565984,0.0,0.0,10.565984,10.565984,0.0,10.565984,0.0,0.0,10.565984,0.0,10.565984,0.0,0.0,10.565984,0.0,0.0,,,4.454347,2.0794415,4.454347,0.6931472,7.6043963,0.09257918,5.8289456,47.06456,21.971346,47.06456,7.323782,80.34793,0.9781901,61.588547,4.3694477,10.565984
Gylfason and Zoega,37,2,Growth of GNP Per Capita Per Year 19651998,1,1,0,Natural capital share in 1994 ,1.0,1,0,0,-0.13,0.014772727272727272,0.0,0.0,0.0,4,85,85,1,,0,0,1,1,0,0,1,0.0,1,-0.13,0,0,1,0,0,2006,339,91,cross-sectional,SUR,1,1,0.097,,2,81.0,-0.13,0.014772727,-8.8,-0.69911766,0.07944518,158.44,0.5,12.587296,-8.8,1.0,0.0,0.0,0.11111111,1069.9202,50.349182,1019.5709,1069.9202,12.587296,25250.115,1.2209677,4267.0933,12.587296,0.0,0.0,0.0,0.0,12.587296,12.587296,12.587296,12.587296,0.0,0.0,12.587296,12.587296,0.0,12.587296,0.0,0.0,12.587296,0.0,12.587296,0.0,0.0,12.587296,0.0,0.0,,,4.454347,1.609438,4.454347,0.6931472,7.6043963,0.09257918,5.8289456,56.068184,20.25847,56.068184,8.724849,95.71878,1.1653215,73.37066,4.406719,12.587296
Isham et. al.,38,1,Avearge growth in per capita GDP from 1970 to 1990;,1,1,0,The share of exports of primary products in GNP in 1970,0.0,1,0,0,-6.16,1.5323383084577116,0.0,0.0,0.0,5,87,87,1,,0,0,1,0,0,1,1,0.0,0,-6.16,0,0,1,0,0,2005,707,112,cross-sectional,IV,1,1,0.782,"Isham, J., M. Woolcock, L. Pritchett, & G. Busby (2005): The Varieties of Resource Experience: Natural Resource Export Structures and the Political Economy of Economic Growth."" World Bank Economic Review 19(2): pp. 141-174.",12,82.0,-6.16,1.5323383,-4.02,-0.4057494,0.10093269,98.1604,0.083333336,9.907593,-4.02,1.0,0.0,0.0,0.11043153,861.9606,49.537964,812.4226,861.9606,9.907593,19864.725,7.747738,7004.6685,9.907593,0.0,0.0,0.0,9.907593,9.907593,9.907593,0.0,9.907593,0.0,0.0,9.907593,9.907593,0.0,9.907593,0.0,0.0,0.0,0.0,9.907593,0.0,0.0,9.907593,0.0,0.0,1.0,9.907593,4.477337,1.7917595,4.477337,0.6931472,7.603898,0.5777363,6.562444,44.35963,17.752024,44.35963,6.86742,75.33633,5.723976,65.01803,4.4188404,0.0
Isham et. al.,38,2,Avearge growth in per capita GDP from 1970 to 1990;,1,1,0,The share of exports of primary products in GNP in 1970,0.0,1,0,0,-5.74,1.5185185185185186,0.0,0.0,0.0,5,87,87,1,,0,0,1,0,0,1,1,0.0,0,-5.74,0,0,1,0,0,2005,707,112,cross-sectional,IV,1,1,0.782,,12,82.0,-5.74,1.5185186,-3.7799997,-0.38521641,0.10190911,96.28841,0.083333336,9.812666,-3.7799997,1.0,0.0,0.0,0.11043153,853.7019,49.063328,804.63855,853.7019,9.812666,19674.395,7.6735044,6937.5547,9.812666,0.0,0.0,0.0,9.812666,9.812666,9.812666,0.0,9.812666,0.0,0.0,9.812666,9.812666,0.0,9.812666,0.0,0.0,0.0,0.0,9.812666,0.0,0.0,9.812666,0.0,0.0,1.0,9.812666,4.477337,1.7917595,4.477337,0.6931472,7.603898,0.5777363,6.562444,43.93461,17.581936,43.93461,6.8016214,74.61451,5.669133,64.39507,4.4188404,0.0
Isham et. al.,38,3,Avearge growth in per capita GDP from 1970 to 1990;,1,1,0,The share of exports of primary products in GNP in 1970,0.0,1,0,0,-6.69,1.2320441988950277,0.0,0.0,0.0,5,87,87,1,,0,0,1,0,0,1,1,0.0,0,-6.69,0,0,1,0,0,2005,707,112,cross-sectional,IV,1,1,0.782,,12,82.0,-6.69,1.2320442,-5.43,-0.5142707,0.09470916,111.4849,0.083333336,10.558641,-5.43,1.0,0.0,0.0,0.11043153,918.60175,52.793205,865.8086,918.60175,10.558641,21170.076,8.256857,7464.959,10.558641,0.0,0.0,0.0,10.558641,10.558641,10.558641,0.0,10.558641,0.0,0.0,10.558641,10.558641,0.0,10.558641,0.0,0.0,0.0,0.0,10.558641,0.0,0.0,10.558641,0.0,0.0,1.0,10.558641,4.477337,1.7917595,4.477337,0.6931472,7.603898,0.5777363,6.562444,47.274593,18.918545,47.274593,7.318692,80.28683,6.1001105,69.29049,4.4188404,0.0
Isham et. al.,38,4,Avearge growth in per capita GDP from 1970 to 1990;,1,1,0,The share of exports of primary products in GNP in 1970,0.0,1,0,0,-14.34,3.4061757719714962,15.4,6.416666666666667,0.58,5,87,87,1,rule of law,1,1,1,0,0,1,1,0.0,1,-5.4079999999999995,0,0,1,0,0,2005,707,112,cross-sectional,IV,1,1,0.782,,12,82.0,-5.408,5.04508,-1.0719354,-0.117554694,0.10966583,83.149055,0.083333336,9.11861,-1.0719354,1.0,0.0,0.0,0.11043153,793.3191,45.593052,747.7261,793.3191,9.11861,18282.814,7.130753,6446.8574,9.11861,9.11861,9.11861,0.0,9.11861,9.11861,9.11861,0.0,9.11861,0.0,0.0,9.11861,9.11861,0.0,9.11861,0.0,0.0,9.11861,0.0,9.11861,0.0,0.0,9.11861,0.0,0.0,1.0,9.11861,4.477337,1.7917595,4.477337,0.6931472,7.603898,0.5777363,6.562444,40.82709,16.338356,40.82709,6.320539,69.33698,5.268152,59.84037,4.4188404,0.0
Isham et. al.,38,5,Avearge growth in per capita GDP from 1970 to 1990;,1,1,0,The share of exports of primary products in GNP in 1970,0.0,1,0,0,-17.71,5.6044303797468356,29.43,11.06390977443609,0.58,6,87,87,1,rule of law,1,1,1,0,0,1,1,0.0,1,-0.6406000000000027,0,0,1,0,0,2005,707,112,cross-sectional,IV,1,1,0.782,,12,81.0,-0.64059985,8.519882,-0.075188816,-0.008354021,0.11110723,81.00566,0.083333336,9.000315,-0.075188816,1.0,0.0,0.0,0.11111111,783.02734,54.001884,729.02545,783.02734,9.000315,18045.63,7.0382457,6363.222,9.000315,9.000315,9.000315,0.0,9.000315,9.000315,9.000315,0.0,9.000315,0.0,0.0,9.000315,9.000315,0.0,9.000315,0.0,0.0,9.000315,0.0,9.000315,0.0,0.0,9.000315,0.0,0.0,1.0,9.000315,4.477337,1.9459101,4.477337,0.6931472,7.603898,0.5777363,6.562444,40.29744,17.513803,40.29744,6.2385426,68.43747,5.1998086,59.06406,4.406719,0.0
Isham et. al.,38,6,Avearge growth in per capita GDP from 1970 to 1990;,1,1,0,The share of exports of primary products in GNP in 1970,0.0,1,0,0,-10.92,3.4556962025316453,11.01,5.983695652173913,0.58,6,59,59,1,rule of law,1,1,1,0,0,1,1,0.0,1,-4.5342,0,0,1,0,0,2005,707,112,cross-sectional,IV,1,1,0.782,,12,53.0,-4.5341997,4.897602,-0.92579997,-0.12615244,0.13626318,53.8571,0.083333336,7.33874,-0.92579997,1.0,0.0,0.0,0.13736056,432.98566,44.03244,388.95322,432.98566,7.33874,14714.173,5.7388945,5188.4893,7.33874,7.33874,7.33874,0.0,7.33874,7.33874,7.33874,0.0,7.33874,0.0,0.0,7.33874,7.33874,0.0,7.33874,0.0,0.0,7.33874,0.0,7.33874,0.0,0.0,7.33874,0.0,0.0,1.0,7.33874,4.0943446,1.9459101,4.0943446,0.6931472,7.603898,0.5777363,6.562444,30.047329,14.280528,30.047329,5.086827,55.80303,4.2398567,48.160072,3.988984,0.0
Isham et. al.,38,7,Avearge growth in per capita GDP from 1970 to 1990;,1,1,0,The share of exports of primary products in GNP in 1970,0.0,1,0,0,-16.35,4.40700808625337,18.31,7.8247863247863245,0.58,7,76,76,1,rule of law,1,1,1,0,0,1,1,0.0,1,-5.7302000000000035,0,0,1,0,0,2005,707,112,cross-sectional,IV,1,1,0.782,,12,69.0,-5.7302003,6.326024,-0.9058139,-0.10840455,0.1196764,69.820496,0.083333336,8.355866,-0.9058139,1.0,0.0,0.0,0.120385855,635.04584,58.491062,576.55475,635.04584,8.355866,16753.512,6.5342875,5907.597,8.355866,8.355866,8.355866,0.0,8.355866,8.355866,8.355866,0.0,8.355866,0.0,0.0,8.355866,8.355866,0.0,8.355866,0.0,0.0,8.355866,0.0,8.355866,0.0,0.0,8.355866,0.0,0.0,1.0,8.355866,4.3438053,2.0794415,4.3438053,0.6931472,7.603898,0.5777363,6.562444,36.296257,17.375536,36.296257,5.791845,63.537155,4.8274875,54.834904,4.248495,0.0
Isham et. al.,38,8,Avearge growth in per capita GDP from 1970 to 1990;,1,1,0,The share of exports of primary products in GNP in 1970,0.0,1,0,0,-13.7,3.425,15.86,6.4734693877551015,0.58,7,86,86,1,rule of law,1,1,1,0,0,1,1,0.0,1,-4.501200000000001,0,0,1,0,0,2005,707,112,cross-sectional,IV,1,1,0.782,,12,79.0,-4.5012,5.0821,-0.8856969,-0.099157594,0.111954324,79.78445,0.083333336,8.932214,-0.8856969,1.0,0.0,0.0,0.11250879,768.1704,62.525497,705.6449,768.1704,8.932214,17909.09,6.9849916,6315.075,8.932214,8.932214,8.932214,0.0,8.932214,8.932214,8.932214,0.0,8.932214,0.0,0.0,8.932214,8.932214,0.0,8.932214,0.0,0.0,8.932214,0.0,8.932214,0.0,0.0,8.932214,0.0,0.0,1.0,8.932214,4.465908,2.0794415,4.465908,0.6931472,7.603898,0.5777363,6.562444,39.890446,18.574017,39.890446,6.191339,67.91965,5.160465,58.617157,4.3820267,0.0
Isham et. al.,38,9,Avearge growth in per capita GDP from 1970 to 1990;,1,1,0,The share of exports of primary products in GNP in 1970,0.0,1,0,0,14.78,3.4694835680751175,16.84,6.6039215686274515,0.58,7,84,84,1,rule of law,1,1,1,0,0,1,1,0.0,1,24.547199999999997,0,0,1,0,0,2005,707,112,cross-sectional,IV,1,1,0.782,,12,77.0,24.5472,5.1680093,4.7498364,0.4760298,0.100220256,99.56094,0.083333336,9.978023,4.7498364,1.0,0.0,0.0,0.11396058,838.15393,69.84616,768.30774,838.15393,9.978023,20005.936,7.802814,7054.462,9.978023,9.978023,9.978023,0.0,9.978023,9.978023,9.978023,0.0,9.978023,0.0,0.0,9.978023,9.978023,0.0,9.978023,0.0,0.0,9.978023,0.0,9.978023,0.0,0.0,9.978023,0.0,0.0,1.0,9.978023,4.4426513,2.0794415,4.4426513,0.6931472,7.603898,0.5777363,6.562444,44.328876,20.748714,44.328876,6.9162383,75.87187,5.764666,65.48022,4.356709,0.0
Isham et. al.,38,10,Avearge growth in per capita GDP from 1970 to 1990;,1,1,0,The share of exports of primary products in GNP in 1970,0.0,1,0,0,-16.25,4.513888888888888,19.01,7.8879668049792535,0.58,9,74,74,1,rule of law,1,1,1,0,0,1,1,0.0,1,-5.2242,0,0,1,0,0,2005,707,112,cross-sectional,IV,1,1,0.782,,12,65.0,-5.2242,6.426975,-0.8128552,-0.100313716,0.123409085,65.660736,0.083333336,8.103131,-0.8128552,1.0,0.0,0.0,0.12403473,599.6317,72.92818,526.70355,599.6317,8.103131,16246.778,6.3366485,5728.9136,8.103131,8.103131,8.103131,0.0,8.103131,8.103131,8.103131,0.0,8.103131,0.0,0.0,8.103131,8.103131,0.0,8.103131,0.0,0.0,8.103131,0.0,8.103131,0.0,0.0,8.103131,0.0,0.0,1.0,8.103131,4.317488,2.3025851,4.317488,0.6931472,7.603898,0.5777363,6.562444,34.985172,18.65815,34.985172,5.6166625,61.615383,4.6814733,53.176346,4.189655,0.0
Isham et. al.,38,11,Avearge growth in per capita GDP from 1970 to 1990;,1,1,0,The share of exports of primary products in GNP in 1970,0.0,1,0,0,-10.57,1.507845934379458,0.0,0.0,0.0,5,87,87,1,,0,0,1,0,0,1,1,0.0,0,-10.57,0,0,1,0,0,2005,707,112,cross-sectional,IV,1,1,0.782,,12,82.0,-10.57,1.5078459,-7.01,-0.6121393,0.08732372,131.14012,0.083333336,11.451643,-7.01,1.0,0.0,0.0,0.11043153,996.2929,57.258213,939.03467,996.2929,11.451643,22960.543,8.955184,8096.311,11.451643,0.0,0.0,0.0,11.451643,11.451643,11.451643,0.0,11.451643,0.0,0.0,11.451643,11.451643,0.0,11.451643,0.0,0.0,0.0,0.0,11.451643,0.0,0.0,11.451643,0.0,0.0,1.0,11.451643,4.477337,1.7917595,4.477337,0.6931472,7.603898,0.5777363,6.562444,51.27286,20.518589,51.27286,7.9376736,87.077126,6.6160297,75.150764,4.4188404,0.0
Isham et. al.,38,12,Avearge growth in per capita GDP from 1970 to 1990;,1,1,0,The share of exports of primary products in GNP in 1970,0.0,1,0,0,-16.36,3.233201581027668,1.96,0.9751243781094528,0.58,5,87,87,1,rule of law,1,1,1,0,0,1,1,0.0,1,-15.2232,0,0,1,0,0,2005,707,112,cross-sectional,IV,1,1,0.782,,12,82.0,-15.2232,3.2822957,-4.6379733,-0.45586413,0.09828951,103.510796,0.083333336,10.174026,-4.6379733,1.0,0.0,0.0,0.11043153,885.1402,50.87013,834.2701,885.1402,10.174026,20398.922,7.956088,7193.036,10.174026,10.174026,10.174026,0.0,10.174026,10.174026,10.174026,0.0,10.174026,0.0,0.0,10.174026,10.174026,0.0,10.174026,0.0,0.0,10.174026,0.0,10.174026,0.0,0.0,10.174026,0.0,0.0,1.0,10.174026,4.477337,1.7917595,4.477337,0.6931472,7.603898,0.5777363,6.562444,45.55254,18.229406,45.55254,7.0520973,77.36225,5.877904,66.76647,4.4188404,0.0
Boshcini et.al.,39,1,GDP growth 1965-2005,0,1,0,The primary export per GDP,0.0,1,0,0,-6.658,4.039,7.121,6.952,0.532,20,75,75,1,ICRG,1,1,1,1,0,1,1,1.0,0,-2.869628,0,0,1,0,0,2013,31,13,cross-sectional,OLS,1,1,0.093,"Boschini et. al. 2013, The Resource Curse and its Potential Reversal, World Development Vol 43",80,55.0,-2.8696282,5.4765096,-0.52398854,-0.0704789,0.13450466,55.274567,0.0125,7.4346867,-0.52398854,1.0,0.0,0.0,0.13483997,557.6015,148.69373,408.90778,557.6015,7.4346867,14966.024,0.69142586,230.47528,7.4346867,7.4346867,7.4346867,0.0,7.4346867,7.4346867,7.4346867,7.4346867,7.4346867,0.0,0.0,0.0,7.4346867,0.0,7.4346867,0.0,0.0,0.0,7.4346867,7.4346867,0.0,0.0,7.4346867,0.0,0.0,,,4.3307333,3.0445225,4.3307333,0.6931472,7.607878,0.08892621,3.465736,32.197643,22.63507,32.197643,5.153332,56.56219,0.66113853,25.76666,4.0253515,0.0
Boshcini et.al.,39,2,GDP growth 1975-2005,0,1,0,The primary export per GDP,0.0,1,0,0,-5.208,4.582,7.016,8.225,0.532,20,75,75,1,ICRG,1,1,1,1,0,1,1,1.0,0,-1.475488,0,0,0,1,0,2013,31,13,cross-sectional,OLS,1,1,0.093,,80,55.0,-1.4754881,6.33573,-0.23288366,-0.031386554,0.13477354,55.054237,0.0125,7.419854,-0.23288366,1.0,0.0,0.0,0.13483997,556.4891,148.39708,408.09198,556.4891,7.419854,14936.167,0.6900464,230.01549,7.419854,7.419854,7.419854,0.0,7.419854,7.419854,7.419854,7.419854,7.419854,0.0,0.0,0.0,7.419854,0.0,7.419854,0.0,0.0,0.0,7.419854,7.419854,0.0,0.0,0.0,7.419854,0.0,,,4.3307333,3.0445225,4.3307333,0.6931472,7.607878,0.08892621,3.465736,32.13341,22.589912,32.13341,5.143051,56.44935,0.65981954,25.715256,4.0253515,0.0
Boshcini et.al.,39,3,GDP growth 1985-2005,0,1,0,The primary export per GDP,0.0,1,0,0,-8.811,10.372,15.127,15.835,0.532,20,75,75,1,ICRG,1,1,1,1,0,1,1,1.0,0,-0.7634359999999987,0,0,0,1,0,2013,31,13,cross-sectional,OLS,1,1,0.093,,80,55.0,-0.7634361,13.362105,-0.057134416,-0.0077037746,0.13483597,55.00326,0.0125,7.4164186,-0.057134416,1.0,0.0,0.0,0.13483997,556.2314,148.32837,407.903,556.2314,7.4164186,14929.25,0.6897269,229.90897,7.4164186,7.4164186,7.4164186,0.0,7.4164186,7.4164186,7.4164186,7.4164186,7.4164186,0.0,0.0,0.0,7.4164186,0.0,7.4164186,0.0,0.0,0.0,7.4164186,7.4164186,0.0,0.0,0.0,7.4164186,0.0,,,4.3307333,3.0445225,4.3307333,0.6931472,7.607878,0.08892621,3.465736,32.11853,22.579453,32.11853,5.1406693,56.42321,0.659514,25.703348,4.0253515,0.0
Boshcini et.al.,39,4,GDP growth 1965-2005,0,1,0,The primary export per GDP,0.0,1,0,0,-5.109,3.368,5.159,6.689,0.532,20,488,75,8,ICRG,1,1,1,1,0,1,1,1.0,0,-2.3644119999999997,0,0,1,0,0,2013,31,13,panel,OLS,1,1,0.093,,80,468.0,-2.364412,4.899662,-0.48256636,-0.02230109,0.046213523,468.23282,0.0125,21.638689,-0.48256636,0.0,1.0,0.0,0.046225015,10559.68,432.77377,10126.906,1622.9016,173.10951,43558.68,2.012398,670.7993,21.638689,21.638689,21.638689,0.0,21.638689,21.638689,21.638689,21.638689,21.638689,0.0,0.0,0.0,21.638689,0.0,0.0,21.638689,0.0,0.0,21.638689,21.638689,0.0,0.0,21.638689,0.0,0.0,,,6.1923623,3.0445225,4.3307333,2.1972246,7.607878,0.08892621,3.465736,133.9946,65.87947,93.71139,47.54506,164.6245,1.9242465,74.99398,6.150603,0.0
Boshcini et.al.,39,5,GDP growth 1965-2005,0,1,0,The primary export per GDP,0.0,1,0,0,-8.355,4.97,15.6,8.157,0.532,20,1506,75,40,ICRG,1,1,1,1,0,1,1,1.0,0,-0.05579999999999963,0,0,1,0,0,2013,31,13,panel,OLS,1,1,0.093,,80,1486.0,-0.055799797,6.5979066,-0.008457197,-0.0002193901,0.025941232,1486.0,0.0125,38.54867,-0.008457197,0.0,1.0,0.0,0.025941232,58054.297,770.9734,57283.324,2891.1501,1541.9468,77598.48,3.5850263,1195.0088,38.54867,38.54867,38.54867,0.0,38.54867,38.54867,38.54867,38.54867,38.54867,0.0,0.0,0.0,38.54867,0.0,0.0,38.54867,0.0,0.0,38.54867,38.54867,0.0,0.0,38.54867,0.0,0.0,,,7.3178763,3.0445225,4.3307333,3.713572,7.607878,0.08892621,3.465736,282.0944,117.3623,166.94402,143.15326,293.2736,3.427987,133.5995,7.304516,0.0
Boshcini et.al.,39,6,GDP growth 1965-2005,0,1,0,The primary export per GDP,0.0,1,0,0,-6.131,2.468,5.465,3.314,0.502,20,75,75,1,Polity,1,1,1,1,0,1,1,1.0,0,-3.38757,0,0,1,0,0,2013,31,13,cross-sectional,OLS,1,1,0.093,,80,55.0,-3.38757,2.976354,-1.138161,-0.15169357,0.13327955,56.29541,0.0125,7.5030265,-1.138161,1.0,0.0,0.0,0.13483997,562.727,150.06053,412.66647,562.727,7.5030265,15103.593,0.6977815,232.59383,7.5030265,7.5030265,7.5030265,0.0,7.5030265,7.5030265,7.5030265,7.5030265,7.5030265,0.0,0.0,0.0,7.5030265,0.0,7.5030265,0.0,0.0,0.0,7.5030265,7.5030265,0.0,0.0,7.5030265,0.0,0.0,,,4.3307333,3.0445225,4.3307333,0.6931472,7.607878,0.08892621,3.465736,32.493607,22.843134,32.493607,5.2007017,57.082115,0.66721576,26.00351,4.0253515,0.0
Boshcini et.al.,39,7,GDP growth 1975-2005,0,1,0,The primary export per GDP,0.0,1,0,0,-4.976,1.963,6.574,2.507,0.502,20,75,75,1,Polity,1,1,1,1,0,1,1,1.0,0,-1.675852,0,0,0,1,0,2013,31,13,cross-sectional,OLS,1,1,0.093,,80,55.0,-1.6758521,2.3317862,-0.71869886,-0.09645746,0.13421123,55.51653,0.0125,7.4509416,-0.71869886,1.0,0.0,0.0,0.13483997,558.8206,149.01883,409.8018,558.8206,7.4509416,14998.745,0.69293755,230.97919,7.4509416,7.4509416,7.4509416,0.0,7.4509416,7.4509416,7.4509416,7.4509416,7.4509416,0.0,0.0,0.0,7.4509416,0.0,7.4509416,0.0,0.0,0.0,7.4509416,7.4509416,0.0,0.0,0.0,7.4509416,0.0,,,4.3307333,3.0445225,4.3307333,0.6931472,7.607878,0.08892621,3.465736,32.26804,22.684559,32.26804,5.164599,56.685856,0.662584,25.822996,4.0253515,0.0
Boshcini et.al.,39,8,GDP growth 1985-2005,0,1,0,The primary export per GDP,0.0,1,0,0,-3.147,4.909,2.708,4.28,0.502,20,75,75,1,Polity,1,1,1,1,0,1,1,1.0,0,-1.7875839999999996,0,0,0,1,0,2013,31,13,cross-sectional,OLS,1,1,0.093,,80,55.0,-1.7875841,5.3585997,-0.33359164,-0.04493605,0.13470377,55.11128,0.0125,7.423697,-0.33359164,1.0,0.0,0.0,0.13483997,556.7773,148.47394,408.30334,556.7773,7.423697,14943.902,0.6904038,230.13461,7.423697,7.423697,7.423697,0.0,7.423697,7.423697,7.423697,7.423697,7.423697,0.0,0.0,0.0,7.423697,0.0,7.423697,0.0,0.0,0.0,7.423697,7.423697,0.0,0.0,0.0,7.423697,0.0,,,4.3307333,3.0445225,4.3307333,0.6931472,7.607878,0.08892621,3.465736,32.15005,22.601614,32.15005,5.1457148,56.478584,0.66016126,25.728575,4.0253515,0.0
Boshcini et.al.,39,9,GDP growth 1965-2005,0,1,0,The primary export per GDP,0.0,1,0,0,-4.721,1.604,4.801,2.455,0.502,20,488,75,8,Polity,1,1,1,1,0,1,1,1.0,0,-2.310898,0,0,1,0,0,2013,31,13,panel,OLS,1,1,0.093,,80,468.0,-2.3108978,2.0227828,-1.142435,-0.05273559,0.046160694,469.30518,0.0125,21.663452,-1.142435,0.0,1.0,0.0,0.046225015,10571.765,433.26904,10138.496,1624.7589,173.30762,43608.53,2.0147011,671.567,21.663452,21.663452,21.663452,0.0,21.663452,21.663452,21.663452,21.663452,21.663452,0.0,0.0,0.0,21.663452,0.0,0.0,21.663452,0.0,0.0,21.663452,21.663452,0.0,0.0,21.663452,0.0,0.0,,,6.1923623,3.0445225,4.3307333,2.1972246,7.607878,0.08892621,3.465736,134.14795,65.95487,93.818634,47.599472,164.81291,1.9264487,75.0798,6.150603,0.0
Boshcini et.al.,39,10,GDP growth 1965-2005,0,1,0,The primary export per GDP,0.0,1,0,0,-3.376,1.974,4.79,2.739,0.502,20,2919,75,40,Polity,1,1,1,1,0,1,1,1.0,0,-0.9714199999999997,0,0,1,0,0,2013,31,13,panel,OLS,1,1,0.093,,80,2899.0,-0.97142,2.4056685,-0.4038046,-0.0074995453,0.018572213,2899.1633,0.0125,53.84388,-0.4038046,0.0,1.0,0.0,0.018572737,157170.28,1076.8776,156093.4,4038.291,2153.7551,108387.73,5.0074806,1669.1603,53.84388,53.84388,53.84388,0.0,53.84388,53.84388,53.84388,53.84388,53.84388,0.0,0.0,0.0,53.84388,0.0,0.0,53.84388,0.0,0.0,53.84388,53.84388,0.0,0.0,53.84388,0.0,0.0,,,7.979339,3.0445225,4.3307333,3.713572,7.607878,0.08892621,3.465736,429.63858,163.92891,233.18349,199.95312,409.63766,4.788132,186.60867,7.972466,0.0
Boshcini et.al.,39,11,GDP growth 1965-2005,0,1,0,The primary export per GDP,0.0,1,0,0,-5.937,2.384,5.975,4.56,0.532,19,94,94,1,ICRG,1,1,1,1,0,1,1,1.0,0,-2.7583,0,0,1,0,0,2013,31,13,cross-sectional,OLS,1,1,0.093,,80,75.0,-2.7583,3.4012563,-0.81096506,-0.09323429,0.11496709,75.65766,0.0125,8.698141,-0.81096506,1.0,0.0,0.0,0.11547005,817.62524,165.26468,652.3606,817.62524,8.698141,17509.357,0.8089271,269.64236,8.698141,8.698141,8.698141,0.0,8.698141,8.698141,8.698141,8.698141,8.698141,0.0,0.0,0.0,8.698141,0.0,8.698141,0.0,0.0,0.0,8.698141,8.698141,0.0,0.0,8.698141,0.0,0.0,,,4.553877,2.9957323,4.553877,0.6931472,7.607878,0.08892621,3.465736,39.610264,26.057302,39.610264,6.029092,66.1744,0.77349275,30.14546,4.3307333,0.0
Boshcini et.al.,39,12,GDP growth 1975-2005,0,1,0,The primary export per GDP,0.0,1,0,0,-3.656,2.724,2.113,4.138,0.532,19,102,102,1,ICRG,1,1,1,1,0,1,1,1.0,0,-2.531884,0,0,0,1,0,2013,31,13,cross-sectional,OLS,1,1,0.093,,80,83.0,-2.531884,3.5023432,-0.7229114,-0.079101205,0.10942033,83.52259,0.0125,9.13907,-0.7229114,1.0,0.0,0.0,0.10976426,932.1851,173.64232,758.5428,932.1851,9.13907,18396.947,0.84993345,283.31116,9.13907,9.13907,9.13907,0.0,9.13907,9.13907,9.13907,9.13907,9.13907,0.0,0.0,0.0,9.13907,0.0,9.13907,0.0,0.0,0.0,9.13907,9.13907,0.0,0.0,0.0,9.13907,0.0,,,4.634729,2.9957323,4.634729,0.6931472,7.607878,0.08892621,3.465736,42.35711,27.378206,42.35711,6.33472,69.52893,0.81270283,31.673601,4.4308167,0.0
Boshcini et.al.,39,13,GDP growth 1985-2005,0,1,0,The primary export per GDP,0.0,1,0,0,-3.818,8.711,3.015,11.991,0.532,19,90,90,1,ICRG,1,1,1,1,0,1,1,1.0,0,-2.2140199999999997,0,0,0,1,0,2013,31,13,cross-sectional,OLS,1,1,0.093,,80,71.0,-2.21402,10.79703,-0.20505823,-0.024328731,0.11864304,71.04205,0.0125,8.428644,-0.20505823,1.0,0.0,0.0,0.11867817,758.578,160.14424,598.4338,758.578,8.428644,16966.861,0.78386396,261.288,8.428644,8.428644,8.428644,0.0,8.428644,8.428644,8.428644,8.428644,8.428644,0.0,0.0,0.0,8.428644,0.0,8.428644,0.0,0.0,0.0,8.428644,8.428644,0.0,0.0,0.0,8.428644,0.0,,,4.5108595,2.9957323,4.5108595,0.6931472,7.607878,0.08892621,3.465736,38.02043,25.249964,38.02043,5.8422914,64.1241,0.74952745,29.211456,4.276666,0.0
Boshcini et.al.,39,14,GDP growth 1965-2005,0,1,0,The primary export per GDP,0.0,1,0,0,-5.505,2.747,5.132,4.855,0.532,19,654,94,8,ICRG,1,1,1,1,0,1,1,1.0,0,-2.774776,0,0,1,0,0,2013,31,13,panel,OLS,1,1,0.093,,80,635.0,-2.774776,3.770567,-0.73590416,-0.02919102,0.03966688,635.5415,0.0125,25.209948,-0.73590416,0.0,1.0,0.0,0.03968379,16487.307,478.989,16008.317,2369.735,201.67958,50747.625,2.344525,781.5084,25.209948,25.209948,25.209948,0.0,25.209948,25.209948,25.209948,25.209948,25.209948,0.0,0.0,0.0,25.209948,0.0,0.0,25.209948,0.0,0.0,25.209948,25.209948,0.0,0.0,25.209948,0.0,0.0,,,6.4846354,2.9957323,4.553877,2.1972246,7.607878,0.08892621,3.465736,163.47733,75.522255,114.803,55.39192,191.79422,2.241825,87.371025,6.455199,0.0
Boshcini et.al.,39,15,GDP growth 1965-2005,0,1,0,The primary export per GDP,0.0,1,0,0,-2.328,3.511,4.125,5.712,0.532,19,2165,94,40,ICRG,1,1,1,1,0,1,1,1.0,0,-0.13349999999999973,0,0,1,0,0,2013,31,13,panel,OLS,1,1,0.093,,80,2146.0,-0.1335,4.643418,-0.028750373,-0.000620624,0.021586642,2146.0005,0.0125,46.324947,-0.028750373,0.0,1.0,0.0,0.021586645,100293.51,880.17395,99413.336,4354.545,1852.9978,93252.12,4.30822,1436.0734,46.324947,46.324947,46.324947,0.0,46.324947,46.324947,46.324947,46.324947,46.324947,0.0,0.0,0.0,46.324947,0.0,0.0,46.324947,0.0,0.0,46.324947,46.324947,0.0,0.0,46.324947,0.0,0.0,,,7.6806374,2.9957323,4.553877,3.713572,7.607878,0.08892621,3.465736,355.8051,138.77713,210.9581,172.03102,352.43454,4.119502,160.55003,7.671827,0.0
Boshcini et.al.,39,16,GDP growth 1965-2005,0,1,0,The primary export per GDP,0.0,1,0,0,-6.034,2.335,3.234,3.545,0.502,19,92,92,1,Polity,1,1,1,1,0,1,1,1.0,0,-4.410532,0,0,1,0,0,2013,31,13,cross-sectional,OLS,1,1,0.093,,80,73.0,-4.410532,2.9358416,-1.5023059,-0.17317498,0.11527278,75.25692,0.0125,8.675075,-1.5023059,1.0,0.0,0.0,0.11704115,798.1069,164.82642,633.28046,798.1069,8.675075,17462.926,0.80678195,268.9273,8.675075,8.675075,8.675075,0.0,8.675075,8.675075,8.675075,8.675075,8.675075,0.0,0.0,0.0,8.675075,0.0,8.675075,0.0,0.0,0.0,8.675075,8.675075,0.0,0.0,8.675075,0.0,0.0,,,4.5325994,2.9957323,4.5325994,0.6931472,7.607878,0.08892621,3.465736,39.32064,25.988201,39.32064,6.0131035,65.99891,0.7714415,30.065517,4.304065,0.0
Boshcini et.al.,39,17,GDP growth 1975-2005,0,1,0,The primary export per GDP,0.0,1,0,0,-3.816,1.718,3.243,2.853,0.502,19,105,105,1,Polity,1,1,1,1,0,1,1,1.0,0,-2.188014,0,0,0,1,0,2013,31,13,cross-sectional,OLS,1,1,0.093,,80,86.0,-2.188014,2.23668,-0.97824186,-0.10490449,0.10723778,86.95697,0.0125,9.325072,-0.97824186,1.0,0.0,0.0,0.107832775,979.13257,177.17636,801.9562,979.13257,9.325072,18771.37,0.86723167,289.07724,9.325072,9.325072,9.325072,0.0,9.325072,9.325072,9.325072,9.325072,9.325072,0.0,0.0,0.0,9.325072,0.0,9.325072,0.0,0.0,0.0,9.325072,9.325072,0.0,0.0,0.0,9.325072,0.0,,,4.6634393,2.9957323,4.6634393,0.6931472,7.607878,0.08892621,3.465736,43.486908,27.93542,43.486908,6.4636474,70.94401,0.8292433,32.318237,4.465908,0.0
Boshcini et.al.,39,18,GDP growth 1985-2005,0,1,0,The primary export per GDP,0.0,1,0,0,-0.388,3.64,-3.408,-3.692,0.502,19,89,89,1,Polity,1,1,1,1,0,1,1,1.0,0,-2.098816,0,0,0,1,0,2013,31,13,cross-sectional,OLS,1,1,0.093,,80,70.0,-2.098816,4.0846825,-0.51382595,-0.061298456,0.11929809,70.26402,0.0125,8.382363,-0.51382595,1.0,0.0,0.0,0.11952286,746.0304,159.26491,586.76544,746.0304,8.382363,16873.697,0.7795598,259.85327,8.382363,8.382363,8.382363,0.0,8.382363,8.382363,8.382363,8.382363,8.382363,0.0,0.0,0.0,8.382363,0.0,8.382363,0.0,0.0,0.0,8.382363,8.382363,0.0,0.0,0.0,8.382363,0.0,,,4.4998097,2.9957323,4.4998097,0.6931472,7.607878,0.08892621,3.465736,37.71904,25.111319,37.71904,5.8102117,63.772003,0.7454118,29.05106,4.26268,0.0
Boshcini et.al.,39,19,GDP growth 1965-2005,0,1,0,The primary export per GDP,0.0,1,0,0,-2.925,1.543,1.813,2.359,0.502,19,708,94,8,Polity,1,1,1,1,0,1,1,1.0,0,-2.014874,0,0,1,0,0,2013,31,13,panel,OLS,1,1,0.093,,80,689.0,-2.014874,1.9450505,-1.0358981,-0.039433878,0.038067333,690.07306,0.0125,26.269241,-1.0358981,0.0,1.0,0.0,0.038096964,18598.623,499.1156,18099.508,2469.3088,210.15393,52879.984,2.4430394,814.3465,26.269241,26.269241,26.269241,0.0,26.269241,26.269241,26.269241,26.269241,26.269241,0.0,0.0,0.0,26.269241,0.0,0.0,26.269241,0.0,0.0,26.269241,26.269241,0.0,0.0,26.269241,0.0,0.0,,,6.5638556,2.9957323,4.553877,2.1972246,7.607878,0.08892621,3.465736,172.42752,78.69562,119.62689,57.719425,199.8532,2.3360243,91.04226,6.5366917,0.0
Boshcini et.al.,39,20,GDP growth 1965-2005,0,1,0,The primary export per GDP,0.0,1,0,0,-0.496,1.831,0.087,2.532,0.502,19,4144,94,40,Polity,1,1,1,1,0,1,1,1.0,0,-0.4522256,0,0,1,0,0,2013,31,13,panel,OLS,1,1,0.093,,80,4125.0,-0.452326,2.228938,-0.2029334,-0.003159653,0.015569901,4125.041,0.0125,64.22649,-0.2029334,0.0,1.0,0.0,0.015569979,266154.56,1220.3032,264934.25,6037.2896,2569.0593,129287.914,5.973063,1991.021,64.22649,64.22649,64.22649,0.0,64.22649,64.22649,64.22649,64.22649,64.22649,0.0,0.0,0.0,64.22649,0.0,0.0,64.22649,0.0,0.0,64.22649,64.22649,0.0,0.0,64.22649,0.0,0.0,,,8.3296585,2.9957323,4.553877,3.713572,7.607878,0.08892621,3.465736,534.9847,192.40535,292.4795,238.50967,488.62726,5.7114177,222.59203,8.325064,0.0
Boshcini et.al.,39,21,GDP growth 1965-2005,0,1,0,The primary export per GDP,0.0,1,0,0,-8.596,4.5,10.499,7.619,0.532,19,68,68,1,ICRG,1,1,1,1,0,1,1,0.0,1,-3.0105319999999995,0,0,1,0,0,2013,31,13,cross-sectional,IV,1,1,0.093,,80,49.0,-3.0105321,6.056344,-0.49708736,-0.07083411,0.14249831,49.247086,0.0125,7.017627,-0.49708736,1.0,0.0,0.0,0.14285715,477.19864,133.33492,343.8637,477.19864,7.017627,14126.482,0.65263927,217.54643,7.017627,7.017627,7.017627,0.0,7.017627,7.017627,7.017627,7.017627,7.017627,0.0,0.0,0.0,7.017627,0.0,7.017627,0.0,0.0,7.017627,0.0,7.017627,0.0,0.0,7.017627,0.0,0.0,1.0,7.017627,4.2341065,2.9957323,4.2341065,0.6931472,7.607878,0.08892621,3.465736,29.713379,21.022932,29.713379,4.8642483,53.38925,0.624051,24.321241,3.912023,0.0
Boshcini et.al.,39,22,GDP growth 1975-2005,0,1,0,The primary export per GDP,0.0,1,0,0,-3.328,4.011,4.847,7.069,0.532,19,64,64,1,ICRG,1,1,1,1,0,1,1,0.0,1,-0.7493959999999995,0,0,0,1,0,2013,31,13,cross-sectional,IV,1,1,0.093,,80,45.0,-0.7493959,5.4982767,-0.13629651,-0.020313691,0.14904043,45.01858,0.0125,6.7095885,-0.13629651,1.0,0.0,0.0,0.1490712,429.41367,127.482185,301.9315,429.41367,6.7095885,13506.402,0.6239917,207.99725,6.7095885,6.7095885,6.7095885,0.0,6.7095885,6.7095885,6.7095885,6.7095885,6.7095885,0.0,0.0,0.0,6.7095885,0.0,6.7095885,0.0,0.0,6.7095885,0.0,6.7095885,0.0,0.0,0.0,6.7095885,0.0,1.0,6.7095885,4.1743875,2.9957323,4.1743875,0.6931472,7.607878,0.08892621,3.465736,28.008423,20.100132,28.008423,4.6507325,51.045734,0.5966583,23.253662,3.8286414,0.0
Boshcini et.al.,39,23,GDP growth 1985-2005,0,1,0,The primary export per GDP,0.0,1,0,0,-2.937,4.551,5.69,7.449,0.532,19,64,64,1,ICRG,1,1,1,1,0,1,1,0.0,1,0.09008000000000038,0,0,0,1,0,2013,31,13,cross-sectional,IV,1,1,0.093,,80,45.0,0.09008003,6.0345607,0.014927356,0.0022252332,0.14907083,45.00022,0.0125,6.7082205,0.014927356,1.0,0.0,0.0,0.1490712,429.3261,127.45619,301.86993,429.3261,6.7082205,13503.648,0.62386453,207.95483,6.7082205,6.7082205,6.7082205,0.0,6.7082205,6.7082205,6.7082205,6.7082205,6.7082205,0.0,0.0,0.0,6.7082205,0.0,6.7082205,0.0,0.0,6.7082205,0.0,6.7082205,0.0,0.0,0.0,6.7082205,0.0,1.0,6.7082205,4.1743875,2.9957323,4.1743875,0.6931472,7.607878,0.08892621,3.465736,28.002712,20.096033,28.002712,4.649784,51.035324,0.59653664,23.24892,3.8286414,0.0
Boshcini et.al.,39,24,GDP growth 1965-2005,0,1,0,The primary export per GDP,0.0,1,0,0,-3.234,2.556,2.589,4.625,0.532,19,392,68,8,ICRG,1,1,1,1,0,1,1,0.0,1,-1.856652,0,0,1,0,0,2013,31,13,panel,IV,1,1,0.093,,80,373.0,-1.856652,3.547844,-0.5233184,-0.02708646,0.05175904,373.27383,0.0125,19.320295,-0.5233184,0.0,1.0,0.0,0.051778037,7573.556,367.08563,7206.47,1313.7802,154.56236,38891.754,1.7967875,598.9292,19.320295,19.320295,19.320295,0.0,19.320295,19.320295,19.320295,19.320295,19.320295,0.0,0.0,0.0,19.320295,0.0,0.0,19.320295,0.0,19.320295,0.0,19.320295,0.0,0.0,19.320295,0.0,0.0,1.0,19.320295,5.9738097,2.9957323,4.2341065,2.1972246,7.607878,0.08892621,3.465736,115.41577,57.878433,81.80419,42.45103,146.98645,1.7180808,66.959045,5.924256,0.0
Boshcini et.al.,39,25,GDP growth 1965-2005,0,1,0,The primary export per GDP,0.0,1,0,0,-8.29,2.503,14.85,4.699,0.532,19,1410,68,40,ICRG,1,1,1,1,0,1,1,0.0,1,-0.38979999999999926,0,0,1,0,0,2013,31,13,panel,IV,1,1,0.093,,80,1391.0,-0.3897998,3.5375626,-0.110188805,-0.0029544185,0.02681233,1391.0121,0.0125,37.296272,-0.110188805,0.0,1.0,0.0,0.026812445,52587.746,708.6292,51879.117,2536.1467,1491.851,75077.4,3.4685535,1156.1844,37.296272,37.296272,37.296272,0.0,37.296272,37.296272,37.296272,37.296272,37.296272,0.0,0.0,0.0,37.296272,0.0,0.0,37.296272,0.0,37.296272,0.0,37.296272,0.0,0.0,37.296272,0.0,0.0,1.0,37.296272,7.2520537,2.9957323,4.2341065,3.713572,7.607878,0.08892621,3.465736,270.47458,111.72965,157.9164,138.5024,283.7455,3.3166163,129.25903,7.238497,0.0
Boshcini et.al.,39,26,GDP growth 1965-2005,0,1,0,The primary export per GDP,0.0,1,0,0,-3.624,2.346,1.632,3.246,0.502,19,62,62,1,Polity,1,1,1,1,0,1,1,0.0,1,-2.804736,0,0,1,0,0,2013,31,13,cross-sectional,IV,1,1,0.093,,80,43.0,-2.804736,2.8563893,-0.98191655,-0.14808981,0.15081711,43.964157,0.0125,6.6305475,-0.98191655,1.0,0.0,0.0,0.15249857,411.09393,125.9804,285.11353,411.09393,6.6305475,13347.292,0.6166409,205.54697,6.6305475,6.6305475,6.6305475,0.0,6.6305475,6.6305475,6.6305475,6.6305475,6.6305475,0.0,0.0,0.0,6.6305475,0.0,6.6305475,0.0,0.0,6.6305475,0.0,6.6305475,0.0,0.0,6.6305475,0.0,0.0,1.0,6.6305475,4.1431346,2.9957323,4.1431346,0.6931472,7.607878,0.08892621,3.465736,27.47125,19.863344,27.47125,4.5959454,50.444397,0.5896295,22.979727,3.7841897,0.0
Boshcini et.al.,39,27,GDP growth 1975-2005,0,1,0,The primary export per GDP,0.0,1,0,0,-3.967,1.118,4.425,3.343,0.502,19,61,61,1,Polity,1,1,1,1,0,1,1,0.0,1,-1.7456500000000004,0,0,0,1,0,2013,31,13,cross-sectional,IV,1,1,0.093,,80,42.0,-1.7456499,2.01649,-0.8656874,-0.13240243,0.15294486,42.74942,0.0125,6.538304,-0.8656874,1.0,0.0,0.0,0.15430336,398.83655,124.227776,274.60876,398.83655,6.538304,13161.605,0.60806227,202.68742,6.538304,6.538304,6.538304,0.0,6.538304,6.538304,6.538304,6.538304,6.538304,0.0,0.0,0.0,6.538304,0.0,6.538304,0.0,0.0,6.538304,0.0,6.538304,0.0,0.0,0.0,6.538304,0.0,1.0,6.538304,4.1271343,2.9957323,4.1271343,0.6931472,7.607878,0.08892621,3.465736,26.984459,19.587008,26.984459,4.5320067,49.74262,0.5814266,22.660034,3.7612002,0.0
Boshcini et.al.,39,28,GDP growth 1985-2005,0,1,0,The primary export per GDP,0.0,1,0,0,-0.131,1.668,0.382,3.067,0.502,19,66,66,1,Polity,1,1,1,1,0,1,1,0.0,1,0.060763999999999985,0,0,0,1,0,2013,31,13,cross-sectional,IV,1,1,0.093,,80,47.0,0.060764,2.2699552,0.026768811,0.0039046027,0.14586388,47.000717,0.0125,6.855707,0.026768811,1.0,0.0,0.0,0.145865,452.47665,130.25844,322.21823,452.47665,6.855707,13800.538,0.63758075,212.52692,6.855707,6.855707,6.855707,0.0,6.855707,6.855707,6.855707,6.855707,6.855707,0.0,0.0,0.0,6.855707,0.0,6.855707,0.0,0.0,6.855707,0.0,6.855707,0.0,0.0,0.0,6.855707,0.0,1.0,6.855707,4.204693,2.9957323,4.204693,0.6931472,7.607878,0.08892621,3.465736,28.826143,20.537863,28.826143,4.752014,52.157383,0.60965204,23.76007,3.871201,0.0
Boshcini et.al.,39,29,GDP growth 1965-2005,0,1,0,The primary export per GDP,0.0,1,0,0,-2.661,1.121,3.553,2.275,0.502,19,391,62,8,Polity,1,1,1,1,0,1,1,0.0,1,-0.877394,0,0,1,0,0,2013,31,13,panel,IV,1,1,0.093,,80,372.0,-0.877394,1.6002872,-0.54827285,-0.028415145,0.051826652,372.30057,0.0125,19.295092,-0.54827285,0.0,1.0,0.0,0.051847585,7544.381,366.60675,7177.774,1196.2957,154.36073,38841.02,1.7944435,598.1478,19.295092,19.295092,19.295092,0.0,19.295092,19.295092,19.295092,19.295092,19.295092,0.0,0.0,0.0,19.295092,0.0,0.0,19.295092,0.0,19.295092,0.0,19.295092,0.0,0.0,19.295092,0.0,0.0,1.0,19.295092,5.971262,2.9957323,4.1431346,2.1972246,7.607878,0.08892621,3.465736,115.21605,57.80293,79.94216,42.39565,146.79471,1.7158394,66.87169,5.9215784,0.0
Boshcini et.al.,39,30,GDP growth 1965-2005,0,1,0,The primary export per GDP,0.0,1,0,0,-0.864,0.957,0.63,1.623,0.502,19,2756,61,40,Polity,1,1,1,1,0,1,1,0.0,1,-0.54774,0,0,1,0,0,2013,31,13,panel,IV,1,1,0.093,,80,2737.0,-0.54774,1.2568452,-0.43580544,-0.008329907,0.019113822,2737.19,0.0125,52.31816,-0.43580544,0.0,1.0,0.0,0.019114485,144188.84,994.04504,143194.81,3191.4077,2092.7263,105316.45,4.865589,1621.8629,52.31816,52.31816,52.31816,0.0,52.31816,52.31816,52.31816,52.31816,52.31816,0.0,0.0,0.0,52.31816,0.0,0.0,52.31816,0.0,52.31816,0.0,52.31816,0.0,0.0,52.31816,0.0,0.0,1.0,52.31816,7.9218984,2.9957323,4.1271343,3.713572,7.607878,0.08892621,3.465736,414.45914,156.7312,215.92407,194.28726,398.03018,4.652456,181.32092,7.914983,0.0
Boshcini et.al.,39,31,GDP growth 1970-2005,0,1,0,The resource rents as the measure of natural resources,0.0,1,0,0,-14.233,5.147,27.928,10.013,0.532,17,86,86,1,ICRG,1,1,1,1,0,1,1,0.0,1,0.6246960000000001,0,0,1,0,0,2013,31,13,cross-sectional,IV,1,1,0.093,,80,69.0,0.6246957,7.4072695,0.08433549,0.010152277,0.12037965,69.00711,0.0125,8.307052,0.08433549,1.0,0.0,0.0,0.120385855,714.4065,141.21988,573.1866,714.4065,8.307052,16722.096,0.7725558,257.51862,8.307052,8.307052,8.307052,0.0,8.307052,8.307052,8.307052,8.307052,8.307052,0.0,0.0,0.0,8.307052,0.0,8.307052,0.0,0.0,8.307052,0.0,8.307052,0.0,0.0,8.307052,0.0,0.0,1.0,8.307052,4.465908,2.8903718,4.465908,0.6931472,7.607878,0.08892621,3.465736,37.09853,24.01047,37.09853,5.7580094,63.19904,0.73871464,28.790049,4.248495,0.0
Boshcini et.al.,39,32,GDP growth 1975-2005,0,1,0,The resource rents as the measure of natural resources,0.0,1,0,0,-15.176,6.561,27.993,13.503,0.532,17,86,86,1,ICRG,1,1,1,1,0,1,1,0.0,1,-0.2837239999999994,0,0,0,1,0,2013,31,13,cross-sectional,IV,1,1,0.093,,80,69.0,-0.28372398,9.728863,-0.029163118,-0.0035108053,0.12038511,69.000854,0.0125,8.306675,-0.029163118,1.0,0.0,0.0,0.120385855,714.3741,141.21347,573.1606,714.3741,8.306675,16721.338,0.7725208,257.50693,8.306675,8.306675,8.306675,0.0,8.306675,8.306675,8.306675,8.306675,8.306675,0.0,0.0,0.0,8.306675,0.0,8.306675,0.0,0.0,8.306675,0.0,8.306675,0.0,0.0,0.0,8.306675,0.0,1.0,8.306675,4.465908,2.8903718,4.465908,0.6931472,7.607878,0.08892621,3.465736,37.096848,24.00938,37.096848,5.7577486,63.19617,0.73868114,28.788742,4.248495,0.0
Boshcini et.al.,39,33,GDP growth 1985-2005,0,1,0,The resource rents as the measure of natural resources,0.0,1,0,0,-18.634,7.13,37.07,14.508,0.532,17,86,86,1,ICRG,1,1,1,1,0,1,1,0.0,1,1.0872400000000013,0,0,0,1,0,2013,31,13,cross-sectional,IV,1,1,0.093,,80,69.0,1.0872399,10.507539,0.10347236,0.012455642,0.12037652,69.0107,0.0125,8.307268,0.10347236,1.0,0.0,0.0,0.120385855,714.42505,141.22356,573.2015,714.42505,8.307268,16722.531,0.7725759,257.5253,8.307268,8.307268,8.307268,0.0,8.307268,8.307268,8.307268,8.307268,8.307268,0.0,0.0,0.0,8.307268,0.0,8.307268,0.0,0.0,8.307268,0.0,8.307268,0.0,0.0,0.0,8.307268,0.0,1.0,8.307268,4.465908,2.8903718,4.465908,0.6931472,7.607878,0.08892621,3.465736,37.099495,24.011093,37.099495,5.758159,63.200684,0.7387339,28.790796,4.248495,0.0
Boshcini et.al.,39,34,GDP growth 1970-2005,0,1,0,The resource rents as the measure of natural resources,0.0,1,0,0,-3.565,5.749,4.141,11.33,0.532,17,502,86,7,ICRG,1,1,1,1,0,1,1,0.0,1,-1.3619879999999998,0,0,1,0,0,2013,31,13,panel,IV,1,1,0.093,,80,485.0,-1.3619881,8.329615,-0.16351153,-0.0074244714,0.04540641,485.02676,0.0125,22.023323,-0.16351153,0.0,1.0,0.0,0.04540766,11055.708,374.39648,10681.312,1894.0057,154.16325,44332.95,2.0481691,682.723,22.023323,22.023323,22.023323,0.0,22.023323,22.023323,22.023323,22.023323,22.023323,0.0,0.0,0.0,22.023323,0.0,0.0,22.023323,0.0,22.023323,0.0,22.023323,0.0,0.0,22.023323,0.0,0.0,1.0,22.023323,6.22059,2.8903718,4.465908,2.0794415,7.607878,0.08892621,3.465736,136.99806,63.65559,98.35413,45.79621,167.55077,1.9584507,76.32702,6.1862087,0.0
Boshcini et.al.,39,35,GDP growth 1970-2005,0,1,0,The resource rents as the measure of natural resources,0.0,1,0,0,-9.46,5.078,17.4,9.529,0.532,17,1834,86,35,ICRG,1,1,1,1,0,1,1,0.0,1,-0.2032000000000007,0,0,1,0,0,2013,31,13,panel,IV,1,1,0.093,,80,1817.0,-0.2032002,7.175318,-0.028319333,-0.00066436303,0.023459699,1817.0009,0.0125,42.626293,-0.028319333,0.0,1.0,0.0,0.023459705,78176.62,724.647,77451.98,3665.861,1491.9203,85806.73,3.9642453,1321.415,42.626293,42.626293,42.626293,0.0,42.626293,42.626293,42.626293,42.626293,42.626293,0.0,0.0,0.0,42.626293,0.0,0.0,42.626293,0.0,42.626293,0.0,42.626293,0.0,0.0,42.626293,0.0,0.0,1.0,42.626293,7.5147996,2.8903718,4.465908,3.583519,7.607878,0.08892621,3.465736,320.32803,123.20583,190.3651,152.75214,324.29565,3.7905948,147.73148,7.505492,0.0
Boshcini et.al.,39,36,GDP growth 1970-2005,0,1,0,The resource rents as the measure of natural resources,0.0,1,0,0,0.736,2.398,-17.281,-7.437,0.502,17,86,86,1,Polity,1,1,1,1,0,1,1,0.0,1,-7.939061999999999,0,0,1,0,0,2013,31,13,cross-sectional,IV,1,1,0.093,,80,69.0,-7.939062,4.437171,-1.7892171,-0.21056712,0.11768673,72.201294,0.0125,8.497134,-1.7892171,1.0,0.0,0.0,0.120385855,730.75354,144.45128,586.3023,730.75354,8.497134,17104.732,0.7902335,263.41116,8.497134,8.497134,8.497134,0.0,8.497134,8.497134,8.497134,8.497134,8.497134,0.0,0.0,0.0,8.497134,0.0,8.497134,0.0,0.0,8.497134,0.0,8.497134,0.0,0.0,8.497134,0.0,0.0,1.0,8.497134,4.465908,2.8903718,4.465908,0.6931472,7.607878,0.08892621,3.465736,37.947422,24.559877,37.947422,5.889765,64.645164,0.755618,29.448824,4.248495,0.0
Boshcini et.al.,39,37,GDP growth 1975-2005,0,1,0,The resource rents as the measure of natural resources,0.0,1,0,0,-1.677,2.527,-1.815,-5.127,0.502,17,86,86,1,Polity,1,1,1,1,0,1,1,0.0,1,-2.58813,0,0,0,1,0,2013,31,13,cross-sectional,IV,1,1,0.093,,80,69.0,-2.58813,3.6069293,-0.71754384,-0.086061634,0.1199392,69.51487,0.0125,8.337558,-0.71754384,1.0,0.0,0.0,0.120385855,717.02997,141.73848,575.2915,717.02997,8.337558,16783.504,0.7753929,258.4643,8.337558,8.337558,8.337558,0.0,8.337558,8.337558,8.337558,8.337558,8.337558,0.0,0.0,0.0,8.337558,0.0,8.337558,0.0,0.0,8.337558,0.0,8.337558,0.0,0.0,0.0,8.337558,0.0,1.0,8.337558,4.465908,2.8903718,4.465908,0.6931472,7.607878,0.08892621,3.465736,37.234764,24.098642,37.234764,5.779155,63.43112,0.7414274,28.895773,4.248495,0.0
Boshcini et.al.,39,38,GDP growth 1985-2005,0,1,0,The resource rents as the measure of natural resources,0.0,1,0,0,-0.032,2.511,-3.748,-4.082,0.502,17,86,86,1,Polity,1,1,1,1,0,1,1,0.0,1,-1.913496,0,0,0,1,0,2013,31,13,cross-sectional,IV,1,1,0.093,,80,69.0,-1.9134959,3.2410173,-0.59039974,-0.07089692,0.120082915,69.34858,0.0125,8.3275795,-0.59039974,1.0,0.0,0.0,0.120385855,716.1718,141.56885,574.60297,716.1718,8.3275795,16763.418,0.7744649,258.15497,8.3275795,8.3275795,8.3275795,0.0,8.3275795,8.3275795,8.3275795,8.3275795,8.3275795,0.0,0.0,0.0,8.3275795,0.0,8.3275795,0.0,0.0,8.3275795,0.0,8.3275795,0.0,0.0,0.0,8.3275795,0.0,1.0,8.3275795,4.465908,2.8903718,4.465908,0.6931472,7.607878,0.08892621,3.465736,37.190205,24.069801,37.190205,5.7722383,63.35521,0.7405401,28.86119,4.248495,0.0
Boshcini et.al.,39,39,GDP growth 1970-2005,0,1,0,The resource rents as the measure of natural resources,0.0,1,0,0,-0.806,1.689,-2.416,-2.749,0.502,17,502,86,7,Polity,1,1,1,1,0,1,1,0.0,1,-2.0188319999999997,0,0,1,0,0,2013,31,13,panel,IV,1,1,0.093,,80,485.0,-2.018832,2.1810813,-0.9256106,-0.04199274,0.04536761,485.85672,0.0125,22.042158,-0.9256106,0.0,1.0,0.0,0.04540766,11065.163,374.71667,10690.446,1895.6255,154.2951,44370.863,2.0499206,683.3069,22.042158,22.042158,22.042158,0.0,22.042158,22.042158,22.042158,22.042158,22.042158,0.0,0.0,0.0,22.042158,0.0,0.0,22.042158,0.0,22.042158,0.0,22.042158,0.0,0.0,22.042158,0.0,0.0,1.0,22.042158,6.22059,2.8903718,4.465908,2.0794415,7.607878,0.08892621,3.465736,137.11523,63.71003,98.43825,45.835377,167.69405,1.9601256,76.392296,6.1862087,0.0
Boshcini et.al.,39,40,GDP growth 1970-2005,0,1,0,The resource rents as the measure of natural resources,0.0,1,0,0,-1.952,2.614,0.59,4.457,0.502,17,2992,86,35,Polity,1,1,1,1,0,1,1,0.0,1,-1.6558199999999998,0,0,1,0,0,2013,31,13,panel,IV,1,1,0.093,,80,2975.0,-1.65582,3.4407873,-0.48123288,-0.008822566,0.018333256,2975.2317,0.0125,54.545685,-0.48123288,0.0,1.0,0.0,0.01833397,163200.69,927.2766,162273.4,4690.9287,1909.0989,109800.46,5.0727487,1690.9163,54.545685,54.545685,54.545685,0.0,54.545685,54.545685,54.545685,54.545685,54.545685,0.0,0.0,0.0,54.545685,0.0,0.0,54.545685,0.0,54.545685,0.0,54.545685,0.0,0.0,54.545685,0.0,0.0,1.0,54.545685,8.004031,2.8903718,4.465908,3.583519,7.607878,0.08892621,3.465736,436.58536,157.6573,243.59601,195.4655,414.97693,4.850541,189.04094,7.9983354,0.0
Boshcini et.al.,39,41,GDP growth 1970-2005,0,1,0,The resource rents as the measure of natural resources,0.0,1,0,0,-5.094,7.024,11.875,14.197,0.532,18,86,86,1,ICRG,1,1,1,1,0,1,1,0.0,1,1.2235000000000005,0,0,1,0,0,2013,31,13,cross-sectional,IV,1,1,0.093,,80,68.0,1.2235,10.314137,0.11862359,0.014383735,0.12125526,68.01408,0.0125,8.247065,0.11862359,1.0,0.0,0.0,0.12126781,709.24756,148.44716,560.8004,709.24756,8.247065,16601.342,0.766977,255.65901,8.247065,8.247065,8.247065,0.0,8.247065,8.247065,8.247065,8.247065,8.247065,0.0,0.0,0.0,8.247065,0.0,8.247065,0.0,0.0,8.247065,0.0,8.247065,0.0,0.0,8.247065,0.0,0.0,1.0,8.247065,4.465908,2.944439,4.465908,0.6931472,7.607878,0.08892621,3.465736,36.83063,24.282978,36.83063,5.7164297,62.742664,0.7333802,28.582148,4.2341065,0.0
Boshcini et.al.,39,42,GDP growth 1975-2005,0,1,0,The resource rents as the measure of natural resources,0.0,1,0,0,-14.455,24.239,29.285,48.537,0.532,18,86,86,1,ICRG,1,1,1,1,0,1,1,0.0,1,1.1246200000000002,0,0,0,1,0,2013,31,13,cross-sectional,IV,1,1,0.093,,80,68.0,1.12462,35.415936,0.03175463,0.0038507862,0.12126692,68.00101,0.0125,8.246272,0.03175463,1.0,0.0,0.0,0.12126781,709.1794,148.43289,560.7465,709.1794,8.246272,16599.746,0.76690334,255.63445,8.246272,8.246272,8.246272,0.0,8.246272,8.246272,8.246272,8.246272,8.246272,0.0,0.0,0.0,8.246272,0.0,8.246272,0.0,0.0,8.246272,0.0,8.246272,0.0,0.0,0.0,8.246272,0.0,1.0,8.246272,4.465908,2.944439,4.465908,0.6931472,7.607878,0.08892621,3.465736,36.827095,24.280645,36.827095,5.7158804,62.736633,0.73330975,28.579401,4.2341065,0.0
Boshcini et.al.,39,43,GDP growth 1985-2005,0,1,0,The resource rents as the measure of natural resources,0.0,1,0,0,-18.55,17.533,40.784,35.939,0.532,18,86,86,1,ICRG,1,1,1,1,0,1,1,0.0,1,3.147088,0,0,0,1,0,2013,31,13,cross-sectional,IV,1,1,0.093,,80,68.0,3.1470883,25.941534,0.12131466,0.014709972,0.12125469,68.01472,0.0125,8.247104,0.12131466,1.0,0.0,0.0,0.12126781,709.2509,148.44786,560.80304,709.2509,8.247104,16601.42,0.76698065,255.66022,8.247104,8.247104,8.247104,0.0,8.247104,8.247104,8.247104,8.247104,8.247104,0.0,0.0,0.0,8.247104,0.0,8.247104,0.0,0.0,8.247104,0.0,8.247104,0.0,0.0,0.0,8.247104,0.0,1.0,8.247104,4.465908,2.944439,4.465908,0.6931472,7.607878,0.08892621,3.465736,36.830807,24.283092,36.830807,5.716457,62.74296,0.73338366,28.582283,4.2341065,0.0
Boshcini et.al.,39,44,GDP growth 1970-2005,0,1,0,The resource rents as the measure of natural resources,0.0,1,0,0,-0.652,14.465,-3.506,-29.444,0.532,18,413,86,7,ICRG,1,1,1,1,0,1,1,0.0,1,-2.517192,0,0,1,0,0,2013,31,13,panel,IV,1,1,0.093,,80,395.0,-2.5171921,21.321436,-0.11805922,-0.0059400992,0.050314575,395.0139,0.0125,19.874956,-0.11805922,0.0,1.0,0.0,0.050315462,8208.357,357.7492,7850.608,1709.2462,139.1247,40008.29,1.8483709,616.12366,19.874956,19.874956,19.874956,0.0,19.874956,19.874956,19.874956,19.874956,19.874956,0.0,0.0,0.0,19.874956,0.0,0.0,19.874956,0.0,19.874956,0.0,19.874956,0.0,0.0,19.874956,0.0,0.0,1.0,19.874956,6.025866,2.944439,4.465908,2.0794415,7.607878,0.08892621,3.465736,119.763824,58.520596,88.75973,41.32881,151.20625,1.7674046,68.88135,5.9814143,0.0
Boshcini et.al.,39,45,GDP growth 1970-2005,0,1,0,The resource rents as the measure of natural resources,0.0,1,0,0,-0.397,8.358,3.364,16.525,0.532,18,1510,86,35,ICRG,1,1,1,1,0,1,1,0.0,1,1.392648,0,0,1,0,0,2013,31,13,panel,IV,1,1,0.093,,80,1492.0,1.3926481,12.130257,0.1148078,0.0029722482,0.025888905,1492.0131,0.0125,38.626587,0.1148078,0.0,1.0,0.0,0.025889019,58326.145,695.27856,57630.867,3321.8865,1351.9305,77755.32,3.5922725,1197.4242,38.626587,38.626587,38.626587,0.0,38.626587,38.626587,38.626587,38.626587,38.626587,0.0,0.0,0.0,38.626587,0.0,0.0,38.626587,0.0,38.626587,0.0,38.626587,0.0,0.0,38.626587,0.0,0.0,1.0,38.626587,7.320527,2.944439,4.465908,3.583519,7.607878,0.08892621,3.465736,282.76697,113.73362,172.50278,138.4191,293.86636,3.4349158,133.86954,7.3085427,0.0
Boshcini et.al.,39,46,GDP growth 1970-2005,0,1,0,The resource rents as the measure of natural resources,0.0,1,0,0,-3.807,5.598,-27.715,-24.326,0.502,18,86,86,1,Polity,1,1,1,1,0,1,1,0.0,1,-17.719929999999998,0,0,1,0,0,2013,31,13,cross-sectional,IV,1,1,0.093,,80,68.0,-17.71993,13.433617,-1.3190737,-0.15795313,0.11974549,69.73995,0.0125,8.351045,-1.3190737,1.0,0.0,0.0,0.12126781,718.1899,150.31882,567.87103,718.1899,8.351045,16810.654,0.7766472,258.8824,8.351045,8.351045,8.351045,0.0,8.351045,8.351045,8.351045,8.351045,8.351045,0.0,0.0,0.0,8.351045,0.0,8.351045,0.0,0.0,8.351045,0.0,8.351045,0.0,0.0,8.351045,0.0,0.0,1.0,8.351045,4.465908,2.944439,4.465908,0.6931472,7.607878,0.08892621,3.465736,37.295,24.589142,37.295,5.788503,63.533733,0.7426268,28.942516,4.2341065,0.0
Boshcini et.al.,39,47,GDP growth 1975-2005,0,1,0,The resource rents as the measure of natural resources,0.0,1,0,0,-3.147,6.232,-15.944,-20.451,0.502,18,86,86,1,Polity,1,1,1,1,0,1,1,0.0,1,-11.150888,0,0,0,1,0,2013,31,13,cross-sectional,IV,1,1,0.093,,80,68.0,-11.150888,12.009864,-0.9284775,-0.11188745,0.12050636,68.86207,0.0125,8.298317,-0.9284775,1.0,0.0,0.0,0.12126781,713.6553,149.3697,564.2856,713.6553,8.298317,16704.512,0.7717435,257.24783,8.298317,8.298317,8.298317,0.0,8.298317,8.298317,8.298317,8.298317,8.298317,0.0,0.0,0.0,8.298317,0.0,8.298317,0.0,0.0,8.298317,0.0,8.298317,0.0,0.0,0.0,8.298317,0.0,1.0,8.298317,4.465908,2.944439,4.465908,0.6931472,7.607878,0.08892621,3.465736,37.05952,24.433887,37.05952,5.751955,63.132587,0.7379379,28.759775,4.2341065,0.0
Boshcini et.al.,39,48,GDP growth 1985-2005,0,1,0,The resource rents as the measure of natural resources,0.0,1,0,0,-34.778,42.29,-101.284,-120.014,0.502,18,86,86,1,Polity,1,1,1,1,0,1,1,0.0,1,-85.622568,0,0,0,1,0,2013,31,13,cross-sectional,IV,1,1,0.093,,80,68.0,-85.62257,73.60807,-1.1632226,-0.13967861,0.12007901,69.35309,0.0125,8.32785,-1.1632226,1.0,0.0,0.0,0.12126781,716.1951,149.9013,566.2938,716.1951,8.32785,16763.963,0.77449006,258.16336,8.32785,8.32785,8.32785,0.0,8.32785,8.32785,8.32785,8.32785,8.32785,0.0,0.0,0.0,8.32785,0.0,8.32785,0.0,0.0,8.32785,0.0,8.32785,0.0,0.0,0.0,8.32785,0.0,1.0,8.32785,4.465908,2.944439,4.465908,0.6931472,7.607878,0.08892621,3.465736,37.191414,24.520845,37.191414,5.7724257,63.35727,0.74056417,28.86213,4.2341065,0.0
Boshcini et.al.,39,49,GDP growth 1970-2005,0,1,0,The resource rents as the measure of natural resources,0.0,1,0,0,-2.124,6.156,-15.022,-17.738,0.502,18,413,86,7,Polity,1,1,1,1,0,1,1,0.0,1,-9.665044,0,0,1,0,0,2013,31,13,panel,IV,1,1,0.093,,80,395.0,-9.665044,10.82525,-0.8928241,-0.044877596,0.05026477,395.79712,0.0125,19.894651,-0.8928241,0.0,1.0,0.0,0.050315462,8216.49,358.1037,7858.387,1710.94,139.26256,40047.93,1.8502024,616.7342,19.894651,19.894651,19.894651,0.0,19.894651,19.894651,19.894651,19.894651,19.894651,0.0,0.0,0.0,19.894651,0.0,0.0,19.894651,0.0,19.894651,0.0,19.894651,0.0,0.0,19.894651,0.0,0.0,1.0,19.894651,6.025866,2.944439,4.465908,2.0794415,7.607878,0.08892621,3.465736,119.8825,58.578583,88.84768,41.369762,151.35608,1.7691559,68.94961,5.9814143,0.0
Boshcini et.al.,39,50,GDP growth 1970-2005,0,1,0,The resource rents as the measure of natural resources,0.0,1,0,0,-8.299,8.765,-22.354,-24.194,0.502,18,2659,86,35,Polity,1,1,1,1,0,1,1,0.0,1,-19.520708,0,0,1,0,0,2013,31,13,panel,IV,1,1,0.093,,80,2641.0,-19.520708,14.977839,-1.303306,-0.025352605,0.019452535,2642.6985,0.0125,51.40718,-1.303306,0.0,1.0,0.0,0.01945879,136691.7,925.3293,135766.38,4421.0176,1799.2513,103482.66,4.780868,1593.6227,51.40718,51.40718,51.40718,0.0,51.40718,51.40718,51.40718,51.40718,51.40718,0.0,0.0,0.0,51.40718,0.0,0.0,51.40718,0.0,51.40718,0.0,51.40718,0.0,0.0,51.40718,0.0,0.0,1.0,51.40718,7.886081,2.944439,4.465908,3.583519,7.607878,0.08892621,3.465736,405.4012,151.36531,229.57976,184.21861,391.09958,4.571446,178.16371,7.8792915,0.0
Boshcini et.al.,39,51,GDP growth 1970-2005,0,1,0,The resource rents Mineral as the measure of natural resources,0.0,0,1,0,-25.533,11.601,77.02,33.149,0.532,21,86,86,1,ICRG,1,1,1,1,0,1,1,0.0,1,15.44164,0,0,1,0,0,2013,31,13,cross-sectional,IV,1,1,0.093,,80,65.0,15.441638,21.108906,0.73152244,0.09036299,0.123527296,65.535126,0.0125,8.095377,0.73152244,1.0,0.0,0.0,0.12403473,696.2024,170.00291,526.19946,696.2024,8.095377,16295.993,0.75287,250.95668,8.095377,8.095377,8.095377,0.0,8.095377,8.095377,8.095377,8.095377,0.0,8.095377,0.0,0.0,8.095377,0.0,8.095377,0.0,0.0,8.095377,0.0,8.095377,0.0,0.0,8.095377,0.0,0.0,1.0,8.095377,4.465908,3.0910425,4.465908,0.6931472,7.607878,0.08892621,3.465736,36.15321,25.023153,36.15321,5.6112876,61.588642,0.7198912,28.056438,4.189655,0.0
Boshcini et.al.,39,52,GDP growth 1975-2005,0,1,0,The resource rents Mineral as the measure of natural resources,0.0,0,1,0,-31.901,16.091,82.56,45.444,0.532,21,86,86,1,ICRG,1,1,1,1,0,1,1,0.0,1,12.02092,0,0,0,1,0,2013,31,13,cross-sectional,IV,1,1,0.093,,80,65.0,12.020919,29.04151,0.41392198,0.051273175,0.123871595,65.171326,0.0125,8.072876,0.41392198,1.0,0.0,0.0,0.12403473,694.26733,169.5304,524.73694,694.26733,8.072876,16250.699,0.7507774,250.25916,8.072876,8.072876,8.072876,0.0,8.072876,8.072876,8.072876,8.072876,0.0,8.072876,0.0,0.0,8.072876,0.0,8.072876,0.0,0.0,8.072876,0.0,8.072876,0.0,0.0,0.0,8.072876,0.0,1.0,8.072876,4.465908,3.0910425,4.465908,0.6931472,7.607878,0.08892621,3.465736,36.052723,24.953602,36.052723,5.595691,61.417458,0.71789026,27.978456,4.189655,0.0
Boshcini et.al.,39,53,GDP growth 1985-2005,0,1,0,The resource rents Mineral as the measure of natural resources,0.0,0,1,0,-54.511,20.793,141.459,57.812,0.532,21,86,86,1,ICRG,1,1,1,1,0,1,1,0.0,1,20.745188000000006,0,0,0,1,0,2013,31,13,cross-sectional,IV,1,1,0.093,,80,65.0,20.745188,37.125187,0.55879015,0.06914351,0.12373789,65.31225,0.0125,8.081599,0.55879015,1.0,0.0,0.0,0.12403473,695.0175,169.71358,525.30396,695.0175,8.081599,16268.259,0.7515887,250.52957,8.081599,8.081599,8.081599,0.0,8.081599,8.081599,8.081599,8.081599,0.0,8.081599,0.0,0.0,8.081599,0.0,8.081599,0.0,0.0,8.081599,0.0,8.081599,0.0,0.0,0.0,8.081599,0.0,1.0,8.081599,4.465908,3.0910425,4.465908,0.6931472,7.607878,0.08892621,3.465736,36.09168,24.980566,36.09168,5.6017375,61.48382,0.718666,28.008688,4.189655,0.0
Boshcini et.al.,39,54,GDP growth 1970-2005,0,1,0,The resource rents Mineral as the measure of natural resources,0.0,0,1,0,-18.825,143.968,31.088,421.437,0.532,21,413,86,7,ICRG,1,1,1,1,0,1,1,0.0,1,-2.2861839999999987,0,0,1,0,0,2013,31,13,panel,IV,1,1,0.093,,80,392.0,-2.2861843,266.4478,-0.008580233,-0.00043336715,0.05050762,392.00012,0.0125,19.798992,-0.008580233,0.0,1.0,0.0,0.050507627,8176.984,415.77884,7761.205,1702.7134,138.59296,39855.37,1.8413063,613.7688,19.798992,19.798992,19.798992,0.0,19.798992,19.798992,19.798992,19.798992,0.0,19.798992,0.0,0.0,19.798992,0.0,0.0,19.798992,0.0,19.798992,0.0,19.798992,0.0,0.0,19.798992,0.0,0.0,1.0,19.798992,6.025866,3.0910425,4.465908,2.0794415,7.607878,0.08892621,3.465736,119.306076,61.199528,88.42048,41.17085,150.62833,1.7606494,68.61808,5.9738097,0.0
Boshcini et.al.,39,55,GDP growth 1970-2005,0,1,0,The resource rents Mineral as the measure of natural resources,0.0,0,1,0,-155.823,216.23,399.898,558.253,0.532,21,1510,86,35,ICRG,1,1,1,1,0,1,1,0.0,1,56.922736000000015,0,0,1,0,0,2013,31,13,panel,IV,1,1,0.093,,80,1489.0,56.92274,367.36743,0.15494771,0.004015451,0.025914876,1489.0242,0.0125,38.587875,0.15494771,0.0,1.0,0.0,0.025915086,58267.69,810.3454,57457.348,3318.5574,1350.5757,77677.39,3.5886724,1196.2241,38.587875,38.587875,38.587875,0.0,38.587875,38.587875,38.587875,38.587875,0.0,38.587875,0.0,0.0,38.587875,0.0,0.0,38.587875,0.0,38.587875,0.0,38.587875,0.0,0.0,38.587875,0.0,0.0,1.0,38.587875,7.320527,3.0910425,4.465908,3.583519,7.607878,0.08892621,3.465736,282.48358,119.276764,172.32991,138.28038,293.57187,3.4314735,133.73538,7.3065314,0.0
Boshcini et.al.,39,56,GDP growth 1970-2005,0,1,0,The resource rents Mineral as the measure of natural resources,0.0,0,1,0,-31.21,9.979,48.981,20.328,0.502,21,86,86,1,Polity,1,1,1,1,0,1,1,0.0,1,-6.621538000000001,0,0,1,0,0,2013,31,13,cross-sectional,IV,1,1,0.093,,80,65.0,-6.6215386,14.272892,-0.4639241,-0.057447672,0.123829894,65.215225,0.0125,8.075595,-0.4639241,1.0,0.0,0.0,0.12403473,694.5011,169.58748,524.91364,694.5011,8.075595,16256.172,0.75103027,250.34343,8.075595,8.075595,8.075595,0.0,8.075595,8.075595,8.075595,8.075595,0.0,8.075595,0.0,0.0,8.075595,0.0,8.075595,0.0,0.0,8.075595,0.0,8.075595,0.0,0.0,8.075595,0.0,0.0,1.0,8.075595,4.465908,3.0910425,4.465908,0.6931472,7.607878,0.08892621,3.465736,36.06486,24.962006,36.06486,5.5975757,61.438137,0.718132,27.987877,4.189655,0.0
Boshcini et.al.,39,57,GDP growth 1975-2005,0,1,0,The resource rents Mineral as the measure of natural resources,0.0,0,1,0,62.998,48.58,-286.009,-183.706,0.502,21,86,86,1,Polity,1,1,1,1,0,1,1,0.0,1,-80.57851800000003,0,0,0,1,0,2013,31,13,cross-sectional,IV,1,1,0.093,,80,65.0,-80.57852,104.23349,-0.7730579,-0.09544825,0.12346844,65.597626,0.0125,8.099236,-0.7730579,1.0,0.0,0.0,0.12403473,696.5343,170.08395,526.4503,696.5343,8.099236,16303.762,0.75322896,251.07631,8.099236,8.099236,8.099236,0.0,8.099236,8.099236,8.099236,8.099236,0.0,8.099236,0.0,0.0,8.099236,0.0,8.099236,0.0,0.0,8.099236,0.0,8.099236,0.0,0.0,0.0,8.099236,0.0,1.0,8.099236,4.465908,3.0910425,4.465908,0.6931472,7.607878,0.08892621,3.465736,36.170444,25.035082,36.170444,5.6139627,61.618,0.7202344,28.069813,4.189655,0.0
Boshcini et.al.,39,58,GDP growth 1985-2005,0,1,0,The resource rents Mineral as the measure of natural resources,0.0,0,1,0,-108.241,79.231,264.085,272.711,0.502,21,86,86,1,Polity,1,1,1,1,0,1,1,0.0,1,24.32966999999998,0,0,0,1,0,2013,31,13,cross-sectional,IV,1,1,0.093,,80,65.0,24.329666,158.17526,0.15381461,0.019074883,0.124012165,65.02366,0.0125,8.063725,0.15381461,1.0,0.0,0.0,0.12403473,693.48035,169.33823,524.14215,693.48035,8.063725,16232.278,0.74992645,249.97548,8.063725,8.063725,8.063725,0.0,8.063725,8.063725,8.063725,8.063725,0.0,8.063725,0.0,0.0,8.063725,0.0,8.063725,0.0,0.0,8.063725,0.0,8.063725,0.0,0.0,0.0,8.063725,0.0,1.0,8.063725,4.465908,3.0910425,4.465908,0.6931472,7.607878,0.08892621,3.465736,36.011856,24.925318,36.011856,5.5893483,61.34784,0.71707654,27.946741,4.189655,0.0
Boshcini et.al.,39,59,GDP growth 1970-2005,0,1,0,The resource rents Mineral as the measure of natural resources,0.0,0,1,0,-94.105,66.065,183.276,147.663,0.502,21,413,86,7,Polity,1,1,1,1,0,1,1,0.0,1,-2.100448,0,0,1,0,0,2013,31,13,panel,IV,1,1,0.093,,80,392.0,-2.1004474,99.294365,-0.021153742,-0.0010684248,0.0505076,392.0004,0.0125,19.799,-0.021153742,0.0,1.0,0.0,0.050507627,8176.987,415.779,7761.208,1702.714,138.593,39855.387,1.841307,613.769,19.799,19.799,19.799,0.0,19.799,19.799,19.799,19.799,0.0,19.799,0.0,0.0,19.799,0.0,0.0,19.799,0.0,19.799,0.0,19.799,0.0,0.0,19.799,0.0,0.0,1.0,19.799,6.025866,3.0910425,4.465908,2.0794415,7.607878,0.08892621,3.465736,119.30612,61.19955,88.42052,41.170864,150.62839,1.76065,68.6181,5.9738097,0.0
Boshcini et.al.,39,60,GDP growth 1970-2005,0,1,0,The resource rents Mineral as the measure of natural resources,0.0,0,1,0,36.868,66.999,-122.322,-175.461,0.502,21,2657,86,35,Polity,1,1,1,1,0,1,1,0.0,1,-24.537644,0,0,1,0,0,2013,31,13,panel,IV,1,1,0.093,,80,2636.0,-24.537643,110.66708,-0.22172485,-0.0043185465,0.019477053,2636.0493,0.0125,51.342472,-0.22172485,0.0,1.0,0.0,0.019477235,136416.94,1078.1919,135338.75,4415.4526,1796.9865,103352.39,4.77485,1591.6166,51.342472,51.342472,51.342472,0.0,51.342472,51.342472,51.342472,51.342472,0.0,51.342472,0.0,0.0,51.342472,0.0,0.0,51.342472,0.0,51.342472,0.0,51.342472,0.0,0.0,51.342472,0.0,0.0,1.0,51.342472,7.8853292,3.0910425,4.465908,3.583519,7.607878,0.08892621,3.465736,404.8523,158.70177,229.29076,183.98672,390.60727,4.5656915,177.93944,7.877397,0.0
Boshcini et.al.,39,61,GDP growth 1970-2005,0,1,0,The resource rents as the measure of natural resources,0.0,1,0,0,-8.149,5.491,10.773,11.419,0.532,16,95,95,1,ICRG,1,1,1,1,0,1,1,0.0,1,-2.417763999999999,0,0,1,0,0,2013,31,13,cross-sectional,IV,1,1,0.093,,80,79.0,-2.4177642,8.188747,-0.29525447,-0.03320041,0.11244676,79.08718,0.0125,8.893097,-0.29525447,1.0,0.0,0.0,0.11250879,844.84424,142.28955,702.5547,844.84424,8.893097,17901.805,0.8270581,275.686,8.893097,8.893097,8.893097,0.0,8.893097,8.893097,8.893097,8.893097,8.893097,0.0,0.0,0.0,8.893097,0.0,8.893097,0.0,0.0,8.893097,0.0,8.893097,0.0,0.0,8.893097,0.0,0.0,1.0,8.893097,4.564348,2.8332133,4.564348,0.6931472,7.607878,0.08892621,3.465736,40.591194,25.196041,40.591194,6.164225,67.6576,0.7908294,30.821127,4.3820267,0.0
Boshcini et.al.,39,62,GDP growth 1975-2005,0,1,0,The resource rents as the measure of natural resources,0.0,1,0,0,-6.075,4.365,5.12,6.281,0.532,16,97,97,1,ICRG,1,1,1,1,0,1,1,0.0,1,-3.35116,0,0,0,1,0,2013,31,13,cross-sectional,IV,1,1,0.093,,80,81.0,-3.35116,5.4971623,-0.60961634,-0.0675803,0.1108571,81.37162,0.0125,9.020622,-0.60961634,1.0,0.0,0.0,0.11111111,875.00037,144.32996,730.6704,875.00037,9.020622,18158.512,0.83891785,279.63928,9.020622,9.020622,9.020622,0.0,9.020622,9.020622,9.020622,9.020622,9.020622,0.0,0.0,0.0,9.020622,0.0,9.020622,0.0,0.0,9.020622,0.0,9.020622,0.0,0.0,0.0,9.020622,0.0,1.0,9.020622,4.5849676,2.8332133,4.5849676,0.6931472,7.607878,0.08892621,3.465736,41.35926,25.557346,41.35926,6.252619,68.62779,0.80216974,31.263094,4.406719,0.0
Boshcini et.al.,39,63,GDP growth 1985-2005,0,1,0,The resource rents as the measure of natural resources,0.0,1,0,0,-5.968,5.496,6.993,9.864,0.532,16,107,107,1,ICRG,1,1,1,1,0,1,1,0.0,1,-2.2477239999999994,0,0,0,1,0,2013,31,13,cross-sectional,IV,1,1,0.093,,80,91.0,-2.247724,7.5989356,-0.2957946,-0.030992804,0.104778126,91.087494,0.0125,9.543977,-0.2957946,1.0,0.0,0.0,0.104828484,1021.2055,152.70363,868.5019,1021.2055,9.543977,19212.025,0.8875898,295.86328,9.543977,9.543977,9.543977,0.0,9.543977,9.543977,9.543977,9.543977,9.543977,0.0,0.0,0.0,9.543977,0.0,9.543977,0.0,0.0,9.543977,0.0,9.543977,0.0,0.0,0.0,9.543977,0.0,1.0,9.543977,4.6821313,2.8332133,4.6821313,0.6931472,7.607878,0.08892621,3.465736,44.686153,27.040123,44.686153,6.615381,72.60941,0.8487097,33.076904,4.5217886,0.0
Boshcini et.al.,39,64,GDP growth 1970-2005,0,1,0,The resource rents as the measure of natural resources,0.0,1,0,0,-0.458,4.001,2.817,7.053,0.532,16,596,95,7,ICRG,1,1,1,1,0,1,1,0.0,1,1.0406440000000001,0,0,1,0,0,2013,31,13,panel,IV,1,1,0.093,,80,580.0,1.0406439,5.4851594,0.1897199,0.007877446,0.041521452,580.03595,0.0125,24.083937,0.1897199,0.0,1.0,0.0,0.04152274,14354.025,385.343,13968.683,2287.9739,168.58755,48480.965,2.239806,746.602,24.083937,24.083937,24.083937,0.0,24.083937,24.083937,24.083937,24.083937,24.083937,0.0,0.0,0.0,24.083937,0.0,0.0,24.083937,0.0,24.083937,0.0,24.083937,0.0,0.0,24.083937,0.0,0.0,1.0,24.083937,6.391917,2.8332133,4.564348,2.0794415,7.607878,0.08892621,3.465736,153.94252,68.23493,109.92747,50.08114,183.22765,2.141693,83.46856,6.364751,0.0
Boshcini et.al.,39,65,GDP growth 1970-2005,0,1,0,The resource rents as the measure of natural resources,0.0,1,0,0,-2.272,4.706,4.046,8.222,0.532,16,2439,95,35,ICRG,1,1,1,1,0,1,1,0.0,1,-0.11952799999999941,0,0,1,0,0,2013,31,13,panel,IV,1,1,0.093,,80,2423.0,-0.119527996,6.424891,-0.018603895,-0.0003779437,0.0203153,2423.0005,0.0125,49.223984,-0.018603895,0.0,1.0,0.0,0.020315303,120057.29,787.58374,119269.71,4676.2783,1722.8394,99087.875,4.5778303,1525.9435,49.223984,49.223984,49.223984,0.0,49.223984,49.223984,49.223984,49.223984,49.223984,0.0,0.0,0.0,49.223984,0.0,0.0,49.223984,0.0,49.223984,0.0,49.223984,0.0,0.0,49.223984,0.0,0.0,1.0,49.223984,7.799753,2.8332133,4.564348,3.583519,7.607878,0.08892621,3.465736,383.9349,139.46204,224.6754,176.39508,374.49005,4.377302,170.59732,7.7931743,0.0
Boshcini et.al.,39,66,GDP growth 1970-2005,0,1,0,The resource rents as the measure of natural resources,0.0,1,0,0,0.03,2.459,-13.604,6.843,0.502,16,97,97,1,Polity,1,1,1,1,0,1,1,0.0,1,-6.799207999999999,0,0,1,0,0,2013,31,13,cross-sectional,IV,1,1,0.093,,80,81.0,-6.799208,4.2245927,-1.6094352,-0.17603362,0.10937602,83.59028,0.0125,9.142772,-1.6094352,1.0,0.0,0.0,0.11111111,886.8489,146.28435,740.5645,886.8489,9.142772,18404.4,0.8502778,283.42593,9.142772,9.142772,9.142772,0.0,9.142772,9.142772,9.142772,9.142772,9.142772,0.0,0.0,0.0,9.142772,0.0,9.142772,0.0,0.0,9.142772,0.0,9.142772,0.0,0.0,9.142772,0.0,0.0,1.0,9.142772,4.5849676,2.8332133,4.5849676,0.6931472,7.607878,0.08892621,3.465736,41.91931,25.903423,41.91931,6.3372865,69.55709,0.81303203,31.686432,4.406719,0.0
Boshcini et.al.,39,67,GDP growth 1975-2005,0,1,0,The resource rents as the measure of natural resources,0.0,1,0,0,-1.811,2.418,-3.857,5.292,0.502,16,100,100,1,Polity,1,1,1,1,0,1,1,0.0,1,-3.747214,0,0,0,1,0,2013,31,13,cross-sectional,IV,1,1,0.093,,80,84.0,-3.747214,3.5922365,-1.0431423,-0.11308605,0.10840903,85.08815,0.0125,9.224323,-1.0431423,1.0,0.0,0.0,0.10910895,922.4324,147.58917,774.8432,922.4324,9.224323,18568.564,0.8578621,285.95404,9.224323,9.224323,9.224323,0.0,9.224323,9.224323,9.224323,9.224323,9.224323,0.0,0.0,0.0,9.224323,0.0,9.224323,0.0,0.0,9.224323,0.0,9.224323,0.0,0.0,0.0,9.224323,0.0,1.0,9.224323,4.6151204,2.8332133,4.6151204,0.6931472,7.607878,0.08892621,3.465736,42.571365,26.134478,42.571365,6.393814,70.17753,0.8202841,31.96907,4.4426513,0.0
Boshcini et.al.,39,68,GDP growth 1985-2005,0,1,0,The resource rents as the measure of natural resources,0.0,1,0,0,0.499,2.657,-6.946,4.231,0.502,16,116,116,1,Polity,1,1,1,1,0,1,1,0.0,1,-2.9878919999999995,0,0,0,1,0,2013,31,13,cross-sectional,IV,1,1,0.093,,80,100.0,-2.9878922,3.4015973,-0.87837917,-0.08750101,0.099616446,100.771545,0.0125,10.038503,-0.87837917,1.0,0.0,0.0,0.1,1164.4663,160.61604,1003.85034,1164.4663,10.038503,20207.506,0.9335808,311.1936,10.038503,10.038503,10.038503,0.0,10.038503,10.038503,10.038503,10.038503,10.038503,0.0,0.0,0.0,10.038503,0.0,10.038503,0.0,0.0,10.038503,0.0,10.038503,0.0,0.0,0.0,10.038503,0.0,1.0,10.038503,4.762174,2.8332133,4.762174,0.6931472,7.607878,0.08892621,3.465736,47.8051,28.441221,47.8051,6.95816,76.37171,0.89268607,34.790802,4.6151204,0.0
Boshcini et.al.,39,69,GDP growth 1970-2005,0,1,0,The resource rents as the measure of natural resources,0.0,1,0,0,1.805,1.191,-6.699,3.13,0.502,16,686,91,7,Polity,1,1,1,1,0,1,1,0.0,1,-1.557898,0,0,1,0,0,2013,31,13,panel,IV,1,1,0.093,,80,670.0,-1.5578979,1.9716336,-0.79015595,-0.030512175,0.038615383,670.6243,0.0125,25.896416,-0.79015595,0.0,1.0,0.0,0.03863337,17764.941,414.34265,17350.598,2356.5737,181.2749,52129.484,2.4083667,802.7889,25.896416,25.896416,25.896416,0.0,25.896416,25.896416,25.896416,25.896416,25.896416,0.0,0.0,0.0,25.896416,0.0,0.0,25.896416,0.0,25.896416,0.0,25.896416,0.0,0.0,25.896416,0.0,0.0,1.0,25.896416,6.5323343,2.8332133,4.5217886,2.0794415,7.607878,0.08892621,3.465736,169.16405,73.37007,117.098114,53.850082,197.01677,2.30287,89.75014,6.508769,0.0
Boshcini et.al.,39,70,GDP growth 1970-2005,0,1,0,The resource rents as the measure of natural resources,0.0,1,0,0,-0.582,1.51,-0.159,2.833,0.502,16,4204,91,35,Polity,1,1,1,1,0,1,1,0.0,1,-0.661818,0,0,1,0,0,2013,31,13,panel,IV,1,1,0.093,,80,4188.0,-0.66181797,2.0742846,-0.31905842,-0.0049301665,0.015452238,4188.102,0.0125,64.715546,-0.31905842,0.0,1.0,0.0,0.015452426,272064.16,1035.4487,271028.72,5889.1147,2265.0442,130272.39,6.0185456,2006.1819,64.715546,64.715546,64.715546,0.0,64.715546,64.715546,64.715546,64.715546,64.715546,0.0,0.0,0.0,64.715546,0.0,0.0,64.715546,0.0,64.715546,0.0,64.715546,0.0,0.0,64.715546,0.0,0.0,1.0,64.715546,8.344029,2.8332133,4.5217886,3.583519,7.607878,0.08892621,3.465736,539.9884,183.35295,292.63,231.9094,492.348,5.754908,224.28699,8.340218,0.0
Boshcini et.al.,39,71,GDP growth 1970-2005,0,1,0,The resource rents as the measure of natural resources,0.0,1,0,0,-24.13,3.142,41.06,6.55,0.532,17,78,78,1,ICRG,1,1,1,1,0,1,1,0.0,1,-2.2860799999999983,0,0,1,0,0,2013,31,13,cross-sectional,IV,1,1,0.093,,80,61.0,-2.2860792,4.691972,-0.4872321,-0.06226264,0.12778847,61.23739,0.0125,7.8254323,-0.4872321,1.0,0.0,0.0,0.12803689,610.3837,133.03235,477.35135,610.3837,7.8254323,15752.595,0.7277652,242.5884,7.8254323,7.8254323,7.8254323,0.0,7.8254323,7.8254323,7.8254323,7.8254323,7.8254323,0.0,0.0,0.0,7.8254323,0.0,7.8254323,0.0,0.0,7.8254323,0.0,7.8254323,0.0,0.0,7.8254323,0.0,0.0,1.0,7.8254323,4.3694477,2.8903718,4.3694477,0.6931472,7.607878,0.08892621,3.465736,34.192818,22.618408,34.192818,5.424176,59.534935,0.695886,27.120882,4.1271343,0.0
Boshcini et.al.,39,72,GDP growth 1975-2005,0,1,0,The resource rents as the measure of natural resources,0.0,1,0,0,-18.36,4.783,32.402,10.543,0.532,17,76,76,1,ICRG,1,1,1,1,0,1,1,0.0,1,-1.1221359999999976,0,0,0,1,0,2013,31,13,cross-sectional,IV,1,1,0.093,,80,59.0,-1.1221358,7.371335,-0.15222965,-0.019814722,0.13016336,59.02317,0.0125,7.682654,-0.15222965,1.0,0.0,0.0,0.13018891,583.8817,130.60512,453.27658,583.8817,7.682654,15465.182,0.7144868,238.16226,7.682654,7.682654,7.682654,0.0,7.682654,7.682654,7.682654,7.682654,7.682654,0.0,0.0,0.0,7.682654,0.0,7.682654,0.0,0.0,7.682654,0.0,7.682654,0.0,0.0,0.0,7.682654,0.0,1.0,7.682654,4.3438053,2.8903718,4.3438053,0.6931472,7.607878,0.08892621,3.465736,33.371952,22.205727,33.371952,5.3252096,58.448692,0.6831893,26.626049,4.0943446,0.0
Boshcini et.al.,39,73,GDP growth 1985-2005,0,1,0,The resource rents as the measure of natural resources,0.0,1,0,0,-22.912,8.243,44.641,16.368,0.532,17,75,75,1,ICRG,1,1,1,1,0,1,1,0.0,1,0.8370120000000014,0,0,0,1,0,2013,31,13,cross-sectional,IV,1,1,0.093,,80,58.0,0.8370114,11.990514,0.069806136,0.009165609,0.13130091,58.00488,0.0125,7.616093,0.069806136,1.0,0.0,0.0,0.13130644,571.20703,129.47359,441.73343,571.20703,7.616093,15331.196,0.70829666,236.09889,7.616093,7.616093,7.616093,0.0,7.616093,7.616093,7.616093,7.616093,7.616093,0.0,0.0,0.0,7.616093,0.0,7.616093,0.0,0.0,7.616093,0.0,7.616093,0.0,0.0,0.0,7.616093,0.0,1.0,7.616093,4.3307333,2.8903718,4.3307333,0.6931472,7.607878,0.08892621,3.465736,32.98327,22.013342,32.98327,5.2790737,57.94231,0.67727035,26.395369,4.0775375,0.0
Boshcini et.al.,39,74,GDP growth 1970-2005,0,1,0,The resource rents as the measure of natural resources,0.0,1,0,0,-8.074,3.978,12.02,7.257,0.532,17,456,78,7,ICRG,1,1,1,1,0,1,1,0.0,1,-1.67936,0,0,1,0,0,2013,31,13,panel,IV,1,1,0.093,,80,439.0,-1.6793598,5.543435,-0.3029457,-0.014457298,0.047722407,439.0918,0.0125,20.954517,-0.3029457,0.0,1.0,0.0,0.047727395,9555.26,356.2268,9199.033,1634.4524,146.68163,42181.445,1.9487702,649.59,20.954517,20.954517,20.954517,0.0,20.954517,20.954517,20.954517,20.954517,20.954517,0.0,0.0,0.0,20.954517,0.0,0.0,20.954517,0.0,20.954517,0.0,20.954517,0.0,0.0,20.954517,0.0,0.0,1.0,20.954517,6.1246834,2.8903718,4.3694477,2.0794415,7.607878,0.08892621,3.465736,128.33978,60.566345,91.55967,43.573692,159.41942,1.8634058,72.622826,6.086775,0.0
Boshcini et.al.,39,75,GDP growth 1970-2005,0,1,0,The resource rents as the measure of natural resources,0.0,1,0,0,-8.292,2.503,14.85,4.699,0.532,17,1743,78,35,ICRG,1,1,1,1,0,1,1,0.0,1,-0.3917999999999999,0,0,1,0,0,2013,31,13,panel,IV,1,1,0.093,,80,1726.0,-0.3917998,3.5375626,-0.11075417,-0.002665865,0.02407011,1726.0121,0.0125,41.545303,-0.11075417,0.0,1.0,0.0,0.024070194,72413.46,706.27014,71707.195,3240.5334,1454.0856,83630.695,3.863713,1287.9044,41.545303,41.545303,41.545303,0.0,41.545303,41.545303,41.545303,41.545303,41.545303,0.0,0.0,0.0,41.545303,0.0,0.0,41.545303,0.0,41.545303,0.0,41.545303,0.0,0.0,41.545303,0.0,0.0,1.0,41.545303,7.463937,2.8903718,4.3694477,3.583519,7.607878,0.08892621,3.465736,310.09152,120.08137,181.53003,148.87837,316.0716,3.6944664,143.98505,7.454141,0.0
Boshcini et.al.,39,76,GDP growth 1970-2005,0,1,0,The resource rents as the measure of natural resources,0.0,1,0,0,-0.251,1.638,-17.503,5.962,0.502,17,73,73,1,Polity,1,1,1,1,0,1,1,0.0,1,-9.037505999999999,0,0,1,0,0,2013,31,13,cross-sectional,IV,1,1,0.093,,80,56.0,-9.037506,3.4118378,-2.6488674,-0.33368224,0.12597166,63.016502,0.0125,7.9382935,-2.6488674,1.0,0.0,0.0,0.13363062,579.4954,134.95099,444.54443,579.4954,7.9382935,15979.784,0.7382613,246.0871,7.9382935,7.9382935,7.9382935,0.0,7.9382935,7.9382935,7.9382935,7.9382935,7.9382935,0.0,0.0,0.0,7.9382935,0.0,7.9382935,0.0,0.0,7.9382935,0.0,7.9382935,0.0,0.0,7.9382935,0.0,0.0,1.0,7.9382935,4.304065,2.8903718,4.304065,0.6931472,7.607878,0.08892621,3.465736,34.16693,22.94462,34.16693,5.5024056,60.39357,0.70592237,27.512028,4.0430512,0.0
Boshcini et.al.,39,77,GDP growth 1975-2005,0,1,0,The resource rents as the measure of natural resources,0.0,1,0,0,-2.42,1.063,3.843,8.062,0.502,17,72,72,1,Polity,1,1,1,1,0,1,1,0.0,1,-0.49081399999999986,0,0,0,1,0,2013,31,13,cross-sectional,IV,1,1,0.093,,80,55.0,-0.49081403,4.184397,-0.117296234,-0.015814243,0.13482311,55.013756,0.0125,7.4171257,-0.117296234,1.0,0.0,0.0,0.13483997,534.0331,126.09114,407.94193,534.0331,7.4171257,14930.674,0.6897927,229.93091,7.4171257,7.4171257,7.4171257,0.0,7.4171257,7.4171257,7.4171257,7.4171257,7.4171257,0.0,0.0,0.0,7.4171257,0.0,7.4171257,0.0,0.0,7.4171257,0.0,7.4171257,0.0,0.0,0.0,7.4171257,0.0,1.0,7.4171257,4.2904596,2.8903718,4.2904596,0.6931472,7.607878,0.08892621,3.465736,31.82288,21.438251,31.82288,5.14116,56.42859,0.6595769,25.7058,4.0253515,0.0
Boshcini et.al.,39,78,GDP growth 1985-2005,0,1,0,The resource rents as the measure of natural resources,0.0,1,0,0,-2.775,1.879,0.422,2.777,0.502,17,75,75,1,Polity,1,1,1,1,0,1,1,0.0,1,-2.5631559999999998,0,0,0,1,0,2013,31,13,cross-sectional,IV,1,1,0.093,,80,58.0,-2.563156,2.339664,-1.0955231,-0.14238364,0.12996863,59.200165,0.0125,7.6941643,-1.0955231,1.0,0.0,0.0,0.13130644,577.0623,130.8008,446.26154,577.0623,7.6941643,15488.354,0.7155573,238.5191,7.6941643,7.6941643,7.6941643,0.0,7.6941643,7.6941643,7.6941643,7.6941643,7.6941643,0.0,0.0,0.0,7.6941643,0.0,7.6941643,0.0,0.0,7.6941643,0.0,7.6941643,0.0,0.0,0.0,7.6941643,0.0,1.0,7.6941643,4.3307333,2.8903718,4.3307333,0.6931472,7.607878,0.08892621,3.465736,33.321373,22.238997,33.321373,5.3331885,58.536266,0.68421286,26.665941,4.0775375,0.0
Boshcini et.al.,39,79,GDP growth 1970-2005,0,1,0,The resource rents as the measure of natural resources,0.0,1,0,0,-1.374,1.075,-1.393,2.008,0.502,17,457,73,7,Polity,1,1,1,1,0,1,1,0.0,1,-2.073286,0,0,1,0,0,2013,31,13,panel,IV,1,1,0.093,,80,440.0,-2.073286,1.4736761,-1.4068804,-0.06692004,0.04756626,441.97934,0.0125,21.023304,-1.4068804,0.0,1.0,0.0,0.04767313,9607.65,357.39618,9250.254,1534.7013,147.16313,42319.914,1.9551673,651.7225,21.023304,21.023304,21.023304,0.0,21.023304,21.023304,21.023304,21.023304,21.023304,0.0,0.0,0.0,21.023304,0.0,0.0,21.023304,0.0,21.023304,0.0,21.023304,0.0,0.0,21.023304,0.0,0.0,1.0,21.023304,6.126869,2.8903718,4.304065,2.0794415,7.607878,0.08892621,3.465736,128.80704,60.765167,90.48567,43.716732,159.94275,1.8695228,72.86122,6.089045,0.0
Boshcini et.al.,39,80,GDP growth 1970-2005,0,1,0,The resource rents as the measure of natural resources,0.0,1,0,0,-0.861,0.957,0.625,1.623,0.502,17,2819,73,35,Polity,1,1,1,1,0,1,1,0.0,1,-0.54725,0,0,1,0,0,2013,31,13,panel,IV,1,1,0.093,,80,2802.0,-0.54725,1.2568452,-0.43541557,-0.008225366,0.01889084,2802.1895,0.0125,52.93571,-0.43541557,0.0,1.0,0.0,0.018891478,149225.77,899.9071,148325.86,3864.307,1852.7499,106559.586,4.9230213,1641.0071,52.93571,52.93571,52.93571,0.0,52.93571,52.93571,52.93571,52.93571,52.93571,0.0,0.0,0.0,52.93571,0.0,0.0,52.93571,0.0,52.93571,0.0,52.93571,0.0,0.0,52.93571,0.0,0.0,1.0,52.93571,7.9444923,2.8903718,4.304065,3.583519,7.607878,0.08892621,3.465736,420.54736,153.00389,227.83876,189.69612,402.72845,4.707372,183.4612,7.9384456,0.0
van der Ploeg and Poelhekke,40,1,GDP per capita growth 70-00,1,1,0,GDP share of total yearly mineral exports 70-89,0.0,0,1,0,0.998,0.916,0.0,0.0,0.0,8,82,82,1,Rule 84 and 96,1,0,1,1,0,1,1,0.0,1,0.998,0,0,1,0,0,2011,141,46,cross-sectional,IV,0,1,0.093,"Van der Ploeg, F., and Poelhekke, S. The pungent smell of ""red herrings"": Subsoil assets, rents, volatility and the resource curse. Journal of Environmental Economics and Management, 2010, 60(1), p. 44-55.",8,74.0,0.998,0.916,1.0895196,0.1256503,0.11532633,75.18705,0.125,8.671047,1.0895196,1.0,0.0,0.0,0.11624764,711.0258,69.36838,641.6575,711.0258,8.671047,17437.475,0.80640733,1222.6176,0.0,8.671047,0.0,0.0,8.671047,8.671047,8.671047,8.671047,0.0,8.671047,0.0,8.671047,8.671047,0.0,8.671047,0.0,0.0,8.671047,0.0,8.671047,0.0,0.0,8.671047,0.0,0.0,1.0,8.671047,4.4188404,2.1972246,4.4188404,0.6931472,7.6068845,0.08892621,4.955827,38.31597,19.052237,38.31597,6.0103116,65.95965,0.77108335,42.97221,4.317488,0.0
van der Ploeg and Poelhekke,40,2,GDP per capita growth 70-01,1,1,0,GDP share of total yearly mineral exports 70-89,0.0,0,1,0,1.4,0.947,0.0,0.0,0.0,10,61,61,1,Rule 84 and 96,1,0,1,1,0,1,1,0.0,1,1.4,0,0,1,0,0,2011,141,46,cross-sectional,IV,0,1,0.093,,8,51.0,1.4,0.947,1.4783527,0.20271286,0.13712077,53.185535,0.125,7.2928414,1.4783527,1.0,0.0,0.0,0.14002801,444.8633,72.92841,371.9349,444.8633,7.2928414,14665.904,0.6782342,1028.2906,0.0,7.2928414,0.0,0.0,7.2928414,7.2928414,7.2928414,7.2928414,0.0,7.2928414,0.0,7.2928414,7.2928414,0.0,7.2928414,0.0,0.0,7.2928414,0.0,7.2928414,0.0,0.0,7.2928414,0.0,0.0,1.0,7.2928414,4.1271343,2.3978953,4.1271343,0.6931472,7.6068845,0.08892621,4.955827,30.098536,17.48747,30.098536,5.055012,55.4758,0.64852476,36.142063,3.9512436,0.0
van der Ploeg and Poelhekke,40,3,GDP per capita growth 70-02,1,1,0,GDP share of total yearly mineral exports 70-89,0.0,0,1,0,-0.933,1.115,0.0,0.0,0.0,10,66,66,1,Rule 84 and 96,1,0,1,1,0,1,1,0.0,1,-0.933,0,0,1,0,0,2011,141,46,cross-sectional,IV,0,1,0.093,,8,56.0,-0.933,1.115,-0.8367713,-0.11112571,0.13280296,56.700184,0.125,7.5299525,-0.8367713,1.0,0.0,0.0,0.13363062,496.97687,75.29952,421.67734,496.97687,7.5299525,15142.734,0.70028555,1061.7233,0.0,7.5299525,0.0,0.0,7.5299525,7.5299525,7.5299525,7.5299525,0.0,7.5299525,0.0,7.5299525,7.5299525,0.0,7.5299525,0.0,0.0,7.5299525,0.0,7.5299525,0.0,0.0,7.5299525,0.0,0.0,1.0,7.5299525,4.204693,2.3978953,4.204693,0.6931472,7.6068845,0.08892621,4.955827,31.661137,18.056038,31.661137,5.219365,57.27948,0.66961014,37.317142,4.0430512,0.0
van der Ploeg and Poelhekke,40,4,GDP per capita growth 70-03,1,1,0,GDP share of total yearly mineral exports 70-89,0.0,0,1,0,-0.008,0.035,0.0,0.0,0.0,10,50,50,1,Rule 84 and 96,1,0,1,1,0,1,1,0.0,1,-0.008,0,0,1,0,0,2011,141,46,cross-sectional,IV,0,1,0.093,,8,40.0,-0.008,0.035,-0.22857144,-0.03611674,0.15801074,40.05224,0.125,6.328684,-0.22857144,1.0,0.0,0.0,0.15811388,316.4342,63.28684,253.14735,316.4342,6.328684,12726.983,0.5885676,892.3444,0.0,6.328684,0.0,0.0,6.328684,6.328684,6.328684,6.328684,0.0,6.328684,0.0,6.328684,6.328684,0.0,6.328684,0.0,0.0,6.328684,0.0,6.328684,0.0,0.0,6.328684,0.0,0.0,1.0,6.328684,3.9318256,2.3978953,3.9318256,0.6931472,7.6068845,0.08892621,4.955827,24.883282,15.175522,24.883282,4.386709,48.141567,0.56278586,31.363865,3.713572,0.0
van der Ploeg and Poelhekke,40,5,GDP per capita growth 70-04,1,1,0,GDP share of total yearly mineral exports 70-89,0.0,0,1,0,0.123,0.037,0.0,0.0,0.0,11,60,60,1,Rule 84 and 96,1,0,1,1,0,1,1,0.0,1,0.123,0,0,1,0,0,2011,141,46,cross-sectional,IV,0,1,0.093,,8,49.0,0.123,0.037,3.3243244,0.4289857,0.12904447,60.05113,0.125,7.7492666,3.3243244,1.0,0.0,0.0,0.14285715,464.956,85.24193,379.71405,464.956,7.7492666,15583.774,0.7206818,1092.6466,0.0,7.7492666,0.0,0.0,7.7492666,7.7492666,7.7492666,7.7492666,0.0,7.7492666,0.0,7.7492666,7.7492666,0.0,7.7492666,0.0,0.0,7.7492666,0.0,7.7492666,0.0,0.0,7.7492666,0.0,0.0,1.0,7.7492666,4.1108737,2.4849067,4.1108737,0.6931472,7.6068845,0.08892621,4.955827,31.856255,19.256205,31.856255,5.371382,58.947773,0.6891129,38.404026,3.912023,0.0
van der Ploeg and Poelhekke,40,6,GDP per capita growth 70-05,1,1,0,GDP share of total yearly mineral exports 70-89,0.0,0,1,0,0.057,0.043,0.0,0.0,0.0,11,68,68,1,Rule 84 and 96,1,0,1,1,0,1,1,0.0,1,0.057,0,0,1,0,0,2011,141,46,cross-sectional,IV,0,1,0.093,,8,57.0,0.057,0.043,1.3255813,0.17293224,0.13045765,58.757168,0.125,7.6653223,1.3255813,1.0,0.0,0.0,0.13245323,521.24194,84.31855,436.92337,521.24194,7.6653223,15414.964,0.712875,1080.8104,0.0,7.6653223,0.0,0.0,7.6653223,7.6653223,7.6653223,7.6653223,0.0,7.6653223,0.0,7.6653223,7.6653223,0.0,7.6653223,0.0,0.0,7.6653223,0.0,7.6653223,0.0,0.0,7.6653223,0.0,0.0,1.0,7.6653223,4.2341065,2.4849067,4.2341065,0.6931472,7.6068845,0.08892621,4.955827,32.45579,19.047611,32.45579,5.3131967,58.309223,0.6816481,37.988014,4.060443,0.0
van der Ploeg and Poelhekke,40,7,GDP per capita growth 70-06,1,1,0,GDP share of total yearly mineral exports 70-89,0.0,0,1,0,2.664,0.908,0.0,0.0,0.0,11,60,60,1,Rule 84 and 96,1,0,1,1,0,1,1,0.0,1,2.664,0,0,1,0,0,2011,141,46,cross-sectional,IV,0,1,0.093,,8,49.0,2.664,0.908,2.9339209,0.38655153,0.13175254,57.6079,0.125,7.589987,2.9339209,1.0,0.0,0.0,0.14285715,455.3992,83.48985,371.90936,455.3992,7.589987,15263.463,0.7058688,1070.1881,0.0,7.589987,0.0,0.0,7.589987,7.589987,7.589987,7.589987,0.0,7.589987,0.0,7.589987,7.589987,0.0,7.589987,0.0,0.0,7.589987,0.0,7.589987,0.0,0.0,7.589987,0.0,0.0,1.0,7.589987,4.1108737,2.4849067,4.1108737,0.6931472,7.6068845,0.08892621,4.955827,31.201477,18.860409,31.201477,5.2609777,57.736153,0.67494875,37.614662,3.912023,0.0
Rawashdeh and Maxwell,41,1,Real GDP per capita growth 71-2011,1,1,0,Mineral exports/GDP,0.0,0,1,0,0.32,0.168,0.0,0.0,0.0,7,40,1,40,,0,0,0,0,0,0,1,1.0,0,0.32,0,0,0,0,1,2013,1,0,time-series,OLS,0,0,0.009,"Al Rawashdeh, R. and Maxwell, P. Jordan, minerals extraction and the resource curse. Resources Policy, 2013, vol. 38, no 2, p. 103-112",1,33.0,0.32,0.168,1.9047619,0.31472656,0.16523145,36.628113,1.0,6.0521164,1.9047619,0.0,0.0,0.0,0.17407766,242.08466,42.364815,199.71985,6.0521164,242.08466,12182.91,0.05446905,6.0521164,0.0,0.0,0.0,0.0,0.0,6.0521164,0.0,0.0,0.0,6.0521164,0.0,6.0521164,6.0521164,0.0,0.0,0.0,0.0,0.0,6.0521164,0.0,0.0,0.0,0.0,0.0,6.0521164,,,3.713572,2.0794415,0.6931472,3.713572,7.607878,0.008959741,0.6931472,22.47497,12.585023,4.1950073,22.47497,46.043766,0.0542254,4.1950073,3.5263605,0.0
Norrbin et. al. ,42,1,GDP growth 19701989,0,1,1,Share of primary exports in GDP 1970-2000,0.0,1,0,0,-4.936,1.353,0.0,0.0,0.0,4,94,94,1,,0,0,0,0,0,1,1,1.0,0,-4.936,0,0,1,0,0,2008,8,2,cross-sectional,OLS,1,1,0.035,"Norrbin, S. C., Pipatchaipoom, O. and Bors L. How robust is the natural resource curse?. International Economic Journal, 2008, vol. 22, no 2, p. 187-200",24,90.0,-4.936,1.353,-3.648189,-0.35892826,0.09838533,103.30928,0.041666668,10.164117,-3.648189,1.0,0.0,0.0,0.10540926,955.427,40.656467,914.77057,955.427,10.164117,20409.547,0.3557441,81.312935,10.164117,0.0,0.0,0.0,10.164117,10.164117,0.0,0.0,10.164117,0.0,0.0,0.0,10.164117,10.164117,10.164117,0.0,0.0,0.0,10.164117,10.164117,0.0,0.0,10.164117,0.0,0.0,,,4.553877,1.609438,4.553877,0.6931472,7.6053925,0.034401428,2.1972246,46.28614,16.358517,46.28614,7.0452294,77.3021,0.34966016,22.33285,4.5108595,0.0
Norrbin et. al. ,42,2,GDP growth 1970-2000,0,1,0,Share of primary exports in GDP 1970-2000,0.0,1,0,0,-4.079,1.799,0.0,0.0,0.0,4,84,84,1,0,0,0,0,0,0,1,1,1.0,0,-4.079,0,0,1,0,0,2008,8,2,cross-sectional,OLS,1,1,0.035,,24,80.0,-4.079,1.799,-2.2673707,-0.2457272,0.10837539,85.140976,0.041666668,9.227187,-2.2673707,1.0,0.0,0.0,0.1118034,775.0837,36.90875,738.1749,775.0837,9.227187,18528.191,0.32295153,73.8175,9.227187,0.0,0.0,0.0,9.227187,9.227187,0.0,0.0,9.227187,0.0,0.0,0.0,9.227187,0.0,9.227187,0.0,0.0,0.0,9.227187,9.227187,0.0,0.0,9.227187,0.0,0.0,,,4.4426513,1.609438,4.4426513,0.6931472,7.6053925,0.034401428,2.1972246,40.99317,14.850585,40.99317,6.3957987,70.17638,0.3174284,20.274202,4.394449,0.0
Norrbin et. al. ,42,3,GDP growth 1970-2000,0,1,0,Share of primary exports in GDP 1970-2000,0.0,1,0,0,-2.685,1.827,0.0,0.0,0.0,4,81,81,1,0,0,0,0,0,0,1,1,1.0,0,-2.685,0,0,1,0,0,2008,8,2,cross-sectional,OLS,1,1,0.035,,24,77.0,-2.685,1.827,-1.4696223,-0.16517846,0.11239518,79.15978,0.041666668,8.897179,-1.4696223,1.0,0.0,0.0,0.11396058,720.67145,35.588715,685.08276,720.67145,8.897179,17865.535,0.31140125,71.17743,8.897179,0.0,0.0,0.0,8.897179,8.897179,0.0,0.0,8.897179,0.0,0.0,0.0,8.897179,0.0,8.897179,0.0,0.0,0.0,8.897179,8.897179,0.0,0.0,8.897179,0.0,0.0,,,4.406719,1.609438,4.406719,0.6931472,7.6053925,0.034401428,2.1972246,39.207367,14.319457,39.207367,6.167054,67.666534,0.30607563,19.549099,4.356709,0.0
Norrbin et. al. ,42,4,GDP growth 1970-2000,0,1,0,Share of primary exports in GDP 1970-2000,0.0,1,0,0,-4.818,2.439,0.0,0.0,0.0,4,81,81,1,0,0,0,0,0,0,1,1,1.0,0,-4.818,0,0,1,0,0,2008,8,2,cross-sectional,OLS,1,1,0.035,,24,77.0,-4.818,2.439,-1.9753997,-0.21962148,0.11117825,80.9022,0.041666668,8.994565,-1.9753997,1.0,0.0,0.0,0.11396058,728.55975,35.97826,692.58154,728.55975,8.994565,18061.086,0.31480977,71.95652,8.994565,0.0,0.0,0.0,8.994565,8.994565,0.0,0.0,8.994565,0.0,0.0,0.0,8.994565,0.0,8.994565,0.0,0.0,0.0,8.994565,8.994565,0.0,0.0,8.994565,0.0,0.0,,,4.406719,1.609438,4.406719,0.6931472,7.6053925,0.034401428,2.1972246,39.636524,14.476194,39.636524,6.2345576,68.407196,0.3094259,19.76308,4.356709,0.0
Norrbin et. al. ,42,5,GDP growth 1970-2000,0,1,0,Share of primary exports in GDP 1970-2000,0.0,1,0,0,-3.396,1.329,0.0,0.0,0.0,6,271,94,3,0,0,0,0,0,0,1,1,1.0,0,-3.396,0,0,1,0,0,2008,8,2,panel,OLS,1,1,0.035,,24,265.0,-3.396,1.329,-2.5553048,-0.15507227,0.06068641,271.52957,0.041666668,16.478153,-2.5553048,0.0,1.0,0.0,0.06142951,4465.5796,98.86893,4366.711,1548.9465,49.434464,33088.133,0.5767354,131.82523,16.478153,0.0,0.0,0.0,16.478153,16.478153,0.0,0.0,16.478153,0.0,0.0,0.0,16.478153,0.0,0.0,16.478153,0.0,0.0,16.478153,16.478153,0.0,0.0,16.478153,0.0,0.0,,,5.605802,1.9459101,4.553877,1.3862944,7.6053925,0.034401428,2.1972246,92.37327,32.065006,75.03948,22.843573,125.32283,0.566872,36.206207,5.583496,0.0
Norrbin et. al. ,42,6,GDP growth 1970-2000,0,1,0,Share of primary exports in GDP 1970-2000,0.0,1,0,0,-2.446,1.215,0.0,0.0,0.0,6,262,84,3,0,0,0,0,0,0,1,1,1.0,0,-2.446,0,0,1,0,0,2008,8,2,panel,OLS,1,1,0.035,,24,256.0,-2.446,1.215,-2.0131688,-0.12483874,0.062011063,260.05286,0.041666668,16.126154,-2.0131688,0.0,1.0,0.0,0.0625,4225.0527,96.75693,4128.2954,1354.597,48.378464,32381.318,0.5644154,129.00923,16.126154,0.0,0.0,0.0,16.126154,16.126154,0.0,0.0,16.126154,0.0,0.0,0.0,16.126154,0.0,0.0,16.126154,0.0,0.0,16.126154,16.126154,0.0,0.0,16.126154,0.0,0.0,,,5.572154,1.9459101,4.4426513,1.3862944,7.6053925,0.034401428,2.1972246,89.85742,31.380047,71.64288,22.355597,122.64574,0.5547628,35.432785,5.549076,0.0
Norrbin et. al. ,42,7,GDP growth 1970-2000,0,1,0,Share of primary exports in GDP 1970-2000,0.0,1,0,0,-5.547,1.901,0.0,0.0,0.0,6,256,81,3,0,0,0,0,0,0,1,1,1.0,0,-5.547,0,0,1,0,0,2008,8,2,panel,OLS,1,1,0.035,,24,250.0,-5.547,1.901,-2.9179378,-0.18148205,0.062195312,258.51437,0.041666668,16.078382,-2.9179378,0.0,1.0,0.0,0.06324555,4116.066,96.47029,4019.5955,1302.349,48.235146,32285.39,0.56274337,128.62706,16.078382,0.0,0.0,0.0,16.078382,16.078382,0.0,0.0,16.078382,0.0,0.0,0.0,16.078382,0.0,0.0,16.078382,0.0,0.0,16.078382,16.078382,0.0,0.0,16.078382,0.0,0.0,,,5.549076,1.9459101,4.406719,1.3862944,7.6053925,0.034401428,2.1972246,89.22017,31.287086,70.85291,22.289371,122.28241,0.5531193,35.327816,5.525453,0.0
Norrbin et. al. ,42,8,GDP growth 1970-2000,0,1,0,Share of primary exports in GDP 1970-2000,0.0,1,0,0,-2.529,1.211,0.0,0.0,0.0,9,549,94,6,0,0,0,0,0,0,1,1,1.0,0,-2.529,0,0,1,0,0,2008,8,2,panel,OLS,1,1,0.035,,24,540.0,-2.529,1.211,-2.0883567,-0.08950784,0.04286042,544.3612,0.041666668,23.33155,-2.0883567,0.0,1.0,0.0,0.04303315,12809.0205,209.98395,12599.037,2193.1658,139.9893,46849.754,0.81660426,186.6524,23.33155,0.0,0.0,0.0,23.33155,23.33155,0.0,0.0,23.33155,0.0,0.0,0.0,23.33155,0.0,0.0,23.33155,0.0,0.0,23.33155,23.33155,0.0,0.0,23.33155,0.0,0.0,,,6.3099184,2.3025851,4.553877,1.9459101,7.6053925,0.034401428,2.1972246,147.22018,53.72288,106.24901,45.4011,177.44559,0.80263865,51.264656,6.2934194,0.0
Norrbin et. al. ,42,9,GDP growth 1970-2000,0,1,0,Share of primary exports in GDP 1970-2000,0.0,1,0,0,-2.119,1.094,0.0,0.0,0.0,9,514,84,6,0,0,0,0,0,0,1,1,1.0,0,-2.119,0,0,1,0,0,2008,8,2,panel,OLS,1,1,0.035,,24,505.0,-2.119,1.094,-1.9369287,-0.085873805,0.044335034,508.75174,0.041666668,22.555527,-1.9369287,0.0,1.0,0.0,0.044499416,11593.54,202.99973,11390.541,1894.6642,135.33316,45291.496,0.78944343,180.44421,22.555527,0.0,0.0,0.0,22.555527,22.555527,0.0,0.0,22.555527,0.0,0.0,0.0,22.555527,0.0,0.0,22.555527,0.0,0.0,22.555527,22.555527,0.0,0.0,22.555527,0.0,0.0,,,6.244167,2.3025851,4.4426513,1.9459101,7.6053925,0.034401428,2.1972246,140.84047,51.93602,100.20634,43.891026,171.54362,0.7759423,49.559555,6.2265368,0.0
Norrbin et. al. ,42,10,GDP growth 1970-2000,0,1,0,Share of primary exports in GDP 1970-2000,0.0,1,0,0,-4.766,2.029,0.0,0.0,0.0,9,516,81,6,0,0,0,0,0,0,1,1,1.0,0,-4.766,0,0,1,0,0,2008,8,2,panel,OLS,1,1,0.035,,24,507.0,-4.766,2.029,-2.3489401,-0.103757046,0.044171855,512.5175,0.041666668,22.63885,-2.3489401,0.0,1.0,0.0,0.04441156,11681.646,203.74965,11477.897,1833.7468,135.8331,45458.812,0.79235977,181.1108,22.63885,0.0,0.0,0.0,22.63885,22.63885,0.0,0.0,22.63885,0.0,0.0,0.0,22.63885,0.0,0.0,22.63885,0.0,0.0,22.63885,22.63885,0.0,0.0,22.63885,0.0,0.0,,,6.248043,2.3025851,4.406719,1.9459101,7.6053925,0.034401428,2.1972246,141.44852,52.12788,99.763054,44.053165,172.17734,0.7788088,49.742638,6.2304816,0.0
Norrbin et. al. ,42,11,GDP growth 1970-2000,0,1,0,Share of primary exports in GDP 1970-2000,0.0,1,0,0,-3.577,2.454,0.0,0.0,0.0,6,72,72,1,0,0,0,0,0,0,1,1,1.0,0,-3.577,0,0,1,0,0,2008,8,2,cross-sectional,OLS,1,1,0.035,,24,66.0,-3.577,2.454,-1.4576201,-0.1766006,0.12115681,68.12466,0.041666668,8.253766,-1.4576201,1.0,0.0,0.0,0.12309149,594.2712,49.5226,544.7486,594.2712,8.253766,16573.562,0.2888818,66.03013,8.253766,0.0,0.0,0.0,8.253766,8.253766,0.0,0.0,8.253766,0.0,0.0,0.0,8.253766,0.0,8.253766,0.0,0.0,0.0,8.253766,8.253766,0.0,0.0,8.253766,0.0,0.0,,,4.2904596,1.9459101,4.2904596,0.6931472,7.6053925,0.034401428,2.1972246,35.412453,16.061087,35.412453,5.7210746,62.773132,0.28394136,18.135378,4.204693,0.0
Norrbin et. al. ,42,12,GDP growth 1970-2000,0,1,0,Share of primary exports in GDP 1970-2000,0.0,1,0,0,-4.007,1.845,0.0,0.0,0.0,6,84,84,1,0,0,0,0,0,0,1,1,1.0,0,-4.007,0,0,1,0,0,2008,8,2,cross-sectional,OLS,1,1,0.035,,24,78.0,-4.007,1.845,-2.1718156,-0.2387955,0.10995202,82.716774,0.041666668,9.094876,-2.1718156,1.0,0.0,0.0,0.1132277,763.9696,54.56926,709.4003,763.9696,9.094876,18262.512,0.31832066,72.75901,9.094876,0.0,0.0,0.0,9.094876,9.094876,0.0,0.0,9.094876,0.0,0.0,0.0,9.094876,0.0,9.094876,0.0,0.0,0.0,9.094876,9.094876,0.0,0.0,9.094876,0.0,0.0,,,4.4426513,1.9459101,4.4426513,0.6931472,7.6053925,0.034401428,2.1972246,40.405365,17.697811,40.405365,6.304088,69.170105,0.31287673,19.983486,4.3694477,0.0
Norrbin et. al. ,42,13,GDP growth 1970-2000,0,1,0,Share of primary exports in GDP 1970-2000,0.0,1,0,0,-4.007,1.997,0.0,0.0,0.0,10,84,84,1,0,0,0,0,0,0,1,1,1.0,0,-4.007,0,0,1,0,0,2008,8,2,cross-sectional,OLS,1,1,0.035,,24,74.0,-4.007,1.997,-2.0065098,-0.22715452,0.11320878,78.02608,0.041666668,8.833238,-2.0065098,1.0,0.0,0.0,0.11624764,741.99194,88.332375,653.65955,741.99194,8.833238,17737.14,0.3091633,70.6659,8.833238,0.0,0.0,0.0,8.833238,8.833238,0.0,0.0,8.833238,0.0,0.0,0.0,8.833238,0.0,8.833238,0.0,0.0,0.0,8.833238,8.833238,0.0,0.0,8.833238,0.0,0.0,,,4.4426513,2.3978953,4.4426513,0.6931472,7.6053925,0.034401428,2.1972246,39.242992,21.18118,39.242992,6.1227336,67.18024,0.30387598,19.408606,4.317488,0.0
Norrbin et. al. ,42,14,GDP growth 1970-2000,0,1,0,Share of primary exports in GDP 1970-2000,0.0,1,0,0,-2.586,1.858,0.0,0.0,0.0,10,84,84,1,0,0,0,0,0,0,1,1,1.0,0,-2.586,0,0,1,0,0,2008,8,2,cross-sectional,OLS,1,1,0.035,,24,74.0,-2.586,1.858,-1.3918191,-0.15971865,0.11475532,75.937164,0.041666668,8.714193,-1.3918191,1.0,0.0,0.0,0.11624764,731.99225,87.14193,644.8503,731.99225,8.714193,17498.1,0.30499676,69.71355,8.714193,0.0,0.0,0.0,8.714193,8.714193,0.0,0.0,8.714193,0.0,0.0,0.0,8.714193,0.0,8.714193,0.0,0.0,0.0,8.714193,8.714193,0.0,0.0,8.714193,0.0,0.0,,,4.4426513,2.3978953,4.4426513,0.6931472,7.6053925,0.034401428,2.1972246,38.714123,20.895723,38.714123,6.0402184,66.27486,0.2997807,19.14704,4.317488,0.0
Norrbin et. al. ,42,15,GDP growth 1970-2000,0,1,0,Share of primary exports in GDP 1970-2000,0.0,1,0,0,-4.088,1.427,0.0,0.0,0.0,6,242,84,3,0,0,0,0,0,0,1,1,1.0,0,-4.088,0,0,1,0,0,2008,8,2,panel,OLS,1,1,0.035,,24,236.0,-4.088,1.427,-2.864751,-0.18331923,0.06399133,244.20679,0.041666668,15.627117,-2.864751,0.0,1.0,0.0,0.065094456,3781.7622,93.7627,3687.9995,1312.6779,46.88135,31379.25,0.5469491,125.01694,15.627117,0.0,0.0,0.0,15.627117,15.627117,0.0,0.0,15.627117,0.0,0.0,0.0,15.627117,0.0,0.0,15.627117,0.0,0.0,15.627117,15.627117,0.0,0.0,15.627117,0.0,0.0,,,5.4930615,1.9459101,4.4426513,1.3862944,7.6053925,0.034401428,2.1972246,85.84071,30.408964,69.42583,21.663784,118.85036,0.53759515,34.336285,5.46806,0.0
Norrbin et. al. ,42,16,GDP growth 1970-2000,0,1,0,Share of primary exports in GDP 1970-2000,0.0,1,0,0,-3.876,3.876,0.0,0.0,0.0,6,271,94,3,0,0,0,0,0,0,1,1,1.0,0,-3.876,0,0,1,0,0,2008,8,2,panel,OLS,1,1,0.035,,24,265.0,-3.876,3.876,-1.0,-0.061313935,0.061313935,266.0,0.041666668,16.309505,-1.0,0.0,1.0,0.0,0.06142951,4419.876,97.85704,4322.019,1533.0936,48.92852,32749.488,0.5708327,130.47604,16.309505,0.0,0.0,0.0,16.309505,16.309505,0.0,0.0,16.309505,0.0,0.0,0.0,16.309505,0.0,0.0,16.309505,0.0,0.0,16.309505,16.309505,0.0,0.0,16.309505,0.0,0.0,,,5.605802,1.9459101,4.553877,1.3862944,7.6053925,0.034401428,2.1972246,91.427864,31.736834,74.271484,22.609777,124.0402,0.5610703,35.835648,5.583496,0.0
Norrbin et. al. ,42,17,GDP growth 1970-2000,0,1,0,Share of primary exports in GDP 1970-2000,0.0,1,0,0,-2.693,2.693,0.0,0.0,0.0,10,265,84,3,0,0,0,0,0,0,1,1,1.0,0,-2.693,0,0,1,0,0,2008,8,2,panel,OLS,1,1,0.035,,24,255.0,-2.693,2.693,-1.0,-0.0625,0.0625,256.0,0.041666668,16.0,-1.0,0.0,1.0,0.0,0.06262243,4240.0,160.0,4080.0,1344.0,48.0,32128.0,0.56,128.0,16.0,0.0,0.0,0.0,16.0,16.0,0.0,0.0,16.0,0.0,0.0,0.0,16.0,0.0,0.0,16.0,0.0,0.0,16.0,16.0,0.0,0.0,16.0,0.0,0.0,,,5.583496,2.3978953,4.4426513,1.3862944,7.6053925,0.034401428,2.1972246,89.33594,38.366325,71.08242,22.18071,121.68628,0.55042285,35.155594,5.5451775,0.0
Norrbin et. al. ,42,18,GDP growth 1970-2000,0,1,0,Share of primary exports in GDP 1970-2000,0.0,1,0,0,-2.718,2.718,0.0,0.0,0.0,10,271,94,3,0,0,0,0,0,0,1,1,1.0,0,-2.718,0,0,1,0,0,2008,8,2,panel,OLS,1,1,0.035,,24,261.0,-2.718,2.718,-1.0,-0.061780207,0.061780207,262.0,0.041666668,16.186415,-1.0,0.0,1.0,0.0,0.061898448,4386.518,161.86414,4224.654,1521.523,48.559242,32502.318,0.5665245,129.49132,16.186415,0.0,0.0,0.0,16.186415,16.186415,0.0,0.0,16.186415,0.0,0.0,0.0,16.186415,0.0,0.0,16.186415,0.0,0.0,16.186415,16.186415,0.0,0.0,16.186415,0.0,0.0,,,5.605802,2.3978953,4.553877,1.3862944,7.6053925,0.034401428,2.1972246,90.73783,38.813328,73.71094,22.439135,123.10403,0.5568358,35.565186,5.5683446,0.0
Norrbin et. al. ,42,19,GDP growth 1970-2000,0,1,0,Share of primary exports in GDP 1970-2000,0.0,1,0,0,-4.088,1.427,0.0,0.0,0.0,6,242,81,3,0,0,0,0,0,0,1,1,1.0,0,-4.088,0,0,1,0,0,2008,8,2,panel,OLS,1,1,0.035,,24,236.0,-4.088,1.427,-2.864751,-0.18331923,0.06399133,244.20679,0.041666668,15.627117,-2.864751,0.0,1.0,0.0,0.065094456,3781.7622,93.7627,3687.9995,1265.7965,46.88135,31379.25,0.5469491,125.01694,15.627117,0.0,0.0,0.0,15.627117,15.627117,0.0,0.0,15.627117,0.0,0.0,0.0,15.627117,0.0,0.0,15.627117,0.0,0.0,15.627117,15.627117,0.0,0.0,15.627117,0.0,0.0,,,5.4930615,1.9459101,4.406719,1.3862944,7.6053925,0.034401428,2.1972246,85.84071,30.408964,68.86432,21.663784,118.85036,0.53759515,34.336285,5.46806,0.0
Norrbin et. al. ,42,20,GDP growth 1970-2000,0,1,0,Share of primary exports in GDP 1970-2000,0.0,1,0,0,-5.614,1.821,0.0,0.0,0.0,6,243,81,3,0,0,0,0,0,0,1,1,1.0,0,-5.614,0,0,1,0,0,2008,8,2,panel,OLS,1,1,0.035,,24,237.0,-5.614,1.821,-3.0829215,-0.1963587,0.063692406,246.50441,0.041666668,15.700459,-3.0829215,0.0,1.0,0.0,0.06495698,3815.2114,94.20275,3721.0088,1271.7372,47.101376,31526.521,0.5495161,125.60367,15.700459,0.0,0.0,0.0,15.700459,15.700459,0.0,0.0,15.700459,0.0,0.0,0.0,15.700459,0.0,0.0,15.700459,0.0,0.0,15.700459,15.700459,0.0,0.0,15.700459,0.0,0.0,,,5.497168,1.9459101,4.406719,1.3862944,7.6053925,0.034401428,2.1972246,86.30806,30.551682,69.187515,21.765457,119.40815,0.5401182,34.497437,5.4722705,0.0
Norrbin et. al. ,42,21,GDP growth 1970-2000,0,1,0,Share of primary exports in GDP 1970-2000,0.0,1,0,0,-3.948,1.747,0.0,0.0,0.0,6,231,81,3,0,0,0,0,0,0,1,1,1.0,0,-3.948,0,0,1,0,0,2008,8,2,panel,OLS,1,1,0.035,,24,225.0,-3.948,1.747,-2.259874,-0.14897703,0.06592271,230.10706,0.041666668,15.16928,-2.259874,0.0,1.0,0.0,0.06666667,3504.1038,91.01568,3413.088,1228.7117,45.50784,30459.914,0.5309248,121.35424,15.16928,0.0,0.0,0.0,15.16928,15.16928,0.0,0.0,15.16928,0.0,0.0,0.0,15.16928,0.0,0.0,15.16928,0.0,0.0,15.16928,15.16928,0.0,0.0,15.16928,0.0,0.0,,,5.4467373,1.9459101,4.406719,1.3862944,7.6053925,0.034401428,2.1972246,82.623085,29.518055,66.846756,21.029087,115.368324,0.52184486,33.330315,5.420535,0.0
Norrbin et. al. ,42,22,GDP growth 1970-2000,0,1,0,Share of primary exports in GDP 1970-2000,0.0,1,0,0,-4.051,1.707,0.0,0.0,0.0,6,208,72,3,0,0,0,0,0,0,1,1,1.0,0,-4.051,0,0,1,0,0,2008,8,2,panel,OLS,1,1,0.035,,24,202.0,-4.051,1.707,-2.3731694,-0.16469547,0.069398955,207.63193,0.041666668,14.409439,-2.3731694,0.0,1.0,0.0,0.07035975,2997.1633,86.456635,2910.7068,1037.4796,43.228317,28934.154,0.50433034,115.27551,14.409439,0.0,0.0,0.0,14.409439,14.409439,0.0,0.0,14.409439,0.0,0.0,0.0,14.409439,0.0,0.0,14.409439,0.0,0.0,14.409439,14.409439,0.0,0.0,14.409439,0.0,0.0,,,5.3423343,1.9459101,4.2904596,1.3862944,7.6053925,0.034401428,2.1972246,76.98004,28.039473,61.823116,19.975723,109.58944,0.49570528,31.660774,5.313206,0.0
Norrbin et. al. ,42,23,GDP growth 1970-2000,0,1,0,Share of primary exports in GDP 1970-2000,0.0,1,0,0,-4.069,1.706,0.0,0.0,0.0,6,208,72,3,0,0,0,0,0,0,1,1,1.0,0,-4.069,0,0,1,0,0,2008,8,2,panel,OLS,1,1,0.035,,24,202.0,-4.069,1.706,-2.3851113,-0.1655016,0.06938946,207.68874,0.041666668,14.41141,-2.3851113,0.0,1.0,0.0,0.07035975,2997.5732,86.46846,2911.1047,1037.6216,43.23423,28938.111,0.50439936,115.29128,14.41141,0.0,0.0,0.0,14.41141,14.41141,0.0,0.0,14.41141,0.0,0.0,0.0,14.41141,0.0,0.0,14.41141,0.0,0.0,14.41141,14.41141,0.0,0.0,14.41141,0.0,0.0,,,5.3423343,1.9459101,4.2904596,1.3862944,7.6053925,0.034401428,2.1972246,76.99057,28.043308,61.831573,19.978456,109.60443,0.49577308,31.665106,5.313206,0.0
Norrbin et. al. ,42,24,GDP growth 1970-2000,0,1,0,Share of primary exports in GDP 1970-2000,0.0,1,0,0,-3.968,1.578,0.0,0.0,0.0,6,237,81,3,0,0,0,0,0,0,1,1,1.0,0,-3.968,0,0,1,0,0,2008,8,2,panel,OLS,1,1,0.035,,24,231.0,-3.968,1.578,-2.5145755,-0.163228,0.06491275,237.32307,0.041666668,15.405293,-2.5145755,0.0,1.0,0.0,0.06579517,3651.0547,92.43176,3558.6228,1247.8287,46.21588,30933.83,0.5391853,123.24235,15.405293,0.0,0.0,0.0,15.405293,15.405293,0.0,0.0,15.405293,0.0,0.0,0.0,15.405293,0.0,0.0,15.405293,0.0,0.0,15.405293,15.405293,0.0,0.0,15.405293,0.0,0.0,,,5.4722705,1.9459101,4.406719,1.3862944,7.6053925,0.034401428,2.1972246,84.30193,29.977316,67.8868,21.356272,117.16331,0.5299641,33.848892,5.4467373,0.0
Baggio and Papyrakis,43,1,"Growth rate of GDP per capita, 19802004 ",1,1,0,The share of primary exports in total production in 1970 ,0.0,1,0,0,-2.064,1.289,0.0,0.0,0.0,6,82,82,1,property right,1,0,1,1,0,1,1,1.0,0,-2.064,0,1,0,0,0,2010,19,0,cross-sectional,OLS,1,1,0.01,"Baggio, J. A. and Papyrakis, E. Ethnic diversity, property rights, and natural resources. The Developing Economies, 2010, vol. 48, no 4, p. 473-495",6,76.0,-2.064,1.289,-1.6012411,-0.18065293,0.112820566,78.56397,0.16666667,8.863632,-1.6012411,1.0,0.0,0.0,0.114707865,726.8179,53.181793,673.63605,726.8179,8.863632,17815.9,0.088636324,168.40901,8.863632,8.863632,0.0,0.0,8.863632,8.863632,8.863632,8.863632,8.863632,0.0,0.0,8.863632,8.863632,0.0,8.863632,0.0,0.0,0.0,8.863632,8.863632,0.0,8.863632,0.0,0.0,0.0,,,4.4188404,1.9459101,4.4188404,0.6931472,7.6063876,0.0099503305,2.9957323,39.166977,17.247831,39.166977,6.1438017,67.42022,0.08819607,26.55307,4.3438053,0.0
Baggio and Papyrakis,43,2,"Growth rate of GDP per capita, 19802004 ",1,1,0,The share of primary exports in total production in 1970 ,0.0,1,0,0,-1.977,1.276,0.0,0.0,0.0,6,82,82,1,property right,1,0,1,1,0,1,1,1.0,0,-1.977,0,1,0,0,0,2010,19,0,cross-sectional,OLS,1,1,0.01,,6,76.0,-1.977,1.276,-1.549373,-0.17498323,0.11293809,78.40055,0.16666667,8.854408,-1.549373,1.0,0.0,0.0,0.114707865,726.0615,53.12645,672.93506,726.0615,8.854408,17797.361,0.088544086,168.23376,8.854408,8.854408,0.0,0.0,8.854408,8.854408,8.854408,8.854408,8.854408,0.0,0.0,8.854408,8.854408,0.0,8.854408,0.0,0.0,0.0,8.854408,8.854408,0.0,8.854408,0.0,0.0,0.0,,,4.4188404,1.9459101,4.4188404,0.6931472,7.6063876,0.0099503305,2.9957323,39.126217,17.229883,39.126217,6.1374083,67.35007,0.08810429,26.525438,4.3438053,0.0
Baggio and Papyrakis,43,3,"Growth rate of GDP per capita, 19802005",1,1,0,The share of primary exports in total production in 1971,0.0,1,0,0,-2.008,1.289,0.0,0.0,0.0,6,82,82,1,property right,1,0,1,1,0,1,1,1.0,0,-2.008,0,1,0,0,0,2010,19,0,cross-sectional,OLS,1,1,0.01,,6,76.0,-2.008,1.289,-1.5577966,-0.17590521,0.11291924,78.42673,0.16666667,8.855886,-1.5577966,1.0,0.0,0.0,0.114707865,726.1827,53.13532,673.04736,726.1827,8.855886,17800.332,0.08855887,168.26184,8.855886,8.855886,0.0,0.0,8.855886,8.855886,8.855886,8.855886,8.855886,0.0,0.0,8.855886,8.855886,0.0,8.855886,0.0,0.0,0.0,8.855886,8.855886,0.0,8.855886,0.0,0.0,0.0,,,4.4188404,1.9459101,4.4188404,0.6931472,7.6063876,0.0099503305,2.9957323,39.13275,17.23276,39.13275,6.138433,67.361305,0.088119,26.529865,4.3438053,0.0
Baggio and Papyrakis,43,4,"Growth rate of GDP per capita, 19802006",1,1,0,The share of primary exports in total production in 1972,0.0,1,0,0,2.66,0.846,0.0,0.0,0.0,6,82,82,1,property right,1,0,1,1,0,1,1,1.0,0,2.66,0,1,0,0,0,2010,19,0,cross-sectional,OLS,1,1,0.01,,6,76.0,2.66,0.846,3.1442082,0.33927354,0.107904285,85.88605,0.16666667,9.267472,3.1442082,1.0,0.0,0.0,0.114707865,759.93274,55.604836,704.32794,759.93274,9.267472,18627.62,0.092674725,176.08199,9.267472,9.267472,0.0,0.0,9.267472,9.267472,9.267472,9.267472,9.267472,0.0,0.0,9.267472,9.267472,0.0,9.267472,0.0,0.0,0.0,9.267472,9.267472,0.0,9.267472,0.0,0.0,0.0,,,4.4188404,1.9459101,4.4188404,0.6931472,7.6063876,0.0099503305,2.9957323,40.95148,18.033669,40.95148,6.4237223,70.49199,0.09221441,27.762867,4.3438053,0.0
Baggio and Papyrakis,43,5,"Growth rate of GDP per capita, 19802007",1,1,0,The share of primary exports in total production in 1973,0.0,1,0,0,2.664,0.884,0.0,0.0,0.0,6,82,82,1,property right,1,0,1,1,0,1,1,1.0,0,2.664,0,1,0,0,0,2010,19,0,cross-sectional,OLS,1,1,0.01,,6,76.0,2.664,0.884,3.0135746,0.3267112,0.10841318,85.081635,0.16666667,9.22397,3.0135746,1.0,0.0,0.0,0.114707865,756.3656,55.343822,701.0218,756.3656,9.22397,18540.182,0.09223971,175.25545,9.22397,9.22397,0.0,0.0,9.22397,9.22397,9.22397,9.22397,9.22397,0.0,0.0,9.22397,9.22397,0.0,9.22397,0.0,0.0,0.0,9.22397,9.22397,0.0,9.22397,0.0,0.0,0.0,,,4.4188404,1.9459101,4.4188404,0.6931472,7.6063876,0.0099503305,2.9957323,40.759254,17.949017,40.759254,6.393569,70.161095,0.09178156,27.632547,4.3438053,0.0
Baggio and Papyrakis,43,6,"Growth rate of GDP per capita, 19802008",1,1,0,The share of primary exports in total production in 1974,0.0,1,0,0,2.543,0.857,0.0,0.0,0.0,6,82,82,1,property right,1,0,1,1,0,1,1,1.0,0,2.543,0,1,0,0,0,2010,19,0,cross-sectional,OLS,1,1,0.01,,6,76.0,2.543,0.857,2.9673278,0.32222164,0.108589835,84.80504,0.16666667,9.208965,2.9673278,1.0,0.0,0.0,0.114707865,755.13513,55.25379,699.88135,755.13513,9.208965,18510.02,0.09208965,174.97034,9.208965,9.208965,0.0,0.0,9.208965,9.208965,9.208965,9.208965,9.208965,0.0,0.0,9.208965,9.208965,0.0,9.208965,0.0,0.0,0.0,9.208965,9.208965,0.0,9.208965,0.0,0.0,0.0,,,4.4188404,1.9459101,4.4188404,0.6931472,7.6063876,0.0099503305,2.9957323,40.692947,17.919819,40.692947,6.383168,70.04696,0.09163225,27.587595,4.3438053,0.0
