StudyID,lnSpot,Diff_ln_spot_rates,Diff_ln_spot_percent,lnForward,Diff_ln_forward_spot,Diff_forward_spot_percent,Coeff,SE,Advanced_currencies,Emerging_currencies,Mixed_currencies,German_mark,French_franc,GBP,Italian_lira,JPY,Swiss_franc,Euro,geo_Europe,geo_Asia,geo_Other,Mixed_geo_currencies,USD_base,GBP_base,JPY_base,Swiss_base,Euro_base,German_mark_base,Less_1month,month,month_to_1year,year,to3years,to10years,Mixed,Daily,Weekly,Monthly,Quarterly,Other_freq,Time_diff,T,N,Sample_size,Sample_year,Overlapping_problem,Forward_rate_lags,Interest_rate_diff,News,Forward_premium_power2_3,Other_controls,OLS,Instrumental_variables,FE,Error_correction,Regime_switching,Fully_modified_estimator,SUR,ML,Other_met,All,High_FXvolat,Low_FXvolat,Low_Negative_interest_diff,Large_positive_interest_diff,Large_positive_forward_premium,Low_negative_forward_premium,Large_differential,Small_differential,Overvalued_currency,Undervalued_currency,Other_reg,Survey,Datastream,Bank_data_sources,Data_Resources_Inc,Other_source,IF_recursive,Normcit,firstpubo,firstpub
22,1,0,0,1,0,0,0.956,0.024,0,0,0,0,0,1,0,0,0,0,1,0,0,0,1,0,0,0,0,0,0,1,0,0,0,0,0,0,0,1,0,0,0.0,4.290459441148391,0.0,73.0,54.0,0,0,0,0,0,0,1,0,0,0,0,0,0,0,0,1,0,0,0,0,0,0,0,0,0,0,0,0,0,0,0,1,5.229,3.143471466209794,1981,5
22,1,0,0,1,0,0,1.047,0.116,0,0,0,0,0,1,0,0,0,0,1,0,0,0,1,0,0,0,0,0,0,1,0,0,0,0,0,0,0,1,0,0,0.0,4.290459441148391,0.0,73.0,54.0,0,1,0,0,0,0,1,0,0,0,0,0,0,0,0,1,0,0,0,0,0,0,0,0,0,0,0,0,0,0,0,1,5.229,3.143471466209794,1981,5
22,1,0,0,1,0,0,0.961,0.025,0,0,0,0,0,1,0,0,0,0,1,0,0,0,1,0,0,0,0,0,0,1,0,0,0,0,0,0,0,1,0,0,0.0,4.290459441148391,0.0,73.0,54.0,0,0,0,0,0,0,0,1,0,0,0,0,0,0,0,1,0,0,0,0,0,0,0,0,0,0,0,0,0,0,0,1,5.229,3.143471466209794,1981,5
22,1,0,0,1,0,0,0.843,0.051,0,0,0,0,1,0,0,0,0,0,1,0,0,0,1,0,0,0,0,0,0,1,0,0,0,0,0,0,0,1,0,0,0.0,4.290459441148391,0.0,73.0,54.0,0,0,0,0,0,0,1,0,0,0,0,0,0,0,0,1,0,0,0,0,0,0,0,0,0,0,0,0,0,0,0,1,5.229,3.143471466209794,1981,5
22,1,0,0,1,0,0,0.706,0.117,0,0,0,0,1,0,0,0,0,0,1,0,0,0,1,0,0,0,0,0,0,1,0,0,0,0,0,0,0,1,0,0,0.0,4.290459441148391,0.0,73.0,54.0,0,1,0,0,0,0,1,0,0,0,0,0,0,0,0,1,0,0,0,0,0,0,0,0,0,0,0,0,0,0,0,1,5.229,3.143471466209794,1981,5
22,1,0,0,1,0,0,0.844,0.053,0,0,0,0,1,0,0,0,0,0,1,0,0,0,1,0,0,0,0,0,0,1,0,0,0,0,0,0,0,1,0,0,0.0,4.290459441148391,0.0,73.0,54.0,0,0,0,0,0,0,0,1,0,0,0,0,0,0,0,1,0,0,0,0,0,0,0,0,0,0,0,0,0,0,0,1,5.229,3.143471466209794,1981,5
22,1,0,0,1,0,0,0.971,0.032,0,0,0,1,0,0,0,0,0,0,1,0,0,0,1,0,0,0,0,0,0,1,0,0,0,0,0,0,0,1,0,0,0.0,4.290459441148391,0.0,73.0,54.0,0,0,0,0,0,0,1,0,0,0,0,0,0,0,0,1,0,0,0,0,0,0,0,0,0,0,0,0,0,0,0,1,5.229,3.143471466209794,1981,5
22,1,0,0,1,0,0,0.913,0.119,0,0,0,1,0,0,0,0,0,0,1,0,0,0,1,0,0,0,0,0,0,1,0,0,0,0,0,0,0,1,0,0,0.0,4.290459441148391,0.0,73.0,54.0,0,1,0,0,0,0,1,0,0,0,0,0,0,0,0,1,0,0,0,0,0,0,0,0,0,0,0,0,0,0,0,1,5.229,3.143471466209794,1981,5
22,1,0,0,1,0,0,0.973,0.032,0,0,0,1,0,0,0,0,0,0,1,0,0,0,1,0,0,0,0,0,0,1,0,0,0,0,0,0,0,1,0,0,0.0,4.290459441148391,0.0,73.0,54.0,0,0,0,0,0,0,0,1,0,0,0,0,0,0,0,1,0,0,0,0,0,0,0,0,0,0,0,0,0,0,0,1,5.229,3.143471466209794,1981,5
22,1,0,0,1,0,0,0.965,0.026,0,0,0,0,0,1,0,0,0,0,1,0,0,0,1,0,0,0,0,0,0,1,0,0,0,0,0,0,0,1,0,0,0.0,4.290459441148391,0.0,73.0,54.0,0,0,1,0,0,0,0,1,0,0,0,0,0,0,0,1,0,0,0,0,0,0,0,0,0,0,0,0,0,0,0,1,5.229,3.143471466209794,1981,5
22,1,0,0,1,0,0,0.959,0.024,0,0,0,0,0,1,0,0,0,0,1,0,0,0,1,0,0,0,0,0,0,1,0,0,0,0,0,0,0,1,0,0,0.0,4.290459441148391,0.0,73.0,54.0,0,0,0,1,0,0,0,1,0,0,0,0,0,0,0,1,0,0,0,0,0,0,0,0,0,0,0,0,0,0,0,1,5.229,3.143471466209794,1981,5
22,1,0,0,1,0,0,0.992,0.124,0,0,0,0,1,0,0,0,0,0,1,0,0,0,1,0,0,0,0,0,0,1,0,0,0,0,0,0,0,1,0,0,0.0,4.290459441148391,0.0,73.0,54.0,0,0,1,0,0,0,0,1,0,0,0,0,0,0,0,1,0,0,0,0,0,0,0,0,0,0,0,0,0,0,0,1,5.229,3.143471466209794,1981,5
22,1,0,0,1,0,0,0.837,0.051,0,0,0,0,1,0,0,0,0,0,1,0,0,0,1,0,0,0,0,0,0,1,0,0,0,0,0,0,0,1,0,0,0.0,4.290459441148391,0.0,73.0,54.0,0,0,0,1,0,0,0,1,0,0,0,0,0,0,0,1,0,0,0,0,0,0,0,0,0,0,0,0,0,0,0,1,5.229,3.143471466209794,1981,5
22,1,0,0,1,0,0,0.997,0.064,0,0,0,1,0,0,0,0,0,0,1,0,0,0,1,0,0,0,0,0,0,1,0,0,0,0,0,0,0,1,0,0,0.0,4.290459441148391,0.0,73.0,54.0,0,0,1,0,0,0,0,1,0,0,0,0,0,0,0,1,0,0,0,0,0,0,0,0,0,0,0,0,0,0,0,1,5.229,3.143471466209794,1981,5
22,1,0,0,1,0,0,0.972,0.031,0,0,0,1,0,0,0,0,0,0,1,0,0,0,1,0,0,0,0,0,0,1,0,0,0,0,0,0,0,1,0,0,0.0,4.290459441148391,0.0,73.0,54.0,0,0,0,1,0,0,0,1,0,0,0,0,0,0,0,1,0,0,0,0,0,0,0,0,0,0,0,0,0,0,0,1,5.229,3.143471466209794,1981,5
22,1,0,0,1,0,0,0.969,0.022,0,0,0,0,0,1,0,0,0,0,1,0,0,0,1,0,0,0,0,0,0,1,0,0,0,0,0,0,0,1,0,0,0.0,4.290459441148391,0.0,73.0,54.0,0,0,1,1,0,0,0,1,0,0,0,0,0,0,0,1,0,0,0,0,0,0,0,0,0,0,0,0,0,0,0,1,5.229,3.143471466209794,1981,5
22,1,0,0,1,0,0,0.915,0.076,0,0,0,0,1,0,0,0,0,0,1,0,0,0,1,0,0,0,0,0,0,1,0,0,0,0,0,0,0,1,0,0,0.0,4.290459441148391,0.0,73.0,54.0,0,0,1,1,0,0,0,1,0,0,0,0,0,0,0,1,0,0,0,0,0,0,0,0,0,0,0,0,0,0,0,1,5.229,3.143471466209794,1981,5
22,1,0,0,1,0,0,0.996,0.045,0,0,0,1,0,0,0,0,0,0,1,0,0,0,1,0,0,0,0,0,0,1,0,0,0,0,0,0,0,1,0,0,0.0,4.290459441148391,0.0,73.0,54.0,0,0,1,1,0,0,0,1,0,0,0,0,0,0,0,1,0,0,0,0,0,0,0,0,0,0,0,0,0,0,0,1,5.229,3.143471466209794,1981,5
22,1,0,0,1,0,0,0.96,0.025,0,0,0,0,0,1,0,0,0,0,1,0,0,0,1,0,0,0,0,0,0,1,0,0,0,0,0,0,0,1,0,0,0.0,4.290459441148391,0.0,73.0,54.0,0,0,1,0,0,0,0,1,0,0,0,0,0,0,0,1,0,0,0,0,0,0,0,0,0,0,0,0,0,0,0,1,5.229,3.143471466209794,1981,5
22,1,0,0,1,0,0,0.959,0.024,0,0,0,0,0,1,0,0,0,0,1,0,0,0,1,0,0,0,0,0,0,1,0,0,0,0,0,0,0,1,0,0,0.0,4.290459441148391,0.0,73.0,54.0,0,0,0,1,0,0,0,1,0,0,0,0,0,0,0,1,0,0,0,0,0,0,0,0,0,0,0,0,0,0,0,1,5.229,3.143471466209794,1981,5
22,1,0,0,1,0,0,0.904,0.107,0,0,0,0,1,0,0,0,0,0,1,0,0,0,1,0,0,0,0,0,0,1,0,0,0,0,0,0,0,1,0,0,0.0,4.290459441148391,0.0,73.0,54.0,0,0,1,0,0,0,0,1,0,0,0,0,0,0,0,1,0,0,0,0,0,0,0,0,0,0,0,0,0,0,0,1,5.229,3.143471466209794,1981,5
22,1,0,0,1,0,0,0.837,0.051,0,0,0,0,1,0,0,0,0,0,1,0,0,0,1,0,0,0,0,0,0,1,0,0,0,0,0,0,0,1,0,0,0.0,4.290459441148391,0.0,73.0,54.0,0,0,0,1,0,0,0,1,0,0,0,0,0,0,0,1,0,0,0,0,0,0,0,0,0,0,0,0,0,0,0,1,5.229,3.143471466209794,1981,5
22,1,0,0,1,0,0,0.982,0.063,0,0,0,1,0,0,0,0,0,0,1,0,0,0,1,0,0,0,0,0,0,1,0,0,0,0,0,0,0,1,0,0,0.0,4.290459441148391,0.0,73.0,54.0,0,0,1,0,0,0,0,1,0,0,0,0,0,0,0,1,0,0,0,0,0,0,0,0,0,0,0,0,0,0,0,1,5.229,3.143471466209794,1981,5
22,1,0,0,1,0,0,0.972,0.031,0,0,0,1,0,0,0,0,0,0,1,0,0,0,1,0,0,0,0,0,0,1,0,0,0,0,0,0,0,1,0,0,0.0,4.290459441148391,0.0,73.0,54.0,0,0,0,1,0,0,0,1,0,0,0,0,0,0,0,1,0,0,0,0,0,0,0,0,0,0,0,0,0,0,0,1,5.229,3.143471466209794,1981,5
22,1,0,0,1,0,0,0.965,0.021,0,0,0,0,0,1,0,0,0,0,1,0,0,0,1,0,0,0,0,0,0,1,0,0,0,0,0,0,0,1,0,0,0.0,4.290459441148391,0.0,73.0,54.0,0,0,1,1,0,0,0,1,0,0,0,0,0,0,0,1,0,0,0,0,0,0,0,0,0,0,0,0,0,0,0,1,5.229,3.143471466209794,1981,5
22,1,0,0,1,0,0,0.884,0.181,0,0,0,0,1,0,0,0,0,0,1,0,0,0,1,0,0,0,0,0,0,1,0,0,0,0,0,0,0,1,0,0,0.0,4.290459441148391,0.0,73.0,54.0,0,0,1,1,0,0,0,1,0,0,0,0,0,0,0,1,0,0,0,0,0,0,0,0,0,0,0,0,0,0,0,1,5.229,3.143471466209794,1981,5
22,1,0,0,1,0,0,0.981,0.054,0,0,0,1,0,0,0,0,0,0,1,0,0,0,1,0,0,0,0,0,0,1,0,0,0,0,0,0,0,1,0,0,0.0,4.290459441148391,0.0,73.0,54.0,0,0,1,1,0,0,0,1,0,0,0,0,0,0,0,1,0,0,0,0,0,0,0,0,0,0,0,0,0,0,0,1,5.229,3.143471466209794,1981,5
23,0,1,0,0,1,0,-0.5684,1.0171,1,0,0,0,0,0,0,0,0,0,0,0,0,1,1,0,0,0,0,0,0,0,0,0,0,0,1,0,0,0,0,0,0.0,3.6375861597263857,1.6094379124341003,525.0,61.0,1,0,0,0,0,0,0,0,1,0,0,0,0,0,0,1,0,0,0,0,0,0,0,0,0,0,0,1,0,0,0,0,3.541,3.2032708267993106,1988,12
23,0,1,0,0,1,0,-1.209,1.1596,1,0,0,0,0,0,0,0,0,0,0,0,0,1,1,0,0,0,0,0,0,0,1,0,0,0,0,0,0,0,0,1,0.0,3.6375861597263857,1.6094379124341003,190.0,61.0,1,0,0,0,0,0,0,0,1,0,0,0,0,0,0,1,0,0,0,0,0,0,0,0,0,0,0,1,0,0,0,0,3.541,3.2032708267993106,1988,12
23,0,1,0,0,1,0,-1.9819,1.4445,1,0,0,0,0,0,0,0,0,0,0,0,0,1,1,0,0,0,0,0,0,0,1,0,0,0,0,0,0,0,0,1,0.0,3.6375861597263857,1.6094379124341003,180.0,61.0,1,0,0,0,0,0,0,0,1,0,0,0,0,0,0,1,0,0,0,0,0,0,0,0,0,0,0,1,0,0,0,0,3.541,3.2032708267993106,1988,12
23,0,1,0,0,1,0,0.2892,1.2733,1,0,0,0,0,0,0,0,0,0,0,0,0,1,1,0,0,0,0,0,0,0,0,1,0,0,0,0,0,0,0,1,0.0,3.6375861597263857,1.6094379124341003,155.0,61.0,1,0,0,0,0,0,0,0,1,0,0,0,0,0,0,1,0,0,0,0,0,0,0,0,0,0,0,1,0,0,0,0,3.541,3.2032708267993106,1988,12
23,0,1,0,0,1,0,-1.7403,0.9781,1,0,0,0,0,0,0,0,0,0,0,0,0,1,1,0,0,0,0,0,0,1,0,0,0,0,0,0,0,0,0,1,0.0,4.897839799950911,1.3862943611198906,740.0,63.0,0,0,0,0,0,0,0,0,1,0,0,0,0,0,0,1,0,0,0,0,0,0,0,0,0,0,0,1,0,0,0,0,3.541,3.2032708267993106,1988,12
23,0,1,0,0,1,0,-6.254,2.1508,1,0,0,0,0,0,0,0,0,0,0,0,0,1,1,0,0,0,0,0,0,0,1,0,0,0,0,0,0,0,0,1,0.0,3.8501476017100584,1.3862943611198906,188.0,61.5,1,0,0,0,0,0,0,0,1,0,0,0,0,0,0,1,0,0,0,0,0,0,0,0,0,0,0,1,0,0,0,0,3.541,3.2032708267993106,1988,12
23,0,1,0,0,1,0,-2.2107,0.9623,1,0,0,0,0,0,0,0,0,0,0,0,0,1,1,0,0,0,0,0,0,0,0,0,0,0,1,0,0,0,0,0,0.0,2.4849066497880004,1.6094379124341003,97.0,58.5,0,0,0,0,0,0,0,0,1,0,0,0,0,0,0,1,0,0,0,0,0,0,0,0,0,0,0,1,0,0,0,0,3.541,3.2032708267993106,1988,12
23,0,1,0,0,1,0,-2.4181,1.2608,1,0,0,0,0,0,0,0,0,0,0,0,0,1,1,0,0,0,0,0,0,0,1,0,0,0,0,0,0,0,0,1,0.0,2.4849066497880004,1.6094379124341003,51.0,58.5,0,0,0,0,0,0,0,0,1,0,0,0,0,0,0,1,0,0,0,0,0,0,0,0,0,0,0,1,0,0,0,0,3.541,3.2032708267993106,1988,12
23,0,1,0,0,1,0,-2.1377,1.0549,1,0,0,0,0,0,0,0,0,0,0,0,0,1,1,0,0,0,0,0,0,0,0,1,0,0,0,0,0,0,0,1,0.0,2.4849066497880004,1.6094379124341003,46.0,58.5,0,0,0,0,0,0,0,0,1,0,0,0,0,0,0,1,0,0,0,0,0,0,0,0,0,0,0,1,0,0,0,0,3.541,3.2032708267993106,1988,12
77,0,1,0,0,1,0,-0.726,0.686,1,0,0,0,0,0,0,0,0,0,0,0,1,0,1,0,0,0,0,0,0,1,0,0,0,0,0,0,0,1,0,0,0.0,5.676753802268282,0.0,292.0,74.0,0,0,0,0,0,0,1,0,0,0,0,0,0,0,0,1,0,0,0,0,0,0,0,0,0,0,0,0,1,0,0,0,3.242,2.3978952727983707,2010,34
77,0,1,0,0,1,0,-0.523,0.647,1,0,0,0,0,0,0,0,0,0,0,0,1,0,1,0,0,0,0,0,0,0,1,0,0,0,0,0,0,1,0,0,1.0986122886681098,5.676753802268282,0.0,292.0,74.0,1,0,0,0,0,0,1,0,0,0,0,0,0,0,0,1,0,0,0,0,0,0,0,0,0,0,0,0,1,0,0,0,3.242,2.3978952727983707,2010,34
77,0,1,0,0,1,0,-0.529,0.659,1,0,0,0,0,0,0,0,0,0,0,0,1,0,1,0,0,0,0,0,0,0,1,0,0,0,0,0,0,1,0,0,1.791759469228055,5.676753802268282,0.0,292.0,74.0,1,0,0,0,0,0,1,0,0,0,0,0,0,0,0,1,0,0,0,0,0,0,0,0,0,0,0,0,1,0,0,0,3.242,2.3978952727983707,2010,34
77,0,1,0,0,1,0,-0.893,0.602,1,0,0,0,0,0,0,0,0,0,0,0,1,0,1,0,0,0,0,0,0,0,0,1,0,0,0,0,0,1,0,0,2.4849066497880004,5.676753802268282,0.0,292.0,74.0,1,0,0,0,0,0,1,0,0,0,0,0,0,0,0,1,0,0,0,0,0,0,0,0,0,0,0,0,1,0,0,0,3.242,2.3978952727983707,2010,34
77,0,1,0,0,1,0,-1.047,0.663,1,0,0,0,0,0,0,0,0,0,0,0,1,0,1,0,0,0,0,0,0,1,0,0,0,0,0,0,0,1,0,0,0.0,5.676753802268282,0.0,292.0,74.0,0,0,0,0,0,0,1,0,0,0,0,0,0,0,0,1,0,0,0,0,0,0,0,0,0,0,0,0,1,0,0,0,3.242,2.3978952727983707,2010,34
77,0,1,0,0,1,0,-0.704,0.61,1,0,0,0,0,0,0,0,0,0,0,0,1,0,1,0,0,0,0,0,0,0,1,0,0,0,0,0,0,1,0,0,1.0986122886681098,5.676753802268282,0.0,292.0,74.0,1,0,0,0,0,0,1,0,0,0,0,0,0,0,0,1,0,0,0,0,0,0,0,0,0,0,0,0,1,0,0,0,3.242,2.3978952727983707,2010,34
77,0,1,0,0,1,0,-0.305,0.662,1,0,0,0,0,0,0,0,0,0,0,0,1,0,1,0,0,0,0,0,0,0,1,0,0,0,0,0,0,1,0,0,1.791759469228055,5.676753802268282,0.0,292.0,74.0,1,0,0,0,0,0,1,0,0,0,0,0,0,0,0,1,0,0,0,0,0,0,0,0,0,0,0,0,1,0,0,0,3.242,2.3978952727983707,2010,34
77,0,1,0,0,1,0,-0.233,0.805,1,0,0,0,0,0,0,0,0,0,0,0,1,0,1,0,0,0,0,0,0,0,0,1,0,0,0,0,0,1,0,0,2.4849066497880004,5.676753802268282,0.0,292.0,74.0,1,0,0,0,0,0,1,0,0,0,0,0,0,0,0,1,0,0,0,0,0,0,0,0,0,0,0,0,1,0,0,0,3.242,2.3978952727983707,2010,34
77,0,1,0,0,1,0,-0.634,0.989,0,0,0,0,0,0,0,0,1,0,1,0,0,0,1,0,0,0,0,0,0,1,0,0,0,0,0,0,0,1,0,0,0.0,5.723585101952381,0.0,306.0,73.5,0,0,0,0,0,0,1,0,0,0,0,0,0,0,0,1,0,0,0,0,0,0,0,0,0,0,0,0,1,0,0,0,3.242,2.3978952727983707,2010,34
77,0,1,0,0,1,0,-1.215,0.986,0,0,0,0,0,0,0,0,1,0,1,0,0,0,1,0,0,0,0,0,0,0,1,0,0,0,0,0,0,1,0,0,1.0986122886681098,5.723585101952381,0.0,306.0,73.5,1,0,0,0,0,0,1,0,0,0,0,0,0,0,0,1,0,0,0,0,0,0,0,0,0,0,0,0,1,0,0,0,3.242,2.3978952727983707,2010,34
77,0,1,0,0,1,0,-1.256,1.021,0,0,0,0,0,0,0,0,1,0,1,0,0,0,1,0,0,0,0,0,0,0,1,0,0,0,0,0,0,1,0,0,1.791759469228055,5.723585101952381,0.0,306.0,73.5,1,0,0,0,0,0,1,0,0,0,0,0,0,0,0,1,0,0,0,0,0,0,0,0,0,0,0,0,1,0,0,0,3.242,2.3978952727983707,2010,34
77,0,1,0,0,1,0,-0.88,0.945,0,0,0,0,0,0,0,0,1,0,1,0,0,0,1,0,0,0,0,0,0,0,0,1,0,0,0,0,0,1,0,0,2.4849066497880004,5.723585101952381,0.0,306.0,73.5,1,0,0,0,0,0,1,0,0,0,0,0,0,0,0,1,0,0,0,0,0,0,0,0,0,0,0,0,1,0,0,0,3.242,2.3978952727983707,2010,34
77,0,1,0,0,1,0,-0.58,0.677,1,0,0,0,0,0,0,0,0,0,1,0,0,0,1,0,0,0,0,0,0,1,0,0,0,0,0,0,0,1,0,0,0.0,5.676753802268282,0.0,292.0,74.0,0,0,0,0,0,0,1,0,0,0,0,0,0,0,0,1,0,0,0,0,0,0,0,0,0,0,0,0,1,0,0,0,3.242,2.3978952727983707,2010,34
77,0,1,0,0,1,0,-0.213,0.78,1,0,0,0,0,0,0,0,0,0,1,0,0,0,1,0,0,0,0,0,0,0,1,0,0,0,0,0,0,1,0,0,1.0986122886681098,5.676753802268282,0.0,292.0,74.0,1,0,0,0,0,0,1,0,0,0,0,0,0,0,0,1,0,0,0,0,0,0,0,0,0,0,0,0,1,0,0,0,3.242,2.3978952727983707,2010,34
77,0,1,0,0,1,0,-0.448,1.013,1,0,0,0,0,0,0,0,0,0,1,0,0,0,1,0,0,0,0,0,0,0,1,0,0,0,0,0,0,1,0,0,1.791759469228055,5.676753802268282,0.0,292.0,74.0,1,0,0,0,0,0,1,0,0,0,0,0,0,0,0,1,0,0,0,0,0,0,0,0,0,0,0,0,1,0,0,0,3.242,2.3978952727983707,2010,34
77,0,1,0,0,1,0,-0.571,1.039,1,0,0,0,0,0,0,0,0,0,1,0,0,0,1,0,0,0,0,0,0,0,0,1,0,0,0,0,0,1,0,0,2.4849066497880004,5.676753802268282,0.0,292.0,74.0,1,0,0,0,0,0,1,0,0,0,0,0,0,0,0,1,0,0,0,0,0,0,0,0,0,0,0,0,1,0,0,0,3.242,2.3978952727983707,2010,34
77,0,1,0,0,1,0,-2.077,1.088,0,0,0,0,0,1,0,0,0,0,1,0,0,0,1,0,0,0,0,0,0,1,0,0,0,0,0,0,0,1,0,0,0.0,5.723585101952381,0.0,306.0,73.5,0,0,0,0,0,0,1,0,0,0,0,0,0,0,0,1,0,0,0,0,0,0,0,0,0,0,0,0,1,0,0,0,3.242,2.3978952727983707,2010,34
77,0,1,0,0,1,0,-1.325,1.362,0,0,0,0,0,1,0,0,0,0,1,0,0,0,1,0,0,0,0,0,0,0,1,0,0,0,0,0,0,1,0,0,1.0986122886681098,5.723585101952381,0.0,306.0,73.5,1,0,0,0,0,0,1,0,0,0,0,0,0,0,0,1,0,0,0,0,0,0,0,0,0,0,0,0,1,0,0,0,3.242,2.3978952727983707,2010,34
77,0,1,0,0,1,0,-0.75,1.337,0,0,0,0,0,1,0,0,0,0,1,0,0,0,1,0,0,0,0,0,0,0,1,0,0,0,0,0,0,1,0,0,1.791759469228055,5.723585101952381,0.0,306.0,73.5,1,0,0,0,0,0,1,0,0,0,0,0,0,0,0,1,0,0,0,0,0,0,0,0,0,0,0,0,1,0,0,0,3.242,2.3978952727983707,2010,34
77,0,1,0,0,1,0,-0.279,1.134,0,0,0,0,0,1,0,0,0,0,1,0,0,0,1,0,0,0,0,0,0,0,0,1,0,0,0,0,0,1,0,0,2.4849066497880004,5.723585101952381,0.0,306.0,73.5,1,0,0,0,0,0,1,0,0,0,0,0,0,0,0,1,0,0,0,0,0,0,0,0,0,0,0,0,1,0,0,0,3.242,2.3978952727983707,2010,34
77,0,1,0,0,1,0,-0.511,0.894,0,0,0,0,0,0,0,1,0,0,0,1,0,0,1,0,0,0,0,0,0,1,0,0,0,0,0,0,0,1,0,0,0.0,5.723585101952381,0.0,306.0,73.5,0,0,0,0,0,0,1,0,0,0,0,0,0,0,0,1,0,0,0,0,0,0,0,0,0,0,0,0,1,0,0,0,3.242,2.3978952727983707,2010,34
77,0,1,0,0,1,0,-2.572,0.956,0,0,0,0,0,0,0,1,0,0,0,1,0,0,1,0,0,0,0,0,0,0,1,0,0,0,0,0,0,1,0,0,1.0986122886681098,5.723585101952381,0.0,306.0,73.5,1,0,0,0,0,0,1,0,0,0,0,0,0,0,0,1,0,0,0,0,0,0,0,0,0,0,0,0,1,0,0,0,3.242,2.3978952727983707,2010,34
77,0,1,0,0,1,0,-2.976,0.897,0,0,0,0,0,0,0,1,0,0,0,1,0,0,1,0,0,0,0,0,0,0,1,0,0,0,0,0,0,1,0,0,1.791759469228055,5.723585101952381,0.0,306.0,73.5,1,0,0,0,0,0,1,0,0,0,0,0,0,0,0,1,0,0,0,0,0,0,0,0,0,0,0,0,1,0,0,0,3.242,2.3978952727983707,2010,34
77,0,1,0,0,1,0,-2.906,0.792,0,0,0,0,0,0,0,1,0,0,0,1,0,0,1,0,0,0,0,0,0,0,0,1,0,0,0,0,0,1,0,0,2.4849066497880004,5.723585101952381,0.0,306.0,73.5,1,0,0,0,0,0,1,0,0,0,0,0,0,0,0,1,0,0,0,0,0,0,0,0,0,0,0,0,1,0,0,0,3.242,2.3978952727983707,2010,34
77,0,1,0,0,1,0,0.943,0.701,1,0,0,0,0,0,0,0,0,0,1,0,0,0,1,0,0,0,0,0,0,1,0,0,0,0,0,0,0,1,0,0,0.0,5.676753802268282,0.0,292.0,74.0,0,0,0,0,0,0,1,0,0,0,0,0,0,0,0,1,0,0,0,0,0,0,0,0,0,0,0,0,1,0,0,0,3.242,2.3978952727983707,2010,34
77,0,1,0,0,1,0,0.07,0.743,1,0,0,0,0,0,0,0,0,0,1,0,0,0,1,0,0,0,0,0,0,0,1,0,0,0,0,0,0,1,0,0,1.0986122886681098,5.676753802268282,0.0,292.0,74.0,1,0,0,0,0,0,1,0,0,0,0,0,0,0,0,1,0,0,0,0,0,0,0,0,0,0,0,0,1,0,0,0,3.242,2.3978952727983707,2010,34
77,0,1,0,0,1,0,-0.258,0.69,1,0,0,0,0,0,0,0,0,0,1,0,0,0,1,0,0,0,0,0,0,0,1,0,0,0,0,0,0,1,0,0,1.791759469228055,5.676753802268282,0.0,292.0,74.0,1,0,0,0,0,0,1,0,0,0,0,0,0,0,0,1,0,0,0,0,0,0,0,0,0,0,0,0,1,0,0,0,3.242,2.3978952727983707,2010,34
77,0,1,0,0,1,0,-0.348,0.701,1,0,0,0,0,0,0,0,0,0,1,0,0,0,1,0,0,0,0,0,0,0,0,1,0,0,0,0,0,1,0,0,2.4849066497880004,5.676753802268282,0.0,292.0,74.0,1,0,0,0,0,0,1,0,0,0,0,0,0,0,0,1,0,0,0,0,0,0,0,0,0,0,0,0,1,0,0,0,3.242,2.3978952727983707,2010,34
77,0,1,0,0,1,0,-1.146,0.512,1,0,0,0,0,0,0,0,0,0,0,0,1,0,1,0,0,0,0,0,0,1,0,0,0,0,0,0,0,1,0,0,0.0,5.676753802268282,0.0,292.0,74.0,0,0,0,0,0,0,1,0,0,0,0,0,0,0,0,1,0,0,0,0,0,0,0,0,0,0,0,0,1,0,0,0,3.242,2.3978952727983707,2010,34
77,0,1,0,0,1,0,-0.92,0.431,1,0,0,0,0,0,0,0,0,0,0,0,1,0,1,0,0,0,0,0,0,0,1,0,0,0,0,0,0,1,0,0,1.0986122886681098,5.676753802268282,0.0,292.0,74.0,1,0,0,0,0,0,1,0,0,0,0,0,0,0,0,1,0,0,0,0,0,0,0,0,0,0,0,0,1,0,0,0,3.242,2.3978952727983707,2010,34
77,0,1,0,0,1,0,-0.981,0.517,1,0,0,0,0,0,0,0,0,0,0,0,1,0,1,0,0,0,0,0,0,0,1,0,0,0,0,0,0,1,0,0,1.791759469228055,5.676753802268282,0.0,292.0,74.0,1,0,0,0,0,0,1,0,0,0,0,0,0,0,0,1,0,0,0,0,0,0,0,0,0,0,0,0,1,0,0,0,3.242,2.3978952727983707,2010,34
77,0,1,0,0,1,0,-0.918,0.499,1,0,0,0,0,0,0,0,0,0,0,0,1,0,1,0,0,0,0,0,0,0,0,1,0,0,0,0,0,1,0,0,2.4849066497880004,5.676753802268282,0.0,292.0,74.0,1,0,0,0,0,0,1,0,0,0,0,0,0,0,0,1,0,0,0,0,0,0,0,0,0,0,0,0,1,0,0,0,3.242,2.3978952727983707,2010,34
77,0,1,0,0,1,0,-0.429,0.761,1,0,0,0,0,0,0,0,0,0,1,0,0,0,1,0,0,0,0,0,0,1,0,0,0,0,0,0,0,1,0,0,0.0,5.676753802268282,0.0,292.0,74.0,0,0,0,0,0,0,1,0,0,0,0,0,0,0,0,1,0,0,0,0,0,0,0,0,0,0,0,0,1,0,0,0,3.242,2.3978952727983707,2010,34
77,0,1,0,0,1,0,-0.055,1.178,1,0,0,0,0,0,0,0,0,0,1,0,0,0,1,0,0,0,0,0,0,0,1,0,0,0,0,0,0,1,0,0,1.0986122886681098,5.676753802268282,0.0,292.0,74.0,1,0,0,0,0,0,1,0,0,0,0,0,0,0,0,1,0,0,0,0,0,0,0,0,0,0,0,0,1,0,0,0,3.242,2.3978952727983707,2010,34
77,0,1,0,0,1,0,-0.073,1.262,1,0,0,0,0,0,0,0,0,0,1,0,0,0,1,0,0,0,0,0,0,0,1,0,0,0,0,0,0,1,0,0,1.791759469228055,5.676753802268282,0.0,292.0,74.0,1,0,0,0,0,0,1,0,0,0,0,0,0,0,0,1,0,0,0,0,0,0,0,0,0,0,0,0,1,0,0,0,3.242,2.3978952727983707,2010,34
77,0,1,0,0,1,0,0.034,1.257,1,0,0,0,0,0,0,0,0,0,1,0,0,0,1,0,0,0,0,0,0,0,0,1,0,0,0,0,0,1,0,0,2.4849066497880004,5.676753802268282,0.0,292.0,74.0,1,0,0,0,0,0,1,0,0,0,0,0,0,0,0,1,0,0,0,0,0,0,0,0,0,0,0,0,1,0,0,0,3.242,2.3978952727983707,2010,34
77,0,1,0,0,1,0,-0.864,0.667,1,0,0,0,0,0,0,0,0,0,0,1,0,0,1,0,0,0,0,0,0,1,0,0,0,0,0,0,0,1,0,0,0.0,5.676753802268282,0.0,292.0,74.0,0,0,0,0,0,0,1,0,0,0,0,0,0,0,0,1,0,0,0,0,0,0,0,0,0,0,0,0,1,0,0,0,3.242,2.3978952727983707,2010,34
77,0,1,0,0,1,0,-0.997,0.562,1,0,0,0,0,0,0,0,0,0,0,1,0,0,1,0,0,0,0,0,0,0,1,0,0,0,0,0,0,1,0,0,1.0986122886681098,5.676753802268282,0.0,292.0,74.0,1,0,0,0,0,0,1,0,0,0,0,0,0,0,0,1,0,0,0,0,0,0,0,0,0,0,0,0,1,0,0,0,3.242,2.3978952727983707,2010,34
77,0,1,0,0,1,0,-0.539,0.566,1,0,0,0,0,0,0,0,0,0,0,1,0,0,1,0,0,0,0,0,0,0,1,0,0,0,0,0,0,1,0,0,1.791759469228055,5.676753802268282,0.0,292.0,74.0,1,0,0,0,0,0,1,0,0,0,0,0,0,0,0,1,0,0,0,0,0,0,0,0,0,0,0,0,1,0,0,0,3.242,2.3978952727983707,2010,34
77,0,1,0,0,1,0,-0.625,0.567,1,0,0,0,0,0,0,0,0,0,0,1,0,0,1,0,0,0,0,0,0,0,0,1,0,0,0,0,0,1,0,0,2.4849066497880004,5.676753802268282,0.0,292.0,74.0,1,0,0,0,0,0,1,0,0,0,0,0,0,0,0,1,0,0,0,0,0,0,0,0,0,0,0,0,1,0,0,0,3.242,2.3978952727983707,2010,34
77,0,1,0,0,1,0,-3.317,2.231,0,0,0,0,0,0,0,0,0,1,1,0,0,0,1,0,0,0,0,0,0,1,0,0,0,0,0,0,0,1,0,0,0.0,4.787491742782046,0.0,120.0,81.5,0,0,0,0,0,0,1,0,0,0,0,0,0,0,0,1,0,0,0,0,0,0,0,0,0,0,0,0,1,0,0,0,3.242,2.3978952727983707,2010,34
77,0,1,0,0,1,0,-1.782,2.365,0,0,0,0,0,0,0,0,0,1,1,0,0,0,1,0,0,0,0,0,0,0,1,0,0,0,0,0,0,1,0,0,1.0986122886681098,4.787491742782046,0.0,120.0,81.5,1,0,0,0,0,0,1,0,0,0,0,0,0,0,0,1,0,0,0,0,0,0,0,0,0,0,0,0,1,0,0,0,3.242,2.3978952727983707,2010,34
77,0,1,0,0,1,0,-2.683,2.194,0,0,0,0,0,0,0,0,0,1,1,0,0,0,1,0,0,0,0,0,0,0,1,0,0,0,0,0,0,1,0,0,1.791759469228055,4.787491742782046,0.0,120.0,81.5,1,0,0,0,0,0,1,0,0,0,0,0,0,0,0,1,0,0,0,0,0,0,0,0,0,0,0,0,1,0,0,0,3.242,2.3978952727983707,2010,34
77,0,1,0,0,1,0,-4.512,1.574,0,0,0,0,0,0,0,0,0,1,1,0,0,0,1,0,0,0,0,0,0,0,0,1,0,0,0,0,0,1,0,0,2.4849066497880004,4.787491742782046,0.0,120.0,81.5,1,0,0,0,0,0,1,0,0,0,0,0,0,0,0,1,0,0,0,0,0,0,0,0,0,0,0,0,1,0,0,0,3.242,2.3978952727983707,2010,34
77,0,1,0,0,1,0,-0.944,0.897,1,0,0,0,0,0,0,0,0,0,0,0,0,1,1,0,0,0,0,0,0,1,0,0,0,0,0,0,0,1,0,0,0.0,4.787491742782046,2.3978952727983707,1320.0,81.5,0,0,0,0,0,0,1,0,0,0,0,0,0,0,0,1,0,0,0,0,0,0,0,0,0,0,0,0,1,0,0,0,3.242,2.3978952727983707,2010,34
77,0,1,0,0,1,0,-0.93,0.965,1,0,0,0,0,0,0,0,0,0,0,0,0,1,1,0,0,0,0,0,0,0,1,0,0,0,0,0,0,1,0,0,1.0986122886681098,4.787491742782046,2.3978952727983707,1320.0,81.5,1,0,0,0,0,0,1,0,0,0,0,0,0,0,0,1,0,0,0,0,0,0,0,0,0,0,0,0,1,0,0,0,3.242,2.3978952727983707,2010,34
77,0,1,0,0,1,0,-0.982,0.983,1,0,0,0,0,0,0,0,0,0,0,0,0,1,1,0,0,0,0,0,0,0,1,0,0,0,0,0,0,1,0,0,1.791759469228055,4.787491742782046,2.3978952727983707,1320.0,81.5,1,0,0,0,0,0,1,0,0,0,0,0,0,0,0,1,0,0,0,0,0,0,0,0,0,0,0,0,1,0,0,0,3.242,2.3978952727983707,2010,34
77,0,1,0,0,1,0,-1.103,0.901,1,0,0,0,0,0,0,0,0,0,0,0,0,1,1,0,0,0,0,0,0,0,0,1,0,0,0,0,0,1,0,0,2.4849066497880004,4.787491742782046,2.3978952727983707,1320.0,81.5,1,0,0,0,0,0,1,0,0,0,0,0,0,0,0,1,0,0,0,0,0,0,0,0,0,0,0,0,1,0,0,0,3.242,2.3978952727983707,2010,34
115,1,0,0,1,0,0,1.0227,0.0233,1,0,0,0,0,0,0,0,0,0,0,0,1,0,1,0,0,0,0,0,0,1,0,0,0,0,0,0,0,1,0,0,0.0,4.624972813284271,0.0,102.0,52.0,0,0,0,0,0,0,1,0,0,0,0,0,0,0,0,1,0,0,0,0,0,0,0,0,0,0,0,0,0,0,0,1,2.431,1.6199092123013956,1981,5
115,1,0,0,1,0,0,1.0231,0.238,1,0,0,0,0,0,0,0,0,0,0,0,1,0,1,0,0,0,0,0,0,1,0,0,0,0,0,0,0,1,0,0,0.0,4.564348191467836,0.0,96.0,52.5,0,0,0,0,0,0,1,0,0,0,0,0,0,0,0,1,0,0,0,0,0,0,0,0,0,0,0,0,0,0,0,1,2.431,1.6199092123013956,1981,5
115,1,0,0,1,0,0,0.9221,0.0933,1,0,0,0,0,0,0,0,0,0,0,0,1,0,1,0,0,0,0,0,0,1,0,0,0,0,0,0,0,1,0,0,0.0,3.1354942159291497,0.0,23.0,49.5,0,0,0,0,0,0,1,0,0,0,0,0,0,0,0,1,0,0,0,0,0,0,0,0,0,0,0,0,0,0,0,1,2.431,1.6199092123013956,1981,5
115,1,0,0,1,0,0,0.8767,0.1129,1,0,0,0,0,0,0,0,0,0,0,0,1,0,1,0,0,0,0,0,0,1,0,0,0,0,0,0,0,1,0,0,0.0,3.1354942159291497,0.0,23.0,51.5,0,0,0,0,0,0,1,0,0,0,0,0,0,0,0,1,0,0,0,0,0,0,0,0,0,0,0,0,0,0,0,1,2.431,1.6199092123013956,1981,5
115,1,0,0,1,0,0,0.7293,0.1531,1,0,0,0,0,0,0,0,0,0,0,0,1,0,1,0,0,0,0,0,0,1,0,0,0,0,0,0,0,1,0,0,0.0,3.1354942159291497,0.0,23.0,53.5,0,0,0,0,0,0,1,0,0,0,0,0,0,0,0,1,0,0,0,0,0,0,0,0,0,0,0,0,0,0,0,1,2.431,1.6199092123013956,1981,5
115,1,0,0,1,0,0,0.9597,0.0587,1,0,0,0,0,0,0,0,0,0,0,0,1,0,1,0,0,0,0,0,0,1,0,0,0,0,0,0,0,1,0,0,0.0,3.1354942159291497,0.0,23.0,55.5,0,0,0,0,0,0,1,0,0,0,0,0,0,0,0,1,0,0,0,0,0,0,0,0,0,0,0,0,0,0,0,1,2.431,1.6199092123013956,1981,5
115,1,0,0,1,0,0,0.9225,0.0521,1,0,0,0,0,0,0,0,0,0,0,0,1,0,1,0,0,0,0,0,0,1,0,0,0,0,0,0,0,1,0,0,0.0,4.248495242049359,0.0,70.0,51.5,0,0,0,0,0,0,1,0,0,0,0,0,0,0,0,1,0,0,0,0,0,0,0,0,0,0,0,0,0,0,0,1,2.431,1.6199092123013956,1981,5
115,0,1,0,0,1,0,0.0521,0.6916,1,0,0,0,0,0,0,0,0,0,0,0,1,0,1,0,0,0,0,0,0,1,0,0,0,0,0,0,0,1,0,0,0.0,4.624972813284271,0.0,102.0,52.0,0,0,0,0,0,0,1,0,0,0,0,0,0,0,0,1,0,0,0,0,0,0,0,0,0,0,0,0,0,0,0,1,2.431,1.6199092123013956,1981,5
115,0,1,0,0,1,0,-0.0937,0.7172,1,0,0,0,0,0,0,0,0,0,0,0,1,0,1,0,0,0,0,0,0,1,0,0,0,0,0,0,0,1,0,0,0.0,4.564348191467836,0.0,96.0,52.5,0,0,0,0,0,0,1,0,0,0,0,0,0,0,0,1,0,0,0,0,0,0,0,0,0,0,0,0,0,0,0,1,2.431,1.6199092123013956,1981,5
115,0,1,0,0,1,0,-1.1908,1.1868,1,0,0,0,0,0,0,0,0,0,0,0,1,0,1,0,0,0,0,0,0,1,0,0,0,0,0,0,0,1,0,0,0.0,3.1354942159291497,0.0,23.0,49.5,0,0,0,0,0,0,1,0,0,0,0,0,0,0,0,1,0,0,0,0,0,0,0,0,0,0,0,0,0,0,0,1,2.431,1.6199092123013956,1981,5
115,0,1,0,0,1,0,-1.3377,1.4892,1,0,0,0,0,0,0,0,0,0,0,0,1,0,1,0,0,0,0,0,0,1,0,0,0,0,0,0,0,1,0,0,0.0,3.1354942159291497,0.0,23.0,51.5,0,0,0,0,0,0,1,0,0,0,0,0,0,0,0,1,0,0,0,0,0,0,0,0,0,0,0,0,0,0,0,1,2.431,1.6199092123013956,1981,5
115,0,1,0,0,1,0,-1.3071,2.25,1,0,0,0,0,0,0,0,0,0,0,0,1,0,1,0,0,0,0,0,0,1,0,0,0,0,0,0,0,1,0,0,0.0,3.1354942159291497,0.0,23.0,53.5,0,0,0,0,0,0,1,0,0,0,0,0,0,0,0,1,0,0,0,0,0,0,0,0,0,0,0,0,0,0,0,1,2.431,1.6199092123013956,1981,5
115,0,1,0,0,1,0,0.5094,2.333,1,0,0,0,0,0,0,0,0,0,0,0,1,0,1,0,0,0,0,0,0,1,0,0,0,0,0,0,0,1,0,0,0.0,3.1354942159291497,0.0,23.0,55.5,0,0,0,0,0,0,1,0,0,0,0,0,0,0,0,1,0,0,0,0,0,0,0,0,0,0,0,0,0,0,0,1,2.431,1.6199092123013956,1981,5
115,0,1,0,0,1,0,-0.947,0.4683,1,0,0,0,0,0,0,0,0,0,0,0,1,0,1,0,0,0,0,0,0,1,0,0,0,0,0,0,0,1,0,0,0.0,4.248495242049359,0.0,70.0,51.5,0,0,0,0,0,0,1,0,0,0,0,0,0,0,0,1,0,0,0,0,0,0,0,0,0,0,0,0,0,0,0,1,2.431,1.6199092123013956,1981,5
115,1,0,0,1,0,0,0.099,0.694,1,0,0,0,0,0,0,0,0,0,0,0,1,0,1,0,0,0,0,0,0,1,0,0,0,0,0,0,0,1,0,0,0.0,4.624972813284271,0.0,102.0,52.0,0,0,0,0,0,1,1,0,0,0,0,0,0,0,0,1,0,0,0,0,0,0,0,0,0,0,0,0,0,0,0,1,2.431,1.6199092123013956,1981,5
115,1,0,0,1,0,0,-0.0461,0.7196,1,0,0,0,0,0,0,0,0,0,0,0,1,0,1,0,0,0,0,0,0,1,0,0,0,0,0,0,0,1,0,0,0.0,4.564348191467836,0.0,96.0,52.5,0,0,0,0,0,1,1,0,0,0,0,0,0,0,0,1,0,0,0,0,0,0,0,0,0,0,0,0,0,0,0,1,2.431,1.6199092123013956,1981,5
115,1,0,0,1,0,0,-2.348,1.2722,1,0,0,0,0,0,0,0,0,0,0,0,1,0,1,0,0,0,0,0,0,1,0,0,0,0,0,0,0,1,0,0,0.0,3.1354942159291497,0.0,23.0,49.5,0,0,0,0,0,1,1,0,0,0,0,0,0,0,0,1,0,0,0,0,0,0,0,0,0,0,0,0,0,0,0,1,2.431,1.6199092123013956,1981,5
115,1,0,0,1,0,0,-2.5342,1.5468,1,0,0,0,0,0,0,0,0,0,0,0,1,0,1,0,0,0,0,0,0,1,0,0,0,0,0,0,0,1,0,0,0.0,3.1354942159291497,0.0,23.0,51.5,0,0,0,0,0,1,1,0,0,0,0,0,0,0,0,1,0,0,0,0,0,0,0,0,0,0,0,0,0,0,0,1,2.431,1.6199092123013956,1981,5
115,1,0,0,1,0,0,-3.4531,2.2283,1,0,0,0,0,0,0,0,0,0,0,0,1,0,1,0,0,0,0,0,0,1,0,0,0,0,0,0,0,1,0,0,0.0,3.1354942159291497,0.0,23.0,53.5,0,0,0,0,0,1,1,0,0,0,0,0,0,0,0,1,0,0,0,0,0,0,0,0,0,0,0,0,0,0,0,1,2.431,1.6199092123013956,1981,5
115,1,0,0,1,0,0,-6.0048,4.3899,1,0,0,0,0,0,0,0,0,0,0,0,1,0,1,0,0,0,0,0,0,1,0,0,0,0,0,0,0,1,0,0,0.0,3.1354942159291497,0.0,23.0,55.5,0,0,0,0,0,1,1,0,0,0,0,0,0,0,0,1,0,0,0,0,0,0,0,0,0,0,0,0,0,0,0,1,2.431,1.6199092123013956,1981,5
115,1,0,0,1,0,0,-1.0508,0.4648,1,0,0,0,0,0,0,0,0,0,0,0,1,0,1,0,0,0,0,0,0,1,0,0,0,0,0,0,0,1,0,0,0.0,4.248495242049359,0.0,70.0,51.5,0,0,0,0,0,1,1,0,0,0,0,0,0,0,0,1,0,0,0,0,0,0,0,0,0,0,0,0,0,0,0,1,2.431,1.6199092123013956,1981,5
18,0,1,0,0,1,0,-1.58,0.68,1,0,0,0,0,0,0,0,0,0,1,0,0,0,1,0,0,0,0,0,0,1,0,0,0,0,0,0,0,1,0,0,0.0,4.804021044733257,0.0,122.0,55.5,0,0,0,0,0,0,1,0,0,0,0,0,0,0,0,1,0,0,0,0,0,0,0,0,0,0,0,0,0,1,0,0,2.308,4.193111962410283,1984,8
18,0,1,0,0,1,0,-0.87,0.61,1,0,0,0,0,0,0,0,0,0,0,0,1,0,1,0,0,0,0,0,0,1,0,0,0,0,0,0,0,1,0,0,0.0,4.804021044733257,0.0,122.0,55.5,0,0,0,0,0,0,1,0,0,0,0,0,0,0,0,1,0,0,0,0,0,0,0,0,0,0,0,0,0,1,0,0,2.308,4.193111962410283,1984,8
18,0,1,0,0,1,0,-0.87,0.63,0,0,0,0,1,0,0,0,0,0,1,0,0,0,1,0,0,0,0,0,0,1,0,0,0,0,0,0,0,1,0,0,0.0,4.804021044733257,0.0,122.0,55.5,0,0,0,0,0,0,1,0,0,0,0,0,0,0,0,1,0,0,0,0,0,0,0,0,0,0,0,0,0,1,0,0,2.308,4.193111962410283,1984,8
18,0,1,0,0,1,0,-0.51,0.38,0,0,0,0,0,0,1,0,0,0,1,0,0,0,1,0,0,0,0,0,0,1,0,0,0,0,0,0,0,1,0,0,0.0,4.804021044733257,0.0,122.0,55.5,0,0,0,0,0,0,1,0,0,0,0,0,0,0,0,1,0,0,0,0,0,0,0,0,0,0,0,0,0,1,0,0,2.308,4.193111962410283,1984,8
18,0,1,0,0,1,0,-0.29,0.43,0,0,0,0,0,0,0,1,0,0,0,1,0,0,1,0,0,0,0,0,0,1,0,0,0,0,0,0,0,1,0,0,0.0,4.804021044733257,0.0,122.0,55.5,0,0,0,0,0,0,1,0,0,0,0,0,0,0,0,1,0,0,0,0,0,0,0,0,0,0,0,0,0,1,0,0,2.308,4.193111962410283,1984,8
18,0,1,0,0,1,0,-1.43,0.86,1,0,0,0,0,0,0,0,0,0,1,0,0,0,1,0,0,0,0,0,0,1,0,0,0,0,0,0,0,1,0,0,0.0,4.804021044733257,0.0,122.0,55.5,0,0,0,0,0,0,1,0,0,0,0,0,0,0,0,1,0,0,0,0,0,0,0,0,0,0,0,0,0,1,0,0,2.308,4.193111962410283,1984,8
18,0,1,0,0,1,0,-1.14,0.92,0,0,0,0,0,0,0,0,1,0,1,0,0,0,1,0,0,0,0,0,0,1,0,0,0,0,0,0,0,1,0,0,0.0,4.804021044733257,0.0,122.0,55.5,0,0,0,0,0,0,1,0,0,0,0,0,0,0,0,1,0,0,0,0,0,0,0,0,0,0,0,0,0,1,0,0,2.308,4.193111962410283,1984,8
18,0,1,0,0,1,0,-0.9,0.66,0,0,0,0,0,1,0,0,0,0,1,0,0,0,1,0,0,0,0,0,0,1,0,0,0,0,0,0,0,1,0,0,0.0,4.804021044733257,0.0,122.0,55.5,0,0,0,0,0,0,1,0,0,0,0,0,0,0,0,1,0,0,0,0,0,0,0,0,0,0,0,0,0,1,0,0,2.308,4.193111962410283,1984,8
18,0,1,0,0,1,0,-1.32,1.15,0,0,0,1,0,0,0,0,0,0,1,0,0,0,1,0,0,0,0,0,0,1,0,0,0,0,0,0,0,1,0,0,0.0,4.804021044733257,0.0,122.0,55.5,0,0,0,0,0,0,1,0,0,0,0,0,0,0,0,1,0,0,0,0,0,0,0,0,0,0,0,0,0,1,0,0,2.308,4.193111962410283,1984,8
18,0,1,0,0,1,0,-0.72,0.24,1,0,0,0,0,0,0,0,0,0,1,0,0,0,1,0,0,0,0,0,0,1,0,0,0,0,0,0,0,1,0,0,0.0,4.804021044733257,0.0,122.0,55.5,0,0,0,0,0,0,0,0,0,0,0,0,1,0,0,1,0,0,0,0,0,0,0,0,0,0,0,0,0,1,0,0,2.308,4.193111962410283,1984,8
18,0,1,0,0,1,0,-1.04,0.59,1,0,0,0,0,0,0,0,0,0,0,0,1,0,1,0,0,0,0,0,0,1,0,0,0,0,0,0,0,1,0,0,0.0,4.804021044733257,0.0,122.0,55.5,0,0,0,0,0,0,0,0,0,0,0,0,1,0,0,1,0,0,0,0,0,0,0,0,0,0,0,0,0,1,0,0,2.308,4.193111962410283,1984,8
18,0,1,0,0,1,0,-0.21,0.3,0,0,0,0,1,0,0,0,0,0,1,0,0,0,1,0,0,0,0,0,0,1,0,0,0,0,0,0,0,1,0,0,0.0,4.804021044733257,0.0,122.0,55.5,0,0,0,0,0,0,0,0,0,0,0,0,1,0,0,1,0,0,0,0,0,0,0,0,0,0,0,0,0,1,0,0,2.308,4.193111962410283,1984,8
18,0,1,0,0,1,0,-0.44,0.24,0,0,0,0,0,0,1,0,0,0,1,0,0,0,1,0,0,0,0,0,0,1,0,0,0,0,0,0,0,1,0,0,0.0,4.804021044733257,0.0,122.0,55.5,0,0,0,0,0,0,0,0,0,0,0,0,1,0,0,1,0,0,0,0,0,0,0,0,0,0,0,0,0,1,0,0,2.308,4.193111962410283,1984,8
18,0,1,0,0,1,0,-0.28,0.35,0,0,0,0,0,0,0,1,0,0,0,1,0,0,1,0,0,0,0,0,0,1,0,0,0,0,0,0,0,1,0,0,0.0,4.804021044733257,0.0,122.0,55.5,0,0,0,0,0,0,0,0,0,0,0,0,1,0,0,1,0,0,0,0,0,0,0,0,0,0,0,0,0,1,0,0,2.308,4.193111962410283,1984,8
18,0,1,0,0,1,0,-0.78,0.25,1,0,0,0,0,0,0,0,0,0,1,0,0,0,1,0,0,0,0,0,0,1,0,0,0,0,0,0,0,1,0,0,0.0,4.804021044733257,0.0,122.0,55.5,0,0,0,0,0,0,0,0,0,0,0,0,1,0,0,1,0,0,0,0,0,0,0,0,0,0,0,0,0,1,0,0,2.308,4.193111962410283,1984,8
18,0,1,0,0,1,0,-1.15,0.5,0,0,0,0,0,0,0,0,1,0,1,0,0,0,1,0,0,0,0,0,0,1,0,0,0,0,0,0,0,1,0,0,0.0,4.804021044733257,0.0,122.0,55.5,0,0,0,0,0,0,0,0,0,0,0,0,1,0,0,1,0,0,0,0,0,0,0,0,0,0,0,0,0,1,0,0,2.308,4.193111962410283,1984,8
18,0,1,0,0,1,0,-0.69,0.51,0,0,0,0,0,1,0,0,0,0,1,0,0,0,1,0,0,0,0,0,0,1,0,0,0,0,0,0,0,1,0,0,0.0,4.804021044733257,0.0,122.0,55.5,0,0,0,0,0,0,0,0,0,0,0,0,1,0,0,1,0,0,0,0,0,0,0,0,0,0,0,0,0,1,0,0,2.308,4.193111962410283,1984,8
18,0,1,0,0,1,0,-0.89,0.32,0,0,0,1,0,0,0,0,0,0,1,0,0,0,1,0,0,0,0,0,0,1,0,0,0,0,0,0,0,1,0,0,0.0,4.804021044733257,0.0,122.0,55.5,0,0,0,0,0,0,0,0,0,0,0,0,1,0,0,1,0,0,0,0,0,0,0,0,0,0,0,0,0,1,0,0,2.308,4.193111962410283,1984,8
18,0,1,0,0,1,0,-0.58,0.13,1,0,0,0,0,0,0,0,0,0,0,0,0,1,1,0,0,0,0,0,0,1,0,0,0,0,0,0,0,1,0,0,0.0,4.804021044733257,2.1972245773362196,1098.0,55.5,0,0,0,0,0,0,0,0,0,0,0,0,1,0,0,1,0,0,0,0,0,0,0,0,0,0,0,0,0,1,0,0,2.308,4.193111962410283,1984,8
18,0,1,0,0,1,0,-0.58,0.13,1,0,0,0,0,0,0,0,0,0,0,0,0,1,1,0,0,0,0,0,0,1,0,0,0,0,0,0,0,1,0,0,0.0,4.804021044733257,2.1972245773362196,1098.0,55.5,0,0,0,0,0,0,0,0,0,0,0,0,1,0,0,1,0,0,0,0,0,0,0,0,0,0,0,0,0,1,0,0,2.308,4.193111962410283,1984,8
18,0,1,0,0,1,0,-0.58,0.13,1,0,0,0,0,0,0,0,0,0,0,0,0,1,1,0,0,0,0,0,0,1,0,0,0,0,0,0,0,1,0,0,0.0,4.804021044733257,2.1972245773362196,1098.0,55.5,0,0,0,0,0,0,0,0,0,0,0,0,1,0,0,1,0,0,0,0,0,0,0,0,0,0,0,0,0,1,0,0,2.308,4.193111962410283,1984,8
18,0,1,0,0,1,0,-0.58,0.13,1,0,0,0,0,0,0,0,0,0,0,0,0,1,1,0,0,0,0,0,0,1,0,0,0,0,0,0,0,1,0,0,0.0,4.804021044733257,2.1972245773362196,1098.0,55.5,0,0,0,0,0,0,0,0,0,0,0,0,1,0,0,1,0,0,0,0,0,0,0,0,0,0,0,0,0,1,0,0,2.308,4.193111962410283,1984,8
18,0,1,0,0,1,0,-0.58,0.13,1,0,0,0,0,0,0,0,0,0,0,0,0,1,1,0,0,0,0,0,0,1,0,0,0,0,0,0,0,1,0,0,0.0,4.804021044733257,2.1972245773362196,1098.0,55.5,0,0,0,0,0,0,0,0,0,0,0,0,1,0,0,1,0,0,0,0,0,0,0,0,0,0,0,0,0,1,0,0,2.308,4.193111962410283,1984,8
18,0,1,0,0,1,0,-0.58,0.13,1,0,0,0,0,0,0,0,0,0,0,0,0,1,1,0,0,0,0,0,0,1,0,0,0,0,0,0,0,1,0,0,0.0,4.804021044733257,2.1972245773362196,1098.0,55.5,0,0,0,0,0,0,0,0,0,0,0,0,1,0,0,1,0,0,0,0,0,0,0,0,0,0,0,0,0,1,0,0,2.308,4.193111962410283,1984,8
18,0,1,0,0,1,0,-0.58,0.13,1,0,0,0,0,0,0,0,0,0,0,0,0,1,1,0,0,0,0,0,0,1,0,0,0,0,0,0,0,1,0,0,0.0,4.804021044733257,2.1972245773362196,1098.0,55.5,0,0,0,0,0,0,0,0,0,0,0,0,1,0,0,1,0,0,0,0,0,0,0,0,0,0,0,0,0,1,0,0,2.308,4.193111962410283,1984,8
18,0,1,0,0,1,0,-0.58,0.13,1,0,0,0,0,0,0,0,0,0,0,0,0,1,1,0,0,0,0,0,0,1,0,0,0,0,0,0,0,1,0,0,0.0,4.804021044733257,2.1972245773362196,1098.0,55.5,0,0,0,0,0,0,0,0,0,0,0,0,1,0,0,1,0,0,0,0,0,0,0,0,0,0,0,0,0,1,0,0,2.308,4.193111962410283,1984,8
18,0,1,0,0,1,0,-0.58,0.13,1,0,0,0,0,0,0,0,0,0,0,0,0,1,1,0,0,0,0,0,0,1,0,0,0,0,0,0,0,1,0,0,0.0,4.804021044733257,2.1972245773362196,1098.0,55.5,0,0,0,0,0,0,0,0,0,0,0,0,1,0,0,1,0,0,0,0,0,0,0,0,0,0,0,0,0,1,0,0,2.308,4.193111962410283,1984,8
18,0,1,0,0,1,0,-1.42,0.83,1,0,0,0,0,0,0,0,0,0,0,0,0,1,1,0,0,0,0,0,0,1,0,0,0,0,0,0,0,1,0,0,0.0,4.110873864173311,0.0,61.0,53.5,0,0,0,0,0,0,1,0,0,0,0,0,0,0,0,1,0,0,0,0,0,0,0,0,0,0,0,0,0,1,0,0,2.308,4.193111962410283,1984,8
18,0,1,0,0,1,0,-0.32,0.77,1,0,0,0,0,0,0,0,0,0,0,0,1,0,1,0,0,0,0,0,0,1,0,0,0,0,0,0,0,1,0,0,0.0,4.110873864173311,0.0,61.0,53.5,0,0,0,0,0,0,1,0,0,0,0,0,0,0,0,1,0,0,0,0,0,0,0,0,0,0,0,0,0,1,0,0,2.308,4.193111962410283,1984,8
18,0,1,0,0,1,0,-1.38,0.87,0,0,0,0,1,0,0,0,0,0,1,0,0,0,1,0,0,0,0,0,0,1,0,0,0,0,0,0,0,1,0,0,0.0,4.110873864173311,0.0,61.0,53.5,0,0,0,0,0,0,1,0,0,0,0,0,0,0,0,1,0,0,0,0,0,0,0,0,0,0,0,0,0,1,0,0,2.308,4.193111962410283,1984,8
18,0,1,0,0,1,0,-0.51,0.47,0,0,0,0,0,0,1,0,0,0,1,0,0,0,1,0,0,0,0,0,0,1,0,0,0,0,0,0,0,1,0,0,0.0,4.110873864173311,0.0,61.0,53.5,0,0,0,0,0,0,1,0,0,0,0,0,0,0,0,1,0,0,0,0,0,0,0,0,0,0,0,0,0,1,0,0,2.308,4.193111962410283,1984,8
18,0,1,0,0,1,0,0.31,0.42,0,0,0,0,0,0,0,1,0,0,0,1,0,0,1,0,0,0,0,0,0,1,0,0,0,0,0,0,0,1,0,0,0.0,4.110873864173311,0.0,61.0,53.5,0,0,0,0,0,0,1,0,0,0,0,0,0,0,0,1,0,0,0,0,0,0,0,0,0,0,0,0,0,1,0,0,2.308,4.193111962410283,1984,8
18,0,1,0,0,1,0,-1.22,1.14,1,0,0,0,0,0,0,0,0,0,1,0,0,0,1,0,0,0,0,0,0,1,0,0,0,0,0,0,0,1,0,0,0.0,4.110873864173311,0.0,61.0,53.5,0,0,0,0,0,0,1,0,0,0,0,0,0,0,0,1,0,0,0,0,0,0,0,0,0,0,0,0,0,1,0,0,2.308,4.193111962410283,1984,8
18,0,1,0,0,1,0,0.81,1.4,0,0,0,0,0,0,0,0,1,0,1,0,0,0,1,0,0,0,0,0,0,1,0,0,0,0,0,0,0,1,0,0,0.0,4.110873864173311,0.0,61.0,53.5,0,0,0,0,0,0,1,0,0,0,0,0,0,0,0,1,0,0,0,0,0,0,0,0,0,0,0,0,0,1,0,0,2.308,4.193111962410283,1984,8
18,0,1,0,0,1,0,0.02,1.04,0,0,0,0,0,1,0,0,0,0,1,0,0,0,1,0,0,0,0,0,0,1,0,0,0,0,0,0,0,1,0,0,0.0,4.110873864173311,0.0,61.0,53.5,0,0,0,0,0,0,1,0,0,0,0,0,0,0,0,1,0,0,0,0,0,0,0,0,0,0,0,0,0,1,0,0,2.308,4.193111962410283,1984,8
18,0,1,0,0,1,0,-2.6,2.12,0,0,0,1,0,0,0,0,0,0,1,0,0,0,1,0,0,0,0,0,0,1,0,0,0,0,0,0,0,1,0,0,0.0,4.110873864173311,0.0,61.0,53.5,0,0,0,0,0,0,1,0,0,0,0,0,0,0,0,1,0,0,0,0,0,0,0,0,0,0,0,0,0,1,0,0,2.308,4.193111962410283,1984,8
18,0,1,0,0,1,0,-1.32,1.18,1,0,0,0,0,0,0,0,0,0,1,0,0,0,1,0,0,0,0,0,0,1,0,0,0,0,0,0,0,1,0,0,0.0,4.110873864173311,0.0,61.0,58.0,0,0,0,0,0,0,1,0,0,0,0,0,0,0,0,1,0,0,0,0,0,0,0,0,0,0,0,0,0,1,0,0,2.308,4.193111962410283,1984,8
18,0,1,0,0,1,0,-1.64,0.98,1,0,0,0,0,0,0,0,0,0,0,0,1,0,1,0,0,0,0,0,0,1,0,0,0,0,0,0,0,1,0,0,0.0,4.110873864173311,0.0,61.0,58.0,0,0,0,0,0,0,1,0,0,0,0,0,0,0,0,1,0,0,0,0,0,0,0,0,0,0,0,0,0,1,0,0,2.308,4.193111962410283,1984,8
18,0,1,0,0,1,0,-0.22,1.11,0,0,0,0,1,0,0,0,0,0,1,0,0,0,1,0,0,0,0,0,0,1,0,0,0,0,0,0,0,1,0,0,0.0,4.110873864173311,0.0,61.0,58.0,0,0,0,0,0,0,1,0,0,0,0,0,0,0,0,1,0,0,0,0,0,0,0,0,0,0,0,0,0,1,0,0,2.308,4.193111962410283,1984,8
18,0,1,0,0,1,0,-0.6,0.8,0,0,0,0,0,0,1,0,0,0,1,0,0,0,1,0,0,0,0,0,0,1,0,0,0,0,0,0,0,1,0,0,0.0,4.110873864173311,0.0,61.0,58.0,0,0,0,0,0,0,1,0,0,0,0,0,0,0,0,1,0,0,0,0,0,0,0,0,0,0,0,0,0,1,0,0,2.308,4.193111962410283,1984,8
18,0,1,0,0,1,0,-1.84,1.46,0,0,0,0,0,0,0,1,0,0,0,1,0,0,1,0,0,0,0,0,0,1,0,0,0,0,0,0,0,1,0,0,0.0,4.110873864173311,0.0,61.0,58.0,0,0,0,0,0,0,1,0,0,0,0,0,0,0,0,1,0,0,0,0,0,0,0,0,0,0,0,0,0,1,0,0,2.308,4.193111962410283,1984,8
18,0,1,0,0,1,0,-1.18,1.77,1,0,0,0,0,0,0,0,0,0,1,0,0,0,1,0,0,0,0,0,0,1,0,0,0,0,0,0,0,1,0,0,0.0,4.110873864173311,0.0,61.0,58.0,0,0,0,0,0,0,1,0,0,0,0,0,0,0,0,1,0,0,0,0,0,0,0,0,0,0,0,0,0,1,0,0,2.308,4.193111962410283,1984,8
18,0,1,0,0,1,0,-2.44,2.5,0,0,0,0,0,0,0,0,1,0,1,0,0,0,1,0,0,0,0,0,0,1,0,0,0,0,0,0,0,1,0,0,0.0,4.110873864173311,0.0,61.0,58.0,0,0,0,0,0,0,1,0,0,0,0,0,0,0,0,1,0,0,0,0,0,0,0,0,0,0,0,0,0,1,0,0,2.308,4.193111962410283,1984,8
18,0,1,0,0,1,0,-2.83,1.12,0,0,0,0,0,1,0,0,0,0,1,0,0,0,1,0,0,0,0,0,0,1,0,0,0,0,0,0,0,1,0,0,0.0,4.110873864173311,0.0,61.0,58.0,0,0,0,0,0,0,1,0,0,0,0,0,0,0,0,1,0,0,0,0,0,0,0,0,0,0,0,0,0,1,0,0,2.308,4.193111962410283,1984,8
18,0,1,0,0,1,0,-0.04,2.1,0,0,0,1,0,0,0,0,0,0,1,0,0,0,1,0,0,0,0,0,0,1,0,0,0,0,0,0,0,1,0,0,0.0,4.110873864173311,0.0,61.0,58.0,0,0,0,0,0,0,1,0,0,0,0,0,0,0,0,1,0,0,0,0,0,0,0,0,0,0,0,0,0,1,0,0,2.308,4.193111962410283,1984,8
18,0,1,0,0,1,0,-0.72,0.22,1,0,0,0,0,0,0,0,0,0,1,0,0,0,1,0,0,0,0,0,0,1,0,0,0,0,0,0,0,1,0,0,0.0,4.110873864173311,0.0,61.0,53.5,0,0,0,0,0,0,0,0,0,0,0,0,1,0,0,1,0,0,0,0,0,0,0,0,0,0,0,0,0,1,0,0,2.308,4.193111962410283,1984,8
18,0,1,0,0,1,0,-0.01,0.71,1,0,0,0,0,0,0,0,0,0,0,0,1,0,1,0,0,0,0,0,0,1,0,0,0,0,0,0,0,1,0,0,0.0,4.110873864173311,0.0,61.0,53.5,0,0,0,0,0,0,0,0,0,0,0,0,1,0,0,1,0,0,0,0,0,0,0,0,0,0,0,0,0,1,0,0,2.308,4.193111962410283,1984,8
18,0,1,0,0,1,0,-0.45,0.56,0,0,0,0,1,0,0,0,0,0,1,0,0,0,1,0,0,0,0,0,0,1,0,0,0,0,0,0,0,1,0,0,0.0,4.110873864173311,0.0,61.0,53.5,0,0,0,0,0,0,0,0,0,0,0,0,1,0,0,1,0,0,0,0,0,0,0,0,0,0,0,0,0,1,0,0,2.308,4.193111962410283,1984,8
18,0,1,0,0,1,0,-0.39,0.37,0,0,0,0,0,0,1,0,0,0,1,0,0,0,1,0,0,0,0,0,0,1,0,0,0,0,0,0,0,1,0,0,0.0,4.110873864173311,0.0,61.0,53.5,0,0,0,0,0,0,0,0,0,0,0,0,1,0,0,1,0,0,0,0,0,0,0,0,0,0,0,0,0,1,0,0,2.308,4.193111962410283,1984,8
18,0,1,0,0,1,0,0.24,0.33,0,0,0,0,0,0,0,1,0,0,0,1,0,0,1,0,0,0,0,0,0,1,0,0,0,0,0,0,0,1,0,0,0.0,4.110873864173311,0.0,61.0,53.5,0,0,0,0,0,0,0,0,0,0,0,0,1,0,0,1,0,0,0,0,0,0,0,0,0,0,0,0,0,1,0,0,2.308,4.193111962410283,1984,8
18,0,1,0,0,1,0,-0.53,0.31,1,0,0,0,0,0,0,0,0,0,1,0,0,0,1,0,0,0,0,0,0,1,0,0,0,0,0,0,0,1,0,0,0.0,4.110873864173311,0.0,61.0,53.5,0,0,0,0,0,0,0,0,0,0,0,0,1,0,0,1,0,0,0,0,0,0,0,0,0,0,0,0,0,1,0,0,2.308,4.193111962410283,1984,8
18,0,1,0,0,1,0,-0.41,0.73,0,0,0,0,0,0,0,0,1,0,1,0,0,0,1,0,0,0,0,0,0,1,0,0,0,0,0,0,0,1,0,0,0.0,4.110873864173311,0.0,61.0,53.5,0,0,0,0,0,0,0,0,0,0,0,0,1,0,0,1,0,0,0,0,0,0,0,0,0,0,0,0,0,1,0,0,2.308,4.193111962410283,1984,8
18,0,1,0,0,1,0,-0.16,0.79,0,0,0,0,0,1,0,0,0,0,1,0,0,0,1,0,0,0,0,0,0,1,0,0,0,0,0,0,0,1,0,0,0.0,4.110873864173311,0.0,61.0,53.5,0,0,0,0,0,0,0,0,0,0,0,0,1,0,0,1,0,0,0,0,0,0,0,0,0,0,0,0,0,1,0,0,2.308,4.193111962410283,1984,8
18,0,1,0,0,1,0,-2.23,0.59,0,0,0,1,0,0,0,0,0,0,1,0,0,0,1,0,0,0,0,0,0,1,0,0,0,0,0,0,0,1,0,0,0.0,4.110873864173311,0.0,61.0,53.5,0,0,0,0,0,0,0,0,0,0,0,0,1,0,0,1,0,0,0,0,0,0,0,0,0,0,0,0,0,1,0,0,2.308,4.193111962410283,1984,8
18,0,1,0,0,1,0,-0.41,0.41,1,0,0,0,0,0,0,0,0,0,1,0,0,0,1,0,0,0,0,0,0,1,0,0,0,0,0,0,0,1,0,0,0.0,4.110873864173311,0.0,61.0,58.0,0,0,0,0,0,0,0,0,0,0,0,0,1,0,0,1,0,0,0,0,0,0,0,0,0,0,0,0,0,1,0,0,2.308,4.193111962410283,1984,8
18,0,1,0,0,1,0,-1.78,0.82,1,0,0,0,0,0,0,0,0,0,0,0,1,0,1,0,0,0,0,0,0,1,0,0,0,0,0,0,0,1,0,0,0.0,4.110873864173311,0.0,61.0,58.0,0,0,0,0,0,0,0,0,0,0,0,0,1,0,0,1,0,0,0,0,0,0,0,0,0,0,0,0,0,1,0,0,2.308,4.193111962410283,1984,8
18,0,1,0,0,1,0,0.24,0.32,0,0,0,0,1,0,0,0,0,0,1,0,0,0,1,0,0,0,0,0,0,1,0,0,0,0,0,0,0,1,0,0,0.0,4.110873864173311,0.0,61.0,58.0,0,0,0,0,0,0,0,0,0,0,0,0,1,0,0,1,0,0,0,0,0,0,0,0,0,0,0,0,0,1,0,0,2.308,4.193111962410283,1984,8
18,0,1,0,0,1,0,-0.52,0.22,0,0,0,0,0,0,1,0,0,0,1,0,0,0,1,0,0,0,0,0,0,1,0,0,0,0,0,0,0,1,0,0,0.0,4.110873864173311,0.0,61.0,58.0,0,0,0,0,0,0,0,0,0,0,0,0,1,0,0,1,0,0,0,0,0,0,0,0,0,0,0,0,0,1,0,0,2.308,4.193111962410283,1984,8
18,0,1,0,0,1,0,-2.32,1.15,0,0,0,0,0,0,0,1,0,0,0,1,0,0,1,0,0,0,0,0,0,1,0,0,0,0,0,0,0,1,0,0,0.0,4.110873864173311,0.0,61.0,58.0,0,0,0,0,0,0,0,0,0,0,0,0,1,0,0,1,0,0,0,0,0,0,0,0,0,0,0,0,0,1,0,0,2.308,4.193111962410283,1984,8
18,0,1,0,0,1,0,-1.03,0.37,1,0,0,0,0,0,0,0,0,0,1,0,0,0,1,0,0,0,0,0,0,1,0,0,0,0,0,0,0,1,0,0,0.0,4.110873864173311,0.0,61.0,58.0,0,0,0,0,0,0,0,0,0,0,0,0,1,0,0,1,0,0,0,0,0,0,0,0,0,0,0,0,0,1,0,0,2.308,4.193111962410283,1984,8
18,0,1,0,0,1,0,-2.71,1.23,0,0,0,0,0,0,0,0,1,0,1,0,0,0,1,0,0,0,0,0,0,1,0,0,0,0,0,0,0,1,0,0,0.0,4.110873864173311,0.0,61.0,58.0,0,0,0,0,0,0,0,0,0,0,0,0,1,0,0,1,0,0,0,0,0,0,0,0,0,0,0,0,0,1,0,0,2.308,4.193111962410283,1984,8
18,0,1,0,0,1,0,-3.06,0.78,0,0,0,0,0,1,0,0,0,0,1,0,0,0,1,0,0,0,0,0,0,1,0,0,0,0,0,0,0,1,0,0,0.0,4.110873864173311,0.0,61.0,58.0,0,0,0,0,0,0,0,0,0,0,0,0,1,0,0,1,0,0,0,0,0,0,0,0,0,0,0,0,0,1,0,0,2.308,4.193111962410283,1984,8
18,0,1,0,0,1,0,-0.46,0.4,0,0,0,1,0,0,0,0,0,0,1,0,0,0,1,0,0,0,0,0,0,1,0,0,0,0,0,0,0,1,0,0,0.0,4.110873864173311,0.0,61.0,58.0,0,0,0,0,0,0,0,0,0,0,0,0,1,0,0,1,0,0,0,0,0,0,0,0,0,0,0,0,0,1,0,0,2.308,4.193111962410283,1984,8
38,1,0,0,1,0,0,0.9898,0.016,0,0,0,1,0,0,0,0,0,0,1,0,0,0,1,0,0,0,0,0,0,1,0,0,0,0,0,0,0,1,0,0,0.0,5.017279836814924,0.0,151.0,62.0,0,0,0,0,0,0,1,0,0,0,0,0,0,0,0,1,0,0,0,0,0,0,0,0,0,0,0,0,0,1,0,0,2.308,3.042757212198854,1992,16
38,1,0,0,1,0,0,0.977,0.016,0,0,0,0,0,1,0,0,0,0,1,0,0,0,1,0,0,0,0,0,0,1,0,0,0,0,0,0,0,1,0,0,0.0,5.017279836814924,0.0,151.0,62.0,0,0,0,0,0,0,1,0,0,0,0,0,0,0,0,1,0,0,0,0,0,0,0,0,0,0,0,0,0,1,0,0,2.308,3.042757212198854,1992,16
38,1,0,0,1,0,0,0.9913,0.013,0,0,0,0,0,0,0,1,0,0,0,1,0,0,1,0,0,0,0,0,0,1,0,0,0,0,0,0,0,1,0,0,0.0,5.017279836814924,0.0,151.0,62.0,0,0,0,0,0,0,1,0,0,0,0,0,0,0,0,1,0,0,0,0,0,0,0,0,0,0,0,0,0,1,0,0,2.308,3.042757212198854,1992,16
38,0,1,0,0,1,0,-4.2006,1.68,0,0,0,1,0,0,0,0,0,0,1,0,0,0,1,0,0,0,0,0,0,1,0,0,0,0,0,0,0,1,0,0,0.0,5.017279836814924,0.0,151.0,62.0,0,0,0,0,0,0,1,0,0,0,0,0,0,0,0,1,0,0,0,0,0,0,0,0,0,0,0,0,0,1,0,0,2.308,3.042757212198854,1992,16
38,0,1,0,0,1,0,-4.7403,1.095,0,0,0,0,0,1,0,0,0,0,1,0,0,0,1,0,0,0,0,0,0,1,0,0,0,0,0,0,0,1,0,0,0.0,5.017279836814924,0.0,151.0,62.0,0,0,0,0,0,0,1,0,0,0,0,0,0,0,0,1,0,0,0,0,0,0,0,0,0,0,0,0,0,1,0,0,2.308,3.042757212198854,1992,16
38,0,1,0,0,1,0,-3.3265,1.173,0,0,0,0,0,0,0,1,0,0,0,1,0,0,1,0,0,0,0,0,0,1,0,0,0,0,0,0,0,1,0,0,0.0,5.017279836814924,0.0,151.0,62.0,0,0,0,0,0,0,1,0,0,0,0,0,0,0,0,1,0,0,0,0,0,0,0,0,0,0,0,0,0,1,0,0,2.308,3.042757212198854,1992,16
38,0,1,0,0,1,0,0.9399,0.083,0,0,0,1,0,0,0,0,0,0,1,0,0,0,1,0,0,0,0,0,0,1,0,0,0,0,0,0,0,1,0,0,0.6931471805599453,5.0106352940962555,0.0,150.0,62.0,0,0,0,0,0,0,1,0,0,0,0,0,0,0,0,1,0,0,0,0,0,0,0,0,0,0,0,0,0,1,0,0,2.308,3.042757212198854,1992,16
38,0,1,0,0,1,0,1.0231,0.086,0,0,0,0,0,1,0,0,0,0,1,0,0,0,1,0,0,0,0,0,0,1,0,0,0,0,0,0,0,1,0,0,0.6931471805599453,5.0106352940962555,0.0,150.0,62.0,0,0,0,0,0,0,1,0,0,0,0,0,0,0,0,1,0,0,0,0,0,0,0,0,0,0,0,0,0,1,0,0,2.308,3.042757212198854,1992,16
38,0,1,0,0,1,0,1.0372,0.085,0,0,0,0,0,0,0,1,0,0,0,1,0,0,1,0,0,0,0,0,0,1,0,0,0,0,0,0,0,1,0,0,0.6931471805599453,5.0106352940962555,0.0,150.0,62.0,0,0,0,0,0,0,1,0,0,0,0,0,0,0,0,1,0,0,0,0,0,0,0,0,0,0,0,0,0,1,0,0,2.308,3.042757212198854,1992,16
38,0,1,0,0,1,0,1.0541,0.061,0,0,0,1,0,0,0,0,0,0,1,0,0,0,1,0,0,0,0,0,0,1,0,0,0,0,0,0,0,1,0,0,1.0986122886681098,5.003946305945459,0.0,149.0,62.0,0,0,0,0,0,0,1,0,0,0,0,0,0,0,0,1,0,0,0,0,0,0,0,0,0,0,0,0,0,1,0,0,2.308,3.042757212198854,1992,16
38,0,1,0,0,1,0,1.045,0.06,0,0,0,0,0,1,0,0,0,0,1,0,0,0,1,0,0,0,0,0,0,1,0,0,0,0,0,0,0,1,0,0,1.0986122886681098,5.003946305945459,0.0,149.0,62.0,0,0,0,0,0,0,1,0,0,0,0,0,0,0,0,1,0,0,0,0,0,0,0,0,0,0,0,0,0,1,0,0,2.308,3.042757212198854,1992,16
38,0,1,0,0,1,0,1.0513,0.058,0,0,0,0,0,0,0,1,0,0,0,1,0,0,1,0,0,0,0,0,0,1,0,0,0,0,0,0,0,1,0,0,1.0986122886681098,5.003946305945459,0.0,149.0,62.0,0,0,0,0,0,0,1,0,0,0,0,0,0,0,0,1,0,0,0,0,0,0,0,0,0,0,0,0,0,1,0,0,2.308,3.042757212198854,1992,16
3,1,0,0,1,0,0,0.956,0.0219,0,0,0,0,0,1,0,0,0,0,1,0,0,0,1,0,0,0,0,0,0,1,0,0,0,0,0,0,1,0,0,0,1.3862943611198906,4.499809670330265,0.0,90.0,54.5,1,0,0,0,0,0,1,0,0,0,0,0,0,0,0,1,0,0,0,0,0,0,0,0,0,0,0,0,0,0,0,1,1.389,1.9459101490553132,1983,7
3,1,0,0,1,0,0,0.9684,0.0239,0,0,0,1,0,0,0,0,0,0,1,0,0,0,1,0,0,0,0,0,0,1,0,0,0,0,0,0,1,0,0,0,1.3862943611198906,4.499809670330265,0.0,90.0,54.5,1,0,0,0,0,0,1,0,0,0,0,0,0,0,0,1,0,0,0,0,0,0,0,0,0,0,0,0,0,0,0,1,1.389,1.9459101490553132,1983,7
3,1,0,0,1,0,0,0.9641,0.018,0,0,0,0,0,0,1,0,0,0,1,0,0,0,1,0,0,0,0,0,0,1,0,0,0,0,0,0,1,0,0,0,1.3862943611198906,4.499809670330265,0.0,90.0,54.5,1,0,0,0,0,0,1,0,0,0,0,0,0,0,0,1,0,0,0,0,0,0,0,0,0,0,0,0,0,0,0,1,1.389,1.9459101490553132,1983,7
3,1,0,0,1,0,0,0.884,0.0397,0,0,0,0,1,0,0,0,0,0,1,0,0,0,1,0,0,0,0,0,0,1,0,0,0,0,0,0,1,0,0,0,1.3862943611198906,4.499809670330265,0.0,90.0,54.5,1,0,0,0,0,0,1,0,0,0,0,0,0,0,0,1,0,0,0,0,0,0,0,0,0,0,0,0,0,0,0,1,1.389,1.9459101490553132,1983,7
3,1,0,0,1,0,0,0.6418,0.1143,1,0,0,0,0,0,0,0,0,0,0,0,1,0,1,0,0,0,0,0,0,1,0,0,0,0,0,0,1,0,0,0,1.3862943611198906,3.4657359027997265,0.0,32.0,56.5,1,0,0,0,0,0,1,0,0,0,0,0,0,0,0,1,0,0,0,0,0,0,0,0,0,0,0,0,0,0,0,1,1.389,1.9459101490553132,1983,7
3,1,0,0,1,0,0,0.7974,0.1204,0,0,0,0,0,0,0,0,1,0,1,0,0,0,1,0,0,0,0,0,0,1,0,0,0,0,0,0,1,0,0,0,1.3862943611198906,3.4657359027997265,0.0,32.0,56.5,1,0,0,0,0,0,1,0,0,0,0,0,0,0,0,1,0,0,0,0,0,0,0,0,0,0,0,0,0,0,0,1,1.389,1.9459101490553132,1983,7
67,0,0,1,0,0,1,1.05,0.6,0,0,0,0,0,0,0,0,1,0,1,0,0,0,1,0,0,0,0,0,0,1,0,0,0,0,0,0,1,0,0,0,1.3862943611198906,7.0587581525186645,0.0,1163.0,65.0,1,0,0,0,0,0,1,0,0,0,0,0,0,0,0,1,0,0,0,0,0,0,0,0,0,0,0,0,1,0,0,0,1.302,3.175968323856924,1999,23
67,0,0,1,0,0,1,-0.01,0.16,1,0,0,0,0,0,0,0,0,0,0,1,0,0,1,0,0,0,0,0,0,1,0,0,0,0,0,0,1,0,0,0,1.3862943611198906,6.466144724237619,0.0,643.0,70.0,1,0,0,0,0,0,1,0,0,0,0,0,0,0,0,1,0,0,0,0,0,0,0,0,0,0,0,0,1,0,0,0,1.302,3.175968323856924,1999,23
67,0,0,1,0,0,1,-1.26,1.5,1,0,0,0,0,0,0,0,0,0,0,1,0,0,1,0,0,0,0,0,0,1,0,0,0,0,0,0,1,0,0,0,1.3862943611198906,6.4457198193855785,0.0,630.0,70.0,1,0,0,0,0,0,1,0,0,0,0,0,0,0,0,1,0,0,0,0,0,0,0,0,0,0,0,0,1,0,0,0,1.302,3.175968323856924,1999,23
67,0,0,1,0,0,1,-2.21,0.53,0,0,0,0,0,0,0,1,0,0,0,1,0,0,1,0,0,0,0,0,0,1,0,0,0,0,0,0,1,0,0,0,1.3862943611198906,7.0587581525186645,0.0,1163.0,65.0,1,0,0,0,0,0,1,0,0,0,0,0,0,0,0,1,0,0,0,0,0,0,0,0,0,0,0,0,1,0,0,0,1.302,3.175968323856924,1999,23
67,0,0,1,0,0,1,-0.77,0.4,1,0,0,0,0,0,0,0,0,0,1,0,0,0,1,0,0,0,0,0,0,1,0,0,0,0,0,0,1,0,0,0,1.3862943611198906,7.0587581525186645,0.0,1163.0,65.0,1,0,0,0,0,0,1,0,0,0,0,0,0,0,0,1,0,0,0,0,0,0,0,0,0,0,0,0,1,0,0,0,1.302,3.175968323856924,1999,23
67,0,0,1,0,0,1,-0.76,0.57,1,0,0,0,0,0,0,0,0,0,1,0,0,0,1,0,0,0,0,0,0,1,0,0,0,0,0,0,1,0,0,0,1.3862943611198906,7.0587581525186645,0.0,1163.0,65.0,1,0,0,0,0,0,1,0,0,0,0,0,0,0,0,1,0,0,0,0,0,0,0,0,0,0,0,0,1,0,0,0,1.302,3.175968323856924,1999,23
67,0,0,1,0,0,1,-0.56,0.34,1,0,0,0,0,0,0,0,0,0,1,0,0,0,1,0,0,0,0,0,0,1,0,0,0,0,0,0,1,0,0,0,1.3862943611198906,7.0587581525186645,0.0,1163.0,65.0,1,0,0,0,0,0,1,0,0,0,0,0,0,0,0,1,0,0,0,0,0,0,0,0,0,0,0,0,1,0,0,0,1.302,3.175968323856924,1999,23
67,0,0,1,0,0,1,-1.04,0.33,1,0,0,0,0,0,0,0,0,0,0,0,1,0,1,0,0,0,0,0,0,1,0,0,0,0,0,0,1,0,0,0,1.3862943611198906,7.0587581525186645,0.0,1163.0,65.0,1,0,0,0,0,0,1,0,0,0,0,0,0,0,0,1,0,0,0,0,0,0,0,0,0,0,0,0,1,0,0,0,1.302,3.175968323856924,1999,23
67,0,0,1,0,0,1,0.0,0.61,0,0,0,0,1,0,0,0,0,0,1,0,0,0,1,0,0,0,0,0,0,1,0,0,0,0,0,0,1,0,0,0,1.3862943611198906,7.0587581525186645,0.0,1163.0,65.0,1,0,0,0,0,0,1,0,0,0,0,0,0,0,0,1,0,0,0,0,0,0,0,0,0,0,0,0,1,0,0,0,1.302,3.175968323856924,1999,23
67,0,0,1,0,0,1,-0.56,0.63,0,0,0,1,0,0,0,0,0,0,1,0,0,0,1,0,0,0,0,0,0,1,0,0,0,0,0,0,1,0,0,0,1.3862943611198906,7.0587581525186645,0.0,1163.0,65.0,1,0,0,0,0,0,1,0,0,0,0,0,0,0,0,1,0,0,0,0,0,0,0,0,0,0,0,0,1,0,0,0,1.302,3.175968323856924,1999,23
67,0,0,1,0,0,1,-1.38,0.55,1,0,0,0,0,0,0,0,0,0,1,0,0,0,1,0,0,0,0,0,0,1,0,0,0,0,0,0,1,0,0,0,1.3862943611198906,7.0587581525186645,0.0,1163.0,65.0,1,0,0,0,0,0,1,0,0,0,0,0,0,0,0,1,0,0,0,0,0,0,0,0,0,0,0,0,1,0,0,0,1.302,3.175968323856924,1999,23
67,0,0,1,0,0,1,0.08,0.32,1,0,0,0,0,0,0,0,0,0,1,0,0,0,1,0,0,0,0,0,0,1,0,0,0,0,0,0,1,0,0,0,1.3862943611198906,7.0587581525186645,0.0,1163.0,65.0,1,0,0,0,0,0,1,0,0,0,0,0,0,0,0,1,0,0,0,0,0,0,0,0,0,0,0,0,1,0,0,0,1.302,3.175968323856924,1999,23
67,0,0,1,0,0,1,-1.55,0.61,0,0,0,0,0,1,0,0,0,0,1,0,0,0,1,0,0,0,0,0,0,1,0,0,0,0,0,0,1,0,0,0,1.3862943611198906,7.0587581525186645,0.0,1163.0,65.0,1,0,0,0,0,0,1,0,0,0,0,0,0,0,0,1,0,0,0,0,0,0,0,0,0,0,0,0,1,0,0,0,1.302,3.175968323856924,1999,23
67,0,0,1,0,0,1,-8.4,3.11,1,0,0,0,0,0,0,0,0,0,0,0,1,0,1,0,0,0,0,0,0,1,0,0,0,0,0,0,1,0,0,0,1.3862943611198906,5.147494476813453,0.0,172.0,73.0,1,0,0,0,0,0,1,0,0,0,0,0,0,0,0,1,0,0,0,0,0,0,0,0,0,0,0,0,1,0,0,0,1.302,3.175968323856924,1999,23
67,0,0,1,0,0,1,0.56,0.57,1,0,0,0,0,0,0,0,0,0,1,0,0,0,1,0,0,0,0,0,0,1,0,0,0,0,0,0,1,0,0,0,1.3862943611198906,7.0587581525186645,0.0,1163.0,65.0,1,0,0,0,0,0,1,0,0,0,0,0,0,0,0,1,0,0,0,0,0,0,0,0,0,0,0,0,1,0,0,0,1.302,3.175968323856924,1999,23
67,0,0,1,0,0,1,0.67,0.42,1,0,0,0,0,0,0,0,0,0,1,0,0,0,1,0,0,0,0,0,0,1,0,0,0,0,0,0,1,0,0,0,1.3862943611198906,7.0587581525186645,0.0,1163.0,65.0,1,0,0,0,0,0,1,0,0,0,0,0,0,0,0,1,0,0,0,0,0,0,0,0,0,0,0,0,1,0,0,0,1.302,3.175968323856924,1999,23
67,0,0,1,0,0,1,0.46,0.2,1,0,0,0,0,0,0,0,0,0,1,0,0,0,1,0,0,0,0,0,0,1,0,0,0,0,0,0,1,0,0,0,1.3862943611198906,7.0587581525186645,0.0,1163.0,65.0,1,0,0,0,0,0,1,0,0,0,0,0,0,0,0,1,0,0,0,0,0,0,0,0,0,0,0,0,1,0,0,0,1.302,3.175968323856924,1999,23
67,0,0,1,0,0,1,0.46,0.5,0,1,0,0,0,0,0,0,0,0,1,0,0,0,1,0,0,0,0,0,0,1,0,0,0,0,0,0,1,0,0,0,1.3862943611198906,5.541263545158426,0.0,255.0,73.5,1,0,0,0,0,0,1,0,0,0,0,0,0,0,0,1,0,0,0,0,0,0,0,0,0,0,0,0,1,0,0,0,1.302,3.175968323856924,1999,23
67,0,0,1,0,0,1,-0.38,0.18,1,0,0,0,0,0,0,0,0,0,1,0,0,0,1,0,0,0,0,0,0,1,0,0,0,0,0,0,1,0,0,0,1.3862943611198906,5.351858133476067,0.0,211.0,74.0,1,0,0,0,0,0,1,0,0,0,0,0,0,0,0,1,0,0,0,0,0,0,0,0,0,0,0,0,1,0,0,0,1.302,3.175968323856924,1999,23
67,0,0,1,0,0,1,1.35,0.63,0,1,0,0,0,0,0,0,0,0,1,0,0,0,1,0,0,0,0,0,0,1,0,0,0,0,0,0,1,0,0,0,1.3862943611198906,5.749392985908253,0.0,314.0,73.0,1,0,0,0,0,0,1,0,0,0,0,0,0,0,0,1,0,0,0,0,0,0,0,0,0,0,0,0,1,0,0,0,1.302,3.175968323856924,1999,23
67,0,0,1,0,0,1,0.35,0.58,0,1,0,0,0,0,0,0,0,0,0,1,0,0,1,0,0,0,0,0,0,1,0,0,0,0,0,0,1,0,0,0,1.3862943611198906,6.714170529909472,0.0,824.0,68.0,1,0,0,0,0,0,1,0,0,0,0,0,0,0,0,1,0,0,0,0,0,0,0,0,0,0,0,0,1,0,0,0,1.302,3.175968323856924,1999,23
67,0,0,1,0,0,1,0.08,0.07,0,1,0,0,0,0,0,0,0,0,0,0,1,0,1,0,0,0,0,0,0,1,0,0,0,0,0,0,1,0,0,0,1.3862943611198906,5.910796644040527,0.0,369.0,72.5,1,0,0,0,0,0,1,0,0,0,0,0,0,0,0,1,0,0,0,0,0,0,0,0,0,0,0,0,1,0,0,0,1.302,3.175968323856924,1999,23
67,0,0,1,0,0,1,0.71,0.31,0,1,0,0,0,0,0,0,0,0,0,0,1,0,1,0,0,0,0,0,0,1,0,0,0,0,0,0,1,0,0,0,1.3862943611198906,5.720311776607412,0.0,305.0,73.0,1,0,0,0,0,0,1,0,0,0,0,0,0,0,0,1,0,0,0,0,0,0,0,0,0,0,0,0,1,0,0,0,1.302,3.175968323856924,1999,23
67,0,0,1,0,0,1,0.53,2.97,0,1,0,0,0,0,0,0,0,0,0,1,0,0,1,0,0,0,0,0,0,1,0,0,0,0,0,0,1,0,0,0,1.3862943611198906,5.796057750765372,0.0,329.0,73.0,1,0,0,0,0,0,1,0,0,0,0,0,0,0,0,1,0,0,0,0,0,0,0,0,0,0,0,0,1,0,0,0,1.302,3.175968323856924,1999,23
67,0,0,1,0,0,1,-1.4,0.86,0,1,0,0,0,0,0,0,0,0,0,0,1,0,1,0,0,0,0,0,0,1,0,0,0,0,0,0,1,0,0,0,1.3862943611198906,5.220355825078324,0.0,185.0,74.0,1,0,0,0,0,0,1,0,0,0,0,0,0,0,0,1,0,0,0,0,0,0,0,0,0,0,0,0,1,0,0,0,1.302,3.175968323856924,1999,23
67,0,0,1,0,0,1,0.28,0.2,0,1,0,0,0,0,0,0,0,0,0,1,0,0,1,0,0,0,0,0,0,1,0,0,0,0,0,0,1,0,0,0,1.3862943611198906,4.23410650459726,0.0,69.0,75.5,1,0,0,0,0,0,1,0,0,0,0,0,0,0,0,1,0,0,0,0,0,0,0,0,0,0,0,0,1,0,0,0,1.302,3.175968323856924,1999,23
67,0,0,1,0,0,1,0.81,1.99,0,1,0,0,0,0,0,0,0,0,0,1,0,0,1,0,0,0,0,0,0,1,0,0,0,0,0,0,1,0,0,0,1.3862943611198906,5.529429087511423,0.0,252.0,73.5,1,0,0,0,0,0,1,0,0,0,0,0,0,0,0,1,0,0,0,0,0,0,0,0,0,0,0,0,1,0,0,0,1.302,3.175968323856924,1999,23
67,0,0,1,0,0,1,-0.98,1.17,0,1,0,0,0,0,0,0,0,0,0,1,0,0,1,0,0,0,0,0,0,1,0,0,0,0,0,0,1,0,0,0,1.3862943611198906,5.942799375126701,0.0,381.0,72.5,1,0,0,0,0,0,1,0,0,0,0,0,0,0,0,1,0,0,0,0,0,0,0,0,0,0,0,0,1,0,0,0,1.302,3.175968323856924,1999,23
67,0,0,1,0,0,1,3.17,2.61,0,0,0,0,0,0,0,0,1,0,1,0,0,0,1,0,0,0,0,0,0,1,0,0,0,0,0,0,1,0,0,0,1.3862943611198906,5.3612921657094255,0.0,213.0,65.0,1,0,0,0,0,0,1,0,0,0,0,0,0,0,0,0,0,0,0,0,0,1,0,0,0,0,0,0,1,0,0,0,1.302,3.175968323856924,1999,23
67,0,0,1,0,0,1,-2.01,0.78,0,0,0,0,0,0,0,0,1,0,1,0,0,0,1,0,0,0,0,0,0,1,0,0,0,0,0,0,1,0,0,0,1.3862943611198906,6.856461984594587,0.0,950.0,65.0,1,0,0,0,0,0,1,0,0,0,0,0,0,0,0,0,0,0,0,0,1,0,0,0,0,0,0,0,1,0,0,0,1.302,3.175968323856924,1999,23
67,0,0,1,0,0,1,0.39,0.31,1,0,0,0,0,0,0,0,0,0,0,1,0,0,1,0,0,0,0,0,0,1,0,0,0,0,0,0,1,0,0,0,1.3862943611198906,5.37989735354046,0.0,217.0,70.0,1,0,0,0,0,0,1,0,0,0,0,0,0,0,0,0,0,0,0,0,0,1,0,0,0,0,0,0,1,0,0,0,1.302,3.175968323856924,1999,23
67,0,0,1,0,0,1,-0.12,0.19,1,0,0,0,0,0,0,0,0,0,0,1,0,0,1,0,0,0,0,0,0,1,0,0,0,0,0,0,1,0,0,0,1.3862943611198906,6.054439346269371,0.0,426.0,70.0,1,0,0,0,0,0,1,0,0,0,0,0,0,0,0,0,0,0,0,0,1,0,0,0,0,0,0,0,1,0,0,0,1.302,3.175968323856924,1999,23
67,0,0,1,0,0,1,-4.76,3.68,1,0,0,0,0,0,0,0,0,0,0,1,0,0,1,0,0,0,0,0,0,1,0,0,0,0,0,0,1,0,0,0,1.3862943611198906,3.1780538303479458,0.0,24.0,70.0,1,0,0,0,0,0,1,0,0,0,0,0,0,0,0,0,0,0,0,0,0,1,0,0,0,0,0,0,1,0,0,0,1.302,3.175968323856924,1999,23
67,0,0,1,0,0,1,-0.1,0.89,1,0,0,0,0,0,0,0,0,0,0,1,0,0,1,0,0,0,0,0,0,1,0,0,0,0,0,0,1,0,0,0,1.3862943611198906,6.406879986069314,0.0,606.0,70.0,1,0,0,0,0,0,1,0,0,0,0,0,0,0,0,0,0,0,0,0,1,0,0,0,0,0,0,0,1,0,0,0,1.302,3.175968323856924,1999,23
67,0,0,1,0,0,1,3.89,2.45,0,0,0,0,0,0,0,1,0,0,0,1,0,0,1,0,0,0,0,0,0,1,0,0,0,0,0,0,1,0,0,0,1.3862943611198906,5.375278407684165,0.0,216.0,65.0,1,0,0,0,0,0,1,0,0,0,0,0,0,0,0,0,0,0,0,0,0,1,0,0,0,0,0,0,1,0,0,0,1.302,3.175968323856924,1999,23
67,0,0,1,0,0,1,3.05,0.68,0,0,0,0,0,0,0,1,0,0,0,1,0,0,1,0,0,0,0,0,0,1,0,0,0,0,0,0,1,0,0,0,1.3862943611198906,6.853299093186078,0.0,947.0,65.0,1,0,0,0,0,0,1,0,0,0,0,0,0,0,0,0,0,0,0,0,1,0,0,0,0,0,0,0,1,0,0,0,1.302,3.175968323856924,1999,23
67,0,0,1,0,0,1,0.46,0.48,1,0,0,0,0,0,0,0,0,0,1,0,0,0,1,0,0,0,0,0,0,1,0,0,0,0,0,0,1,0,0,0,1.3862943611198906,6.54965074223381,0.0,699.0,65.0,1,0,0,0,0,0,1,0,0,0,0,0,0,0,0,0,0,0,0,0,0,1,0,0,0,0,0,0,1,0,0,0,1.302,3.175968323856924,1999,23
67,0,0,1,0,0,1,-5.55,1.29,1,0,0,0,0,0,0,0,0,0,1,0,0,0,1,0,0,0,0,0,0,1,0,0,0,0,0,0,1,0,0,0,1.3862943611198906,6.139884552226255,0.0,464.0,65.0,1,0,0,0,0,0,1,0,0,0,0,0,0,0,0,0,0,0,0,0,1,0,0,0,0,0,0,0,1,0,0,0,1.302,3.175968323856924,1999,23
67,0,0,1,0,0,1,1.27,1.09,1,0,0,0,0,0,0,0,0,0,1,0,0,0,1,0,0,0,0,0,0,1,0,0,0,0,0,0,1,0,0,0,1.3862943611198906,5.849324779946859,0.0,347.0,65.0,1,0,0,0,0,0,1,0,0,0,0,0,0,0,0,0,0,0,0,0,0,1,0,0,0,0,0,0,1,0,0,0,1.302,3.175968323856924,1999,23
67,0,0,1,0,0,1,-2.47,1.11,1,0,0,0,0,0,0,0,0,0,1,0,0,0,1,0,0,0,0,0,0,1,0,0,0,0,0,0,1,0,0,0,1.3862943611198906,6.704414354964107,0.0,816.0,65.0,1,0,0,0,0,0,1,0,0,0,0,0,0,0,0,0,0,0,0,0,1,0,0,0,0,0,0,0,1,0,0,0,1.302,3.175968323856924,1999,23
67,0,0,1,0,0,1,0.32,0.38,1,0,0,0,0,0,0,0,0,0,1,0,0,0,1,0,0,0,0,0,0,1,0,0,0,0,0,0,1,0,0,0,1.3862943611198906,6.756932389247553,0.0,860.0,65.0,1,0,0,0,0,0,1,0,0,0,0,0,0,0,0,0,0,0,0,0,0,1,0,0,0,0,0,0,1,0,0,0,1.302,3.175968323856924,1999,23
67,0,0,1,0,0,1,-7.05,1.71,1,0,0,0,0,0,0,0,0,0,1,0,0,0,1,0,0,0,0,0,0,1,0,0,0,0,0,0,1,0,0,0,1.3862943611198906,5.713732805509369,0.0,303.0,65.0,1,0,0,0,0,0,1,0,0,0,0,0,0,0,0,0,0,0,0,0,1,0,0,0,0,0,0,0,1,0,0,0,1.302,3.175968323856924,1999,23
67,0,0,1,0,0,1,-1.11,0.48,1,0,0,0,0,0,0,0,0,0,0,0,1,0,1,0,0,0,0,0,0,1,0,0,0,0,0,0,1,0,0,0,1.3862943611198906,6.795705775173514,0.0,894.0,65.0,1,0,0,0,0,0,1,0,0,0,0,0,0,0,0,0,0,0,0,0,0,1,0,0,0,0,0,0,1,0,0,0,1.302,3.175968323856924,1999,23
67,0,0,1,0,0,1,-0.85,0.86,1,0,0,0,0,0,0,0,0,0,0,0,1,0,1,0,0,0,0,0,0,1,0,0,0,0,0,0,1,0,0,0,1.3862943611198906,5.594711379601839,0.0,269.0,65.0,1,0,0,0,0,0,1,0,0,0,0,0,0,0,0,0,0,0,0,0,1,0,0,0,0,0,0,0,1,0,0,0,1.302,3.175968323856924,1999,23
67,0,0,1,0,0,1,1.38,0.74,0,0,0,0,1,0,0,0,0,0,1,0,0,0,1,0,0,0,0,0,0,1,0,0,0,0,0,0,1,0,0,0,1.3862943611198906,6.738152494595957,0.0,844.0,65.0,1,0,0,0,0,0,1,0,0,0,0,0,0,0,0,0,0,0,0,0,0,1,0,0,0,0,0,0,1,0,0,0,1.302,3.175968323856924,1999,23
67,0,0,1,0,0,1,-5.24,1.63,0,0,0,0,1,0,0,0,0,0,1,0,0,0,1,0,0,0,0,0,0,1,0,0,0,0,0,0,1,0,0,0,1.3862943611198906,5.765191102784844,0.0,319.0,65.0,1,0,0,0,0,0,1,0,0,0,0,0,0,0,0,0,0,0,0,0,1,0,0,0,0,0,0,0,1,0,0,0,1.302,3.175968323856924,1999,23
67,0,0,1,0,0,1,2.56,1.36,0,0,0,1,0,0,0,0,0,0,1,0,0,0,1,0,0,0,0,0,0,1,0,0,0,0,0,0,1,0,0,0,1.3862943611198906,5.472270673671475,0.0,238.0,65.0,1,0,0,0,0,0,1,0,0,0,0,0,0,0,0,0,0,0,0,0,0,1,0,0,0,0,0,0,1,0,0,0,1.302,3.175968323856924,1999,23
67,0,0,1,0,0,1,-2.53,1.0,0,0,0,1,0,0,0,0,0,0,1,0,0,0,1,0,0,0,0,0,0,1,0,0,0,0,0,0,1,0,0,0,1.3862943611198906,6.829793737512425,0.0,925.0,65.0,1,0,0,0,0,0,1,0,0,0,0,0,0,0,0,0,0,0,0,0,1,0,0,0,0,0,0,0,1,0,0,0,1.302,3.175968323856924,1999,23
67,0,0,1,0,0,1,1.75,1.04,1,0,0,0,0,0,0,0,0,0,1,0,0,0,1,0,0,0,0,0,0,1,0,0,0,0,0,0,1,0,0,0,1.3862943611198906,5.736572297479192,0.0,310.0,65.0,1,0,0,0,0,0,1,0,0,0,0,0,0,0,0,0,0,0,0,0,0,1,0,0,0,0,0,0,1,0,0,0,1.302,3.175968323856924,1999,23
67,0,0,1,0,0,1,-4.17,0.98,1,0,0,0,0,0,0,0,0,0,1,0,0,0,1,0,0,0,0,0,0,1,0,0,0,0,0,0,1,0,0,0,1.3862943611198906,6.748759547491679,0.0,853.0,65.0,1,0,0,0,0,0,1,0,0,0,0,0,0,0,0,0,0,0,0,0,1,0,0,0,0,0,0,0,1,0,0,0,1.302,3.175968323856924,1999,23
67,0,0,1,0,0,1,0.17,0.32,0,0,0,0,0,0,1,0,0,0,1,0,0,0,1,0,0,0,0,0,0,1,0,0,0,0,0,0,1,0,0,0,1.3862943611198906,7.039660349862076,0.0,1141.0,65.0,1,0,0,0,0,0,1,0,0,0,0,0,0,0,0,0,0,0,0,0,0,1,0,0,0,0,0,0,1,0,0,0,1.302,3.175968323856924,1999,23
67,0,0,1,0,0,1,-5.97,6.17,0,0,0,0,0,0,1,0,0,0,1,0,0,0,1,0,0,0,0,0,0,1,0,0,0,0,0,0,1,0,0,0,1.3862943611198906,3.091042453358316,0.0,22.0,65.0,1,0,0,0,0,0,1,0,0,0,0,0,0,0,0,0,0,0,0,0,1,0,0,0,0,0,0,0,1,0,0,0,1.302,3.175968323856924,1999,23
67,0,0,1,0,0,1,-0.69,0.73,0,0,0,0,0,1,0,0,0,0,1,0,0,0,1,0,0,0,0,0,0,1,0,0,0,0,0,0,1,0,0,0,1.3862943611198906,6.874198495453294,0.0,967.0,65.0,1,0,0,0,0,0,1,0,0,0,0,0,0,0,0,0,0,0,0,0,0,1,0,0,0,0,0,0,1,0,0,0,1.302,3.175968323856924,1999,23
67,0,0,1,0,0,1,-4.67,1.57,0,0,0,0,0,1,0,0,0,0,1,0,0,0,1,0,0,0,0,0,0,1,0,0,0,0,0,0,1,0,0,0,1.3862943611198906,5.278114659230517,0.0,196.0,65.0,1,0,0,0,0,0,1,0,0,0,0,0,0,0,0,0,0,0,0,0,1,0,0,0,0,0,0,0,1,0,0,0,1.302,3.175968323856924,1999,23
67,0,0,1,0,0,1,-8.88,4.4,1,0,0,0,0,0,0,0,0,0,0,0,1,0,1,0,0,0,0,0,0,1,0,0,0,0,0,0,1,0,0,0,1.3862943611198906,4.820281565605037,0.0,124.0,73.0,1,0,0,0,0,0,1,0,0,0,0,0,0,0,0,0,0,0,0,0,0,1,0,0,0,0,0,0,1,0,0,0,1.302,3.175968323856924,1999,23
67,0,0,1,0,0,1,-7.05,14.36,1,0,0,0,0,0,0,0,0,0,0,0,1,0,1,0,0,0,0,0,0,1,0,0,0,0,0,0,1,0,0,0,1.3862943611198906,3.871201010907891,0.0,48.0,73.0,1,0,0,0,0,0,1,0,0,0,0,0,0,0,0,0,0,0,0,0,1,0,0,0,0,0,0,0,1,0,0,0,1.302,3.175968323856924,1999,23
67,0,0,1,0,0,1,1.03,0.63,1,0,0,0,0,0,0,0,0,0,1,0,0,0,1,0,0,0,0,0,0,1,0,0,0,0,0,0,1,0,0,0,1.3862943611198906,6.856461984594587,0.0,950.0,65.0,1,0,0,0,0,0,1,0,0,0,0,0,0,0,0,0,0,0,0,0,0,1,0,0,0,0,0,0,1,0,0,0,1.302,3.175968323856924,1999,23
67,0,0,1,0,0,1,3.67,2.13,1,0,0,0,0,0,0,0,0,0,1,0,0,0,1,0,0,0,0,0,0,1,0,0,0,0,0,0,1,0,0,0,1.3862943611198906,5.3612921657094255,0.0,213.0,65.0,1,0,0,0,0,0,1,0,0,0,0,0,0,0,0,0,0,0,0,0,1,0,0,0,0,0,0,0,1,0,0,0,1.302,3.175968323856924,1999,23
67,0,0,1,0,0,1,0.79,0.43,1,0,0,0,0,0,0,0,0,0,1,0,0,0,1,0,0,0,0,0,0,1,0,0,0,0,0,0,1,0,0,0,1.3862943611198906,6.9957661563048505,0.0,1092.0,65.0,1,0,0,0,0,0,1,0,0,0,0,0,0,0,0,0,0,0,0,0,0,1,0,0,0,0,0,0,1,0,0,0,1.302,3.175968323856924,1999,23
67,0,0,1,0,0,1,-8.48,2.59,1,0,0,0,0,0,0,0,0,0,1,0,0,0,1,0,0,0,0,0,0,1,0,0,0,0,0,0,1,0,0,0,1.3862943611198906,4.2626798770413155,0.0,71.0,65.0,1,0,0,0,0,0,1,0,0,0,0,0,0,0,0,0,0,0,0,0,1,0,0,0,0,0,0,0,1,0,0,0,1.302,3.175968323856924,1999,23
67,0,0,1,0,0,1,0.53,0.21,1,0,0,0,0,0,0,0,0,0,1,0,0,0,1,0,0,0,0,0,0,1,0,0,0,0,0,0,1,0,0,0,1.3862943611198906,6.99117688712121,0.0,1087.0,65.0,1,0,0,0,0,0,1,0,0,0,0,0,0,0,0,0,0,0,0,0,0,1,0,0,0,0,0,0,1,0,0,0,1.302,3.175968323856924,1999,23
67,0,0,1,0,0,1,-3.06,1.44,1,0,0,0,0,0,0,0,0,0,1,0,0,0,1,0,0,0,0,0,0,1,0,0,0,0,0,0,1,0,0,0,1.3862943611198906,4.330733340286331,0.0,76.0,65.0,1,0,0,0,0,0,1,0,0,0,0,0,0,0,0,0,0,0,0,0,1,0,0,0,0,0,0,0,1,0,0,0,1.302,3.175968323856924,1999,23
67,0,0,1,0,0,1,0.97,1.25,0,1,0,0,0,0,0,0,0,0,0,1,0,0,1,0,0,0,0,0,0,1,0,0,0,0,0,0,1,0,0,0,1.3862943611198906,5.869296913133774,0.0,354.0,68.0,1,0,0,0,0,0,1,0,0,0,0,0,0,0,0,0,0,0,0,0,0,1,0,0,0,0,0,0,1,0,0,0,1.302,3.175968323856924,1999,23
67,0,0,1,0,0,1,-0.06,0.56,0,1,0,0,0,0,0,0,0,0,0,1,0,0,1,0,0,0,0,0,0,1,0,0,0,0,0,0,1,0,0,0,1.3862943611198906,6.152732694704104,0.0,470.0,68.0,1,0,0,0,0,0,1,0,0,0,0,0,0,0,0,0,0,0,0,0,1,0,0,0,0,0,0,0,1,0,0,0,1.302,3.175968323856924,1999,23
67,0,0,1,0,0,1,0.26,0.14,1,0,0,0,0,0,0,0,0,0,0,0,0,1,1,0,0,0,0,0,0,1,0,0,0,0,0,0,1,0,0,0,1.3862943611198906,7.0587581525186645,2.6390573296152584,16282.0,65.0,1,0,0,0,0,0,1,0,0,0,0,0,0,0,0,1,0,0,0,0,0,0,0,0,0,0,0,0,1,0,0,0,1.302,3.175968323856924,1999,23
67,0,0,1,0,0,1,-0.02,0.21,1,0,0,0,0,0,0,0,0,0,0,0,0,1,1,0,0,0,0,0,0,1,0,0,0,0,0,0,1,0,0,0,1.3862943611198906,7.0587581525186645,2.6390573296152584,16282.0,65.0,1,0,0,0,0,0,0,0,1,0,0,0,0,0,0,1,0,0,0,0,0,0,0,0,0,0,0,0,1,0,0,0,1.302,3.175968323856924,1999,23
67,0,0,1,0,0,1,-1.14,0.41,1,0,0,0,0,0,0,0,0,0,0,0,0,1,1,0,0,0,0,0,0,1,0,0,0,0,0,0,1,0,0,0,1.3862943611198906,7.0587581525186645,1.3862943611198906,4652.0,65.0,1,0,0,0,0,0,0,0,1,0,0,0,0,0,0,1,0,0,0,0,0,0,0,0,0,0,0,0,1,0,0,0,1.302,3.175968323856924,1999,23
67,0,0,1,0,0,1,-0.6,0.38,1,0,0,0,0,0,0,0,0,0,0,0,0,1,1,0,0,0,0,0,0,1,0,0,0,0,0,0,1,0,0,0,1.3862943611198906,7.0587581525186645,1.6094379124341003,5815.0,65.0,1,0,0,0,0,0,0,0,1,0,0,0,0,0,0,1,0,0,0,0,0,0,0,0,0,0,0,0,1,0,0,0,1.302,3.175968323856924,1999,23
67,0,0,1,0,0,1,0.38,0.18,1,0,0,0,0,0,0,0,0,0,1,0,0,0,1,0,0,0,0,0,0,1,0,0,0,0,0,0,1,0,0,0,1.3862943611198906,7.0587581525186645,1.6094379124341003,5815.0,65.0,1,0,0,0,0,0,0,0,1,0,0,0,0,0,0,1,0,0,0,0,0,0,0,0,0,0,0,0,1,0,0,0,1.302,3.175968323856924,1999,23
67,0,0,1,0,0,1,0.74,0.15,1,0,0,0,0,0,0,0,0,0,0,0,0,1,1,0,0,0,0,0,0,1,0,0,0,0,0,0,1,0,0,0,1.3862943611198906,7.039660349862076,2.6390573296152584,15974.0,65.0,1,0,0,0,0,0,0,0,1,0,0,0,0,0,0,0,0,0,0,0,0,1,0,0,0,0,0,0,1,0,0,0,1.302,3.175968323856924,1999,23
67,0,0,1,0,0,1,-1.57,0.49,1,0,0,0,0,0,0,0,0,0,0,0,0,1,1,0,0,0,0,0,0,1,0,0,0,0,0,0,1,0,0,0,1.3862943611198906,3.091042453358316,2.6390573296152584,308.0,65.0,1,0,0,0,0,0,0,0,1,0,0,0,0,0,0,0,0,0,0,0,1,0,0,0,0,0,0,0,1,0,0,0,1.302,3.175968323856924,1999,23
67,0,0,1,0,0,1,0.53,0.19,1,0,0,0,0,0,0,0,0,0,0,0,0,1,1,0,0,0,0,0,0,1,0,0,0,0,0,0,1,0,0,0,1.3862943611198906,7.039660349862076,2.6390573296152584,15974.0,65.0,1,0,0,0,0,0,0,0,1,0,0,0,0,0,0,0,0,0,0,0,0,1,0,0,0,0,0,0,1,0,0,0,1.302,3.175968323856924,1999,23
67,0,0,1,0,0,1,-2.78,0.68,1,0,0,0,0,0,0,0,0,0,0,0,0,1,1,0,0,0,0,0,0,1,0,0,0,0,0,0,1,0,0,0,1.3862943611198906,3.091042453358316,2.6390573296152584,308.0,65.0,1,0,0,0,0,0,0,0,1,0,0,0,0,0,0,0,0,0,0,0,1,0,0,0,0,0,0,0,1,0,0,0,1.302,3.175968323856924,1999,23
67,0,0,1,0,0,1,0.65,0.6,1,0,0,0,0,0,0,0,0,0,0,0,0,1,1,0,0,0,0,0,0,1,0,0,0,0,0,0,1,0,0,0,1.3862943611198906,6.54965074223381,1.3862943611198906,2796.0,65.0,1,0,0,0,0,0,0,0,1,0,0,0,0,0,0,0,0,0,0,0,0,1,0,0,0,0,0,0,1,0,0,0,1.302,3.175968323856924,1999,23
67,0,0,1,0,0,1,-2.35,0.6,1,0,0,0,0,0,0,0,0,0,0,0,0,1,1,0,0,0,0,0,0,1,0,0,0,0,0,0,1,0,0,0,1.3862943611198906,6.139884552226255,1.3862943611198906,1856.0,65.0,1,0,0,0,0,0,0,0,1,0,0,0,0,0,0,0,0,0,0,0,1,0,0,0,0,0,0,0,1,0,0,0,1.302,3.175968323856924,1999,23
67,0,0,1,0,0,1,0.65,0.44,1,0,0,0,0,0,0,0,0,0,0,0,0,1,1,0,0,0,0,0,0,1,0,0,0,0,0,0,1,0,0,0,1.3862943611198906,6.795705775173514,1.6094379124341003,4470.0,65.0,1,0,0,0,0,0,0,0,1,0,0,0,0,0,0,0,0,0,0,0,0,1,0,0,0,0,0,0,1,0,0,0,1.302,3.175968323856924,1999,23
67,0,0,1,0,0,1,-3.35,0.92,1,0,0,0,0,0,0,0,0,0,0,0,0,1,1,0,0,0,0,0,0,1,0,0,0,0,0,0,1,0,0,0,1.3862943611198906,5.594711379601839,1.6094379124341003,1345.0,65.0,1,0,0,0,0,0,0,0,1,0,0,0,0,0,0,0,0,0,0,0,1,0,0,0,0,0,0,0,1,0,0,0,1.302,3.175968323856924,1999,23
67,0,0,1,0,0,1,0.54,0.18,1,0,0,0,0,0,0,0,0,0,1,0,0,0,1,0,0,0,0,0,0,1,0,0,0,0,0,0,1,0,0,0,1.3862943611198906,7.039660349862076,1.6094379124341003,5705.0,65.0,1,0,0,0,0,0,0,0,1,0,0,0,0,0,0,0,0,0,0,0,0,1,0,0,0,0,0,0,1,0,0,0,1.302,3.175968323856924,1999,23
67,0,0,1,0,0,1,-4.44,1.24,1,0,0,0,0,0,0,0,0,0,1,0,0,0,1,0,0,0,0,0,0,1,0,0,0,0,0,0,1,0,0,0,1.3862943611198906,3.091042453358316,1.6094379124341003,110.0,65.0,1,0,0,0,0,0,0,0,1,0,0,0,0,0,0,0,0,0,0,0,1,0,0,0,0,0,0,0,1,0,0,0,1.302,3.175968323856924,1999,23
67,0,0,1,0,0,1,-0.32,0.29,1,0,0,0,0,0,0,0,0,0,0,0,0,1,1,0,0,0,0,0,0,1,0,0,0,0,0,0,1,0,0,0,1.3862943611198906,5.147494476813453,2.772588722239781,2752.0,74.5,1,0,0,0,0,0,0,0,1,0,0,0,0,0,0,0,0,0,0,0,0,0,0,0,0,0,0,0,1,0,0,0,1.302,3.175968323856924,1999,23
67,0,0,1,0,0,1,0.19,0.19,0,1,0,0,0,0,0,0,0,0,0,0,0,1,1,0,0,0,0,0,0,1,0,0,0,0,0,0,1,0,0,0,1.3862943611198906,4.23410650459726,2.4849066497880004,828.0,75.5,1,0,0,0,0,0,0,0,1,0,0,0,0,0,0,0,0,0,0,0,0,0,0,0,0,0,0,0,1,0,0,0,1.302,3.175968323856924,1999,23
67,0,0,1,0,0,1,0.51,0.28,1,0,0,0,0,0,0,0,0,0,0,0,0,1,1,0,0,0,0,0,0,1,0,0,0,0,0,0,1,0,0,0,1.3862943611198906,5.0106352940962555,2.772588722239781,2400.0,74.5,1,0,0,0,0,0,0,0,1,0,0,0,0,0,0,0,0,0,0,0,0,1,0,0,0,0,0,0,1,0,0,0,1.302,3.175968323856924,1999,23
67,0,0,1,0,0,1,-2.69,0.66,1,0,0,0,0,0,0,0,0,0,0,0,0,1,1,0,0,0,0,0,0,1,0,0,0,0,0,0,1,0,0,0,1.3862943611198906,3.091042453358316,2.772588722239781,352.0,74.5,1,0,0,0,0,0,0,0,1,0,0,0,0,0,0,0,0,0,0,0,1,0,0,0,0,0,0,0,1,0,0,0,1.302,3.175968323856924,1999,23
67,0,0,1,0,0,1,0.21,0.19,0,1,0,0,0,0,0,0,0,0,0,0,0,1,1,0,0,0,0,0,0,1,0,0,0,0,0,0,1,0,0,0,1.3862943611198906,4.23410650459726,2.4849066497880004,828.0,75.5,1,0,0,0,0,0,0,0,1,0,0,0,0,0,0,0,0,0,0,0,0,1,0,0,0,0,0,0,1,0,0,0,1.302,3.175968323856924,1999,23
67,0,0,1,0,0,1,-0.32,0.65,0,1,0,0,0,0,0,0,0,0,0,0,0,1,1,0,0,0,0,0,0,1,0,0,0,0,0,0,1,0,0,0,1.3862943611198906,4.23410650459726,2.4849066497880004,828.0,75.5,1,0,0,0,0,0,0,0,1,0,0,0,0,0,0,0,0,0,0,0,1,0,0,0,0,0,0,0,1,0,0,0,1.302,3.175968323856924,1999,23
67,0,0,1,0,0,1,2.35,0.62,1,0,0,0,0,0,0,0,0,0,0,0,0,1,1,0,0,0,0,0,0,1,0,0,0,0,0,0,1,0,0,0,1.3862943611198906,7.0587581525186645,2.6390573296152584,16282.0,65.0,1,0,0,0,0,1,0,0,1,0,0,0,0,0,0,1,0,0,0,0,0,0,0,0,0,0,0,0,1,0,0,0,1.302,3.175968323856924,1999,23
67,0,0,1,0,0,1,-0.64,0.34,1,0,0,0,0,0,0,0,0,0,0,0,0,1,1,0,0,0,0,0,0,1,0,0,0,0,0,0,1,0,0,0,1.3862943611198906,7.0587581525186645,2.6390573296152584,16282.0,65.0,1,0,0,0,0,1,0,0,1,0,0,0,0,0,0,1,0,0,0,0,0,0,0,0,0,0,0,0,1,0,0,0,1.302,3.175968323856924,1999,23
67,0,0,1,0,0,1,-0.61,0.35,1,0,0,0,0,0,0,0,0,0,0,0,0,1,1,0,0,0,0,0,0,1,0,0,0,0,0,0,1,0,0,0,1.3862943611198906,7.0587581525186645,2.6390573296152584,16282.0,65.0,1,0,0,0,0,1,0,0,1,0,0,0,0,0,0,1,0,0,0,0,0,0,0,0,0,0,0,0,1,0,0,0,1.302,3.175968323856924,1999,23
67,0,0,1,0,0,1,10.31,2.75,1,0,0,0,0,0,0,0,0,0,0,0,0,1,1,0,0,0,0,0,0,1,0,0,0,0,0,0,1,0,0,0,1.3862943611198906,7.0587581525186645,2.6390573296152584,16282.0,65.0,1,0,0,0,0,1,0,0,1,0,0,0,0,0,0,1,0,0,0,0,0,0,0,0,0,0,0,0,1,0,0,0,1.302,3.175968323856924,1999,23
67,0,0,1,0,0,1,0.25,0.29,1,0,0,0,0,0,0,0,0,0,0,0,0,1,1,0,0,0,0,0,0,1,0,0,0,0,0,0,1,0,0,0,1.3862943611198906,7.0587581525186645,2.6390573296152584,16282.0,65.0,1,0,0,0,0,1,0,0,1,0,0,0,0,0,0,1,0,0,0,0,0,0,0,0,0,0,0,0,1,0,0,0,1.302,3.175968323856924,1999,23
67,0,0,1,0,0,1,0.72,0.52,0,0,1,0,0,0,0,0,0,0,0,0,0,1,1,0,0,0,0,0,0,1,0,0,0,0,0,0,1,0,0,0,1.3862943611198906,6.620073206530356,3.332204510175204,21000.0,65.0,1,0,0,0,0,1,0,0,1,0,0,0,0,0,0,1,0,0,0,0,0,0,0,0,0,0,0,0,1,0,0,0,1.302,3.175968323856924,1999,23
67,0,0,1,0,0,1,-0.35,0.31,0,0,1,0,0,0,0,0,0,0,0,0,0,1,1,0,0,0,0,0,0,1,0,0,0,0,0,0,1,0,0,0,1.3862943611198906,6.620073206530356,3.332204510175204,21000.0,65.5,1,0,0,0,0,1,0,0,1,0,0,0,0,0,0,1,0,0,0,0,0,0,0,0,0,0,0,0,1,0,0,0,1.302,3.175968323856924,1999,23
67,0,0,1,0,0,1,-0.23,0.3,0,0,1,0,0,0,0,0,0,0,0,0,0,1,1,0,0,0,0,0,0,1,0,0,0,0,0,0,1,0,0,0,1.3862943611198906,6.620073206530356,3.332204510175204,21000.0,66.0,1,0,0,0,0,1,0,0,1,0,0,0,0,0,0,1,0,0,0,0,0,0,0,0,0,0,0,0,1,0,0,0,1.302,3.175968323856924,1999,23
67,0,0,1,0,0,1,2.09,1.81,0,0,1,0,0,0,0,0,0,0,0,0,0,1,1,0,0,0,0,0,0,1,0,0,0,0,0,0,1,0,0,0,1.3862943611198906,6.620073206530356,3.332204510175204,21000.0,66.5,1,0,0,0,0,1,0,0,1,0,0,0,0,0,0,1,0,0,0,0,0,0,0,0,0,0,0,0,1,0,0,0,1.302,3.175968323856924,1999,23
67,0,0,1,0,0,1,0.01,0.25,0,0,1,0,0,0,0,0,0,0,0,0,0,1,1,0,0,0,0,0,0,1,0,0,0,0,0,0,1,0,0,0,1.3862943611198906,6.620073206530356,3.332204510175204,21000.0,67.0,1,0,0,0,0,1,0,0,1,0,0,0,0,0,0,1,0,0,0,0,0,0,0,0,0,0,0,0,1,0,0,0,1.302,3.175968323856924,1999,23
67,0,0,1,0,0,1,0.5,0.1,1,0,0,0,0,0,0,0,0,0,0,0,0,1,0,0,0,0,0,1,0,1,0,0,0,0,0,0,1,0,0,0,1.3862943611198906,7.0587581525186645,2.6390573296152584,16282.0,65.0,1,0,0,0,0,0,1,0,0,0,0,0,0,0,0,1,0,0,0,0,0,0,0,0,0,0,0,0,1,0,0,0,1.302,3.175968323856924,1999,23
67,0,0,1,0,0,1,0.38,0.13,1,0,0,0,0,0,0,0,0,0,0,0,0,1,0,0,0,0,0,1,0,1,0,0,0,0,0,0,1,0,0,0,1.3862943611198906,7.0587581525186645,2.6390573296152584,16282.0,65.0,1,0,0,0,0,0,0,0,1,0,0,0,0,0,0,1,0,0,0,0,0,0,0,0,0,0,0,0,1,0,0,0,1.302,3.175968323856924,1999,23
67,0,0,1,0,0,1,-0.43,0.26,1,0,0,0,0,0,0,0,0,0,0,0,0,1,0,0,0,0,0,1,0,1,0,0,0,0,0,0,1,0,0,0,1.3862943611198906,7.0587581525186645,1.3862943611198906,4652.0,65.0,1,0,0,0,0,0,0,0,1,0,0,0,0,0,0,1,0,0,0,0,0,0,0,0,0,0,0,0,1,0,0,0,1.302,3.175968323856924,1999,23
67,0,0,1,0,0,1,0.24,0.18,1,0,0,0,0,0,0,0,0,0,0,0,0,1,0,0,0,0,0,1,0,1,0,0,0,0,0,0,1,0,0,0,1.3862943611198906,7.0587581525186645,1.6094379124341003,5815.0,65.0,1,0,0,0,0,0,0,0,1,0,0,0,0,0,0,1,0,0,0,0,0,0,0,0,0,0,0,0,1,0,0,0,1.302,3.175968323856924,1999,23
67,0,0,1,0,0,1,0.52,0.15,1,0,0,0,0,0,0,0,0,0,1,0,0,0,0,0,0,0,0,1,0,1,0,0,0,0,0,0,1,0,0,0,1.3862943611198906,7.0587581525186645,1.6094379124341003,5815.0,65.0,1,0,0,0,0,0,0,0,1,0,0,0,0,0,0,1,0,0,0,0,0,0,0,0,0,0,0,0,1,0,0,0,1.302,3.175968323856924,1999,23
67,0,0,1,0,0,1,0.26,0.18,1,0,0,0,0,0,0,0,0,0,0,0,0,1,0,0,0,0,0,1,0,1,0,0,0,0,0,0,1,0,0,0,1.3862943611198906,5.147494476813453,2.772588722239781,2752.0,74.5,1,0,0,0,0,0,0,0,1,0,0,0,0,0,0,1,0,0,0,0,0,0,0,0,0,0,0,0,1,0,0,0,1.302,3.175968323856924,1999,23
67,0,0,1,0,0,1,0.29,0.2,0,1,0,0,0,0,0,0,0,0,0,0,0,1,0,0,0,0,0,1,0,1,0,0,0,0,0,0,1,0,0,0,1.3862943611198906,4.23410650459726,2.4849066497880004,828.0,75.5,1,0,0,0,0,0,0,0,1,0,0,0,0,0,0,1,0,0,0,0,0,0,0,0,0,0,0,0,1,0,0,0,1.302,3.175968323856924,1999,23
67,0,0,1,0,0,1,0.31,0.13,1,0,0,0,0,0,0,0,0,0,0,0,0,1,0,0,1,0,0,0,0,1,0,0,0,0,0,0,1,0,0,0,1.3862943611198906,7.0587581525186645,2.6390573296152584,16282.0,65.0,1,0,0,0,0,0,1,0,0,0,0,0,0,0,0,1,0,0,0,0,0,0,0,0,0,0,0,0,1,0,0,0,1.302,3.175968323856924,1999,23
67,0,0,1,0,0,1,0.08,0.2,1,0,0,0,0,0,0,0,0,0,0,0,0,1,0,0,1,0,0,0,0,1,0,0,0,0,0,0,1,0,0,0,1.3862943611198906,7.0587581525186645,2.6390573296152584,16282.0,65.0,1,0,0,0,0,0,0,0,1,0,0,0,0,0,0,1,0,0,0,0,0,0,0,0,0,0,0,0,1,0,0,0,1.302,3.175968323856924,1999,23
67,0,0,1,0,0,1,-1.47,0.33,1,0,0,0,0,0,0,0,0,0,0,0,0,1,0,0,1,0,0,0,0,1,0,0,0,0,0,0,1,0,0,0,1.3862943611198906,7.0587581525186645,1.3862943611198906,4652.0,65.0,1,0,0,0,0,0,0,0,1,0,0,0,0,0,0,1,0,0,0,0,0,0,0,0,0,0,0,0,1,0,0,0,1.302,3.175968323856924,1999,23
67,0,0,1,0,0,1,-0.93,0.34,1,0,0,0,0,0,0,0,0,0,0,0,0,1,0,0,1,0,0,0,0,1,0,0,0,0,0,0,1,0,0,0,1.3862943611198906,7.0587581525186645,1.6094379124341003,5815.0,65.0,1,0,0,0,0,0,0,0,1,0,0,0,0,0,0,1,0,0,0,0,0,0,0,0,0,0,0,0,1,0,0,0,1.302,3.175968323856924,1999,23
67,0,0,1,0,0,1,0.6,0.2,1,0,0,0,0,0,0,0,0,0,1,0,0,0,0,0,1,0,0,0,0,1,0,0,0,0,0,0,1,0,0,0,1.3862943611198906,7.0587581525186645,1.6094379124341003,5815.0,65.0,1,0,0,0,0,0,0,0,1,0,0,0,0,0,0,1,0,0,0,0,0,0,0,0,0,0,0,0,1,0,0,0,1.302,3.175968323856924,1999,23
67,0,0,1,0,0,1,-0.47,0.27,1,0,0,0,0,0,0,0,0,0,0,0,0,1,0,0,1,0,0,0,0,1,0,0,0,0,0,0,1,0,0,0,1.3862943611198906,5.147494476813453,2.772588722239781,2752.0,74.5,1,0,0,0,0,0,0,0,1,0,0,0,0,0,0,1,0,0,0,0,0,0,0,0,0,0,0,0,1,0,0,0,1.302,3.175968323856924,1999,23
67,0,0,1,0,0,1,0.37,0.21,0,1,0,0,0,0,0,0,0,0,0,0,0,1,0,0,1,0,0,0,0,1,0,0,0,0,0,0,1,0,0,0,1.3862943611198906,4.23410650459726,2.4849066497880004,828.0,75.5,1,0,0,0,0,0,0,0,1,0,0,0,0,0,0,1,0,0,0,0,0,0,0,0,0,0,0,0,1,0,0,0,1.302,3.175968323856924,1999,23
12,0,1,0,0,1,0,-1.247,0.779,0,0,0,1,0,0,0,0,0,0,1,0,0,0,1,0,0,0,0,0,0,1,0,0,0,0,0,1,0,0,0,0,3.332204510175204,5.4638318050256105,0.0,236.0,61.5,1,0,0,0,0,0,1,0,0,0,0,0,0,0,0,1,0,0,0,0,0,0,0,0,0,0,0,0,0,0,1,0,1.089,0.5020919437972361,1996,20
12,0,1,0,0,1,0,-0.754,0.732,0,0,0,1,0,0,0,0,0,0,1,0,0,0,1,0,0,0,0,0,0,1,0,0,0,0,0,1,0,0,0,0,3.332204510175204,5.4638318050256105,0.0,236.0,61.5,1,0,0,0,0,0,1,0,0,0,0,0,0,0,0,1,0,0,0,0,0,0,0,0,0,0,0,0,0,0,1,0,1.089,0.5020919437972361,1996,20
12,0,1,0,0,1,0,-0.649,0.716,0,0,0,1,0,0,0,0,0,0,1,0,0,0,1,0,0,0,0,0,0,1,0,0,0,0,0,1,0,0,0,0,3.332204510175204,5.407171771460119,0.0,223.0,61.5,0,0,0,0,0,0,1,0,0,0,0,0,0,0,0,1,0,0,0,0,0,0,0,0,0,0,0,0,0,0,1,0,1.089,0.5020919437972361,1996,20
12,0,1,0,0,1,0,-2.143,0.77,0,0,0,0,0,1,0,0,0,0,1,0,0,0,1,0,0,0,0,0,0,1,0,0,0,0,0,1,0,0,0,0,3.332204510175204,5.4638318050256105,0.0,236.0,61.5,1,0,0,0,0,0,1,0,0,0,0,0,0,0,0,1,0,0,0,0,0,0,0,0,0,0,0,0,0,0,1,0,1.089,0.5020919437972361,1996,20
12,0,1,0,0,1,0,-1.388,0.677,0,0,0,0,0,1,0,0,0,0,1,0,0,0,1,0,0,0,0,0,0,1,0,0,0,0,0,1,0,0,0,0,3.332204510175204,5.4638318050256105,0.0,236.0,61.5,1,0,0,0,0,0,1,0,0,0,0,0,0,0,0,1,0,0,0,0,0,0,0,0,0,0,0,0,0,0,1,0,1.089,0.5020919437972361,1996,20
12,0,1,0,0,1,0,-1.5,0.748,0,0,0,0,0,1,0,0,0,0,1,0,0,0,1,0,0,0,0,0,0,1,0,0,0,0,0,1,0,0,0,0,3.332204510175204,5.407171771460119,0.0,223.0,61.5,0,0,0,0,0,0,1,0,0,0,0,0,0,0,0,1,0,0,0,0,0,0,0,0,0,0,0,0,0,0,1,0,1.089,0.5020919437972361,1996,20
12,0,1,0,0,1,0,-1.789,0.722,0,0,0,0,0,0,0,0,1,0,1,0,0,0,1,0,0,0,0,0,0,1,0,0,0,0,0,1,0,0,0,0,3.332204510175204,5.4638318050256105,0.0,236.0,61.5,1,0,0,0,0,0,1,0,0,0,0,0,0,0,0,1,0,0,0,0,0,0,0,0,0,0,0,0,0,0,1,0,1.089,0.5020919437972361,1996,20
12,0,1,0,0,1,0,1.674,0.681,0,0,0,0,0,0,0,0,1,0,1,0,0,0,1,0,0,0,0,0,0,1,0,0,0,0,0,1,0,0,0,0,3.332204510175204,5.4638318050256105,0.0,236.0,61.5,1,0,0,0,0,0,1,0,0,0,0,0,0,0,0,1,0,0,0,0,0,0,0,0,0,0,0,0,0,0,1,0,1.089,0.5020919437972361,1996,20
12,0,1,0,0,1,0,-1.113,0.672,0,0,0,0,0,0,0,0,1,0,1,0,0,0,1,0,0,0,0,0,0,1,0,0,0,0,0,1,0,0,0,0,3.332204510175204,5.407171771460119,0.0,223.0,61.5,0,0,0,0,0,0,1,0,0,0,0,0,0,0,0,1,0,0,0,0,0,0,0,0,0,0,0,0,0,0,1,0,1.089,0.5020919437972361,1996,20
12,0,1,0,0,1,0,-0.659,0.544,0,0,0,0,0,0,0,1,0,0,0,1,0,0,1,0,0,0,0,0,0,1,0,0,0,0,0,1,0,0,0,0,3.332204510175204,5.4638318050256105,0.0,236.0,61.5,1,0,0,0,0,0,1,0,0,0,0,0,0,0,0,1,0,0,0,0,0,0,0,0,0,0,0,0,0,0,1,0,1.089,0.5020919437972361,1996,20
12,0,1,0,0,1,0,-1.027,0.556,0,0,0,0,0,0,0,1,0,0,0,1,0,0,1,0,0,0,0,0,0,1,0,0,0,0,0,1,0,0,0,0,3.332204510175204,5.4638318050256105,0.0,236.0,61.5,1,0,0,0,0,0,1,0,0,0,0,0,0,0,0,1,0,0,0,0,0,0,0,0,0,0,0,0,0,0,1,0,1.089,0.5020919437972361,1996,20
12,0,1,0,0,1,0,-0.126,0.532,0,0,0,0,0,0,0,1,0,0,0,1,0,0,1,0,0,0,0,0,0,1,0,0,0,0,0,1,0,0,0,0,3.332204510175204,5.407171771460119,0.0,223.0,61.5,0,0,0,0,0,0,1,0,0,0,0,0,0,0,0,1,0,0,0,0,0,0,0,0,0,0,0,0,0,0,1,0,1.089,0.5020919437972361,1996,20
123,0,1,0,0,1,0,-1.522,0.863,0,0,0,0,0,1,0,0,0,0,1,0,0,0,1,0,0,0,0,0,0,0,1,0,0,0,0,0,0,0,1,0,0.0,4.290459441148391,0.0,73.0,63.0,0,0,0,0,0,0,1,0,0,0,0,0,0,0,0,1,0,0,0,0,0,0,0,0,0,0,0,0,0,0,0,1,1.089,2.2386812910145655,1998,22
123,0,1,0,0,1,0,-0.136,0.839,0,0,0,1,0,0,0,0,0,0,1,0,0,0,1,0,0,0,0,0,0,0,1,0,0,0,0,0,0,0,1,0,0.0,4.290459441148391,0.0,73.0,63.0,0,0,0,0,0,0,1,0,0,0,0,0,0,0,0,1,0,0,0,0,0,0,0,0,0,0,0,0,0,0,0,1,1.089,2.2386812910145655,1998,22
123,0,1,0,0,1,0,-2.526,0.903,0,0,0,0,0,0,0,1,0,0,0,1,0,0,1,0,0,0,0,0,0,0,1,0,0,0,0,0,0,0,1,0,0.0,4.290459441148391,0.0,73.0,63.0,0,0,0,0,0,0,1,0,0,0,0,0,0,0,0,1,0,0,0,0,0,0,0,0,0,0,0,0,0,0,0,1,1.089,2.2386812910145655,1998,22
123,0,1,0,0,1,0,-0.602,0.782,0,0,0,1,0,0,0,0,0,0,1,0,0,0,0,1,0,0,0,0,0,0,1,0,0,0,0,0,0,0,1,0,0.0,4.290459441148391,0.0,73.0,63.0,0,0,0,0,0,0,1,0,0,0,0,0,0,0,0,1,0,0,0,0,0,0,0,0,0,0,0,0,0,0,0,1,1.089,2.2386812910145655,1998,22
123,0,1,0,0,1,0,-4.261,1.133,0,0,0,0,0,0,0,1,0,0,0,1,0,0,0,1,0,0,0,0,0,0,1,0,0,0,0,0,0,0,1,0,0.0,4.290459441148391,0.0,73.0,63.0,0,0,0,0,0,0,1,0,0,0,0,0,0,0,0,1,0,0,0,0,0,0,0,0,0,0,0,0,0,0,0,1,1.089,2.2386812910145655,1998,22
123,0,1,0,0,1,0,-0.755,1.042,0,0,0,0,0,0,0,1,0,0,0,1,0,0,0,0,0,0,0,1,0,0,1,0,0,0,0,0,0,0,1,0,0.0,4.290459441148391,0.0,73.0,63.0,0,0,0,0,0,0,1,0,0,0,0,0,0,0,0,1,0,0,0,0,0,0,0,0,0,0,0,0,0,0,0,1,1.089,2.2386812910145655,1998,22
123,0,1,0,0,1,0,1.247,1.162,0,0,0,0,0,1,0,0,0,0,1,0,0,0,1,0,0,0,0,0,0,0,1,0,0,0,0,0,0,0,1,0,0.0,2.5649493574615367,0.0,13.0,55.5,0,0,0,0,0,0,1,0,0,0,0,0,0,0,0,1,0,0,0,0,0,0,0,0,0,0,0,0,0,0,0,1,1.089,2.2386812910145655,1998,22
123,0,1,0,0,1,0,-0.034,1.848,0,0,0,1,0,0,0,0,0,0,1,0,0,0,1,0,0,0,0,0,0,0,1,0,0,0,0,0,0,0,1,0,0.0,2.5649493574615367,0.0,13.0,55.5,0,0,0,0,0,0,1,0,0,0,0,0,0,0,0,1,0,0,0,0,0,0,0,0,0,0,0,0,0,0,0,1,1.089,2.2386812910145655,1998,22
123,0,1,0,0,1,0,-1.967,1.563,0,0,0,0,0,0,0,1,0,0,0,1,0,0,1,0,0,0,0,0,0,0,1,0,0,0,0,0,0,0,1,0,0.0,2.5649493574615367,0.0,13.0,55.5,0,0,0,0,0,0,1,0,0,0,0,0,0,0,0,1,0,0,0,0,0,0,0,0,0,0,0,0,0,0,0,1,1.089,2.2386812910145655,1998,22
123,0,1,0,0,1,0,0.464,1.802,0,0,0,1,0,0,0,0,0,0,1,0,0,0,0,1,0,0,0,0,0,0,1,0,0,0,0,0,0,0,1,0,0.0,2.5649493574615367,0.0,13.0,55.5,0,0,0,0,0,0,1,0,0,0,0,0,0,0,0,1,0,0,0,0,0,0,0,0,0,0,0,0,0,0,0,1,1.089,2.2386812910145655,1998,22
123,0,1,0,0,1,0,-3.621,2.362,0,0,0,0,0,0,0,1,0,0,0,1,0,0,0,1,0,0,0,0,0,0,1,0,0,0,0,0,0,0,1,0,0.0,2.5649493574615367,0.0,13.0,55.5,0,0,0,0,0,0,1,0,0,0,0,0,0,0,0,1,0,0,0,0,0,0,0,0,0,0,0,0,0,0,0,1,1.089,2.2386812910145655,1998,22
123,0,1,0,0,1,0,-0.897,3.956,0,0,0,0,0,0,0,1,0,0,0,1,0,0,0,0,0,0,0,1,0,0,1,0,0,0,0,0,0,0,1,0,0.0,2.5649493574615367,0.0,13.0,55.5,0,0,0,0,0,0,1,0,0,0,0,0,0,0,0,1,0,0,0,0,0,0,0,0,0,0,0,0,0,0,0,1,1.089,2.2386812910145655,1998,22
123,0,1,0,0,1,0,-2.419,1.079,0,0,0,0,0,1,0,0,0,0,1,0,0,0,1,0,0,0,0,0,0,0,1,0,0,0,0,0,0,0,1,0,0.0,4.02535169073515,0.0,56.0,65.0,0,0,0,0,0,0,1,0,0,0,0,0,0,0,0,1,0,0,0,0,0,0,0,0,0,0,0,0,0,0,0,1,1.089,2.2386812910145655,1998,22
123,0,1,0,0,1,0,-0.199,0.951,0,0,0,1,0,0,0,0,0,0,1,0,0,0,1,0,0,0,0,0,0,0,1,0,0,0,0,0,0,0,1,0,0.0,4.02535169073515,0.0,56.0,65.0,0,0,0,0,0,0,1,0,0,0,0,0,0,0,0,1,0,0,0,0,0,0,0,0,0,0,0,0,0,0,0,1,1.089,2.2386812910145655,1998,22
123,0,1,0,0,1,0,-2.669,1.119,0,0,0,0,0,0,0,1,0,0,0,1,0,0,1,0,0,0,0,0,0,0,1,0,0,0,0,0,0,0,1,0,0.0,4.02535169073515,0.0,56.0,65.0,0,0,0,0,0,0,1,0,0,0,0,0,0,0,0,1,0,0,0,0,0,0,0,0,0,0,0,0,0,0,0,1,1.089,2.2386812910145655,1998,22
123,0,1,0,0,1,0,-0.98,0.982,0,0,0,1,0,0,0,0,0,0,1,0,0,0,0,1,0,0,0,0,0,0,1,0,0,0,0,0,0,0,1,0,0.0,4.02535169073515,0.0,56.0,65.0,0,0,0,0,0,0,1,0,0,0,0,0,0,0,0,1,0,0,0,0,0,0,0,0,0,0,0,0,0,0,0,1,1.089,2.2386812910145655,1998,22
123,0,1,0,0,1,0,-4.549,1.471,0,0,0,0,0,0,0,1,0,0,0,1,0,0,0,1,0,0,0,0,0,0,1,0,0,0,0,0,0,0,1,0,0.0,4.02535169073515,0.0,56.0,65.0,0,0,0,0,0,0,1,0,0,0,0,0,0,0,0,1,0,0,0,0,0,0,0,0,0,0,0,0,0,0,0,1,1.089,2.2386812910145655,1998,22
123,0,1,0,0,1,0,-1.311,1.07,0,0,0,0,0,0,0,1,0,0,0,1,0,0,0,0,0,0,0,1,0,0,1,0,0,0,0,0,0,0,1,0,0.0,4.02535169073515,0.0,56.0,65.0,0,0,0,0,0,0,1,0,0,0,0,0,0,0,0,1,0,0,0,0,0,0,0,0,0,0,0,0,0,0,0,1,1.089,2.2386812910145655,1998,22
123,0,1,0,0,1,0,-1.39,0.368,0,0,0,0,0,1,0,0,0,0,1,0,0,0,1,0,0,0,0,0,0,0,1,0,0,0,0,0,0,0,1,0,0.0,4.290459441148391,1.791759469228055,438.0,63.0,0,0,0,0,0,0,0,0,0,0,0,0,1,0,0,1,0,0,0,0,0,0,0,0,0,0,0,0,0,0,0,1,1.089,2.2386812910145655,1998,22
123,0,1,0,0,1,0,-1.39,0.368,0,0,0,1,0,0,0,0,0,0,1,0,0,0,1,0,0,0,0,0,0,0,1,0,0,0,0,0,0,0,1,0,0.0,4.290459441148391,1.791759469228055,438.0,63.0,0,0,0,0,0,0,0,0,0,0,0,0,1,0,0,1,0,0,0,0,0,0,0,0,0,0,0,0,0,0,0,1,1.089,2.2386812910145655,1998,22
123,0,1,0,0,1,0,-1.39,0.368,0,0,0,0,0,0,0,1,0,0,0,1,0,0,1,0,0,0,0,0,0,0,1,0,0,0,0,0,0,0,1,0,0.0,4.290459441148391,1.791759469228055,438.0,63.0,0,0,0,0,0,0,0,0,0,0,0,0,1,0,0,1,0,0,0,0,0,0,0,0,0,0,0,0,0,0,0,1,1.089,2.2386812910145655,1998,22
123,0,1,0,0,1,0,-1.39,0.368,0,0,0,1,0,0,0,0,0,0,1,0,0,0,0,1,0,0,0,0,0,0,1,0,0,0,0,0,0,0,1,0,0.0,4.290459441148391,1.791759469228055,438.0,63.0,0,0,0,0,0,0,0,0,0,0,0,0,1,0,0,1,0,0,0,0,0,0,0,0,0,0,0,0,0,0,0,1,1.089,2.2386812910145655,1998,22
123,0,1,0,0,1,0,-1.39,0.368,0,0,0,0,0,0,0,1,0,0,0,1,0,0,0,1,0,0,0,0,0,0,1,0,0,0,0,0,0,0,1,0,0.0,4.290459441148391,1.791759469228055,438.0,63.0,0,0,0,0,0,0,0,0,0,0,0,0,1,0,0,1,0,0,0,0,0,0,0,0,0,0,0,0,0,0,0,1,1.089,2.2386812910145655,1998,22
123,0,1,0,0,1,0,-1.39,0.368,0,0,0,0,0,0,0,1,0,0,0,1,0,0,0,0,0,0,0,1,0,0,1,0,0,0,0,0,0,0,1,0,0.0,4.290459441148391,1.791759469228055,438.0,63.0,0,0,0,0,0,0,0,0,0,0,0,0,1,0,0,1,0,0,0,0,0,0,0,0,0,0,0,0,0,0,0,1,1.089,2.2386812910145655,1998,22
123,0,1,0,0,1,0,-0.298,0.693,0,0,0,0,0,1,0,0,0,0,1,0,0,0,1,0,0,0,0,0,0,0,1,0,0,0,0,0,0,0,1,0,0.0,2.5649493574615367,1.791759469228055,78.0,55.5,0,0,0,0,0,0,0,0,0,0,0,0,1,0,0,1,0,0,0,0,0,0,0,0,0,0,0,0,0,0,0,1,1.089,2.2386812910145655,1998,22
123,0,1,0,0,1,0,-0.298,0.693,0,0,0,1,0,0,0,0,0,0,1,0,0,0,1,0,0,0,0,0,0,0,1,0,0,0,0,0,0,0,1,0,0.0,2.5649493574615367,1.791759469228055,78.0,55.5,0,0,0,0,0,0,0,0,0,0,0,0,1,0,0,1,0,0,0,0,0,0,0,0,0,0,0,0,0,0,0,1,1.089,2.2386812910145655,1998,22
123,0,1,0,0,1,0,-0.298,0.693,0,0,0,0,0,0,0,1,0,0,0,1,0,0,1,0,0,0,0,0,0,0,1,0,0,0,0,0,0,0,1,0,0.0,2.5649493574615367,1.791759469228055,78.0,55.5,0,0,0,0,0,0,0,0,0,0,0,0,1,0,0,1,0,0,0,0,0,0,0,0,0,0,0,0,0,0,0,1,1.089,2.2386812910145655,1998,22
123,0,1,0,0,1,0,-0.298,0.693,0,0,0,1,0,0,0,0,0,0,1,0,0,0,0,1,0,0,0,0,0,0,1,0,0,0,0,0,0,0,1,0,0.0,2.5649493574615367,1.791759469228055,78.0,55.5,0,0,0,0,0,0,0,0,0,0,0,0,1,0,0,1,0,0,0,0,0,0,0,0,0,0,0,0,0,0,0,1,1.089,2.2386812910145655,1998,22
123,0,1,0,0,1,0,-0.298,0.693,0,0,0,0,0,0,0,1,0,0,0,1,0,0,0,1,0,0,0,0,0,0,1,0,0,0,0,0,0,0,1,0,0.0,2.5649493574615367,1.791759469228055,78.0,55.5,0,0,0,0,0,0,0,0,0,0,0,0,1,0,0,1,0,0,0,0,0,0,0,0,0,0,0,0,0,0,0,1,1.089,2.2386812910145655,1998,22
123,0,1,0,0,1,0,-0.298,0.693,0,0,0,0,0,0,0,1,0,0,0,1,0,0,0,0,0,0,0,1,0,0,1,0,0,0,0,0,0,0,1,0,0.0,2.5649493574615367,1.791759469228055,78.0,55.5,0,0,0,0,0,0,0,0,0,0,0,0,1,0,0,1,0,0,0,0,0,0,0,0,0,0,0,0,0,0,0,1,1.089,2.2386812910145655,1998,22
123,0,1,0,0,1,0,-1.684,0.438,0,0,0,0,0,1,0,0,0,0,1,0,0,0,1,0,0,0,0,0,0,0,1,0,0,0,0,0,0,0,1,0,0.0,4.02535169073515,1.791759469228055,336.0,65.0,0,0,0,0,0,0,0,0,0,0,0,0,1,0,0,1,0,0,0,0,0,0,0,0,0,0,0,0,0,0,0,1,1.089,2.2386812910145655,1998,22
123,0,1,0,0,1,0,-1.684,0.438,0,0,0,1,0,0,0,0,0,0,1,0,0,0,1,0,0,0,0,0,0,0,1,0,0,0,0,0,0,0,1,0,0.0,4.02535169073515,1.791759469228055,336.0,65.0,0,0,0,0,0,0,0,0,0,0,0,0,1,0,0,1,0,0,0,0,0,0,0,0,0,0,0,0,0,0,0,1,1.089,2.2386812910145655,1998,22
123,0,1,0,0,1,0,-1.684,0.438,0,0,0,0,0,0,0,1,0,0,0,1,0,0,1,0,0,0,0,0,0,0,1,0,0,0,0,0,0,0,1,0,0.0,4.02535169073515,1.791759469228055,336.0,65.0,0,0,0,0,0,0,0,0,0,0,0,0,1,0,0,1,0,0,0,0,0,0,0,0,0,0,0,0,0,0,0,1,1.089,2.2386812910145655,1998,22
123,0,1,0,0,1,0,-1.684,0.438,0,0,0,1,0,0,0,0,0,0,1,0,0,0,0,1,0,0,0,0,0,0,1,0,0,0,0,0,0,0,1,0,0.0,4.02535169073515,1.791759469228055,336.0,65.0,0,0,0,0,0,0,0,0,0,0,0,0,1,0,0,1,0,0,0,0,0,0,0,0,0,0,0,0,0,0,0,1,1.089,2.2386812910145655,1998,22
123,0,1,0,0,1,0,-1.684,0.438,0,0,0,0,0,0,0,1,0,0,0,1,0,0,0,1,0,0,0,0,0,0,1,0,0,0,0,0,0,0,1,0,0.0,4.02535169073515,1.791759469228055,336.0,65.0,0,0,0,0,0,0,0,0,0,0,0,0,1,0,0,1,0,0,0,0,0,0,0,0,0,0,0,0,0,0,0,1,1.089,2.2386812910145655,1998,22
123,0,1,0,0,1,0,-1.684,0.438,0,0,0,0,0,0,0,1,0,0,0,1,0,0,0,0,0,0,0,1,0,0,1,0,0,0,0,0,0,0,1,0,0.0,4.02535169073515,1.791759469228055,336.0,65.0,0,0,0,0,0,0,0,0,0,0,0,0,1,0,0,1,0,0,0,0,0,0,0,0,0,0,0,0,0,0,0,1,1.089,2.2386812910145655,1998,22
32,1,0,0,1,0,0,0.989,0.015,1,0,0,0,0,0,0,0,0,0,0,0,1,0,1,0,0,0,0,0,0,1,0,0,0,0,0,0,0,1,0,0,0.0,4.7535901911063645,0.0,116.0,56.5,0,0,0,0,0,0,1,0,0,0,0,0,0,0,0,1,0,0,0,0,0,0,0,0,0,0,0,0,0,0,1,0,0.83,1.087801372563894,1988,12
32,1,0,0,1,0,0,0.984,0.015,1,0,0,0,0,0,0,0,0,0,0,0,1,0,1,0,0,0,0,0,0,1,0,0,0,0,0,0,0,1,0,0,0.0,4.7535901911063645,1.3862943611198906,464.0,56.5,0,0,0,0,0,0,0,0,0,0,0,0,1,0,0,1,0,0,0,0,0,0,0,0,0,0,0,0,0,0,1,0,0.83,1.087801372563894,1988,12
32,1,0,0,1,0,0,0.892,0.096,1,0,0,0,0,0,0,0,0,0,0,0,1,0,1,0,0,0,0,0,0,1,0,0,0,0,0,0,0,1,0,0,0.0,4.7535901911063645,0.0,116.0,56.5,0,1,0,0,0,0,1,0,0,0,0,0,0,0,0,1,0,0,0,0,0,0,0,0,0,0,0,0,0,0,1,0,0.83,1.087801372563894,1988,12
32,1,0,0,1,0,0,0.946,0.093,1,0,0,0,0,0,0,0,0,0,0,0,1,0,1,0,0,0,0,0,0,1,0,0,0,0,0,0,0,1,0,0,0.0,4.7535901911063645,1.3862943611198906,464.0,56.5,0,1,0,0,0,0,0,0,0,0,0,0,1,0,0,1,0,0,0,0,0,0,0,0,0,0,0,0,0,0,1,0,0.83,1.087801372563894,1988,12
32,1,0,0,1,0,0,1.005,0.017,0,0,0,0,1,0,0,0,0,0,1,0,0,0,1,0,0,0,0,0,0,1,0,0,0,0,0,0,0,1,0,0,0.0,4.7535901911063645,0.0,116.0,56.5,0,0,0,0,0,0,1,0,0,0,0,0,0,0,0,1,0,0,0,0,0,0,0,0,0,0,0,0,0,0,1,0,0.83,1.087801372563894,1988,12
32,1,0,0,1,0,0,0.992,0.01,0,0,0,0,1,0,0,0,0,0,1,0,0,0,1,0,0,0,0,0,0,1,0,0,0,0,0,0,0,1,0,0,0.0,4.7535901911063645,1.3862943611198906,464.0,56.5,0,0,0,0,0,0,0,0,0,0,0,0,1,0,0,1,0,0,0,0,0,0,0,0,0,0,0,0,0,0,1,0,0.83,1.087801372563894,1988,12
32,1,0,0,1,0,0,0.94,0.097,0,0,0,0,1,0,0,0,0,0,1,0,0,0,1,0,0,0,0,0,0,1,0,0,0,0,0,0,0,1,0,0,0.0,4.7535901911063645,0.0,116.0,56.5,0,1,0,0,0,0,1,0,0,0,0,0,0,0,0,1,0,0,0,0,0,0,0,0,0,0,0,0,0,0,1,0,0.83,1.087801372563894,1988,12
32,1,0,0,1,0,0,1.008,0.071,0,0,0,0,1,0,0,0,0,0,1,0,0,0,1,0,0,0,0,0,0,1,0,0,0,0,0,0,0,1,0,0,0.0,4.7535901911063645,1.3862943611198906,464.0,56.5,0,1,0,0,0,0,0,0,0,0,0,0,1,0,0,1,0,0,0,0,0,0,0,0,0,0,0,0,0,0,1,0,0.83,1.087801372563894,1988,12
32,1,0,0,1,0,0,0.958,0.022,0,0,0,1,0,0,0,0,0,0,1,0,0,0,1,0,0,0,0,0,0,1,0,0,0,0,0,0,0,1,0,0,0.0,4.7535901911063645,0.0,116.0,56.5,0,0,0,0,0,0,1,0,0,0,0,0,0,0,0,1,0,0,0,0,0,0,0,0,0,0,0,0,0,0,1,0,0.83,1.087801372563894,1988,12
32,1,0,0,1,0,0,0.97,0.013,0,0,0,1,0,0,0,0,0,0,1,0,0,0,1,0,0,0,0,0,0,1,0,0,0,0,0,0,0,1,0,0,0.0,4.7535901911063645,1.3862943611198906,464.0,56.5,0,0,0,0,0,0,0,0,0,0,0,0,1,0,0,1,0,0,0,0,0,0,0,0,0,0,0,0,0,0,1,0,0.83,1.087801372563894,1988,12
32,1,0,0,1,0,0,0.964,0.094,0,0,0,1,0,0,0,0,0,0,1,0,0,0,1,0,0,0,0,0,0,1,0,0,0,0,0,0,0,1,0,0,0.0,4.7535901911063645,0.0,116.0,56.5,0,1,0,0,0,0,1,0,0,0,0,0,0,0,0,1,0,0,0,0,0,0,0,0,0,0,0,0,0,0,1,0,0.83,1.087801372563894,1988,12
32,1,0,0,1,0,0,1.004,0.068,0,0,0,1,0,0,0,0,0,0,1,0,0,0,1,0,0,0,0,0,0,1,0,0,0,0,0,0,0,1,0,0,0.0,4.7535901911063645,1.3862943611198906,464.0,56.5,0,1,0,0,0,0,0,0,0,0,0,0,1,0,0,1,0,0,0,0,0,0,0,0,0,0,0,0,0,0,1,0,0.83,1.087801372563894,1988,12
32,1,0,0,1,0,0,0.99,0.021,0,0,0,0,0,1,0,0,0,0,1,0,0,0,1,0,0,0,0,0,0,1,0,0,0,0,0,0,0,1,0,0,0.0,4.7535901911063645,0.0,116.0,56.5,0,0,0,0,0,0,1,0,0,0,0,0,0,0,0,1,0,0,0,0,0,0,0,0,0,0,0,0,0,0,1,0,0.83,1.087801372563894,1988,12
32,1,0,0,1,0,0,0.995,0.017,0,0,0,0,0,1,0,0,0,0,1,0,0,0,1,0,0,0,0,0,0,1,0,0,0,0,0,0,0,1,0,0,0.0,4.7535901911063645,1.3862943611198906,464.0,56.5,0,0,0,0,0,0,0,0,0,0,0,0,1,0,0,1,0,0,0,0,0,0,0,0,0,0,0,0,0,0,1,0,0.83,1.087801372563894,1988,12
32,1,0,0,1,0,0,1.08,0.096,0,0,0,0,0,1,0,0,0,0,1,0,0,0,1,0,0,0,0,0,0,1,0,0,0,0,0,0,0,1,0,0,0.0,4.7535901911063645,0.0,116.0,56.5,0,1,0,0,0,0,1,0,0,0,0,0,0,0,0,1,0,0,0,0,0,0,0,0,0,0,0,0,0,0,1,0,0.83,1.087801372563894,1988,12
32,1,0,0,1,0,0,1.119,0.083,0,0,0,0,0,1,0,0,0,0,1,0,0,0,1,0,0,0,0,0,0,1,0,0,0,0,0,0,0,1,0,0,0.0,4.7535901911063645,1.3862943611198906,464.0,56.5,0,1,0,0,0,0,0,0,0,0,0,0,1,0,0,1,0,0,0,0,0,0,0,0,0,0,0,0,0,0,1,0,0.83,1.087801372563894,1988,12
76,0,1,0,0,1,0,-4.81,1.857142857142857,0,0,0,0,0,0,0,0,0,1,1,0,0,0,1,0,0,0,0,0,0,1,0,0,0,0,0,0,0,1,0,0,0.0,4.820281565605037,0.0,124.0,80.0,0,0,0,0,0,0,1,0,0,0,0,0,0,0,0,1,0,0,0,0,0,0,0,0,0,0,0,0,0,0,0,1,0.83,0.8472978603872037,2013,37
76,0,1,0,0,1,0,-4.92,1.571884984025559,0,0,0,0,0,0,0,0,0,1,1,0,0,0,1,0,0,0,0,0,0,0,1,0,0,0,0,0,0,1,0,0,0.0,4.820281565605037,0.0,124.0,80.0,1,0,0,0,0,0,1,0,0,0,0,0,0,0,0,1,0,0,0,0,0,0,0,0,0,0,0,0,0,0,0,1,0.83,0.8472978603872037,2013,37
76,0,1,0,0,1,0,-5.076,1.183216783216783,0,0,0,0,0,0,0,0,0,1,1,0,0,0,1,0,0,0,0,0,0,0,1,0,0,0,0,0,0,1,0,0,0.0,4.820281565605037,0.0,124.0,80.0,1,0,0,0,0,0,1,0,0,0,0,0,0,0,0,1,0,0,0,0,0,0,0,0,0,0,0,0,0,0,0,1,0.83,0.8472978603872037,2013,37
76,0,1,0,0,1,0,-5.254,0.8727574750830565,0,0,0,0,0,0,0,0,0,1,1,0,0,0,1,0,0,0,0,0,0,0,0,1,0,0,0,0,0,1,0,0,0.0,4.820281565605037,0.0,124.0,80.0,1,0,0,0,0,0,1,0,0,0,0,0,0,0,0,1,0,0,0,0,0,0,0,0,0,0,0,0,0,0,0,1,0.83,0.8472978603872037,2013,37
76,0,1,0,0,1,0,-1.874,1.5747899159663867,0,0,0,0,0,0,0,1,0,0,0,1,0,0,1,0,0,0,0,0,0,1,0,0,0,0,0,0,0,1,0,0,0.0,4.820281565605037,0.0,124.0,80.0,0,0,0,0,0,0,1,0,0,0,0,0,0,0,0,1,0,0,0,0,0,0,0,0,0,0,0,0,0,0,0,1,0.83,0.8472978603872037,2013,37
76,0,1,0,0,1,0,-1.608,1.4752293577981652,0,0,0,0,0,0,0,1,0,0,0,1,0,0,1,0,0,0,0,0,0,0,1,0,0,0,0,0,0,1,0,0,0.0,4.820281565605037,0.0,124.0,80.0,1,0,0,0,0,0,1,0,0,0,0,0,0,0,0,1,0,0,0,0,0,0,0,0,0,0,0,0,0,0,0,1,0.83,0.8472978603872037,2013,37
76,0,1,0,0,1,0,-1.761,1.1898648648648649,0,0,0,0,0,0,0,1,0,0,0,1,0,0,1,0,0,0,0,0,0,0,1,0,0,0,0,0,0,1,0,0,0.0,4.820281565605037,0.0,124.0,80.0,1,0,0,0,0,0,1,0,0,0,0,0,0,0,0,1,0,0,0,0,0,0,0,0,0,0,0,0,0,0,0,1,0.83,0.8472978603872037,2013,37
76,0,1,0,0,1,0,-1.854,0.7923076923076924,0,0,0,0,0,0,0,1,0,0,0,1,0,0,1,0,0,0,0,0,0,0,0,1,0,0,0,0,0,1,0,0,0.0,4.820281565605037,0.0,124.0,80.0,1,0,0,0,0,0,1,0,0,0,0,0,0,0,0,1,0,0,0,0,0,0,0,0,0,0,0,0,0,0,0,1,0.83,0.8472978603872037,2013,37
76,0,1,0,0,1,0,-2.514,1.9338461538461535,0,0,0,0,0,1,0,0,0,0,1,0,0,0,1,0,0,0,0,0,0,1,0,0,0,0,0,0,0,1,0,0,0.0,4.820281565605037,0.0,124.0,80.0,0,0,0,0,0,0,1,0,0,0,0,0,0,0,0,1,0,0,0,0,0,0,0,0,0,0,0,0,0,0,0,1,0.83,0.8472978603872037,2013,37
76,0,1,0,0,1,0,-2.04,1.6585365853658538,0,0,0,0,0,1,0,0,0,0,1,0,0,0,1,0,0,0,0,0,0,0,1,0,0,0,0,0,0,1,0,0,0.0,4.820281565605037,0.0,124.0,80.0,1,0,0,0,0,0,1,0,0,0,0,0,0,0,0,1,0,0,0,0,0,0,0,0,0,0,0,0,0,0,0,1,0.83,0.8472978603872037,2013,37
76,0,1,0,0,1,0,-1.95,1.4338235294117645,0,0,0,0,0,1,0,0,0,0,1,0,0,0,1,0,0,0,0,0,0,0,1,0,0,0,0,0,0,1,0,0,0.0,4.820281565605037,0.0,124.0,80.0,1,0,0,0,0,0,1,0,0,0,0,0,0,0,0,1,0,0,0,0,0,0,0,0,0,0,0,0,0,0,0,1,0.83,0.8472978603872037,2013,37
76,0,1,0,0,1,0,-2.186,1.1505263157894736,0,0,0,0,0,1,0,0,0,0,1,0,0,0,1,0,0,0,0,0,0,0,0,1,0,0,0,0,0,1,0,0,0.0,4.820281565605037,0.0,124.0,80.0,1,0,0,0,0,0,1,0,0,0,0,0,0,0,0,1,0,0,0,0,0,0,0,0,0,0,0,0,0,0,0,1,0.83,0.8472978603872037,2013,37
76,0,1,0,0,1,0,-3.603,1.9267379679144385,0,0,0,0,0,0,0,0,0,1,1,0,0,0,1,0,0,0,0,0,0,1,0,0,0,0,0,0,0,1,0,0,0.0,4.820281565605037,0.0,124.0,80.0,0,0,0,0,0,0,1,0,0,0,0,0,0,0,0,1,0,0,0,0,0,0,0,0,0,0,0,1,0,0,0,0,0.83,0.8472978603872037,2013,37
76,0,1,0,0,1,0,-0.766,0.6963636363636363,0,0,0,0,0,0,0,0,0,1,1,0,0,0,1,0,0,0,0,0,0,0,1,0,0,0,0,0,0,1,0,0,0.0,4.820281565605037,0.0,124.0,80.0,1,0,0,0,0,0,1,0,0,0,0,0,0,0,0,1,0,0,0,0,0,0,0,0,0,0,0,1,0,0,0,0,0.83,0.8472978603872037,2013,37
76,0,1,0,0,1,0,0.316,0.42702702702702705,0,0,0,0,0,0,0,0,0,1,1,0,0,0,1,0,0,0,0,0,0,0,1,0,0,0,0,0,0,1,0,0,0.0,4.820281565605037,0.0,124.0,80.0,1,0,0,0,0,0,1,0,0,0,0,0,0,0,0,1,0,0,0,0,0,0,0,0,0,0,0,1,0,0,0,0,0.83,0.8472978603872037,2013,37
76,0,1,0,0,1,0,0.642,0.34516129032258064,0,0,0,0,0,0,0,0,0,1,1,0,0,0,1,0,0,0,0,0,0,0,0,1,0,0,0,0,0,1,0,0,0.0,4.820281565605037,0.0,124.0,80.0,1,0,0,0,0,0,1,0,0,0,0,0,0,0,0,1,0,0,0,0,0,0,0,0,0,0,0,1,0,0,0,0,0.83,0.8472978603872037,2013,37
76,0,1,0,0,1,0,-2.87,1.5944444444444446,0,0,0,0,0,0,0,1,0,0,0,1,0,0,1,0,0,0,0,0,0,1,0,0,0,0,0,0,0,1,0,0,0.0,4.820281565605037,0.0,124.0,80.0,0,0,0,0,0,0,1,0,0,0,0,0,0,0,0,1,0,0,0,0,0,0,0,0,0,0,0,1,0,0,0,0,0.83,0.8472978603872037,2013,37
76,0,1,0,0,1,0,-1.404,0.8022857142857143,0,0,0,0,0,0,0,1,0,0,0,1,0,0,1,0,0,0,0,0,0,0,1,0,0,0,0,0,0,1,0,0,0.0,4.820281565605037,0.0,124.0,80.0,1,0,0,0,0,0,1,0,0,0,0,0,0,0,0,1,0,0,0,0,0,0,0,0,0,0,0,1,0,0,0,0,0.83,0.8472978603872037,2013,37
76,0,1,0,0,1,0,-0.432,0.6,0,0,0,0,0,0,0,1,0,0,0,1,0,0,1,0,0,0,0,0,0,0,1,0,0,0,0,0,0,1,0,0,0.0,4.820281565605037,0.0,124.0,80.0,1,0,0,0,0,0,1,0,0,0,0,0,0,0,0,1,0,0,0,0,0,0,0,0,0,0,0,1,0,0,0,0,0.83,0.8472978603872037,2013,37
76,0,1,0,0,1,0,-0.036,0.39999999999999997,0,0,0,0,0,0,0,1,0,0,0,1,0,0,1,0,0,0,0,0,0,0,0,1,0,0,0,0,0,1,0,0,0.0,4.820281565605037,0.0,124.0,80.0,1,0,0,0,0,0,1,0,0,0,0,0,0,0,0,1,0,0,0,0,0,0,0,0,0,0,0,1,0,0,0,0,0.83,0.8472978603872037,2013,37
76,0,1,0,0,1,0,-1.351,2.1109375,0,0,0,0,0,1,0,0,0,0,1,0,0,0,1,0,0,0,0,0,0,1,0,0,0,0,0,0,0,1,0,0,0.0,4.820281565605037,0.0,124.0,80.0,0,0,0,0,0,0,1,0,0,0,0,0,0,0,0,1,0,0,0,0,0,0,0,0,0,0,0,1,0,0,0,0,0.83,0.8472978603872037,2013,37
76,0,1,0,0,1,0,0.007,0.7,0,0,0,0,0,1,0,0,0,0,1,0,0,0,1,0,0,0,0,0,0,0,1,0,0,0,0,0,0,1,0,0,0.0,4.820281565605037,0.0,124.0,80.0,1,0,0,0,0,0,1,0,0,0,0,0,0,0,0,1,0,0,0,0,0,0,0,0,0,0,0,1,0,0,0,0,0.83,0.8472978603872037,2013,37
76,0,1,0,0,1,0,0.333,0.43815789473684214,0,0,0,0,0,1,0,0,0,0,1,0,0,0,1,0,0,0,0,0,0,0,1,0,0,0,0,0,0,1,0,0,0.0,4.820281565605037,0.0,124.0,80.0,1,0,0,0,0,0,1,0,0,0,0,0,0,0,0,1,0,0,0,0,0,0,0,0,0,0,0,1,0,0,0,0,0.83,0.8472978603872037,2013,37
76,0,1,0,0,1,0,0.474,0.3224489795918367,0,0,0,0,0,1,0,0,0,0,1,0,0,0,1,0,0,0,0,0,0,0,0,1,0,0,0,0,0,1,0,0,0.0,4.820281565605037,0.0,124.0,80.0,1,0,0,0,0,0,1,0,0,0,0,0,0,0,0,1,0,0,0,0,0,0,0,0,0,0,0,1,0,0,0,0,0.83,0.8472978603872037,2013,37
76,0,1,0,0,1,0,-4.42,1.1510416666666667,0,0,0,0,0,0,0,0,0,1,1,0,0,0,1,0,0,0,0,0,0,1,0,0,0,0,0,0,0,1,0,0,0.0,4.820281565605037,0.0,124.0,80.0,0,0,0,0,0,0,0,1,0,0,0,0,0,0,0,1,0,0,0,0,0,0,0,0,0,0,0,1,0,0,0,0,0.83,0.8472978603872037,2013,37
76,0,1,0,0,1,0,-4.77,1.2619047619047619,0,0,0,0,0,0,0,0,0,1,1,0,0,0,1,0,0,0,0,0,0,0,1,0,0,0,0,0,0,1,0,0,0.0,4.820281565605037,0.0,124.0,80.0,1,0,0,0,0,0,0,1,0,0,0,0,0,0,0,1,0,0,0,0,0,0,0,0,0,0,0,1,0,0,0,0,0.83,0.8472978603872037,2013,37
76,0,1,0,0,1,0,-5.46,1.3582089552238807,0,0,0,0,0,0,0,0,0,1,1,0,0,0,1,0,0,0,0,0,0,0,1,0,0,0,0,0,0,1,0,0,0.0,4.820281565605037,0.0,124.0,80.0,1,0,0,0,0,0,0,1,0,0,0,0,0,0,0,1,0,0,0,0,0,0,0,0,0,0,0,1,0,0,0,0,0.83,0.8472978603872037,2013,37
76,0,1,0,0,1,0,-5.86,1.4540942928039702,0,0,0,0,0,0,0,0,0,1,1,0,0,0,1,0,0,0,0,0,0,0,0,1,0,0,0,0,0,1,0,0,0.0,4.820281565605037,0.0,124.0,80.0,1,0,0,0,0,0,0,1,0,0,0,0,0,0,0,1,0,0,0,0,0,0,0,0,0,0,0,1,0,0,0,0,0.83,0.8472978603872037,2013,37
76,0,1,0,0,1,0,-2.18,0.8616600790513835,0,0,0,0,0,0,0,1,0,0,0,1,0,0,1,0,0,0,0,0,0,1,0,0,0,0,0,0,0,1,0,0,0.0,4.820281565605037,0.0,124.0,80.0,0,0,0,0,0,0,0,1,0,0,0,0,0,0,0,1,0,0,0,0,0,0,0,0,0,0,0,1,0,0,0,0,0.83,0.8472978603872037,2013,37
76,0,1,0,0,1,0,-2.3,0.8273381294964028,0,0,0,0,0,0,0,1,0,0,0,1,0,0,1,0,0,0,0,0,0,0,1,0,0,0,0,0,0,1,0,0,0.0,4.820281565605037,0.0,124.0,80.0,1,0,0,0,0,0,0,1,0,0,0,0,0,0,0,1,0,0,0,0,0,0,0,0,0,0,0,1,0,0,0,0,0.83,0.8472978603872037,2013,37
76,0,1,0,0,1,0,-2.95,0.6750572082379863,0,0,0,0,0,0,0,1,0,0,0,1,0,0,1,0,0,0,0,0,0,0,1,0,0,0,0,0,0,1,0,0,0.0,4.820281565605037,0.0,124.0,80.0,1,0,0,0,0,0,0,1,0,0,0,0,0,0,0,1,0,0,0,0,0,0,0,0,0,0,0,1,0,0,0,0,0.83,0.8472978603872037,2013,37
76,0,1,0,0,1,0,-3.17,0.9109195402298851,0,0,0,0,0,0,0,1,0,0,0,1,0,0,1,0,0,0,0,0,0,0,0,1,0,0,0,0,0,1,0,0,0.0,4.820281565605037,0.0,124.0,80.0,1,0,0,0,0,0,0,1,0,0,0,0,0,0,0,1,0,0,0,0,0,0,0,0,0,0,0,1,0,0,0,0,0.83,0.8472978603872037,2013,37
76,0,1,0,0,1,0,-0.55,1.3414634146341464,0,0,0,0,0,1,0,0,0,0,1,0,0,0,1,0,0,0,0,0,0,1,0,0,0,0,0,0,0,1,0,0,0.0,4.820281565605037,0.0,124.0,80.0,0,0,0,0,0,0,0,1,0,0,0,0,0,0,0,1,0,0,0,0,0,0,0,0,0,0,0,1,0,0,0,0,0.83,0.8472978603872037,2013,37
76,0,1,0,0,1,0,-2.11,1.6746031746031744,0,0,0,0,0,1,0,0,0,0,1,0,0,0,1,0,0,0,0,0,0,0,1,0,0,0,0,0,0,1,0,0,0.0,4.820281565605037,0.0,124.0,80.0,1,0,0,0,0,0,0,1,0,0,0,0,0,0,0,1,0,0,0,0,0,0,0,0,0,0,0,1,0,0,0,0,0.83,0.8472978603872037,2013,37
76,0,1,0,0,1,0,-1.87,1.5982905982905984,0,0,0,0,0,1,0,0,0,0,1,0,0,0,1,0,0,0,0,0,0,0,1,0,0,0,0,0,0,1,0,0,0.0,4.820281565605037,0.0,124.0,80.0,1,0,0,0,0,0,0,1,0,0,0,0,0,0,0,1,0,0,0,0,0,0,0,0,0,0,0,1,0,0,0,0,0.83,0.8472978603872037,2013,37
76,0,1,0,0,1,0,-1.3,1.6455696202531644,0,0,0,0,0,1,0,0,0,0,1,0,0,0,1,0,0,0,0,0,0,0,0,1,0,0,0,0,0,1,0,0,0.0,4.820281565605037,0.0,124.0,80.0,1,0,0,0,0,0,0,1,0,0,0,0,0,0,0,1,0,0,0,0,0,0,0,0,0,0,0,1,0,0,0,0,0.83,0.8472978603872037,2013,37
141,0,1,0,0,1,0,-1.35,0.435,1,0,0,0,0,0,0,0,0,0,0,0,1,0,1,0,0,0,0,0,0,0,1,0,0,0,0,0,0,1,0,0,0.0,4.1588830833596715,0.0,64.0,65.5,0,0,0,0,0,0,1,0,0,0,0,0,0,0,0,1,0,0,0,0,0,0,0,0,0,0,0,0,0,0,0,1,0.83,-0.25131442828090605,2001,25
141,0,1,0,0,1,0,-1.153,0.276,0,0,0,0,0,0,0,1,0,0,0,1,0,0,1,0,0,0,0,0,0,0,1,0,0,0,0,0,0,1,0,0,0.0,4.1588830833596715,0.0,64.0,65.5,0,0,0,0,0,0,1,0,0,0,0,0,0,0,0,1,0,0,0,0,0,0,0,0,0,0,0,0,0,0,0,1,0.83,-0.25131442828090605,2001,25
25,0,1,0,0,1,0,-1.904,0.83,0,0,0,0,1,0,0,0,0,0,1,0,0,0,1,0,0,0,0,0,0,1,0,0,0,0,0,0,0,1,0,0,0.0,4.564348191467836,0.0,96.0,55.5,0,0,0,0,0,0,1,0,0,0,0,0,0,0,0,1,0,0,0,0,0,0,0,0,0,0,0,0,0,0,1,0,0.802,-0.46430560813109784,1984,8
25,0,1,0,0,1,0,-2.216,1.76,0,0,0,0,1,0,0,0,0,0,1,0,0,0,1,0,0,0,0,0,0,1,0,0,0,0,0,0,0,1,0,0,0.0,3.8501476017100584,0.0,47.0,53.5,0,0,0,0,0,0,1,0,0,0,0,0,0,0,0,1,0,0,0,0,0,0,0,0,0,0,0,0,0,0,1,0,0.802,-0.46430560813109784,1984,8
25,0,1,0,0,1,0,0.243,1.3,0,0,0,0,1,0,0,0,0,0,1,0,0,0,1,0,0,0,0,0,0,1,0,0,0,0,0,0,0,1,0,0,0.0,3.8501476017100584,0.0,47.0,55.5,0,0,0,0,0,0,1,0,0,0,0,0,0,0,0,1,0,0,0,0,0,0,0,0,0,0,0,0,0,0,1,0,0.802,-0.46430560813109784,1984,8
25,0,1,0,0,1,0,-1.953,1.26,0,0,0,0,1,0,0,0,0,0,1,0,0,0,1,0,0,0,0,0,0,1,0,0,0,0,0,0,0,1,0,0,0.0,3.1354942159291497,0.0,23.0,57.5,0,0,0,0,0,0,1,0,0,0,0,0,0,0,0,1,0,0,0,0,0,0,0,0,0,0,0,0,0,0,1,0,0.802,-0.46430560813109784,1984,8
25,0,1,0,0,1,0,-0.595,0.45,0,0,0,0,0,0,1,0,0,0,1,0,0,0,1,0,0,0,0,0,0,1,0,0,0,0,0,0,0,1,0,0,0.0,4.564348191467836,0.0,96.0,55.5,0,0,0,0,0,0,1,0,0,0,0,0,0,0,0,1,0,0,0,0,0,0,0,0,0,0,0,0,0,0,1,0,0.802,-0.46430560813109784,1984,8
25,0,1,0,0,1,0,-0.569,0.54,0,0,0,0,0,0,1,0,0,0,1,0,0,0,1,0,0,0,0,0,0,1,0,0,0,0,0,0,0,1,0,0,0.0,3.8501476017100584,0.0,47.0,53.5,0,0,0,0,0,0,1,0,0,0,0,0,0,0,0,1,0,0,0,0,0,0,0,0,0,0,0,0,0,0,1,0,0.802,-0.46430560813109784,1984,8
25,0,1,0,0,1,0,0.203,0.47,0,0,0,0,0,0,1,0,0,0,1,0,0,0,1,0,0,0,0,0,0,1,0,0,0,0,0,0,0,1,0,0,0.0,3.8501476017100584,0.0,47.0,55.5,0,0,0,0,0,0,1,0,0,0,0,0,0,0,0,1,0,0,0,0,0,0,0,0,0,0,0,0,0,0,1,0,0.802,-0.46430560813109784,1984,8
25,0,1,0,0,1,0,-0.836,0.99,0,0,0,0,0,0,1,0,0,0,1,0,0,0,1,0,0,0,0,0,0,1,0,0,0,0,0,0,0,1,0,0,0.0,3.1354942159291497,0.0,23.0,57.5,0,0,0,0,0,0,1,0,0,0,0,0,0,0,0,1,0,0,0,0,0,0,0,0,0,0,0,0,0,0,1,0,0.802,-0.46430560813109784,1984,8
25,0,1,0,0,1,0,0.01,0.49,0,0,0,0,0,0,0,1,0,0,0,1,0,0,1,0,0,0,0,0,0,1,0,0,0,0,0,0,0,1,0,0,0.0,4.564348191467836,0.0,96.0,55.5,0,0,0,0,0,0,1,0,0,0,0,0,0,0,0,1,0,0,0,0,0,0,0,0,0,0,0,0,0,0,1,0,0.802,-0.46430560813109784,1984,8
25,0,1,0,0,1,0,0.823,0.4,0,0,0,0,0,0,0,1,0,0,0,1,0,0,1,0,0,0,0,0,0,1,0,0,0,0,0,0,0,1,0,0,0.0,3.8501476017100584,0.0,47.0,53.5,0,0,0,0,0,0,1,0,0,0,0,0,0,0,0,1,0,0,0,0,0,0,0,0,0,0,0,0,0,0,1,0,0.802,-0.46430560813109784,1984,8
25,0,1,0,0,1,0,-2.173,1.51,0,0,0,0,0,0,0,1,0,0,0,1,0,0,1,0,0,0,0,0,0,1,0,0,0,0,0,0,0,1,0,0,0.0,3.8501476017100584,0.0,47.0,55.5,0,0,0,0,0,0,1,0,0,0,0,0,0,0,0,1,0,0,0,0,0,0,0,0,0,0,0,0,0,0,1,0,0.802,-0.46430560813109784,1984,8
25,0,1,0,0,1,0,-2.777,1.7,0,0,0,0,0,0,0,1,0,0,0,1,0,0,1,0,0,0,0,0,0,1,0,0,0,0,0,0,0,1,0,0,0.0,3.1354942159291497,0.0,23.0,57.5,0,0,0,0,0,0,1,0,0,0,0,0,0,0,0,1,0,0,0,0,0,0,0,0,0,0,0,0,0,0,1,0,0.802,-0.46430560813109784,1984,8
25,0,1,0,0,1,0,-1.759,0.85,0,0,0,0,0,1,0,0,0,0,1,0,0,0,1,0,0,0,0,0,0,1,0,0,0,0,0,0,0,1,0,0,0.0,4.564348191467836,0.0,96.0,55.5,0,0,0,0,0,0,1,0,0,0,0,0,0,0,0,1,0,0,0,0,0,0,0,0,0,0,0,0,0,0,1,0,0.802,-0.46430560813109784,1984,8
25,0,1,0,0,1,0,-0.566,1.08,0,0,0,0,0,1,0,0,0,0,1,0,0,0,1,0,0,0,0,0,0,1,0,0,0,0,0,0,0,1,0,0,0.0,3.8501476017100584,0.0,47.0,53.5,0,0,0,0,0,0,1,0,0,0,0,0,0,0,0,1,0,0,0,0,0,0,0,0,0,0,0,0,0,0,1,0,0.802,-0.46430560813109784,1984,8
25,0,1,0,0,1,0,0.629,1.41,0,0,0,0,0,1,0,0,0,0,1,0,0,0,1,0,0,0,0,0,0,1,0,0,0,0,0,0,0,1,0,0,0.0,3.8501476017100584,0.0,47.0,55.5,0,0,0,0,0,0,1,0,0,0,0,0,0,0,0,1,0,0,0,0,0,0,0,0,0,0,0,0,0,0,1,0,0.802,-0.46430560813109784,1984,8
25,0,1,0,0,1,0,-4.893,1.57,0,0,0,0,0,1,0,0,0,0,1,0,0,0,1,0,0,0,0,0,0,1,0,0,0,0,0,0,0,1,0,0,0.0,3.1354942159291497,0.0,23.0,57.5,0,0,0,0,0,0,1,0,0,0,0,0,0,0,0,1,0,0,0,0,0,0,0,0,0,0,0,0,0,0,1,0,0.802,-0.46430560813109784,1984,8
25,0,1,0,0,1,0,-1.884,1.47,0,0,0,1,0,0,0,0,0,0,1,0,0,0,1,0,0,0,0,0,0,1,0,0,0,0,0,0,0,1,0,0,0.0,4.564348191467836,0.0,96.0,55.5,0,0,0,0,0,0,1,0,0,0,0,0,0,0,0,1,0,0,0,0,0,0,0,0,0,0,0,0,0,0,1,0,0.802,-0.46430560813109784,1984,8
25,0,1,0,0,1,0,-3.934,3.02,0,0,0,1,0,0,0,0,0,0,1,0,0,0,1,0,0,0,0,0,0,1,0,0,0,0,0,0,0,1,0,0,0.0,3.8501476017100584,0.0,47.0,53.5,0,0,0,0,0,0,1,0,0,0,0,0,0,0,0,1,0,0,0,0,0,0,0,0,0,0,0,0,0,0,1,0,0.802,-0.46430560813109784,1984,8
25,0,1,0,0,1,0,0.328,2.27,0,0,0,1,0,0,0,0,0,0,1,0,0,0,1,0,0,0,0,0,0,1,0,0,0,0,0,0,0,1,0,0,0.0,3.8501476017100584,0.0,47.0,55.5,0,0,0,0,0,0,1,0,0,0,0,0,0,0,0,1,0,0,0,0,0,0,0,0,0,0,0,0,0,0,1,0,0.802,-0.46430560813109784,1984,8
25,0,1,0,0,1,0,-0.279,2.73,0,0,0,1,0,0,0,0,0,0,1,0,0,0,1,0,0,0,0,0,0,1,0,0,0,0,0,0,0,1,0,0,0.0,3.1354942159291497,0.0,23.0,57.5,0,0,0,0,0,0,1,0,0,0,0,0,0,0,0,1,0,0,0,0,0,0,0,0,0,0,0,0,0,0,1,0,0.802,-0.46430560813109784,1984,8
64,0,1,0,0,1,0,-0.834,0.834,1,0,0,0,0,0,0,0,0,0,1,0,0,0,1,0,0,0,0,0,0,1,0,0,0,0,0,0,0,1,0,0,0.0,5.484796933490655,0.0,241.0,66.0,0,0,0,0,0,0,1,0,0,0,0,0,0,0,0,1,0,0,0,0,0,0,0,0,0,0,0,0,0,0,0,1,0.619,1.8505999692509885,2008,32
64,0,1,0,0,1,0,-1.132,0.36,1,0,0,0,0,0,0,0,0,0,0,0,1,0,1,0,0,0,0,0,0,1,0,0,0,0,0,0,0,1,0,0,0.0,5.6240175061873385,0.0,277.0,68.0,0,0,0,0,0,0,1,0,0,0,0,0,0,0,0,1,0,0,0,0,0,0,0,0,0,0,0,0,0,0,0,1,0.619,1.8505999692509885,2008,32
64,0,1,0,0,1,0,-1.601,0.904,1,0,0,0,0,0,0,0,0,0,1,0,0,0,1,0,0,0,0,0,0,1,0,0,0,0,0,0,0,1,0,0,0.0,5.484796933490655,0.0,241.0,66.0,0,0,0,0,0,0,1,0,0,0,0,0,0,0,0,1,0,0,0,0,0,0,0,0,0,0,0,0,0,0,0,1,0.619,1.8505999692509885,2008,32
64,0,1,0,0,1,0,0.023,0.732,0,0,0,0,1,0,0,0,0,0,1,0,0,0,1,0,0,0,0,0,0,1,0,0,0,0,0,0,0,1,0,0,0.0,5.484796933490655,0.0,241.0,66.0,0,0,0,0,0,0,1,0,0,0,0,0,0,0,0,1,0,0,0,0,0,0,0,0,0,0,0,0,0,0,0,1,0.619,1.8505999692509885,2008,32
64,0,1,0,0,1,0,-0.895,0.821,0,0,0,1,0,0,0,0,0,0,1,0,0,0,1,0,0,0,0,0,0,1,0,0,0,0,0,0,0,1,0,0,0.0,5.484796933490655,0.0,241.0,66.0,0,0,0,0,0,0,1,0,0,0,0,0,0,0,0,1,0,0,0,0,0,0,0,0,0,0,0,0,0,0,0,1,0.619,1.8505999692509885,2008,32
64,0,1,0,0,1,0,0.425,0.904,0,0,0,0,0,0,1,0,0,0,1,0,0,0,1,0,0,0,0,0,0,1,0,0,0,0,0,0,0,1,0,0,0.0,5.484796933490655,0.0,241.0,66.0,0,0,0,0,0,0,1,0,0,0,0,0,0,0,0,1,0,0,0,0,0,0,0,0,0,0,0,0,0,0,0,1,0.619,1.8505999692509885,2008,32
64,0,1,0,0,1,0,-2.728,0.75,0,0,0,0,0,0,0,1,0,0,0,1,0,0,1,0,0,0,0,0,0,1,0,0,0,0,0,0,0,1,0,0,0.0,5.6240175061873385,0.0,277.0,68.0,0,0,0,0,0,0,1,0,0,0,0,0,0,0,0,1,0,0,0,0,0,0,0,0,0,0,0,0,0,0,0,1,0.619,1.8505999692509885,2008,32
64,0,1,0,0,1,0,-1.395,0.728,0,0,0,0,0,0,0,0,1,0,1,0,0,0,1,0,0,0,0,0,0,1,0,0,0,0,0,0,0,1,0,0,0.0,5.6240175061873385,0.0,277.0,68.0,0,0,0,0,0,0,1,0,0,0,0,0,0,0,0,1,0,0,0,0,0,0,0,0,0,0,0,0,0,0,0,1,0.619,1.8505999692509885,2008,32
64,0,1,0,0,1,0,-2.526,1.055,0,0,0,0,0,1,0,0,0,0,1,0,0,0,1,0,0,0,0,0,0,1,0,0,0,0,0,0,0,1,0,0,0.0,5.6240175061873385,0.0,277.0,68.0,0,0,0,0,0,0,1,0,0,0,0,0,0,0,0,1,0,0,0,0,0,0,0,0,0,0,0,0,0,0,0,1,0.619,1.8505999692509885,2008,32
64,0,1,0,0,1,0,-0.352,0.68,1,0,0,0,0,0,0,0,0,0,1,0,0,0,0,0,1,0,0,0,0,1,0,0,0,0,0,0,0,1,0,0,0.0,5.484796933490655,0.0,241.0,66.0,0,0,0,0,0,0,1,0,0,0,0,0,0,0,0,1,0,0,0,0,0,0,0,0,0,0,0,0,0,0,0,1,0.619,1.8505999692509885,2008,32
64,0,1,0,0,1,0,-3.257,0.868,1,0,0,0,0,0,0,0,0,0,0,0,1,0,0,0,1,0,0,0,0,1,0,0,0,0,0,0,0,1,0,0,0.0,5.6240175061873385,0.0,277.0,68.0,0,0,0,0,0,0,1,0,0,0,0,0,0,0,0,1,0,0,0,0,0,0,0,0,0,0,0,0,0,0,0,1,0.619,1.8505999692509885,2008,32
64,0,1,0,0,1,0,-2.832,1.086,1,0,0,0,0,0,0,0,0,0,1,0,0,0,0,0,1,0,0,0,0,1,0,0,0,0,0,0,0,1,0,0,0.0,5.484796933490655,0.0,241.0,66.0,0,0,0,0,0,0,1,0,0,0,0,0,0,0,0,1,0,0,0,0,0,0,0,0,0,0,0,0,0,0,0,1,0.619,1.8505999692509885,2008,32
64,0,1,0,0,1,0,0.427,0.547,0,0,0,0,1,0,0,0,0,0,1,0,0,0,0,0,1,0,0,0,0,1,0,0,0,0,0,0,0,1,0,0,0.0,5.484796933490655,0.0,241.0,66.0,0,0,0,0,0,0,1,0,0,0,0,0,0,0,0,1,0,0,0,0,0,0,0,0,0,0,0,0,0,0,0,1,0.619,1.8505999692509885,2008,32
64,0,1,0,0,1,0,-1.623,1.093,0,0,0,1,0,0,0,0,0,0,1,0,0,0,0,0,1,0,0,0,0,1,0,0,0,0,0,0,0,1,0,0,0.0,5.484796933490655,0.0,241.0,66.0,0,0,0,0,0,0,1,0,0,0,0,0,0,0,0,1,0,0,0,0,0,0,0,0,0,0,0,0,0,0,0,1,0.619,1.8505999692509885,2008,32
64,0,1,0,0,1,0,0.331,0.688,0,0,0,0,0,0,1,0,0,0,1,0,0,0,0,0,1,0,0,0,0,1,0,0,0,0,0,0,0,1,0,0,0.0,5.484796933490655,0.0,241.0,66.0,0,0,0,0,0,0,1,0,0,0,0,0,0,0,0,1,0,0,0,0,0,0,0,0,0,0,0,0,0,0,0,1,0.619,1.8505999692509885,2008,32
64,0,1,0,0,1,0,-2.128,0.971,0,0,0,0,0,0,0,0,1,0,1,0,0,0,0,0,1,0,0,0,0,1,0,0,0,0,0,0,0,1,0,0,0.0,5.6240175061873385,0.0,277.0,68.0,0,0,0,0,0,0,1,0,0,0,0,0,0,0,0,1,0,0,0,0,0,0,0,0,0,0,0,0,0,0,0,1,0.619,1.8505999692509885,2008,32
64,0,1,0,0,1,0,-4.946,1.158,0,0,0,0,0,1,0,0,0,0,1,0,0,0,0,0,1,0,0,0,0,1,0,0,0,0,0,0,0,1,0,0,0.0,5.6240175061873385,0.0,277.0,68.0,0,0,0,0,0,0,1,0,0,0,0,0,0,0,0,1,0,0,0,0,0,0,0,0,0,0,0,0,0,0,0,1,0.619,1.8505999692509885,2008,32
64,0,1,0,0,1,0,-2.728,0.75,1,0,0,0,0,0,0,0,0,0,0,0,1,0,0,0,1,0,0,0,0,1,0,0,0,0,0,0,0,1,0,0,0.0,5.6240175061873385,0.0,277.0,68.0,0,0,0,0,0,0,1,0,0,0,0,0,0,0,0,1,0,0,0,0,0,0,0,0,0,0,0,0,0,0,0,1,0.619,1.8505999692509885,2008,32
64,0,1,0,0,1,0,0.506,0.368,1,0,0,0,0,0,0,0,0,0,1,0,0,0,0,0,0,1,0,0,0,1,0,0,0,0,0,0,0,1,0,0,0.0,5.484796933490655,0.0,241.0,66.0,0,0,0,0,0,0,1,0,0,0,0,0,0,0,0,1,0,0,0,0,0,0,0,0,0,0,0,0,0,0,0,1,0.619,1.8505999692509885,2008,32
64,0,1,0,0,1,0,-1.394,0.792,1,0,0,0,0,0,0,0,0,0,0,0,1,0,0,0,0,1,0,0,0,1,0,0,0,0,0,0,0,1,0,0,0.0,5.6240175061873385,0.0,277.0,68.0,0,0,0,0,0,0,1,0,0,0,0,0,0,0,0,1,0,0,0,0,0,0,0,0,0,0,0,0,0,0,0,1,0.619,1.8505999692509885,2008,32
64,0,1,0,0,1,0,-1.068,0.433,1,0,0,0,0,0,0,0,0,0,1,0,0,0,0,0,0,1,0,0,0,1,0,0,0,0,0,0,0,1,0,0,0.0,5.484796933490655,0.0,241.0,66.0,0,0,0,0,0,0,1,0,0,0,0,0,0,0,0,1,0,0,0,0,0,0,0,0,0,0,0,0,0,0,0,1,0.619,1.8505999692509885,2008,32
64,0,1,0,0,1,0,0.679,0.316,0,0,0,0,1,0,0,0,0,0,1,0,0,0,0,0,0,1,0,0,0,1,0,0,0,0,0,0,0,1,0,0,0.0,5.484796933490655,0.0,241.0,66.0,0,0,0,0,0,0,1,0,0,0,0,0,0,0,0,1,0,0,0,0,0,0,0,0,0,0,0,0,0,0,0,1,0.619,1.8505999692509885,2008,32
64,0,1,0,0,1,0,-1.55,0.67,0,0,0,1,0,0,0,0,0,0,1,0,0,0,0,0,0,1,0,0,0,1,0,0,0,0,0,0,0,1,0,0,0.0,5.484796933490655,0.0,241.0,66.0,0,0,0,0,0,0,1,0,0,0,0,0,0,0,0,1,0,0,0,0,0,0,0,0,0,0,0,0,0,0,0,1,0.619,1.8505999692509885,2008,32
64,0,1,0,0,1,0,0.213,0.358,0,0,0,0,0,0,1,0,0,0,1,0,0,0,0,0,0,1,0,0,0,1,0,0,0,0,0,0,0,1,0,0,0.0,5.484796933490655,0.0,241.0,66.0,0,0,0,0,0,0,1,0,0,0,0,0,0,0,0,1,0,0,0,0,0,0,0,0,0,0,0,0,0,0,0,1,0.619,1.8505999692509885,2008,32
64,0,1,0,0,1,0,-2.128,0.971,0,0,0,0,0,0,0,1,0,0,0,1,0,0,0,0,0,1,0,0,0,1,0,0,0,0,0,0,0,1,0,0,0.0,5.6240175061873385,0.0,277.0,68.0,0,0,0,0,0,0,1,0,0,0,0,0,0,0,0,1,0,0,0,0,0,0,0,0,0,0,0,0,0,0,0,1,0.619,1.8505999692509885,2008,32
64,0,1,0,0,1,0,-4.946,1.158,0,0,0,0,0,1,0,0,0,0,1,0,0,0,0,0,0,1,0,0,0,1,0,0,0,0,0,0,0,1,0,0,0.0,5.6240175061873385,0.0,277.0,68.0,0,0,0,0,0,0,1,0,0,0,0,0,0,0,0,1,0,0,0,0,0,0,0,0,0,0,0,0,0,0,0,1,0.619,1.8505999692509885,2008,32
64,0,1,0,0,1,0,-2.728,0.75,1,0,0,0,0,0,0,0,0,0,0,0,1,0,0,0,0,1,0,0,0,1,0,0,0,0,0,0,0,1,0,0,0.0,5.6240175061873385,0.0,277.0,68.0,0,0,0,0,0,0,1,0,0,0,0,0,0,0,0,1,0,0,0,0,0,0,0,0,0,0,0,0,0,0,0,1,0.619,1.8505999692509885,2008,32
64,0,1,0,0,1,0,-1.304,1.355,1,0,0,0,0,0,0,0,0,0,1,0,0,0,1,0,0,0,0,0,0,1,0,0,0,0,0,0,0,1,0,0,0.0,5.484796933490655,0.0,241.0,66.0,0,0,0,0,0,0,0,0,0,0,1,0,0,0,0,0,0,0,1,0,0,0,0,0,0,0,0,0,0,0,0,1,0.619,1.8505999692509885,2008,32
64,0,1,0,0,1,0,-1.888,0.464,1,0,0,0,0,0,0,0,0,0,0,0,1,0,1,0,0,0,0,0,0,1,0,0,0,0,0,0,0,1,0,0,0.0,5.6240175061873385,0.0,277.0,68.0,0,0,0,0,0,0,0,0,0,0,1,0,0,0,0,0,0,0,1,0,0,0,0,0,0,0,0,0,0,0,0,1,0.619,1.8505999692509885,2008,32
64,0,1,0,0,1,0,-4.88,1.478,1,0,0,0,0,0,0,0,0,0,1,0,0,0,1,0,0,0,0,0,0,1,0,0,0,0,0,0,0,1,0,0,0.0,5.484796933490655,0.0,241.0,66.0,0,0,0,0,0,0,0,0,0,0,1,0,0,0,0,0,0,0,1,0,0,0,0,0,0,0,0,0,0,0,0,1,0.619,1.8505999692509885,2008,32
64,0,1,0,0,1,0,-0.408,1.032,0,0,0,0,1,0,0,0,0,0,1,0,0,0,1,0,0,0,0,0,0,1,0,0,0,0,0,0,0,1,0,0,0.0,5.484796933490655,0.0,241.0,66.0,0,0,0,0,0,0,0,0,0,0,1,0,0,0,0,0,0,0,1,0,0,0,0,0,0,0,0,0,0,0,0,1,0.619,1.8505999692509885,2008,32
64,0,1,0,0,1,0,-2.362,1.754,0,0,0,1,0,0,0,0,0,0,1,0,0,0,1,0,0,0,0,0,0,1,0,0,0,0,0,0,0,1,0,0,0.0,5.484796933490655,0.0,241.0,66.0,0,0,0,0,0,0,0,0,0,0,1,0,0,0,0,0,0,0,1,0,0,0,0,0,0,0,0,0,0,0,0,1,0.619,1.8505999692509885,2008,32
64,0,1,0,0,1,0,-1.843,1.101,0,0,0,0,0,0,1,0,0,0,1,0,0,0,1,0,0,0,0,0,0,1,0,0,0,0,0,0,0,1,0,0,0.0,5.484796933490655,0.0,241.0,66.0,0,0,0,0,0,0,0,0,0,0,1,0,0,0,0,0,0,0,1,0,0,0,0,0,0,0,0,0,0,0,0,1,0.619,1.8505999692509885,2008,32
64,0,1,0,0,1,0,-3.633,1.188,0,0,0,0,0,0,0,1,0,0,0,1,0,0,1,0,0,0,0,0,0,1,0,0,0,0,0,0,0,1,0,0,0.0,5.6240175061873385,0.0,277.0,68.0,0,0,0,0,0,0,0,0,0,0,1,0,0,0,0,0,0,0,1,0,0,0,0,0,0,0,0,0,0,0,0,1,0.619,1.8505999692509885,2008,32
64,0,1,0,0,1,0,-0.128,1.208,0,0,0,0,0,0,0,0,1,0,1,0,0,0,1,0,0,0,0,0,0,1,0,0,0,0,0,0,0,1,0,0,0.0,5.6240175061873385,0.0,277.0,68.0,0,0,0,0,0,0,0,0,0,0,1,0,0,0,0,0,0,0,1,0,0,0,0,0,0,0,0,0,0,0,0,1,0.619,1.8505999692509885,2008,32
64,0,1,0,0,1,0,-4.76,1.098,0,0,0,0,0,1,0,0,0,0,1,0,0,0,1,0,0,0,0,0,0,1,0,0,0,0,0,0,0,1,0,0,0.0,5.6240175061873385,0.0,277.0,68.0,0,0,0,0,0,0,0,0,0,0,1,0,0,0,0,0,0,0,1,0,0,0,0,0,0,0,0,0,0,0,0,1,0.619,1.8505999692509885,2008,32
64,0,1,0,0,1,0,4.115,1.791,1,0,0,0,0,0,0,0,0,0,1,0,0,0,1,0,0,0,0,0,0,1,0,0,0,0,0,0,0,1,0,0,0.0,5.484796933490655,0.0,241.0,66.0,0,0,0,0,0,0,0,0,0,0,1,0,0,0,0,0,0,0,0,1,0,0,0,0,0,0,0,0,0,0,0,1,0.619,1.8505999692509885,2008,32
64,0,1,0,0,1,0,-3.332,1.133,1,0,0,0,0,0,0,0,0,0,1,0,0,0,1,0,0,0,0,0,0,1,0,0,0,0,0,0,0,1,0,0,0.0,5.6240175061873385,0.0,277.0,68.0,0,0,0,0,0,0,0,0,0,0,1,0,0,0,0,0,0,0,0,1,0,0,0,0,0,0,0,0,0,0,0,1,0.619,1.8505999692509885,2008,32
64,0,1,0,0,1,0,8.713,5.939,1,0,0,0,0,0,0,0,0,0,1,0,0,0,1,0,0,0,0,0,0,1,0,0,0,0,0,0,0,1,0,0,0.0,5.484796933490655,0.0,241.0,66.0,0,0,0,0,0,0,0,0,0,0,1,0,0,0,0,0,0,0,0,1,0,0,0,0,0,0,0,0,0,0,0,1,0.619,1.8505999692509885,2008,32
64,0,1,0,0,1,0,3.478,1.55,0,0,0,0,1,0,0,0,0,0,1,0,0,0,1,0,0,0,0,0,0,1,0,0,0,0,0,0,0,1,0,0,0.0,5.484796933490655,0.0,241.0,66.0,0,0,0,0,0,0,0,0,0,0,1,0,0,0,0,0,0,0,0,1,0,0,0,0,0,0,0,0,0,0,0,1,0.619,1.8505999692509885,2008,32
64,0,1,0,0,1,0,9.892,4.42,0,0,0,1,0,0,0,0,0,0,1,0,0,0,1,0,0,0,0,0,0,1,0,0,0,0,0,0,0,1,0,0,0.0,5.484796933490655,0.0,241.0,66.0,0,0,0,0,0,0,0,0,0,0,1,0,0,0,0,0,0,0,0,1,0,0,0,0,0,0,0,0,0,0,0,1,0.619,1.8505999692509885,2008,32
64,0,1,0,0,1,0,6.602,4.422,0,0,0,0,0,0,1,0,0,0,1,0,0,0,1,0,0,0,0,0,0,1,0,0,0,0,0,0,0,1,0,0,0.0,5.484796933490655,0.0,241.0,66.0,0,0,0,0,0,0,0,0,0,0,1,0,0,0,0,0,0,0,0,1,0,0,0,0,0,0,0,0,0,0,0,1,0.619,1.8505999692509885,2008,32
64,0,1,0,0,1,0,4.296,10.438,0,0,0,0,0,0,0,1,0,0,0,1,0,0,1,0,0,0,0,0,0,1,0,0,0,0,0,0,0,1,0,0,0.0,5.6240175061873385,0.0,277.0,68.0,0,0,0,0,0,0,0,0,0,0,1,0,0,0,0,0,0,0,0,1,0,0,0,0,0,0,0,0,0,0,0,1,0.619,1.8505999692509885,2008,32
64,0,1,0,0,1,0,2.224,1.73,0,0,0,0,0,0,0,0,1,0,1,0,0,0,1,0,0,0,0,0,0,1,0,0,0,0,0,0,0,1,0,0,0.0,5.6240175061873385,0.0,277.0,68.0,0,0,0,0,0,0,0,0,0,0,1,0,0,0,0,0,0,0,0,1,0,0,0,0,0,0,0,0,0,0,0,1,0.619,1.8505999692509885,2008,32
64,0,1,0,0,1,0,3.744,3.158,0,0,0,0,0,1,0,0,0,0,1,0,0,0,1,0,0,0,0,0,0,1,0,0,0,0,0,0,0,1,0,0,0.0,5.6240175061873385,0.0,277.0,68.0,0,0,0,0,0,0,0,0,0,0,1,0,0,0,0,0,0,0,0,1,0,0,0,0,0,0,0,0,0,0,0,1,0.619,1.8505999692509885,2008,32
64,0,1,0,0,1,0,-2.186,1.647,1,0,0,0,0,0,0,0,0,0,1,0,0,0,0,0,1,0,0,0,0,1,0,0,0,0,0,0,0,1,0,0,0.0,5.484796933490655,0.0,241.0,66.0,0,0,0,0,0,0,0,0,0,0,1,0,0,0,0,0,0,0,1,0,0,0,0,0,0,0,0,0,0,0,0,1,0.619,1.8505999692509885,2008,32
64,0,1,0,0,1,0,-4.918,1.304,1,0,0,0,0,0,0,0,0,0,0,0,1,0,0,0,1,0,0,0,0,1,0,0,0,0,0,0,0,1,0,0,0.0,5.6240175061873385,0.0,277.0,68.0,0,0,0,0,0,0,0,0,0,0,1,0,0,0,0,0,0,0,1,0,0,0,0,0,0,0,0,0,0,0,0,1,0.619,1.8505999692509885,2008,32
64,0,1,0,0,1,0,-3.66,1.776,1,0,0,0,0,0,0,0,0,0,1,0,0,0,0,0,1,0,0,0,0,1,0,0,0,0,0,0,0,1,0,0,0.0,5.484796933490655,0.0,241.0,66.0,0,0,0,0,0,0,0,0,0,0,1,0,0,0,0,0,0,0,1,0,0,0,0,0,0,0,0,0,0,0,0,1,0.619,1.8505999692509885,2008,32
64,0,1,0,0,1,0,0.453,0.604,0,0,0,0,1,0,0,0,0,0,1,0,0,0,0,0,1,0,0,0,0,1,0,0,0,0,0,0,0,1,0,0,0.0,5.484796933490655,0.0,241.0,66.0,0,0,0,0,0,0,0,0,0,0,1,0,0,0,0,0,0,0,1,0,0,0,0,0,0,0,0,0,0,0,0,1,0.619,1.8505999692509885,2008,32
64,0,1,0,0,1,0,-2.035,1.694,0,0,0,1,0,0,0,0,0,0,1,0,0,0,0,0,1,0,0,0,0,1,0,0,0,0,0,0,0,1,0,0,0.0,5.484796933490655,0.0,241.0,66.0,0,0,0,0,0,0,0,0,0,0,1,0,0,0,0,0,0,0,1,0,0,0,0,0,0,0,0,0,0,0,0,1,0.619,1.8505999692509885,2008,32
64,0,1,0,0,1,0,0.003,1.207,0,0,0,0,0,0,1,0,0,0,1,0,0,0,0,0,1,0,0,0,0,1,0,0,0,0,0,0,0,1,0,0,0.0,5.484796933490655,0.0,241.0,66.0,0,0,0,0,0,0,0,0,0,0,1,0,0,0,0,0,0,0,1,0,0,0,0,0,0,0,0,0,0,0,0,1,0.619,1.8505999692509885,2008,32
64,0,1,0,0,1,0,1.046,2.666,0,0,0,0,0,0,0,0,1,0,1,0,0,0,0,0,1,0,0,0,0,1,0,0,0,0,0,0,0,1,0,0,0.0,5.6240175061873385,0.0,277.0,68.0,0,0,0,0,0,0,0,0,0,0,1,0,0,0,0,0,0,0,1,0,0,0,0,0,0,0,0,0,0,0,0,1,0.619,1.8505999692509885,2008,32
64,0,1,0,0,1,0,-7.914,3.717,0,0,0,0,0,1,0,0,0,0,1,0,0,0,0,0,1,0,0,0,0,1,0,0,0,0,0,0,0,1,0,0,0.0,5.6240175061873385,0.0,277.0,68.0,0,0,0,0,0,0,0,0,0,0,1,0,0,0,0,0,0,0,1,0,0,0,0,0,0,0,0,0,0,0,0,1,0.619,1.8505999692509885,2008,32
64,0,1,0,0,1,0,-2.829,1.411,1,0,0,0,0,0,0,0,0,0,0,0,1,0,0,0,1,0,0,0,0,1,0,0,0,0,0,0,0,1,0,0,0.0,5.6240175061873385,0.0,277.0,68.0,0,0,0,0,0,0,0,0,0,0,1,0,0,0,0,0,0,0,1,0,0,0,0,0,0,0,0,0,0,0,0,1,0.619,1.8505999692509885,2008,32
64,0,1,0,0,1,0,1.169,1.224,1,0,0,0,0,0,0,0,0,0,1,0,0,0,0,0,1,0,0,0,0,1,0,0,0,0,0,0,0,1,0,0,0.0,5.484796933490655,0.0,241.0,66.0,0,0,0,0,0,0,0,0,0,0,1,0,0,0,0,0,0,0,0,1,0,0,0,0,0,0,0,0,0,0,0,1,0.619,1.8505999692509885,2008,32
64,0,1,0,0,1,0,-1.073,1.352,1,0,0,0,0,0,0,0,0,0,0,0,1,0,0,0,1,0,0,0,0,1,0,0,0,0,0,0,0,1,0,0,0.0,5.6240175061873385,0.0,277.0,68.0,0,0,0,0,0,0,0,0,0,0,1,0,0,0,0,0,0,0,0,1,0,0,0,0,0,0,0,0,0,0,0,1,0.619,1.8505999692509885,2008,32
64,0,1,0,0,1,0,3.081,4.12,1,0,0,0,0,0,0,0,0,0,1,0,0,0,0,0,1,0,0,0,0,1,0,0,0,0,0,0,0,1,0,0,0.0,5.484796933490655,0.0,241.0,66.0,0,0,0,0,0,0,0,0,0,0,1,0,0,0,0,0,0,0,0,1,0,0,0,0,0,0,0,0,0,0,0,1,0.619,1.8505999692509885,2008,32
64,0,1,0,0,1,0,0.097,0.995,0,0,0,0,1,0,0,0,0,0,1,0,0,0,0,0,1,0,0,0,0,1,0,0,0,0,0,0,0,1,0,0,0.0,5.484796933490655,0.0,241.0,66.0,0,0,0,0,0,0,0,0,0,0,1,0,0,0,0,0,0,0,0,1,0,0,0,0,0,0,0,0,0,0,0,1,0.619,1.8505999692509885,2008,32
64,0,1,0,0,1,0,4.342,3.165,0,0,0,1,0,0,0,0,0,0,1,0,0,0,0,0,1,0,0,0,0,1,0,0,0,0,0,0,0,1,0,0,0.0,5.484796933490655,0.0,241.0,66.0,0,0,0,0,0,0,0,0,0,0,1,0,0,0,0,0,0,0,0,1,0,0,0,0,0,0,0,0,0,0,0,1,0.619,1.8505999692509885,2008,32
64,0,1,0,0,1,0,0.333,1.436,0,0,0,0,0,0,1,0,0,0,1,0,0,0,0,0,1,0,0,0,0,1,0,0,0,0,0,0,0,1,0,0,0.0,5.484796933490655,0.0,241.0,66.0,0,0,0,0,0,0,0,0,0,0,1,0,0,0,0,0,0,0,0,1,0,0,0,0,0,0,0,0,0,0,0,1,0.619,1.8505999692509885,2008,32
64,0,1,0,0,1,0,-6.403,6.217,0,0,0,0,0,0,0,0,1,0,1,0,0,0,0,0,1,0,0,0,0,1,0,0,0,0,0,0,0,1,0,0,0.0,5.6240175061873385,0.0,277.0,68.0,0,0,0,0,0,0,0,0,0,0,1,0,0,0,0,0,0,0,0,1,0,0,0,0,0,0,0,0,0,0,0,1,0.619,1.8505999692509885,2008,32
64,0,1,0,0,1,0,2.313,5.337,0,0,0,0,0,1,0,0,0,0,1,0,0,0,0,0,1,0,0,0,0,1,0,0,0,0,0,0,0,1,0,0,0.0,5.6240175061873385,0.0,277.0,68.0,0,0,0,0,0,0,0,0,0,0,1,0,0,0,0,0,0,0,0,1,0,0,0,0,0,0,0,0,0,0,0,1,0.619,1.8505999692509885,2008,32
64,0,1,0,0,1,0,-1.95,1.804,1,0,0,0,0,0,0,0,0,0,0,0,1,0,0,0,1,0,0,0,0,1,0,0,0,0,0,0,0,1,0,0,0.0,5.6240175061873385,0.0,277.0,68.0,0,0,0,0,0,0,0,0,0,0,1,0,0,0,0,0,0,0,0,1,0,0,0,0,0,0,0,0,0,0,0,1,0.619,1.8505999692509885,2008,32
64,0,1,0,0,1,0,1.838,0.683,1,0,0,0,0,0,0,0,0,0,1,0,0,0,0,0,0,1,0,0,0,1,0,0,0,0,0,0,0,1,0,0,0.0,5.484796933490655,0.0,241.0,66.0,0,0,0,0,0,0,0,0,0,0,1,0,0,0,0,0,0,0,1,0,0,0,0,0,0,0,0,0,0,0,0,1,0.619,1.8505999692509885,2008,32
64,0,1,0,0,1,0,-0.892,1.662,1,0,0,0,0,0,0,0,0,0,0,0,1,0,0,0,0,1,0,0,0,1,0,0,0,0,0,0,0,1,0,0,0.0,5.6240175061873385,0.0,277.0,68.0,0,0,0,0,0,0,0,0,0,0,1,0,0,0,0,0,0,0,1,0,0,0,0,0,0,0,0,0,0,0,0,1,0.619,1.8505999692509885,2008,32
64,0,1,0,0,1,0,-1.7,1.128,1,0,0,0,0,0,0,0,0,0,1,0,0,0,0,0,0,1,0,0,0,1,0,0,0,0,0,0,0,1,0,0,0.0,5.484796933490655,0.0,241.0,66.0,0,0,0,0,0,0,0,0,0,0,1,0,0,0,0,0,0,0,1,0,0,0,0,0,0,0,0,0,0,0,0,1,0.619,1.8505999692509885,2008,32
64,0,1,0,0,1,0,1.627,1.362,0,0,0,0,1,0,0,0,0,0,1,0,0,0,0,0,0,1,0,0,0,1,0,0,0,0,0,0,0,1,0,0,0.0,5.484796933490655,0.0,241.0,66.0,0,0,0,0,0,0,0,0,0,0,1,0,0,0,0,0,0,0,1,0,0,0,0,0,0,0,0,0,0,0,0,1,0.619,1.8505999692509885,2008,32
64,0,1,0,0,1,0,-17.801,10.981,0,0,0,1,0,0,0,0,0,0,1,0,0,0,0,0,0,1,0,0,0,1,0,0,0,0,0,0,0,1,0,0,0.0,5.484796933490655,0.0,241.0,66.0,0,0,0,0,0,0,0,0,0,0,1,0,0,0,0,0,0,0,1,0,0,0,0,0,0,0,0,0,0,0,0,1,0.619,1.8505999692509885,2008,32
64,0,1,0,0,1,0,1.782,1.278,0,0,0,0,0,0,1,0,0,0,1,0,0,0,0,0,0,1,0,0,0,1,0,0,0,0,0,0,0,1,0,0,0.0,5.484796933490655,0.0,241.0,66.0,0,0,0,0,0,0,0,0,0,0,1,0,0,0,0,0,0,0,1,0,0,0,0,0,0,0,0,0,0,0,0,1,0.619,1.8505999692509885,2008,32
64,0,1,0,0,1,0,-17.231,8.306,0,0,0,0,0,0,0,1,0,0,0,1,0,0,0,0,0,1,0,0,0,1,0,0,0,0,0,0,0,1,0,0,0.0,5.6240175061873385,0.0,277.0,68.0,0,0,0,0,0,0,0,0,0,0,1,0,0,0,0,0,0,0,1,0,0,0,0,0,0,0,0,0,0,0,0,1,0.619,1.8505999692509885,2008,32
64,0,1,0,0,1,0,-1.229,1.065,0,0,0,0,0,1,0,0,0,0,1,0,0,0,0,0,0,1,0,0,0,1,0,0,0,0,0,0,0,1,0,0,0.0,5.6240175061873385,0.0,277.0,68.0,0,0,0,0,0,0,0,0,0,0,1,0,0,0,0,0,0,0,1,0,0,0,0,0,0,0,0,0,0,0,0,1,0.619,1.8505999692509885,2008,32
64,0,1,0,0,1,0,-0.991,1.309,1,0,0,0,0,0,0,0,0,0,0,0,1,0,0,0,0,1,0,0,0,1,0,0,0,0,0,0,0,1,0,0,0.0,5.6240175061873385,0.0,277.0,68.0,0,0,0,0,0,0,0,0,0,0,1,0,0,0,0,0,0,0,1,0,0,0,0,0,0,0,0,0,0,0,0,1,0.619,1.8505999692509885,2008,32
64,0,1,0,0,1,0,-0.105,0.654,1,0,0,0,0,0,0,0,0,0,1,0,0,0,0,0,0,1,0,0,0,1,0,0,0,0,0,0,0,1,0,0,0.0,5.484796933490655,0.0,241.0,66.0,0,0,0,0,0,0,0,0,0,0,1,0,0,0,0,0,0,0,0,1,0,0,0,0,0,0,0,0,0,0,0,1,0.619,1.8505999692509885,2008,32
64,0,1,0,0,1,0,-3.984,1.313,1,0,0,0,0,0,0,0,0,0,0,0,1,0,0,0,0,1,0,0,0,1,0,0,0,0,0,0,0,1,0,0,0.0,5.6240175061873385,0.0,277.0,68.0,0,0,0,0,0,0,0,0,0,0,1,0,0,0,0,0,0,0,0,1,0,0,0,0,0,0,0,0,0,0,0,1,0.619,1.8505999692509885,2008,32
64,0,1,0,0,1,0,-1.969,0.804,1,0,0,0,0,0,0,0,0,0,1,0,0,0,0,0,0,1,0,0,0,1,0,0,0,0,0,0,0,1,0,0,0.0,5.484796933490655,0.0,241.0,66.0,0,0,0,0,0,0,0,0,0,0,1,0,0,0,0,0,0,0,0,1,0,0,0,0,0,0,0,0,0,0,0,1,0.619,1.8505999692509885,2008,32
64,0,1,0,0,1,0,0.844,0.527,0,0,0,0,1,0,0,0,0,0,1,0,0,0,0,0,0,1,0,0,0,1,0,0,0,0,0,0,0,1,0,0,0.0,5.484796933490655,0.0,241.0,66.0,0,0,0,0,0,0,0,0,0,0,1,0,0,0,0,0,0,0,0,1,0,0,0,0,0,0,0,0,0,0,0,1,0.619,1.8505999692509885,2008,32
64,0,1,0,0,1,0,-1.182,0.714,0,0,0,1,0,0,0,0,0,0,1,0,0,0,0,0,0,1,0,0,0,1,0,0,0,0,0,0,0,1,0,0,0.0,5.484796933490655,0.0,241.0,66.0,0,0,0,0,0,0,0,0,0,0,1,0,0,0,0,0,0,0,0,1,0,0,0,0,0,0,0,0,0,0,0,1,0.619,1.8505999692509885,2008,32
64,0,1,0,0,1,0,0.018,0.675,0,0,0,0,0,0,1,0,0,0,1,0,0,0,0,0,0,1,0,0,0,1,0,0,0,0,0,0,0,1,0,0,0.0,5.484796933490655,0.0,241.0,66.0,0,0,0,0,0,0,0,0,0,0,1,0,0,0,0,0,0,0,0,1,0,0,0,0,0,0,0,0,0,0,0,1,0.619,1.8505999692509885,2008,32
64,0,1,0,0,1,0,-4.04,3.041,0,0,0,0,0,0,0,1,0,0,0,1,0,0,0,0,0,1,0,0,0,1,0,0,0,0,0,0,0,1,0,0,0.0,5.6240175061873385,0.0,277.0,68.0,0,0,0,0,0,0,0,0,0,0,1,0,0,0,0,0,0,0,0,1,0,0,0,0,0,0,0,0,0,0,0,1,0.619,1.8505999692509885,2008,32
64,0,1,0,0,1,0,-2.733,1.162,0,0,0,0,0,1,0,0,0,0,1,0,0,0,0,0,0,1,0,0,0,1,0,0,0,0,0,0,0,1,0,0,0.0,5.6240175061873385,0.0,277.0,68.0,0,0,0,0,0,0,0,0,0,0,1,0,0,0,0,0,0,0,0,1,0,0,0,0,0,0,0,0,0,0,0,1,0.619,1.8505999692509885,2008,32
64,0,1,0,0,1,0,-3.911,1.274,1,0,0,0,0,0,0,0,0,0,0,0,1,0,0,0,0,1,0,0,0,1,0,0,0,0,0,0,0,1,0,0,0.0,5.6240175061873385,0.0,277.0,68.0,0,0,0,0,0,0,0,0,0,0,1,0,0,0,0,0,0,0,0,1,0,0,0,0,0,0,0,0,0,0,0,1,0.619,1.8505999692509885,2008,32
64,0,1,0,0,1,0,-2.956,1.894,1,0,0,0,0,0,0,0,0,0,1,0,0,0,1,0,0,0,0,0,0,1,0,0,0,0,0,0,0,1,0,0,0.0,5.484796933490655,0.0,241.0,66.0,0,0,0,0,0,0,0,0,0,0,1,0,0,0,0,0,0,1,0,0,0,0,0,0,0,0,0,0,0,0,0,1,0.619,1.8505999692509885,2008,32
64,0,1,0,0,1,0,-1.28,0.383,1,0,0,0,0,0,0,0,0,0,0,0,1,0,1,0,0,0,0,0,0,1,0,0,0,0,0,0,0,1,0,0,0.0,5.6240175061873385,0.0,277.0,68.0,0,0,0,0,0,0,0,0,0,0,1,0,0,0,0,0,0,1,0,0,0,0,0,0,0,0,0,0,0,0,0,1,0.619,1.8505999692509885,2008,32
64,0,1,0,0,1,0,-4.397,1.437,1,0,0,0,0,0,0,0,0,0,1,0,0,0,1,0,0,0,0,0,0,1,0,0,0,0,0,0,0,1,0,0,0.0,5.484796933490655,0.0,241.0,66.0,0,0,0,0,0,0,0,0,0,0,1,0,0,0,0,0,0,1,0,0,0,0,0,0,0,0,0,0,0,0,0,1,0.619,1.8505999692509885,2008,32
64,0,1,0,0,1,0,-4.241,1.371,0,0,0,0,1,0,0,0,0,0,1,0,0,0,1,0,0,0,0,0,0,1,0,0,0,0,0,0,0,1,0,0,0.0,5.484796933490655,0.0,241.0,66.0,0,0,0,0,0,0,0,0,0,0,1,0,0,0,0,0,0,1,0,0,0,0,0,0,0,0,0,0,0,0,0,1,0.619,1.8505999692509885,2008,32
64,0,1,0,0,1,0,-3.145,1.383,0,0,0,1,0,0,0,0,0,0,1,0,0,0,1,0,0,0,0,0,0,1,0,0,0,0,0,0,0,1,0,0,0.0,5.484796933490655,0.0,241.0,66.0,0,0,0,0,0,0,0,0,0,0,1,0,0,0,0,0,0,1,0,0,0,0,0,0,0,0,0,0,0,0,0,1,0.619,1.8505999692509885,2008,32
64,0,1,0,0,1,0,-0.517,0.701,0,0,0,0,0,0,1,0,0,0,1,0,0,0,1,0,0,0,0,0,0,1,0,0,0,0,0,0,0,1,0,0,0.0,5.484796933490655,0.0,241.0,66.0,0,0,0,0,0,0,0,0,0,0,1,0,0,0,0,0,0,1,0,0,0,0,0,0,0,0,0,0,0,0,0,1,0.619,1.8505999692509885,2008,32
64,0,1,0,0,1,0,-2.539,0.755,0,0,0,0,0,0,0,1,0,0,0,1,0,0,1,0,0,0,0,0,0,1,0,0,0,0,0,0,0,1,0,0,0.0,5.6240175061873385,0.0,277.0,68.0,0,0,0,0,0,0,0,0,0,0,1,0,0,0,0,0,0,1,0,0,0,0,0,0,0,0,0,0,0,0,0,1,0.619,1.8505999692509885,2008,32
64,0,1,0,0,1,0,-1.795,0.785,0,0,0,0,0,0,0,0,1,0,1,0,0,0,1,0,0,0,0,0,0,1,0,0,0,0,0,0,0,1,0,0,0.0,5.6240175061873385,0.0,277.0,68.0,0,0,0,0,0,0,0,0,0,0,1,0,0,0,0,0,0,1,0,0,0,0,0,0,0,0,0,0,0,0,0,1,0.619,1.8505999692509885,2008,32
64,0,1,0,0,1,0,-2.743,1.01,0,0,0,0,0,1,0,0,0,0,1,0,0,0,1,0,0,0,0,0,0,1,0,0,0,0,0,0,0,1,0,0,0.0,5.6240175061873385,0.0,277.0,68.0,0,0,0,0,0,0,0,0,0,0,1,0,0,0,0,0,0,1,0,0,0,0,0,0,0,0,0,0,0,0,0,1,0.619,1.8505999692509885,2008,32
64,0,1,0,0,1,0,0.516,1.227,1,0,0,0,0,0,0,0,0,0,1,0,0,0,1,0,0,0,0,0,0,1,0,0,0,0,0,0,0,1,0,0,0.0,5.484796933490655,0.0,241.0,66.0,0,0,0,0,0,0,0,0,0,0,1,0,0,0,0,0,1,0,0,0,0,0,0,0,0,0,0,0,0,0,0,1,0.619,1.8505999692509885,2008,32
64,0,1,0,0,1,0,1.485,2.103,1,0,0,0,0,0,0,0,0,0,0,0,1,0,1,0,0,0,0,0,0,1,0,0,0,0,0,0,0,1,0,0,0.0,5.6240175061873385,0.0,277.0,68.0,0,0,0,0,0,0,0,0,0,0,1,0,0,0,0,0,1,0,0,0,0,0,0,0,0,0,0,0,0,0,0,1,0.619,1.8505999692509885,2008,32
64,0,1,0,0,1,0,1.128,1.996,1,0,0,0,0,0,0,0,0,0,1,0,0,0,1,0,0,0,0,0,0,1,0,0,0,0,0,0,0,1,0,0,0.0,5.484796933490655,0.0,241.0,66.0,0,0,0,0,0,0,0,0,0,0,1,0,0,0,0,0,1,0,0,0,0,0,0,0,0,0,0,0,0,0,0,1,0.619,1.8505999692509885,2008,32
64,0,1,0,0,1,0,1.279,0.693,0,0,0,0,1,0,0,0,0,0,1,0,0,0,1,0,0,0,0,0,0,1,0,0,0,0,0,0,0,1,0,0,0.0,5.484796933490655,0.0,241.0,66.0,0,0,0,0,0,0,0,0,0,0,1,0,0,0,0,0,1,0,0,0,0,0,0,0,0,0,0,0,0,0,0,1,0.619,1.8505999692509885,2008,32
64,0,1,0,0,1,0,1.508,1.339,0,0,0,1,0,0,0,0,0,0,1,0,0,0,1,0,0,0,0,0,0,1,0,0,0,0,0,0,0,1,0,0,0.0,5.484796933490655,0.0,241.0,66.0,0,0,0,0,0,0,0,0,0,0,1,0,0,0,0,0,1,0,0,0,0,0,0,0,0,0,0,0,0,0,0,1,0.619,1.8505999692509885,2008,32
64,0,1,0,0,1,0,4.196,2.943,0,0,0,0,0,0,1,0,0,0,1,0,0,0,1,0,0,0,0,0,0,1,0,0,0,0,0,0,0,1,0,0,0.0,5.484796933490655,0.0,241.0,66.0,0,0,0,0,0,0,0,0,0,0,1,0,0,0,0,0,1,0,0,0,0,0,0,0,0,0,0,0,0,0,0,1,0.619,1.8505999692509885,2008,32
64,0,1,0,0,1,0,-5.847,3.272,0,0,0,0,0,0,0,1,0,0,0,1,0,0,1,0,0,0,0,0,0,1,0,0,0,0,0,0,0,1,0,0,0.0,5.6240175061873385,0.0,277.0,68.0,0,0,0,0,0,0,0,0,0,0,1,0,0,0,0,0,1,0,0,0,0,0,0,0,0,0,0,0,0,0,0,1,0.619,1.8505999692509885,2008,32
64,0,1,0,0,1,0,5.361,3.29,0,0,0,0,0,0,0,0,1,0,1,0,0,0,1,0,0,0,0,0,0,1,0,0,0,0,0,0,0,1,0,0,0.0,5.6240175061873385,0.0,277.0,68.0,0,0,0,0,0,0,0,0,0,0,1,0,0,0,0,0,1,0,0,0,0,0,0,0,0,0,0,0,0,0,0,1,0.619,1.8505999692509885,2008,32
64,0,1,0,0,1,0,31.609,15.169,0,0,0,0,0,1,0,0,0,0,1,0,0,0,1,0,0,0,0,0,0,1,0,0,0,0,0,0,0,1,0,0,0.0,5.6240175061873385,0.0,277.0,68.0,0,0,0,0,0,0,0,0,0,0,1,0,0,0,0,0,1,0,0,0,0,0,0,0,0,0,0,0,0,0,0,1,0.619,1.8505999692509885,2008,32
64,0,1,0,0,1,0,4.142,1.389,1,0,0,0,0,0,0,0,0,0,1,0,0,0,1,0,0,0,0,0,0,1,0,0,0,0,0,0,0,1,0,0,0.0,4.68213122712422,0.0,108.0,66.0,0,0,0,0,0,0,0,0,0,0,1,0,0,0,0,0,1,0,0,0,0,0,0,0,0,0,0,0,0,0,0,1,0.619,1.8505999692509885,2008,32
64,0,1,0,0,1,0,-0.65,0.9,1,0,0,0,0,0,0,0,0,0,1,0,0,0,1,0,0,0,0,0,0,1,0,0,0,0,0,0,0,1,0,0,0.0,4.890349128221754,0.0,133.0,66.0,0,0,0,0,0,0,0,0,0,0,1,0,0,0,0,0,0,0,1,0,0,0,0,0,0,0,0,0,0,0,0,1,0.619,1.8505999692509885,2008,32
64,0,1,0,0,1,0,-3.392,1.226,1,0,0,0,0,0,0,0,0,0,0,0,1,0,1,0,0,0,0,0,0,1,0,0,0,0,0,0,0,1,0,0,0.0,3.912023005428146,0.0,50.0,68.0,0,0,0,0,0,0,0,0,0,0,1,0,0,0,0,0,0,0,0,1,0,0,0,0,0,0,0,0,0,0,0,1,0.619,1.8505999692509885,2008,32
64,0,1,0,0,1,0,-1.665,0.474,1,0,0,0,0,0,0,0,0,0,0,0,1,0,1,0,0,0,0,0,0,1,0,0,0,0,0,0,0,1,0,0,0.0,5.424950017481403,0.0,227.0,68.0,0,0,0,0,0,0,0,0,0,0,1,0,0,0,0,0,0,0,1,0,0,0,0,0,0,0,0,0,0,0,0,1,0.619,1.8505999692509885,2008,32
64,0,1,0,0,1,0,-4.3,4.217,1,0,0,0,0,0,0,0,0,0,1,0,0,0,1,0,0,0,0,0,0,1,0,0,0,0,0,0,0,1,0,0,0.0,3.4965075614664802,0.0,33.0,66.0,0,0,0,0,0,0,0,0,0,0,1,0,0,0,0,0,0,0,0,1,0,0,0,0,0,0,0,0,0,0,0,1,0.619,1.8505999692509885,2008,32
64,0,1,0,0,1,0,-4.427,1.027,1,0,0,0,0,0,0,0,0,0,1,0,0,0,1,0,0,0,0,0,0,1,0,0,0,0,0,0,0,1,0,0,0.0,5.337538079701318,0.0,208.0,66.0,0,0,0,0,0,0,0,0,0,0,1,0,0,0,0,0,0,0,1,0,0,0,0,0,0,0,0,0,0,0,0,1,0.619,1.8505999692509885,2008,32
64,0,1,0,0,1,0,2.272,1.318,0,0,0,0,1,0,0,0,0,0,1,0,0,0,1,0,0,0,0,0,0,1,0,0,0,0,0,0,0,1,0,0,0.0,4.7535901911063645,0.0,116.0,66.0,0,0,0,0,0,0,0,0,0,0,1,0,0,0,0,0,0,0,0,1,0,0,0,0,0,0,0,0,0,0,0,1,0.619,1.8505999692509885,2008,32
64,0,1,0,0,1,0,0.199,0.689,0,0,0,0,1,0,0,0,0,0,1,0,0,0,1,0,0,0,0,0,0,1,0,0,0,0,0,0,0,1,0,0,0.0,4.8283137373023015,0.0,125.0,66.0,0,0,0,0,0,0,0,0,0,0,1,0,0,0,0,0,0,0,1,0,0,0,0,0,0,0,0,0,0,0,0,1,0.619,1.8505999692509885,2008,32
64,0,1,0,0,1,0,-3.806,4.05,0,0,0,1,0,0,0,0,0,0,1,0,0,0,1,0,0,0,0,0,0,1,0,0,0,0,0,0,0,1,0,0,0.0,3.4965075614664802,0.0,33.0,66.0,0,0,0,0,0,0,0,0,0,0,1,0,0,0,0,0,0,0,0,1,0,0,0,0,0,0,0,0,0,0,0,1,0.619,1.8505999692509885,2008,32
64,0,1,0,0,1,0,-2.874,0.957,0,0,0,1,0,0,0,0,0,0,1,0,0,0,1,0,0,0,0,0,0,1,0,0,0,0,0,0,0,1,0,0,0.0,5.337538079701318,0.0,208.0,66.0,0,0,0,0,0,0,0,0,0,0,1,0,0,0,0,0,0,0,1,0,0,0,0,0,0,0,0,0,0,0,0,1,0.619,1.8505999692509885,2008,32
64,0,1,0,0,1,0,4.758,1.846,0,0,0,0,0,0,1,0,0,0,1,0,0,0,1,0,0,0,0,0,0,1,0,0,0,0,0,0,0,1,0,0,0.0,4.499809670330265,0.0,90.0,66.0,0,0,0,0,0,0,0,0,0,0,1,0,0,0,0,0,0,0,0,1,0,0,0,0,0,0,0,0,0,0,0,1,0.619,1.8505999692509885,2008,32
64,0,1,0,0,1,0,-0.503,0.613,0,0,0,0,0,0,1,0,0,0,1,0,0,0,1,0,0,0,0,0,0,1,0,0,0,0,0,0,0,1,0,0,0.0,5.017279836814924,0.0,151.0,66.0,0,0,0,0,0,0,0,0,0,0,1,0,0,0,0,0,0,0,1,0,0,0,0,0,0,0,0,0,0,0,0,1,0.619,1.8505999692509885,2008,32
64,0,1,0,0,1,0,9.279,6.894,0,0,0,0,0,0,0,1,0,0,0,1,0,0,1,0,0,0,0,0,0,1,0,0,0,0,0,0,0,1,0,0,0.0,3.4965075614664802,0.0,33.0,68.0,0,0,0,0,0,0,0,0,0,0,1,0,0,0,0,0,0,0,0,1,0,0,0,0,0,0,0,0,0,0,0,1,0.619,1.8505999692509885,2008,32
64,0,1,0,0,1,0,-3.489,0.88,0,0,0,0,0,0,0,1,0,0,0,1,0,0,1,0,0,0,0,0,0,1,0,0,0,0,0,0,0,1,0,0,0.0,5.497168225293202,0.0,244.0,68.0,0,0,0,0,0,0,0,0,0,0,1,0,0,0,0,0,0,0,1,0,0,0,0,0,0,0,0,0,0,0,0,1,0.619,1.8505999692509885,2008,32
64,0,1,0,0,1,0,2.229,1.483,0,0,0,0,0,0,0,0,1,0,1,0,0,0,1,0,0,0,0,0,0,1,0,0,0,0,0,0,0,1,0,0,0.0,4.7535901911063645,0.0,116.0,68.0,0,0,0,0,0,0,0,0,0,0,1,0,0,0,0,0,0,0,0,1,0,0,0,0,0,0,0,0,0,0,0,1,0.619,1.8505999692509885,2008,32
64,0,1,0,0,1,0,-0.763,1.026,0,0,0,0,0,0,0,0,1,0,1,0,0,0,1,0,0,0,0,0,0,1,0,0,0,0,0,0,0,1,0,0,0.0,5.081404364984463,0.0,161.0,68.0,0,0,0,0,0,0,0,0,0,0,1,0,0,0,0,0,0,0,1,0,0,0,0,0,0,0,0,0,0,0,0,1,0.619,1.8505999692509885,2008,32
64,0,1,0,0,1,0,1.551,2.703,0,0,0,0,0,1,0,0,0,0,1,0,0,0,1,0,0,0,0,0,0,1,0,0,0,0,0,0,0,1,0,0,0.0,3.9512437185814275,0.0,52.0,68.0,0,0,0,0,0,0,0,0,0,0,1,0,0,0,0,0,0,0,0,1,0,0,0,0,0,0,0,0,0,0,0,1,0.619,1.8505999692509885,2008,32
64,0,1,0,0,1,0,-4.301,0.819,0,0,0,0,0,1,0,0,0,0,1,0,0,0,1,0,0,0,0,0,0,1,0,0,0,0,0,0,0,1,0,0,0.0,5.41610040220442,0.0,225.0,68.0,0,0,0,0,0,0,0,0,0,0,1,0,0,0,0,0,0,0,1,0,0,0,0,0,0,0,0,0,0,0,0,1,0.619,1.8505999692509885,2008,32
64,0,1,0,0,1,0,0.409,0.869,1,0,0,0,0,0,0,0,0,0,1,0,0,0,0,0,1,0,0,0,0,1,0,0,0,0,0,0,0,1,0,0,0.0,4.6443908991413725,0.0,104.0,66.0,0,0,0,0,0,0,0,0,0,0,1,0,0,0,0,0,0,0,0,1,0,0,0,0,0,0,0,0,0,0,0,1,0.619,1.8505999692509885,2008,32
64,0,1,0,0,1,0,-1.366,1.014,1,0,0,0,0,0,0,0,0,0,1,0,0,0,0,0,1,0,0,0,0,1,0,0,0,0,0,0,0,1,0,0,0.0,4.919980925828125,0.0,137.0,66.0,0,0,0,0,0,0,0,0,0,0,1,0,0,0,0,0,0,0,1,0,0,0,0,0,0,0,0,0,0,0,0,1,0.619,1.8505999692509885,2008,32
64,0,1,0,0,1,0,-1.241,0.896,1,0,0,0,0,0,0,0,0,0,0,0,1,0,0,0,1,0,0,0,0,1,0,0,0,0,0,0,0,1,0,0,0.0,4.941642422609304,0.0,140.0,68.0,0,0,0,0,0,0,0,0,0,0,1,0,0,0,0,0,0,0,0,1,0,0,0,0,0,0,0,0,0,0,0,1,0.619,1.8505999692509885,2008,32
64,0,1,0,0,1,0,-4.681,0.965,1,0,0,0,0,0,0,0,0,0,0,0,1,0,0,0,1,0,0,0,0,1,0,0,0,0,0,0,0,1,0,0,0.0,4.919980925828125,0.0,137.0,68.0,0,0,0,0,0,0,0,0,0,0,1,0,0,0,0,0,0,0,1,0,0,0,0,0,0,0,0,0,0,0,0,1,0.619,1.8505999692509885,2008,32
64,0,1,0,0,1,0,-0.056,3.375,1,0,0,0,0,0,0,0,0,0,1,0,0,0,0,0,1,0,0,0,0,1,0,0,0,0,0,0,0,1,0,0,0.0,4.6443908991413725,0.0,104.0,66.0,0,0,0,0,0,0,0,0,0,0,1,0,0,0,0,0,0,0,0,1,0,0,0,0,0,0,0,0,0,0,0,1,0.619,1.8505999692509885,2008,32
64,0,1,0,0,1,0,-2.345,1.044,1,0,0,0,0,0,0,0,0,0,1,0,0,0,0,0,1,0,0,0,0,1,0,0,0,0,0,0,0,1,0,0,0.0,4.919980925828125,0.0,137.0,66.0,0,0,0,0,0,0,0,0,0,0,1,0,0,0,0,0,0,0,1,0,0,0,0,0,0,0,0,0,0,0,0,1,0.619,1.8505999692509885,2008,32
64,0,1,0,0,1,0,-0.377,0.872,0,0,0,0,1,0,0,0,0,0,1,0,0,0,0,0,1,0,0,0,0,1,0,0,0,0,0,0,0,1,0,0,0.0,4.6443908991413725,0.0,104.0,66.0,0,0,0,0,0,0,0,0,0,0,1,0,0,0,0,0,0,0,0,1,0,0,0,0,0,0,0,0,0,0,0,1,0.619,1.8505999692509885,2008,32
64,0,1,0,0,1,0,0.598,0.448,0,0,0,0,1,0,0,0,0,0,1,0,0,0,0,0,1,0,0,0,0,1,0,0,0,0,0,0,0,1,0,0,0.0,4.919980925828125,0.0,137.0,66.0,0,0,0,0,0,0,0,0,0,0,1,0,0,0,0,0,0,0,1,0,0,0,0,0,0,0,0,0,0,0,0,1,0.619,1.8505999692509885,2008,32
64,0,1,0,0,1,0,2.101,2.559,0,0,0,1,0,0,0,0,0,0,1,0,0,0,0,0,1,0,0,0,0,1,0,0,0,0,0,0,0,1,0,0,0.0,4.6443908991413725,0.0,104.0,66.0,0,0,0,0,0,0,0,0,0,0,1,0,0,0,0,0,0,0,0,1,0,0,0,0,0,0,0,0,0,0,0,1,0.619,1.8505999692509885,2008,32
64,0,1,0,0,1,0,-1.029,1.164,0,0,0,1,0,0,0,0,0,0,1,0,0,0,0,0,1,0,0,0,0,1,0,0,0,0,0,0,0,1,0,0,0.0,4.919980925828125,0.0,137.0,66.0,0,0,0,0,0,0,0,0,0,0,1,0,0,0,0,0,0,0,1,0,0,0,0,0,0,0,0,0,0,0,0,1,0.619,1.8505999692509885,2008,32
64,0,1,0,0,1,0,0.187,0.95,0,0,0,0,0,0,1,0,0,0,1,0,0,0,0,0,1,0,0,0,0,1,0,0,0,0,0,0,0,1,0,0,0.0,4.912654885736052,0.0,136.0,66.0,0,0,0,0,0,0,0,0,0,0,1,0,0,0,0,0,0,0,0,1,0,0,0,0,0,0,0,0,0,0,0,1,0.619,1.8505999692509885,2008,32
64,0,1,0,0,1,0,0.091,0.678,0,0,0,0,0,0,1,0,0,0,1,0,0,0,0,0,1,0,0,0,0,1,0,0,0,0,0,0,0,1,0,0,0.0,4.653960350157523,0.0,105.0,66.0,0,0,0,0,0,0,0,0,0,0,1,0,0,0,0,0,0,0,1,0,0,0,0,0,0,0,0,0,0,0,0,1,0.619,1.8505999692509885,2008,32
64,0,1,0,0,1,0,-9.639,3.725,0,0,0,0,0,0,0,0,1,0,1,0,0,0,0,0,1,0,0,0,0,1,0,0,0,0,0,0,0,1,0,0,0.0,4.941642422609304,0.0,140.0,68.0,0,0,0,0,0,0,0,0,0,0,1,0,0,0,0,0,0,0,0,1,0,0,0,0,0,0,0,0,0,0,0,1,0.619,1.8505999692509885,2008,32
64,0,1,0,0,1,0,0.116,1.114,0,0,0,0,0,0,0,0,1,0,1,0,0,0,0,0,1,0,0,0,0,1,0,0,0,0,0,0,0,1,0,0,0.0,4.919980925828125,0.0,137.0,68.0,0,0,0,0,0,0,0,0,0,0,1,0,0,0,0,0,0,0,1,0,0,0,0,0,0,0,0,0,0,0,0,1,0.619,1.8505999692509885,2008,32
64,0,1,0,0,1,0,-1.745,1.558,0,0,0,0,0,1,0,0,0,0,1,0,0,0,0,0,1,0,0,0,0,1,0,0,0,0,0,0,0,1,0,0,0.0,4.890349128221754,0.0,133.0,68.0,0,0,0,0,0,0,0,0,0,0,1,0,0,0,0,0,0,0,0,1,0,0,0,0,0,0,0,0,0,0,0,1,0.619,1.8505999692509885,2008,32
64,0,1,0,0,1,0,-6.516,1.449,0,0,0,0,0,1,0,0,0,0,1,0,0,0,0,0,1,0,0,0,0,1,0,0,0,0,0,0,0,1,0,0,0.0,4.969813299576001,0.0,144.0,68.0,0,0,0,0,0,0,0,0,0,0,1,0,0,0,0,0,0,0,1,0,0,0,0,0,0,0,0,0,0,0,0,1,0.619,1.8505999692509885,2008,32
64,0,1,0,0,1,0,-2.088,1.101,1,0,0,0,0,0,0,0,0,0,0,0,1,0,0,0,1,0,0,0,0,1,0,0,0,0,0,0,0,1,0,0,0.0,4.941642422609304,0.0,140.0,68.0,0,0,0,0,0,0,0,0,0,0,1,0,0,0,0,0,0,0,0,1,0,0,0,0,0,0,0,0,0,0,0,1,0.619,1.8505999692509885,2008,32
64,0,1,0,0,1,0,-2.636,0.9,1,0,0,0,0,0,0,0,0,0,0,0,1,0,0,0,1,0,0,0,0,1,0,0,0,0,0,0,0,1,0,0,0.0,4.919980925828125,0.0,137.0,68.0,0,0,0,0,0,0,0,0,0,0,1,0,0,0,0,0,0,0,1,0,0,0,0,0,0,0,0,0,0,0,0,1,0.619,1.8505999692509885,2008,32
64,0,1,0,0,1,0,-0.149,0.616,1,0,0,0,0,0,0,0,0,0,1,0,0,0,0,0,0,1,0,0,0,1,0,0,0,0,0,0,0,1,0,0,0.0,4.653960350157523,0.0,105.0,66.0,0,0,0,0,0,0,0,0,0,0,1,0,0,0,0,0,0,0,0,1,0,0,0,0,0,0,0,0,0,0,0,1,0.619,1.8505999692509885,2008,32
64,0,1,0,0,1,0,1.836,0.756,1,0,0,0,0,0,0,0,0,0,1,0,0,0,0,0,0,1,0,0,0,1,0,0,0,0,0,0,0,1,0,0,0.0,4.912654885736052,0.0,136.0,66.0,0,0,0,0,0,0,0,0,0,0,1,0,0,0,0,0,0,0,1,0,0,0,0,0,0,0,0,0,0,0,0,1,0.619,1.8505999692509885,2008,32
64,0,1,0,0,1,0,-3.888,1.144,1,0,0,0,0,0,0,0,0,0,0,0,1,0,0,0,0,1,0,0,0,1,0,0,0,0,0,0,0,1,0,0,0.0,4.653960350157523,0.0,105.0,68.0,0,0,0,0,0,0,0,0,0,0,1,0,0,0,0,0,0,0,0,1,0,0,0,0,0,0,0,0,0,0,0,1,0.619,1.8505999692509885,2008,32
64,0,1,0,0,1,0,-10.757,5.634,1,0,0,0,0,0,0,0,0,0,0,0,1,0,0,0,0,1,0,0,0,1,0,0,0,0,0,0,0,1,0,0,0.0,3.1780538303479458,0.0,24.0,68.0,0,0,0,0,0,0,0,0,0,0,1,0,0,0,0,0,0,0,1,0,0,0,0,0,0,0,0,0,0,0,0,1,0.619,1.8505999692509885,2008,32
64,0,1,0,0,1,0,1.165,1.463,1,0,0,0,0,0,0,0,0,0,0,0,1,0,0,0,0,1,0,0,0,1,0,0,0,0,0,0,0,1,0,0,0.0,4.997212273764115,0.0,148.0,68.0,0,0,0,0,0,0,0,0,0,0,1,0,0,0,0,0,0,0,1,0,0,0,0,0,0,0,0,0,0,0,0,1,0.619,1.8505999692509885,2008,32
64,0,1,0,0,1,0,-1.057,0.498,1,0,0,0,0,0,0,0,0,0,1,0,0,0,0,0,0,1,0,0,0,1,0,0,0,0,0,0,0,1,0,0,0.0,4.653960350157523,0.0,105.0,66.0,0,0,0,0,0,0,0,0,0,0,1,0,0,0,0,0,0,0,0,1,0,0,0,0,0,0,0,0,0,0,0,1,0.619,1.8505999692509885,2008,32
64,0,1,0,0,1,0,-24.407,11.733,1,0,0,0,0,0,0,0,0,0,1,0,0,0,0,0,0,1,0,0,0,1,0,0,0,0,0,0,0,1,0,0,0.0,2.3978952727983707,0.0,11.0,66.0,0,0,0,0,0,0,0,0,0,0,1,0,0,0,0,0,0,0,1,0,0,0,0,0,0,0,0,0,0,0,0,1,0.619,1.8505999692509885,2008,32
64,0,1,0,0,1,0,1.655,1.421,1,0,0,0,0,0,0,0,0,0,1,0,0,0,0,0,0,1,0,0,0,1,0,0,0,0,0,0,0,1,0,0,0.0,4.8283137373023015,0.0,125.0,66.0,0,0,0,0,0,0,0,0,0,0,1,0,0,0,0,0,0,0,1,0,0,0,0,0,0,0,0,0,0,0,0,1,0.619,1.8505999692509885,2008,32
64,0,1,0,0,1,0,0.803,0.418,0,0,0,0,1,0,0,0,0,0,1,0,0,0,0,0,0,1,0,0,0,1,0,0,0,0,0,0,0,1,0,0,0.0,4.653960350157523,0.0,105.0,66.0,0,0,0,0,0,0,0,0,0,0,1,0,0,0,0,0,0,0,0,1,0,0,0,0,0,0,0,0,0,0,0,1,0.619,1.8505999692509885,2008,32
64,0,1,0,0,1,0,1.498,0.848,0,0,0,0,1,0,0,0,0,0,1,0,0,0,0,0,0,1,0,0,0,1,0,0,0,0,0,0,0,1,0,0,0.0,4.912654885736052,0.0,136.0,66.0,0,0,0,0,0,0,0,0,0,0,1,0,0,0,0,0,0,0,1,0,0,0,0,0,0,0,0,0,0,0,0,1,0.619,1.8505999692509885,2008,32
64,0,1,0,0,1,0,-1.715,0.659,0,0,0,1,0,0,0,0,0,0,1,0,0,0,0,0,0,1,0,0,0,1,0,0,0,0,0,0,0,1,0,0,0.0,4.653960350157523,0.0,105.0,66.0,0,0,0,0,0,0,0,0,0,0,1,0,0,0,0,0,0,0,0,1,0,0,0,0,0,0,0,0,0,0,0,1,0.619,1.8505999692509885,2008,32
64,0,1,0,0,1,0,-17.275,7.691,0,0,0,1,0,0,0,0,0,0,1,0,0,0,0,0,0,1,0,0,0,1,0,0,0,0,0,0,0,1,0,0,0.0,2.833213344056216,0.0,17.0,66.0,0,0,0,0,0,0,0,0,0,0,1,0,0,0,0,0,0,0,1,0,0,0,0,0,0,0,0,0,0,0,0,1,0.619,1.8505999692509885,2008,32
64,0,1,0,0,1,0,2.428,1.745,0,0,0,1,0,0,0,0,0,0,1,0,0,0,0,0,0,1,0,0,0,1,0,0,0,0,0,0,0,1,0,0,0.0,4.77912349311153,0.0,119.0,66.0,0,0,0,0,0,0,0,0,0,0,1,0,0,0,0,0,0,0,1,0,0,0,0,0,0,0,0,0,0,0,0,1,0.619,1.8505999692509885,2008,32
64,0,1,0,0,1,0,-0.164,0.394,0,0,0,0,0,0,1,0,0,0,1,0,0,0,0,0,0,1,0,0,0,1,0,0,0,0,0,0,0,1,0,0,0.0,4.653960350157523,0.0,105.0,66.0,0,0,0,0,0,0,0,0,0,0,1,0,0,0,0,0,0,0,0,1,0,0,0,0,0,0,0,0,0,0,0,1,0.619,1.8505999692509885,2008,32
64,0,1,0,0,1,0,1.317,0.841,0,0,0,0,0,0,1,0,0,0,1,0,0,0,0,0,0,1,0,0,0,1,0,0,0,0,0,0,0,1,0,0,0.0,4.912654885736052,0.0,136.0,66.0,0,0,0,0,0,0,0,0,0,0,1,0,0,0,0,0,0,0,1,0,0,0,0,0,0,0,0,0,0,0,0,1,0.619,1.8505999692509885,2008,32
64,0,1,0,0,1,0,-1.194,0.621,0,0,0,0,0,1,0,0,0,0,1,0,0,0,0,0,0,1,0,0,0,1,0,0,0,0,0,0,0,1,0,0,0.0,5.3230099791384085,0.0,205.0,68.0,0,0,0,0,0,0,0,0,0,0,1,0,0,0,0,0,0,0,0,1,0,0,0,0,0,0,0,0,0,0,0,1,0.619,1.8505999692509885,2008,32
64,0,1,0,0,1,0,1.54,1.933,0,0,0,0,0,1,0,0,0,0,1,0,0,0,0,0,0,1,0,0,0,1,0,0,0,0,0,0,0,1,0,0,0.0,4.276666119016055,0.0,72.0,68.0,0,0,0,0,0,0,0,0,0,0,1,0,0,0,0,0,0,0,1,0,0,0,0,0,0,0,0,0,0,0,0,1,0.619,1.8505999692509885,2008,32
64,0,1,0,0,1,0,-0.182,0.887,1,0,0,0,0,0,0,0,0,0,1,0,0,0,1,0,0,0,0,0,0,1,0,0,0,0,0,0,0,1,0,0,0.0,5.0238805208462765,0.0,152.0,66.0,0,0,0,0,0,0,0,0,0,0,1,0,0,0,0,0,1,0,0,0,0,0,0,0,0,0,0,0,0,0,0,1,0.619,1.8505999692509885,2008,32
64,0,1,0,0,1,0,-1.834,1.8,1,0,0,0,0,0,0,0,0,0,1,0,0,0,1,0,0,0,0,0,0,1,0,0,0,0,0,0,0,1,0,0,0.0,4.48863636973214,0.0,89.0,66.0,0,0,0,0,0,0,0,0,0,0,1,0,0,0,0,0,0,1,0,0,0,0,0,0,0,0,0,0,0,0,0,1,0.619,1.8505999692509885,2008,32
64,0,1,0,0,1,0,1.176,1.773,1,0,0,0,0,0,0,0,0,0,0,0,1,0,1,0,0,0,0,0,0,1,0,0,0,0,0,0,0,1,0,0,0.0,2.8903717578961645,0.0,18.0,68.0,0,0,0,0,0,0,0,0,0,0,1,0,0,0,0,0,1,0,0,0,0,0,0,0,0,0,0,0,0,0,0,1,0.619,1.8505999692509885,2008,32
64,0,1,0,0,1,0,-1.262,0.386,1,0,0,0,0,0,0,0,0,0,0,0,1,0,1,0,0,0,0,0,0,1,0,0,0,0,0,0,0,1,0,0,0.0,5.556828061699537,0.0,259.0,68.0,0,0,0,0,0,0,0,0,0,0,1,0,0,0,0,0,0,1,0,0,0,0,0,0,0,0,0,0,0,0,0,1,0.619,1.8505999692509885,2008,32
64,0,1,0,0,1,0,-0.053,0.948,1,0,0,0,0,0,0,0,0,0,1,0,0,0,1,0,0,0,0,0,0,1,0,0,0,0,0,0,0,1,0,0,0.0,4.653960350157523,0.0,105.0,66.0,0,0,0,0,0,0,0,0,0,0,1,0,0,0,0,0,1,0,0,0,0,0,0,0,0,0,0,0,0,0,0,1,0.619,1.8505999692509885,2008,32
64,0,1,0,0,1,0,-4.085,1.33,1,0,0,0,0,0,0,0,0,0,1,0,0,0,1,0,0,0,0,0,0,1,0,0,0,0,0,0,0,1,0,0,0.0,4.912654885736052,0.0,136.0,66.0,0,0,0,0,0,0,0,0,0,0,1,0,0,0,0,0,0,1,0,0,0,0,0,0,0,0,0,0,0,0,0,1,0.619,1.8505999692509885,2008,32
64,0,1,0,0,1,0,1.122,0.624,0,0,0,0,1,0,0,0,0,0,1,0,0,0,1,0,0,0,0,0,0,1,0,0,0,0,0,0,0,1,0,0,0.0,4.700480365792417,0.0,110.0,66.0,0,0,0,0,0,0,0,0,0,0,1,0,0,0,0,0,1,0,0,0,0,0,0,0,0,0,0,0,0,0,0,1,0.619,1.8505999692509885,2008,32
64,0,1,0,0,1,0,-3.795,1.458,0,0,0,0,1,0,0,0,0,0,1,0,0,0,1,0,0,0,0,0,0,1,0,0,0,0,0,0,0,1,0,0,0.0,4.875197323201151,0.0,131.0,66.0,0,0,0,0,0,0,0,0,0,0,1,0,0,0,0,0,0,1,0,0,0,0,0,0,0,0,0,0,0,0,0,1,0.619,1.8505999692509885,2008,32
64,0,1,0,0,1,0,0.26,0.864,0,0,0,1,0,0,0,0,0,0,1,0,0,0,1,0,0,0,0,0,0,1,0,0,0,0,0,0,0,1,0,0,0.0,4.6913478822291435,0.0,109.0,66.0,0,0,0,0,0,0,0,0,0,0,1,0,0,0,0,0,1,0,0,0,0,0,0,0,0,0,0,0,0,0,0,1,0.619,1.8505999692509885,2008,32
64,0,1,0,0,1,0,-2.555,1.222,0,0,0,1,0,0,0,0,0,0,1,0,0,0,1,0,0,0,0,0,0,1,0,0,0,0,0,0,0,1,0,0,0.0,4.882801922586371,0.0,132.0,66.0,0,0,0,0,0,0,0,0,0,0,1,0,0,0,0,0,0,1,0,0,0,0,0,0,0,0,0,0,0,0,0,1,0.619,1.8505999692509885,2008,32
64,0,1,0,0,1,0,3.71,2.875,0,0,0,0,0,0,1,0,0,0,1,0,0,0,1,0,0,0,0,0,0,1,0,0,0,0,0,0,0,1,0,0,0.0,3.044522437723423,0.0,21.0,66.0,0,0,0,0,0,0,0,0,0,0,1,0,0,0,0,0,1,0,0,0,0,0,0,0,0,0,0,0,0,0,0,1,0.619,1.8505999692509885,2008,32
64,0,1,0,0,1,0,-0.371,0.612,0,0,0,0,0,0,1,0,0,0,1,0,0,0,1,0,0,0,0,0,0,1,0,0,0,0,0,0,0,1,0,0,0.0,5.393627546352362,0.0,220.0,66.0,0,0,0,0,0,0,0,0,0,0,1,0,0,0,0,0,0,1,0,0,0,0,0,0,0,0,0,0,0,0,0,1,0.619,1.8505999692509885,2008,32
64,0,1,0,0,1,0,-5.927,3.2,0,0,0,0,0,0,0,1,0,0,0,1,0,0,1,0,0,0,0,0,0,1,0,0,0,0,0,0,0,1,0,0,0.0,2.833213344056216,0.0,17.0,68.0,0,0,0,0,0,0,0,0,0,0,1,0,0,0,0,0,1,0,0,0,0,0,0,0,0,0,0,0,0,0,0,1,0.619,1.8505999692509885,2008,32
64,0,1,0,0,1,0,-2.54,0.653,0,0,0,0,0,0,0,1,0,0,0,1,0,0,1,0,0,0,0,0,0,1,0,0,0,0,0,0,0,1,0,0,0.0,5.560681631015528,0.0,260.0,68.0,0,0,0,0,0,0,0,0,0,0,1,0,0,0,0,0,0,1,0,0,0,0,0,0,0,0,0,0,0,0,0,1,0.619,1.8505999692509885,2008,32
64,0,1,0,0,1,0,-0.02,2.279,0,0,0,0,0,0,0,0,1,0,1,0,0,0,1,0,0,0,0,0,0,1,0,0,0,0,0,0,0,1,0,0,0.0,2.1972245773362196,0.0,9.0,68.0,0,0,0,0,0,0,0,0,0,0,1,0,0,0,0,0,1,0,0,0,0,0,0,0,0,0,0,0,0,0,0,1,0.619,1.8505999692509885,2008,32
64,0,1,0,0,1,0,-1.506,0.638,0,0,0,0,0,0,0,0,1,0,1,0,0,0,1,0,0,0,0,0,0,1,0,0,0,0,0,0,0,1,0,0,0.0,5.5909869805108565,0.0,268.0,68.0,0,0,0,0,0,0,0,0,0,0,1,0,0,0,0,0,0,1,0,0,0,0,0,0,0,0,0,0,0,0,0,1,0.619,1.8505999692509885,2008,32
64,0,1,0,0,1,0,32.913,19.637,0,0,0,0,0,1,0,0,0,0,1,0,0,0,1,0,0,0,0,0,0,1,0,0,0,0,0,0,0,1,0,0,0.0,1.9459101490553132,0.0,7.0,68.0,0,0,0,0,0,0,0,0,0,0,1,0,0,0,0,0,1,0,0,0,0,0,0,0,0,0,0,0,0,0,0,1,0.619,1.8505999692509885,2008,32
64,0,1,0,0,1,0,-2.68,0.818,0,0,0,0,0,1,0,0,0,0,1,0,0,0,1,0,0,0,0,0,0,1,0,0,0,0,0,0,0,1,0,0,0.0,5.598421958998375,0.0,270.0,68.0,0,0,0,0,0,0,0,0,0,0,1,0,0,0,0,0,0,1,0,0,0,0,0,0,0,0,0,0,0,0,0,1,0.619,1.8505999692509885,2008,32
64,0,1,0,0,1,0,3.754,1.512,1,0,0,0,0,0,0,0,0,0,1,0,0,0,1,0,0,0,0,0,0,1,0,0,0,0,0,0,0,1,0,0,0.0,4.543294782270004,0.0,94.0,66.0,0,0,0,0,0,0,0,0,0,0,1,0,0,0,0,0,0,0,0,1,0,0,0,0,0,0,0,0,0,0,0,1,0.619,1.8505999692509885,2008,32
64,0,1,0,0,1,0,-2.165,2.17,1,0,0,0,0,0,0,0,0,0,1,0,0,0,1,0,0,0,0,0,0,1,0,0,0,0,0,0,0,1,0,0,0.0,4.04305126783455,0.0,57.0,66.0,0,0,0,0,0,0,0,0,0,0,1,0,0,0,0,0,0,0,0,0,0,0,0,0,0,0,1,0,0,0,0,1,0.619,1.8505999692509885,2008,32
64,0,1,0,0,1,0,-0.766,0.903,1,0,0,0,0,0,0,0,0,0,1,0,0,0,1,0,0,0,0,0,0,1,0,0,0,0,0,0,0,1,0,0,0.0,4.499809670330265,0.0,90.0,66.0,0,0,0,0,0,0,0,0,0,0,1,0,0,0,0,0,0,0,1,0,0,0,0,0,0,0,0,0,0,0,0,1,0.619,1.8505999692509885,2008,32
64,0,1,0,0,1,0,-1.842,1.674,1,0,0,0,0,0,0,0,0,0,0,0,1,0,1,0,0,0,0,0,0,1,0,0,0,0,0,0,0,1,0,0,0.0,3.6635616461296463,0.0,39.0,68.0,0,0,0,0,0,0,0,0,0,0,1,0,0,0,0,0,0,0,0,1,0,0,0,0,0,0,0,0,0,0,0,1,0.619,1.8505999692509885,2008,32
64,0,1,0,0,1,0,-3.014,1.461,1,0,0,0,0,0,0,0,0,0,0,0,1,0,1,0,0,0,0,0,0,1,0,0,0,0,0,0,0,1,0,0,0.0,3.091042453358316,0.0,22.0,68.0,0,0,0,0,0,0,0,0,0,0,1,0,0,0,0,0,0,0,0,0,0,0,0,0,0,0,1,0,0,0,0,1,0.619,1.8505999692509885,2008,32
64,0,1,0,0,1,0,-1.964,0.518,1,0,0,0,0,0,0,0,0,0,0,0,1,0,1,0,0,0,0,0,0,1,0,0,0,0,0,0,0,1,0,0,0.0,5.375278407684165,0.0,216.0,68.0,0,0,0,0,0,0,0,0,0,0,1,0,0,0,0,0,0,0,1,0,0,0,0,0,0,0,0,0,0,0,0,1,0.619,1.8505999692509885,2008,32
64,0,1,0,0,1,0,-5.904,7.335,1,0,0,0,0,0,0,0,0,0,1,0,0,0,1,0,0,0,0,0,0,1,0,0,0,0,0,0,0,1,0,0,0.0,2.995732273553991,0.0,20.0,66.0,0,0,0,0,0,0,0,0,0,0,1,0,0,0,0,0,0,0,0,1,0,0,0,0,0,0,0,0,0,0,0,1,0.619,1.8505999692509885,2008,32
64,0,1,0,0,1,0,3.836,3.006,1,0,0,0,0,0,0,0,0,0,1,0,0,0,1,0,0,0,0,0,0,1,0,0,0,0,0,0,0,1,0,0,0.0,2.995732273553991,0.0,20.0,66.0,0,0,0,0,0,0,0,0,0,0,1,0,0,0,0,0,0,0,0,0,0,0,0,0,0,0,1,0,0,0,0,1,0.619,1.8505999692509885,2008,32
64,0,1,0,0,1,0,-4.773,1.003,1,0,0,0,0,0,0,0,0,0,1,0,0,0,1,0,0,0,0,0,0,1,0,0,0,0,0,0,0,1,0,0,0.0,5.303304908059076,0.0,201.0,66.0,0,0,0,0,0,0,0,0,0,0,1,0,0,0,0,0,0,0,1,0,0,0,0,0,0,0,0,0,0,0,0,1,0.619,1.8505999692509885,2008,32
64,0,1,0,0,1,0,3.122,1.367,0,0,0,0,1,0,0,0,0,0,1,0,0,0,1,0,0,0,0,0,0,1,0,0,0,0,0,0,0,1,0,0,0.0,4.59511985013459,0.0,99.0,66.0,0,0,0,0,0,0,0,0,0,0,1,0,0,0,0,0,0,0,0,1,0,0,0,0,0,0,0,0,0,0,0,1,0.619,1.8505999692509885,2008,32
64,0,1,0,0,1,0,0.069,1.893,0,0,0,0,1,0,0,0,0,0,1,0,0,0,1,0,0,0,0,0,0,1,0,0,0,0,0,0,0,1,0,0,0.0,4.248495242049359,0.0,70.0,66.0,0,0,0,0,0,0,0,0,0,0,1,0,0,0,0,0,0,0,0,0,0,0,0,0,0,0,1,0,0,0,0,1,0.619,1.8505999692509885,2008,32
64,0,1,0,0,1,0,-0.161,0.595,0,0,0,0,1,0,0,0,0,0,1,0,0,0,1,0,0,0,0,0,0,1,0,0,0,0,0,0,0,1,0,0,0.0,4.276666119016055,0.0,72.0,66.0,0,0,0,0,0,0,0,0,0,0,1,0,0,0,0,0,0,0,1,0,0,0,0,0,0,0,0,0,0,0,0,1,0.619,1.8505999692509885,2008,32
64,0,1,0,0,1,0,-9.305,7.701,0,0,0,1,0,0,0,0,0,0,1,0,0,0,1,0,0,0,0,0,0,1,0,0,0,0,0,0,0,1,0,0,0.0,2.772588722239781,0.0,16.0,66.0,0,0,0,0,0,0,0,0,0,0,1,0,0,0,0,0,0,0,0,1,0,0,0,0,0,0,0,0,0,0,0,1,0.619,1.8505999692509885,2008,32
64,0,1,0,0,1,0,3.501,3.036,0,0,0,1,0,0,0,0,0,0,1,0,0,0,1,0,0,0,0,0,0,1,0,0,0,0,0,0,0,1,0,0,0.0,3.258096538021482,0.0,26.0,66.0,0,0,0,0,0,0,0,0,0,0,1,0,0,0,0,0,0,0,0,0,0,0,0,0,0,0,1,0,0,0,0,1,0.619,1.8505999692509885,2008,32
64,0,1,0,0,1,0,-3.355,1.022,0,0,0,1,0,0,0,0,0,0,1,0,0,0,1,0,0,0,0,0,0,1,0,0,0,0,0,0,0,1,0,0,0.0,5.293304824724492,0.0,199.0,66.0,0,0,0,0,0,0,0,0,0,0,1,0,0,0,0,0,0,0,1,0,0,0,0,0,0,0,0,0,0,0,0,1,0.619,1.8505999692509885,2008,32
64,0,1,0,0,1,0,5.852,1.639,0,0,0,0,0,0,1,0,0,0,1,0,0,0,1,0,0,0,0,0,0,1,0,0,0,0,0,0,0,1,0,0,0.0,3.9512437185814275,0.0,52.0,66.0,0,0,0,0,0,0,0,0,0,0,1,0,0,0,0,0,0,0,0,1,0,0,0,0,0,0,0,0,0,0,0,1,0.619,1.8505999692509885,2008,32
64,0,1,0,0,1,0,-0.79,0.829,0,0,0,0,0,0,1,0,0,0,1,0,0,0,1,0,0,0,0,0,0,1,0,0,0,0,0,0,0,1,0,0,0.0,4.795790545596741,0.0,121.0,66.0,0,0,0,0,0,0,0,0,0,0,1,0,0,0,0,0,0,0,0,0,0,0,0,0,0,0,1,0,0,0,0,1,0.619,1.8505999692509885,2008,32
64,0,1,0,0,1,0,-1.35,0.738,0,0,0,0,0,0,1,0,0,0,1,0,0,0,1,0,0,0,0,0,0,1,0,0,0,0,0,0,0,1,0,0,0.0,4.219507705176107,0.0,68.0,66.0,0,0,0,0,0,0,0,0,0,0,1,0,0,0,0,0,0,0,1,0,0,0,0,0,0,0,0,0,0,0,0,1,0.619,1.8505999692509885,2008,32
64,0,1,0,0,1,0,135.306,36.945,0,0,0,0,0,0,0,1,0,0,0,1,0,0,1,0,0,0,0,0,0,1,0,0,0,0,0,0,0,1,0,0,0.0,1.6094379124341003,0.0,5.0,68.0,0,0,0,0,0,0,0,0,0,0,1,0,0,0,0,0,0,0,0,1,0,0,0,0,0,0,0,0,0,0,0,1,0.619,1.8505999692509885,2008,32
64,0,1,0,0,1,0,-0.589,5.287,0,0,0,0,0,0,0,1,0,0,0,1,0,0,1,0,0,0,0,0,0,1,0,0,0,0,0,0,0,1,0,0,0.0,3.828641396489095,0.0,46.0,68.0,0,0,0,0,0,0,0,0,0,0,1,0,0,0,0,0,0,0,0,0,0,0,0,0,0,0,1,0,0,0,0,1,0.619,1.8505999692509885,2008,32
64,0,1,0,0,1,0,-3.656,0.959,0,0,0,0,0,0,0,1,0,0,0,1,0,0,1,0,0,0,0,0,0,1,0,0,0,0,0,0,0,1,0,0,0.0,5.420534999272286,0.0,226.0,68.0,0,0,0,0,0,0,0,0,0,0,1,0,0,0,0,0,0,0,1,0,0,0,0,0,0,0,0,0,0,0,0,1,0.619,1.8505999692509885,2008,32
64,0,1,0,0,1,0,2.497,1.335,0,0,0,0,0,0,0,0,1,0,1,0,0,0,1,0,0,0,0,0,0,1,0,0,0,0,0,0,0,1,0,0,0.0,4.736198448394496,0.0,114.0,68.0,0,0,0,0,0,0,0,0,0,0,1,0,0,0,0,0,0,0,0,1,0,0,0,0,0,0,0,0,0,0,0,1,0.619,1.8505999692509885,2008,32
64,0,1,0,0,1,0,96.81,74.16,0,0,0,0,0,0,0,0,1,0,1,0,0,0,1,0,0,0,0,0,0,1,0,0,0,0,0,0,0,1,0,0,0.0,1.0986122886681098,0.0,3.0,68.0,0,0,0,0,0,0,0,0,0,0,1,0,0,0,0,0,0,0,0,0,0,0,0,0,0,0,1,0,0,0,0,1,0.619,1.8505999692509885,2008,32
64,0,1,0,0,1,0,-0.659,0.922,0,0,0,0,0,0,0,0,1,0,1,0,0,0,1,0,0,0,0,0,0,1,0,0,0,0,0,0,0,1,0,0,0.0,5.5909869805108565,0.0,268.0,68.0,0,0,0,0,0,0,0,0,0,0,1,0,0,0,0,0,0,0,1,0,0,0,0,0,0,0,0,0,0,0,0,1,0.619,1.8505999692509885,2008,32
64,0,1,0,0,1,0,5.606,4.911,0,0,0,0,0,1,0,0,0,0,1,0,0,0,1,0,0,0,0,0,0,1,0,0,0,0,0,0,0,1,0,0,0.0,3.4965075614664802,0.0,33.0,68.0,0,0,0,0,0,0,0,0,0,0,1,0,0,0,0,0,0,0,0,1,0,0,0,0,0,0,0,0,0,0,0,1,0.619,1.8505999692509885,2008,32
64,0,1,0,0,1,0,-1.135,1.773,0,0,0,0,0,1,0,0,0,0,1,0,0,0,1,0,0,0,0,0,0,1,0,0,0,0,0,0,0,1,0,0,0.0,3.6109179126442243,0.0,37.0,68.0,0,0,0,0,0,0,0,0,0,0,1,0,0,0,0,0,0,0,0,0,0,0,0,0,0,0,1,0,0,0,0,1,0.619,1.8505999692509885,2008,32
64,0,1,0,0,1,0,-4.374,0.795,0,0,0,0,0,1,0,0,0,0,1,0,0,0,1,0,0,0,0,0,0,1,0,0,0,0,0,0,0,1,0,0,0.0,5.332718793265369,0.0,207.0,68.0,0,0,0,0,0,0,0,0,0,0,1,0,0,0,0,0,0,0,1,0,0,0,0,0,0,0,0,0,0,0,0,1,0.619,1.8505999692509885,2008,32
5,1,0,0,1,0,0,0.974,0.012,0,0,0,0,0,1,0,0,0,0,1,0,0,0,1,0,0,0,0,0,0,1,0,0,0,0,0,0,0,1,0,0,0.0,5.631211781821365,0.0,279.0,63.5,0,0,0,0,0,0,1,0,0,0,0,0,0,0,0,1,0,0,0,0,0,0,0,0,0,0,0,0,0,0,1,0,0.612,0.9555114450274363,1999,23
5,1,0,0,1,0,0,0.998,0.004,0,0,0,0,0,1,0,0,0,0,1,0,0,0,1,0,0,0,0,0,0,1,0,0,0,0,0,0,0,1,0,0,0.0,5.631211781821365,0.0,279.0,63.5,0,0,0,0,0,0,0,0,0,0,0,1,0,0,0,1,0,0,0,0,0,0,0,0,0,0,0,0,0,0,1,0,0.612,0.9555114450274363,1999,23
5,1,0,0,1,0,0,1.001,0.002,0,0,0,0,0,1,0,0,0,0,1,0,0,0,1,0,0,0,0,0,0,1,0,0,0,0,0,0,0,1,0,0,0.0,5.631211781821365,0.0,279.0,63.5,0,0,0,0,0,0,0,0,0,0,0,1,0,0,0,1,0,0,0,0,0,0,0,0,0,0,0,0,0,0,1,0,0.612,0.9555114450274363,1999,23
5,1,0,0,1,0,0,0.988,0.008,1,0,0,0,0,0,0,0,0,0,0,0,1,0,1,0,0,0,0,0,0,1,0,0,0,0,0,0,0,1,0,0,0.0,5.631211781821365,0.0,279.0,63.5,0,0,0,0,0,0,1,0,0,0,0,0,0,0,0,1,0,0,0,0,0,0,0,0,0,0,0,0,0,0,1,0,0.612,0.9555114450274363,1999,23
5,1,0,0,1,0,0,1.003,0.004,1,0,0,0,0,0,0,0,0,0,0,0,1,0,1,0,0,0,0,0,0,1,0,0,0,0,0,0,0,1,0,0,0.0,5.631211781821365,0.0,279.0,63.5,0,0,0,0,0,0,0,0,0,0,0,1,0,0,0,1,0,0,0,0,0,0,0,0,0,0,0,0,0,0,1,0,0.612,0.9555114450274363,1999,23
5,1,0,0,1,0,0,1.003,0.003,1,0,0,0,0,0,0,0,0,0,0,0,1,0,1,0,0,0,0,0,0,1,0,0,0,0,0,0,0,1,0,0,0.0,5.631211781821365,0.0,279.0,63.5,0,0,0,0,0,0,0,0,0,0,0,1,0,0,0,1,0,0,0,0,0,0,0,0,0,0,0,0,0,0,1,0,0.612,0.9555114450274363,1999,23
5,1,0,0,1,0,0,0.992,0.009,0,0,0,1,0,0,0,0,0,0,1,0,0,0,1,0,0,0,0,0,0,1,0,0,0,0,0,0,0,1,0,0,0.0,5.631211781821365,0.0,279.0,63.5,0,0,0,0,0,0,1,0,0,0,0,0,0,0,0,1,0,0,0,0,0,0,0,0,0,0,0,0,0,0,1,0,0.612,0.9555114450274363,1999,23
5,1,0,0,1,0,0,1.004,0.004,0,0,0,1,0,0,0,0,0,0,1,0,0,0,1,0,0,0,0,0,0,1,0,0,0,0,0,0,0,1,0,0,0.0,5.631211781821365,0.0,279.0,63.5,0,0,0,0,0,0,0,0,0,0,0,1,0,0,0,1,0,0,0,0,0,0,0,0,0,0,0,0,0,0,1,0,0.612,0.9555114450274363,1999,23
5,1,0,0,1,0,0,1.006,0.002,0,0,0,1,0,0,0,0,0,0,1,0,0,0,1,0,0,0,0,0,0,1,0,0,0,0,0,0,0,1,0,0,0.0,5.631211781821365,0.0,279.0,63.5,0,0,0,0,0,0,0,0,0,0,0,1,0,0,0,1,0,0,0,0,0,0,0,0,0,0,0,0,0,0,1,0,0.612,0.9555114450274363,1999,23
5,1,0,0,1,0,0,0.985,0.009,0,0,0,0,1,0,0,0,0,0,1,0,0,0,1,0,0,0,0,0,0,1,0,0,0,0,0,0,0,1,0,0,0.0,5.631211781821365,0.0,279.0,63.5,0,0,0,0,0,0,1,0,0,0,0,0,0,0,0,1,0,0,0,0,0,0,0,0,0,0,0,0,0,0,1,0,0.612,0.9555114450274363,1999,23
5,1,0,0,1,0,0,0.998,0.003,0,0,0,0,1,0,0,0,0,0,1,0,0,0,1,0,0,0,0,0,0,1,0,0,0,0,0,0,0,1,0,0,0.0,5.631211781821365,0.0,279.0,63.5,0,0,0,0,0,0,0,0,0,0,0,1,0,0,0,1,0,0,0,0,0,0,0,0,0,0,0,0,0,0,1,0,0.612,0.9555114450274363,1999,23
5,1,0,0,1,0,0,0.997,0.002,0,0,0,0,1,0,0,0,0,0,1,0,0,0,1,0,0,0,0,0,0,1,0,0,0,0,0,0,0,1,0,0,0.0,5.631211781821365,0.0,279.0,63.5,0,0,0,0,0,0,0,0,0,0,0,1,0,0,0,1,0,0,0,0,0,0,0,0,0,0,0,0,0,0,1,0,0.612,0.9555114450274363,1999,23
5,1,0,0,1,0,0,0.991,0.006,0,0,0,0,0,0,1,0,0,0,1,0,0,0,1,0,0,0,0,0,0,1,0,0,0,0,0,0,0,1,0,0,0.0,5.631211781821365,0.0,279.0,63.5,0,0,0,0,0,0,1,0,0,0,0,0,0,0,0,1,0,0,0,0,0,0,0,0,0,0,0,0,0,0,1,0,0.612,0.9555114450274363,1999,23
5,1,0,0,1,0,0,1.003,0.002,0,0,0,0,0,0,1,0,0,0,1,0,0,0,1,0,0,0,0,0,0,1,0,0,0,0,0,0,0,1,0,0,0.0,5.631211781821365,0.0,279.0,63.5,0,0,0,0,0,0,0,0,0,0,0,1,0,0,0,1,0,0,0,0,0,0,0,0,0,0,0,0,0,0,1,0,0.612,0.9555114450274363,1999,23
5,1,0,0,1,0,0,1.002,0.002,0,0,0,0,0,0,1,0,0,0,1,0,0,0,1,0,0,0,0,0,0,1,0,0,0,0,0,0,0,1,0,0,0.0,5.631211781821365,0.0,279.0,63.5,0,0,0,0,0,0,0,0,0,0,0,1,0,0,0,1,0,0,0,0,0,0,0,0,0,0,0,0,0,0,1,0,0.612,0.9555114450274363,1999,23
5,1,0,0,1,0,0,0.995,0.006,0,0,0,0,0,0,0,1,0,0,0,1,0,0,1,0,0,0,0,0,0,1,0,0,0,0,0,0,0,1,0,0,0.0,5.631211781821365,0.0,279.0,63.5,0,0,0,0,0,0,1,0,0,0,0,0,0,0,0,1,0,0,0,0,0,0,0,0,0,0,0,0,0,0,1,0,0.612,0.9555114450274363,1999,23
5,1,0,0,1,0,0,1.0,0.002,0,0,0,0,0,0,0,1,0,0,0,1,0,0,1,0,0,0,0,0,0,1,0,0,0,0,0,0,0,1,0,0,0.0,5.631211781821365,0.0,279.0,63.5,0,0,0,0,0,0,0,0,0,0,0,1,0,0,0,1,0,0,0,0,0,0,0,0,0,0,0,0,0,0,1,0,0.612,0.9555114450274363,1999,23
5,1,0,0,1,0,0,1.0,0.001,0,0,0,0,0,0,0,1,0,0,0,1,0,0,1,0,0,0,0,0,0,1,0,0,0,0,0,0,0,1,0,0,0.0,5.631211781821365,0.0,279.0,63.5,0,0,0,0,0,0,0,0,0,0,0,1,0,0,0,1,0,0,0,0,0,0,0,0,0,0,0,0,0,0,1,0,0.612,0.9555114450274363,1999,23
5,1,0,0,1,0,0,0.985,0.009,0,0,0,0,0,0,0,0,1,0,1,0,0,0,1,0,0,0,0,0,0,1,0,0,0,0,0,0,0,1,0,0,0.0,5.631211781821365,0.0,279.0,63.5,0,0,0,0,0,0,1,0,0,0,0,0,0,0,0,1,0,0,0,0,0,0,0,0,0,0,0,0,0,0,1,0,0.612,0.9555114450274363,1999,23
5,1,0,0,1,0,0,1.001,0.006,0,0,0,0,0,0,0,0,1,0,1,0,0,0,1,0,0,0,0,0,0,1,0,0,0,0,0,0,0,1,0,0,0.0,5.631211781821365,0.0,279.0,63.5,0,0,0,0,0,0,0,0,0,0,0,1,0,0,0,1,0,0,0,0,0,0,0,0,0,0,0,0,0,0,1,0,0.612,0.9555114450274363,1999,23
5,1,0,0,1,0,0,1.004,0.002,0,0,0,0,0,0,0,0,1,0,1,0,0,0,1,0,0,0,0,0,0,1,0,0,0,0,0,0,0,1,0,0,0.0,5.631211781821365,0.0,279.0,63.5,0,0,0,0,0,0,0,0,0,0,0,1,0,0,0,1,0,0,0,0,0,0,0,0,0,0,0,0,0,0,1,0,0.612,0.9555114450274363,1999,23
5,0,1,0,0,1,0,-1.55,0.71,0,0,0,0,0,1,0,0,0,0,1,0,0,0,1,0,0,0,0,0,0,1,0,0,0,0,0,0,0,1,0,0,0.0,5.631211781821365,0.0,279.0,63.5,0,0,0,0,0,0,1,0,0,0,0,0,0,0,0,1,0,0,0,0,0,0,0,0,0,0,0,0,0,0,1,0,0.612,0.9555114450274363,1999,23
5,0,1,0,0,1,0,-1.32,0.51,1,0,0,0,0,0,0,0,0,0,0,0,1,0,1,0,0,0,0,0,0,1,0,0,0,0,0,0,0,1,0,0,0.0,5.631211781821365,0.0,279.0,63.5,0,0,0,0,0,0,1,0,0,0,0,0,0,0,0,1,0,0,0,0,0,0,0,0,0,0,0,0,0,0,1,0,0.612,0.9555114450274363,1999,23
5,0,1,0,0,1,0,-0.73,0.72,0,0,0,1,0,0,0,0,0,0,1,0,0,0,1,0,0,0,0,0,0,1,0,0,0,0,0,0,0,1,0,0,0.0,5.631211781821365,0.0,279.0,63.5,0,0,0,0,0,0,1,0,0,0,0,0,0,0,0,1,0,0,0,0,0,0,0,0,0,0,0,0,0,0,1,0,0.612,0.9555114450274363,1999,23
5,0,1,0,0,1,0,-0.49,0.63,0,0,0,0,1,0,0,0,0,0,1,0,0,0,1,0,0,0,0,0,0,1,0,0,0,0,0,0,0,1,0,0,0.0,5.631211781821365,0.0,279.0,63.5,0,0,0,0,0,0,1,0,0,0,0,0,0,0,0,1,0,0,0,0,0,0,0,0,0,0,0,0,0,0,1,0,0.612,0.9555114450274363,1999,23
5,0,1,0,0,1,0,0.05,0.48,0,0,0,0,0,0,1,0,0,0,1,0,0,0,1,0,0,0,0,0,0,1,0,0,0,0,0,0,0,1,0,0,0.0,5.631211781821365,0.0,279.0,63.5,0,0,0,0,0,0,1,0,0,0,0,0,0,0,0,1,0,0,0,0,0,0,0,0,0,0,0,0,0,0,1,0,0.612,0.9555114450274363,1999,23
5,0,1,0,0,1,0,-1.22,0.58,0,0,0,0,0,0,0,1,0,0,0,1,0,0,1,0,0,0,0,0,0,1,0,0,0,0,0,0,0,1,0,0,0.0,5.631211781821365,0.0,279.0,63.5,0,0,0,0,0,0,1,0,0,0,0,0,0,0,0,1,0,0,0,0,0,0,0,0,0,0,0,0,0,0,1,0,0.612,0.9555114450274363,1999,23
5,0,1,0,0,1,0,-1.32,0.68,0,0,0,0,0,0,0,0,1,0,1,0,0,0,1,0,0,0,0,0,0,1,0,0,0,0,0,0,0,1,0,0,0.0,5.631211781821365,0.0,279.0,63.5,0,0,0,0,0,0,1,0,0,0,0,0,0,0,0,1,0,0,0,0,0,0,0,0,0,0,0,0,0,0,1,0,0.612,0.9555114450274363,1999,23
5,1,0,0,1,0,0,-1.65,0.71,0,0,0,0,0,1,0,0,0,0,1,0,0,0,1,0,0,0,0,0,0,1,0,0,0,0,0,0,0,1,0,0,0.0,5.631211781821365,0.0,279.0,63.5,0,0,0,0,0,1,1,0,0,0,0,0,0,0,0,1,0,0,0,0,0,0,0,0,0,0,0,0,0,0,1,0,0.612,0.9555114450274363,1999,23
5,1,0,0,1,0,0,-1.47,0.72,0,0,0,0,0,1,0,0,0,0,1,0,0,0,1,0,0,0,0,0,0,1,0,0,0,0,0,0,0,1,0,0,0.0,5.631211781821365,0.0,279.0,63.5,0,1,0,0,0,1,1,0,0,0,0,0,0,0,0,1,0,0,0,0,0,0,0,0,0,0,0,0,0,0,1,0,0.612,0.9555114450274363,1999,23
5,1,0,0,1,0,0,0.97,0.01,0,0,0,0,0,1,0,0,0,0,1,0,0,0,1,0,0,0,0,0,0,1,0,0,0,0,0,0,0,1,0,0,0.0,5.631211781821365,0.0,279.0,63.5,0,0,0,0,0,1,1,0,0,0,0,0,0,0,0,1,0,0,0,0,0,0,0,0,0,0,0,0,0,0,1,0,0.612,0.9555114450274363,1999,23
5,1,0,0,1,0,0,0.97,0.01,0,0,0,0,0,1,0,0,0,0,1,0,0,0,1,0,0,0,0,0,0,1,0,0,0,0,0,0,0,1,0,0,0.0,5.631211781821365,0.0,279.0,63.5,0,0,0,0,0,1,1,0,0,0,0,0,0,0,0,1,0,0,0,0,0,0,0,0,0,0,0,0,0,0,1,0,0.612,0.9555114450274363,1999,23
5,1,0,0,1,0,0,-1.49,0.51,1,0,0,0,0,0,0,0,0,0,0,0,1,0,1,0,0,0,0,0,0,1,0,0,0,0,0,0,0,1,0,0,0.0,5.631211781821365,0.0,279.0,63.5,0,0,0,0,0,1,1,0,0,0,0,0,0,0,0,1,0,0,0,0,0,0,0,0,0,0,0,0,0,0,1,0,0.612,0.9555114450274363,1999,23
5,1,0,0,1,0,0,-1.64,0.52,1,0,0,0,0,0,0,0,0,0,0,0,1,0,1,0,0,0,0,0,0,1,0,0,0,0,0,0,0,1,0,0,0.0,5.631211781821365,0.0,279.0,63.5,0,1,0,0,0,1,1,0,0,0,0,0,0,0,0,1,0,0,0,0,0,0,0,0,0,0,0,0,0,0,1,0,0.612,0.9555114450274363,1999,23
5,1,0,0,1,0,0,0.99,0.01,1,0,0,0,0,0,0,0,0,0,0,0,1,0,1,0,0,0,0,0,0,1,0,0,0,0,0,0,0,1,0,0,0.0,5.631211781821365,0.0,279.0,63.5,0,0,0,0,0,1,1,0,0,0,0,0,0,0,0,1,0,0,0,0,0,0,0,0,0,0,0,0,0,0,1,0,0.612,0.9555114450274363,1999,23
5,1,0,0,1,0,0,0.99,0.01,1,0,0,0,0,0,0,0,0,0,0,0,1,0,1,0,0,0,0,0,0,1,0,0,0,0,0,0,0,1,0,0,0.0,5.631211781821365,0.0,279.0,63.5,0,0,0,0,0,1,1,0,0,0,0,0,0,0,0,1,0,0,0,0,0,0,0,0,0,0,0,0,0,0,1,0,0.612,0.9555114450274363,1999,23
5,1,0,0,1,0,0,-1.43,0.79,0,0,0,1,0,0,0,0,0,0,1,0,0,0,1,0,0,0,0,0,0,1,0,0,0,0,0,0,0,1,0,0,0.0,5.631211781821365,0.0,279.0,63.5,0,0,0,0,0,1,1,0,0,0,0,0,0,0,0,1,0,0,0,0,0,0,0,0,0,0,0,0,0,0,1,0,0.612,0.9555114450274363,1999,23
5,1,0,0,1,0,0,-1.41,0.8,0,0,0,1,0,0,0,0,0,0,1,0,0,0,1,0,0,0,0,0,0,1,0,0,0,0,0,0,0,1,0,0,0.0,5.631211781821365,0.0,279.0,63.5,0,1,0,0,0,1,1,0,0,0,0,0,0,0,0,1,0,0,0,0,0,0,0,0,0,0,0,0,0,0,1,0,0.612,0.9555114450274363,1999,23
5,1,0,0,1,0,0,0.99,0.01,0,0,0,1,0,0,0,0,0,0,1,0,0,0,1,0,0,0,0,0,0,1,0,0,0,0,0,0,0,1,0,0,0.0,5.631211781821365,0.0,279.0,63.5,0,0,0,0,0,1,1,0,0,0,0,0,0,0,0,1,0,0,0,0,0,0,0,0,0,0,0,0,0,0,1,0,0.612,0.9555114450274363,1999,23
5,1,0,0,1,0,0,-0.36,0.64,0,0,0,0,1,0,0,0,0,0,1,0,0,0,1,0,0,0,0,0,0,1,0,0,0,0,0,0,0,1,0,0,0.0,5.631211781821365,0.0,279.0,63.5,0,0,0,0,0,1,1,0,0,0,0,0,0,0,0,1,0,0,0,0,0,0,0,0,0,0,0,0,0,0,1,0,0.612,0.9555114450274363,1999,23
5,1,0,0,1,0,0,-0.37,0.66,0,0,0,0,1,0,0,0,0,0,1,0,0,0,1,0,0,0,0,0,0,1,0,0,0,0,0,0,0,1,0,0,0.0,5.631211781821365,0.0,279.0,63.5,0,1,0,0,0,1,1,0,0,0,0,0,0,0,0,1,0,0,0,0,0,0,0,0,0,0,0,0,0,0,1,0,0.612,0.9555114450274363,1999,23
5,1,0,0,1,0,0,0.98,0.01,0,0,0,0,1,0,0,0,0,0,1,0,0,0,1,0,0,0,0,0,0,1,0,0,0,0,0,0,0,1,0,0,0.0,5.631211781821365,0.0,279.0,63.5,0,0,0,0,0,1,1,0,0,0,0,0,0,0,0,1,0,0,0,0,0,0,0,0,0,0,0,0,0,0,1,0,0.612,0.9555114450274363,1999,23
5,1,0,0,1,0,0,0.98,0.01,0,0,0,0,1,0,0,0,0,0,1,0,0,0,1,0,0,0,0,0,0,1,0,0,0,0,0,0,0,1,0,0,0.0,5.631211781821365,0.0,279.0,63.5,0,0,0,0,0,1,1,0,0,0,0,0,0,0,0,1,0,0,0,0,0,0,0,0,0,0,0,0,0,0,1,0,0.612,0.9555114450274363,1999,23
5,1,0,0,1,0,0,-0.13,0.49,0,0,0,0,0,0,1,0,0,0,1,0,0,0,1,0,0,0,0,0,0,1,0,0,0,0,0,0,0,1,0,0,0.0,5.631211781821365,0.0,279.0,63.5,0,0,0,0,0,1,1,0,0,0,0,0,0,0,0,1,0,0,0,0,0,0,0,0,0,0,0,0,0,0,1,0,0.612,0.9555114450274363,1999,23
5,1,0,0,1,0,0,-0.08,0.49,0,0,0,0,0,0,1,0,0,0,1,0,0,0,1,0,0,0,0,0,0,1,0,0,0,0,0,0,0,1,0,0,0.0,5.631211781821365,0.0,279.0,63.5,0,1,0,0,0,1,1,0,0,0,0,0,0,0,0,1,0,0,0,0,0,0,0,0,0,0,0,0,0,0,1,0,0.612,0.9555114450274363,1999,23
5,1,0,0,1,0,0,0.99,0.01,0,0,0,0,0,0,1,0,0,0,1,0,0,0,1,0,0,0,0,0,0,1,0,0,0,0,0,0,0,1,0,0,0.0,5.631211781821365,0.0,279.0,63.5,0,0,0,0,0,1,1,0,0,0,0,0,0,0,0,1,0,0,0,0,0,0,0,0,0,0,0,0,0,0,1,0,0.612,0.9555114450274363,1999,23
5,1,0,0,1,0,0,0.99,0.01,0,0,0,0,0,0,1,0,0,0,1,0,0,0,1,0,0,0,0,0,0,1,0,0,0,0,0,0,0,1,0,0,0.0,5.631211781821365,0.0,279.0,63.5,0,0,0,0,0,1,1,0,0,0,0,0,0,0,0,1,0,0,0,0,0,0,0,0,0,0,0,0,0,0,1,0,0.612,0.9555114450274363,1999,23
5,1,0,0,1,0,0,-1.2,0.58,0,0,0,0,0,0,0,1,0,0,0,1,0,0,1,0,0,0,0,0,0,1,0,0,0,0,0,0,0,1,0,0,0.0,5.631211781821365,0.0,279.0,63.5,0,0,0,0,0,1,1,0,0,0,0,0,0,0,0,1,0,0,0,0,0,0,0,0,0,0,0,0,0,0,1,0,0.612,0.9555114450274363,1999,23
5,1,0,0,1,0,0,-1.03,0.6,0,0,0,0,0,0,0,1,0,0,0,1,0,0,1,0,0,0,0,0,0,1,0,0,0,0,0,0,0,1,0,0,0.0,5.631211781821365,0.0,279.0,63.5,0,1,0,0,0,1,1,0,0,0,0,0,0,0,0,1,0,0,0,0,0,0,0,0,0,0,0,0,0,0,1,0,0.612,0.9555114450274363,1999,23
5,1,0,0,1,0,0,0.99,0.01,0,0,0,0,0,0,0,1,0,0,0,1,0,0,1,0,0,0,0,0,0,1,0,0,0,0,0,0,0,1,0,0,0.0,5.631211781821365,0.0,279.0,63.5,0,0,0,0,0,1,1,0,0,0,0,0,0,0,0,1,0,0,0,0,0,0,0,0,0,0,0,0,0,0,1,0,0.612,0.9555114450274363,1999,23
5,1,0,0,1,0,0,1.0,0.01,0,0,0,0,0,0,0,1,0,0,0,1,0,0,1,0,0,0,0,0,0,1,0,0,0,0,0,0,0,1,0,0,0.0,5.631211781821365,0.0,279.0,63.5,0,0,0,0,0,1,1,0,0,0,0,0,0,0,0,1,0,0,0,0,0,0,0,0,0,0,0,0,0,0,1,0,0.612,0.9555114450274363,1999,23
5,1,0,0,1,0,0,-1.88,0.7,0,0,0,0,0,0,0,0,1,0,1,0,0,0,1,0,0,0,0,0,0,1,0,0,0,0,0,0,0,1,0,0,0.0,5.631211781821365,0.0,279.0,63.5,0,0,0,0,0,1,1,0,0,0,0,0,0,0,0,1,0,0,0,0,0,0,0,0,0,0,0,0,0,0,1,0,0.612,0.9555114450274363,1999,23
5,1,0,0,1,0,0,-1.81,0.72,0,0,0,0,0,0,0,0,1,0,1,0,0,0,1,0,0,0,0,0,0,1,0,0,0,0,0,0,0,1,0,0,0.0,5.631211781821365,0.0,279.0,63.5,0,1,0,0,0,1,1,0,0,0,0,0,0,0,0,1,0,0,0,0,0,0,0,0,0,0,0,0,0,0,1,0,0.612,0.9555114450274363,1999,23
5,1,0,0,1,0,0,0.99,0.01,0,0,0,0,0,0,0,0,1,0,1,0,0,0,1,0,0,0,0,0,0,1,0,0,0,0,0,0,0,1,0,0,0.0,5.631211781821365,0.0,279.0,63.5,0,0,0,0,0,1,1,0,0,0,0,0,0,0,0,1,0,0,0,0,0,0,0,0,0,0,0,0,0,0,1,0,0.612,0.9555114450274363,1999,23
5,1,0,0,1,0,0,0.97,0.27,0,0,0,0,0,0,0,0,1,0,1,0,0,0,1,0,0,0,0,0,0,1,0,0,0,0,0,0,0,1,0,0,0.0,5.631211781821365,0.0,279.0,63.5,0,0,0,0,0,1,1,0,0,0,0,0,0,0,0,1,0,0,0,0,0,0,0,0,0,0,0,0,0,0,1,0,0.612,0.9555114450274363,1999,23
6,1,0,0,1,0,0,0.998,0.001,0,0,0,0,0,1,0,0,0,0,1,0,0,0,1,0,0,0,0,0,0,1,0,0,0,0,0,1,0,0,0,0,0.0,5.181783550292085,0.0,178.0,61.0,1,0,0,0,0,0,0,0,0,0,0,0,1,0,0,1,0,0,0,0,0,0,0,0,0,0,0,0,0,0,1,0,0.612,1.9760631872260008,1991,15
6,1,0,0,1,0,0,0.975,0.011,0,0,0,1,0,0,0,0,0,0,1,0,0,0,1,0,0,0,0,0,0,1,0,0,0,0,0,1,0,0,0,0,0.0,5.181783550292085,0.0,178.0,61.0,1,0,0,0,0,0,0,0,0,0,0,0,1,0,0,1,0,0,0,0,0,0,0,0,0,0,0,0,0,0,1,0,0.612,1.9760631872260008,1991,15
6,1,0,0,1,0,0,0.991,0.009,0,0,0,0,0,0,0,1,0,0,0,1,0,0,1,0,0,0,0,0,0,1,0,0,0,0,0,1,0,0,0,0,0.0,5.181783550292085,0.0,178.0,61.0,1,0,0,0,0,0,0,0,0,0,0,0,1,0,0,1,0,0,0,0,0,0,0,0,0,0,0,0,0,0,1,0,0.612,1.9760631872260008,1991,15
6,1,0,0,1,0,0,0.987,0.009,1,0,0,0,0,0,0,0,0,0,0,0,1,0,1,0,0,0,0,0,0,1,0,0,0,0,0,1,0,0,0,0,0.0,5.181783550292085,0.0,178.0,61.0,1,0,0,0,0,0,0,0,0,0,0,0,1,0,0,1,0,0,0,0,0,0,0,0,0,0,0,0,0,0,1,0,0.612,1.9760631872260008,1991,15
6,0,0,1,0,0,1,-1.65,0.65,0,0,0,0,0,1,0,0,0,0,1,0,0,0,1,0,0,0,0,0,0,1,0,0,0,0,0,1,0,0,0,0,0.0,5.181783550292085,0.0,178.0,61.0,1,0,0,0,0,0,0,0,0,0,0,0,1,0,0,1,0,0,0,0,0,0,0,0,0,0,0,0,0,0,1,0,0.612,1.9760631872260008,1991,15
6,0,0,1,0,0,1,-3.63,1.12,0,0,0,1,0,0,0,0,0,0,1,0,0,0,1,0,0,0,0,0,0,1,0,0,0,0,0,1,0,0,0,0,0.0,5.181783550292085,0.0,178.0,61.0,1,0,0,0,0,0,0,0,0,0,0,0,1,0,0,1,0,0,0,0,0,0,0,0,0,0,0,0,0,0,1,0,0.612,1.9760631872260008,1991,15
6,0,0,1,0,0,1,-0.586,0.497,0,0,0,0,0,0,0,1,0,0,0,1,0,0,1,0,0,0,0,0,0,1,0,0,0,0,0,1,0,0,0,0,0.0,5.181783550292085,0.0,178.0,61.0,1,0,0,0,0,0,0,0,0,0,0,0,1,0,0,1,0,0,0,0,0,0,0,0,0,0,0,0,0,0,1,0,0.612,1.9760631872260008,1991,15
6,0,0,1,0,0,1,-2.02,0.656,1,0,0,0,0,0,0,0,0,0,0,0,1,0,1,0,0,0,0,0,0,1,0,0,0,0,0,1,0,0,0,0,0.0,5.181783550292085,0.0,178.0,61.0,1,0,0,0,0,0,0,0,0,0,0,0,1,0,0,1,0,0,0,0,0,0,0,0,0,0,0,0,0,0,1,0,0.612,1.9760631872260008,1991,15
6,1,0,0,1,0,0,-1.58,0.653,0,0,0,0,0,1,0,0,0,0,1,0,0,0,1,0,0,0,0,0,0,1,0,0,0,0,0,1,0,0,0,0,0.0,5.181783550292085,0.0,178.0,61.0,1,0,0,0,0,1,0,0,0,0,0,0,1,0,0,1,0,0,0,0,0,0,0,0,0,0,0,0,0,0,1,0,0.612,1.9760631872260008,1991,15
6,1,0,0,1,0,0,-3.22,1.15,0,0,0,1,0,0,0,0,0,0,1,0,0,0,1,0,0,0,0,0,0,1,0,0,0,0,0,1,0,0,0,0,0.0,5.181783550292085,0.0,178.0,61.0,1,0,0,0,0,1,0,0,0,0,0,0,1,0,0,1,0,0,0,0,0,0,0,0,0,0,0,0,0,0,1,0,0.612,1.9760631872260008,1991,15
6,1,0,0,1,0,0,-0.558,0.508,0,0,0,0,0,0,0,1,0,0,0,1,0,0,1,0,0,0,0,0,0,1,0,0,0,0,0,1,0,0,0,0,0.0,5.181783550292085,0.0,178.0,61.0,1,0,0,0,0,1,0,0,0,0,0,0,1,0,0,1,0,0,0,0,0,0,0,0,0,0,0,0,0,0,1,0,0.612,1.9760631872260008,1991,15
6,1,0,0,1,0,0,-2.04,0.655,1,0,0,0,0,0,0,0,0,0,0,0,1,0,1,0,0,0,0,0,0,1,0,0,0,0,0,1,0,0,0,0,0.0,5.181783550292085,0.0,178.0,61.0,1,0,0,0,0,1,0,0,0,0,0,0,1,0,0,1,0,0,0,0,0,0,0,0,0,0,0,0,0,0,1,0,0.612,1.9760631872260008,1991,15
6,0,0,1,0,0,1,-2.39,0.725,0,0,0,0,0,1,0,0,0,0,1,0,0,0,1,0,0,0,0,0,0,1,0,0,0,0,0,1,0,0,0,0,0.0,5.10594547390058,0.0,165.0,61.0,1,0,0,0,0,0,0,0,0,1,0,0,0,0,0,1,0,0,0,0,0,0,0,0,0,0,0,0,0,0,1,0,0.612,1.9760631872260008,1991,15
6,0,0,1,0,0,1,-4.23,1.24,0,0,0,1,0,0,0,0,0,0,1,0,0,0,1,0,0,0,0,0,0,1,0,0,0,0,0,1,0,0,0,0,0.0,5.10594547390058,0.0,165.0,61.0,1,0,0,0,0,0,0,0,0,1,0,0,0,0,0,1,0,0,0,0,0,0,0,0,0,0,0,0,0,0,1,0,0.612,1.9760631872260008,1991,15
6,0,0,1,0,0,1,-2.42,0.767,0,0,0,0,0,0,0,1,0,0,0,1,0,0,1,0,0,0,0,0,0,1,0,0,0,0,0,1,0,0,0,0,0.0,5.10594547390058,0.0,165.0,61.0,1,0,0,0,0,0,0,0,0,1,0,0,0,0,0,1,0,0,0,0,0,0,0,0,0,0,0,0,0,0,1,0,0.612,1.9760631872260008,1991,15
6,0,0,1,0,0,1,-2.34,0.678,1,0,0,0,0,0,0,0,0,0,0,0,1,0,1,0,0,0,0,0,0,1,0,0,0,0,0,1,0,0,0,0,0.0,5.10594547390058,0.0,165.0,61.0,1,0,0,0,0,0,0,0,0,1,0,0,0,0,0,1,0,0,0,0,0,0,0,0,0,0,0,0,0,0,1,0,0.612,1.9760631872260008,1991,15
6,0,0,1,0,0,1,2.5448,1.6992,0,0,0,0,0,1,0,0,0,0,1,0,0,0,1,0,0,0,0,0,0,1,0,0,0,0,0,1,0,0,0,0,0.0,5.10594547390058,0.0,165.0,61.0,1,0,0,0,0,0,0,0,0,1,0,0,0,0,0,1,0,0,0,0,0,0,0,0,0,0,0,0,0,0,1,0,0.612,1.9760631872260008,1991,15
6,0,0,1,0,0,1,5.3226,3.4142,0,0,0,1,0,0,0,0,0,0,1,0,0,0,1,0,0,0,0,0,0,1,0,0,0,0,0,1,0,0,0,0,0.0,5.10594547390058,0.0,165.0,61.0,1,0,0,0,0,0,0,0,0,1,0,0,0,0,0,1,0,0,0,0,0,0,0,0,0,0,0,0,0,0,1,0,0.612,1.9760631872260008,1991,15
6,0,0,1,0,0,1,1.599,2.1237,0,0,0,0,0,0,0,1,0,0,0,1,0,0,1,0,0,0,0,0,0,1,0,0,0,0,0,1,0,0,0,0,0.0,5.10594547390058,0.0,165.0,61.0,1,0,0,0,0,0,0,0,0,1,0,0,0,0,0,1,0,0,0,0,0,0,0,0,0,0,0,0,0,0,1,0,0.612,1.9760631872260008,1991,15
6,0,0,1,0,0,1,-0.5856,1.6388,1,0,0,0,0,0,0,0,0,0,0,0,1,0,1,0,0,0,0,0,0,1,0,0,0,0,0,1,0,0,0,0,0.0,5.10594547390058,0.0,165.0,61.0,1,0,0,0,0,0,0,0,0,1,0,0,0,0,0,1,0,0,0,0,0,0,0,0,0,0,0,0,0,0,1,0,0.612,1.9760631872260008,1991,15
6,0,0,1,0,0,1,-2.16,0.73,0,0,0,0,0,1,0,0,0,0,1,0,0,0,1,0,0,0,0,0,0,1,0,0,0,0,0,1,0,0,0,0,0.0,5.10594547390058,0.0,165.0,61.0,1,0,0,0,0,1,0,0,0,1,0,0,0,0,0,1,0,0,0,0,0,0,0,0,0,0,0,0,0,0,1,0,0.612,1.9760631872260008,1991,15
6,0,0,1,0,0,1,-3.53,1.13,0,0,0,1,0,0,0,0,0,0,1,0,0,0,1,0,0,0,0,0,0,1,0,0,0,0,0,1,0,0,0,0,0.0,5.10594547390058,0.0,165.0,61.0,1,0,0,0,0,1,0,0,0,1,0,0,0,0,0,1,0,0,0,0,0,0,0,0,0,0,0,0,0,0,1,0,0.612,1.9760631872260008,1991,15
6,0,0,1,0,0,1,-1.95,0.74,0,0,0,0,0,0,0,1,0,0,0,1,0,0,1,0,0,0,0,0,0,1,0,0,0,0,0,1,0,0,0,0,0.0,5.10594547390058,0.0,165.0,61.0,1,0,0,0,0,1,0,0,0,1,0,0,0,0,0,1,0,0,0,0,0,0,0,0,0,0,0,0,0,0,1,0,0.612,1.9760631872260008,1991,15
6,0,0,1,0,0,1,-2.13,0.65,1,0,0,0,0,0,0,0,0,0,0,0,1,0,1,0,0,0,0,0,0,1,0,0,0,0,0,1,0,0,0,0,0.0,5.10594547390058,0.0,165.0,61.0,1,0,0,0,0,1,0,0,0,1,0,0,0,0,0,1,0,0,0,0,0,0,0,0,0,0,0,0,0,0,1,0,0.612,1.9760631872260008,1991,15
7,0,1,0,0,1,0,-3.015,1.243,0,0,0,1,0,0,0,0,0,0,1,0,0,0,1,0,0,0,0,0,0,1,0,0,0,0,0,0,1,0,0,0,1.3862943611198906,6.661854740545311,0.0,782.0,60.0,1,0,0,0,0,0,1,0,0,0,0,0,0,0,0,1,0,0,0,0,0,0,0,0,0,0,0,0,0,1,0,0,0.573,2.429846872604973,1991,15
7,0,1,0,0,1,0,-2.021,0.703,0,0,0,0,0,1,0,0,0,0,1,0,0,0,1,0,0,0,0,0,0,1,0,0,0,0,0,0,1,0,0,0,1.3862943611198906,6.661854740545311,0.0,782.0,60.0,1,0,0,0,0,0,1,0,0,0,0,0,0,0,0,1,0,0,0,0,0,0,0,0,0,0,0,0,0,1,0,0,0.573,2.429846872604973,1991,15
7,0,1,0,0,1,0,-2.098,0.631,0,0,0,0,0,0,0,1,0,0,0,1,0,0,1,0,0,0,0,0,0,1,0,0,0,0,0,0,1,0,0,0,1.3862943611198906,6.661854740545311,0.0,782.0,60.0,1,0,0,0,0,0,1,0,0,0,0,0,0,0,0,1,0,0,0,0,0,0,0,0,0,0,0,0,0,1,0,0,0.573,2.429846872604973,1991,15
7,0,1,0,0,1,0,-2.894,1.142,0,0,0,1,0,0,0,0,0,0,1,0,0,0,1,0,0,0,0,0,0,1,0,0,0,0,0,0,1,0,0,0,1.3862943611198906,6.661854740545311,0.0,782.0,60.0,1,0,0,0,0,0,1,0,0,0,0,0,0,0,0,1,0,0,0,0,0,0,0,0,0,0,0,0,0,1,0,0,0.573,2.429846872604973,1991,15
7,0,1,0,0,1,0,-1.878,0.632,0,0,0,0,0,1,0,0,0,0,1,0,0,0,1,0,0,0,0,0,0,1,0,0,0,0,0,0,1,0,0,0,1.3862943611198906,6.661854740545311,0.0,782.0,60.0,1,0,0,0,0,0,1,0,0,0,0,0,0,0,0,1,0,0,0,0,0,0,0,0,0,0,0,0,0,1,0,0,0.573,2.429846872604973,1991,15
7,0,1,0,0,1,0,-1.884,0.573,0,0,0,0,0,0,0,1,0,0,0,1,0,0,1,0,0,0,0,0,0,1,0,0,0,0,0,0,1,0,0,0,1.3862943611198906,6.661854740545311,0.0,782.0,60.0,1,0,0,0,0,0,1,0,0,0,0,0,0,0,0,1,0,0,0,0,0,0,0,0,0,0,0,0,0,1,0,0,0.573,2.429846872604973,1991,15
7,0,1,0,0,1,0,1.04,1.313,0,0,0,1,0,0,0,0,0,0,1,0,0,0,1,0,0,0,0,0,0,1,0,0,0,0,0,0,1,0,0,0,1.3862943611198906,5.556828061699537,0.0,259.0,55.5,1,0,0,0,0,0,1,0,0,0,0,0,0,0,0,1,0,0,0,0,0,0,0,0,0,0,0,0,0,1,0,0,0.573,2.429846872604973,1991,15
7,0,1,0,0,1,0,1.623,1.162,0,0,0,0,0,1,0,0,0,0,1,0,0,0,1,0,0,0,0,0,0,1,0,0,0,0,0,0,1,0,0,0,1.3862943611198906,5.556828061699537,0.0,259.0,55.5,1,0,0,0,0,0,1,0,0,0,0,0,0,0,0,1,0,0,0,0,0,0,0,0,0,0,0,0,0,1,0,0,0.573,2.429846872604973,1991,15
7,0,1,0,0,1,0,-1.044,0.907,0,0,0,0,0,0,0,1,0,0,0,1,0,0,1,0,0,0,0,0,0,1,0,0,0,0,0,0,1,0,0,0,1.3862943611198906,5.556828061699537,0.0,259.0,55.5,1,0,0,0,0,0,1,0,0,0,0,0,0,0,0,1,0,0,0,0,0,0,0,0,0,0,0,0,0,1,0,0,0.573,2.429846872604973,1991,15
7,0,1,0,0,1,0,0.896,0.551,0,0,0,1,0,0,0,0,0,0,1,0,0,0,1,0,0,0,0,0,0,1,0,0,0,0,0,0,1,0,0,0,1.3862943611198906,5.556828061699537,0.0,259.0,55.5,1,0,0,0,0,0,0,0,0,0,0,0,1,0,0,1,0,0,0,0,0,0,0,0,0,0,0,0,0,1,0,0,0.573,2.429846872604973,1991,15
7,0,1,0,0,1,0,0.896,0.551,0,0,0,0,0,1,0,0,0,0,1,0,0,0,1,0,0,0,0,0,0,1,0,0,0,0,0,0,1,0,0,0,1.3862943611198906,5.556828061699537,0.0,259.0,55.5,1,0,0,0,0,0,0,0,0,0,0,0,1,0,0,1,0,0,0,0,0,0,0,0,0,0,0,0,0,1,0,0,0.573,2.429846872604973,1991,15
7,0,1,0,0,1,0,0.896,0.551,0,0,0,0,0,0,0,1,0,0,0,1,0,0,1,0,0,0,0,0,0,1,0,0,0,0,0,0,1,0,0,0,1.3862943611198906,5.556828061699537,0.0,259.0,55.5,1,0,0,0,0,0,0,0,0,0,0,0,1,0,0,1,0,0,0,0,0,0,0,0,0,0,0,0,0,1,0,0,0.573,2.429846872604973,1991,15
7,0,1,0,0,1,0,-4.941,1.827,0,0,0,1,0,0,0,0,0,0,1,0,0,0,1,0,0,0,0,0,0,1,0,0,0,0,0,0,1,0,0,0,1.3862943611198906,6.244166900663736,1.0986122886681098,1545.0,62.5,1,0,0,0,0,0,1,0,0,0,0,0,0,0,0,1,0,0,0,0,0,0,0,0,0,0,0,0,0,1,0,0,0.573,2.429846872604973,1991,15
7,0,1,0,0,1,0,-4.113,0.921,0,0,0,0,0,1,0,0,0,0,1,0,0,0,1,0,0,0,0,0,0,1,0,0,0,0,0,0,1,0,0,0,1.3862943611198906,6.244166900663736,1.0986122886681098,1545.0,62.5,1,0,0,0,0,0,1,0,0,0,0,0,0,0,0,1,0,0,0,0,0,0,0,0,0,0,0,0,0,1,0,0,0.573,2.429846872604973,1991,15
7,0,1,0,0,1,0,-3.007,1.044,0,0,0,0,0,0,0,1,0,0,0,1,0,0,1,0,0,0,0,0,0,1,0,0,0,0,0,0,1,0,0,0,1.3862943611198906,6.244166900663736,1.0986122886681098,1545.0,62.5,1,0,0,0,0,0,1,0,0,0,0,0,0,0,0,1,0,0,0,0,0,0,0,0,0,0,0,0,0,1,0,0,0.573,2.429846872604973,1991,15
7,0,1,0,0,1,0,-4.601,0.594,0,0,0,1,0,0,0,0,0,0,1,0,0,0,1,0,0,0,0,0,0,1,0,0,0,0,0,0,1,0,0,0,1.3862943611198906,6.244166900663736,1.0986122886681098,1545.0,62.5,1,0,0,0,0,0,0,0,0,0,0,0,1,0,0,1,0,0,0,0,0,0,0,0,0,0,0,0,0,1,0,0,0.573,2.429846872604973,1991,15
7,0,1,0,0,1,0,-4.601,0.594,0,0,0,0,0,1,0,0,0,0,1,0,0,0,1,0,0,0,0,0,0,1,0,0,0,0,0,0,1,0,0,0,1.3862943611198906,6.244166900663736,1.0986122886681098,1545.0,62.5,1,0,0,0,0,0,0,0,0,0,0,0,1,0,0,1,0,0,0,0,0,0,0,0,0,0,0,0,0,1,0,0,0.573,2.429846872604973,1991,15
7,0,1,0,0,1,0,-4.601,0.594,0,0,0,0,0,0,0,1,0,0,0,1,0,0,1,0,0,0,0,0,0,1,0,0,0,0,0,0,1,0,0,0,1.3862943611198906,6.244166900663736,1.0986122886681098,1545.0,62.5,1,0,0,0,0,0,0,0,0,0,0,0,1,0,0,1,0,0,0,0,0,0,0,0,0,0,0,0,0,1,0,0,0.573,2.429846872604973,1991,15
7,0,1,0,0,1,0,-4.113,2.306,0,0,0,1,0,0,0,0,0,0,1,0,0,0,1,0,0,0,0,0,0,1,0,0,0,0,0,0,1,0,0,0,1.3862943611198906,6.661854740545311,0.0,782.0,60.0,1,0,0,0,0,0,0,0,0,0,1,0,0,0,0,1,0,0,0,0,0,0,0,0,0,0,0,0,0,1,0,0,0.573,2.429846872604973,1991,15
7,0,1,0,0,1,0,-2.237,3.138,0,0,0,1,0,0,0,0,0,0,1,0,0,0,1,0,0,0,0,0,0,1,0,0,0,0,0,0,1,0,0,0,1.3862943611198906,6.661854740545311,0.0,782.0,60.0,1,0,0,0,0,0,0,0,0,0,1,0,0,0,0,1,0,0,0,0,0,0,0,0,0,0,0,0,0,1,0,0,0.573,2.429846872604973,1991,15
7,0,1,0,0,1,0,-7.906,2.809,0,0,0,0,0,1,0,0,0,0,1,0,0,0,1,0,0,0,0,0,0,1,0,0,0,0,0,0,1,0,0,0,1.3862943611198906,6.661854740545311,0.0,782.0,60.0,1,0,0,0,0,0,0,0,0,0,1,0,0,0,0,1,0,0,0,0,0,0,0,0,0,0,0,0,0,1,0,0,0.573,2.429846872604973,1991,15
7,0,1,0,0,1,0,-0.911,0.988,0,0,0,0,0,1,0,0,0,0,1,0,0,0,1,0,0,0,0,0,0,1,0,0,0,0,0,0,1,0,0,0,1.3862943611198906,6.661854740545311,0.0,782.0,60.0,1,0,0,0,0,0,0,0,0,0,1,0,0,0,0,1,0,0,0,0,0,0,0,0,0,0,0,0,0,1,0,0,0.573,2.429846872604973,1991,15
7,0,1,0,0,1,0,-11.386,3.766,0,0,0,0,0,0,0,1,0,0,0,1,0,0,1,0,0,0,0,0,0,1,0,0,0,0,0,0,1,0,0,0,1.3862943611198906,6.661854740545311,0.0,782.0,60.0,1,0,0,0,0,0,0,0,0,0,1,0,0,0,0,1,0,0,0,0,0,0,0,0,0,0,0,0,0,1,0,0,0.573,2.429846872604973,1991,15
7,0,1,0,0,1,0,-1.373,1.143,0,0,0,0,0,0,0,1,0,0,0,1,0,0,1,0,0,0,0,0,0,1,0,0,0,0,0,0,1,0,0,0,1.3862943611198906,6.661854740545311,0.0,782.0,60.0,1,0,0,0,0,0,0,0,0,0,1,0,0,0,0,1,0,0,0,0,0,0,0,0,0,0,0,0,0,1,0,0,0.573,2.429846872604973,1991,15
9,0,1,0,0,1,0,-0.389,0.55,1,0,0,0,0,0,0,0,0,0,0,0,1,0,1,0,0,0,0,0,0,1,0,0,0,0,0,0,0,1,0,0,0.0,4.941642422609304,0.0,140.0,53.5,0,0,0,0,0,0,1,0,0,0,0,0,0,0,0,1,0,0,0,0,0,0,0,0,0,0,0,0,0,0,0,1,0.573,1.540445040947149,1986,10
9,0,1,0,0,1,0,-1.8376,0.8756,0,0,0,0,1,0,0,0,0,0,1,0,0,0,1,0,0,0,0,0,0,1,0,0,0,0,0,0,0,1,0,0,0.0,4.624972813284271,0.0,102.0,55.0,0,0,0,0,0,0,1,0,0,0,0,0,0,0,0,1,0,0,0,0,0,0,0,0,0,0,0,0,0,0,0,1,0.573,1.540445040947149,1986,10
9,0,1,0,0,1,0,-0.5333,1.4169,0,0,0,1,0,0,0,0,0,0,1,0,0,0,1,0,0,0,0,0,0,1,0,0,0,0,0,0,0,1,0,0,0.0,4.634728988229636,0.0,103.0,55.0,0,0,0,0,0,0,1,0,0,0,0,0,0,0,0,1,0,0,0,0,0,0,0,0,0,0,0,0,0,0,0,1,0.573,1.540445040947149,1986,10
9,0,1,0,0,1,0,-0.4786,0.4716,0,0,0,0,0,0,1,0,0,0,1,0,0,0,1,0,0,0,0,0,0,1,0,0,0,0,0,0,0,1,0,0,0.0,4.6443908991413725,0.0,104.0,55.0,0,0,0,0,0,0,1,0,0,0,0,0,0,0,0,1,0,0,0,0,0,0,0,0,0,0,0,0,0,0,0,1,0.573,1.540445040947149,1986,10
9,0,1,0,0,1,0,0.4803,0.4174,0,0,0,0,0,0,0,1,0,0,0,1,0,0,1,0,0,0,0,0,0,1,0,0,0,0,0,0,0,1,0,0,0.0,4.6443908991413725,0.0,104.0,55.0,0,0,0,0,0,0,1,0,0,0,0,0,0,0,0,1,0,0,0,0,0,0,0,0,0,0,0,0,0,0,0,1,0.573,1.540445040947149,1986,10
9,0,1,0,0,1,0,-1.533,0.8434,0,0,0,0,0,1,0,0,0,0,1,0,0,0,1,0,0,0,0,0,0,1,0,0,0,0,0,0,0,1,0,0,0.0,4.6443908991413725,0.0,104.0,55.0,0,0,0,0,0,0,1,0,0,0,0,0,0,0,0,1,0,0,0,0,0,0,0,0,0,0,0,0,0,0,0,1,0.573,1.540445040947149,1986,10
9,0,1,0,0,1,0,-0.644,1.15,1,0,0,0,0,0,0,0,0,0,0,0,1,0,1,0,0,0,0,0,0,1,0,0,0,0,0,0,0,1,0,0,0.0,5.170483995038151,0.0,176.0,55.0,0,0,0,0,0,0,1,0,0,0,0,0,0,0,0,1,0,0,0,0,0,0,0,0,0,0,0,0,0,0,0,1,0.573,1.540445040947149,1986,10
9,0,1,0,0,1,0,-0.74,1.29,1,0,0,0,0,0,0,0,0,0,0,0,1,0,1,0,0,0,0,0,0,1,0,0,0,0,0,0,0,1,0,0,0.0,5.099866427824199,0.0,164.0,55.5,0,0,0,0,0,0,1,0,0,0,0,0,0,0,0,1,0,0,0,0,0,0,0,0,0,0,0,0,0,0,0,1,0.573,1.540445040947149,1986,10
9,0,1,0,0,1,0,-0.526,0.471,1,0,0,0,0,0,0,0,0,0,0,0,1,0,1,0,0,0,0,0,0,1,0,0,0,0,0,0,0,1,0,0,0.0,3.4011973816621555,0.0,30.0,49.0,0,0,0,0,0,0,1,0,0,0,0,0,0,0,0,1,0,0,0,0,0,0,0,0,0,0,0,0,0,0,0,1,0.573,1.540445040947149,1986,10
9,0,1,0,0,1,0,-1.02,0.722,1,0,0,0,0,0,0,0,0,0,0,0,1,0,1,0,0,0,0,0,0,1,0,0,0,0,0,0,0,1,0,0,0.0,3.1780538303479458,0.0,24.0,51.5,0,0,0,0,0,0,1,0,0,0,0,0,0,0,0,1,0,0,0,0,0,0,0,0,0,0,0,0,0,0,0,1,0.573,1.540445040947149,1986,10
9,0,1,0,0,1,0,-1.31,0.581,1,0,0,0,0,0,0,0,0,0,0,0,1,0,1,0,0,0,0,0,0,1,0,0,0,0,0,0,0,1,0,0,0.0,3.1780538303479458,0.0,24.0,53.5,0,0,0,0,0,0,1,0,0,0,0,0,0,0,0,1,0,0,0,0,0,0,0,0,0,0,0,0,0,0,0,1,0.573,1.540445040947149,1986,10
9,0,1,0,0,1,0,0.51,0.218,1,0,0,0,0,0,0,0,0,0,0,0,1,0,1,0,0,0,0,0,0,1,0,0,0,0,0,0,0,1,0,0,0.0,3.1780538303479458,0.0,24.0,55.5,0,0,0,0,0,0,1,0,0,0,0,0,0,0,0,1,0,0,0,0,0,0,0,0,0,0,0,0,0,0,0,1,0.573,1.540445040947149,1986,10
9,0,1,0,0,1,0,-2.55,1.41,1,0,0,0,0,0,0,0,0,0,0,0,1,0,1,0,0,0,0,0,0,1,0,0,0,0,0,0,0,1,0,0,0.0,3.1780538303479458,0.0,24.0,57.5,0,0,0,0,0,0,1,0,0,0,0,0,0,0,0,1,0,0,0,0,0,0,0,0,0,0,0,0,0,0,0,1,0.573,1.540445040947149,1986,10
9,0,1,0,0,1,0,-2.47,0.904,1,0,0,0,0,0,0,0,0,0,0,0,1,0,1,0,0,0,0,0,0,1,0,0,0,0,0,0,0,1,0,0,0.0,3.1780538303479458,0.0,24.0,59.5,0,0,0,0,0,0,1,0,0,0,0,0,0,0,0,1,0,0,0,0,0,0,0,0,0,0,0,0,0,0,0,1,0.573,1.540445040947149,1986,10
9,0,1,0,0,1,0,-1.09,0.996,1,0,0,0,0,0,0,0,0,0,0,0,1,0,1,0,0,0,0,0,0,1,0,0,0,0,0,0,0,1,0,0,0.0,3.1780538303479458,0.0,24.0,61.5,0,0,0,0,0,0,1,0,0,0,0,0,0,0,0,1,0,0,0,0,0,0,0,0,0,0,0,0,0,0,0,1,0.573,1.540445040947149,1986,10
20,0,1,0,0,1,0,-5.6437,2.1666,1,0,0,0,0,0,0,0,0,0,0,0,1,0,1,0,0,0,0,0,0,1,0,0,0,0,0,0,0,1,0,0,0.0,4.477336814478207,0.0,88.0,78.0,0,0,0,0,0,0,1,0,0,0,0,0,0,0,0,1,0,0,0,0,0,0,0,0,0,0,0,0,0,0,0,1,0.573,2.855585641810749,2006,30
20,0,1,0,0,1,0,-5.2804,1.9551,1,0,0,0,0,0,0,0,0,0,1,0,0,0,1,0,0,0,0,0,0,1,0,0,0,0,0,0,0,1,0,0,0.0,4.477336814478207,0.0,88.0,78.0,0,0,0,0,0,0,1,0,0,0,0,0,0,0,0,1,0,0,0,0,0,0,0,0,0,0,0,0,0,0,0,1,0.573,2.855585641810749,2006,30
20,0,1,0,0,1,0,-5.5236,1.9642,1,0,0,0,0,0,0,0,0,0,1,0,0,0,1,0,0,0,0,0,0,1,0,0,0,0,0,0,0,1,0,0,0.0,4.477336814478207,0.0,88.0,78.0,0,0,0,0,0,0,1,0,0,0,0,0,0,0,0,1,0,0,0,0,0,0,0,0,0,0,0,0,0,0,0,1,0.573,2.855585641810749,2006,30
20,0,1,0,0,1,0,-3.2183,1.8926,1,0,0,0,0,0,0,0,0,0,0,0,1,0,1,0,0,0,0,0,0,1,0,0,0,0,0,0,0,1,0,0,0.0,4.477336814478207,0.0,88.0,78.0,0,0,0,0,0,0,1,0,0,0,0,0,0,0,0,1,0,0,0,0,0,0,0,0,0,0,0,0,0,0,0,1,0.573,2.855585641810749,2006,30
20,0,1,0,0,1,0,-5.515,2.0319,1,0,0,0,0,0,0,0,0,0,1,0,0,0,1,0,0,0,0,0,0,1,0,0,0,0,0,0,0,1,0,0,0.0,4.477336814478207,0.0,88.0,78.0,0,0,0,0,0,0,1,0,0,0,0,0,0,0,0,1,0,0,0,0,0,0,0,0,0,0,0,0,0,0,0,1,0.573,2.855585641810749,2006,30
20,0,1,0,0,1,0,-5.6024,2.0813,0,0,0,0,0,0,0,0,0,1,1,0,0,0,1,0,0,0,0,0,0,1,0,0,0,0,0,0,0,1,0,0,0.0,4.477336814478207,0.0,88.0,78.0,0,0,0,0,0,0,1,0,0,0,0,0,0,0,0,1,0,0,0,0,0,0,0,0,0,0,0,0,0,0,0,1,0.573,2.855585641810749,2006,30
20,0,1,0,0,1,0,-5.468,1.9057,1,0,0,0,0,0,0,0,0,0,1,0,0,0,1,0,0,0,0,0,0,1,0,0,0,0,0,0,0,1,0,0,0.0,4.477336814478207,0.0,88.0,78.0,0,0,0,0,0,0,1,0,0,0,0,0,0,0,0,1,0,0,0,0,0,0,0,0,0,0,0,0,0,0,0,1,0.573,2.855585641810749,2006,30
20,0,1,0,0,1,0,-5.1522,1.9419,0,0,0,0,1,0,0,0,0,0,1,0,0,0,1,0,0,0,0,0,0,1,0,0,0,0,0,0,0,1,0,0,0.0,4.477336814478207,0.0,88.0,78.0,0,0,0,0,0,0,1,0,0,0,0,0,0,0,0,1,0,0,0,0,0,0,0,0,0,0,0,0,0,0,0,1,0.573,2.855585641810749,2006,30
20,0,1,0,0,1,0,-5.2964,1.9384,0,0,0,1,0,0,0,0,0,0,1,0,0,0,1,0,0,0,0,0,0,1,0,0,0,0,0,0,0,1,0,0,0.0,4.477336814478207,0.0,88.0,78.0,0,0,0,0,0,0,1,0,0,0,0,0,0,0,0,1,0,0,0,0,0,0,0,0,0,0,0,0,0,0,0,1,0.573,2.855585641810749,2006,30
20,0,1,0,0,1,0,2.4052,2.0348,1,0,0,0,0,0,0,0,0,0,1,0,0,0,1,0,0,0,0,0,0,1,0,0,0,0,0,0,0,1,0,0,0.0,4.477336814478207,0.0,88.0,78.0,0,0,0,0,0,0,1,0,0,0,0,0,0,0,0,1,0,0,0,0,0,0,0,0,0,0,0,0,0,0,0,1,0.573,2.855585641810749,2006,30
20,0,1,0,0,1,0,-5.6322,2.1612,1,0,0,0,0,0,0,0,0,0,1,0,0,0,1,0,0,0,0,0,0,1,0,0,0,0,0,0,0,1,0,0,0.0,4.477336814478207,0.0,88.0,78.0,0,0,0,0,0,0,1,0,0,0,0,0,0,0,0,1,0,0,0,0,0,0,0,0,0,0,0,0,0,0,0,1,0.573,2.855585641810749,2006,30
20,0,1,0,0,1,0,-3.6422,2.2115,0,0,0,0,0,0,1,0,0,0,1,0,0,0,1,0,0,0,0,0,0,1,0,0,0,0,0,0,0,1,0,0,0.0,4.477336814478207,0.0,88.0,78.0,0,0,0,0,0,0,1,0,0,0,0,0,0,0,0,1,0,0,0,0,0,0,0,0,0,0,0,0,0,0,0,1,0.573,2.855585641810749,2006,30
20,0,1,0,0,1,0,-1.2805,2.0472,0,0,0,0,0,0,0,1,0,0,0,1,0,0,1,0,0,0,0,0,0,1,0,0,0,0,0,0,0,1,0,0,0.0,4.477336814478207,0.0,88.0,78.0,0,0,0,0,0,0,1,0,0,0,0,0,0,0,0,1,0,0,0,0,0,0,0,0,0,0,0,0,0,0,0,1,0.573,2.855585641810749,2006,30
20,0,1,0,0,1,0,-5.1816,1.9166,1,0,0,0,0,0,0,0,0,0,1,0,0,0,1,0,0,0,0,0,0,1,0,0,0,0,0,0,0,1,0,0,0.0,4.477336814478207,0.0,88.0,78.0,0,0,0,0,0,0,1,0,0,0,0,0,0,0,0,1,0,0,0,0,0,0,0,0,0,0,0,0,0,0,0,1,0.573,2.855585641810749,2006,30
20,0,1,0,0,1,0,-3.9942,2.0142,1,0,0,0,0,0,0,0,0,0,0,0,1,0,1,0,0,0,0,0,0,1,0,0,0,0,0,0,0,1,0,0,0.0,4.477336814478207,0.0,88.0,78.0,0,0,0,0,0,0,1,0,0,0,0,0,0,0,0,1,0,0,0,0,0,0,0,0,0,0,0,0,0,0,0,1,0.573,2.855585641810749,2006,30
20,0,1,0,0,1,0,-3.8507,1.4636,1,0,0,0,0,0,0,0,0,0,1,0,0,0,1,0,0,0,0,0,0,1,0,0,0,0,0,0,0,1,0,0,0.0,4.477336814478207,0.0,88.0,78.0,0,0,0,0,0,0,1,0,0,0,0,0,0,0,0,1,0,0,0,0,0,0,0,0,0,0,0,0,0,0,0,1,0.573,2.855585641810749,2006,30
20,0,1,0,0,1,0,-4.4242,2.187,1,0,0,0,0,0,0,0,0,0,1,0,0,0,1,0,0,0,0,0,0,1,0,0,0,0,0,0,0,1,0,0,0.0,4.477336814478207,0.0,88.0,78.0,0,0,0,0,0,0,1,0,0,0,0,0,0,0,0,1,0,0,0,0,0,0,0,0,0,0,0,0,0,0,0,1,0.573,2.855585641810749,2006,30
20,0,1,0,0,1,0,-4.8614,2.2027,1,0,0,0,0,0,0,0,0,0,1,0,0,0,1,0,0,0,0,0,0,1,0,0,0,0,0,0,0,1,0,0,0.0,4.477336814478207,0.0,88.0,78.0,0,0,0,0,0,0,1,0,0,0,0,0,0,0,0,1,0,0,0,0,0,0,0,0,0,0,0,0,0,0,0,1,0.573,2.855585641810749,2006,30
20,0,1,0,0,1,0,-5.5293,1.8184,1,0,0,0,0,0,0,0,0,0,1,0,0,0,1,0,0,0,0,0,0,1,0,0,0,0,0,0,0,1,0,0,0.0,4.477336814478207,0.0,88.0,78.0,0,0,0,0,0,0,1,0,0,0,0,0,0,0,0,1,0,0,0,0,0,0,0,0,0,0,0,0,0,0,0,1,0.573,2.855585641810749,2006,30
20,0,1,0,0,1,0,-4.3037,2.0588,0,0,0,0,0,0,0,0,1,0,1,0,0,0,1,0,0,0,0,0,0,1,0,0,0,0,0,0,0,1,0,0,0.0,4.477336814478207,0.0,88.0,78.0,0,0,0,0,0,0,1,0,0,0,0,0,0,0,0,1,0,0,0,0,0,0,0,0,0,0,0,0,0,0,0,1,0.573,2.855585641810749,2006,30
20,0,1,0,0,1,0,-3.9999,2.8715,0,0,0,0,0,1,0,0,0,0,1,0,0,0,1,0,0,0,0,0,0,1,0,0,0,0,0,0,0,1,0,0,0.0,4.477336814478207,0.0,88.0,78.0,0,0,0,0,0,0,1,0,0,0,0,0,0,0,0,1,0,0,0,0,0,0,0,0,0,0,0,0,0,0,0,1,0.573,2.855585641810749,2006,30
20,0,1,0,0,1,0,0.426,0.6604,0,1,0,0,0,0,0,0,0,0,1,0,0,0,1,0,0,0,0,0,0,1,0,0,0,0,0,0,0,1,0,0,0.0,4.477336814478207,0.0,88.0,78.0,0,0,0,0,0,0,1,0,0,0,0,0,0,0,0,1,0,0,0,0,0,0,0,0,0,0,0,0,0,0,0,1,0.573,2.855585641810749,2006,30
20,0,1,0,0,1,0,-0.0439,0.0376,0,1,0,0,0,0,0,0,0,0,0,1,0,0,1,0,0,0,0,0,0,1,0,0,0,0,0,0,0,1,0,0,0.0,4.477336814478207,0.0,88.0,78.0,0,0,0,0,0,0,1,0,0,0,0,0,0,0,0,1,0,0,0,0,0,0,0,0,0,0,0,0,0,0,0,1,0.573,2.855585641810749,2006,30
20,0,1,0,0,1,0,0.7541,1.2594,0,1,0,0,0,0,0,0,0,0,1,0,0,0,1,0,0,0,0,0,0,1,0,0,0,0,0,0,0,1,0,0,0.0,4.356708826689592,0.0,78.0,78.5,0,0,0,0,0,0,1,0,0,0,0,0,0,0,0,1,0,0,0,0,0,0,0,0,0,0,0,0,0,0,0,1,0.573,2.855585641810749,2006,30
20,0,1,0,0,1,0,-0.6181,0.8612,0,1,0,0,0,0,0,0,0,0,0,1,0,0,1,0,0,0,0,0,0,1,0,0,0,0,0,0,0,1,0,0,0.0,4.356708826689592,0.0,78.0,78.5,0,0,0,0,0,0,1,0,0,0,0,0,0,0,0,1,0,0,0,0,0,0,0,0,0,0,0,0,0,0,0,1,0.573,2.855585641810749,2006,30
20,0,1,0,0,1,0,0.1456,0.2055,0,1,0,0,0,0,0,0,0,0,0,1,0,0,1,0,0,0,0,0,0,1,0,0,0,0,0,0,0,1,0,0,0.0,4.290459441148391,0.0,73.0,77.0,0,0,0,0,0,0,1,0,0,0,0,0,0,0,0,1,0,0,0,0,0,0,0,0,0,0,0,0,0,0,0,1,0.573,2.855585641810749,2006,30
20,0,1,0,0,1,0,0.405,0.9394,0,1,0,0,0,0,0,0,0,0,0,1,0,0,1,0,0,0,0,0,0,1,0,0,0,0,0,0,0,1,0,0,0.0,4.477336814478207,0.0,88.0,78.0,0,0,0,0,0,0,1,0,0,0,0,0,0,0,0,1,0,0,0,0,0,0,0,0,0,0,0,0,0,0,0,1,0.573,2.855585641810749,2006,30
20,0,1,0,0,1,0,-0.6399,0.4079,0,1,0,0,0,0,0,0,0,0,0,0,1,0,1,0,0,0,0,0,0,1,0,0,0,0,0,0,0,1,0,0,0.0,4.477336814478207,0.0,88.0,78.0,0,0,0,0,0,0,1,0,0,0,0,0,0,0,0,1,0,0,0,0,0,0,0,0,0,0,0,0,0,0,0,1,0.573,2.855585641810749,2006,30
20,0,1,0,0,1,0,1.677,1.7128,0,1,0,0,0,0,0,0,0,0,0,1,0,0,1,0,0,0,0,0,0,1,0,0,0,0,0,0,0,1,0,0,0.0,4.477336814478207,0.0,88.0,78.0,0,0,0,0,0,0,1,0,0,0,0,0,0,0,0,1,0,0,0,0,0,0,0,0,0,0,0,0,0,0,0,1,0.573,2.855585641810749,2006,30
20,0,1,0,0,1,0,-0.0831,0.0835,0,1,0,0,0,0,0,0,0,0,0,1,0,0,1,0,0,0,0,0,0,1,0,0,0,0,0,0,0,1,0,0,0.0,4.477336814478207,0.0,88.0,78.0,0,0,0,0,0,0,1,0,0,0,0,0,0,0,0,1,0,0,0,0,0,0,0,0,0,0,0,0,0,0,0,1,0.573,2.855585641810749,2006,30
20,0,1,0,0,1,0,0.1911,1.2898,0,1,0,0,0,0,0,0,0,0,0,1,0,0,1,0,0,0,0,0,0,1,0,0,0,0,0,0,0,1,0,0,0.0,4.477336814478207,0.0,88.0,78.0,0,0,0,0,0,0,1,0,0,0,0,0,0,0,0,1,0,0,0,0,0,0,0,0,0,0,0,0,0,0,0,1,0.573,2.855585641810749,2006,30
20,0,1,0,0,1,0,-3.2693,1.8403,0,1,0,0,0,0,0,0,0,0,0,0,1,0,1,0,0,0,0,0,0,1,0,0,0,0,0,0,0,1,0,0,0.0,4.477336814478207,0.0,88.0,78.0,0,0,0,0,0,0,1,0,0,0,0,0,0,0,0,1,0,0,0,0,0,0,0,0,0,0,0,0,0,0,0,1,0.573,2.855585641810749,2006,30
20,0,1,0,0,1,0,0.1442,0.5252,0,1,0,0,0,0,0,0,0,0,0,1,0,0,1,0,0,0,0,0,0,1,0,0,0,0,0,0,0,1,0,0,0.0,4.477336814478207,0.0,88.0,78.0,0,0,0,0,0,0,1,0,0,0,0,0,0,0,0,1,0,0,0,0,0,0,0,0,0,0,0,0,0,0,0,1,0.573,2.855585641810749,2006,30
20,0,1,0,0,1,0,0.9613,0.6853,0,1,0,0,0,0,0,0,0,0,0,1,0,0,1,0,0,0,0,0,0,1,0,0,0,0,0,0,0,1,0,0,0.0,4.477336814478207,0.0,88.0,78.0,0,0,0,0,0,0,1,0,0,0,0,0,0,0,0,1,0,0,0,0,0,0,0,0,0,0,0,0,0,0,0,1,0.573,2.855585641810749,2006,30
20,0,1,0,0,1,0,-0.0031,0.0284,0,1,0,0,0,0,0,0,0,0,0,1,0,0,1,0,0,0,0,0,0,1,0,0,0,0,0,0,0,1,0,0,0.0,4.477336814478207,0.0,88.0,78.0,0,0,0,0,0,0,1,0,0,0,0,0,0,0,0,1,0,0,0,0,0,0,0,0,0,0,0,0,0,0,0,1,0.573,2.855585641810749,2006,30
20,0,1,0,0,1,0,-1.247,1.494,1,0,0,0,0,0,0,0,0,0,0,0,1,0,1,0,0,0,0,0,0,1,0,0,0,0,0,0,0,1,0,0,0.0,4.356708826689592,0.0,78.0,78.5,0,0,0,0,0,0,0,0,0,0,0,0,1,0,0,1,0,0,0,0,0,0,0,0,0,0,0,0,0,0,0,1,0.573,2.855585641810749,2006,30
20,0,1,0,0,1,0,-0.011,1.738,1,0,0,0,0,0,0,0,0,0,0,0,1,0,1,0,0,0,0,0,0,1,0,0,0,0,0,0,0,1,0,0,0.0,4.356708826689592,0.0,78.0,78.5,0,0,0,0,0,0,0,0,0,0,0,0,1,0,0,1,0,0,0,0,0,0,0,0,0,0,0,0,0,0,0,1,0.573,2.855585641810749,2006,30
20,0,1,0,0,1,0,-2.19,0.624,1,0,0,0,0,0,0,0,0,0,1,0,0,0,1,0,0,0,0,0,0,1,0,0,0,0,0,0,0,1,0,0,0.0,4.356708826689592,0.0,78.0,78.5,0,0,0,0,0,0,0,0,0,0,0,0,1,0,0,1,0,0,0,0,0,0,0,0,0,0,0,0,0,0,0,1,0.573,2.855585641810749,2006,30
20,0,1,0,0,1,0,-2.258,0.625,1,0,0,0,0,0,0,0,0,0,1,0,0,0,1,0,0,0,0,0,0,1,0,0,0,0,0,0,0,1,0,0,0.0,4.356708826689592,0.0,78.0,78.5,0,0,0,0,0,0,0,0,0,0,0,0,1,0,0,1,0,0,0,0,0,0,0,0,0,0,0,0,0,0,0,1,0.573,2.855585641810749,2006,30
20,0,1,0,0,1,0,1.032,1.463,0,0,0,0,0,0,0,1,0,0,0,1,0,0,1,0,0,0,0,0,0,1,0,0,0,0,0,0,0,1,0,0,0.0,4.356708826689592,0.0,78.0,78.5,0,0,0,0,0,0,0,0,0,0,0,0,1,0,0,1,0,0,0,0,0,0,0,0,0,0,0,0,0,0,0,1,0.573,2.855585641810749,2006,30
20,0,1,0,0,1,0,-1.608,1.338,1,0,0,0,0,0,0,0,0,0,0,0,1,0,1,0,0,0,0,0,0,1,0,0,0,0,0,0,0,1,0,0,0.0,4.356708826689592,0.0,78.0,78.5,0,0,0,0,0,0,0,0,0,0,0,0,1,0,0,1,0,0,0,0,0,0,0,0,0,0,0,0,0,0,0,1,0.573,2.855585641810749,2006,30
20,0,1,0,0,1,0,-2.332,0.768,1,0,0,0,0,0,0,0,0,0,1,0,0,0,1,0,0,0,0,0,0,1,0,0,0,0,0,0,0,1,0,0,0.0,4.356708826689592,0.0,78.0,78.5,0,0,0,0,0,0,0,0,0,0,0,0,1,0,0,1,0,0,0,0,0,0,0,0,0,0,0,0,0,0,0,1,0.573,2.855585641810749,2006,30
20,0,1,0,0,1,0,-2.19,0.888,1,0,0,0,0,0,0,0,0,0,1,0,0,0,1,0,0,0,0,0,0,1,0,0,0,0,0,0,0,1,0,0,0.0,4.356708826689592,0.0,78.0,78.5,0,0,0,0,0,0,0,0,0,0,0,0,1,0,0,1,0,0,0,0,0,0,0,0,0,0,0,0,0,0,0,1,0.573,2.855585641810749,2006,30
20,0,1,0,0,1,0,-1.998,0.78,0,0,0,0,0,0,0,0,1,0,1,0,0,0,1,0,0,0,0,0,0,1,0,0,0,0,0,0,0,1,0,0,0.0,4.356708826689592,0.0,78.0,78.5,0,0,0,0,0,0,0,0,0,0,0,0,1,0,0,1,0,0,0,0,0,0,0,0,0,0,0,0,0,0,0,1,0.573,2.855585641810749,2006,30
20,0,1,0,0,1,0,-2.04,1.756,0,0,0,0,0,1,0,0,0,0,1,0,0,0,1,0,0,0,0,0,0,1,0,0,0,0,0,0,0,1,0,0,0.0,4.356708826689592,0.0,78.0,78.5,0,0,0,0,0,0,0,0,0,0,0,0,1,0,0,1,0,0,0,0,0,0,0,0,0,0,0,0,0,0,0,1,0.573,2.855585641810749,2006,30
20,0,1,0,0,1,0,-0.269,0.626,0,1,0,0,0,0,0,0,0,0,1,0,0,0,1,0,0,0,0,0,0,1,0,0,0,0,0,0,0,1,0,0,0.0,4.356708826689592,0.0,78.0,78.5,0,0,0,0,0,0,0,0,0,0,0,0,1,0,0,1,0,0,0,0,0,0,0,0,0,0,0,0,0,0,0,1,0.573,2.855585641810749,2006,30
20,0,1,0,0,1,0,-0.026,0.055,0,1,0,0,0,0,0,0,0,0,0,1,0,0,1,0,0,0,0,0,0,1,0,0,0,0,0,0,0,1,0,0,0.0,4.356708826689592,0.0,78.0,78.5,0,0,0,0,0,0,0,0,0,0,0,0,1,0,0,1,0,0,0,0,0,0,0,0,0,0,0,0,0,0,0,1,0.573,2.855585641810749,2006,30
20,0,1,0,0,1,0,-0.628,0.642,0,1,0,0,0,0,0,0,0,0,1,0,0,0,1,0,0,0,0,0,0,1,0,0,0,0,0,0,0,1,0,0,0.0,4.356708826689592,0.0,78.0,78.5,0,0,0,0,0,0,0,0,0,0,0,0,1,0,0,1,0,0,0,0,0,0,0,0,0,0,0,0,0,0,0,1,0.573,2.855585641810749,2006,30
20,0,1,0,0,1,0,-0.599,0.543,0,1,0,0,0,0,0,0,0,0,0,1,0,0,1,0,0,0,0,0,0,1,0,0,0,0,0,0,0,1,0,0,0.0,4.356708826689592,0.0,78.0,78.5,0,0,0,0,0,0,0,0,0,0,0,0,1,0,0,1,0,0,0,0,0,0,0,0,0,0,0,0,0,0,0,1,0.573,2.855585641810749,2006,30
20,0,1,0,0,1,0,0.897,0.409,0,1,0,0,0,0,0,0,0,0,0,1,0,0,1,0,0,0,0,0,0,1,0,0,0,0,0,0,0,1,0,0,0.0,4.356708826689592,0.0,78.0,78.5,0,0,0,0,0,0,0,0,0,0,0,0,1,0,0,1,0,0,0,0,0,0,0,0,0,0,0,0,0,0,0,1,0.573,2.855585641810749,2006,30
20,0,1,0,0,1,0,-0.863,0.406,0,1,0,0,0,0,0,0,0,0,0,0,1,0,1,0,0,0,0,0,0,1,0,0,0,0,0,0,0,1,0,0,0.0,4.356708826689592,0.0,78.0,78.5,0,0,0,0,0,0,0,0,0,0,0,0,1,0,0,1,0,0,0,0,0,0,0,0,0,0,0,0,0,0,0,1,0.573,2.855585641810749,2006,30
20,0,1,0,0,1,0,-0.758,0.701,0,1,0,0,0,0,0,0,0,0,0,1,0,0,1,0,0,0,0,0,0,1,0,0,0,0,0,0,0,1,0,0,0.0,4.356708826689592,0.0,78.0,78.5,0,0,0,0,0,0,0,0,0,0,0,0,1,0,0,1,0,0,0,0,0,0,0,0,0,0,0,0,0,0,0,1,0.573,2.855585641810749,2006,30
20,0,1,0,0,1,0,-0.071,0.027,0,1,0,0,0,0,0,0,0,0,0,1,0,0,1,0,0,0,0,0,0,1,0,0,0,0,0,0,0,1,0,0,0.0,4.356708826689592,0.0,78.0,78.5,0,0,0,0,0,0,0,0,0,0,0,0,1,0,0,1,0,0,0,0,0,0,0,0,0,0,0,0,0,0,0,1,0.573,2.855585641810749,2006,30
20,0,1,0,0,1,0,0.174,0.626,0,1,0,0,0,0,0,0,0,0,0,1,0,0,1,0,0,0,0,0,0,1,0,0,0,0,0,0,0,1,0,0,0.0,4.356708826689592,0.0,78.0,78.5,0,0,0,0,0,0,0,0,0,0,0,0,1,0,0,1,0,0,0,0,0,0,0,0,0,0,0,0,0,0,0,1,0.573,2.855585641810749,2006,30
20,0,1,0,0,1,0,-1.639,1.47,0,1,0,0,0,0,0,0,0,0,0,0,1,0,1,0,0,0,0,0,0,1,0,0,0,0,0,0,0,1,0,0,0.0,4.356708826689592,0.0,78.0,78.5,0,0,0,0,0,0,0,0,0,0,0,0,1,0,0,1,0,0,0,0,0,0,0,0,0,0,0,0,0,0,0,1,0.573,2.855585641810749,2006,30
20,0,1,0,0,1,0,0.325,0.411,0,1,0,0,0,0,0,0,0,0,0,1,0,0,1,0,0,0,0,0,0,1,0,0,0,0,0,0,0,1,0,0,0.0,4.356708826689592,0.0,78.0,78.5,0,0,0,0,0,0,0,0,0,0,0,0,1,0,0,1,0,0,0,0,0,0,0,0,0,0,0,0,0,0,0,1,0.573,2.855585641810749,2006,30
20,0,1,0,0,1,0,-0.915,0.466,0,1,0,0,0,0,0,0,0,0,0,1,0,0,1,0,0,0,0,0,0,1,0,0,0,0,0,0,0,1,0,0,0.0,4.356708826689592,0.0,78.0,78.5,0,0,0,0,0,0,0,0,0,0,0,0,1,0,0,1,0,0,0,0,0,0,0,0,0,0,0,0,0,0,0,1,0.573,2.855585641810749,2006,30
20,0,1,0,0,1,0,-0.029,0.026,0,1,0,0,0,0,0,0,0,0,0,1,0,0,1,0,0,0,0,0,0,1,0,0,0,0,0,0,0,1,0,0,0.0,4.356708826689592,0.0,78.0,78.5,0,0,0,0,0,0,0,0,0,0,0,0,1,0,0,1,0,0,0,0,0,0,0,0,0,0,0,0,0,0,0,1,0.573,2.855585641810749,2006,30
20,0,1,0,0,1,0,-0.0278,0.029,0,1,0,0,0,0,0,0,0,0,0,0,0,1,1,0,0,0,0,0,0,1,0,0,0,0,0,0,0,1,0,0,0.0,4.356708826689592,2.5649493574615367,1014.0,78.5,0,0,0,0,0,0,1,0,0,0,0,0,0,0,0,1,0,0,0,0,0,0,0,0,0,0,0,0,0,0,0,1,0.573,2.855585641810749,2006,30
20,0,1,0,0,1,0,-2.0231,0.5426,1,0,0,0,0,0,0,0,0,0,0,0,0,1,1,0,0,0,0,0,0,1,0,0,0,0,0,0,0,1,0,0,0.0,4.356708826689592,2.302585092994046,780.0,78.5,0,0,0,0,0,0,1,0,0,0,0,0,0,0,0,1,0,0,0,0,0,0,0,0,0,0,0,0,0,0,0,1,0.573,2.855585641810749,2006,30
20,0,1,0,0,1,0,-1.666,0.4503,1,0,0,0,0,0,0,0,0,0,0,0,0,1,1,0,0,0,0,0,0,1,0,0,0,0,0,0,0,1,0,0,0.0,4.356708826689592,2.302585092994046,780.0,78.5,0,0,0,0,0,0,0,0,0,0,0,0,1,0,0,1,0,0,0,0,0,0,0,0,0,0,0,0,0,0,0,1,0.573,2.855585641810749,2006,30
20,0,1,0,0,1,0,0.152,0.1896,0,1,0,0,0,0,0,0,0,0,0,0,0,1,1,0,0,0,0,0,0,1,0,0,0,0,0,0,0,1,0,0,0.0,4.356708826689592,2.302585092994046,780.0,78.5,0,0,0,0,0,0,0,0,0,0,0,0,1,0,0,1,0,0,0,0,0,0,0,0,0,0,0,0,0,0,0,1,0.573,2.855585641810749,2006,30
20,0,1,0,0,1,0,0.0377,0.2436,0,1,0,0,0,0,0,0,0,0,0,0,0,1,1,0,0,0,0,0,0,1,0,0,0,0,0,0,0,1,0,0,0.0,4.356708826689592,2.302585092994046,780.0,78.5,0,0,0,0,0,0,1,0,0,0,0,0,0,0,0,1,0,0,0,0,0,0,0,0,0,0,0,0,0,0,0,1,0.573,2.855585641810749,2006,30
20,0,1,0,0,1,0,-2.0231,0.5426,1,0,0,0,0,0,0,0,0,0,0,0,0,1,1,0,0,0,0,0,0,1,0,0,0,0,0,0,0,1,0,0,0.0,4.356708826689592,2.302585092994046,780.0,78.5,0,0,0,0,0,0,1,0,0,0,0,0,0,0,0,1,0,0,0,0,0,0,0,0,0,0,0,0,0,0,0,1,0.573,2.855585641810749,2006,30
24,0,0,1,0,0,1,-0.563,0.8,1,0,0,0,0,0,0,0,0,0,0,0,1,0,1,0,0,0,0,0,0,1,0,0,0,0,0,0,0,1,0,0,0.0,3.9512437185814275,0.0,52.0,52.5,0,0,0,0,0,0,1,0,0,0,0,0,0,0,0,1,0,0,0,0,0,0,0,0,0,0,0,0,0,1,0,0,0.573,0.8513711857748395,1984,8
24,0,0,1,0,0,1,-0.477,1.097,1,0,0,0,0,0,0,0,0,0,0,0,1,0,1,0,0,0,0,0,0,1,0,0,0,0,0,0,0,1,0,0,0.0,3.9512437185814275,0.0,52.0,53.5,0,0,0,0,0,0,1,0,0,0,0,0,0,0,0,1,0,0,0,0,0,0,0,0,0,0,0,0,0,1,0,0,0.573,0.8513711857748395,1984,8
24,0,0,1,0,0,1,-1.853,1.27,1,0,0,0,0,0,0,0,0,0,0,0,1,0,1,0,0,0,0,0,0,1,0,0,0,0,0,0,0,1,0,0,0.0,3.9512437185814275,0.0,52.0,54.5,0,0,0,0,0,0,1,0,0,0,0,0,0,0,0,1,0,0,0,0,0,0,0,0,0,0,0,0,0,1,0,0,0.573,0.8513711857748395,1984,8
24,0,0,1,0,0,1,-0.704,1.29,1,0,0,0,0,0,0,0,0,0,0,0,1,0,1,0,0,0,0,0,0,1,0,0,0,0,0,0,0,1,0,0,0.0,3.9512437185814275,0.0,52.0,55.5,0,0,0,0,0,0,1,0,0,0,0,0,0,0,0,1,0,0,0,0,0,0,0,0,0,0,0,0,0,1,0,0,0.573,0.8513711857748395,1984,8
24,0,0,1,0,0,1,0.206,1.12,1,0,0,0,0,0,0,0,0,0,0,0,1,0,1,0,0,0,0,0,0,1,0,0,0,0,0,0,0,1,0,0,0.0,3.9512437185814275,0.0,52.0,56.5,0,0,0,0,0,0,1,0,0,0,0,0,0,0,0,1,0,0,0,0,0,0,0,0,0,0,0,0,0,1,0,0,0.573,0.8513711857748395,1984,8
24,0,0,1,0,0,1,-1.931,1.07,1,0,0,0,0,0,0,0,0,0,0,0,1,0,1,0,0,0,0,0,0,1,0,0,0,0,0,0,0,1,0,0,0.0,3.9512437185814275,0.0,52.0,57.5,0,0,0,0,0,0,1,0,0,0,0,0,0,0,0,1,0,0,0,0,0,0,0,0,0,0,0,0,0,1,0,0,0.573,0.8513711857748395,1984,8
24,0,0,1,0,0,1,-0.245,0.78,1,0,0,0,0,0,0,0,0,0,0,0,1,0,1,0,0,0,0,0,0,1,0,0,0,0,0,0,0,1,0,0,0.0,3.6635616461296463,0.0,39.0,53.5,0,0,0,0,0,0,1,0,0,0,0,0,0,0,0,1,0,0,0,0,0,0,0,0,0,0,0,0,0,1,0,0,0.573,0.8513711857748395,1984,8
24,0,0,1,0,0,1,-1.078,0.88,1,0,0,0,0,0,0,0,0,0,0,0,1,0,1,0,0,0,0,0,0,1,0,0,0,0,0,0,0,1,0,0,0.0,3.6635616461296463,0.0,39.0,56.5,0,0,0,0,0,0,1,0,0,0,0,0,0,0,0,1,0,0,0,0,0,0,0,0,0,0,0,0,0,1,0,0,0.573,0.8513711857748395,1984,8
24,0,0,1,0,0,1,-0.756,0.63,1,0,0,0,0,0,0,0,0,0,0,0,1,0,1,0,0,0,0,0,0,1,0,0,0,0,0,0,0,1,0,0,0.0,4.762173934797756,0.0,117.0,55.0,0,0,0,0,0,0,1,0,0,0,0,0,0,0,0,1,0,0,0,0,0,0,0,0,0,0,0,0,0,1,0,0,0.573,0.8513711857748395,1984,8
29,0,1,0,0,1,0,-0.112,0.7087316762268961,1,0,0,0,0,0,0,0,0,0,0,0,1,0,1,0,0,0,0,0,0,1,0,0,0,0,0,0,1,0,0,0,1.3862943611198906,4.330733340286331,0.0,76.0,54.0,0,0,0,0,0,0,1,0,0,0,0,0,0,0,0,1,0,0,0,0,0,0,0,0,0,0,0,0,0,1,0,0,0.573,0.5389965007326869,1984,8
29,0,1,0,0,1,0,-0.575,1.1037140854940435,0,0,0,0,0,1,0,0,0,0,1,0,0,0,1,0,0,0,0,0,0,1,0,0,0,0,0,0,1,0,0,0,1.3862943611198906,4.330733340286331,0.0,76.0,54.0,0,0,0,0,0,0,1,0,0,0,0,0,0,0,0,1,0,0,0,0,0,0,0,0,0,0,0,0,0,1,0,0,0.573,0.5389965007326869,1984,8
29,0,1,0,0,1,0,-0.607,0.9757134183363692,1,0,0,0,0,0,0,0,0,0,1,0,0,0,1,0,0,0,0,0,0,1,0,0,0,0,0,0,1,0,0,0,1.3862943611198906,4.330733340286331,0.0,76.0,54.0,0,0,0,0,0,0,1,0,0,0,0,0,0,0,0,1,0,0,0,0,0,0,0,0,0,0,0,0,0,1,0,0,0.573,0.5389965007326869,1984,8
29,0,1,0,0,1,0,-2.61,1.2600349040139616,0,0,0,0,1,0,0,0,0,0,1,0,0,0,1,0,0,0,0,0,0,1,0,0,0,0,0,0,1,0,0,0,1.3862943611198906,4.330733340286331,0.0,76.0,54.0,0,0,0,0,0,0,1,0,0,0,0,0,0,0,0,1,0,0,0,0,0,0,0,0,0,0,0,0,0,1,0,0,0.573,0.5389965007326869,1984,8
29,0,1,0,0,1,0,0.757,2.131578947368421,0,0,0,1,0,0,0,0,0,0,1,0,0,0,1,0,0,0,0,0,0,1,0,0,0,0,0,0,1,0,0,0,1.3862943611198906,4.330733340286331,0.0,76.0,54.0,0,0,0,0,0,0,1,0,0,0,0,0,0,0,0,1,0,0,0,0,0,0,0,0,0,0,0,0,0,1,0,0,0.573,0.5389965007326869,1984,8
29,0,1,0,0,1,0,-0.265,0.5810748736793754,0,0,0,0,0,0,1,0,0,0,1,0,0,0,1,0,0,0,0,0,0,1,0,0,0,0,0,0,1,0,0,0,1.3862943611198906,4.330733340286331,0.0,76.0,54.0,0,0,0,0,0,0,1,0,0,0,0,0,0,0,0,1,0,0,0,0,0,0,0,0,0,0,0,0,0,1,0,0,0.573,0.5389965007326869,1984,8
29,0,1,0,0,1,0,-0.821,1.338970588235294,1,0,0,0,0,0,0,0,0,0,1,0,0,0,1,0,0,0,0,0,0,1,0,0,0,0,0,0,1,0,0,0,1.3862943611198906,4.330733340286331,0.0,76.0,54.0,0,0,0,0,0,0,1,0,0,0,0,0,0,0,0,1,0,0,0,0,0,0,0,0,0,0,0,0,0,1,0,0,0.573,0.5389965007326869,1984,8
29,0,1,0,0,1,0,-1.34,2.0401046207497817,0,0,0,0,0,0,0,0,1,0,1,0,0,0,1,0,0,0,0,0,0,1,0,0,0,0,0,0,1,0,0,0,1.3862943611198906,4.330733340286331,0.0,76.0,54.0,0,0,0,0,0,0,1,0,0,0,0,0,0,0,0,1,0,0,0,0,0,0,0,0,0,0,0,0,0,1,0,0,0.573,0.5389965007326869,1984,8
29,0,1,0,0,1,0,0.315,0.3776185226019846,0,0,0,0,0,0,0,1,0,0,0,1,0,0,1,0,0,0,0,0,0,1,0,0,0,0,0,0,1,0,0,0,1.3862943611198906,4.330733340286331,0.0,76.0,54.0,0,0,0,0,0,0,1,0,0,0,0,0,0,0,0,1,0,0,0,0,0,0,0,0,0,0,0,0,0,1,0,0,0.573,0.5389965007326869,1984,8
29,0,1,0,0,1,0,0.313,0.9099337748344372,1,0,0,0,0,0,0,0,0,0,0,0,1,0,1,0,0,0,0,0,0,0,1,0,0,0,0,0,1,0,0,0,2.4849066497880004,3.2188758248682006,0.0,25.0,54.0,0,0,0,0,0,0,1,0,0,0,0,0,0,0,0,1,0,0,0,0,0,0,0,0,0,0,0,0,0,1,0,0,0.573,0.5389965007326869,1984,8
29,0,1,0,0,1,0,-0.557,1.4744318181818181,0,0,0,0,0,1,0,0,0,0,1,0,0,0,1,0,0,0,0,0,0,0,1,0,0,0,0,0,1,0,0,0,2.4849066497880004,3.2188758248682006,0.0,25.0,54.0,0,0,0,0,0,0,1,0,0,0,0,0,0,0,0,1,0,0,0,0,0,0,0,0,0,0,0,0,0,1,0,0,0.573,0.5389965007326869,1984,8
29,0,1,0,0,1,0,0.52,1.9047619047619047,1,0,0,0,0,0,0,0,0,0,1,0,0,0,1,0,0,0,0,0,0,0,1,0,0,0,0,0,1,0,0,0,2.4849066497880004,3.2188758248682006,0.0,25.0,54.0,0,0,0,0,0,0,1,0,0,0,0,0,0,0,0,1,0,0,0,0,0,0,0,0,0,0,0,0,0,1,0,0,0.573,0.5389965007326869,1984,8
29,0,1,0,0,1,0,-1.3,1.8473895582329314,0,0,0,0,1,0,0,0,0,0,1,0,0,0,1,0,0,0,0,0,0,0,1,0,0,0,0,0,1,0,0,0,2.4849066497880004,3.2188758248682006,0.0,25.0,54.0,0,0,0,0,0,0,1,0,0,0,0,0,0,0,0,1,0,0,0,0,0,0,0,0,0,0,0,0,0,1,0,0,0.573,0.5389965007326869,1984,8
29,0,1,0,0,1,0,-1.24,3.4250764525993884,0,0,0,1,0,0,0,0,0,0,1,0,0,0,1,0,0,0,0,0,0,0,1,0,0,0,0,0,1,0,0,0,2.4849066497880004,3.2188758248682006,0.0,25.0,54.0,0,0,0,0,0,0,1,0,0,0,0,0,0,0,0,1,0,0,0,0,0,0,0,0,0,0,0,0,0,1,0,0,0.573,0.5389965007326869,1984,8
29,0,1,0,0,1,0,-1.13,0.783376241265171,0,0,0,0,0,0,1,0,0,0,1,0,0,0,1,0,0,0,0,0,0,0,1,0,0,0,0,0,1,0,0,0,2.4849066497880004,3.2188758248682006,0.0,25.0,54.0,0,0,0,0,0,0,1,0,0,0,0,0,0,0,0,1,0,0,0,0,0,0,0,0,0,0,0,0,0,1,0,0,0.573,0.5389965007326869,1984,8
29,0,1,0,0,1,0,0.356,2.6721991701244816,1,0,0,0,0,0,0,0,0,0,1,0,0,0,1,0,0,0,0,0,0,0,1,0,0,0,0,0,1,0,0,0,2.4849066497880004,3.2188758248682006,0.0,25.0,54.0,0,0,0,0,0,0,1,0,0,0,0,0,0,0,0,1,0,0,0,0,0,0,0,0,0,0,0,0,0,1,0,0,0.573,0.5389965007326869,1984,8
29,0,1,0,0,1,0,-2.94,2.5370251126851255,0,0,0,0,0,0,0,0,1,0,1,0,0,0,1,0,0,0,0,0,0,0,1,0,0,0,0,0,1,0,0,0,2.4849066497880004,3.2188758248682006,0.0,25.0,54.0,0,0,0,0,0,0,1,0,0,0,0,0,0,0,0,1,0,0,0,0,0,0,0,0,0,0,0,0,0,1,0,0,0.573,0.5389965007326869,1984,8
29,0,1,0,0,1,0,-0.312,0.7800237812128419,0,0,0,0,0,0,0,1,0,0,0,1,0,0,1,0,0,0,0,0,0,0,1,0,0,0,0,0,1,0,0,0,2.4849066497880004,3.2188758248682006,0.0,25.0,54.0,0,0,0,0,0,0,1,0,0,0,0,0,0,0,0,1,0,0,0,0,0,0,0,0,0,0,0,0,0,1,0,0,0.573,0.5389965007326869,1984,8
29,0,1,0,0,1,0,0.725,1.1652542372881358,1,0,0,0,0,0,0,0,0,0,0,0,1,0,1,0,0,0,0,0,0,0,1,0,0,0,0,0,1,0,0,0,3.1780538303479458,2.4849066497880004,0.0,12.0,54.0,0,0,0,0,0,0,1,0,0,0,0,0,0,0,0,1,0,0,0,0,0,0,0,0,0,0,0,0,0,1,0,0,0.573,0.5389965007326869,1984,8
29,0,1,0,0,1,0,-0.003,2.2641083521444694,0,0,0,0,0,1,0,0,0,0,1,0,0,0,1,0,0,0,0,0,0,0,1,0,0,0,0,0,1,0,0,0,3.1780538303479458,2.4849066497880004,0.0,12.0,54.0,0,0,0,0,0,0,1,0,0,0,0,0,0,0,0,1,0,0,0,0,0,0,0,0,0,0,0,0,0,1,0,0,0.573,0.5389965007326869,1984,8
29,0,1,0,0,1,0,-3.3,2.079303675048356,1,0,0,0,0,0,0,0,0,0,1,0,0,0,1,0,0,0,0,0,0,0,1,0,0,0,0,0,1,0,0,0,3.1780538303479458,2.4849066497880004,0.0,12.0,54.0,0,0,0,0,0,0,1,0,0,0,0,0,0,0,0,1,0,0,0,0,0,0,0,0,0,0,0,0,0,1,0,0,0.573,0.5389965007326869,1984,8
29,0,1,0,0,1,0,-6.26,1.403169694626981,0,0,0,0,1,0,0,0,0,0,1,0,0,0,1,0,0,0,0,0,0,0,1,0,0,0,0,0,1,0,0,0,3.1780538303479458,2.4849066497880004,0.0,12.0,54.0,0,0,0,0,0,0,1,0,0,0,0,0,0,0,0,1,0,0,0,0,0,0,0,0,0,0,0,0,0,1,0,0,0.573,0.5389965007326869,1984,8
29,0,1,0,0,1,0,0.295,3.439024390243903,0,0,0,1,0,0,0,0,0,0,1,0,0,0,1,0,0,0,0,0,0,0,1,0,0,0,0,0,1,0,0,0,3.1780538303479458,2.4849066497880004,0.0,12.0,54.0,0,0,0,0,0,0,1,0,0,0,0,0,0,0,0,1,0,0,0,0,0,0,0,0,0,0,0,0,0,1,0,0,0.573,0.5389965007326869,1984,8
29,0,1,0,0,1,0,-0.901,0.9829369183040332,0,0,0,0,0,0,1,0,0,0,1,0,0,0,1,0,0,0,0,0,0,0,1,0,0,0,0,0,1,0,0,0,3.1780538303479458,2.4849066497880004,0.0,12.0,54.0,0,0,0,0,0,0,1,0,0,0,0,0,0,0,0,1,0,0,0,0,0,0,0,0,0,0,0,0,0,1,0,0,0.573,0.5389965007326869,1984,8
29,0,1,0,0,1,0,-2.3,8.59375,1,0,0,0,0,0,0,0,0,0,1,0,0,0,1,0,0,0,0,0,0,0,1,0,0,0,0,0,1,0,0,0,3.1780538303479458,2.4849066497880004,0.0,12.0,54.0,0,0,0,0,0,0,1,0,0,0,0,0,0,0,0,1,0,0,0,0,0,0,0,0,0,0,0,0,0,1,0,0,0.573,0.5389965007326869,1984,8
29,0,1,0,0,1,0,-3.09,2.9048295454545454,0,0,0,0,0,0,0,0,1,0,1,0,0,0,1,0,0,0,0,0,0,0,1,0,0,0,0,0,1,0,0,0,3.1780538303479458,2.4849066497880004,0.0,12.0,54.0,0,0,0,0,0,0,1,0,0,0,0,0,0,0,0,1,0,0,0,0,0,0,0,0,0,0,0,0,0,1,0,0,0.573,0.5389965007326869,1984,8
29,0,1,0,0,1,0,-0.685,0.8905919661733616,0,0,0,0,0,0,0,1,0,0,0,1,0,0,1,0,0,0,0,0,0,0,1,0,0,0,0,0,1,0,0,0,3.1780538303479458,2.4849066497880004,0.0,12.0,54.0,0,0,0,0,0,0,1,0,0,0,0,0,0,0,0,1,0,0,0,0,0,0,0,0,0,0,0,0,0,1,0,0,0.573,0.5389965007326869,1984,8
36,1,0,0,1,0,0,0.999,797.0864675651977,1,0,0,0,0,0,0,0,0,0,0,0,1,0,0,1,0,0,0,0,0,1,0,0,0,0,0,1,0,0,0,0,3.4011973816621555,7.581209826196346,0.0,1961.0,67.5,1,0,0,0,0,0,0,0,0,0,0,0,0,0,1,1,0,0,0,0,0,0,0,0,0,0,0,0,1,0,0,0,0.573,0.9985288301111273,1998,22
36,1,0,0,1,0,0,1.023,816.2356920112085,0,0,0,1,0,0,0,0,0,0,1,0,0,0,0,1,0,0,0,0,0,1,0,0,0,0,0,1,0,0,0,0,3.4011973816621555,7.581209826196346,0.0,1961.0,67.5,1,0,0,0,0,0,0,0,0,0,0,0,0,0,1,1,0,0,0,0,0,0,0,0,0,0,0,0,1,0,0,0,0.573,0.9985288301111273,1998,22
36,1,0,0,1,0,0,1.022,815.4378076592914,0,0,0,0,1,0,0,0,0,0,1,0,0,0,0,1,0,0,0,0,0,1,0,0,0,0,0,1,0,0,0,0,3.4011973816621555,7.581209826196346,0.0,1961.0,67.5,1,0,0,0,0,0,0,0,0,0,0,0,0,0,1,1,0,0,0,0,0,0,0,0,0,0,0,0,1,0,0,0,0.573,0.9985288301111273,1998,22
36,1,0,0,1,0,0,1.007,803.4695423805346,0,0,0,0,0,0,0,1,0,0,0,1,0,0,0,1,0,0,0,0,0,1,0,0,0,0,0,1,0,0,0,0,3.4011973816621555,7.581209826196346,0.0,1961.0,67.5,1,0,0,0,0,0,0,0,0,0,0,0,0,0,1,1,0,0,0,0,0,0,0,0,0,0,0,0,1,0,0,0,0.573,0.9985288301111273,1998,22
36,1,0,0,1,0,0,1.005,801.8737736767004,1,0,0,0,0,0,0,0,0,0,0,0,1,0,0,1,0,0,0,0,0,1,0,0,0,0,0,1,0,0,0,0,3.4011973816621555,7.581209826196346,0.0,1961.0,67.5,1,0,0,0,0,0,0,0,0,0,0,0,0,0,1,1,0,0,0,0,0,0,0,0,0,0,0,0,1,0,0,0,0.573,0.9985288301111273,1998,22
36,0,1,0,0,1,0,-3.683,0.3189,1,0,0,0,0,0,0,0,0,0,0,0,1,0,0,1,0,0,0,0,0,1,0,0,0,0,0,1,0,0,0,0,3.4011973816621555,7.581209826196346,0.0,1961.0,67.5,1,0,0,0,0,0,0,0,0,0,0,0,1,0,0,1,0,0,0,0,0,0,0,0,0,0,0,0,1,0,0,0,0.573,0.9985288301111273,1998,22
36,0,1,0,0,1,0,0.681,0.0925,0,0,0,1,0,0,0,0,0,0,1,0,0,0,0,1,0,0,0,0,0,1,0,0,0,0,0,1,0,0,0,0,3.4011973816621555,7.581209826196346,0.0,1961.0,67.5,1,0,0,0,0,0,0,0,0,0,0,0,1,0,0,1,0,0,0,0,0,0,0,0,0,0,0,0,1,0,0,0,0.573,0.9985288301111273,1998,22
36,0,1,0,0,1,0,0.821,0.0961,0,0,0,0,1,0,0,0,0,0,1,0,0,0,0,1,0,0,0,0,0,1,0,0,0,0,0,1,0,0,0,0,3.4011973816621555,7.581209826196346,0.0,1961.0,67.5,1,0,0,0,0,0,0,0,0,0,0,0,1,0,0,1,0,0,0,0,0,0,0,0,0,0,0,0,1,0,0,0,0.573,0.9985288301111273,1998,22
36,0,1,0,0,1,0,-2.87,0.365,0,0,0,0,0,0,0,1,0,0,0,1,0,0,0,1,0,0,0,0,0,1,0,0,0,0,0,1,0,0,0,0,3.4011973816621555,7.581209826196346,0.0,1961.0,67.5,1,0,0,0,0,0,0,0,0,0,0,0,1,0,0,1,0,0,0,0,0,0,0,0,0,0,0,0,1,0,0,0,0.573,0.9985288301111273,1998,22
36,0,1,0,0,1,0,-0.641,0.2067,1,0,0,0,0,0,0,0,0,0,0,0,1,0,0,1,0,0,0,0,0,1,0,0,0,0,0,1,0,0,0,0,3.4011973816621555,7.581209826196346,0.0,1961.0,67.5,1,0,0,0,0,0,0,0,0,0,0,0,1,0,0,1,0,0,0,0,0,0,0,0,0,0,0,0,1,0,0,0,0.573,0.9985288301111273,1998,22
39,1,0,0,1,0,0,0.9948,0.5175,0,0,0,1,0,0,0,0,0,0,1,0,0,0,0,1,0,0,0,0,0,1,0,0,0,0,0,1,0,0,0,0,3.4011973816621555,5.955837369464831,0.0,386.0,1.5,1,0,0,0,0,0,0,0,0,0,0,1,0,0,0,1,0,0,0,0,0,0,0,0,0,0,0,0,0,0,0,1,0.573,0.36464311358790924,1994,18
39,1,0,0,1,0,0,0.3242,0.1898,0,0,0,1,0,0,0,0,0,0,1,0,0,0,0,1,0,0,0,0,0,1,0,0,0,0,0,1,0,0,0,0,3.4011973816621555,5.955837369464831,0.0,386.0,1.5,1,0,0,0,0,1,0,0,0,0,0,1,0,0,0,1,0,0,0,0,0,0,0,0,0,0,0,0,0,0,0,1,0.573,0.36464311358790924,1994,18
39,1,0,0,1,0,0,0.9047,0.0454,1,0,0,0,0,0,0,0,0,0,1,0,0,0,0,1,0,0,0,0,0,1,0,0,0,0,0,1,0,0,0,0,3.4011973816621555,6.873163834212518,0.0,966.0,1.5,1,0,0,0,0,0,0,0,0,0,0,1,0,0,0,1,0,0,0,0,0,0,0,0,0,0,0,0,0,0,0,1,0.573,0.36464311358790924,1994,18
39,1,0,0,1,0,0,0.8949,0.0502,0,0,0,0,1,0,0,0,0,0,1,0,0,0,0,1,0,0,0,0,0,1,0,0,0,0,0,1,0,0,0,0,3.4011973816621555,6.873163834212518,0.0,966.0,1.5,1,0,0,0,0,0,0,0,0,0,0,1,0,0,0,1,0,0,0,0,0,0,0,0,0,0,0,0,0,0,0,1,0.573,0.36464311358790924,1994,18
39,1,0,0,1,0,0,0.8967,0.0585,0,0,0,0,0,0,1,0,0,0,1,0,0,0,0,1,0,0,0,0,0,1,0,0,0,0,0,1,0,0,0,0,3.4011973816621555,6.873163834212518,0.0,966.0,1.5,1,0,0,0,0,0,0,0,0,0,0,1,0,0,0,1,0,0,0,0,0,0,0,0,0,0,0,0,0,0,0,1,0.573,0.36464311358790924,1994,18
39,1,0,0,1,0,0,0.9671,0.0463,1,0,0,0,0,0,0,0,0,0,0,0,1,0,0,1,0,0,0,0,0,1,0,0,0,0,0,1,0,0,0,0,3.4011973816621555,6.873163834212518,0.0,966.0,1.5,1,0,0,0,0,0,0,0,0,0,0,1,0,0,0,1,0,0,0,0,0,0,0,0,0,0,0,0,0,0,0,1,0.573,0.36464311358790924,1994,18
41,1,0,0,1,0,0,0.98,0.032,1,0,0,0,0,0,0,0,0,0,0,0,1,0,1,0,0,0,0,0,0,1,0,0,0,0,0,1,0,0,0,0,3.4011973816621555,7.512071245835466,0.0,1830.0,65.5,1,0,0,0,0,0,0,0,0,0,0,1,0,0,0,1,0,0,0,0,0,0,0,0,0,0,0,0,0,0,0,1,0.573,0.7849547298130682,1993,17
41,1,0,0,1,0,0,0.91,0.022,1,0,0,0,0,0,0,0,0,0,0,0,1,0,1,0,0,0,0,0,0,1,0,0,0,0,0,1,0,0,0,0,3.4011973816621555,7.512071245835466,0.0,1830.0,65.5,1,0,0,0,0,0,0,0,0,0,0,1,0,0,0,1,0,0,0,0,0,0,0,0,0,0,0,0,0,0,0,1,0.573,0.7849547298130682,1993,17
41,1,0,0,1,0,0,0.883,0.092,1,0,0,0,0,0,0,0,0,0,0,0,1,0,1,0,0,0,0,0,0,0,1,0,0,0,0,1,0,0,0,0,4.499809670330265,7.512071245835466,0.0,1830.0,65.5,1,0,0,0,0,0,0,0,0,0,0,1,0,0,0,1,0,0,0,0,0,0,0,0,0,0,0,0,0,0,0,1,0.573,0.7849547298130682,1993,17
41,1,0,0,1,0,0,0.7,0.04,1,0,0,0,0,0,0,0,0,0,0,0,1,0,1,0,0,0,0,0,0,0,1,0,0,0,0,1,0,0,0,0,4.499809670330265,7.512071245835466,0.0,183.0,65.5,1,0,0,0,0,0,0,0,0,0,0,1,0,0,0,1,0,0,0,0,0,0,0,0,0,0,0,0,0,0,0,1,0.573,0.7849547298130682,1993,17
42,1,0,0,1,0,0,0.9772,0.013,0,0,0,0,0,1,0,0,0,0,1,0,0,0,1,0,0,0,0,0,0,1,0,0,0,0,0,0,0,1,0,0,0.0,5.337538079701318,0.0,208.0,60.5,0,0,0,0,0,0,1,0,0,0,0,0,0,0,0,1,0,0,0,0,0,0,0,0,0,0,0,0,0,0,0,1,0.573,0.965080896043587,1995,19
42,1,0,0,1,0,0,0.9828,0.009,1,0,0,0,0,0,0,0,0,0,0,0,1,0,1,0,0,0,0,0,0,1,0,0,0,0,0,0,0,1,0,0,0.0,5.337538079701318,0.0,208.0,60.5,0,0,0,0,0,0,1,0,0,0,0,0,0,0,0,1,0,0,0,0,0,0,0,0,0,0,0,0,0,0,0,1,0.573,0.965080896043587,1995,19
42,1,0,0,1,0,0,0.9844,0.013,0,0,0,1,0,0,0,0,0,0,1,0,0,0,1,0,0,0,0,0,0,1,0,0,0,0,0,0,0,1,0,0,0.0,5.337538079701318,0.0,208.0,60.5,0,0,0,0,0,0,1,0,0,0,0,0,0,0,0,1,0,0,0,0,0,0,0,0,0,0,0,0,0,0,0,1,0.573,0.965080896043587,1995,19
42,1,0,0,1,0,0,0.9872,0.01,0,0,0,0,1,0,0,0,0,0,1,0,0,0,1,0,0,0,0,0,0,1,0,0,0,0,0,0,0,1,0,0,0.0,5.337538079701318,0.0,208.0,60.5,0,0,0,0,0,0,1,0,0,0,0,0,0,0,0,1,0,0,0,0,0,0,0,0,0,0,0,0,0,0,0,1,0.573,0.965080896043587,1995,19
42,1,0,0,1,0,0,0.9908,0.007,0,0,0,0,0,0,1,0,0,0,1,0,0,0,1,0,0,0,0,0,0,1,0,0,0,0,0,0,0,1,0,0,0.0,5.337538079701318,0.0,208.0,60.5,0,0,0,0,0,0,1,0,0,0,0,0,0,0,0,1,0,0,0,0,0,0,0,0,0,0,0,0,0,0,0,1,0.573,0.965080896043587,1995,19
42,1,0,0,1,0,0,0.9923,0.009,0,0,0,0,0,0,0,1,0,0,0,1,0,0,1,0,0,0,0,0,0,1,0,0,0,0,0,0,0,1,0,0,0.0,5.337538079701318,0.0,208.0,60.5,0,0,0,0,0,0,1,0,0,0,0,0,0,0,0,1,0,0,0,0,0,0,0,0,0,0,0,0,0,0,0,1,0.573,0.965080896043587,1995,19
42,1,0,0,1,0,0,0.9777,0.012,0,0,0,0,0,0,0,0,1,0,1,0,0,0,1,0,0,0,0,0,0,1,0,0,0,0,0,0,0,1,0,0,0.0,5.337538079701318,0.0,208.0,60.5,0,0,0,0,0,0,1,0,0,0,0,0,0,0,0,1,0,0,0,0,0,0,0,0,0,0,0,0,0,0,0,1,0.573,0.965080896043587,1995,19
42,0,1,0,0,1,0,-2.2019,0.759,0,0,0,0,0,1,0,0,0,0,1,0,0,0,1,0,0,0,0,0,0,1,0,0,0,0,0,0,0,1,0,0,0.0,5.337538079701318,0.0,208.0,60.5,0,0,0,0,0,0,1,0,0,0,0,0,0,0,0,1,0,0,0,0,0,0,0,0,0,0,0,0,0,0,0,1,0.573,0.965080896043587,1995,19
42,0,1,0,0,1,0,-1.5785,0.588,1,0,0,0,0,0,0,0,0,0,0,0,1,0,1,0,0,0,0,0,0,1,0,0,0,0,0,0,0,1,0,0,0.0,5.337538079701318,0.0,208.0,60.5,0,0,0,0,0,0,1,0,0,0,0,0,0,0,0,1,0,0,0,0,0,0,0,0,0,0,0,0,0,0,0,1,0.573,0.965080896043587,1995,19
42,0,1,0,0,1,0,-2.4667,1.242,0,0,0,1,0,0,0,0,0,0,1,0,0,0,1,0,0,0,0,0,0,1,0,0,0,0,0,0,0,1,0,0,0.0,5.337538079701318,0.0,208.0,60.5,0,0,0,0,0,0,1,0,0,0,0,0,0,0,0,1,0,0,0,0,0,0,0,0,0,0,0,0,0,0,0,1,0.573,0.965080896043587,1995,19
42,0,1,0,0,1,0,-0.7615,0.718,0,0,0,0,1,0,0,0,0,0,1,0,0,0,1,0,0,0,0,0,0,1,0,0,0,0,0,0,0,1,0,0,0.0,5.337538079701318,0.0,208.0,60.5,0,0,0,0,0,0,1,0,0,0,0,0,0,0,0,1,0,0,0,0,0,0,0,0,0,0,0,0,0,0,0,1,0.573,0.965080896043587,1995,19
42,0,1,0,0,1,0,-0.2716,0.495,0,0,0,0,0,0,1,0,0,0,1,0,0,0,1,0,0,0,0,0,0,1,0,0,0,0,0,0,0,1,0,0,0.0,5.337538079701318,0.0,208.0,60.5,0,0,0,0,0,0,1,0,0,0,0,0,0,0,0,1,0,0,0,0,0,0,0,0,0,0,0,0,0,0,0,1,0.573,0.965080896043587,1995,19
42,0,1,0,0,1,0,-0.5209,0.621,0,0,0,0,0,0,0,1,0,0,0,1,0,0,1,0,0,0,0,0,0,1,0,0,0,0,0,0,0,1,0,0,0.0,5.337538079701318,0.0,208.0,60.5,0,0,0,0,0,0,1,0,0,0,0,0,0,0,0,1,0,0,0,0,0,0,0,0,0,0,0,0,0,0,0,1,0.573,0.965080896043587,1995,19
42,0,1,0,0,1,0,-2.4387,0.921,0,0,0,0,0,0,0,0,1,0,1,0,0,0,1,0,0,0,0,0,0,1,0,0,0,0,0,0,0,1,0,0,0.0,5.337538079701318,0.0,208.0,60.5,0,0,0,0,0,0,1,0,0,0,0,0,0,0,0,1,0,0,0,0,0,0,0,0,0,0,0,0,0,0,0,1,0.573,0.965080896043587,1995,19
42,0,1,0,0,1,0,0.9726,0.015,0,0,0,0,0,1,0,0,0,0,1,0,0,0,1,0,0,0,0,0,0,1,0,0,0,0,0,0,0,1,0,0,0.0,5.337538079701318,0.0,208.0,60.5,0,0,0,0,0,0,0,0,0,1,0,0,0,0,0,1,0,0,0,0,0,0,0,0,0,0,0,0,0,0,0,1,0.573,0.965080896043587,1995,19
42,0,1,0,0,1,0,0.9834,0.009,1,0,0,0,0,0,0,0,0,0,0,0,1,0,1,0,0,0,0,0,0,1,0,0,0,0,0,0,0,1,0,0,0.0,5.337538079701318,0.0,208.0,60.5,0,0,0,0,0,0,0,0,0,1,0,0,0,0,0,1,0,0,0,0,0,0,0,0,0,0,0,0,0,0,0,1,0.573,0.965080896043587,1995,19
42,0,1,0,0,1,0,0.9836,0.013,0,0,0,1,0,0,0,0,0,0,1,0,0,0,1,0,0,0,0,0,0,1,0,0,0,0,0,0,0,1,0,0,0.0,5.337538079701318,0.0,208.0,60.5,0,0,0,0,0,0,0,0,0,1,0,0,0,0,0,1,0,0,0,0,0,0,0,0,0,0,0,0,0,0,0,1,0.573,0.965080896043587,1995,19
42,0,1,0,0,1,0,0.9869,0.01,0,0,0,0,1,0,0,0,0,0,1,0,0,0,1,0,0,0,0,0,0,1,0,0,0,0,0,0,0,1,0,0,0.0,5.337538079701318,0.0,208.0,60.5,0,0,0,0,0,0,0,0,0,1,0,0,0,0,0,1,0,0,0,0,0,0,0,0,0,0,0,0,0,0,0,1,0.573,0.965080896043587,1995,19
42,0,1,0,0,1,0,0.9902,0.007,0,0,0,0,0,0,1,0,0,0,1,0,0,0,1,0,0,0,0,0,0,1,0,0,0,0,0,0,0,1,0,0,0.0,5.337538079701318,0.0,208.0,60.5,0,0,0,0,0,0,0,0,0,1,0,0,0,0,0,1,0,0,0,0,0,0,0,0,0,0,0,0,0,0,0,1,0.573,0.965080896043587,1995,19
42,0,1,0,0,1,0,0.991,0.01,0,0,0,0,0,0,0,1,0,0,0,1,0,0,1,0,0,0,0,0,0,1,0,0,0,0,0,0,0,1,0,0,0.0,5.337538079701318,0.0,208.0,60.5,0,0,0,0,0,0,0,0,0,1,0,0,0,0,0,1,0,0,0,0,0,0,0,0,0,0,0,0,0,0,0,1,0.573,0.965080896043587,1995,19
42,0,1,0,0,1,0,0.9761,0.013,0,0,0,0,0,0,0,0,1,0,1,0,0,0,1,0,0,0,0,0,0,1,0,0,0,0,0,0,0,1,0,0,0.0,5.337538079701318,0.0,208.0,60.5,0,0,0,0,0,0,0,0,0,1,0,0,0,0,0,1,0,0,0,0,0,0,0,0,0,0,0,0,0,0,0,1,0.573,0.965080896043587,1995,19
42,1,0,0,1,0,0,0.9616,0.0288,0,0,0,0,0,1,0,0,0,0,1,0,0,0,1,0,0,0,0,0,0,1,0,0,0,0,0,0,0,1,0,0,0.0,4.290459441148391,0.0,73.0,54.5,0,0,0,0,0,0,1,0,0,0,0,0,0,0,0,1,0,0,0,0,0,0,0,0,0,0,0,0,0,0,0,1,0.573,0.965080896043587,1995,19
42,1,0,0,1,0,0,0.9933,0.0231,1,0,0,0,0,0,0,0,0,0,0,0,1,0,1,0,0,0,0,0,0,1,0,0,0,0,0,0,0,1,0,0,0.0,4.290459441148391,0.0,73.0,54.5,0,0,0,0,0,0,1,0,0,0,0,0,0,0,0,1,0,0,0,0,0,0,0,0,0,0,0,0,0,0,0,1,0.573,0.965080896043587,1995,19
42,1,0,0,1,0,0,0.9849,0.0258,0,0,0,1,0,0,0,0,0,0,1,0,0,0,1,0,0,0,0,0,0,1,0,0,0,0,0,0,0,1,0,0,0.0,4.290459441148391,0.0,73.0,54.5,0,0,0,0,0,0,1,0,0,0,0,0,0,0,0,1,0,0,0,0,0,0,0,0,0,0,0,0,0,0,0,1,0.573,0.965080896043587,1995,19
42,1,0,0,1,0,0,0.9084,0.0491,0,0,0,0,1,0,0,0,0,0,1,0,0,0,1,0,0,0,0,0,0,1,0,0,0,0,0,0,0,1,0,0,0.0,4.290459441148391,0.0,73.0,54.5,0,0,0,0,0,0,1,0,0,0,0,0,0,0,0,1,0,0,0,0,0,0,0,0,0,0,0,0,0,0,0,1,0.573,0.965080896043587,1995,19
42,1,0,0,1,0,0,0.9567,0.024,0,0,0,0,0,0,1,0,0,0,1,0,0,0,1,0,0,0,0,0,0,1,0,0,0,0,0,0,0,1,0,0,0.0,4.290459441148391,0.0,73.0,54.5,0,0,0,0,0,0,1,0,0,0,0,0,0,0,0,1,0,0,0,0,0,0,0,0,0,0,0,0,0,0,0,1,0.573,0.965080896043587,1995,19
42,1,0,0,1,0,0,0.9608,0.0232,0,0,0,0,0,0,0,1,0,0,0,1,0,0,1,0,0,0,0,0,0,1,0,0,0,0,0,0,0,1,0,0,0.0,4.290459441148391,0.0,73.0,54.5,0,0,0,0,0,0,1,0,0,0,0,0,0,0,0,1,0,0,0,0,0,0,0,0,0,0,0,0,0,0,0,1,0.573,0.965080896043587,1995,19
42,1,0,0,1,0,0,0.9728,0.022,0,0,0,0,0,0,0,0,1,0,1,0,0,0,1,0,0,0,0,0,0,1,0,0,0,0,0,0,0,1,0,0,0.0,4.290459441148391,0.0,73.0,54.5,0,0,0,0,0,0,1,0,0,0,0,0,0,0,0,1,0,0,0,0,0,0,0,0,0,0,0,0,0,0,0,1,0.573,0.965080896043587,1995,19
42,0,1,0,0,1,0,0.156,1.1849,0,0,0,0,0,1,0,0,0,0,1,0,0,0,1,0,0,0,0,0,0,1,0,0,0,0,0,0,0,1,0,0,0.0,4.290459441148391,0.0,73.0,54.5,0,0,0,0,0,0,1,0,0,0,0,0,0,0,0,1,0,0,0,0,0,0,0,0,0,0,0,0,0,0,0,1,0.573,0.965080896043587,1995,19
42,0,1,0,0,1,0,-0.7231,1.0768,1,0,0,0,0,0,0,0,0,0,0,0,1,0,1,0,0,0,0,0,0,1,0,0,0,0,0,0,0,1,0,0,0.0,4.290459441148391,0.0,73.0,54.5,0,0,0,0,0,0,1,0,0,0,0,0,0,0,0,1,0,0,0,0,0,0,0,0,0,0,0,0,0,0,0,1,0.573,0.965080896043587,1995,19
42,0,1,0,0,1,0,-1.3069,1.9066,0,0,0,1,0,0,0,0,0,0,1,0,0,0,1,0,0,0,0,0,0,1,0,0,0,0,0,0,0,1,0,0,0.0,4.290459441148391,0.0,73.0,54.5,0,0,0,0,0,0,1,0,0,0,0,0,0,0,0,1,0,0,0,0,0,0,0,0,0,0,0,0,0,0,0,1,0.573,0.965080896043587,1995,19
42,0,1,0,0,1,0,-1.0188,1.205,0,0,0,0,1,0,0,0,0,0,1,0,0,0,1,0,0,0,0,0,0,1,0,0,0,0,0,0,0,1,0,0,0.0,4.290459441148391,0.0,73.0,54.5,0,0,0,0,0,0,1,0,0,0,0,0,0,0,0,1,0,0,0,0,0,0,0,0,0,0,0,0,0,0,0,1,0.573,0.965080896043587,1995,19
42,0,1,0,0,1,0,-0.3301,0.6033,0,0,0,0,0,0,1,0,0,0,1,0,0,0,1,0,0,0,0,0,0,1,0,0,0,0,0,0,0,1,0,0,0.0,4.290459441148391,0.0,73.0,54.5,0,0,0,0,0,0,1,0,0,0,0,0,0,0,0,1,0,0,0,0,0,0,0,0,0,0,0,0,0,0,0,1,0.573,0.965080896043587,1995,19
42,0,1,0,0,1,0,0.4136,0.6819,0,0,0,0,0,0,0,1,0,0,0,1,0,0,1,0,0,0,0,0,0,1,0,0,0,0,0,0,0,1,0,0,0.0,4.290459441148391,0.0,73.0,54.5,0,0,0,0,0,0,1,0,0,0,0,0,0,0,0,1,0,0,0,0,0,0,0,0,0,0,0,0,0,0,0,1,0.573,0.965080896043587,1995,19
42,0,1,0,0,1,0,-2.0781,1.7534,0,0,0,0,0,0,0,0,1,0,1,0,0,0,1,0,0,0,0,0,0,1,0,0,0,0,0,0,0,1,0,0,0.0,4.290459441148391,0.0,73.0,54.5,0,0,0,0,0,0,1,0,0,0,0,0,0,0,0,1,0,0,0,0,0,0,0,0,0,0,0,0,0,0,0,1,0.573,0.965080896043587,1995,19
42,0,1,0,0,1,0,0.9558,0.0326,0,0,0,0,0,1,0,0,0,0,1,0,0,0,1,0,0,0,0,0,0,1,0,0,0,0,0,0,0,1,0,0,0.0,4.290459441148391,0.0,73.0,54.5,0,0,0,0,0,0,0,0,0,1,0,0,0,0,0,1,0,0,0,0,0,0,0,0,0,0,0,0,0,0,0,1,0.573,0.965080896043587,1995,19
42,0,1,0,0,1,0,0.9959,0.0218,1,0,0,0,0,0,0,0,0,0,0,0,1,0,1,0,0,0,0,0,0,1,0,0,0,0,0,0,0,1,0,0,0.0,4.290459441148391,0.0,73.0,54.5,0,0,0,0,0,0,0,0,0,1,0,0,0,0,0,1,0,0,0,0,0,0,0,0,0,0,0,0,0,0,0,1,0.573,0.965080896043587,1995,19
42,0,1,0,0,1,0,0.9887,0.0234,0,0,0,1,0,0,0,0,0,0,1,0,0,0,1,0,0,0,0,0,0,1,0,0,0,0,0,0,0,1,0,0,0.0,4.290459441148391,0.0,73.0,54.5,0,0,0,0,0,0,0,0,0,1,0,0,0,0,0,1,0,0,0,0,0,0,0,0,0,0,0,0,0,0,0,1,0.573,0.965080896043587,1995,19
42,0,1,0,0,1,0,0.9416,0.0382,0,0,0,0,1,0,0,0,0,0,1,0,0,0,1,0,0,0,0,0,0,1,0,0,0,0,0,0,0,1,0,0,0.0,4.290459441148391,0.0,73.0,54.5,0,0,0,0,0,0,0,0,0,1,0,0,0,0,0,1,0,0,0,0,0,0,0,0,0,0,0,0,0,0,0,1,0.573,0.965080896043587,1995,19
42,0,1,0,0,1,0,0.954,0.0257,0,0,0,0,0,0,1,0,0,0,1,0,0,0,1,0,0,0,0,0,0,1,0,0,0,0,0,0,0,1,0,0,0.0,4.290459441148391,0.0,73.0,54.5,0,0,0,0,0,0,0,0,0,1,0,0,0,0,0,1,0,0,0,0,0,0,0,0,0,0,0,0,0,0,0,1,0.573,0.965080896043587,1995,19
42,0,1,0,0,1,0,0.9566,0.0264,0,0,0,0,0,0,0,1,0,0,0,1,0,0,1,0,0,0,0,0,0,1,0,0,0,0,0,0,0,1,0,0,0.0,4.290459441148391,0.0,73.0,54.5,0,0,0,0,0,0,0,0,0,1,0,0,0,0,0,1,0,0,0,0,0,0,0,0,0,0,0,0,0,0,0,1,0.573,0.965080896043587,1995,19
42,0,1,0,0,1,0,0.9755,0.0198,0,0,0,0,0,0,0,0,1,0,1,0,0,0,1,0,0,0,0,0,0,1,0,0,0,0,0,0,0,1,0,0,0.0,4.290459441148391,0.0,73.0,54.5,0,0,0,0,0,0,0,0,0,1,0,0,0,0,0,1,0,0,0,0,0,0,0,0,0,0,0,0,0,0,0,1,0.573,0.965080896043587,1995,19
42,1,0,0,1,0,0,0.9795,0.0192,0,0,0,0,0,1,0,0,0,0,1,0,0,0,1,0,0,0,0,0,0,1,0,0,0,0,0,0,0,1,0,0,0.0,4.23410650459726,0.0,69.0,60.5,0,0,0,0,0,0,1,0,0,0,0,0,0,0,0,1,0,0,0,0,0,0,0,0,0,0,0,0,0,0,0,1,0.573,0.965080896043587,1995,19
42,1,0,0,1,0,0,0.9704,0.0342,1,0,0,0,0,0,0,0,0,0,0,0,1,0,1,0,0,0,0,0,0,1,0,0,0,0,0,0,0,1,0,0,0.0,4.23410650459726,0.0,69.0,60.5,0,0,0,0,0,0,1,0,0,0,0,0,0,0,0,1,0,0,0,0,0,0,0,0,0,0,0,0,0,0,0,1,0.573,0.965080896043587,1995,19
42,1,0,0,1,0,0,0.9508,0.024,0,0,0,1,0,0,0,0,0,0,1,0,0,0,1,0,0,0,0,0,0,1,0,0,0,0,0,0,0,1,0,0,0.0,4.23410650459726,0.0,69.0,60.5,0,0,0,0,0,0,1,0,0,0,0,0,0,0,0,1,0,0,0,0,0,0,0,0,0,0,0,0,0,0,0,1,0.573,0.965080896043587,1995,19
42,1,0,0,1,0,0,0.9689,0.015,0,0,0,0,1,0,0,0,0,0,1,0,0,0,1,0,0,0,0,0,0,1,0,0,0,0,0,0,0,1,0,0,0.0,4.23410650459726,0.0,69.0,60.5,0,0,0,0,0,0,1,0,0,0,0,0,0,0,0,1,0,0,0,0,0,0,0,0,0,0,0,0,0,0,0,1,0.573,0.965080896043587,1995,19
42,1,0,0,1,0,0,0.9784,0.013,0,0,0,0,0,0,1,0,0,0,1,0,0,0,1,0,0,0,0,0,0,1,0,0,0,0,0,0,0,1,0,0,0.0,4.23410650459726,0.0,69.0,60.5,0,0,0,0,0,0,1,0,0,0,0,0,0,0,0,1,0,0,0,0,0,0,0,0,0,0,0,0,0,0,0,1,0.573,0.965080896043587,1995,19
42,1,0,0,1,0,0,0.8898,0.0329,0,0,0,0,0,0,0,1,0,0,0,1,0,0,1,0,0,0,0,0,0,1,0,0,0,0,0,0,0,1,0,0,0.0,4.23410650459726,0.0,69.0,60.5,0,0,0,0,0,0,1,0,0,0,0,0,0,0,0,1,0,0,0,0,0,0,0,0,0,0,0,0,0,0,0,1,0.573,0.965080896043587,1995,19
42,1,0,0,1,0,0,0.9286,0.0329,0,0,0,0,0,0,0,0,1,0,1,0,0,0,1,0,0,0,0,0,0,1,0,0,0,0,0,0,0,1,0,0,0.0,4.23410650459726,0.0,69.0,60.5,0,0,0,0,0,0,1,0,0,0,0,0,0,0,0,1,0,0,0,0,0,0,0,0,0,0,0,0,0,0,0,1,0.573,0.965080896043587,1995,19
42,0,1,0,0,1,0,-4.3515,1.426,0,0,0,0,0,1,0,0,0,0,1,0,0,0,1,0,0,0,0,0,0,1,0,0,0,0,0,0,0,1,0,0,0.0,4.23410650459726,0.0,69.0,60.5,0,0,0,0,0,0,1,0,0,0,0,0,0,0,0,1,0,0,0,0,0,0,0,0,0,0,0,0,0,0,0,1,0.573,0.965080896043587,1995,19
42,0,1,0,0,1,0,-1.7545,1.0579,1,0,0,0,0,0,0,0,0,0,0,0,1,0,1,0,0,0,0,0,0,1,0,0,0,0,0,0,0,1,0,0,0.0,4.23410650459726,0.0,69.0,60.5,0,0,0,0,0,0,1,0,0,0,0,0,0,0,0,1,0,0,0,0,0,0,0,0,0,0,0,0,0,0,0,1,0.573,0.965080896043587,1995,19
42,0,1,0,0,1,0,-3.283,2.3037,0,0,0,1,0,0,0,0,0,0,1,0,0,0,1,0,0,0,0,0,0,1,0,0,0,0,0,0,0,1,0,0,0.0,4.23410650459726,0.0,69.0,60.5,0,0,0,0,0,0,1,0,0,0,0,0,0,0,0,1,0,0,0,0,0,0,0,0,0,0,0,0,0,0,0,1,0.573,0.965080896043587,1995,19
42,0,1,0,0,1,0,-0.6666,0.9504,0,0,0,0,1,0,0,0,0,0,1,0,0,0,1,0,0,0,0,0,0,1,0,0,0,0,0,0,0,1,0,0,0.0,4.23410650459726,0.0,69.0,60.5,0,0,0,0,0,0,1,0,0,0,0,0,0,0,0,1,0,0,0,0,0,0,0,0,0,0,0,0,0,0,0,1,0.573,0.965080896043587,1995,19
42,0,1,0,0,1,0,-1.0176,0.7952,0,0,0,0,0,0,1,0,0,0,1,0,0,0,1,0,0,0,0,0,0,1,0,0,0,0,0,0,0,1,0,0,0.0,4.23410650459726,0.0,69.0,60.5,0,0,0,0,0,0,1,0,0,0,0,0,0,0,0,1,0,0,0,0,0,0,0,0,0,0,0,0,0,0,0,1,0.573,0.965080896043587,1995,19
42,0,1,0,0,1,0,-3.7213,3.1858,0,0,0,0,0,0,0,1,0,0,0,1,0,0,1,0,0,0,0,0,0,1,0,0,0,0,0,0,0,1,0,0,0.0,4.23410650459726,0.0,69.0,60.5,0,0,0,0,0,0,1,0,0,0,0,0,0,0,0,1,0,0,0,0,0,0,0,0,0,0,0,0,0,0,0,1,0.573,0.965080896043587,1995,19
42,0,1,0,0,1,0,-3.3444,1.7188,0,0,0,0,0,0,0,0,1,0,1,0,0,0,1,0,0,0,0,0,0,1,0,0,0,0,0,0,0,1,0,0,0.0,4.23410650459726,0.0,69.0,60.5,0,0,0,0,0,0,1,0,0,0,0,0,0,0,0,1,0,0,0,0,0,0,0,0,0,0,0,0,0,0,0,1,0.573,0.965080896043587,1995,19
42,0,1,0,0,1,0,0.9774,0.0208,0,0,0,0,0,1,0,0,0,0,1,0,0,0,1,0,0,0,0,0,0,1,0,0,0,0,0,0,0,1,0,0,0.0,4.23410650459726,0.0,69.0,60.5,0,0,0,0,0,0,0,0,0,1,0,0,0,0,0,1,0,0,0,0,0,0,0,0,0,0,0,0,0,0,0,1,0.573,0.965080896043587,1995,19
42,0,1,0,0,1,0,0.9773,0.0315,1,0,0,0,0,0,0,0,0,0,0,0,1,0,1,0,0,0,0,0,0,1,0,0,0,0,0,0,0,1,0,0,0.0,4.23410650459726,0.0,69.0,60.5,0,0,0,0,0,0,0,0,0,1,0,0,0,0,0,1,0,0,0,0,0,0,0,0,0,0,0,0,0,0,0,1,0.573,0.965080896043587,1995,19
42,0,1,0,0,1,0,0.951,0.0241,0,0,0,1,0,0,0,0,0,0,1,0,0,0,1,0,0,0,0,0,0,1,0,0,0,0,0,0,0,1,0,0,0.0,4.23410650459726,0.0,69.0,60.5,0,0,0,0,0,0,0,0,0,1,0,0,0,0,0,1,0,0,0,0,0,0,0,0,0,0,0,0,0,0,0,1,0.573,0.965080896043587,1995,19
42,0,1,0,0,1,0,0.9783,0.013,0,0,0,0,1,0,0,0,0,0,1,0,0,0,1,0,0,0,0,0,0,1,0,0,0,0,0,0,0,1,0,0,0.0,4.23410650459726,0.0,69.0,60.5,0,0,0,0,0,0,0,0,0,1,0,0,0,0,0,1,0,0,0,0,0,0,0,0,0,0,0,0,0,0,0,1,0.573,0.965080896043587,1995,19
42,0,1,0,0,1,0,0.9736,0.0256,0,0,0,0,0,0,1,0,0,0,1,0,0,0,1,0,0,0,0,0,0,1,0,0,0,0,0,0,0,1,0,0,0.0,4.23410650459726,0.0,69.0,60.5,0,0,0,0,0,0,0,0,0,1,0,0,0,0,0,1,0,0,0,0,0,0,0,0,0,0,0,0,0,0,0,1,0.573,0.965080896043587,1995,19
42,0,1,0,0,1,0,0.8926,0.0322,0,0,0,0,0,0,0,1,0,0,0,1,0,0,1,0,0,0,0,0,0,1,0,0,0,0,0,0,0,1,0,0,0.0,4.23410650459726,0.0,69.0,60.5,0,0,0,0,0,0,0,0,0,1,0,0,0,0,0,1,0,0,0,0,0,0,0,0,0,0,0,0,0,0,0,1,0.573,0.965080896043587,1995,19
42,0,1,0,0,1,0,0.9204,0.0379,0,0,0,0,0,0,0,0,1,0,1,0,0,0,1,0,0,0,0,0,0,1,0,0,0,0,0,0,0,1,0,0,0.0,4.23410650459726,0.0,69.0,60.5,0,0,0,0,0,0,0,0,0,1,0,0,0,0,0,1,0,0,0,0,0,0,0,0,0,0,0,0,0,0,0,1,0.573,0.965080896043587,1995,19
42,1,0,0,1,0,0,0.9,0.0461,0,0,0,0,0,1,0,0,0,0,1,0,0,0,1,0,0,0,0,0,0,1,0,0,0,0,0,0,0,1,0,0,0.0,4.189654742026425,0.0,66.0,66.0,0,0,0,0,0,0,1,0,0,0,0,0,0,0,0,1,0,0,0,0,0,0,0,0,0,0,0,0,0,0,0,1,0.573,0.965080896043587,1995,19
42,1,0,0,1,0,0,0.996,0.02,1,0,0,0,0,0,0,0,0,0,0,0,1,0,1,0,0,0,0,0,0,1,0,0,0,0,0,0,0,1,0,0,0.0,4.189654742026425,0.0,66.0,66.0,0,0,0,0,0,0,1,0,0,0,0,0,0,0,0,1,0,0,0,0,0,0,0,0,0,0,0,0,0,0,0,1,0.573,0.965080896043587,1995,19
42,1,0,0,1,0,0,0.9105,0.0324,0,0,0,1,0,0,0,0,0,0,1,0,0,0,1,0,0,0,0,0,0,1,0,0,0,0,0,0,0,1,0,0,0.0,4.189654742026425,0.0,66.0,66.0,0,0,0,0,0,0,1,0,0,0,0,0,0,0,0,1,0,0,0,0,0,0,0,0,0,0,0,0,0,0,0,1,0.573,0.965080896043587,1995,19
42,1,0,0,1,0,0,0.8818,0.0369,0,0,0,0,1,0,0,0,0,0,1,0,0,0,1,0,0,0,0,0,0,1,0,0,0,0,0,0,0,1,0,0,0.0,4.189654742026425,0.0,66.0,66.0,0,0,0,0,0,0,1,0,0,0,0,0,0,0,0,1,0,0,0,0,0,0,0,0,0,0,0,0,0,0,0,1,0.573,0.965080896043587,1995,19
42,1,0,0,1,0,0,0.9734,0.0256,0,0,0,0,0,0,1,0,0,0,1,0,0,0,1,0,0,0,0,0,0,1,0,0,0,0,0,0,0,1,0,0,0.0,4.189654742026425,0.0,66.0,66.0,0,0,0,0,0,0,1,0,0,0,0,0,0,0,0,1,0,0,0,0,0,0,0,0,0,0,0,0,0,0,0,1,0.573,0.965080896043587,1995,19
42,1,0,0,1,0,0,1.0065,0.016,0,0,0,0,0,0,0,1,0,0,0,1,0,0,1,0,0,0,0,0,0,1,0,0,0,0,0,0,0,1,0,0,0.0,4.189654742026425,0.0,66.0,66.0,0,0,0,0,0,0,1,0,0,0,0,0,0,0,0,1,0,0,0,0,0,0,0,0,0,0,0,0,0,0,0,1,0.573,0.965080896043587,1995,19
42,1,0,0,1,0,0,0.9107,0.0346,0,0,0,0,0,0,0,0,1,0,1,0,0,0,1,0,0,0,0,0,0,1,0,0,0,0,0,0,0,1,0,0,0.0,4.189654742026425,0.0,66.0,66.0,0,0,0,0,0,0,1,0,0,0,0,0,0,0,0,1,0,0,0,0,0,0,0,0,0,0,0,0,0,0,0,1,0.573,0.965080896043587,1995,19
42,0,1,0,0,1,0,-2.525,2.0304,0,0,0,0,0,1,0,0,0,0,1,0,0,0,1,0,0,0,0,0,0,1,0,0,0,0,0,0,0,1,0,0,0.0,4.189654742026425,0.0,66.0,66.0,0,0,0,0,0,0,1,0,0,0,0,0,0,0,0,1,0,0,0,0,0,0,0,0,0,0,0,0,0,0,0,1,0.573,0.965080896043587,1995,19
42,0,1,0,0,1,0,-0.8272,1.2727,1,0,0,0,0,0,0,0,0,0,0,0,1,0,1,0,0,0,0,0,0,1,0,0,0,0,0,0,0,1,0,0,0.0,4.189654742026425,0.0,66.0,66.0,0,0,0,0,0,0,1,0,0,0,0,0,0,0,0,1,0,0,0,0,0,0,0,0,0,0,0,0,0,0,0,1,0.573,0.965080896043587,1995,19
42,0,1,0,0,1,0,1.1489,3.1232,0,0,0,1,0,0,0,0,0,0,1,0,0,0,1,0,0,0,0,0,0,1,0,0,0,0,0,0,0,1,0,0,0.0,4.189654742026425,0.0,66.0,66.0,0,0,0,0,0,0,1,0,0,0,0,0,0,0,0,1,0,0,0,0,0,0,0,0,0,0,0,0,0,0,0,1,0.573,0.965080896043587,1995,19
42,0,1,0,0,1,0,-1.4659,2.2146,0,0,0,0,1,0,0,0,0,0,1,0,0,0,1,0,0,0,0,0,0,1,0,0,0,0,0,0,0,1,0,0,0.0,4.189654742026425,0.0,66.0,66.0,0,0,0,0,0,0,1,0,0,0,0,0,0,0,0,1,0,0,0,0,0,0,0,0,0,0,0,0,0,0,0,1,0.573,0.965080896043587,1995,19
42,0,1,0,0,1,0,-0.299,1.2808,0,0,0,0,0,0,1,0,0,0,1,0,0,0,1,0,0,0,0,0,0,1,0,0,0,0,0,0,0,1,0,0,0.0,4.189654742026425,0.0,66.0,66.0,0,0,0,0,0,0,1,0,0,0,0,0,0,0,0,1,0,0,0,0,0,0,0,0,0,0,0,0,0,0,0,1,0.573,0.965080896043587,1995,19
42,0,1,0,0,1,0,-9.2262,2.8577,0,0,0,0,0,0,0,1,0,0,0,1,0,0,1,0,0,0,0,0,0,1,0,0,0,0,0,0,0,1,0,0,0.0,4.189654742026425,0.0,66.0,66.0,0,0,0,0,0,0,1,0,0,0,0,0,0,0,0,1,0,0,0,0,0,0,0,0,0,0,0,0,0,0,0,1,0.573,0.965080896043587,1995,19
42,0,1,0,0,1,0,-1.388,2.5405,0,0,0,0,0,0,0,0,1,0,1,0,0,0,1,0,0,0,0,0,0,1,0,0,0,0,0,0,0,1,0,0,0.0,4.189654742026425,0.0,66.0,66.0,0,0,0,0,0,0,1,0,0,0,0,0,0,0,0,1,0,0,0,0,0,0,0,0,0,0,0,0,0,0,0,1,0.573,0.965080896043587,1995,19
42,0,1,0,0,1,0,0.8759,0.0607,0,0,0,0,0,1,0,0,0,0,1,0,0,0,1,0,0,0,0,0,0,1,0,0,0,0,0,0,0,1,0,0,0.0,4.189654742026425,0.0,66.0,66.0,0,0,0,0,0,0,0,0,0,1,0,0,0,0,0,1,0,0,0,0,0,0,0,0,0,0,0,0,0,0,0,1,0.573,0.965080896043587,1995,19
42,0,1,0,0,1,0,0.9978,0.0184,1,0,0,0,0,0,0,0,0,0,0,0,1,0,1,0,0,0,0,0,0,1,0,0,0,0,0,0,0,1,0,0,0.0,4.189654742026425,0.0,66.0,66.0,0,0,0,0,0,0,0,0,0,1,0,0,0,0,0,1,0,0,0,0,0,0,0,0,0,0,0,0,0,0,0,1,0.573,0.965080896043587,1995,19
42,0,1,0,0,1,0,0.913,0.0317,0,0,0,1,0,0,0,0,0,0,1,0,0,0,1,0,0,0,0,0,0,1,0,0,0,0,0,0,0,1,0,0,0.0,4.189654742026425,0.0,66.0,66.0,0,0,0,0,0,0,0,0,0,1,0,0,0,0,0,1,0,0,0,0,0,0,0,0,0,0,0,0,0,0,0,1,0.573,0.965080896043587,1995,19
42,0,1,0,0,1,0,0.8854,0.0365,0,0,0,0,1,0,0,0,0,0,1,0,0,0,1,0,0,0,0,0,0,1,0,0,0,0,0,0,0,1,0,0,0.0,4.189654742026425,0.0,66.0,66.0,0,0,0,0,0,0,0,0,0,1,0,0,0,0,0,1,0,0,0,0,0,0,0,0,0,0,0,0,0,0,0,1,0.573,0.965080896043587,1995,19
42,0,1,0,0,1,0,0.9736,0.0256,0,0,0,0,0,0,1,0,0,0,1,0,0,0,1,0,0,0,0,0,0,1,0,0,0,0,0,0,0,1,0,0,0.0,4.189654742026425,0.0,66.0,66.0,0,0,0,0,0,0,0,0,0,1,0,0,0,0,0,1,0,0,0,0,0,0,0,0,0,0,0,0,0,0,0,1,0.573,0.965080896043587,1995,19
42,0,1,0,0,1,0,1.0055,0.0168,0,0,0,0,0,0,0,1,0,0,0,1,0,0,1,0,0,0,0,0,0,1,0,0,0,0,0,0,0,1,0,0,0.0,4.189654742026425,0.0,66.0,66.0,0,0,0,0,0,0,0,0,0,1,0,0,0,0,0,1,0,0,0,0,0,0,0,0,0,0,0,0,0,0,0,1,0.573,0.965080896043587,1995,19
42,0,1,0,0,1,0,0.9062,0.0379,0,0,0,0,0,0,0,0,1,0,1,0,0,0,1,0,0,0,0,0,0,1,0,0,0,0,0,0,0,1,0,0,0.0,4.189654742026425,0.0,66.0,66.0,0,0,0,0,0,0,0,0,0,1,0,0,0,0,0,1,0,0,0,0,0,0,0,0,0,0,0,0,0,0,0,1,0.573,0.965080896043587,1995,19
51,0,1,0,0,1,0,-1.716,0.75,0,0,0,0,0,1,0,0,0,0,1,0,0,0,1,0,0,0,0,0,0,1,0,0,0,0,0,0,0,1,0,0,0.0,5.497168225293202,0.0,244.0,61.0,0,0,0,0,0,0,1,0,0,0,0,0,0,0,0,1,0,0,0,0,0,0,0,0,0,0,0,0,0,0,0,1,0.573,1.252762968495368,1997,21
51,0,1,0,0,1,0,-0.143,0.506,0,0,0,0,0,0,0,1,0,0,0,1,0,0,1,0,0,0,0,0,0,1,0,0,0,0,0,0,0,1,0,0,0.0,5.497168225293202,0.0,244.0,61.0,0,0,0,0,0,0,1,0,0,0,0,0,0,0,0,1,0,0,0,0,0,0,0,0,0,0,0,0,0,0,0,1,0.573,1.252762968495368,1997,21
51,0,1,0,0,1,0,-0.836,0.917,0,0,0,1,0,0,0,0,0,0,1,0,0,0,1,0,0,0,0,0,0,1,0,0,0,0,0,0,0,1,0,0,0.0,5.497168225293202,0.0,244.0,61.0,0,0,0,0,0,0,1,0,0,0,0,0,0,0,0,1,0,0,0,0,0,0,0,0,0,0,0,0,0,0,0,1,0.573,1.252762968495368,1997,21
51,0,1,0,0,1,0,-0.655,0.79,0,0,0,0,1,0,0,0,0,0,1,0,0,0,1,0,0,0,0,0,0,1,0,0,0,0,0,0,0,1,0,0,0.0,5.497168225293202,0.0,244.0,61.0,0,0,0,0,0,0,1,0,0,0,0,0,0,0,0,1,0,0,0,0,0,0,0,0,0,0,0,0,0,0,0,1,0.573,1.252762968495368,1997,21
51,0,1,0,0,1,0,-1.363,0.458,1,0,0,0,0,0,0,0,0,0,0,0,1,0,1,0,0,0,0,0,0,1,0,0,0,0,0,0,0,1,0,0,0.0,5.497168225293202,0.0,244.0,61.0,0,0,0,0,0,0,1,0,0,0,0,0,0,0,0,1,0,0,0,0,0,0,0,0,0,0,0,0,0,0,0,1,0.573,1.252762968495368,1997,21
51,0,1,0,0,1,0,-0.898,0.793,0,0,0,0,0,1,0,0,0,0,1,0,0,0,0,0,0,0,0,1,0,1,0,0,0,0,0,0,0,1,0,0,0.0,5.497168225293202,0.0,244.0,61.0,0,0,0,0,0,0,1,0,0,0,0,0,0,0,0,1,0,0,0,0,0,0,0,0,0,0,0,0,0,0,0,1,0.573,1.252762968495368,1997,21
51,0,1,0,0,1,0,0.367,0.349,0,0,0,0,0,0,0,1,0,0,0,1,0,0,0,0,0,0,0,1,0,1,0,0,0,0,0,0,0,1,0,0,0.0,5.497168225293202,0.0,244.0,61.0,0,0,0,0,0,0,1,0,0,0,0,0,0,0,0,1,0,0,0,0,0,0,0,0,0,0,0,0,0,0,0,1,0.573,1.252762968495368,1997,21
51,0,1,0,0,1,0,0.935,0.336,0,0,0,0,1,0,0,0,0,0,1,0,0,0,0,0,0,0,0,1,0,1,0,0,0,0,0,0,0,1,0,0,0.0,5.497168225293202,0.0,244.0,61.0,0,0,0,0,0,0,1,0,0,0,0,0,0,0,0,1,0,0,0,0,0,0,0,0,0,0,0,0,0,0,0,1,0.573,1.252762968495368,1997,21
51,0,1,0,0,1,0,-1.319,0.974,1,0,0,0,0,0,0,0,0,0,0,0,1,0,0,0,0,0,0,1,0,1,0,0,0,0,0,0,0,1,0,0,0.0,5.497168225293202,0.0,244.0,61.0,0,0,0,0,0,0,1,0,0,0,0,0,0,0,0,1,0,0,0,0,0,0,0,0,0,0,0,0,0,0,0,1,0.573,1.252762968495368,1997,21
51,0,1,0,0,1,0,-0.128,0.611,0,0,0,0,0,1,0,0,0,0,1,0,0,0,0,0,1,0,0,0,0,1,0,0,0,0,0,0,0,1,0,0,0.0,5.497168225293202,0.0,244.0,61.0,0,0,0,0,0,0,1,0,0,0,0,0,0,0,0,1,0,0,0,0,0,0,0,0,0,0,0,0,0,0,0,1,0.573,1.252762968495368,1997,21
51,0,1,0,0,1,0,-0.067,0.31,0,0,0,0,1,0,0,0,0,0,1,0,0,0,0,0,1,0,0,0,0,1,0,0,0,0,0,0,0,1,0,0,0.0,5.497168225293202,0.0,244.0,61.0,0,0,0,0,0,0,1,0,0,0,0,0,0,0,0,1,0,0,0,0,0,0,0,0,0,0,0,0,0,0,0,1,0.573,1.252762968495368,1997,21
51,0,1,0,0,1,0,-0.02,0.561,1,0,0,0,0,0,0,0,0,0,0,0,1,0,0,0,1,0,0,0,0,1,0,0,0,0,0,0,0,1,0,0,0.0,5.497168225293202,0.0,244.0,61.0,0,0,0,0,0,0,1,0,0,0,0,0,0,0,0,1,0,0,0,0,0,0,0,0,0,0,0,0,0,0,0,1,0.573,1.252762968495368,1997,21
52,0,1,0,0,1,0,-1.696,0.799,0,0,0,0,0,1,0,0,0,0,1,0,0,0,1,0,0,0,0,0,0,1,0,0,0,0,0,0,0,1,0,0,0.0,5.5093883366279774,0.0,247.0,64.0,0,0,0,0,0,0,0,0,0,1,0,0,0,0,0,1,0,0,0,0,0,0,0,0,0,0,0,0,1,0,0,0,0.573,1.8925641683500207,1997,21
52,0,1,0,0,1,0,-2.642,0.89,0,0,0,0,0,0,0,1,0,0,0,1,0,0,1,0,0,0,0,0,0,1,0,0,0,0,0,0,0,1,0,0,0.0,5.384495062789089,0.0,218.0,65.0,0,0,0,0,0,0,0,0,0,1,0,0,0,0,0,1,0,0,0,0,0,0,0,0,0,0,0,0,1,0,0,0,0.573,1.8925641683500207,1997,21
52,0,1,0,0,1,0,-1.386,0.596,1,0,0,0,0,0,0,0,0,0,0,0,1,0,1,0,0,0,0,0,0,1,0,0,0,0,0,0,0,1,0,0,0.0,5.5093883366279774,0.0,247.0,64.0,0,0,0,0,0,0,0,0,0,1,0,0,0,0,0,1,0,0,0,0,0,0,0,0,0,0,0,0,1,0,0,0,0.573,1.8925641683500207,1997,21
52,1,0,0,1,0,0,0.971,0.015,0,0,0,0,0,1,0,0,0,0,1,0,0,0,1,0,0,0,0,0,0,1,0,0,0,0,0,0,0,1,0,0,0.0,5.5093883366279774,0.0,247.0,64.0,0,0,0,0,0,0,1,0,0,0,0,0,0,0,0,1,0,0,0,0,0,0,0,0,0,0,0,0,1,0,0,0,0.573,1.8925641683500207,1997,21
52,1,0,0,1,0,0,0.999,0.008,0,0,0,0,0,0,0,1,0,0,0,1,0,0,1,0,0,0,0,0,0,1,0,0,0,0,0,0,0,1,0,0,0.0,5.384495062789089,0.0,218.0,65.0,0,0,0,0,0,0,1,0,0,0,0,0,0,0,0,1,0,0,0,0,0,0,0,0,0,0,0,0,1,0,0,0,0.573,1.8925641683500207,1997,21
52,1,0,0,1,0,0,0.983,0.01,1,0,0,0,0,0,0,0,0,0,0,0,1,0,1,0,0,0,0,0,0,1,0,0,0,0,0,0,0,1,0,0,0.0,5.5093883366279774,0.0,247.0,64.0,0,0,0,0,0,0,1,0,0,0,0,0,0,0,0,1,0,0,0,0,0,0,0,0,0,0,0,0,1,0,0,0,0.573,1.8925641683500207,1997,21
52,1,0,0,1,0,0,0.999,0.002,0,0,0,0,0,1,0,0,0,0,1,0,0,0,1,0,0,0,0,0,0,1,0,0,0,0,0,0,0,1,0,0,0.0,5.501258210544727,0.0,245.0,64.0,0,1,0,0,0,0,0,0,0,0,0,0,0,0,1,1,0,0,0,0,0,0,0,0,0,0,0,0,1,0,0,0,0.573,1.8925641683500207,1997,21
52,1,0,0,1,0,0,1.002,0.001,0,0,0,0,0,0,0,1,0,0,0,1,0,0,1,0,0,0,0,0,0,1,0,0,0,0,0,0,0,1,0,0,0.0,5.375278407684165,0.0,216.0,65.0,0,1,0,0,0,0,0,0,0,0,0,0,0,0,1,1,0,0,0,0,0,0,0,0,0,0,0,0,1,0,0,0,0.573,1.8925641683500207,1997,21
52,1,0,0,1,0,0,1.004,0.002,1,0,0,0,0,0,0,0,0,0,0,0,1,0,1,0,0,0,0,0,0,1,0,0,0,0,0,0,0,1,0,0,0.0,5.501258210544727,0.0,245.0,64.0,0,1,0,0,0,0,0,0,0,0,0,0,0,0,1,1,0,0,0,0,0,0,0,0,0,0,0,0,1,0,0,0,0.573,1.8925641683500207,1997,21
52,1,0,0,1,0,0,0.997,0.004,0,0,0,0,0,1,0,0,0,0,1,0,0,0,1,0,0,0,0,0,0,1,0,0,0,0,0,0,0,1,0,0,0.0,5.501258210544727,0.0,245.0,64.0,0,1,0,0,0,0,0,0,0,0,0,0,0,0,1,1,0,0,0,0,0,0,0,0,0,0,0,0,1,0,0,0,0.573,1.8925641683500207,1997,21
52,1,0,0,1,0,0,0.999,0.003,0,0,0,0,0,0,0,1,0,0,0,1,0,0,1,0,0,0,0,0,0,1,0,0,0,0,0,0,0,1,0,0,0.0,5.375278407684165,0.0,216.0,65.0,0,1,0,0,0,0,0,0,0,0,0,0,0,0,1,1,0,0,0,0,0,0,0,0,0,0,0,0,1,0,0,0,0.573,1.8925641683500207,1997,21
52,1,0,0,1,0,0,1.003,0.003,1,0,0,0,0,0,0,0,0,0,0,0,1,0,1,0,0,0,0,0,0,1,0,0,0,0,0,0,0,1,0,0,0.0,5.501258210544727,0.0,245.0,64.0,0,1,0,0,0,0,0,0,0,0,0,0,0,0,1,1,0,0,0,0,0,0,0,0,0,0,0,0,1,0,0,0,0.573,1.8925641683500207,1997,21
56,0,1,0,0,1,0,-0.17,0.22,1,0,0,0,0,0,0,0,0,0,0,0,1,0,1,0,0,0,0,0,0,1,0,0,0,0,0,1,0,0,0,0,3.4011973816621555,8.166500319155052,0.0,3521.0,81.5,1,0,0,0,0,0,1,0,0,0,0,0,0,0,0,1,0,0,0,0,0,0,0,0,0,0,0,0,1,0,0,0,0.573,1.5314763709643886,2011,35
56,0,1,0,0,1,0,0.58,0.18,0,1,0,0,0,0,0,0,0,0,0,1,0,0,1,0,0,0,0,0,0,1,0,0,0,0,0,1,0,0,0,0,3.4011973816621555,7.161622002939187,0.0,1289.0,85.5,1,0,0,0,0,0,1,0,0,0,0,0,0,0,0,1,0,0,0,0,0,0,0,0,0,0,0,0,1,0,0,0,0.573,1.5314763709643886,2011,35
56,0,1,0,0,1,0,0.19,0.15,0,1,0,0,0,0,0,0,0,0,0,1,0,0,1,0,0,0,0,0,0,1,0,0,0,0,0,1,0,0,0,0,3.4011973816621555,8.166500319155052,0.0,3521.0,81.5,1,0,0,0,0,0,1,0,0,0,0,0,0,0,0,1,0,0,0,0,0,0,0,0,0,0,0,0,1,0,0,0,0.573,1.5314763709643886,2011,35
56,0,1,0,0,1,0,-0.74,0.76,0,1,0,0,0,0,0,0,0,0,0,1,0,0,1,0,0,0,0,0,0,1,0,0,0,0,0,1,0,0,0,0,3.4011973816621555,8.109525659752872,0.0,3326.0,81.5,1,0,0,0,0,0,1,0,0,0,0,0,0,0,0,1,0,0,0,0,0,0,0,0,0,0,0,0,1,0,0,0,0.573,1.5314763709643886,2011,35
56,0,1,0,0,1,0,-0.21,0.72,0,0,0,0,0,0,0,1,0,0,0,1,0,0,1,0,0,0,0,0,0,1,0,0,0,0,0,1,0,0,0,0,3.4011973816621555,8.166500319155052,0.0,3521.0,81.5,1,0,0,0,0,0,1,0,0,0,0,0,0,0,0,1,0,0,0,0,0,0,0,0,0,0,0,0,1,0,0,0,0.573,1.5314763709643886,2011,35
56,0,1,0,0,1,0,0.01,0.91,1,0,0,0,0,0,0,0,0,0,0,1,0,0,1,0,0,0,0,0,0,1,0,0,0,0,0,1,0,0,0,0,3.4011973816621555,7.690743163541872,0.0,2188.0,84.0,1,0,0,0,0,0,1,0,0,0,0,0,0,0,0,1,0,0,0,0,0,0,0,0,0,0,0,0,1,0,0,0,0.573,1.5314763709643886,2011,35
56,0,1,0,0,1,0,1.01,0.4,0,1,0,0,0,0,0,0,0,0,0,1,0,0,1,0,0,0,0,0,0,1,0,0,0,0,0,1,0,0,0,0,3.4011973816621555,7.45182223652793,0.0,1723.0,81.5,1,0,0,0,0,0,1,0,0,0,0,0,0,0,0,1,0,0,0,0,0,0,0,0,0,0,0,0,1,0,0,0,0.573,1.5314763709643886,2011,35
56,0,1,0,0,1,0,-0.13,0.47,1,0,0,0,0,0,0,0,0,0,0,0,1,0,1,0,0,0,0,0,0,1,0,0,0,0,0,1,0,0,0,0,3.4011973816621555,8.166500319155052,0.0,3521.0,81.5,1,0,0,0,0,0,1,0,0,0,0,0,0,0,0,1,0,0,0,0,0,0,0,0,0,0,0,0,1,0,0,0,0.573,1.5314763709643886,2011,35
56,0,1,0,0,1,0,0.84,0.67,0,1,0,0,0,0,0,0,0,0,0,1,0,0,1,0,0,0,0,0,0,1,0,0,0,0,0,1,0,0,0,0,3.4011973816621555,8.166500319155052,0.0,3521.0,81.5,1,0,0,0,0,0,1,0,0,0,0,0,0,0,0,1,0,0,0,0,0,0,0,0,0,0,0,0,1,0,0,0,0.573,1.5314763709643886,2011,35
56,0,1,0,0,1,0,-0.45,0.77,0,1,0,0,0,0,0,0,0,0,0,1,0,0,1,0,0,0,0,0,0,1,0,0,0,0,0,1,0,0,0,0,3.4011973816621555,8.166500319155052,0.0,3521.0,81.5,1,0,0,0,0,0,1,0,0,0,0,0,0,0,0,1,0,0,0,0,0,0,0,0,0,0,0,0,1,0,0,0,0.573,1.5314763709643886,2011,35
56,0,1,0,0,1,0,0.29,0.16,0,1,0,0,0,0,0,0,0,0,0,1,0,0,1,0,0,0,0,0,0,1,0,0,0,0,0,1,0,0,0,0,3.4011973816621555,8.166500319155052,0.0,3521.0,81.5,1,0,0,0,0,0,1,0,0,0,0,0,0,0,0,1,0,0,0,0,0,0,0,0,0,0,0,0,1,0,0,0,0.573,1.5314763709643886,2011,35
56,0,1,0,0,1,0,0.58,0.26,0,1,0,0,0,0,0,0,0,0,0,1,0,0,1,0,0,0,0,0,0,1,0,0,0,0,0,1,0,0,0,0,3.4011973816621555,8.166500319155052,0.0,3521.0,81.5,1,0,0,0,0,0,1,0,0,0,0,0,0,0,0,1,0,0,0,0,0,0,0,0,0,0,0,0,1,0,0,0,0.573,1.5314763709643886,2011,35
56,0,1,0,0,1,0,1.11,0.71,1,0,0,0,0,0,0,0,0,0,0,0,1,0,1,0,0,0,0,0,0,1,0,0,0,0,0,1,0,0,0,0,3.4011973816621555,4.859812404361672,0.0,129.0,75.0,1,0,0,0,0,0,1,0,0,0,0,0,0,0,0,1,0,0,0,0,0,0,0,0,0,0,0,0,1,0,0,0,0.573,1.5314763709643886,2011,35
56,0,1,0,0,1,0,-1.0,3.09,0,1,0,0,0,0,0,0,0,0,0,1,0,0,1,0,0,0,0,0,0,1,0,0,0,0,0,1,0,0,0,0,3.4011973816621555,4.859812404361672,0.0,129.0,75.0,1,0,0,0,0,0,1,0,0,0,0,0,0,0,0,1,0,0,0,0,0,0,0,0,0,0,0,0,1,0,0,0,0.573,1.5314763709643886,2011,35
56,0,1,0,0,1,0,0.51,13.35,0,0,0,0,0,0,0,1,0,0,0,1,0,0,1,0,0,0,0,0,0,1,0,0,0,0,0,1,0,0,0,0,3.4011973816621555,4.859812404361672,0.0,129.0,75.0,1,0,0,0,0,0,1,0,0,0,0,0,0,0,0,1,0,0,0,0,0,0,0,0,0,0,0,0,1,0,0,0,0.573,1.5314763709643886,2011,35
56,0,1,0,0,1,0,1.22,0.35,0,1,0,0,0,0,0,0,0,0,0,1,0,0,1,0,0,0,0,0,0,1,0,0,0,0,0,1,0,0,0,0,3.4011973816621555,4.859812404361672,0.0,129.0,75.0,1,0,0,0,0,0,1,0,0,0,0,0,0,0,0,1,0,0,0,0,0,0,0,0,0,0,0,0,1,0,0,0,0.573,1.5314763709643886,2011,35
56,0,1,0,0,1,0,0.65,1.78,1,0,0,0,0,0,0,0,0,0,0,0,1,0,1,0,0,0,0,0,0,1,0,0,0,0,0,1,0,0,0,0,3.4011973816621555,4.859812404361672,0.0,129.0,75.0,1,0,0,0,0,0,1,0,0,0,0,0,0,0,0,1,0,0,0,0,0,0,0,0,0,0,0,0,1,0,0,0,0.573,1.5314763709643886,2011,35
56,0,1,0,0,1,0,0.15,0.28,0,1,0,0,0,0,0,0,0,0,0,1,0,0,1,0,0,0,0,0,0,1,0,0,0,0,0,1,0,0,0,0,3.4011973816621555,4.859812404361672,0.0,129.0,75.0,1,0,0,0,0,0,1,0,0,0,0,0,0,0,0,1,0,0,0,0,0,0,0,0,0,0,0,0,1,0,0,0,0.573,1.5314763709643886,2011,35
56,0,1,0,0,1,0,-4.53,3.36,0,1,0,0,0,0,0,0,0,0,0,1,0,0,1,0,0,0,0,0,0,1,0,0,0,0,0,1,0,0,0,0,3.4011973816621555,4.859812404361672,0.0,129.0,75.0,1,0,0,0,0,0,1,0,0,0,0,0,0,0,0,1,0,0,0,0,0,0,0,0,0,0,0,0,1,0,0,0,0.573,1.5314763709643886,2011,35
56,0,1,0,0,1,0,-0.56,0.96,0,1,0,0,0,0,0,0,0,0,0,1,0,0,1,0,0,0,0,0,0,1,0,0,0,0,0,1,0,0,0,0,3.4011973816621555,4.859812404361672,0.0,129.0,75.0,1,0,0,0,0,0,1,0,0,0,0,0,0,0,0,1,0,0,0,0,0,0,0,0,0,0,0,0,1,0,0,0,0.573,1.5314763709643886,2011,35
56,0,1,0,0,1,0,0.58,4.28,0,1,0,0,0,0,0,0,0,0,0,1,0,0,1,0,0,0,0,0,0,1,0,0,0,0,0,1,0,0,0,0,3.4011973816621555,4.859812404361672,0.0,129.0,75.0,1,0,0,0,0,0,1,0,0,0,0,0,0,0,0,1,0,0,0,0,0,0,0,0,0,0,0,0,1,0,0,0,0.573,1.5314763709643886,2011,35
56,0,1,0,0,1,0,0.86,0.39,1,0,0,0,0,0,0,0,0,0,0,0,1,0,1,0,0,0,0,0,0,1,0,0,0,0,0,1,0,0,0,0,3.4011973816621555,4.859812404361672,0.0,129.0,75.5,1,0,0,0,0,0,1,0,0,0,0,0,0,0,0,1,0,0,0,0,0,0,0,0,0,0,0,0,1,0,0,0,0.573,1.5314763709643886,2011,35
56,0,1,0,0,1,0,-2.96,2.05,0,1,0,0,0,0,0,0,0,0,0,1,0,0,1,0,0,0,0,0,0,1,0,0,0,0,0,1,0,0,0,0,3.4011973816621555,4.859812404361672,0.0,129.0,75.5,1,0,0,0,0,0,1,0,0,0,0,0,0,0,0,1,0,0,0,0,0,0,0,0,0,0,0,0,1,0,0,0,0.573,1.5314763709643886,2011,35
56,0,1,0,0,1,0,-2.14,1.25,0,1,0,0,0,0,0,0,0,0,0,1,0,0,1,0,0,0,0,0,0,1,0,0,0,0,0,1,0,0,0,0,3.4011973816621555,4.859812404361672,0.0,129.0,75.5,1,0,0,0,0,0,1,0,0,0,0,0,0,0,0,1,0,0,0,0,0,0,0,0,0,0,0,0,1,0,0,0,0.573,1.5314763709643886,2011,35
56,0,1,0,0,1,0,-0.19,4.64,0,0,0,0,0,0,0,1,0,0,0,1,0,0,1,0,0,0,0,0,0,1,0,0,0,0,0,1,0,0,0,0,3.4011973816621555,4.859812404361672,0.0,129.0,75.5,1,0,0,0,0,0,1,0,0,0,0,0,0,0,0,1,0,0,0,0,0,0,0,0,0,0,0,0,1,0,0,0,0.573,1.5314763709643886,2011,35
56,0,1,0,0,1,0,-0.85,0.66,0,1,0,0,0,0,0,0,0,0,0,1,0,0,1,0,0,0,0,0,0,1,0,0,0,0,0,1,0,0,0,0,3.4011973816621555,4.859812404361672,0.0,129.0,75.5,1,0,0,0,0,0,1,0,0,0,0,0,0,0,0,1,0,0,0,0,0,0,0,0,0,0,0,0,1,0,0,0,0.573,1.5314763709643886,2011,35
56,0,1,0,0,1,0,0.67,0.73,1,0,0,0,0,0,0,0,0,0,0,0,1,0,1,0,0,0,0,0,0,1,0,0,0,0,0,1,0,0,0,0,3.4011973816621555,4.859812404361672,0.0,129.0,75.5,1,0,0,0,0,0,1,0,0,0,0,0,0,0,0,1,0,0,0,0,0,0,0,0,0,0,0,0,1,0,0,0,0.573,1.5314763709643886,2011,35
56,0,1,0,0,1,0,0.47,1.9,0,1,0,0,0,0,0,0,0,0,0,1,0,0,1,0,0,0,0,0,0,1,0,0,0,0,0,1,0,0,0,0,3.4011973816621555,4.859812404361672,0.0,129.0,75.5,1,0,0,0,0,0,1,0,0,0,0,0,0,0,0,1,0,0,0,0,0,0,0,0,0,0,0,0,1,0,0,0,0.573,1.5314763709643886,2011,35
56,0,1,0,0,1,0,-1.42,1.11,0,1,0,0,0,0,0,0,0,0,0,1,0,0,1,0,0,0,0,0,0,1,0,0,0,0,0,1,0,0,0,0,3.4011973816621555,4.859812404361672,0.0,129.0,75.5,1,0,0,0,0,0,1,0,0,0,0,0,0,0,0,1,0,0,0,0,0,0,0,0,0,0,0,0,1,0,0,0,0.573,1.5314763709643886,2011,35
56,0,1,0,0,1,0,2.0,0.98,0,1,0,0,0,0,0,0,0,0,0,1,0,0,1,0,0,0,0,0,0,1,0,0,0,0,0,1,0,0,0,0,3.4011973816621555,4.859812404361672,0.0,129.0,75.5,1,0,0,0,0,0,1,0,0,0,0,0,0,0,0,1,0,0,0,0,0,0,0,0,0,0,0,0,1,0,0,0,0.573,1.5314763709643886,2011,35
56,0,1,0,0,1,0,-1.19,2.16,0,1,0,0,0,0,0,0,0,0,0,1,0,0,1,0,0,0,0,0,0,1,0,0,0,0,0,1,0,0,0,0,3.4011973816621555,4.859812404361672,0.0,129.0,75.5,1,0,0,0,0,0,1,0,0,0,0,0,0,0,0,1,0,0,0,0,0,0,0,0,0,0,0,0,1,0,0,0,0.573,1.5314763709643886,2011,35
56,0,1,0,0,1,0,-0.73,0.59,1,0,0,0,0,0,0,0,0,0,0,0,1,0,1,0,0,0,0,0,0,1,0,0,0,0,0,1,0,0,0,0,3.4011973816621555,7.443663683115591,0.0,1709.0,80.0,1,0,0,0,0,0,1,0,0,0,0,0,0,0,0,1,0,0,0,0,0,0,0,0,0,0,0,0,1,0,0,0,0.573,1.5314763709643886,2011,35
56,0,1,0,0,1,0,0.26,0.3,0,1,0,0,0,0,0,0,0,0,0,1,0,0,1,0,0,0,0,0,0,1,0,0,0,0,0,1,0,0,0,0,3.4011973816621555,7.443663683115591,0.0,1709.0,80.0,1,0,0,0,0,0,1,0,0,0,0,0,0,0,0,1,0,0,0,0,0,0,0,0,0,0,0,0,1,0,0,0,0.573,1.5314763709643886,2011,35
56,0,1,0,0,1,0,0.47,1.49,0,1,0,0,0,0,0,0,0,0,0,1,0,0,1,0,0,0,0,0,0,1,0,0,0,0,0,1,0,0,0,0,3.4011973816621555,7.443663683115591,0.0,1709.0,80.0,1,0,0,0,0,0,1,0,0,0,0,0,0,0,0,1,0,0,0,0,0,0,0,0,0,0,0,0,1,0,0,0,0.573,1.5314763709643886,2011,35
56,0,1,0,0,1,0,-0.55,1.11,0,0,0,0,0,0,0,1,0,0,0,1,0,0,1,0,0,0,0,0,0,1,0,0,0,0,0,1,0,0,0,0,3.4011973816621555,7.443663683115591,0.0,1709.0,80.0,1,0,0,0,0,0,1,0,0,0,0,0,0,0,0,1,0,0,0,0,0,0,0,0,0,0,0,0,1,0,0,0,0.573,1.5314763709643886,2011,35
56,0,1,0,0,1,0,0.24,1.6,1,0,0,0,0,0,0,0,0,0,0,1,0,0,1,0,0,0,0,0,0,1,0,0,0,0,0,1,0,0,0,0,3.4011973816621555,7.443663683115591,0.0,1709.0,80.0,1,0,0,0,0,0,1,0,0,0,0,0,0,0,0,1,0,0,0,0,0,0,0,0,0,0,0,0,1,0,0,0,0.573,1.5314763709643886,2011,35
56,0,1,0,0,1,0,-0.81,0.59,1,0,0,0,0,0,0,0,0,0,0,0,1,0,1,0,0,0,0,0,0,1,0,0,0,0,0,1,0,0,0,0,3.4011973816621555,7.443663683115591,0.0,1709.0,80.0,1,0,0,0,0,0,1,0,0,0,0,0,0,0,0,1,0,0,0,0,0,0,0,0,0,0,0,0,1,0,0,0,0.573,1.5314763709643886,2011,35
56,0,1,0,0,1,0,-1.44,1.03,0,1,0,0,0,0,0,0,0,0,0,1,0,0,1,0,0,0,0,0,0,1,0,0,0,0,0,1,0,0,0,0,3.4011973816621555,7.443663683115591,0.0,1709.0,80.0,1,0,0,0,0,0,1,0,0,0,0,0,0,0,0,1,0,0,0,0,0,0,0,0,0,0,0,0,1,0,0,0,0.573,1.5314763709643886,2011,35
56,0,1,0,0,1,0,-1.29,0.92,0,1,0,0,0,0,0,0,0,0,0,1,0,0,1,0,0,0,0,0,0,1,0,0,0,0,0,1,0,0,0,0,3.4011973816621555,7.443663683115591,0.0,1709.0,80.0,1,0,0,0,0,0,1,0,0,0,0,0,0,0,0,1,0,0,0,0,0,0,0,0,0,0,0,0,1,0,0,0,0.573,1.5314763709643886,2011,35
56,0,1,0,0,1,0,-1.12,0.63,0,1,0,0,0,0,0,0,0,0,0,1,0,0,1,0,0,0,0,0,0,1,0,0,0,0,0,1,0,0,0,0,3.4011973816621555,7.443663683115591,0.0,1709.0,80.0,1,0,0,0,0,0,1,0,0,0,0,0,0,0,0,1,0,0,0,0,0,0,0,0,0,0,0,0,1,0,0,0,0.573,1.5314763709643886,2011,35
56,0,1,0,0,1,0,0.89,0.41,0,1,0,0,0,0,0,0,0,0,0,1,0,0,1,0,0,0,0,0,0,1,0,0,0,0,0,1,0,0,0,0,3.4011973816621555,7.443663683115591,0.0,1709.0,80.0,1,0,0,0,0,0,1,0,0,0,0,0,0,0,0,1,0,0,0,0,0,0,0,0,0,0,0,0,1,0,0,0,0.573,1.5314763709643886,2011,35
56,0,1,0,0,1,0,-0.31,0.55,1,0,0,0,0,0,0,0,0,0,0,0,1,0,1,0,0,0,0,0,0,1,0,0,0,0,0,1,0,0,0,0,3.4011973816621555,6.45833828334479,0.0,638.0,84.0,1,0,0,0,0,0,1,0,0,0,0,0,0,0,0,1,0,0,0,0,0,0,0,0,0,0,0,0,1,0,0,0,0.573,1.5314763709643886,2011,35
56,0,1,0,0,1,0,0.62,0.31,0,1,0,0,0,0,0,0,0,0,0,1,0,0,1,0,0,0,0,0,0,1,0,0,0,0,0,1,0,0,0,0,3.4011973816621555,6.45833828334479,0.0,638.0,84.0,1,0,0,0,0,0,1,0,0,0,0,0,0,0,0,1,0,0,0,0,0,0,0,0,0,0,0,0,1,0,0,0,0.573,1.5314763709643886,2011,35
56,0,1,0,0,1,0,2.2,1.24,0,1,0,0,0,0,0,0,0,0,0,1,0,0,1,0,0,0,0,0,0,1,0,0,0,0,0,1,0,0,0,0,3.4011973816621555,6.45833828334479,0.0,638.0,84.0,1,0,0,0,0,0,1,0,0,0,0,0,0,0,0,1,0,0,0,0,0,0,0,0,0,0,0,0,1,0,0,0,0.573,1.5314763709643886,2011,35
56,0,1,0,0,1,0,-2.2,0.76,0,1,0,0,0,0,0,0,0,0,0,1,0,0,1,0,0,0,0,0,0,1,0,0,0,0,0,1,0,0,0,0,3.4011973816621555,6.45833828334479,0.0,638.0,84.0,1,0,0,0,0,0,1,0,0,0,0,0,0,0,0,1,0,0,0,0,0,0,0,0,0,0,0,0,1,0,0,0,0.573,1.5314763709643886,2011,35
56,0,1,0,0,1,0,-0.26,4.07,0,0,0,0,0,0,0,1,0,0,0,1,0,0,1,0,0,0,0,0,0,1,0,0,0,0,0,1,0,0,0,0,3.4011973816621555,6.45833828334479,0.0,638.0,84.0,1,0,0,0,0,0,1,0,0,0,0,0,0,0,0,1,0,0,0,0,0,0,0,0,0,0,0,0,1,0,0,0,0.573,1.5314763709643886,2011,35
56,0,1,0,0,1,0,0.44,1.78,1,0,0,0,0,0,0,0,0,0,0,1,0,0,1,0,0,0,0,0,0,1,0,0,0,0,0,1,0,0,0,0,3.4011973816621555,6.45833828334479,0.0,638.0,84.0,1,0,0,0,0,0,1,0,0,0,0,0,0,0,0,1,0,0,0,0,0,0,0,0,0,0,0,0,1,0,0,0,0.573,1.5314763709643886,2011,35
56,0,1,0,0,1,0,1.18,2.41,0,1,0,0,0,0,0,0,0,0,0,1,0,0,1,0,0,0,0,0,0,1,0,0,0,0,0,1,0,0,0,0,3.4011973816621555,6.45833828334479,0.0,638.0,84.0,1,0,0,0,0,0,1,0,0,0,0,0,0,0,0,1,0,0,0,0,0,0,0,0,0,0,0,0,1,0,0,0,0.573,1.5314763709643886,2011,35
56,0,1,0,0,1,0,0.38,1.91,1,0,0,0,0,0,0,0,0,0,0,0,1,0,1,0,0,0,0,0,0,1,0,0,0,0,0,1,0,0,0,0,3.4011973816621555,6.45833828334479,0.0,638.0,84.0,1,0,0,0,0,0,1,0,0,0,0,0,0,0,0,1,0,0,0,0,0,0,0,0,0,0,0,0,1,0,0,0,0.573,1.5314763709643886,2011,35
56,0,1,0,0,1,0,0.51,1.27,0,1,0,0,0,0,0,0,0,0,0,1,0,0,1,0,0,0,0,0,0,1,0,0,0,0,0,1,0,0,0,0,3.4011973816621555,6.45833828334479,0.0,638.0,84.0,1,0,0,0,0,0,1,0,0,0,0,0,0,0,0,1,0,0,0,0,0,0,0,0,0,0,0,0,1,0,0,0,0.573,1.5314763709643886,2011,35
56,0,1,0,0,1,0,-0.35,3.18,0,1,0,0,0,0,0,0,0,0,0,1,0,0,1,0,0,0,0,0,0,1,0,0,0,0,0,1,0,0,0,0,3.4011973816621555,6.45833828334479,0.0,638.0,84.0,1,0,0,0,0,0,1,0,0,0,0,0,0,0,0,1,0,0,0,0,0,0,0,0,0,0,0,0,1,0,0,0,0.573,1.5314763709643886,2011,35
56,0,1,0,0,1,0,0.19,0.26,0,1,0,0,0,0,0,0,0,0,0,1,0,0,1,0,0,0,0,0,0,1,0,0,0,0,0,1,0,0,0,0,3.4011973816621555,6.45833828334479,0.0,638.0,84.0,1,0,0,0,0,0,1,0,0,0,0,0,0,0,0,1,0,0,0,0,0,0,0,0,0,0,0,0,1,0,0,0,0.573,1.5314763709643886,2011,35
56,0,1,0,0,1,0,0.16,4.13,0,1,0,0,0,0,0,0,0,0,0,1,0,0,1,0,0,0,0,0,0,1,0,0,0,0,0,1,0,0,0,0,3.4011973816621555,6.45833828334479,0.0,638.0,84.0,1,0,0,0,0,0,1,0,0,0,0,0,0,0,0,1,0,0,0,0,0,0,0,0,0,0,0,0,1,0,0,0,0.573,1.5314763709643886,2011,35
56,0,1,0,0,1,0,0.29,0.81,1,0,0,0,0,0,0,0,0,0,0,0,1,0,1,0,0,0,0,0,0,1,0,0,0,0,0,1,0,0,0,0,3.4011973816621555,4.859812404361672,0.0,129.0,86.5,1,0,0,0,0,0,1,0,0,0,0,0,0,0,0,1,0,0,0,0,0,0,0,0,0,0,0,0,1,0,0,0,0.573,1.5314763709643886,2011,35
56,0,1,0,0,1,0,-1.39,8.37,0,1,0,0,0,0,0,0,0,0,0,1,0,0,1,0,0,0,0,0,0,1,0,0,0,0,0,1,0,0,0,0,3.4011973816621555,4.859812404361672,0.0,129.0,86.5,1,0,0,0,0,0,1,0,0,0,0,0,0,0,0,1,0,0,0,0,0,0,0,0,0,0,0,0,1,0,0,0,0.573,1.5314763709643886,2011,35
56,0,1,0,0,1,0,-0.05,3.25,0,1,0,0,0,0,0,0,0,0,0,1,0,0,1,0,0,0,0,0,0,1,0,0,0,0,0,1,0,0,0,0,3.4011973816621555,4.859812404361672,0.0,129.0,86.5,1,0,0,0,0,0,1,0,0,0,0,0,0,0,0,1,0,0,0,0,0,0,0,0,0,0,0,0,1,0,0,0,0.573,1.5314763709643886,2011,35
56,0,1,0,0,1,0,0.71,0.54,0,0,0,0,0,0,0,1,0,0,0,1,0,0,1,0,0,0,0,0,0,1,0,0,0,0,0,1,0,0,0,0,3.4011973816621555,4.859812404361672,0.0,129.0,86.5,1,0,0,0,0,0,1,0,0,0,0,0,0,0,0,1,0,0,0,0,0,0,0,0,0,0,0,0,1,0,0,0,0.573,1.5314763709643886,2011,35
56,0,1,0,0,1,0,1.36,1.61,1,0,0,0,0,0,0,0,0,0,0,1,0,0,1,0,0,0,0,0,0,1,0,0,0,0,0,1,0,0,0,0,3.4011973816621555,4.859812404361672,0.0,129.0,86.5,1,0,0,0,0,0,1,0,0,0,0,0,0,0,0,1,0,0,0,0,0,0,0,0,0,0,0,0,1,0,0,0,0.573,1.5314763709643886,2011,35
56,0,1,0,0,1,0,-1.69,1.96,0,1,0,0,0,0,0,0,0,0,0,1,0,0,1,0,0,0,0,0,0,1,0,0,0,0,0,1,0,0,0,0,3.4011973816621555,4.859812404361672,0.0,129.0,86.5,1,0,0,0,0,0,1,0,0,0,0,0,0,0,0,1,0,0,0,0,0,0,0,0,0,0,0,0,1,0,0,0,0.573,1.5314763709643886,2011,35
56,0,1,0,0,1,0,0.42,1.18,1,0,0,0,0,0,0,0,0,0,0,0,1,0,1,0,0,0,0,0,0,1,0,0,0,0,0,1,0,0,0,0,3.4011973816621555,4.859812404361672,0.0,129.0,86.5,1,0,0,0,0,0,1,0,0,0,0,0,0,0,0,1,0,0,0,0,0,0,0,0,0,0,0,0,1,0,0,0,0.573,1.5314763709643886,2011,35
56,0,1,0,0,1,0,0.3,2.41,0,1,0,0,0,0,0,0,0,0,0,1,0,0,1,0,0,0,0,0,0,1,0,0,0,0,0,1,0,0,0,0,3.4011973816621555,4.859812404361672,0.0,129.0,86.5,1,0,0,0,0,0,1,0,0,0,0,0,0,0,0,1,0,0,0,0,0,0,0,0,0,0,0,0,1,0,0,0,0.573,1.5314763709643886,2011,35
56,0,1,0,0,1,0,-0.07,0.91,0,1,0,0,0,0,0,0,0,0,0,1,0,0,1,0,0,0,0,0,0,1,0,0,0,0,0,1,0,0,0,0,3.4011973816621555,4.859812404361672,0.0,129.0,86.5,1,0,0,0,0,0,1,0,0,0,0,0,0,0,0,1,0,0,0,0,0,0,0,0,0,0,0,0,1,0,0,0,0.573,1.5314763709643886,2011,35
56,0,1,0,0,1,0,0.16,0.16,0,1,0,0,0,0,0,0,0,0,0,1,0,0,1,0,0,0,0,0,0,1,0,0,0,0,0,1,0,0,0,0,3.4011973816621555,4.859812404361672,0.0,129.0,86.5,1,0,0,0,0,0,1,0,0,0,0,0,0,0,0,1,0,0,0,0,0,0,0,0,0,0,0,0,1,0,0,0,0.573,1.5314763709643886,2011,35
56,0,1,0,0,1,0,1.11,1.24,0,1,0,0,0,0,0,0,0,0,0,1,0,0,1,0,0,0,0,0,0,1,0,0,0,0,0,1,0,0,0,0,3.4011973816621555,4.859812404361672,0.0,129.0,86.5,1,0,0,0,0,0,1,0,0,0,0,0,0,0,0,1,0,0,0,0,0,0,0,0,0,0,0,0,1,0,0,0,0.573,1.5314763709643886,2011,35
56,0,1,0,0,1,0,-0.35,3.39,1,0,0,0,0,0,0,0,0,0,0,0,1,0,1,0,0,0,0,0,0,1,0,0,0,0,0,1,0,0,0,0,3.4011973816621555,4.859812404361672,0.0,129.0,88.0,1,0,0,0,0,0,1,0,0,0,0,0,0,0,0,1,0,0,0,0,0,0,0,0,0,0,0,0,1,0,0,0,0.573,1.5314763709643886,2011,35
56,0,1,0,0,1,0,-0.13,2.37,0,1,0,0,0,0,0,0,0,0,0,1,0,0,1,0,0,0,0,0,0,1,0,0,0,0,0,1,0,0,0,0,3.4011973816621555,4.859812404361672,0.0,129.0,88.0,1,0,0,0,0,0,1,0,0,0,0,0,0,0,0,1,0,0,0,0,0,0,0,0,0,0,0,0,1,0,0,0,0.573,1.5314763709643886,2011,35
56,0,1,0,0,1,0,-0.21,17.81,0,1,0,0,0,0,0,0,0,0,0,1,0,0,1,0,0,0,0,0,0,1,0,0,0,0,0,1,0,0,0,0,3.4011973816621555,4.859812404361672,0.0,129.0,88.0,1,0,0,0,0,0,1,0,0,0,0,0,0,0,0,1,0,0,0,0,0,0,0,0,0,0,0,0,1,0,0,0,0.573,1.5314763709643886,2011,35
56,0,1,0,0,1,0,-0.09,8.53,0,1,0,0,0,0,0,0,0,0,0,1,0,0,1,0,0,0,0,0,0,1,0,0,0,0,0,1,0,0,0,0,3.4011973816621555,4.859812404361672,0.0,129.0,88.0,1,0,0,0,0,0,1,0,0,0,0,0,0,0,0,1,0,0,0,0,0,0,0,0,0,0,0,0,1,0,0,0,0.573,1.5314763709643886,2011,35
56,0,1,0,0,1,0,0.26,0.33,0,0,0,0,0,0,0,1,0,0,0,1,0,0,1,0,0,0,0,0,0,1,0,0,0,0,0,1,0,0,0,0,3.4011973816621555,4.859812404361672,0.0,129.0,88.0,1,0,0,0,0,0,1,0,0,0,0,0,0,0,0,1,0,0,0,0,0,0,0,0,0,0,0,0,1,0,0,0,0.573,1.5314763709643886,2011,35
56,0,1,0,0,1,0,-0.51,4.44,1,0,0,0,0,0,0,0,0,0,0,1,0,0,1,0,0,0,0,0,0,1,0,0,0,0,0,1,0,0,0,0,3.4011973816621555,4.859812404361672,0.0,129.0,88.0,1,0,0,0,0,0,1,0,0,0,0,0,0,0,0,1,0,0,0,0,0,0,0,0,0,0,0,0,1,0,0,0,0.573,1.5314763709643886,2011,35
56,0,1,0,0,1,0,0.95,1.65,0,1,0,0,0,0,0,0,0,0,0,1,0,0,1,0,0,0,0,0,0,1,0,0,0,0,0,1,0,0,0,0,3.4011973816621555,4.859812404361672,0.0,129.0,88.0,1,0,0,0,0,0,1,0,0,0,0,0,0,0,0,1,0,0,0,0,0,0,0,0,0,0,0,0,1,0,0,0,0.573,1.5314763709643886,2011,35
56,0,1,0,0,1,0,-0.13,1.69,1,0,0,0,0,0,0,0,0,0,0,0,1,0,1,0,0,0,0,0,0,1,0,0,0,0,0,1,0,0,0,0,3.4011973816621555,4.859812404361672,0.0,129.0,88.0,1,0,0,0,0,0,1,0,0,0,0,0,0,0,0,1,0,0,0,0,0,0,0,0,0,0,0,0,1,0,0,0,0.573,1.5314763709643886,2011,35
56,0,1,0,0,1,0,0.55,3.86,0,1,0,0,0,0,0,0,0,0,0,1,0,0,1,0,0,0,0,0,0,1,0,0,0,0,0,1,0,0,0,0,3.4011973816621555,4.859812404361672,0.0,129.0,88.0,1,0,0,0,0,0,1,0,0,0,0,0,0,0,0,1,0,0,0,0,0,0,0,0,0,0,0,0,1,0,0,0,0.573,1.5314763709643886,2011,35
56,0,1,0,0,1,0,-0.64,0.59,0,1,0,0,0,0,0,0,0,0,0,1,0,0,1,0,0,0,0,0,0,1,0,0,0,0,0,1,0,0,0,0,3.4011973816621555,4.859812404361672,0.0,129.0,88.0,1,0,0,0,0,0,1,0,0,0,0,0,0,0,0,1,0,0,0,0,0,0,0,0,0,0,0,0,1,0,0,0,0.573,1.5314763709643886,2011,35
56,0,1,0,0,1,0,-0.51,1.64,0,1,0,0,0,0,0,0,0,0,0,1,0,0,1,0,0,0,0,0,0,1,0,0,0,0,0,1,0,0,0,0,3.4011973816621555,4.859812404361672,0.0,129.0,88.0,1,0,0,0,0,0,1,0,0,0,0,0,0,0,0,1,0,0,0,0,0,0,0,0,0,0,0,0,1,0,0,0,0.573,1.5314763709643886,2011,35
56,0,1,0,0,1,0,-0.96,3.47,0,1,0,0,0,0,0,0,0,0,0,1,0,0,1,0,0,0,0,0,0,1,0,0,0,0,0,1,0,0,0,0,3.4011973816621555,4.859812404361672,0.0,129.0,88.0,1,0,0,0,0,0,1,0,0,0,0,0,0,0,0,1,0,0,0,0,0,0,0,0,0,0,0,0,1,0,0,0,0.573,1.5314763709643886,2011,35
56,0,1,0,0,1,0,0.0541,0.0109,0,0,1,0,0,0,0,0,0,0,0,0,0,1,1,0,0,0,0,0,0,1,0,0,0,0,0,1,0,0,0,0,3.4011973816621555,8.166500319155052,2.4849066497880004,36694.0,81.5,1,0,0,0,0,0,0,0,1,0,0,0,0,0,0,1,0,0,0,0,0,0,0,0,0,0,0,0,1,0,0,0,0.573,1.5314763709643886,2011,35
56,0,1,0,0,1,0,0.2114,0.0375,0,0,1,0,0,0,0,0,0,0,0,0,0,1,1,0,0,0,0,0,0,1,0,0,0,0,0,1,0,0,0,0,3.4011973816621555,8.166500319155052,2.302585092994046,33682.0,81.5,1,0,0,0,0,0,0,0,1,0,0,0,0,0,0,1,0,0,0,0,0,0,0,0,0,0,0,0,1,0,0,0,0.573,1.5314763709643886,2011,35
56,0,1,0,0,1,0,-0.0517,0.0818,0,0,1,0,0,0,0,0,0,0,0,0,0,1,1,0,0,0,0,0,0,1,0,0,0,0,0,1,0,0,0,0,3.4011973816621555,8.166500319155052,1.791759469228055,19793.0,81.5,1,0,0,0,0,0,0,0,1,0,0,0,0,0,0,1,0,0,0,0,0,0,0,0,0,0,0,0,1,0,0,0,0.573,1.5314763709643886,2011,35
56,0,1,0,0,1,0,0.2233,0.0389,0,1,0,0,0,0,0,0,0,0,0,1,0,0,1,0,0,0,0,0,0,1,0,0,0,0,0,1,0,0,0,0,3.4011973816621555,8.166500319155052,1.791759469228055,16901.0,81.5,1,0,0,0,0,0,0,0,1,0,0,0,0,0,0,1,0,0,0,0,0,0,0,0,0,0,0,0,1,0,0,0,0.573,1.5314763709643886,2011,35
56,0,1,0,0,1,0,-0.1096,0.0897,0,0,1,0,0,0,0,0,0,0,0,0,0,1,1,0,0,0,0,0,0,1,0,0,0,0,0,1,0,0,0,0,3.4011973816621555,8.166500319155052,1.3862943611198906,14084.0,81.5,1,0,0,0,0,0,0,0,1,0,0,0,0,0,0,1,0,0,0,0,0,0,0,0,0,0,0,0,1,0,0,0,0.573,1.5314763709643886,2011,35
56,0,1,0,0,1,0,0.225,0.0386,0,1,0,0,0,0,0,0,0,0,0,1,0,0,1,0,0,0,0,0,0,1,0,0,0,0,0,1,0,0,0,0,3.4011973816621555,8.166500319155052,2.0794415416798357,22610.0,81.5,1,0,0,0,0,0,0,0,1,0,0,0,0,0,0,1,0,0,0,0,0,0,0,0,0,0,0,0,1,0,0,0,0.573,1.5314763709643886,2011,35
56,0,1,0,0,1,0,-0.118,0.3955,0,0,1,0,0,0,0,0,0,0,0,0,0,1,1,0,0,0,0,0,0,1,0,0,0,0,0,1,0,0,0,0,3.4011973816621555,4.859812404361672,2.1972245773362196,1161.0,75.0,1,0,0,0,0,0,0,0,1,0,0,0,0,0,0,1,0,0,0,0,0,0,0,0,0,0,0,0,1,0,0,0,0.573,1.5314763709643886,2011,35
56,0,1,0,0,1,0,-0.1456,0.4012,0,0,1,0,0,0,0,0,0,0,0,0,0,1,1,0,0,0,0,0,0,1,0,0,0,0,0,1,0,0,0,0,3.4011973816621555,4.859812404361672,2.0794415416798357,1032.0,75.0,1,0,0,0,0,0,0,0,1,0,0,0,0,0,0,1,0,0,0,0,0,0,0,0,0,0,0,0,1,0,0,0,0.573,1.5314763709643886,2011,35
56,0,1,0,0,1,0,1.2206,0.5751,0,0,1,0,0,0,0,0,0,0,0,0,0,1,1,0,0,0,0,0,0,1,0,0,0,0,0,1,0,0,0,0,3.4011973816621555,4.859812404361672,1.6094379124341003,645.0,75.0,1,0,0,0,0,0,0,0,1,0,0,0,0,0,0,1,0,0,0,0,0,0,0,0,0,0,0,0,1,0,0,0,0.573,1.5314763709643886,2011,35
56,0,1,0,0,1,0,-0.5649,0.4519,0,1,0,0,0,0,0,0,0,0,0,1,0,0,1,0,0,0,0,0,0,1,0,0,0,0,0,1,0,0,0,0,3.4011973816621555,4.859812404361672,1.3862943611198906,516.0,75.0,1,0,0,0,0,0,0,0,1,0,0,0,0,0,0,1,0,0,0,0,0,0,0,0,0,0,0,0,1,0,0,0,0.573,1.5314763709643886,2011,35
56,0,1,0,0,1,0,1.237,0.5758,0,0,1,0,0,0,0,0,0,0,0,0,0,1,1,0,0,0,0,0,0,1,0,0,0,0,0,1,0,0,0,0,3.4011973816621555,4.859812404361672,1.3862943611198906,516.0,75.0,1,0,0,0,0,0,0,0,1,0,0,0,0,0,0,1,0,0,0,0,0,0,0,0,0,0,0,0,1,0,0,0,0.573,1.5314763709643886,2011,35
56,0,1,0,0,1,0,-0.5696,0.4434,0,1,0,0,0,0,0,0,0,0,0,1,0,0,1,0,0,0,0,0,0,1,0,0,0,0,0,1,0,0,0,0,3.4011973816621555,4.859812404361672,1.6094379124341003,645.0,75.0,1,0,0,0,0,0,0,0,1,0,0,0,0,0,0,1,0,0,0,0,0,0,0,0,0,0,0,0,1,0,0,0,0.573,1.5314763709643886,2011,35
56,0,1,0,0,1,0,-0.1506,0.0426,0,0,1,0,0,0,0,0,0,0,0,0,0,1,1,0,0,0,0,0,0,1,0,0,0,0,0,1,0,0,0,0,3.4011973816621555,4.859812404361672,2.302585092994046,1290.0,75.5,1,0,0,0,0,0,0,0,1,0,0,0,0,0,0,1,0,0,0,0,0,0,0,0,0,0,0,0,1,0,0,0,0.573,1.5314763709643886,2011,35
56,0,1,0,0,1,0,-0.3939,0.2719,0,0,1,0,0,0,0,0,0,0,0,0,0,1,1,0,0,0,0,0,0,1,0,0,0,0,0,1,0,0,0,0,3.4011973816621555,4.859812404361672,2.1972245773362196,1161.0,75.5,1,0,0,0,0,0,0,0,1,0,0,0,0,0,0,1,0,0,0,0,0,0,0,0,0,0,0,0,1,0,0,0,0.573,1.5314763709643886,2011,35
56,0,1,0,0,1,0,-0.0795,0.2478,0,0,1,0,0,0,0,0,0,0,0,0,0,1,1,0,0,0,0,0,0,1,0,0,0,0,0,1,0,0,0,0,3.4011973816621555,4.859812404361672,1.6094379124341003,645.0,75.5,1,0,0,0,0,0,0,0,1,0,0,0,0,0,0,1,0,0,0,0,0,0,0,0,0,0,0,0,1,0,0,0,0.573,1.5314763709643886,2011,35
56,0,1,0,0,1,0,-0.7,0.3251,0,1,0,0,0,0,0,0,0,0,0,1,0,0,1,0,0,0,0,0,0,1,0,0,0,0,0,1,0,0,0,0,3.4011973816621555,4.859812404361672,1.6094379124341003,645.0,75.5,1,0,0,0,0,0,0,0,1,0,0,0,0,0,0,1,0,0,0,0,0,0,0,0,0,0,0,0,1,0,0,0,0.573,1.5314763709643886,2011,35
56,0,1,0,0,1,0,0.0707,0.2764,0,0,1,0,0,0,0,0,0,0,0,0,0,1,1,0,0,0,0,0,0,1,0,0,0,0,0,1,0,0,0,0,3.4011973816621555,4.859812404361672,1.3862943611198906,516.0,75.5,1,0,0,0,0,0,0,0,1,0,0,0,0,0,0,1,0,0,0,0,0,0,0,0,0,0,0,0,1,0,0,0,0.573,1.5314763709643886,2011,35
56,0,1,0,0,1,0,-0.6016,0.3103,0,1,0,0,0,0,0,0,0,0,0,1,0,0,1,0,0,0,0,0,0,1,0,0,0,0,0,1,0,0,0,0,3.4011973816621555,4.859812404361672,1.791759469228055,774.0,75.5,1,0,0,0,0,0,0,0,1,0,0,0,0,0,0,1,0,0,0,0,0,0,0,0,0,0,0,0,1,0,0,0,0.573,1.5314763709643886,2011,35
56,0,1,0,0,1,0,0.0554,0.0102,0,0,1,0,0,0,0,0,0,0,0,0,0,1,1,0,0,0,0,0,0,1,0,0,0,0,0,1,0,0,0,0,3.4011973816621555,7.443663683115591,2.302585092994046,17090.0,80.0,1,0,0,0,0,0,0,0,1,0,0,0,0,0,0,1,0,0,0,0,0,0,0,0,0,0,0,0,1,0,0,0,0.573,1.5314763709643886,2011,35
56,0,1,0,0,1,0,0.237,0.0388,0,0,1,0,0,0,0,0,0,0,0,0,0,1,1,0,0,0,0,0,0,1,0,0,0,0,0,1,0,0,0,0,3.4011973816621555,7.443663683115591,2.302585092994046,17090.0,80.0,1,0,0,0,0,0,0,0,1,0,0,0,0,0,0,1,0,0,0,0,0,0,0,0,0,0,0,0,1,0,0,0,0.573,1.5314763709643886,2011,35
56,0,1,0,0,1,0,-0.4399,0.0936,0,0,1,0,0,0,0,0,0,0,0,0,0,1,1,0,0,0,0,0,0,1,0,0,0,0,0,1,0,0,0,0,3.4011973816621555,7.443663683115591,1.791759469228055,10254.0,80.0,1,0,0,0,0,0,0,0,1,0,0,0,0,0,0,1,0,0,0,0,0,0,0,0,0,0,0,0,1,0,0,0,0.573,1.5314763709643886,2011,35
56,0,1,0,0,1,0,0.2536,0.0396,0,1,0,0,0,0,0,0,0,0,0,1,0,0,1,0,0,0,0,0,0,1,0,0,0,0,0,1,0,0,0,0,3.4011973816621555,7.443663683115591,1.3862943611198906,6836.0,80.0,1,0,0,0,0,0,0,0,1,0,0,0,0,0,0,1,0,0,0,0,0,0,0,0,0,0,0,0,1,0,0,0,0.573,1.5314763709643886,2011,35
56,0,1,0,0,1,0,-0.7307,0.1111,0,0,1,0,0,0,0,0,0,0,0,0,0,1,1,0,0,0,0,0,0,1,0,0,0,0,0,1,0,0,0,0,3.4011973816621555,7.443663683115591,1.3862943611198906,6836.0,80.0,1,0,0,0,0,0,0,0,1,0,0,0,0,0,0,1,0,0,0,0,0,0,0,0,0,0,0,0,1,0,0,0,0.573,1.5314763709643886,2011,35
56,0,1,0,0,1,0,0.256,0.0393,0,1,0,0,0,0,0,0,0,0,0,1,0,0,1,0,0,0,0,0,0,1,0,0,0,0,0,1,0,0,0,0,3.4011973816621555,7.443663683115591,1.791759469228055,10254.0,80.0,1,0,0,0,0,0,0,0,1,0,0,0,0,0,0,1,0,0,0,0,0,0,0,0,0,0,0,0,1,0,0,0,0.573,1.5314763709643886,2011,35
56,0,1,0,0,1,0,0.1575,0.0241,0,0,1,0,0,0,0,0,0,0,0,0,0,1,1,0,0,0,0,0,0,1,0,0,0,0,0,1,0,0,0,0,3.4011973816621555,6.45833828334479,2.4849066497880004,7656.0,84.0,1,0,0,0,0,0,0,0,1,0,0,0,0,0,0,1,0,0,0,0,0,0,0,0,0,0,0,0,1,0,0,0,0.573,1.5314763709643886,2011,35
56,0,1,0,0,1,0,0.1492,0.0263,0,0,1,0,0,0,0,0,0,0,0,0,0,1,1,0,0,0,0,0,0,1,0,0,0,0,0,1,0,0,0,0,3.4011973816621555,6.45833828334479,2.302585092994046,6380.0,84.0,1,0,0,0,0,0,0,0,1,0,0,0,0,0,0,1,0,0,0,0,0,0,0,0,0,0,0,0,1,0,0,0,0.573,1.5314763709643886,2011,35
56,0,1,0,0,1,0,-0.0588,0.1521,0,0,1,0,0,0,0,0,0,0,0,0,0,1,1,0,0,0,0,0,0,1,0,0,0,0,0,1,0,0,0,0,3.4011973816621555,6.45833828334479,1.791759469228055,3828.0,84.0,1,0,0,0,0,0,0,0,1,0,0,0,0,0,0,1,0,0,0,0,0,0,0,0,0,0,0,0,1,0,0,0,0.573,1.5314763709643886,2011,35
56,0,1,0,0,1,0,0.1738,0.0254,0,1,0,0,0,0,0,0,0,0,0,1,0,0,1,0,0,0,0,0,0,1,0,0,0,0,0,1,0,0,0,0,3.4011973816621555,6.45833828334479,1.791759469228055,3828.0,84.0,1,0,0,0,0,0,0,0,1,0,0,0,0,0,0,1,0,0,0,0,0,0,0,0,0,0,0,0,1,0,0,0,0.573,1.5314763709643886,2011,35
56,0,1,0,0,1,0,-0.0624,0.1833,0,0,1,0,0,0,0,0,0,0,0,0,0,1,1,0,0,0,0,0,0,1,0,0,0,0,0,1,0,0,0,0,3.4011973816621555,6.45833828334479,1.3862943611198906,2552.0,84.0,1,0,0,0,0,0,0,0,1,0,0,0,0,0,0,1,0,0,0,0,0,0,0,0,0,0,0,0,1,0,0,0,0.573,1.5314763709643886,2011,35
56,0,1,0,0,1,0,0.1742,0.023,0,1,0,0,0,0,0,0,0,0,0,1,0,0,1,0,0,0,0,0,0,1,0,0,0,0,0,1,0,0,0,0,3.4011973816621555,6.45833828334479,2.0794415416798357,5104.0,84.0,1,0,0,0,0,0,0,0,1,0,0,0,0,0,0,1,0,0,0,0,0,0,0,0,0,0,0,0,1,0,0,0,0.573,1.5314763709643886,2011,35
56,0,1,0,0,1,0,0.2188,0.0524,0,0,1,0,0,0,0,0,0,0,0,0,0,1,1,0,0,0,0,0,0,1,0,0,0,0,0,1,0,0,0,0,3.4011973816621555,4.859812404361672,2.3978952727983707,1419.0,86.5,1,0,0,0,0,0,0,0,1,0,0,0,0,0,0,1,0,0,0,0,0,0,0,0,0,0,0,0,1,0,0,0,0.573,1.5314763709643886,2011,35
56,0,1,0,0,1,0,0.2086,0.0586,0,0,1,0,0,0,0,0,0,0,0,0,0,1,1,0,0,0,0,0,0,1,0,0,0,0,0,1,0,0,0,0,3.4011973816621555,4.859812404361672,2.302585092994046,1290.0,86.5,1,0,0,0,0,0,0,0,1,0,0,0,0,0,0,1,0,0,0,0,0,0,0,0,0,0,0,0,1,0,0,0,0.573,1.5314763709643886,2011,35
56,0,1,0,0,1,0,0.5362,0.161,0,0,1,0,0,0,0,0,0,0,0,0,0,1,1,0,0,0,0,0,0,1,0,0,0,0,0,1,0,0,0,0,3.4011973816621555,4.859812404361672,1.791759469228055,774.0,86.5,1,0,0,0,0,0,0,0,1,0,0,0,0,0,0,1,0,0,0,0,0,0,0,0,0,0,0,0,1,0,0,0,0.573,1.5314763709643886,2011,35
56,0,1,0,0,1,0,0.1361,0.0496,0,1,0,0,0,0,0,0,0,0,0,1,0,0,1,0,0,0,0,0,0,1,0,0,0,0,0,1,0,0,0,0,3.4011973816621555,4.859812404361672,1.6094379124341003,645.0,86.5,1,0,0,0,0,0,0,0,1,0,0,0,0,0,0,1,0,0,0,0,0,0,0,0,0,0,0,0,1,0,0,0,0.573,1.5314763709643886,2011,35
56,0,1,0,0,1,0,0.4378,0.221,0,0,1,0,0,0,0,0,0,0,0,0,0,1,1,0,0,0,0,0,0,1,0,0,0,0,0,1,0,0,0,0,3.4011973816621555,4.859812404361672,1.3862943611198906,516.0,86.5,1,0,0,0,0,0,0,0,1,0,0,0,0,0,0,1,0,0,0,0,0,0,0,0,0,0,0,0,1,0,0,0,0.573,1.5314763709643886,2011,35
56,0,1,0,0,1,0,0.1683,0.0511,0,1,0,0,0,0,0,0,0,0,0,1,0,0,1,0,0,0,0,0,0,1,0,0,0,0,0,1,0,0,0,0,3.4011973816621555,4.859812404361672,1.9459101490553132,903.0,86.5,1,0,0,0,0,0,0,0,1,0,0,0,0,0,0,1,0,0,0,0,0,0,0,0,0,0,0,0,1,0,0,0,0.573,1.5314763709643886,2011,35
56,0,1,0,0,1,0,-0.0865,0.2942,0,0,1,0,0,0,0,0,0,0,0,0,0,1,1,0,0,0,0,0,0,1,0,0,0,0,0,1,0,0,0,0,3.4011973816621555,4.859812404361672,2.4849066497880004,1548.0,88.0,1,0,0,0,0,0,0,0,1,0,0,0,0,0,0,1,0,0,0,0,0,0,0,0,0,0,0,0,1,0,0,0,0.573,1.5314763709643886,2011,35
56,0,1,0,0,1,0,-0.1055,0.295,0,0,1,0,0,0,0,0,0,0,0,0,0,1,1,0,0,0,0,0,0,1,0,0,0,0,0,1,0,0,0,0,3.4011973816621555,4.859812404361672,2.302585092994046,1290.0,88.0,1,0,0,0,0,0,0,0,1,0,0,0,0,0,0,1,0,0,0,0,0,0,0,0,0,0,0,0,1,0,0,0,0.573,1.5314763709643886,2011,35
56,0,1,0,0,1,0,0.2787,0.3168,0,0,1,0,0,0,0,0,0,0,0,0,0,1,1,0,0,0,0,0,0,1,0,0,0,0,0,1,0,0,0,0,3.4011973816621555,4.859812404361672,1.791759469228055,774.0,88.0,1,0,0,0,0,0,0,0,1,0,0,0,0,0,0,1,0,0,0,0,0,0,0,0,0,0,0,0,1,0,0,0,0.573,1.5314763709643886,2011,35
56,0,1,0,0,1,0,0.1912,0.3395,0,1,0,0,0,0,0,0,0,0,0,1,0,0,1,0,0,0,0,0,0,1,0,0,0,0,0,1,0,0,0,0,3.4011973816621555,4.859812404361672,1.791759469228055,774.0,88.0,1,0,0,0,0,0,0,0,1,0,0,0,0,0,0,1,0,0,0,0,0,0,0,0,0,0,0,0,1,0,0,0,0.573,1.5314763709643886,2011,35
56,0,1,0,0,1,0,0.2012,0.434,0,0,1,0,0,0,0,0,0,0,0,0,0,1,1,0,0,0,0,0,0,1,0,0,0,0,0,1,0,0,0,0,3.4011973816621555,4.859812404361672,1.3862943611198906,516.0,88.0,1,0,0,0,0,0,0,0,1,0,0,0,0,0,0,1,0,0,0,0,0,0,0,0,0,0,0,0,1,0,0,0,0.573,1.5314763709643886,2011,35
56,0,1,0,0,1,0,-0.1746,0.2842,0,1,0,0,0,0,0,0,0,0,0,1,0,0,1,0,0,0,0,0,0,1,0,0,0,0,0,1,0,0,0,0,3.4011973816621555,4.859812404361672,2.0794415416798357,1032.0,88.0,1,0,0,0,0,0,0,0,1,0,0,0,0,0,0,1,0,0,0,0,0,0,0,0,0,0,0,0,1,0,0,0,0.573,1.5314763709643886,2011,35
66,0,1,0,0,1,0,-0.824,0.703,1,0,0,0,0,0,0,0,0,0,1,0,0,0,1,0,0,0,0,0,0,1,0,0,0,0,0,0,0,1,0,0,0.0,5.484796933490655,0.0,241.0,66.0,0,0,0,0,0,0,1,0,0,0,0,0,0,0,0,0,0,0,0,0,0,0,0,0,0,0,0,0,0,1,0,0,0.573,2.228477120840324,2005,29
66,0,1,0,0,1,0,-1.132,0.378,1,0,0,0,0,0,0,0,0,0,0,0,1,0,1,0,0,0,0,0,0,1,0,0,0,0,0,0,0,1,0,0,0.0,5.627621113690637,0.0,278.0,68.0,0,0,0,0,0,0,1,0,0,0,0,0,0,0,0,0,0,0,0,0,0,0,0,0,0,0,0,0,0,1,0,0,0.573,2.228477120840324,2005,29
66,0,1,0,0,1,0,-1.598,0.73,1,0,0,0,0,0,0,0,0,0,1,0,0,0,1,0,0,0,0,0,0,1,0,0,0,0,0,0,0,1,0,0,0.0,5.484796933490655,0.0,241.0,66.0,0,0,0,0,0,0,1,0,0,0,0,0,0,0,0,0,0,0,0,0,0,0,0,0,0,0,0,0,0,1,0,0,0.573,2.228477120840324,2005,29
66,0,1,0,0,1,0,0.032,0.65,0,0,0,0,1,0,0,0,0,0,1,0,0,0,1,0,0,0,0,0,0,1,0,0,0,0,0,0,0,1,0,0,0.0,5.484796933490655,0.0,241.0,66.0,0,0,0,0,0,0,1,0,0,0,0,0,0,0,0,0,0,0,0,0,0,0,0,0,0,0,0,0,0,1,0,0,0.573,2.228477120840324,2005,29
66,0,1,0,0,1,0,-0.894,0.669,0,0,0,1,0,0,0,0,0,0,1,0,0,0,1,0,0,0,0,0,0,1,0,0,0,0,0,0,0,1,0,0,0.0,5.484796933490655,0.0,241.0,66.0,0,0,0,0,0,0,1,0,0,0,0,0,0,0,0,0,0,0,0,0,0,0,0,0,0,0,0,0,0,1,0,0,0.573,2.228477120840324,2005,29
66,0,1,0,0,1,0,0.448,0.751,0,0,0,0,0,0,1,0,0,0,1,0,0,0,1,0,0,0,0,0,0,1,0,0,0,0,0,0,0,1,0,0,0.0,5.484796933490655,0.0,241.0,66.0,0,0,0,0,0,0,1,0,0,0,0,0,0,0,0,0,0,0,0,0,0,0,0,0,0,0,0,0,0,1,0,0,0.573,2.228477120840324,2005,29
66,0,1,0,0,1,0,-2.728,0.684,0,0,0,0,0,0,0,1,0,0,0,1,0,0,1,0,0,0,0,0,0,1,0,0,0,0,0,0,0,1,0,0,0.0,5.627621113690637,0.0,278.0,68.0,0,0,0,0,0,0,1,0,0,0,0,0,0,0,0,0,0,0,0,0,0,0,0,0,0,0,0,0,0,1,0,0,0.573,2.228477120840324,2005,29
66,0,1,0,0,1,0,-1.395,0.605,0,0,0,0,0,0,0,0,1,0,1,0,0,0,1,0,0,0,0,0,0,1,0,0,0,0,0,0,0,1,0,0,0.0,5.627621113690637,0.0,278.0,68.0,0,0,0,0,0,0,1,0,0,0,0,0,0,0,0,0,0,0,0,0,0,0,0,0,0,0,0,0,0,1,0,0,0.573,2.228477120840324,2005,29
66,0,1,0,0,1,0,-2.526,0.819,0,0,0,0,0,1,0,0,0,0,1,0,0,0,1,0,0,0,0,0,0,1,0,0,0,0,0,0,0,1,0,0,0.0,5.627621113690637,0.0,278.0,68.0,0,0,0,0,0,0,1,0,0,0,0,0,0,0,0,0,0,0,0,0,0,0,0,0,0,0,0,0,0,1,0,0,0.573,2.228477120840324,2005,29
66,0,1,0,0,1,0,1.517,0.851,1,0,0,0,0,0,0,0,0,0,1,0,0,0,1,0,0,0,0,0,0,1,0,0,0,0,0,0,0,1,0,0,0.0,5.484796933490655,0.0,241.0,66.0,0,0,0,0,0,0,0,0,0,0,1,0,0,0,0,0,0,0,0,0,1,0,0,0,0,0,0,0,0,1,0,0,0.573,2.228477120840324,2005,29
66,0,1,0,0,1,0,-7.059,1.798,1,0,0,0,0,0,0,0,0,0,1,0,0,0,1,0,0,0,0,0,0,1,0,0,0,0,0,0,0,1,0,0,0.0,5.484796933490655,0.0,241.0,66.0,0,0,0,0,0,0,0,0,0,0,1,0,0,0,0,0,0,0,0,0,0,1,0,0,0,0,0,0,0,1,0,0,0.573,2.228477120840324,2005,29
66,0,1,0,0,1,0,-1.457,0.551,1,0,0,0,0,0,0,0,0,0,0,0,1,0,1,0,0,0,0,0,0,1,0,0,0,0,0,0,0,1,0,0,0.0,5.627621113690637,0.0,278.0,68.0,0,0,0,0,0,0,0,0,0,0,1,0,0,0,0,0,0,0,0,0,1,0,0,0,0,0,0,0,0,1,0,0,0.573,2.228477120840324,2005,29
66,0,1,0,0,1,0,-0.268,1.085,1,0,0,0,0,0,0,0,0,0,0,0,1,0,1,0,0,0,0,0,0,1,0,0,0,0,0,0,0,1,0,0,0.0,5.627621113690637,0.0,278.0,68.0,0,0,0,0,0,0,0,0,0,0,1,0,0,0,0,0,0,0,0,0,0,1,0,0,0,0,0,0,0,1,0,0,0.573,2.228477120840324,2005,29
66,0,1,0,0,1,0,3.736,1.513,1,0,0,0,0,0,0,0,0,0,1,0,0,0,1,0,0,0,0,0,0,1,0,0,0,0,0,0,0,1,0,0,0.0,5.484796933490655,0.0,241.0,66.0,0,0,0,0,0,0,0,0,0,0,1,0,0,0,0,0,0,0,0,0,1,0,0,0,0,0,0,0,0,1,0,0,0.573,2.228477120840324,2005,29
66,0,1,0,0,1,0,-5.62,1.144,1,0,0,0,0,0,0,0,0,0,1,0,0,0,1,0,0,0,0,0,0,1,0,0,0,0,0,0,0,1,0,0,0.0,5.484796933490655,0.0,241.0,66.0,0,0,0,0,0,0,0,0,0,0,1,0,0,0,0,0,0,0,0,0,0,1,0,0,0,0,0,0,0,1,0,0,0.573,2.228477120840324,2005,29
66,0,1,0,0,1,0,1.294,0.581,0,0,0,0,1,0,0,0,0,0,1,0,0,0,1,0,0,0,0,0,0,1,0,0,0,0,0,0,0,1,0,0,0.0,5.484796933490655,0.0,241.0,66.0,0,0,0,0,0,0,0,0,0,0,1,0,0,0,0,0,0,0,0,0,1,0,0,0,0,0,0,0,0,1,0,0,0.573,2.228477120840324,2005,29
66,0,1,0,0,1,0,-5.463,1.628,0,0,0,0,1,0,0,0,0,0,1,0,0,0,1,0,0,0,0,0,0,1,0,0,0,0,0,0,0,1,0,0,0.0,5.484796933490655,0.0,241.0,66.0,0,0,0,0,0,0,0,0,0,0,1,0,0,0,0,0,0,0,0,0,0,1,0,0,0,0,0,0,0,1,0,0,0.573,2.228477120840324,2005,29
66,0,1,0,0,1,0,2.912,1.467,0,0,0,1,0,0,0,0,0,0,1,0,0,0,1,0,0,0,0,0,0,1,0,0,0,0,0,0,0,1,0,0,0.0,5.484796933490655,0.0,241.0,66.0,0,0,0,0,0,0,0,0,0,0,1,0,0,0,0,0,0,0,0,0,1,0,0,0,0,0,0,0,0,1,0,0,0.573,2.228477120840324,2005,29
66,0,1,0,0,1,0,-3.594,1.097,0,0,0,1,0,0,0,0,0,0,1,0,0,0,1,0,0,0,0,0,0,1,0,0,0,0,0,0,0,1,0,0,0.0,5.484796933490655,0.0,241.0,66.0,0,0,0,0,0,0,0,0,0,0,1,0,0,0,0,0,0,0,0,0,0,1,0,0,0,0,0,0,0,1,0,0,0.573,2.228477120840324,2005,29
66,0,1,0,0,1,0,0.646,0.769,0,0,0,0,0,0,1,0,0,0,1,0,0,0,1,0,0,0,0,0,0,1,0,0,0,0,0,0,0,1,0,0,0.0,5.484796933490655,0.0,241.0,66.0,0,0,0,0,0,0,0,0,0,0,1,0,0,0,0,0,0,0,0,0,1,0,0,0,0,0,0,0,0,1,0,0,0.573,2.228477120840324,2005,29
66,0,1,0,0,1,0,-7.102,6.973,0,0,0,0,0,0,1,0,0,0,1,0,0,0,1,0,0,0,0,0,0,1,0,0,0,0,0,0,0,1,0,0,0.0,5.484796933490655,0.0,241.0,66.0,0,0,0,0,0,0,0,0,0,0,1,0,0,0,0,0,0,0,0,0,0,1,0,0,0,0,0,0,0,1,0,0,0.573,2.228477120840324,2005,29
66,0,1,0,0,1,0,5.582,2.117,0,0,0,0,0,0,0,1,0,0,0,1,0,0,1,0,0,0,0,0,0,1,0,0,0,0,0,0,0,1,0,0,0.0,5.627621113690637,0.0,278.0,68.0,0,0,0,0,0,0,0,0,0,0,1,0,0,0,0,0,0,0,0,0,1,0,0,0,0,0,0,0,0,1,0,0,0.573,2.228477120840324,2005,29
66,0,1,0,0,1,0,-3.672,0.761,0,0,0,0,0,0,0,1,0,0,0,1,0,0,1,0,0,0,0,0,0,1,0,0,0,0,0,0,0,1,0,0,0.0,5.627621113690637,0.0,278.0,68.0,0,0,0,0,0,0,0,0,0,0,1,0,0,0,0,0,0,0,0,0,0,1,0,0,0,0,0,0,0,1,0,0,0.573,2.228477120840324,2005,29
66,0,1,0,0,1,0,2.396,2.768,0,0,0,0,0,0,0,0,1,0,1,0,0,0,1,0,0,0,0,0,0,1,0,0,0,0,0,0,0,1,0,0,0.0,5.627621113690637,0.0,278.0,68.0,0,0,0,0,0,0,0,0,0,0,1,0,0,0,0,0,0,0,0,0,1,0,0,0,0,0,0,0,0,1,0,0,0.573,2.228477120840324,2005,29
66,0,1,0,0,1,0,-2.28,0.765,0,0,0,0,0,0,0,0,1,0,1,0,0,0,1,0,0,0,0,0,0,1,0,0,0,0,0,0,0,1,0,0,0.0,5.627621113690637,0.0,278.0,68.0,0,0,0,0,0,0,0,0,0,0,1,0,0,0,0,0,0,0,0,0,0,1,0,0,0,0,0,0,0,1,0,0,0.573,2.228477120840324,2005,29
66,0,1,0,0,1,0,-1.612,1.037,0,0,0,0,0,1,0,0,0,0,1,0,0,0,1,0,0,0,0,0,0,1,0,0,0,0,0,0,0,1,0,0,0.0,5.627621113690637,0.0,278.0,68.0,0,0,0,0,0,0,0,0,0,0,1,0,0,0,0,0,0,0,0,0,1,0,0,0,0,0,0,0,0,1,0,0,0.573,2.228477120840324,2005,29
66,0,1,0,0,1,0,-5.48,1.993,0,0,0,0,0,1,0,0,0,0,1,0,0,0,1,0,0,0,0,0,0,1,0,0,0,0,0,0,0,1,0,0,0.0,5.627621113690637,0.0,278.0,68.0,0,0,0,0,0,0,0,0,0,0,1,0,0,0,0,0,0,0,0,0,0,1,0,0,0,0,0,0,0,1,0,0,0.573,2.228477120840324,2005,29
66,0,1,0,0,1,0,-6.355,2.742,1,0,0,0,0,0,0,0,0,0,1,0,0,0,1,0,0,0,0,0,0,1,0,0,0,0,0,0,0,1,0,0,0.0,5.484796933490655,0.0,241.0,66.0,0,0,0,0,0,0,0,0,0,0,1,0,0,0,0,0,0,0,0,0,0,1,0,0,0,0,0,0,0,1,0,0,0.573,2.228477120840324,2005,29
66,0,1,0,0,1,0,8.01,2.689,1,0,0,0,0,0,0,0,0,0,1,0,0,0,1,0,0,0,0,0,0,1,0,0,0,0,0,0,0,1,0,0,0.0,5.484796933490655,0.0,241.0,66.0,0,0,0,0,0,0,0,0,0,0,1,0,0,0,0,0,0,0,0,0,1,0,0,0,0,0,0,0,0,1,0,0,0.573,2.228477120840324,2005,29
66,0,1,0,0,1,0,0.258,2.793,1,0,0,0,0,0,0,0,0,0,0,0,1,0,1,0,0,0,0,0,0,1,0,0,0,0,0,0,0,1,0,0,0.0,5.627621113690637,0.0,278.0,68.0,0,0,0,0,0,0,0,0,0,0,1,0,0,0,0,0,0,0,0,0,0,1,0,0,0,0,0,0,0,1,0,0,0.573,2.228477120840324,2005,29
66,0,1,0,0,1,0,-1.369,1.641,1,0,0,0,0,0,0,0,0,0,0,0,1,0,1,0,0,0,0,0,0,1,0,0,0,0,0,0,0,1,0,0,0.0,5.627621113690637,0.0,278.0,68.0,0,0,0,0,0,0,0,0,0,0,1,0,0,0,0,0,0,0,0,0,1,0,0,0,0,0,0,0,0,1,0,0,0.573,2.228477120840324,2005,29
66,0,1,0,0,1,0,-6.498,1.412,1,0,0,0,0,0,0,0,0,0,1,0,0,0,1,0,0,0,0,0,0,1,0,0,0,0,0,0,0,1,0,0,0.0,5.484796933490655,0.0,241.0,66.0,0,0,0,0,0,0,0,0,0,0,1,0,0,0,0,0,0,0,0,0,0,1,0,0,0,0,0,0,0,1,0,0,0.573,2.228477120840324,2005,29
66,0,1,0,0,1,0,8.221,2.613,1,0,0,0,0,0,0,0,0,0,1,0,0,0,1,0,0,0,0,0,0,1,0,0,0,0,0,0,0,1,0,0,0.0,5.484796933490655,0.0,241.0,66.0,0,0,0,0,0,0,0,0,0,0,1,0,0,0,0,0,0,0,0,0,1,0,0,0,0,0,0,0,0,1,0,0,0.573,2.228477120840324,2005,29
66,0,1,0,0,1,0,-3.328,2.43,0,0,0,0,1,0,0,0,0,0,1,0,0,0,1,0,0,0,0,0,0,1,0,0,0,0,0,0,0,1,0,0,0.0,5.484796933490655,0.0,241.0,66.0,0,0,0,0,0,0,0,0,0,0,1,0,0,0,0,0,0,0,0,0,0,1,0,0,0,0,0,0,0,1,0,0,0.573,2.228477120840324,2005,29
66,0,1,0,0,1,0,4.987,2.371,0,0,0,0,1,0,0,0,0,0,1,0,0,0,1,0,0,0,0,0,0,1,0,0,0,0,0,0,0,1,0,0,0.0,5.484796933490655,0.0,241.0,66.0,0,0,0,0,0,0,0,0,0,0,1,0,0,0,0,0,0,0,0,0,1,0,0,0,0,0,0,0,0,1,0,0,0.573,2.228477120840324,2005,29
66,0,1,0,0,1,0,-4.137,1.448,0,0,0,1,0,0,0,0,0,0,1,0,0,0,1,0,0,0,0,0,0,1,0,0,0,0,0,0,0,1,0,0,0.0,5.484796933490655,0.0,241.0,66.0,0,0,0,0,0,0,0,0,0,0,1,0,0,0,0,0,0,0,0,0,0,1,0,0,0,0,0,0,0,1,0,0,0.573,2.228477120840324,2005,29
66,0,1,0,0,1,0,5.322,2.66,0,0,0,1,0,0,0,0,0,0,1,0,0,0,1,0,0,0,0,0,0,1,0,0,0,0,0,0,0,1,0,0,0.0,5.484796933490655,0.0,241.0,66.0,0,0,0,0,0,0,0,0,0,0,1,0,0,0,0,0,0,0,0,0,1,0,0,0,0,0,0,0,0,1,0,0,0.573,2.228477120840324,2005,29
66,0,1,0,0,1,0,-2.965,1.699,0,0,0,0,0,0,1,0,0,0,1,0,0,0,1,0,0,0,0,0,0,1,0,0,0,0,0,0,0,1,0,0,0.0,5.484796933490655,0.0,241.0,66.0,0,0,0,0,0,0,0,0,0,0,1,0,0,0,0,0,0,0,0,0,0,1,0,0,0,0,0,0,0,1,0,0,0.573,2.228477120840324,2005,29
66,0,1,0,0,1,0,1.448,3.252,0,0,0,0,0,0,1,0,0,0,1,0,0,0,1,0,0,0,0,0,0,1,0,0,0,0,0,0,0,1,0,0,0.0,5.484796933490655,0.0,241.0,66.0,0,0,0,0,0,0,0,0,0,0,1,0,0,0,0,0,0,0,0,0,1,0,0,0,0,0,0,0,0,1,0,0,0.573,2.228477120840324,2005,29
66,0,1,0,0,1,0,-2.951,2.403,0,0,0,0,0,0,0,1,0,0,0,1,0,0,1,0,0,0,0,0,0,1,0,0,0,0,0,0,0,1,0,0,0.0,5.627621113690637,0.0,278.0,68.0,0,0,0,0,0,0,0,0,0,0,1,0,0,0,0,0,0,0,0,0,0,1,0,0,0,0,0,0,0,1,0,0,0.573,2.228477120840324,2005,29
66,0,1,0,0,1,0,10.481,5.278,0,0,0,0,0,0,0,1,0,0,0,1,0,0,1,0,0,0,0,0,0,1,0,0,0,0,0,0,0,1,0,0,0.0,5.627621113690637,0.0,278.0,68.0,0,0,0,0,0,0,0,0,0,0,1,0,0,0,0,0,0,0,0,0,1,0,0,0,0,0,0,0,0,1,0,0,0.573,2.228477120840324,2005,29
66,0,1,0,0,1,0,-2.923,0.857,0,0,0,0,0,0,0,0,1,0,1,0,0,0,1,0,0,0,0,0,0,1,0,0,0,0,0,0,0,1,0,0,0.0,5.627621113690637,0.0,278.0,68.0,0,0,0,0,0,0,0,0,0,0,1,0,0,0,0,0,0,0,0,0,0,1,0,0,0,0,0,0,0,1,0,0,0.573,2.228477120840324,2005,29
66,0,1,0,0,1,0,13.158,11.203,0,0,0,0,0,0,0,0,1,0,1,0,0,0,1,0,0,0,0,0,0,1,0,0,0,0,0,0,0,1,0,0,0.0,5.627621113690637,0.0,278.0,68.0,0,0,0,0,0,0,0,0,0,0,1,0,0,0,0,0,0,0,0,0,1,0,0,0,0,0,0,0,0,1,0,0,0.573,2.228477120840324,2005,29
66,0,1,0,0,1,0,-4.373,0.978,0,0,0,0,0,1,0,0,0,0,1,0,0,0,1,0,0,0,0,0,0,1,0,0,0,0,0,0,0,1,0,0,0.0,5.627621113690637,0.0,278.0,68.0,0,0,0,0,0,0,0,0,0,0,1,0,0,0,0,0,0,0,0,0,0,1,0,0,0,0,0,0,0,1,0,0,0.573,2.228477120840324,2005,29
66,0,1,0,0,1,0,9.386,13.836,0,0,0,0,0,1,0,0,0,0,1,0,0,0,1,0,0,0,0,0,0,1,0,0,0,0,0,0,0,1,0,0,0.0,5.627621113690637,0.0,278.0,68.0,0,0,0,0,0,0,0,0,0,0,1,0,0,0,0,0,0,0,0,0,1,0,0,0,0,0,0,0,0,1,0,0,0.573,2.228477120840324,2005,29
66,0,1,0,0,1,0,-8.06,4.261,1,0,0,0,0,0,0,0,0,0,1,0,0,0,1,0,0,0,0,0,0,1,0,0,0,0,0,0,0,1,0,0,0.0,5.484796933490655,0.0,241.0,66.0,0,0,0,0,0,0,0,0,0,0,1,0,0,0,0,0,0,0,0,0,0,1,0,0,0,0,0,0,0,1,0,0,0.573,2.228477120840324,2005,29
66,0,1,0,0,1,0,-0.785,0.59,1,0,0,0,0,0,0,0,0,0,0,0,1,0,1,0,0,0,0,0,0,1,0,0,0,0,0,0,0,1,0,0,0.0,5.627621113690637,0.0,278.0,68.0,0,0,0,0,0,0,0,0,0,0,1,0,0,0,0,0,0,0,0,0,0,1,0,0,0,0,0,0,0,1,0,0,0.573,2.228477120840324,2005,29
66,0,1,0,0,1,0,-6.653,1.469,1,0,0,0,0,0,0,0,0,0,1,0,0,0,1,0,0,0,0,0,0,1,0,0,0,0,0,0,0,1,0,0,0.0,5.484796933490655,0.0,241.0,66.0,0,0,0,0,0,0,0,0,0,0,1,0,0,0,0,0,0,0,0,0,0,1,0,0,0,0,0,0,0,1,0,0,0.573,2.228477120840324,2005,29
66,0,1,0,0,1,0,-3.649,2.25,0,0,0,0,1,0,0,0,0,0,1,0,0,0,1,0,0,0,0,0,0,1,0,0,0,0,0,0,0,1,0,0,0.0,5.484796933490655,0.0,241.0,66.0,0,0,0,0,0,0,0,0,0,0,1,0,0,0,0,0,0,0,0,0,0,1,0,0,0,0,0,0,0,1,0,0,0.573,2.228477120840324,2005,29
66,0,1,0,0,1,0,-4.25,1.449,0,0,0,1,0,0,0,0,0,0,1,0,0,0,1,0,0,0,0,0,0,1,0,0,0,0,0,0,0,1,0,0,0.0,5.484796933490655,0.0,241.0,66.0,0,0,0,0,0,0,0,0,0,0,1,0,0,0,0,0,0,0,0,0,0,1,0,0,0,0,0,0,0,1,0,0,0.573,2.228477120840324,2005,29
66,0,1,0,0,1,0,-1.264,0.977,0,0,0,0,0,0,1,0,0,0,1,0,0,0,1,0,0,0,0,0,0,1,0,0,0,0,0,0,0,1,0,0,0.0,5.484796933490655,0.0,241.0,66.0,0,0,0,0,0,0,0,0,0,0,1,0,0,0,0,0,0,0,0,0,0,1,0,0,0,0,0,0,0,1,0,0,0.573,2.228477120840324,2005,29
66,0,1,0,0,1,0,-4.176,1.081,0,0,0,0,0,0,0,1,0,0,0,1,0,0,1,0,0,0,0,0,0,1,0,0,0,0,0,0,0,1,0,0,0.0,5.627621113690637,0.0,278.0,68.0,0,0,0,0,0,0,0,0,0,0,1,0,0,0,0,0,0,0,0,0,0,1,0,0,0,0,0,0,0,1,0,0,0.573,2.228477120840324,2005,29
66,0,1,0,0,1,0,-2.7,0.982,0,0,0,0,0,0,0,0,1,0,1,0,0,0,1,0,0,0,0,0,0,1,0,0,0,0,0,0,0,1,0,0,0.0,5.627621113690637,0.0,278.0,68.0,0,0,0,0,0,0,0,0,0,0,1,0,0,0,0,0,0,0,0,0,0,1,0,0,0,0,0,0,0,1,0,0,0.573,2.228477120840324,2005,29
66,0,1,0,0,1,0,-4.19,0.869,0,0,0,0,0,1,0,0,0,0,1,0,0,0,1,0,0,0,0,0,0,1,0,0,0,0,0,0,0,1,0,0,0.0,5.627621113690637,0.0,278.0,68.0,0,0,0,0,0,0,0,0,0,0,1,0,0,0,0,0,0,0,0,0,0,1,0,0,0,0,0,0,0,1,0,0,0.573,2.228477120840324,2005,29
66,0,1,0,0,1,0,1.45,1.27,1,0,0,0,0,0,0,0,0,0,1,0,0,0,1,0,0,0,0,0,0,1,0,0,0,0,0,0,0,1,0,0,0.0,4.634728988229636,0.0,103.0,66.0,0,0,0,0,0,0,0,0,0,0,1,0,0,0,0,0,0,0,0,0,1,0,0,0,0,0,0,0,0,1,0,0,0.573,2.228477120840324,2005,29
66,0,1,0,0,1,0,-11.28,7.24,1,0,0,0,0,0,0,0,0,0,1,0,0,0,1,0,0,0,0,0,0,1,0,0,0,0,0,0,0,1,0,0,0.0,4.07753744390572,0.0,59.0,66.0,0,0,0,0,0,0,0,0,0,0,1,0,0,0,0,0,0,0,0,0,0,0,0,0,0,0,1,0,0,1,0,0,0.573,2.228477120840324,2005,29
66,0,1,0,0,1,0,-6.99,2.523,1,0,0,0,0,0,0,0,0,0,1,0,0,0,1,0,0,0,0,0,0,1,0,0,0,0,0,0,0,1,0,0,0.0,4.356708826689592,0.0,78.0,66.0,0,0,0,0,0,0,0,0,0,0,1,0,0,0,0,0,0,0,0,0,0,1,0,0,0,0,0,0,0,1,0,0,0.573,2.228477120840324,2005,29
66,0,1,0,0,1,0,-1.202,0.913,1,0,0,0,0,0,0,0,0,0,0,0,1,0,1,0,0,0,0,0,0,1,0,0,0,0,0,0,0,1,0,0,0.0,4.867534450455582,0.0,130.0,68.0,0,0,0,0,0,0,0,0,0,0,1,0,0,0,0,0,0,0,0,0,1,0,0,0,0,0,0,0,0,1,0,0,0.573,2.228477120840324,2005,29
66,0,1,0,0,1,0,-0.201,1.987,1,0,0,0,0,0,0,0,0,0,0,0,1,0,1,0,0,0,0,0,0,1,0,0,0,0,0,0,0,1,0,0,0.0,4.77912349311153,0.0,119.0,68.0,0,0,0,0,0,0,0,0,0,0,1,0,0,0,0,0,0,0,0,0,0,0,0,0,0,0,1,0,0,1,0,0,0.573,2.228477120840324,2005,29
66,0,1,0,0,1,0,-0.431,4.398,1,0,0,0,0,0,0,0,0,0,0,0,1,0,1,0,0,0,0,0,0,1,0,0,0,0,0,0,0,1,0,0,0.0,2.9444389791664403,0.0,19.0,68.0,0,0,0,0,0,0,0,0,0,0,1,0,0,0,0,0,0,0,0,0,0,1,0,0,0,0,0,0,0,1,0,0,0.573,2.228477120840324,2005,29
66,0,1,0,0,1,0,1.066,2.094,1,0,0,0,0,0,0,0,0,0,1,0,0,0,1,0,0,0,0,0,0,1,0,0,0,0,0,0,0,1,0,0,0.0,3.9889840465642745,0.0,54.0,66.0,0,0,0,0,0,0,0,0,0,0,1,0,0,0,0,0,0,0,0,0,1,0,0,0,0,0,0,0,0,1,0,0,0.573,2.228477120840324,2005,29
66,0,1,0,0,1,0,-21.82,13.146,1,0,0,0,0,0,0,0,0,0,1,0,0,0,1,0,0,0,0,0,0,1,0,0,0,0,0,0,0,1,0,0,0.0,2.4849066497880004,0.0,12.0,66.0,0,0,0,0,0,0,0,0,0,0,1,0,0,0,0,0,0,0,0,0,0,0,0,0,0,0,1,0,0,1,0,0,0.573,2.228477120840324,2005,29
66,0,1,0,0,1,0,-6.713,1.28,1,0,0,0,0,0,0,0,0,0,1,0,0,0,1,0,0,0,0,0,0,1,0,0,0,0,0,0,0,1,0,0,0.0,5.153291594497779,0.0,173.0,66.0,0,0,0,0,0,0,0,0,0,0,1,0,0,0,0,0,0,0,0,0,0,1,0,0,0,0,0,0,0,1,0,0,0.573,2.228477120840324,2005,29
66,0,1,0,0,1,0,1.727,0.716,0,0,0,0,1,0,0,0,0,0,1,0,0,0,1,0,0,0,0,0,0,1,0,0,0,0,0,0,0,1,0,0,0.0,4.927253685157205,0.0,138.0,66.0,0,0,0,0,0,0,0,0,0,0,1,0,0,0,0,0,0,0,0,0,1,0,0,0,0,0,0,0,0,1,0,0,0.573,2.228477120840324,2005,29
66,0,1,0,0,1,0,-1.285,7.712,0,0,0,0,1,0,0,0,0,0,1,0,0,0,1,0,0,0,0,0,0,1,0,0,0,0,0,0,0,1,0,0,0.0,3.828641396489095,0.0,46.0,66.0,0,0,0,0,0,0,0,0,0,0,1,0,0,0,0,0,0,0,0,0,0,0,0,0,0,0,1,0,0,1,0,0,0.573,2.228477120840324,2005,29
66,0,1,0,0,1,0,-3.649,2.496,0,0,0,0,1,0,0,0,0,0,1,0,0,0,1,0,0,0,0,0,0,1,0,0,0,0,0,0,0,1,0,0,0.0,3.8918202981106265,0.0,49.0,66.0,0,0,0,0,0,0,0,0,0,0,1,0,0,0,0,0,0,0,0,0,0,1,0,0,0,0,0,0,0,1,0,0,0.573,2.228477120840324,2005,29
66,0,1,0,0,1,0,0.487,3.451,0,0,0,1,0,0,0,0,0,0,1,0,0,0,1,0,0,0,0,0,0,1,0,0,0,0,0,0,0,1,0,0,0.0,3.7612001156935624,0.0,43.0,66.0,0,0,0,0,0,0,0,0,0,0,1,0,0,0,0,0,0,0,0,0,1,0,0,0,0,0,0,0,0,1,0,0,0.573,2.228477120840324,2005,29
66,0,1,0,0,1,0,-3.419,2.713,0,0,0,1,0,0,0,0,0,0,1,0,0,0,1,0,0,0,0,0,0,1,0,0,0,0,0,0,0,1,0,0,0.0,2.9444389791664403,0.0,19.0,66.0,0,0,0,0,0,0,0,0,0,0,1,0,0,0,0,0,0,0,0,0,0,0,0,0,0,0,1,0,0,1,0,0,0.573,2.228477120840324,2005,29
66,0,1,0,0,1,0,-3.882,1.33,0,0,0,1,0,0,0,0,0,0,1,0,0,0,1,0,0,0,0,0,0,1,0,0,0,0,0,0,0,1,0,0,0.0,5.1647859739235145,0.0,175.0,66.0,0,0,0,0,0,0,0,0,0,0,1,0,0,0,0,0,0,0,0,0,0,1,0,0,0,0,0,0,0,1,0,0,0.573,2.228477120840324,2005,29
66,0,1,0,0,1,0,0.27,2.532,0,0,0,0,0,0,1,0,0,0,1,0,0,0,1,0,0,0,0,0,0,1,0,0,0,0,0,0,0,1,0,0,0.0,2.6390573296152584,0.0,14.0,66.0,0,0,0,0,0,0,0,0,0,0,1,0,0,0,0,0,0,0,0,0,1,0,0,0,0,0,0,0,0,1,0,0,0.573,2.228477120840324,2005,29
66,0,1,0,0,1,0,-4.557,1.375,0,0,0,0,0,0,1,0,0,0,1,0,0,0,1,0,0,0,0,0,0,1,0,0,0,0,0,0,0,1,0,0,0.0,4.1588830833596715,0.0,64.0,66.0,0,0,0,0,0,0,0,0,0,0,1,0,0,0,0,0,0,0,0,0,0,0,0,0,0,0,1,0,0,1,0,0,0.573,2.228477120840324,2005,29
66,0,1,0,0,1,0,-1.719,1.499,0,0,0,0,0,0,1,0,0,0,1,0,0,0,1,0,0,0,0,0,0,1,0,0,0,0,0,0,0,1,0,0,0.0,4.68213122712422,0.0,108.0,66.0,0,0,0,0,0,0,0,0,0,0,1,0,0,0,0,0,0,0,0,0,0,1,0,0,0,0,0,0,0,1,0,0,0.573,2.228477120840324,2005,29
66,0,1,0,0,1,0,20.891,9.203,0,0,0,0,0,0,0,1,0,0,0,1,0,0,1,0,0,0,0,0,0,1,0,0,0,0,0,0,0,1,0,0,0.0,1.0986122886681098,0.0,3.0,68.0,0,0,0,0,0,0,0,0,0,0,1,0,0,0,0,0,0,0,0,0,1,0,0,0,0,0,0,0,0,1,0,0,0.573,2.228477120840324,2005,29
66,0,1,0,0,1,0,2.904,2.566,0,0,0,0,0,0,0,1,0,0,0,1,0,0,1,0,0,0,0,0,0,1,0,0,0,0,0,0,0,1,0,0,0.0,4.394449154672439,0.0,81.0,68.0,0,0,0,0,0,0,0,0,0,0,1,0,0,0,0,0,0,0,0,0,0,0,0,0,0,0,1,0,0,1,0,0,0.573,2.228477120840324,2005,29
66,0,1,0,0,1,0,-3.475,1.19,0,0,0,0,0,0,0,1,0,0,0,1,0,0,1,0,0,0,0,0,0,1,0,0,0,0,0,0,0,1,0,0,0.0,5.262690188904886,0.0,193.0,68.0,0,0,0,0,0,0,0,0,0,0,1,0,0,0,0,0,0,0,0,0,0,1,0,0,0,0,0,0,0,1,0,0,0.573,2.228477120840324,2005,29
66,0,1,0,0,1,0,-23.963,7.995,0,0,0,0,0,0,0,0,1,0,1,0,0,0,1,0,0,0,0,0,0,1,0,0,0,0,0,0,0,1,0,0,0.0,2.8903717578961645,0.0,18.0,68.0,0,0,0,0,0,0,0,0,0,0,1,0,0,0,0,0,0,0,0,0,1,0,0,0,0,0,0,0,0,1,0,0,0.573,2.228477120840324,2005,29
66,0,1,0,0,1,0,-5.627,16.315,0,0,0,0,0,0,0,0,1,0,1,0,0,0,1,0,0,0,0,0,0,1,0,0,0,0,0,0,0,1,0,0,0.0,3.044522437723423,0.0,21.0,68.0,0,0,0,0,0,0,0,0,0,0,1,0,0,0,0,0,0,0,0,0,0,0,0,0,0,0,1,0,0,1,0,0,0.573,2.228477120840324,2005,29
66,0,1,0,0,1,0,-2.685,0.763,0,0,0,0,0,0,0,0,1,0,1,0,0,0,1,0,0,0,0,0,0,1,0,0,0,0,0,0,0,1,0,0,0.0,5.442417710521793,0.0,231.0,68.0,0,0,0,0,0,0,0,0,0,0,1,0,0,0,0,0,0,0,0,0,0,1,0,0,0,0,0,0,0,1,0,0,0.573,2.228477120840324,2005,29
66,0,1,0,0,1,0,-13.943,13.016,0,0,0,0,0,1,0,0,0,0,1,0,0,0,1,0,0,0,0,0,0,1,0,0,0,0,0,0,0,1,0,0,0.0,3.6109179126442243,0.0,37.0,68.0,0,0,0,0,0,0,0,0,0,0,1,0,0,0,0,0,0,0,0,0,1,0,0,0,0,0,0,0,0,1,0,0,0.573,2.228477120840324,2005,29
66,0,1,0,0,1,0,-63.556,48.367,0,0,0,0,0,1,0,0,0,0,1,0,0,0,1,0,0,0,0,0,0,1,0,0,0,0,0,0,0,1,0,0,0.0,2.70805020110221,0.0,15.0,68.0,0,0,0,0,0,0,0,0,0,0,1,0,0,0,0,0,0,0,0,0,0,0,0,0,0,0,1,0,0,1,0,0,0.573,2.228477120840324,2005,29
66,0,1,0,0,1,0,-3.835,0.878,0,0,0,0,0,1,0,0,0,0,1,0,0,0,1,0,0,0,0,0,0,1,0,0,0,0,0,0,0,1,0,0,0.0,5.3981627015177525,0.0,221.0,68.0,0,0,0,0,0,0,0,0,0,0,1,0,0,0,0,0,0,0,0,0,0,1,0,0,0,0,0,0,0,1,0,0,0.573,2.228477120840324,2005,29
66,0,1,0,0,1,0,0.766,1.715,1,0,0,0,0,0,0,0,0,0,1,0,0,0,1,0,0,0,0,0,0,1,0,0,0,0,0,0,0,1,0,0,0.0,4.204692619390966,0.0,67.0,66.0,0,0,0,0,0,0,0,0,0,0,1,0,0,0,0,0,0,0,0,0,1,0,0,0,0,0,0,0,0,1,0,0,0.573,2.228477120840324,2005,29
66,0,1,0,0,1,0,-4.902,2.152,1,0,0,0,0,0,0,0,0,0,1,0,0,0,1,0,0,0,0,0,0,1,0,0,0,0,0,0,0,1,0,0,0.0,4.941642422609304,0.0,140.0,66.0,0,0,0,0,0,0,0,0,0,0,1,0,0,0,0,0,0,0,0,0,0,0,0,0,0,0,1,0,0,1,0,0,0.573,2.228477120840324,2005,29
66,0,1,0,0,1,0,-6.707,2.934,1,0,0,0,0,0,0,0,0,0,1,0,0,0,1,0,0,0,0,0,0,1,0,0,0,0,0,0,0,1,0,0,0.0,3.4965075614664802,0.0,33.0,66.0,0,0,0,0,0,0,0,0,0,0,1,0,0,0,0,0,0,0,0,0,0,1,0,0,0,0,0,0,0,1,0,0,0.573,2.228477120840324,2005,29
66,0,1,0,0,1,0,-3.061,1.517,1,0,0,0,0,0,0,0,0,0,0,0,1,0,1,0,0,0,0,0,0,1,0,0,0,0,0,0,0,1,0,0,0.0,3.8501476017100584,0.0,47.0,68.0,0,0,0,0,0,0,0,0,0,0,1,0,0,0,0,0,0,0,0,0,1,0,0,0,0,0,0,0,0,1,0,0,0.573,2.228477120840324,2005,29
66,0,1,0,0,1,0,-2.118,2.336,1,0,0,0,0,0,0,0,0,0,0,0,1,0,1,0,0,0,0,0,0,1,0,0,0,0,0,0,0,1,0,0,0.0,3.258096538021482,0.0,26.0,68.0,0,0,0,0,0,0,0,0,0,0,1,0,0,0,0,0,0,0,0,0,0,0,0,0,0,0,1,0,0,1,0,0,0.573,2.228477120840324,2005,29
66,0,1,0,0,1,0,-1.314,0.649,1,0,0,0,0,0,0,0,0,0,0,0,1,0,1,0,0,0,0,0,0,1,0,0,0,0,0,0,0,1,0,0,0.0,5.318119993844216,0.0,204.0,68.0,0,0,0,0,0,0,0,0,0,0,1,0,0,0,0,0,0,0,0,0,0,1,0,0,0,0,0,0,0,1,0,0,0.573,2.228477120840324,2005,29
66,0,1,0,0,1,0,0.633,2.393,1,0,0,0,0,0,0,0,0,0,1,0,0,0,1,0,0,0,0,0,0,1,0,0,0,0,0,0,0,1,0,0,0.0,3.9512437185814275,0.0,52.0,66.0,0,0,0,0,0,0,0,0,0,0,1,0,0,0,0,0,0,0,0,0,1,0,0,0,0,0,0,0,0,1,0,0,0.573,2.228477120840324,2005,29
66,0,1,0,0,1,0,-21.102,17.755,1,0,0,0,0,0,0,0,0,0,1,0,0,0,1,0,0,0,0,0,0,1,0,0,0,0,0,0,0,1,0,0,0.0,3.1780538303479458,0.0,24.0,66.0,0,0,0,0,0,0,0,0,0,0,1,0,0,0,0,0,0,0,0,0,0,0,0,0,0,0,1,0,0,1,0,0,0.573,2.228477120840324,2005,29
66,0,1,0,0,1,0,-6.196,1.303,1,0,0,0,0,0,0,0,0,0,1,0,0,0,1,0,0,0,0,0,0,1,0,0,0,0,0,0,0,1,0,0,0.0,5.159055299214529,0.0,174.0,66.0,0,0,0,0,0,0,0,0,0,0,1,0,0,0,0,0,0,0,0,0,0,1,0,0,0,0,0,0,0,1,0,0,0.573,2.228477120840324,2005,29
66,0,1,0,0,1,0,1.655,1.034,0,0,0,0,1,0,0,0,0,0,1,0,0,0,1,0,0,0,0,0,0,1,0,0,0,0,0,0,0,1,0,0,0.0,3.5553480614894135,0.0,35.0,66.0,0,0,0,0,0,0,0,0,0,0,1,0,0,0,0,0,0,0,0,0,1,0,0,0,0,0,0,0,0,1,0,0,0.573,2.228477120840324,2005,29
66,0,1,0,0,1,0,-1.427,1.767,0,0,0,0,1,0,0,0,0,0,1,0,0,0,1,0,0,0,0,0,0,1,0,0,0,0,0,0,0,1,0,0,0.0,4.7535901911063645,0.0,116.0,66.0,0,0,0,0,0,0,0,0,0,0,1,0,0,0,0,0,0,0,0,0,0,0,0,0,0,0,1,0,0,1,0,0,0.573,2.228477120840324,2005,29
66,0,1,0,0,1,0,-4.386,1.436,0,0,0,0,1,0,0,0,0,0,1,0,0,0,1,0,0,0,0,0,0,1,0,0,0,0,0,0,0,1,0,0,0.0,4.48863636973214,0.0,89.0,66.0,0,0,0,0,0,0,0,0,0,0,1,0,0,0,0,0,0,0,0,0,0,1,0,0,0,0,0,0,0,1,0,0,0.573,2.228477120840324,2005,29
66,0,1,0,0,1,0,0.487,3.451,0,0,0,1,0,0,0,0,0,0,1,0,0,0,1,0,0,0,0,0,0,1,0,0,0,0,0,0,0,1,0,0,0.0,3.7612001156935624,0.0,43.0,66.0,0,0,0,0,0,0,0,0,0,0,1,0,0,0,0,0,0,0,0,0,1,0,0,0,0,0,0,0,0,1,0,0,0.573,2.228477120840324,2005,29
66,0,1,0,0,1,0,-3.348,2.757,0,0,0,1,0,0,0,0,0,0,1,0,0,0,1,0,0,0,0,0,0,1,0,0,0,0,0,0,0,1,0,0,0.0,2.995732273553991,0.0,20.0,66.0,0,0,0,0,0,0,0,0,0,0,1,0,0,0,0,0,0,0,0,0,0,0,0,0,0,0,1,0,0,1,0,0,0.573,2.228477120840324,2005,29
66,0,1,0,0,1,0,-3.976,1.318,0,0,0,1,0,0,0,0,0,0,1,0,0,0,1,0,0,0,0,0,0,1,0,0,0,0,0,0,0,1,0,0,0.0,5.170483995038151,0.0,176.0,66.0,0,0,0,0,0,0,0,0,0,0,1,0,0,0,0,0,0,0,0,0,0,1,0,0,0,0,0,0,0,1,0,0,0.573,2.228477120840324,2005,29
66,0,1,0,0,1,0,1.297,2.228,0,0,0,0,0,0,1,0,0,0,1,0,0,0,1,0,0,0,0,0,0,1,0,0,0,0,0,0,0,1,0,0,0.0,2.9444389791664403,0.0,19.0,66.0,0,0,0,0,0,0,0,0,0,0,1,0,0,0,0,0,0,0,0,0,1,0,0,0,0,0,0,0,0,1,0,0,0.573,2.228477120840324,2005,29
66,0,1,0,0,1,0,-10.72,2.019,0,0,0,0,0,0,1,0,0,0,1,0,0,0,1,0,0,0,0,0,0,1,0,0,0,0,0,0,0,1,0,0,0.0,2.3978952727983707,0.0,11.0,66.0,0,0,0,0,0,0,0,0,0,0,1,0,0,0,0,0,0,0,0,0,0,0,0,0,0,0,1,0,0,1,0,0,0.573,2.228477120840324,2005,29
66,0,1,0,0,1,0,-0.818,0.795,0,0,0,0,0,0,1,0,0,0,1,0,0,0,1,0,0,0,0,0,0,1,0,0,0,0,0,0,0,1,0,0,0.0,5.3471075307174685,0.0,210.0,66.0,0,0,0,0,0,0,0,0,0,0,1,0,0,0,0,0,0,0,0,0,0,1,0,0,0,0,0,0,0,1,0,0,0.573,2.228477120840324,2005,29
66,0,1,0,0,1,0,-0.856,4.193,0,0,0,0,0,0,0,1,0,0,0,1,0,0,1,0,0,0,0,0,0,1,0,0,0,0,0,0,0,1,0,0,0.0,3.258096538021482,0.0,26.0,68.0,0,0,0,0,0,0,0,0,0,0,1,0,0,0,0,0,0,0,0,0,1,0,0,0,0,0,0,0,0,1,0,0,0.573,2.228477120840324,2005,29
66,0,1,0,0,1,0,0.246,14.875,0,0,0,0,0,0,0,1,0,0,0,1,0,0,1,0,0,0,0,0,0,1,0,0,0,0,0,0,0,1,0,0,0.0,2.995732273553991,0.0,20.0,68.0,0,0,0,0,0,0,0,0,0,0,1,0,0,0,0,0,0,0,0,0,0,0,0,0,0,0,1,0,0,1,0,0,0.573,2.228477120840324,2005,29
66,0,1,0,0,1,0,-3.917,0.99,0,0,0,0,0,0,0,1,0,0,0,1,0,0,1,0,0,0,0,0,0,1,0,0,0,0,0,0,0,1,0,0,0.0,5.442417710521793,0.0,231.0,68.0,0,0,0,0,0,0,0,0,0,0,1,0,0,0,0,0,0,0,0,0,0,1,0,0,0,0,0,0,0,1,0,0,0.573,2.228477120840324,2005,29
66,0,1,0,0,1,0,-2.103,4.525,0,0,0,0,0,0,0,0,1,0,1,0,0,0,1,0,0,0,0,0,0,1,0,0,0,0,0,0,0,1,0,0,0.0,3.8066624897703196,0.0,45.0,68.0,0,0,0,0,0,0,0,0,0,0,1,0,0,0,0,0,0,0,0,0,1,0,0,0,0,0,0,0,0,1,0,0,0.573,2.228477120840324,2005,29
66,0,1,0,0,1,0,22.727,10.507,0,0,0,0,0,0,0,0,1,0,1,0,0,0,1,0,0,0,0,0,0,1,0,0,0,0,0,0,0,1,0,0,0.0,2.9444389791664403,0.0,19.0,68.0,0,0,0,0,0,0,0,0,0,0,1,0,0,0,0,0,0,0,0,0,0,0,0,0,0,0,1,0,0,1,0,0,0.573,2.228477120840324,2005,29
66,0,1,0,0,1,0,-2.379,0.874,0,0,0,0,0,0,0,0,1,0,1,0,0,0,1,0,0,0,0,0,0,1,0,0,0,0,0,0,0,1,0,0,0.0,5.3612921657094255,0.0,213.0,68.0,0,0,0,0,0,0,0,0,0,0,1,0,0,0,0,0,0,0,0,0,0,1,0,0,0,0,0,0,0,1,0,0,0.573,2.228477120840324,2005,29
66,0,1,0,0,1,0,-11.739,18.8,0,0,0,0,0,1,0,0,0,0,1,0,0,0,1,0,0,0,0,0,0,1,0,0,0,0,0,0,0,1,0,0,0.0,3.1780538303479458,0.0,24.0,68.0,0,0,0,0,0,0,0,0,0,0,1,0,0,0,0,0,0,0,0,0,1,0,0,0,0,0,0,0,0,1,0,0,0.573,2.228477120840324,2005,29
66,0,1,0,0,1,0,-1.76,9.423,0,0,0,0,0,1,0,0,0,0,1,0,0,0,1,0,0,0,0,0,0,1,0,0,0,0,0,0,0,1,0,0,0.0,2.3978952727983707,0.0,11.0,68.0,0,0,0,0,0,0,0,0,0,0,1,0,0,0,0,0,0,0,0,0,0,0,0,0,0,0,1,0,0,1,0,0,0.573,2.228477120840324,2005,29
66,0,1,0,0,1,0,-4.234,0.766,0,0,0,0,0,1,0,0,0,0,1,0,0,0,1,0,0,0,0,0,0,1,0,0,0,0,0,0,0,1,0,0,0.0,5.488937726156687,0.0,242.0,68.0,0,0,0,0,0,0,0,0,0,0,1,0,0,0,0,0,0,0,0,0,0,1,0,0,0,0,0,0,0,1,0,0,0.573,2.228477120840324,2005,29
66,0,1,0,0,1,0,-1.264,0.866,1,0,0,0,0,0,0,0,0,0,1,0,0,0,1,0,0,0,0,0,0,1,0,0,0,0,0,0,0,1,0,0,0.0,5.484796933490655,0.0,241.0,66.0,0,0,0,0,0,0,0,0,0,0,1,0,0,0,0,0,0,0,0,0,0,0,0,1,0,0,0,0,0,1,0,0,0.573,2.228477120840324,2005,29
66,0,1,0,0,1,0,1.178,1.42,1,0,0,0,0,0,0,0,0,0,1,0,0,0,1,0,0,0,0,0,0,1,0,0,0,0,0,0,0,1,0,0,0.0,5.484796933490655,0.0,241.0,66.0,0,0,0,0,0,0,0,0,0,0,1,0,0,0,0,0,0,0,0,0,0,0,1,0,0,0,0,0,0,1,0,0,0.573,2.228477120840324,2005,29
66,0,1,0,0,1,0,-1.113,0.609,1,0,0,0,0,0,0,0,0,0,0,0,1,0,1,0,0,0,0,0,0,1,0,0,0,0,0,0,0,1,0,0,0.0,5.627621113690637,0.0,278.0,68.0,0,0,0,0,0,0,0,0,0,0,1,0,0,0,0,0,0,0,0,0,0,0,0,1,0,0,0,0,0,1,0,0,0.573,2.228477120840324,2005,29
66,0,1,0,0,1,0,0.084,2.561,1,0,0,0,0,0,0,0,0,0,0,0,1,0,1,0,0,0,0,0,0,1,0,0,0,0,0,0,0,1,0,0,0.0,5.627621113690637,0.0,278.0,68.0,0,0,0,0,0,0,0,0,0,0,1,0,0,0,0,0,0,0,0,0,0,0,1,0,0,0,0,0,0,1,0,0,0.573,2.228477120840324,2005,29
66,0,1,0,0,1,0,-2.322,1.459,1,0,0,0,0,0,0,0,0,0,1,0,0,0,1,0,0,0,0,0,0,1,0,0,0,0,0,0,0,1,0,0,0.0,5.484796933490655,0.0,241.0,66.0,0,0,0,0,0,0,0,0,0,0,1,0,0,0,0,0,0,0,0,0,0,0,0,1,0,0,0,0,0,1,0,0,0.573,2.228477120840324,2005,29
66,0,1,0,0,1,0,1.411,2.092,1,0,0,0,0,0,0,0,0,0,1,0,0,0,1,0,0,0,0,0,0,1,0,0,0,0,0,0,0,1,0,0,0.0,5.484796933490655,0.0,241.0,66.0,0,0,0,0,0,0,0,0,0,0,1,0,0,0,0,0,0,0,0,0,0,0,1,0,0,0,0,0,0,1,0,0,0.573,2.228477120840324,2005,29
66,0,1,0,0,1,0,-6.77,1.548,0,0,0,0,1,0,0,0,0,0,1,0,0,0,1,0,0,0,0,0,0,1,0,0,0,0,0,0,0,1,0,0,0.0,5.484796933490655,0.0,241.0,66.0,0,0,0,0,0,0,0,0,0,0,1,0,0,0,0,0,0,0,0,0,0,0,0,1,0,0,0,0,0,1,0,0,0.573,2.228477120840324,2005,29
66,0,1,0,0,1,0,7.717,1.639,0,0,0,0,1,0,0,0,0,0,1,0,0,0,1,0,0,0,0,0,0,1,0,0,0,0,0,0,0,1,0,0,0.0,5.484796933490655,0.0,241.0,66.0,0,0,0,0,0,0,0,0,0,0,1,0,0,0,0,0,0,0,0,0,0,0,1,0,0,0,0,0,0,1,0,0,0.573,2.228477120840324,2005,29
66,0,1,0,0,1,0,-1.643,1.156,0,0,0,1,0,0,0,0,0,0,1,0,0,0,1,0,0,0,0,0,0,1,0,0,0,0,0,0,0,1,0,0,0.0,5.484796933490655,0.0,241.0,66.0,0,0,0,0,0,0,0,0,0,0,1,0,0,0,0,0,0,0,0,0,0,0,0,1,0,0,0,0,0,1,0,0,0.573,2.228477120840324,2005,29
66,0,1,0,0,1,0,1.195,1.59,0,0,0,1,0,0,0,0,0,0,1,0,0,0,1,0,0,0,0,0,0,1,0,0,0,0,0,0,0,1,0,0,0.0,5.484796933490655,0.0,241.0,66.0,0,0,0,0,0,0,0,0,0,0,1,0,0,0,0,0,0,0,0,0,0,0,1,0,0,0,0,0,0,1,0,0,0.573,2.228477120840324,2005,29
66,0,1,0,0,1,0,-0.848,1.511,0,0,0,0,0,0,1,0,0,0,1,0,0,0,1,0,0,0,0,0,0,1,0,0,0,0,0,0,0,1,0,0,0.0,5.484796933490655,0.0,241.0,66.0,0,0,0,0,0,0,0,0,0,0,1,0,0,0,0,0,0,0,0,0,0,0,0,1,0,0,0,0,0,1,0,0,0.573,2.228477120840324,2005,29
66,0,1,0,0,1,0,2.296,2.011,0,0,0,0,0,0,1,0,0,0,1,0,0,0,1,0,0,0,0,0,0,1,0,0,0,0,0,0,0,1,0,0,0.0,5.484796933490655,0.0,241.0,66.0,0,0,0,0,0,0,0,0,0,0,1,0,0,0,0,0,0,0,0,0,0,0,1,0,0,0,0,0,0,1,0,0,0.573,2.228477120840324,2005,29
66,0,1,0,0,1,0,-3.091,0.781,0,0,0,0,0,0,0,1,0,0,0,1,0,0,1,0,0,0,0,0,0,1,0,0,0,0,0,0,0,1,0,0,0.0,5.627621113690637,0.0,278.0,68.0,0,0,0,0,0,0,0,0,0,0,1,0,0,0,0,0,0,0,0,0,0,0,0,1,0,0,0,0,0,1,0,0,0.573,2.228477120840324,2005,29
66,0,1,0,0,1,0,2.689,3.89,0,0,0,0,0,0,0,1,0,0,0,1,0,0,1,0,0,0,0,0,0,1,0,0,0,0,0,0,0,1,0,0,0.0,5.627621113690637,0.0,278.0,68.0,0,0,0,0,0,0,0,0,0,0,1,0,0,0,0,0,0,0,0,0,0,0,1,0,0,0,0,0,0,1,0,0,0.573,2.228477120840324,2005,29
66,0,1,0,0,1,0,-3.622,1.6,0,0,0,0,0,0,0,0,1,0,1,0,0,0,1,0,0,0,0,0,0,1,0,0,0,0,0,0,0,1,0,0,0.0,5.627621113690637,0.0,278.0,68.0,0,0,0,0,0,0,0,0,0,0,1,0,0,0,0,0,0,0,0,0,0,0,0,1,0,0,0,0,0,1,0,0,0.573,2.228477120840324,2005,29
66,0,1,0,0,1,0,2.726,1.746,0,0,0,0,0,0,0,0,1,0,1,0,0,0,1,0,0,0,0,0,0,1,0,0,0,0,0,0,0,1,0,0,0.0,5.627621113690637,0.0,278.0,68.0,0,0,0,0,0,0,0,0,0,0,1,0,0,0,0,0,0,0,0,0,0,0,1,0,0,0,0,0,0,1,0,0,0.573,2.228477120840324,2005,29
66,0,1,0,0,1,0,-5.317,1.135,0,0,0,0,0,1,0,0,0,0,1,0,0,0,1,0,0,0,0,0,0,1,0,0,0,0,0,0,0,1,0,0,0.0,5.627621113690637,0.0,278.0,68.0,0,0,0,0,0,0,0,0,0,0,1,0,0,0,0,0,0,0,0,0,0,0,0,1,0,0,0,0,0,1,0,0,0.573,2.228477120840324,2005,29
66,0,1,0,0,1,0,5.31,2.064,0,0,0,0,0,1,0,0,0,0,1,0,0,0,1,0,0,0,0,0,0,1,0,0,0,0,0,0,0,1,0,0,0.0,5.627621113690637,0.0,278.0,68.0,0,0,0,0,0,0,0,0,0,0,1,0,0,0,0,0,0,0,0,0,0,0,1,0,0,0,0,0,0,1,0,0,0.573,2.228477120840324,2005,29
66,0,1,0,0,1,0,-1.858,0.95,1,0,0,0,0,0,0,0,0,0,1,0,0,0,1,0,0,0,0,0,0,1,0,0,0,0,0,0,0,1,0,0,0.0,5.484796933490655,0.0,241.0,66.0,0,0,0,0,0,0,0,0,0,0,1,0,0,0,0,0,0,0,0,0,0,0,0,1,0,0,0,0,0,1,0,0,0.573,2.228477120840324,2005,29
66,0,1,0,0,1,0,2.107,1.353,1,0,0,0,0,0,0,0,0,0,1,0,0,0,1,0,0,0,0,0,0,1,0,0,0,0,0,0,0,1,0,0,0.0,5.484796933490655,0.0,241.0,66.0,0,0,0,0,0,0,0,0,0,0,1,0,0,0,0,0,0,0,0,0,0,0,1,0,0,0,0,0,0,1,0,0,0.573,2.228477120840324,2005,29
66,0,1,0,0,1,0,-2.135,1.095,1,0,0,0,0,0,0,0,0,0,0,0,1,0,1,0,0,0,0,0,0,1,0,0,0,0,0,0,0,1,0,0,0.0,5.627621113690637,0.0,278.0,68.0,0,0,0,0,0,0,0,0,0,0,1,0,0,0,0,0,0,0,0,0,0,0,0,1,0,0,0,0,0,1,0,0,0.573,2.228477120840324,2005,29
66,0,1,0,0,1,0,1.191,1.262,1,0,0,0,0,0,0,0,0,0,0,0,1,0,1,0,0,0,0,0,0,1,0,0,0,0,0,0,0,1,0,0,0.0,5.627621113690637,0.0,278.0,68.0,0,0,0,0,0,0,0,0,0,0,1,0,0,0,0,0,0,0,0,0,0,0,1,0,0,0,0,0,0,1,0,0,0.573,2.228477120840324,2005,29
66,0,1,0,0,1,0,-2.086,1.69,1,0,0,0,0,0,0,0,0,0,1,0,0,0,1,0,0,0,0,0,0,1,0,0,0,0,0,0,0,1,0,0,0.0,5.484796933490655,0.0,241.0,66.0,0,0,0,0,0,0,0,0,0,0,1,0,0,0,0,0,0,0,0,0,0,0,0,1,0,0,0,0,0,1,0,0,0.573,2.228477120840324,2005,29
66,0,1,0,0,1,0,12.346,7.496,1,0,0,0,0,0,0,0,0,0,1,0,0,0,1,0,0,0,0,0,0,1,0,0,0,0,0,0,0,1,0,0,0.0,5.484796933490655,0.0,241.0,66.0,0,0,0,0,0,0,0,0,0,0,1,0,0,0,0,0,0,0,0,0,0,0,1,0,0,0,0,0,0,1,0,0,0.573,2.228477120840324,2005,29
66,0,1,0,0,1,0,-1.113,0.864,0,0,0,0,1,0,0,0,0,0,1,0,0,0,1,0,0,0,0,0,0,1,0,0,0,0,0,0,0,1,0,0,0.0,5.484796933490655,0.0,241.0,66.0,0,0,0,0,0,0,0,0,0,0,1,0,0,0,0,0,0,0,0,0,0,0,0,1,0,0,0,0,0,1,0,0,0.573,2.228477120840324,2005,29
66,0,1,0,0,1,0,5.367,2.072,0,0,0,0,1,0,0,0,0,0,1,0,0,0,1,0,0,0,0,0,0,1,0,0,0,0,0,0,0,1,0,0,0.0,5.484796933490655,0.0,241.0,66.0,0,0,0,0,0,0,0,0,0,0,1,0,0,0,0,0,0,0,0,0,0,0,1,0,0,0,0,0,0,1,0,0,0.573,2.228477120840324,2005,29
66,0,1,0,0,1,0,-1.458,1.202,0,0,0,1,0,0,0,0,0,0,1,0,0,0,1,0,0,0,0,0,0,1,0,0,0,0,0,0,0,1,0,0,0.0,5.484796933490655,0.0,241.0,66.0,0,0,0,0,0,0,0,0,0,0,1,0,0,0,0,0,0,0,0,0,0,0,0,1,0,0,0,0,0,1,0,0,0.573,2.228477120840324,2005,29
66,0,1,0,0,1,0,0.484,1.455,0,0,0,1,0,0,0,0,0,0,1,0,0,0,1,0,0,0,0,0,0,1,0,0,0,0,0,0,0,1,0,0,0.0,5.484796933490655,0.0,241.0,66.0,0,0,0,0,0,0,0,0,0,0,1,0,0,0,0,0,0,0,0,0,0,0,1,0,0,0,0,0,0,1,0,0,0.573,2.228477120840324,2005,29
66,0,1,0,0,1,0,-1.148,0.812,0,0,0,0,0,0,1,0,0,0,1,0,0,0,1,0,0,0,0,0,0,1,0,0,0,0,0,0,0,1,0,0,0.0,5.484796933490655,0.0,241.0,66.0,0,0,0,0,0,0,0,0,0,0,1,0,0,0,0,0,0,0,0,0,0,0,0,1,0,0,0,0,0,1,0,0,0.573,2.228477120840324,2005,29
66,0,1,0,0,1,0,2.651,1.114,0,0,0,0,0,0,1,0,0,0,1,0,0,0,1,0,0,0,0,0,0,1,0,0,0,0,0,0,0,1,0,0,0.0,5.484796933490655,0.0,241.0,66.0,0,0,0,0,0,0,0,0,0,0,1,0,0,0,0,0,0,0,0,0,0,0,1,0,0,0,0,0,0,1,0,0,0.573,2.228477120840324,2005,29
66,0,1,0,0,1,0,-3.025,1.432,0,0,0,0,0,0,0,1,0,0,0,1,0,0,1,0,0,0,0,0,0,1,0,0,0,0,0,0,0,1,0,0,0.0,5.627621113690637,0.0,278.0,68.0,0,0,0,0,0,0,0,0,0,0,1,0,0,0,0,0,0,0,0,0,0,0,0,1,0,0,0,0,0,1,0,0,0.573,2.228477120840324,2005,29
66,0,1,0,0,1,0,0.461,2.65,0,0,0,0,0,0,0,1,0,0,0,1,0,0,1,0,0,0,0,0,0,1,0,0,0,0,0,0,0,1,0,0,0.0,5.627621113690637,0.0,278.0,68.0,0,0,0,0,0,0,0,0,0,0,1,0,0,0,0,0,0,0,0,0,0,0,1,0,0,0,0,0,0,1,0,0,0.573,2.228477120840324,2005,29
66,0,1,0,0,1,0,-6.552,3.847,0,0,0,0,0,1,0,0,0,0,1,0,0,0,1,0,0,0,0,0,0,1,0,0,0,0,0,0,0,1,0,0,0.0,5.627621113690637,0.0,278.0,68.0,0,0,0,0,0,0,0,0,0,0,1,0,0,0,0,0,0,0,0,0,0,0,0,1,0,0,0,0,0,1,0,0,0.573,2.228477120840324,2005,29
66,0,1,0,0,1,0,4.608,4.172,0,0,0,0,0,1,0,0,0,0,1,0,0,0,1,0,0,0,0,0,0,1,0,0,0,0,0,0,0,1,0,0,0.0,5.627621113690637,0.0,278.0,68.0,0,0,0,0,0,0,0,0,0,0,1,0,0,0,0,0,0,0,0,0,0,0,1,0,0,0,0,0,0,1,0,0,0.573,2.228477120840324,2005,29
66,0,1,0,0,1,0,-1.838,0.91,1,0,0,0,0,0,0,0,0,0,1,0,0,0,1,0,0,0,0,0,0,1,0,0,0,0,0,0,0,1,0,0,0.0,5.484796933490655,0.0,241.0,66.0,0,0,0,0,0,0,0,0,0,0,1,0,0,0,0,0,0,0,0,0,0,0,0,1,0,0,0,0,0,1,0,0,0.573,2.228477120840324,2005,29
66,0,1,0,0,1,0,2.239,1.324,1,0,0,0,0,0,0,0,0,0,1,0,0,0,1,0,0,0,0,0,0,1,0,0,0,0,0,0,0,1,0,0,0.0,5.484796933490655,0.0,241.0,66.0,0,0,0,0,0,0,0,0,0,0,1,0,0,0,0,0,0,0,0,0,0,0,1,0,0,0,0,0,0,1,0,0,0.573,2.228477120840324,2005,29
66,0,1,0,0,1,0,-5.496,2.377,1,0,0,0,0,0,0,0,0,0,0,0,1,0,1,0,0,0,0,0,0,1,0,0,0,0,0,0,0,1,0,0,0.0,5.627621113690637,0.0,278.0,68.0,0,0,0,0,0,0,0,0,0,0,1,0,0,0,0,0,0,0,0,0,0,0,0,1,0,0,0,0,0,1,0,0,0.573,2.228477120840324,2005,29
66,0,1,0,0,1,0,4.59,2.476,1,0,0,0,0,0,0,0,0,0,0,0,1,0,1,0,0,0,0,0,0,1,0,0,0,0,0,0,0,1,0,0,0.0,5.627621113690637,0.0,278.0,68.0,0,0,0,0,0,0,0,0,0,0,1,0,0,0,0,0,0,0,0,0,0,0,1,0,0,0,0,0,0,1,0,0,0.573,2.228477120840324,2005,29
66,0,1,0,0,1,0,-2.068,0.725,1,0,0,0,0,0,0,0,0,0,1,0,0,0,1,0,0,0,0,0,0,1,0,0,0,0,0,0,0,1,0,0,0.0,5.484796933490655,0.0,241.0,66.0,0,0,0,0,0,0,0,0,0,0,1,0,0,0,0,0,0,0,0,0,0,0,0,1,0,0,0,0,0,1,0,0,0.573,2.228477120840324,2005,29
66,0,1,0,0,1,0,5.989,3.633,1,0,0,0,0,0,0,0,0,0,1,0,0,0,1,0,0,0,0,0,0,1,0,0,0,0,0,0,0,1,0,0,0.0,5.484796933490655,0.0,241.0,66.0,0,0,0,0,0,0,0,0,0,0,1,0,0,0,0,0,0,0,0,0,0,0,1,0,0,0,0,0,0,1,0,0,0.573,2.228477120840324,2005,29
66,0,1,0,0,1,0,-1.023,0.878,0,0,0,0,1,0,0,0,0,0,1,0,0,0,1,0,0,0,0,0,0,1,0,0,0,0,0,0,0,1,0,0,0.0,5.484796933490655,0.0,241.0,66.0,0,0,0,0,0,0,0,0,0,0,1,0,0,0,0,0,0,0,0,0,0,0,0,1,0,0,0,0,0,1,0,0,0.573,2.228477120840324,2005,29
66,0,1,0,0,1,0,6.673,1.581,0,0,0,0,1,0,0,0,0,0,1,0,0,0,1,0,0,0,0,0,0,1,0,0,0,0,0,0,0,1,0,0,0.0,5.484796933490655,0.0,241.0,66.0,0,0,0,0,0,0,0,0,0,0,1,0,0,0,0,0,0,0,0,0,0,0,1,0,0,0,0,0,0,1,0,0,0.573,2.228477120840324,2005,29
66,0,1,0,0,1,0,-1.111,1.019,0,0,0,1,0,0,0,0,0,0,1,0,0,0,1,0,0,0,0,0,0,1,0,0,0,0,0,0,0,1,0,0,0.0,5.484796933490655,0.0,241.0,66.0,0,0,0,0,0,0,0,0,0,0,1,0,0,0,0,0,0,0,0,0,0,0,0,1,0,0,0,0,0,1,0,0,0.573,2.228477120840324,2005,29
66,0,1,0,0,1,0,0.081,1.303,0,0,0,1,0,0,0,0,0,0,1,0,0,0,1,0,0,0,0,0,0,1,0,0,0,0,0,0,0,1,0,0,0.0,5.484796933490655,0.0,241.0,66.0,0,0,0,0,0,0,0,0,0,0,1,0,0,0,0,0,0,0,0,0,0,0,1,0,0,0,0,0,0,1,0,0,0.573,2.228477120840324,2005,29
66,0,1,0,0,1,0,-1.213,1.122,0,0,0,0,0,0,1,0,0,0,1,0,0,0,1,0,0,0,0,0,0,1,0,0,0,0,0,0,0,1,0,0,0.0,5.484796933490655,0.0,241.0,66.0,0,0,0,0,0,0,0,0,0,0,1,0,0,0,0,0,0,0,0,0,0,0,0,1,0,0,0,0,0,1,0,0,0.573,2.228477120840324,2005,29
66,0,1,0,0,1,0,2.906,2.076,0,0,0,0,0,0,1,0,0,0,1,0,0,0,1,0,0,0,0,0,0,1,0,0,0,0,0,0,0,1,0,0,0.0,5.484796933490655,0.0,241.0,66.0,0,0,0,0,0,0,0,0,0,0,1,0,0,0,0,0,0,0,0,0,0,0,1,0,0,0,0,0,0,1,0,0,0.573,2.228477120840324,2005,29
66,0,1,0,0,1,0,-3.071,1.025,0,0,0,0,0,0,0,1,0,0,0,1,0,0,1,0,0,0,0,0,0,1,0,0,0,0,0,0,0,1,0,0,0.0,5.627621113690637,0.0,278.0,68.0,0,0,0,0,0,0,0,0,0,0,1,0,0,0,0,0,0,0,0,0,0,0,0,1,0,0,0,0,0,1,0,0,0.573,2.228477120840324,2005,29
66,0,1,0,0,1,0,0.54,1.483,0,0,0,0,0,0,0,1,0,0,0,1,0,0,1,0,0,0,0,0,0,1,0,0,0,0,0,0,0,1,0,0,0.0,5.627621113690637,0.0,278.0,68.0,0,0,0,0,0,0,0,0,0,0,1,0,0,0,0,0,0,0,0,0,0,0,1,0,0,0,0,0,0,1,0,0,0.573,2.228477120840324,2005,29
66,0,1,0,0,1,0,-8.587,1.406,0,0,0,0,0,1,0,0,0,0,1,0,0,0,1,0,0,0,0,0,0,1,0,0,0,0,0,0,0,1,0,0,0.0,5.627621113690637,0.0,278.0,68.0,0,0,0,0,0,0,0,0,0,0,1,0,0,0,0,0,0,0,0,0,0,0,0,1,0,0,0,0,0,1,0,0,0.573,2.228477120840324,2005,29
66,0,1,0,0,1,0,6.808,1.703,0,0,0,0,0,1,0,0,0,0,1,0,0,0,1,0,0,0,0,0,0,1,0,0,0,0,0,0,0,1,0,0,0.0,5.627621113690637,0.0,278.0,68.0,0,0,0,0,0,0,0,0,0,0,1,0,0,0,0,0,0,0,0,0,0,0,1,0,0,0,0,0,0,1,0,0,0.573,2.228477120840324,2005,29
66,0,1,0,0,1,0,-3.851,2.284,1,0,0,0,0,0,0,0,0,0,1,0,0,0,1,0,0,0,0,0,0,1,0,0,0,0,0,0,0,1,0,0,0.0,5.484796933490655,0.0,241.0,66.0,0,0,0,0,0,0,0,0,0,0,1,0,0,0,0,0,0,0,0,0,0,1,0,0,0,0,0,0,0,1,0,0,0.573,2.228477120840324,2005,29
66,0,1,0,0,1,0,3.436,2.678,1,0,0,0,0,0,0,0,0,0,1,0,0,0,1,0,0,0,0,0,0,1,0,0,0,0,0,0,0,1,0,0,0.0,5.484796933490655,0.0,241.0,66.0,0,0,0,0,0,0,0,0,0,0,1,0,0,0,0,0,0,0,0,0,1,0,0,0,0,0,0,0,0,1,0,0,0.573,2.228477120840324,2005,29
66,0,1,0,0,1,0,-3.851,2.27,1,0,0,0,0,0,0,0,0,0,0,0,1,0,1,0,0,0,0,0,0,1,0,0,0,0,0,0,0,1,0,0,0.0,5.627621113690637,0.0,278.0,68.0,0,0,0,0,0,0,0,0,0,0,1,0,0,0,0,0,0,0,0,0,0,1,0,0,0,0,0,0,0,1,0,0,0.573,2.228477120840324,2005,29
66,0,1,0,0,1,0,3.436,2.618,1,0,0,0,0,0,0,0,0,0,0,0,1,0,1,0,0,0,0,0,0,1,0,0,0,0,0,0,0,1,0,0,0.0,5.627621113690637,0.0,278.0,68.0,0,0,0,0,0,0,0,0,0,0,1,0,0,0,0,0,0,0,0,0,1,0,0,0,0,0,0,0,0,1,0,0,0.573,2.228477120840324,2005,29
66,0,1,0,0,1,0,17.504,12.097,1,0,0,0,0,0,0,0,0,0,1,0,0,0,1,0,0,0,0,0,0,1,0,0,0,0,0,0,0,1,0,0,0.0,5.484796933490655,0.0,241.0,66.0,0,0,0,0,0,0,0,0,0,0,1,0,0,0,0,0,0,0,0,0,0,1,0,0,0,0,0,0,0,1,0,0,0.573,2.228477120840324,2005,29
66,0,1,0,0,1,0,-18.953,12.151,1,0,0,0,0,0,0,0,0,0,1,0,0,0,1,0,0,0,0,0,0,1,0,0,0,0,0,0,0,1,0,0,0.0,5.484796933490655,0.0,241.0,66.0,0,0,0,0,0,0,0,0,0,0,1,0,0,0,0,0,0,0,0,0,1,0,0,0,0,0,0,0,0,1,0,0,0.573,2.228477120840324,2005,29
66,0,1,0,0,1,0,-12.9,6.816,0,0,0,0,1,0,0,0,0,0,1,0,0,0,1,0,0,0,0,0,0,1,0,0,0,0,0,0,0,1,0,0,0.0,5.484796933490655,0.0,241.0,66.0,0,0,0,0,0,0,0,0,0,0,1,0,0,0,0,0,0,0,0,0,0,1,0,0,0,0,0,0,0,1,0,0,0.573,2.228477120840324,2005,29
66,0,1,0,0,1,0,12.976,7.137,0,0,0,0,1,0,0,0,0,0,1,0,0,0,1,0,0,0,0,0,0,1,0,0,0,0,0,0,0,1,0,0,0.0,5.484796933490655,0.0,241.0,66.0,0,0,0,0,0,0,0,0,0,0,1,0,0,0,0,0,0,0,0,0,1,0,0,0,0,0,0,0,0,1,0,0,0.573,2.228477120840324,2005,29
66,0,1,0,0,1,0,17.844,20.41,0,0,0,1,0,0,0,0,0,0,1,0,0,0,1,0,0,0,0,0,0,1,0,0,0,0,0,0,0,1,0,0,0.0,5.484796933490655,0.0,241.0,66.0,0,0,0,0,0,0,0,0,0,0,1,0,0,0,0,0,0,0,0,0,0,1,0,0,0,0,0,0,0,1,0,0,0.573,2.228477120840324,2005,29
66,0,1,0,0,1,0,-18.458,20.42,0,0,0,1,0,0,0,0,0,0,1,0,0,0,1,0,0,0,0,0,0,1,0,0,0,0,0,0,0,1,0,0,0.0,5.484796933490655,0.0,241.0,66.0,0,0,0,0,0,0,0,0,0,0,1,0,0,0,0,0,0,0,0,0,1,0,0,0,0,0,0,0,0,1,0,0,0.573,2.228477120840324,2005,29
66,0,1,0,0,1,0,-5.625,3.384,0,0,0,0,0,0,1,0,0,0,1,0,0,0,1,0,0,0,0,0,0,1,0,0,0,0,0,0,0,1,0,0,0.0,5.484796933490655,0.0,241.0,66.0,0,0,0,0,0,0,0,0,0,0,1,0,0,0,0,0,0,0,0,0,0,1,0,0,0,0,0,0,0,1,0,0,0.573,2.228477120840324,2005,29
66,0,1,0,0,1,0,4.261,4.304,0,0,0,0,0,0,1,0,0,0,1,0,0,0,1,0,0,0,0,0,0,1,0,0,0,0,0,0,0,1,0,0,0.0,5.484796933490655,0.0,241.0,66.0,0,0,0,0,0,0,0,0,0,0,1,0,0,0,0,0,0,0,0,0,1,0,0,0,0,0,0,0,0,1,0,0,0.573,2.228477120840324,2005,29
66,0,1,0,0,1,0,-2.951,2.403,0,0,0,0,0,0,0,1,0,0,0,1,0,0,1,0,0,0,0,0,0,1,0,0,0,0,0,0,0,1,0,0,0.0,5.627621113690637,0.0,278.0,68.0,0,0,0,0,0,0,0,0,0,0,1,0,0,0,0,0,0,0,0,0,0,1,0,0,0,0,0,0,0,1,0,0,0.573,2.228477120840324,2005,29
66,0,1,0,0,1,0,10.481,5.278,0,0,0,0,0,0,0,1,0,0,0,1,0,0,1,0,0,0,0,0,0,1,0,0,0,0,0,0,0,1,0,0,0.0,5.627621113690637,0.0,278.0,68.0,0,0,0,0,0,0,0,0,0,0,1,0,0,0,0,0,0,0,0,0,1,0,0,0,0,0,0,0,0,1,0,0,0.573,2.228477120840324,2005,29
66,0,1,0,0,1,0,6.149,3.907,0,0,0,0,0,0,0,0,1,0,1,0,0,0,1,0,0,0,0,0,0,1,0,0,0,0,0,0,0,1,0,0,0.0,5.627621113690637,0.0,278.0,68.0,0,0,0,0,0,0,0,0,0,0,1,0,0,0,0,0,0,0,0,0,0,1,0,0,0,0,0,0,0,1,0,0,0.573,2.228477120840324,2005,29
66,0,1,0,0,1,0,-7.156,4.001,0,0,0,0,0,0,0,0,1,0,1,0,0,0,1,0,0,0,0,0,0,1,0,0,0,0,0,0,0,1,0,0,0.0,5.627621113690637,0.0,278.0,68.0,0,0,0,0,0,0,0,0,0,0,1,0,0,0,0,0,0,0,0,0,1,0,0,0,0,0,0,0,0,1,0,0,0.573,2.228477120840324,2005,29
66,0,1,0,0,1,0,-4.288,1.131,0,0,0,0,0,1,0,0,0,0,1,0,0,0,1,0,0,0,0,0,0,1,0,0,0,0,0,0,0,1,0,0,0.0,5.627621113690637,0.0,278.0,68.0,0,0,0,0,0,0,0,0,0,0,1,0,0,0,0,0,0,0,0,0,0,1,0,0,0,0,0,0,0,1,0,0,0.573,2.228477120840324,2005,29
66,0,1,0,0,1,0,1.633,1.632,0,0,0,0,0,1,0,0,0,0,1,0,0,0,1,0,0,0,0,0,0,1,0,0,0,0,0,0,0,1,0,0,0.0,5.627621113690637,0.0,278.0,68.0,0,0,0,0,0,0,0,0,0,0,1,0,0,0,0,0,0,0,0,0,1,0,0,0,0,0,0,0,0,1,0,0,0.573,2.228477120840324,2005,29
66,0,1,0,0,1,0,-2.265,0.944,1,0,0,0,0,0,0,0,0,0,1,0,0,0,1,0,0,0,0,0,0,1,0,0,0,0,0,0,0,1,0,0,0.0,5.484796933490655,0.0,241.0,66.0,0,0,0,0,0,0,0,0,0,0,1,0,0,0,0,0,0,1,0,0,0,0,0,0,0,0,0,0,0,1,0,0,0.573,2.228477120840324,2005,29
66,0,1,0,0,1,0,3.142,1.57,1,0,0,0,0,0,0,0,0,0,1,0,0,0,1,0,0,0,0,0,0,1,0,0,0,0,0,0,0,1,0,0,0.0,5.484796933490655,0.0,241.0,66.0,0,0,0,0,0,0,0,0,0,0,1,0,0,0,0,0,1,0,0,0,0,0,0,0,0,0,0,0,0,1,0,0,0.573,2.228477120840324,2005,29
66,0,1,0,0,1,0,-1.707,0.675,1,0,0,0,0,0,0,0,0,0,0,0,1,0,1,0,0,0,0,0,0,1,0,0,0,0,0,0,0,1,0,0,0.0,5.627621113690637,0.0,278.0,68.0,0,0,0,0,0,0,0,0,0,0,1,0,0,0,0,0,0,1,0,0,0,0,0,0,0,0,0,0,0,1,0,0,0.573,2.228477120840324,2005,29
66,0,1,0,0,1,0,0.737,0.82,1,0,0,0,0,0,0,0,0,0,0,0,1,0,1,0,0,0,0,0,0,1,0,0,0,0,0,0,0,1,0,0,0.0,5.627621113690637,0.0,278.0,68.0,0,0,0,0,0,0,0,0,0,0,1,0,0,0,0,0,1,0,0,0,0,0,0,0,0,0,0,0,0,1,0,0,0.573,2.228477120840324,2005,29
66,0,1,0,0,1,0,-2.608,1.087,1,0,0,0,0,0,0,0,0,0,1,0,0,0,1,0,0,0,0,0,0,1,0,0,0,0,0,0,0,1,0,0,0.0,5.484796933490655,0.0,241.0,66.0,0,0,0,0,0,0,0,0,0,0,1,0,0,0,0,0,0,1,0,0,0,0,0,0,0,0,0,0,0,1,0,0,0.573,2.228477120840324,2005,29
66,0,1,0,0,1,0,2.003,1.648,1,0,0,0,0,0,0,0,0,0,1,0,0,0,1,0,0,0,0,0,0,1,0,0,0,0,0,0,0,1,0,0,0.0,5.484796933490655,0.0,241.0,66.0,0,0,0,0,0,0,0,0,0,0,1,0,0,0,0,0,1,0,0,0,0,0,0,0,0,0,0,0,0,1,0,0,0.573,2.228477120840324,2005,29
66,0,1,0,0,1,0,-1.415,0.773,0,0,0,0,1,0,0,0,0,0,1,0,0,0,1,0,0,0,0,0,0,1,0,0,0,0,0,0,0,1,0,0,0.0,5.484796933490655,0.0,241.0,66.0,0,0,0,0,0,0,0,0,0,0,1,0,0,0,0,0,0,1,0,0,0,0,0,0,0,0,0,0,0,1,0,0,0.573,2.228477120840324,2005,29
66,0,1,0,0,1,0,2.86,1.496,0,0,0,0,1,0,0,0,0,0,1,0,0,0,1,0,0,0,0,0,0,1,0,0,0,0,0,0,0,1,0,0,0.0,5.484796933490655,0.0,241.0,66.0,0,0,0,0,0,0,0,0,0,0,1,0,0,0,0,0,1,0,0,0,0,0,0,0,0,0,0,0,0,1,0,0,0.573,2.228477120840324,2005,29
66,0,1,0,0,1,0,-1.971,1.09,0,0,0,1,0,0,0,0,0,0,1,0,0,0,1,0,0,0,0,0,0,1,0,0,0,0,0,0,0,1,0,0,0.0,5.484796933490655,0.0,241.0,66.0,0,0,0,0,0,0,0,0,0,0,1,0,0,0,0,0,0,1,0,0,0,0,0,0,0,0,0,0,0,1,0,0,0.573,2.228477120840324,2005,29
66,0,1,0,0,1,0,2.07,1.455,0,0,0,1,0,0,0,0,0,0,1,0,0,0,1,0,0,0,0,0,0,1,0,0,0,0,0,0,0,1,0,0,0.0,5.484796933490655,0.0,241.0,66.0,0,0,0,0,0,0,0,0,0,0,1,0,0,0,0,0,1,0,0,0,0,0,0,0,0,0,0,0,0,1,0,0,0.573,2.228477120840324,2005,29
66,0,1,0,0,1,0,-1.113,0.738,0,0,0,0,0,0,1,0,0,0,1,0,0,0,1,0,0,0,0,0,0,1,0,0,0,0,0,0,0,1,0,0,0.0,5.484796933490655,0.0,241.0,66.0,0,0,0,0,0,0,0,0,0,0,1,0,0,0,0,0,0,1,0,0,0,0,0,0,0,0,0,0,0,1,0,0,0.573,2.228477120840324,2005,29
66,0,1,0,0,1,0,4.146,1.315,0,0,0,0,0,0,1,0,0,0,1,0,0,0,1,0,0,0,0,0,0,1,0,0,0,0,0,0,0,1,0,0,0.0,5.484796933490655,0.0,241.0,66.0,0,0,0,0,0,0,0,0,0,0,1,0,0,0,0,0,1,0,0,0,0,0,0,0,0,0,0,0,0,1,0,0,0.573,2.228477120840324,2005,29
66,0,1,0,0,1,0,-2.004,0.733,0,0,0,0,0,0,0,1,0,0,0,1,0,0,1,0,0,0,0,0,0,1,0,0,0,0,0,0,0,1,0,0,0.0,5.627621113690637,0.0,278.0,68.0,0,0,0,0,0,0,0,0,0,0,1,0,0,0,0,0,0,1,0,0,0,0,0,0,0,0,0,0,0,1,0,0,0.573,2.228477120840324,2005,29
66,0,1,0,0,1,0,-4.874,2.802,0,0,0,0,0,0,0,1,0,0,0,1,0,0,1,0,0,0,0,0,0,1,0,0,0,0,0,0,0,1,0,0,0.0,5.627621113690637,0.0,278.0,68.0,0,0,0,0,0,0,0,0,0,0,1,0,0,0,0,0,1,0,0,0,0,0,0,0,0,0,0,0,0,1,0,0,0.573,2.228477120840324,2005,29
66,0,1,0,0,1,0,-2.932,1.226,0,0,0,0,0,0,0,0,1,0,1,0,0,0,1,0,0,0,0,0,0,1,0,0,0,0,0,0,0,1,0,0,0.0,5.627621113690637,0.0,278.0,68.0,0,0,0,0,0,0,0,0,0,0,1,0,0,0,0,0,0,1,0,0,0,0,0,0,0,0,0,0,0,1,0,0,0.573,2.228477120840324,2005,29
66,0,1,0,0,1,0,2.316,1.776,0,0,0,0,0,0,0,0,1,0,1,0,0,0,1,0,0,0,0,0,0,1,0,0,0,0,0,0,0,1,0,0,0.0,5.627621113690637,0.0,278.0,68.0,0,0,0,0,0,0,0,0,0,0,1,0,0,0,0,0,1,0,0,0,0,0,0,0,0,0,0,0,0,1,0,0,0.573,2.228477120840324,2005,29
66,0,1,0,0,1,0,-4.042,1.194,0,0,0,0,0,1,0,0,0,0,1,0,0,0,1,0,0,0,0,0,0,1,0,0,0,0,0,0,0,1,0,0,0.0,5.627621113690637,0.0,278.0,68.0,0,0,0,0,0,0,0,0,0,0,1,0,0,0,0,0,0,1,0,0,0,0,0,0,0,0,0,0,0,1,0,0,0.573,2.228477120840324,2005,29
66,0,1,0,0,1,0,2.442,1.929,0,0,0,0,0,1,0,0,0,0,1,0,0,0,1,0,0,0,0,0,0,1,0,0,0,0,0,0,0,1,0,0,0.0,5.627621113690637,0.0,278.0,68.0,0,0,0,0,0,0,0,0,0,0,1,0,0,0,0,0,1,0,0,0,0,0,0,0,0,0,0,0,0,1,0,0,0.573,2.228477120840324,2005,29
78,0,1,0,0,1,0,-3.29,4.31,1,0,0,0,0,0,0,0,0,0,0,0,0,1,1,0,0,0,0,0,0,1,0,0,0,0,0,0,0,1,0,0,0.0,5.049856007249537,0.0,156.0,78.0,0,0,0,0,0,0,1,0,0,0,0,0,0,0,0,0,0,1,0,0,0,0,0,0,0,0,0,0,0,1,0,0,0.573,2.833213344056216,2009,33
78,0,1,0,0,1,0,2.73,2.41,1,0,0,0,0,0,0,0,0,0,0,0,0,1,1,0,0,0,0,0,0,1,0,0,0,0,0,0,0,1,0,0,0.0,5.049856007249537,0.0,156.0,78.0,0,0,0,0,0,0,1,0,0,0,0,0,0,0,0,0,1,0,0,0,0,0,0,0,0,0,0,0,0,1,0,0,0.573,2.833213344056216,2009,33
78,0,1,0,0,1,0,-1.21,2.92,1,0,0,0,0,0,0,0,0,0,0,0,0,1,1,0,0,0,0,0,0,1,0,0,0,0,0,0,0,1,0,0,0.0,5.049856007249537,0.0,156.0,78.0,0,0,0,0,0,0,1,0,0,0,0,0,0,0,0,1,0,0,0,0,0,0,0,0,0,0,0,0,0,1,0,0,0.573,2.833213344056216,2009,33
78,0,1,0,0,1,0,-1.4,2.69,1,0,0,0,0,0,0,0,0,0,0,0,1,0,1,0,0,0,0,0,0,1,0,0,0,0,0,0,0,1,0,0,0.0,5.049856007249537,0.0,156.0,78.0,0,0,0,0,0,0,1,0,0,0,0,0,0,0,0,1,0,0,0,0,0,0,0,0,0,0,0,0,0,1,0,0,0.573,2.833213344056216,2009,33
78,0,1,0,0,1,0,-7.12,4.09,1,0,0,0,0,0,0,0,0,0,0,0,1,0,1,0,0,0,0,0,0,1,0,0,0,0,0,0,0,1,0,0,0.0,5.049856007249537,0.0,156.0,78.0,0,0,0,0,0,0,1,0,0,0,0,0,0,0,0,0,0,1,0,0,0,0,0,0,0,0,0,0,0,1,0,0,0.573,2.833213344056216,2009,33
78,0,1,0,0,1,0,5.65,6.89,1,0,0,0,0,0,0,0,0,0,0,0,1,0,1,0,0,0,0,0,0,1,0,0,0,0,0,0,0,1,0,0,0.0,5.049856007249537,0.0,156.0,78.0,0,0,0,0,0,0,1,0,0,0,0,0,0,0,0,0,1,0,0,0,0,0,0,0,0,0,0,0,0,1,0,0,0.573,2.833213344056216,2009,33
78,0,1,0,0,1,0,-1.14,2.98,1,0,0,0,0,0,0,0,0,0,0,0,1,0,1,0,0,0,0,0,0,1,0,0,0,0,0,0,0,1,0,0,0.0,5.049856007249537,0.0,156.0,78.0,0,0,0,0,0,0,1,0,0,0,0,0,0,0,0,1,0,0,0,0,0,0,0,0,0,0,0,0,0,1,0,0,0.573,2.833213344056216,2009,33
78,0,1,0,0,1,0,-0.72,4.84,1,0,0,0,0,0,0,0,0,0,0,0,1,0,1,0,0,0,0,0,0,1,0,0,0,0,0,0,0,1,0,0,0.0,5.049856007249537,0.0,156.0,78.0,0,0,0,0,0,0,1,0,0,0,0,0,0,0,0,0,0,1,0,0,0,0,0,0,0,0,0,0,0,1,0,0,0.573,2.833213344056216,2009,33
78,0,1,0,0,1,0,-2.39,11.4,1,0,0,0,0,0,0,0,0,0,0,0,1,0,1,0,0,0,0,0,0,1,0,0,0,0,0,0,0,1,0,0,0.0,5.049856007249537,0.0,156.0,78.0,0,0,0,0,0,0,1,0,0,0,0,0,0,0,0,0,1,0,0,0,0,0,0,0,0,0,0,0,0,1,0,0,0.573,2.833213344056216,2009,33
78,0,1,0,0,1,0,-2.78,2.56,0,0,0,0,0,0,0,0,1,0,1,0,0,0,1,0,0,0,0,0,0,1,0,0,0,0,0,0,0,1,0,0,0.0,5.049856007249537,0.0,156.0,78.0,0,0,0,0,0,0,1,0,0,0,0,0,0,0,0,1,0,0,0,0,0,0,0,0,0,0,0,0,0,1,0,0,0.573,2.833213344056216,2009,33
78,0,1,0,0,1,0,-3.84,4.64,0,0,0,0,0,0,0,0,1,0,1,0,0,0,1,0,0,0,0,0,0,1,0,0,0,0,0,0,0,1,0,0,0.0,5.049856007249537,0.0,156.0,78.0,0,0,0,0,0,0,1,0,0,0,0,0,0,0,0,0,0,1,0,0,0,0,0,0,0,0,0,0,0,1,0,0,0.573,2.833213344056216,2009,33
78,0,1,0,0,1,0,3.55,6.22,0,0,0,0,0,0,0,0,1,0,1,0,0,0,1,0,0,0,0,0,0,1,0,0,0,0,0,0,0,1,0,0,0.0,5.049856007249537,0.0,156.0,78.0,0,0,0,0,0,0,1,0,0,0,0,0,0,0,0,0,1,0,0,0,0,0,0,0,0,0,0,0,0,1,0,0,0.573,2.833213344056216,2009,33
78,0,1,0,0,1,0,-3.07,2.17,0,0,0,0,0,0,0,0,0,1,1,0,0,0,1,0,0,0,0,0,0,1,0,0,0,0,0,0,0,1,0,0,0.0,5.049856007249537,0.0,156.0,78.0,0,0,0,0,0,0,1,0,0,0,0,0,0,0,0,1,0,0,0,0,0,0,0,0,0,0,0,0,0,1,0,0,0.573,2.833213344056216,2009,33
78,0,1,0,0,1,0,-2.81,3.49,0,0,0,0,0,0,0,0,0,1,1,0,0,0,1,0,0,0,0,0,0,1,0,0,0,0,0,0,0,1,0,0,0.0,5.049856007249537,0.0,156.0,78.0,0,0,0,0,0,0,1,0,0,0,0,0,0,0,0,0,0,1,0,0,0,0,0,0,0,0,0,0,0,1,0,0,0.573,2.833213344056216,2009,33
78,0,1,0,0,1,0,-1.13,5.27,0,0,0,0,0,0,0,0,0,1,1,0,0,0,1,0,0,0,0,0,0,1,0,0,0,0,0,0,0,1,0,0,0.0,5.049856007249537,0.0,156.0,78.0,0,0,0,0,0,0,1,0,0,0,0,0,0,0,0,0,1,0,0,0,0,0,0,0,0,0,0,0,0,1,0,0,0.573,2.833213344056216,2009,33
78,0,1,0,0,1,0,0.87,2.49,0,0,0,0,0,1,0,0,0,0,1,0,0,0,1,0,0,0,0,0,0,1,0,0,0,0,0,0,0,1,0,0,0.0,5.049856007249537,0.0,156.0,78.0,0,0,0,0,0,0,1,0,0,0,0,0,0,0,0,1,0,0,0,0,0,0,0,0,0,0,0,0,0,1,0,0,0.573,2.833213344056216,2009,33
78,0,1,0,0,1,0,-0.44,3.68,0,0,0,0,0,1,0,0,0,0,1,0,0,0,1,0,0,0,0,0,0,1,0,0,0,0,0,0,0,1,0,0,0.0,5.049856007249537,0.0,156.0,78.0,0,0,0,0,0,0,1,0,0,0,0,0,0,0,0,0,0,1,0,0,0,0,0,0,0,0,0,0,0,1,0,0,0.573,2.833213344056216,2009,33
78,0,1,0,0,1,0,6.5,6.6,0,0,0,0,0,1,0,0,0,0,1,0,0,0,1,0,0,0,0,0,0,1,0,0,0,0,0,0,0,1,0,0,0.0,5.049856007249537,0.0,156.0,78.0,0,0,0,0,0,0,1,0,0,0,0,0,0,0,0,0,1,0,0,0,0,0,0,0,0,0,0,0,0,1,0,0,0.573,2.833213344056216,2009,33
78,0,1,0,0,1,0,-2.56,1.89,0,0,0,0,0,0,0,1,0,0,0,1,0,0,1,0,0,0,0,0,0,1,0,0,0,0,0,0,0,1,0,0,0.0,5.049856007249537,0.0,156.0,78.0,0,0,0,0,0,0,1,0,0,0,0,0,0,0,0,1,0,0,0,0,0,0,0,0,0,0,0,0,0,1,0,0,0.573,2.833213344056216,2009,33
78,0,1,0,0,1,0,-1.21,3.39,0,0,0,0,0,0,0,1,0,0,0,1,0,0,1,0,0,0,0,0,0,1,0,0,0,0,0,0,0,1,0,0,0.0,5.049856007249537,0.0,156.0,78.0,0,0,0,0,0,0,1,0,0,0,0,0,0,0,0,0,0,1,0,0,0,0,0,0,0,0,0,0,0,1,0,0,0.573,2.833213344056216,2009,33
78,0,1,0,0,1,0,-1.34,4.66,0,0,0,0,0,0,0,1,0,0,0,1,0,0,1,0,0,0,0,0,0,1,0,0,0,0,0,0,0,1,0,0,0.0,5.049856007249537,0.0,156.0,78.0,0,0,0,0,0,0,1,0,0,0,0,0,0,0,0,0,1,0,0,0,0,0,0,0,0,0,0,0,0,1,0,0,0.573,2.833213344056216,2009,33
78,0,1,0,0,1,0,0.43,1.59,1,0,0,0,0,0,0,0,0,0,1,0,0,0,1,0,0,0,0,0,0,1,0,0,0,0,0,0,0,1,0,0,0.0,5.049856007249537,0.0,156.0,78.0,0,0,0,0,0,0,1,0,0,0,0,0,0,0,0,1,0,0,0,0,0,0,0,0,0,0,0,0,0,1,0,0,0.573,2.833213344056216,2009,33
78,0,1,0,0,1,0,-1.67,2.21,1,0,0,0,0,0,0,0,0,0,1,0,0,0,1,0,0,0,0,0,0,1,0,0,0,0,0,0,0,1,0,0,0.0,5.049856007249537,0.0,156.0,78.0,0,0,0,0,0,0,1,0,0,0,0,0,0,0,0,0,0,1,0,0,0,0,0,0,0,0,0,0,0,1,0,0,0.573,2.833213344056216,2009,33
78,0,1,0,0,1,0,11.27,6.46,1,0,0,0,0,0,0,0,0,0,1,0,0,0,1,0,0,0,0,0,0,1,0,0,0,0,0,0,0,1,0,0,0.0,5.049856007249537,0.0,156.0,78.0,0,0,0,0,0,0,1,0,0,0,0,0,0,0,0,0,1,0,0,0,0,0,0,0,0,0,0,0,0,1,0,0,0.573,2.833213344056216,2009,33
78,0,1,0,0,1,0,-1.52,2.54,1,0,0,0,0,0,0,0,0,0,0,0,1,0,1,0,0,0,0,0,0,1,0,0,0,0,0,0,0,1,0,0,0.0,5.049856007249537,0.0,156.0,78.0,0,0,0,0,0,0,1,0,0,0,0,0,0,0,0,1,0,0,0,0,0,0,0,0,0,0,0,0,0,1,0,0,0.573,2.833213344056216,2009,33
78,0,1,0,0,1,0,-9.21,5.26,1,0,0,0,0,0,0,0,0,0,0,0,1,0,1,0,0,0,0,0,0,1,0,0,0,0,0,0,0,1,0,0,0.0,5.049856007249537,0.0,156.0,78.0,0,0,0,0,0,0,1,0,0,0,0,0,0,0,0,0,0,1,0,0,0,0,0,0,0,0,0,0,0,1,0,0,0.573,2.833213344056216,2009,33
78,0,1,0,0,1,0,1.72,6.18,1,0,0,0,0,0,0,0,0,0,0,0,1,0,1,0,0,0,0,0,0,1,0,0,0,0,0,0,0,1,0,0,0.0,5.049856007249537,0.0,156.0,78.0,0,0,0,0,0,0,1,0,0,0,0,0,0,0,0,0,1,0,0,0,0,0,0,0,0,0,0,0,0,1,0,0,0.573,2.833213344056216,2009,33
78,0,1,0,0,1,0,-1.52,1.79,1,0,0,0,0,0,0,0,0,0,1,0,0,0,1,0,0,0,0,0,0,1,0,0,0,0,0,0,0,1,0,0,0.0,5.049856007249537,0.0,156.0,78.0,0,0,0,0,0,0,1,0,0,0,0,0,0,0,0,1,0,0,0,0,0,0,0,0,0,0,0,0,0,1,0,0,0.573,2.833213344056216,2009,33
78,0,1,0,0,1,0,-2.46,3.24,1,0,0,0,0,0,0,0,0,0,1,0,0,0,1,0,0,0,0,0,0,1,0,0,0,0,0,0,0,1,0,0,0.0,5.049856007249537,0.0,156.0,78.0,0,0,0,0,0,0,1,0,0,0,0,0,0,0,0,0,0,1,0,0,0,0,0,0,0,0,0,0,0,1,0,0,0.573,2.833213344056216,2009,33
78,0,1,0,0,1,0,5.33,5.06,1,0,0,0,0,0,0,0,0,0,1,0,0,0,1,0,0,0,0,0,0,1,0,0,0,0,0,0,0,1,0,0,0.0,5.049856007249537,0.0,156.0,78.0,0,0,0,0,0,0,1,0,0,0,0,0,0,0,0,0,1,0,0,0,0,0,0,0,0,0,0,0,0,1,0,0,0.573,2.833213344056216,2009,33
94,0,1,0,0,1,0,-0.61,0.89,1,0,0,0,0,0,0,0,0,0,1,0,0,0,1,0,0,0,0,0,0,1,0,0,0,0,0,0,0,1,0,0,0.0,5.003946305945459,0.0,149.0,65.5,0,0,0,0,0,0,1,0,0,0,0,0,0,0,0,1,0,0,0,0,0,0,0,0,0,0,0,0,0,0,0,1,0.573,1.7996646487351682,1998,22
94,0,1,0,0,1,0,-1.47,1.96,1,0,0,0,0,0,0,0,0,0,1,0,0,0,1,0,0,0,0,0,0,1,0,0,0,0,0,0,0,1,0,0,0.0,4.23410650459726,0.0,69.0,60.5,0,0,0,0,0,0,1,0,0,0,0,0,0,0,0,1,0,0,0,0,0,0,0,0,0,0,0,0,0,0,0,1,0.573,1.7996646487351682,1998,22
94,0,1,0,0,1,0,-0.51,1.34,1,0,0,0,0,0,0,0,0,0,1,0,0,0,1,0,0,0,0,0,0,1,0,0,0,0,0,0,0,1,0,0,0.0,4.3694478524670215,0.0,79.0,69.5,0,0,0,0,0,0,1,0,0,0,0,0,0,0,0,1,0,0,0,0,0,0,0,0,0,0,0,0,0,0,0,1,0.573,1.7996646487351682,1998,22
94,0,1,0,0,1,0,-0.46,0.8,1,0,0,0,0,0,0,0,0,0,1,0,0,0,1,0,0,0,0,0,0,1,0,0,0,0,0,0,0,1,0,0,0.0,5.003946305945459,0.0,149.0,65.5,0,0,0,0,0,0,1,0,0,0,0,0,0,0,0,1,0,0,0,0,0,0,0,0,0,0,0,0,0,0,0,1,0.573,1.7996646487351682,1998,22
94,0,1,0,0,1,0,-0.87,0.96,1,0,0,0,0,0,0,0,0,0,1,0,0,0,1,0,0,0,0,0,0,1,0,0,0,0,0,0,0,1,0,0,0.0,4.23410650459726,0.0,69.0,60.5,0,0,0,0,0,0,1,0,0,0,0,0,0,0,0,1,0,0,0,0,0,0,0,0,0,0,0,0,0,0,0,1,0.573,1.7996646487351682,1998,22
94,0,1,0,0,1,0,0.01,1.27,1,0,0,0,0,0,0,0,0,0,1,0,0,0,1,0,0,0,0,0,0,1,0,0,0,0,0,0,0,1,0,0,0.0,4.3694478524670215,0.0,79.0,69.5,0,0,0,0,0,0,1,0,0,0,0,0,0,0,0,1,0,0,0,0,0,0,0,0,0,0,0,0,0,0,0,1,0.573,1.7996646487351682,1998,22
94,0,1,0,0,1,0,-1.63,0.64,1,0,0,0,0,0,0,0,0,0,0,0,1,0,1,0,0,0,0,0,0,1,0,0,0,0,0,0,0,1,0,0,0.0,5.003946305945459,0.0,149.0,65.5,0,0,0,0,0,0,1,0,0,0,0,0,0,0,0,1,0,0,0,0,0,0,0,0,0,0,0,0,0,0,0,1,0.573,1.7996646487351682,1998,22
94,0,1,0,0,1,0,-2.05,0.86,1,0,0,0,0,0,0,0,0,0,0,0,1,0,1,0,0,0,0,0,0,1,0,0,0,0,0,0,0,1,0,0,0.0,4.23410650459726,0.0,69.0,60.5,0,0,0,0,0,0,1,0,0,0,0,0,0,0,0,1,0,0,0,0,0,0,0,0,0,0,0,0,0,0,0,1,0.573,1.7996646487351682,1998,22
94,0,1,0,0,1,0,-1.02,1.11,1,0,0,0,0,0,0,0,0,0,0,0,1,0,1,0,0,0,0,0,0,1,0,0,0,0,0,0,0,1,0,0,0.0,4.3694478524670215,0.0,79.0,69.5,0,0,0,0,0,0,1,0,0,0,0,0,0,0,0,1,0,0,0,0,0,0,0,0,0,0,0,0,0,0,0,1,0.573,1.7996646487351682,1998,22
94,0,1,0,0,1,0,-0.53,0.68,1,0,0,0,0,0,0,0,0,0,1,0,0,0,1,0,0,0,0,0,0,1,0,0,0,0,0,0,0,1,0,0,0.0,5.003946305945459,0.0,149.0,65.5,0,0,0,0,0,0,1,0,0,0,0,0,0,0,0,1,0,0,0,0,0,0,0,0,0,0,0,0,0,0,0,1,0.573,1.7996646487351682,1998,22
94,0,1,0,0,1,0,-1.32,1.06,1,0,0,0,0,0,0,0,0,0,1,0,0,0,1,0,0,0,0,0,0,1,0,0,0,0,0,0,0,1,0,0,0.0,4.23410650459726,0.0,69.0,60.5,0,0,0,0,0,0,1,0,0,0,0,0,0,0,0,1,0,0,0,0,0,0,0,0,0,0,0,0,0,0,0,1,0.573,1.7996646487351682,1998,22
94,0,1,0,0,1,0,0.22,0.76,1,0,0,0,0,0,0,0,0,0,1,0,0,0,1,0,0,0,0,0,0,1,0,0,0,0,0,0,0,1,0,0,0.0,4.3694478524670215,0.0,79.0,69.5,0,0,0,0,0,0,1,0,0,0,0,0,0,0,0,1,0,0,0,0,0,0,0,0,0,0,0,0,0,0,0,1,0.573,1.7996646487351682,1998,22
94,0,1,0,0,1,0,0.11,0.91,0,0,0,0,1,0,0,0,0,0,1,0,0,0,1,0,0,0,0,0,0,1,0,0,0,0,0,0,0,1,0,0,0.0,5.003946305945459,0.0,149.0,65.5,0,0,0,0,0,0,1,0,0,0,0,0,0,0,0,1,0,0,0,0,0,0,0,0,0,0,0,0,0,0,0,1,0.573,1.7996646487351682,1998,22
94,0,1,0,0,1,0,0.1,1.1,0,0,0,0,1,0,0,0,0,0,1,0,0,0,1,0,0,0,0,0,0,1,0,0,0,0,0,0,0,1,0,0,0.0,4.23410650459726,0.0,69.0,60.5,0,0,0,0,0,0,1,0,0,0,0,0,0,0,0,1,0,0,0,0,0,0,0,0,0,0,0,0,0,0,0,1,0.573,1.7996646487351682,1998,22
94,0,1,0,0,1,0,0.04,1.3,0,0,0,0,1,0,0,0,0,0,1,0,0,0,1,0,0,0,0,0,0,1,0,0,0,0,0,0,0,1,0,0,0.0,4.3694478524670215,0.0,79.0,69.5,0,0,0,0,0,0,1,0,0,0,0,0,0,0,0,1,0,0,0,0,0,0,0,0,0,0,0,0,0,0,0,1,0.573,1.7996646487351682,1998,22
94,0,1,0,0,1,0,-0.83,0.84,0,0,0,1,0,0,0,0,0,0,1,0,0,0,1,0,0,0,0,0,0,1,0,0,0,0,0,0,0,1,0,0,0.0,5.003946305945459,0.0,149.0,65.5,0,0,0,0,0,0,1,0,0,0,0,0,0,0,0,1,0,0,0,0,0,0,0,0,0,0,0,0,0,0,0,1,0.573,1.7996646487351682,1998,22
94,0,1,0,0,1,0,-3.14,2.19,0,0,0,1,0,0,0,0,0,0,1,0,0,0,1,0,0,0,0,0,0,1,0,0,0,0,0,0,0,1,0,0,0.0,4.23410650459726,0.0,69.0,60.5,0,0,0,0,0,0,1,0,0,0,0,0,0,0,0,1,0,0,0,0,0,0,0,0,0,0,0,0,0,0,0,1,0.573,1.7996646487351682,1998,22
94,0,1,0,0,1,0,-0.24,1.18,0,0,0,1,0,0,0,0,0,0,1,0,0,0,1,0,0,0,0,0,0,1,0,0,0,0,0,0,0,1,0,0,0.0,4.3694478524670215,0.0,79.0,69.5,0,0,0,0,0,0,1,0,0,0,0,0,0,0,0,1,0,0,0,0,0,0,0,0,0,0,0,0,0,0,0,1,0.573,1.7996646487351682,1998,22
94,0,1,0,0,1,0,0.58,0.96,1,0,0,0,0,0,0,0,0,0,1,0,0,0,1,0,0,0,0,0,0,1,0,0,0,0,0,0,0,1,0,0,0.0,5.003946305945459,0.0,149.0,65.5,0,0,0,0,0,0,1,0,0,0,0,0,0,0,0,1,0,0,0,0,0,0,0,0,0,0,0,0,0,0,0,1,0.573,1.7996646487351682,1998,22
94,0,1,0,0,1,0,-0.87,1.08,1,0,0,0,0,0,0,0,0,0,1,0,0,0,1,0,0,0,0,0,0,1,0,0,0,0,0,0,0,1,0,0,0.0,4.23410650459726,0.0,69.0,60.5,0,0,0,0,0,0,1,0,0,0,0,0,0,0,0,1,0,0,0,0,0,0,0,0,0,0,0,0,0,0,0,1,0.573,1.7996646487351682,1998,22
94,0,1,0,0,1,0,1.19,0.97,1,0,0,0,0,0,0,0,0,0,1,0,0,0,1,0,0,0,0,0,0,1,0,0,0,0,0,0,0,1,0,0,0.0,4.3694478524670215,0.0,79.0,69.5,0,0,0,0,0,0,1,0,0,0,0,0,0,0,0,1,0,0,0,0,0,0,0,0,0,0,0,0,0,0,0,1,0.573,1.7996646487351682,1998,22
94,0,1,0,0,1,0,0.98,0.87,0,0,0,0,0,0,1,0,0,0,1,0,0,0,1,0,0,0,0,0,0,1,0,0,0,0,0,0,0,1,0,0,0.0,5.003946305945459,0.0,149.0,65.5,0,0,0,0,0,0,1,0,0,0,0,0,0,0,0,1,0,0,0,0,0,0,0,0,0,0,0,0,0,0,0,1,0.573,1.7996646487351682,1998,22
94,0,1,0,0,1,0,-0.05,0.91,0,0,0,0,0,0,1,0,0,0,1,0,0,0,1,0,0,0,0,0,0,1,0,0,0,0,0,0,0,1,0,0,0.0,4.23410650459726,0.0,69.0,60.5,0,0,0,0,0,0,1,0,0,0,0,0,0,0,0,1,0,0,0,0,0,0,0,0,0,0,0,0,0,0,0,1,0.573,1.7996646487351682,1998,22
94,0,1,0,0,1,0,3.21,2.06,0,0,0,0,0,0,1,0,0,0,1,0,0,0,1,0,0,0,0,0,0,1,0,0,0,0,0,0,0,1,0,0,0.0,4.3694478524670215,0.0,79.0,69.5,0,0,0,0,0,0,1,0,0,0,0,0,0,0,0,1,0,0,0,0,0,0,0,0,0,0,0,0,0,0,0,1,0.573,1.7996646487351682,1998,22
94,0,1,0,0,1,0,-1.71,0.84,1,0,0,0,0,0,0,0,0,0,1,0,0,0,1,0,0,0,0,0,0,1,0,0,0,0,0,0,0,1,0,0,0.0,5.003946305945459,0.0,149.0,65.5,0,0,0,0,0,0,1,0,0,0,0,0,0,0,0,1,0,0,0,0,0,0,0,0,0,0,0,0,0,0,0,1,0.573,1.7996646487351682,1998,22
94,0,1,0,0,1,0,-5.09,1.52,1,0,0,0,0,0,0,0,0,0,1,0,0,0,1,0,0,0,0,0,0,1,0,0,0,0,0,0,0,1,0,0,0.0,4.23410650459726,0.0,69.0,60.5,0,0,0,0,0,0,1,0,0,0,0,0,0,0,0,1,0,0,0,0,0,0,0,0,0,0,0,0,0,0,0,1,0.573,1.7996646487351682,1998,22
94,0,1,0,0,1,0,-0.69,1.3,1,0,0,0,0,0,0,0,0,0,1,0,0,0,1,0,0,0,0,0,0,1,0,0,0,0,0,0,0,1,0,0,0.0,4.3694478524670215,0.0,79.0,69.5,0,0,0,0,0,0,1,0,0,0,0,0,0,0,0,1,0,0,0,0,0,0,0,0,0,0,0,0,0,0,0,1,0.573,1.7996646487351682,1998,22
94,0,1,0,0,1,0,-1.14,0.68,1,0,0,0,0,0,0,0,0,0,1,0,0,0,1,0,0,0,0,0,0,1,0,0,0,0,0,0,0,1,0,0,0.0,5.003946305945459,0.0,149.0,65.5,0,0,0,0,0,0,1,0,0,0,0,0,0,0,0,1,0,0,0,0,0,0,0,0,0,0,0,0,0,0,0,1,0.573,1.7996646487351682,1998,22
94,0,1,0,0,1,0,-0.95,0.81,1,0,0,0,0,0,0,0,0,0,1,0,0,0,1,0,0,0,0,0,0,1,0,0,0,0,0,0,0,1,0,0,0.0,4.23410650459726,0.0,69.0,60.5,0,0,0,0,0,0,1,0,0,0,0,0,0,0,0,1,0,0,0,0,0,0,0,0,0,0,0,0,0,0,0,1,0.573,1.7996646487351682,1998,22
94,0,1,0,0,1,0,-0.85,1.25,1,0,0,0,0,0,0,0,0,0,1,0,0,0,1,0,0,0,0,0,0,1,0,0,0,0,0,0,0,1,0,0,0.0,4.3694478524670215,0.0,79.0,69.5,0,0,0,0,0,0,1,0,0,0,0,0,0,0,0,1,0,0,0,0,0,0,0,0,0,0,0,0,0,0,0,1,0.573,1.7996646487351682,1998,22
94,0,1,0,0,1,0,0.91,0.58,1,0,0,0,0,0,0,0,0,0,1,0,0,0,1,0,0,0,0,0,0,1,0,0,0,0,0,0,0,1,0,0,0.0,5.003946305945459,0.0,149.0,65.5,0,0,0,0,0,0,1,0,0,0,0,0,0,0,0,1,0,0,0,0,0,0,0,0,0,0,0,0,0,0,0,1,0.573,1.7996646487351682,1998,22
94,0,1,0,0,1,0,0.26,0.51,1,0,0,0,0,0,0,0,0,0,1,0,0,0,1,0,0,0,0,0,0,1,0,0,0,0,0,0,0,1,0,0,0.0,4.23410650459726,0.0,69.0,60.5,0,0,0,0,0,0,1,0,0,0,0,0,0,0,0,1,0,0,0,0,0,0,0,0,0,0,0,0,0,0,0,1,0.573,1.7996646487351682,1998,22
94,0,1,0,0,1,0,2.23,1.46,1,0,0,0,0,0,0,0,0,0,1,0,0,0,1,0,0,0,0,0,0,1,0,0,0,0,0,0,0,1,0,0,0.0,4.3694478524670215,0.0,79.0,69.5,0,0,0,0,0,0,1,0,0,0,0,0,0,0,0,1,0,0,0,0,0,0,0,0,0,0,0,0,0,0,0,1,0.573,1.7996646487351682,1998,22
94,0,1,0,0,1,0,0.43,0.84,1,0,0,0,0,0,0,0,0,0,1,0,0,0,1,0,0,0,0,0,0,1,0,0,0,0,0,0,0,1,0,0,0.0,5.003946305945459,0.0,149.0,65.5,0,0,0,0,0,0,1,0,0,0,0,0,0,0,0,1,0,0,0,0,0,0,0,0,0,0,0,0,0,0,0,1,0.573,1.7996646487351682,1998,22
94,0,1,0,0,1,0,-1.64,1.27,1,0,0,0,0,0,0,0,0,0,1,0,0,0,1,0,0,0,0,0,0,1,0,0,0,0,0,0,0,1,0,0,0.0,4.23410650459726,0.0,69.0,60.5,0,0,0,0,0,0,1,0,0,0,0,0,0,0,0,1,0,0,0,0,0,0,0,0,0,0,0,0,0,0,0,1,0.573,1.7996646487351682,1998,22
94,0,1,0,0,1,0,2.15,0.91,1,0,0,0,0,0,0,0,0,0,1,0,0,0,1,0,0,0,0,0,0,1,0,0,0,0,0,0,0,1,0,0,0.0,4.3694478524670215,0.0,79.0,69.5,0,0,0,0,0,0,1,0,0,0,0,0,0,0,0,1,0,0,0,0,0,0,0,0,0,0,0,0,0,0,0,1,0.573,1.7996646487351682,1998,22
94,0,1,0,0,1,0,-1.57,0.78,0,0,0,0,0,0,0,0,1,0,1,0,0,0,1,0,0,0,0,0,0,1,0,0,0,0,0,0,0,1,0,0,0.0,5.003946305945459,0.0,149.0,65.5,0,0,0,0,0,0,1,0,0,0,0,0,0,0,0,1,0,0,0,0,0,0,0,0,0,0,0,0,0,0,0,1,0.573,1.7996646487351682,1998,22
94,0,1,0,0,1,0,-3.17,1.64,0,0,0,0,0,0,0,0,1,0,1,0,0,0,1,0,0,0,0,0,0,1,0,0,0,0,0,0,0,1,0,0,0.0,4.23410650459726,0.0,69.0,60.5,0,0,0,0,0,0,1,0,0,0,0,0,0,0,0,1,0,0,0,0,0,0,0,0,0,0,0,0,0,0,0,1,0.573,1.7996646487351682,1998,22
94,0,1,0,0,1,0,-1.69,1.42,0,0,0,0,0,0,0,0,1,0,1,0,0,0,1,0,0,0,0,0,0,1,0,0,0,0,0,0,0,1,0,0,0.0,4.3694478524670215,0.0,79.0,69.5,0,0,0,0,0,0,1,0,0,0,0,0,0,0,0,1,0,0,0,0,0,0,0,0,0,0,0,0,0,0,0,1,0.573,1.7996646487351682,1998,22
94,0,1,0,0,1,0,-2.57,1.05,0,0,0,0,0,1,0,0,0,0,1,0,0,0,1,0,0,0,0,0,0,1,0,0,0,0,0,0,0,1,0,0,0.0,5.003946305945459,0.0,149.0,65.5,0,0,0,0,0,0,1,0,0,0,0,0,0,0,0,1,0,0,0,0,0,0,0,0,0,0,0,0,0,0,0,1,0.573,1.7996646487351682,1998,22
94,0,1,0,0,1,0,-3.5,1.26,0,0,0,0,0,1,0,0,0,0,1,0,0,0,1,0,0,0,0,0,0,1,0,0,0,0,0,0,0,1,0,0,0.0,4.23410650459726,0.0,69.0,60.5,0,0,0,0,0,0,1,0,0,0,0,0,0,0,0,1,0,0,0,0,0,0,0,0,0,0,0,0,0,0,0,1,0.573,1.7996646487351682,1998,22
94,0,1,0,0,1,0,-1.03,1.91,0,0,0,0,0,1,0,0,0,0,1,0,0,0,1,0,0,0,0,0,0,1,0,0,0,0,0,0,0,1,0,0,0.0,4.3694478524670215,0.0,79.0,69.5,0,0,0,0,0,0,1,0,0,0,0,0,0,0,0,1,0,0,0,0,0,0,0,0,0,0,0,0,0,0,0,1,0.573,1.7996646487351682,1998,22
94,0,1,0,0,1,0,-0.09,0.43,1,0,0,0,0,0,0,0,0,0,1,0,0,0,0,0,0,0,0,1,0,1,0,0,0,0,0,0,0,1,0,0,0.0,5.003946305945459,0.0,149.0,65.5,0,0,0,0,0,0,1,0,0,0,0,0,0,0,0,1,0,0,0,0,0,0,0,0,0,0,0,0,0,0,0,1,0.573,1.7996646487351682,1998,22
94,0,1,0,0,1,0,0.1,0.58,1,0,0,0,0,0,0,0,0,0,1,0,0,0,0,0,0,0,0,1,0,1,0,0,0,0,0,0,0,1,0,0,0.0,4.23410650459726,0.0,69.0,60.5,0,0,0,0,0,0,1,0,0,0,0,0,0,0,0,1,0,0,0,0,0,0,0,0,0,0,0,0,0,0,0,1,0.573,1.7996646487351682,1998,22
94,0,1,0,0,1,0,0.05,0.83,1,0,0,0,0,0,0,0,0,0,1,0,0,0,0,0,0,0,0,1,0,1,0,0,0,0,0,0,0,1,0,0,0.0,4.3694478524670215,0.0,79.0,69.5,0,0,0,0,0,0,1,0,0,0,0,0,0,0,0,1,0,0,0,0,0,0,0,0,0,0,0,0,0,0,0,1,0.573,1.7996646487351682,1998,22
94,0,1,0,0,1,0,0.25,0.35,1,0,0,0,0,0,0,0,0,0,1,0,0,0,0,0,0,0,0,1,0,1,0,0,0,0,0,0,0,1,0,0,0.0,5.003946305945459,0.0,149.0,65.5,0,0,0,0,0,0,1,0,0,0,0,0,0,0,0,1,0,0,0,0,0,0,0,0,0,0,0,0,0,0,0,1,0.573,1.7996646487351682,1998,22
94,0,1,0,0,1,0,0.26,0.38,1,0,0,0,0,0,0,0,0,0,1,0,0,0,0,0,0,0,0,1,0,1,0,0,0,0,0,0,0,1,0,0,0.0,4.23410650459726,0.0,69.0,60.5,0,0,0,0,0,0,1,0,0,0,0,0,0,0,0,1,0,0,0,0,0,0,0,0,0,0,0,0,0,0,0,1,0.573,1.7996646487351682,1998,22
94,0,1,0,0,1,0,-1.49,0.83,1,0,0,0,0,0,0,0,0,0,1,0,0,0,0,0,0,0,0,1,0,1,0,0,0,0,0,0,0,1,0,0,0.0,4.3694478524670215,0.0,79.0,69.5,0,0,0,0,0,0,1,0,0,0,0,0,0,0,0,1,0,0,0,0,0,0,0,0,0,0,0,0,0,0,0,1,0.573,1.7996646487351682,1998,22
94,0,1,0,0,1,0,-1.46,0.96,1,0,0,0,0,0,0,0,0,0,0,0,1,0,0,0,0,0,0,1,0,1,0,0,0,0,0,0,0,1,0,0,0.0,5.003946305945459,0.0,149.0,65.5,0,0,0,0,0,0,1,0,0,0,0,0,0,0,0,1,0,0,0,0,0,0,0,0,0,0,0,0,0,0,0,1,0.573,1.7996646487351682,1998,22
94,0,1,0,0,1,0,-2.05,2.33,1,0,0,0,0,0,0,0,0,0,0,0,1,0,0,0,0,0,0,1,0,1,0,0,0,0,0,0,0,1,0,0,0.0,4.23410650459726,0.0,69.0,60.5,0,0,0,0,0,0,1,0,0,0,0,0,0,0,0,1,0,0,0,0,0,0,0,0,0,0,0,0,0,0,0,1,0.573,1.7996646487351682,1998,22
94,0,1,0,0,1,0,-2.03,1.27,1,0,0,0,0,0,0,0,0,0,0,0,1,0,0,0,0,0,0,1,0,1,0,0,0,0,0,0,0,1,0,0,0.0,4.3694478524670215,0.0,79.0,69.5,0,0,0,0,0,0,1,0,0,0,0,0,0,0,0,1,0,0,0,0,0,0,0,0,0,0,0,0,0,0,0,1,0.573,1.7996646487351682,1998,22
94,0,1,0,0,1,0,-0.26,0.48,1,0,0,0,0,0,0,0,0,0,1,0,0,0,0,0,0,0,0,1,0,1,0,0,0,0,0,0,0,1,0,0,0.0,5.003946305945459,0.0,149.0,65.5,0,0,0,0,0,0,1,0,0,0,0,0,0,0,0,1,0,0,0,0,0,0,0,0,0,0,0,0,0,0,0,1,0.573,1.7996646487351682,1998,22
94,0,1,0,0,1,0,-0.03,0.35,1,0,0,0,0,0,0,0,0,0,1,0,0,0,0,0,0,0,0,1,0,1,0,0,0,0,0,0,0,1,0,0,0.0,4.23410650459726,0.0,69.0,60.5,0,0,0,0,0,0,1,0,0,0,0,0,0,0,0,1,0,0,0,0,0,0,0,0,0,0,0,0,0,0,0,1,0.573,1.7996646487351682,1998,22
94,0,1,0,0,1,0,-1.45,0.76,1,0,0,0,0,0,0,0,0,0,1,0,0,0,0,0,0,0,0,1,0,1,0,0,0,0,0,0,0,1,0,0,0.0,4.3694478524670215,0.0,79.0,69.5,0,0,0,0,0,0,1,0,0,0,0,0,0,0,0,1,0,0,0,0,0,0,0,0,0,0,0,0,0,0,0,1,0.573,1.7996646487351682,1998,22
94,0,1,0,0,1,0,0.85,0.43,0,0,0,0,1,0,0,0,0,0,1,0,0,0,0,0,0,0,0,1,0,1,0,0,0,0,0,0,0,1,0,0,0.0,5.003946305945459,0.0,149.0,65.5,0,0,0,0,0,0,1,0,0,0,0,0,0,0,0,1,0,0,0,0,0,0,0,0,0,0,0,0,0,0,0,1,0.573,1.7996646487351682,1998,22
94,0,1,0,0,1,0,1.05,0.6,0,0,0,0,1,0,0,0,0,0,1,0,0,0,0,0,0,0,0,1,0,1,0,0,0,0,0,0,0,1,0,0,0.0,4.23410650459726,0.0,69.0,60.5,0,0,0,0,0,0,1,0,0,0,0,0,0,0,0,1,0,0,0,0,0,0,0,0,0,0,0,0,0,0,0,1,0.573,1.7996646487351682,1998,22
94,0,1,0,0,1,0,-0.92,0.53,0,0,0,0,1,0,0,0,0,0,1,0,0,0,0,0,0,0,0,1,0,1,0,0,0,0,0,0,0,1,0,0,0.0,4.3694478524670215,0.0,79.0,69.5,0,0,0,0,0,0,1,0,0,0,0,0,0,0,0,1,0,0,0,0,0,0,0,0,0,0,0,0,0,0,0,1,0.573,1.7996646487351682,1998,22
94,0,1,0,0,1,0,0.83,0.41,1,0,0,0,0,0,0,0,0,0,1,0,0,0,0,0,0,0,0,1,0,1,0,0,0,0,0,0,0,1,0,0,0.0,5.003946305945459,0.0,149.0,65.5,0,0,0,0,0,0,1,0,0,0,0,0,0,0,0,1,0,0,0,0,0,0,0,0,0,0,0,0,0,0,0,1,0.573,1.7996646487351682,1998,22
94,0,1,0,0,1,0,-0.11,0.6,1,0,0,0,0,0,0,0,0,0,1,0,0,0,0,0,0,0,0,1,0,1,0,0,0,0,0,0,0,1,0,0,0.0,4.23410650459726,0.0,69.0,60.5,0,0,0,0,0,0,1,0,0,0,0,0,0,0,0,1,0,0,0,0,0,0,0,0,0,0,0,0,0,0,0,1,0.573,1.7996646487351682,1998,22
94,0,1,0,0,1,0,1.08,0.6,1,0,0,0,0,0,0,0,0,0,1,0,0,0,0,0,0,0,0,1,0,1,0,0,0,0,0,0,0,1,0,0,0.0,4.3694478524670215,0.0,79.0,69.5,0,0,0,0,0,0,1,0,0,0,0,0,0,0,0,1,0,0,0,0,0,0,0,0,0,0,0,0,0,0,0,1,0.573,1.7996646487351682,1998,22
94,0,1,0,0,1,0,-0.05,0.35,0,0,0,0,0,0,1,0,0,0,1,0,0,0,0,0,0,0,0,1,0,1,0,0,0,0,0,0,0,1,0,0,0.0,5.003946305945459,0.0,149.0,65.5,0,0,0,0,0,0,1,0,0,0,0,0,0,0,0,1,0,0,0,0,0,0,0,0,0,0,0,0,0,0,0,1,0.573,1.7996646487351682,1998,22
94,0,1,0,0,1,0,0.06,0.56,0,0,0,0,0,0,1,0,0,0,1,0,0,0,0,0,0,0,0,1,0,1,0,0,0,0,0,0,0,1,0,0,0.0,4.23410650459726,0.0,69.0,60.5,0,0,0,0,0,0,1,0,0,0,0,0,0,0,0,1,0,0,0,0,0,0,0,0,0,0,0,0,0,0,0,1,0.573,1.7996646487351682,1998,22
94,0,1,0,0,1,0,-1.59,1.22,0,0,0,0,0,0,1,0,0,0,1,0,0,0,0,0,0,0,0,1,0,1,0,0,0,0,0,0,0,1,0,0,0.0,4.3694478524670215,0.0,79.0,69.5,0,0,0,0,0,0,1,0,0,0,0,0,0,0,0,1,0,0,0,0,0,0,0,0,0,0,0,0,0,0,0,1,0.573,1.7996646487351682,1998,22
94,0,1,0,0,1,0,0.08,0.47,1,0,0,0,0,0,0,0,0,0,1,0,0,0,0,0,0,0,0,1,0,1,0,0,0,0,0,0,0,1,0,0,0.0,5.003946305945459,0.0,149.0,65.5,0,0,0,0,0,0,1,0,0,0,0,0,0,0,0,1,0,0,0,0,0,0,0,0,0,0,0,0,0,0,0,1,0.573,1.7996646487351682,1998,22
94,0,1,0,0,1,0,0.0,0.61,1,0,0,0,0,0,0,0,0,0,1,0,0,0,0,0,0,0,0,1,0,1,0,0,0,0,0,0,0,1,0,0,0.0,4.23410650459726,0.0,69.0,60.5,0,0,0,0,0,0,1,0,0,0,0,0,0,0,0,1,0,0,0,0,0,0,0,0,0,0,0,0,0,0,0,1,0.573,1.7996646487351682,1998,22
94,0,1,0,0,1,0,-0.02,0.26,1,0,0,0,0,0,0,0,0,0,1,0,0,0,0,0,0,0,0,1,0,1,0,0,0,0,0,0,0,1,0,0,0.0,4.3694478524670215,0.0,79.0,69.5,0,0,0,0,0,0,1,0,0,0,0,0,0,0,0,1,0,0,0,0,0,0,0,0,0,0,0,0,0,0,0,1,0.573,1.7996646487351682,1998,22
94,0,1,0,0,1,0,0.24,0.45,1,0,0,0,0,0,0,0,0,0,1,0,0,0,0,0,0,0,0,1,0,1,0,0,0,0,0,0,0,1,0,0,0.0,5.003946305945459,0.0,149.0,65.5,0,0,0,0,0,0,1,0,0,0,0,0,0,0,0,1,0,0,0,0,0,0,0,0,0,0,0,0,0,0,0,1,0.573,1.7996646487351682,1998,22
94,0,1,0,0,1,0,1.97,0.75,1,0,0,0,0,0,0,0,0,0,1,0,0,0,0,0,0,0,0,1,0,1,0,0,0,0,0,0,0,1,0,0,0.0,4.23410650459726,0.0,69.0,60.5,0,0,0,0,0,0,1,0,0,0,0,0,0,0,0,1,0,0,0,0,0,0,0,0,0,0,0,0,0,0,0,1,0.573,1.7996646487351682,1998,22
94,0,1,0,0,1,0,-0.78,0.46,1,0,0,0,0,0,0,0,0,0,1,0,0,0,0,0,0,0,0,1,0,1,0,0,0,0,0,0,0,1,0,0,0.0,4.3694478524670215,0.0,79.0,69.5,0,0,0,0,0,0,1,0,0,0,0,0,0,0,0,1,0,0,0,0,0,0,0,0,0,0,0,0,0,0,0,1,0.573,1.7996646487351682,1998,22
94,0,1,0,0,1,0,0.98,0.51,1,0,0,0,0,0,0,0,0,0,1,0,0,0,0,0,0,0,0,1,0,1,0,0,0,0,0,0,0,1,0,0,0.0,5.003946305945459,0.0,149.0,65.5,0,0,0,0,0,0,1,0,0,0,0,0,0,0,0,1,0,0,0,0,0,0,0,0,0,0,0,0,0,0,0,1,0.573,1.7996646487351682,1998,22
94,0,1,0,0,1,0,1.22,0.78,1,0,0,0,0,0,0,0,0,0,1,0,0,0,0,0,0,0,0,1,0,1,0,0,0,0,0,0,0,1,0,0,0.0,4.23410650459726,0.0,69.0,60.5,0,0,0,0,0,0,1,0,0,0,0,0,0,0,0,1,0,0,0,0,0,0,0,0,0,0,0,0,0,0,0,1,0.573,1.7996646487351682,1998,22
94,0,1,0,0,1,0,-0.19,0.66,1,0,0,0,0,0,0,0,0,0,1,0,0,0,0,0,0,0,0,1,0,1,0,0,0,0,0,0,0,1,0,0,0.0,4.3694478524670215,0.0,79.0,69.5,0,0,0,0,0,0,1,0,0,0,0,0,0,0,0,1,0,0,0,0,0,0,0,0,0,0,0,0,0,0,0,1,0.573,1.7996646487351682,1998,22
94,0,1,0,0,1,0,0.13,0.56,1,0,0,0,0,0,0,0,0,0,1,0,0,0,0,0,0,0,0,1,0,1,0,0,0,0,0,0,0,1,0,0,0.0,5.003946305945459,0.0,149.0,65.5,0,0,0,0,0,0,1,0,0,0,0,0,0,0,0,1,0,0,0,0,0,0,0,0,0,0,0,0,0,0,0,1,0.573,1.7996646487351682,1998,22
94,0,1,0,0,1,0,0.08,1.15,1,0,0,0,0,0,0,0,0,0,1,0,0,0,0,0,0,0,0,1,0,1,0,0,0,0,0,0,0,1,0,0,0.0,4.23410650459726,0.0,69.0,60.5,0,0,0,0,0,0,1,0,0,0,0,0,0,0,0,1,0,0,0,0,0,0,0,0,0,0,0,0,0,0,0,1,0.573,1.7996646487351682,1998,22
94,0,1,0,0,1,0,-0.14,0.52,1,0,0,0,0,0,0,0,0,0,1,0,0,0,0,0,0,0,0,1,0,1,0,0,0,0,0,0,0,1,0,0,0.0,4.3694478524670215,0.0,79.0,69.5,0,0,0,0,0,0,1,0,0,0,0,0,0,0,0,1,0,0,0,0,0,0,0,0,0,0,0,0,0,0,0,1,0.573,1.7996646487351682,1998,22
94,0,1,0,0,1,0,-1.41,0.71,0,0,0,0,0,0,0,0,1,0,1,0,0,0,0,0,0,0,0,1,0,1,0,0,0,0,0,0,0,1,0,0,0.0,5.003946305945459,0.0,149.0,65.5,0,0,0,0,0,0,1,0,0,0,0,0,0,0,0,1,0,0,0,0,0,0,0,0,0,0,0,0,0,0,0,1,0.573,1.7996646487351682,1998,22
94,0,1,0,0,1,0,-1.5,0.84,0,0,0,0,0,0,0,0,1,0,1,0,0,0,0,0,0,0,0,1,0,1,0,0,0,0,0,0,0,1,0,0,0.0,4.23410650459726,0.0,69.0,60.5,0,0,0,0,0,0,1,0,0,0,0,0,0,0,0,1,0,0,0,0,0,0,0,0,0,0,0,0,0,0,0,1,0.573,1.7996646487351682,1998,22
94,0,1,0,0,1,0,-1.58,1.53,0,0,0,0,0,0,0,0,1,0,1,0,0,0,0,0,0,0,0,1,0,1,0,0,0,0,0,0,0,1,0,0,0.0,4.3694478524670215,0.0,79.0,69.5,0,0,0,0,0,0,1,0,0,0,0,0,0,0,0,1,0,0,0,0,0,0,0,0,0,0,0,0,0,0,0,1,0.573,1.7996646487351682,1998,22
94,0,1,0,0,1,0,-1.23,0.79,0,0,0,0,0,1,0,0,0,0,1,0,0,0,0,0,0,0,0,1,0,1,0,0,0,0,0,0,0,1,0,0,0.0,5.003946305945459,0.0,149.0,65.5,0,0,0,0,0,0,1,0,0,0,0,0,0,0,0,1,0,0,0,0,0,0,0,0,0,0,0,0,0,0,0,1,0.573,1.7996646487351682,1998,22
94,0,1,0,0,1,0,-4.13,1.5,0,0,0,0,0,1,0,0,0,0,1,0,0,0,0,0,0,0,0,1,0,1,0,0,0,0,0,0,0,1,0,0,0.0,4.23410650459726,0.0,69.0,60.5,0,0,0,0,0,0,1,0,0,0,0,0,0,0,0,1,0,0,0,0,0,0,0,0,0,0,0,0,0,0,0,1,0.573,1.7996646487351682,1998,22
94,0,1,0,0,1,0,-0.52,0.91,0,0,0,0,0,1,0,0,0,0,1,0,0,0,0,0,0,0,0,1,0,1,0,0,0,0,0,0,0,1,0,0,0.0,4.3694478524670215,0.0,79.0,69.5,0,0,0,0,0,0,1,0,0,0,0,0,0,0,0,1,0,0,0,0,0,0,0,0,0,0,0,0,0,0,0,1,0.573,1.7996646487351682,1998,22
94,0,1,0,0,1,0,0.5,0.06,1,0,0,0,0,0,0,0,0,0,0,0,0,1,1,0,0,0,0,0,0,1,0,0,0,0,0,0,0,1,0,0,0.0,5.003946305945459,2.6390573296152584,2086.0,65.5,0,0,0,0,0,0,0,0,0,0,0,0,0,0,1,0,0,0,0,0,0,0,0,0,0,0,1,0,0,0,0,1,0.573,1.7996646487351682,1998,22
94,0,1,0,0,1,0,0.54,0.06,1,0,0,0,0,0,0,0,0,0,0,0,0,1,1,0,0,0,0,0,0,1,0,0,0,0,0,0,0,1,0,0,0.0,5.003946305945459,2.6390573296152584,2086.0,65.5,0,0,0,0,0,0,0,0,0,0,0,0,0,0,1,0,0,0,0,0,0,0,0,0,0,0,1,0,0,0,0,1,0.573,1.7996646487351682,1998,22
94,0,1,0,0,1,0,0.55,0.06,1,0,0,0,0,0,0,0,0,0,0,0,0,1,1,0,0,0,0,0,0,1,0,0,0,0,0,0,0,1,0,0,0.0,5.003946305945459,2.6390573296152584,2086.0,65.5,0,0,0,0,0,0,0,0,0,0,0,0,0,0,1,0,0,0,0,0,0,0,0,0,0,0,1,0,0,0,0,1,0.573,1.7996646487351682,1998,22
94,0,1,0,0,1,0,0.43,0.1,1,0,0,0,0,0,0,0,0,0,0,0,0,1,1,0,0,0,0,0,0,1,0,0,0,0,0,0,0,1,0,0,0.0,5.003946305945459,2.6390573296152584,2086.0,65.5,0,0,0,0,0,0,0,0,0,0,0,0,0,0,1,0,0,0,0,0,0,0,0,0,0,0,1,0,0,0,0,1,0.573,1.7996646487351682,1998,22
94,0,1,0,0,1,0,0.24,0.11,1,0,0,0,0,0,0,0,0,0,0,0,0,1,1,0,0,0,0,0,0,1,0,0,0,0,0,0,0,1,0,0,0.0,7.57353126274595,2.6390573296152584,1946.0,65.5,0,0,0,0,0,0,0,0,0,0,0,0,0,0,1,0,0,0,0,0,0,0,0,0,0,0,1,0,0,0,0,1,0.573,1.7996646487351682,1998,22
94,0,1,0,0,1,0,1.04,0.2,1,0,0,0,0,0,0,0,0,0,0,0,0,1,1,0,0,0,0,0,0,1,0,0,0,0,0,0,0,1,0,0,0.0,2.302585092994046,2.6390573296152584,140.0,65.5,0,0,0,0,0,0,0,0,0,0,0,0,0,0,1,0,0,0,0,0,0,0,0,0,0,0,1,0,0,0,0,1,0.573,1.7996646487351682,1998,22
94,0,1,0,0,1,0,-0.06,0.11,1,0,0,0,0,0,0,0,0,0,0,0,0,1,1,0,0,0,0,0,0,1,0,0,0,0,0,0,0,1,0,0,0.0,7.580699752224563,2.6390573296152584,1960.0,65.5,0,0,0,0,0,0,0,0,0,0,0,0,0,0,1,0,0,0,0,0,0,0,0,0,0,0,1,0,0,0,0,1,0.573,1.7996646487351682,1998,22
94,0,1,0,0,1,0,0.58,0.21,1,0,0,0,0,0,0,0,0,0,0,0,0,1,1,0,0,0,0,0,0,1,0,0,0,0,0,0,0,1,0,0,0.0,2.1972245773362196,2.6390573296152584,126.0,65.5,0,0,0,0,0,0,0,0,0,0,0,0,0,0,1,0,0,0,0,0,0,0,0,0,0,0,1,0,0,0,0,1,0.573,1.7996646487351682,1998,22
121,0,0,1,0,0,1,-2.35,1.79,0,0,0,1,0,0,0,0,0,0,1,0,0,0,1,0,0,0,0,0,0,1,0,0,0,0,0,0,0,1,0,0,0.0,4.736198448394496,0.0,114.0,57.5,0,0,0,0,0,0,1,0,0,0,0,0,0,0,0,1,0,0,0,0,0,0,0,0,0,0,0,0,0,0,1,0,0.573,0.6751286750572669,1991,15
121,0,0,1,0,0,1,-2.0,0.71,0,0,0,0,0,1,0,0,0,0,1,0,0,0,1,0,0,0,0,0,0,1,0,0,0,0,0,0,0,1,0,0,0.0,4.736198448394496,0.0,114.0,57.5,0,0,0,0,0,0,1,0,0,0,0,0,0,0,0,1,0,0,0,0,0,0,0,0,0,0,0,0,0,0,1,0,0.573,0.6751286750572669,1991,15
121,0,0,1,0,0,1,-3.2,1.4,0,0,0,0,0,0,0,0,1,0,1,0,0,0,1,0,0,0,0,0,0,1,0,0,0,0,0,0,0,1,0,0,0.0,4.736198448394496,0.0,114.0,57.5,0,0,0,0,0,0,1,0,0,0,0,0,0,0,0,1,0,0,0,0,0,0,0,0,0,0,0,0,0,0,1,0,0.573,0.6751286750572669,1991,15
121,0,0,1,0,0,1,0.31,0.54,0,0,0,0,0,0,0,1,0,0,0,1,0,0,1,0,0,0,0,0,0,1,0,0,0,0,0,0,0,1,0,0,0.0,4.727387818712341,0.0,113.0,57.5,0,0,0,0,0,0,1,0,0,0,0,0,0,0,0,1,0,0,0,0,0,0,0,0,0,0,0,0,0,0,1,0,0.573,0.6751286750572669,1991,15
121,0,0,1,0,0,1,-0.97,2.47,0,0,0,1,0,0,0,0,0,0,1,0,0,0,1,0,0,0,0,0,0,1,0,0,0,0,0,0,0,1,0,0,0.0,3.970291913552122,0.0,53.0,54.0,0,0,0,0,0,0,1,0,0,0,0,0,0,0,0,1,0,0,0,0,0,0,0,0,0,0,0,0,0,0,1,0,0.573,0.6751286750572669,1991,15
121,0,0,1,0,0,1,-0.51,1.07,0,0,0,0,0,1,0,0,0,0,1,0,0,0,1,0,0,0,0,0,0,1,0,0,0,0,0,0,0,1,0,0,0.0,3.970291913552122,0.0,53.0,54.0,0,0,0,0,0,0,1,0,0,0,0,0,0,0,0,1,0,0,0,0,0,0,0,0,0,0,0,0,0,0,1,0,0.573,0.6751286750572669,1991,15
121,0,0,1,0,0,1,-2.39,2.0,0,0,0,0,0,0,0,0,1,0,1,0,0,0,1,0,0,0,0,0,0,1,0,0,0,0,0,0,0,1,0,0,0.0,3.970291913552122,0.0,53.0,54.0,0,0,0,0,0,0,1,0,0,0,0,0,0,0,0,1,0,0,0,0,0,0,0,0,0,0,0,0,0,0,1,0,0.573,0.6751286750572669,1991,15
121,0,0,1,0,0,1,0.91,0.52,0,0,0,0,0,0,0,1,0,0,0,1,0,0,1,0,0,0,0,0,0,1,0,0,0,0,0,0,0,1,0,0,0.0,3.970291913552122,0.0,53.0,54.0,0,0,0,0,0,0,1,0,0,0,0,0,0,0,0,1,0,0,0,0,0,0,0,0,0,0,0,0,0,0,1,0,0.573,0.6751286750572669,1991,15
121,0,0,1,0,0,1,0.3,3.35,0,0,0,1,0,0,0,0,0,0,1,0,0,0,1,0,0,0,0,0,0,1,0,0,0,0,0,0,0,1,0,0,0.0,3.258096538021482,0.0,26.0,58.5,0,0,0,0,0,0,1,0,0,0,0,0,0,0,0,1,0,0,0,0,0,0,0,0,0,0,0,0,0,0,1,0,0.573,0.6751286750572669,1991,15
121,0,0,1,0,0,1,-2.7,1.19,0,0,0,0,0,1,0,0,0,0,1,0,0,0,1,0,0,0,0,0,0,1,0,0,0,0,0,0,0,1,0,0,0.0,3.258096538021482,0.0,26.0,58.5,0,0,0,0,0,0,1,0,0,0,0,0,0,0,0,1,0,0,0,0,0,0,0,0,0,0,0,0,0,0,1,0,0.573,0.6751286750572669,1991,15
121,0,0,1,0,0,1,-0.78,3.55,0,0,0,0,0,0,0,0,1,0,1,0,0,0,1,0,0,0,0,0,0,1,0,0,0,0,0,0,0,1,0,0,0.0,3.258096538021482,0.0,26.0,58.5,0,0,0,0,0,0,1,0,0,0,0,0,0,0,0,1,0,0,0,0,0,0,0,0,0,0,0,0,0,0,1,0,0.573,0.6751286750572669,1991,15
121,0,0,1,0,0,1,-1.75,1.5,0,0,0,0,0,0,0,1,0,0,0,1,0,0,1,0,0,0,0,0,0,1,0,0,0,0,0,0,0,1,0,0,0.0,3.258096538021482,0.0,26.0,58.5,0,0,0,0,0,0,1,0,0,0,0,0,0,0,0,1,0,0,0,0,0,0,0,0,0,0,0,0,0,0,1,0,0.573,0.6751286750572669,1991,15
121,0,0,1,0,0,1,-13.41,4.0,0,0,0,1,0,0,0,0,0,0,1,0,0,0,1,0,0,0,0,0,0,1,0,0,0,0,0,0,0,1,0,0,0.0,3.5263605246161616,0.0,34.0,62.0,0,0,0,0,0,0,1,0,0,0,0,0,0,0,0,1,0,0,0,0,0,0,0,0,0,0,0,0,0,0,1,0,0.573,0.6751286750572669,1991,15
121,0,0,1,0,0,1,-7.91,2.65,0,0,0,0,0,1,0,0,0,0,1,0,0,0,1,0,0,0,0,0,0,1,0,0,0,0,0,0,0,1,0,0,0.0,3.5263605246161616,0.0,34.0,62.0,0,0,0,0,0,0,1,0,0,0,0,0,0,0,0,1,0,0,0,0,0,0,0,0,0,0,0,0,0,0,1,0,0.573,0.6751286750572669,1991,15
121,0,0,1,0,0,1,-7.86,3.01,0,0,0,0,0,0,0,0,1,0,1,0,0,0,1,0,0,0,0,0,0,1,0,0,0,0,0,0,0,1,0,0,0.0,3.5263605246161616,0.0,34.0,62.0,0,0,0,0,0,0,1,0,0,0,0,0,0,0,0,1,0,0,0,0,0,0,0,0,0,0,0,0,0,0,1,0,0.573,0.6751286750572669,1991,15
121,0,0,1,0,0,1,-11.13,3.41,0,0,0,0,0,0,0,1,0,0,0,1,0,0,1,0,0,0,0,0,0,1,0,0,0,0,0,0,0,1,0,0,0.0,3.4965075614664802,0.0,33.0,62.0,0,0,0,0,0,0,1,0,0,0,0,0,0,0,0,1,0,0,0,0,0,0,0,0,0,0,0,0,0,0,1,0,0.573,0.6751286750572669,1991,15
151,0,1,0,0,1,0,-1.0227,0.7007,1,0,0,0,0,0,0,0,0,0,0,0,1,0,1,0,0,0,0,0,0,1,0,0,0,0,0,0,0,1,0,0,0.0,5.153291594497779,0.0,173.0,72.5,0,0,0,0,0,0,1,0,0,0,0,0,0,0,0,1,0,0,0,0,0,0,0,0,0,0,0,0,0,0,0,1,0.573,0.47000362924573563,2009,33
151,0,1,0,0,1,0,-0.7795,0.9469,0,0,0,0,0,1,0,0,0,0,1,0,0,0,1,0,0,0,0,0,0,1,0,0,0,0,0,0,0,1,0,0,0.0,5.153291594497779,0.0,173.0,72.5,0,0,0,0,0,0,1,0,0,0,0,0,0,0,0,1,0,0,0,0,0,0,0,0,0,0,0,0,0,0,0,1,0.573,0.47000362924573563,2009,33
151,0,1,0,0,1,0,-0.8308,0.5396,1,0,0,0,0,0,0,0,0,0,0,0,1,0,1,0,0,0,0,0,0,1,0,0,0,0,0,0,0,1,0,0,0.0,5.153291594497779,0.0,173.0,72.5,0,0,0,0,0,0,1,0,0,0,0,0,0,0,0,1,0,0,0,0,0,0,0,0,0,0,0,0,0,0,0,1,0.573,0.47000362924573563,2009,33
151,0,1,0,0,1,0,-3.9467,1.6892,0,0,0,0,0,0,0,0,0,1,1,0,0,0,1,0,0,0,0,0,0,1,0,0,0,0,0,0,0,1,0,0,0.0,3.9318256327243257,0.0,51.0,79.5,0,0,0,0,0,0,1,0,0,0,0,0,0,0,0,1,0,0,0,0,0,0,0,0,0,0,0,0,0,0,0,1,0.573,0.47000362924573563,2009,33
151,0,1,0,0,1,0,-2.3041,0.8785,0,0,0,0,0,0,0,1,0,0,0,1,0,0,1,0,0,0,0,0,0,1,0,0,0,0,0,0,0,1,0,0,0.0,5.153291594497779,0.0,173.0,79.5,0,0,0,0,0,0,1,0,0,0,0,0,0,0,0,1,0,0,0,0,0,0,0,0,0,0,0,0,0,0,0,1,0.573,0.47000362924573563,2009,33
151,0,1,0,0,1,0,-0.7569,0.8964,0,0,0,0,0,0,0,0,1,0,1,0,0,0,1,0,0,0,0,0,0,1,0,0,0,0,0,0,0,1,0,0,0.0,5.153291594497779,0.0,173.0,79.5,0,0,0,0,0,0,1,0,0,0,0,0,0,0,0,1,0,0,0,0,0,0,0,0,0,0,0,0,0,0,0,1,0.573,0.47000362924573563,2009,33
21,1,0,0,1,0,0,1.09,0.03,0,0,0,1,0,0,0,0,0,0,1,0,0,0,0,1,0,0,0,0,0,1,0,0,0,0,0,0,0,1,0,0,0.0,3.4339872044851463,0.0,31.0,0.0,0,0,0,0,0,0,1,0,0,0,0,0,0,0,0,1,0,0,0,0,0,0,0,0,0,0,0,0,0,0,0,1,0.51,3.6394204616775725,1976,0
21,1,0,0,1,0,0,1.1,0.08,0,0,0,1,0,0,0,0,0,0,1,0,0,0,0,1,0,0,0,0,0,1,0,0,0,0,0,0,0,1,0,0,0.0,3.4339872044851463,0.0,31.0,0.0,0,1,0,0,0,0,1,0,0,0,0,0,0,0,0,1,0,0,0,0,0,0,0,0,0,0,0,0,0,0,0,1,0.51,3.6394204616775725,1976,0
50,1,0,0,1,0,0,0.998,1.4194495242899303,1,0,0,0,0,0,0,0,0,0,1,0,0,0,1,0,0,0,0,0,0,1,0,0,0,0,0,0,0,1,0,0,0.0,4.406719247264253,0.0,82.0,79.5,0,0,0,0,0,0,0,0,0,0,0,1,0,0,0,1,0,0,0,0,0,0,0,0,0,0,0,0,1,0,0,0,0.475,0.7339691750802005,2007,31
50,1,0,0,1,0,0,0.998,1.400208959008186,1,0,0,0,0,0,0,0,0,0,1,0,0,0,1,0,0,0,0,0,0,1,0,0,0,0,0,0,0,1,0,0,0.0,4.406719247264253,0.0,82.0,79.5,0,0,0,0,0,0,0,0,0,0,0,1,0,0,0,1,0,0,0,0,0,0,0,0,0,0,0,0,1,0,0,0,0.475,0.7339691750802005,2007,31
50,1,0,0,1,0,0,0.997,1.0470585657964793,1,0,0,0,0,0,0,0,0,0,0,0,1,0,1,0,0,0,0,0,0,1,0,0,0,0,0,0,0,1,0,0,0.0,4.406719247264253,0.0,82.0,79.5,0,0,0,0,0,0,0,0,0,0,0,1,0,0,0,1,0,0,0,0,0,0,0,0,0,0,0,0,1,0,0,0,0.475,0.7339691750802005,2007,31
50,1,0,0,1,0,0,0.997,0.9659411682838389,1,0,0,0,0,0,0,0,0,0,1,0,0,0,1,0,0,0,0,0,0,1,0,0,0,0,0,0,0,1,0,0,0.0,4.406719247264253,0.0,82.0,79.5,0,0,0,0,0,0,0,0,0,0,0,1,0,0,0,1,0,0,0,0,0,0,0,0,0,0,0,0,1,0,0,0,0.475,0.7339691750802005,2007,31
50,1,0,0,1,0,0,0.997,1.3830837688550275,0,0,0,0,1,0,0,0,0,0,1,0,0,0,1,0,0,0,0,0,0,1,0,0,0,0,0,0,0,1,0,0,0.0,4.406719247264253,0.0,82.0,79.5,0,0,0,0,0,0,0,0,0,0,0,1,0,0,0,1,0,0,0,0,0,0,0,0,0,0,0,0,1,0,0,0,0.475,0.7339691750802005,2007,31
50,1,0,0,1,0,0,0.997,1.3198042999005044,0,0,0,1,0,0,0,0,0,0,1,0,0,0,1,0,0,0,0,0,0,1,0,0,0,0,0,0,0,1,0,0,0.0,4.406719247264253,0.0,82.0,79.5,0,0,0,0,0,0,0,0,0,0,0,1,0,0,0,1,0,0,0,0,0,0,0,0,0,0,0,0,1,0,0,0,0.475,0.7339691750802005,2007,31
50,1,0,0,1,0,0,1.081,8.190626232324725,1,0,0,0,0,0,0,0,0,0,0,1,0,0,1,0,0,0,0,0,0,1,0,0,0,0,0,0,0,1,0,0,0.0,4.406719247264253,0.0,82.0,79.5,0,0,0,0,0,0,0,0,0,0,0,1,0,0,0,1,0,0,0,0,0,0,0,0,0,0,0,0,1,0,0,0,0.475,0.7339691750802005,2007,31
50,1,0,0,1,0,0,0.999,2.8724461041403293,0,0,0,0,0,0,1,0,0,0,1,0,0,0,1,0,0,0,0,0,0,1,0,0,0,0,0,0,0,1,0,0,0.0,4.406719247264253,0.0,82.0,79.5,0,0,0,0,0,0,0,0,0,0,0,1,0,0,0,1,0,0,0,0,0,0,0,0,0,0,0,0,1,0,0,0,0.475,0.7339691750802005,2007,31
50,1,0,0,1,0,0,1.0,72.53266225033146,0,0,0,0,0,0,0,1,0,0,0,1,0,0,1,0,0,0,0,0,0,1,0,0,0,0,0,0,0,1,0,0,0.0,4.406719247264253,0.0,82.0,79.5,0,0,0,0,0,0,0,0,0,0,0,1,0,0,0,1,0,0,0,0,0,0,0,0,0,0,0,0,1,0,0,0,0.475,0.7339691750802005,2007,31
50,1,0,0,1,0,0,0.997,1.3645599345561448,1,0,0,0,0,0,0,0,0,0,1,0,0,0,1,0,0,0,0,0,0,1,0,0,0,0,0,0,0,1,0,0,0.0,4.406719247264253,0.0,82.0,79.5,0,0,0,0,0,0,0,0,0,0,0,1,0,0,0,1,0,0,0,0,0,0,0,0,0,0,0,0,1,0,0,0,0.475,0.7339691750802005,2007,31
50,1,0,0,1,0,0,0.99,0.47960773542552815,1,0,0,0,0,0,0,0,0,0,1,0,0,0,1,0,0,0,0,0,0,1,0,0,0,0,0,0,0,1,0,0,0.0,4.406719247264253,0.0,82.0,79.5,0,0,0,0,0,0,0,0,0,0,0,1,0,0,0,1,0,0,0,0,0,0,0,0,0,0,0,0,1,0,0,0,0.475,0.7339691750802005,2007,31
50,1,0,0,1,0,0,1.003,5.339575402395101,1,0,0,0,0,0,0,0,0,0,0,1,0,0,1,0,0,0,0,0,0,1,0,0,0,0,0,0,0,1,0,0,0.0,4.406719247264253,0.0,82.0,79.5,0,0,0,0,0,0,0,0,0,0,0,1,0,0,0,1,0,0,0,0,0,0,0,0,0,0,0,0,1,0,0,0,0.475,0.7339691750802005,2007,31
50,1,0,0,1,0,0,0.998,1.8275177532752547,1,0,0,0,0,0,0,0,0,0,1,0,0,0,1,0,0,0,0,0,0,1,0,0,0,0,0,0,0,1,0,0,0.0,4.406719247264253,0.0,82.0,79.5,0,0,0,0,0,0,0,0,0,0,0,1,0,0,0,1,0,0,0,0,0,0,0,0,0,0,0,0,1,0,0,0,0.475,0.7339691750802005,2007,31
50,1,0,0,1,0,0,0.996,0.9277159714081776,1,0,0,0,0,0,0,0,0,0,1,0,0,0,1,0,0,0,0,0,0,1,0,0,0,0,0,0,0,1,0,0,0.0,4.406719247264253,0.0,82.0,79.5,0,0,0,0,0,0,0,0,0,0,0,1,0,0,0,1,0,0,0,0,0,0,0,0,0,0,0,0,1,0,0,0,0.475,0.7339691750802005,2007,31
50,1,0,0,1,0,0,1.0,16.273115898711755,0,0,0,0,0,0,0,0,1,0,1,0,0,0,1,0,0,0,0,0,0,1,0,0,0,0,0,0,0,1,0,0,0.0,4.406719247264253,0.0,82.0,79.5,0,0,0,0,0,0,0,0,0,0,0,1,0,0,0,1,0,0,0,0,0,0,0,0,0,0,0,0,1,0,0,0,0.475,0.7339691750802005,2007,31
50,1,0,0,1,0,0,0.998,1.9242006387476789,1,0,0,0,0,0,0,0,0,0,1,0,0,0,1,0,0,0,0,0,0,1,0,0,0,0,0,0,0,1,0,0,0.0,4.406719247264253,0.0,82.0,79.5,0,0,0,0,0,0,1,0,0,0,0,0,0,0,0,1,0,0,0,0,0,0,0,0,0,0,0,0,1,0,0,0,0.475,0.7339691750802005,2007,31
50,1,0,0,1,0,0,0.998,1.9031255229829167,1,0,0,0,0,0,0,0,0,0,1,0,0,0,1,0,0,0,0,0,0,1,0,0,0,0,0,0,0,1,0,0,0.0,4.406719247264253,0.0,82.0,79.5,0,0,0,0,0,0,1,0,0,0,0,0,0,0,0,1,0,0,0,0,0,0,0,0,0,0,0,0,1,0,0,0,0.475,0.7339691750802005,2007,31
50,1,0,0,1,0,0,0.998,1.7752627873514752,1,0,0,0,0,0,0,0,0,0,0,0,1,0,1,0,0,0,0,0,0,1,0,0,0,0,0,0,0,1,0,0,0.0,4.406719247264253,0.0,82.0,79.5,0,0,0,0,0,0,1,0,0,0,0,0,0,0,0,1,0,0,0,0,0,0,0,0,0,0,0,0,1,0,0,0,0.475,0.7339691750802005,2007,31
50,1,0,0,1,0,0,0.998,1.4033884980345912,1,0,0,0,0,0,0,0,0,0,1,0,0,0,1,0,0,0,0,0,0,1,0,0,0,0,0,0,0,1,0,0,0.0,4.406719247264253,0.0,82.0,79.5,0,0,0,0,0,0,1,0,0,0,0,0,0,0,0,1,0,0,0,0,0,0,0,0,0,0,0,0,1,0,0,0,0.475,0.7339691750802005,2007,31
50,1,0,0,1,0,0,0.998,2.0184712976319807,0,0,0,0,1,0,0,0,0,0,1,0,0,0,1,0,0,0,0,0,0,1,0,0,0,0,0,0,0,1,0,0,0.0,4.406719247264253,0.0,82.0,79.5,0,0,0,0,0,0,1,0,0,0,0,0,0,0,0,1,0,0,0,0,0,0,0,0,0,0,0,0,1,0,0,0,0.475,0.7339691750802005,2007,31
50,1,0,0,1,0,0,0.998,1.9083567968208472,0,0,0,1,0,0,0,0,0,0,1,0,0,0,1,0,0,0,0,0,0,1,0,0,0,0,0,0,0,1,0,0,0.0,4.406719247264253,0.0,82.0,79.5,0,0,0,0,0,0,1,0,0,0,0,0,0,0,0,1,0,0,0,0,0,0,0,0,0,0,0,0,1,0,0,0,0.475,0.7339691750802005,2007,31
50,1,0,0,1,0,0,0.885,5.813303661417896,1,0,0,0,0,0,0,0,0,0,0,1,0,0,1,0,0,0,0,0,0,1,0,0,0,0,0,0,0,1,0,0,0.0,4.406719247264253,0.0,82.0,79.5,0,0,0,0,0,0,1,0,0,0,0,0,0,0,0,1,0,0,0,0,0,0,0,0,0,0,0,0,1,0,0,0,0.475,0.7339691750802005,2007,31
50,1,0,0,1,0,0,0.999,4.737840950216164,0,0,0,0,0,0,1,0,0,0,1,0,0,0,1,0,0,0,0,0,0,1,0,0,0,0,0,0,0,1,0,0,0.0,4.406719247264253,0.0,82.0,79.5,0,0,0,0,0,0,1,0,0,0,0,0,0,0,0,1,0,0,0,0,0,0,0,0,0,0,0,0,1,0,0,0,0.475,0.7339691750802005,2007,31
50,1,0,0,1,0,0,1.0,29.545638931630688,0,0,0,0,0,0,0,1,0,0,0,1,0,0,1,0,0,0,0,0,0,1,0,0,0,0,0,0,0,1,0,0,0.0,4.406719247264253,0.0,82.0,79.5,0,0,0,0,0,0,1,0,0,0,0,0,0,0,0,1,0,0,0,0,0,0,0,0,0,0,0,0,1,0,0,0,0.475,0.7339691750802005,2007,31
50,1,0,0,1,0,0,0.998,2.0012558416128186,1,0,0,0,0,0,0,0,0,0,1,0,0,0,1,0,0,0,0,0,0,1,0,0,0,0,0,0,0,1,0,0,0.0,4.406719247264253,0.0,82.0,79.5,0,0,0,0,0,0,1,0,0,0,0,0,0,0,0,1,0,0,0,0,0,0,0,0,0,0,0,0,1,0,0,0,0.475,0.7339691750802005,2007,31
50,1,0,0,1,0,0,0.992,0.6363115661574628,1,0,0,0,0,0,0,0,0,0,1,0,0,0,1,0,0,0,0,0,0,1,0,0,0,0,0,0,0,1,0,0,0.0,4.406719247264253,0.0,82.0,79.5,0,0,0,0,0,0,1,0,0,0,0,0,0,0,0,1,0,0,0,0,0,0,0,0,0,0,0,0,1,0,0,0,0.475,0.7339691750802005,2007,31
50,1,0,0,1,0,0,1.002,15.36372946193662,1,0,0,0,0,0,0,0,0,0,0,1,0,0,1,0,0,0,0,0,0,1,0,0,0,0,0,0,0,1,0,0,0.0,4.406719247264253,0.0,82.0,79.5,0,0,0,0,0,0,1,0,0,0,0,0,0,0,0,1,0,0,0,0,0,0,0,0,0,0,0,0,1,0,0,0,0.475,0.7339691750802005,2007,31
50,1,0,0,1,0,0,0.999,2.79735839197953,1,0,0,0,0,0,0,0,0,0,1,0,0,0,1,0,0,0,0,0,0,1,0,0,0,0,0,0,0,1,0,0,0.0,4.406719247264253,0.0,82.0,79.5,0,0,0,0,0,0,1,0,0,0,0,0,0,0,0,1,0,0,0,0,0,0,0,0,0,0,0,0,1,0,0,0,0.475,0.7339691750802005,2007,31
50,1,0,0,1,0,0,0.997,1.2231232877683564,1,0,0,0,0,0,0,0,0,0,1,0,0,0,1,0,0,0,0,0,0,1,0,0,0,0,0,0,0,1,0,0,0.0,4.406719247264253,0.0,82.0,79.5,0,0,0,0,0,0,1,0,0,0,0,0,0,0,0,1,0,0,0,0,0,0,0,0,0,0,0,0,1,0,0,0,0.475,0.7339691750802005,2007,31
50,1,0,0,1,0,0,1.0,66.48787333467534,0,0,0,0,0,0,0,0,1,0,1,0,0,0,1,0,0,0,0,0,0,1,0,0,0,0,0,0,0,1,0,0,0.0,4.406719247264253,0.0,82.0,79.5,0,0,0,0,0,0,1,0,0,0,0,0,0,0,0,1,0,0,0,0,0,0,0,0,0,0,0,0,1,0,0,0,0.475,0.7339691750802005,2007,31
50,1,0,0,1,0,0,0.998,0.5136033479076951,1,0,0,0,0,0,0,0,0,0,0,0,0,1,1,0,0,0,0,0,0,1,0,0,0,0,0,0,0,1,0,0,0.0,4.406719247264253,2.70805020110221,1230.0,79.5,0,0,0,0,0,0,1,0,0,0,0,0,0,0,0,1,0,0,0,0,0,0,0,0,0,0,0,0,1,0,0,0,0.475,0.7339691750802005,2007,31
50,1,0,0,1,0,0,0.997,0.9719527567031743,1,0,0,0,0,0,0,0,0,0,0,0,0,1,1,0,0,0,0,0,0,1,0,0,0,0,0,0,0,1,0,0,0.0,4.406719247264253,2.70805020110221,1230.0,79.5,0,0,0,0,0,0,0,0,0,0,0,0,0,0,1,1,0,0,0,0,0,0,0,0,0,0,0,0,1,0,0,0,0.475,0.7339691750802005,2007,31
50,1,0,0,1,0,0,1.121,0.3406749409665938,1,0,0,0,0,0,0,0,0,0,0,0,0,1,1,0,0,0,0,0,0,1,0,0,0,0,0,0,0,1,0,0,0.0,4.406719247264253,2.70805020110221,1230.0,79.5,0,0,0,0,0,0,0,0,0,0,0,1,0,0,0,1,0,0,0,0,0,0,0,0,0,0,0,0,1,0,0,0,0.475,0.7339691750802005,2007,31
50,1,0,0,1,0,0,0.997,0.9559987777052656,1,0,0,0,0,0,0,0,0,0,0,0,0,1,1,0,0,0,0,0,0,1,0,0,0,0,0,0,0,1,0,0,0.0,4.406719247264253,2.70805020110221,1230.0,79.5,0,0,0,0,0,0,0,0,0,0,0,0,0,0,1,1,0,0,0,0,0,0,0,0,0,0,0,0,1,0,0,0,0.475,0.7339691750802005,2007,31
50,1,0,0,1,0,0,1.121,0.3406749409665938,1,0,0,0,0,0,0,0,0,0,0,0,0,1,1,0,0,0,0,0,0,1,0,0,0,0,0,0,0,1,0,0,0.0,4.406719247264253,2.70805020110221,1230.0,79.5,0,0,0,0,0,0,0,0,0,0,0,1,0,0,0,1,0,0,0,0,0,0,0,0,0,0,0,0,1,0,0,0,0.475,0.7339691750802005,2007,31
88,0,1,0,0,1,0,-1.736,0.967,0,0,0,0,0,1,0,0,0,0,1,0,0,0,1,0,0,0,0,0,0,1,0,0,0,0,0,0,0,1,0,0,0.0,5.60947179518496,0.0,273.0,68.5,0,0,0,0,0,0,1,0,0,0,0,0,0,0,0,1,0,0,0,0,0,0,0,0,0,0,0,0,0,0,0,1,0.475,1.0033021088637848,2008,32
88,0,1,0,0,1,0,-0.984,0.837,0,0,0,1,0,0,0,0,0,0,1,0,0,0,1,0,0,0,0,0,0,1,0,0,0,0,0,0,0,1,0,0,0.0,5.60947179518496,0.0,273.0,68.5,0,0,0,0,0,0,1,0,0,0,0,0,0,0,0,1,0,0,0,0,0,0,0,0,0,0,0,0,0,0,0,1,0.475,1.0033021088637848,2008,32
88,0,1,0,0,1,0,-2.935,0.792,0,0,0,0,0,0,0,1,0,0,0,1,0,0,1,0,0,0,0,0,0,1,0,0,0,0,0,0,0,1,0,0,0.0,5.488937726156687,0.0,242.0,70.0,0,0,0,0,0,0,1,0,0,0,0,0,0,0,0,1,0,0,0,0,0,0,0,0,0,0,0,0,0,0,0,1,0.475,1.0033021088637848,2008,32
88,0,1,0,0,1,0,-1.135,0.503,1,0,0,0,0,0,0,0,0,0,0,0,1,0,1,0,0,0,0,0,0,1,0,0,0,0,0,0,0,1,0,0,0.0,5.60947179518496,0.0,273.0,68.5,0,0,0,0,0,0,1,0,0,0,0,0,0,0,0,1,0,0,0,0,0,0,0,0,0,0,0,0,0,0,0,1,0.475,1.0033021088637848,2008,32
88,0,1,0,0,1,0,-1.431,0.767,0,0,0,0,0,0,0,0,1,0,1,0,0,0,1,0,0,0,0,0,0,1,0,0,0,0,0,0,0,1,0,0,0.0,5.60947179518496,0.0,273.0,68.5,0,0,0,0,0,0,1,0,0,0,0,0,0,0,0,1,0,0,0,0,0,0,0,0,0,0,0,0,0,0,0,1,0.475,1.0033021088637848,2008,32
88,1,0,0,1,0,0,0.97,0.015,0,0,0,0,0,1,0,0,0,0,1,0,0,0,1,0,0,0,0,0,0,1,0,0,0,0,0,0,0,1,0,0,0.0,5.60947179518496,0.0,273.0,68.5,0,0,0,0,0,0,1,0,0,0,0,0,0,0,0,1,0,0,0,0,0,0,0,0,0,0,0,0,0,0,0,1,0.475,1.0033021088637848,2008,32
88,1,0,0,1,0,0,1.001,0.002,0,0,0,0,0,1,0,0,0,0,1,0,0,0,1,0,0,0,0,0,0,1,0,0,0,0,0,0,0,1,0,0,0.0,5.60947179518496,0.0,273.0,68.5,0,1,0,0,0,0,0,0,0,0,0,0,0,1,0,1,0,0,0,0,0,0,0,0,0,0,0,0,0,0,0,1,0.475,1.0033021088637848,2008,32
88,1,0,0,1,0,0,0.992,0.01,0,0,0,1,0,0,0,0,0,0,1,0,0,0,1,0,0,0,0,0,0,1,0,0,0,0,0,0,0,1,0,0,0.0,5.60947179518496,0.0,273.0,68.5,0,0,0,0,0,0,1,0,0,0,0,0,0,0,0,1,0,0,0,0,0,0,0,0,0,0,0,0,0,0,0,1,0.475,1.0033021088637848,2008,32
88,1,0,0,1,0,0,1.005,0.002,0,0,0,1,0,0,0,0,0,0,1,0,0,0,1,0,0,0,0,0,0,1,0,0,0,0,0,0,0,1,0,0,0.0,5.60947179518496,0.0,273.0,68.5,0,1,0,0,0,0,0,0,0,0,0,0,0,1,0,1,0,0,0,0,0,0,0,0,0,0,0,0,0,0,0,1,0.475,1.0033021088637848,2008,32
88,1,0,0,1,0,0,0.994,0.007,0,0,0,0,0,0,0,1,0,0,0,1,0,0,1,0,0,0,0,0,0,1,0,0,0,0,0,0,0,1,0,0,0.0,5.488937726156687,0.0,242.0,70.0,0,0,0,0,0,0,1,0,0,0,0,0,0,0,0,1,0,0,0,0,0,0,0,0,0,0,0,0,0,0,0,1,0.475,1.0033021088637848,2008,32
88,1,0,0,1,0,0,1.001,0.001,0,0,0,0,0,0,0,1,0,0,0,1,0,0,1,0,0,0,0,0,0,1,0,0,0,0,0,0,0,1,0,0,0.0,5.488937726156687,0.0,242.0,70.0,0,1,0,0,0,0,0,0,0,0,0,0,0,1,0,1,0,0,0,0,0,0,0,0,0,0,0,0,0,0,0,1,0.475,1.0033021088637848,2008,32
88,1,0,0,1,0,0,0.991,0.007,1,0,0,0,0,0,0,0,0,0,0,0,1,0,1,0,0,0,0,0,0,1,0,0,0,0,0,0,0,1,0,0,0.0,5.60947179518496,0.0,273.0,68.5,0,0,0,0,0,0,1,0,0,0,0,0,0,0,0,1,0,0,0,0,0,0,0,0,0,0,0,0,0,0,0,1,0.475,1.0033021088637848,2008,32
88,1,0,0,1,0,0,1.004,0.002,1,0,0,0,0,0,0,0,0,0,0,0,1,0,1,0,0,0,0,0,0,1,0,0,0,0,0,0,0,1,0,0,0.0,5.60947179518496,0.0,273.0,68.5,0,1,0,0,0,0,0,0,0,0,0,0,0,1,0,1,0,0,0,0,0,0,0,0,0,0,0,0,0,0,0,1,0.475,1.0033021088637848,2008,32
88,1,0,0,1,0,0,0.99,0.009,0,0,0,0,0,0,0,0,1,0,1,0,0,0,1,0,0,0,0,0,0,1,0,0,0,0,0,0,0,1,0,0,0.0,5.60947179518496,0.0,273.0,68.5,0,0,0,0,0,0,1,0,0,0,0,0,0,0,0,1,0,0,0,0,0,0,0,0,0,0,0,0,0,0,0,1,0.475,1.0033021088637848,2008,32
88,1,0,0,1,0,0,1.004,0.002,0,0,0,0,0,0,0,0,1,0,1,0,0,0,1,0,0,0,0,0,0,1,0,0,0,0,0,0,0,1,0,0,0.0,5.60947179518496,0.0,273.0,68.5,0,1,0,0,0,0,0,0,0,0,0,0,0,1,0,1,0,0,0,0,0,0,0,0,0,0,0,0,0,0,0,1,0.475,1.0033021088637848,2008,32
17,0,1,0,0,1,0,-1.308,0.563,1,0,0,0,0,0,0,0,0,0,0,0,1,0,1,0,0,0,0,0,0,1,0,0,0,0,0,0,0,1,0,0,0.0,5.123963979403259,0.0,168.0,63.5,0,0,0,0,0,0,1,0,0,0,0,0,0,0,0,1,0,0,0,0,0,0,0,0,0,0,0,0,0,0,0,1,0.435,3.9734316335567894,1995,19
17,0,1,0,0,1,0,-2.059,0.661,1,0,0,0,0,0,0,0,0,0,0,0,1,0,1,0,0,0,0,0,0,1,0,0,0,0,0,0,0,1,0,0,0.0,4.709530201312334,0.0,111.0,61.5,0,0,0,0,0,0,1,0,0,0,0,0,0,0,0,1,0,0,0,0,0,0,0,0,0,0,0,0,0,0,0,1,0.435,3.9734316335567894,1995,19
17,0,1,0,0,1,0,-1.331,0.726,1,0,0,0,0,0,0,0,0,0,0,0,1,0,1,0,0,0,0,0,0,1,0,0,0,0,0,0,0,1,0,0,0.0,4.564348191467836,0.0,96.0,59.5,0,0,0,0,0,0,1,0,0,0,0,0,0,0,0,1,0,0,0,0,0,0,0,0,0,0,0,0,0,0,0,1,0.435,3.9734316335567894,1995,19
17,0,1,0,0,1,0,-1.047,1.068,1,0,0,0,0,0,0,0,0,0,0,0,1,0,1,0,0,0,0,0,0,1,0,0,0,0,0,0,0,1,0,0,0.0,4.276666119016055,0.0,72.0,69.0,0,0,0,0,0,0,1,0,0,0,0,0,0,0,0,1,0,0,0,0,0,0,0,0,0,0,0,0,0,0,0,1,0.435,3.9734316335567894,1995,19
17,0,1,0,0,1,0,0.352,0.67,0,0,0,0,1,0,0,0,0,0,1,0,0,0,1,0,0,0,0,0,0,1,0,0,0,0,0,0,0,1,0,0,0.0,5.123963979403259,0.0,168.0,63.5,0,0,0,0,0,0,1,0,0,0,0,0,0,0,0,1,0,0,0,0,0,0,0,0,0,0,0,0,0,0,0,1,0.435,3.9734316335567894,1995,19
17,0,1,0,0,1,0,-0.205,0.81,0,0,0,0,1,0,0,0,0,0,1,0,0,0,1,0,0,0,0,0,0,1,0,0,0,0,0,0,0,1,0,0,0.0,4.709530201312334,0.0,111.0,61.5,0,0,0,0,0,0,1,0,0,0,0,0,0,0,0,1,0,0,0,0,0,0,0,0,0,0,0,0,0,0,0,1,0.435,3.9734316335567894,1995,19
17,0,1,0,0,1,0,-0.173,0.779,0,0,0,0,1,0,0,0,0,0,1,0,0,0,1,0,0,0,0,0,0,1,0,0,0,0,0,0,0,1,0,0,0.0,4.564348191467836,0.0,96.0,59.5,0,0,0,0,0,0,1,0,0,0,0,0,0,0,0,1,0,0,0,0,0,0,0,0,0,0,0,0,0,0,0,1,0.435,3.9734316335567894,1995,19
17,0,1,0,0,1,0,1.942,1.346,0,0,0,0,1,0,0,0,0,0,1,0,0,0,1,0,0,0,0,0,0,1,0,0,0,0,0,0,0,1,0,0,0.0,4.276666119016055,0.0,72.0,69.0,0,0,0,0,0,0,1,0,0,0,0,0,0,0,0,1,0,0,0,0,0,0,0,0,0,0,0,0,0,0,0,1,0.435,3.9734316335567894,1995,19
17,0,1,0,0,1,0,-0.68,0.751,0,0,0,1,0,0,0,0,0,0,1,0,0,0,1,0,0,0,0,0,0,1,0,0,0,0,0,0,0,1,0,0,0.0,5.123963979403259,0.0,168.0,63.5,0,0,0,0,0,0,1,0,0,0,0,0,0,0,0,1,0,0,0,0,0,0,0,0,0,0,0,0,0,0,0,1,0.435,3.9734316335567894,1995,19
17,0,1,0,0,1,0,-3.346,1.575,0,0,0,1,0,0,0,0,0,0,1,0,0,0,1,0,0,0,0,0,0,1,0,0,0,0,0,0,0,1,0,0,0.0,4.709530201312334,0.0,111.0,61.5,0,0,0,0,0,0,1,0,0,0,0,0,0,0,0,1,0,0,0,0,0,0,0,0,0,0,0,0,0,0,0,1,0.435,3.9734316335567894,1995,19
17,0,1,0,0,1,0,-3.636,1.573,0,0,0,1,0,0,0,0,0,0,1,0,0,0,1,0,0,0,0,0,0,1,0,0,0,0,0,0,0,1,0,0,0.0,4.564348191467836,0.0,96.0,59.5,0,0,0,0,0,0,1,0,0,0,0,0,0,0,0,1,0,0,0,0,0,0,0,0,0,0,0,0,0,0,0,1,0.435,3.9734316335567894,1995,19
17,0,1,0,0,1,0,0.434,1.184,0,0,0,1,0,0,0,0,0,0,1,0,0,0,1,0,0,0,0,0,0,1,0,0,0,0,0,0,0,1,0,0,0.0,4.276666119016055,0.0,72.0,69.0,0,0,0,0,0,0,1,0,0,0,0,0,0,0,0,1,0,0,0,0,0,0,0,0,0,0,0,0,0,0,0,1,0.435,3.9734316335567894,1995,19
17,0,1,0,0,1,0,0.193,0.475,0,0,0,0,0,0,1,0,0,0,1,0,0,0,1,0,0,0,0,0,0,1,0,0,0,0,0,0,0,1,0,0,0.0,5.123963979403259,0.0,168.0,63.5,0,0,0,0,0,0,1,0,0,0,0,0,0,0,0,1,0,0,0,0,0,0,0,0,0,0,0,0,0,0,0,1,0.435,3.9734316335567894,1995,19
17,0,1,0,0,1,0,-0.409,0.702,0,0,0,0,0,0,1,0,0,0,1,0,0,0,1,0,0,0,0,0,0,1,0,0,0,0,0,0,0,1,0,0,0.0,4.709530201312334,0.0,111.0,61.5,0,0,0,0,0,0,1,0,0,0,0,0,0,0,0,1,0,0,0,0,0,0,0,0,0,0,0,0,0,0,0,1,0.435,3.9734316335567894,1995,19
17,0,1,0,0,1,0,-0.302,0.496,0,0,0,0,0,0,1,0,0,0,1,0,0,0,1,0,0,0,0,0,0,1,0,0,0,0,0,0,0,1,0,0,0.0,4.564348191467836,0.0,96.0,59.5,0,0,0,0,0,0,1,0,0,0,0,0,0,0,0,1,0,0,0,0,0,0,0,0,0,0,0,0,0,0,0,1,0.435,3.9734316335567894,1995,19
17,0,1,0,0,1,0,3.221,1.458,0,0,0,0,0,0,1,0,0,0,1,0,0,0,1,0,0,0,0,0,0,1,0,0,0,0,0,0,0,1,0,0,0.0,4.276666119016055,0.0,72.0,69.0,0,0,0,0,0,0,1,0,0,0,0,0,0,0,0,1,0,0,0,0,0,0,0,0,0,0,0,0,0,0,0,1,0.435,3.9734316335567894,1995,19
17,0,1,0,0,1,0,-2.398,0.889,0,0,0,0,0,0,0,1,0,0,0,1,0,0,1,0,0,0,0,0,0,1,0,0,0,0,0,0,0,1,0,0,0.0,4.990432586778736,0.0,147.0,64.5,0,0,0,0,0,0,1,0,0,0,0,0,0,0,0,1,0,0,0,0,0,0,0,0,0,0,0,0,0,0,0,1,0.435,3.9734316335567894,1995,19
17,0,1,0,0,1,0,-3.236,1.18,0,0,0,0,0,0,0,1,0,0,0,1,0,0,1,0,0,0,0,0,0,1,0,0,0,0,0,0,0,1,0,0,0.0,4.653960350157523,0.0,105.0,62.0,0,0,0,0,0,0,1,0,0,0,0,0,0,0,0,1,0,0,0,0,0,0,0,0,0,0,0,0,0,0,0,1,0.435,3.9734316335567894,1995,19
17,0,1,0,0,1,0,-3.239,1.226,0,0,0,0,0,0,0,1,0,0,0,1,0,0,1,0,0,0,0,0,0,1,0,0,0,0,0,0,0,1,0,0,0.0,4.31748811353631,0.0,75.0,60.5,0,0,0,0,0,0,1,0,0,0,0,0,0,0,0,1,0,0,0,0,0,0,0,0,0,0,0,0,0,0,0,1,0.435,3.9734316335567894,1995,19
17,0,1,0,0,1,0,-1.244,1.831,0,0,0,0,0,0,0,1,0,0,0,1,0,0,1,0,0,0,0,0,0,1,0,0,0,0,0,0,0,1,0,0,0.0,4.276666119016055,0.0,72.0,69.0,0,0,0,0,0,0,1,0,0,0,0,0,0,0,0,1,0,0,0,0,0,0,0,0,0,0,0,0,0,0,0,1,0.435,3.9734316335567894,1995,19
17,0,1,0,0,1,0,-1.452,0.748,1,0,0,0,0,0,0,0,0,0,1,0,0,0,1,0,0,0,0,0,0,1,0,0,0,0,0,0,0,1,0,0,0.0,5.123963979403259,0.0,168.0,63.5,0,0,0,0,0,0,1,0,0,0,0,0,0,0,0,1,0,0,0,0,0,0,0,0,0,0,0,0,0,0,0,1,0.435,3.9734316335567894,1995,19
17,0,1,0,0,1,0,-5.379,1.502,1,0,0,0,0,0,0,0,0,0,1,0,0,0,1,0,0,0,0,0,0,1,0,0,0,0,0,0,0,1,0,0,0.0,4.709530201312334,0.0,111.0,61.5,0,0,0,0,0,0,1,0,0,0,0,0,0,0,0,1,0,0,0,0,0,0,0,0,0,0,0,0,0,0,0,1,0.435,3.9734316335567894,1995,19
17,0,1,0,0,1,0,-3.083,1.069,1,0,0,0,0,0,0,0,0,0,1,0,0,0,1,0,0,0,0,0,0,1,0,0,0,0,0,0,0,1,0,0,0.0,4.564348191467836,0.0,96.0,59.5,0,0,0,0,0,0,1,0,0,0,0,0,0,0,0,1,0,0,0,0,0,0,0,0,0,0,0,0,0,0,0,1,0.435,3.9734316335567894,1995,19
17,0,1,0,0,1,0,0.359,1.304,1,0,0,0,0,0,0,0,0,0,1,0,0,0,1,0,0,0,0,0,0,1,0,0,0,0,0,0,0,1,0,0,0.0,4.276666119016055,0.0,72.0,69.0,0,0,0,0,0,0,1,0,0,0,0,0,0,0,0,1,0,0,0,0,0,0,0,0,0,0,0,0,0,0,0,1,0.435,3.9734316335567894,1995,19
17,0,1,0,0,1,0,-1.338,0.714,0,0,0,0,0,0,0,0,1,0,1,0,0,0,1,0,0,0,0,0,0,1,0,0,0,0,0,0,0,1,0,0,0.0,5.123963979403259,0.0,168.0,63.5,0,0,0,0,0,0,1,0,0,0,0,0,0,0,0,1,0,0,0,0,0,0,0,0,0,0,0,0,0,0,0,1,0.435,3.9734316335567894,1995,19
17,0,1,0,0,1,0,-3.643,1.158,0,0,0,0,0,0,0,0,1,0,1,0,0,0,1,0,0,0,0,0,0,1,0,0,0,0,0,0,0,1,0,0,0.0,4.709530201312334,0.0,111.0,61.5,0,0,0,0,0,0,1,0,0,0,0,0,0,0,0,1,0,0,0,0,0,0,0,0,0,0,0,0,0,0,0,1,0.435,3.9734316335567894,1995,19
17,0,1,0,0,1,0,-4.038,1.271,0,0,0,0,0,0,0,0,1,0,1,0,0,0,1,0,0,0,0,0,0,1,0,0,0,0,0,0,0,1,0,0,0.0,4.564348191467836,0.0,96.0,59.5,0,0,0,0,0,0,1,0,0,0,0,0,0,0,0,1,0,0,0,0,0,0,0,0,0,0,0,0,0,0,0,1,0.435,3.9734316335567894,1995,19
17,0,1,0,0,1,0,-0.684,1.471,0,0,0,0,0,0,0,0,1,0,1,0,0,0,1,0,0,0,0,0,0,1,0,0,0,0,0,0,0,1,0,0,0.0,4.276666119016055,0.0,72.0,69.0,0,0,0,0,0,0,1,0,0,0,0,0,0,0,0,1,0,0,0,0,0,0,0,0,0,0,0,0,0,0,0,1,0.435,3.9734316335567894,1995,19
17,0,1,0,0,1,0,-1.835,0.807,0,0,0,0,0,1,0,0,0,0,1,0,0,0,1,0,0,0,0,0,0,1,0,0,0,0,0,0,0,1,0,0,0.0,5.123963979403259,0.0,168.0,63.5,0,0,0,0,0,0,1,0,0,0,0,0,0,0,0,1,0,0,0,0,0,0,0,0,0,0,0,0,0,0,0,1,0.435,3.9734316335567894,1995,19
17,0,1,0,0,1,0,-4.396,1.078,0,0,0,0,0,1,0,0,0,0,1,0,0,0,1,0,0,0,0,0,0,1,0,0,0,0,0,0,0,1,0,0,0.0,4.709530201312334,0.0,111.0,61.5,0,0,0,0,0,0,1,0,0,0,0,0,0,0,0,1,0,0,0,0,0,0,0,0,0,0,0,0,0,0,0,1,0.435,3.9734316335567894,1995,19
17,0,1,0,0,1,0,-2.35,0.895,0,0,0,0,0,1,0,0,0,0,1,0,0,0,1,0,0,0,0,0,0,1,0,0,0,0,0,0,0,1,0,0,0.0,4.564348191467836,0.0,96.0,59.5,0,0,0,0,0,0,1,0,0,0,0,0,0,0,0,1,0,0,0,0,0,0,0,0,0,0,0,0,0,0,0,1,0.435,3.9734316335567894,1995,19
17,0,1,0,0,1,0,0.077,1.935,0,0,0,0,0,1,0,0,0,0,1,0,0,0,1,0,0,0,0,0,0,1,0,0,0,0,0,0,0,1,0,0,0.0,4.276666119016055,0.0,72.0,69.0,0,0,0,0,0,0,1,0,0,0,0,0,0,0,0,1,0,0,0,0,0,0,0,0,0,0,0,0,0,0,0,1,0.435,3.9734316335567894,1995,19
46,0,1,0,0,1,0,-0.686,0.909,0,0,0,1,0,0,0,0,0,0,1,0,0,0,1,0,0,0,0,0,0,1,0,0,0,0,0,0,0,1,0,0,0.0,5.298317366548036,0.0,200.0,65.0,0,0,0,0,0,0,1,0,0,0,0,0,0,0,0,1,0,0,0,0,0,0,0,0,0,0,0,0,1,0,0,0,0.435,1.2039728043259361,2010,34
46,0,1,0,0,1,0,0.352,0.873,0,0,0,0,1,0,0,0,0,0,1,0,0,0,1,0,0,0,0,0,0,1,0,0,0,0,0,0,0,1,0,0,0.0,5.298317366548036,0.0,200.0,65.0,0,0,0,0,0,0,1,0,0,0,0,0,0,0,0,1,0,0,0,0,0,0,0,0,0,0,0,0,1,0,0,0,0.435,1.2039728043259361,2010,34
46,0,1,0,0,1,0,0.518,0.484,0,0,0,0,0,0,1,0,0,0,1,0,0,0,1,0,0,0,0,0,0,1,0,0,0,0,0,0,0,1,0,0,0.0,5.298317366548036,0.0,200.0,65.0,0,0,0,0,0,0,1,0,0,0,0,0,0,0,0,1,0,0,0,0,0,0,0,0,0,0,0,0,1,0,0,0,0.435,1.2039728043259361,2010,34
46,0,1,0,0,1,0,-1.304,0.506,1,0,0,0,0,0,0,0,0,0,0,0,1,0,1,0,0,0,0,0,0,1,0,0,0,0,0,0,0,1,0,0,0.0,5.298317366548036,0.0,200.0,65.0,0,0,0,0,0,0,1,0,0,0,0,0,0,0,0,1,0,0,0,0,0,0,0,0,0,0,0,0,1,0,0,0,0.435,1.2039728043259361,2010,34
46,0,1,0,0,1,0,-1.568,0.856,0,0,0,0,0,1,0,0,0,0,1,0,0,0,1,0,0,0,0,0,0,1,0,0,0,0,0,0,0,1,0,0,0.0,5.298317366548036,0.0,200.0,65.0,0,0,0,0,0,0,1,0,0,0,0,0,0,0,0,1,0,0,0,0,0,0,0,0,0,0,0,0,1,0,0,0,0.435,1.2039728043259361,2010,34
46,0,1,0,0,1,0,-2.68,0.09,0,0,0,0,0,0,0,1,0,0,0,1,0,0,1,0,0,0,0,0,0,1,0,0,0,0,0,0,0,1,0,0,0.0,5.181783550292085,0.0,178.0,66.0,0,0,0,0,0,0,1,0,0,0,0,0,0,0,0,1,0,0,0,0,0,0,0,0,0,0,0,0,1,0,0,0,0.435,1.2039728043259361,2010,34
65,0,1,0,0,1,0,0.384,0.868,1,0,0,0,0,0,0,0,0,0,0,0,1,0,1,0,0,0,0,0,0,1,0,0,0,0,0,0,0,1,0,0,0.0,3.332204510175204,0.0,28.0,67.5,0,0,0,0,0,0,0,0,0,0,0,0,1,0,0,1,0,0,0,0,0,0,0,0,0,0,0,0,0,0,0,1,0.435,1.0296194171811581,2014,38
65,0,1,0,0,1,0,-0.389,1.833,1,0,0,0,0,0,0,0,0,0,0,0,1,0,1,0,0,0,0,0,0,1,0,0,0,0,0,0,0,1,0,0,0.0,4.23410650459726,0.0,69.0,71.5,0,0,0,0,0,0,0,0,0,0,0,0,1,0,0,1,0,0,0,0,0,0,0,0,0,0,0,0,0,0,0,1,0.435,1.0296194171811581,2014,38
65,0,1,0,0,1,0,2.247,5.873,1,0,0,0,0,0,0,0,0,0,0,0,1,0,1,0,0,0,0,0,0,1,0,0,0,0,0,0,0,1,0,0,0.0,4.04305126783455,0.0,57.0,76.5,0,0,0,0,0,0,0,0,0,0,0,0,1,0,0,1,0,0,0,0,0,0,0,0,0,0,0,0,0,0,0,1,0.435,1.0296194171811581,2014,38
65,0,1,0,0,1,0,-0.966,1.678,1,0,0,0,0,0,0,0,0,0,0,0,1,0,1,0,0,0,0,0,0,1,0,0,0,0,0,0,0,1,0,0,0.0,3.8066624897703196,0.0,45.0,81.0,0,0,0,0,0,0,0,0,0,0,0,0,1,0,0,1,0,0,0,0,0,0,0,0,0,0,0,0,0,0,0,1,0.435,1.0296194171811581,2014,38
65,0,1,0,0,1,0,0.515,4.279,1,0,0,0,0,0,0,0,0,0,0,0,1,0,1,0,0,0,0,0,0,1,0,0,0,0,0,0,0,1,0,0,0.0,3.4339872044851463,0.0,31.0,84.0,0,0,0,0,0,0,0,0,0,0,0,0,1,0,0,1,0,0,0,0,0,0,0,0,0,0,0,0,0,0,0,1,0.435,1.0296194171811581,2014,38
65,0,1,0,0,1,0,-0.138,1.414,1,0,0,0,0,0,0,0,0,0,0,0,1,0,1,0,0,0,0,0,0,1,0,0,0,0,0,0,0,1,0,0,0.0,3.8066624897703196,0.0,45.0,87.5,0,0,0,0,0,0,0,0,0,0,0,0,1,0,0,1,0,0,0,0,0,0,0,0,0,0,0,0,0,0,0,1,0.435,1.0296194171811581,2014,38
65,0,1,0,0,1,0,-0.285,1.001,1,0,0,0,0,0,0,0,0,0,0,0,1,0,1,0,0,0,0,0,0,1,0,0,0,0,0,0,0,1,0,0,0.0,3.9318256327243257,0.0,51.0,68.5,0,0,0,0,0,0,0,0,0,0,0,0,1,0,0,1,0,0,0,0,0,0,0,0,0,0,0,0,0,0,0,1,0.435,1.0296194171811581,2014,38
65,0,1,0,0,1,0,-2.373,3.141,1,0,0,0,0,0,0,0,0,0,0,0,1,0,1,0,0,0,0,0,0,1,0,0,0,0,0,0,0,1,0,0,0.0,3.6109179126442243,0.0,37.0,72.5,0,0,0,0,0,0,0,0,0,0,0,0,1,0,0,1,0,0,0,0,0,0,0,0,0,0,0,0,0,0,0,1,0.435,1.0296194171811581,2014,38
65,0,1,0,0,1,0,1.036,2.331,1,0,0,0,0,0,0,0,0,0,0,0,1,0,1,0,0,0,0,0,0,1,0,0,0,0,0,0,0,1,0,0,0.0,3.044522437723423,0.0,21.0,74.5,0,0,0,0,0,0,0,0,0,0,0,0,1,0,0,1,0,0,0,0,0,0,0,0,0,0,0,0,0,0,0,1,0.435,1.0296194171811581,2014,38
65,0,1,0,0,1,0,6.102,5.256,1,0,0,0,0,0,0,0,0,0,0,0,1,0,1,0,0,0,0,0,0,1,0,0,0,0,0,0,0,1,0,0,0.0,3.6635616461296463,0.0,39.0,77.5,0,0,0,0,0,0,0,0,0,0,0,0,1,0,0,1,0,0,0,0,0,0,0,0,0,0,0,0,0,0,0,1,0.435,1.0296194171811581,2014,38
65,0,1,0,0,1,0,-3.718,3.076,1,0,0,0,0,0,0,0,0,0,0,0,1,0,1,0,0,0,0,0,0,1,0,0,0,0,0,0,0,1,0,0,0.0,3.784189633918261,0.0,44.0,80.5,0,0,0,0,0,0,0,0,0,0,0,0,1,0,0,1,0,0,0,0,0,0,0,0,0,0,0,0,0,0,0,1,0.435,1.0296194171811581,2014,38
65,0,1,0,0,1,0,2.886,3.243,1,0,0,0,0,0,0,0,0,0,0,0,1,0,1,0,0,0,0,0,0,1,0,0,0,0,0,0,0,1,0,0,0.0,4.418840607796598,0.0,83.0,85.5,0,0,0,0,0,0,0,0,0,0,0,0,1,0,0,1,0,0,0,0,0,0,0,0,0,0,0,0,0,0,0,1,0.435,1.0296194171811581,2014,38
65,0,1,0,0,1,0,-1.054,1.446,0,0,0,0,0,0,0,0,1,0,1,0,0,0,1,0,0,0,0,0,0,1,0,0,0,0,0,0,0,1,0,0,0.0,2.5649493574615367,0.0,13.0,66.5,0,0,0,0,0,0,0,0,0,0,0,0,1,0,0,1,0,0,0,0,0,0,0,0,0,0,0,0,0,0,0,1,0.435,1.0296194171811581,2014,38
65,0,1,0,0,1,0,-0.219,1.544,0,0,0,0,0,0,0,0,1,0,1,0,0,0,1,0,0,0,0,0,0,1,0,0,0,0,0,0,0,1,0,0,0.0,4.02535169073515,0.0,56.0,70.0,0,0,0,0,0,0,0,0,0,0,0,0,1,0,0,1,0,0,0,0,0,0,0,0,0,0,0,0,0,0,0,1,0.435,1.0296194171811581,2014,38
65,0,1,0,0,1,0,-0.935,1.008,0,0,0,0,0,0,0,0,1,0,1,0,0,0,1,0,0,0,0,0,0,1,0,0,0,0,0,0,0,1,0,0,0.0,4.343805421853684,0.0,77.0,75.0,0,0,0,0,0,0,0,0,0,0,0,0,1,0,0,1,0,0,0,0,0,0,0,0,0,0,0,0,0,0,0,1,0.435,1.0296194171811581,2014,38
65,0,1,0,0,1,0,-2.569,3.246,0,0,0,0,0,0,0,0,1,0,1,0,0,0,1,0,0,0,0,0,0,1,0,0,0,0,0,0,0,1,0,0,0.0,3.8918202981106265,0.0,49.0,81.0,0,0,0,0,0,0,0,0,0,0,0,0,1,0,0,1,0,0,0,0,0,0,0,0,0,0,0,0,0,0,0,1,0.435,1.0296194171811581,2014,38
65,0,1,0,0,1,0,-0.884,1.466,0,0,0,0,0,0,0,0,1,0,1,0,0,0,1,0,0,0,0,0,0,1,0,0,0,0,0,0,0,1,0,0,0.0,3.5553480614894135,0.0,35.0,84.0,0,0,0,0,0,0,0,0,0,0,0,0,1,0,0,1,0,0,0,0,0,0,0,0,0,0,0,0,0,0,0,1,0.435,1.0296194171811581,2014,38
65,0,1,0,0,1,0,9.896,3.478,0,0,0,0,0,0,0,0,1,0,1,0,0,0,1,0,0,0,0,0,0,1,0,0,0,0,0,0,0,1,0,0,0.0,3.8066624897703196,0.0,45.0,87.5,0,0,0,0,0,0,0,0,0,0,0,0,1,0,0,1,0,0,0,0,0,0,0,0,0,0,0,0,0,0,0,1,0.435,1.0296194171811581,2014,38
65,0,1,0,0,1,0,0.213,0.807,1,0,0,0,0,0,0,0,0,0,1,0,0,0,1,0,0,0,0,0,0,1,0,0,0,0,0,0,0,1,0,0,0.0,3.332204510175204,0.0,28.0,67.5,0,0,0,0,0,0,0,0,0,0,0,0,1,0,0,1,0,0,0,0,0,0,0,0,0,0,0,0,0,0,0,1,0.435,1.0296194171811581,2014,38
65,0,1,0,0,1,0,-0.714,0.937,1,0,0,0,0,0,0,0,0,0,1,0,0,0,1,0,0,0,0,0,0,1,0,0,0,0,0,0,0,1,0,0,0.0,2.70805020110221,0.0,15.0,69.5,0,0,0,0,0,0,0,0,0,0,0,0,1,0,0,1,0,0,0,0,0,0,0,0,0,0,0,0,0,0,0,1,0.435,1.0296194171811581,2014,38
65,0,1,0,0,1,0,-0.126,0.43,1,0,0,0,0,0,0,0,0,0,1,0,0,0,1,0,0,0,0,0,0,1,0,0,0,0,0,0,0,1,0,0,0.0,2.70805020110221,0.0,15.0,70.5,0,0,0,0,0,0,0,0,0,0,0,0,1,0,0,1,0,0,0,0,0,0,0,0,0,0,0,0,0,0,0,1,0.435,1.0296194171811581,2014,38
65,0,1,0,0,1,0,-0.598,1.474,1,0,0,0,0,0,0,0,0,0,1,0,0,0,1,0,0,0,0,0,0,1,0,0,0,0,0,0,0,1,0,0,0.0,2.5649493574615367,0.0,13.0,71.5,0,0,0,0,0,0,0,0,0,0,0,0,1,0,0,1,0,0,0,0,0,0,0,0,0,0,0,0,0,0,0,1,0.435,1.0296194171811581,2014,38
65,0,1,0,0,1,0,-1.021,1.475,1,0,0,0,0,0,0,0,0,0,1,0,0,0,1,0,0,0,0,0,0,1,0,0,0,0,0,0,0,1,0,0,0.0,4.31748811353631,0.0,75.0,75.0,0,0,0,0,0,0,0,0,0,0,0,0,1,0,0,1,0,0,0,0,0,0,0,0,0,0,0,0,0,0,0,1,0.435,1.0296194171811581,2014,38
65,0,1,0,0,1,0,-0.495,1.29,1,0,0,0,0,0,0,0,0,0,1,0,0,0,1,0,0,0,0,0,0,1,0,0,0,0,0,0,0,1,0,0,0.0,4.867534450455582,0.0,130.0,84.0,0,0,0,0,0,0,0,0,0,0,0,0,1,0,0,1,0,0,0,0,0,0,0,0,0,0,0,0,0,0,0,1,0.435,1.0296194171811581,2014,38
65,0,1,0,0,1,0,0.942,1.464,0,0,0,0,0,1,0,0,0,0,1,0,0,0,1,0,0,0,0,0,0,1,0,0,0,0,0,0,0,1,0,0,0.0,2.5649493574615367,0.0,13.0,66.5,0,0,0,0,0,0,0,0,0,0,0,0,1,0,0,1,0,0,0,0,0,0,0,0,0,0,0,0,0,0,0,1,0.435,1.0296194171811581,2014,38
65,0,1,0,0,1,0,0.509,0.797,0,0,0,0,0,1,0,0,0,0,1,0,0,0,1,0,0,0,0,0,0,1,0,0,0,0,0,0,0,1,0,0,0.0,3.5263605246161616,0.0,34.0,69.0,0,0,0,0,0,0,0,0,0,0,0,0,1,0,0,1,0,0,0,0,0,0,0,0,0,0,0,0,0,0,0,1,0.435,1.0296194171811581,2014,38
65,0,1,0,0,1,0,-1.511,2.329,0,0,0,0,0,1,0,0,0,0,1,0,0,0,1,0,0,0,0,0,0,1,0,0,0,0,0,0,0,1,0,0,0.0,2.70805020110221,0.0,15.0,71.0,0,0,0,0,0,0,0,0,0,0,0,0,1,0,0,1,0,0,0,0,0,0,0,0,0,0,0,0,0,0,0,1,0.435,1.0296194171811581,2014,38
65,0,1,0,0,1,0,-1.49,2.976,0,0,0,0,0,1,0,0,0,0,1,0,0,0,1,0,0,0,0,0,0,1,0,0,0,0,0,0,0,1,0,0,0.0,4.5217885770490405,0.0,92.0,75.5,0,0,0,0,0,0,0,0,0,0,0,0,1,0,0,1,0,0,0,0,0,0,0,0,0,0,0,0,0,0,0,1,0.435,1.0296194171811581,2014,38
65,0,1,0,0,1,0,-0.57,1.746,0,0,0,0,0,1,0,0,0,0,1,0,0,0,1,0,0,0,0,0,0,1,0,0,0,0,0,0,0,1,0,0,0.0,3.8066624897703196,0.0,45.0,81.0,0,0,0,0,0,0,0,0,0,0,0,0,1,0,0,1,0,0,0,0,0,0,0,0,0,0,0,0,0,0,0,1,0.435,1.0296194171811581,2014,38
65,0,1,0,0,1,0,3.248,2.863,0,0,0,0,0,1,0,0,0,0,1,0,0,0,1,0,0,0,0,0,0,1,0,0,0,0,0,0,0,1,0,0,0.0,4.343805421853684,0.0,77.0,86.0,0,0,0,0,0,0,0,0,0,0,0,0,1,0,0,1,0,0,0,0,0,0,0,0,0,0,0,0,0,0,0,1,0.435,1.0296194171811581,2014,38
65,0,1,0,0,1,0,-4.659,2.466,0,0,0,0,0,0,0,1,0,0,0,1,0,0,1,0,0,0,0,0,0,1,0,0,0,0,0,0,0,1,0,0,0.0,2.5649493574615367,0.0,13.0,66.5,0,0,0,0,0,0,0,0,0,0,0,0,1,0,0,1,0,0,0,0,0,0,0,0,0,0,0,0,0,0,0,1,0.435,1.0296194171811581,2014,38
65,0,1,0,0,1,0,-4.081,3.526,0,0,0,0,0,0,0,1,0,0,0,1,0,0,1,0,0,0,0,0,0,1,0,0,0,0,0,0,0,1,0,0,0.0,4.02535169073515,0.0,56.0,70.0,0,0,0,0,0,0,0,0,0,0,0,0,1,0,0,1,0,0,0,0,0,0,0,0,0,0,0,0,0,0,0,1,0.435,1.0296194171811581,2014,38
65,0,1,0,0,1,0,-1.686,1.026,0,0,0,0,0,0,0,1,0,0,0,1,0,0,1,0,0,0,0,0,0,1,0,0,0,0,0,0,0,1,0,0,0.0,4.442651256490317,0.0,85.0,75.5,0,0,0,0,0,0,0,0,0,0,0,0,1,0,0,1,0,0,0,0,0,0,0,0,0,0,0,0,0,0,0,1,0.435,1.0296194171811581,2014,38
65,0,1,0,0,1,0,-4.447,3.802,0,0,0,0,0,0,0,1,0,0,0,1,0,0,1,0,0,0,0,0,0,1,0,0,0,0,0,0,0,1,0,0,0.0,3.713572066704308,0.0,41.0,81.0,0,0,0,0,0,0,0,0,0,0,0,0,1,0,0,1,0,0,0,0,0,0,0,0,0,0,0,0,0,0,0,1,0.435,1.0296194171811581,2014,38
65,0,1,0,0,1,0,-0.711,1.496,0,0,0,0,0,0,0,1,0,0,0,1,0,0,1,0,0,0,0,0,0,1,0,0,0,0,0,0,0,1,0,0,0.0,3.784189633918261,0.0,44.0,84.5,0,0,0,0,0,0,0,0,0,0,0,0,1,0,0,1,0,0,0,0,0,0,0,0,0,0,0,0,0,0,0,1,0.435,1.0296194171811581,2014,38
65,0,1,0,0,1,0,8.872,11.871,0,0,0,0,0,0,0,1,0,0,0,1,0,0,1,0,0,0,0,0,0,1,0,0,0,0,0,0,0,1,0,0,0.0,3.58351893845611,0.0,36.0,87.5,0,0,0,0,0,0,0,0,0,0,0,0,1,0,0,1,0,0,0,0,0,0,0,0,0,0,0,0,0,0,0,1,0.435,1.0296194171811581,2014,38
65,0,1,0,0,1,0,0.449,1.041,1,0,0,0,0,0,0,0,0,0,1,0,0,0,1,0,0,0,0,0,0,1,0,0,0,0,0,0,0,1,0,0,0.0,3.4011973816621555,0.0,30.0,67.5,0,0,0,0,0,0,0,0,0,0,0,0,1,0,0,1,0,0,0,0,0,0,0,0,0,0,0,0,0,0,0,1,0.435,1.0296194171811581,2014,38
65,0,1,0,0,1,0,0.351,0.493,1,0,0,0,0,0,0,0,0,0,1,0,0,0,1,0,0,0,0,0,0,1,0,0,0,0,0,0,0,1,0,0,0.0,3.1780538303479458,0.0,24.0,70.0,0,0,0,0,0,0,0,0,0,0,0,0,1,0,0,1,0,0,0,0,0,0,0,0,0,0,0,0,0,0,0,1,0.435,1.0296194171811581,2014,38
65,0,1,0,0,1,0,-1.075,1.061,1,0,0,0,0,0,0,0,0,0,1,0,0,0,1,0,0,0,0,0,0,1,0,0,0,0,0,0,0,1,0,0,0.0,4.543294782270004,0.0,94.0,75.0,0,0,0,0,0,0,0,0,0,0,0,0,1,0,0,1,0,0,0,0,0,0,0,0,0,0,0,0,0,0,0,1,0.435,1.0296194171811581,2014,38
65,0,1,0,0,1,0,-0.379,0.952,1,0,0,0,0,0,0,0,0,0,1,0,0,0,1,0,0,0,0,0,0,1,0,0,0,0,0,0,0,1,0,0,0.0,3.4965075614664802,0.0,33.0,80.0,0,0,0,0,0,0,0,0,0,0,0,0,1,0,0,1,0,0,0,0,0,0,0,0,0,0,0,0,0,0,0,1,0.435,1.0296194171811581,2014,38
65,0,1,0,0,1,0,-0.192,2.255,1,0,0,0,0,0,0,0,0,0,1,0,0,0,1,0,0,0,0,0,0,1,0,0,0,0,0,0,0,1,0,0,0.0,3.871201010907891,0.0,48.0,83.0,0,0,0,0,0,0,0,0,0,0,0,0,1,0,0,1,0,0,0,0,0,0,0,0,0,0,0,0,0,0,0,1,0.435,1.0296194171811581,2014,38
65,0,1,0,0,1,0,0.705,1.602,1,0,0,0,0,0,0,0,0,0,1,0,0,0,1,0,0,0,0,0,0,1,0,0,0,0,0,0,0,1,0,0,0.0,3.828641396489095,0.0,46.0,87.0,0,0,0,0,0,0,0,0,0,0,0,0,1,0,0,1,0,0,0,0,0,0,0,0,0,0,0,0,0,0,0,1,0.435,1.0296194171811581,2014,38
65,0,1,0,0,1,0,-0.646,1.372,1,0,0,0,0,0,0,0,0,0,0,0,1,0,1,0,0,0,0,0,0,1,0,0,0,0,0,0,0,1,0,0,0.0,3.4657359027997265,0.0,32.0,67.5,0,0,0,0,0,0,0,0,0,0,0,0,1,0,0,1,0,0,0,0,0,0,0,0,0,0,0,0,0,0,0,1,0.435,1.0296194171811581,2014,38
65,0,1,0,0,1,0,-2.642,1.654,1,0,0,0,0,0,0,0,0,0,0,0,1,0,1,0,0,0,0,0,0,1,0,0,0,0,0,0,0,1,0,0,0.0,4.442651256490317,0.0,85.0,72.5,0,0,0,0,0,0,0,0,0,0,0,0,1,0,0,1,0,0,0,0,0,0,0,0,0,0,0,0,0,0,0,1,0.435,1.0296194171811581,2014,38
65,0,1,0,0,1,0,5.012,5.686,1,0,0,0,0,0,0,0,0,0,0,0,1,0,1,0,0,0,0,0,0,1,0,0,0,0,0,0,0,1,0,0,0.0,3.4965075614664802,0.0,33.0,77.5,0,0,0,0,0,0,0,0,0,0,0,0,1,0,0,1,0,0,0,0,0,0,0,0,0,0,0,0,0,0,0,1,0.435,1.0296194171811581,2014,38
65,0,1,0,0,1,0,-2.505,1.448,1,0,0,0,0,0,0,0,0,0,0,0,1,0,1,0,0,0,0,0,0,1,0,0,0,0,0,0,0,1,0,0,0.0,4.382026634673881,0.0,80.0,82.0,0,0,0,0,0,0,0,0,0,0,0,0,1,0,0,1,0,0,0,0,0,0,0,0,0,0,0,0,0,0,0,1,0.435,1.0296194171811581,2014,38
65,0,1,0,0,1,0,2.286,1.468,1,0,0,0,0,0,0,0,0,0,0,0,1,0,1,0,0,0,0,0,0,1,0,0,0,0,0,0,0,1,0,0,0.0,2.5649493574615367,0.0,13.0,85.5,0,0,0,0,0,0,0,0,0,0,0,0,1,0,0,1,0,0,0,0,0,0,0,0,0,0,0,0,0,0,0,1,0.435,1.0296194171811581,2014,38
65,0,1,0,0,1,0,-4.21,2.474,1,0,0,0,0,0,0,0,0,0,0,0,1,0,1,0,0,0,0,0,0,1,0,0,0,0,0,0,0,1,0,0,0.0,3.4965075614664802,0.0,33.0,88.0,0,0,0,0,0,0,0,0,0,0,0,0,1,0,0,1,0,0,0,0,0,0,0,0,0,0,0,0,0,0,0,1,0.435,1.0296194171811581,2014,38
26,0,1,0,0,1,0,-1.44,0.713,0,0,0,0,0,1,0,0,0,0,1,0,0,0,1,0,0,0,0,0,0,1,0,0,0,0,0,0,0,1,0,0,0.0,4.969813299576001,0.0,144.0,62.0,0,0,0,0,0,0,1,0,0,0,0,0,0,0,0,1,0,0,0,0,0,0,0,0,0,0,0,0,0,1,0,0,0.364,1.9965538818740682,1997,21
26,0,1,0,0,1,0,-0.766,0.729,0,0,0,0,1,0,0,0,0,0,1,0,0,0,1,0,0,0,0,0,0,1,0,0,0,0,0,0,0,1,0,0,0.0,4.969813299576001,0.0,144.0,62.0,0,0,0,0,0,0,1,0,0,0,0,0,0,0,0,1,0,0,0,0,0,0,0,0,0,0,0,0,0,1,0,0,0.364,1.9965538818740682,1997,21
26,0,1,0,0,1,0,-2.477,0.836,0,0,0,0,0,0,0,1,0,0,0,1,0,0,1,0,0,0,0,0,0,1,0,0,0,0,0,0,0,1,0,0,0.0,4.969813299576001,0.0,144.0,62.0,0,0,0,0,0,0,1,0,0,0,0,0,0,0,0,1,0,0,0,0,0,0,0,0,0,0,0,0,0,1,0,0,0.364,1.9965538818740682,1997,21
26,0,1,0,0,1,0,-2.367,0.895,0,0,0,0,0,1,0,0,0,0,1,0,0,0,1,0,0,0,0,0,0,0,1,0,0,0,0,0,0,1,0,0,1.0986122886681098,4.948759890378168,0.0,141.0,62.0,1,0,0,0,0,0,1,0,0,0,0,0,0,0,0,1,0,0,0,0,0,0,0,0,0,0,0,0,0,1,0,0,0.364,1.9965538818740682,1997,21
26,0,1,0,0,1,0,-0.284,1.104,0,0,0,0,1,0,0,0,0,0,1,0,0,0,1,0,0,0,0,0,0,0,1,0,0,0,0,0,0,1,0,0,1.0986122886681098,4.948759890378168,0.0,141.0,62.0,1,0,0,0,0,0,1,0,0,0,0,0,0,0,0,1,0,0,0,0,0,0,0,0,0,0,0,0,0,1,0,0,0.364,1.9965538818740682,1997,21
26,0,1,0,0,1,0,-2.398,0.613,0,0,0,0,0,0,0,1,0,0,0,1,0,0,1,0,0,0,0,0,0,0,1,0,0,0,0,0,0,1,0,0,1.0986122886681098,4.948759890378168,0.0,141.0,62.0,1,0,0,0,0,0,1,0,0,0,0,0,0,0,0,1,0,0,0,0,0,0,0,0,0,0,0,0,0,1,0,0,0.364,1.9965538818740682,1997,21
40,1,0,0,1,0,0,0.88,0.04,1,0,0,0,0,0,0,0,0,0,1,0,0,0,0,1,0,0,0,0,0,1,0,0,0,0,0,1,0,0,0,0,3.258096538021482,6.873163834212518,0.0,966.0,1.5,1,0,0,0,0,0,0,0,0,0,0,1,0,0,0,1,0,0,0,0,0,0,0,0,0,0,0,0,0,0,0,1,0.364,1.3029127521808397,1994,18
40,1,0,0,1,0,0,0.952,0.031,1,0,0,0,0,0,0,0,0,0,1,0,0,0,0,1,0,0,0,0,0,1,0,0,0,0,0,1,0,0,0,0,3.258096538021482,6.873163834212518,0.0,966.0,1.5,1,0,0,0,0,0,0,0,0,0,0,1,0,0,0,1,0,0,0,0,0,0,0,0,0,0,0,0,0,0,0,1,0.364,1.3029127521808397,1994,18
40,1,0,0,1,0,0,0.863,0.046,0,0,0,0,1,0,0,0,0,0,1,0,0,0,0,1,0,0,0,0,0,1,0,0,0,0,0,1,0,0,0,0,3.258096538021482,6.873163834212518,0.0,966.0,1.5,1,0,0,0,0,0,0,0,0,0,0,1,0,0,0,1,0,0,0,0,0,0,0,0,0,0,0,0,0,0,0,1,0.364,1.3029127521808397,1994,18
40,1,0,0,1,0,0,0.942,0.032,0,0,0,0,1,0,0,0,0,0,1,0,0,0,0,1,0,0,0,0,0,1,0,0,0,0,0,1,0,0,0,0,3.258096538021482,6.873163834212518,0.0,966.0,1.5,1,0,0,0,0,0,0,0,0,0,0,1,0,0,0,1,0,0,0,0,0,0,0,0,0,0,0,0,0,0,0,1,0.364,1.3029127521808397,1994,18
40,1,0,0,1,0,0,0.863,0.055,0,0,0,0,0,0,1,0,0,0,1,0,0,0,0,1,0,0,0,0,0,1,0,0,0,0,0,1,0,0,0,0,3.258096538021482,6.873163834212518,0.0,966.0,1.5,1,0,0,0,0,0,0,0,0,0,0,1,0,0,0,1,0,0,0,0,0,0,0,0,0,0,0,0,0,0,0,1,0.364,1.3029127521808397,1994,18
40,1,0,0,1,0,0,0.95,0.043,0,0,0,0,0,0,1,0,0,0,1,0,0,0,0,1,0,0,0,0,0,1,0,0,0,0,0,1,0,0,0,0,3.258096538021482,6.873163834212518,0.0,966.0,1.5,1,0,0,0,0,0,0,0,0,0,0,1,0,0,0,1,0,0,0,0,0,0,0,0,0,0,0,0,0,0,0,1,0.364,1.3029127521808397,1994,18
40,1,0,0,1,0,0,0.959,0.044,1,0,0,0,0,0,0,0,0,0,0,0,1,0,0,1,0,0,0,0,0,1,0,0,0,0,0,1,0,0,0,0,3.258096538021482,6.873163834212518,0.0,966.0,1.5,1,0,0,0,0,0,0,0,0,0,0,1,0,0,0,1,0,0,0,0,0,0,0,0,0,0,0,0,0,0,0,1,0.364,1.3029127521808397,1994,18
40,1,0,0,1,0,0,0.982,0.048,1,0,0,0,0,0,0,0,0,0,0,0,1,0,0,1,0,0,0,0,0,1,0,0,0,0,0,1,0,0,0,0,3.258096538021482,6.873163834212518,0.0,966.0,1.5,1,0,0,0,0,0,0,0,0,0,0,1,0,0,0,1,0,0,0,0,0,0,0,0,0,0,0,0,0,0,0,1,0.364,1.3029127521808397,1994,18
40,1,0,0,1,0,0,0.919,0.17532467532467524,1,0,0,0,0,0,0,0,0,0,1,0,0,0,0,1,0,0,0,0,0,1,0,0,0,0,0,1,0,0,0,0,3.258096538021482,6.873163834212518,0.0,966.0,1.5,1,0,0,0,0,1,0,0,0,0,0,1,0,0,0,1,0,0,0,0,0,0,0,0,0,0,0,0,0,0,0,1,0.364,1.3029127521808397,1994,18
40,1,0,0,1,0,0,1.259,0.13391933815925539,1,0,0,0,0,0,0,0,0,0,1,0,0,0,0,1,0,0,0,0,0,1,0,0,0,0,0,1,0,0,0,0,3.258096538021482,6.873163834212518,0.0,966.0,1.5,1,0,0,0,0,1,0,0,0,0,0,1,0,0,0,1,0,0,0,0,0,0,0,0,0,0,0,0,0,0,0,1,0.364,1.3029127521808397,1994,18
40,1,0,0,1,0,0,0.761,0.21169176262178918,0,0,0,0,1,0,0,0,0,0,1,0,0,0,0,1,0,0,0,0,0,1,0,0,0,0,0,1,0,0,0,0,3.258096538021482,6.873163834212518,0.0,966.0,1.5,1,0,0,0,0,1,0,0,0,0,0,1,0,0,0,1,0,0,0,0,0,0,0,0,0,0,0,0,0,0,0,1,0.364,1.3029127521808397,1994,18
40,1,0,0,1,0,0,0.725,0.145042194092827,0,0,0,0,1,0,0,0,0,0,1,0,0,0,0,1,0,0,0,0,0,1,0,0,0,0,0,1,0,0,0,0,3.258096538021482,6.873163834212518,0.0,966.0,1.5,1,0,0,0,0,1,0,0,0,0,0,1,0,0,0,1,0,0,0,0,0,0,0,0,0,0,0,0,0,0,0,1,0.364,1.3029127521808397,1994,18
40,1,0,0,1,0,0,0.709,0.0779742765273312,0,0,0,0,0,0,1,0,0,0,1,0,0,0,0,1,0,0,0,0,0,1,0,0,0,0,0,1,0,0,0,0,3.258096538021482,6.873163834212518,0.0,966.0,1.5,1,0,0,0,0,1,0,0,0,0,0,1,0,0,0,1,0,0,0,0,0,0,0,0,0,0,0,0,0,0,0,1,0.364,1.3029127521808397,1994,18
40,1,0,0,1,0,0,0.963,0.05920000000000005,0,0,0,0,0,0,1,0,0,0,1,0,0,0,0,1,0,0,0,0,0,1,0,0,0,0,0,1,0,0,0,0,3.258096538021482,6.873163834212518,0.0,966.0,1.5,1,0,0,0,0,1,0,0,0,0,0,1,0,0,0,1,0,0,0,0,0,0,0,0,0,0,0,0,0,0,0,1,0.364,1.3029127521808397,1994,18
40,1,0,0,1,0,0,0.913,0.04540709812108558,1,0,0,0,0,0,0,0,0,0,0,0,1,0,0,1,0,0,0,0,0,1,0,0,0,0,0,1,0,0,0,0,3.258096538021482,6.873163834212518,0.0,966.0,1.5,1,0,0,0,0,1,0,0,0,0,0,1,0,0,0,1,0,0,0,0,0,0,0,0,0,0,0,0,0,0,0,1,0.364,1.3029127521808397,1994,18
40,1,0,0,1,0,0,0.936,0.0435670524166099,1,0,0,0,0,0,0,0,0,0,0,0,1,0,0,1,0,0,0,0,0,1,0,0,0,0,0,1,0,0,0,0,3.258096538021482,6.873163834212518,0.0,966.0,1.5,1,0,0,0,0,1,0,0,0,0,0,1,0,0,0,1,0,0,0,0,0,0,0,0,0,0,0,0,0,0,0,1,0.364,1.3029127521808397,1994,18
124,1,0,0,1,0,0,0.901,0.007710280373831774,1,0,0,0,0,0,0,0,0,0,0,0,1,0,1,0,0,0,0,0,0,1,0,0,0,0,0,1,0,0,0,0,3.4011973816621555,7.988542982737695,0.0,2947.0,70.0,1,0,0,0,0,0,1,0,0,0,0,0,0,0,0,1,0,0,0,0,0,0,0,0,0,0,0,0,0,1,0,0,0.364,2.2637452596777816,1998,22
124,1,0,0,1,0,0,1.002,0.0032000000000000028,1,0,0,0,0,0,0,0,0,0,0,0,1,0,1,0,0,0,0,0,0,1,0,0,0,0,0,1,0,0,0,0,3.4011973816621555,7.988542982737695,0.0,2947.0,70.0,1,0,0,0,0,0,1,0,0,0,0,0,0,0,0,1,0,0,0,0,0,0,0,0,0,0,0,0,0,1,0,0,0.364,2.2637452596777816,1998,22
124,1,0,0,1,0,0,0.907,0.007512116316639739,0,0,0,0,1,0,0,0,0,0,1,0,0,0,1,0,0,0,0,0,0,1,0,0,0,0,0,1,0,0,0,0,3.4011973816621555,7.988542982737695,0.0,2947.0,70.0,1,0,0,0,0,0,1,0,0,0,0,0,0,0,0,1,0,0,0,0,0,0,0,0,0,0,0,0,0,1,0,0,0.364,2.2637452596777816,1998,22
124,1,0,0,1,0,0,0.909,0.007392363931762792,0,0,0,1,0,0,0,0,0,0,1,0,0,0,1,0,0,0,0,0,0,1,0,0,0,0,0,1,0,0,0,0,3.4011973816621555,7.988542982737695,0.0,2947.0,70.0,1,0,0,0,0,0,1,0,0,0,0,0,0,0,0,1,0,0,0,0,0,0,0,0,0,0,0,0,0,1,0,0,0.364,2.2637452596777816,1998,22
124,1,0,0,1,0,0,0.948,0.004638715432649424,0,0,0,0,0,0,0,1,0,0,0,1,0,0,1,0,0,0,0,0,0,1,0,0,0,0,0,1,0,0,0,0,3.4011973816621555,7.988542982737695,0.0,2947.0,70.0,1,0,0,0,0,0,1,0,0,0,0,0,0,0,0,1,0,0,0,0,0,0,0,0,0,0,0,0,0,1,0,0,0.364,2.2637452596777816,1998,22
124,1,0,0,1,0,0,0.885,0.008601346297681375,0,0,0,0,0,1,0,0,0,0,1,0,0,0,1,0,0,0,0,0,0,1,0,0,0,0,0,1,0,0,0,0,3.4011973816621555,7.988542982737695,0.0,2947.0,70.0,1,0,0,0,0,0,1,0,0,0,0,0,0,0,0,1,0,0,0,0,0,0,0,0,0,0,0,0,0,1,0,0,0.364,2.2637452596777816,1998,22
124,0,1,0,0,1,0,-1.23,0.9534883720930232,1,0,0,0,0,0,0,0,0,0,0,0,1,0,1,0,0,0,0,0,0,1,0,0,0,0,0,0,0,1,0,0,0.0,4.59511985013459,0.0,99.0,70.0,0,0,0,0,0,0,1,0,0,0,0,0,0,0,0,1,0,0,0,0,0,0,0,0,0,0,0,0,0,1,0,0,0.364,2.2637452596777816,1998,22
124,0,1,0,0,1,0,-1.17,0.7005988023952096,1,0,0,0,0,0,0,0,0,0,0,0,1,0,1,0,0,0,0,0,0,1,0,0,0,0,0,0,0,1,0,0,0.0,4.59511985013459,0.0,99.0,70.0,0,0,0,0,0,0,1,0,0,0,0,0,0,0,0,1,0,0,0,0,0,0,0,0,0,0,0,0,0,1,0,0,0.364,2.2637452596777816,1998,22
124,0,1,0,0,1,0,-1.31,3.1951219512195124,0,0,0,0,1,0,0,0,0,0,1,0,0,0,1,0,0,0,0,0,0,1,0,0,0,0,0,0,0,1,0,0,0.0,4.59511985013459,0.0,99.0,70.0,0,0,0,0,0,0,1,0,0,0,0,0,0,0,0,1,0,0,0,0,0,0,0,0,0,0,0,0,0,1,0,0,0.364,2.2637452596777816,1998,22
124,0,1,0,0,1,0,-0.19,1.0555555555555556,0,0,0,1,0,0,0,0,0,0,1,0,0,0,1,0,0,0,0,0,0,1,0,0,0,0,0,0,0,1,0,0,0.0,4.59511985013459,0.0,99.0,70.0,0,0,0,0,0,0,1,0,0,0,0,0,0,0,0,1,0,0,0,0,0,0,0,0,0,0,0,0,0,1,0,0,0.364,2.2637452596777816,1998,22
124,0,1,0,0,1,0,-3.36,1.467248908296943,0,0,0,0,0,0,0,1,0,0,0,1,0,0,1,0,0,0,0,0,0,1,0,0,0,0,0,0,0,1,0,0,0.0,4.59511985013459,0.0,99.0,70.0,0,0,0,0,0,0,1,0,0,0,0,0,0,0,0,1,0,0,0,0,0,0,0,0,0,0,0,0,0,1,0,0,0.364,2.2637452596777816,1998,22
124,0,1,0,0,1,0,0.07,1.4000000000000001,0,0,0,0,0,1,0,0,0,0,1,0,0,0,1,0,0,0,0,0,0,1,0,0,0,0,0,0,0,1,0,0,0.0,4.59511985013459,0.0,99.0,70.0,0,0,0,0,0,0,1,0,0,0,0,0,0,0,0,1,0,0,0,0,0,0,0,0,0,0,0,0,0,1,0,0,0.364,2.2637452596777816,1998,22
125,0,1,0,0,1,0,-1.37,0.83,1,0,0,0,0,0,0,0,0,0,0,0,1,0,1,0,0,0,0,0,0,1,0,0,0,0,0,0,0,1,0,0,0.0,4.762173934797756,0.0,117.0,71.0,0,0,0,0,0,0,1,0,0,0,0,0,0,0,0,1,0,0,0,0,0,0,0,0,0,0,0,0,0,0,1,0,0.351,1.1676051601550612,2005,29
125,0,1,0,0,1,0,-1.14,0.47,1,0,0,0,0,0,0,0,0,0,0,0,1,0,1,0,0,0,0,0,0,1,0,0,0,0,0,0,0,1,0,0,0.0,5.4510384535657,0.0,233.0,64.5,0,0,0,0,0,0,1,0,0,0,0,0,0,0,0,1,0,0,0,0,0,0,0,0,0,0,0,0,0,0,1,0,0.351,1.1676051601550612,2005,29
125,0,1,0,0,1,0,-0.6,0.53,0,0,0,0,1,0,0,0,0,0,1,0,0,0,1,0,0,0,0,0,0,1,0,0,0,0,0,0,0,1,0,0,0.0,5.4510384535657,0.0,233.0,64.5,0,0,0,0,0,0,1,0,0,0,0,0,0,0,0,1,0,0,0,0,0,0,0,0,0,0,0,0,0,0,1,0,0.351,1.1676051601550612,2005,29
125,0,1,0,0,1,0,-0.72,0.71,0,0,0,1,0,0,0,0,0,0,1,0,0,0,1,0,0,0,0,0,0,1,0,0,0,0,0,0,0,1,0,0,0.0,5.4510384535657,0.0,233.0,64.5,0,0,0,0,0,0,1,0,0,0,0,0,0,0,0,1,0,0,0,0,0,0,0,0,0,0,0,0,0,0,1,0,0.351,1.1676051601550612,2005,29
125,0,1,0,0,1,0,-2.52,0.95,0,0,0,0,0,0,0,1,0,0,0,1,0,0,1,0,0,0,0,0,0,1,0,0,0,0,0,0,0,1,0,0,0.0,5.187385805840755,0.0,179.0,64.5,0,0,0,0,0,0,1,0,0,0,0,0,0,0,0,1,0,0,0,0,0,0,0,0,0,0,0,0,0,0,1,0,0.351,1.1676051601550612,2005,29
125,0,1,0,0,1,0,-1.42,0.66,0,0,0,0,0,1,0,0,0,0,1,0,0,0,1,0,0,0,0,0,0,1,0,0,0,0,0,0,0,1,0,0,0.0,5.4510384535657,0.0,233.0,64.5,0,0,0,0,0,0,1,0,0,0,0,0,0,0,0,1,0,0,0,0,0,0,0,0,0,0,0,0,0,0,1,0,0.351,1.1676051601550612,2005,29
146,0,1,0,0,1,0,-1.0655,0.5553,1,0,0,0,0,0,0,0,0,0,0,0,1,0,1,0,0,0,0,0,0,1,0,0,0,0,0,0,0,1,0,0,0.0,5.572154032177765,0.0,263.0,73.5,0,0,0,0,0,0,1,0,0,0,0,0,0,0,0,1,0,0,0,0,0,0,0,0,0,0,0,0,0,0,0,1,0.315,-0.25131442828090605,2010,34
146,0,1,0,0,1,0,-0.8527,0.4721,1,0,0,0,0,0,0,0,0,0,0,0,1,0,1,0,0,0,0,0,0,0,1,0,0,0,0,0,0,1,0,0,1.0986122886681098,5.572154032177765,0.0,263.0,73.5,0,0,0,0,0,0,1,0,0,0,0,0,0,0,0,1,0,0,0,0,0,0,0,0,0,0,0,0,0,0,0,1,0.315,-0.25131442828090605,2010,34
146,0,1,0,0,1,0,-0.596,0.4495,1,0,0,0,0,0,0,0,0,0,0,0,1,0,1,0,0,0,0,0,0,0,1,0,0,0,0,0,0,1,0,0,1.791759469228055,5.572154032177765,0.0,263.0,73.5,0,0,0,0,0,0,1,0,0,0,0,0,0,0,0,1,0,0,0,0,0,0,0,0,0,0,0,0,0,0,0,1,0.315,-0.25131442828090605,2010,34
146,0,1,0,0,1,0,-0.5656,0.498,1,0,0,0,0,0,0,0,0,0,0,0,1,0,1,0,0,0,0,0,0,0,0,1,0,0,0,0,0,1,0,0,2.4849066497880004,5.572154032177765,0.0,263.0,73.5,0,0,0,0,0,0,1,0,0,0,0,0,0,0,0,1,0,0,0,0,0,0,0,0,0,0,0,0,0,0,0,1,0.315,-0.25131442828090605,2010,34
146,0,1,0,0,1,0,-0.5962,0.5358,1,0,0,0,0,0,0,0,0,0,0,0,1,0,1,0,0,0,0,0,0,0,0,0,1,0,0,0,0,1,0,0,3.1780538303479458,5.572154032177765,0.0,263.0,73.5,0,0,0,0,0,0,1,0,0,0,0,0,0,0,0,1,0,0,0,0,0,0,0,0,0,0,0,0,0,0,0,1,0.315,-0.25131442828090605,2010,34
146,0,1,0,0,1,0,0.0872,0.5424,1,0,0,0,0,0,0,0,0,0,0,0,1,0,1,0,0,0,0,0,0,0,0,0,1,0,0,0,0,1,0,0,3.58351893845611,5.572154032177765,0.0,263.0,73.5,0,0,0,0,0,0,1,0,0,0,0,0,0,0,0,1,0,0,0,0,0,0,0,0,0,0,0,0,0,0,0,1,0.315,-0.25131442828090605,2010,34
146,0,1,0,0,1,0,1.1356,0.5411,1,0,0,0,0,0,0,0,0,0,0,0,1,0,1,0,0,0,0,0,0,0,0,0,0,1,0,0,0,1,0,0,4.0943445622221,5.572154032177765,0.0,263.0,73.5,0,0,0,0,0,0,1,0,0,0,0,0,0,0,0,1,0,0,0,0,0,0,0,0,0,0,0,0,0,0,0,1,0.315,-0.25131442828090605,2010,34
146,0,1,0,0,1,0,1.9297,0.3078,1,0,0,0,0,0,0,0,0,0,0,0,1,0,1,0,0,0,0,0,0,0,0,0,0,1,0,0,0,1,0,0,4.430816798843313,5.572154032177765,0.0,263.0,73.5,0,0,0,0,0,0,1,0,0,0,0,0,0,0,0,1,0,0,0,0,0,0,0,0,0,0,0,0,0,0,0,1,0.315,-0.25131442828090605,2010,34
146,0,1,0,0,1,0,0.9204,0.4036,1,0,0,0,0,0,0,0,0,0,0,0,1,0,1,0,0,0,0,0,0,0,0,0,0,1,0,0,0,1,0,0,4.787491742782046,5.572154032177765,0.0,263.0,73.5,0,0,0,0,0,0,1,0,0,0,0,0,0,0,0,1,0,0,0,0,0,0,0,0,0,0,0,0,0,0,0,1,0.315,-0.25131442828090605,2010,34
146,0,1,0,0,1,0,-0.9484,0.9763,0,0,0,1,0,0,0,0,0,0,1,0,0,0,1,0,0,0,0,0,0,1,0,0,0,0,0,0,0,1,0,0,0.0,5.429345628954441,0.0,228.0,67.0,0,0,0,0,0,0,1,0,0,0,0,0,0,0,0,1,0,0,0,0,0,0,0,0,0,0,0,0,0,0,0,1,0.315,-0.25131442828090605,2010,34
146,0,1,0,0,1,0,-0.6856,0.8654,0,0,0,1,0,0,0,0,0,0,1,0,0,0,1,0,0,0,0,0,0,0,1,0,0,0,0,0,0,1,0,0,1.0986122886681098,5.429345628954441,0.0,228.0,67.0,0,0,0,0,0,0,1,0,0,0,0,0,0,0,0,1,0,0,0,0,0,0,0,0,0,0,0,0,0,0,0,1,0.315,-0.25131442828090605,2010,34
146,0,1,0,0,1,0,-0.8454,0.7283,0,0,0,1,0,0,0,0,0,0,1,0,0,0,1,0,0,0,0,0,0,0,1,0,0,0,0,0,0,1,0,0,1.791759469228055,5.429345628954441,0.0,228.0,67.0,0,0,0,0,0,0,1,0,0,0,0,0,0,0,0,1,0,0,0,0,0,0,0,0,0,0,0,0,0,0,0,1,0.315,-0.25131442828090605,2010,34
146,0,1,0,0,1,0,0.5627,0.5696,0,0,0,1,0,0,0,0,0,0,1,0,0,0,1,0,0,0,0,0,0,0,0,1,0,0,0,0,0,1,0,0,2.4849066497880004,5.429345628954441,0.0,228.0,67.0,0,0,0,0,0,0,1,0,0,0,0,0,0,0,0,1,0,0,0,0,0,0,0,0,0,0,0,0,0,0,0,1,0.315,-0.25131442828090605,2010,34
146,0,1,0,0,1,0,0.1302,0.5321,0,0,0,1,0,0,0,0,0,0,1,0,0,0,1,0,0,0,0,0,0,0,0,0,1,0,0,0,0,1,0,0,3.1780538303479458,5.429345628954441,0.0,228.0,67.0,0,0,0,0,0,0,1,0,0,0,0,0,0,0,0,1,0,0,0,0,0,0,0,0,0,0,0,0,0,0,0,1,0.315,-0.25131442828090605,2010,34
146,0,1,0,0,1,0,0.3942,0.5459,0,0,0,1,0,0,0,0,0,0,1,0,0,0,1,0,0,0,0,0,0,0,0,0,1,0,0,0,0,1,0,0,3.58351893845611,5.429345628954441,0.0,228.0,67.0,0,0,0,0,0,0,1,0,0,0,0,0,0,0,0,1,0,0,0,0,0,0,0,0,0,0,0,0,0,0,0,1,0.315,-0.25131442828090605,2010,34
146,0,1,0,0,1,0,1.0309,0.2808,0,0,0,1,0,0,0,0,0,0,1,0,0,0,1,0,0,0,0,0,0,0,0,0,0,1,0,0,0,1,0,0,4.0943445622221,5.429345628954441,0.0,228.0,67.0,0,0,0,0,0,0,1,0,0,0,0,0,0,0,0,1,0,0,0,0,0,0,0,0,0,0,0,0,0,0,0,1,0.315,-0.25131442828090605,2010,34
146,0,1,0,0,1,0,1.3209,0.216,0,0,0,1,0,0,0,0,0,0,1,0,0,0,1,0,0,0,0,0,0,0,0,0,0,1,0,0,0,1,0,0,4.430816798843313,5.429345628954441,0.0,228.0,67.0,0,0,0,0,0,0,1,0,0,0,0,0,0,0,0,1,0,0,0,0,0,0,0,0,0,0,0,0,0,0,0,1,0.315,-0.25131442828090605,2010,34
146,0,1,0,0,1,0,1.4184,0.3512,0,0,0,1,0,0,0,0,0,0,1,0,0,0,1,0,0,0,0,0,0,0,0,0,0,1,0,0,0,1,0,0,4.787491742782046,5.429345628954441,0.0,228.0,67.0,0,0,0,0,0,0,1,0,0,0,0,0,0,0,0,1,0,0,0,0,0,0,0,0,0,0,0,0,0,0,0,1,0.315,-0.25131442828090605,2010,34
146,0,1,0,0,1,0,-2.948,1.0847,0,0,0,0,0,0,0,1,0,0,0,1,0,0,1,0,0,0,0,0,0,1,0,0,0,0,0,0,0,1,0,0,0.0,5.62040086571715,0.0,276.0,73.0,0,0,0,0,0,0,1,0,0,0,0,0,0,0,0,1,0,0,0,0,0,0,0,0,0,0,0,0,0,0,0,1,0.315,-0.25131442828090605,2010,34
146,0,1,0,0,1,0,-3.1686,0.9982,0,0,0,0,0,0,0,1,0,0,0,1,0,0,1,0,0,0,0,0,0,0,1,0,0,0,0,0,0,1,0,0,1.0986122886681098,5.62040086571715,0.0,276.0,73.0,0,0,0,0,0,0,1,0,0,0,0,0,0,0,0,1,0,0,0,0,0,0,0,0,0,0,0,0,0,0,0,1,0.315,-0.25131442828090605,2010,34
146,0,1,0,0,1,0,-3.2022,0.8158,0,0,0,0,0,0,0,1,0,0,0,1,0,0,1,0,0,0,0,0,0,0,1,0,0,0,0,0,0,1,0,0,1.791759469228055,5.62040086571715,0.0,276.0,73.0,0,0,0,0,0,0,1,0,0,0,0,0,0,0,0,1,0,0,0,0,0,0,0,0,0,0,0,0,0,0,0,1,0.315,-0.25131442828090605,2010,34
146,0,1,0,0,1,0,-3.1026,0.5754,0,0,0,0,0,0,0,1,0,0,0,1,0,0,1,0,0,0,0,0,0,0,0,1,0,0,0,0,0,1,0,0,2.4849066497880004,5.62040086571715,0.0,276.0,73.0,0,0,0,0,0,0,1,0,0,0,0,0,0,0,0,1,0,0,0,0,0,0,0,0,0,0,0,0,0,0,0,1,0.315,-0.25131442828090605,2010,34
146,0,1,0,0,1,0,-2.2818,0.6007,0,0,0,0,0,0,0,1,0,0,0,1,0,0,1,0,0,0,0,0,0,0,0,0,1,0,0,0,0,1,0,0,3.1780538303479458,5.62040086571715,0.0,276.0,73.0,0,0,0,0,0,0,1,0,0,0,0,0,0,0,0,1,0,0,0,0,0,0,0,0,0,0,0,0,0,0,0,1,0.315,-0.25131442828090605,2010,34
146,0,1,0,0,1,0,-1.4778,0.4927,0,0,0,0,0,0,0,1,0,0,0,1,0,0,1,0,0,0,0,0,0,0,0,0,1,0,0,0,0,1,0,0,3.58351893845611,5.62040086571715,0.0,276.0,73.0,0,0,0,0,0,0,1,0,0,0,0,0,0,0,0,1,0,0,0,0,0,0,0,0,0,0,0,0,0,0,0,1,0.315,-0.25131442828090605,2010,34
146,0,1,0,0,1,0,-0.1778,0.4753,0,0,0,0,0,0,0,1,0,0,0,1,0,0,1,0,0,0,0,0,0,0,0,0,0,1,0,0,0,1,0,0,4.0943445622221,5.62040086571715,0.0,276.0,73.0,0,0,0,0,0,0,1,0,0,0,0,0,0,0,0,1,0,0,0,0,0,0,0,0,0,0,0,0,0,0,0,1,0.315,-0.25131442828090605,2010,34
146,0,1,0,0,1,0,0.7438,0.3216,0,0,0,0,0,0,0,1,0,0,0,1,0,0,1,0,0,0,0,0,0,0,0,0,0,1,0,0,0,1,0,0,4.430816798843313,5.62040086571715,0.0,276.0,73.0,0,0,0,0,0,0,1,0,0,0,0,0,0,0,0,1,0,0,0,0,0,0,0,0,0,0,0,0,0,0,0,1,0.315,-0.25131442828090605,2010,34
146,0,1,0,0,1,0,1.2257,0.511,0,0,0,0,0,0,0,1,0,0,0,1,0,0,1,0,0,0,0,0,0,0,0,0,0,1,0,0,0,1,0,0,4.787491742782046,5.62040086571715,0.0,276.0,73.0,0,0,0,0,0,0,1,0,0,0,0,0,0,0,0,1,0,0,0,0,0,0,0,0,0,0,0,0,0,0,0,1,0.315,-0.25131442828090605,2010,34
146,0,1,0,0,1,0,-1.5817,0.8488,0,0,0,0,0,0,0,0,1,0,1,0,0,0,1,0,0,0,0,0,0,1,0,0,0,0,0,0,0,1,0,0,0.0,5.7430031878094825,0.0,312.0,71.5,0,0,0,0,0,0,1,0,0,0,0,0,0,0,0,1,0,0,0,0,0,0,0,0,0,0,0,0,0,0,0,1,0.315,-0.25131442828090605,2010,34
146,0,1,0,0,1,0,-1.4018,0.8835,0,0,0,0,0,0,0,0,1,0,1,0,0,0,1,0,0,0,0,0,0,0,1,0,0,0,0,0,0,1,0,0,1.0986122886681098,5.7430031878094825,0.0,312.0,71.5,0,0,0,0,0,0,1,0,0,0,0,0,0,0,0,1,0,0,0,0,0,0,0,0,0,0,0,0,0,0,0,1,0.315,-0.25131442828090605,2010,34
146,0,1,0,0,1,0,-1.2896,0.7489,0,0,0,0,0,0,0,0,1,0,1,0,0,0,1,0,0,0,0,0,0,0,1,0,0,0,0,0,0,1,0,0,1.791759469228055,5.7430031878094825,0.0,312.0,71.5,0,0,0,0,0,0,1,0,0,0,0,0,0,0,0,1,0,0,0,0,0,0,0,0,0,0,0,0,0,0,0,1,0.315,-0.25131442828090605,2010,34
146,0,1,0,0,1,0,-1.1105,0.5628,0,0,0,0,0,0,0,0,1,0,1,0,0,0,1,0,0,0,0,0,0,0,0,1,0,0,0,0,0,1,0,0,2.4849066497880004,5.7430031878094825,0.0,312.0,71.5,0,0,0,0,0,0,1,0,0,0,0,0,0,0,0,1,0,0,0,0,0,0,0,0,0,0,0,0,0,0,0,1,0.315,-0.25131442828090605,2010,34
146,0,1,0,0,1,0,-0.2812,0.4515,0,0,0,0,0,0,0,0,1,0,1,0,0,0,1,0,0,0,0,0,0,0,0,0,1,0,0,0,0,1,0,0,3.58351893845611,5.7430031878094825,0.0,312.0,71.5,0,0,0,0,0,0,1,0,0,0,0,0,0,0,0,1,0,0,0,0,0,0,0,0,0,0,0,0,0,0,0,1,0.315,-0.25131442828090605,2010,34
146,0,1,0,0,1,0,0.7831,0.1897,0,0,0,0,0,0,0,0,1,0,1,0,0,0,1,0,0,0,0,0,0,0,0,0,0,1,0,0,0,1,0,0,4.0943445622221,5.7430031878094825,0.0,312.0,71.5,0,0,0,0,0,0,1,0,0,0,0,0,0,0,0,1,0,0,0,0,0,0,0,0,0,0,0,0,0,0,0,1,0.315,-0.25131442828090605,2010,34
146,0,1,0,0,1,0,1.0522,0.155,0,0,0,0,0,0,0,0,1,0,1,0,0,0,1,0,0,0,0,0,0,0,0,0,0,1,0,0,0,1,0,0,4.430816798843313,5.7430031878094825,0.0,312.0,71.5,0,0,0,0,0,0,1,0,0,0,0,0,0,0,0,1,0,0,0,0,0,0,0,0,0,0,0,0,0,0,0,1,0.315,-0.25131442828090605,2010,34
146,0,1,0,0,1,0,0.7738,0.1058,0,0,0,0,0,0,0,0,1,0,1,0,0,0,1,0,0,0,0,0,0,0,0,0,0,1,0,0,0,1,0,0,4.787491742782046,5.7430031878094825,0.0,312.0,71.5,0,0,0,0,0,0,1,0,0,0,0,0,0,0,0,1,0,0,0,0,0,0,0,0,0,0,0,0,0,0,0,1,0.315,-0.25131442828090605,2010,34
146,0,1,0,0,1,0,-2.4054,1.0928,0,0,0,0,0,1,0,0,0,0,1,0,0,0,1,0,0,0,0,0,0,1,0,0,0,0,0,0,0,1,0,0,0.0,5.780743515792329,0.0,324.0,71.0,0,0,0,0,0,0,1,0,0,0,0,0,0,0,0,1,0,0,0,0,0,0,0,0,0,0,0,0,0,0,0,1,0.315,-0.25131442828090605,2010,34
146,0,1,0,0,1,0,-2.1993,1.1225,0,0,0,0,0,1,0,0,0,0,1,0,0,0,1,0,0,0,0,0,0,0,1,0,0,0,0,0,0,1,0,0,1.0986122886681098,5.780743515792329,0.0,324.0,71.0,0,0,0,0,0,0,1,0,0,0,0,0,0,0,0,1,0,0,0,0,0,0,0,0,0,0,0,0,0,0,0,1,0.315,-0.25131442828090605,2010,34
146,0,1,0,0,1,0,-1.9436,1.0398,0,0,0,0,0,1,0,0,0,0,1,0,0,0,1,0,0,0,0,0,0,0,1,0,0,0,0,0,0,1,0,0,1.791759469228055,5.780743515792329,0.0,324.0,71.0,0,0,0,0,0,0,1,0,0,0,0,0,0,0,0,1,0,0,0,0,0,0,0,0,0,0,0,0,0,0,0,1,0.315,-0.25131442828090605,2010,34
146,0,1,0,0,1,0,-1.3919,0.8409,0,0,0,0,0,1,0,0,0,0,1,0,0,0,1,0,0,0,0,0,0,0,0,1,0,0,0,0,0,1,0,0,2.4849066497880004,5.780743515792329,0.0,324.0,71.0,0,0,0,0,0,0,1,0,0,0,0,0,0,0,0,1,0,0,0,0,0,0,0,0,0,0,0,0,0,0,0,1,0.315,-0.25131442828090605,2010,34
146,0,1,0,0,1,0,-0.951,0.7202,0,0,0,0,0,1,0,0,0,0,1,0,0,0,1,0,0,0,0,0,0,0,0,0,1,0,0,0,0,1,0,0,3.1780538303479458,5.780743515792329,0.0,324.0,71.0,0,0,0,0,0,0,1,0,0,0,0,0,0,0,0,1,0,0,0,0,0,0,0,0,0,0,0,0,0,0,0,1,0.315,-0.25131442828090605,2010,34
146,0,1,0,0,1,0,0.0959,0.6272,0,0,0,0,0,1,0,0,0,0,1,0,0,0,1,0,0,0,0,0,0,0,0,0,1,0,0,0,0,1,0,0,3.58351893845611,5.780743515792329,0.0,324.0,71.0,0,0,0,0,0,0,1,0,0,0,0,0,0,0,0,1,0,0,0,0,0,0,0,0,0,0,0,0,0,0,0,1,0.315,-0.25131442828090605,2010,34
146,0,1,0,0,1,0,0.7625,0.4154,0,0,0,0,0,1,0,0,0,0,1,0,0,0,1,0,0,0,0,0,0,0,0,0,0,1,0,0,0,1,0,0,4.0943445622221,5.780743515792329,0.0,324.0,71.0,0,0,0,0,0,0,1,0,0,0,0,0,0,0,0,1,0,0,0,0,0,0,0,0,0,0,0,0,0,0,0,1,0.315,-0.25131442828090605,2010,34
146,0,1,0,0,1,0,0.5757,0.216,0,0,0,0,0,1,0,0,0,0,1,0,0,0,1,0,0,0,0,0,0,0,0,0,0,1,0,0,0,1,0,0,4.430816798843313,5.780743515792329,0.0,324.0,71.0,0,0,0,0,0,0,1,0,0,0,0,0,0,0,0,1,0,0,0,0,0,0,0,0,0,0,0,0,0,0,0,1,0.315,-0.25131442828090605,2010,34
146,0,1,0,0,1,0,0.467,0.1805,0,0,0,0,0,1,0,0,0,0,1,0,0,0,1,0,0,0,0,0,0,0,0,0,0,1,0,0,0,1,0,0,4.787491742782046,5.780743515792329,0.0,324.0,71.0,0,0,0,0,0,0,1,0,0,0,0,0,0,0,0,1,0,0,0,0,0,0,0,0,0,0,0,0,0,0,0,1,0.315,-0.25131442828090605,2010,34
146,0,1,0,0,1,0,-4.2285,1.9471,1,0,0,0,0,0,0,0,0,0,0,0,1,0,0,1,0,0,0,0,0,1,0,0,0,0,0,0,0,1,0,0,0.0,5.572154032177765,0.0,263.0,73.5,0,0,0,0,0,0,1,0,0,0,0,0,0,0,0,1,0,0,0,0,0,0,0,0,0,0,0,0,0,0,0,1,0.315,-0.25131442828090605,2010,34
146,0,1,0,0,1,0,-1.2487,2.0114,1,0,0,0,0,0,0,0,0,0,0,0,1,0,0,1,0,0,0,0,0,0,1,0,0,0,0,0,0,1,0,0,1.0986122886681098,5.572154032177765,0.0,263.0,73.5,0,0,0,0,0,0,1,0,0,0,0,0,0,0,0,1,0,0,0,0,0,0,0,0,0,0,0,0,0,0,0,1,0.315,-0.25131442828090605,2010,34
146,0,1,0,0,1,0,0.229,1.7685,1,0,0,0,0,0,0,0,0,0,0,0,1,0,0,1,0,0,0,0,0,0,1,0,0,0,0,0,0,1,0,0,1.791759469228055,5.572154032177765,0.0,263.0,73.5,0,0,0,0,0,0,1,0,0,0,0,0,0,0,0,1,0,0,0,0,0,0,0,0,0,0,0,0,0,0,0,1,0.315,-0.25131442828090605,2010,34
146,0,1,0,0,1,0,0.0502,1.1237,1,0,0,0,0,0,0,0,0,0,0,0,1,0,0,1,0,0,0,0,0,0,0,1,0,0,0,0,0,1,0,0,2.4849066497880004,5.572154032177765,0.0,263.0,73.5,0,0,0,0,0,0,1,0,0,0,0,0,0,0,0,1,0,0,0,0,0,0,0,0,0,0,0,0,0,0,0,1,0.315,-0.25131442828090605,2010,34
146,0,1,0,0,1,0,0.1315,0.6898,1,0,0,0,0,0,0,0,0,0,0,0,1,0,0,1,0,0,0,0,0,0,0,0,1,0,0,0,0,1,0,0,3.1780538303479458,5.572154032177765,0.0,263.0,73.5,0,0,0,0,0,0,1,0,0,0,0,0,0,0,0,1,0,0,0,0,0,0,0,0,0,0,0,0,0,0,0,1,0.315,-0.25131442828090605,2010,34
146,0,1,0,0,1,0,0.1735,0.4058,1,0,0,0,0,0,0,0,0,0,0,0,1,0,0,1,0,0,0,0,0,0,0,0,1,0,0,0,0,1,0,0,3.58351893845611,5.572154032177765,0.0,263.0,73.5,0,0,0,0,0,0,1,0,0,0,0,0,0,0,0,1,0,0,0,0,0,0,0,0,0,0,0,0,0,0,0,1,0.315,-0.25131442828090605,2010,34
146,0,1,0,0,1,0,-0.3442,0.3384,1,0,0,0,0,0,0,0,0,0,0,0,1,0,0,1,0,0,0,0,0,0,0,0,0,1,0,0,0,1,0,0,4.0943445622221,5.572154032177765,0.0,263.0,73.5,0,0,0,0,0,0,1,0,0,0,0,0,0,0,0,1,0,0,0,0,0,0,0,0,0,0,0,0,0,0,0,1,0.315,-0.25131442828090605,2010,34
146,0,1,0,0,1,0,-0.5868,0.3414,1,0,0,0,0,0,0,0,0,0,0,0,1,0,0,1,0,0,0,0,0,0,0,0,0,1,0,0,0,1,0,0,4.430816798843313,5.572154032177765,0.0,263.0,73.5,0,0,0,0,0,0,1,0,0,0,0,0,0,0,0,1,0,0,0,0,0,0,0,0,0,0,0,0,0,0,0,1,0.315,-0.25131442828090605,2010,34
146,0,1,0,0,1,0,0.1126,0.1758,1,0,0,0,0,0,0,0,0,0,0,0,1,0,0,1,0,0,0,0,0,0,0,0,0,1,0,0,0,1,0,0,4.787491742782046,5.572154032177765,0.0,263.0,73.5,0,0,0,0,0,0,1,0,0,0,0,0,0,0,0,1,0,0,0,0,0,0,0,0,0,0,0,0,0,0,0,1,0.315,-0.25131442828090605,2010,34
146,0,1,0,0,1,0,-1.0681,0.887,0,0,0,1,0,0,0,0,0,0,1,0,0,0,0,1,0,0,0,0,0,1,0,0,0,0,0,0,0,1,0,0,0.0,5.429345628954441,0.0,228.0,67.0,0,0,0,0,0,0,1,0,0,0,0,0,0,0,0,1,0,0,0,0,0,0,0,0,0,0,0,0,0,0,0,1,0.315,-0.25131442828090605,2010,34
146,0,1,0,0,1,0,-0.9611,0.822,0,0,0,1,0,0,0,0,0,0,1,0,0,0,0,1,0,0,0,0,0,0,1,0,0,0,0,0,0,1,0,0,1.0986122886681098,5.429345628954441,0.0,228.0,67.0,0,0,0,0,0,0,1,0,0,0,0,0,0,0,0,1,0,0,0,0,0,0,0,0,0,0,0,0,0,0,0,1,0.315,-0.25131442828090605,2010,34
146,0,1,0,0,1,0,-0.7263,0.7656,0,0,0,1,0,0,0,0,0,0,1,0,0,0,0,1,0,0,0,0,0,0,1,0,0,0,0,0,0,1,0,0,1.791759469228055,5.429345628954441,0.0,228.0,67.0,0,0,0,0,0,0,1,0,0,0,0,0,0,0,0,1,0,0,0,0,0,0,0,0,0,0,0,0,0,0,0,1,0.315,-0.25131442828090605,2010,34
146,0,1,0,0,1,0,-0.2833,0.6565,0,0,0,1,0,0,0,0,0,0,1,0,0,0,0,1,0,0,0,0,0,0,0,1,0,0,0,0,0,1,0,0,2.4849066497880004,5.429345628954441,0.0,228.0,67.0,0,0,0,0,0,0,1,0,0,0,0,0,0,0,0,1,0,0,0,0,0,0,0,0,0,0,0,0,0,0,0,1,0.315,-0.25131442828090605,2010,34
146,0,1,0,0,1,0,-0.1916,0.452,0,0,0,1,0,0,0,0,0,0,1,0,0,0,0,1,0,0,0,0,0,0,0,0,1,0,0,0,0,1,0,0,3.1780538303479458,5.429345628954441,0.0,228.0,67.0,0,0,0,0,0,0,1,0,0,0,0,0,0,0,0,1,0,0,0,0,0,0,0,0,0,0,0,0,0,0,0,1,0.315,-0.25131442828090605,2010,34
146,0,1,0,0,1,0,0.3481,0.3722,0,0,0,1,0,0,0,0,0,0,1,0,0,0,0,1,0,0,0,0,0,0,0,0,1,0,0,0,0,1,0,0,3.58351893845611,5.429345628954441,0.0,228.0,67.0,0,0,0,0,0,0,1,0,0,0,0,0,0,0,0,1,0,0,0,0,0,0,0,0,0,0,0,0,0,0,0,1,0.315,-0.25131442828090605,2010,34
146,0,1,0,0,1,0,0.9473,0.4284,0,0,0,1,0,0,0,0,0,0,1,0,0,0,0,1,0,0,0,0,0,0,0,0,0,1,0,0,0,1,0,0,4.0943445622221,5.429345628954441,0.0,228.0,67.0,0,0,0,0,0,0,1,0,0,0,0,0,0,0,0,1,0,0,0,0,0,0,0,0,0,0,0,0,0,0,0,1,0.315,-0.25131442828090605,2010,34
146,0,1,0,0,1,0,0.4386,0.3334,0,0,0,1,0,0,0,0,0,0,1,0,0,0,0,1,0,0,0,0,0,0,0,0,0,1,0,0,0,1,0,0,4.430816798843313,5.429345628954441,0.0,228.0,67.0,0,0,0,0,0,0,1,0,0,0,0,0,0,0,0,1,0,0,0,0,0,0,0,0,0,0,0,0,0,0,0,1,0.315,-0.25131442828090605,2010,34
146,0,1,0,0,1,0,0.0506,0.3496,0,0,0,1,0,0,0,0,0,0,1,0,0,0,0,1,0,0,0,0,0,0,0,0,0,1,0,0,0,1,0,0,4.787491742782046,5.429345628954441,0.0,228.0,67.0,0,0,0,0,0,0,1,0,0,0,0,0,0,0,0,1,0,0,0,0,0,0,0,0,0,0,0,0,0,0,0,1,0.315,-0.25131442828090605,2010,34
146,0,1,0,0,1,0,-2.5882,1.4342,0,0,0,0,0,0,0,1,0,0,0,1,0,0,0,1,0,0,0,0,0,1,0,0,0,0,0,0,0,1,0,0,0.0,5.62040086571715,0.0,276.0,73.0,0,0,0,0,0,0,1,0,0,0,0,0,0,0,0,1,0,0,0,0,0,0,0,0,0,0,0,0,0,0,0,1,0.315,-0.25131442828090605,2010,34
146,0,1,0,0,1,0,-2.597,1.3756,0,0,0,0,0,0,0,1,0,0,0,1,0,0,0,1,0,0,0,0,0,0,1,0,0,0,0,0,0,1,0,0,1.0986122886681098,5.62040086571715,0.0,276.0,73.0,0,0,0,0,0,0,1,0,0,0,0,0,0,0,0,1,0,0,0,0,0,0,0,0,0,0,0,0,0,0,0,1,0.315,-0.25131442828090605,2010,34
146,0,1,0,0,1,0,-1.9813,1.2515,0,0,0,0,0,0,0,1,0,0,0,1,0,0,0,1,0,0,0,0,0,0,1,0,0,0,0,0,0,1,0,0,1.791759469228055,5.62040086571715,0.0,276.0,73.0,0,0,0,0,0,0,1,0,0,0,0,0,0,0,0,1,0,0,0,0,0,0,0,0,0,0,0,0,0,0,0,1,0.315,-0.25131442828090605,2010,34
146,0,1,0,0,1,0,-1.7826,1.0023,0,0,0,0,0,0,0,1,0,0,0,1,0,0,0,1,0,0,0,0,0,0,0,1,0,0,0,0,0,1,0,0,2.4849066497880004,5.62040086571715,0.0,276.0,73.0,0,0,0,0,0,0,1,0,0,0,0,0,0,0,0,1,0,0,0,0,0,0,0,0,0,0,0,0,0,0,0,1,0.315,-0.25131442828090605,2010,34
146,0,1,0,0,1,0,-2.5376,1.0051,0,0,0,0,0,0,0,1,0,0,0,1,0,0,0,1,0,0,0,0,0,0,0,0,1,0,0,0,0,1,0,0,3.1780538303479458,5.62040086571715,0.0,276.0,73.0,0,0,0,0,0,0,1,0,0,0,0,0,0,0,0,1,0,0,0,0,0,0,0,0,0,0,0,0,0,0,0,1,0.315,-0.25131442828090605,2010,34
146,0,1,0,0,1,0,-1.4894,1.1102,0,0,0,0,0,0,0,1,0,0,0,1,0,0,0,1,0,0,0,0,0,0,0,0,1,0,0,0,0,1,0,0,3.58351893845611,5.62040086571715,0.0,276.0,73.0,0,0,0,0,0,0,1,0,0,0,0,0,0,0,0,1,0,0,0,0,0,0,0,0,0,0,0,0,0,0,0,1,0.315,-0.25131442828090605,2010,34
146,0,1,0,0,1,0,0.9408,0.7925,0,0,0,0,0,0,0,1,0,0,0,1,0,0,0,1,0,0,0,0,0,0,0,0,0,1,0,0,0,1,0,0,4.0943445622221,5.62040086571715,0.0,276.0,73.0,0,0,0,0,0,0,1,0,0,0,0,0,0,0,0,1,0,0,0,0,0,0,0,0,0,0,0,0,0,0,0,1,0.315,-0.25131442828090605,2010,34
146,0,1,0,0,1,0,0.7324,0.4667,0,0,0,0,0,0,0,1,0,0,0,1,0,0,0,1,0,0,0,0,0,0,0,0,0,1,0,0,0,1,0,0,4.430816798843313,5.62040086571715,0.0,276.0,73.0,0,0,0,0,0,0,1,0,0,0,0,0,0,0,0,1,0,0,0,0,0,0,0,0,0,0,0,0,0,0,0,1,0.315,-0.25131442828090605,2010,34
146,0,1,0,0,1,0,-0.4893,0.7459,0,0,0,0,0,0,0,1,0,0,0,1,0,0,0,1,0,0,0,0,0,0,0,0,0,1,0,0,0,1,0,0,4.787491742782046,5.62040086571715,0.0,276.0,73.0,0,0,0,0,0,0,1,0,0,0,0,0,0,0,0,1,0,0,0,0,0,0,0,0,0,0,0,0,0,0,0,1,0.315,-0.25131442828090605,2010,34
146,0,1,0,0,1,0,-0.8476,0.8617,0,0,0,0,0,0,0,0,1,0,1,0,0,0,0,1,0,0,0,0,0,1,0,0,0,0,0,0,0,1,0,0,0.0,5.7430031878094825,0.0,312.0,71.5,0,0,0,0,0,0,1,0,0,0,0,0,0,0,0,1,0,0,0,0,0,0,0,0,0,0,0,0,0,0,0,1,0.315,-0.25131442828090605,2010,34
146,0,1,0,0,1,0,-0.8344,0.8054,0,0,0,0,0,0,0,0,1,0,1,0,0,0,0,1,0,0,0,0,0,0,1,0,0,0,0,0,0,1,0,0,1.0986122886681098,5.7430031878094825,0.0,312.0,71.5,0,0,0,0,0,0,1,0,0,0,0,0,0,0,0,1,0,0,0,0,0,0,0,0,0,0,0,0,0,0,0,1,0.315,-0.25131442828090605,2010,34
146,0,1,0,0,1,0,-0.4487,0.7961,0,0,0,0,0,0,0,0,1,0,1,0,0,0,0,1,0,0,0,0,0,0,1,0,0,0,0,0,0,1,0,0,1.791759469228055,5.7430031878094825,0.0,312.0,71.5,0,0,0,0,0,0,1,0,0,0,0,0,0,0,0,1,0,0,0,0,0,0,0,0,0,0,0,0,0,0,0,1,0.315,-0.25131442828090605,2010,34
146,0,1,0,0,1,0,-0.2146,0.6589,0,0,0,0,0,0,0,0,1,0,1,0,0,0,0,1,0,0,0,0,0,0,0,1,0,0,0,0,0,1,0,0,2.4849066497880004,5.7430031878094825,0.0,312.0,71.5,0,0,0,0,0,0,1,0,0,0,0,0,0,0,0,1,0,0,0,0,0,0,0,0,0,0,0,0,0,0,0,1,0.315,-0.25131442828090605,2010,34
146,0,1,0,0,1,0,0.529,0.3149,0,0,0,0,0,0,0,0,1,0,1,0,0,0,0,1,0,0,0,0,0,0,0,0,1,0,0,0,0,1,0,0,3.58351893845611,5.7430031878094825,0.0,312.0,71.5,0,0,0,0,0,0,1,0,0,0,0,0,0,0,0,1,0,0,0,0,0,0,0,0,0,0,0,0,0,0,0,1,0.315,-0.25131442828090605,2010,34
146,0,1,0,0,1,0,1.15,0.1747,0,0,0,0,0,0,0,0,1,0,1,0,0,0,0,1,0,0,0,0,0,0,0,0,0,1,0,0,0,1,0,0,4.0943445622221,5.7430031878094825,0.0,312.0,71.5,0,0,0,0,0,0,1,0,0,0,0,0,0,0,0,1,0,0,0,0,0,0,0,0,0,0,0,0,0,0,0,1,0.315,-0.25131442828090605,2010,34
146,0,1,0,0,1,0,1.063,0.1591,0,0,0,0,0,0,0,0,1,0,1,0,0,0,0,1,0,0,0,0,0,0,0,0,0,1,0,0,0,1,0,0,4.430816798843313,5.7430031878094825,0.0,312.0,71.5,0,0,0,0,0,0,1,0,0,0,0,0,0,0,0,1,0,0,0,0,0,0,0,0,0,0,0,0,0,0,0,1,0.315,-0.25131442828090605,2010,34
146,0,1,0,0,1,0,0.9261,0.1239,0,0,0,0,0,0,0,0,1,0,1,0,0,0,0,1,0,0,0,0,0,0,0,0,0,1,0,0,0,1,0,0,4.787491742782046,5.7430031878094825,0.0,312.0,71.5,0,0,0,0,0,0,1,0,0,0,0,0,0,0,0,1,0,0,0,0,0,0,0,0,0,0,0,0,0,0,0,1,0.315,-0.25131442828090605,2010,34
146,0,1,0,0,1,0,-2.4054,1.0928,0,0,0,0,0,1,0,0,0,0,0,0,1,0,0,1,0,0,0,0,0,1,0,0,0,0,0,0,0,1,0,0,0.0,5.780743515792329,0.0,324.0,71.0,0,0,0,0,0,0,1,0,0,0,0,0,0,0,0,1,0,0,0,0,0,0,0,0,0,0,0,0,0,0,0,1,0.315,-0.25131442828090605,2010,34
146,0,1,0,0,1,0,-2.1993,1.1225,0,0,0,0,0,1,0,0,0,0,0,0,1,0,0,1,0,0,0,0,0,0,1,0,0,0,0,0,0,1,0,0,1.0986122886681098,5.780743515792329,0.0,324.0,71.0,0,0,0,0,0,0,1,0,0,0,0,0,0,0,0,1,0,0,0,0,0,0,0,0,0,0,0,0,0,0,0,1,0.315,-0.25131442828090605,2010,34
146,0,1,0,0,1,0,-1.9436,1.0398,0,0,0,0,0,1,0,0,0,0,0,0,1,0,0,1,0,0,0,0,0,0,1,0,0,0,0,0,0,1,0,0,1.791759469228055,5.780743515792329,0.0,324.0,71.0,0,0,0,0,0,0,1,0,0,0,0,0,0,0,0,1,0,0,0,0,0,0,0,0,0,0,0,0,0,0,0,1,0.315,-0.25131442828090605,2010,34
146,0,1,0,0,1,0,-1.3919,0.8409,0,0,0,0,0,1,0,0,0,0,0,0,1,0,0,1,0,0,0,0,0,0,0,1,0,0,0,0,0,1,0,0,2.4849066497880004,5.780743515792329,0.0,324.0,71.0,0,0,0,0,0,0,1,0,0,0,0,0,0,0,0,1,0,0,0,0,0,0,0,0,0,0,0,0,0,0,0,1,0.315,-0.25131442828090605,2010,34
146,0,1,0,0,1,0,-0.951,0.7202,0,0,0,0,0,1,0,0,0,0,0,0,1,0,0,1,0,0,0,0,0,0,0,0,1,0,0,0,0,1,0,0,3.1780538303479458,5.780743515792329,0.0,324.0,71.0,0,0,0,0,0,0,1,0,0,0,0,0,0,0,0,1,0,0,0,0,0,0,0,0,0,0,0,0,0,0,0,1,0.315,-0.25131442828090605,2010,34
146,0,1,0,0,1,0,0.0959,0.6272,0,0,0,0,0,1,0,0,0,0,0,0,1,0,0,1,0,0,0,0,0,0,0,0,1,0,0,0,0,1,0,0,3.58351893845611,5.780743515792329,0.0,324.0,71.0,0,0,0,0,0,0,1,0,0,0,0,0,0,0,0,1,0,0,0,0,0,0,0,0,0,0,0,0,0,0,0,1,0.315,-0.25131442828090605,2010,34
146,0,1,0,0,1,0,0.7625,0.4154,0,0,0,0,0,1,0,0,0,0,0,0,1,0,0,1,0,0,0,0,0,0,0,0,0,1,0,0,0,1,0,0,4.0943445622221,5.780743515792329,0.0,324.0,71.0,0,0,0,0,0,0,1,0,0,0,0,0,0,0,0,1,0,0,0,0,0,0,0,0,0,0,0,0,0,0,0,1,0.315,-0.25131442828090605,2010,34
146,0,1,0,0,1,0,0.5757,0.216,0,0,0,0,0,1,0,0,0,0,0,0,1,0,0,1,0,0,0,0,0,0,0,0,0,1,0,0,0,1,0,0,4.430816798843313,5.780743515792329,0.0,324.0,71.0,0,0,0,0,0,0,1,0,0,0,0,0,0,0,0,1,0,0,0,0,0,0,0,0,0,0,0,0,0,0,0,1,0.315,-0.25131442828090605,2010,34
146,0,1,0,0,1,0,0.467,0.1805,0,0,0,0,0,1,0,0,0,0,0,0,1,0,0,1,0,0,0,0,0,0,0,0,0,1,0,0,0,1,0,0,4.787491742782046,5.780743515792329,0.0,324.0,71.0,0,0,0,0,0,0,1,0,0,0,0,0,0,0,0,1,0,0,0,0,0,0,0,0,0,0,0,0,0,0,0,1,0.315,-0.25131442828090605,2010,34
146,0,1,0,0,1,0,1.1269,0.2845,1,0,0,0,0,0,0,0,0,0,0,0,1,0,1,0,0,0,0,0,0,0,0,0,0,1,0,0,0,0,1,0,3.6888794541139363,4.276666119016055,0.0,72.0,64.5,0,0,0,0,0,0,1,0,0,0,0,0,0,0,0,1,0,0,0,0,0,0,0,0,0,0,0,0,0,0,0,1,0.315,-0.25131442828090605,2010,34
146,0,1,0,0,1,0,0.8258,0.6693,0,0,0,0,1,0,0,0,0,0,1,0,0,0,1,0,0,0,0,0,0,0,0,0,0,1,0,0,0,0,1,0,3.6888794541139363,4.276666119016055,0.0,72.0,64.5,0,0,0,0,0,0,1,0,0,0,0,0,0,0,0,1,0,0,0,0,0,0,0,0,0,0,0,0,0,0,0,1,0.315,-0.25131442828090605,2010,34
146,0,1,0,0,1,0,0.9105,0.1967,0,0,0,1,0,0,0,0,0,0,1,0,0,0,1,0,0,0,0,0,0,0,0,0,0,1,0,0,0,0,1,0,3.6888794541139363,4.276666119016055,0.0,72.0,64.5,0,0,0,0,0,0,1,0,0,0,0,0,0,0,0,1,0,0,0,0,0,0,0,0,0,0,0,0,0,0,0,1,0.315,-0.25131442828090605,2010,34
146,0,1,0,0,1,0,0.187,0.3002,0,0,0,0,0,0,1,0,0,0,1,0,0,0,1,0,0,0,0,0,0,0,0,0,0,1,0,0,0,0,1,0,3.6888794541139363,4.02535169073515,0.0,56.0,66.5,0,0,0,0,0,0,1,0,0,0,0,0,0,0,0,1,0,0,0,0,0,0,0,0,0,0,0,0,0,0,0,1,0.315,-0.25131442828090605,2010,34
146,0,1,0,0,1,0,0.3808,0.2216,0,0,0,0,0,0,0,1,0,0,0,1,0,0,1,0,0,0,0,0,0,0,0,0,0,1,0,0,0,0,1,0,3.6888794541139363,4.276666119016055,0.0,72.0,64.5,0,0,0,0,0,0,1,0,0,0,0,0,0,0,0,1,0,0,0,0,0,0,0,0,0,0,0,0,0,0,0,1,0.315,-0.25131442828090605,2010,34
146,0,1,0,0,1,0,0.5647,0.1425,0,0,0,0,0,1,0,0,0,0,1,0,0,0,1,0,0,0,0,0,0,0,0,0,0,1,0,0,0,0,1,0,3.6888794541139363,4.276666119016055,0.0,72.0,64.5,0,0,0,0,0,0,1,0,0,0,0,0,0,0,0,1,0,0,0,0,0,0,0,0,0,0,0,0,0,0,0,1,0.315,-0.25131442828090605,2010,34
146,0,1,0,0,1,0,0.1631,0.5393,1,0,0,0,0,0,0,0,0,0,0,0,1,0,1,0,0,0,0,0,0,0,0,0,0,1,0,0,0,0,1,0,2.995732273553991,4.5217885770490405,0.0,92.0,64.5,0,0,0,0,0,0,1,0,0,0,0,0,0,0,0,1,0,0,0,0,0,0,0,0,0,0,0,0,0,0,0,1,0.315,-0.25131442828090605,2010,34
146,0,1,0,0,1,0,0.267,0.5108,0,0,0,1,0,0,0,0,0,0,1,0,0,0,1,0,0,0,0,0,0,0,0,0,0,1,0,0,0,0,1,0,2.995732273553991,4.5217885770490405,0.0,92.0,64.5,0,0,0,0,0,0,1,0,0,0,0,0,0,0,0,1,0,0,0,0,0,0,0,0,0,0,0,0,0,0,0,1,0.315,-0.25131442828090605,2010,34
146,0,1,0,0,1,0,0.4635,0.4158,0,0,0,0,0,1,0,0,0,0,1,0,0,0,1,0,0,0,0,0,0,0,0,0,0,1,0,0,0,0,1,0,2.995732273553991,4.5217885770490405,0.0,92.0,64.5,0,0,0,0,0,0,1,0,0,0,0,0,0,0,0,1,0,0,0,0,0,0,0,0,0,0,0,0,0,0,0,1,0.315,-0.25131442828090605,2010,34
146,0,1,0,0,1,0,0.6048,0.3293,1,0,0,0,0,0,0,0,0,0,0,0,1,0,1,0,0,0,0,0,0,0,0,0,0,1,0,0,0,0,1,0,3.6888794541139363,4.276666119016055,0.0,72.0,64.5,0,0,0,0,0,0,1,0,0,0,0,0,0,0,0,1,0,0,0,0,0,0,0,0,0,0,0,0,0,0,0,1,0.315,-0.25131442828090605,2010,34
146,0,1,0,0,1,0,0.9052,0.1863,0,0,0,1,0,0,0,0,0,0,1,0,0,0,1,0,0,0,0,0,0,0,0,0,0,1,0,0,0,0,1,0,3.6888794541139363,4.276666119016055,0.0,72.0,64.5,0,0,0,0,0,0,1,0,0,0,0,0,0,0,0,1,0,0,0,0,0,0,0,0,0,0,0,0,0,0,0,1,0.315,-0.25131442828090605,2010,34
146,0,1,0,0,1,0,0.4117,0.2672,0,0,0,0,0,0,0,1,0,0,0,1,0,0,1,0,0,0,0,0,0,0,0,0,0,1,0,0,0,0,1,0,3.6888794541139363,4.276666119016055,0.0,72.0,64.5,0,0,0,0,0,0,1,0,0,0,0,0,0,0,0,1,0,0,0,0,0,0,0,0,0,0,0,0,0,0,0,1,0.315,-0.25131442828090605,2010,34
146,0,1,0,0,1,0,0.711,0.1762,0,0,0,0,0,1,0,0,0,0,1,0,0,0,1,0,0,0,0,0,0,0,0,0,0,1,0,0,0,0,1,0,3.6888794541139363,4.276666119016055,0.0,72.0,64.5,0,0,0,0,0,0,1,0,0,0,0,0,0,0,0,1,0,0,0,0,0,0,0,0,0,0,0,0,0,0,0,1,0.315,-0.25131442828090605,2010,34
44,0,1,0,0,1,0,-0.98,0.251889694064906,1,0,0,0,0,0,0,0,0,0,0,0,1,0,1,0,0,0,0,0,0,1,0,0,0,0,0,0,0,1,0,0,0.0,4.897839799950911,0.0,134.0,70.5,0,0,0,0,0,0,1,0,0,0,0,0,0,0,0,1,0,0,0,0,0,0,0,0,0,0,0,0,1,0,0,0,0.288,-0.5306282510621704,2002,26
44,0,1,0,0,1,0,0.08,0.05722282538850909,1,0,0,0,0,0,0,0,0,0,1,0,0,0,1,0,0,0,0,0,0,1,0,0,0,0,0,0,0,1,0,0,0.0,4.897839799950911,0.0,134.0,70.5,0,0,0,0,0,0,1,0,0,0,0,0,0,0,0,1,0,0,0,0,0,0,0,0,0,0,0,0,1,0,0,0,0.288,-0.5306282510621704,2002,26
44,0,1,0,0,1,0,-0.18,0.1514396032988237,0,0,0,0,1,0,0,0,0,0,1,0,0,0,1,0,0,0,0,0,0,1,0,0,0,0,0,0,0,1,0,0,0.0,4.795790545596741,0.0,121.0,69.5,0,0,0,0,0,0,1,0,0,0,0,0,0,0,0,1,0,0,0,0,0,0,0,0,0,0,0,0,1,0,0,0,0.288,-0.5306282510621704,2002,26
44,0,1,0,0,1,0,1.21,5.491309257718961,0,0,0,1,0,0,0,0,0,0,1,0,0,0,1,0,0,0,0,0,0,1,0,0,0,0,0,0,0,1,0,0,0.0,4.795790545596741,0.0,121.0,69.5,0,0,0,0,0,0,1,0,0,0,0,0,0,0,0,1,0,0,0,0,0,0,0,0,0,0,0,0,1,0,0,0,0.288,-0.5306282510621704,2002,26
44,0,1,0,0,1,0,1.39,3.5648869225380526,0,0,0,0,0,0,1,0,0,0,1,0,0,0,1,0,0,0,0,0,0,1,0,0,0,0,0,0,0,1,0,0,0.0,4.795790545596741,0.0,121.0,69.5,0,0,0,0,0,0,1,0,0,0,0,0,0,0,0,1,0,0,0,0,0,0,0,0,0,0,0,0,1,0,0,0,0.288,-0.5306282510621704,2002,26
44,0,1,0,0,1,0,-1.38,0.5639265452861336,0,0,0,0,0,0,0,1,0,0,0,1,0,0,1,0,0,0,0,0,0,1,0,0,0,0,0,0,0,1,0,0,0.0,4.897839799950911,0.0,134.0,70.5,0,0,0,0,0,0,1,0,0,0,0,0,0,0,0,1,0,0,0,0,0,0,0,0,0,0,0,0,1,0,0,0,0.288,-0.5306282510621704,2002,26
44,0,1,0,0,1,0,0.92,12.73290964749817,1,0,0,0,0,0,0,0,0,0,1,0,0,0,1,0,0,0,0,0,0,1,0,0,0,0,0,0,0,1,0,0,0.0,4.795790545596741,0.0,121.0,69.5,0,0,0,0,0,0,1,0,0,0,0,0,0,0,0,1,0,0,0,0,0,0,0,0,0,0,0,0,1,0,0,0,0.288,-0.5306282510621704,2002,26
44,0,1,0,0,1,0,0.003,0.0018281674370029977,1,0,0,0,0,0,0,0,0,0,1,0,0,0,1,0,0,0,0,0,0,1,0,0,0,0,0,0,0,1,0,0,0.0,4.897839799950911,0.0,134.0,70.5,0,0,0,0,0,0,1,0,0,0,0,0,0,0,0,1,0,0,0,0,0,0,0,0,0,0,0,0,1,0,0,0,0.288,-0.5306282510621704,2002,26
44,0,1,0,0,1,0,0.026,0.019843036334556783,1,0,0,0,0,0,0,0,0,0,1,0,0,0,1,0,0,0,0,0,0,1,0,0,0,0,0,0,0,1,0,0,0.0,4.897839799950911,0.0,134.0,70.5,0,0,0,0,0,0,1,0,0,0,0,0,0,0,0,1,0,0,0,0,0,0,0,0,0,0,0,0,1,0,0,0,0.288,-0.5306282510621704,2002,26
44,0,1,0,0,1,0,-0.23,0.10233015753482318,0,0,0,0,0,0,0,0,1,0,1,0,0,0,1,0,0,0,0,0,0,1,0,0,0,0,0,0,0,1,0,0,0.0,4.897839799950911,0.0,134.0,70.5,0,0,0,0,0,0,1,0,0,0,0,0,0,0,0,1,0,0,0,0,0,0,0,0,0,0,0,0,1,0,0,0,0.288,-0.5306282510621704,2002,26
44,0,1,0,0,1,0,-1.94,0.7060241437969506,0,0,0,0,0,1,0,0,0,0,1,0,0,0,1,0,0,0,0,0,0,1,0,0,0,0,0,0,0,1,0,0,0.0,4.897839799950911,0.0,134.0,70.5,0,0,0,0,0,0,1,0,0,0,0,0,0,0,0,1,0,0,0,0,0,0,0,0,0,0,0,0,1,0,0,0,0.288,-0.5306282510621704,2002,26
44,0,1,0,0,1,0,-0.46,0.11823393803046611,1,0,0,0,0,0,0,0,0,0,0,0,1,0,1,0,0,0,0,0,0,0,0,1,0,0,0,0,0,1,0,0,2.4849066497880004,4.836281906951478,0.0,126.0,71.0,1,0,0,0,0,0,0,0,0,0,0,0,0,1,0,1,0,0,0,0,0,0,0,0,0,0,0,0,1,0,0,0,0.288,-0.5306282510621704,2002,26
44,0,1,0,0,1,0,0.77,0.26449231303198867,1,0,0,0,0,0,0,0,0,0,1,0,0,0,1,0,0,0,0,0,0,0,0,1,0,0,0,0,0,1,0,0,2.4849066497880004,4.836281906951478,0.0,126.0,71.0,1,0,0,0,0,0,0,0,0,0,0,0,0,1,0,1,0,0,0,0,0,0,0,0,0,0,0,0,1,0,0,0,0.288,-0.5306282510621704,2002,26
44,0,1,0,0,1,0,-0.09,0.043466516742997376,0,0,0,0,1,0,0,0,0,0,1,0,0,0,1,0,0,0,0,0,0,0,0,1,0,0,0,0,0,1,0,0,2.4849066497880004,4.727387818712341,0.0,113.0,70.0,1,0,0,0,0,0,0,0,0,0,0,0,0,1,0,1,0,0,0,0,0,0,0,0,0,0,0,0,1,0,0,0,0.288,-0.5306282510621704,2002,26
44,0,1,0,0,1,0,1.67,1.3870742517376013,0,0,0,1,0,0,0,0,0,0,1,0,0,0,1,0,0,0,0,0,0,0,0,1,0,0,0,0,0,1,0,0,2.4849066497880004,4.727387818712341,0.0,113.0,70.0,1,0,0,0,0,0,0,0,0,0,0,0,0,1,0,1,0,0,0,0,0,0,0,0,0,0,0,0,1,0,0,0,0.288,-0.5306282510621704,2002,26
44,0,1,0,0,1,0,0.91,3.2263011528101817,0,0,0,0,0,0,1,0,0,0,1,0,0,0,1,0,0,0,0,0,0,0,0,1,0,0,0,0,0,1,0,0,2.4849066497880004,4.727387818712341,0.0,113.0,70.0,1,0,0,0,0,0,0,0,0,0,0,0,0,1,0,1,0,0,0,0,0,0,0,0,0,0,0,0,1,0,0,0,0.288,-0.5306282510621704,2002,26
44,0,1,0,0,1,0,-0.18,0.08117842043758747,0,0,0,0,0,0,0,1,0,0,0,1,0,0,1,0,0,0,0,0,0,0,0,1,0,0,0,0,0,1,0,0,2.4849066497880004,4.836281906951478,0.0,126.0,71.0,1,0,0,0,0,0,0,0,0,0,0,0,0,1,0,1,0,0,0,0,0,0,0,0,0,0,0,0,1,0,0,0,0.288,-0.5306282510621704,2002,26
44,0,1,0,0,1,0,1.25,2.5130177516170393,1,0,0,0,0,0,0,0,0,0,1,0,0,0,1,0,0,0,0,0,0,0,0,1,0,0,0,0,0,1,0,0,2.4849066497880004,4.727387818712341,0.0,113.0,70.0,1,0,0,0,0,0,0,0,0,0,0,0,0,1,0,1,0,0,0,0,0,0,0,0,0,0,0,0,1,0,0,0,0.288,-0.5306282510621704,2002,26
44,0,1,0,0,1,0,0.51,0.3734060059321312,1,0,0,0,0,0,0,0,0,0,1,0,0,0,1,0,0,0,0,0,0,0,0,1,0,0,0,0,0,1,0,0,2.4849066497880004,4.836281906951478,0.0,126.0,71.0,1,0,0,0,0,0,0,0,0,0,0,0,0,1,0,1,0,0,0,0,0,0,0,0,0,0,0,0,1,0,0,0,0.288,-0.5306282510621704,2002,26
44,0,1,0,0,1,0,0.75,0.9826091186443338,1,0,0,0,0,0,0,0,0,0,1,0,0,0,1,0,0,0,0,0,0,0,0,1,0,0,0,0,0,1,0,0,2.4849066497880004,4.836281906951478,0.0,126.0,71.0,1,0,0,0,0,0,0,0,0,0,0,0,0,1,0,1,0,0,0,0,0,0,0,0,0,0,0,0,1,0,0,0,0.288,-0.5306282510621704,2002,26
44,0,1,0,0,1,0,0.73,1.4806767190823331,0,0,0,0,0,0,0,0,1,0,1,0,0,0,1,0,0,0,0,0,0,0,0,1,0,0,0,0,0,1,0,0,2.4849066497880004,4.836281906951478,0.0,126.0,71.0,1,0,0,0,0,0,0,0,0,0,0,0,0,1,0,1,0,0,0,0,0,0,0,0,0,0,0,0,1,0,0,0,0.288,-0.5306282510621704,2002,26
44,0,1,0,0,1,0,1.0,886.5382128948963,0,0,0,0,0,1,0,0,0,0,1,0,0,0,1,0,0,0,0,0,0,0,0,1,0,0,0,0,0,1,0,0,2.4849066497880004,4.836281906951478,0.0,126.0,71.0,1,0,0,0,0,0,0,0,0,0,0,0,0,1,0,1,0,0,0,0,0,0,0,0,0,0,0,0,1,0,0,0,0.288,-0.5306282510621704,2002,26
44,0,1,0,0,1,0,0.82,0.41075748839896165,1,0,0,0,0,0,0,0,0,0,1,0,0,0,1,0,0,0,0,0,0,0,0,1,0,0,0,0,0,1,0,0,2.4849066497880004,4.356708826689592,0.0,78.0,68.0,1,0,0,0,0,0,0,0,0,0,0,0,0,1,0,1,0,0,0,0,0,0,0,0,0,0,0,0,1,0,0,0,0.288,-0.5306282510621704,2002,26
44,0,1,0,0,1,0,0.66,1.2971973812284798,0,0,0,0,1,0,0,0,0,0,1,0,0,0,1,0,0,0,0,0,0,0,0,1,0,0,0,0,0,1,0,0,2.4849066497880004,4.406719247264253,0.0,82.0,68.5,1,0,0,0,0,0,0,0,0,0,0,0,0,1,0,1,0,0,0,0,0,0,0,0,0,0,0,0,1,0,0,0,0.288,-0.5306282510621704,2002,26
44,0,1,0,0,1,0,1.15,5.470593875292246,0,0,0,1,0,0,0,0,0,0,1,0,0,0,1,0,0,0,0,0,0,0,0,1,0,0,0,0,0,1,0,0,2.4849066497880004,4.23410650459726,0.0,69.0,67.5,1,0,0,0,0,0,0,0,0,0,0,0,0,1,0,1,0,0,0,0,0,0,0,0,0,0,0,0,1,0,0,0,0.288,-0.5306282510621704,2002,26
44,0,1,0,0,1,0,0.92,6.924311967208064,1,0,0,0,0,0,0,0,0,0,1,0,0,0,1,0,0,0,0,0,0,0,0,1,0,0,0,0,0,1,0,0,2.4849066497880004,4.23410650459726,0.0,69.0,67.5,1,0,0,0,0,0,0,0,0,0,0,0,0,1,0,1,0,0,0,0,0,0,0,0,0,0,0,0,1,0,0,0,0.288,-0.5306282510621704,2002,26
44,0,1,0,0,1,0,1.26,2.4750797423346307,1,0,0,0,0,0,0,0,0,0,1,0,0,0,1,0,0,0,0,0,0,0,0,1,0,0,0,0,0,1,0,0,2.4849066497880004,4.356708826689592,0.0,78.0,68.0,1,0,0,0,0,0,0,0,0,0,0,0,0,1,0,1,0,0,0,0,0,0,0,0,0,0,0,0,1,0,0,0,0.288,-0.5306282510621704,2002,26
44,0,1,0,0,1,0,1.27,1.8042539222218947,1,0,0,0,0,0,0,0,0,0,1,0,0,0,1,0,0,0,0,0,0,0,0,1,0,0,0,0,0,1,0,0,2.4849066497880004,4.553876891600541,0.0,95.0,69.0,1,0,0,0,0,0,0,0,0,0,0,0,0,1,0,1,0,0,0,0,0,0,0,0,0,0,0,0,1,0,0,0,0.288,-0.5306282510621704,2002,26
44,0,1,0,0,1,0,1.14,5.896632635344605,0,0,0,0,0,0,0,0,1,0,1,0,0,0,1,0,0,0,0,0,0,0,0,1,0,0,0,0,0,1,0,0,2.4849066497880004,4.356708826689592,0.0,78.0,68.0,1,0,0,0,0,0,0,0,0,0,0,0,0,1,0,1,0,0,0,0,0,0,0,0,0,0,0,0,1,0,0,0,0.288,-0.5306282510621704,2002,26
44,0,1,0,0,1,0,-0.07,0.028057470135242613,1,0,0,0,0,0,0,0,0,0,0,0,1,0,0,0,0,0,0,1,0,0,0,1,0,0,0,0,0,1,0,0,2.4849066497880004,4.836281906951478,0.0,126.0,71.0,1,0,0,0,0,0,0,0,0,0,0,0,0,1,0,1,0,0,0,0,0,0,0,0,0,0,0,0,1,0,0,0,0.288,-0.5306282510621704,2002,26
44,0,1,0,0,1,0,-0.008,0.002056242400529845,1,0,0,0,0,0,0,0,0,0,1,0,0,0,0,0,0,0,0,1,0,0,0,1,0,0,0,0,0,1,0,0,2.4849066497880004,4.836281906951478,0.0,126.0,71.0,1,0,0,0,0,0,0,0,0,0,0,0,0,1,0,1,0,0,0,0,0,0,0,0,0,0,0,0,1,0,0,0,0.288,-0.5306282510621704,2002,26
44,0,1,0,0,1,0,-0.05,0.012851515003311534,0,0,0,0,1,0,0,0,0,0,1,0,0,0,0,0,0,0,0,1,0,0,0,1,0,0,0,0,0,1,0,0,2.4849066497880004,4.727387818712341,0.0,113.0,70.0,1,0,0,0,0,0,0,0,0,0,0,0,0,1,0,1,0,0,0,0,0,0,0,0,0,0,0,0,1,0,0,0,0.288,-0.5306282510621704,2002,26
44,0,1,0,0,1,0,-0.26,0.06682787801721997,0,0,0,0,0,0,1,0,0,0,1,0,0,0,0,0,0,0,0,1,0,0,0,1,0,0,0,0,0,1,0,0,2.4849066497880004,4.727387818712341,0.0,113.0,70.0,1,0,0,0,0,0,0,0,0,0,0,0,0,1,0,1,0,0,0,0,0,0,0,0,0,0,0,0,1,0,0,0,0.288,-0.5306282510621704,2002,26
44,0,1,0,0,1,0,-0.5,0.21440702532177056,0,0,0,0,0,0,0,1,0,0,0,1,0,0,0,0,0,0,0,1,0,0,0,1,0,0,0,0,0,1,0,0,2.4849066497880004,4.836281906951478,0.0,126.0,71.0,1,0,0,0,0,0,0,0,0,0,0,0,0,1,0,1,0,0,0,0,0,0,0,0,0,0,0,0,1,0,0,0,0.288,-0.5306282510621704,2002,26
44,0,1,0,0,1,0,-0.007,0.0017992121004636148,1,0,0,0,0,0,0,0,0,0,1,0,0,0,0,0,0,0,0,1,0,0,0,1,0,0,0,0,0,1,0,0,2.4849066497880004,4.727387818712341,0.0,113.0,70.0,1,0,0,0,0,0,0,0,0,0,0,0,0,1,0,1,0,0,0,0,0,0,0,0,0,0,0,0,1,0,0,0,0.288,-0.5306282510621704,2002,26
44,0,1,0,0,1,0,0.024,0.0061687272015895364,1,0,0,0,0,0,0,0,0,0,1,0,0,0,0,0,0,0,0,1,0,0,0,1,0,0,0,0,0,1,0,0,2.4849066497880004,4.836281906951478,0.0,126.0,71.0,1,0,0,0,0,0,0,0,0,0,0,0,0,1,0,1,0,0,0,0,0,0,0,0,0,0,0,0,1,0,0,0,0.288,-0.5306282510621704,2002,26
44,0,1,0,0,1,0,-0.29,0.07453878701920688,1,0,0,0,0,0,0,0,0,0,1,0,0,0,0,0,0,0,0,1,0,0,0,1,0,0,0,0,0,1,0,0,2.4849066497880004,4.836281906951478,0.0,126.0,71.0,1,0,0,0,0,0,0,0,0,0,0,0,0,1,0,1,0,0,0,0,0,0,0,0,0,0,0,0,1,0,0,0,0.288,-0.5306282510621704,2002,26
44,0,1,0,0,1,0,-0.46,0.11823393803046611,0,0,0,0,0,0,0,0,1,0,1,0,0,0,0,0,0,0,0,1,0,0,0,1,0,0,0,0,0,1,0,0,2.4849066497880004,4.836281906951478,0.0,126.0,71.0,1,0,0,0,0,0,0,0,0,0,0,0,0,1,0,1,0,0,0,0,0,0,0,0,0,0,0,0,1,0,0,0,0.288,-0.5306282510621704,2002,26
44,0,1,0,0,1,0,-0.22,0.08962378134938716,0,0,0,0,0,1,0,0,0,0,1,0,0,0,0,0,0,0,0,1,0,0,0,1,0,0,0,0,0,1,0,0,2.4849066497880004,4.836281906951478,0.0,126.0,71.0,1,0,0,0,0,0,0,0,0,0,0,0,0,1,0,1,0,0,0,0,0,0,0,0,0,0,0,0,1,0,0,0,0.288,-0.5306282510621704,2002,26
47,1,0,0,1,0,0,0.9826,0.0241,0,0,0,0,0,1,0,0,0,0,1,0,0,0,1,0,0,0,0,0,0,1,0,0,0,0,0,0,1,0,0,0,1.3862943611198906,5.365976015021851,0.0,214.0,63.0,1,0,0,0,0,0,1,0,0,0,0,0,0,0,0,1,0,0,0,0,0,0,0,0,0,0,0,0,1,0,0,0,0.226,-0.4418327522790392,1991,15
47,1,0,0,1,0,0,0.9791,0.0241,0,0,0,0,0,1,0,0,0,0,1,0,0,0,1,0,0,0,0,0,0,1,0,0,0,0,0,0,1,0,0,0,1.3862943611198906,5.365976015021851,0.0,214.0,63.0,1,0,0,0,0,0,0,0,0,0,0,1,0,0,0,1,0,0,0,0,0,0,0,0,0,0,0,0,1,0,0,0,0.226,-0.4418327522790392,1991,15
47,1,0,0,1,0,0,1.0144,0.0126,0,0,0,1,0,0,0,0,0,0,1,0,0,0,1,0,0,0,0,0,0,1,0,0,0,0,0,0,1,0,0,0,1.3862943611198906,5.365976015021851,0.0,214.0,63.0,1,0,0,0,0,0,1,0,0,0,0,0,0,0,0,1,0,0,0,0,0,0,0,0,0,0,0,0,1,0,0,0,0.226,-0.4418327522790392,1991,15
47,1,0,0,1,0,0,1.014,0.0126,0,0,0,1,0,0,0,0,0,0,1,0,0,0,1,0,0,0,0,0,0,1,0,0,0,0,0,0,1,0,0,0,1.3862943611198906,5.365976015021851,0.0,214.0,63.0,1,0,0,0,0,0,0,0,0,0,0,1,0,0,0,1,0,0,0,0,0,0,0,0,0,0,0,0,1,0,0,0,0.226,-0.4418327522790392,1991,15
47,1,0,0,1,0,0,1.0071,0.0146,0,0,0,0,1,0,0,0,0,0,1,0,0,0,1,0,0,0,0,0,0,1,0,0,0,0,0,0,1,0,0,0,1.3862943611198906,5.365976015021851,0.0,214.0,63.0,1,0,0,0,0,0,1,0,0,0,0,0,0,0,0,1,0,0,0,0,0,0,0,0,0,0,0,0,1,0,0,0,0.226,-0.4418327522790392,1991,15
47,1,0,0,1,0,0,1.0065,0.0146,0,0,0,0,1,0,0,0,0,0,1,0,0,0,1,0,0,0,0,0,0,1,0,0,0,0,0,0,1,0,0,0,1.3862943611198906,5.365976015021851,0.0,214.0,63.0,1,0,0,0,0,0,0,0,0,0,0,1,0,0,0,1,0,0,0,0,0,0,0,0,0,0,0,0,1,0,0,0,0.226,-0.4418327522790392,1991,15
47,1,0,0,1,0,0,1.0156,0.0135,0,0,0,0,0,0,0,0,1,0,1,0,0,0,1,0,0,0,0,0,0,1,0,0,0,0,0,0,1,0,0,0,1.3862943611198906,5.365976015021851,0.0,214.0,63.0,1,0,0,0,0,0,1,0,0,0,0,0,0,0,0,1,0,0,0,0,0,0,0,0,0,0,0,0,1,0,0,0,0.226,-0.4418327522790392,1991,15
47,1,0,0,1,0,0,1.0145,0.0135,0,0,0,0,0,0,0,0,1,0,1,0,0,0,1,0,0,0,0,0,0,1,0,0,0,0,0,0,1,0,0,0,1.3862943611198906,5.365976015021851,0.0,214.0,63.0,1,0,0,0,0,0,0,0,0,0,0,1,0,0,0,1,0,0,0,0,0,0,0,0,0,0,0,0,1,0,0,0,0.226,-0.4418327522790392,1991,15
47,1,0,0,1,0,0,1.0043,0.0116,0,0,0,0,0,0,0,1,0,0,0,1,0,0,1,0,0,0,0,0,0,1,0,0,0,0,0,0,1,0,0,0,1.3862943611198906,5.231108616854587,0.0,187.0,63.5,1,0,0,0,0,0,1,0,0,0,0,0,0,0,0,1,0,0,0,0,0,0,0,0,0,0,0,0,1,0,0,0,0.226,-0.4418327522790392,1991,15
47,1,0,0,1,0,0,1.0025,0.0116,0,0,0,0,0,0,0,1,0,0,0,1,0,0,1,0,0,0,0,0,0,1,0,0,0,0,0,0,1,0,0,0,1.3862943611198906,5.231108616854587,0.0,187.0,63.5,1,0,0,0,0,0,0,0,0,0,0,1,0,0,0,1,0,0,0,0,0,0,0,0,0,0,0,0,1,0,0,0,0.226,-0.4418327522790392,1991,15
47,1,0,0,1,0,0,0.9359,0.0364,0,0,0,0,0,1,0,0,0,0,1,0,0,0,1,0,0,0,0,0,0,0,1,0,0,0,0,0,1,0,0,0,2.0794415416798357,5.365976015021851,0.0,214.0,63.0,1,0,0,0,0,0,1,0,0,0,0,0,0,0,0,1,0,0,0,0,0,0,0,0,0,0,0,0,1,0,0,0,0.226,-0.4418327522790392,1991,15
47,1,0,0,1,0,0,0.9323,0.0364,0,0,0,0,0,1,0,0,0,0,1,0,0,0,1,0,0,0,0,0,0,0,1,0,0,0,0,0,1,0,0,0,2.0794415416798357,5.365976015021851,0.0,214.0,63.0,1,0,0,0,0,0,0,0,0,0,0,1,0,0,0,1,0,0,0,0,0,0,0,0,0,0,0,0,1,0,0,0,0.226,-0.4418327522790392,1991,15
47,1,0,0,1,0,0,1.0247,0.0176,0,0,0,1,0,0,0,0,0,0,1,0,0,0,1,0,0,0,0,0,0,0,1,0,0,0,0,0,1,0,0,0,2.0794415416798357,5.365976015021851,0.0,214.0,63.0,1,0,0,0,0,0,1,0,0,0,0,0,0,0,0,1,0,0,0,0,0,0,0,0,0,0,0,0,1,0,0,0,0.226,-0.4418327522790392,1991,15
47,1,0,0,1,0,0,1.0252,0.0176,0,0,0,1,0,0,0,0,0,0,1,0,0,0,1,0,0,0,0,0,0,0,1,0,0,0,0,0,1,0,0,0,2.0794415416798357,5.365976015021851,0.0,214.0,63.0,1,0,0,0,0,0,0,0,0,0,0,1,0,0,0,1,0,0,0,0,0,0,0,0,0,0,0,0,1,0,0,0,0.226,-0.4418327522790392,1991,15
47,1,0,0,1,0,0,1.0101,0.0198,0,0,0,0,1,0,0,0,0,0,1,0,0,0,1,0,0,0,0,0,0,0,1,0,0,0,0,0,1,0,0,0,2.0794415416798357,5.365976015021851,0.0,214.0,63.0,1,0,0,0,0,0,1,0,0,0,0,0,0,0,0,1,0,0,0,0,0,0,0,0,0,0,0,0,1,0,0,0,0.226,-0.4418327522790392,1991,15
47,1,0,0,1,0,0,1.0101,0.0198,0,0,0,0,1,0,0,0,0,0,1,0,0,0,1,0,0,0,0,0,0,0,1,0,0,0,0,0,1,0,0,0,2.0794415416798357,5.365976015021851,0.0,214.0,63.0,1,0,0,0,0,0,0,0,0,0,0,1,0,0,0,1,0,0,0,0,0,0,0,0,0,0,0,0,1,0,0,0,0.226,-0.4418327522790392,1991,15
47,1,0,0,1,0,0,1.0247,0.0193,0,0,0,0,0,0,0,0,1,0,1,0,0,0,1,0,0,0,0,0,0,0,1,0,0,0,0,0,1,0,0,0,2.0794415416798357,5.365976015021851,0.0,214.0,63.0,1,0,0,0,0,0,1,0,0,0,0,0,0,0,0,1,0,0,0,0,0,0,0,0,0,0,0,0,1,0,0,0,0.226,-0.4418327522790392,1991,15
47,1,0,0,1,0,0,1.0249,0.0193,0,0,0,0,0,0,0,0,1,0,1,0,0,0,1,0,0,0,0,0,0,0,1,0,0,0,0,0,1,0,0,0,2.0794415416798357,5.365976015021851,0.0,214.0,63.0,1,0,0,0,0,0,0,0,0,0,0,1,0,0,0,1,0,0,0,0,0,0,0,0,0,0,0,0,1,0,0,0,0.226,-0.4418327522790392,1991,15
47,1,0,0,1,0,0,1.0073,0.0176,0,0,0,0,0,0,0,1,0,0,0,1,0,0,1,0,0,0,0,0,0,0,1,0,0,0,0,0,1,0,0,0,2.0794415416798357,5.231108616854587,0.0,187.0,63.5,1,0,0,0,0,0,1,0,0,0,0,0,0,0,0,1,0,0,0,0,0,0,0,0,0,0,0,0,1,0,0,0,0.226,-0.4418327522790392,1991,15
47,1,0,0,1,0,0,1.0044,0.0176,0,0,0,0,0,0,0,1,0,0,0,1,0,0,1,0,0,0,0,0,0,0,1,0,0,0,0,0,1,0,0,0,2.0794415416798357,5.231108616854587,0.0,187.0,63.5,1,0,0,0,0,0,0,0,0,0,0,1,0,0,0,1,0,0,0,0,0,0,0,0,0,0,0,0,1,0,0,0,0.226,-0.4418327522790392,1991,15
104,0,1,0,0,1,0,-0.514,0.8976,0,0,0,1,0,0,0,0,0,0,1,0,0,0,1,0,0,0,0,0,0,1,0,0,0,0,0,0,0,1,0,0,0.0,5.552959584921617,0.0,258.0,66.5,0,0,0,0,0,0,1,0,0,0,0,0,0,0,0,1,0,0,0,0,0,0,0,0,0,0,0,0,0,1,0,0,0.226,0.9675840262617057,2000,24
104,0,1,0,0,1,0,-2.6662,0.9728,0,0,0,0,0,1,0,0,0,0,1,0,0,0,1,0,0,0,0,0,0,1,0,0,0,0,0,0,0,1,0,0,0.0,5.552959584921617,0.0,258.0,66.5,0,0,0,0,0,0,1,0,0,0,0,0,0,0,0,1,0,0,0,0,0,0,0,0,0,0,0,0,0,1,0,0,0.226,0.9675840262617057,2000,24
104,0,1,0,0,1,0,-2.694,0.8958,0,0,0,0,0,0,0,1,0,0,0,1,0,0,1,0,0,0,0,0,0,1,0,0,0,0,0,0,0,1,0,0,0.0,5.552959584921617,0.0,258.0,66.5,0,0,0,0,0,0,1,0,0,0,0,0,0,0,0,1,0,0,0,0,0,0,0,0,0,0,0,0,0,1,0,0,0.226,0.9675840262617057,2000,24
150,0,1,0,0,1,0,0.8226,0.261,1,0,0,0,0,0,0,0,0,0,1,0,0,0,1,0,0,0,0,0,0,0,1,0,0,0,0,0,0,1,0,0,1.0986122886681098,4.30406509320417,0.0,74.0,67.0,1,0,0,0,0,0,1,0,0,0,0,0,0,0,0,1,0,0,0,0,0,0,0,0,0,0,0,1,0,0,0,0,0.226,-0.11778303565638351,2001,25
150,0,1,0,0,1,0,0.6994,0.2805,1,0,0,0,0,0,0,0,0,0,1,0,0,0,1,0,0,0,0,0,0,0,1,0,0,0,0,0,0,1,0,0,1.791759469228055,4.2626798770413155,0.0,71.0,67.0,1,0,0,0,0,0,1,0,0,0,0,0,0,0,0,1,0,0,0,0,0,0,0,0,0,0,0,1,0,0,0,0,0.226,-0.11778303565638351,2001,25
150,0,1,0,0,1,0,0.5351,0.5976,1,0,0,0,0,0,0,0,0,0,1,0,0,0,1,0,0,0,0,0,0,0,0,1,0,0,0,0,0,1,0,0,2.4849066497880004,4.174387269895637,0.0,65.0,67.0,1,0,0,0,0,0,1,0,0,0,0,0,0,0,0,1,0,0,0,0,0,0,0,0,0,0,0,1,0,0,0,0,0.226,-0.11778303565638351,2001,25
150,0,1,0,0,1,0,0.9829,0.2562,1,0,0,0,0,0,0,0,0,0,1,0,0,0,1,0,0,0,0,0,0,0,1,0,0,0,0,0,0,1,0,0,1.0986122886681098,4.30406509320417,0.0,74.0,67.0,1,0,0,0,0,0,1,0,0,0,0,0,0,0,0,1,0,0,0,0,0,0,0,0,0,0,0,1,0,0,0,0,0.226,-0.11778303565638351,2001,25
150,0,1,0,0,1,0,0.9138,0.4359,1,0,0,0,0,0,0,0,0,0,1,0,0,0,1,0,0,0,0,0,0,0,1,0,0,0,0,0,0,1,0,0,1.791759469228055,4.2626798770413155,0.0,71.0,67.0,1,0,0,0,0,0,1,0,0,0,0,0,0,0,0,1,0,0,0,0,0,0,0,0,0,0,0,1,0,0,0,0,0.226,-0.11778303565638351,2001,25
150,0,1,0,0,1,0,1.4454,0.3866,1,0,0,0,0,0,0,0,0,0,1,0,0,0,1,0,0,0,0,0,0,0,0,1,0,0,0,0,0,1,0,0,2.4849066497880004,4.174387269895637,0.0,65.0,67.0,1,0,0,0,0,0,1,0,0,0,0,0,0,0,0,1,0,0,0,0,0,0,0,0,0,0,0,1,0,0,0,0,0.226,-0.11778303565638351,2001,25
150,0,1,0,0,1,0,0.9152,0.1069,1,0,0,0,0,0,0,0,0,0,1,0,0,0,0,0,0,0,0,1,0,0,1,0,0,0,0,0,0,1,0,0,1.0986122886681098,4.30406509320417,0.0,74.0,67.0,1,0,0,0,0,0,1,0,0,0,0,0,0,0,0,1,0,0,0,0,0,0,0,0,0,0,0,1,0,0,0,0,0.226,-0.11778303565638351,2001,25
150,0,1,0,0,1,0,0.7945,0.2178,1,0,0,0,0,0,0,0,0,0,1,0,0,0,0,0,0,0,0,1,0,0,1,0,0,0,0,0,0,1,0,0,1.791759469228055,4.2626798770413155,0.0,71.0,67.0,1,0,0,0,0,0,1,0,0,0,0,0,0,0,0,1,0,0,0,0,0,0,0,0,0,0,0,1,0,0,0,0,0.226,-0.11778303565638351,2001,25
150,0,1,0,0,1,0,0.5916,0.5313,1,0,0,0,0,0,0,0,0,0,1,0,0,0,0,0,0,0,0,1,0,0,0,1,0,0,0,0,0,1,0,0,2.4849066497880004,4.174387269895637,0.0,65.0,67.0,1,0,0,0,0,0,1,0,0,0,0,0,0,0,0,1,0,0,0,0,0,0,0,0,0,0,0,1,0,0,0,0,0.226,-0.11778303565638351,2001,25
152,0,1,0,0,1,0,-1.378,1.516,1,0,0,0,0,0,0,0,0,0,1,0,0,0,1,0,0,0,0,0,0,1,0,0,0,0,0,0,0,1,0,0,0.0,4.564348191467836,0.0,96.0,61.5,0,0,0,0,0,0,1,0,0,0,0,0,0,0,0,1,0,0,0,0,0,0,0,0,0,0,0,0,0,0,0,1,0.226,1.1176470588235294,2002,26
152,0,1,0,0,1,0,-1.944,0.947,1,0,0,0,0,0,0,0,0,0,0,0,1,0,1,0,0,0,0,0,0,1,0,0,0,0,0,0,0,1,0,0,0.0,4.564348191467836,0.0,96.0,61.5,0,0,0,0,0,0,1,0,0,0,0,0,0,0,0,1,0,0,0,0,0,0,0,0,0,0,0,0,0,0,0,1,0.226,1.1176470588235294,2002,26
152,0,1,0,0,1,0,0.258,0.925,0,0,0,0,1,0,0,0,0,0,1,0,0,0,1,0,0,0,0,0,0,1,0,0,0,0,0,0,0,1,0,0,0.0,4.564348191467836,0.0,96.0,61.5,0,0,0,0,0,0,1,0,0,0,0,0,0,0,0,1,0,0,0,0,0,0,0,0,0,0,0,0,0,0,0,1,0.226,1.1176470588235294,2002,26
152,0,1,0,0,1,0,-4.509,2.187,0,0,0,1,0,0,0,0,0,0,1,0,0,0,1,0,0,0,0,0,0,1,0,0,0,0,0,0,0,1,0,0,0.0,4.564348191467836,0.0,96.0,61.5,0,0,0,0,0,0,1,0,0,0,0,0,0,0,0,1,0,0,0,0,0,0,0,0,0,0,0,0,0,0,0,1,0.226,1.1176470588235294,2002,26
152,0,1,0,0,1,0,-0.622,0.965,0,0,0,0,0,0,1,0,0,0,1,0,0,0,1,0,0,0,0,0,0,1,0,0,0,0,0,0,0,1,0,0,0.0,4.564348191467836,0.0,96.0,61.5,0,0,0,0,0,0,1,0,0,0,0,0,0,0,0,1,0,0,0,0,0,0,0,0,0,0,0,0,0,0,0,1,0.226,1.1176470588235294,2002,26
152,0,1,0,0,1,0,-2.941,1.3,0,0,0,0,0,0,0,1,0,0,0,1,0,0,1,0,0,0,0,0,0,1,0,0,0,0,0,0,0,1,0,0,0.0,4.564348191467836,0.0,96.0,61.5,0,0,0,0,0,0,1,0,0,0,0,0,0,0,0,1,0,0,0,0,0,0,0,0,0,0,0,0,0,0,0,1,0.226,1.1176470588235294,2002,26
152,0,1,0,0,1,0,-5.644,1.764,1,0,0,0,0,0,0,0,0,0,1,0,0,0,1,0,0,0,0,0,0,1,0,0,0,0,0,0,0,1,0,0,0.0,4.564348191467836,0.0,96.0,61.5,0,0,0,0,0,0,1,0,0,0,0,0,0,0,0,1,0,0,0,0,0,0,0,0,0,0,0,0,0,0,0,1,0.226,1.1176470588235294,2002,26
152,0,1,0,0,1,0,-1.91,0.819,1,0,0,0,0,0,0,0,0,0,1,0,0,0,1,0,0,0,0,0,0,1,0,0,0,0,0,0,0,1,0,0,0.0,4.564348191467836,0.0,96.0,61.5,0,0,0,0,0,0,1,0,0,0,0,0,0,0,0,1,0,0,0,0,0,0,0,0,0,0,0,0,0,0,0,1,0.226,1.1176470588235294,2002,26
152,0,1,0,0,1,0,-5.217,1.644,0,0,0,0,0,0,0,0,1,0,1,0,0,0,1,0,0,0,0,0,0,1,0,0,0,0,0,0,0,1,0,0,0.0,4.564348191467836,0.0,96.0,61.5,0,0,0,0,0,0,1,0,0,0,0,0,0,0,0,1,0,0,0,0,0,0,0,0,0,0,0,0,0,0,0,1,0.226,1.1176470588235294,2002,26
152,0,1,0,0,1,0,-4.717,1.343,0,0,0,0,0,1,0,0,0,0,1,0,0,0,1,0,0,0,0,0,0,1,0,0,0,0,0,0,0,1,0,0,0.0,4.564348191467836,0.0,96.0,61.5,0,0,0,0,0,0,1,0,0,0,0,0,0,0,0,1,0,0,0,0,0,0,0,0,0,0,0,0,0,0,0,1,0.226,1.1176470588235294,2002,26
152,0,1,0,0,1,0,-1.628,1.422,1,0,0,0,0,0,0,0,0,0,1,0,0,0,1,0,0,0,0,0,0,1,0,0,0,0,0,0,0,1,0,0,0.0,4.564348191467836,0.0,96.0,61.5,0,0,0,0,0,1,1,0,0,0,0,0,0,0,0,1,0,0,0,0,0,0,0,0,0,0,0,0,0,0,0,1,0.226,1.1176470588235294,2002,26
152,0,1,0,0,1,0,-1.829,0.983,1,0,0,0,0,0,0,0,0,0,0,0,1,0,1,0,0,0,0,0,0,1,0,0,0,0,0,0,0,1,0,0,0.0,4.564348191467836,0.0,96.0,61.5,0,0,0,0,0,1,1,0,0,0,0,0,0,0,0,1,0,0,0,0,0,0,0,0,0,0,0,0,0,0,0,1,0.226,1.1176470588235294,2002,26
152,0,1,0,0,1,0,0.291,0.847,0,0,0,0,1,0,0,0,0,0,1,0,0,0,1,0,0,0,0,0,0,1,0,0,0,0,0,0,0,1,0,0,0.0,4.564348191467836,0.0,96.0,61.5,0,0,0,0,0,1,1,0,0,0,0,0,0,0,0,1,0,0,0,0,0,0,0,0,0,0,0,0,0,0,0,1,0.226,1.1176470588235294,2002,26
152,0,1,0,0,1,0,-1.986,2.287,0,0,0,1,0,0,0,0,0,0,1,0,0,0,1,0,0,0,0,0,0,1,0,0,0,0,0,0,0,1,0,0,0.0,4.564348191467836,0.0,96.0,61.5,0,0,0,0,0,1,1,0,0,0,0,0,0,0,0,1,0,0,0,0,0,0,0,0,0,0,0,0,0,0,0,1,0.226,1.1176470588235294,2002,26
152,0,1,0,0,1,0,-1.685,0.919,0,0,0,0,0,0,1,0,0,0,1,0,0,0,1,0,0,0,0,0,0,1,0,0,0,0,0,0,0,1,0,0,0.0,4.564348191467836,0.0,96.0,61.5,0,0,0,0,0,1,1,0,0,0,0,0,0,0,0,1,0,0,0,0,0,0,0,0,0,0,0,0,0,0,0,1,0.226,1.1176470588235294,2002,26
152,0,1,0,0,1,0,-2.195,1.408,0,0,0,0,0,0,0,1,0,0,0,1,0,0,1,0,0,0,0,0,0,1,0,0,0,0,0,0,0,1,0,0,0.0,4.564348191467836,0.0,96.0,61.5,0,0,0,0,0,1,1,0,0,0,0,0,0,0,0,1,0,0,0,0,0,0,0,0,0,0,0,0,0,0,0,1,0.226,1.1176470588235294,2002,26
152,0,1,0,0,1,0,-3.487,1.966,1,0,0,0,0,0,0,0,0,0,1,0,0,0,1,0,0,0,0,0,0,1,0,0,0,0,0,0,0,1,0,0,0.0,4.564348191467836,0.0,96.0,61.5,0,0,0,0,0,1,1,0,0,0,0,0,0,0,0,1,0,0,0,0,0,0,0,0,0,0,0,0,0,0,0,1,0.226,1.1176470588235294,2002,26
152,0,1,0,0,1,0,-0.649,1.315,1,0,0,0,0,0,0,0,0,0,1,0,0,0,1,0,0,0,0,0,0,1,0,0,0,0,0,0,0,1,0,0,0.0,4.564348191467836,0.0,96.0,61.5,0,0,0,0,0,1,1,0,0,0,0,0,0,0,0,1,0,0,0,0,0,0,0,0,0,0,0,0,0,0,0,1,0.226,1.1176470588235294,2002,26
152,0,1,0,0,1,0,-3.714,2.247,0,0,0,0,0,0,0,0,1,0,1,0,0,0,1,0,0,0,0,0,0,1,0,0,0,0,0,0,0,1,0,0,0.0,4.564348191467836,0.0,96.0,61.5,0,0,0,0,0,1,1,0,0,0,0,0,0,0,0,1,0,0,0,0,0,0,0,0,0,0,0,0,0,0,0,1,0.226,1.1176470588235294,2002,26
152,0,1,0,0,1,0,-4.131,1.453,0,0,0,0,0,1,0,0,0,0,1,0,0,0,1,0,0,0,0,0,0,1,0,0,0,0,0,0,0,1,0,0,0.0,4.564348191467836,0.0,96.0,61.5,0,0,0,0,0,1,1,0,0,0,0,0,0,0,0,1,0,0,0,0,0,0,0,0,0,0,0,0,0,0,0,1,0.226,1.1176470588235294,2002,26
28,1,0,0,1,0,0,0.9964,0.0032,0,0,0,0,0,0,0,1,0,0,0,1,0,0,1,0,0,0,0,0,1,0,0,0,0,0,0,1,0,0,0,0,0.0,6.692083742506628,0.0,806.0,77.5,0,0,0,0,0,0,1,0,0,0,0,0,0,0,0,1,0,0,0,0,0,0,0,0,0,0,0,0,0,0,0,1,0.179,0.75,2003,27
28,1,0,0,1,0,0,0.995,0.0028,0,0,0,0,0,1,0,0,0,0,1,0,0,0,1,0,0,0,0,0,1,0,0,0,0,0,0,1,0,0,0,0,0.0,6.692083742506628,0.0,806.0,77.5,0,0,0,0,0,0,1,0,0,0,0,0,0,0,0,1,0,0,0,0,0,0,0,0,0,0,0,0,0,0,0,1,0.179,0.75,2003,27
28,1,0,0,1,0,0,0.9942,0.0043,1,0,0,0,0,0,0,0,0,0,0,0,1,0,1,0,0,0,0,0,1,0,0,0,0,0,0,1,0,0,0,0,0.0,6.692083742506628,0.0,806.0,77.5,0,0,0,0,0,0,1,0,0,0,0,0,0,0,0,1,0,0,0,0,0,0,0,0,0,0,0,0,0,0,0,1,0.179,0.75,2003,27
28,1,0,0,1,0,0,0.9971,0.0031,0,0,0,0,0,0,0,1,0,0,0,1,0,0,1,0,0,0,0,0,1,0,0,0,0,0,0,1,0,0,0,0,0.0,6.692083742506628,0.0,806.0,77.5,0,0,0,0,0,0,0,0,0,0,0,0,1,0,0,1,0,0,0,0,0,0,0,0,0,0,0,0,0,0,0,1,0.179,0.75,2003,27
28,1,0,0,1,0,0,0.9989,0.0021,0,0,0,0,0,1,0,0,0,0,1,0,0,0,1,0,0,0,0,0,1,0,0,0,0,0,0,1,0,0,0,0,0.0,6.692083742506628,0.0,806.0,77.5,0,0,0,0,0,0,0,0,0,0,0,0,1,0,0,1,0,0,0,0,0,0,0,0,0,0,0,0,0,0,0,1,0.179,0.75,2003,27
28,1,0,0,1,0,0,0.9961,0.0044,1,0,0,0,0,0,0,0,0,0,0,0,1,0,1,0,0,0,0,0,1,0,0,0,0,0,0,1,0,0,0,0,0.0,6.692083742506628,0.0,806.0,77.5,0,0,0,0,0,0,0,0,0,0,0,0,1,0,0,1,0,0,0,0,0,0,0,0,0,0,0,0,0,0,0,1,0.179,0.75,2003,27
28,1,0,0,1,0,0,0.9872,0.0062,0,0,0,0,0,0,0,1,0,0,0,1,0,0,1,0,0,0,0,0,1,0,0,0,0,0,0,0,1,0,0,0,0.0,6.148468295917647,0.0,468.0,75.0,0,0,0,0,0,0,1,0,0,0,0,0,0,0,0,1,0,0,0,0,0,0,0,0,0,0,0,0,0,0,0,1,0.179,0.75,2003,27
28,1,0,0,1,0,0,0.9921,0.0074,0,0,0,0,0,1,0,0,0,0,1,0,0,0,1,0,0,0,0,0,1,0,0,0,0,0,0,0,1,0,0,0,0.0,6.148468295917647,0.0,468.0,75.0,0,0,0,0,0,0,1,0,0,0,0,0,0,0,0,1,0,0,0,0,0,0,0,0,0,0,0,0,0,0,0,1,0.179,0.75,2003,27
28,1,0,0,1,0,0,1.0001,0.0038,1,0,0,0,0,0,0,0,0,0,0,0,1,0,1,0,0,0,0,0,1,0,0,0,0,0,0,0,1,0,0,0,0.0,6.148468295917647,0.0,468.0,75.0,0,0,0,0,0,0,1,0,0,0,0,0,0,0,0,1,0,0,0,0,0,0,0,0,0,0,0,0,0,0,0,1,0.179,0.75,2003,27
28,1,0,0,1,0,0,0.9986,0.0057,0,0,0,0,0,0,0,1,0,0,0,1,0,0,1,0,0,0,0,0,1,0,0,0,0,0,0,0,1,0,0,0,0.0,6.148468295917647,0.0,468.0,75.0,0,0,0,0,0,0,0,0,0,0,0,0,1,0,0,1,0,0,0,0,0,0,0,0,0,0,0,0,0,0,0,1,0.179,0.75,2003,27
28,1,0,0,1,0,0,0.9945,0.0063,0,0,0,0,0,1,0,0,0,0,1,0,0,0,1,0,0,0,0,0,1,0,0,0,0,0,0,0,1,0,0,0,0.0,6.148468295917647,0.0,468.0,75.0,0,0,0,0,0,0,0,0,0,0,0,0,1,0,0,1,0,0,0,0,0,0,0,0,0,0,0,0,0,0,0,1,0.179,0.75,2003,27
28,1,0,0,1,0,0,1.0,0.0034,1,0,0,0,0,0,0,0,0,0,0,0,1,0,1,0,0,0,0,0,1,0,0,0,0,0,0,0,1,0,0,0,0.0,6.148468295917647,0.0,468.0,75.0,0,0,0,0,0,0,0,0,0,0,0,0,1,0,0,1,0,0,0,0,0,0,0,0,0,0,0,0,0,0,0,1,0.179,0.75,2003,27
28,0,1,0,0,1,0,-3.4552,1.8148,0,0,0,0,0,0,0,1,0,0,0,1,0,0,1,0,0,0,0,0,1,0,0,0,0,0,0,1,0,0,0,0,0.0,6.692083742506628,0.0,806.0,77.5,0,0,0,0,0,0,1,0,0,0,0,0,0,0,0,1,0,0,0,0,0,0,0,0,0,0,0,0,0,0,0,1,0.179,0.75,2003,27
28,0,1,0,0,1,0,-0.2931,2.3153,0,0,0,0,0,1,0,0,0,0,1,0,0,0,1,0,0,0,0,0,1,0,0,0,0,0,0,1,0,0,0,0,0.0,6.692083742506628,0.0,806.0,77.5,0,0,0,0,0,0,1,0,0,0,0,0,0,0,0,1,0,0,0,0,0,0,0,0,0,0,0,0,0,0,0,1,0.179,0.75,2003,27
28,0,1,0,0,1,0,-2.086,2.6759,1,0,0,0,0,0,0,0,0,0,0,0,1,0,1,0,0,0,0,0,1,0,0,0,0,0,0,1,0,0,0,0,0.0,6.692083742506628,0.0,806.0,77.5,0,0,0,0,0,0,1,0,0,0,0,0,0,0,0,1,0,0,0,0,0,0,0,0,0,0,0,0,0,0,0,1,0.179,0.75,2003,27
28,0,1,0,0,1,0,0.1558,1.7122,0,0,0,0,0,0,0,1,0,0,0,1,0,0,1,0,0,0,0,0,1,0,0,0,0,0,0,1,0,0,0,0,0.0,6.692083742506628,0.0,806.0,77.5,0,0,0,0,0,0,0,0,0,0,0,0,1,0,0,1,0,0,0,0,0,0,0,0,0,0,0,0,0,0,0,1,0.179,0.75,2003,27
28,0,1,0,0,1,0,1.7852,1.9943,0,0,0,0,0,1,0,0,0,0,1,0,0,0,1,0,0,0,0,0,1,0,0,0,0,0,0,1,0,0,0,0,0.0,6.692083742506628,0.0,806.0,77.5,0,0,0,0,0,0,0,0,0,0,0,0,1,0,0,1,0,0,0,0,0,0,0,0,0,0,0,0,0,0,0,1,0.179,0.75,2003,27
28,0,1,0,0,1,0,1.6924,2.8459,1,0,0,0,0,0,0,0,0,0,0,0,1,0,1,0,0,0,0,0,1,0,0,0,0,0,0,1,0,0,0,0,0.0,6.692083742506628,0.0,806.0,77.5,0,0,0,0,0,0,0,0,0,0,0,0,1,0,0,1,0,0,0,0,0,0,0,0,0,0,0,0,0,0,0,1,0.179,0.75,2003,27
28,0,1,0,0,1,0,-0.268,0.3309,0,0,0,0,0,0,0,1,0,0,0,1,0,0,1,0,0,0,0,0,1,0,0,0,0,0,0,0,1,0,0,0,0.0,6.148468295917647,0.0,468.0,75.0,0,0,0,0,0,0,1,0,0,0,0,0,0,0,0,1,0,0,0,0,0,0,0,0,0,0,0,0,0,0,0,1,0.179,0.75,2003,27
28,0,1,0,0,1,0,-0.5446,0.1682,0,0,0,0,0,1,0,0,0,0,1,0,0,0,1,0,0,0,0,0,1,0,0,0,0,0,0,0,1,0,0,0,0.0,6.148468295917647,0.0,468.0,75.0,0,0,0,0,0,0,1,0,0,0,0,0,0,0,0,1,0,0,0,0,0,0,0,0,0,0,0,0,0,0,0,1,0.179,0.75,2003,27
28,0,1,0,0,1,0,0.1362,0.1897,1,0,0,0,0,0,0,0,0,0,0,0,1,0,1,0,0,0,0,0,1,0,0,0,0,0,0,0,1,0,0,0,0.0,6.148468295917647,0.0,468.0,75.0,0,0,0,0,0,0,1,0,0,0,0,0,0,0,0,1,0,0,0,0,0,0,0,0,0,0,0,0,0,0,0,1,0.179,0.75,2003,27
28,0,1,0,0,1,0,-0.2376,0.125,0,0,0,0,0,0,0,1,0,0,0,1,0,0,1,0,0,0,0,0,1,0,0,0,0,0,0,0,1,0,0,0,0.0,6.148468295917647,0.0,468.0,75.0,0,0,0,0,0,0,0,0,0,0,0,0,1,0,0,1,0,0,0,0,0,0,0,0,0,0,0,0,0,0,0,1,0.179,0.75,2003,27
28,0,1,0,0,1,0,-0.6187,0.1007,0,0,0,0,0,1,0,0,0,0,1,0,0,0,1,0,0,0,0,0,1,0,0,0,0,0,0,0,1,0,0,0,0.0,6.148468295917647,0.0,468.0,75.0,0,0,0,0,0,0,0,0,0,0,0,0,1,0,0,1,0,0,0,0,0,0,0,0,0,0,0,0,0,0,0,1,0.179,0.75,2003,27
28,0,1,0,0,1,0,0.1183,0.1236,1,0,0,0,0,0,0,0,0,0,0,0,1,0,1,0,0,0,0,0,1,0,0,0,0,0,0,0,1,0,0,0,0.0,6.148468295917647,0.0,468.0,75.0,0,0,0,0,0,0,0,0,0,0,0,0,1,0,0,1,0,0,0,0,0,0,0,0,0,0,0,0,0,0,0,1,0.179,0.75,2003,27
93,0,0,1,0,0,1,-0.338,2.323,1,0,0,0,0,0,0,0,0,0,0,0,1,0,0,0,0,0,0,1,0,1,0,0,0,0,0,0,0,1,0,0,0.0,5.123963979403259,0.0,168.0,83.5,0,0,0,0,0,0,1,0,0,0,0,0,0,0,0,1,0,0,0,0,0,0,0,0,0,0,0,0,1,0,0,0,0.16,0.5,2015,39
93,0,0,1,0,0,1,-0.091,0.523,1,0,0,0,0,0,0,0,0,0,0,0,1,0,0,0,0,0,0,1,0,1,0,0,0,0,0,0,0,1,0,0,0.0,5.123963979403259,0.0,168.0,83.5,0,0,0,0,0,0,1,0,0,0,0,0,0,0,0,1,0,0,0,0,0,0,0,0,0,0,0,0,1,0,0,0,0.16,0.5,2015,39
93,0,0,1,0,0,1,0.098,0.065,0,0,0,0,0,0,0,1,0,0,0,1,0,0,0,0,0,0,0,1,0,1,0,0,0,0,0,0,0,1,0,0,0.0,5.123963979403259,0.0,168.0,83.5,0,0,0,0,0,0,1,0,0,0,0,0,0,0,0,1,0,0,0,0,0,0,0,0,0,0,0,0,1,0,0,0,0.16,0.5,2015,39
93,0,0,1,0,0,1,0.499,0.43,0,0,0,0,0,0,0,0,1,0,1,0,0,0,0,0,0,0,0,1,0,1,0,0,0,0,0,0,0,1,0,0,0.0,5.123963979403259,0.0,168.0,83.5,0,0,0,0,0,0,1,0,0,0,0,0,0,0,0,1,0,0,0,0,0,0,0,0,0,0,0,0,1,0,0,0,0.16,0.5,2015,39
93,0,0,1,0,0,1,-0.213,0.319,0,0,0,0,0,1,0,0,0,0,1,0,0,0,0,0,0,0,0,1,0,1,0,0,0,0,0,0,0,1,0,0,0.0,5.123963979403259,0.0,168.0,83.5,0,0,0,0,0,0,1,0,0,0,0,0,0,0,0,1,0,0,0,0,0,0,0,0,0,0,0,0,1,0,0,0,0.16,0.5,2015,39
93,0,0,1,0,0,1,-0.02,0.287,1,0,0,0,0,0,0,0,0,0,0,0,1,0,0,0,0,0,0,1,0,1,0,0,0,0,0,0,0,1,0,0,0.0,5.123963979403259,0.0,168.0,83.5,0,0,0,0,0,0,1,0,0,0,0,0,0,0,0,1,0,0,0,0,0,0,0,0,0,0,0,0,1,0,0,0,0.16,0.5,2015,39
143,0,1,0,0,1,0,-0.2865,0.1586,0,0,0,0,0,0,0,1,0,0,0,1,0,0,1,0,0,0,0,0,0,1,0,0,0,0,0,0,1,0,0,0,1.3862943611198906,6.844815479208263,0.0,939.0,71.5,1,0,0,0,0,0,1,0,0,0,0,0,0,0,0,1,0,0,0,0,0,0,0,0,0,0,0,0,1,0,0,0,0.16,12.692307692307692,2006,30
143,0,1,0,0,1,0,-0.3098,0.2588,0,0,0,0,0,1,0,0,0,0,1,0,0,0,1,0,0,0,0,0,0,1,0,0,0,0,0,0,1,0,0,0,1.3862943611198906,6.844815479208263,0.0,939.0,71.5,1,0,0,0,0,0,1,0,0,0,0,0,0,0,0,1,0,0,0,0,0,0,0,0,0,0,0,0,1,0,0,0,0.16,12.692307692307692,2006,30
143,0,1,0,0,1,0,0.3212,0.1495,0,0,0,1,0,0,0,0,0,0,1,0,0,0,1,0,0,0,0,0,0,1,0,0,0,0,0,0,1,0,0,0,1.3862943611198906,6.517671272912275,0.0,677.0,70.0,1,0,0,0,0,0,1,0,0,0,0,0,0,0,0,1,0,0,0,0,0,0,0,0,0,0,0,0,1,0,0,0,0.16,12.692307692307692,2006,30
143,0,1,0,0,1,0,-0.8883,0.4422,0,0,0,0,0,0,0,0,0,1,1,0,0,0,1,0,0,0,0,0,0,1,0,0,0,0,0,0,1,0,0,0,1.3862943611198906,5.337538079701318,0.0,208.0,78.5,1,0,0,0,0,0,1,0,0,0,0,0,0,0,0,1,0,0,0,0,0,0,0,0,0,0,0,0,1,0,0,0,0.16,12.692307692307692,2006,30
143,0,1,0,0,1,0,-0.3786,0.1645,0,0,0,0,0,0,0,0,1,0,1,0,0,0,1,0,0,0,0,0,0,1,0,0,0,0,0,0,1,0,0,0,1.3862943611198906,6.844815479208263,0.0,939.0,71.5,1,0,0,0,0,0,1,0,0,0,0,0,0,0,0,1,0,0,0,0,0,0,0,0,0,0,0,0,1,0,0,0,0.16,12.692307692307692,2006,30
143,0,1,0,0,1,0,-0.5719,0.2278,0,0,0,0,0,0,0,1,0,0,0,1,0,0,1,0,0,0,0,0,0,1,0,0,0,0,0,0,1,0,0,0,1.3862943611198906,6.6463645404844245,0.0,769.9799999999999,71.5,1,0,0,0,0,0,0,0,0,0,1,0,0,0,0,0,0,0,0,0,0,0,0,1,0,0,0,0,1,0,0,0,0.16,12.692307692307692,2006,30
143,0,1,0,0,1,0,-0.4708,0.1557,0,0,0,0,0,1,0,0,0,0,1,0,0,0,1,0,0,0,0,0,0,1,0,0,0,0,0,0,1,0,0,0,1.3862943611198906,6.814356271723554,0.0,910.8299999999999,71.5,1,0,0,0,0,0,0,0,0,0,1,0,0,0,0,0,0,0,0,0,0,0,0,1,0,0,0,0,1,0,0,0,0.16,12.692307692307692,2006,30
143,0,1,0,0,1,0,0.154,0.0633,0,0,0,1,0,0,0,0,0,0,1,0,0,0,1,0,0,0,0,0,0,1,0,0,0,0,0,0,1,0,0,0,1.3862943611198906,6.13200879210029,0.0,460.36,70.0,1,0,0,0,0,0,0,0,0,0,1,0,0,0,0,0,0,0,0,0,0,0,0,1,0,0,0,0,1,0,0,0,0.16,12.692307692307692,2006,30
143,0,1,0,0,1,0,-1.0608,0.5844,0,0,0,0,0,0,0,0,0,1,1,0,0,0,1,0,0,0,0,0,0,1,0,0,0,0,0,0,1,0,0,0,1.3862943611198906,5.30707887221661,0.0,201.76,78.5,1,0,0,0,0,0,0,0,0,0,1,0,0,0,0,0,0,0,0,0,0,0,0,1,0,0,0,0,1,0,0,0,0.16,12.692307692307692,2006,30
143,0,1,0,0,1,0,-1.0072,0.3254,0,0,0,0,0,0,0,0,1,0,1,0,0,0,1,0,0,0,0,0,0,1,0,0,0,0,0,0,1,0,0,0,1.3862943611198906,6.658485901016769,0.0,779.37,71.5,1,0,0,0,0,0,0,0,0,0,1,0,0,0,0,0,0,0,0,0,0,0,0,1,0,0,0,0,1,0,0,0,0.16,12.692307692307692,2006,30
143,0,1,0,0,1,0,1.5718999999999999,0.7722,0,0,0,0,0,0,0,1,0,0,0,1,0,0,1,0,0,0,0,0,0,1,0,0,0,0,0,0,1,0,0,0,1.3862943611198906,5.1298987149230735,0.0,169.0,71.5,1,0,0,0,0,0,0,0,0,0,1,0,0,0,0,0,0,0,0,0,0,0,1,0,0,0,0,0,1,0,0,0,0.16,12.692307692307692,2006,30
143,0,1,0,0,1,0,1.4708,0.8443,0,0,0,0,0,1,0,0,0,0,1,0,0,0,1,0,0,0,0,0,0,1,0,0,0,0,0,0,1,0,0,0,1.3862943611198906,3.367295829986474,0.0,29.0,71.5,1,0,0,0,0,0,0,0,0,0,1,0,0,0,0,0,0,0,0,0,0,0,1,0,0,0,0,0,1,0,0,0,0.16,12.692307692307692,2006,30
143,0,1,0,0,1,0,0.846,0.9367,0,0,0,1,0,0,0,0,0,0,1,0,0,0,1,0,0,0,0,0,0,1,0,0,0,0,0,0,1,0,0,0,1.3862943611198906,5.37989735354046,0.0,217.0,70.0,1,0,0,0,0,0,0,0,0,0,1,0,0,0,0,0,0,0,0,0,0,0,1,0,0,0,0,0,1,0,0,0,0.16,12.692307692307692,2006,30
143,0,1,0,0,1,0,2.0608,0.4156,0,0,0,0,0,0,0,0,0,1,1,0,0,0,1,0,0,0,0,0,0,1,0,0,0,0,0,0,1,0,0,0,1.3862943611198906,1.9459101490553132,0.0,7.0,78.5,1,0,0,0,0,0,0,0,0,0,1,0,0,0,0,0,0,0,0,0,0,0,1,0,0,0,0,0,1,0,0,0,0.16,12.692307692307692,2006,30
143,0,1,0,0,1,0,2.0072,0.6746,0,0,0,0,0,0,0,0,1,0,1,0,0,0,1,0,0,0,0,0,0,1,0,0,0,0,0,0,1,0,0,0,1.3862943611198906,5.0689042022202315,0.0,159.0,71.5,1,0,0,0,0,0,0,0,0,0,1,0,0,0,0,0,0,0,0,0,0,0,1,0,0,0,0,0,1,0,0,0,0.16,12.692307692307692,2006,30
143,0,1,0,0,1,0,-1.0557,0.339,0,0,0,0,0,0,0,1,0,0,0,1,0,0,1,0,0,0,0,0,0,0,1,0,0,0,0,0,1,0,0,0,2.4849066497880004,6.646390514847729,0.0,770.0,71.5,1,0,0,0,0,0,0,0,0,0,1,0,0,0,0,0,0,0,0,0,0,0,0,1,0,0,0,0,1,0,0,0,0.16,12.692307692307692,2006,30
143,0,1,0,0,1,0,-0.8365,0.3537,0,0,0,0,0,1,0,0,0,0,1,0,0,0,1,0,0,0,0,0,0,0,1,0,0,0,0,0,1,0,0,0,2.4849066497880004,6.813444599510896,0.0,910.0,71.5,1,0,0,0,0,0,0,0,0,0,1,0,0,0,0,0,0,0,0,0,0,0,0,1,0,0,0,0,1,0,0,0,0.16,12.692307692307692,2006,30
143,0,1,0,0,1,0,0.5062,0.2407,0,0,0,1,0,0,0,0,0,0,1,0,0,0,1,0,0,0,0,0,0,0,1,0,0,0,0,0,1,0,0,0,2.4849066497880004,6.131226489483141,0.0,460.0,70.0,1,0,0,0,0,0,0,0,0,0,1,0,0,0,0,0,0,0,0,0,0,0,0,1,0,0,0,0,1,0,0,0,0.16,12.692307692307692,2006,30
143,0,1,0,0,1,0,-1.3739,0.6188,0,0,0,0,0,0,0,0,0,1,1,0,0,0,1,0,0,0,0,0,0,0,1,0,0,0,0,0,1,0,0,0,2.4849066497880004,5.303304908059076,0.0,201.0,78.5,1,0,0,0,0,0,0,0,0,0,1,0,0,0,0,0,0,0,0,0,0,0,0,1,0,0,0,0,1,0,0,0,0.16,12.692307692307692,2006,30
143,0,1,0,0,1,0,-0.9255,0.3698,0,0,0,0,0,0,0,0,1,0,1,0,0,0,1,0,0,0,0,0,0,0,1,0,0,0,0,0,1,0,0,0,2.4849066497880004,6.659293919683638,0.0,780.0,71.5,1,0,0,0,0,0,0,0,0,0,1,0,0,0,0,0,0,0,0,0,0,0,0,1,0,0,0,0,1,0,0,0,0.16,12.692307692307692,2006,30
143,0,1,0,0,1,0,2.0557,0.7722,0,0,0,0,0,0,0,1,0,0,0,1,0,0,1,0,0,0,0,0,0,0,1,0,0,0,0,0,1,0,0,0,2.4849066497880004,5.1298987149230735,0.0,169.0,71.5,1,0,0,0,0,0,0,0,0,0,1,0,0,0,0,0,0,0,0,0,0,0,1,0,0,0,0,0,1,0,0,0,0.16,12.692307692307692,2006,30
143,0,1,0,0,1,0,1.8365,0.8443,0,0,0,0,0,1,0,0,0,0,1,0,0,0,1,0,0,0,0,0,0,0,1,0,0,0,0,0,1,0,0,0,2.4849066497880004,3.367295829986474,0.0,29.0,71.5,1,0,0,0,0,0,0,0,0,0,1,0,0,0,0,0,0,0,0,0,0,0,1,0,0,0,0,0,1,0,0,0,0.16,12.692307692307692,2006,30
143,0,1,0,0,1,0,0.4938,0.9367,0,0,0,1,0,0,0,0,0,0,1,0,0,0,1,0,0,0,0,0,0,0,1,0,0,0,0,0,1,0,0,0,2.4849066497880004,5.37989735354046,0.0,217.0,70.0,1,0,0,0,0,0,0,0,0,0,1,0,0,0,0,0,0,0,0,0,0,0,1,0,0,0,0,0,1,0,0,0,0.16,12.692307692307692,2006,30
143,0,1,0,0,1,0,2.3739,0.4156,0,0,0,0,0,0,0,0,0,1,1,0,0,0,1,0,0,0,0,0,0,0,1,0,0,0,0,0,1,0,0,0,2.4849066497880004,1.9459101490553132,0.0,7.0,78.5,1,0,0,0,0,0,0,0,0,0,1,0,0,0,0,0,0,0,0,0,0,0,1,0,0,0,0,0,1,0,0,0,0.16,12.692307692307692,2006,30
143,0,1,0,0,1,0,1.9255,0.6746,0,0,0,0,0,0,0,0,1,0,1,0,0,0,1,0,0,0,0,0,0,0,1,0,0,0,0,0,1,0,0,0,2.4849066497880004,5.0689042022202315,0.0,159.0,71.5,1,0,0,0,0,0,0,0,0,0,1,0,0,0,0,0,0,0,0,0,0,0,1,0,0,0,0,0,1,0,0,0,0.16,12.692307692307692,2006,30
143,0,1,0,0,1,0,-2.4755,0.9766,0,0,0,0,0,0,0,1,0,0,0,1,0,0,1,0,0,0,0,0,0,1,0,0,0,0,0,0,0,1,0,0,0.0,5.1906207910926625,0.0,179.57999999999998,71.5,0,0,0,0,0,0,0,0,0,0,1,0,0,0,0,0,0,0,0,0,0,0,0,1,0,0,0,0,1,0,0,0,0.16,12.692307692307692,2006,30
143,0,1,0,0,1,0,-2.8954,1.1746,0,0,0,0,0,1,0,0,0,0,1,0,0,0,1,0,0,0,0,0,0,1,0,0,0,0,0,0,0,1,0,0,0.0,5.358612522331792,0.0,212.43,71.5,0,0,0,0,0,0,0,0,0,0,1,0,0,0,0,0,0,0,0,0,0,0,0,1,0,0,0,0,1,0,0,0,0.16,12.692307692307692,2006,30
143,0,1,0,0,1,0,0.033,0.7126,0,0,0,1,0,0,0,0,0,0,1,0,0,0,1,0,0,0,0,0,0,1,0,0,0,0,0,0,0,1,0,0,0.0,4.676932552214982,0.0,107.44000000000001,70.0,0,0,0,0,0,0,0,0,0,0,1,0,0,0,0,0,0,0,0,0,0,0,0,1,0,0,0,0,1,0,0,0,0.16,12.692307692307692,2006,30
143,0,1,0,0,1,0,-3.8552,1.5574,0,0,0,0,0,0,0,0,0,1,1,0,0,0,1,0,0,0,0,0,0,1,0,0,0,0,0,0,0,1,0,0,0.0,3.8407418034231826,0.0,46.56,78.5,0,0,0,0,0,0,0,0,0,0,1,0,0,0,0,0,0,0,0,0,0,0,0,1,0,0,0,0,1,0,0,0,0.16,12.692307692307692,2006,30
143,0,1,0,0,1,0,-2.1883,1.0222,0,0,0,0,0,0,0,0,1,0,1,0,0,0,1,0,0,0,0,0,0,1,0,0,0,0,0,0,0,1,0,0,0.0,5.202742151625007,0.0,181.76999999999998,71.5,0,0,0,0,0,0,0,0,0,0,1,0,0,0,0,0,0,0,0,0,0,0,0,1,0,0,0,0,1,0,0,0,0.16,12.692307692307692,2006,30
143,0,1,0,0,1,0,3.4755,1.9766,0,0,0,0,0,0,0,1,0,0,0,1,0,0,1,0,0,0,0,0,0,1,0,0,0,0,0,0,0,1,0,0,0.0,3.6888794541139363,0.0,40.0,71.5,0,0,0,0,0,0,0,0,0,0,1,0,0,0,0,0,0,0,0,0,0,0,1,0,0,0,0,0,1,0,0,0,0.16,12.692307692307692,2006,30
143,0,1,0,0,1,0,3.8954,2.1746,0,0,0,0,0,1,0,0,0,0,1,0,0,0,1,0,0,0,0,0,0,1,0,0,0,0,0,0,0,1,0,0,0.0,1.9459101490553132,0.0,7.0,71.5,0,0,0,0,0,0,0,0,0,0,1,0,0,0,0,0,0,0,0,0,0,0,1,0,0,0,0,0,1,0,0,0,0.16,12.692307692307692,2006,30
143,0,1,0,0,1,0,0.967,1.7126,0,0,0,1,0,0,0,0,0,0,1,0,0,0,1,0,0,0,0,0,0,1,0,0,0,0,0,0,0,1,0,0,0.0,3.9318256327243257,0.0,51.0,70.0,0,0,0,0,0,0,0,0,0,0,1,0,0,0,0,0,0,0,0,0,0,0,1,0,0,0,0,0,1,0,0,0,0.16,12.692307692307692,2006,30
143,0,1,0,0,1,0,4.8552,2.5574,0,0,0,0,0,0,0,0,0,1,1,0,0,0,1,0,0,0,0,0,0,1,0,0,0,0,0,0,0,1,0,0,0.0,0.6931471805599453,0.0,2.0,78.5,0,0,0,0,0,0,0,0,0,0,1,0,0,0,0,0,0,0,0,0,0,0,1,0,0,0,0,0,1,0,0,0,0.16,12.692307692307692,2006,30
143,0,1,0,0,1,0,3.1883,2.0222,0,0,0,0,0,0,0,0,1,0,1,0,0,0,1,0,0,0,0,0,0,1,0,0,0,0,0,0,0,1,0,0,0.0,3.6375861597263857,0.0,38.0,71.5,0,0,0,0,0,0,0,0,0,0,1,0,0,0,0,0,0,0,0,0,0,0,1,0,0,0,0,0,1,0,0,0,0.16,12.692307692307692,2006,30
116,0,1,0,0,1,0,-5.6424,2.1664,1,0,0,0,0,0,0,0,0,0,0,0,1,0,1,0,0,0,0,0,0,1,0,0,0,0,0,0,0,1,0,0,0.0,4.477336814478207,0.0,88.0,78.0,0,0,0,0,0,0,1,0,0,0,0,0,0,0,0,1,0,0,0,0,0,0,0,0,0,0,0,0,1,0,0,0,0.137,1.7142857142857142,2012,36
116,0,1,0,0,1,0,-5.2804,1.9551,1,0,0,0,0,0,0,0,0,0,1,0,0,0,1,0,0,0,0,0,0,1,0,0,0,0,0,0,0,1,0,0,0.0,4.477336814478207,0.0,88.0,78.0,0,0,0,0,0,0,1,0,0,0,0,0,0,0,0,1,0,0,0,0,0,0,0,0,0,0,0,0,1,0,0,0,0.137,1.7142857142857142,2012,36
116,0,1,0,0,1,0,-5.5236,1.9643,1,0,0,0,0,0,0,0,0,0,1,0,0,0,1,0,0,0,0,0,0,1,0,0,0,0,0,0,0,1,0,0,0.0,4.477336814478207,0.0,88.0,78.0,0,0,0,0,0,0,1,0,0,0,0,0,0,0,0,1,0,0,0,0,0,0,0,0,0,0,0,0,1,0,0,0,0.137,1.7142857142857142,2012,36
116,0,1,0,0,1,0,-3.2184,1.8927,1,0,0,0,0,0,0,0,0,0,0,0,1,0,1,0,0,0,0,0,0,1,0,0,0,0,0,0,0,1,0,0,0.0,4.477336814478207,0.0,88.0,78.0,0,0,0,0,0,0,1,0,0,0,0,0,0,0,0,1,0,0,0,0,0,0,0,0,0,0,0,0,1,0,0,0,0.137,1.7142857142857142,2012,36
116,0,1,0,0,1,0,-5.515,2.0319,1,0,0,0,0,0,0,0,0,0,1,0,0,0,1,0,0,0,0,0,0,1,0,0,0,0,0,0,0,1,0,0,0.0,4.477336814478207,0.0,88.0,78.0,0,0,0,0,0,0,1,0,0,0,0,0,0,0,0,1,0,0,0,0,0,0,0,0,0,0,0,0,1,0,0,0,0.137,1.7142857142857142,2012,36
116,0,1,0,0,1,0,-6.2978,2.2831,0,0,0,0,0,0,0,0,0,1,1,0,0,0,1,0,0,0,0,0,0,1,0,0,0,0,0,0,0,1,0,0,0.0,4.1588830833596715,0.0,64.0,78.0,0,0,0,0,0,0,1,0,0,0,0,0,0,0,0,1,0,0,0,0,0,0,0,0,0,0,0,0,1,0,0,0,0.137,1.7142857142857142,2012,36
116,0,1,0,0,1,0,-5.468,1.9057,1,0,0,0,0,0,0,0,0,0,1,0,0,0,1,0,0,0,0,0,0,1,0,0,0,0,0,0,0,1,0,0,0.0,4.477336814478207,0.0,88.0,78.0,0,0,0,0,0,0,1,0,0,0,0,0,0,0,0,1,0,0,0,0,0,0,0,0,0,0,0,0,1,0,0,0,0.137,1.7142857142857142,2012,36
116,0,1,0,0,1,0,-5.1522,1.9419,0,0,0,0,1,0,0,0,0,0,1,0,0,0,1,0,0,0,0,0,0,1,0,0,0,0,0,0,0,1,0,0,0.0,4.477336814478207,0.0,88.0,78.0,0,0,0,0,0,0,1,0,0,0,0,0,0,0,0,1,0,0,0,0,0,0,0,0,0,0,0,0,1,0,0,0,0.137,1.7142857142857142,2012,36
116,0,1,0,0,1,0,-5.2964,1.9385,0,0,0,1,0,0,0,0,0,0,1,0,0,0,1,0,0,0,0,0,0,1,0,0,0,0,0,0,0,1,0,0,0.0,4.477336814478207,0.0,88.0,78.0,0,0,0,0,0,0,1,0,0,0,0,0,0,0,0,1,0,0,0,0,0,0,0,0,0,0,0,0,1,0,0,0,0.137,1.7142857142857142,2012,36
116,0,1,0,0,1,0,2.4052,2.0349,1,0,0,0,0,0,0,0,0,0,1,0,0,0,1,0,0,0,0,0,0,1,0,0,0,0,0,0,0,1,0,0,0.0,4.477336814478207,0.0,88.0,78.0,0,0,0,0,0,0,1,0,0,0,0,0,0,0,0,1,0,0,0,0,0,0,0,0,0,0,0,0,1,0,0,0,0.137,1.7142857142857142,2012,36
116,0,1,0,0,1,0,-0.9491,0.7508,1,0,0,0,0,0,0,0,0,0,1,0,0,0,1,0,0,0,0,0,0,1,0,0,0,0,0,0,0,1,0,0,0.0,4.477336814478207,0.0,88.0,78.0,0,0,0,0,0,0,1,0,0,0,0,0,0,0,0,1,0,0,0,0,0,0,0,0,0,0,0,0,1,0,0,0,0.137,1.7142857142857142,2012,36
116,0,1,0,0,1,0,-3.6422,2.2115,0,0,0,0,0,0,1,0,0,0,1,0,0,0,1,0,0,0,0,0,0,1,0,0,0,0,0,0,0,1,0,0,0.0,4.477336814478207,0.0,88.0,78.0,0,0,0,0,0,0,1,0,0,0,0,0,0,0,0,1,0,0,0,0,0,0,0,0,0,0,0,0,1,0,0,0,0.137,1.7142857142857142,2012,36
116,0,1,0,0,1,0,-1.2806,2.0472,0,0,0,0,0,0,0,1,0,0,0,1,0,0,1,0,0,0,0,0,0,1,0,0,0,0,0,0,0,1,0,0,0.0,4.477336814478207,0.0,88.0,78.0,0,0,0,0,0,0,1,0,0,0,0,0,0,0,0,1,0,0,0,0,0,0,0,0,0,0,0,0,1,0,0,0,0.137,1.7142857142857142,2012,36
116,0,1,0,0,1,0,-5.1816,1.9167,1,0,0,0,0,0,0,0,0,0,1,0,0,0,1,0,0,0,0,0,0,1,0,0,0,0,0,0,0,1,0,0,0.0,4.477336814478207,0.0,88.0,78.0,0,0,0,0,0,0,1,0,0,0,0,0,0,0,0,1,0,0,0,0,0,0,0,0,0,0,0,0,1,0,0,0,0.137,1.7142857142857142,2012,36
116,0,1,0,0,1,0,-3.994,2.0139,1,0,0,0,0,0,0,0,0,0,0,0,1,0,1,0,0,0,0,0,0,1,0,0,0,0,0,0,0,1,0,0,0.0,4.477336814478207,0.0,88.0,78.0,0,0,0,0,0,0,1,0,0,0,0,0,0,0,0,1,0,0,0,0,0,0,0,0,0,0,0,0,1,0,0,0,0.137,1.7142857142857142,2012,36
116,0,1,0,0,1,0,-3.8507,1.4636,1,0,0,0,0,0,0,0,0,0,1,0,0,0,1,0,0,0,0,0,0,1,0,0,0,0,0,0,0,1,0,0,0.0,4.477336814478207,0.0,88.0,78.0,0,0,0,0,0,0,1,0,0,0,0,0,0,0,0,1,0,0,0,0,0,0,0,0,0,0,0,0,1,0,0,0,0.137,1.7142857142857142,2012,36
116,0,1,0,0,1,0,-4.4243,2.187,1,0,0,0,0,0,0,0,0,0,1,0,0,0,1,0,0,0,0,0,0,1,0,0,0,0,0,0,0,1,0,0,0.0,4.477336814478207,0.0,88.0,78.0,0,0,0,0,0,0,1,0,0,0,0,0,0,0,0,1,0,0,0,0,0,0,0,0,0,0,0,0,1,0,0,0,0.137,1.7142857142857142,2012,36
116,0,1,0,0,1,0,-4.8615,2.2028,1,0,0,0,0,0,0,0,0,0,1,0,0,0,1,0,0,0,0,0,0,1,0,0,0,0,0,0,0,1,0,0,0.0,4.477336814478207,0.0,88.0,78.0,0,0,0,0,0,0,1,0,0,0,0,0,0,0,0,1,0,0,0,0,0,0,0,0,0,0,0,0,1,0,0,0,0.137,1.7142857142857142,2012,36
116,0,1,0,0,1,0,-5.5293,1.8184,1,0,0,0,0,0,0,0,0,0,1,0,0,0,1,0,0,0,0,0,0,1,0,0,0,0,0,0,0,1,0,0,0.0,4.477336814478207,0.0,88.0,78.0,0,0,0,0,0,0,1,0,0,0,0,0,0,0,0,1,0,0,0,0,0,0,0,0,0,0,0,0,1,0,0,0,0.137,1.7142857142857142,2012,36
116,0,1,0,0,1,0,-4.3038,2.0589,0,0,0,0,0,0,0,0,1,0,1,0,0,0,1,0,0,0,0,0,0,1,0,0,0,0,0,0,0,1,0,0,0.0,4.477336814478207,0.0,88.0,78.0,0,0,0,0,0,0,1,0,0,0,0,0,0,0,0,1,0,0,0,0,0,0,0,0,0,0,0,0,1,0,0,0,0.137,1.7142857142857142,2012,36
116,0,1,0,0,1,0,-3.9916,2.877,0,0,0,0,0,1,0,0,0,0,1,0,0,0,1,0,0,0,0,0,0,1,0,0,0,0,0,0,0,1,0,0,0.0,4.477336814478207,0.0,88.0,78.0,0,0,0,0,0,0,1,0,0,0,0,0,0,0,0,1,0,0,0,0,0,0,0,0,0,0,0,0,1,0,0,0,0.137,1.7142857142857142,2012,36
116,0,1,0,0,1,0,0.4261,0.6604,1,0,0,0,0,0,0,0,0,0,1,0,0,0,1,0,0,0,0,0,0,1,0,0,0,0,0,0,0,1,0,0,0.0,4.477336814478207,0.0,88.0,78.0,0,0,0,0,0,0,1,0,0,0,0,0,0,0,0,1,0,0,0,0,0,0,0,0,0,0,0,0,1,0,0,0,0.137,1.7142857142857142,2012,36
116,0,1,0,0,1,0,-0.0439,0.0377,1,0,0,0,0,0,0,0,0,0,0,1,0,0,1,0,0,0,0,0,0,1,0,0,0,0,0,0,0,1,0,0,0.0,4.477336814478207,0.0,88.0,78.0,0,0,0,0,0,0,1,0,0,0,0,0,0,0,0,1,0,0,0,0,0,0,0,0,0,0,0,0,1,0,0,0,0.137,1.7142857142857142,2012,36
116,0,1,0,0,1,0,0.7541,1.2594,1,0,0,0,0,0,0,0,0,0,1,0,0,0,1,0,0,0,0,0,0,1,0,0,0,0,0,0,0,1,0,0,0.0,4.356708826689592,0.0,78.0,78.0,0,0,0,0,0,0,1,0,0,0,0,0,0,0,0,1,0,0,0,0,0,0,0,0,0,0,0,0,1,0,0,0,0.137,1.7142857142857142,2012,36
116,0,1,0,0,1,0,-0.6182,0.8613,0,1,0,0,0,0,0,0,0,0,0,1,0,0,1,0,0,0,0,0,0,1,0,0,0,0,0,0,0,1,0,0,0.0,4.356708826689592,0.0,78.0,78.0,0,0,0,0,0,0,1,0,0,0,0,0,0,0,0,1,0,0,0,0,0,0,0,0,0,0,0,0,1,0,0,0,0.137,1.7142857142857142,2012,36
116,0,1,0,0,1,0,0.1457,0.2055,0,1,0,0,0,0,0,0,0,0,0,1,0,0,1,0,0,0,0,0,0,1,0,0,0,0,0,0,0,1,0,0,0.0,4.290459441148391,0.0,73.0,78.0,0,0,0,0,0,0,1,0,0,0,0,0,0,0,0,1,0,0,0,0,0,0,0,0,0,0,0,0,1,0,0,0,0.137,1.7142857142857142,2012,36
116,0,1,0,0,1,0,0.4051,0.9395,1,0,0,0,0,0,0,0,0,0,0,1,0,0,1,0,0,0,0,0,0,1,0,0,0,0,0,0,0,1,0,0,0.0,4.477336814478207,0.0,88.0,78.0,0,0,0,0,0,0,1,0,0,0,0,0,0,0,0,1,0,0,0,0,0,0,0,0,0,0,0,0,1,0,0,0,0.137,1.7142857142857142,2012,36
116,0,1,0,0,1,0,-0.6399,0.408,0,1,0,0,0,0,0,0,0,0,0,0,1,0,1,0,0,0,0,0,0,1,0,0,0,0,0,0,0,1,0,0,0.0,4.477336814478207,0.0,88.0,78.0,0,0,0,0,0,0,1,0,0,0,0,0,0,0,0,1,0,0,0,0,0,0,0,0,0,0,0,0,1,0,0,0,0.137,1.7142857142857142,2012,36
116,0,1,0,0,1,0,1.6771,1.7128,0,1,0,0,0,0,0,0,0,0,0,1,0,0,1,0,0,0,0,0,0,1,0,0,0,0,0,0,0,1,0,0,0.0,4.477336814478207,0.0,88.0,78.0,0,0,0,0,0,0,1,0,0,0,0,0,0,0,0,1,0,0,0,0,0,0,0,0,0,0,0,0,1,0,0,0,0.137,1.7142857142857142,2012,36
116,0,1,0,0,1,0,-0.0832,0.0835,1,0,0,0,0,0,0,0,0,0,0,1,0,0,1,0,0,0,0,0,0,1,0,0,0,0,0,0,0,1,0,0,0.0,4.477336814478207,0.0,88.0,78.0,0,0,0,0,0,0,1,0,0,0,0,0,0,0,0,1,0,0,0,0,0,0,0,0,0,0,0,0,1,0,0,0,0.137,1.7142857142857142,2012,36
116,0,1,0,0,1,0,0.1911,1.2899,1,0,0,0,0,0,0,0,0,0,0,1,0,0,1,0,0,0,0,0,0,1,0,0,0,0,0,0,0,1,0,0,0.0,4.477336814478207,0.0,88.0,78.0,0,0,0,0,0,0,1,0,0,0,0,0,0,0,0,1,0,0,0,0,0,0,0,0,0,0,0,0,1,0,0,0,0.137,1.7142857142857142,2012,36
116,0,1,0,0,1,0,-3.2694,1.8404,1,0,0,0,0,0,0,0,0,0,0,0,1,0,1,0,0,0,0,0,0,1,0,0,0,0,0,0,0,1,0,0,0.0,4.477336814478207,0.0,88.0,78.0,0,0,0,0,0,0,1,0,0,0,0,0,0,0,0,1,0,0,0,0,0,0,0,0,0,0,0,0,1,0,0,0,0.137,1.7142857142857142,2012,36
116,0,1,0,0,1,0,0.1443,0.5252,1,0,0,0,0,0,0,0,0,0,0,1,0,0,1,0,0,0,0,0,0,1,0,0,0,0,0,0,0,1,0,0,0.0,4.477336814478207,0.0,88.0,78.0,0,0,0,0,0,0,1,0,0,0,0,0,0,0,0,1,0,0,0,0,0,0,0,0,0,0,0,0,1,0,0,0,0.137,1.7142857142857142,2012,36
116,0,1,0,0,1,0,0.9614,0.6854,0,1,0,0,0,0,0,0,0,0,0,1,0,0,1,0,0,0,0,0,0,1,0,0,0,0,0,0,0,1,0,0,0.0,4.477336814478207,0.0,88.0,78.0,0,0,0,0,0,0,1,0,0,0,0,0,0,0,0,1,0,0,0,0,0,0,0,0,0,0,0,0,1,0,0,0,0.137,1.7142857142857142,2012,36
116,0,1,0,0,1,0,-0.0023,0.03,0,1,0,0,0,0,0,0,0,0,0,1,0,0,1,0,0,0,0,0,0,1,0,0,0,0,0,0,0,1,0,0,0.0,4.477336814478207,0.0,88.0,78.0,0,0,0,0,0,0,1,0,0,0,0,0,0,0,0,1,0,0,0,0,0,0,0,0,0,0,0,0,1,0,0,0,0.137,1.7142857142857142,2012,36
116,0,1,0,0,1,0,2.6834,3.9859,1,0,0,0,0,0,0,0,0,0,0,0,1,0,1,0,0,0,0,0,0,1,0,0,0,0,0,0,0,1,0,0,0.0,4.477336814478207,0.0,88.0,85.5,0,0,0,0,0,0,1,0,0,0,0,0,0,0,0,1,0,0,0,0,0,0,0,0,0,0,0,0,1,0,0,0,0.137,1.7142857142857142,2012,36
116,0,1,0,0,1,0,-2.5299,7.5587,1,0,0,0,0,0,0,0,0,0,0,0,1,0,1,0,0,0,0,0,0,1,0,0,0,0,0,0,0,1,0,0,0.0,4.477336814478207,0.0,88.0,85.5,0,0,0,0,0,0,1,0,0,0,0,0,0,0,0,1,0,0,0,0,0,0,0,0,0,0,0,0,1,0,0,0,0.137,1.7142857142857142,2012,36
116,0,1,0,0,1,0,2.5579,3.0911,1,0,0,0,0,0,0,0,0,0,1,0,0,0,1,0,0,0,0,0,0,1,0,0,0,0,0,0,0,1,0,0,0.0,4.477336814478207,0.0,88.0,85.5,0,0,0,0,0,0,1,0,0,0,0,0,0,0,0,1,0,0,0,0,0,0,0,0,0,0,0,0,1,0,0,0,0.137,1.7142857142857142,2012,36
116,0,1,0,0,1,0,-0.3798,4.3462,1,0,0,0,0,0,0,0,0,0,1,0,0,0,1,0,0,0,0,0,0,1,0,0,0,0,0,0,0,1,0,0,0.0,4.477336814478207,0.0,88.0,85.5,0,0,0,0,0,0,1,0,0,0,0,0,0,0,0,1,0,0,0,0,0,0,0,0,0,0,0,0,1,0,0,0,0.137,1.7142857142857142,2012,36
116,0,1,0,0,1,0,0.5933,4.3887,0,0,0,0,0,0,0,0,0,1,1,0,0,0,1,0,0,0,0,0,0,1,0,0,0,0,0,0,0,1,0,0,0.0,4.477336814478207,0.0,88.0,85.5,0,0,0,0,0,0,1,0,0,0,0,0,0,0,0,1,0,0,0,0,0,0,0,0,0,0,0,0,1,0,0,0,0.137,1.7142857142857142,2012,36
116,0,1,0,0,1,0,-0.3717,0.3841,1,0,0,0,0,0,0,0,0,0,0,1,0,0,1,0,0,0,0,0,0,1,0,0,0,0,0,0,0,1,0,0,0.0,4.477336814478207,0.0,88.0,85.5,0,0,0,0,0,0,1,0,0,0,0,0,0,0,0,1,0,0,0,0,0,0,0,0,0,0,0,0,1,0,0,0,0.137,1.7142857142857142,2012,36
116,0,1,0,0,1,0,-0.3635,1.925,0,0,0,0,0,0,0,1,0,0,0,1,0,0,1,0,0,0,0,0,0,1,0,0,0,0,0,0,0,1,0,0,0.0,4.477336814478207,0.0,88.0,85.5,0,0,0,0,0,0,1,0,0,0,0,0,0,0,0,1,0,0,0,0,0,0,0,0,0,0,0,0,1,0,0,0,0.137,1.7142857142857142,2012,36
116,0,1,0,0,1,0,3.3842,2.477,1,0,0,0,0,0,0,0,0,0,1,0,0,0,1,0,0,0,0,0,0,1,0,0,0,0,0,0,0,1,0,0,0.0,4.477336814478207,0.0,88.0,85.5,0,0,0,0,0,0,1,0,0,0,0,0,0,0,0,1,0,0,0,0,0,0,0,0,0,0,0,0,1,0,0,0,0.137,1.7142857142857142,2012,36
116,0,1,0,0,1,0,0.2894,2.3325,1,0,0,0,0,0,0,0,0,0,0,1,0,0,1,0,0,0,0,0,0,1,0,0,0,0,0,0,0,1,0,0,0.0,4.477336814478207,0.0,88.0,85.5,0,0,0,0,0,0,1,0,0,0,0,0,0,0,0,1,0,0,0,0,0,0,0,0,0,0,0,0,1,0,0,0,0.137,1.7142857142857142,2012,36
116,0,1,0,0,1,0,3.0106,2.6835,1,0,0,0,0,0,0,0,0,0,1,0,0,0,1,0,0,0,0,0,0,1,0,0,0,0,0,0,0,1,0,0,0.0,4.477336814478207,0.0,88.0,85.5,0,0,0,0,0,0,1,0,0,0,0,0,0,0,0,1,0,0,0,0,0,0,0,0,0,0,0,0,1,0,0,0,0.137,1.7142857142857142,2012,36
116,0,1,0,0,1,0,0.1978,2.7387,0,0,0,0,0,0,0,0,1,0,1,0,0,0,1,0,0,0,0,0,0,1,0,0,0,0,0,0,0,1,0,0,0.0,4.477336814478207,0.0,88.0,85.5,0,0,0,0,0,0,1,0,0,0,0,0,0,0,0,1,0,0,0,0,0,0,0,0,0,0,0,0,1,0,0,0,0.137,1.7142857142857142,2012,36
116,0,1,0,0,1,0,0.6522,0.7462,1,0,0,0,0,0,0,0,0,0,0,1,0,0,1,0,0,0,0,0,0,1,0,0,0,0,0,0,0,1,0,0,0.0,4.477336814478207,0.0,88.0,85.5,0,0,0,0,0,0,1,0,0,0,0,0,0,0,0,1,0,0,0,0,0,0,0,0,0,0,0,0,1,0,0,0,0.137,1.7142857142857142,2012,36
116,0,1,0,0,1,0,1.1375,4.6129,0,0,0,0,0,1,0,0,0,0,1,0,0,0,1,0,0,0,0,0,0,1,0,0,0,0,0,0,0,1,0,0,0.0,4.477336814478207,0.0,88.0,85.5,0,0,0,0,0,0,1,0,0,0,0,0,0,0,0,1,0,0,0,0,0,0,0,0,0,0,0,0,1,0,0,0,0.137,1.7142857142857142,2012,36
116,0,1,0,0,1,0,1.1499,2.1391,1,0,0,0,0,0,0,0,0,0,1,0,0,0,1,0,0,0,0,0,0,1,0,0,0,0,0,0,0,1,0,0,0.0,4.477336814478207,0.0,88.0,85.5,0,0,0,0,0,0,1,0,0,0,0,0,0,0,0,1,0,0,0,0,0,0,0,0,0,0,0,0,1,0,0,0,0.137,1.7142857142857142,2012,36
116,0,1,0,0,1,0,-2.8345,1.8828,1,0,0,0,0,0,0,0,0,0,1,0,0,0,1,0,0,0,0,0,0,1,0,0,0,0,0,0,0,1,0,0,0.0,4.477336814478207,0.0,88.0,85.5,0,0,0,0,0,0,1,0,0,0,0,0,0,0,0,1,0,0,0,0,0,0,0,0,0,0,0,0,1,0,0,0,0.137,1.7142857142857142,2012,36
116,0,1,0,0,1,0,-1.0511,1.2452,0,1,0,0,0,0,0,0,0,0,0,1,0,0,1,0,0,0,0,0,0,1,0,0,0,0,0,0,0,1,0,0,0.0,4.477336814478207,0.0,88.0,85.5,0,0,0,0,0,0,1,0,0,0,0,0,0,0,0,1,0,0,0,0,0,0,0,0,0,0,0,0,1,0,0,0,0.137,1.7142857142857142,2012,36
116,0,1,0,0,1,0,0.0822,0.0802,0,1,0,0,0,0,0,0,0,0,0,1,0,0,1,0,0,0,0,0,0,1,0,0,0,0,0,0,0,1,0,0,0.0,4.477336814478207,0.0,88.0,85.5,0,0,0,0,0,0,1,0,0,0,0,0,0,0,0,1,0,0,0,0,0,0,0,0,0,0,0,0,1,0,0,0,0.137,1.7142857142857142,2012,36
116,0,1,0,0,1,0,3.369,0.9564,1,0,0,0,0,0,0,0,0,0,0,1,0,0,1,0,0,0,0,0,0,1,0,0,0,0,0,0,0,1,0,0,0.0,4.477336814478207,0.0,88.0,85.5,0,0,0,0,0,0,1,0,0,0,0,0,0,0,0,1,0,0,0,0,0,0,0,0,0,0,0,0,1,0,0,0,0.137,1.7142857142857142,2012,36
116,0,1,0,0,1,0,1.1927,1.6238,0,1,0,0,0,0,0,0,0,0,0,0,1,0,1,0,0,0,0,0,0,1,0,0,0,0,0,0,0,1,0,0,0.0,4.477336814478207,0.0,88.0,85.5,0,0,0,0,0,0,1,0,0,0,0,0,0,0,0,1,0,0,0,0,0,0,0,0,0,0,0,0,1,0,0,0,0.137,1.7142857142857142,2012,36
116,0,1,0,0,1,0,0.962,0.9511,0,1,0,0,0,0,0,0,0,0,0,0,1,0,1,0,0,0,0,0,0,1,0,0,0,0,0,0,0,1,0,0,0.0,4.477336814478207,0.0,88.0,85.5,0,0,0,0,0,0,1,0,0,0,0,0,0,0,0,1,0,0,0,0,0,0,0,0,0,0,0,0,1,0,0,0,0.137,1.7142857142857142,2012,36
116,0,1,0,0,1,0,-0.8805,1.4491,0,1,0,0,0,0,0,0,0,0,0,1,0,0,1,0,0,0,0,0,0,1,0,0,0,0,0,0,0,1,0,0,0.0,4.477336814478207,0.0,88.0,85.5,0,0,0,0,0,0,1,0,0,0,0,0,0,0,0,1,0,0,0,0,0,0,0,0,0,0,0,0,1,0,0,0,0.137,1.7142857142857142,2012,36
116,0,1,0,0,1,0,3.1059,3.2028,1,0,0,0,0,0,0,0,0,0,1,0,0,0,1,0,0,0,0,0,0,1,0,0,0,0,0,0,0,1,0,0,0.0,4.477336814478207,0.0,88.0,85.5,0,0,0,0,0,0,1,0,0,0,0,0,0,0,0,1,0,0,0,0,0,0,0,0,0,0,0,0,1,0,0,0,0.137,1.7142857142857142,2012,36
116,0,1,0,0,1,0,-0.5886,0.7193,1,0,0,0,0,0,0,0,0,0,0,1,0,0,1,0,0,0,0,0,0,1,0,0,0,0,0,0,0,1,0,0,0.0,4.477336814478207,0.0,88.0,85.5,0,0,0,0,0,0,1,0,0,0,0,0,0,0,0,1,0,0,0,0,0,0,0,0,0,0,0,0,1,0,0,0,0.137,1.7142857142857142,2012,36
116,0,1,0,0,1,0,-1.3199,3.5372,1,0,0,0,0,0,0,0,0,0,0,0,1,0,1,0,0,0,0,0,0,1,0,0,0,0,0,0,0,1,0,0,0.0,4.477336814478207,0.0,88.0,85.5,0,0,0,0,0,0,1,0,0,0,0,0,0,0,0,1,0,0,0,0,0,0,0,0,0,0,0,0,1,0,0,0,0.137,1.7142857142857142,2012,36
116,0,1,0,0,1,0,-1.1096,1.2895,0,1,0,0,0,0,0,0,0,0,0,1,0,0,1,0,0,0,0,0,0,1,0,0,0,0,0,0,0,1,0,0,0.0,4.477336814478207,0.0,88.0,85.5,0,0,0,0,0,0,1,0,0,0,0,0,0,0,0,1,0,0,0,0,0,0,0,0,0,0,0,0,1,0,0,0,0.137,1.7142857142857142,2012,36
116,0,1,0,0,1,0,-0.0936,1.429,0,1,0,0,0,0,0,0,0,0,0,1,0,0,1,0,0,0,0,0,0,1,0,0,0,0,0,0,0,1,0,0,0.0,4.477336814478207,0.0,88.0,85.5,0,0,0,0,0,0,1,0,0,0,0,0,0,0,0,1,0,0,0,0,0,0,0,0,0,0,0,0,1,0,0,0,0.137,1.7142857142857142,2012,36
116,0,1,0,0,1,0,-2.0034,1.044,0,1,0,0,0,0,0,0,0,0,0,1,0,0,1,0,0,0,0,0,0,1,0,0,0,0,0,0,0,1,0,0,0.0,4.477336814478207,0.0,88.0,85.5,0,0,0,0,0,0,1,0,0,0,0,0,0,0,0,1,0,0,0,0,0,0,0,0,0,0,0,0,1,0,0,0,0.137,1.7142857142857142,2012,36
116,0,1,0,0,1,0,-2.3437,1.8192,1,0,0,0,0,0,0,0,0,0,0,0,1,0,1,0,0,0,0,0,0,1,0,0,0,0,0,0,0,1,0,0,0.0,5.176149732573829,0.0,177.0,81.5,0,0,0,0,0,0,1,0,0,0,0,0,0,0,0,1,0,0,0,0,0,0,0,0,0,0,0,0,1,0,0,0,0.137,1.7142857142857142,2012,36
116,0,1,0,0,1,0,-3.068,2.3109,1,0,0,0,0,0,0,0,0,0,0,0,1,0,1,0,0,0,0,0,0,1,0,0,0,0,0,0,0,1,0,0,0.0,5.176149732573829,0.0,177.0,81.5,0,0,0,0,0,0,1,0,0,0,0,0,0,0,0,1,0,0,0,0,0,0,0,0,0,0,0,0,1,0,0,0,0.137,1.7142857142857142,2012,36
116,0,1,0,0,1,0,-3.4307,2.1451,1,0,0,0,0,0,0,0,0,0,1,0,0,0,1,0,0,0,0,0,0,1,0,0,0,0,0,0,0,1,0,0,0.0,5.176149732573829,0.0,177.0,81.5,0,0,0,0,0,0,1,0,0,0,0,0,0,0,0,1,0,0,0,0,0,0,0,0,0,0,0,0,1,0,0,0,0.137,1.7142857142857142,2012,36
116,0,1,0,0,1,0,-3.4536,2.1932,0,0,0,0,0,0,0,0,0,1,1,0,0,0,1,0,0,0,0,0,0,1,0,0,0,0,0,0,0,1,0,0,0.0,5.030437921392435,0.0,153.0,81.5,0,0,0,0,0,0,1,0,0,0,0,0,0,0,0,1,0,0,0,0,0,0,0,0,0,0,0,0,1,0,0,0,0.137,1.7142857142857142,2012,36
116,0,1,0,0,1,0,-1.0602,1.4212,1,0,0,0,0,0,0,0,0,0,0,1,0,0,1,0,0,0,0,0,0,1,0,0,0,0,0,0,0,1,0,0,0.0,5.176149732573829,0.0,177.0,81.5,0,0,0,0,0,0,1,0,0,0,0,0,0,0,0,1,0,0,0,0,0,0,0,0,0,0,0,0,1,0,0,0,0.137,1.7142857142857142,2012,36
116,0,1,0,0,1,0,-1.1229,1.2312,1,0,0,0,0,0,0,0,0,0,1,0,0,0,1,0,0,0,0,0,0,1,0,0,0,0,0,0,0,1,0,0,0.0,5.176149732573829,0.0,177.0,81.5,0,0,0,0,0,0,1,0,0,0,0,0,0,0,0,1,0,0,0,0,0,0,0,0,0,0,0,0,1,0,0,0,0.137,1.7142857142857142,2012,36
116,0,1,0,0,1,0,-2.0555,1.6057,1,0,0,0,0,0,0,0,0,0,1,0,0,0,1,0,0,0,0,0,0,1,0,0,0,0,0,0,0,1,0,0,0.0,5.176149732573829,0.0,177.0,81.5,0,0,0,0,0,0,1,0,0,0,0,0,0,0,0,1,0,0,0,0,0,0,0,0,0,0,0,0,1,0,0,0,0.137,1.7142857142857142,2012,36
116,0,1,0,0,1,0,-2.6718,1.8196,0,0,0,0,0,0,0,0,1,0,1,0,0,0,1,0,0,0,0,0,0,1,0,0,0,0,0,0,0,1,0,0,0.0,5.176149732573829,0.0,177.0,81.5,0,0,0,0,0,0,1,0,0,0,0,0,0,0,0,1,0,0,0,0,0,0,0,0,0,0,0,0,1,0,0,0,0.137,1.7142857142857142,2012,36
116,0,1,0,0,1,0,-1.7896,2.637,0,0,0,0,0,1,0,0,0,0,1,0,0,0,1,0,0,0,0,0,0,1,0,0,0,0,0,0,0,1,0,0,0.0,5.176149732573829,0.0,177.0,81.5,0,0,0,0,0,0,1,0,0,0,0,0,0,0,0,1,0,0,0,0,0,0,0,0,0,0,0,0,1,0,0,0,0.137,1.7142857142857142,2012,36
116,0,1,0,0,1,0,-0.4888,0.8989,1,0,0,0,0,0,0,0,0,0,1,0,0,0,1,0,0,0,0,0,0,1,0,0,0,0,0,0,0,1,0,0,0.0,5.117993812416755,0.0,167.0,81.5,0,0,0,0,0,0,1,0,0,0,0,0,0,0,0,1,0,0,0,0,0,0,0,0,0,0,0,0,1,0,0,0,0.137,1.7142857142857142,2012,36
116,0,1,0,0,1,0,-0.8665,0.6972,0,1,0,0,0,0,0,0,0,0,0,1,0,0,1,0,0,0,0,0,0,1,0,0,0,0,0,0,0,1,0,0,0.0,5.117993812416755,0.0,167.0,81.5,0,0,0,0,0,0,1,0,0,0,0,0,0,0,0,1,0,0,0,0,0,0,0,0,0,0,0,0,1,0,0,0,0.137,1.7142857142857142,2012,36
116,0,1,0,0,1,0,0.0387,0.0896,0,1,0,0,0,0,0,0,0,0,0,1,0,0,1,0,0,0,0,0,0,1,0,0,0,0,0,0,0,1,0,0,0.0,5.176149732573829,0.0,177.0,81.5,0,0,0,0,0,0,1,0,0,0,0,0,0,0,0,1,0,0,0,0,0,0,0,0,0,0,0,0,1,0,0,0,0.137,1.7142857142857142,2012,36
116,0,1,0,0,1,0,3.0739,0.8791,1,0,0,0,0,0,0,0,0,0,0,1,0,0,1,0,0,0,0,0,0,1,0,0,0,0,0,0,0,1,0,0,0.0,5.176149732573829,0.0,177.0,81.5,0,0,0,0,0,0,1,0,0,0,0,0,0,0,0,1,0,0,0,0,0,0,0,0,0,0,0,0,1,0,0,0,0.137,1.7142857142857142,2012,36
116,0,1,0,0,1,0,-0.172,0.3509,0,1,0,0,0,0,0,0,0,0,0,0,1,0,1,0,0,0,0,0,0,1,0,0,0,0,0,0,0,1,0,0,0.0,5.176149732573829,0.0,177.0,81.5,0,0,0,0,0,0,1,0,0,0,0,0,0,0,0,1,0,0,0,0,0,0,0,0,0,0,0,0,1,0,0,0,0.137,1.7142857142857142,2012,36
116,0,1,0,0,1,0,1.9294,1.1874,0,1,0,0,0,0,0,0,0,0,0,1,0,0,1,0,0,0,0,0,0,1,0,0,0,0,0,0,0,1,0,0,0.0,5.176149732573829,0.0,177.0,81.5,0,0,0,0,0,0,1,0,0,0,0,0,0,0,0,1,0,0,0,0,0,0,0,0,0,0,0,0,1,0,0,0,0.137,1.7142857142857142,2012,36
116,0,1,0,0,1,0,-0.3528,0.1309,1,0,0,0,0,0,0,0,0,0,0,1,0,0,1,0,0,0,0,0,0,1,0,0,0,0,0,0,0,1,0,0,0.0,5.176149732573829,0.0,177.0,81.5,0,0,0,0,0,0,1,0,0,0,0,0,0,0,0,1,0,0,0,0,0,0,0,0,0,0,0,0,1,0,0,0,0.137,1.7142857142857142,2012,36
116,0,1,0,0,1,0,-1.8099,1.4194,1,0,0,0,0,0,0,0,0,0,0,0,1,0,1,0,0,0,0,0,0,1,0,0,0,0,0,0,0,1,0,0,0.0,5.176149732573829,0.0,177.0,81.5,0,0,0,0,0,0,1,0,0,0,0,0,0,0,0,1,0,0,0,0,0,0,0,0,0,0,0,0,1,0,0,0,0.137,1.7142857142857142,2012,36
116,0,1,0,0,1,0,0.9666,0.6996,0,1,0,0,0,0,0,0,0,0,0,1,0,0,1,0,0,0,0,0,0,1,0,0,0,0,0,0,0,1,0,0,0.0,5.176149732573829,0.0,177.0,81.5,0,0,0,0,0,0,1,0,0,0,0,0,0,0,0,1,0,0,0,0,0,0,0,0,0,0,0,0,1,0,0,0,0.137,1.7142857142857142,2012,36
116,0,1,0,0,1,0,-0.0142,0.03,0,1,0,0,0,0,0,0,0,0,0,1,0,0,1,0,0,0,0,0,0,1,0,0,0,0,0,0,0,1,0,0,0.0,5.176149732573829,0.0,177.0,81.5,0,0,0,0,0,0,1,0,0,0,0,0,0,0,0,1,0,0,0,0,0,0,0,0,0,0,0,0,1,0,0,0,0.137,1.7142857142857142,2012,36
139,1,0,0,1,0,0,0.99,0.009,1,0,0,0,0,0,0,0,0,0,0,0,1,0,1,0,0,0,0,0,0,1,0,0,0,0,0,0,0,1,0,0,0.0,5.5134287461649825,0.0,248.0,62.0,0,0,0,0,0,0,1,0,0,0,0,0,0,0,0,1,0,0,0,0,0,0,0,0,0,0,0,0,0,1,0,0,0.13,4.052631578947368,2000,24
139,1,0,0,1,0,0,0.99,0.01,0,0,0,0,1,0,0,0,0,0,1,0,0,0,1,0,0,0,0,0,0,1,0,0,0,0,0,0,0,1,0,0,0.0,5.5134287461649825,0.0,248.0,62.0,0,0,0,0,0,0,1,0,0,0,0,0,0,0,0,1,0,0,0,0,0,0,0,0,0,0,0,0,0,1,0,0,0.13,4.052631578947368,2000,24
139,1,0,0,1,0,0,0.99,0.01,0,0,0,1,0,0,0,0,0,0,1,0,0,0,1,0,0,0,0,0,0,1,0,0,0,0,0,0,0,1,0,0,0.0,5.5134287461649825,0.0,248.0,62.0,0,0,0,0,0,0,1,0,0,0,0,0,0,0,0,1,0,0,0,0,0,0,0,0,0,0,0,0,0,1,0,0,0.13,4.052631578947368,2000,24
139,1,0,0,1,0,0,0.99,0.01,0,0,0,0,0,0,1,0,0,0,1,0,0,0,1,0,0,0,0,0,0,1,0,0,0,0,0,0,0,1,0,0,0.0,5.5134287461649825,0.0,248.0,62.0,0,0,0,0,0,0,1,0,0,0,0,0,0,0,0,1,0,0,0,0,0,0,0,0,0,0,0,0,0,1,0,0,0.13,4.052631578947368,2000,24
139,1,0,0,1,0,0,1.0,0.01,0,0,0,0,0,0,0,1,0,0,0,1,0,0,1,0,0,0,0,0,0,1,0,0,0,0,0,0,0,1,0,0,0.0,5.5134287461649825,0.0,248.0,62.0,0,0,0,0,0,0,1,0,0,0,0,0,0,0,0,1,0,0,0,0,0,0,0,0,0,0,0,0,0,1,0,0,0.13,4.052631578947368,2000,24
139,1,0,0,1,0,0,0.99,0.01,1,0,0,0,0,0,0,0,0,0,1,0,0,0,1,0,0,0,0,0,0,1,0,0,0,0,0,0,0,1,0,0,0.0,5.5134287461649825,0.0,248.0,62.0,0,0,0,0,0,0,1,0,0,0,0,0,0,0,0,1,0,0,0,0,0,0,0,0,0,0,0,0,0,1,0,0,0.13,4.052631578947368,2000,24
139,1,0,0,1,0,0,0.99,0.01,0,0,0,0,0,0,0,0,1,0,1,0,0,0,1,0,0,0,0,0,0,1,0,0,0,0,0,0,0,1,0,0,0.0,5.5134287461649825,0.0,248.0,62.0,0,0,0,0,0,0,1,0,0,0,0,0,0,0,0,1,0,0,0,0,0,0,0,0,0,0,0,0,0,1,0,0,0.13,4.052631578947368,2000,24
139,1,0,0,1,0,0,0.97,0.02,0,0,0,0,0,1,0,0,0,0,1,0,0,0,1,0,0,0,0,0,0,1,0,0,0,0,0,0,0,1,0,0,0.0,5.5134287461649825,0.0,248.0,62.0,0,0,0,0,0,0,1,0,0,0,0,0,0,0,0,1,0,0,0,0,0,0,0,0,0,0,0,0,0,1,0,0,0.13,4.052631578947368,2000,24
139,1,0,0,1,0,0,1.0,0.01,1,0,0,0,0,0,0,0,0,0,0,0,1,0,1,0,0,0,0,0,0,1,0,0,0,0,0,0,0,1,0,0,0.0,4.852030263919617,0.0,128.0,57.5,0,0,0,0,0,0,1,0,0,0,0,0,0,0,0,1,0,0,0,0,0,0,0,0,0,0,0,0,0,1,0,0,0.13,4.052631578947368,2000,24
139,1,0,0,1,0,0,1.01,0.01,0,0,0,0,1,0,0,0,0,0,1,0,0,0,1,0,0,0,0,0,0,1,0,0,0,0,0,0,0,1,0,0,0.0,4.852030263919617,0.0,128.0,57.5,0,0,0,0,0,0,1,0,0,0,0,0,0,0,0,1,0,0,0,0,0,0,0,0,0,0,0,0,0,1,0,0,0.13,4.052631578947368,2000,24
139,1,0,0,1,0,0,1.0,0.02,0,0,0,1,0,0,0,0,0,0,1,0,0,0,1,0,0,0,0,0,0,1,0,0,0,0,0,0,0,1,0,0,0.0,4.852030263919617,0.0,128.0,57.5,0,0,0,0,0,0,1,0,0,0,0,0,0,0,0,1,0,0,0,0,0,0,0,0,0,0,0,0,0,1,0,0,0.13,4.052631578947368,2000,24
139,1,0,0,1,0,0,1.01,0.01,0,0,0,0,0,0,1,0,0,0,1,0,0,0,1,0,0,0,0,0,0,1,0,0,0,0,0,0,0,1,0,0,0.0,4.852030263919617,0.0,128.0,57.5,0,0,0,0,0,0,1,0,0,0,0,0,0,0,0,1,0,0,0,0,0,0,0,0,0,0,0,0,0,1,0,0,0.13,4.052631578947368,2000,24
139,1,0,0,1,0,0,0.95,0.02,0,0,0,0,0,0,0,1,0,0,0,1,0,0,1,0,0,0,0,0,0,1,0,0,0,0,0,0,0,1,0,0,0.0,4.852030263919617,0.0,128.0,57.5,0,0,0,0,0,0,1,0,0,0,0,0,0,0,0,1,0,0,0,0,0,0,0,0,0,0,0,0,0,1,0,0,0.13,4.052631578947368,2000,24
139,1,0,0,1,0,0,1.01,0.02,1,0,0,0,0,0,0,0,0,0,1,0,0,0,1,0,0,0,0,0,0,1,0,0,0,0,0,0,0,1,0,0,0.0,4.852030263919617,0.0,128.0,57.5,0,0,0,0,0,0,1,0,0,0,0,0,0,0,0,1,0,0,0,0,0,0,0,0,0,0,0,0,0,1,0,0,0.13,4.052631578947368,2000,24
139,1,0,0,1,0,0,0.96,0.02,0,0,0,0,0,0,0,0,1,0,1,0,0,0,1,0,0,0,0,0,0,1,0,0,0,0,0,0,0,1,0,0,0.0,4.852030263919617,0.0,128.0,57.5,0,0,0,0,0,0,1,0,0,0,0,0,0,0,0,1,0,0,0,0,0,0,0,0,0,0,0,0,0,1,0,0,0.13,4.052631578947368,2000,24
139,1,0,0,1,0,0,1.02,0.02,0,0,0,0,0,1,0,0,0,0,1,0,0,0,1,0,0,0,0,0,0,1,0,0,0,0,0,0,0,1,0,0,0.0,4.852030263919617,0.0,128.0,57.5,0,0,0,0,0,0,1,0,0,0,0,0,0,0,0,1,0,0,0,0,0,0,0,0,0,0,0,0,0,1,0,0,0.13,4.052631578947368,2000,24
139,1,0,0,1,0,0,1.0,0.02,1,0,0,0,0,0,0,0,0,0,0,0,1,0,1,0,0,0,0,0,0,1,0,0,0,0,0,0,0,1,0,0,0.0,4.770684624465665,0.0,118.0,67.5,0,0,0,0,0,0,1,0,0,0,0,0,0,0,0,1,0,0,0,0,0,0,0,0,0,0,0,0,0,1,0,0,0.13,4.052631578947368,2000,24
139,1,0,0,1,0,0,0.92,0.02,0,0,0,0,1,0,0,0,0,0,1,0,0,0,1,0,0,0,0,0,0,1,0,0,0,0,0,0,0,1,0,0,0.0,4.770684624465665,0.0,118.0,67.5,0,0,0,0,0,0,1,0,0,0,0,0,0,0,0,1,0,0,0,0,0,0,0,0,0,0,0,0,0,1,0,0,0.13,4.052631578947368,2000,24
139,1,0,0,1,0,0,0.94,0.01,0,0,0,1,0,0,0,0,0,0,1,0,0,0,1,0,0,0,0,0,0,1,0,0,0,0,0,0,0,1,0,0,0.0,4.770684624465665,0.0,118.0,67.5,0,0,0,0,0,0,1,0,0,0,0,0,0,0,0,1,0,0,0,0,0,0,0,0,0,0,0,0,0,1,0,0,0.13,4.052631578947368,2000,24
139,1,0,0,1,0,0,0.94,0.02,0,0,0,0,0,0,1,0,0,0,1,0,0,0,1,0,0,0,0,0,0,1,0,0,0,0,0,0,0,1,0,0,0.0,4.770684624465665,0.0,118.0,67.5,0,0,0,0,0,0,1,0,0,0,0,0,0,0,0,1,0,0,0,0,0,0,0,0,0,0,0,0,0,1,0,0,0.13,4.052631578947368,2000,24
139,1,0,0,1,0,0,0.96,0.01,0,0,0,0,0,0,0,1,0,0,0,1,0,0,1,0,0,0,0,0,0,1,0,0,0,0,0,0,0,1,0,0,0.0,4.770684624465665,0.0,118.0,67.5,0,0,0,0,0,0,1,0,0,0,0,0,0,0,0,1,0,0,0,0,0,0,0,0,0,0,0,0,0,1,0,0,0.13,4.052631578947368,2000,24
139,1,0,0,1,0,0,0.94,0.01,1,0,0,0,0,0,0,0,0,0,1,0,0,0,1,0,0,0,0,0,0,1,0,0,0,0,0,0,0,1,0,0,0.0,4.770684624465665,0.0,118.0,67.5,0,0,0,0,0,0,1,0,0,0,0,0,0,0,0,1,0,0,0,0,0,0,0,0,0,0,0,0,0,1,0,0,0.13,4.052631578947368,2000,24
139,1,0,0,1,0,0,0.93,0.02,0,0,0,0,0,0,0,0,1,0,1,0,0,0,1,0,0,0,0,0,0,1,0,0,0,0,0,0,0,1,0,0,0.0,4.770684624465665,0.0,118.0,67.5,0,0,0,0,0,0,1,0,0,0,0,0,0,0,0,1,0,0,0,0,0,0,0,0,0,0,0,0,0,1,0,0,0.13,4.052631578947368,2000,24
139,1,0,0,1,0,0,0.88,0.04,0,0,0,0,0,1,0,0,0,0,1,0,0,0,1,0,0,0,0,0,0,1,0,0,0,0,0,0,0,1,0,0,0.0,4.770684624465665,0.0,118.0,67.5,0,0,0,0,0,0,1,0,0,0,0,0,0,0,0,1,0,0,0,0,0,0,0,0,0,0,0,0,0,1,0,0,0.13,4.052631578947368,2000,24
139,1,0,0,1,0,0,1.0,0.01,1,0,0,0,0,0,0,0,0,0,0,0,1,0,1,0,0,0,0,0,0,1,0,0,0,0,0,0,0,1,0,0,0.0,5.0106352940962555,0.0,150.0,69.0,0,0,0,0,0,0,1,0,0,0,0,0,0,0,0,1,0,0,0,0,0,0,0,0,0,0,0,0,1,0,0,0,0.13,4.052631578947368,2000,24
139,1,0,0,1,0,0,0.92,0.02,0,0,0,0,1,0,0,0,0,0,1,0,0,0,1,0,0,0,0,0,0,1,0,0,0,0,0,0,0,1,0,0,0.0,5.0106352940962555,0.0,150.0,69.0,0,0,0,0,0,0,1,0,0,0,0,0,0,0,0,1,0,0,0,0,0,0,0,0,0,0,0,0,1,0,0,0,0.13,4.052631578947368,2000,24
139,1,0,0,1,0,0,0.94,0.01,0,0,0,1,0,0,0,0,0,0,1,0,0,0,1,0,0,0,0,0,0,1,0,0,0,0,0,0,0,1,0,0,0.0,5.0106352940962555,0.0,150.0,69.0,0,0,0,0,0,0,1,0,0,0,0,0,0,0,0,1,0,0,0,0,0,0,0,0,0,0,0,0,1,0,0,0,0.13,4.052631578947368,2000,24
139,1,0,0,1,0,0,0.95,0.02,0,0,0,0,0,0,1,0,0,0,1,0,0,0,1,0,0,0,0,0,0,1,0,0,0,0,0,0,0,1,0,0,0.0,5.0106352940962555,0.0,150.0,69.0,0,0,0,0,0,0,1,0,0,0,0,0,0,0,0,1,0,0,0,0,0,0,0,0,0,0,0,0,1,0,0,0,0.13,4.052631578947368,2000,24
139,1,0,0,1,0,0,0.95,0.01,0,0,0,0,0,0,0,1,0,0,0,1,0,0,1,0,0,0,0,0,0,1,0,0,0,0,0,0,0,1,0,0,0.0,5.0106352940962555,0.0,150.0,69.0,0,0,0,0,0,0,1,0,0,0,0,0,0,0,0,1,0,0,0,0,0,0,0,0,0,0,0,0,1,0,0,0,0.13,4.052631578947368,2000,24
139,1,0,0,1,0,0,0.94,0.01,1,0,0,0,0,0,0,0,0,0,1,0,0,0,1,0,0,0,0,0,0,1,0,0,0,0,0,0,0,1,0,0,0.0,5.0106352940962555,0.0,150.0,69.0,0,0,0,0,0,0,1,0,0,0,0,0,0,0,0,1,0,0,0,0,0,0,0,0,0,0,0,0,1,0,0,0,0.13,4.052631578947368,2000,24
139,1,0,0,1,0,0,0.93,0.01,0,0,0,0,0,0,0,0,1,0,1,0,0,0,1,0,0,0,0,0,0,1,0,0,0,0,0,0,0,1,0,0,0.0,5.0106352940962555,0.0,150.0,69.0,0,0,0,0,0,0,1,0,0,0,0,0,0,0,0,1,0,0,0,0,0,0,0,0,0,0,0,0,1,0,0,0,0.13,4.052631578947368,2000,24
139,1,0,0,1,0,0,0.89,0.04,0,0,0,0,0,1,0,0,0,0,1,0,0,0,1,0,0,0,0,0,0,1,0,0,0,0,0,0,0,1,0,0,0.0,5.0106352940962555,0.0,150.0,69.0,0,0,0,0,0,0,1,0,0,0,0,0,0,0,0,1,0,0,0,0,0,0,0,0,0,0,0,0,1,0,0,0,0.13,4.052631578947368,2000,24
139,0,1,0,0,1,0,-1.56,0.46,1,0,0,0,0,0,0,0,0,0,0,0,1,0,1,0,0,0,0,0,0,1,0,0,0,0,0,0,0,1,0,0,0.0,5.5134287461649825,0.0,248.0,62.0,0,0,0,0,0,0,1,0,0,0,0,0,0,0,0,1,0,0,0,0,0,0,0,0,0,0,0,0,0,1,0,0,0.13,4.052631578947368,2000,24
139,0,1,0,0,1,0,-0.7,0.84,0,0,0,0,1,0,0,0,0,0,1,0,0,0,1,0,0,0,0,0,0,1,0,0,0,0,0,0,0,1,0,0,0.0,5.5134287461649825,0.0,248.0,62.0,0,0,0,0,0,0,1,0,0,0,0,0,0,0,0,1,0,0,0,0,0,0,0,0,0,0,0,0,0,1,0,0,0.13,4.052631578947368,2000,24
139,0,1,0,0,1,0,-0.74,0.84,0,0,0,1,0,0,0,0,0,0,1,0,0,0,1,0,0,0,0,0,0,1,0,0,0,0,0,0,0,1,0,0,0.0,5.5134287461649825,0.0,248.0,62.0,0,0,0,0,0,0,1,0,0,0,0,0,0,0,0,1,0,0,0,0,0,0,0,0,0,0,0,0,0,1,0,0,0.13,4.052631578947368,2000,24
139,0,1,0,0,1,0,-0.1,0.46,0,0,0,0,0,0,1,0,0,0,1,0,0,0,1,0,0,0,0,0,0,1,0,0,0,0,0,0,0,1,0,0,0.0,5.5134287461649825,0.0,248.0,62.0,0,0,0,0,0,0,1,0,0,0,0,0,0,0,0,1,0,0,0,0,0,0,0,0,0,0,0,0,0,1,0,0,0.13,4.052631578947368,2000,24
139,0,1,0,0,1,0,-1.68,0.66,0,0,0,0,0,0,0,1,0,0,0,1,0,0,1,0,0,0,0,0,0,1,0,0,0,0,0,0,0,1,0,0,0.0,5.5134287461649825,0.0,248.0,62.0,0,0,0,0,0,0,1,0,0,0,0,0,0,0,0,1,0,0,0,0,0,0,0,0,0,0,0,0,0,1,0,0,0.13,4.052631578947368,2000,24
139,0,1,0,0,1,0,-1.54,0.76,1,0,0,0,0,0,0,0,0,0,1,0,0,0,1,0,0,0,0,0,0,1,0,0,0,0,0,0,0,1,0,0,0.0,5.5134287461649825,0.0,248.0,62.0,0,0,0,0,0,0,1,0,0,0,0,0,0,0,0,1,0,0,0,0,0,0,0,0,0,0,0,0,0,1,0,0,0.13,4.052631578947368,2000,24
139,0,1,0,0,1,0,-1.28,0.77,0,0,0,0,0,0,0,0,1,0,1,0,0,0,1,0,0,0,0,0,0,1,0,0,0,0,0,0,0,1,0,0,0.0,5.5134287461649825,0.0,248.0,62.0,0,0,0,0,0,0,1,0,0,0,0,0,0,0,0,1,0,0,0,0,0,0,0,0,0,0,0,0,0,1,0,0,0.13,4.052631578947368,2000,24
139,0,1,0,0,1,0,-1.84,0.84,0,0,0,0,0,1,0,0,0,0,1,0,0,0,1,0,0,0,0,0,0,1,0,0,0,0,0,0,0,1,0,0,0.0,5.5134287461649825,0.0,248.0,62.0,0,0,0,0,0,0,1,0,0,0,0,0,0,0,0,1,0,0,0,0,0,0,0,0,0,0,0,0,0,1,0,0,0.13,4.052631578947368,2000,24
139,0,1,0,0,1,0,-1.14,0.66,1,0,0,0,0,0,0,0,0,0,0,0,1,0,1,0,0,0,0,0,0,1,0,0,0,0,0,0,0,1,0,0,0.0,4.852030263919617,0.0,128.0,57.5,0,0,0,0,0,0,1,0,0,0,0,0,0,0,0,1,0,0,0,0,0,0,0,0,0,0,0,0,0,1,0,0,0.13,4.052631578947368,2000,24
139,0,1,0,0,1,0,-1.09,0.94,0,0,0,0,1,0,0,0,0,0,1,0,0,0,1,0,0,0,0,0,0,1,0,0,0,0,0,0,0,1,0,0,0.0,4.852030263919617,0.0,128.0,57.5,0,0,0,0,0,0,1,0,0,0,0,0,0,0,0,1,0,0,0,0,0,0,0,0,0,0,0,0,0,1,0,0,0.13,4.052631578947368,2000,24
139,0,1,0,0,1,0,-2.5,1.43,0,0,0,1,0,0,0,0,0,0,1,0,0,0,1,0,0,0,0,0,0,1,0,0,0,0,0,0,0,1,0,0,0.0,4.852030263919617,0.0,128.0,57.5,0,0,0,0,0,0,1,0,0,0,0,0,0,0,0,1,0,0,0,0,0,0,0,0,0,0,0,0,0,1,0,0,0.13,4.052631578947368,2000,24
139,0,1,0,0,1,0,-1.12,0.48,0,0,0,0,0,0,1,0,0,0,1,0,0,0,1,0,0,0,0,0,0,1,0,0,0,0,0,0,0,1,0,0,0.0,4.852030263919617,0.0,128.0,57.5,0,0,0,0,0,0,1,0,0,0,0,0,0,0,0,1,0,0,0,0,0,0,0,0,0,0,0,0,0,1,0,0,0.13,4.052631578947368,2000,24
139,0,1,0,0,1,0,-1.39,0.62,0,0,0,0,0,0,0,1,0,0,0,1,0,0,1,0,0,0,0,0,0,1,0,0,0,0,0,0,0,1,0,0,0.0,4.852030263919617,0.0,128.0,57.5,0,0,0,0,0,0,1,0,0,0,0,0,0,0,0,1,0,0,0,0,0,0,0,0,0,0,0,0,0,1,0,0,0.13,4.052631578947368,2000,24
139,0,1,0,0,1,0,-2.63,0.83,1,0,0,0,0,0,0,0,0,0,1,0,0,0,1,0,0,0,0,0,0,1,0,0,0,0,0,0,0,1,0,0,0.0,4.852030263919617,0.0,128.0,57.5,0,0,0,0,0,0,1,0,0,0,0,0,0,0,0,1,0,0,0,0,0,0,0,0,0,0,0,0,0,1,0,0,0.13,4.052631578947368,2000,24
139,0,1,0,0,1,0,-2.49,1.12,0,0,0,0,0,0,0,0,1,0,1,0,0,0,1,0,0,0,0,0,0,1,0,0,0,0,0,0,0,1,0,0,0.0,4.852030263919617,0.0,128.0,57.5,0,0,0,0,0,0,1,0,0,0,0,0,0,0,0,1,0,0,0,0,0,0,0,0,0,0,0,0,0,1,0,0,0.13,4.052631578947368,2000,24
139,0,1,0,0,1,0,-1.48,0.75,0,0,0,0,0,1,0,0,0,0,1,0,0,0,1,0,0,0,0,0,0,1,0,0,0,0,0,0,0,1,0,0,0.0,4.852030263919617,0.0,128.0,57.5,0,0,0,0,0,0,1,0,0,0,0,0,0,0,0,1,0,0,0,0,0,0,0,0,0,0,0,0,0,1,0,0,0.13,4.052631578947368,2000,24
139,0,1,0,0,1,0,-2.04,0.98,1,0,0,0,0,0,0,0,0,0,0,0,1,0,1,0,0,0,0,0,0,1,0,0,0,0,0,0,0,1,0,0,0.0,4.770684624465665,0.0,118.0,67.5,0,0,0,0,0,0,1,0,0,0,0,0,0,0,0,1,0,0,0,0,0,0,0,0,0,0,0,0,0,1,0,0,0.13,4.052631578947368,2000,24
139,0,1,0,0,1,0,0.27,1.33,0,0,0,0,1,0,0,0,0,0,1,0,0,0,1,0,0,0,0,0,0,1,0,0,0,0,0,0,0,1,0,0,0.0,4.770684624465665,0.0,118.0,67.5,0,0,0,0,0,0,1,0,0,0,0,0,0,0,0,1,0,0,0,0,0,0,0,0,0,0,0,0,0,1,0,0,0.13,4.052631578947368,2000,24
139,0,1,0,0,1,0,1.52,1.26,0,0,0,1,0,0,0,0,0,0,1,0,0,0,1,0,0,0,0,0,0,1,0,0,0,0,0,0,0,1,0,0,0.0,4.770684624465665,0.0,118.0,67.5,0,0,0,0,0,0,1,0,0,0,0,0,0,0,0,1,0,0,0,0,0,0,0,0,0,0,0,0,0,1,0,0,0.13,4.052631578947368,2000,24
139,0,1,0,0,1,0,2.12,2.27,0,0,0,0,0,0,1,0,0,0,1,0,0,0,1,0,0,0,0,0,0,1,0,0,0,0,0,0,0,1,0,0,0.0,4.770684624465665,0.0,118.0,67.5,0,0,0,0,0,0,1,0,0,0,0,0,0,0,0,1,0,0,0,0,0,0,0,0,0,0,0,0,0,1,0,0,0.13,4.052631578947368,2000,24
139,0,1,0,0,1,0,-1.68,2.0,0,0,0,0,0,0,0,1,0,0,0,1,0,0,1,0,0,0,0,0,0,1,0,0,0,0,0,0,0,1,0,0,0.0,4.770684624465665,0.0,118.0,67.5,0,0,0,0,0,0,1,0,0,0,0,0,0,0,0,1,0,0,0,0,0,0,0,0,0,0,0,0,0,1,0,0,0.13,4.052631578947368,2000,24
139,0,1,0,0,1,0,1.41,1.51,1,0,0,0,0,0,0,0,0,0,1,0,0,0,1,0,0,0,0,0,0,1,0,0,0,0,0,0,0,1,0,0,0.0,4.770684624465665,0.0,118.0,67.5,0,0,0,0,0,0,1,0,0,0,0,0,0,0,0,1,0,0,0,0,0,0,0,0,0,0,0,0,0,1,0,0,0.13,4.052631578947368,2000,24
139,0,1,0,0,1,0,0.47,1.7,0,0,0,0,0,0,0,0,1,0,1,0,0,0,1,0,0,0,0,0,0,1,0,0,0,0,0,0,0,1,0,0,0.0,4.770684624465665,0.0,118.0,67.5,0,0,0,0,0,0,1,0,0,0,0,0,0,0,0,1,0,0,0,0,0,0,0,0,0,0,0,0,0,1,0,0,0.13,4.052631578947368,2000,24
139,0,1,0,0,1,0,-1.22,2.44,0,0,0,0,0,1,0,0,0,0,1,0,0,0,1,0,0,0,0,0,0,1,0,0,0,0,0,0,0,1,0,0,0.0,4.770684624465665,0.0,118.0,67.5,0,0,0,0,0,0,1,0,0,0,0,0,0,0,0,1,0,0,0,0,0,0,0,0,0,0,0,0,0,1,0,0,0.13,4.052631578947368,2000,24
139,0,1,0,0,1,0,-0.64,0.52,1,0,0,0,0,0,0,0,0,0,0,0,1,0,1,0,0,0,0,0,0,1,0,0,0,0,0,0,0,1,0,0,0.0,5.0106352940962555,0.0,150.0,69.0,0,0,0,0,0,0,1,0,0,0,0,0,0,0,0,1,0,0,0,0,0,0,0,0,0,0,0,0,1,0,0,0,0.13,4.052631578947368,2000,24
139,0,1,0,0,1,0,-0.55,1.46,0,0,0,0,1,0,0,0,0,0,1,0,0,0,1,0,0,0,0,0,0,1,0,0,0,0,0,0,0,1,0,0,0.0,5.0106352940962555,0.0,150.0,69.0,0,0,0,0,0,0,1,0,0,0,0,0,0,0,0,1,0,0,0,0,0,0,0,0,0,0,0,0,1,0,0,0,0.13,4.052631578947368,2000,24
139,0,1,0,0,1,0,0.86,1.18,0,0,0,1,0,0,0,0,0,0,1,0,0,0,1,0,0,0,0,0,0,1,0,0,0,0,0,0,0,1,0,0,0.0,5.0106352940962555,0.0,150.0,69.0,0,0,0,0,0,0,1,0,0,0,0,0,0,0,0,1,0,0,0,0,0,0,0,0,0,0,0,0,1,0,0,0,0.13,4.052631578947368,2000,24
139,0,1,0,0,1,0,0.09,1.89,0,0,0,0,0,0,1,0,0,0,1,0,0,0,1,0,0,0,0,0,0,1,0,0,0,0,0,0,0,1,0,0,0.0,5.0106352940962555,0.0,150.0,69.0,0,0,0,0,0,0,1,0,0,0,0,0,0,0,0,1,0,0,0,0,0,0,0,0,0,0,0,0,1,0,0,0,0.13,4.052631578947368,2000,24
139,0,1,0,0,1,0,-3.41,1.64,0,0,0,0,0,0,0,1,0,0,0,1,0,0,1,0,0,0,0,0,0,1,0,0,0,0,0,0,0,1,0,0,0.0,5.0106352940962555,0.0,150.0,69.0,0,0,0,0,0,0,1,0,0,0,0,0,0,0,0,1,0,0,0,0,0,0,0,0,0,0,0,0,1,0,0,0,0.13,4.052631578947368,2000,24
139,0,1,0,0,1,0,-0.15,1.11,1,0,0,0,0,0,0,0,0,0,1,0,0,0,1,0,0,0,0,0,0,1,0,0,0,0,0,0,0,1,0,0,0.0,5.0106352940962555,0.0,150.0,69.0,0,0,0,0,0,0,1,0,0,0,0,0,0,0,0,1,0,0,0,0,0,0,0,0,0,0,0,0,1,0,0,0,0.13,4.052631578947368,2000,24
139,0,1,0,0,1,0,-0.42,1.57,0,0,0,0,0,0,0,0,1,0,1,0,0,0,1,0,0,0,0,0,0,1,0,0,0,0,0,0,0,1,0,0,0.0,5.0106352940962555,0.0,150.0,69.0,0,0,0,0,0,0,1,0,0,0,0,0,0,0,0,1,0,0,0,0,0,0,0,0,0,0,0,0,1,0,0,0,0.13,4.052631578947368,2000,24
139,0,1,0,0,1,0,-0.91,2.33,0,0,0,0,0,1,0,0,0,0,1,0,0,0,1,0,0,0,0,0,0,1,0,0,0,0,0,0,0,1,0,0,0.0,5.0106352940962555,0.0,150.0,69.0,0,0,0,0,0,0,1,0,0,0,0,0,0,0,0,1,0,0,0,0,0,0,0,0,0,0,0,0,1,0,0,0,0.13,4.052631578947368,2000,24
87,0,1,0,0,1,0,7.9,42.2,0,0,0,0,0,1,0,0,0,0,1,0,0,0,1,0,0,0,0,0,0,0,1,0,0,0,0,0,1,0,0,0,2.4849066497880004,6.1092475827643655,0.0,450.0,59.0,1,0,0,0,0,0,1,0,0,0,0,0,0,0,0,1,0,0,0,0,0,0,0,0,0,0,0,0,0,1,0,0,0.123,11.64516129032258,1988,12
87,0,1,0,0,1,0,-0.05,0.29,0,0,0,0,0,1,0,0,0,0,1,0,0,0,1,0,0,0,0,0,0,1,0,0,0,0,0,0,1,0,0,0,1.3862943611198906,6.1092475827643655,0.0,450.0,59.0,1,0,0,0,0,0,1,0,0,0,0,0,0,0,0,1,0,0,0,0,0,0,0,0,0,0,0,0,0,1,0,0,0.123,11.64516129032258,1988,12
87,0,1,0,0,1,0,-0.98,0.51,0,0,0,1,0,0,0,0,0,0,1,0,0,0,1,0,0,0,0,0,0,0,1,0,0,0,0,0,0,1,0,0,1.0986122886681098,5.0106352940962555,0.0,150.0,58.0,1,0,0,0,0,0,1,0,0,0,0,0,0,0,0,1,0,0,0,0,0,0,0,0,0,0,0,0,0,0,0,1,0.123,11.64516129032258,1988,12
87,0,1,0,0,1,0,-0.09,0.32,0,0,0,0,0,0,0,0,1,0,1,0,0,0,1,0,0,0,0,0,0,0,1,0,0,0,0,0,0,1,0,0,1.0986122886681098,5.0106352940962555,0.0,150.0,58.0,1,0,0,0,0,0,1,0,0,0,0,0,0,0,0,1,0,0,0,0,0,0,0,0,0,0,0,0,0,0,0,1,0.123,11.64516129032258,1988,12
87,0,1,0,0,1,0,0.04,0.71,0,0,0,1,0,0,0,0,0,0,1,0,0,0,1,0,0,0,0,0,0,1,0,0,0,0,0,0,1,0,0,0,1.3862943611198906,5.8971538676367405,0.0,364.0,55.0,1,0,0,0,0,0,1,0,0,0,0,0,0,0,0,1,0,0,0,0,0,0,0,0,0,0,0,0,0,1,0,0,0.123,11.64516129032258,1988,12
87,0,1,0,0,1,0,-0.93,0.55,0,0,0,0,0,0,0,0,1,0,1,0,0,0,1,0,0,0,0,0,0,1,0,0,0,0,0,0,1,0,0,0,1.3862943611198906,5.8971538676367405,0.0,364.0,55.0,1,0,0,0,0,0,1,0,0,0,0,0,0,0,0,1,0,0,0,0,0,0,0,0,0,0,0,0,0,1,0,0,0.123,11.64516129032258,1988,12
87,0,1,0,0,1,0,0.66,1.64,0,0,0,0,0,0,0,0,1,0,1,0,0,0,1,0,0,0,0,0,0,1,0,0,0,0,0,1,0,0,0,0,3.4011973816621555,7.274479558773871,0.0,1443.0,61.5,1,0,0,0,0,0,1,0,0,0,0,0,0,0,0,1,0,0,0,0,0,0,0,0,0,0,0,0,0,0,0,1,0.123,11.64516129032258,1988,12
87,0,1,0,0,1,0,-1.15,1.02,0,0,0,0,0,0,0,1,0,0,0,1,0,0,1,0,0,0,0,0,0,1,0,0,0,0,0,1,0,0,0,0,3.4011973816621555,7.274479558773871,0.0,1443.0,61.5,1,0,0,0,0,0,1,0,0,0,0,0,0,0,0,1,0,0,0,0,0,0,0,0,0,0,0,0,0,0,0,1,0.123,11.64516129032258,1988,12
87,0,1,0,0,1,0,-0.87,1.72,0,0,0,1,0,0,0,0,0,0,1,0,0,0,1,0,0,0,0,0,0,1,0,0,0,0,0,1,0,0,0,0,3.4011973816621555,7.27931883541462,0.0,1450.0,61.5,1,0,0,0,0,0,1,0,0,0,0,0,0,0,0,1,0,0,0,0,0,0,0,0,0,0,0,0,0,0,0,1,0.123,11.64516129032258,1988,12
91,0,1,0,0,1,0,1.001,0.03429961622807017,1,0,0,0,0,0,0,0,0,0,0,0,1,0,1,0,0,0,0,0,0,1,0,0,0,0,0,0,0,1,0,0,0.0,5.44673737166631,0.0,232.0,77.5,0,0,0,0,0,0,1,0,0,0,0,0,0,0,0,1,0,0,0,0,0,0,0,0,0,0,0,0,1,0,0,0,0.122,1.6666666666666667,2013,37
91,0,1,0,0,1,0,0.974,0.114777280226255,1,0,0,0,0,0,0,0,0,0,0,0,1,0,1,0,0,0,0,0,0,0,1,0,0,0,0,0,0,1,0,0,1.0986122886681098,5.438079308923196,0.0,230.0,77.5,1,0,0,0,0,0,1,0,0,0,0,0,0,0,0,1,0,0,0,0,0,0,0,0,0,0,0,0,1,0,0,0,0.122,1.6666666666666667,2013,37
91,0,1,0,0,1,0,1.075,0.18257472826086957,1,0,0,0,0,0,0,0,0,0,0,0,1,0,1,0,0,0,0,0,0,0,1,0,0,0,0,0,0,1,0,0,1.791759469228055,5.424950017481403,0.0,227.0,77.5,1,0,0,0,0,0,1,0,0,0,0,0,0,0,0,1,0,0,0,0,0,0,0,0,0,0,0,0,1,0,0,0,0.122,1.6666666666666667,2013,37
91,0,1,0,0,1,0,0.702,0.25990373935579414,1,0,0,0,0,0,0,0,0,0,0,0,1,0,1,0,0,0,0,0,0,0,0,1,0,0,0,0,0,1,0,0,2.4849066497880004,5.3981627015177525,0.0,221.0,77.5,1,0,0,0,0,0,1,0,0,0,0,0,0,0,0,1,0,0,0,0,0,0,0,0,0,0,0,0,1,0,0,0,0.122,1.6666666666666667,2013,37
91,0,1,0,0,1,0,0.043,0.11139896373056994,0,1,0,0,0,0,0,0,0,0,0,1,0,0,1,0,0,0,0,0,0,1,0,0,0,0,0,0,0,1,0,0,0.0,4.48863636973214,0.0,89.0,83.5,0,0,0,0,0,0,1,0,0,0,0,0,0,0,0,1,0,0,0,0,0,0,0,0,0,0,0,0,1,0,0,0,0.122,1.6666666666666667,2013,37
91,0,1,0,0,1,0,0.728,0.10669793346035468,0,1,0,0,0,0,0,0,0,0,0,1,0,0,1,0,0,0,0,0,0,0,1,0,0,0,0,0,0,1,0,0,1.0986122886681098,4.465908118654584,0.0,87.0,83.5,1,0,0,0,0,0,1,0,0,0,0,0,0,0,0,1,0,0,0,0,0,0,0,0,0,0,0,0,1,0,0,0,0.122,1.6666666666666667,2013,37
91,0,1,0,0,1,0,0.731,0.10218059826670393,0,1,0,0,0,0,0,0,0,0,0,1,0,0,1,0,0,0,0,0,0,0,1,0,0,0,0,0,0,1,0,0,1.791759469228055,4.430816798843313,0.0,84.0,83.5,1,0,0,0,0,0,1,0,0,0,0,0,0,0,0,1,0,0,0,0,0,0,0,0,0,0,0,0,1,0,0,0,0.122,1.6666666666666667,2013,37
91,0,1,0,0,1,0,0.632,0.1051930758988016,0,1,0,0,0,0,0,0,0,0,0,1,0,0,1,0,0,0,0,0,0,0,0,1,0,0,0,0,0,1,0,0,2.4849066497880004,4.356708826689592,0.0,78.0,83.5,1,0,0,0,0,0,1,0,0,0,0,0,0,0,0,1,0,0,0,0,0,0,0,0,0,0,0,0,1,0,0,0,0.122,1.6666666666666667,2013,37
91,0,1,0,0,1,0,-0.223,0.16830188679245284,1,0,0,0,0,0,0,0,0,0,1,0,0,0,1,0,0,0,0,0,0,1,0,0,0,0,0,0,0,1,0,0,0.0,5.44673737166631,0.0,232.0,77.5,0,0,0,0,0,0,1,0,0,0,0,0,0,0,0,1,0,0,0,0,0,0,0,0,0,0,0,0,1,0,0,0,0.122,1.6666666666666667,2013,37
91,0,1,0,0,1,0,-0.099,0.26612903225806456,1,0,0,0,0,0,0,0,0,0,1,0,0,0,1,0,0,0,0,0,0,0,1,0,0,0,0,0,0,1,0,0,1.0986122886681098,5.438079308923196,0.0,230.0,77.5,1,0,0,0,0,0,1,0,0,0,0,0,0,0,0,1,0,0,0,0,0,0,0,0,0,0,0,0,1,0,0,0,0.122,1.6666666666666667,2013,37
91,0,1,0,0,1,0,-0.105,0.29411764705882354,1,0,0,0,0,0,0,0,0,0,1,0,0,0,1,0,0,0,0,0,0,0,1,0,0,0,0,0,0,1,0,0,1.791759469228055,5.424950017481403,0.0,227.0,77.5,1,0,0,0,0,0,1,0,0,0,0,0,0,0,0,1,0,0,0,0,0,0,0,0,0,0,0,0,1,0,0,0,0.122,1.6666666666666667,2013,37
91,0,1,0,0,1,0,-0.208,0.27586206896551724,1,0,0,0,0,0,0,0,0,0,1,0,0,0,1,0,0,0,0,0,0,0,0,1,0,0,0,0,0,1,0,0,2.4849066497880004,5.3981627015177525,0.0,221.0,77.5,1,0,0,0,0,0,1,0,0,0,0,0,0,0,0,1,0,0,0,0,0,0,0,0,0,0,0,0,1,0,0,0,0.122,1.6666666666666667,2013,37
91,0,1,0,0,1,0,-0.08,0.17543859649122806,0,0,0,0,0,0,0,1,0,0,0,1,0,0,1,0,0,0,0,0,0,1,0,0,0,0,0,0,0,1,0,0,0.0,5.44673737166631,0.0,232.0,77.5,0,0,0,0,0,0,1,0,0,0,0,0,0,0,0,1,0,0,0,0,0,0,0,0,0,0,0,0,1,0,0,0,0.122,1.6666666666666667,2013,37
91,0,1,0,0,1,0,-0.553,0.2863801139306059,0,0,0,0,0,0,0,1,0,0,0,1,0,0,1,0,0,0,0,0,0,0,1,0,0,0,0,0,0,1,0,0,1.0986122886681098,5.438079308923196,0.0,230.0,77.5,1,0,0,0,0,0,1,0,0,0,0,0,0,0,0,1,0,0,0,0,0,0,0,0,0,0,0,0,1,0,0,0,0.122,1.6666666666666667,2013,37
91,0,1,0,0,1,0,-0.987,0.30921052631578944,0,0,0,0,0,0,0,1,0,0,0,1,0,0,1,0,0,0,0,0,0,0,1,0,0,0,0,0,0,1,0,0,1.791759469228055,5.424950017481403,0.0,227.0,77.5,1,0,0,0,0,0,1,0,0,0,0,0,0,0,0,1,0,0,0,0,0,0,0,0,0,0,0,0,1,0,0,0,0.122,1.6666666666666667,2013,37
91,0,1,0,0,1,0,-1.901,0.25554510014786935,0,0,0,0,0,0,0,1,0,0,0,1,0,0,1,0,0,0,0,0,0,0,0,1,0,0,0,0,0,1,0,0,2.4849066497880004,5.3981627015177525,0.0,221.0,77.5,1,0,0,0,0,0,1,0,0,0,0,0,0,0,0,1,0,0,0,0,0,0,0,0,0,0,0,0,1,0,0,0,0.122,1.6666666666666667,2013,37
91,0,1,0,0,1,0,0.941,0.095688427903193,1,0,0,0,0,0,0,0,0,0,0,0,1,0,1,0,0,0,0,0,0,1,0,0,0,0,0,0,0,1,0,0,0.0,5.44673737166631,0.0,232.0,77.5,0,0,0,0,0,0,1,0,0,0,0,0,0,0,0,1,0,0,0,0,0,0,0,0,0,0,0,0,1,0,0,0,0.122,1.6666666666666667,2013,37
91,0,1,0,0,1,0,1.373,0.2275816343444389,1,0,0,0,0,0,0,0,0,0,0,0,1,0,1,0,0,0,0,0,0,0,1,0,0,0,0,0,0,1,0,0,1.0986122886681098,5.438079308923196,0.0,230.0,77.5,1,0,0,0,0,0,1,0,0,0,0,0,0,0,0,1,0,0,0,0,0,0,0,0,0,0,0,0,1,0,0,0,0.122,1.6666666666666667,2013,37
91,0,1,0,0,1,0,1.372,0.3618143459915612,1,0,0,0,0,0,0,0,0,0,0,0,1,0,1,0,0,0,0,0,0,0,1,0,0,0,0,0,0,1,0,0,1.791759469228055,5.424950017481403,0.0,227.0,77.5,1,0,0,0,0,0,1,0,0,0,0,0,0,0,0,1,0,0,0,0,0,0,0,0,0,0,0,0,1,0,0,0,0.122,1.6666666666666667,2013,37
91,0,1,0,0,1,0,0.31,0.46616541353383456,1,0,0,0,0,0,0,0,0,0,0,0,1,0,1,0,0,0,0,0,0,0,0,1,0,0,0,0,0,1,0,0,2.4849066497880004,5.3981627015177525,0.0,221.0,77.5,1,0,0,0,0,0,1,0,0,0,0,0,0,0,0,1,0,0,0,0,0,0,0,0,0,0,0,0,1,0,0,0,0.122,1.6666666666666667,2013,37
91,0,1,0,0,1,0,-0.111,0.1649331352154532,1,0,0,0,0,0,0,0,0,0,1,0,0,0,1,0,0,0,0,0,0,1,0,0,0,0,0,0,0,1,0,0,0.0,5.44673737166631,0.0,232.0,77.5,0,0,0,0,0,0,1,0,0,0,0,0,0,0,0,1,0,0,0,0,0,0,0,0,0,0,0,0,1,0,0,0,0.122,1.6666666666666667,2013,37
91,0,1,0,0,1,0,0.179,0.28233438485804413,1,0,0,0,0,0,0,0,0,0,1,0,0,0,1,0,0,0,0,0,0,0,1,0,0,0,0,0,0,1,0,0,1.0986122886681098,5.438079308923196,0.0,230.0,77.5,1,0,0,0,0,0,1,0,0,0,0,0,0,0,0,1,0,0,0,0,0,0,0,0,0,0,0,0,1,0,0,0,0.122,1.6666666666666667,2013,37
91,0,1,0,0,1,0,0.295,0.3185745140388769,1,0,0,0,0,0,0,0,0,0,1,0,0,0,1,0,0,0,0,0,0,0,1,0,0,0,0,0,0,1,0,0,1.791759469228055,5.424950017481403,0.0,227.0,77.5,1,0,0,0,0,0,1,0,0,0,0,0,0,0,0,1,0,0,0,0,0,0,0,0,0,0,0,0,1,0,0,0,0.122,1.6666666666666667,2013,37
91,0,1,0,0,1,0,0.339,0.2870448772226926,1,0,0,0,0,0,0,0,0,0,1,0,0,0,1,0,0,0,0,0,0,0,0,1,0,0,0,0,0,1,0,0,2.4849066497880004,5.3981627015177525,0.0,221.0,77.5,1,0,0,0,0,0,1,0,0,0,0,0,0,0,0,1,0,0,0,0,0,0,0,0,0,0,0,0,1,0,0,0,0.122,1.6666666666666667,2013,37
91,0,1,0,0,1,0,-0.415,0.2047360631475086,1,0,0,0,0,0,0,0,0,0,0,1,0,0,1,0,0,0,0,0,0,1,0,0,0,0,0,0,0,1,0,0,0.0,5.44673737166631,0.0,232.0,77.5,0,0,0,0,0,0,1,0,0,0,0,0,0,0,0,1,0,0,0,0,0,0,0,0,0,0,0,0,1,0,0,0,0.122,1.6666666666666667,2013,37
91,0,1,0,0,1,0,-1.002,0.3034524530587523,1,0,0,0,0,0,0,0,0,0,0,1,0,0,1,0,0,0,0,0,0,0,1,0,0,0,0,0,0,1,0,0,1.0986122886681098,5.438079308923196,0.0,230.0,77.5,1,0,0,0,0,0,1,0,0,0,0,0,0,0,0,1,0,0,0,0,0,0,0,0,0,0,0,0,1,0,0,0,0.122,1.6666666666666667,2013,37
91,0,1,0,0,1,0,-0.64,0.3171456888007929,1,0,0,0,0,0,0,0,0,0,0,1,0,0,1,0,0,0,0,0,0,0,1,0,0,0,0,0,0,1,0,0,1.791759469228055,5.424950017481403,0.0,227.0,77.5,1,0,0,0,0,0,1,0,0,0,0,0,0,0,0,1,0,0,0,0,0,0,0,0,0,0,0,0,1,0,0,0,0.122,1.6666666666666667,2013,37
91,0,1,0,0,1,0,-1.187,0.29078882900538955,1,0,0,0,0,0,0,0,0,0,0,1,0,0,1,0,0,0,0,0,0,0,0,1,0,0,0,0,0,1,0,0,2.4849066497880004,5.3981627015177525,0.0,221.0,77.5,1,0,0,0,0,0,1,0,0,0,0,0,0,0,0,1,0,0,0,0,0,0,0,0,0,0,0,0,1,0,0,0,0.122,1.6666666666666667,2013,37
91,0,1,0,0,1,0,-0.208,0.17147568013190434,1,0,0,0,0,0,0,0,0,0,0,0,1,0,1,0,0,0,0,0,0,1,0,0,0,0,0,0,0,1,0,0,0.0,5.44673737166631,0.0,232.0,77.5,0,0,0,0,0,0,1,0,0,0,0,0,0,0,0,1,0,0,0,0,0,0,0,0,0,0,0,0,1,0,0,0,0.122,1.6666666666666667,2013,37
91,0,1,0,0,1,0,-0.429,0.29504814305364513,1,0,0,0,0,0,0,0,0,0,0,0,1,0,1,0,0,0,0,0,0,0,1,0,0,0,0,0,0,1,0,0,1.0986122886681098,5.438079308923196,0.0,230.0,77.5,1,0,0,0,0,0,1,0,0,0,0,0,0,0,0,1,0,0,0,0,0,0,0,0,0,0,0,0,1,0,0,0,0.122,1.6666666666666667,2013,37
91,0,1,0,0,1,0,-1.113,0.34868421052631576,1,0,0,0,0,0,0,0,0,0,0,0,1,0,1,0,0,0,0,0,0,0,1,0,0,0,0,0,0,1,0,0,1.791759469228055,5.424950017481403,0.0,227.0,77.5,1,0,0,0,0,0,1,0,0,0,0,0,0,0,0,1,0,0,0,0,0,0,0,0,0,0,0,0,1,0,0,0,0.122,1.6666666666666667,2013,37
91,0,1,0,0,1,0,-1.765,0.3464180569185476,1,0,0,0,0,0,0,0,0,0,0,0,1,0,1,0,0,0,0,0,0,0,0,1,0,0,0,0,0,1,0,0,2.4849066497880004,5.3981627015177525,0.0,221.0,77.5,1,0,0,0,0,0,1,0,0,0,0,0,0,0,0,1,0,0,0,0,0,0,0,0,0,0,0,0,1,0,0,0,0.122,1.6666666666666667,2013,37
91,0,1,0,0,1,0,-0.23,0.1713859910581222,1,0,0,0,0,0,0,0,0,0,1,0,0,0,1,0,0,0,0,0,0,1,0,0,0,0,0,0,0,1,0,0,0.0,5.44673737166631,0.0,232.0,77.5,0,0,0,0,0,0,1,0,0,0,0,0,0,0,0,1,0,0,0,0,0,0,0,0,0,0,0,0,1,0,0,0,0.122,1.6666666666666667,2013,37
91,0,1,0,0,1,0,0.082,0.28178694158075607,1,0,0,0,0,0,0,0,0,0,1,0,0,0,1,0,0,0,0,0,0,0,1,0,0,0,0,0,0,1,0,0,1.0986122886681098,5.438079308923196,0.0,230.0,77.5,1,0,0,0,0,0,1,0,0,0,0,0,0,0,0,1,0,0,0,0,0,0,0,0,0,0,0,0,1,0,0,0,0.122,1.6666666666666667,2013,37
91,0,1,0,0,1,0,0.493,0.31992212848799484,1,0,0,0,0,0,0,0,0,0,1,0,0,0,1,0,0,0,0,0,0,0,1,0,0,0,0,0,0,1,0,0,1.791759469228055,5.424950017481403,0.0,227.0,77.5,1,0,0,0,0,0,1,0,0,0,0,0,0,0,0,1,0,0,0,0,0,0,0,0,0,0,0,0,1,0,0,0,0.122,1.6666666666666667,2013,37
91,0,1,0,0,1,0,0.725,0.29128163921253514,1,0,0,0,0,0,0,0,0,0,1,0,0,0,1,0,0,0,0,0,0,0,0,1,0,0,0,0,0,1,0,0,2.4849066497880004,5.3981627015177525,0.0,221.0,77.5,1,0,0,0,0,0,1,0,0,0,0,0,0,0,0,1,0,0,0,0,0,0,0,0,0,0,0,0,1,0,0,0,0.122,1.6666666666666667,2013,37
91,0,1,0,0,1,0,0.829,0.09902054467271858,0,0,0,0,0,1,0,0,0,0,1,0,0,0,1,0,0,0,0,0,0,1,0,0,0,0,0,0,0,1,0,0,0.0,5.44673737166631,0.0,232.0,77.5,0,0,0,0,0,0,1,0,0,0,0,0,0,0,0,1,0,0,0,0,0,0,0,0,0,0,0,0,1,0,0,0,0.122,1.6666666666666667,2013,37
91,0,1,0,0,1,0,1.147,0.21119499171423312,0,0,0,0,0,1,0,0,0,0,1,0,0,0,1,0,0,0,0,0,0,0,1,0,0,0,0,0,0,1,0,0,1.0986122886681098,5.438079308923196,0.0,230.0,77.5,1,0,0,0,0,0,1,0,0,0,0,0,0,0,0,1,0,0,0,0,0,0,0,0,0,0,0,0,1,0,0,0,0.122,1.6666666666666667,2013,37
91,0,1,0,0,1,0,1.137,0.2910161249040184,0,0,0,0,0,1,0,0,0,0,1,0,0,0,1,0,0,0,0,0,0,0,1,0,0,0,0,0,0,1,0,0,1.791759469228055,5.424950017481403,0.0,227.0,77.5,1,0,0,0,0,0,1,0,0,0,0,0,0,0,0,1,0,0,0,0,0,0,0,0,0,0,0,0,1,0,0,0,0.122,1.6666666666666667,2013,37
91,0,1,0,0,1,0,1.254,0.2929222144358795,0,0,0,0,0,1,0,0,0,0,1,0,0,0,1,0,0,0,0,0,0,0,0,1,0,0,0,0,0,1,0,0,2.4849066497880004,5.3981627015177525,0.0,221.0,77.5,1,0,0,0,0,0,1,0,0,0,0,0,0,0,0,1,0,0,0,0,0,0,0,0,0,0,0,0,1,0,0,0,0.122,1.6666666666666667,2013,37
91,0,1,0,0,1,0,1.038,0.005669103386543343,1,0,0,0,0,0,0,0,0,0,0,0,1,0,1,0,0,0,0,0,0,1,0,0,0,0,0,0,0,1,0,0,0.0,5.44673737166631,0.0,232.0,77.5,0,0,0,0,0,0,0,0,0,0,0,0,0,0,1,1,0,0,0,0,0,0,0,0,0,0,0,0,1,0,0,0,0.122,1.6666666666666667,2013,37
91,0,1,0,0,1,0,1.122,2.0333333333333354,1,0,0,0,0,0,0,0,0,0,0,0,1,0,1,0,0,0,0,0,0,0,1,0,0,0,0,0,0,1,0,0,1.791759469228055,5.424950017481403,0.0,227.0,77.5,0,0,0,0,0,0,0,0,0,0,0,0,0,0,1,1,0,0,0,0,0,0,0,0,0,0,0,0,1,0,0,0,0.122,1.6666666666666667,2013,37
91,0,1,0,0,1,0,-0.153,3.5919003115264796,0,1,0,0,0,0,0,0,0,0,0,1,0,0,1,0,0,0,0,0,0,1,0,0,0,0,0,0,0,1,0,0,0.0,4.48863636973214,0.0,89.0,83.5,0,0,0,0,0,0,0,0,0,0,0,0,0,0,1,1,0,0,0,0,0,0,0,0,0,0,0,0,1,0,0,0,0.122,1.6666666666666667,2013,37
91,0,1,0,0,1,0,1.301,0.6180698151950718,0,1,0,0,0,0,0,0,0,0,0,1,0,0,1,0,0,0,0,0,0,0,1,0,0,0,0,0,0,1,0,0,1.0986122886681098,4.465908118654584,0.0,87.0,83.5,0,0,0,0,0,0,0,0,0,0,0,0,0,0,1,1,0,0,0,0,0,0,0,0,0,0,0,0,1,0,0,0,0.122,1.6666666666666667,2013,37
91,0,1,0,0,1,0,-0.439,3.401891252955083,1,0,0,0,0,0,0,0,0,0,1,0,0,0,1,0,0,0,0,0,0,1,0,0,0,0,0,0,0,1,0,0,0.0,5.44673737166631,0.0,232.0,77.5,0,0,0,0,0,0,0,0,0,0,0,0,0,0,1,1,0,0,0,0,0,0,0,0,0,0,0,0,1,0,0,0,0.122,1.6666666666666667,2013,37
91,0,1,0,0,1,0,-0.31,2.062992125984252,1,0,0,0,0,0,0,0,0,0,0,0,1,0,1,0,0,0,0,0,0,0,1,0,0,0,0,0,0,1,0,0,1.0986122886681098,5.438079308923196,0.0,230.0,77.5,0,0,0,0,0,0,0,0,0,0,0,0,0,0,1,1,0,0,0,0,0,0,0,0,0,0,0,0,1,0,0,0,0.122,1.6666666666666667,2013,37
91,0,1,0,0,1,0,4.195,21.019736842105267,1,0,0,0,0,0,0,0,0,0,0,0,1,0,1,0,0,0,0,0,0,0,1,0,0,0,0,0,0,1,0,0,1.791759469228055,5.424950017481403,0.0,227.0,77.5,0,0,0,0,0,0,0,0,0,0,0,0,0,0,1,1,0,0,0,0,0,0,0,0,0,0,0,0,1,0,0,0,0.122,1.6666666666666667,2013,37
91,0,1,0,0,1,0,-0.546,1.432808155699722,1,0,0,0,0,0,0,0,0,0,0,0,1,0,1,0,0,0,0,0,0,0,0,1,0,0,0,0,0,1,0,0,2.4849066497880004,5.3981627015177525,0.0,221.0,77.5,0,0,0,0,0,0,0,0,0,0,0,0,0,0,1,1,0,0,0,0,0,0,0,0,0,0,0,0,1,0,0,0,0.122,1.6666666666666667,2013,37
91,0,1,0,0,1,0,-0.189,4.573076923076923,1,0,0,0,0,0,0,0,0,0,1,0,0,0,1,0,0,0,0,0,0,1,0,0,0,0,0,0,0,1,0,0,0.0,5.44673737166631,0.0,232.0,77.5,0,0,0,0,0,0,0,0,0,0,0,0,0,0,1,1,0,0,0,0,0,0,0,0,0,0,0,0,1,0,0,0,0.122,1.6666666666666667,2013,37
91,0,1,0,0,1,0,-0.091,11.484210526315788,1,0,0,0,0,0,0,0,0,0,0,1,0,0,1,0,0,0,0,0,0,1,0,0,0,0,0,0,0,1,0,0,0.0,5.44673737166631,0.0,232.0,77.5,0,0,0,0,0,0,0,0,0,0,0,0,0,0,1,1,0,0,0,0,0,0,0,0,0,0,0,0,1,0,0,0,0.122,1.6666666666666667,2013,37
91,0,1,0,0,1,0,-0.113,2.839285714285714,1,0,0,0,0,0,0,0,0,0,0,1,0,0,1,0,0,0,0,0,0,0,0,1,0,0,0,0,0,1,0,0,2.4849066497880004,5.3981627015177525,0.0,221.0,77.5,0,0,0,0,0,0,0,0,0,0,0,0,0,0,1,1,0,0,0,0,0,0,0,0,0,0,0,0,1,0,0,0,0.122,1.6666666666666667,2013,37
91,0,1,0,0,1,0,-0.005,167.49999999999997,1,0,0,0,0,0,0,0,0,0,0,0,1,0,1,0,0,0,0,0,0,1,0,0,0,0,0,0,0,1,0,0,0.0,5.44673737166631,0.0,232.0,77.5,0,0,0,0,0,0,0,0,0,0,0,0,0,0,1,1,0,0,0,0,0,0,0,0,0,0,0,0,1,0,0,0,0.122,1.6666666666666667,2013,37
91,0,1,0,0,1,0,-0.686,20.07142857142857,1,0,0,0,0,0,0,0,0,0,0,0,1,0,1,0,0,0,0,0,0,0,1,0,0,0,0,0,0,1,0,0,1.791759469228055,5.424950017481403,0.0,227.0,77.5,0,0,0,0,0,0,0,0,0,0,0,0,0,0,1,1,0,0,0,0,0,0,0,0,0,0,0,0,1,0,0,0,0.122,1.6666666666666667,2013,37
91,0,1,0,0,1,0,-0.318,3.108490566037736,1,0,0,0,0,0,0,0,0,0,1,0,0,0,1,0,0,0,0,0,0,1,0,0,0,0,0,0,0,1,0,0,0.0,5.44673737166631,0.0,232.0,77.5,0,0,0,0,0,0,0,0,0,0,0,0,0,0,1,1,0,0,0,0,0,0,0,0,0,0,0,0,1,0,0,0,0.122,1.6666666666666667,2013,37
91,0,1,0,0,1,0,-0.377,1.340798442064265,0,0,0,0,0,1,0,0,0,0,1,0,0,0,1,0,0,0,0,0,0,0,1,0,0,0,0,0,0,1,0,0,1.0986122886681098,5.438079308923196,0.0,230.0,77.5,0,0,0,0,0,0,0,0,0,0,0,0,0,0,1,1,0,0,0,0,0,0,0,0,0,0,0,0,1,0,0,0,0.122,1.6666666666666667,2013,37
91,0,1,0,0,1,0,-0.267,2.4697855750487325,0,0,0,0,0,1,0,0,0,0,1,0,0,0,1,0,0,0,0,0,0,0,0,1,0,0,0,0,0,1,0,0,2.4849066497880004,5.3981627015177525,0.0,221.0,77.5,0,0,0,0,0,0,0,0,0,0,0,0,0,0,1,1,0,0,0,0,0,0,0,0,0,0,0,0,1,0,0,0,0.122,1.6666666666666667,2013,37
91,0,1,0,0,1,0,1.005,0.8333333333333156,1,0,0,0,0,0,0,0,0,0,0,0,1,0,1,0,0,0,0,0,0,1,0,0,0,0,0,0,0,1,0,0,0.0,5.44673737166631,0.0,232.0,77.5,0,0,0,0,0,0,0,0,0,0,0,0,0,0,1,0,0,0,0,0,0,0,0,0,0,0,1,0,1,0,0,0,0.122,1.6666666666666667,2013,37
91,0,1,0,0,1,0,0.994,0.8571428571428579,1,0,0,0,0,0,0,0,0,0,0,0,1,0,1,0,0,0,0,0,0,0,1,0,0,0,0,0,0,1,0,0,1.0986122886681098,5.438079308923196,0.0,230.0,77.5,0,0,0,0,0,0,0,0,0,0,0,0,0,0,1,0,0,0,0,0,0,0,0,0,0,0,1,0,1,0,0,0,0.122,1.6666666666666667,2013,37
91,0,1,0,0,1,0,0.969,2.0666666666666687,1,0,0,0,0,0,0,0,0,0,0,0,1,0,1,0,0,0,0,0,0,0,0,1,0,0,0,0,0,1,0,0,2.4849066497880004,5.3981627015177525,0.0,221.0,77.5,0,0,0,0,0,0,0,0,0,0,0,0,0,0,1,0,0,0,0,0,0,0,0,0,0,0,1,0,1,0,0,0,0.122,1.6666666666666667,2013,37
91,0,1,0,0,1,0,1.312,156.00000000000003,0,1,0,0,0,0,0,0,0,0,0,1,0,0,1,0,0,0,0,0,0,0,1,0,0,0,0,0,0,1,0,0,1.0986122886681098,4.465908118654584,0.0,87.0,83.5,0,0,0,0,0,0,0,0,0,0,0,0,0,0,1,0,0,0,0,0,0,0,0,0,0,0,1,0,1,0,0,0,0.122,1.6666666666666667,2013,37
91,0,1,0,0,1,0,0.93,23.333333333333318,0,1,0,0,0,0,0,0,0,0,0,1,0,0,1,0,0,0,0,0,0,0,1,0,0,0,0,0,0,1,0,0,1.791759469228055,4.430816798843313,0.0,84.0,83.5,0,0,0,0,0,0,0,0,0,0,0,0,0,0,1,0,0,0,0,0,0,0,0,0,0,0,1,0,1,0,0,0,0.122,1.6666666666666667,2013,37
91,0,1,0,0,1,0,0.918,40.99999999999998,1,0,0,0,0,0,0,0,0,0,1,0,0,0,1,0,0,0,0,0,0,1,0,0,0,0,0,0,0,1,0,0,0.0,5.44673737166631,0.0,232.0,77.5,0,0,0,0,0,0,0,0,0,0,0,0,0,0,1,0,0,0,0,0,0,0,0,0,0,0,1,0,1,0,0,0,0.122,1.6666666666666667,2013,37
91,0,1,0,0,1,0,0.871,12.9,1,0,0,0,0,0,0,0,0,0,1,0,0,0,1,0,0,0,0,0,0,0,1,0,0,0,0,0,0,1,0,0,1.0986122886681098,5.438079308923196,0.0,230.0,77.5,0,0,0,0,0,0,0,0,0,0,0,0,0,0,1,0,0,0,0,0,0,0,0,0,0,0,1,0,1,0,0,0,0.122,1.6666666666666667,2013,37
91,0,1,0,0,1,0,1.041,20.49999999999996,1,0,0,0,0,0,0,0,0,0,1,0,0,0,1,0,0,0,0,0,0,0,1,0,0,0,0,0,0,1,0,0,1.791759469228055,5.424950017481403,0.0,227.0,77.5,0,0,0,0,0,0,0,0,0,0,0,0,0,0,1,0,0,0,0,0,0,0,0,0,0,0,1,0,1,0,0,0,0.122,1.6666666666666667,2013,37
91,0,1,0,0,1,0,1.035,17.49999999999996,1,0,0,0,0,0,0,0,0,0,1,0,0,0,1,0,0,0,0,0,0,0,0,1,0,0,0,0,0,1,0,0,2.4849066497880004,5.3981627015177525,0.0,221.0,77.5,0,0,0,0,0,0,0,0,0,0,0,0,0,0,1,0,0,0,0,0,0,0,0,0,0,0,1,0,1,0,0,0,0.122,1.6666666666666667,2013,37
91,0,1,0,0,1,0,1.336,112.00000000000003,0,0,0,0,0,0,0,1,0,0,0,1,0,0,1,0,0,0,0,0,0,1,0,0,0,0,0,0,0,1,0,0,0.0,5.44673737166631,0.0,232.0,77.5,0,0,0,0,0,0,0,0,0,0,0,0,0,0,1,0,0,0,0,0,0,0,0,0,0,0,1,0,1,0,0,0,0.122,1.6666666666666667,2013,37
91,0,1,0,0,1,0,1.101,100.99999999999997,0,0,0,0,0,0,0,1,0,0,0,1,0,0,1,0,0,0,0,0,0,0,1,0,0,0,0,0,0,1,0,0,1.0986122886681098,5.438079308923196,0.0,230.0,77.5,0,0,0,0,0,0,0,0,0,0,0,0,0,0,1,0,0,0,0,0,0,0,0,0,0,0,1,0,1,0,0,0,0.122,1.6666666666666667,2013,37
91,0,1,0,0,1,0,0.944,56.00000000000005,0,0,0,0,0,0,0,1,0,0,0,1,0,0,1,0,0,0,0,0,0,0,1,0,0,0,0,0,0,1,0,0,1.791759469228055,5.424950017481403,0.0,227.0,77.5,0,0,0,0,0,0,0,0,0,0,0,0,0,0,1,0,0,0,0,0,0,0,0,0,0,0,1,0,1,0,0,0,0.122,1.6666666666666667,2013,37
91,0,1,0,0,1,0,0.809,27.285714285714278,0,0,0,0,0,0,0,1,0,0,0,1,0,0,1,0,0,0,0,0,0,0,0,1,0,0,0,0,0,1,0,0,2.4849066497880004,5.3981627015177525,0.0,221.0,77.5,0,0,0,0,0,0,0,0,0,0,0,0,0,0,1,0,0,0,0,0,0,0,0,0,0,0,1,0,1,0,0,0,0.122,1.6666666666666667,2013,37
91,0,1,0,0,1,0,0.978,4.400000000000004,1,0,0,0,0,0,0,0,0,0,0,0,1,0,1,0,0,0,0,0,0,1,0,0,0,0,0,0,0,1,0,0,0.0,5.44673737166631,0.0,232.0,77.5,0,0,0,0,0,0,0,0,0,0,0,0,0,0,1,0,0,0,0,0,0,0,0,0,0,0,1,0,1,0,0,0,0.122,1.6666666666666667,2013,37
91,0,1,0,0,1,0,0.994,6.000000000000005,1,0,0,0,0,0,0,0,0,0,0,0,1,0,1,0,0,0,0,0,0,0,1,0,0,0,0,0,0,1,0,0,1.0986122886681098,5.438079308923196,0.0,230.0,77.5,0,0,0,0,0,0,0,0,0,0,0,0,0,0,1,0,0,0,0,0,0,0,0,0,0,0,1,0,1,0,0,0,0.122,1.6666666666666667,2013,37
91,0,1,0,0,1,0,1.098,98.00000000000009,1,0,0,0,0,0,0,0,0,0,0,0,1,0,1,0,0,0,0,0,0,0,1,0,0,0,0,0,0,1,0,0,1.791759469228055,5.424950017481403,0.0,227.0,77.5,0,0,0,0,0,0,0,0,0,0,0,0,0,0,1,0,0,0,0,0,0,0,0,0,0,0,1,0,1,0,0,0,0.122,1.6666666666666667,2013,37
91,0,1,0,0,1,0,1.035,3.499999999999992,1,0,0,0,0,0,0,0,0,0,0,0,1,0,1,0,0,0,0,0,0,0,0,1,0,0,0,0,0,1,0,0,2.4849066497880004,5.3981627015177525,0.0,221.0,77.5,0,0,0,0,0,0,0,0,0,0,0,0,0,0,1,0,0,0,0,0,0,0,0,0,0,0,1,0,1,0,0,0,0.122,1.6666666666666667,2013,37
91,0,1,0,0,1,0,1.077,38.49999999999998,1,0,0,0,0,0,0,0,0,0,1,0,0,0,1,0,0,0,0,0,0,1,0,0,0,0,0,0,0,1,0,0,0.0,5.44673737166631,0.0,232.0,77.5,0,0,0,0,0,0,0,0,0,0,0,0,0,0,1,0,0,0,0,0,0,0,0,0,0,0,1,0,1,0,0,0,0.122,1.6666666666666667,2013,37
91,0,1,0,0,1,0,0.969,15.500000000000014,1,0,0,0,0,0,0,0,0,0,1,0,0,0,1,0,0,0,0,0,0,0,1,0,0,0,0,0,0,1,0,0,1.0986122886681098,5.438079308923196,0.0,230.0,77.5,0,0,0,0,0,0,0,0,0,0,0,0,0,0,1,0,0,0,0,0,0,0,0,0,0,0,1,0,1,0,0,0,0.122,1.6666666666666667,2013,37
91,0,1,0,0,1,0,1.048,24.00000000000002,1,0,0,0,0,0,0,0,0,0,1,0,0,0,1,0,0,0,0,0,0,0,1,0,0,0,0,0,0,1,0,0,1.791759469228055,5.424950017481403,0.0,227.0,77.5,0,0,0,0,0,0,0,0,0,0,0,0,0,0,1,0,0,0,0,0,0,0,0,0,0,0,1,0,1,0,0,0,0.122,1.6666666666666667,2013,37
91,0,1,0,0,1,0,0.932,67.99999999999994,1,0,0,0,0,0,0,0,0,0,0,1,0,0,1,0,0,0,0,0,0,1,0,0,0,0,0,0,0,1,0,0,0.0,5.44673737166631,0.0,232.0,77.5,0,0,0,0,0,0,0,0,0,0,0,0,0,0,1,0,0,0,0,0,0,0,0,0,0,0,1,0,1,0,0,0,0.122,1.6666666666666667,2013,37
91,0,1,0,0,1,0,1.088,44.000000000000036,1,0,0,0,0,0,0,0,0,0,0,1,0,0,1,0,0,0,0,0,0,0,1,0,0,0,0,0,0,1,0,0,1.0986122886681098,5.438079308923196,0.0,230.0,77.5,0,0,0,0,0,0,0,0,0,0,0,0,0,0,1,0,0,0,0,0,0,0,0,0,0,0,1,0,1,0,0,0,0.122,1.6666666666666667,2013,37
91,0,1,0,0,1,0,0.962,38.000000000000036,1,0,0,0,0,0,0,0,0,0,0,1,0,0,1,0,0,0,0,0,0,0,1,0,0,0,0,0,0,1,0,0,1.791759469228055,5.424950017481403,0.0,227.0,77.5,0,0,0,0,0,0,0,0,0,0,0,0,0,0,1,0,0,0,0,0,0,0,0,0,0,0,1,0,1,0,0,0,0.122,1.6666666666666667,2013,37
91,0,1,0,0,1,0,1.041,13.666666666666641,1,0,0,0,0,0,0,0,0,0,0,1,0,0,1,0,0,0,0,0,0,0,0,1,0,0,0,0,0,1,0,0,2.4849066497880004,5.3981627015177525,0.0,221.0,77.5,0,0,0,0,0,0,0,0,0,0,0,0,0,0,1,0,0,0,0,0,0,0,0,0,0,0,1,0,1,0,0,0,0.122,1.6666666666666667,2013,37
91,0,1,0,0,1,0,0.897,17.166666666666664,1,0,0,0,0,0,0,0,0,0,0,0,1,0,1,0,0,0,0,0,0,1,0,0,0,0,0,0,0,1,0,0,0.0,5.44673737166631,0.0,232.0,77.5,0,0,0,0,0,0,0,0,0,0,0,0,0,0,1,0,0,0,0,0,0,0,0,0,0,0,1,0,1,0,0,0,0.122,1.6666666666666667,2013,37
91,0,1,0,0,1,0,1.011,109.99999999999898,1,0,0,0,0,0,0,0,0,0,0,0,1,0,1,0,0,0,0,0,0,0,1,0,0,0,0,0,0,1,0,0,1.0986122886681098,5.438079308923196,0.0,230.0,77.5,0,0,0,0,0,0,0,0,0,0,0,0,0,0,1,0,0,0,0,0,0,0,0,0,0,0,1,0,1,0,0,0,0.122,1.6666666666666667,2013,37
91,0,1,0,0,1,0,0.831,84.50000000000001,1,0,0,0,0,0,0,0,0,0,0,0,1,0,1,0,0,0,0,0,0,0,1,0,0,0,0,0,0,1,0,0,1.791759469228055,5.424950017481403,0.0,227.0,77.5,0,0,0,0,0,0,0,0,0,0,0,0,0,0,1,0,0,0,0,0,0,0,0,0,0,0,1,0,1,0,0,0,0.122,1.6666666666666667,2013,37
91,0,1,0,0,1,0,1.503,12.897435897435894,1,0,0,0,0,0,0,0,0,0,0,0,1,0,1,0,0,0,0,0,0,0,0,1,0,0,0,0,0,1,0,0,2.4849066497880004,5.3981627015177525,0.0,221.0,77.5,0,0,0,0,0,0,0,0,0,0,0,0,0,0,1,0,0,0,0,0,0,0,0,0,0,0,1,0,1,0,0,0,0.122,1.6666666666666667,2013,37
91,0,1,0,0,1,0,1.131,65.5,1,0,0,0,0,0,0,0,0,0,1,0,0,0,1,0,0,0,0,0,0,1,0,0,0,0,0,0,0,1,0,0,0.0,5.44673737166631,0.0,232.0,77.5,0,0,0,0,0,0,0,0,0,0,0,0,0,0,1,0,0,0,0,0,0,0,0,0,0,0,1,0,1,0,0,0,0.122,1.6666666666666667,2013,37
91,0,1,0,0,1,0,1.035,17.49999999999996,1,0,0,0,0,0,0,0,0,0,1,0,0,0,1,0,0,0,0,0,0,0,1,0,0,0,0,0,0,1,0,0,1.0986122886681098,5.438079308923196,0.0,230.0,77.5,0,0,0,0,0,0,0,0,0,0,0,0,0,0,1,0,0,0,0,0,0,0,0,0,0,0,1,0,1,0,0,0,0.122,1.6666666666666667,2013,37
91,0,1,0,0,1,0,0.949,25.50000000000002,1,0,0,0,0,0,0,0,0,0,1,0,0,0,1,0,0,0,0,0,0,0,1,0,0,0,0,0,0,1,0,0,1.791759469228055,5.424950017481403,0.0,227.0,77.5,0,0,0,0,0,0,0,0,0,0,0,0,0,0,1,0,0,0,0,0,0,0,0,0,0,0,1,0,1,0,0,0,0.122,1.6666666666666667,2013,37
91,0,1,0,0,1,0,0.967,8.250000000000007,1,0,0,0,0,0,0,0,0,0,1,0,0,0,1,0,0,0,0,0,0,0,0,1,0,0,0,0,0,1,0,0,2.4849066497880004,5.3981627015177525,0.0,221.0,77.5,0,0,0,0,0,0,0,0,0,0,0,0,0,0,1,0,0,0,0,0,0,0,0,0,0,0,1,0,1,0,0,0,0.122,1.6666666666666667,2013,37
91,0,1,0,0,1,0,0.825,6.250000000000002,0,0,0,0,0,1,0,0,0,0,1,0,0,0,1,0,0,0,0,0,0,1,0,0,0,0,0,0,0,1,0,0,0.0,5.44673737166631,0.0,232.0,77.5,0,0,0,0,0,0,0,0,0,0,0,0,0,0,1,0,0,0,0,0,0,0,0,0,0,0,1,0,1,0,0,0,0.122,1.6666666666666667,2013,37
91,0,1,0,0,1,0,1.022,7.333333333333339,0,0,0,0,0,1,0,0,0,0,1,0,0,0,1,0,0,0,0,0,0,0,1,0,0,0,0,0,0,1,0,0,1.0986122886681098,5.438079308923196,0.0,230.0,77.5,0,0,0,0,0,0,0,0,0,0,0,0,0,0,1,0,0,0,0,0,0,0,0,0,0,0,1,0,1,0,0,0,0.122,1.6666666666666667,2013,37
91,0,1,0,0,1,0,1.026,4.3333333333333375,0,0,0,0,0,1,0,0,0,0,1,0,0,0,1,0,0,0,0,0,0,0,1,0,0,0,0,0,0,1,0,0,1.791759469228055,5.424950017481403,0.0,227.0,77.5,0,0,0,0,0,0,0,0,0,0,0,0,0,0,1,0,0,0,0,0,0,0,0,0,0,0,1,0,1,0,0,0,0.122,1.6666666666666667,2013,37
91,0,1,0,0,1,0,0.977,7.666666666666673,0,0,0,0,0,1,0,0,0,0,1,0,0,0,1,0,0,0,0,0,0,0,0,1,0,0,0,0,0,1,0,0,2.4849066497880004,5.3981627015177525,0.0,221.0,77.5,0,0,0,0,0,0,0,0,0,0,0,0,0,0,1,0,0,0,0,0,0,0,0,0,0,0,1,0,1,0,0,0,0.122,1.6666666666666667,2013,37
16,1,0,0,1,0,0,1.0,0.22638911955567786,1,0,0,0,0,0,0,0,0,0,1,0,0,0,1,0,0,0,0,0,0,1,0,0,0,0,0,0,1,0,0,0,1.3862943611198906,5.087596335232384,0.0,162.0,1.5,1,0,0,0,0,0,0,0,0,0,0,1,0,0,0,1,0,0,0,0,0,0,0,0,0,0,0,0,0,0,0,1,0.103,0.9090909090909091,2008,32
16,1,0,0,1,0,0,1.0,0.22638911955567786,0,0,0,0,1,0,0,0,0,0,1,0,0,0,1,0,0,0,0,0,0,1,0,0,0,0,0,0,1,0,0,0,1.3862943611198906,5.087596335232384,0.0,162.0,1.5,1,0,0,0,0,0,0,0,0,0,0,1,0,0,0,1,0,0,0,0,0,0,0,0,0,0,0,0,0,0,0,1,0.103,0.9090909090909091,2008,32
16,1,0,0,1,0,0,1.01,0.39210672796075907,1,0,0,0,0,0,0,0,0,0,1,0,0,0,1,0,0,0,0,0,0,1,0,0,0,0,0,0,1,0,0,0,1.3862943611198906,5.087596335232384,0.0,162.0,1.5,1,0,0,0,0,0,0,0,0,0,0,1,0,0,0,1,0,0,0,0,0,0,0,0,0,0,0,0,0,0,0,1,0.103,0.9090909090909091,2008,32
16,1,0,0,1,0,0,1.01,0.22865301075123465,0,0,0,0,0,0,1,0,0,0,1,0,0,0,1,0,0,0,0,0,0,1,0,0,0,0,0,0,1,0,0,0,1.3862943611198906,5.087596335232384,0.0,162.0,1.5,1,0,0,0,0,0,0,0,0,0,0,1,0,0,0,1,0,0,0,0,0,0,0,0,0,0,0,0,0,0,0,1,0.103,0.9090909090909091,2008,32
16,1,0,0,1,0,0,0.99,0.22412522836012108,0,0,0,0,0,0,0,0,1,0,1,0,0,0,1,0,0,0,0,0,0,1,0,0,0,0,0,0,1,0,0,0,1.3862943611198906,5.087596335232384,0.0,162.0,1.5,1,0,0,0,0,0,0,0,0,0,0,1,0,0,0,1,0,0,0,0,0,0,0,0,0,0,0,0,0,0,0,1,0.103,0.9090909090909091,2008,32
16,1,0,0,1,0,0,1.0,0.22638911955567786,0,0,0,0,0,1,0,0,0,0,1,0,0,0,1,0,0,0,0,0,0,1,0,0,0,0,0,0,1,0,0,0,1.3862943611198906,5.087596335232384,0.0,162.0,1.5,1,0,0,0,0,0,0,0,0,0,0,1,0,0,0,1,0,0,0,0,0,0,0,0,0,0,0,0,0,0,0,1,0.103,0.9090909090909091,2008,32
16,1,0,0,1,0,0,1.0,0.22638911955567786,1,0,0,0,0,0,0,0,0,0,1,0,0,0,1,0,0,0,0,0,0,0,1,0,0,0,0,0,1,0,0,0,2.4849066497880004,5.087596335232384,0.0,162.0,1.5,1,0,0,0,0,0,0,0,0,0,0,1,0,0,0,1,0,0,0,0,0,0,0,0,0,0,0,0,0,0,0,1,0.103,0.9090909090909091,2008,32
16,1,0,0,1,0,0,1.01,0.22865301075123465,0,0,0,0,1,0,0,0,0,0,1,0,0,0,1,0,0,0,0,0,0,0,1,0,0,0,0,0,1,0,0,0,2.4849066497880004,5.087596335232384,0.0,162.0,1.5,1,0,0,0,0,0,0,0,0,0,0,1,0,0,0,1,0,0,0,0,0,0,0,0,0,0,0,0,0,0,0,1,0.103,0.9090909090909091,2008,32
16,1,0,0,1,0,0,1.02,0.4700265069767835,1,0,0,0,0,0,0,0,0,0,1,0,0,0,1,0,0,0,0,0,0,0,1,0,0,0,0,0,1,0,0,0,2.4849066497880004,5.087596335232384,0.0,162.0,1.5,1,0,0,0,0,0,0,0,0,0,0,1,0,0,0,1,0,0,0,0,0,0,0,0,0,0,0,0,0,0,0,1,0.103,0.9090909090909091,2008,32
16,1,0,0,1,0,0,1.02,0.3959889727920537,0,0,0,0,0,0,1,0,0,0,1,0,0,0,1,0,0,0,0,0,0,0,1,0,0,0,0,0,1,0,0,0,2.4849066497880004,5.087596335232384,0.0,162.0,1.5,1,0,0,0,0,0,0,0,0,0,0,1,0,0,0,1,0,0,0,0,0,0,0,0,0,0,0,0,0,0,0,1,0.103,0.9090909090909091,2008,32
16,1,0,0,1,0,0,0.98,0.6303168534670865,0,0,0,0,0,0,0,0,1,0,1,0,0,0,1,0,0,0,0,0,0,0,1,0,0,0,0,0,1,0,0,0,2.4849066497880004,5.087596335232384,0.0,162.0,1.5,1,0,0,0,0,0,0,0,0,0,0,1,0,0,0,1,0,0,0,0,0,0,0,0,0,0,0,0,0,0,0,1,0.103,0.9090909090909091,2008,32
16,1,0,0,1,0,0,1.015,0.4363061996557531,0,0,0,0,0,1,0,0,0,0,1,0,0,0,1,0,0,0,0,0,0,0,1,0,0,0,0,0,1,0,0,0,2.4849066497880004,5.087596335232384,0.0,162.0,1.5,1,0,0,0,0,0,0,0,0,0,0,1,0,0,0,1,0,0,0,0,0,0,0,0,0,0,0,0,0,0,0,1,0.103,0.9090909090909091,2008,32
16,1,0,0,1,0,0,1.01,0.7570264405799116,1,0,0,0,0,0,0,0,0,0,1,0,0,0,1,0,0,0,0,0,0,1,0,0,0,0,0,0,1,0,0,0,1.3862943611198906,5.087596335232384,0.0,162.0,1.5,1,0,0,0,0,0,0,0,0,0,0,0,0,0,1,1,0,0,0,0,0,0,0,0,0,0,0,0,0,0,0,1,0.103,0.9090909090909091,2008,32
16,1,0,0,1,0,0,0.99,0.97547665540409,0,0,0,0,1,0,0,0,0,0,1,0,0,0,1,0,0,0,0,0,0,1,0,0,0,0,0,0,1,0,0,0,1.3862943611198906,5.087596335232384,0.0,162.0,1.5,1,0,0,0,0,0,0,0,0,0,0,0,0,0,1,1,0,0,0,0,0,0,0,0,0,0,0,0,0,0,0,1,0.103,0.9090909090909091,2008,32
16,1,0,0,1,0,0,1.01,0.7678889585132074,1,0,0,0,0,0,0,0,0,0,1,0,0,0,1,0,0,0,0,0,0,1,0,0,0,0,0,0,1,0,0,0,1.3862943611198906,5.087596335232384,0.0,162.0,1.5,1,0,0,0,0,0,0,0,0,0,0,0,0,0,1,1,0,0,0,0,0,0,0,0,0,0,0,0,0,0,0,1,0.103,0.9090909090909091,2008,32
16,1,0,0,1,0,0,1.03,0.42154973567332393,0,0,0,0,0,0,1,0,0,0,1,0,0,0,1,0,0,0,0,0,0,1,0,0,0,0,0,0,1,0,0,0,1.3862943611198906,5.087596335232384,0.0,162.0,1.5,1,0,0,0,0,0,0,0,0,0,0,0,0,0,1,1,0,0,0,0,0,0,0,0,0,0,0,0,0,0,0,1,0.103,0.9090909090909091,2008,32
16,1,0,0,1,0,0,0.99,1.2999327677707027,0,0,0,0,0,0,0,0,1,0,1,0,0,0,1,0,0,0,0,0,0,1,0,0,0,0,0,0,1,0,0,0,1.3862943611198906,5.087596335232384,0.0,162.0,1.5,1,0,0,0,0,0,0,0,0,0,0,0,0,0,1,1,0,0,0,0,0,0,0,0,0,0,0,0,0,0,0,1,0.103,0.9090909090909091,2008,32
16,1,0,0,1,0,0,1.01,0.976402953428403,0,0,0,0,0,1,0,0,0,0,1,0,0,0,1,0,0,0,0,0,0,1,0,0,0,0,0,0,1,0,0,0,1.3862943611198906,5.087596335232384,0.0,162.0,1.5,1,0,0,0,0,0,0,0,0,0,0,0,0,0,1,1,0,0,0,0,0,0,0,0,0,0,0,0,0,0,0,1,0.103,0.9090909090909091,2008,32
16,1,0,0,1,0,0,1.0,0.9758998976810694,1,0,0,0,0,0,0,0,0,0,1,0,0,0,1,0,0,0,0,0,0,0,1,0,0,0,0,0,1,0,0,0,2.4849066497880004,5.087596335232384,0.0,162.0,1.5,1,0,0,0,0,0,0,0,0,0,0,0,0,0,1,1,0,0,0,0,0,0,0,0,0,0,0,0,0,0,0,1,0.103,0.9090909090909091,2008,32
16,1,0,0,1,0,0,1.01,1.0202544786907692,0,0,0,0,1,0,0,0,0,0,1,0,0,0,1,0,0,0,0,0,0,0,1,0,0,0,0,0,1,0,0,0,2.4849066497880004,5.087596335232384,0.0,162.0,1.5,1,0,0,0,0,0,0,0,0,0,0,0,0,0,1,1,0,0,0,0,0,0,0,0,0,0,0,0,0,0,0,1,0.103,0.9090909090909091,2008,32
16,1,0,0,1,0,0,1.05,0.24857932184661577,1,0,0,0,0,0,0,0,0,0,1,0,0,0,1,0,0,0,0,0,0,0,1,0,0,0,0,0,1,0,0,0,2.4849066497880004,5.087596335232384,0.0,162.0,1.5,1,0,0,0,0,0,0,0,0,0,0,0,0,0,1,1,0,0,0,0,0,0,0,0,0,0,0,0,0,0,0,1,0.103,0.9090909090909091,2008,32
16,1,0,0,1,0,0,1.02,0.2309169019467914,0,0,0,0,0,0,1,0,0,0,1,0,0,0,1,0,0,0,0,0,0,0,1,0,0,0,0,0,1,0,0,0,2.4849066497880004,5.087596335232384,0.0,162.0,1.5,1,0,0,0,0,0,0,0,0,0,0,0,0,0,1,1,0,0,0,0,0,0,0,0,0,0,0,0,0,0,0,1,0.103,0.9090909090909091,2008,32
16,1,0,0,1,0,0,1.03,0.660745489878741,0,0,0,0,0,0,0,0,1,0,1,0,0,0,1,0,0,0,0,0,0,0,1,0,0,0,0,0,1,0,0,0,2.4849066497880004,5.087596335232384,0.0,162.0,1.5,1,0,0,0,0,0,0,0,0,0,0,0,0,0,1,1,0,0,0,0,0,0,0,0,0,0,0,0,0,0,0,1,0.103,0.9090909090909091,2008,32
16,1,0,0,1,0,0,1.04,0.23544468433790497,0,0,0,0,0,1,0,0,0,0,1,0,0,0,1,0,0,0,0,0,0,0,1,0,0,0,0,0,1,0,0,0,2.4849066497880004,5.087596335232384,0.0,162.0,1.5,1,0,0,0,0,0,0,0,0,0,0,0,0,0,1,1,0,0,0,0,0,0,0,0,0,0,0,0,0,0,0,1,0.103,0.9090909090909091,2008,32
16,0,1,0,0,1,0,14.4,4.1,1,0,0,0,0,0,0,0,0,0,1,0,0,0,1,0,0,0,0,0,0,1,0,0,0,0,0,0,1,0,0,0,1.3862943611198906,5.087596335232384,0.0,162.0,1.5,1,0,0,0,0,1,0,0,0,1,0,0,0,0,0,1,0,0,0,0,0,0,0,0,0,0,0,0,0,0,0,1,0.103,0.9090909090909091,2008,32
16,0,1,0,0,1,0,10.7,1.4,0,0,0,0,1,0,0,0,0,0,1,0,0,0,1,0,0,0,0,0,0,1,0,0,0,0,0,0,1,0,0,0,1.3862943611198906,5.087596335232384,0.0,162.0,1.5,1,0,0,0,0,1,0,0,0,1,0,0,0,0,0,1,0,0,0,0,0,0,0,0,0,0,0,0,0,0,0,1,0.103,0.9090909090909091,2008,32
16,0,1,0,0,1,0,3.9,1.4,1,0,0,0,0,0,0,0,0,0,1,0,0,0,1,0,0,0,0,0,0,1,0,0,0,0,0,0,1,0,0,0,1.3862943611198906,5.087596335232384,0.0,162.0,1.5,1,0,0,0,0,1,0,0,0,1,0,0,0,0,0,1,0,0,0,0,0,0,0,0,0,0,0,0,0,0,0,1,0.103,0.9090909090909091,2008,32
16,0,1,0,0,1,0,3.3,1.8,0,0,0,0,0,0,1,0,0,0,1,0,0,0,1,0,0,0,0,0,0,1,0,0,0,0,0,0,1,0,0,0,1.3862943611198906,5.087596335232384,0.0,162.0,1.5,1,0,0,0,0,1,0,0,0,1,0,0,0,0,0,1,0,0,0,0,0,0,0,0,0,0,0,0,0,0,0,1,0.103,0.9090909090909091,2008,32
16,0,1,0,0,1,0,3.9,0.8,0,0,0,0,0,0,0,0,1,0,1,0,0,0,1,0,0,0,0,0,0,1,0,0,0,0,0,0,1,0,0,0,1.3862943611198906,5.087596335232384,0.0,162.0,1.5,1,0,0,0,0,1,0,0,0,1,0,0,0,0,0,1,0,0,0,0,0,0,0,0,0,0,0,0,0,0,0,1,0.103,0.9090909090909091,2008,32
16,0,1,0,0,1,0,5.4,2.1,0,0,0,0,0,1,0,0,0,0,1,0,0,0,1,0,0,0,0,0,0,1,0,0,0,0,0,0,1,0,0,0,1.3862943611198906,5.087596335232384,0.0,162.0,1.5,1,0,0,0,0,1,0,0,0,1,0,0,0,0,0,1,0,0,0,0,0,0,0,0,0,0,0,0,0,0,0,1,0.103,0.9090909090909091,2008,32
16,0,1,0,0,1,0,15.8,2.54,1,0,0,0,0,0,0,0,0,0,1,0,0,0,1,0,0,0,0,0,0,0,1,0,0,0,0,0,1,0,0,0,2.4849066497880004,5.087596335232384,0.0,162.0,1.5,1,0,0,0,0,1,0,0,0,1,0,0,0,0,0,1,0,0,0,0,0,0,0,0,0,0,0,0,0,0,0,1,0.103,0.9090909090909091,2008,32
16,0,1,0,0,1,0,2.57,0.58,0,0,0,0,1,0,0,0,0,0,1,0,0,0,1,0,0,0,0,0,0,0,1,0,0,0,0,0,1,0,0,0,2.4849066497880004,5.087596335232384,0.0,162.0,1.5,1,0,0,0,0,1,0,0,0,1,0,0,0,0,0,1,0,0,0,0,0,0,0,0,0,0,0,0,0,0,0,1,0.103,0.9090909090909091,2008,32
16,0,1,0,0,1,0,3.52,0.99,1,0,0,0,0,0,0,0,0,0,1,0,0,0,1,0,0,0,0,0,0,0,1,0,0,0,0,0,1,0,0,0,2.4849066497880004,5.087596335232384,0.0,162.0,1.5,1,0,0,0,0,1,0,0,0,1,0,0,0,0,0,1,0,0,0,0,0,0,0,0,0,0,0,0,0,0,0,1,0.103,0.9090909090909091,2008,32
16,0,1,0,0,1,0,2.01,1.05,0,0,0,0,0,0,1,0,0,0,1,0,0,0,1,0,0,0,0,0,0,0,1,0,0,0,0,0,1,0,0,0,2.4849066497880004,5.087596335232384,0.0,162.0,1.5,1,0,0,0,0,1,0,0,0,1,0,0,0,0,0,1,0,0,0,0,0,0,0,0,0,0,0,0,0,0,0,1,0.103,0.9090909090909091,2008,32
16,0,1,0,0,1,0,2.13,0.91,0,0,0,0,0,0,0,0,1,0,1,0,0,0,1,0,0,0,0,0,0,0,1,0,0,0,0,0,1,0,0,0,2.4849066497880004,5.087596335232384,0.0,162.0,1.5,1,0,0,0,0,1,0,0,0,1,0,0,0,0,0,1,0,0,0,0,0,0,0,0,0,0,0,0,0,0,0,1,0.103,0.9090909090909091,2008,32
16,0,1,0,0,1,0,6.86,1.19,0,0,0,0,0,1,0,0,0,0,1,0,0,0,1,0,0,0,0,0,0,0,1,0,0,0,0,0,1,0,0,0,2.4849066497880004,5.087596335232384,0.0,162.0,1.5,1,0,0,0,0,1,0,0,0,1,0,0,0,0,0,1,0,0,0,0,0,0,0,0,0,0,0,0,0,0,0,1,0.103,0.9090909090909091,2008,32
16,0,1,0,0,1,0,34.3,10.5,1,0,0,0,0,0,0,0,0,0,1,0,0,0,1,0,0,0,0,0,0,1,0,0,0,0,0,0,1,0,0,0,1.3862943611198906,5.087596335232384,0.0,162.0,1.5,1,0,0,0,0,0,0,0,0,1,0,0,0,0,0,1,0,0,0,0,0,0,0,0,0,0,0,0,0,0,0,1,0.103,0.9090909090909091,2008,32
16,0,1,0,0,1,0,10.2,2.2,0,0,0,0,1,0,0,0,0,0,1,0,0,0,1,0,0,0,0,0,0,1,0,0,0,0,0,0,1,0,0,0,1.3862943611198906,5.087596335232384,0.0,162.0,1.5,1,0,0,0,0,0,0,0,0,1,0,0,0,0,0,1,0,0,0,0,0,0,0,0,0,0,0,0,0,0,0,1,0.103,0.9090909090909091,2008,32
16,0,1,0,0,1,0,3.45,1.4,1,0,0,0,0,0,0,0,0,0,1,0,0,0,1,0,0,0,0,0,0,1,0,0,0,0,0,0,1,0,0,0,1.3862943611198906,5.087596335232384,0.0,162.0,1.5,1,0,0,0,0,0,0,0,0,1,0,0,0,0,0,1,0,0,0,0,0,0,0,0,0,0,0,0,0,0,0,1,0.103,0.9090909090909091,2008,32
16,0,1,0,0,1,0,-0.21,3.5,0,0,0,0,0,0,1,0,0,0,1,0,0,0,1,0,0,0,0,0,0,1,0,0,0,0,0,0,1,0,0,0,1.3862943611198906,5.087596335232384,0.0,162.0,1.5,1,0,0,0,0,0,0,0,0,1,0,0,0,0,0,1,0,0,0,0,0,0,0,0,0,0,0,0,0,0,0,1,0.103,0.9090909090909091,2008,32
16,0,1,0,0,1,0,3.01,1.01,0,0,0,0,0,0,0,0,1,0,1,0,0,0,1,0,0,0,0,0,0,1,0,0,0,0,0,0,1,0,0,0,1.3862943611198906,5.087596335232384,0.0,162.0,1.5,1,0,0,0,0,0,0,0,0,1,0,0,0,0,0,1,0,0,0,0,0,0,0,0,0,0,0,0,0,0,0,1,0.103,0.9090909090909091,2008,32
16,0,1,0,0,1,0,4.03,2.58,0,0,0,0,0,1,0,0,0,0,1,0,0,0,1,0,0,0,0,0,0,1,0,0,0,0,0,0,1,0,0,0,1.3862943611198906,5.087596335232384,0.0,162.0,1.5,1,0,0,0,0,0,0,0,0,1,0,0,0,0,0,1,0,0,0,0,0,0,0,0,0,0,0,0,0,0,0,1,0.103,0.9090909090909091,2008,32
16,0,1,0,0,1,0,12.9,2.73,1,0,0,0,0,0,0,0,0,0,1,0,0,0,1,0,0,0,0,0,0,0,1,0,0,0,0,0,1,0,0,0,2.4849066497880004,5.087596335232384,0.0,162.0,1.5,1,0,0,0,0,0,0,0,0,1,0,0,0,0,0,1,0,0,0,0,0,0,0,0,0,0,0,0,0,0,0,1,0.103,0.9090909090909091,2008,32
16,0,1,0,0,1,0,2.93,0.78,0,0,0,0,1,0,0,0,0,0,1,0,0,0,1,0,0,0,0,0,0,0,1,0,0,0,0,0,1,0,0,0,2.4849066497880004,5.087596335232384,0.0,162.0,1.5,1,0,0,0,0,0,0,0,0,1,0,0,0,0,0,1,0,0,0,0,0,0,0,0,0,0,0,0,0,0,0,1,0.103,0.9090909090909091,2008,32
16,0,1,0,0,1,0,2.55,0.89,1,0,0,0,0,0,0,0,0,0,1,0,0,0,1,0,0,0,0,0,0,0,1,0,0,0,0,0,1,0,0,0,2.4849066497880004,5.087596335232384,0.0,162.0,1.5,1,0,0,0,0,0,0,0,0,1,0,0,0,0,0,1,0,0,0,0,0,0,0,0,0,0,0,0,0,0,0,1,0.103,0.9090909090909091,2008,32
16,0,1,0,0,1,0,0.18,1.99,0,0,0,0,0,0,1,0,0,0,1,0,0,0,1,0,0,0,0,0,0,0,1,0,0,0,0,0,1,0,0,0,2.4849066497880004,5.087596335232384,0.0,162.0,1.5,1,0,0,0,0,0,0,0,0,1,0,0,0,0,0,1,0,0,0,0,0,0,0,0,0,0,0,0,0,0,0,1,0.103,0.9090909090909091,2008,32
16,0,1,0,0,1,0,2.43,0.65,0,0,0,0,0,0,0,0,1,0,1,0,0,0,1,0,0,0,0,0,0,0,1,0,0,0,0,0,1,0,0,0,2.4849066497880004,5.087596335232384,0.0,162.0,1.5,1,0,0,0,0,0,0,0,0,1,0,0,0,0,0,1,0,0,0,0,0,0,0,0,0,0,0,0,0,0,0,1,0.103,0.9090909090909091,2008,32
16,0,1,0,0,1,0,4.44,1.52,0,0,0,0,0,1,0,0,0,0,1,0,0,0,1,0,0,0,0,0,0,0,1,0,0,0,0,0,1,0,0,0,2.4849066497880004,5.087596335232384,0.0,162.0,1.5,1,0,0,0,0,0,0,0,0,1,0,0,0,0,0,1,0,0,0,0,0,0,0,0,0,0,0,0,0,0,0,1,0.103,0.9090909090909091,2008,32
48,1,0,0,1,0,0,0.995025,0.00918,0,0,0,1,0,0,0,0,0,0,1,0,0,0,1,0,0,0,0,0,0,1,0,0,0,0,0,0,0,1,0,0,0.0,5.673323267171493,0.0,291.0,64.5,0,0,0,0,0,0,0,0,0,0,0,1,0,0,0,1,0,0,0,0,0,0,0,0,0,0,0,0,1,0,0,0,0.103,1.8333333333333333,2007,31
48,1,0,0,1,0,0,1.000162,0.004141,0,0,0,0,0,0,0,1,0,0,0,1,0,0,1,0,0,0,0,0,0,1,0,0,0,0,0,0,0,1,0,0,0.0,5.739792912179234,0.0,311.0,69.0,0,0,0,0,0,0,0,0,0,0,0,1,0,0,0,1,0,0,0,0,0,0,0,0,0,0,0,0,1,0,0,0,0.103,1.8333333333333333,2007,31
48,1,0,0,1,0,0,0.989845,0.008037,0,0,0,0,0,1,0,0,0,0,1,0,0,0,1,0,0,0,0,0,0,1,0,0,0,0,0,0,0,1,0,0,0.0,5.905361848054571,0.0,367.0,68.0,0,0,0,0,0,0,0,0,0,0,0,1,0,0,0,1,0,0,0,0,0,0,0,0,0,0,0,0,1,0,0,0,0.103,1.8333333333333333,2007,31
48,1,0,0,1,0,0,0.984462,0.012091,0,0,0,1,0,0,0,0,0,0,1,0,0,0,1,0,0,0,0,0,0,1,0,0,0,0,0,0,0,1,0,0,0.0,5.673323267171493,0.0,291.0,64.5,0,0,0,0,0,1,0,0,0,0,0,1,0,0,0,1,0,0,0,0,0,0,0,0,0,0,0,0,1,0,0,0,0.103,1.8333333333333333,2007,31
48,1,0,0,1,0,0,0.991924,0.007187,0,0,0,0,0,0,0,1,0,0,0,1,0,0,1,0,0,0,0,0,0,1,0,0,0,0,0,0,0,1,0,0,0.0,5.739792912179234,0.0,311.0,69.0,0,0,0,0,0,1,0,0,0,0,0,1,0,0,0,1,0,0,0,0,0,0,0,0,0,0,0,0,1,0,0,0,0.103,1.8333333333333333,2007,31
48,1,0,0,1,0,0,0.988348,0.008845,0,0,0,0,0,1,0,0,0,0,1,0,0,0,1,0,0,0,0,0,0,1,0,0,0,0,0,0,0,1,0,0,0.0,5.905361848054571,0.0,367.0,68.0,0,0,0,0,0,1,0,0,0,0,0,1,0,0,0,1,0,0,0,0,0,0,0,0,0,0,0,0,1,0,0,0,0.103,1.8333333333333333,2007,31
48,0,1,0,0,1,0,0.6322,4.2072,0,0,0,1,0,0,0,0,0,0,1,0,0,0,1,0,0,0,0,0,0,1,0,0,0,0,0,0,0,1,0,0,0.0,3.4011973816621555,0.0,30.0,54.0,0,0,0,0,0,1,1,0,0,0,0,0,0,0,0,1,0,0,0,0,0,0,0,0,0,0,0,0,1,0,0,0,0.103,1.8333333333333333,2007,31
48,0,1,0,0,1,0,1.1264,2.8527,0,0,0,1,0,0,0,0,0,0,1,0,0,0,1,0,0,0,0,0,0,1,0,0,0,0,0,0,0,1,0,0,0.0,3.5263605246161616,0.0,34.0,56.5,0,0,0,0,0,1,1,0,0,0,0,0,0,0,0,1,0,0,0,0,0,0,0,0,0,0,0,0,1,0,0,0,0.103,1.8333333333333333,2007,31
48,0,1,0,0,1,0,-4.7987,2.3062,0,0,0,1,0,0,0,0,0,0,1,0,0,0,1,0,0,0,0,0,0,1,0,0,0,0,0,0,0,1,0,0,0.0,4.430816798843313,0.0,84.0,61.5,0,0,0,0,0,1,1,0,0,0,0,0,0,0,0,1,0,0,0,0,0,0,0,0,0,0,0,0,1,0,0,0,0.103,1.8333333333333333,2007,31
48,0,1,0,0,1,0,-19.3842,7.8417,0,0,0,1,0,0,0,0,0,0,1,0,0,0,1,0,0,0,0,0,0,1,0,0,0,0,0,0,0,1,0,0,0.0,3.5263605246161616,0.0,34.0,66.5,0,0,0,0,0,1,1,0,0,0,0,0,0,0,0,1,0,0,0,0,0,0,0,0,0,0,0,0,1,0,0,0,0.103,1.8333333333333333,2007,31
48,0,1,0,0,1,0,-1.0699,2.3418,0,0,0,1,0,0,0,0,0,0,1,0,0,0,1,0,0,0,0,0,0,1,0,0,0,0,0,0,0,1,0,0,0.0,4.605170185988092,0.0,100.0,72.0,0,0,0,0,0,1,1,0,0,0,0,0,0,0,0,1,0,0,0,0,0,0,0,0,0,0,0,0,1,0,0,0,0.103,1.8333333333333333,2007,31
48,0,1,0,0,1,0,-0.8889,0.9277,0,0,0,1,0,0,0,0,0,0,1,0,0,0,1,0,0,0,0,0,0,1,0,0,0,0,0,0,0,1,0,0,0.0,5.673323267171493,0.0,291.0,64.5,0,0,0,0,0,1,1,0,0,0,0,0,0,0,0,1,0,0,0,0,0,0,0,0,0,0,0,0,1,0,0,0,0.103,1.8333333333333333,2007,31
48,0,1,0,0,1,0,-3.2584,1.1152,0,0,0,0,0,0,0,1,0,0,0,1,0,0,1,0,0,0,0,0,0,1,0,0,0,0,0,0,0,1,0,0,0.0,5.272999558563747,0.0,195.0,64.0,0,0,0,0,0,1,1,0,0,0,0,0,0,0,0,1,0,0,0,0,0,0,0,0,0,0,0,0,1,0,0,0,0.103,1.8333333333333333,2007,31
48,0,1,0,0,1,0,-4.6625,5.2974,0,0,0,0,0,0,0,1,0,0,0,1,0,0,1,0,0,0,0,0,0,1,0,0,0,0,0,0,0,1,0,0,0.0,4.04305126783455,0.0,57.0,74.5,0,0,0,0,0,1,1,0,0,0,0,0,0,0,0,1,0,0,0,0,0,0,0,0,0,0,0,0,1,0,0,0,0.103,1.8333333333333333,2007,31
48,0,1,0,0,1,0,2.5309,1.2076,0,0,0,0,0,0,0,1,0,0,0,1,0,0,1,0,0,0,0,0,0,1,0,0,0,0,0,0,0,1,0,0,0.0,4.02535169073515,0.0,56.0,79.5,0,0,0,0,0,1,1,0,0,0,0,0,0,0,0,1,0,0,0,0,0,0,0,0,0,0,0,0,1,0,0,0,0.103,1.8333333333333333,2007,31
48,0,1,0,0,1,0,-2.1754,0.814,0,0,0,0,0,0,0,1,0,0,0,1,0,0,1,0,0,0,0,0,0,1,0,0,0,0,0,0,0,1,0,0,0.0,5.739792912179234,0.0,311.0,69.0,0,0,0,0,0,1,1,0,0,0,0,0,0,0,0,1,0,0,0,0,0,0,0,0,0,0,0,0,1,0,0,0,0.103,1.8333333333333333,2007,31
48,0,1,0,0,1,0,-1.6805,1.1091,0,0,0,0,0,1,0,0,0,0,1,0,0,0,1,0,0,0,0,0,0,1,0,0,0,0,0,0,0,1,0,0,0.0,4.77912349311153,0.0,119.0,57.5,0,0,0,0,0,1,1,0,0,0,0,0,0,0,0,1,0,0,0,0,0,0,0,0,0,0,0,0,1,0,0,0,0.103,1.8333333333333333,2007,31
48,0,1,0,0,1,0,-7.4618,3.1292,0,0,0,0,0,1,0,0,0,0,1,0,0,0,1,0,0,0,0,0,0,1,0,0,0,0,0,0,0,1,0,0,0.0,4.543294782270004,0.0,94.0,66.0,0,0,0,0,0,1,1,0,0,0,0,0,0,0,0,1,0,0,0,0,0,0,0,0,0,0,0,0,1,0,0,0,0.103,1.8333333333333333,2007,31
48,0,1,0,0,1,0,2.9831,3.7617,0,0,0,0,0,1,0,0,0,0,1,0,0,0,1,0,0,0,0,0,0,1,0,0,0,0,0,0,0,1,0,0,0.0,5.017279836814924,0.0,151.0,76.5,0,0,0,0,0,1,1,0,0,0,0,0,0,0,0,1,0,0,0,0,0,0,0,0,0,0,0,0,1,0,0,0,0.103,1.8333333333333333,2007,31
48,0,1,0,0,1,0,-1.7757,0.8604,0,0,0,0,0,1,0,0,0,0,1,0,0,0,1,0,0,0,0,0,0,1,0,0,0,0,0,0,0,1,0,0,0.0,5.905361848054571,0.0,367.0,68.0,0,0,0,0,0,1,1,0,0,0,0,0,0,0,0,1,0,0,0,0,0,0,0,0,0,0,0,0,1,0,0,0,0.103,1.8333333333333333,2007,31
63,0,1,0,0,1,0,-0.049,0.052,1,0,0,0,0,0,0,0,0,0,0,1,0,0,1,0,0,0,0,0,0,1,0,0,0,0,0,0,0,1,0,0,0.0,4.882801922586371,0.0,132.0,79.5,0,0,0,0,0,0,1,0,0,0,0,0,0,0,0,1,0,0,0,0,0,0,0,0,0,0,0,0,1,0,0,0,0.103,1.1111111111111112,2010,34
63,0,1,0,0,1,0,-0.881,0.687,0,1,0,0,0,0,0,0,0,0,0,1,0,0,1,0,0,0,0,0,0,1,0,0,0,0,0,0,0,1,0,0,0.0,4.812184355372417,0.0,123.0,80.0,0,0,0,0,0,0,1,0,0,0,0,0,0,0,0,1,0,0,0,0,0,0,0,0,0,0,0,0,1,0,0,0,0.103,1.1111111111111112,2010,34
63,0,1,0,0,1,0,0.2,0.209,0,1,0,0,0,0,0,0,0,0,0,1,0,0,1,0,0,0,0,0,0,1,0,0,0,0,0,0,0,1,0,0,0.0,4.882801922586371,0.0,132.0,79.5,0,0,0,0,0,0,1,0,0,0,0,0,0,0,0,1,0,0,0,0,0,0,0,0,0,0,0,0,1,0,0,0,0.103,1.1111111111111112,2010,34
63,0,1,0,0,1,0,0.773,1.974,0,1,0,0,0,0,0,0,0,0,0,1,0,0,1,0,0,0,0,0,0,1,0,0,0,0,0,0,0,1,0,0,0.0,4.882801922586371,0.0,132.0,79.5,0,0,0,0,0,0,1,0,0,0,0,0,0,0,0,1,0,0,0,0,0,0,0,0,0,0,0,0,1,0,0,0,0.103,1.1111111111111112,2010,34
63,0,1,0,0,1,0,2.357,1.228,0,1,0,0,0,0,0,0,0,0,0,1,0,0,1,0,0,0,0,0,0,1,0,0,0,0,0,0,0,1,0,0,0.0,4.882801922586371,0.0,132.0,79.5,0,0,0,0,0,0,1,0,0,0,0,0,0,0,0,1,0,0,0,0,0,0,0,0,0,0,0,0,1,0,0,0,0.103,1.1111111111111112,2010,34
63,0,1,0,0,1,0,0.392,1.243,1,0,0,0,0,0,0,0,0,0,0,1,0,0,1,0,0,0,0,0,0,1,0,0,0,0,0,0,0,1,0,0,0.0,4.882801922586371,0.0,132.0,79.5,0,0,0,0,0,0,1,0,0,0,0,0,0,0,0,1,0,0,0,0,0,0,0,0,0,0,0,0,1,0,0,0,0.103,1.1111111111111112,2010,34
63,0,1,0,0,1,0,0.947,0.698,0,1,0,0,0,0,0,0,0,0,0,1,0,0,1,0,0,0,0,0,0,1,0,0,0,0,0,0,0,1,0,0,0.0,4.882801922586371,0.0,132.0,79.5,0,0,0,0,0,0,1,0,0,0,0,0,0,0,0,1,0,0,0,0,0,0,0,0,0,0,0,0,1,0,0,0,0.103,1.1111111111111112,2010,34
63,0,1,0,0,1,0,0.288,0.425,1,0,0,0,0,0,0,0,0,0,0,1,0,0,1,0,0,0,0,0,0,1,0,0,0,0,0,0,0,1,0,0,0.0,4.882801922586371,0.0,132.0,79.5,0,0,0,0,0,0,1,0,0,0,0,0,0,0,0,1,0,0,0,0,0,0,0,0,0,0,0,0,1,0,0,0,0.103,1.1111111111111112,2010,34
63,0,1,0,0,1,0,0.736,0.617,1,0,0,0,0,0,0,0,0,0,1,0,0,0,1,0,0,0,0,0,0,1,0,0,0,0,0,0,0,1,0,0,0.0,4.882801922586371,0.0,132.0,79.5,0,0,0,0,0,0,1,0,0,0,0,0,0,0,0,1,0,0,0,0,0,0,0,0,0,0,0,0,1,0,0,0,0.103,1.1111111111111112,2010,34
63,0,1,0,0,1,0,0.558,0.802,1,0,0,0,0,0,0,0,0,0,1,0,0,0,1,0,0,0,0,0,0,1,0,0,0,0,0,0,0,1,0,0,0.0,4.812184355372417,0.0,123.0,80.0,0,0,0,0,0,0,1,0,0,0,0,0,0,0,0,1,0,0,0,0,0,0,0,0,0,0,0,0,1,0,0,0,0.103,1.1111111111111112,2010,34
63,0,1,0,0,1,0,1.766,0.708,1,0,0,0,0,0,0,0,0,0,0,1,0,0,1,0,0,0,0,0,0,1,0,0,0,0,0,0,0,1,0,0,0.0,4.882801922586371,0.0,132.0,79.5,0,0,0,0,0,0,1,0,0,0,0,0,0,0,0,1,0,0,0,0,0,0,0,0,0,0,0,0,1,0,0,0,0.103,1.1111111111111112,2010,34
63,0,1,0,0,1,0,-0.219,0.333,0,1,0,0,0,0,0,0,0,0,0,0,1,0,1,0,0,0,0,0,0,1,0,0,0,0,0,0,0,1,0,0,0.0,4.882801922586371,0.0,132.0,79.5,0,0,0,0,0,0,1,0,0,0,0,0,0,0,0,1,0,0,0,0,0,0,0,0,0,0,0,0,1,0,0,0,0.103,1.1111111111111112,2010,34
63,0,1,0,0,1,0,-1.712,1.431,1,0,0,0,0,0,0,0,0,0,0,0,1,0,1,0,0,0,0,0,0,1,0,0,0,0,0,0,0,1,0,0,0.0,4.882801922586371,0.0,132.0,79.5,0,0,0,0,0,0,1,0,0,0,0,0,0,0,0,1,0,0,0,0,0,0,0,0,0,0,0,0,1,0,0,0,0.103,1.1111111111111112,2010,34
63,0,1,0,0,1,0,-0.007,0.028,0,1,0,0,0,0,0,0,0,0,0,1,0,0,1,0,0,0,0,0,0,1,0,0,0,0,0,0,0,1,0,0,0.0,4.574710978503383,0.0,97.0,78.0,0,0,0,0,0,0,1,0,0,0,0,0,0,0,0,1,0,0,0,0,0,0,0,0,0,0,0,0,1,0,0,0,0.103,1.1111111111111112,2010,34
63,0,1,0,0,1,0,-0.028,0.026,1,0,0,0,0,0,0,0,0,0,0,1,0,0,1,0,0,0,0,0,0,1,0,0,0,0,0,0,0,1,0,0,0.0,4.382026634673881,0.0,80.0,77.5,0,0,0,0,0,0,1,0,0,0,0,0,0,0,0,1,0,0,0,0,0,0,0,0,0,0,0,0,1,0,0,0,0.103,1.1111111111111112,2010,34
63,0,1,0,0,1,0,-1.101,0.593,1,0,0,0,0,0,0,0,0,0,0,1,0,0,1,0,0,0,0,0,0,1,0,0,0,0,0,0,0,1,0,0,0.0,3.784189633918261,0.0,44.0,83.0,0,0,0,0,0,0,1,0,0,0,0,0,0,0,0,1,0,0,0,0,0,0,0,0,0,0,0,0,1,0,0,0,0.103,1.1111111111111112,2010,34
63,0,1,0,0,1,0,-0.049,0.052,1,0,0,0,0,0,0,0,0,0,0,1,0,0,1,0,0,0,0,0,0,1,0,0,0,0,0,0,0,1,0,0,0.0,4.882801922586371,0.0,132.0,79.5,0,0,0,0,0,0,1,0,0,0,0,0,0,0,0,1,0,0,0,0,0,0,0,0,0,0,0,0,1,0,0,0,0.103,1.1111111111111112,2010,34
63,0,1,0,0,1,0,-2.341,1.094,0,1,0,0,0,0,0,0,0,0,0,1,0,0,1,0,0,0,0,0,0,1,0,0,0,0,0,0,0,1,0,0,0.0,3.9889840465642745,0.0,54.0,77.5,0,0,0,0,0,0,1,0,0,0,0,0,0,0,0,1,0,0,0,0,0,0,0,0,0,0,0,0,1,0,0,0,0.103,1.1111111111111112,2010,34
63,0,1,0,0,1,0,-0.941,0.953,0,1,0,0,0,0,0,0,0,0,0,1,0,0,1,0,0,0,0,0,0,1,0,0,0,0,0,0,0,1,0,0,0.0,4.02535169073515,0.0,56.0,82.5,0,0,0,0,0,0,1,0,0,0,0,0,0,0,0,1,0,0,0,0,0,0,0,0,0,0,0,0,1,0,0,0,0.103,1.1111111111111112,2010,34
63,0,1,0,0,1,0,-0.881,0.687,0,1,0,0,0,0,0,0,0,0,0,1,0,0,1,0,0,0,0,0,0,1,0,0,0,0,0,0,0,1,0,0,0.0,4.812184355372417,0.0,123.0,80.0,0,0,0,0,0,0,1,0,0,0,0,0,0,0,0,1,0,0,0,0,0,0,0,0,0,0,0,0,1,0,0,0,0.103,1.1111111111111112,2010,34
63,0,1,0,0,1,0,1.351,3.387,0,1,0,0,0,0,0,0,0,0,0,1,0,0,1,0,0,0,0,0,0,1,0,0,0,0,0,0,0,1,0,0,0.0,2.8903717578961645,0.0,18.0,75.0,0,0,0,0,0,0,1,0,0,0,0,0,0,0,0,1,0,0,0,0,0,0,0,0,0,0,0,0,1,0,0,0,0.103,1.1111111111111112,2010,34
63,0,1,0,0,1,0,-2.128,0.864,0,1,0,0,0,0,0,0,0,0,0,1,0,0,1,0,0,0,0,0,0,1,0,0,0,0,0,0,0,1,0,0,0.0,3.4657359027997265,0.0,32.0,77.5,0,0,0,0,0,0,1,0,0,0,0,0,0,0,0,1,0,0,0,0,0,0,0,0,0,0,0,0,1,0,0,0,0.103,1.1111111111111112,2010,34
63,0,1,0,0,1,0,0.296,0.159,0,1,0,0,0,0,0,0,0,0,0,1,0,0,1,0,0,0,0,0,0,1,0,0,0,0,0,0,0,1,0,0,0.0,4.394449154672439,0.0,81.0,82.0,0,0,0,0,0,0,1,0,0,0,0,0,0,0,0,1,0,0,0,0,0,0,0,0,0,0,0,0,1,0,0,0,0.103,1.1111111111111112,2010,34
63,0,1,0,0,1,0,0.2,0.209,0,1,0,0,0,0,0,0,0,0,0,1,0,0,1,0,0,0,0,0,0,1,0,0,0,0,0,0,0,1,0,0,0.0,4.812184355372417,0.0,123.0,80.0,0,0,0,0,0,0,1,0,0,0,0,0,0,0,0,1,0,0,0,0,0,0,0,0,0,0,0,0,1,0,0,0,0.103,1.1111111111111112,2010,34
63,0,1,0,0,1,0,1.294,2.377,0,1,0,0,0,0,0,0,0,0,0,1,0,0,1,0,0,0,0,0,0,1,0,0,0,0,0,0,0,1,0,0,0.0,2.995732273553991,0.0,20.0,75.0,0,0,0,0,0,0,1,0,0,0,0,0,0,0,0,1,0,0,0,0,0,0,0,0,0,0,0,0,1,0,0,0,0.103,1.1111111111111112,2010,34
63,0,1,0,0,1,0,-3.708,3.363,0,1,0,0,0,0,0,0,0,0,0,1,0,0,1,0,0,0,0,0,0,1,0,0,0,0,0,0,0,1,0,0,0.0,4.718498871295094,0.0,112.0,80.5,0,0,0,0,0,0,1,0,0,0,0,0,0,0,0,1,0,0,0,0,0,0,0,0,0,0,0,0,1,0,0,0,0.103,1.1111111111111112,2010,34
63,0,1,0,0,1,0,0.773,1.974,0,1,0,0,0,0,0,0,0,0,0,1,0,0,1,0,0,0,0,0,0,1,0,0,0,0,0,0,0,1,0,0,0.0,4.882801922586371,0.0,132.0,79.5,0,0,0,0,0,0,1,0,0,0,0,0,0,0,0,1,0,0,0,0,0,0,0,0,0,0,0,0,1,0,0,0,0.103,1.1111111111111112,2010,34
63,0,1,0,0,1,0,1.089,0.781,0,1,0,0,0,0,0,0,0,0,0,1,0,0,1,0,0,0,0,0,0,1,0,0,0,0,0,0,0,1,0,0,0.0,2.833213344056216,0.0,17.0,75.0,0,0,0,0,0,0,1,0,0,0,0,0,0,0,0,1,0,0,0,0,0,0,0,0,0,0,0,0,1,0,0,0,0.103,1.1111111111111112,2010,34
63,0,1,0,0,1,0,-2.221,0.829,0,1,0,0,0,0,0,0,0,0,0,1,0,0,1,0,0,0,0,0,0,1,0,0,0,0,0,0,0,1,0,0,0.0,3.58351893845611,0.0,36.0,77.5,0,0,0,0,0,0,1,0,0,0,0,0,0,0,0,1,0,0,0,0,0,0,0,0,0,0,0,0,1,0,0,0,0.103,1.1111111111111112,2010,34
63,0,1,0,0,1,0,-2.025,1.213,0,1,0,0,0,0,0,0,0,0,0,1,0,0,1,0,0,0,0,0,0,1,0,0,0,0,0,0,0,1,0,0,0.0,4.356708826689592,0.0,78.0,82.0,0,0,0,0,0,0,1,0,0,0,0,0,0,0,0,1,0,0,0,0,0,0,0,0,0,0,0,0,1,0,0,0,0.103,1.1111111111111112,2010,34
63,0,1,0,0,1,0,0.947,0.698,0,1,0,0,0,0,0,0,0,0,0,1,0,0,1,0,0,0,0,0,0,1,0,0,0,0,0,0,0,1,0,0,0.0,4.882801922586371,0.0,132.0,79.5,0,0,0,0,0,0,1,0,0,0,0,0,0,0,0,1,0,0,0,0,0,0,0,0,0,0,0,0,1,0,0,0,0.103,1.1111111111111112,2010,34
63,0,1,0,0,1,0,4.185,11.771,1,0,0,0,0,0,0,0,0,0,0,1,0,0,1,0,0,0,0,0,0,1,0,0,0,0,0,0,0,1,0,0,0.0,2.772588722239781,0.0,16.0,75.0,0,0,0,0,0,0,1,0,0,0,0,0,0,0,0,1,0,0,0,0,0,0,0,0,0,0,0,0,1,0,0,0,0.103,1.1111111111111112,2010,34
63,0,1,0,0,1,0,0.104,0.393,1,0,0,0,0,0,0,0,0,0,0,1,0,0,1,0,0,0,0,0,0,1,0,0,0,0,0,0,0,1,0,0,0.0,4.7535901911063645,0.0,116.0,80.5,0,0,0,0,0,0,1,0,0,0,0,0,0,0,0,1,0,0,0,0,0,0,0,0,0,0,0,0,1,0,0,0,0.103,1.1111111111111112,2010,34
63,0,1,0,0,1,0,0.288,0.421,1,0,0,0,0,0,0,0,0,0,0,1,0,0,1,0,0,0,0,0,0,1,0,0,0,0,0,0,0,1,0,0,0.0,4.882801922586371,0.0,132.0,79.5,0,0,0,0,0,0,1,0,0,0,0,0,0,0,0,1,0,0,0,0,0,0,0,0,0,0,0,0,1,0,0,0,0.103,1.1111111111111112,2010,34
63,0,1,0,0,1,0,0.35,1.296,1,0,0,0,0,0,0,0,0,0,1,0,0,0,1,0,0,0,0,0,0,1,0,0,0,0,0,0,0,1,0,0,0.0,3.784189633918261,0.0,44.0,77.0,0,0,0,0,0,0,1,0,0,0,0,0,0,0,0,1,0,0,0,0,0,0,0,0,0,0,0,0,1,0,0,0,0.103,1.1111111111111112,2010,34
63,0,1,0,0,1,0,-2.001,1.431,1,0,0,0,0,0,0,0,0,0,1,0,0,0,1,0,0,0,0,0,0,1,0,0,0,0,0,0,0,1,0,0,0.0,4.04305126783455,0.0,57.0,81.5,0,0,0,0,0,0,1,0,0,0,0,0,0,0,0,1,0,0,0,0,0,0,0,0,0,0,0,0,1,0,0,0,0.103,1.1111111111111112,2010,34
63,0,1,0,0,1,0,0.558,0.849,1,0,0,0,0,0,0,0,0,0,1,0,0,0,1,0,0,0,0,0,0,1,0,0,0,0,0,0,0,1,0,0,0.0,4.812184355372417,0.0,123.0,80.0,0,0,0,0,0,0,1,0,0,0,0,0,0,0,0,1,0,0,0,0,0,0,0,0,0,0,0,0,1,0,0,0,0.103,1.1111111111111112,2010,34
63,0,1,0,0,1,0,1.887,1.159,1,0,0,0,0,0,0,0,0,0,0,1,0,0,1,0,0,0,0,0,0,1,0,0,0,0,0,0,0,1,0,0,0.0,3.8501476017100584,0.0,47.0,76.0,0,0,0,0,0,0,1,0,0,0,0,0,0,0,0,1,0,0,0,0,0,0,0,0,0,0,0,0,1,0,0,0,0.103,1.1111111111111112,2010,34
63,0,1,0,0,1,0,-0.745,0.599,1,0,0,0,0,0,0,0,0,0,0,1,0,0,1,0,0,0,0,0,0,1,0,0,0,0,0,0,0,1,0,0,0.0,4.356708826689592,0.0,78.0,81.5,0,0,0,0,0,0,1,0,0,0,0,0,0,0,0,1,0,0,0,0,0,0,0,0,0,0,0,0,1,0,0,0,0.103,1.1111111111111112,2010,34
63,0,1,0,0,1,0,1.766,0.708,1,0,0,0,0,0,0,0,0,0,0,1,0,0,1,0,0,0,0,0,0,1,0,0,0,0,0,0,0,1,0,0,0.0,4.882801922586371,0.0,132.0,79.5,0,0,0,0,0,0,1,0,0,0,0,0,0,0,0,1,0,0,0,0,0,0,0,0,0,0,0,0,1,0,0,0,0.103,1.1111111111111112,2010,34
63,0,1,0,0,1,0,-1.044,1.56,0,1,0,0,0,0,0,0,0,0,0,0,1,0,1,0,0,0,0,0,0,1,0,0,0,0,0,0,0,1,0,0,0.0,2.9444389791664403,0.0,19.0,75.0,0,0,0,0,0,0,1,0,0,0,0,0,0,0,0,1,0,0,0,0,0,0,0,0,0,0,0,0,1,0,0,0,0.103,1.1111111111111112,2010,34
63,0,1,0,0,1,0,-0.509,0.622,0,1,0,0,0,0,0,0,0,0,0,0,1,0,1,0,0,0,0,0,0,1,0,0,0,0,0,0,0,1,0,0,0.0,3.367295829986474,0.0,29.0,77.5,0,0,0,0,0,0,1,0,0,0,0,0,0,0,0,1,0,0,0,0,0,0,0,0,0,0,0,0,1,0,0,0,0.103,1.1111111111111112,2010,34
63,0,1,0,0,1,0,-5.689,1.305,0,1,0,0,0,0,0,0,0,0,0,0,1,0,1,0,0,0,0,0,0,1,0,0,0,0,0,0,0,1,0,0,0.0,3.5263605246161616,0.0,34.0,80.0,0,0,0,0,0,0,1,0,0,0,0,0,0,0,0,1,0,0,0,0,0,0,0,0,0,0,0,0,1,0,0,0,0.103,1.1111111111111112,2010,34
63,0,1,0,0,1,0,-1.031,1.18,0,1,0,0,0,0,0,0,0,0,0,0,1,0,1,0,0,0,0,0,0,1,0,0,0,0,0,0,0,1,0,0,0.0,3.8501476017100584,0.0,47.0,83.5,0,0,0,0,0,0,1,0,0,0,0,0,0,0,0,1,0,0,0,0,0,0,0,0,0,0,0,0,1,0,0,0,0.103,1.1111111111111112,2010,34
63,0,1,0,0,1,0,-0.219,0.3,0,1,0,0,0,0,0,0,0,0,0,0,1,0,1,0,0,0,0,0,0,1,0,0,0,0,0,0,0,1,0,0,0.0,4.882801922586371,0.0,132.0,79.5,0,0,0,0,0,0,1,0,0,0,0,0,0,0,0,1,0,0,0,0,0,0,0,0,0,0,0,0,1,0,0,0,0.103,1.1111111111111112,2010,34
63,0,1,0,0,1,0,0.73,0.138,0,1,0,0,0,0,0,0,0,0,0,1,0,0,1,0,0,0,0,0,0,1,0,0,0,0,0,0,0,1,0,0,0.0,3.8501476017100584,0.0,47.0,76.0,0,0,0,0,0,0,1,0,0,0,0,0,0,0,0,1,0,0,0,0,0,0,0,0,0,0,0,0,1,0,0,0,0.103,1.1111111111111112,2010,34
63,0,1,0,0,1,0,-0.035,0.034,0,1,0,0,0,0,0,0,0,0,0,1,0,0,1,0,0,0,0,0,0,1,0,0,0,0,0,0,0,1,0,0,0.0,3.871201010907891,0.0,48.0,80.0,0,0,0,0,0,0,1,0,0,0,0,0,0,0,0,1,0,0,0,0,0,0,0,0,0,0,0,0,1,0,0,0,0.103,1.1111111111111112,2010,34
63,0,1,0,0,1,0,-0.007,0.028,0,1,0,0,0,0,0,0,0,0,0,1,0,0,1,0,0,0,0,0,0,1,0,0,0,0,0,0,0,1,0,0,0.0,4.574710978503383,0.0,97.0,78.0,0,0,0,0,0,0,1,0,0,0,0,0,0,0,0,1,0,0,0,0,0,0,0,0,0,0,0,0,1,0,0,0,0.103,1.1111111111111112,2010,34
108,0,1,0,0,1,0,1.88,1.668145519077196,0,1,0,0,0,0,0,0,0,0,0,1,0,0,1,0,0,0,0,0,0,1,0,0,0,0,0,0,0,1,0,0,0.0,3.970291913552122,0.0,53.0,88.5,0,0,0,0,0,0,1,0,0,0,0,0,0,0,0,1,0,0,0,0,0,0,0,0,0,0,0,0,0,1,0,0,0.103,0.8571428571428571,2012,36
108,0,1,0,0,1,0,1.86,0.6635747413485552,0,1,0,0,0,0,0,0,0,0,0,1,0,0,1,0,0,0,0,0,0,0,1,0,0,0,0,0,0,1,0,0,0.6931471805599453,3.9512437185814275,0.0,52.0,88.5,1,0,0,0,0,0,1,0,0,0,0,0,0,0,0,1,0,0,0,0,0,0,0,0,0,0,0,0,0,1,0,0,0.103,0.8571428571428571,2012,36
108,0,1,0,0,1,0,1.84,0.4646464646464647,0,1,0,0,0,0,0,0,0,0,0,1,0,0,1,0,0,0,0,0,0,0,1,0,0,0,0,0,0,1,0,0,1.0986122886681098,3.9318256327243257,0.0,51.0,88.5,1,0,0,0,0,0,1,0,0,0,0,0,0,0,0,1,0,0,0,0,0,0,0,0,0,0,0,0,0,1,0,0,0.103,0.8571428571428571,2012,36
138,0,1,0,0,1,0,-0.425,0.175,1,0,0,0,0,0,0,0,0,0,0,0,1,0,1,0,0,0,0,0,0,0,1,0,0,0,0,0,1,0,0,0,2.5649493574615367,6.148468295917647,0.0,468.0,43.0,1,0,0,0,0,0,1,0,0,0,0,0,0,0,0,1,0,0,0,0,0,0,0,0,0,0,0,0,0,1,0,0,0.103,4.0,2011,35
138,0,1,0,0,1,0,0.268,0.372,1,0,0,0,0,0,0,0,0,0,0,0,1,0,1,0,0,0,0,0,0,0,1,0,0,0,0,0,1,0,0,0,2.5649493574615367,5.075173815233827,0.0,160.0,49.5,1,0,0,0,0,0,1,0,0,0,0,0,0,0,0,1,0,0,0,0,0,0,0,0,0,0,0,0,0,1,0,0,0.103,4.0,2011,35
138,0,1,0,0,1,0,-1.425,0.166,0,0,0,0,0,1,0,0,0,0,1,0,0,0,1,0,0,0,0,0,0,1,0,0,0,0,0,1,0,0,0,0,3.4011973816621555,7.84971375760487,0.0,2565.0,56.5,1,0,0,0,0,0,1,0,0,0,0,0,0,0,0,1,0,0,0,0,0,0,0,0,0,0,0,0,0,0,1,0,0.103,4.0,2011,35
138,0,1,0,0,1,0,-3.034,0.406,0,0,0,0,0,1,0,0,0,0,1,0,0,0,1,0,0,0,0,0,0,1,0,0,0,0,0,1,0,0,0,0,3.4011973816621555,7.8582541821860294,0.0,2587.0,66.0,1,0,0,0,0,0,1,0,0,0,0,0,0,0,0,1,0,0,0,0,0,0,0,0,0,0,0,0,0,0,1,0,0.103,4.0,2011,35
138,0,1,0,0,1,0,0.605,0.037,1,0,0,0,0,0,0,0,0,0,0,0,1,0,1,0,0,0,0,0,0,0,1,0,0,0,0,0,1,0,0,0,2.5649493574615367,6.148468295917647,0.0,468.0,43.0,1,1,1,0,0,0,1,0,0,0,0,0,0,0,0,1,0,0,0,0,0,0,0,0,0,0,0,0,0,1,0,0,0.103,4.0,2011,35
138,0,1,0,0,1,0,0.789,0.049,1,0,0,0,0,0,0,0,0,0,0,0,1,0,1,0,0,0,0,0,0,0,1,0,0,0,0,0,1,0,0,0,2.5649493574615367,5.075173815233827,0.0,160.0,49.5,1,1,1,0,0,0,1,0,0,0,0,0,0,0,0,1,0,0,0,0,0,0,0,0,0,0,0,0,0,1,0,0,0.103,4.0,2011,35
138,0,1,0,0,1,0,0.99,0.006,0,0,0,0,0,1,0,0,0,0,1,0,0,0,1,0,0,0,0,0,0,1,0,0,0,0,0,1,0,0,0,0,3.4011973816621555,7.84971375760487,0.0,2565.0,56.5,1,1,1,0,0,0,1,0,0,0,0,0,0,0,0,1,0,0,0,0,0,0,0,0,0,0,0,0,0,0,1,0,0.103,4.0,2011,35
138,0,1,0,0,1,0,0.992,0.011,0,0,0,0,0,1,0,0,0,0,1,0,0,0,1,0,0,0,0,0,0,1,0,0,0,0,0,1,0,0,0,0,3.4011973816621555,7.8582541821860294,0.0,2587.0,66.0,1,1,1,0,0,0,1,0,0,0,0,0,0,0,0,1,0,0,0,0,0,0,0,0,0,0,0,0,0,0,1,0,0.103,4.0,2011,35
19,1,0,0,1,0,0,0.889,0.049,0,0,0,1,0,0,0,0,0,0,1,0,0,0,1,0,0,0,0,0,0,1,0,0,0,0,0,0,1,0,0,0,1.3862943611198906,4.219507705176107,0.0,68.0,53.5,1,0,0,0,0,0,1,0,0,0,0,0,0,0,0,1,0,0,0,0,0,0,0,0,0,0,0,0,0,1,0,0,0.068,4.333333333333333,1980,4
19,1,0,0,1,0,0,0.905,0.047,0,0,0,1,0,0,0,0,0,0,1,0,0,0,1,0,0,0,0,0,0,1,0,0,0,0,0,0,1,0,0,0,1.3862943611198906,4.219507705176107,0.0,68.0,53.5,1,0,0,0,0,0,1,0,0,0,0,0,0,0,0,1,0,0,0,0,0,0,0,0,0,0,0,0,0,1,0,0,0.068,4.333333333333333,1980,4
19,1,0,0,1,0,0,0.885,0.05,0,0,0,1,0,0,0,0,0,0,1,0,0,0,1,0,0,0,0,0,0,1,0,0,0,0,0,0,1,0,0,0,1.3862943611198906,4.219507705176107,0.0,68.0,53.5,1,0,0,0,0,0,1,0,0,0,0,0,0,0,0,1,0,0,0,0,0,0,0,0,0,0,0,0,0,1,0,0,0.068,4.333333333333333,1980,4
19,1,0,0,1,0,0,0.886,0.047,0,0,0,1,0,0,0,0,0,0,1,0,0,0,1,0,0,0,0,0,0,1,0,0,0,0,0,0,1,0,0,0,1.3862943611198906,4.204692619390966,0.0,67.0,53.5,1,0,0,0,0,0,1,0,0,0,0,0,0,0,0,1,0,0,0,0,0,0,0,0,0,0,0,0,0,1,0,0,0.068,4.333333333333333,1980,4
19,1,0,0,1,0,0,0.866,0.051,0,0,0,0,1,0,0,0,0,0,1,0,0,0,1,0,0,0,0,0,0,1,0,0,0,0,0,0,1,0,0,0,1.3862943611198906,4.219507705176107,0.0,68.0,53.5,1,0,0,0,0,0,1,0,0,0,0,0,0,0,0,1,0,0,0,0,0,0,0,0,0,0,0,0,0,1,0,0,0.068,4.333333333333333,1980,4
19,1,0,0,1,0,0,0.869,0.053,0,0,0,0,1,0,0,0,0,0,1,0,0,0,1,0,0,0,0,0,0,1,0,0,0,0,0,0,1,0,0,0,1.3862943611198906,4.219507705176107,0.0,68.0,53.5,1,0,0,0,0,0,1,0,0,0,0,0,0,0,0,1,0,0,0,0,0,0,0,0,0,0,0,0,0,1,0,0,0.068,4.333333333333333,1980,4
19,1,0,0,1,0,0,0.861,0.054,0,0,0,0,1,0,0,0,0,0,1,0,0,0,1,0,0,0,0,0,0,1,0,0,0,0,0,0,1,0,0,0,1.3862943611198906,4.219507705176107,0.0,68.0,53.5,1,0,0,0,0,0,1,0,0,0,0,0,0,0,0,1,0,0,0,0,0,0,0,0,0,0,0,0,0,1,0,0,0.068,4.333333333333333,1980,4
19,1,0,0,1,0,0,0.847,0.056,0,0,0,0,1,0,0,0,0,0,1,0,0,0,1,0,0,0,0,0,0,1,0,0,0,0,0,0,1,0,0,0,1.3862943611198906,4.204692619390966,0.0,67.0,53.5,1,0,0,0,0,0,1,0,0,0,0,0,0,0,0,1,0,0,0,0,0,0,0,0,0,0,0,0,0,1,0,0,0.068,4.333333333333333,1980,4
19,1,0,0,1,0,0,0.983,0.018,0,0,0,0,0,1,0,0,0,0,1,0,0,0,1,0,0,0,0,0,0,1,0,0,0,0,0,0,1,0,0,0,1.3862943611198906,4.219507705176107,0.0,68.0,53.5,1,0,0,0,0,0,1,0,0,0,0,0,0,0,0,1,0,0,0,0,0,0,0,0,0,0,0,0,0,1,0,0,0.068,4.333333333333333,1980,4
19,1,0,0,1,0,0,0.984,0.018,0,0,0,0,0,1,0,0,0,0,1,0,0,0,1,0,0,0,0,0,0,1,0,0,0,0,0,0,1,0,0,0,1.3862943611198906,4.219507705176107,0.0,68.0,53.5,1,0,0,0,0,0,1,0,0,0,0,0,0,0,0,1,0,0,0,0,0,0,0,0,0,0,0,0,0,1,0,0,0.068,4.333333333333333,1980,4
19,1,0,0,1,0,0,0.981,0.018,0,0,0,0,0,1,0,0,0,0,1,0,0,0,1,0,0,0,0,0,0,1,0,0,0,0,0,0,1,0,0,0,1.3862943611198906,4.219507705176107,0.0,68.0,53.5,1,0,0,0,0,0,1,0,0,0,0,0,0,0,0,1,0,0,0,0,0,0,0,0,0,0,0,0,0,1,0,0,0.068,4.333333333333333,1980,4
19,1,0,0,1,0,0,0.978,0.02,0,0,0,0,0,1,0,0,0,0,1,0,0,0,1,0,0,0,0,0,0,1,0,0,0,0,0,0,1,0,0,0,1.3862943611198906,4.204692619390966,0.0,67.0,53.5,1,0,0,0,0,0,1,0,0,0,0,0,0,0,0,1,0,0,0,0,0,0,0,0,0,0,0,0,0,1,0,0,0.068,4.333333333333333,1980,4
19,1,0,0,1,0,0,0.957,0.021,0,0,0,0,0,0,1,0,0,0,1,0,0,0,1,0,0,0,0,0,0,1,0,0,0,0,0,0,1,0,0,0,1.3862943611198906,4.219507705176107,0.0,68.0,53.5,1,0,0,0,0,0,1,0,0,0,0,0,0,0,0,1,0,0,0,0,0,0,0,0,0,0,0,0,0,1,0,0,0.068,4.333333333333333,1980,4
19,1,0,0,1,0,0,0.96,0.019,0,0,0,0,0,0,1,0,0,0,1,0,0,0,1,0,0,0,0,0,0,1,0,0,0,0,0,0,1,0,0,0,1.3862943611198906,4.219507705176107,0.0,68.0,53.5,1,0,0,0,0,0,1,0,0,0,0,0,0,0,0,1,0,0,0,0,0,0,0,0,0,0,0,0,0,1,0,0,0.068,4.333333333333333,1980,4
19,1,0,0,1,0,0,0.96,0.019,0,0,0,0,0,0,1,0,0,0,1,0,0,0,1,0,0,0,0,0,0,1,0,0,0,0,0,0,1,0,0,0,1.3862943611198906,4.219507705176107,0.0,68.0,53.5,1,0,0,0,0,0,1,0,0,0,0,0,0,0,0,1,0,0,0,0,0,0,0,0,0,0,0,0,0,1,0,0,0.068,4.333333333333333,1980,4
19,1,0,0,1,0,0,0.955,0.021,0,0,0,0,0,0,1,0,0,0,1,0,0,0,1,0,0,0,0,0,0,1,0,0,0,0,0,0,1,0,0,0,1.3862943611198906,4.204692619390966,0.0,67.0,53.5,1,0,0,0,0,0,1,0,0,0,0,0,0,0,0,1,0,0,0,0,0,0,0,0,0,0,0,0,0,1,0,0,0.068,4.333333333333333,1980,4
19,1,0,0,1,0,0,0.962,0.03,0,0,0,0,0,0,0,0,1,0,1,0,0,0,1,0,0,0,0,0,0,1,0,0,0,0,0,0,1,0,0,0,1.3862943611198906,4.219507705176107,0.0,68.0,53.5,1,0,0,0,0,0,1,0,0,0,0,0,0,0,0,1,0,0,0,0,0,0,0,0,0,0,0,0,0,1,0,0,0.068,4.333333333333333,1980,4
19,1,0,0,1,0,0,0.979,0.028,0,0,0,0,0,0,0,0,1,0,1,0,0,0,1,0,0,0,0,0,0,1,0,0,0,0,0,0,1,0,0,0,1.3862943611198906,4.219507705176107,0.0,68.0,53.5,1,0,0,0,0,0,1,0,0,0,0,0,0,0,0,1,0,0,0,0,0,0,0,0,0,0,0,0,0,1,0,0,0.068,4.333333333333333,1980,4
19,1,0,0,1,0,0,0.955,0.031,0,0,0,0,0,0,0,0,1,0,1,0,0,0,1,0,0,0,0,0,0,1,0,0,0,0,0,0,1,0,0,0,1.3862943611198906,4.219507705176107,0.0,68.0,53.5,1,0,0,0,0,0,1,0,0,0,0,0,0,0,0,1,0,0,0,0,0,0,0,0,0,0,0,0,0,1,0,0,0.068,4.333333333333333,1980,4
19,1,0,0,1,0,0,0.969,0.03,0,0,0,0,0,0,0,0,1,0,1,0,0,0,1,0,0,0,0,0,0,1,0,0,0,0,0,0,1,0,0,0,1.3862943611198906,4.204692619390966,0.0,67.0,53.5,1,0,0,0,0,0,1,0,0,0,0,0,0,0,0,1,0,0,0,0,0,0,0,0,0,0,0,0,0,1,0,0,0.068,4.333333333333333,1980,4
19,1,0,0,1,0,0,0.884,0.051,1,0,0,0,0,0,0,0,0,0,1,0,0,0,1,0,0,0,0,0,0,1,0,0,0,0,0,0,1,0,0,0,1.3862943611198906,4.219507705176107,0.0,68.0,53.5,1,0,0,0,0,0,1,0,0,0,0,0,0,0,0,1,0,0,0,0,0,0,0,0,0,0,0,0,0,1,0,0,0.068,4.333333333333333,1980,4
19,1,0,0,1,0,0,0.9,0.05,1,0,0,0,0,0,0,0,0,0,1,0,0,0,1,0,0,0,0,0,0,1,0,0,0,0,0,0,1,0,0,0,1.3862943611198906,4.219507705176107,0.0,68.0,53.5,1,0,0,0,0,0,1,0,0,0,0,0,0,0,0,1,0,0,0,0,0,0,0,0,0,0,0,0,0,1,0,0,0.068,4.333333333333333,1980,4
19,1,0,0,1,0,0,0.888,0.051,1,0,0,0,0,0,0,0,0,0,1,0,0,0,1,0,0,0,0,0,0,1,0,0,0,0,0,0,1,0,0,0,1.3862943611198906,4.219507705176107,0.0,68.0,53.5,1,0,0,0,0,0,1,0,0,0,0,0,0,0,0,1,0,0,0,0,0,0,0,0,0,0,0,0,0,1,0,0,0.068,4.333333333333333,1980,4
19,1,0,0,1,0,0,0.877,0.053,1,0,0,0,0,0,0,0,0,0,1,0,0,0,1,0,0,0,0,0,0,1,0,0,0,0,0,0,1,0,0,0,1.3862943611198906,4.204692619390966,0.0,67.0,53.5,1,0,0,0,0,0,1,0,0,0,0,0,0,0,0,1,0,0,0,0,0,0,0,0,0,0,0,0,0,1,0,0,0.068,4.333333333333333,1980,4
19,1,0,0,1,0,0,0.854,0.056,0,0,0,1,0,0,0,0,0,0,1,0,0,0,1,0,0,0,0,0,0,1,0,0,0,0,0,0,1,0,0,0,1.3862943611198906,4.174387269895637,0.0,65.0,53.5,1,0,0,0,0,0,1,0,0,0,0,0,0,0,0,1,0,0,0,0,0,0,0,0,0,0,0,0,0,1,0,0,0.068,4.333333333333333,1980,4
19,1,0,0,1,0,0,0.853,0.053,0,0,0,1,0,0,0,0,0,0,1,0,0,0,1,0,0,0,0,0,0,1,0,0,0,0,0,0,1,0,0,0,1.3862943611198906,4.174387269895637,0.0,65.0,53.5,1,0,0,0,0,0,1,0,0,0,0,0,0,0,0,1,0,0,0,0,0,0,0,0,0,0,0,0,0,1,0,0,0.068,4.333333333333333,1980,4
19,1,0,0,1,0,0,0.822,0.059,0,0,0,1,0,0,0,0,0,0,1,0,0,0,1,0,0,0,0,0,0,1,0,0,0,0,0,0,1,0,0,0,1.3862943611198906,4.1588830833596715,0.0,64.0,53.5,1,0,0,0,0,0,1,0,0,0,0,0,0,0,0,1,0,0,0,0,0,0,0,0,0,0,0,0,0,1,0,0,0.068,4.333333333333333,1980,4
19,1,0,0,1,0,0,0.834,0.054,0,0,0,1,0,0,0,0,0,0,1,0,0,0,1,0,0,0,0,0,0,1,0,0,0,0,0,0,1,0,0,0,1.3862943611198906,4.1588830833596715,0.0,64.0,53.5,1,0,0,0,0,0,1,0,0,0,0,0,0,0,0,1,0,0,0,0,0,0,0,0,0,0,0,0,0,1,0,0,0.068,4.333333333333333,1980,4
19,1,0,0,1,0,0,0.869,0.051,0,0,0,0,1,0,0,0,0,0,1,0,0,0,1,0,0,0,0,0,0,1,0,0,0,0,0,0,1,0,0,0,1.3862943611198906,4.174387269895637,0.0,65.0,53.5,1,0,0,0,0,0,1,0,0,0,0,0,0,0,0,1,0,0,0,0,0,0,0,0,0,0,0,0,0,1,0,0,0.068,4.333333333333333,1980,4
19,1,0,0,1,0,0,0.877,0.052,0,0,0,0,1,0,0,0,0,0,1,0,0,0,1,0,0,0,0,0,0,1,0,0,0,0,0,0,1,0,0,0,1.3862943611198906,4.174387269895637,0.0,65.0,53.5,1,0,0,0,0,0,1,0,0,0,0,0,0,0,0,1,0,0,0,0,0,0,0,0,0,0,0,0,0,1,0,0,0.068,4.333333333333333,1980,4
19,1,0,0,1,0,0,0.872,0.053,0,0,0,0,1,0,0,0,0,0,1,0,0,0,1,0,0,0,0,0,0,1,0,0,0,0,0,0,1,0,0,0,1.3862943611198906,4.1588830833596715,0.0,64.0,53.5,1,0,0,0,0,0,1,0,0,0,0,0,0,0,0,1,0,0,0,0,0,0,0,0,0,0,0,0,0,1,0,0,0.068,4.333333333333333,1980,4
19,1,0,0,1,0,0,0.849,0.057,0,0,0,0,1,0,0,0,0,0,1,0,0,0,1,0,0,0,0,0,0,1,0,0,0,0,0,0,1,0,0,0,1.3862943611198906,4.1588830833596715,0.0,64.0,53.5,1,0,0,0,0,0,1,0,0,0,0,0,0,0,0,1,0,0,0,0,0,0,0,0,0,0,0,0,0,1,0,0,0.068,4.333333333333333,1980,4
19,1,0,0,1,0,0,0.981,0.018,0,0,0,0,0,1,0,0,0,0,1,0,0,0,1,0,0,0,0,0,0,1,0,0,0,0,0,0,1,0,0,0,1.3862943611198906,4.174387269895637,0.0,65.0,53.5,1,0,0,0,0,0,1,0,0,0,0,0,0,0,0,1,0,0,0,0,0,0,0,0,0,0,0,0,0,1,0,0,0.068,4.333333333333333,1980,4
19,1,0,0,1,0,0,0.982,0.018,0,0,0,0,0,1,0,0,0,0,1,0,0,0,1,0,0,0,0,0,0,1,0,0,0,0,0,0,1,0,0,0,1.3862943611198906,4.174387269895637,0.0,65.0,53.5,1,0,0,0,0,0,1,0,0,0,0,0,0,0,0,1,0,0,0,0,0,0,0,0,0,0,0,0,0,1,0,0,0.068,4.333333333333333,1980,4
19,1,0,0,1,0,0,0.982,0.02,0,0,0,0,0,1,0,0,0,0,1,0,0,0,1,0,0,0,0,0,0,1,0,0,0,0,0,0,1,0,0,0,1.3862943611198906,4.1588830833596715,0.0,64.0,53.5,1,0,0,0,0,0,1,0,0,0,0,0,0,0,0,1,0,0,0,0,0,0,0,0,0,0,0,0,0,1,0,0,0.068,4.333333333333333,1980,4
19,1,0,0,1,0,0,0.98,0.02,0,0,0,0,0,1,0,0,0,0,1,0,0,0,1,0,0,0,0,0,0,1,0,0,0,0,0,0,1,0,0,0,1.3862943611198906,4.1588830833596715,0.0,64.0,53.5,1,0,0,0,0,0,1,0,0,0,0,0,0,0,0,1,0,0,0,0,0,0,0,0,0,0,0,0,0,1,0,0,0.068,4.333333333333333,1980,4
19,1,0,0,1,0,0,0.958,0.022,0,0,0,0,0,0,1,0,0,0,1,0,0,0,1,0,0,0,0,0,0,1,0,0,0,0,0,0,1,0,0,0,1.3862943611198906,4.174387269895637,0.0,65.0,53.5,1,0,0,0,0,0,1,0,0,0,0,0,0,0,0,1,0,0,0,0,0,0,0,0,0,0,0,0,0,1,0,0,0.068,4.333333333333333,1980,4
19,1,0,0,1,0,0,0.962,0.019,0,0,0,0,0,0,1,0,0,0,1,0,0,0,1,0,0,0,0,0,0,1,0,0,0,0,0,0,1,0,0,0,1.3862943611198906,4.174387269895637,0.0,65.0,53.5,1,0,0,0,0,0,1,0,0,0,0,0,0,0,0,1,0,0,0,0,0,0,0,0,0,0,0,0,0,1,0,0,0.068,4.333333333333333,1980,4
19,1,0,0,1,0,0,0.963,0.02,0,0,0,0,0,0,1,0,0,0,1,0,0,0,1,0,0,0,0,0,0,1,0,0,0,0,0,0,1,0,0,0,1.3862943611198906,4.1588830833596715,0.0,64.0,53.5,1,0,0,0,0,0,1,0,0,0,0,0,0,0,0,1,0,0,0,0,0,0,0,0,0,0,0,0,0,1,0,0,0.068,4.333333333333333,1980,4
19,1,0,0,1,0,0,0.957,0.022,0,0,0,0,0,0,1,0,0,0,1,0,0,0,1,0,0,0,0,0,0,1,0,0,0,0,0,0,1,0,0,0,1.3862943611198906,4.1588830833596715,0.0,64.0,53.5,1,0,0,0,0,0,1,0,0,0,0,0,0,0,0,1,0,0,0,0,0,0,0,0,0,0,0,0,0,1,0,0,0.068,4.333333333333333,1980,4
19,1,0,0,1,0,0,0.874,0.06,0,0,0,1,0,0,0,0,0,0,1,0,0,0,1,0,0,0,0,0,0,1,0,0,0,0,0,0,1,0,0,0,1.3862943611198906,4.174387269895637,0.0,65.0,53.5,1,0,0,0,0,0,0,1,0,0,0,0,0,0,0,1,0,0,0,0,0,0,0,0,0,0,0,0,0,1,0,0,0.068,4.333333333333333,1980,4
19,1,0,0,1,0,0,0.866,0.057,0,0,0,1,0,0,0,0,0,0,1,0,0,0,1,0,0,0,0,0,0,1,0,0,0,0,0,0,1,0,0,0,1.3862943611198906,4.174387269895637,0.0,65.0,53.5,1,0,0,0,0,0,0,1,0,0,0,0,0,0,0,1,0,0,0,0,0,0,0,0,0,0,0,0,0,1,0,0,0.068,4.333333333333333,1980,4
19,1,0,0,1,0,0,0.833,0.062,0,0,0,1,0,0,0,0,0,0,1,0,0,0,1,0,0,0,0,0,0,1,0,0,0,0,0,0,1,0,0,0,1.3862943611198906,4.1588830833596715,0.0,64.0,53.5,1,0,0,0,0,0,0,1,0,0,0,0,0,0,0,1,0,0,0,0,0,0,0,0,0,0,0,0,0,1,0,0,0.068,4.333333333333333,1980,4
19,1,0,0,1,0,0,0.876,0.057,0,0,0,1,0,0,0,0,0,0,1,0,0,0,1,0,0,0,0,0,0,1,0,0,0,0,0,0,1,0,0,0,1.3862943611198906,4.1588830833596715,0.0,64.0,53.5,1,0,0,0,0,0,0,1,0,0,0,0,0,0,0,1,0,0,0,0,0,0,0,0,0,0,0,0,0,1,0,0,0.068,4.333333333333333,1980,4
19,1,0,0,1,0,0,0.866,0.053,0,0,0,0,1,0,0,0,0,0,1,0,0,0,1,0,0,0,0,0,0,1,0,0,0,0,0,0,1,0,0,0,1.3862943611198906,4.174387269895637,0.0,65.0,53.5,1,0,0,0,0,0,0,1,0,0,0,0,0,0,0,1,0,0,0,0,0,0,0,0,0,0,0,0,0,1,0,0,0.068,4.333333333333333,1980,4
19,1,0,0,1,0,0,0.875,0.053,0,0,0,0,1,0,0,0,0,0,1,0,0,0,1,0,0,0,0,0,0,1,0,0,0,0,0,0,1,0,0,0,1.3862943611198906,4.174387269895637,0.0,65.0,53.5,1,0,0,0,0,0,0,1,0,0,0,0,0,0,0,1,0,0,0,0,0,0,0,0,0,0,0,0,0,1,0,0,0.068,4.333333333333333,1980,4
19,1,0,0,1,0,0,0.973,0.055,0,0,0,0,1,0,0,0,0,0,1,0,0,0,1,0,0,0,0,0,0,1,0,0,0,0,0,0,1,0,0,0,1.3862943611198906,4.1588830833596715,0.0,64.0,53.5,1,0,0,0,0,0,0,1,0,0,0,0,0,0,0,1,0,0,0,0,0,0,0,0,0,0,0,0,0,1,0,0,0.068,4.333333333333333,1980,4
19,1,0,0,1,0,0,0.843,0.059,0,0,0,0,1,0,0,0,0,0,1,0,0,0,1,0,0,0,0,0,0,1,0,0,0,0,0,0,1,0,0,0,1.3862943611198906,4.1588830833596715,0.0,64.0,53.5,1,0,0,0,0,0,0,1,0,0,0,0,0,0,0,1,0,0,0,0,0,0,0,0,0,0,0,0,0,1,0,0,0.068,4.333333333333333,1980,4
19,1,0,0,1,0,0,0.979,0.019,0,0,0,0,0,1,0,0,0,0,1,0,0,0,1,0,0,0,0,0,0,1,0,0,0,0,0,0,1,0,0,0,1.3862943611198906,4.174387269895637,0.0,65.0,53.5,1,0,0,0,0,0,0,1,0,0,0,0,0,0,0,1,0,0,0,0,0,0,0,0,0,0,0,0,0,1,0,0,0.068,4.333333333333333,1980,4
19,1,0,0,1,0,0,0.981,0.018,0,0,0,0,0,1,0,0,0,0,1,0,0,0,1,0,0,0,0,0,0,1,0,0,0,0,0,0,1,0,0,0,1.3862943611198906,4.174387269895637,0.0,65.0,53.5,1,0,0,0,0,0,0,1,0,0,0,0,0,0,0,1,0,0,0,0,0,0,0,0,0,0,0,0,0,1,0,0,0.068,4.333333333333333,1980,4
19,1,0,0,1,0,0,0.979,0.02,0,0,0,0,0,1,0,0,0,0,1,0,0,0,1,0,0,0,0,0,0,1,0,0,0,0,0,0,1,0,0,0,1.3862943611198906,4.1588830833596715,0.0,64.0,53.5,1,0,0,0,0,0,0,1,0,0,0,0,0,0,0,1,0,0,0,0,0,0,0,0,0,0,0,0,0,1,0,0,0.068,4.333333333333333,1980,4
19,1,0,0,1,0,0,0.98,0.02,0,0,0,0,0,1,0,0,0,0,1,0,0,0,1,0,0,0,0,0,0,1,0,0,0,0,0,0,1,0,0,0,1.3862943611198906,4.1588830833596715,0.0,64.0,53.5,1,0,0,0,0,0,0,1,0,0,0,0,0,0,0,1,0,0,0,0,0,0,0,0,0,0,0,0,0,1,0,0,0.068,4.333333333333333,1980,4
19,1,0,0,1,0,0,0.954,0.022,0,0,0,0,0,0,1,0,0,0,1,0,0,0,1,0,0,0,0,0,0,1,0,0,0,0,0,0,1,0,0,0,1.3862943611198906,4.174387269895637,0.0,65.0,53.5,1,0,0,0,0,0,0,1,0,0,0,0,0,0,0,1,0,0,0,0,0,0,0,0,0,0,0,0,0,1,0,0,0.068,4.333333333333333,1980,4
19,1,0,0,1,0,0,0.96,0.02,0,0,0,0,0,0,1,0,0,0,1,0,0,0,1,0,0,0,0,0,0,1,0,0,0,0,0,0,1,0,0,0,1.3862943611198906,4.174387269895637,0.0,65.0,53.5,1,0,0,0,0,0,0,1,0,0,0,0,0,0,0,1,0,0,0,0,0,0,0,0,0,0,0,0,0,1,0,0,0.068,4.333333333333333,1980,4
19,1,0,0,1,0,0,0.963,0.021,0,0,0,0,0,0,1,0,0,0,1,0,0,0,1,0,0,0,0,0,0,1,0,0,0,0,0,0,1,0,0,0,1.3862943611198906,4.1588830833596715,0.0,64.0,53.5,1,0,0,0,0,0,0,1,0,0,0,0,0,0,0,1,0,0,0,0,0,0,0,0,0,0,0,0,0,1,0,0,0.068,4.333333333333333,1980,4
19,1,0,0,1,0,0,0.951,0.023,0,0,0,0,0,0,1,0,0,0,1,0,0,0,1,0,0,0,0,0,0,1,0,0,0,0,0,0,1,0,0,0,1.3862943611198906,4.1588830833596715,0.0,64.0,53.5,1,0,0,0,0,0,0,1,0,0,0,0,0,0,0,1,0,0,0,0,0,0,0,0,0,0,0,0,0,1,0,0,0.068,4.333333333333333,1980,4
19,1,0,0,1,0,0,1.015,0.05,0,0,0,1,0,0,0,0,0,0,1,0,0,0,1,0,0,0,0,0,0,1,0,0,0,0,0,0,1,0,0,0,1.3862943611198906,3.871201010907891,0.0,48.0,54.0,1,0,0,0,0,0,1,0,0,0,0,0,0,0,0,1,0,0,0,0,0,0,0,0,0,0,0,0,0,1,0,0,0.068,4.333333333333333,1980,4
19,1,0,0,1,0,0,1.036,0.048,0,0,0,1,0,0,0,0,0,0,1,0,0,0,1,0,0,0,0,0,0,1,0,0,0,0,0,0,1,0,0,0,1.3862943611198906,3.871201010907891,0.0,48.0,54.0,1,0,0,0,0,0,1,0,0,0,0,0,0,0,0,1,0,0,0,0,0,0,0,0,0,0,0,0,0,1,0,0,0.068,4.333333333333333,1980,4
19,1,0,0,1,0,0,1.026,0.049,0,0,0,1,0,0,0,0,0,0,1,0,0,0,1,0,0,0,0,0,0,1,0,0,0,0,0,0,1,0,0,0,1.3862943611198906,3.8918202981106265,0.0,49.0,54.0,1,0,0,0,0,0,1,0,0,0,0,0,0,0,0,1,0,0,0,0,0,0,0,0,0,0,0,0,0,1,0,0,0.068,4.333333333333333,1980,4
19,1,0,0,1,0,0,1.022,0.049,0,0,0,1,0,0,0,0,0,0,1,0,0,0,1,0,0,0,0,0,0,1,0,0,0,0,0,0,1,0,0,0,1.3862943611198906,3.871201010907891,0.0,48.0,54.0,1,0,0,0,0,0,1,0,0,0,0,0,0,0,0,1,0,0,0,0,0,0,0,0,0,0,0,0,0,1,0,0,0.068,4.333333333333333,1980,4
19,1,0,0,1,0,0,0.933,0.046,0,0,0,0,1,0,0,0,0,0,1,0,0,0,1,0,0,0,0,0,0,1,0,0,0,0,0,0,1,0,0,0,1.3862943611198906,3.871201010907891,0.0,48.0,54.0,1,0,0,0,0,0,1,0,0,0,0,0,0,0,0,1,0,0,0,0,0,0,0,0,0,0,0,0,0,1,0,0,0.068,4.333333333333333,1980,4
19,1,0,0,1,0,0,0.921,0.052,0,0,0,0,1,0,0,0,0,0,1,0,0,0,1,0,0,0,0,0,0,1,0,0,0,0,0,0,1,0,0,0,1.3862943611198906,3.871201010907891,0.0,48.0,54.0,1,0,0,0,0,0,1,0,0,0,0,0,0,0,0,1,0,0,0,0,0,0,0,0,0,0,0,0,0,1,0,0,0.068,4.333333333333333,1980,4
19,1,0,0,1,0,0,0.923,0.052,0,0,0,0,1,0,0,0,0,0,1,0,0,0,1,0,0,0,0,0,0,1,0,0,0,0,0,0,1,0,0,0,1.3862943611198906,3.8918202981106265,0.0,49.0,54.0,1,0,0,0,0,0,1,0,0,0,0,0,0,0,0,1,0,0,0,0,0,0,0,0,0,0,0,0,0,1,0,0,0.068,4.333333333333333,1980,4
19,1,0,0,1,0,0,0.929,0.048,0,0,0,0,1,0,0,0,0,0,1,0,0,0,1,0,0,0,0,0,0,1,0,0,0,0,0,0,1,0,0,0,1.3862943611198906,3.871201010907891,0.0,48.0,54.0,1,0,0,0,0,0,1,0,0,0,0,0,0,0,0,1,0,0,0,0,0,0,0,0,0,0,0,0,0,1,0,0,0.068,4.333333333333333,1980,4
19,1,0,0,1,0,0,0.957,0.023,0,0,0,0,0,1,0,0,0,0,1,0,0,0,1,0,0,0,0,0,0,1,0,0,0,0,0,0,1,0,0,0,1.3862943611198906,3.871201010907891,0.0,48.0,54.0,1,0,0,0,0,0,1,0,0,0,0,0,0,0,0,1,0,0,0,0,0,0,0,0,0,0,0,0,0,1,0,0,0.068,4.333333333333333,1980,4
19,1,0,0,1,0,0,0.957,0.023,0,0,0,0,0,1,0,0,0,0,1,0,0,0,1,0,0,0,0,0,0,1,0,0,0,0,0,0,1,0,0,0,1.3862943611198906,3.871201010907891,0.0,48.0,54.0,1,0,0,0,0,0,1,0,0,0,0,0,0,0,0,1,0,0,0,0,0,0,0,0,0,0,0,0,0,1,0,0,0.068,4.333333333333333,1980,4
19,1,0,0,1,0,0,0.956,0.024,0,0,0,0,0,1,0,0,0,0,1,0,0,0,1,0,0,0,0,0,0,1,0,0,0,0,0,0,1,0,0,0,1.3862943611198906,3.8918202981106265,0.0,49.0,54.0,1,0,0,0,0,0,1,0,0,0,0,0,0,0,0,1,0,0,0,0,0,0,0,0,0,0,0,0,0,1,0,0,0.068,4.333333333333333,1980,4
19,1,0,0,1,0,0,0.954,0.024,0,0,0,0,0,1,0,0,0,0,1,0,0,0,1,0,0,0,0,0,0,1,0,0,0,0,0,0,1,0,0,0,1.3862943611198906,3.871201010907891,0.0,48.0,54.0,1,0,0,0,0,0,1,0,0,0,0,0,0,0,0,1,0,0,0,0,0,0,0,0,0,0,0,0,0,1,0,0,0.068,4.333333333333333,1980,4
19,1,0,0,1,0,0,0.942,0.028,0,0,0,0,0,0,1,0,0,0,1,0,0,0,1,0,0,0,0,0,0,1,0,0,0,0,0,0,1,0,0,0,1.3862943611198906,3.871201010907891,0.0,48.0,54.0,1,0,0,0,0,0,1,0,0,0,0,0,0,0,0,1,0,0,0,0,0,0,0,0,0,0,0,0,0,1,0,0,0.068,4.333333333333333,1980,4
19,1,0,0,1,0,0,0.942,0.026,0,0,0,0,0,0,1,0,0,0,1,0,0,0,1,0,0,0,0,0,0,1,0,0,0,0,0,0,1,0,0,0,1.3862943611198906,3.871201010907891,0.0,48.0,54.0,1,0,0,0,0,0,1,0,0,0,0,0,0,0,0,1,0,0,0,0,0,0,0,0,0,0,0,0,0,1,0,0,0.068,4.333333333333333,1980,4
19,1,0,0,1,0,0,0.944,0.026,0,0,0,0,0,0,1,0,0,0,1,0,0,0,1,0,0,0,0,0,0,1,0,0,0,0,0,0,1,0,0,0,1.3862943611198906,3.8918202981106265,0.0,49.0,54.0,1,0,0,0,0,0,1,0,0,0,0,0,0,0,0,1,0,0,0,0,0,0,0,0,0,0,0,0,0,1,0,0,0.068,4.333333333333333,1980,4
19,1,0,0,1,0,0,0.945,0.025,0,0,0,0,0,0,1,0,0,0,1,0,0,0,1,0,0,0,0,0,0,1,0,0,0,0,0,0,1,0,0,0,1.3862943611198906,3.871201010907891,0.0,48.0,54.0,1,0,0,0,0,0,1,0,0,0,0,0,0,0,0,1,0,0,0,0,0,0,0,0,0,0,0,0,0,1,0,0,0.068,4.333333333333333,1980,4
19,1,0,0,1,0,0,0.875,0.053,0,0,0,1,0,0,0,0,0,0,1,0,0,0,1,0,0,0,0,0,0,1,0,0,0,0,0,0,1,0,0,0,1.3862943611198906,4.204692619390966,0.0,67.0,53.5,1,0,0,0,0,0,0,0,0,0,0,0,0,0,1,1,0,0,0,0,0,0,0,0,0,0,0,0,0,1,0,0,0.068,4.333333333333333,1980,4
19,1,0,0,1,0,0,0.896,0.052,0,0,0,1,0,0,0,0,0,0,1,0,0,0,1,0,0,0,0,0,0,1,0,0,0,0,0,0,1,0,0,0,1.3862943611198906,4.204692619390966,0.0,67.0,53.5,1,0,0,0,0,0,0,0,0,0,0,0,0,0,1,1,0,0,0,0,0,0,0,0,0,0,0,0,0,1,0,0,0.068,4.333333333333333,1980,4
19,1,0,0,1,0,0,0.918,0.054,0,0,0,1,0,0,0,0,0,0,1,0,0,0,1,0,0,0,0,0,0,1,0,0,0,0,0,0,1,0,0,0,1.3862943611198906,4.204692619390966,0.0,67.0,53.5,1,0,0,0,0,0,0,0,0,0,0,0,0,0,1,1,0,0,0,0,0,0,0,0,0,0,0,0,0,1,0,0,0.068,4.333333333333333,1980,4
19,1,0,0,1,0,0,0.949,0.049,0,0,0,1,0,0,0,0,0,0,1,0,0,0,1,0,0,0,0,0,0,1,0,0,0,0,0,0,1,0,0,0,1.3862943611198906,4.189654742026425,0.0,66.0,53.5,1,0,0,0,0,0,0,0,0,0,0,0,0,0,1,1,0,0,0,0,0,0,0,0,0,0,0,0,0,1,0,0,0.068,4.333333333333333,1980,4
19,1,0,0,1,0,0,0.868,0.052,0,0,0,0,1,0,0,0,0,0,1,0,0,0,1,0,0,0,0,0,0,1,0,0,0,0,0,0,1,0,0,0,1.3862943611198906,4.204692619390966,0.0,67.0,53.5,1,0,0,0,0,0,0,0,0,0,0,0,0,0,1,1,0,0,0,0,0,0,0,0,0,0,0,0,0,1,0,0,0.068,4.333333333333333,1980,4
19,1,0,0,1,0,0,0.87,0.054,0,0,0,0,1,0,0,0,0,0,1,0,0,0,1,0,0,0,0,0,0,1,0,0,0,0,0,0,1,0,0,0,1.3862943611198906,4.204692619390966,0.0,67.0,53.5,1,0,0,0,0,0,0,0,0,0,0,0,0,0,1,1,0,0,0,0,0,0,0,0,0,0,0,0,0,1,0,0,0.068,4.333333333333333,1980,4
19,1,0,0,1,0,0,0.884,0.052,0,0,0,0,1,0,0,0,0,0,1,0,0,0,1,0,0,0,0,0,0,1,0,0,0,0,0,0,1,0,0,0,1.3862943611198906,4.204692619390966,0.0,67.0,53.5,1,0,0,0,0,0,0,0,0,0,0,0,0,0,1,1,0,0,0,0,0,0,0,0,0,0,0,0,0,1,0,0,0.068,4.333333333333333,1980,4
19,1,0,0,1,0,0,0.876,0.052,0,0,0,0,1,0,0,0,0,0,1,0,0,0,1,0,0,0,0,0,0,1,0,0,0,0,0,0,1,0,0,0,1.3862943611198906,4.189654742026425,0.0,66.0,53.5,1,0,0,0,0,0,0,0,0,0,0,0,0,0,1,1,0,0,0,0,0,0,0,0,0,0,0,0,0,1,0,0,0.068,4.333333333333333,1980,4
19,1,0,0,1,0,0,0.982,0.018,0,0,0,0,0,1,0,0,0,0,1,0,0,0,1,0,0,0,0,0,0,1,0,0,0,0,0,0,1,0,0,0,1.3862943611198906,4.204692619390966,0.0,67.0,53.5,1,0,0,0,0,0,0,0,0,0,0,0,0,0,1,1,0,0,0,0,0,0,0,0,0,0,0,0,0,1,0,0,0.068,4.333333333333333,1980,4
19,1,0,0,1,0,0,0.982,0.018,0,0,0,0,0,1,0,0,0,0,1,0,0,0,1,0,0,0,0,0,0,1,0,0,0,0,0,0,1,0,0,0,1.3862943611198906,4.204692619390966,0.0,67.0,53.5,1,0,0,0,0,0,0,0,0,0,0,0,0,0,1,1,0,0,0,0,0,0,0,0,0,0,0,0,0,1,0,0,0.068,4.333333333333333,1980,4
19,1,0,0,1,0,0,0.977,0.019,0,0,0,0,0,1,0,0,0,0,1,0,0,0,1,0,0,0,0,0,0,1,0,0,0,0,0,0,1,0,0,0,1.3862943611198906,4.204692619390966,0.0,67.0,53.5,1,0,0,0,0,0,0,0,0,0,0,0,0,0,1,1,0,0,0,0,0,0,0,0,0,0,0,0,0,1,0,0,0.068,4.333333333333333,1980,4
19,1,0,0,1,0,0,0.973,0.019,0,0,0,0,0,1,0,0,0,0,1,0,0,0,1,0,0,0,0,0,0,1,0,0,0,0,0,0,1,0,0,0,1.3862943611198906,4.189654742026425,0.0,66.0,53.5,1,0,0,0,0,0,0,0,0,0,0,0,0,0,1,1,0,0,0,0,0,0,0,0,0,0,0,0,0,1,0,0,0.068,4.333333333333333,1980,4
19,1,0,0,1,0,0,0.955,0.021,0,0,0,0,0,0,1,0,0,0,1,0,0,0,1,0,0,0,0,0,0,1,0,0,0,0,0,0,1,0,0,0,1.3862943611198906,4.204692619390966,0.0,67.0,53.5,1,0,0,0,0,0,0,0,0,0,0,0,0,0,1,1,0,0,0,0,0,0,0,0,0,0,0,0,0,1,0,0,0.068,4.333333333333333,1980,4
19,1,0,0,1,0,0,0.958,0.019,0,0,0,0,0,0,1,0,0,0,1,0,0,0,1,0,0,0,0,0,0,1,0,0,0,0,0,0,1,0,0,0,1.3862943611198906,4.204692619390966,0.0,67.0,53.5,1,0,0,0,0,0,0,0,0,0,0,0,0,0,1,1,0,0,0,0,0,0,0,0,0,0,0,0,0,1,0,0,0.068,4.333333333333333,1980,4
19,1,0,0,1,0,0,0.956,0.019,0,0,0,0,0,0,1,0,0,0,1,0,0,0,1,0,0,0,0,0,0,1,0,0,0,0,0,0,1,0,0,0,1.3862943611198906,4.204692619390966,0.0,67.0,53.5,1,0,0,0,0,0,0,0,0,0,0,0,0,0,1,1,0,0,0,0,0,0,0,0,0,0,0,0,0,1,0,0,0.068,4.333333333333333,1980,4
19,1,0,0,1,0,0,0.95,0.021,0,0,0,0,0,0,1,0,0,0,1,0,0,0,1,0,0,0,0,0,0,1,0,0,0,0,0,0,1,0,0,0,1.3862943611198906,4.189654742026425,0.0,66.0,53.5,1,0,0,0,0,0,0,0,0,0,0,0,0,0,1,1,0,0,0,0,0,0,0,0,0,0,0,0,0,1,0,0,0.068,4.333333333333333,1980,4
19,1,0,0,1,0,0,0.968,0.032,0,0,0,0,0,0,0,0,1,0,1,0,0,0,1,0,0,0,0,0,0,1,0,0,0,0,0,0,1,0,0,0,1.3862943611198906,4.204692619390966,0.0,67.0,53.5,1,0,0,0,0,0,0,0,0,0,0,0,0,0,1,1,0,0,0,0,0,0,0,0,0,0,0,0,0,1,0,0,0.068,4.333333333333333,1980,4
19,1,0,0,1,0,0,0.991,0.029,0,0,0,0,0,0,0,0,1,0,1,0,0,0,1,0,0,0,0,0,0,1,0,0,0,0,0,0,1,0,0,0,1.3862943611198906,4.204692619390966,0.0,67.0,53.5,1,0,0,0,0,0,0,0,0,0,0,0,0,0,1,1,0,0,0,0,0,0,0,0,0,0,0,0,0,1,0,0,0.068,4.333333333333333,1980,4
19,1,0,0,1,0,0,0.99,0.03,0,0,0,0,0,0,0,0,1,0,1,0,0,0,1,0,0,0,0,0,0,1,0,0,0,0,0,0,1,0,0,0,1.3862943611198906,4.204692619390966,0.0,67.0,53.5,1,0,0,0,0,0,0,0,0,0,0,0,0,0,1,1,0,0,0,0,0,0,0,0,0,0,0,0,0,1,0,0,0.068,4.333333333333333,1980,4
19,1,0,0,1,0,0,1.002,0.028,0,0,0,0,0,0,0,0,1,0,1,0,0,0,1,0,0,0,0,0,0,1,0,0,0,0,0,0,1,0,0,0,1.3862943611198906,4.189654742026425,0.0,66.0,53.5,1,0,0,0,0,0,0,0,0,0,0,0,0,0,1,1,0,0,0,0,0,0,0,0,0,0,0,0,0,1,0,0,0.068,4.333333333333333,1980,4
19,1,0,0,1,0,0,0.872,0.055,1,0,0,0,0,0,0,0,0,0,1,0,0,0,1,0,0,0,0,0,0,1,0,0,0,0,0,0,1,0,0,0,1.3862943611198906,4.204692619390966,0.0,67.0,53.5,1,0,0,0,0,0,0,0,0,0,0,0,0,0,1,1,0,0,0,0,0,0,0,0,0,0,0,0,0,1,0,0,0.068,4.333333333333333,1980,4
19,1,0,0,1,0,0,0.894,0.055,1,0,0,0,0,0,0,0,0,0,1,0,0,0,1,0,0,0,0,0,0,1,0,0,0,0,0,0,1,0,0,0,1.3862943611198906,4.204692619390966,0.0,67.0,53.5,1,0,0,0,0,0,0,0,0,0,0,0,0,0,1,1,0,0,0,0,0,0,0,0,0,0,0,0,0,1,0,0,0.068,4.333333333333333,1980,4
19,1,0,0,1,0,0,0.93,0.054,1,0,0,0,0,0,0,0,0,0,1,0,0,0,1,0,0,0,0,0,0,1,0,0,0,0,0,0,1,0,0,0,1.3862943611198906,4.204692619390966,0.0,67.0,53.5,1,0,0,0,0,0,0,0,0,0,0,0,0,0,1,1,0,0,0,0,0,0,0,0,0,0,0,0,0,1,0,0,0.068,4.333333333333333,1980,4
19,1,0,0,1,0,0,0.949,0.053,1,0,0,0,0,0,0,0,0,0,1,0,0,0,1,0,0,0,0,0,0,1,0,0,0,0,0,0,1,0,0,0,1.3862943611198906,4.189654742026425,0.0,66.0,53.5,1,0,0,0,0,0,0,0,0,0,0,0,0,0,1,1,0,0,0,0,0,0,0,0,0,0,0,0,0,1,0,0,0.068,4.333333333333333,1980,4
19,1,0,0,1,0,0,0.864,0.053,0,0,0,1,0,0,0,0,0,0,1,0,0,0,1,0,0,0,0,0,0,1,0,0,0,0,0,0,1,0,0,0,1.3862943611198906,4.204692619390966,0.0,67.0,53.5,1,0,0,0,0,1,1,0,0,0,0,0,0,0,0,1,0,0,0,0,0,0,0,0,0,0,0,0,0,1,0,0,0.068,4.333333333333333,1980,4
19,1,0,0,1,0,0,0.88,0.051,0,0,0,1,0,0,0,0,0,0,1,0,0,0,1,0,0,0,0,0,0,1,0,0,0,0,0,0,1,0,0,0,1.3862943611198906,4.204692619390966,0.0,67.0,53.5,1,0,0,0,0,1,1,0,0,0,0,0,0,0,0,1,0,0,0,0,0,0,0,0,0,0,0,0,0,1,0,0,0.068,4.333333333333333,1980,4
19,1,0,0,1,0,0,0.901,0.054,0,0,0,1,0,0,0,0,0,0,1,0,0,0,1,0,0,0,0,0,0,1,0,0,0,0,0,0,1,0,0,0,1.3862943611198906,4.204692619390966,0.0,67.0,53.5,1,0,0,0,0,1,1,0,0,0,0,0,0,0,0,1,0,0,0,0,0,0,0,0,0,0,0,0,0,1,0,0,0.068,4.333333333333333,1980,4
19,1,0,0,1,0,0,0.933,0.047,0,0,0,1,0,0,0,0,0,0,1,0,0,0,1,0,0,0,0,0,0,1,0,0,0,0,0,0,1,0,0,0,1.3862943611198906,4.189654742026425,0.0,66.0,53.5,1,0,0,0,0,1,1,0,0,0,0,0,0,0,0,1,0,0,0,0,0,0,0,0,0,0,0,0,0,1,0,0,0.068,4.333333333333333,1980,4
19,1,0,0,1,0,0,0.856,0.052,0,0,0,0,1,0,0,0,0,0,1,0,0,0,1,0,0,0,0,0,0,1,0,0,0,0,0,0,1,0,0,0,1.3862943611198906,4.204692619390966,0.0,67.0,53.5,1,0,0,0,0,1,1,0,0,0,0,0,0,0,0,1,0,0,0,0,0,0,0,0,0,0,0,0,0,1,0,0,0.068,4.333333333333333,1980,4
19,1,0,0,1,0,0,0.858,0.054,0,0,0,0,1,0,0,0,0,0,1,0,0,0,1,0,0,0,0,0,0,1,0,0,0,0,0,0,1,0,0,0,1.3862943611198906,4.204692619390966,0.0,67.0,53.5,1,0,0,0,0,1,1,0,0,0,0,0,0,0,0,1,0,0,0,0,0,0,0,0,0,0,0,0,0,1,0,0,0.068,4.333333333333333,1980,4
19,1,0,0,1,0,0,0.871,0.052,0,0,0,0,1,0,0,0,0,0,1,0,0,0,1,0,0,0,0,0,0,1,0,0,0,0,0,0,1,0,0,0,1.3862943611198906,4.204692619390966,0.0,67.0,53.5,1,0,0,0,0,1,1,0,0,0,0,0,0,0,0,1,0,0,0,0,0,0,0,0,0,0,0,0,0,1,0,0,0.068,4.333333333333333,1980,4
19,1,0,0,1,0,0,0.872,0.054,0,0,0,0,1,0,0,0,0,0,1,0,0,0,1,0,0,0,0,0,0,1,0,0,0,0,0,0,1,0,0,0,1.3862943611198906,4.189654742026425,0.0,66.0,53.5,1,0,0,0,0,1,1,0,0,0,0,0,0,0,0,1,0,0,0,0,0,0,0,0,0,0,0,0,0,1,0,0,0.068,4.333333333333333,1980,4
19,1,0,0,1,0,0,0.981,0.017,0,0,0,0,0,1,0,0,0,0,1,0,0,0,1,0,0,0,0,0,0,1,0,0,0,0,0,0,1,0,0,0,1.3862943611198906,4.204692619390966,0.0,67.0,53.5,1,0,0,0,0,1,1,0,0,0,0,0,0,0,0,1,0,0,0,0,0,0,0,0,0,0,0,0,0,1,0,0,0.068,4.333333333333333,1980,4
19,1,0,0,1,0,0,0.981,0.016,0,0,0,0,0,1,0,0,0,0,1,0,0,0,1,0,0,0,0,0,0,1,0,0,0,0,0,0,1,0,0,0,1.3862943611198906,4.204692619390966,0.0,67.0,53.5,1,0,0,0,0,1,1,0,0,0,0,0,0,0,0,1,0,0,0,0,0,0,0,0,0,0,0,0,0,1,0,0,0.068,4.333333333333333,1980,4
19,1,0,0,1,0,0,0.976,0.019,0,0,0,0,0,1,0,0,0,0,1,0,0,0,1,0,0,0,0,0,0,1,0,0,0,0,0,0,1,0,0,0,1.3862943611198906,4.204692619390966,0.0,67.0,53.5,1,0,0,0,0,1,1,0,0,0,0,0,0,0,0,1,0,0,0,0,0,0,0,0,0,0,0,0,0,1,0,0,0.068,4.333333333333333,1980,4
19,1,0,0,1,0,0,0.973,0.019,0,0,0,0,0,1,0,0,0,0,1,0,0,0,1,0,0,0,0,0,0,1,0,0,0,0,0,0,1,0,0,0,1.3862943611198906,4.189654742026425,0.0,66.0,53.5,1,0,0,0,0,1,1,0,0,0,0,0,0,0,0,1,0,0,0,0,0,0,0,0,0,0,0,0,0,1,0,0,0.068,4.333333333333333,1980,4
19,1,0,0,1,0,0,0.956,0.021,0,0,0,0,0,0,1,0,0,0,1,0,0,0,1,0,0,0,0,0,0,1,0,0,0,0,0,0,1,0,0,0,1.3862943611198906,4.204692619390966,0.0,67.0,53.5,1,0,0,0,0,1,1,0,0,0,0,0,0,0,0,1,0,0,0,0,0,0,0,0,0,0,0,0,0,1,0,0,0.068,4.333333333333333,1980,4
19,1,0,0,1,0,0,0.963,0.018,0,0,0,0,0,0,1,0,0,0,1,0,0,0,1,0,0,0,0,0,0,1,0,0,0,0,0,0,1,0,0,0,1.3862943611198906,4.204692619390966,0.0,67.0,53.5,1,0,0,0,0,1,1,0,0,0,0,0,0,0,0,1,0,0,0,0,0,0,0,0,0,0,0,0,0,1,0,0,0.068,4.333333333333333,1980,4
19,1,0,0,1,0,0,0.959,0.019,0,0,0,0,0,0,1,0,0,0,1,0,0,0,1,0,0,0,0,0,0,1,0,0,0,0,0,0,1,0,0,0,1.3862943611198906,4.204692619390966,0.0,67.0,53.5,1,0,0,0,0,1,1,0,0,0,0,0,0,0,0,1,0,0,0,0,0,0,0,0,0,0,0,0,0,1,0,0,0.068,4.333333333333333,1980,4
19,1,0,0,1,0,0,0.953,0.021,0,0,0,0,0,0,1,0,0,0,1,0,0,0,1,0,0,0,0,0,0,1,0,0,0,0,0,0,1,0,0,0,1.3862943611198906,4.189654742026425,0.0,66.0,53.5,1,0,0,0,0,1,1,0,0,0,0,0,0,0,0,1,0,0,0,0,0,0,0,0,0,0,0,0,0,1,0,0,0.068,4.333333333333333,1980,4
19,1,0,0,1,0,0,0.965,0.032,0,0,0,0,0,0,0,0,1,0,1,0,0,0,1,0,0,0,0,0,0,1,0,0,0,0,0,0,1,0,0,0,1.3862943611198906,4.204692619390966,0.0,67.0,53.5,1,0,0,0,0,1,1,0,0,0,0,0,0,0,0,1,0,0,0,0,0,0,0,0,0,0,0,0,0,1,0,0,0.068,4.333333333333333,1980,4
19,1,0,0,1,0,0,0.984,0.029,0,0,0,0,0,0,0,0,1,0,1,0,0,0,1,0,0,0,0,0,0,1,0,0,0,0,0,0,1,0,0,0,1.3862943611198906,4.204692619390966,0.0,67.0,53.5,1,0,0,0,0,1,1,0,0,0,0,0,0,0,0,1,0,0,0,0,0,0,0,0,0,0,0,0,0,1,0,0,0.068,4.333333333333333,1980,4
19,1,0,0,1,0,0,0.988,0.03,0,0,0,0,0,0,0,0,1,0,1,0,0,0,1,0,0,0,0,0,0,1,0,0,0,0,0,0,1,0,0,0,1.3862943611198906,4.204692619390966,0.0,67.0,53.5,1,0,0,0,0,1,1,0,0,0,0,0,0,0,0,1,0,0,0,0,0,0,0,0,0,0,0,0,0,1,0,0,0.068,4.333333333333333,1980,4
19,1,0,0,1,0,0,0.998,0.029,0,0,0,0,0,0,0,0,1,0,1,0,0,0,1,0,0,0,0,0,0,1,0,0,0,0,0,0,1,0,0,0,1.3862943611198906,4.189654742026425,0.0,66.0,53.5,1,0,0,0,0,1,1,0,0,0,0,0,0,0,0,1,0,0,0,0,0,0,0,0,0,0,0,0,0,1,0,0,0.068,4.333333333333333,1980,4
19,1,0,0,1,0,0,0.863,0.056,1,0,0,0,0,0,0,0,0,0,1,0,0,0,1,0,0,0,0,0,0,1,0,0,0,0,0,0,1,0,0,0,1.3862943611198906,4.204692619390966,0.0,67.0,53.5,1,0,0,0,0,1,1,0,0,0,0,0,0,0,0,1,0,0,0,0,0,0,0,0,0,0,0,0,0,1,0,0,0.068,4.333333333333333,1980,4
19,1,0,0,1,0,0,0.88,0.055,1,0,0,0,0,0,0,0,0,0,1,0,0,0,1,0,0,0,0,0,0,1,0,0,0,0,0,0,1,0,0,0,1.3862943611198906,4.204692619390966,0.0,67.0,53.5,1,0,0,0,0,1,1,0,0,0,0,0,0,0,0,1,0,0,0,0,0,0,0,0,0,0,0,0,0,1,0,0,0.068,4.333333333333333,1980,4
19,1,0,0,1,0,0,0.918,0.055,1,0,0,0,0,0,0,0,0,0,1,0,0,0,1,0,0,0,0,0,0,1,0,0,0,0,0,0,1,0,0,0,1.3862943611198906,4.204692619390966,0.0,67.0,53.5,1,0,0,0,0,1,1,0,0,0,0,0,0,0,0,1,0,0,0,0,0,0,0,0,0,0,0,0,0,1,0,0,0.068,4.333333333333333,1980,4
19,1,0,0,1,0,0,0.939,0.053,1,0,0,0,0,0,0,0,0,0,1,0,0,0,1,0,0,0,0,0,0,1,0,0,0,0,0,0,1,0,0,0,1.3862943611198906,4.189654742026425,0.0,66.0,53.5,1,0,0,0,0,1,1,0,0,0,0,0,0,0,0,1,0,0,0,0,0,0,0,0,0,0,0,0,0,1,0,0,0.068,4.333333333333333,1980,4
19,1,0,0,1,0,0,0.984,0.053,0,0,0,1,0,0,0,0,0,0,1,0,0,0,1,0,0,0,0,0,0,1,0,0,0,0,0,0,1,0,0,0,1.3862943611198906,3.871201010907891,0.0,48.0,54.0,1,0,0,0,0,1,1,0,0,0,0,0,0,0,0,1,0,0,0,0,0,0,0,0,0,0,0,0,0,1,0,0,0.068,4.333333333333333,1980,4
19,1,0,0,1,0,0,1.011,0.053,0,0,0,1,0,0,0,0,0,0,1,0,0,0,1,0,0,0,0,0,0,1,0,0,0,0,0,0,1,0,0,0,1.3862943611198906,3.871201010907891,0.0,48.0,54.0,1,0,0,0,0,1,1,0,0,0,0,0,0,0,0,1,0,0,0,0,0,0,0,0,0,0,0,0,0,1,0,0,0.068,4.333333333333333,1980,4
19,1,0,0,1,0,0,0.996,0.052,0,0,0,1,0,0,0,0,0,0,1,0,0,0,1,0,0,0,0,0,0,1,0,0,0,0,0,0,1,0,0,0,1.3862943611198906,3.8918202981106265,0.0,49.0,54.0,1,0,0,0,0,1,1,0,0,0,0,0,0,0,0,1,0,0,0,0,0,0,0,0,0,0,0,0,0,1,0,0,0.068,4.333333333333333,1980,4
19,1,0,0,1,0,0,0.974,0.051,0,0,0,1,0,0,0,0,0,0,1,0,0,0,1,0,0,0,0,0,0,1,0,0,0,0,0,0,1,0,0,0,1.3862943611198906,3.871201010907891,0.0,48.0,54.0,1,0,0,0,0,1,1,0,0,0,0,0,0,0,0,1,0,0,0,0,0,0,0,0,0,0,0,0,0,1,0,0,0.068,4.333333333333333,1980,4
19,1,0,0,1,0,0,0.925,0.046,0,0,0,0,1,0,0,0,0,0,1,0,0,0,1,0,0,0,0,0,0,1,0,0,0,0,0,0,1,0,0,0,1.3862943611198906,3.871201010907891,0.0,48.0,54.0,1,0,0,0,0,1,1,0,0,0,0,0,0,0,0,1,0,0,0,0,0,0,0,0,0,0,0,0,0,1,0,0,0.068,4.333333333333333,1980,4
19,1,0,0,1,0,0,0.916,0.053,0,0,0,0,1,0,0,0,0,0,1,0,0,0,1,0,0,0,0,0,0,1,0,0,0,0,0,0,1,0,0,0,1.3862943611198906,3.871201010907891,0.0,48.0,54.0,1,0,0,0,0,1,1,0,0,0,0,0,0,0,0,1,0,0,0,0,0,0,0,0,0,0,0,0,0,1,0,0,0.068,4.333333333333333,1980,4
19,1,0,0,1,0,0,0.916,0.053,0,0,0,0,1,0,0,0,0,0,1,0,0,0,1,0,0,0,0,0,0,1,0,0,0,0,0,0,1,0,0,0,1.3862943611198906,3.8918202981106265,0.0,49.0,54.0,1,0,0,0,0,1,1,0,0,0,0,0,0,0,0,1,0,0,0,0,0,0,0,0,0,0,0,0,0,1,0,0,0.068,4.333333333333333,1980,4
19,1,0,0,1,0,0,0.923,0.048,0,0,0,0,1,0,0,0,0,0,1,0,0,0,1,0,0,0,0,0,0,1,0,0,0,0,0,0,1,0,0,0,1.3862943611198906,3.871201010907891,0.0,48.0,54.0,1,0,0,0,0,1,1,0,0,0,0,0,0,0,0,1,0,0,0,0,0,0,0,0,0,0,0,0,0,1,0,0,0.068,4.333333333333333,1980,4
19,1,0,0,1,0,0,0.964,0.021,0,0,0,0,0,1,0,0,0,0,1,0,0,0,1,0,0,0,0,0,0,1,0,0,0,0,0,0,1,0,0,0,1.3862943611198906,3.871201010907891,0.0,48.0,54.0,1,0,0,0,0,1,1,0,0,0,0,0,0,0,0,1,0,0,0,0,0,0,0,0,0,0,0,0,0,1,0,0,0.068,4.333333333333333,1980,4
19,1,0,0,1,0,0,0.964,0.022,0,0,0,0,0,1,0,0,0,0,1,0,0,0,1,0,0,0,0,0,0,1,0,0,0,0,0,0,1,0,0,0,1.3862943611198906,3.871201010907891,0.0,48.0,54.0,1,0,0,0,0,1,1,0,0,0,0,0,0,0,0,1,0,0,0,0,0,0,0,0,0,0,0,0,0,1,0,0,0.068,4.333333333333333,1980,4
19,1,0,0,1,0,0,0.957,0.025,0,0,0,0,0,1,0,0,0,0,1,0,0,0,1,0,0,0,0,0,0,1,0,0,0,0,0,0,1,0,0,0,1.3862943611198906,3.8918202981106265,0.0,49.0,54.0,1,0,0,0,0,1,1,0,0,0,0,0,0,0,0,1,0,0,0,0,0,0,0,0,0,0,0,0,0,1,0,0,0.068,4.333333333333333,1980,4
19,1,0,0,1,0,0,0.96,0.023,0,0,0,0,0,1,0,0,0,0,1,0,0,0,1,0,0,0,0,0,0,1,0,0,0,0,0,0,1,0,0,0,1.3862943611198906,3.871201010907891,0.0,48.0,54.0,1,0,0,0,0,1,1,0,0,0,0,0,0,0,0,1,0,0,0,0,0,0,0,0,0,0,0,0,0,1,0,0,0.068,4.333333333333333,1980,4
19,1,0,0,1,0,0,0.944,0.028,0,0,0,0,0,0,1,0,0,0,1,0,0,0,1,0,0,0,0,0,0,1,0,0,0,0,0,0,1,0,0,0,1.3862943611198906,3.871201010907891,0.0,48.0,54.0,1,0,0,0,0,1,1,0,0,0,0,0,0,0,0,1,0,0,0,0,0,0,0,0,0,0,0,0,0,1,0,0,0.068,4.333333333333333,1980,4
19,1,0,0,1,0,0,0.949,0.025,0,0,0,0,0,0,1,0,0,0,1,0,0,0,1,0,0,0,0,0,0,1,0,0,0,0,0,0,1,0,0,0,1.3862943611198906,3.871201010907891,0.0,48.0,54.0,1,0,0,0,0,1,1,0,0,0,0,0,0,0,0,1,0,0,0,0,0,0,0,0,0,0,0,0,0,1,0,0,0.068,4.333333333333333,1980,4
19,1,0,0,1,0,0,0.949,0.026,0,0,0,0,0,0,1,0,0,0,1,0,0,0,1,0,0,0,0,0,0,1,0,0,0,0,0,0,1,0,0,0,1.3862943611198906,3.8918202981106265,0.0,49.0,54.0,1,0,0,0,0,1,1,0,0,0,0,0,0,0,0,1,0,0,0,0,0,0,0,0,0,0,0,0,0,1,0,0,0.068,4.333333333333333,1980,4
19,1,0,0,1,0,0,0.952,0.023,0,0,0,0,0,0,1,0,0,0,1,0,0,0,1,0,0,0,0,0,0,1,0,0,0,0,0,0,1,0,0,0,1.3862943611198906,3.871201010907891,0.0,48.0,54.0,1,0,0,0,0,1,1,0,0,0,0,0,0,0,0,1,0,0,0,0,0,0,0,0,0,0,0,0,0,1,0,0,0.068,4.333333333333333,1980,4
69,1,0,0,1,0,0,0.915,0.036,0,1,0,0,0,0,0,0,0,0,0,1,0,0,1,0,0,0,0,0,0,0,1,0,0,0,0,0,0,0,1,0,0.0,4.110873864173311,0.0,48.0,80.5,0,0,0,0,0,0,1,0,0,0,0,0,0,0,0,1,0,0,0,0,0,0,0,0,0,0,0,0,0,0,0,1,0.058,1.2,2014,38
69,1,0,0,1,0,0,0.977,0.021,0,1,0,0,0,0,0,0,0,0,0,1,0,0,1,0,0,0,0,0,0,0,1,0,0,0,0,0,0,0,1,0,0.0,4.110873864173311,0.0,48.0,80.5,0,0,0,0,0,0,1,0,0,0,0,0,0,0,0,1,0,0,0,0,0,0,0,0,0,0,0,0,0,0,0,1,0.058,1.2,2014,38
69,1,0,0,1,0,0,1.012,0.037,0,1,0,0,0,0,0,0,0,0,0,1,0,0,1,0,0,0,0,0,0,0,1,0,0,0,0,0,0,0,1,0,0.0,4.110873864173311,0.0,48.0,80.5,0,0,0,0,0,0,1,0,0,0,0,0,0,0,0,1,0,0,0,0,0,0,0,0,0,0,0,0,0,0,0,1,0.058,1.2,2014,38
69,1,0,0,1,0,0,1.032,0.021,0,1,0,0,0,0,0,0,0,0,0,1,0,0,1,0,0,0,0,0,0,0,1,0,0,0,0,0,0,0,1,0,0.0,4.110873864173311,0.0,48.0,80.5,0,0,0,0,0,0,1,0,0,0,0,0,0,0,0,1,0,0,0,0,0,0,0,0,0,0,0,0,0,0,0,1,0.058,1.2,2014,38
69,1,0,0,1,0,0,0.995,0.016,0,1,0,0,0,0,0,0,0,0,0,1,0,0,1,0,0,0,0,0,0,0,1,0,0,0,0,0,0,0,1,0,0.0,4.110873864173311,0.0,48.0,80.5,0,0,0,0,0,0,1,0,0,0,0,0,0,0,0,1,0,0,0,0,0,0,0,0,0,0,0,0,0,0,0,1,0.058,1.2,2014,38
69,1,0,0,1,0,0,1.027,0.02,0,1,0,0,0,0,0,0,0,0,1,0,0,0,1,0,0,0,0,0,0,0,1,0,0,0,0,0,0,0,1,0,0.0,4.110873864173311,0.0,48.0,80.5,0,0,0,0,0,0,1,0,0,0,0,0,0,0,0,1,0,0,0,0,0,0,0,0,0,0,0,0,0,0,0,1,0.058,1.2,2014,38
102,0,1,0,0,1,0,-0.814,1.009,1,0,0,0,0,0,0,0,0,0,0,0,1,0,1,0,0,0,0,0,0,1,0,0,0,0,0,0,0,1,0,0,0.0,5.802118375377063,0.0,331.0,80.0,0,0,0,0,0,0,1,0,0,0,0,0,0,0,0,1,0,0,0,0,0,0,0,0,0,0,0,0,0,0,0,1,0.058,0.0,2018,42
102,0,1,0,0,1,0,-0.293,0.951,1,0,0,0,0,0,0,0,0,0,0,0,1,0,1,0,0,0,0,0,0,1,0,0,0,0,0,0,0,1,0,0,0.0,5.802118375377063,0.0,331.0,80.0,0,0,0,0,0,0,1,0,0,0,0,0,0,0,0,1,0,0,0,0,0,0,0,0,0,0,0,0,0,0,0,1,0.058,0.0,2018,42
102,0,1,0,0,1,0,-1.253,0.96,0,0,0,0,0,0,0,0,1,0,1,0,0,0,1,0,0,0,0,0,0,1,0,0,0,0,0,0,0,1,0,0,0.0,5.802118375377063,0.0,331.0,80.0,0,0,0,0,0,0,1,0,0,0,0,0,0,0,0,1,0,0,0,0,0,0,0,0,0,0,0,0,0,0,0,1,0.058,0.0,2018,42
102,0,1,0,0,1,0,-2.922,1.95,0,0,0,0,0,0,0,0,0,1,1,0,0,0,1,0,0,0,0,0,0,1,0,0,0,0,0,0,0,1,0,0,0.0,5.3471075307174685,0.0,210.0,85.5,0,0,0,0,0,0,1,0,0,0,0,0,0,0,0,1,0,0,0,0,0,0,0,0,0,0,0,0,0,0,0,1,0.058,0.0,2018,42
102,0,1,0,0,1,0,0.073,0.891,0,0,0,0,0,1,0,0,0,0,1,0,0,0,1,0,0,0,0,0,0,1,0,0,0,0,0,0,0,1,0,0,0.0,5.802118375377063,0.0,331.0,80.0,0,0,0,0,0,0,1,0,0,0,0,0,0,0,0,1,0,0,0,0,0,0,0,0,0,0,0,0,0,0,0,1,0.058,0.0,2018,42
102,0,1,0,0,1,0,-1.081,0.884,0,0,0,0,0,0,0,1,0,0,0,1,0,0,1,0,0,0,0,0,0,1,0,0,0,0,0,0,0,1,0,0,0.0,5.802118375377063,0.0,331.0,80.0,0,0,0,0,0,0,1,0,0,0,0,0,0,0,0,1,0,0,0,0,0,0,0,0,0,0,0,0,0,0,0,1,0.058,0.0,2018,42
133,0,1,0,0,1,0,-1.13,0.726793922875314,0,0,0,0,0,0,0,0,1,0,1,0,0,0,1,0,0,0,0,0,0,0,1,0,0,0,0,0,0,0,1,0,0.0,4.812184355372417,0.0,123.0,67.5,0,0,0,0,0,0,1,0,0,0,0,0,0,0,0,1,0,0,0,0,0,0,0,0,0,0,0,0,0,0,0,1,0.053,0.6,2009,33
133,0,1,0,0,1,0,-1.93,0.7492732524398663,0,0,0,0,0,0,0,1,0,0,0,1,0,0,1,0,0,0,0,0,0,0,1,0,0,0,0,0,0,0,1,0,0.0,4.812184355372417,0.0,123.0,67.5,0,0,0,0,0,0,1,0,0,0,0,0,0,0,0,1,0,0,0,0,0,0,0,0,0,0,0,0,0,0,0,1,0.053,0.6,2009,33
133,0,1,0,0,1,0,-0.55,0.7612677468394802,0,0,0,0,0,0,0,0,0,1,1,0,0,0,1,0,0,0,0,0,0,0,1,0,0,0,0,0,0,0,1,0,0.0,4.812184355372417,0.0,123.0,67.5,0,0,0,0,0,0,1,0,0,0,0,0,0,0,0,1,0,0,0,0,0,0,0,0,0,0,0,0,0,0,0,1,0.053,0.6,2009,33
133,0,1,0,0,1,0,-1.42,0.7245031088330086,0,0,0,0,0,1,0,0,0,0,1,0,0,0,1,0,0,0,0,0,0,0,1,0,0,0,0,0,0,0,1,0,0.0,4.812184355372417,0.0,123.0,67.5,0,0,0,0,0,0,1,0,0,0,0,0,0,0,0,1,0,0,0,0,0,0,0,0,0,0,0,0,0,0,0,1,0.053,0.6,2009,33
83,0,1,0,0,1,0,-11.1452,7.5305405405405414,1,0,0,0,0,0,0,0,0,0,0,0,1,0,1,0,0,0,0,0,1,0,0,0,0,0,0,1,0,0,0,0,1.9459101490553132,4.189654742026425,0.0,66.0,72.0,0,0,0,0,0,0,1,0,0,0,0,0,0,0,0,1,0,0,0,0,0,0,0,0,0,0,0,0,1,0,0,0,0.051,0.5454545454545454,2008,32
83,0,1,0,0,1,0,-6.9243,5.326384615384615,1,0,0,0,0,0,0,0,0,0,0,0,1,0,1,0,0,0,0,0,1,0,0,0,0,0,0,1,0,0,0,0,1.9459101490553132,4.189654742026425,0.0,66.0,72.0,0,0,0,0,0,0,1,0,0,0,0,0,0,0,0,1,0,0,0,0,0,0,0,0,0,0,0,0,1,0,0,0,0.051,0.5454545454545454,2008,32
83,0,1,0,0,1,0,-8.8905,4.831793478260869,1,0,0,0,0,0,0,0,0,0,0,0,1,0,1,0,0,0,0,0,1,0,0,0,0,0,0,1,0,0,0,0,1.9459101490553132,4.189654742026425,0.0,66.0,72.0,0,0,0,0,0,0,1,0,0,0,0,0,0,0,0,1,0,0,0,0,0,0,0,0,0,0,0,0,1,0,0,0,0.051,0.5454545454545454,2008,32
83,0,1,0,0,1,0,-7.729,5.152666666666667,1,0,0,0,0,0,0,0,0,0,0,0,1,0,1,0,0,0,0,0,1,0,0,0,0,0,0,1,0,0,0,0,1.9459101490553132,4.189654742026425,0.0,66.0,72.0,0,0,0,0,0,0,1,0,0,0,0,0,0,0,0,1,0,0,0,0,0,0,0,0,0,0,0,0,1,0,0,0,0.051,0.5454545454545454,2008,32
83,0,1,0,0,1,0,-9.4111,5.377771428571428,1,0,0,0,0,0,0,0,0,0,0,0,1,0,1,0,0,0,0,0,1,0,0,0,0,0,0,1,0,0,0,0,1.9459101490553132,4.189654742026425,0.0,66.0,72.0,0,0,0,0,0,0,1,0,0,0,0,0,0,0,0,1,0,0,0,0,0,0,0,0,0,0,0,0,1,0,0,0,0.051,0.5454545454545454,2008,32
83,0,1,0,0,1,0,-3.3992,1.3542629482071715,1,0,0,0,0,0,0,0,0,0,0,0,1,0,1,0,0,0,0,0,1,0,0,0,0,0,0,1,0,0,0,0,1.9459101490553132,6.29156913955832,0.0,540.0,78.0,0,0,0,0,0,0,1,0,0,0,0,0,0,0,0,1,0,0,0,0,0,0,0,0,0,0,0,0,1,0,0,0,0.051,0.5454545454545454,2008,32
83,0,1,0,0,1,0,-3.1414,1.236771653543307,1,0,0,0,0,0,0,0,0,0,0,0,1,0,1,0,0,0,0,0,1,0,0,0,0,0,0,1,0,0,0,0,1.9459101490553132,6.29156913955832,0.0,540.0,78.0,0,0,0,0,0,0,1,0,0,0,0,0,0,0,0,1,0,0,0,0,0,0,0,0,0,0,0,0,1,0,0,0,0.051,0.5454545454545454,2008,32
83,0,1,0,0,1,0,-3.8811,1.2320952380952381,1,0,0,0,0,0,0,0,0,0,0,0,1,0,1,0,0,0,0,0,1,0,0,0,0,0,0,1,0,0,0,0,1.9459101490553132,6.29156913955832,0.0,540.0,78.0,0,0,0,0,0,0,1,0,0,0,0,0,0,0,0,1,0,0,0,0,0,0,0,0,0,0,0,0,1,0,0,0,0.051,0.5454545454545454,2008,32
83,0,1,0,0,1,0,-0.4778,0.5688095238095239,1,0,0,0,0,0,0,0,0,0,0,0,1,0,1,0,0,0,0,0,1,0,0,0,0,0,0,1,0,0,0,0,1.9459101490553132,6.29156913955832,0.0,540.0,78.0,0,0,0,0,0,0,1,0,0,0,0,0,0,0,0,1,0,0,0,0,0,0,0,0,0,0,0,0,1,0,0,0,0.051,0.5454545454545454,2008,32
83,0,1,0,0,1,0,-3.7508,1.5826160337552742,1,0,0,0,0,0,0,0,0,0,0,0,1,0,1,0,0,0,0,0,1,0,0,0,0,0,0,1,0,0,0,0,1.9459101490553132,6.29156913955832,0.0,540.0,78.0,0,0,0,0,0,0,1,0,0,0,0,0,0,0,0,1,0,0,0,0,0,0,0,0,0,0,0,0,1,0,0,0,0.051,0.5454545454545454,2008,32
83,0,1,0,0,1,0,15.9279,15.31528846153846,1,0,0,0,0,0,0,0,0,0,0,0,1,0,1,0,0,0,0,0,1,0,0,0,0,0,0,1,0,0,0,0,1.9459101490553132,5.198497031265826,0.0,181.0,84.5,0,0,0,0,0,0,1,0,0,0,0,0,0,0,0,1,0,0,0,0,0,0,0,0,0,0,0,0,1,0,0,0,0.051,0.5454545454545454,2008,32
83,0,1,0,0,1,0,15.8935,8.54489247311828,1,0,0,0,0,0,0,0,0,0,0,0,1,0,1,0,0,0,0,0,1,0,0,0,0,0,0,1,0,0,0,0,1.9459101490553132,5.198497031265826,0.0,181.0,84.5,0,0,0,0,0,0,1,0,0,0,0,0,0,0,0,1,0,0,0,0,0,0,0,0,0,0,0,0,1,0,0,0,0.051,0.5454545454545454,2008,32
83,0,1,0,0,1,0,8.4489,8.123942307692307,1,0,0,0,0,0,0,0,0,0,0,0,1,0,1,0,0,0,0,0,1,0,0,0,0,0,0,1,0,0,0,0,1.9459101490553132,5.198497031265826,0.0,181.0,84.5,0,0,0,0,0,0,1,0,0,0,0,0,0,0,0,1,0,0,0,0,0,0,0,0,0,0,0,0,1,0,0,0,0.051,0.5454545454545454,2008,32
83,0,1,0,0,1,0,11.3066,8.134244604316548,1,0,0,0,0,0,0,0,0,0,0,0,1,0,1,0,0,0,0,0,1,0,0,0,0,0,0,1,0,0,0,0,1.9459101490553132,5.198497031265826,0.0,181.0,84.5,0,0,0,0,0,0,1,0,0,0,0,0,0,0,0,1,0,0,0,0,0,0,0,0,0,0,0,0,1,0,0,0,0.051,0.5454545454545454,2008,32
83,0,1,0,0,1,0,16.9114,15.805046728971963,1,0,0,0,0,0,0,0,0,0,0,0,1,0,1,0,0,0,0,0,1,0,0,0,0,0,0,1,0,0,0,0,1.9459101490553132,5.198497031265826,0.0,181.0,84.5,0,0,0,0,0,0,1,0,0,0,0,0,0,0,0,1,0,0,0,0,0,0,0,0,0,0,0,0,1,0,0,0,0.051,0.5454545454545454,2008,32
83,0,1,0,0,1,0,-0.3273,1.9252941176470586,0,0,0,0,0,0,0,0,0,1,1,0,0,0,1,0,0,0,0,0,1,0,0,0,0,0,0,1,0,0,0,0,1.9459101490553132,5.823045895483019,0.0,338.0,80.0,0,0,0,0,0,0,1,0,0,0,0,0,0,0,0,1,0,0,0,0,0,0,0,0,0,0,0,0,1,0,0,0,0.051,0.5454545454545454,2008,32
83,0,1,0,0,1,0,-6.389,2.074350649350649,0,0,0,0,0,0,0,0,0,1,1,0,0,0,1,0,0,0,0,0,1,0,0,0,0,0,0,1,0,0,0,0,1.9459101490553132,5.823045895483019,0.0,338.0,80.0,0,0,0,0,0,0,1,0,0,0,0,0,0,0,0,1,0,0,0,0,0,0,0,0,0,0,0,0,1,0,0,0,0.051,0.5454545454545454,2008,32
83,0,1,0,0,1,0,-6.4852,2.1545514950166114,0,0,0,0,0,0,0,0,0,1,1,0,0,0,1,0,0,0,0,0,1,0,0,0,0,0,0,1,0,0,0,0,1.9459101490553132,5.823045895483019,0.0,338.0,80.0,0,0,0,0,0,0,1,0,0,0,0,0,0,0,0,1,0,0,0,0,0,0,0,0,0,0,0,0,1,0,0,0,0.051,0.5454545454545454,2008,32
83,0,1,0,0,1,0,-0.7367,1.5034693877551022,0,0,0,0,0,0,0,0,0,1,1,0,0,0,1,0,0,0,0,0,1,0,0,0,0,0,0,1,0,0,0,0,1.9459101490553132,5.823045895483019,0.0,338.0,80.0,0,0,0,0,0,0,1,0,0,0,0,0,0,0,0,1,0,0,0,0,0,0,0,0,0,0,0,0,1,0,0,0,0.051,0.5454545454545454,2008,32
83,0,1,0,0,1,0,-6.384,2.142281879194631,0,0,0,0,0,0,0,0,0,1,1,0,0,0,1,0,0,0,0,0,1,0,0,0,0,0,0,1,0,0,0,0,1.9459101490553132,5.823045895483019,0.0,338.0,80.0,0,0,0,0,0,0,1,0,0,0,0,0,0,0,0,1,0,0,0,0,0,0,0,0,0,0,0,0,1,0,0,0,0.051,0.5454545454545454,2008,32
83,0,1,0,0,1,0,1.7358,4.036744186046512,0,0,0,0,0,0,0,0,0,1,1,0,0,0,1,0,0,0,0,0,1,0,0,0,0,0,0,1,0,0,0,0,1.9459101490553132,5.198497031265826,0.0,181.0,84.5,0,0,0,0,0,0,1,0,0,0,0,0,0,0,0,1,0,0,0,0,0,0,0,0,0,0,0,0,1,0,0,0,0.051,0.5454545454545454,2008,32
83,0,1,0,0,1,0,1.1345,3.912068965517242,0,0,0,0,0,0,0,0,0,1,1,0,0,0,1,0,0,0,0,0,1,0,0,0,0,0,0,1,0,0,0,0,1.9459101490553132,5.198497031265826,0.0,181.0,84.5,0,0,0,0,0,0,1,0,0,0,0,0,0,0,0,1,0,0,0,0,0,0,0,0,0,0,0,0,1,0,0,0,0.051,0.5454545454545454,2008,32
83,0,1,0,0,1,0,1.056,3.7714285714285714,0,0,0,0,0,0,0,0,0,1,1,0,0,0,1,0,0,0,0,0,1,0,0,0,0,0,0,1,0,0,0,0,1.9459101490553132,5.198497031265826,0.0,181.0,84.5,0,0,0,0,0,0,1,0,0,0,0,0,0,0,0,1,0,0,0,0,0,0,0,0,0,0,0,0,1,0,0,0,0.051,0.5454545454545454,2008,32
83,0,1,0,0,1,0,0.5377,3.840714285714285,0,0,0,0,0,0,0,0,0,1,1,0,0,0,1,0,0,0,0,0,1,0,0,0,0,0,0,1,0,0,0,0,1.9459101490553132,5.198497031265826,0.0,181.0,84.5,0,0,0,0,0,0,1,0,0,0,0,0,0,0,0,1,0,0,0,0,0,0,0,0,0,0,0,0,1,0,0,0,0.051,0.5454545454545454,2008,32
83,0,1,0,0,1,0,1.3762,3.6215789473684215,0,0,0,0,0,0,0,0,0,1,1,0,0,0,1,0,0,0,0,0,1,0,0,0,0,0,0,1,0,0,0,0,1.9459101490553132,5.198497031265826,0.0,181.0,84.5,0,0,0,0,0,0,1,0,0,0,0,0,0,0,0,1,0,0,0,0,0,0,0,0,0,0,0,0,1,0,0,0,0.051,0.5454545454545454,2008,32
83,0,1,0,0,1,0,-6.432,4.231578947368421,0,0,0,0,0,0,0,1,0,0,0,1,0,0,1,0,0,0,0,0,1,0,0,0,0,0,0,1,0,0,0,0,1.9459101490553132,5.521460917862246,0.0,250.0,73.5,0,0,0,0,0,0,1,0,0,0,0,0,0,0,0,1,0,0,0,0,0,0,0,0,0,0,0,0,1,0,0,0,0.051,0.5454545454545454,2008,32
83,0,1,0,0,1,0,-5.7108,3.3396491228070175,0,0,0,0,0,0,0,1,0,0,0,1,0,0,1,0,0,0,0,0,1,0,0,0,0,0,0,1,0,0,0,0,1.9459101490553132,5.521460917862246,0.0,250.0,73.5,0,0,0,0,0,0,1,0,0,0,0,0,0,0,0,1,0,0,0,0,0,0,0,0,0,0,0,0,1,0,0,0,0.051,0.5454545454545454,2008,32
83,0,1,0,0,1,0,-4.1175,3.005474452554744,0,0,0,0,0,0,0,1,0,0,0,1,0,0,1,0,0,0,0,0,1,0,0,0,0,0,0,1,0,0,0,0,1.9459101490553132,5.521460917862246,0.0,250.0,73.5,0,0,0,0,0,0,1,0,0,0,0,0,0,0,0,1,0,0,0,0,0,0,0,0,0,0,0,0,1,0,0,0,0.051,0.5454545454545454,2008,32
83,0,1,0,0,1,0,-6.7074,3.8110227272727273,0,0,0,0,0,0,0,1,0,0,0,1,0,0,1,0,0,0,0,0,1,0,0,0,0,0,0,1,0,0,0,0,1.9459101490553132,5.521460917862246,0.0,250.0,73.5,0,0,0,0,0,0,1,0,0,0,0,0,0,0,0,1,0,0,0,0,0,0,0,0,0,0,0,0,1,0,0,0,0.051,0.5454545454545454,2008,32
83,0,1,0,0,1,0,-7.1847,3.6844615384615387,0,0,0,0,0,0,0,1,0,0,0,1,0,0,1,0,0,0,0,0,1,0,0,0,0,0,0,1,0,0,0,0,1.9459101490553132,5.521460917862246,0.0,250.0,73.5,0,0,0,0,0,0,1,0,0,0,0,0,0,0,0,1,0,0,0,0,0,0,0,0,0,0,0,0,1,0,0,0,0.051,0.5454545454545454,2008,32
83,0,1,0,0,1,0,-1.877,1.3700729927007298,0,0,0,0,0,0,0,1,0,0,0,1,0,0,1,0,0,0,0,0,1,0,0,0,0,0,0,1,0,0,0,0,1.9459101490553132,5.8377304471659395,0.0,343.0,79.5,0,0,0,0,0,0,1,0,0,0,0,0,0,0,0,1,0,0,0,0,0,0,0,0,0,0,0,0,1,0,0,0,0.051,0.5454545454545454,2008,32
83,0,1,0,0,1,0,-1.8816,1.28,0,0,0,0,0,0,0,1,0,0,0,1,0,0,1,0,0,0,0,0,1,0,0,0,0,0,0,1,0,0,0,0,1.9459101490553132,5.8377304471659395,0.0,343.0,79.5,0,0,0,0,0,0,1,0,0,0,0,0,0,0,0,1,0,0,0,0,0,0,0,0,0,0,0,0,1,0,0,0,0.051,0.5454545454545454,2008,32
83,0,1,0,0,1,0,-1.8306,1.289154929577465,0,0,0,0,0,0,0,1,0,0,0,1,0,0,1,0,0,0,0,0,1,0,0,0,0,0,0,1,0,0,0,0,1.9459101490553132,5.8377304471659395,0.0,343.0,79.5,0,0,0,0,0,0,1,0,0,0,0,0,0,0,0,1,0,0,0,0,0,0,0,0,0,0,0,0,1,0,0,0,0.051,0.5454545454545454,2008,32
83,0,1,0,0,1,0,-1.0117,1.945576923076923,0,0,0,0,0,0,0,1,0,0,0,1,0,0,1,0,0,0,0,0,1,0,0,0,0,0,0,1,0,0,0,0,1.9459101490553132,5.8377304471659395,0.0,343.0,79.5,0,0,0,0,0,0,1,0,0,0,0,0,0,0,0,1,0,0,0,0,0,0,0,0,0,0,0,0,1,0,0,0,0.051,0.5454545454545454,2008,32
83,0,1,0,0,1,0,-1.8116,1.4153125,0,0,0,0,0,0,0,1,0,0,0,1,0,0,1,0,0,0,0,0,1,0,0,0,0,0,0,1,0,0,0,0,1.9459101490553132,5.8377304471659395,0.0,343.0,79.5,0,0,0,0,0,0,1,0,0,0,0,0,0,0,0,1,0,0,0,0,0,0,0,0,0,0,0,0,1,0,0,0,0.051,0.5454545454545454,2008,32
83,0,1,0,0,1,0,-3.7151,5.3842028985507255,0,0,0,0,0,0,0,1,0,0,0,1,0,0,1,0,0,0,0,0,1,0,0,0,0,0,0,1,0,0,0,0,1.9459101490553132,5.198497031265826,0.0,181.0,84.5,0,0,0,0,0,0,1,0,0,0,0,0,0,0,0,1,0,0,0,0,0,0,0,0,0,0,0,0,1,0,0,0,0.051,0.5454545454545454,2008,32
83,0,1,0,0,1,0,-4.4951,3.405378787878788,0,0,0,0,0,0,0,1,0,0,0,1,0,0,1,0,0,0,0,0,1,0,0,0,0,0,0,1,0,0,0,0,1.9459101490553132,5.198497031265826,0.0,181.0,84.5,0,0,0,0,0,0,1,0,0,0,0,0,0,0,0,1,0,0,0,0,0,0,0,0,0,0,0,0,1,0,0,0,0.051,0.5454545454545454,2008,32
83,0,1,0,0,1,0,-6.3661,3.478743169398907,0,0,0,0,0,0,0,1,0,0,0,1,0,0,1,0,0,0,0,0,1,0,0,0,0,0,0,1,0,0,0,0,1.9459101490553132,5.198497031265826,0.0,181.0,84.5,0,0,0,0,0,0,1,0,0,0,0,0,0,0,0,1,0,0,0,0,0,0,0,0,0,0,0,0,1,0,0,0,0.051,0.5454545454545454,2008,32
83,0,1,0,0,1,0,-5.6875,4.341603053435114,0,0,0,0,0,0,0,1,0,0,0,1,0,0,1,0,0,0,0,0,1,0,0,0,0,0,0,1,0,0,0,0,1.9459101490553132,5.198497031265826,0.0,181.0,84.5,0,0,0,0,0,0,1,0,0,0,0,0,0,0,0,1,0,0,0,0,0,0,0,0,0,0,0,0,1,0,0,0,0.051,0.5454545454545454,2008,32
83,0,1,0,0,1,0,-3.8691,3.6500943396226413,0,0,0,0,0,0,0,1,0,0,0,1,0,0,1,0,0,0,0,0,1,0,0,0,0,0,0,1,0,0,0,0,1.9459101490553132,5.198497031265826,0.0,181.0,84.5,0,0,0,0,0,0,1,0,0,0,0,0,0,0,0,1,0,0,0,0,0,0,0,0,0,0,0,0,1,0,0,0,0.051,0.5454545454545454,2008,32
83,0,1,0,0,1,0,-3.5431,1.3420833333333333,1,0,0,0,0,0,0,0,0,0,0,0,1,0,1,0,0,0,0,0,1,0,0,0,0,0,0,1,0,0,0,0,1.9459101490553132,8.240121298076472,0.0,3790.0,78.0,1,0,0,0,0,0,1,0,0,0,0,0,0,0,0,1,0,0,0,0,0,0,0,0,0,0,0,0,1,0,0,0,0.051,0.5454545454545454,2008,32
83,0,1,0,0,1,0,-6.4194,2.6417283950617283,0,0,0,0,0,0,0,0,0,1,1,0,0,0,1,0,0,0,0,0,1,0,0,0,0,0,0,1,0,0,0,0,1.9459101490553132,7.7664168980196555,0.0,2360.0,80.0,1,0,0,0,0,0,1,0,0,0,0,0,0,0,0,1,0,0,0,0,0,0,0,0,0,0,0,0,1,0,0,0,0.051,0.5454545454545454,2008,32
83,0,1,0,0,1,0,-1.8502,1.3407246376811597,0,0,0,0,0,0,0,1,0,0,0,1,0,0,1,0,0,0,0,0,1,0,0,0,0,0,0,1,0,0,0,0,1.9459101490553132,7.779048644925556,0.0,2390.0,79.5,1,0,0,0,0,0,1,0,0,0,0,0,0,0,0,1,0,0,0,0,0,0,0,0,0,0,0,0,1,0,0,0,0.051,0.5454545454545454,2008,32
83,0,1,0,0,1,0,-3.3992,1.7526693227091636,1,0,0,0,0,0,0,0,0,0,0,0,1,0,1,0,0,0,0,0,1,0,0,0,0,0,0,1,0,0,0,0,1.9459101490553132,6.29156913955832,0.0,540.0,78.0,0,0,0,0,0,0,1,0,0,0,0,0,0,0,0,1,0,0,0,0,0,0,0,0,0,0,0,0,1,0,0,0,0.051,0.5454545454545454,2008,32
83,0,1,0,0,1,0,-3.1414,1.6304724409448819,1,0,0,0,0,0,0,0,0,0,0,0,1,0,1,0,0,0,0,0,1,0,0,0,0,0,0,1,0,0,0,0,1.9459101490553132,6.29156913955832,0.0,540.0,78.0,0,0,0,0,0,0,1,0,0,0,0,0,0,0,0,1,0,0,0,0,0,0,0,0,0,0,0,0,1,0,0,0,0.051,0.5454545454545454,2008,32
83,0,1,0,0,1,0,-3.8811,1.5495555555555556,1,0,0,0,0,0,0,0,0,0,0,0,1,0,1,0,0,0,0,0,1,0,0,0,0,0,0,1,0,0,0,0,1.9459101490553132,6.29156913955832,0.0,540.0,78.0,0,0,0,0,0,0,1,0,0,0,0,0,0,0,0,1,0,0,0,0,0,0,0,0,0,0,0,0,1,0,0,0,0.051,0.5454545454545454,2008,32
83,0,1,0,0,1,0,-0.4778,0.5705791505791507,1,0,0,0,0,0,0,0,0,0,0,0,1,0,1,0,0,0,0,0,1,0,0,0,0,0,0,1,0,0,0,0,1.9459101490553132,6.29156913955832,0.0,540.0,78.0,0,0,0,0,0,0,1,0,0,0,0,0,0,0,0,1,0,0,0,0,0,0,0,0,0,0,0,0,1,0,0,0,0.051,0.5454545454545454,2008,32
83,0,1,0,0,1,0,-3.7508,2.0045569620253163,1,0,0,0,0,0,0,0,0,0,0,0,1,0,1,0,0,0,0,0,1,0,0,0,0,0,0,1,0,0,0,0,1.9459101490553132,6.29156913955832,0.0,540.0,78.0,0,0,0,0,0,0,1,0,0,0,0,0,0,0,0,1,0,0,0,0,0,0,0,0,0,0,0,0,1,0,0,0,0.051,0.5454545454545454,2008,32
83,0,1,0,0,1,0,-3.9046,1.5570158730158732,1,0,0,0,0,0,0,0,0,0,0,0,1,0,1,0,0,0,0,0,1,0,0,0,0,0,0,1,0,0,0,0,1.9459101490553132,6.29156913955832,0.0,540.0,78.0,0,0,0,0,0,0,1,0,0,0,0,0,0,0,0,1,0,0,0,0,0,0,0,0,0,0,0,0,1,0,0,0,0.051,0.5454545454545454,2008,32
83,0,1,0,0,1,0,-4.0631,1.4064166666666666,1,0,0,0,0,0,0,0,0,0,0,0,1,0,1,0,0,0,0,0,1,0,0,0,0,0,0,1,0,0,0,0,1.9459101490553132,6.29156913955832,0.0,540.0,78.0,0,0,0,0,0,0,1,0,0,0,0,0,0,0,0,1,0,0,0,0,0,0,0,0,0,0,0,0,1,0,0,0,0.051,0.5454545454545454,2008,32
83,0,1,0,0,1,0,-4.3883,1.3271674876847293,1,0,0,0,0,0,0,0,0,0,0,0,1,0,1,0,0,0,0,0,1,0,0,0,0,0,0,1,0,0,0,0,1.9459101490553132,6.29156913955832,0.0,540.0,78.0,0,0,0,0,0,0,1,0,0,0,0,0,0,0,0,1,0,0,0,0,0,0,0,0,0,0,0,0,1,0,0,0,0.051,0.5454545454545454,2008,32
83,0,1,0,0,1,0,-0.4464,0.45627760252365934,1,0,0,0,0,0,0,0,0,0,0,0,1,0,1,0,0,0,0,0,1,0,0,0,0,0,0,1,0,0,0,0,1.9459101490553132,6.29156913955832,0.0,540.0,78.0,0,0,0,0,0,0,1,0,0,0,0,0,0,0,0,1,0,0,0,0,0,0,0,0,0,0,0,0,1,0,0,0,0.051,0.5454545454545454,2008,32
83,0,1,0,0,1,0,-4.8849,1.3622453703703703,1,0,0,0,0,0,0,0,0,0,0,0,1,0,1,0,0,0,0,0,1,0,0,0,0,0,0,1,0,0,0,0,1.9459101490553132,6.29156913955832,0.0,540.0,78.0,0,0,0,0,0,0,1,0,0,0,0,0,0,0,0,1,0,0,0,0,0,0,0,0,0,0,0,0,1,0,0,0,0.051,0.5454545454545454,2008,32
83,0,1,0,0,1,0,-3.4147,1.559964664310954,1,0,0,0,0,0,0,0,0,0,0,0,1,0,1,0,0,0,0,0,1,0,0,0,0,0,0,1,0,0,0,0,1.9459101490553132,6.29156913955832,0.0,540.0,78.0,0,0,0,0,0,0,1,0,0,0,0,0,0,0,0,1,0,0,0,0,0,0,0,0,0,0,0,0,1,0,0,0,0.051,0.5454545454545454,2008,32
83,0,1,0,0,1,0,-3.6608,1.4166565349544074,1,0,0,0,0,0,0,0,0,0,0,0,1,0,1,0,0,0,0,0,1,0,0,0,0,0,0,1,0,0,0,0,1.9459101490553132,6.29156913955832,0.0,540.0,78.0,0,0,0,0,0,0,1,0,0,0,0,0,0,0,0,1,0,0,0,0,0,0,0,0,0,0,0,0,1,0,0,0,0.051,0.5454545454545454,2008,32
83,0,1,0,0,1,0,-4.0204,1.3281481481481483,1,0,0,0,0,0,0,0,0,0,0,0,1,0,1,0,0,0,0,0,1,0,0,0,0,0,0,1,0,0,0,0,1.9459101490553132,6.29156913955832,0.0,540.0,78.0,0,0,0,0,0,0,1,0,0,0,0,0,0,0,0,1,0,0,0,0,0,0,0,0,0,0,0,0,1,0,0,0,0.051,0.5454545454545454,2008,32
83,0,1,0,0,1,0,-0.4113,0.4582142857142857,1,0,0,0,0,0,0,0,0,0,0,0,1,0,1,0,0,0,0,0,1,0,0,0,0,0,0,1,0,0,0,0,1.9459101490553132,6.29156913955832,0.0,540.0,78.0,0,0,0,0,0,0,1,0,0,0,0,0,0,0,0,1,0,0,0,0,0,0,0,0,0,0,0,0,1,0,0,0,0.051,0.5454545454545454,2008,32
83,0,1,0,0,1,0,-4.1222,1.3769354838709678,1,0,0,0,0,0,0,0,0,0,0,0,1,0,1,0,0,0,0,0,1,0,0,0,0,0,0,1,0,0,0,0,1.9459101490553132,6.29156913955832,0.0,540.0,78.0,0,0,0,0,0,0,1,0,0,0,0,0,0,0,0,1,0,0,0,0,0,0,0,0,0,0,0,0,1,0,0,0,0.051,0.5454545454545454,2008,32
83,0,1,0,0,1,0,-0.3273,1.9519117647058821,0,0,0,0,0,0,0,0,0,1,1,0,0,0,1,0,0,0,0,0,1,0,0,0,0,0,0,1,0,0,0,0,1.9459101490553132,5.823045895483019,0.0,338.0,80.0,0,0,0,0,0,0,1,0,0,0,0,0,0,0,0,1,0,0,0,0,0,0,0,0,0,0,0,0,1,0,0,0,0.051,0.5454545454545454,2008,32
83,0,1,0,0,1,0,-6.389,2.399025974025974,0,0,0,0,0,0,0,0,0,1,1,0,0,0,1,0,0,0,0,0,1,0,0,0,0,0,0,1,0,0,0,0,1.9459101490553132,5.823045895483019,0.0,338.0,80.0,0,0,0,0,0,0,1,0,0,0,0,0,0,0,0,1,0,0,0,0,0,0,0,0,0,0,0,0,1,0,0,0,0.051,0.5454545454545454,2008,32
83,0,1,0,0,1,0,-6.4852,2.4867774086378738,0,0,0,0,0,0,0,0,0,1,1,0,0,0,1,0,0,0,0,0,1,0,0,0,0,0,0,1,0,0,0,0,1.9459101490553132,5.823045895483019,0.0,338.0,80.0,0,0,0,0,0,0,1,0,0,0,0,0,0,0,0,1,0,0,0,0,0,0,0,0,0,0,0,0,1,0,0,0,0.051,0.5454545454545454,2008,32
83,0,1,0,0,1,0,-0.7367,1.5101739130434784,0,0,0,0,0,0,0,0,0,1,1,0,0,0,1,0,0,0,0,0,1,0,0,0,0,0,0,1,0,0,0,0,1.9459101490553132,5.823045895483019,0.0,338.0,80.0,0,0,0,0,0,0,1,0,0,0,0,0,0,0,0,1,0,0,0,0,0,0,0,0,0,0,0,0,1,0,0,0,0.051,0.5454545454545454,2008,32
83,0,1,0,0,1,0,-6.384,2.477852348993289,0,0,0,0,0,0,0,0,0,1,1,0,0,0,1,0,0,0,0,0,1,0,0,0,0,0,0,1,0,0,0,0,1.9459101490553132,5.823045895483019,0.0,338.0,80.0,0,0,0,0,0,0,1,0,0,0,0,0,0,0,0,1,0,0,0,0,0,0,0,0,0,0,0,0,1,0,0,0,0.051,0.5454545454545454,2008,32
83,0,1,0,0,1,0,-0.4356,1.0181560283687945,0,0,0,0,0,0,0,0,0,1,1,0,0,0,1,0,0,0,0,0,1,0,0,0,0,0,0,1,0,0,0,0,1.9459101490553132,5.823045895483019,0.0,338.0,80.0,0,0,0,0,0,0,1,0,0,0,0,0,0,0,0,1,0,0,0,0,0,0,0,0,0,0,0,0,1,0,0,0,0.051,0.5454545454545454,2008,32
83,0,1,0,0,1,0,-6.5327,2.1708069164265127,0,0,0,0,0,0,0,0,0,1,1,0,0,0,1,0,0,0,0,0,1,0,0,0,0,0,0,1,0,0,0,0,1.9459101490553132,5.823045895483019,0.0,338.0,80.0,0,0,0,0,0,0,1,0,0,0,0,0,0,0,0,1,0,0,0,0,0,0,0,0,0,0,0,0,1,0,0,0,0.051,0.5454545454545454,2008,32
83,0,1,0,0,1,0,-6.3256,2.247116564417178,0,0,0,0,0,0,0,0,0,1,1,0,0,0,1,0,0,0,0,0,1,0,0,0,0,0,0,1,0,0,0,0,1.9459101490553132,5.823045895483019,0.0,338.0,80.0,0,0,0,0,0,0,1,0,0,0,0,0,0,0,0,1,0,0,0,0,0,0,0,0,0,0,0,0,1,0,0,0,0.051,0.5454545454545454,2008,32
83,0,1,0,0,1,0,-0.8304,1.3659701492537313,0,0,0,0,0,0,0,0,0,1,1,0,0,0,1,0,0,0,0,0,1,0,0,0,0,0,0,1,0,0,0,0,1.9459101490553132,5.823045895483019,0.0,338.0,80.0,0,0,0,0,0,0,1,0,0,0,0,0,0,0,0,1,0,0,0,0,0,0,0,0,0,0,0,0,1,0,0,0,0.051,0.5454545454545454,2008,32
83,0,1,0,0,1,0,-7.0441,2.24695530726257,0,0,0,0,0,0,0,0,0,1,1,0,0,0,1,0,0,0,0,0,1,0,0,0,0,0,0,1,0,0,0,0,1.9459101490553132,5.823045895483019,0.0,338.0,80.0,0,0,0,0,0,0,1,0,0,0,0,0,0,0,0,1,0,0,0,0,0,0,0,0,0,0,0,0,1,0,0,0,0.051,0.5454545454545454,2008,32
83,0,1,0,0,1,0,-0.2918,0.5405020920502092,0,0,0,0,0,0,0,0,0,1,1,0,0,0,1,0,0,0,0,0,1,0,0,0,0,0,0,1,0,0,0,0,1.9459101490553132,5.823045895483019,0.0,338.0,80.0,0,0,0,0,0,0,1,0,0,0,0,0,0,0,0,1,0,0,0,0,0,0,0,0,0,0,0,0,1,0,0,0,0.051,0.5454545454545454,2008,32
83,0,1,0,0,1,0,-6.5327,2.1708069164265127,0,0,0,0,0,0,0,0,0,1,1,0,0,0,1,0,0,0,0,0,1,0,0,0,0,0,0,1,0,0,0,0,1.9459101490553132,5.823045895483019,0.0,338.0,80.0,0,0,0,0,0,0,1,0,0,0,0,0,0,0,0,1,0,0,0,0,0,0,0,0,0,0,0,0,1,0,0,0,0.051,0.5454545454545454,2008,32
83,0,1,0,0,1,0,-6.3256,2.247116564417178,0,0,0,0,0,0,0,0,0,1,1,0,0,0,1,0,0,0,0,0,1,0,0,0,0,0,0,1,0,0,0,0,1.9459101490553132,5.823045895483019,0.0,338.0,80.0,0,0,0,0,0,0,1,0,0,0,0,0,0,0,0,1,0,0,0,0,0,0,0,0,0,0,0,0,1,0,0,0,0.051,0.5454545454545454,2008,32
83,0,1,0,0,1,0,-0.6927,1.3650806451612902,0,0,0,0,0,0,0,0,0,1,1,0,0,0,1,0,0,0,0,0,1,0,0,0,0,0,0,1,0,0,0,0,1.9459101490553132,5.823045895483019,0.0,338.0,80.0,0,0,0,0,0,0,1,0,0,0,0,0,0,0,0,1,0,0,0,0,0,0,0,0,0,0,0,0,1,0,0,0,0.051,0.5454545454545454,2008,32
83,0,1,0,0,1,0,-7.4895,2.2399736147757254,0,0,0,0,0,0,0,0,0,1,1,0,0,0,1,0,0,0,0,0,1,0,0,0,0,0,0,1,0,0,0,0,1.9459101490553132,5.823045895483019,0.0,338.0,80.0,0,0,0,0,0,0,1,0,0,0,0,0,0,0,0,1,0,0,0,0,0,0,0,0,0,0,0,0,1,0,0,0,0.051,0.5454545454545454,2008,32
83,0,1,0,0,1,0,-1.877,2.0999999999999996,0,0,0,0,0,0,0,1,0,0,0,1,0,0,1,0,0,0,0,0,1,0,0,0,0,0,0,1,0,0,0,0,1.9459101490553132,5.8377304471659395,0.0,343.0,79.5,0,0,0,0,0,0,1,0,0,0,0,0,0,0,0,1,0,0,0,0,0,0,0,0,0,0,0,0,1,0,0,0,0.051,0.5454545454545454,2008,32
83,0,1,0,0,1,0,-1.8816,1.9602721088435373,0,0,0,0,0,0,0,1,0,0,0,1,0,0,1,0,0,0,0,0,1,0,0,0,0,0,0,1,0,0,0,0,1.9459101490553132,5.8377304471659395,0.0,343.0,79.5,0,0,0,0,0,0,1,0,0,0,0,0,0,0,0,1,0,0,0,0,0,0,0,0,0,0,0,0,1,0,0,0,0.051,0.5454545454545454,2008,32
83,0,1,0,0,1,0,-1.8306,1.993380281690141,0,0,0,0,0,0,0,1,0,0,0,1,0,0,1,0,0,0,0,0,1,0,0,0,0,0,0,1,0,0,0,0,1.9459101490553132,5.8377304471659395,0.0,343.0,79.5,0,0,0,0,0,0,1,0,0,0,0,0,0,0,0,1,0,0,0,0,0,0,0,0,0,0,0,0,1,0,0,0,0.051,0.5454545454545454,2008,32
83,0,1,0,0,1,0,-1.0117,1.9531067961165052,0,0,0,0,0,0,0,1,0,0,0,1,0,0,1,0,0,0,0,0,1,0,0,0,0,0,0,1,0,0,0,0,1.9459101490553132,5.8377304471659395,0.0,343.0,79.5,0,0,0,0,0,0,1,0,0,0,0,0,0,0,0,1,0,0,0,0,0,0,0,0,0,0,0,0,1,0,0,0,0.051,0.5454545454545454,2008,32
83,0,1,0,0,1,0,-1.8116,2.1965625,0,0,0,0,0,0,0,1,0,0,0,1,0,0,1,0,0,0,0,0,1,0,0,0,0,0,0,1,0,0,0,0,1.9459101490553132,5.8377304471659395,0.0,343.0,79.5,0,0,0,0,0,0,1,0,0,0,0,0,0,0,0,1,0,0,0,0,0,0,0,0,0,0,0,0,1,0,0,0,0.051,0.5454545454545454,2008,32
83,0,1,0,0,1,0,-1.9946,1.6275,0,0,0,0,0,0,0,1,0,0,0,1,0,0,1,0,0,0,0,0,1,0,0,0,0,0,0,1,0,0,0,0,1.9459101490553132,5.8377304471659395,0.0,343.0,79.5,0,0,0,0,0,0,1,0,0,0,0,0,0,0,0,1,0,0,0,0,0,0,0,0,0,0,0,0,1,0,0,0,0.051,0.5454545454545454,2008,32
83,0,1,0,0,1,0,-1.9603,1.751656804733728,0,0,0,0,0,0,0,1,0,0,0,1,0,0,1,0,0,0,0,0,1,0,0,0,0,0,0,1,0,0,0,0,1.9459101490553132,5.8377304471659395,0.0,343.0,79.5,0,0,0,0,0,0,1,0,0,0,0,0,0,0,0,1,0,0,0,0,0,0,0,0,0,0,0,0,1,0,0,0,0.051,0.5454545454545454,2008,32
83,0,1,0,0,1,0,-2.0374,1.716045197740113,0,0,0,0,0,0,0,1,0,0,0,1,0,0,1,0,0,0,0,0,1,0,0,0,0,0,0,1,0,0,0,0,1.9459101490553132,5.8377304471659395,0.0,343.0,79.5,0,0,0,0,0,0,1,0,0,0,0,0,0,0,0,1,0,0,0,0,0,0,0,0,0,0,0,0,1,0,0,0,0.051,0.5454545454545454,2008,32
83,0,1,0,0,1,0,-0.5383,1.922875,0,0,0,0,0,0,0,1,0,0,0,1,0,0,1,0,0,0,0,0,1,0,0,0,0,0,0,1,0,0,0,0,1.9459101490553132,5.8377304471659395,0.0,343.0,79.5,0,0,0,0,0,0,1,0,0,0,0,0,0,0,0,1,0,0,0,0,0,0,0,0,0,0,0,0,1,0,0,0,0.051,0.5454545454545454,2008,32
83,0,1,0,0,1,0,-2.2614,1.9184705882352941,0,0,0,0,0,0,0,1,0,0,0,1,0,0,1,0,0,0,0,0,1,0,0,0,0,0,0,1,0,0,0,0,1.9459101490553132,5.8377304471659395,0.0,343.0,79.5,0,0,0,0,0,0,1,0,0,0,0,0,0,0,0,1,0,0,0,0,0,0,0,0,0,0,0,0,1,0,0,0,0.051,0.5454545454545454,2008,32
83,0,1,0,0,1,0,-2.0153,1.6124598930481282,0,0,0,0,0,0,0,1,0,0,0,1,0,0,1,0,0,0,0,0,1,0,0,0,0,0,0,1,0,0,0,0,1.9459101490553132,5.8377304471659395,0.0,343.0,79.5,0,0,0,0,0,0,1,0,0,0,0,0,0,0,0,1,0,0,0,0,0,0,0,0,0,0,0,0,1,0,0,0,0.051,0.5454545454545454,2008,32
83,0,1,0,0,1,0,-1.9883,1.7475438596491226,0,0,0,0,0,0,0,1,0,0,0,1,0,0,1,0,0,0,0,0,1,0,0,0,0,0,0,1,0,0,0,0,1.9459101490553132,5.8377304471659395,0.0,343.0,79.5,0,0,0,0,0,0,1,0,0,0,0,0,0,0,0,1,0,0,0,0,0,0,0,0,0,0,0,0,1,0,0,0,0.051,0.5454545454545454,2008,32
83,0,1,0,0,1,0,-1.8711,1.7089880952380954,0,0,0,0,0,0,0,1,0,0,0,1,0,0,1,0,0,0,0,0,1,0,0,0,0,0,0,1,0,0,0,0,1.9459101490553132,5.8377304471659395,0.0,343.0,79.5,0,0,0,0,0,0,1,0,0,0,0,0,0,0,0,1,0,0,0,0,0,0,0,0,0,0,0,0,1,0,0,0,0.051,0.5454545454545454,2008,32
83,0,1,0,0,1,0,-0.9758,1.8817142857142857,0,0,0,0,0,0,0,1,0,0,0,1,0,0,1,0,0,0,0,0,1,0,0,0,0,0,0,1,0,0,0,0,1.9459101490553132,5.8377304471659395,0.0,343.0,79.5,0,0,0,0,0,0,1,0,0,0,0,0,0,0,0,1,0,0,0,0,0,0,0,0,0,0,0,0,1,0,0,0,0.051,0.5454545454545454,2008,32
83,0,1,0,0,1,0,-3.0556,1.904037558685446,0,0,0,0,0,0,0,1,0,0,0,1,0,0,1,0,0,0,0,0,1,0,0,0,0,0,0,1,0,0,0,0,1.9459101490553132,5.8377304471659395,0.0,343.0,79.5,0,0,0,0,0,0,1,0,0,0,0,0,0,0,0,1,0,0,0,0,0,0,0,0,0,0,0,0,1,0,0,0,0.051,0.5454545454545454,2008,32
83,0,1,0,0,1,0,-3.257,1.6123762376237625,1,0,0,0,0,0,0,0,0,0,0,0,1,0,1,0,0,0,0,0,1,0,0,0,0,0,0,1,0,0,0,0,1.9459101490553132,6.124683390894205,0.0,457.0,78.0,0,0,0,0,0,0,1,0,0,0,0,0,0,0,0,1,0,0,0,0,0,0,0,0,0,0,0,0,1,0,0,0,0.051,0.5454545454545454,2008,32
83,0,1,0,0,1,0,-0.1847,0.636896551724138,1,0,0,0,0,0,0,0,0,0,0,0,1,0,1,0,0,0,0,0,1,0,0,0,0,0,0,1,0,0,0,0,1.9459101490553132,4.31748811353631,0.0,75.0,78.0,0,0,0,0,0,0,1,0,0,0,0,0,0,0,0,1,0,0,0,0,0,0,0,0,0,0,0,0,1,0,0,0,0.051,0.5454545454545454,2008,32
83,0,1,0,0,1,0,-3.54313,1.625288990825688,1,0,0,0,0,0,0,0,0,0,0,0,1,0,1,0,0,0,0,0,1,0,0,0,0,0,0,1,0,0,0,0,1.9459101490553132,6.29156913955832,0.0,540.0,78.0,0,0,0,0,0,0,1,0,0,0,0,0,0,0,0,1,0,0,0,0,0,0,0,0,0,0,0,0,1,0,0,0,0.051,0.5454545454545454,2008,32
83,0,1,0,0,1,0,-6.8543,2.5386296296296296,0,0,0,0,0,0,0,0,0,1,1,0,0,0,1,0,0,0,0,0,1,0,0,0,0,0,0,1,0,0,0,0,1.9459101490553132,5.66988092298052,0.0,290.0,80.0,0,0,0,0,0,0,1,0,0,0,0,0,0,0,0,1,0,0,0,0,0,0,0,0,0,0,0,0,1,0,0,0,0.051,0.5454545454545454,2008,32
83,0,1,0,0,1,0,2.4436,1.7707246376811596,0,0,0,0,0,0,0,0,0,1,1,0,0,0,1,0,0,0,0,0,1,0,0,0,0,0,0,1,0,0,0,0,1.9459101490553132,3.871201010907891,0.0,48.0,80.0,0,0,0,0,0,0,1,0,0,0,0,0,0,0,0,1,0,0,0,0,0,0,0,0,0,0,0,0,1,0,0,0,0.051,0.5454545454545454,2008,32
83,0,1,0,0,1,0,-6.4194,2.4501526717557254,0,0,0,0,0,0,0,0,0,1,1,0,0,0,1,0,0,0,0,0,1,0,0,0,0,0,0,1,0,0,0,0,1.9459101490553132,5.823045895483019,0.0,338.0,80.0,0,0,0,0,0,0,1,0,0,0,0,0,0,0,0,1,0,0,0,0,0,0,0,0,0,0,0,0,1,0,0,0,0.051,0.5454545454545454,2008,32
83,0,1,0,0,1,0,-2.1607,2.2986170212765957,0,0,0,0,0,0,0,1,0,0,0,1,0,0,1,0,0,0,0,0,1,0,0,0,0,0,0,1,0,0,0,0,1.9459101490553132,5.683579767338681,0.0,294.0,79.5,0,0,0,0,0,0,1,0,0,0,0,0,0,0,0,1,0,0,0,0,0,0,0,0,0,0,0,0,1,0,0,0,0.051,0.5454545454545454,2008,32
83,0,1,0,0,1,0,4.0571,5.634861111111111,0,0,0,0,0,0,0,1,0,0,0,1,0,0,1,0,0,0,0,0,1,0,0,0,0,0,0,1,0,0,0,0,1.9459101490553132,3.8918202981106265,0.0,49.0,79.5,0,0,0,0,0,0,1,0,0,0,0,0,0,0,0,1,0,0,0,0,0,0,0,0,0,0,0,0,1,0,0,0,0.051,0.5454545454545454,2008,32
83,0,1,0,0,1,0,-1.8502,2.0557777777777777,0,0,0,0,0,0,0,1,0,0,0,1,0,0,1,0,0,0,0,0,1,0,0,0,0,0,0,1,0,0,0,0,1.9459101490553132,5.8377304471659395,0.0,343.0,79.5,0,0,0,0,0,0,1,0,0,0,0,0,0,0,0,1,0,0,0,0,0,0,0,0,0,0,0,0,1,0,0,0,0.051,0.5454545454545454,2008,32
83,0,1,0,0,1,0,-0.3273,1.9252941176470586,0,0,0,0,0,0,0,0,0,1,1,0,0,0,1,0,0,0,0,0,1,0,0,0,0,0,0,1,0,0,0,0,1.9459101490553132,5.823045895483019,0.0,338.0,80.0,0,0,0,0,0,0,1,0,0,0,0,0,0,0,0,1,0,0,0,0,0,0,0,0,0,0,0,0,1,0,0,0,0.051,0.5454545454545454,2008,32
83,0,1,0,0,1,0,-6.0975,2.8229166666666665,0,0,0,0,0,0,0,0,0,1,1,0,0,0,1,0,0,0,0,0,1,0,0,0,0,0,0,1,0,0,0,0,1.9459101490553132,5.4638318050256105,0.0,236.0,80.0,0,0,0,0,0,0,1,0,0,0,0,0,0,0,0,1,0,0,0,0,0,0,0,0,0,0,0,0,1,0,0,0,0.051,0.5454545454545454,2008,32
83,0,1,0,0,1,0,4.231,2.9179310344827587,0,0,0,0,0,0,0,0,0,1,1,0,0,0,1,0,0,0,0,0,1,0,0,0,0,0,0,1,0,0,0,0,1.9459101490553132,4.624972813284271,0.0,102.0,80.0,0,0,0,0,0,0,1,0,0,0,0,0,0,0,0,1,0,0,0,0,0,0,0,0,0,0,0,0,1,0,0,0,0.051,0.5454545454545454,2008,32
83,0,1,0,0,1,0,-6.4194,2.4501526717557254,0,0,0,0,0,0,0,0,0,1,1,0,0,0,1,0,0,0,0,0,1,0,0,0,0,0,0,1,0,0,0,0,1.9459101490553132,5.823045895483019,0.0,338.0,80.0,0,0,0,0,0,0,1,0,0,0,0,0,0,0,0,1,0,0,0,0,0,0,0,0,0,0,0,0,1,0,0,0,0.051,0.5454545454545454,2008,32
83,0,1,0,0,1,0,-0.4376,0.561025641025641,1,0,0,0,0,0,0,0,0,0,0,0,1,0,1,0,0,0,0,0,1,0,0,0,0,0,0,1,0,0,0,0,1.9459101490553132,6.238324625039508,0.0,512.0,78.0,0,0,0,0,0,0,1,0,0,0,0,0,0,0,0,1,0,0,0,0,0,0,0,0,0,0,0,0,1,0,0,0,0.051,0.5454545454545454,2008,32
83,0,1,0,0,1,0,-3.1533,1.7325824175824176,1,0,0,0,0,0,0,0,0,0,0,0,1,0,1,0,0,0,0,0,1,0,0,0,0,0,0,1,0,0,0,0,1.9459101490553132,6.1675164908883415,0.0,477.0,78.0,0,0,0,0,0,0,1,0,0,0,0,0,0,0,0,1,0,0,0,0,0,0,0,0,0,0,0,0,1,0,0,0,0.051,0.5454545454545454,2008,32
83,0,1,0,0,1,0,-0.9313,1.5020967741935485,0,0,0,0,0,0,0,0,0,1,1,0,0,0,1,0,0,0,0,0,1,0,0,0,0,0,0,1,0,0,0,0,1.9459101490553132,5.7899601708972535,0.0,327.0,80.0,0,0,0,0,0,0,1,0,0,0,0,0,0,0,0,1,0,0,0,0,0,0,0,0,0,0,0,0,1,0,0,0,0.051,0.5454545454545454,2008,32
83,0,1,0,0,1,0,-6.3302,2.615785123966942,0,0,0,0,0,0,0,0,0,1,1,0,0,0,1,0,0,0,0,0,1,0,0,0,0,0,0,1,0,0,0,0,1.9459101490553132,5.707110264748875,0.0,301.0,80.0,0,0,0,0,0,0,1,0,0,0,0,0,0,0,0,1,0,0,0,0,0,0,0,0,0,0,0,0,1,0,0,0,0.051,0.5454545454545454,2008,32
83,0,1,0,0,1,0,-1.3586,2.2643333333333335,0,0,0,0,0,0,0,1,0,0,0,1,0,0,1,0,0,0,0,0,1,0,0,0,0,0,0,1,0,0,0,0,1.9459101490553132,5.802118375377063,0.0,331.0,79.5,0,0,0,0,0,0,1,0,0,0,0,0,0,0,0,1,0,0,0,0,0,0,0,0,0,0,0,0,1,0,0,0,0.051,0.5454545454545454,2008,32
83,0,1,0,0,1,0,-1.8114,2.1564285714285716,0,0,0,0,0,0,0,1,0,0,0,1,0,0,1,0,0,0,0,0,1,0,0,0,0,0,0,1,0,0,0,0,1.9459101490553132,5.723585101952381,0.0,306.0,79.5,0,0,0,0,0,0,1,0,0,0,0,0,0,0,0,1,0,0,0,0,0,0,0,0,0,0,0,0,1,0,0,0,0.051,0.5454545454545454,2008,32
83,0,1,0,0,1,0,-0.4074,0.5738028169014084,1,0,0,0,0,0,0,0,0,0,0,0,1,0,1,0,0,0,0,0,1,0,0,0,0,0,0,1,0,0,0,0,1.9459101490553132,6.22455842927536,0.0,505.0,78.0,0,0,0,0,0,0,1,0,0,0,0,0,0,0,0,1,0,0,0,0,0,0,0,0,0,0,0,0,1,0,0,0,0.051,0.5454545454545454,2008,32
83,0,1,0,0,1,0,-3.3923,1.7132828282828283,1,0,0,0,0,0,0,0,0,0,0,0,1,0,1,0,0,0,0,0,1,0,0,0,0,0,0,1,0,0,0,0,1.9459101490553132,6.182084906716632,0.0,484.0,78.0,0,0,0,0,0,0,1,0,0,0,0,0,0,0,0,1,0,0,0,0,0,0,0,0,0,0,0,0,1,0,0,0,0.051,0.5454545454545454,2008,32
83,0,1,0,0,1,0,-0.8778,1.513448275862069,0,0,0,0,0,0,0,0,0,1,1,0,0,0,1,0,0,0,0,0,1,0,0,0,0,0,0,1,0,0,0,0,1.9459101490553132,5.755742213586912,0.0,316.0,80.0,0,0,0,0,0,0,1,0,0,0,0,0,0,0,0,1,0,0,0,0,0,0,0,0,0,0,0,0,1,0,0,0,0.051,0.5454545454545454,2008,32
83,0,1,0,0,1,0,-6.3274,2.5617004048582994,0,0,0,0,0,0,0,0,0,1,1,0,0,0,1,0,0,0,0,0,1,0,0,0,0,0,0,1,0,0,0,0,1.9459101490553132,5.7430031878094825,0.0,312.0,80.0,0,0,0,0,0,0,1,0,0,0,0,0,0,0,0,1,0,0,0,0,0,0,0,0,0,0,0,0,1,0,0,0,0.051,0.5454545454545454,2008,32
83,0,1,0,0,1,0,-1.2384,2.251636363636363,0,0,0,0,0,0,0,1,0,0,0,1,0,0,1,0,0,0,0,0,1,0,0,0,0,0,0,1,0,0,0,0,1.9459101490553132,5.771441123130016,0.0,321.0,79.5,0,0,0,0,0,0,1,0,0,0,0,0,0,0,0,1,0,0,0,0,0,0,0,0,0,0,0,0,1,0,0,0,0.051,0.5454545454545454,2008,32
83,0,1,0,0,1,0,-1.91,2.1954022988505746,0,0,0,0,0,0,0,1,0,0,0,1,0,0,1,0,0,0,0,0,1,0,0,0,0,0,0,1,0,0,0,0,1.9459101490553132,5.755742213586912,0.0,316.0,79.5,0,0,0,0,0,0,1,0,0,0,0,0,0,0,0,1,0,0,0,0,0,0,0,0,0,0,0,0,1,0,0,0,0.051,0.5454545454545454,2008,32
83,0,1,0,0,1,0,-5.5295,2.425219298245614,1,0,0,0,0,0,0,0,0,0,0,0,1,0,1,0,0,0,0,0,1,0,0,0,0,0,0,1,0,0,0,0,1.9459101490553132,6.29156913955832,0.0,540.0,78.0,0,0,0,0,0,0,1,0,0,0,0,0,0,0,0,1,0,0,0,0,0,0,0,0,0,0,0,0,1,0,0,0,0.051,0.5454545454545454,2008,32
83,0,1,0,0,1,0,-5.2109,2.5295631067961164,1,0,0,0,0,0,0,0,0,0,0,0,1,0,1,0,0,0,0,0,1,0,0,0,0,0,0,1,0,0,0,0,1.9459101490553132,6.244166900663736,0.0,515.0,78.0,0,0,0,0,0,0,1,0,0,0,0,0,0,0,0,1,0,0,0,0,0,0,0,0,0,0,0,0,1,0,0,0,0.051,0.5454545454545454,2008,32
83,0,1,0,0,1,0,-0.2819,0.2586238532110091,1,0,0,0,0,0,0,0,0,0,0,0,1,0,1,0,0,0,0,0,1,0,0,0,0,0,0,1,0,0,0,0,1.9459101490553132,3.2188758248682006,0.0,25.0,78.0,0,0,0,0,0,0,1,0,0,0,0,0,0,0,0,1,0,0,0,0,0,0,0,0,0,0,0,0,1,0,0,0,0.051,0.5454545454545454,2008,32
83,0,1,0,0,1,0,-5.9341,2.503839662447257,0,0,0,0,0,0,0,0,0,1,1,0,0,0,1,0,0,0,0,0,1,0,0,0,0,0,0,1,0,0,0,0,1.9459101490553132,5.823045895483019,0.0,338.0,80.0,0,0,0,0,0,0,1,0,0,0,0,0,0,0,0,1,0,0,0,0,0,0,0,0,0,0,0,0,1,0,0,0,0.051,0.5454545454545454,2008,32
83,0,1,0,0,1,0,-5.7229,2.601318181818182,0,0,0,0,0,0,0,0,0,1,1,0,0,0,1,0,0,0,0,0,1,0,0,0,0,0,0,1,0,0,0,0,1.9459101490553132,5.768320995793772,0.0,320.0,80.0,0,0,0,0,0,0,1,0,0,0,0,0,0,0,0,1,0,0,0,0,0,0,0,0,0,0,0,0,1,0,0,0,0.051,0.5454545454545454,2008,32
83,0,1,0,0,1,0,-0.1399,0.13715686274509803,0,0,0,0,0,0,0,0,0,1,1,0,0,0,1,0,0,0,0,0,1,0,0,0,0,0,0,1,0,0,0,0,1.9459101490553132,2.8903717578961645,0.0,18.0,80.0,0,0,0,0,0,0,1,0,0,0,0,0,0,0,0,1,0,0,0,0,0,0,0,0,0,0,0,0,1,0,0,0,0.051,0.5454545454545454,2008,32
83,0,1,0,0,1,0,-1.6816,2.5098507462686563,0,0,0,0,0,0,0,1,0,0,0,1,0,0,1,0,0,0,0,0,1,0,0,0,0,0,0,1,0,0,0,0,1.9459101490553132,5.8377304471659395,0.0,343.0,79.5,0,0,0,0,0,0,1,0,0,0,0,0,0,0,0,1,0,0,0,0,0,0,0,0,0,0,0,0,1,0,0,0,0.051,0.5454545454545454,2008,32
83,0,1,0,0,1,0,-1.6816,2.547878787878788,0,0,0,0,0,0,0,1,0,0,0,1,0,0,1,0,0,0,0,0,1,0,0,0,0,0,0,1,0,0,0,0,1.9459101490553132,5.777652323222656,0.0,323.0,79.5,0,0,0,0,0,0,1,0,0,0,0,0,0,0,0,1,0,0,0,0,0,0,0,0,0,0,0,0,1,0,0,0,0.051,0.5454545454545454,2008,32
83,0,1,0,0,1,0,-0.8444,2.63875,0,0,0,0,0,0,0,1,0,0,0,1,0,0,1,0,0,0,0,0,1,0,0,0,0,0,0,1,0,0,0,0,1.9459101490553132,2.995732273553991,0.0,20.0,79.5,0,0,0,0,0,0,1,0,0,0,0,0,0,0,0,1,0,0,0,0,0,0,0,0,0,0,0,0,1,0,0,0,0.051,0.5454545454545454,2008,32
83,0,1,0,0,1,0,2.3028,3.8317647058823527,1,0,0,0,0,0,0,0,0,0,0,0,1,0,1,0,0,0,0,0,1,0,0,0,0,0,0,1,0,0,0,0,1.9459101490553132,4.605170185988092,0.0,100.0,79.0,0,0,0,0,0,0,1,0,0,0,0,0,0,0,0,1,0,0,0,0,0,0,0,0,0,0,0,0,1,0,0,0,0.051,0.5454545454545454,2008,32
83,0,1,0,0,1,0,1.777,6.475,1,0,0,0,0,0,0,0,0,0,0,0,1,0,1,0,0,0,0,0,1,0,0,0,0,0,0,1,0,0,0,0,1.9459101490553132,4.605170185988092,0.0,100.0,79.0,0,0,0,0,0,0,1,0,0,0,0,0,0,0,0,1,0,0,0,0,0,0,0,0,0,0,0,0,1,0,0,0,0.051,0.5454545454545454,2008,32
83,0,1,0,0,1,0,2.9753,3.527321428571428,1,0,0,0,0,0,0,0,0,0,0,0,1,0,1,0,0,0,0,0,1,0,0,0,0,0,0,1,0,0,0,0,1.9459101490553132,4.605170185988092,0.0,100.0,79.0,0,0,0,0,0,0,1,0,0,0,0,0,0,0,0,1,0,0,0,0,0,0,0,0,0,0,0,0,1,0,0,0,0.051,0.5454545454545454,2008,32
83,0,1,0,0,1,0,2.5285,3.322826086956522,1,0,0,0,0,0,0,0,0,0,0,0,1,0,1,0,0,0,0,0,1,0,0,0,0,0,0,1,0,0,0,0,1.9459101490553132,4.605170185988092,0.0,100.0,79.0,0,0,0,0,0,0,1,0,0,0,0,0,0,0,0,1,0,0,0,0,0,0,0,0,0,0,0,0,1,0,0,0,0.051,0.5454545454545454,2008,32
83,0,1,0,0,1,0,1.3248,1.412173913043478,1,0,0,0,0,0,0,0,0,0,0,0,1,0,1,0,0,0,0,0,1,0,0,0,0,0,0,1,0,0,0,0,1.9459101490553132,4.605170185988092,0.0,100.0,79.0,0,0,0,0,0,0,1,0,0,0,0,0,0,0,0,1,0,0,0,0,0,0,0,0,0,0,0,0,1,0,0,0,0.051,0.5454545454545454,2008,32
83,0,1,0,0,1,0,15.9279,14.353749999999998,1,0,0,0,0,0,0,0,0,0,0,0,1,0,1,0,0,0,0,0,1,0,0,0,0,0,0,1,0,0,0,0,1.9459101490553132,5.198497031265826,0.0,181.0,84.5,0,0,0,0,0,0,1,0,0,0,0,0,0,0,0,1,0,0,0,0,0,0,0,0,0,0,0,0,1,0,0,0,0.051,0.5454545454545454,2008,32
83,0,1,0,0,1,0,15.8935,8.007258064516128,1,0,0,0,0,0,0,0,0,0,0,0,1,0,1,0,0,0,0,0,1,0,0,0,0,0,0,1,0,0,0,0,1.9459101490553132,5.198497031265826,0.0,181.0,84.5,0,0,0,0,0,0,1,0,0,0,0,0,0,0,0,1,0,0,0,0,0,0,0,0,0,0,0,0,1,0,0,0,0.051,0.5454545454545454,2008,32
83,0,1,0,0,1,0,8.4489,7.162403846153846,1,0,0,0,0,0,0,0,0,0,0,0,1,0,1,0,0,0,0,0,1,0,0,0,0,0,0,1,0,0,0,0,1.9459101490553132,5.198497031265826,0.0,181.0,84.5,0,0,0,0,0,0,1,0,0,0,0,0,0,0,0,1,0,0,0,0,0,0,0,0,0,0,0,0,1,0,0,0,0.051,0.5454545454545454,2008,32
83,0,1,0,0,1,0,11.3066,7.414820143884892,1,0,0,0,0,0,0,0,0,0,0,0,1,0,1,0,0,0,0,0,1,0,0,0,0,0,0,1,0,0,0,0,1.9459101490553132,5.198497031265826,0.0,181.0,84.5,0,0,0,0,0,0,1,0,0,0,0,0,0,0,0,1,0,0,0,0,0,0,0,0,0,0,0,0,1,0,0,0,0.051,0.5454545454545454,2008,32
83,0,1,0,0,1,0,16.9114,14.870467289719626,1,0,0,0,0,0,0,0,0,0,0,0,1,0,1,0,0,0,0,0,1,0,0,0,0,0,0,1,0,0,0,0,1.9459101490553132,5.198497031265826,0.0,181.0,84.5,0,0,0,0,0,0,1,0,0,0,0,0,0,0,0,1,0,0,0,0,0,0,0,0,0,0,0,0,1,0,0,0,0.051,0.5454545454545454,2008,32
83,0,1,0,0,1,0,-1.8496,8.635151515151513,0,0,0,0,0,0,0,0,0,1,1,0,0,0,1,0,0,0,0,0,1,0,0,0,0,0,0,1,0,0,0,0,1.9459101490553132,4.605170185988092,0.0,100.0,79.0,0,0,0,0,0,0,1,0,0,0,0,0,0,0,0,1,0,0,0,0,0,0,0,0,0,0,0,0,1,0,0,0,0.051,0.5454545454545454,2008,32
83,0,1,0,0,1,0,-1.2184,10.563809523809525,0,0,0,0,0,0,0,0,0,1,1,0,0,0,1,0,0,0,0,0,1,0,0,0,0,0,0,1,0,0,0,0,1.9459101490553132,4.605170185988092,0.0,100.0,79.0,0,0,0,0,0,0,1,0,0,0,0,0,0,0,0,1,0,0,0,0,0,0,0,0,0,0,0,0,1,0,0,0,0.051,0.5454545454545454,2008,32
83,0,1,0,0,1,0,-2.0631,9.282121212121211,0,0,0,0,0,0,0,0,0,1,1,0,0,0,1,0,0,0,0,0,1,0,0,0,0,0,0,1,0,0,0,0,1.9459101490553132,4.605170185988092,0.0,100.0,79.0,0,0,0,0,0,0,1,0,0,0,0,0,0,0,0,1,0,0,0,0,0,0,0,0,0,0,0,0,1,0,0,0,0.051,0.5454545454545454,2008,32
83,0,1,0,0,1,0,-1.8553,8.9228125,0,0,0,0,0,0,0,0,0,1,1,0,0,0,1,0,0,0,0,0,1,0,0,0,0,0,0,1,0,0,0,0,1.9459101490553132,4.605170185988092,0.0,100.0,79.0,0,0,0,0,0,0,1,0,0,0,0,0,0,0,0,1,0,0,0,0,0,0,0,0,0,0,0,0,1,0,0,0,0.051,0.5454545454545454,2008,32
83,0,1,0,0,1,0,-1.4793,9.182592592592593,0,0,0,0,0,0,0,0,0,1,1,0,0,0,1,0,0,0,0,0,1,0,0,0,0,0,0,1,0,0,0,0,1.9459101490553132,4.605170185988092,0.0,100.0,79.0,0,0,0,0,0,0,1,0,0,0,0,0,0,0,0,1,0,0,0,0,0,0,0,0,0,0,0,0,1,0,0,0,0.051,0.5454545454545454,2008,32
83,0,1,0,0,1,0,1.7358,1.7111627906976745,0,0,0,0,0,0,0,0,0,1,1,0,0,0,1,0,0,0,0,0,1,0,0,0,0,0,0,1,0,0,0,0,1.9459101490553132,5.198497031265826,0.0,181.0,84.5,0,0,0,0,0,0,1,0,0,0,0,0,0,0,0,1,0,0,0,0,0,0,0,0,0,0,0,0,1,0,0,0,0.051,0.5454545454545454,2008,32
83,0,1,0,0,1,0,1.1345,0.4637931034482761,0,0,0,0,0,0,0,0,0,1,1,0,0,0,1,0,0,0,0,0,1,0,0,0,0,0,0,1,0,0,0,0,1.9459101490553132,5.198497031265826,0.0,181.0,84.5,0,0,0,0,0,0,1,0,0,0,0,0,0,0,0,1,0,0,0,0,0,0,0,0,0,0,0,0,1,0,0,0,0.051,0.5454545454545454,2008,32
83,0,1,0,0,1,0,1.056,0.20000000000000015,0,0,0,0,0,0,0,0,0,1,1,0,0,0,1,0,0,0,0,0,1,0,0,0,0,0,0,1,0,0,0,0,1.9459101490553132,5.198497031265826,0.0,181.0,84.5,0,0,0,0,0,0,1,0,0,0,0,0,0,0,0,1,0,0,0,0,0,0,0,0,0,0,0,0,1,0,0,0,0.051,0.5454545454545454,2008,32
83,0,1,0,0,1,0,0.5377,3.302142857142857,0,0,0,0,0,0,0,0,0,1,1,0,0,0,1,0,0,0,0,0,1,0,0,0,0,0,0,1,0,0,0,0,1.9459101490553132,5.198497031265826,0.0,181.0,84.5,0,0,0,0,0,0,1,0,0,0,0,0,0,0,0,1,0,0,0,0,0,0,0,0,0,0,0,0,1,0,0,0,0.051,0.5454545454545454,2008,32
83,0,1,0,0,1,0,1.3762,0.9900000000000002,0,0,0,0,0,0,0,0,0,1,1,0,0,0,1,0,0,0,0,0,1,0,0,0,0,0,0,1,0,0,0,0,1.9459101490553132,5.198497031265826,0.0,181.0,84.5,0,0,0,0,0,0,1,0,0,0,0,0,0,0,0,1,0,0,0,0,0,0,0,0,0,0,0,0,1,0,0,0,0.051,0.5454545454545454,2008,32
83,0,1,0,0,1,0,-23.8681,13.157724867724868,0,0,0,0,0,0,0,1,0,0,0,1,0,0,1,0,0,0,0,0,1,0,0,0,0,0,0,1,0,0,0,0,1.9459101490553132,4.605170185988092,0.0,100.0,79.0,0,0,0,0,0,0,1,0,0,0,0,0,0,0,0,1,0,0,0,0,0,0,0,0,0,0,0,0,1,0,0,0,0.051,0.5454545454545454,2008,32
83,0,1,0,0,1,0,-18.6028,14.204927536231883,0,0,0,0,0,0,0,1,0,0,0,1,0,0,1,0,0,0,0,0,1,0,0,0,0,0,0,1,0,0,0,0,1.9459101490553132,4.605170185988092,0.0,100.0,79.0,0,0,0,0,0,0,1,0,0,0,0,0,0,0,0,1,0,0,0,0,0,0,0,0,0,0,0,0,1,0,0,0,0.051,0.5454545454545454,2008,32
83,0,1,0,0,1,0,-9.2352,11.500224719101125,0,0,0,0,0,0,0,1,0,0,0,1,0,0,1,0,0,0,0,0,1,0,0,0,0,0,0,1,0,0,0,0,1.9459101490553132,4.605170185988092,0.0,100.0,79.0,0,0,0,0,0,0,1,0,0,0,0,0,0,0,0,1,0,0,0,0,0,0,0,0,0,0,0,0,1,0,0,0,0.051,0.5454545454545454,2008,32
83,0,1,0,0,1,0,-11.302,16.852054794520548,0,0,0,0,0,0,0,1,0,0,0,1,0,0,1,0,0,0,0,0,1,0,0,0,0,0,0,1,0,0,0,0,1.9459101490553132,4.605170185988092,0.0,100.0,79.0,0,0,0,0,0,0,1,0,0,0,0,0,0,0,0,1,0,0,0,0,0,0,0,0,0,0,0,0,1,0,0,0,0.051,0.5454545454545454,2008,32
83,0,1,0,0,1,0,-20.1086,18.680176991150443,0,0,0,0,0,0,0,1,0,0,0,1,0,0,1,0,0,0,0,0,1,0,0,0,0,0,0,1,0,0,0,0,1.9459101490553132,4.605170185988092,0.0,100.0,79.0,0,0,0,0,0,0,1,0,0,0,0,0,0,0,0,1,0,0,0,0,0,0,0,0,0,0,0,0,1,0,0,0,0.051,0.5454545454545454,2008,32
83,0,1,0,0,1,0,-3.7151,6.8334782608695654,0,0,0,0,0,0,0,1,0,0,0,1,0,0,1,0,0,0,0,0,1,0,0,0,0,0,0,1,0,0,0,0,1.9459101490553132,5.198497031265826,0.0,181.0,84.5,0,0,0,0,0,0,1,0,0,0,0,0,0,0,0,1,0,0,0,0,0,0,0,0,0,0,0,0,1,0,0,0,0.051,0.5454545454545454,2008,32
83,0,1,0,0,1,0,-4.4951,4.162954545454546,0,0,0,0,0,0,0,1,0,0,0,1,0,0,1,0,0,0,0,0,1,0,0,0,0,0,0,1,0,0,0,0,1.9459101490553132,5.198497031265826,0.0,181.0,84.5,0,0,0,0,0,0,1,0,0,0,0,0,0,0,0,1,0,0,0,0,0,0,0,0,0,0,0,0,1,0,0,0,0.051,0.5454545454545454,2008,32
83,0,1,0,0,1,0,-6.3661,4.025191256830601,0,0,0,0,0,0,0,1,0,0,0,1,0,0,1,0,0,0,0,0,1,0,0,0,0,0,0,1,0,0,0,0,1.9459101490553132,5.198497031265826,0.0,181.0,84.5,0,0,0,0,0,0,1,0,0,0,0,0,0,0,0,1,0,0,0,0,0,0,0,0,0,0,0,0,1,0,0,0,0.051,0.5454545454545454,2008,32
83,0,1,0,0,1,0,-5.6875,5.104961832061068,0,0,0,0,0,0,0,1,0,0,0,1,0,0,1,0,0,0,0,0,1,0,0,0,0,0,0,1,0,0,0,0,1.9459101490553132,5.198497031265826,0.0,181.0,84.5,0,0,0,0,0,0,1,0,0,0,0,0,0,0,0,1,0,0,0,0,0,0,0,0,0,0,0,0,1,0,0,0,0.051,0.5454545454545454,2008,32
83,0,1,0,0,1,0,-3.8691,4.593490566037735,0,0,0,0,0,0,0,1,0,0,0,1,0,0,1,0,0,0,0,0,1,0,0,0,0,0,0,1,0,0,0,0,1.9459101490553132,5.198497031265826,0.0,181.0,84.5,0,0,0,0,0,0,1,0,0,0,0,0,0,0,0,1,0,0,0,0,0,0,0,0,0,0,0,0,1,0,0,0,0.051,0.5454545454545454,2008,32
153,0,1,0,0,1,0,-5.259,3.202,0,0,0,0,0,1,0,0,0,0,1,0,0,0,1,0,0,0,0,0,0,1,0,0,0,0,0,0,0,1,0,0,0.0,5.5254529391317835,0.0,251.0,65.5,0,0,0,0,0,0,1,0,0,0,0,0,0,0,0,0,0,0,0,0,1,0,0,0,0,0,0,0,0,0,0,1,0.051,1.0,2005,29
153,0,1,0,0,1,0,-0.66,1.361,0,0,0,0,0,1,0,0,0,0,1,0,0,0,1,0,0,0,0,0,0,1,0,0,0,0,0,0,0,1,0,0,0.0,5.5254529391317835,0.0,251.0,65.5,0,0,0,0,0,0,1,0,0,0,0,0,0,0,0,0,0,0,0,0,0,1,0,0,0,0,0,0,0,0,0,1,0.051,1.0,2005,29
153,0,1,0,0,1,0,0.049,1.957,1,0,0,0,0,0,0,0,0,0,0,0,1,0,1,0,0,0,0,0,0,1,0,0,0,0,0,0,0,1,0,0,0.0,5.5254529391317835,0.0,251.0,65.5,0,0,0,0,0,0,1,0,0,0,0,0,0,0,0,0,0,0,0,0,1,0,0,0,0,0,0,0,0,0,0,1,0.051,1.0,2005,29
153,0,1,0,0,1,0,-1.912,0.871,1,0,0,0,0,0,0,0,0,0,0,0,1,0,1,0,0,0,0,0,0,1,0,0,0,0,0,0,0,1,0,0,0.0,5.5254529391317835,0.0,251.0,65.5,0,0,0,0,0,0,1,0,0,0,0,0,0,0,0,0,0,0,0,0,0,1,0,0,0,0,0,0,0,0,0,1,0.051,1.0,2005,29
153,0,1,0,0,1,0,-4.379,2.735,0,0,0,0,1,0,0,0,0,0,1,0,0,0,1,0,0,0,0,0,0,1,0,0,0,0,0,0,0,1,0,0,0.0,5.5254529391317835,0.0,251.0,65.5,0,0,0,0,0,0,1,0,0,0,0,0,0,0,0,0,0,0,0,0,1,0,0,0,0,0,0,0,0,0,0,1,0.051,1.0,2005,29
153,0,1,0,0,1,0,1.946,0.833,0,0,0,0,1,0,0,0,0,0,1,0,0,0,1,0,0,0,0,0,0,1,0,0,0,0,0,0,0,1,0,0,0.0,5.5254529391317835,0.0,251.0,65.5,0,0,0,0,0,0,1,0,0,0,0,0,0,0,0,0,0,0,0,0,0,1,0,0,0,0,0,0,0,0,0,1,0.051,1.0,2005,29
153,0,1,0,0,1,0,-2.733,1.497,0,0,0,1,0,0,0,0,0,0,1,0,0,0,1,0,0,0,0,0,0,1,0,0,0,0,0,0,0,1,0,0,0.0,5.5254529391317835,0.0,251.0,65.5,0,0,0,0,0,0,1,0,0,0,0,0,0,0,0,0,0,0,0,0,1,0,0,0,0,0,0,0,0,0,0,1,0.051,1.0,2005,29
153,0,1,0,0,1,0,1.616,2.83,0,0,0,1,0,0,0,0,0,0,1,0,0,0,1,0,0,0,0,0,0,1,0,0,0,0,0,0,0,1,0,0,0.0,5.5254529391317835,0.0,251.0,65.5,0,0,0,0,0,0,1,0,0,0,0,0,0,0,0,0,0,0,0,0,0,1,0,0,0,0,0,0,0,0,0,1,0.051,1.0,2005,29
153,0,1,0,0,1,0,-4.564,1.114,0,0,0,0,0,0,0,1,0,0,0,1,0,0,1,0,0,0,0,0,0,1,0,0,0,0,0,0,0,1,0,0,0.0,5.5254529391317835,0.0,251.0,65.5,0,0,0,0,0,0,1,0,0,0,0,0,0,0,0,0,0,0,0,0,1,0,0,0,0,0,0,0,0,0,0,1,0.051,1.0,2005,29
153,0,1,0,0,1,0,4.128,6.082,0,0,0,0,0,0,0,1,0,0,0,1,0,0,1,0,0,0,0,0,0,1,0,0,0,0,0,0,0,1,0,0,0.0,5.5254529391317835,0.0,251.0,65.5,0,0,0,0,0,0,1,0,0,0,0,0,0,0,0,0,0,0,0,0,0,1,0,0,0,0,0,0,0,0,0,1,0.051,1.0,2005,29
153,0,1,0,0,1,0,-2.944,1.18,0,0,0,0,0,0,0,0,1,0,1,0,0,0,1,0,0,0,0,0,0,1,0,0,0,0,0,0,0,1,0,0,0.0,5.5254529391317835,0.0,251.0,65.5,0,0,0,0,0,0,1,0,0,0,0,0,0,0,0,0,0,0,0,0,1,0,0,0,0,0,0,0,0,0,0,1,0.051,1.0,2005,29
153,0,1,0,0,1,0,-1.8,4.563,0,0,0,0,0,0,0,0,1,0,1,0,0,0,1,0,0,0,0,0,0,1,0,0,0,0,0,0,0,1,0,0,0.0,5.5254529391317835,0.0,251.0,65.5,0,0,0,0,0,0,1,0,0,0,0,0,0,0,0,0,0,0,0,0,0,1,0,0,0,0,0,0,0,0,0,1,0.051,1.0,2005,29
153,0,1,0,0,1,0,0.425,1.537,0,0,0,0,0,1,0,0,0,0,1,0,0,0,1,0,0,0,0,0,0,1,0,0,0,0,0,0,0,1,0,0,0.0,5.043425116919247,0.0,155.0,70.0,0,0,0,0,0,0,1,0,0,0,0,0,0,0,0,0,0,0,0,0,0,1,0,0,0,0,0,0,0,0,0,1,0.051,1.0,2005,29
153,0,1,0,0,1,0,-0.334,2.645,1,0,0,0,0,0,0,0,0,0,0,0,1,0,1,0,0,0,0,0,0,1,0,0,0,0,0,0,0,1,0,0,0.0,5.043425116919247,0.0,155.0,70.0,0,0,0,0,0,0,1,0,0,0,0,0,0,0,0,0,0,0,0,0,1,0,0,0,0,0,0,0,0,0,0,1,0.051,1.0,2005,29
153,0,1,0,0,1,0,-1.875,1.068,1,0,0,0,0,0,0,0,0,0,0,0,1,0,1,0,0,0,0,0,0,1,0,0,0,0,0,0,0,1,0,0,0.0,5.043425116919247,0.0,155.0,70.0,0,0,0,0,0,0,1,0,0,0,0,0,0,0,0,0,0,0,0,0,0,1,0,0,0,0,0,0,0,0,0,1,0.051,1.0,2005,29
153,0,1,0,0,1,0,-4.388,4.824,0,0,0,0,1,0,0,0,0,0,1,0,0,0,1,0,0,0,0,0,0,1,0,0,0,0,0,0,0,1,0,0,0.0,5.043425116919247,0.0,155.0,70.0,0,0,0,0,0,0,1,0,0,0,0,0,0,0,0,0,0,0,0,0,1,0,0,0,0,0,0,0,0,0,0,1,0.051,1.0,2005,29
153,0,1,0,0,1,0,1.553,1.512,0,0,0,0,1,0,0,0,0,0,1,0,0,0,1,0,0,0,0,0,0,1,0,0,0,0,0,0,0,1,0,0,0.0,5.043425116919247,0.0,155.0,70.0,0,0,0,0,0,0,1,0,0,0,0,0,0,0,0,0,0,0,0,0,0,1,0,0,0,0,0,0,0,0,0,1,0.051,1.0,2005,29
153,0,1,0,0,1,0,-0.628,2.145,0,0,0,1,0,0,0,0,0,0,1,0,0,0,1,0,0,0,0,0,0,1,0,0,0,0,0,0,0,1,0,0,0.0,5.043425116919247,0.0,155.0,70.0,0,0,0,0,0,0,1,0,0,0,0,0,0,0,0,0,0,0,0,0,1,0,0,0,0,0,0,0,0,0,0,1,0.051,1.0,2005,29
153,0,1,0,0,1,0,1.565,2.864,0,0,0,1,0,0,0,0,0,0,1,0,0,0,1,0,0,0,0,0,0,1,0,0,0,0,0,0,0,1,0,0,0.0,5.043425116919247,0.0,155.0,70.0,0,0,0,0,0,0,1,0,0,0,0,0,0,0,0,0,0,0,0,0,0,1,0,0,0,0,0,0,0,0,0,1,0.051,1.0,2005,29
153,0,1,0,0,1,0,-5.534,1.711,0,0,0,0,0,0,0,1,0,0,0,1,0,0,1,0,0,0,0,0,0,1,0,0,0,0,0,0,0,1,0,0,0.0,5.043425116919247,0.0,155.0,70.0,0,0,0,0,0,0,1,0,0,0,0,0,0,0,0,0,0,0,0,0,1,0,0,0,0,0,0,0,0,0,0,1,0.051,1.0,2005,29
153,0,1,0,0,1,0,4.993,10.895,0,0,0,0,0,0,0,1,0,0,0,1,0,0,1,0,0,0,0,0,0,1,0,0,0,0,0,0,0,1,0,0,0.0,5.043425116919247,0.0,155.0,70.0,0,0,0,0,0,0,1,0,0,0,0,0,0,0,0,0,0,0,0,0,0,1,0,0,0,0,0,0,0,0,0,1,0.051,1.0,2005,29
153,0,1,0,0,1,0,-0.994,1.676,0,0,0,0,0,0,0,0,1,0,1,0,0,0,1,0,0,0,0,0,0,1,0,0,0,0,0,0,0,1,0,0,0.0,5.043425116919247,0.0,155.0,70.0,0,0,0,0,0,0,1,0,0,0,0,0,0,0,0,0,0,0,0,0,1,0,0,0,0,0,0,0,0,0,0,1,0.051,1.0,2005,29
153,0,1,0,0,1,0,-1.8,4.631,0,0,0,0,0,0,0,0,1,0,1,0,0,0,1,0,0,0,0,0,0,1,0,0,0,0,0,0,0,1,0,0,0.0,5.043425116919247,0.0,155.0,70.0,0,0,0,0,0,0,1,0,0,0,0,0,0,0,0,0,0,0,0,0,0,1,0,0,0,0,0,0,0,0,0,1,0.051,1.0,2005,29
153,0,1,0,0,1,0,-4.94,3.491,0,0,0,0,0,1,0,0,0,0,1,0,0,0,1,0,0,0,0,0,0,1,0,0,0,0,0,0,0,1,0,0,0.0,4.553876891600541,0.0,95.0,61.5,0,0,0,0,0,0,1,0,0,0,0,0,0,0,0,0,0,0,0,0,1,0,0,0,0,0,0,0,0,0,0,1,0.051,1.0,2005,29
153,0,1,0,0,1,0,-3.789,2.842,0,0,0,0,0,1,0,0,0,0,1,0,0,0,1,0,0,0,0,0,0,1,0,0,0,0,0,0,0,1,0,0,0.0,4.553876891600541,0.0,95.0,61.5,0,0,0,0,0,0,1,0,0,0,0,0,0,0,0,0,0,0,0,0,0,1,0,0,0,0,0,0,0,0,0,1,0.051,1.0,2005,29
153,0,1,0,0,1,0,0.371,2.961,1,0,0,0,0,0,0,0,0,0,0,0,1,0,1,0,0,0,0,0,0,1,0,0,0,0,0,0,0,1,0,0,0.0,4.553876891600541,0.0,95.0,61.5,0,0,0,0,0,0,1,0,0,0,0,0,0,0,0,0,0,0,0,0,1,0,0,0,0,0,0,0,0,0,0,1,0.051,1.0,2005,29
153,0,1,0,0,1,0,-2.231,1.561,1,0,0,0,0,0,0,0,0,0,0,0,1,0,1,0,0,0,0,0,0,1,0,0,0,0,0,0,0,1,0,0,0.0,4.553876891600541,0.0,95.0,61.5,0,0,0,0,0,0,1,0,0,0,0,0,0,0,0,0,0,0,0,0,0,1,0,0,0,0,0,0,0,0,0,1,0.051,1.0,2005,29
153,0,1,0,0,1,0,0.214,4.515,0,0,0,0,1,0,0,0,0,0,1,0,0,0,1,0,0,0,0,0,0,1,0,0,0,0,0,0,0,1,0,0,0.0,4.553876891600541,0.0,95.0,61.5,0,0,0,0,0,0,1,0,0,0,0,0,0,0,0,0,0,0,0,0,1,0,0,0,0,0,0,0,0,0,0,1,0.051,1.0,2005,29
153,0,1,0,0,1,0,2.044,1.084,0,0,0,0,1,0,0,0,0,0,1,0,0,0,1,0,0,0,0,0,0,1,0,0,0,0,0,0,0,1,0,0,0.0,4.553876891600541,0.0,95.0,61.5,0,0,0,0,0,0,1,0,0,0,0,0,0,0,0,0,0,0,0,0,0,1,0,0,0,0,0,0,0,0,0,1,0.051,1.0,2005,29
153,0,1,0,0,1,0,-4.884,2.336,0,0,0,1,0,0,0,0,0,0,1,0,0,0,1,0,0,0,0,0,0,1,0,0,0,0,0,0,0,1,0,0,0.0,4.553876891600541,0.0,95.0,61.5,0,0,0,0,0,0,1,0,0,0,0,0,0,0,0,0,0,0,0,0,1,0,0,0,0,0,0,0,0,0,0,1,0.051,1.0,2005,29
153,0,1,0,0,1,0,-3.839,1.499,0,0,0,0,0,0,0,1,0,0,0,1,0,0,1,0,0,0,0,0,0,1,0,0,0,0,0,0,0,1,0,0,0.0,4.553876891600541,0.0,95.0,61.5,0,0,0,0,0,0,1,0,0,0,0,0,0,0,0,0,0,0,0,0,1,0,0,0,0,0,0,0,0,0,0,1,0.051,1.0,2005,29
153,0,1,0,0,1,0,-5.113,1.661,0,0,0,0,0,0,0,0,1,0,1,0,0,0,1,0,0,0,0,0,0,1,0,0,0,0,0,0,0,1,0,0,0.0,4.553876891600541,0.0,95.0,61.5,0,0,0,0,0,0,1,0,0,0,0,0,0,0,0,0,0,0,0,0,1,0,0,0,0,0,0,0,0,0,0,1,0.051,1.0,2005,29
27,1,0,0,1,0,0,1.122,0.0013,1,0,0,0,0,0,0,0,0,0,0,0,1,0,1,0,0,0,0,0,0,1,0,0,0,0,0,1,0,0,0,0,3.4011973816621555,7.618251097876695,0.0,2035.0,72.5,1,0,0,0,0,0,0,0,0,1,0,0,0,0,0,1,0,0,0,0,0,0,0,0,0,0,0,0,0,0,0,1,0.045,0.35294117647058826,2002,26
27,1,0,0,1,0,0,1.0011,0.003,1,0,0,0,0,0,0,0,0,0,1,0,0,0,1,0,0,0,0,0,0,1,0,0,0,0,0,1,0,0,0,0,3.4011973816621555,7.618251097876695,0.0,2035.0,72.5,1,0,0,0,0,0,0,0,0,1,0,0,0,0,0,1,0,0,0,0,0,0,0,0,0,0,0,0,0,0,0,1,0.045,0.35294117647058826,2002,26
27,1,0,0,1,0,0,0.9997,0.0034,1,0,0,0,0,0,0,0,0,0,1,0,0,0,1,0,0,0,0,0,0,1,0,0,0,0,0,1,0,0,0,0,3.4011973816621555,7.618251097876695,0.0,2035.0,72.5,1,0,0,0,0,0,0,0,0,1,0,0,0,0,0,1,0,0,0,0,0,0,0,0,0,0,0,0,0,0,0,1,0.045,0.35294117647058826,2002,26
27,1,0,0,1,0,0,1.014,0.00123,1,0,0,0,0,0,0,0,0,0,0,0,1,0,1,0,0,0,0,0,0,1,0,0,0,0,0,1,0,0,0,0,3.4011973816621555,7.618251097876695,0.0,2035.0,72.5,1,0,0,0,0,0,0,0,0,1,0,0,0,0,0,1,0,0,0,0,0,0,0,0,0,0,0,0,0,0,0,1,0.045,0.35294117647058826,2002,26
27,1,0,0,1,0,0,1.002,0.0067,1,0,0,0,0,0,0,0,0,0,1,0,0,0,1,0,0,0,0,0,0,1,0,0,0,0,0,1,0,0,0,0,3.4011973816621555,7.618251097876695,0.0,2035.0,72.5,1,0,0,0,0,0,0,0,0,1,0,0,0,0,0,1,0,0,0,0,0,0,0,0,0,0,0,0,0,0,0,1,0.045,0.35294117647058826,2002,26
27,1,0,0,1,0,0,1.002,0.009,0,0,0,0,1,0,0,0,0,0,1,0,0,0,1,0,0,0,0,0,0,1,0,0,0,0,0,1,0,0,0,0,3.4011973816621555,7.618251097876695,0.0,2035.0,72.5,1,0,0,0,0,0,0,0,0,1,0,0,0,0,0,1,0,0,0,0,0,0,0,0,0,0,0,0,0,0,0,1,0.045,0.35294117647058826,2002,26
27,1,0,0,1,0,0,1.0005,0.003,0,0,0,1,0,0,0,0,0,0,1,0,0,0,1,0,0,0,0,0,0,1,0,0,0,0,0,1,0,0,0,0,3.4011973816621555,7.618251097876695,0.0,2035.0,72.5,1,0,0,0,0,0,0,0,0,1,0,0,0,0,0,1,0,0,0,0,0,0,0,0,0,0,0,0,0,0,0,1,0.045,0.35294117647058826,2002,26
27,1,0,0,1,0,0,0.96,0.04,1,0,0,0,0,0,0,0,0,0,0,1,0,0,1,0,0,0,0,0,0,1,0,0,0,0,0,1,0,0,0,0,3.4011973816621555,7.618251097876695,0.0,2035.0,72.5,1,0,0,0,0,0,0,0,0,1,0,0,0,0,0,1,0,0,0,0,0,0,0,0,0,0,0,0,0,0,0,1,0.045,0.35294117647058826,2002,26
27,1,0,0,1,0,0,1.01,0.004,0,0,0,0,0,0,1,0,0,0,1,0,0,0,1,0,0,0,0,0,0,1,0,0,0,0,0,1,0,0,0,0,3.4011973816621555,7.618251097876695,0.0,2035.0,72.5,1,0,0,0,0,0,0,0,0,1,0,0,0,0,0,1,0,0,0,0,0,0,0,0,0,0,0,0,0,0,0,1,0.045,0.35294117647058826,2002,26
27,1,0,0,1,0,0,0.976,0.017,0,0,0,0,0,0,0,1,0,0,0,1,0,0,1,0,0,0,0,0,0,1,0,0,0,0,0,1,0,0,0,0,3.4011973816621555,7.618251097876695,0.0,2035.0,72.5,1,0,0,0,0,0,0,0,0,1,0,0,0,0,0,1,0,0,0,0,0,0,0,0,0,0,0,0,0,0,0,1,0.045,0.35294117647058826,2002,26
27,1,0,0,1,0,0,0.997,0.0035,1,0,0,0,0,0,0,0,0,0,1,0,0,0,1,0,0,0,0,0,0,1,0,0,0,0,0,1,0,0,0,0,3.4011973816621555,7.618251097876695,0.0,2035.0,72.5,1,0,0,0,0,0,0,0,0,1,0,0,0,0,0,1,0,0,0,0,0,0,0,0,0,0,0,0,0,0,0,1,0.045,0.35294117647058826,2002,26
27,1,0,0,1,0,0,1.0051,0.0026,1,0,0,0,0,0,0,0,0,0,1,0,0,0,1,0,0,0,0,0,0,1,0,0,0,0,0,1,0,0,0,0,3.4011973816621555,7.618251097876695,0.0,2035.0,72.5,1,0,0,0,0,0,0,0,0,1,0,0,0,0,0,1,0,0,0,0,0,0,0,0,0,0,0,0,0,0,0,1,0.045,0.35294117647058826,2002,26
27,1,0,0,1,0,0,1.007,0.0067,1,0,0,0,0,0,0,0,0,0,0,1,0,0,1,0,0,0,0,0,0,1,0,0,0,0,0,1,0,0,0,0,3.4011973816621555,7.618251097876695,0.0,2035.0,72.5,1,0,0,0,0,0,0,0,0,1,0,0,0,0,0,1,0,0,0,0,0,0,0,0,0,0,0,0,0,0,0,1,0.045,0.35294117647058826,2002,26
27,1,0,0,1,0,0,7.06,13.29,1,0,0,0,0,0,0,0,0,0,1,0,0,0,1,0,0,0,0,0,0,1,0,0,0,0,0,1,0,0,0,0,3.4011973816621555,7.618251097876695,0.0,2035.0,72.5,1,0,0,0,0,0,0,0,0,1,0,0,0,0,0,1,0,0,0,0,0,0,0,0,0,0,0,0,0,0,0,1,0.045,0.35294117647058826,2002,26
27,1,0,0,1,0,0,1.017,0.005,1,0,0,0,0,0,0,0,0,0,1,0,0,0,1,0,0,0,0,0,0,1,0,0,0,0,0,1,0,0,0,0,3.4011973816621555,7.618251097876695,0.0,2035.0,72.5,1,0,0,0,0,0,0,0,0,1,0,0,0,0,0,1,0,0,0,0,0,0,0,0,0,0,0,0,0,0,0,1,0.045,0.35294117647058826,2002,26
27,1,0,0,1,0,0,0.995,0.0024,0,0,0,0,0,0,0,0,1,0,1,0,0,0,1,0,0,0,0,0,0,1,0,0,0,0,0,1,0,0,0,0,3.4011973816621555,7.618251097876695,0.0,2035.0,72.5,1,0,0,0,0,0,0,0,0,1,0,0,0,0,0,1,0,0,0,0,0,0,0,0,0,0,0,0,0,0,0,1,0.045,0.35294117647058826,2002,26
27,1,0,0,1,0,0,1.019,0.0021,0,0,0,0,0,1,0,0,0,0,1,0,0,0,1,0,0,0,0,0,0,1,0,0,0,0,0,1,0,0,0,0,3.4011973816621555,7.618251097876695,0.0,2035.0,72.5,1,0,0,0,0,0,0,0,0,1,0,0,0,0,0,1,0,0,0,0,0,0,0,0,0,0,0,0,0,0,0,1,0.045,0.35294117647058826,2002,26
27,1,0,0,1,0,0,1.001,0.002,1,0,0,0,0,0,0,0,0,0,0,0,1,0,1,0,0,0,0,0,0,1,0,0,0,0,0,1,0,0,0,0,3.4011973816621555,5.030437921392435,0.0,153.0,76.0,1,0,0,0,0,0,0,0,0,1,0,0,0,0,0,1,0,0,0,0,0,0,0,0,0,0,0,0,0,0,0,1,0.045,0.35294117647058826,2002,26
27,1,0,0,1,0,0,1.005,0.001,1,0,0,0,0,0,0,0,0,0,1,0,0,0,1,0,0,0,0,0,0,1,0,0,0,0,0,1,0,0,0,0,3.4011973816621555,5.030437921392435,0.0,153.0,76.0,1,0,0,0,0,0,0,0,0,1,0,0,0,0,0,1,0,0,0,0,0,0,0,0,0,0,0,0,0,0,0,1,0.045,0.35294117647058826,2002,26
27,1,0,0,1,0,0,1.003,0.001,1,0,0,0,0,0,0,0,0,0,1,0,0,0,1,0,0,0,0,0,0,1,0,0,0,0,0,1,0,0,0,0,3.4011973816621555,5.030437921392435,0.0,153.0,76.0,1,0,0,0,0,0,0,0,0,1,0,0,0,0,0,1,0,0,0,0,0,0,0,0,0,0,0,0,0,0,0,1,0.045,0.35294117647058826,2002,26
27,1,0,0,1,0,0,0.99,0.004,1,0,0,0,0,0,0,0,0,0,0,0,1,0,1,0,0,0,0,0,0,1,0,0,0,0,0,1,0,0,0,0,3.4011973816621555,5.030437921392435,0.0,153.0,76.0,1,0,0,0,0,0,0,0,0,1,0,0,0,0,0,1,0,0,0,0,0,0,0,0,0,0,0,0,0,0,0,1,0.045,0.35294117647058826,2002,26
27,1,0,0,1,0,0,1.011,0.0016,1,0,0,0,0,0,0,0,0,0,1,0,0,0,1,0,0,0,0,0,0,1,0,0,0,0,0,1,0,0,0,0,3.4011973816621555,5.030437921392435,0.0,153.0,76.0,1,0,0,0,0,0,0,0,0,1,0,0,0,0,0,1,0,0,0,0,0,0,0,0,0,0,0,0,0,0,0,1,0.045,0.35294117647058826,2002,26
27,1,0,0,1,0,0,1.004,0.511,0,0,0,0,1,0,0,0,0,0,1,0,0,0,1,0,0,0,0,0,0,1,0,0,0,0,0,1,0,0,0,0,3.4011973816621555,5.030437921392435,0.0,153.0,76.0,1,0,0,0,0,0,0,0,0,1,0,0,0,0,0,1,0,0,0,0,0,0,0,0,0,0,0,0,0,0,0,1,0.045,0.35294117647058826,2002,26
27,1,0,0,1,0,0,1.009,0.006,0,0,0,1,0,0,0,0,0,0,1,0,0,0,1,0,0,0,0,0,0,1,0,0,0,0,0,1,0,0,0,0,3.4011973816621555,5.030437921392435,0.0,153.0,76.0,1,0,0,0,0,0,0,0,0,1,0,0,0,0,0,1,0,0,0,0,0,0,0,0,0,0,0,0,0,0,0,1,0.045,0.35294117647058826,2002,26
27,1,0,0,1,0,0,0.102,0.072,1,0,0,0,0,0,0,0,0,0,0,1,0,0,1,0,0,0,0,0,0,1,0,0,0,0,0,1,0,0,0,0,3.4011973816621555,5.030437921392435,0.0,153.0,76.0,1,0,0,0,0,0,0,0,0,1,0,0,0,0,0,1,0,0,0,0,0,0,0,0,0,0,0,0,0,0,0,1,0.045,0.35294117647058826,2002,26
27,1,0,0,1,0,0,1.0062,0.007,0,0,0,0,0,0,1,0,0,0,1,0,0,0,1,0,0,0,0,0,0,1,0,0,0,0,0,1,0,0,0,0,3.4011973816621555,5.030437921392435,0.0,153.0,76.0,1,0,0,0,0,0,0,0,0,1,0,0,0,0,0,1,0,0,0,0,0,0,0,0,0,0,0,0,0,0,0,1,0.045,0.35294117647058826,2002,26
27,1,0,0,1,0,0,1.005,0.0005,0,0,0,0,0,0,0,1,0,0,0,1,0,0,1,0,0,0,0,0,0,1,0,0,0,0,0,1,0,0,0,0,3.4011973816621555,5.030437921392435,0.0,153.0,76.0,1,0,0,0,0,0,0,0,0,1,0,0,0,0,0,1,0,0,0,0,0,0,0,0,0,0,0,0,0,0,0,1,0.045,0.35294117647058826,2002,26
27,1,0,0,1,0,0,1.008,0.0074,1,0,0,0,0,0,0,0,0,0,1,0,0,0,1,0,0,0,0,0,0,1,0,0,0,0,0,1,0,0,0,0,3.4011973816621555,5.030437921392435,0.0,153.0,76.0,1,0,0,0,0,0,0,0,0,1,0,0,0,0,0,1,0,0,0,0,0,0,0,0,0,0,0,0,0,0,0,1,0.045,0.35294117647058826,2002,26
27,1,0,0,1,0,0,1.303,0.31,1,0,0,0,0,0,0,0,0,0,1,0,0,0,1,0,0,0,0,0,0,1,0,0,0,0,0,1,0,0,0,0,3.4011973816621555,5.030437921392435,0.0,153.0,76.0,1,0,0,0,0,0,0,0,0,1,0,0,0,0,0,1,0,0,0,0,0,0,0,0,0,0,0,0,0,0,0,1,0.045,0.35294117647058826,2002,26
27,1,0,0,1,0,0,1.701,0.0215,1,0,0,0,0,0,0,0,0,0,0,1,0,0,1,0,0,0,0,0,0,1,0,0,0,0,0,1,0,0,0,0,3.4011973816621555,5.030437921392435,0.0,153.0,76.0,1,0,0,0,0,0,0,0,0,1,0,0,0,0,0,1,0,0,0,0,0,0,0,0,0,0,0,0,0,0,0,1,0.045,0.35294117647058826,2002,26
27,1,0,0,1,0,0,1.0075,0.015,1,0,0,0,0,0,0,0,0,0,1,0,0,0,1,0,0,0,0,0,0,1,0,0,0,0,0,1,0,0,0,0,3.4011973816621555,5.030437921392435,0.0,153.0,76.0,1,0,0,0,0,0,0,0,0,1,0,0,0,0,0,1,0,0,0,0,0,0,0,0,0,0,0,0,0,0,0,1,0.045,0.35294117647058826,2002,26
27,1,0,0,1,0,0,1.007,0.0021,1,0,0,0,0,0,0,0,0,0,1,0,0,0,1,0,0,0,0,0,0,1,0,0,0,0,0,1,0,0,0,0,3.4011973816621555,5.030437921392435,0.0,153.0,76.0,1,0,0,0,0,0,0,0,0,1,0,0,0,0,0,1,0,0,0,0,0,0,0,0,0,0,0,0,0,0,0,1,0.045,0.35294117647058826,2002,26
27,1,0,0,1,0,0,0.999,0.0071,0,0,0,0,0,0,0,0,1,0,1,0,0,0,1,0,0,0,0,0,0,1,0,0,0,0,0,1,0,0,0,0,3.4011973816621555,5.030437921392435,0.0,153.0,76.0,1,0,0,0,0,0,0,0,0,1,0,0,0,0,0,1,0,0,0,0,0,0,0,0,0,0,0,0,0,0,0,1,0.045,0.35294117647058826,2002,26
27,1,0,0,1,0,0,1.016,0.025,0,0,0,0,0,1,0,0,0,0,1,0,0,0,1,0,0,0,0,0,0,1,0,0,0,0,0,1,0,0,0,0,3.4011973816621555,5.030437921392435,0.0,153.0,76.0,1,0,0,0,0,0,0,0,0,1,0,0,0,0,0,1,0,0,0,0,0,0,0,0,0,0,0,0,0,0,0,1,0.045,0.35294117647058826,2002,26
27,1,0,0,1,0,0,0.9719,0.0573,1,0,0,0,0,0,0,0,0,0,0,0,0,1,1,0,0,0,0,0,0,1,0,0,0,0,0,1,0,0,0,0,3.4011973816621555,5.030437921392435,2.833213344056216,2601.0,76.0,1,0,0,0,0,0,0,0,0,0,0,0,0,0,1,1,0,0,0,0,0,0,0,0,0,0,0,0,0,0,0,1,0.045,0.35294117647058826,2002,26
58,1,0,0,1,0,0,0.9992,6.737923272284629,1,0,0,0,0,0,0,0,0,0,0,0,1,0,1,0,0,0,0,0,0,1,0,0,0,0,0,0,0,1,0,0,0.0,6.016157159698354,0.0,410.0,68.0,0,0,0,0,0,0,1,0,0,0,0,0,0,0,0,1,0,0,0,0,0,0,0,0,0,0,0,0,0,0,0,1,0.045,0.625,2011,35
58,1,0,0,1,0,0,0.97767,0.4328400085235747,0,0,0,0,0,1,0,0,0,0,1,0,0,0,1,0,0,0,0,0,0,1,0,0,0,0,0,0,0,1,0,0,0.0,6.016157159698354,0.0,410.0,68.0,0,0,0,0,0,0,1,0,0,0,0,0,0,0,0,1,0,0,0,0,0,0,0,0,0,0,0,0,0,0,0,1,0.045,0.625,2011,35
58,1,0,0,1,0,0,0.98611,0.523649116887641,0,0,0,0,0,0,0,0,1,0,1,0,0,0,1,0,0,0,0,0,0,1,0,0,0,0,0,0,0,1,0,0,0.0,6.016157159698354,0.0,410.0,68.0,0,0,0,0,0,0,1,0,0,0,0,0,0,0,0,1,0,0,0,0,0,0,0,0,0,0,0,0,0,0,0,1,0.045,0.625,2011,35
58,1,0,0,1,0,0,0.8188,0.18536741109218902,1,0,0,0,0,0,0,0,0,0,0,0,1,0,1,0,0,0,0,0,0,1,0,0,0,0,0,0,0,1,0,0,0.0,6.016157159698354,0.0,410.0,68.0,0,0,0,0,0,1,1,0,0,0,0,0,0,0,0,1,0,0,0,0,0,0,0,0,0,0,0,0,0,0,0,1,0.045,0.625,2011,35
58,1,0,0,1,0,0,0.8384,0.18980463783548032,0,0,0,0,0,1,0,0,0,0,1,0,0,0,1,0,0,0,0,0,0,1,0,0,0,0,0,0,0,1,0,0,0.0,6.016157159698354,0.0,410.0,68.0,0,0,0,0,0,1,1,0,0,0,0,0,0,0,0,1,0,0,0,0,0,0,0,0,0,0,0,0,0,0,0,1,0.045,0.625,2011,35
58,1,0,0,1,0,0,0.8838,0.2000827038633081,0,0,0,0,0,0,0,0,1,0,1,0,0,0,1,0,0,0,0,0,0,1,0,0,0,0,0,0,0,1,0,0,0.0,6.016157159698354,0.0,410.0,68.0,0,0,0,0,0,1,1,0,0,0,0,0,0,0,0,1,0,0,0,0,0,0,0,0,0,0,0,0,0,0,0,1,0.045,0.625,2011,35
58,0,1,0,0,1,0,-1.31242,8.850065313262402,1,0,0,0,0,0,0,0,0,0,0,0,1,0,1,0,0,0,0,0,0,1,0,0,0,0,0,0,0,1,0,0,0.0,6.016157159698354,0.0,410.0,68.0,0,0,0,0,0,0,1,0,0,0,0,0,0,0,0,1,0,0,0,0,0,0,0,0,0,0,0,0,0,0,0,1,0.045,0.625,2011,35
58,0,1,0,0,1,0,-1.71111,0.7575530260566181,0,0,0,0,0,1,0,0,0,0,1,0,0,0,1,0,0,0,0,0,0,1,0,0,0,0,0,0,0,1,0,0,0.0,6.016157159698354,0.0,410.0,68.0,0,0,0,0,0,0,1,0,0,0,0,0,0,0,0,1,0,0,0,0,0,0,0,0,0,0,0,0,0,0,0,1,0.045,0.625,2011,35
58,0,1,0,0,1,0,-4.26602,2.265363504705372,0,0,0,0,0,0,0,0,1,0,1,0,0,0,1,0,0,0,0,0,0,1,0,0,0,0,0,0,0,1,0,0,0.0,6.016157159698354,0.0,410.0,68.0,0,0,0,0,0,0,1,0,0,0,0,0,0,0,0,1,0,0,0,0,0,0,0,0,0,0,0,0,0,0,0,1,0.045,0.625,2011,35
68,1,0,0,1,0,0,-1.435,0.792,0,0,0,1,0,0,0,0,0,0,1,0,0,0,1,0,0,0,0,0,0,1,0,0,0,0,0,0,0,1,0,0,0.0,5.634789603169249,0.0,280.0,63.5,0,0,0,0,0,1,1,0,0,0,0,0,0,0,0,1,0,0,0,0,0,0,0,0,0,0,0,0,0,0,1,0,0.045,0.17647058823529413,2002,26
68,1,0,0,1,0,0,-1.651,0.7084,0,0,0,0,0,1,0,0,0,0,1,0,0,0,1,0,0,0,0,0,0,1,0,0,0,0,0,0,0,1,0,0,0.0,5.634789603169249,0.0,280.0,63.5,0,0,0,0,0,1,1,0,0,0,0,0,0,0,0,1,0,0,0,0,0,0,0,0,0,0,0,0,0,0,1,0,0.045,0.17647058823529413,2002,26
68,1,0,0,1,0,0,-1.197,0.5831,0,0,0,0,0,0,0,1,0,0,0,1,0,0,1,0,0,0,0,0,0,1,0,0,0,0,0,0,0,1,0,0,0.0,5.634789603169249,0.0,280.0,63.5,0,0,0,0,0,1,1,0,0,0,0,0,0,0,0,1,0,0,0,0,0,0,0,0,0,0,0,0,0,0,1,0,0.045,0.17647058823529413,2002,26
68,1,0,0,1,0,0,1.02,0.061,0,0,0,1,0,0,0,0,0,0,1,0,0,0,1,0,0,0,0,0,0,1,0,0,0,0,0,0,0,1,0,0,0.0,5.634789603169249,0.0,280.0,63.5,0,1,0,0,0,0,1,0,0,0,0,0,0,0,0,1,0,0,0,0,0,0,0,0,0,0,0,0,0,0,1,0,0.045,0.17647058823529413,2002,26
68,1,0,0,1,0,0,1.075,0.061,0,0,0,0,0,1,0,0,0,0,1,0,0,0,1,0,0,0,0,0,0,1,0,0,0,0,0,0,0,1,0,0,0.0,5.634789603169249,0.0,280.0,63.5,0,1,0,0,0,0,1,0,0,0,0,0,0,0,0,1,0,0,0,0,0,0,0,0,0,0,0,0,0,0,1,0,0.045,0.17647058823529413,2002,26
68,1,0,0,1,0,0,1.095,0.0613,0,0,0,0,0,0,0,1,0,0,0,1,0,0,1,0,0,0,0,0,0,1,0,0,0,0,0,0,0,1,0,0,0.0,5.634789603169249,0.0,280.0,63.5,0,1,0,0,0,0,1,0,0,0,0,0,0,0,0,1,0,0,0,0,0,0,0,0,0,0,0,0,0,0,1,0,0.045,0.17647058823529413,2002,26
68,0,1,0,0,1,0,-0.73,0.717,0,0,0,1,0,0,0,0,0,0,1,0,0,0,1,0,0,0,0,0,0,1,0,0,0,0,0,0,0,1,0,0,0.0,5.634789603169249,0.0,280.0,63.5,0,0,0,0,0,0,1,0,0,0,0,0,0,0,0,1,0,0,0,0,0,0,0,0,0,0,0,0,0,0,1,0,0.045,0.17647058823529413,2002,26
68,0,1,0,0,1,0,-1.55,0.713,0,0,0,0,0,1,0,0,0,0,1,0,0,0,1,0,0,0,0,0,0,1,0,0,0,0,0,0,0,1,0,0,0.0,5.634789603169249,0.0,280.0,63.5,0,0,0,0,0,0,1,0,0,0,0,0,0,0,0,1,0,0,0,0,0,0,0,0,0,0,0,0,0,0,1,0,0.045,0.17647058823529413,2002,26
68,0,1,0,0,1,0,-1.218,0.582,0,0,0,0,0,0,0,1,0,0,0,1,0,0,1,0,0,0,0,0,0,1,0,0,0,0,0,0,0,1,0,0,0.0,5.634789603169249,0.0,280.0,63.5,0,0,0,0,0,0,1,0,0,0,0,0,0,0,0,1,0,0,0,0,0,0,0,0,0,0,0,0,0,0,1,0,0.045,0.17647058823529413,2002,26
132,0,1,0,0,1,0,0.371,0.292,0,0,0,0,0,1,0,0,0,0,1,0,0,0,1,0,0,0,0,0,0,1,0,0,0,0,0,0,1,0,0,0,1.3862943611198906,6.461468176353717,0.0,640.0,72.5,1,0,0,0,0,0,1,0,0,0,0,0,0,0,0,1,0,0,0,0,0,0,0,0,0,0,0,0,0,1,0,0,0.045,1.0714285714285714,2005,29
132,0,1,0,0,1,0,-0.26,0.248,0,0,0,0,0,0,0,1,0,0,0,1,0,0,1,0,0,0,0,0,0,1,0,0,0,0,0,0,1,0,0,0,1.3862943611198906,6.461468176353717,0.0,640.0,72.5,1,0,0,0,0,0,1,0,0,0,0,0,0,0,0,1,0,0,0,0,0,0,0,0,0,0,0,0,0,1,0,0,0.045,1.0714285714285714,2005,29
132,0,1,0,0,1,0,0.148,0.274,0,0,0,0,0,0,0,0,1,0,1,0,0,0,1,0,0,0,0,0,0,1,0,0,0,0,0,0,1,0,0,0,1.3862943611198906,6.461468176353717,0.0,640.0,72.5,1,0,0,0,0,0,1,0,0,0,0,0,0,0,0,1,0,0,0,0,0,0,0,0,0,0,0,0,0,1,0,0,0.045,1.0714285714285714,2005,29
132,0,1,0,0,1,0,0.06,0.065,0,0,0,0,0,1,0,0,0,0,1,0,0,0,1,0,0,0,0,0,0,1,0,0,0,0,0,0,1,0,0,0,1.3862943611198906,6.461468176353717,0.0,640.0,72.5,1,0,0,0,0,0,1,0,0,0,0,0,0,0,0,1,0,0,0,0,0,0,0,0,0,0,0,0,0,0,0,1,0.045,1.0714285714285714,2005,29
132,0,1,0,0,1,0,0.021,0.065,0,0,0,0,0,1,0,0,0,0,1,0,0,0,1,0,0,0,0,0,0,1,0,0,0,0,0,0,1,0,0,0,1.3862943611198906,6.461468176353717,0.0,640.0,72.5,1,0,0,0,0,0,1,0,0,0,0,0,0,0,0,1,0,0,0,0,0,0,0,0,0,0,0,0,0,0,0,1,0.045,1.0714285714285714,2005,29
132,0,1,0,0,1,0,-0.039,0.05,0,0,0,0,0,1,0,0,0,0,1,0,0,0,1,0,0,0,0,0,0,1,0,0,0,0,0,0,1,0,0,0,1.3862943611198906,6.461468176353717,0.0,640.0,72.5,1,0,0,0,0,0,1,0,0,0,0,0,0,0,0,1,0,0,0,0,0,0,0,0,0,0,0,0,0,0,0,1,0.045,1.0714285714285714,2005,29
132,0,1,0,0,1,0,0.001,0.057,0,0,0,0,0,1,0,0,0,0,1,0,0,0,1,0,0,0,0,0,0,1,0,0,0,0,0,0,1,0,0,0,1.3862943611198906,6.461468176353717,0.0,640.0,72.5,1,0,0,0,0,0,1,0,0,0,0,0,0,0,0,1,0,0,0,0,0,0,0,0,0,0,0,0,0,0,0,1,0.045,1.0714285714285714,2005,29
132,0,1,0,0,1,0,-0.011,0.056,0,0,0,0,0,1,0,0,0,0,1,0,0,0,1,0,0,0,0,0,0,1,0,0,0,0,0,0,1,0,0,0,1.3862943611198906,6.461468176353717,0.0,640.0,72.5,1,0,0,0,0,0,1,0,0,0,0,0,0,0,0,1,0,0,0,0,0,0,0,0,0,0,0,0,0,0,0,1,0.045,1.0714285714285714,2005,29
132,0,1,0,0,1,0,-0.009,0.047,0,0,0,0,0,0,0,1,0,0,0,1,0,0,1,0,0,0,0,0,0,1,0,0,0,0,0,0,1,0,0,0,1.3862943611198906,6.461468176353717,0.0,640.0,72.5,1,0,0,0,0,0,1,0,0,0,0,0,0,0,0,1,0,0,0,0,0,0,0,0,0,0,0,0,0,0,0,1,0.045,1.0714285714285714,2005,29
132,0,1,0,0,1,0,-0.031,0.047,0,0,0,0,0,0,0,1,0,0,0,1,0,0,1,0,0,0,0,0,0,1,0,0,0,0,0,0,1,0,0,0,1.3862943611198906,6.461468176353717,0.0,640.0,72.5,1,0,0,0,0,0,1,0,0,0,0,0,0,0,0,1,0,0,0,0,0,0,0,0,0,0,0,0,0,0,0,1,0.045,1.0714285714285714,2005,29
132,0,1,0,0,1,0,-0.023,0.034,0,0,0,0,0,0,0,1,0,0,0,1,0,0,1,0,0,0,0,0,0,1,0,0,0,0,0,0,1,0,0,0,1.3862943611198906,6.461468176353717,0.0,640.0,72.5,1,0,0,0,0,0,1,0,0,0,0,0,0,0,0,1,0,0,0,0,0,0,0,0,0,0,0,0,0,0,0,1,0.045,1.0714285714285714,2005,29
132,0,1,0,0,1,0,-0.016,0.04,0,0,0,0,0,0,0,1,0,0,0,1,0,0,1,0,0,0,0,0,0,1,0,0,0,0,0,0,1,0,0,0,1.3862943611198906,6.461468176353717,0.0,640.0,72.5,1,0,0,0,0,0,1,0,0,0,0,0,0,0,0,1,0,0,0,0,0,0,0,0,0,0,0,0,0,0,0,1,0.045,1.0714285714285714,2005,29
132,0,1,0,0,1,0,-0.028,0.042,0,0,0,0,0,0,0,1,0,0,0,1,0,0,1,0,0,0,0,0,0,1,0,0,0,0,0,0,1,0,0,0,1.3862943611198906,6.461468176353717,0.0,640.0,72.5,1,0,0,0,0,0,1,0,0,0,0,0,0,0,0,1,0,0,0,0,0,0,0,0,0,0,0,0,0,0,0,1,0.045,1.0714285714285714,2005,29
132,0,1,0,0,1,0,0.135,0.065,0,0,0,0,0,0,0,0,1,0,1,0,0,0,1,0,0,0,0,0,0,1,0,0,0,0,0,0,1,0,0,0,1.3862943611198906,6.461468176353717,0.0,640.0,72.5,1,0,0,0,0,0,1,0,0,0,0,0,0,0,0,1,0,0,0,0,0,0,0,0,0,0,0,0,0,0,0,1,0.045,1.0714285714285714,2005,29
132,0,1,0,0,1,0,0.117,0.064,0,0,0,0,0,0,0,0,1,0,1,0,0,0,1,0,0,0,0,0,0,1,0,0,0,0,0,0,1,0,0,0,1.3862943611198906,6.461468176353717,0.0,640.0,72.5,1,0,0,0,0,0,1,0,0,0,0,0,0,0,0,1,0,0,0,0,0,0,0,0,0,0,0,0,0,0,0,1,0.045,1.0714285714285714,2005,29
132,0,1,0,0,1,0,0.06,0.049,0,0,0,0,0,0,0,0,1,0,1,0,0,0,1,0,0,0,0,0,0,1,0,0,0,0,0,0,1,0,0,0,1.3862943611198906,6.461468176353717,0.0,640.0,72.5,1,0,0,0,0,0,1,0,0,0,0,0,0,0,0,1,0,0,0,0,0,0,0,0,0,0,0,0,0,0,0,1,0.045,1.0714285714285714,2005,29
132,0,1,0,0,1,0,0.089,0.05,0,0,0,0,0,0,0,0,1,0,1,0,0,0,1,0,0,0,0,0,0,1,0,0,0,0,0,0,1,0,0,0,1.3862943611198906,6.461468176353717,0.0,640.0,72.5,1,0,0,0,0,0,1,0,0,0,0,0,0,0,0,1,0,0,0,0,0,0,0,0,0,0,0,0,0,0,0,1,0.045,1.0714285714285714,2005,29
132,0,1,0,0,1,0,0.044,0.052,0,0,0,0,0,0,0,0,1,0,1,0,0,0,1,0,0,0,0,0,0,1,0,0,0,0,0,0,1,0,0,0,1.3862943611198906,6.461468176353717,0.0,640.0,72.5,1,0,0,0,0,0,1,0,0,0,0,0,0,0,0,1,0,0,0,0,0,0,0,0,0,0,0,0,0,0,0,1,0.045,1.0714285714285714,2005,29
132,0,1,0,0,1,0,0.088,0.07,0,0,0,0,0,1,0,0,0,0,1,0,0,0,1,0,0,0,0,0,0,1,0,0,0,0,0,0,1,0,0,0,1.3862943611198906,6.461468176353717,0.0,640.0,72.5,1,0,0,0,0,0,1,0,0,0,0,0,0,0,0,1,0,0,0,0,0,0,0,0,0,0,0,0,0,0,0,1,0.045,1.0714285714285714,2005,29
132,0,1,0,0,1,0,0.027,0.078,0,0,0,0,0,1,0,0,0,0,1,0,0,0,1,0,0,0,0,0,0,1,0,0,0,0,0,0,1,0,0,0,1.3862943611198906,6.461468176353717,0.0,640.0,72.5,1,0,0,0,0,0,1,0,0,0,0,0,0,0,0,1,0,0,0,0,0,0,0,0,0,0,0,0,0,0,0,1,0.045,1.0714285714285714,2005,29
132,0,1,0,0,1,0,-0.04,0.06,0,0,0,0,0,1,0,0,0,0,1,0,0,0,1,0,0,0,0,0,0,1,0,0,0,0,0,0,1,0,0,0,1.3862943611198906,6.461468176353717,0.0,640.0,72.5,1,0,0,0,0,0,1,0,0,0,0,0,0,0,0,1,0,0,0,0,0,0,0,0,0,0,0,0,0,0,0,1,0.045,1.0714285714285714,2005,29
132,0,1,0,0,1,0,0.024,0.067,0,0,0,0,0,1,0,0,0,0,1,0,0,0,1,0,0,0,0,0,0,1,0,0,0,0,0,0,1,0,0,0,1.3862943611198906,6.461468176353717,0.0,640.0,72.5,1,0,0,0,0,0,1,0,0,0,0,0,0,0,0,1,0,0,0,0,0,0,0,0,0,0,0,0,0,0,0,1,0.045,1.0714285714285714,2005,29
132,0,1,0,0,1,0,-0.033,0.069,0,0,0,0,0,1,0,0,0,0,1,0,0,0,1,0,0,0,0,0,0,1,0,0,0,0,0,0,1,0,0,0,1.3862943611198906,6.461468176353717,0.0,640.0,72.5,1,0,0,0,0,0,1,0,0,0,0,0,0,0,0,1,0,0,0,0,0,0,0,0,0,0,0,0,0,0,0,1,0.045,1.0714285714285714,2005,29
132,0,1,0,0,1,0,-0.126,0.11,0,0,0,0,0,0,0,1,0,0,0,1,0,0,1,0,0,0,0,0,0,1,0,0,0,0,0,0,1,0,0,0,1.3862943611198906,6.461468176353717,0.0,640.0,72.5,1,0,0,0,0,0,1,0,0,0,0,0,0,0,0,1,0,0,0,0,0,0,0,0,0,0,0,0,0,0,0,1,0.045,1.0714285714285714,2005,29
132,0,1,0,0,1,0,-0.197,0.08,0,0,0,0,0,0,0,1,0,0,0,1,0,0,1,0,0,0,0,0,0,1,0,0,0,0,0,0,1,0,0,0,1.3862943611198906,6.461468176353717,0.0,640.0,72.5,1,0,0,0,0,0,1,0,0,0,0,0,0,0,0,1,0,0,0,0,0,0,0,0,0,0,0,0,0,0,0,1,0.045,1.0714285714285714,2005,29
132,0,1,0,0,1,0,-0.082,0.052,0,0,0,0,0,0,0,1,0,0,0,1,0,0,1,0,0,0,0,0,0,1,0,0,0,0,0,0,1,0,0,0,1.3862943611198906,6.461468176353717,0.0,640.0,72.5,1,0,0,0,0,0,1,0,0,0,0,0,0,0,0,1,0,0,0,0,0,0,0,0,0,0,0,0,0,0,0,1,0.045,1.0714285714285714,2005,29
132,0,1,0,0,1,0,-0.094,0.064,0,0,0,0,0,0,0,1,0,0,0,1,0,0,1,0,0,0,0,0,0,1,0,0,0,0,0,0,1,0,0,0,1.3862943611198906,6.461468176353717,0.0,640.0,72.5,1,0,0,0,0,0,1,0,0,0,0,0,0,0,0,1,0,0,0,0,0,0,0,0,0,0,0,0,0,0,0,1,0.045,1.0714285714285714,2005,29
132,0,1,0,0,1,0,-0.107,0.064,0,0,0,0,0,0,0,1,0,0,0,1,0,0,1,0,0,0,0,0,0,1,0,0,0,0,0,0,1,0,0,0,1.3862943611198906,6.461468176353717,0.0,640.0,72.5,1,0,0,0,0,0,1,0,0,0,0,0,0,0,0,1,0,0,0,0,0,0,0,0,0,0,0,0,0,0,0,1,0.045,1.0714285714285714,2005,29
132,0,1,0,0,1,0,0.165,0.075,0,0,0,0,0,0,0,0,1,0,1,0,0,0,1,0,0,0,0,0,0,1,0,0,0,0,0,0,1,0,0,0,1.3862943611198906,6.461468176353717,0.0,640.0,72.5,1,0,0,0,0,0,1,0,0,0,0,0,0,0,0,1,0,0,0,0,0,0,0,0,0,0,0,0,0,0,0,1,0.045,1.0714285714285714,2005,29
132,0,1,0,0,1,0,0.262,0.08,0,0,0,0,0,0,0,0,1,0,1,0,0,0,1,0,0,0,0,0,0,1,0,0,0,0,0,0,1,0,0,0,1.3862943611198906,6.461468176353717,0.0,640.0,72.5,1,0,0,0,0,0,1,0,0,0,0,0,0,0,0,1,0,0,0,0,0,0,0,0,0,0,0,0,0,0,0,1,0.045,1.0714285714285714,2005,29
132,0,1,0,0,1,0,0.132,0.052,0,0,0,0,0,0,0,0,1,0,1,0,0,0,1,0,0,0,0,0,0,1,0,0,0,0,0,0,1,0,0,0,1.3862943611198906,6.461468176353717,0.0,640.0,72.5,1,0,0,0,0,0,1,0,0,0,0,0,0,0,0,1,0,0,0,0,0,0,0,0,0,0,0,0,0,0,0,1,0.045,1.0714285714285714,2005,29
132,0,1,0,0,1,0,0.063,3.42,0,0,0,0,0,0,0,0,1,0,1,0,0,0,1,0,0,0,0,0,0,1,0,0,0,0,0,0,1,0,0,0,1.3862943611198906,6.461468176353717,0.0,640.0,72.5,1,0,0,0,0,0,1,0,0,0,0,0,0,0,0,1,0,0,0,0,0,0,0,0,0,0,0,0,0,0,0,1,0.045,1.0714285714285714,2005,29
132,0,1,0,0,1,0,0.068,2.045,0,0,0,0,0,0,0,0,1,0,1,0,0,0,1,0,0,0,0,0,0,1,0,0,0,0,0,0,1,0,0,0,1.3862943611198906,6.461468176353717,0.0,640.0,72.5,1,0,0,0,0,0,1,0,0,0,0,0,0,0,0,1,0,0,0,0,0,0,0,0,0,0,0,0,0,0,0,1,0.045,1.0714285714285714,2005,29
31,1,0,0,1,0,0,0.986,0.02058455114822547,0,0,0,0,0,1,0,0,0,0,1,0,0,0,1,0,0,0,0,0,0,0,1,0,0,0,0,0,0,1,0,0,1.0986122886681098,4.290459441148391,0.0,73.0,56.0,1,0,0,0,0,0,0,0,0,0,0,0,1,0,0,1,0,0,0,0,0,0,0,0,0,0,0,0,0,0,1,0,0.043,1.2121212121212122,1986,10
31,1,0,0,1,0,0,-0.764,0.4063829787234043,0,0,0,0,0,1,0,0,0,0,1,0,0,0,1,0,0,0,0,0,0,0,1,0,0,0,0,0,0,1,0,0,1.0986122886681098,4.290459441148391,0.0,73.0,56.0,1,0,0,0,0,1,0,0,0,0,0,0,1,0,0,1,0,0,0,0,0,0,0,0,0,0,0,0,0,0,1,0,0.043,1.2121212121212122,1986,10
31,1,0,0,1,0,0,1.448,0.0921119592875318,0,0,0,0,0,1,0,0,0,0,1,0,0,0,1,0,0,0,0,0,0,0,1,0,0,0,0,0,0,1,0,0,1.0986122886681098,4.290459441148391,0.0,73.0,56.0,1,1,0,0,0,0,0,0,0,0,0,0,1,0,0,1,0,0,0,0,0,0,0,0,0,0,0,0,0,0,1,0,0.043,1.2121212121212122,1986,10
31,1,0,0,1,0,0,1.013,0.020531009323064446,0,0,0,0,1,0,0,0,0,0,1,0,0,0,1,0,0,0,0,0,0,0,1,0,0,0,0,0,0,1,0,0,1.0986122886681098,4.290459441148391,0.0,73.0,56.0,1,0,0,0,0,0,0,0,0,0,0,0,1,0,0,1,0,0,0,0,0,0,0,0,0,0,0,0,0,0,1,0,0.043,1.2121212121212122,1986,10
31,1,0,0,1,0,0,-0.106,0.053266331658291456,0,0,0,0,1,0,0,0,0,0,1,0,0,0,1,0,0,0,0,0,0,0,1,0,0,0,0,0,0,1,0,0,1.0986122886681098,4.290459441148391,0.0,73.0,56.0,1,0,0,0,0,1,0,0,0,0,0,0,1,0,0,1,0,0,0,0,0,0,0,0,0,0,0,0,0,0,1,0,0.043,1.2121212121212122,1986,10
31,1,0,0,1,0,0,1.275,0.10111022997620936,0,0,0,0,1,0,0,0,0,0,1,0,0,0,1,0,0,0,0,0,0,0,1,0,0,0,0,0,0,1,0,0,1.0986122886681098,4.290459441148391,0.0,73.0,56.0,1,1,0,0,0,0,0,0,0,0,0,0,1,0,0,1,0,0,0,0,0,0,0,0,0,0,0,0,0,0,1,0,0.043,1.2121212121212122,1986,10
31,1,0,0,1,0,0,0.962,0.018657874321179206,0,0,0,1,0,0,0,0,0,0,1,0,0,0,1,0,0,0,0,0,0,0,1,0,0,0,0,0,0,1,0,0,1.0986122886681098,4.290459441148391,0.0,73.0,56.0,1,0,0,0,0,0,0,0,0,0,0,0,1,0,0,1,0,0,0,0,0,0,0,0,0,0,0,0,0,0,1,0,0.043,1.2121212121212122,1986,10
31,1,0,0,1,0,0,-1.06,0.7310344827586207,0,0,0,1,0,0,0,0,0,0,1,0,0,0,1,0,0,0,0,0,0,0,1,0,0,0,0,0,0,1,0,0,1.0986122886681098,4.290459441148391,0.0,73.0,56.0,1,0,0,0,0,1,0,0,0,0,0,0,1,0,0,1,0,0,0,0,0,0,0,0,0,0,0,0,0,0,1,0,0.043,1.2121212121212122,1986,10
31,1,0,0,1,0,0,1.293,0.09606240713224368,0,0,0,1,0,0,0,0,0,0,1,0,0,0,1,0,0,0,0,0,0,0,1,0,0,0,0,0,0,1,0,0,1.0986122886681098,4.290459441148391,0.0,73.0,56.0,1,1,0,0,0,0,0,0,0,0,0,0,1,0,0,1,0,0,0,0,0,0,0,0,0,0,0,0,0,0,1,0,0.043,1.2121212121212122,1986,10
31,1,0,0,1,0,0,0.987,0.019509784542399683,1,0,0,0,0,0,0,0,0,0,0,0,1,0,1,0,0,0,0,0,0,0,1,0,0,0,0,0,0,1,0,0,1.0986122886681098,4.290459441148391,0.0,73.0,56.0,1,0,0,0,0,0,0,0,0,0,0,0,1,0,0,1,0,0,0,0,0,0,0,0,0,0,0,0,0,0,1,0,0.043,1.2121212121212122,1986,10
31,1,0,0,1,0,0,-1.529,0.878735632183908,1,0,0,0,0,0,0,0,0,0,0,0,1,0,1,0,0,0,0,0,0,0,1,0,0,0,0,0,0,1,0,0,1.0986122886681098,4.290459441148391,0.0,73.0,56.0,1,0,0,0,0,1,0,0,0,0,0,0,1,0,0,1,0,0,0,0,0,0,0,0,0,0,0,0,0,0,1,0,0.043,1.2121212121212122,1986,10
31,1,0,0,1,0,0,0.78,0.10090556274256145,1,0,0,0,0,0,0,0,0,0,0,0,1,0,1,0,0,0,0,0,0,0,1,0,0,0,0,0,0,1,0,0,1.0986122886681098,4.290459441148391,0.0,73.0,56.0,1,1,0,0,0,0,0,0,0,0,0,0,1,0,0,1,0,0,0,0,0,0,0,0,0,0,0,0,0,0,1,0,0.043,1.2121212121212122,1986,10
53,1,0,0,1,0,0,1.0108,0.0042,0,0,0,0,0,1,0,0,0,0,1,0,0,0,1,0,0,0,0,0,0,1,0,0,0,0,0,0,0,1,0,0,0.0,5.7430031878094825,0.0,312.0,63.5,0,0,0,0,0,0,1,0,0,0,0,0,0,0,0,1,0,0,0,0,0,0,0,0,0,0,0,0,1,0,0,0,0.042,0.2727272727272727,2008,32
53,1,0,0,1,0,0,0.9967,0.0072,0,0,0,1,0,0,0,0,0,0,1,0,0,0,1,0,0,0,0,0,0,1,0,0,0,0,0,0,0,1,0,0,0.0,5.7430031878094825,0.0,312.0,63.5,0,0,0,0,0,0,1,0,0,0,0,0,0,0,0,1,0,0,0,0,0,0,0,0,0,0,0,0,1,0,0,0,0.042,0.2727272727272727,2008,32
53,1,0,0,1,0,0,0.9991,0.0037,0,0,0,0,0,0,0,1,0,0,0,1,0,0,1,0,0,0,0,0,0,1,0,0,0,0,0,0,0,1,0,0,0.0,5.7430031878094825,0.0,312.0,63.5,0,0,0,0,0,0,1,0,0,0,0,0,0,0,0,1,0,0,0,0,0,0,0,0,0,0,0,0,1,0,0,0,0.042,0.2727272727272727,2008,32
53,1,0,0,1,0,0,1.0056,0.0043,1,0,0,0,0,0,0,0,0,0,1,0,0,0,1,0,0,0,0,0,0,1,0,0,0,0,0,0,0,1,0,0,0.0,5.7430031878094825,0.0,312.0,63.5,0,0,0,0,0,0,1,0,0,0,0,0,0,0,0,1,0,0,0,0,0,0,0,0,0,0,0,0,1,0,0,0,0.042,0.2727272727272727,2008,32
53,1,0,0,1,0,0,1.003,0.0011,0,0,0,0,0,0,0,0,1,0,1,0,0,0,1,0,0,0,0,0,0,1,0,0,0,0,0,0,0,1,0,0,0.0,5.7430031878094825,0.0,312.0,63.5,0,0,0,0,0,0,1,0,0,0,0,0,0,0,0,1,0,0,0,0,0,0,0,0,0,0,0,0,1,0,0,0,0.042,0.2727272727272727,2008,32
53,1,0,0,1,0,0,1.018,0.005,0,0,0,0,0,1,0,0,0,0,1,0,0,0,1,0,0,0,0,0,0,0,1,0,0,0,0,0,0,1,0,0,1.0986122886681098,5.7430031878094825,0.0,312.0,63.5,1,0,0,0,0,0,1,0,0,0,0,0,0,0,0,1,0,0,0,0,0,0,0,0,0,0,0,0,1,0,0,0,0.042,0.2727272727272727,2008,32
53,1,0,0,1,0,0,1.003,0.0076,0,0,0,1,0,0,0,0,0,0,1,0,0,0,1,0,0,0,0,0,0,0,1,0,0,0,0,0,0,1,0,0,1.0986122886681098,5.7430031878094825,0.0,312.0,63.5,1,0,0,0,0,0,1,0,0,0,0,0,0,0,0,1,0,0,0,0,0,0,0,0,0,0,0,0,1,0,0,0,0.042,0.2727272727272727,2008,32
53,1,0,0,1,0,0,0.9934,0.0039,0,0,0,0,0,0,0,1,0,0,0,1,0,0,1,0,0,0,0,0,0,0,1,0,0,0,0,0,0,1,0,0,1.0986122886681098,5.7430031878094825,0.0,312.0,63.5,1,0,0,0,0,0,1,0,0,0,0,0,0,0,0,1,0,0,0,0,0,0,0,0,0,0,0,0,1,0,0,0,0.042,0.2727272727272727,2008,32
53,1,0,0,1,0,0,1.0076,0.0047,1,0,0,0,0,0,0,0,0,0,1,0,0,0,1,0,0,0,0,0,0,0,1,0,0,0,0,0,0,1,0,0,1.0986122886681098,5.7430031878094825,0.0,312.0,63.5,1,0,0,0,0,0,1,0,0,0,0,0,0,0,0,1,0,0,0,0,0,0,0,0,0,0,0,0,1,0,0,0,0.042,0.2727272727272727,2008,32
53,1,0,0,1,0,0,1.0035,0.0022,0,0,0,0,0,0,0,0,1,0,1,0,0,0,1,0,0,0,0,0,0,0,1,0,0,0,0,0,0,1,0,0,1.0986122886681098,5.7430031878094825,0.0,312.0,63.5,1,0,0,0,0,0,1,0,0,0,0,0,0,0,0,1,0,0,0,0,0,0,0,0,0,0,0,0,1,0,0,0,0.042,0.2727272727272727,2008,32
53,1,0,0,1,0,0,1.0258,0.0064,0,0,0,0,0,1,0,0,0,0,1,0,0,0,1,0,0,0,0,0,0,0,1,0,0,0,0,0,0,1,0,0,1.791759469228055,5.7430031878094825,0.0,312.0,63.5,1,0,0,0,0,0,1,0,0,0,0,0,0,0,0,1,0,0,0,0,0,0,0,0,0,0,0,0,1,0,0,0,0.042,0.2727272727272727,2008,32
53,1,0,0,1,0,0,1.0118,0.009,0,0,0,1,0,0,0,0,0,0,1,0,0,0,1,0,0,0,0,0,0,0,1,0,0,0,0,0,0,1,0,0,1.791759469228055,5.7430031878094825,0.0,312.0,63.5,1,0,0,0,0,0,1,0,0,0,0,0,0,0,0,1,0,0,0,0,0,0,0,0,0,0,0,0,1,0,0,0,0.042,0.2727272727272727,2008,32
53,1,0,0,1,0,0,0.9843,0.0046,0,0,0,0,0,0,0,1,0,0,0,1,0,0,1,0,0,0,0,0,0,0,1,0,0,0,0,0,0,1,0,0,1.791759469228055,5.7430031878094825,0.0,312.0,63.5,1,0,0,0,0,0,1,0,0,0,0,0,0,0,0,1,0,0,0,0,0,0,0,0,0,0,0,0,1,0,0,0,0.042,0.2727272727272727,2008,32
53,1,0,0,1,0,0,1.0075,0.0057,1,0,0,0,0,0,0,0,0,0,1,0,0,0,1,0,0,0,0,0,0,0,1,0,0,0,0,0,0,1,0,0,1.791759469228055,5.7430031878094825,0.0,312.0,63.5,1,0,0,0,0,0,1,0,0,0,0,0,0,0,0,1,0,0,0,0,0,0,0,0,0,0,0,0,1,0,0,0,0.042,0.2727272727272727,2008,32
53,1,0,0,1,0,0,1.0082,0.007,0,0,0,0,0,1,0,0,0,0,1,0,0,0,1,0,0,0,0,0,0,0,0,1,0,0,0,0,0,1,0,0,2.4849066497880004,5.7430031878094825,0.0,312.0,63.5,1,0,0,0,0,0,1,0,0,0,0,0,0,0,0,1,0,0,0,0,0,0,0,0,0,0,0,0,1,0,0,0,0.042,0.2727272727272727,2008,32
53,1,0,0,1,0,0,1.0116,0.0111,0,0,0,1,0,0,0,0,0,0,1,0,0,0,1,0,0,0,0,0,0,0,0,1,0,0,0,0,0,1,0,0,2.4849066497880004,5.7430031878094825,0.0,312.0,63.5,1,0,0,0,0,0,1,0,0,0,0,0,0,0,0,1,0,0,0,0,0,0,0,0,0,0,0,0,1,0,0,0,0.042,0.2727272727272727,2008,32
53,1,0,0,1,0,0,0.9669,0.0055,0,0,0,0,0,0,0,1,0,0,0,1,0,0,1,0,0,0,0,0,0,0,0,1,0,0,0,0,0,1,0,0,2.4849066497880004,5.7430031878094825,0.0,312.0,63.5,1,0,0,0,0,0,1,0,0,0,0,0,0,0,0,1,0,0,0,0,0,0,0,0,0,0,0,0,1,0,0,0,0.042,0.2727272727272727,2008,32
53,1,0,0,1,0,0,1.0047,0.0077,1,0,0,0,0,0,0,0,0,0,1,0,0,0,1,0,0,0,0,0,0,0,0,1,0,0,0,0,0,1,0,0,2.4849066497880004,5.7430031878094825,0.0,312.0,63.5,1,0,0,0,0,0,1,0,0,0,0,0,0,0,0,1,0,0,0,0,0,0,0,0,0,0,0,0,1,0,0,0,0.042,0.2727272727272727,2008,32
53,1,0,0,1,0,0,1.0104,0.003,0,0,0,0,0,1,0,0,0,0,1,0,0,0,1,0,0,0,0,0,0,1,0,0,0,0,0,0,0,1,0,0,0.0,5.7430031878094825,0.0,312.0,63.5,0,0,0,0,0,0,0,0,0,1,0,0,0,0,0,1,0,0,0,0,0,0,0,0,0,0,0,0,1,0,0,0,0.042,0.2727272727272727,2008,32
53,1,0,0,1,0,0,0.9867,0.0035,0,0,0,1,0,0,0,0,0,0,1,0,0,0,1,0,0,0,0,0,0,1,0,0,0,0,0,0,0,1,0,0,0.0,5.7430031878094825,0.0,312.0,63.5,0,0,0,0,0,0,0,0,0,1,0,0,0,0,0,1,0,0,0,0,0,0,0,0,0,0,0,0,1,0,0,0,0.042,0.2727272727272727,2008,32
53,1,0,0,1,0,0,0.997,0.0028,0,0,0,0,0,0,0,1,0,0,0,1,0,0,1,0,0,0,0,0,0,1,0,0,0,0,0,0,0,1,0,0,0.0,5.7430031878094825,0.0,312.0,63.5,0,0,0,0,0,0,0,0,0,1,0,0,0,0,0,1,0,0,0,0,0,0,0,0,0,0,0,0,1,0,0,0,0.042,0.2727272727272727,2008,32
53,1,0,0,1,0,0,1.0046,0.0037,1,0,0,0,0,0,0,0,0,0,1,0,0,0,1,0,0,0,0,0,0,1,0,0,0,0,0,0,0,1,0,0,0.0,5.7430031878094825,0.0,312.0,63.5,0,0,0,0,0,0,0,0,0,1,0,0,0,0,0,1,0,0,0,0,0,0,0,0,0,0,0,0,1,0,0,0,0.042,0.2727272727272727,2008,32
53,1,0,0,1,0,0,1.0026,0.0012,0,0,0,0,0,0,0,0,1,0,1,0,0,0,1,0,0,0,0,0,0,1,0,0,0,0,0,0,0,1,0,0,0.0,5.7430031878094825,0.0,312.0,63.5,0,0,0,0,0,0,0,0,0,1,0,0,0,0,0,1,0,0,0,0,0,0,0,0,0,0,0,0,1,0,0,0,0.042,0.2727272727272727,2008,32
53,1,0,0,1,0,0,1.0173,0.0046,0,0,0,0,0,1,0,0,0,0,1,0,0,0,1,0,0,0,0,0,0,0,1,0,0,0,0,0,0,1,0,0,1.0986122886681098,5.7430031878094825,0.0,312.0,63.5,1,0,0,0,0,0,0,0,0,1,0,0,0,0,0,1,0,0,0,0,0,0,0,0,0,0,0,0,1,0,0,0,0.042,0.2727272727272727,2008,32
53,1,0,0,1,0,0,0.9916,0.0043,0,0,0,1,0,0,0,0,0,0,1,0,0,0,1,0,0,0,0,0,0,0,1,0,0,0,0,0,0,1,0,0,1.0986122886681098,5.7430031878094825,0.0,312.0,63.5,1,0,0,0,0,0,0,0,0,1,0,0,0,0,0,1,0,0,0,0,0,0,0,0,0,0,0,0,1,0,0,0,0.042,0.2727272727272727,2008,32
53,1,0,0,1,0,0,0.9906,0.0034,0,0,0,0,0,0,0,1,0,0,0,1,0,0,1,0,0,0,0,0,0,0,1,0,0,0,0,0,0,1,0,0,1.0986122886681098,5.7430031878094825,0.0,312.0,63.5,1,0,0,0,0,0,0,0,0,1,0,0,0,0,0,1,0,0,0,0,0,0,0,0,0,0,0,0,1,0,0,0,0.042,0.2727272727272727,2008,32
53,1,0,0,1,0,0,1.007,0.0046,1,0,0,0,0,0,0,0,0,0,1,0,0,0,1,0,0,0,0,0,0,0,1,0,0,0,0,0,0,1,0,0,1.0986122886681098,5.7430031878094825,0.0,312.0,63.5,1,0,0,0,0,0,0,0,0,1,0,0,0,0,0,1,0,0,0,0,0,0,0,0,0,0,0,0,1,0,0,0,0.042,0.2727272727272727,2008,32
53,1,0,0,1,0,0,1.0,0.0053,0,0,0,0,0,0,0,0,1,0,1,0,0,0,1,0,0,0,0,0,0,0,1,0,0,0,0,0,0,1,0,0,1.0986122886681098,5.7430031878094825,0.0,312.0,63.5,1,0,0,0,0,0,0,0,0,1,0,0,0,0,0,1,0,0,0,0,0,0,0,0,0,0,0,0,1,0,0,0,0.042,0.2727272727272727,2008,32
53,1,0,0,1,0,0,1.0231,0.0083,0,0,0,0,0,1,0,0,0,0,1,0,0,0,1,0,0,0,0,0,0,0,1,0,0,0,0,0,0,1,0,0,1.791759469228055,5.7430031878094825,0.0,312.0,63.5,1,0,0,0,0,0,0,0,0,1,0,0,0,0,0,1,0,0,0,0,0,0,0,0,0,0,0,0,1,0,0,0,0.042,0.2727272727272727,2008,32
53,1,0,0,1,0,0,0.9949,0.0068,0,0,0,1,0,0,0,0,0,0,1,0,0,0,1,0,0,0,0,0,0,0,1,0,0,0,0,0,0,1,0,0,1.791759469228055,5.7430031878094825,0.0,312.0,63.5,1,0,0,0,0,0,0,0,0,1,0,0,0,0,0,1,0,0,0,0,0,0,0,0,0,0,0,0,1,0,0,0,0.042,0.2727272727272727,2008,32
53,1,0,0,1,0,0,0.98,0.0042,0,0,0,0,0,0,0,1,0,0,0,1,0,0,1,0,0,0,0,0,0,0,1,0,0,0,0,0,0,1,0,0,1.791759469228055,5.7430031878094825,0.0,312.0,63.5,1,0,0,0,0,0,0,0,0,1,0,0,0,0,0,1,0,0,0,0,0,0,0,0,0,0,0,0,1,0,0,0,0.042,0.2727272727272727,2008,32
53,1,0,0,1,0,0,1.0063,0.008,1,0,0,0,0,0,0,0,0,0,1,0,0,0,1,0,0,0,0,0,0,0,1,0,0,0,0,0,0,1,0,0,1.791759469228055,5.7430031878094825,0.0,312.0,63.5,1,0,0,0,0,0,0,0,0,1,0,0,0,0,0,1,0,0,0,0,0,0,0,0,0,0,0,0,1,0,0,0,0.042,0.2727272727272727,2008,32
53,1,0,0,1,0,0,0.9731,0.0089,0,0,0,0,0,1,0,0,0,0,1,0,0,0,1,0,0,0,0,0,0,0,0,1,0,0,0,0,0,1,0,0,2.4849066497880004,5.7430031878094825,0.0,312.0,63.5,1,0,0,0,0,0,0,0,0,1,0,0,0,0,0,1,0,0,0,0,0,0,0,0,0,0,0,0,1,0,0,0,0.042,0.2727272727272727,2008,32
53,1,0,0,1,0,0,0.9859,0.0127,0,0,0,1,0,0,0,0,0,0,1,0,0,0,1,0,0,0,0,0,0,0,0,1,0,0,0,0,0,1,0,0,2.4849066497880004,5.7430031878094825,0.0,312.0,63.5,1,0,0,0,0,0,0,0,0,1,0,0,0,0,0,1,0,0,0,0,0,0,0,0,0,0,0,0,1,0,0,0,0.042,0.2727272727272727,2008,32
53,1,0,0,1,0,0,0.9602,0.0074,0,0,0,0,0,0,0,1,0,0,0,1,0,0,1,0,0,0,0,0,0,0,0,1,0,0,0,0,0,1,0,0,2.4849066497880004,5.7430031878094825,0.0,312.0,63.5,1,0,0,0,0,0,0,0,0,1,0,0,0,0,0,1,0,0,0,0,0,0,0,0,0,0,0,0,1,0,0,0,0.042,0.2727272727272727,2008,32
53,1,0,0,1,0,0,1.0013,0.0165,1,0,0,0,0,0,0,0,0,0,1,0,0,0,1,0,0,0,0,0,0,0,0,1,0,0,0,0,0,1,0,0,2.4849066497880004,5.7430031878094825,0.0,312.0,63.5,1,0,0,0,0,0,0,0,0,1,0,0,0,0,0,1,0,0,0,0,0,0,0,0,0,0,0,0,1,0,0,0,0.042,0.2727272727272727,2008,32
70,1,0,0,1,0,0,0.933,25.216216216216218,0,0,0,0,0,1,0,0,0,0,1,0,0,0,1,0,0,0,0,0,0,0,1,0,0,0,0,0,0,0,1,0,0.0,4.110873864173311,0.0,61.0,60.5,0,0,0,0,0,0,1,0,0,0,0,0,0,0,0,1,0,0,0,0,0,0,0,0,0,0,0,0,1,0,0,0,0.033,1.3333333333333333,1995,19
70,1,0,0,1,0,0,0.962,35.629629629629626,1,0,0,0,0,0,0,0,0,0,0,0,1,0,1,0,0,0,0,0,0,0,1,0,0,0,0,0,0,0,1,0,0.0,4.110873864173311,0.0,61.0,60.5,0,0,0,0,0,0,1,0,0,0,0,0,0,0,0,1,0,0,0,0,0,0,0,0,0,0,0,0,1,0,0,0,0.033,1.3333333333333333,1995,19
70,1,0,0,1,0,0,1.009,48.04761904761904,0,0,0,0,0,0,0,1,0,0,0,1,0,0,1,0,0,0,0,0,0,0,1,0,0,0,0,0,0,0,1,0,0.0,4.110873864173311,0.0,61.0,60.5,0,0,0,0,0,0,1,0,0,0,0,0,0,0,0,1,0,0,0,0,0,0,0,0,0,0,0,0,1,0,0,0,0.033,1.3333333333333333,1995,19
70,1,0,0,1,0,0,0.962,15.770491803278688,0,0,0,0,0,0,0,0,1,0,1,0,0,0,1,0,0,0,0,0,0,0,1,0,0,0,0,0,0,0,1,0,0.0,4.110873864173311,0.0,61.0,60.5,0,0,0,0,0,0,1,0,0,0,0,0,0,0,0,1,0,0,0,0,0,0,0,0,0,0,0,0,1,0,0,0,0.033,1.3333333333333333,1995,19
70,1,0,0,1,0,0,0.968,44.0,1,0,0,0,0,0,0,0,0,0,0,0,1,0,1,0,0,0,0,0,0,0,1,0,0,0,0,0,0,0,1,0,0.0,4.110873864173311,0.0,61.0,60.5,0,0,0,0,0,0,1,0,0,0,0,0,0,0,0,1,0,0,0,0,0,0,0,0,0,0,0,0,1,0,0,0,0.033,1.3333333333333333,1995,19
70,1,0,0,1,0,0,0.996,26.210526315789473,1,0,0,0,0,0,0,0,0,0,1,0,0,0,1,0,0,0,0,0,0,0,1,0,0,0,0,0,0,0,1,0,0.0,4.110873864173311,0.0,61.0,60.5,0,0,0,0,0,0,1,0,0,0,0,0,0,0,0,1,0,0,0,0,0,0,0,0,0,0,0,0,1,0,0,0,0.033,1.3333333333333333,1995,19
70,1,0,0,1,0,0,0.949,23.724999999999998,0,0,0,1,0,0,0,0,0,0,1,0,0,0,1,0,0,0,0,0,0,0,1,0,0,0,0,0,0,0,1,0,0.0,4.110873864173311,0.0,61.0,60.5,0,0,0,0,0,0,1,0,0,0,0,0,0,0,0,1,0,0,0,0,0,0,0,0,0,0,0,0,1,0,0,0,0.033,1.3333333333333333,1995,19
70,1,0,0,1,0,0,0.943,19.24489795918367,1,0,0,0,0,0,0,0,0,0,1,0,0,0,1,0,0,0,0,0,0,0,1,0,0,0,0,0,0,0,1,0,0.0,4.110873864173311,0.0,61.0,60.5,0,0,0,0,0,0,1,0,0,0,0,0,0,0,0,1,0,0,0,0,0,0,0,0,0,0,0,0,1,0,0,0,0.033,1.3333333333333333,1995,19
70,1,0,0,1,0,0,0.946,21.022222222222222,1,0,0,0,0,0,0,0,0,0,1,0,0,0,1,0,0,0,0,0,0,0,1,0,0,0,0,0,0,0,1,0,0.0,4.110873864173311,0.0,61.0,60.5,0,0,0,0,0,0,1,0,0,0,0,0,0,0,0,1,0,0,0,0,0,0,0,0,0,0,0,0,1,0,0,0,0.033,1.3333333333333333,1995,19
70,1,0,0,1,0,0,0.952,25.052631578947366,0,0,0,0,1,0,0,0,0,0,1,0,0,0,1,0,0,0,0,0,0,0,1,0,0,0,0,0,0,0,1,0,0.0,4.110873864173311,0.0,61.0,60.5,0,0,0,0,0,0,1,0,0,0,0,0,0,0,0,1,0,0,0,0,0,0,0,0,0,0,0,0,1,0,0,0,0.033,1.3333333333333333,1995,19
70,1,0,0,1,0,0,0.964,37.07692307692308,0,0,0,0,0,0,1,0,0,0,1,0,0,0,1,0,0,0,0,0,0,0,1,0,0,0,0,0,0,0,1,0,0.0,4.110873864173311,0.0,61.0,60.5,0,0,0,0,0,0,1,0,0,0,0,0,0,0,0,1,0,0,0,0,0,0,0,0,0,0,0,0,1,0,0,0,0.033,1.3333333333333333,1995,19
89,0,1,0,0,1,0,-0.03,0.013029728020240355,0,0,1,0,0,0,0,0,0,0,0,0,0,1,0,1,0,0,0,0,0,1,0,0,0,0,0,0,0,1,0,0,0.0,5.19295685089021,3.1780538303479458,4320.0,84.0,0,0,0,0,0,0,1,0,0,0,0,0,0,0,0,1,0,0,0,0,0,0,0,0,0,0,0,0,1,0,0,0,0.032,1.0,2014,38
89,0,1,0,0,1,0,0.033,0.027247111862496474,0,0,1,0,0,0,0,0,0,0,0,0,0,1,0,1,0,0,0,0,0,0,1,0,0,0,0,0,0,1,0,0,1.0986122886681098,5.19295685089021,3.1780538303479458,4320.0,84.0,1,0,0,0,0,0,1,0,0,0,0,0,0,0,0,1,0,0,0,0,0,0,0,0,0,0,0,0,1,0,0,0,0.032,1.0,2014,38
89,0,1,0,0,1,0,0.183,0.026543209876543208,0,0,1,0,0,0,0,0,0,0,0,0,0,1,0,1,0,0,0,0,0,0,1,0,0,0,0,0,0,1,0,0,1.791759469228055,5.19295685089021,3.1780538303479458,4320.0,84.0,1,0,0,0,0,0,1,0,0,0,0,0,0,0,0,1,0,0,0,0,0,0,0,0,0,0,0,0,1,0,0,0,0.032,1.0,2014,38
89,0,1,0,0,1,0,0.259,0.030965315503552027,0,0,1,0,0,0,0,0,0,0,0,0,0,1,0,1,0,0,0,0,0,0,0,1,0,0,0,0,0,1,0,0,2.4849066497880004,5.19295685089021,3.1780538303479458,4320.0,84.0,1,0,0,0,0,0,1,0,0,0,0,0,0,0,0,1,0,0,0,0,0,0,0,0,0,0,0,0,1,0,0,0,0.032,1.0,2014,38
89,0,1,0,0,1,0,-0.063,0.15771513353115726,1,0,0,0,0,0,0,0,0,0,0,0,0,1,0,1,0,0,0,0,0,1,0,0,0,0,0,0,0,1,0,0,0.0,5.19295685089021,2.302585092994046,1800.0,84.0,0,0,0,0,0,0,1,0,0,0,0,0,0,0,0,1,0,0,0,0,0,0,0,0,0,0,0,0,1,0,0,0,0.032,1.0,2014,38
89,0,1,0,0,1,0,-0.057,0.2093069306930693,1,0,0,0,0,0,0,0,0,0,0,0,0,1,0,1,0,0,0,0,0,0,1,0,0,0,0,0,0,1,0,0,1.0986122886681098,5.19295685089021,2.302585092994046,1800.0,84.0,1,0,0,0,0,0,1,0,0,0,0,0,0,0,0,1,0,0,0,0,0,0,0,0,0,0,0,0,1,0,0,0,0.032,1.0,2014,38
89,0,1,0,0,1,0,-0.016,0.20198807157057652,1,0,0,0,0,0,0,0,0,0,0,0,0,1,0,1,0,0,0,0,0,0,1,0,0,0,0,0,0,1,0,0,1.791759469228055,5.19295685089021,2.302585092994046,1800.0,84.0,1,0,0,0,0,0,1,0,0,0,0,0,0,0,0,1,0,0,0,0,0,0,0,0,0,0,0,0,1,0,0,0,0.032,1.0,2014,38
89,0,1,0,0,1,0,-0.149,0.1563265306122449,1,0,0,0,0,0,0,0,0,0,0,0,0,1,0,1,0,0,0,0,0,0,0,1,0,0,0,0,0,1,0,0,2.4849066497880004,5.19295685089021,2.302585092994046,1800.0,84.0,1,0,0,0,0,0,1,0,0,0,0,0,0,0,0,1,0,0,0,0,0,0,0,0,0,0,0,0,1,0,0,0,0.032,1.0,2014,38
89,0,1,0,0,1,0,-0.03,0.012468224185933907,0,1,0,0,0,0,0,0,0,0,0,0,0,1,0,1,0,0,0,0,0,1,0,0,0,0,0,0,0,1,0,0,0.0,5.19295685089021,2.6390573296152584,2520.0,84.0,0,0,0,0,0,0,1,0,0,0,0,0,0,0,0,1,0,0,0,0,0,0,0,0,0,0,0,0,1,0,0,0,0.032,1.0,2014,38
89,0,1,0,0,1,0,0.026,0.024802648332060095,0,1,0,0,0,0,0,0,0,0,0,0,0,1,0,1,0,0,0,0,0,0,1,0,0,0,0,0,0,1,0,0,1.0986122886681098,5.19295685089021,2.6390573296152584,2520.0,84.0,1,0,0,0,0,0,1,0,0,0,0,0,0,0,0,1,0,0,0,0,0,0,0,0,0,0,0,0,1,0,0,0,0.032,1.0,2014,38
89,0,1,0,0,1,0,0.165,0.028713892709766164,0,1,0,0,0,0,0,0,0,0,0,0,0,1,0,1,0,0,0,0,0,0,1,0,0,0,0,0,0,1,0,0,1.791759469228055,5.19295685089021,2.6390573296152584,2520.0,84.0,1,0,0,0,0,0,1,0,0,0,0,0,0,0,0,1,0,0,0,0,0,0,0,0,0,0,0,0,1,0,0,0,0.032,1.0,2014,38
89,0,1,0,0,1,0,0.24,0.04241071428571428,0,1,0,0,0,0,0,0,0,0,0,0,0,1,0,1,0,0,0,0,0,0,0,1,0,0,0,0,0,1,0,0,2.4849066497880004,5.19295685089021,2.6390573296152584,2520.0,84.0,1,0,0,0,0,0,1,0,0,0,0,0,0,0,0,1,0,0,0,0,0,0,0,0,0,0,0,0,1,0,0,0,0.032,1.0,2014,38
89,0,1,0,0,1,0,-0.029,0.009625818521983161,0,0,1,0,0,0,0,0,0,0,0,0,0,1,0,0,0,0,1,0,0,1,0,0,0,0,0,0,0,1,0,0,0.0,5.19295685089021,3.1780538303479458,4320.0,84.0,0,0,0,0,0,0,1,0,0,0,0,0,0,0,0,1,0,0,0,0,0,0,0,0,0,0,0,0,1,0,0,0,0.032,1.0,2014,38
89,0,1,0,0,1,0,0.025,0.01023729525409492,0,0,1,0,0,0,0,0,0,0,0,0,0,1,0,0,0,0,1,0,0,0,1,0,0,0,0,0,0,1,0,0,1.0986122886681098,5.19295685089021,3.1780538303479458,4320.0,84.0,1,0,0,0,0,0,1,0,0,0,0,0,0,0,0,1,0,0,0,0,0,0,0,0,0,0,0,0,1,0,0,0,0.032,1.0,2014,38
89,0,1,0,0,1,0,0.136,0.0316020482809071,0,0,1,0,0,0,0,0,0,0,0,0,0,1,0,0,0,0,1,0,0,0,1,0,0,0,0,0,0,1,0,0,1.791759469228055,5.19295685089021,3.1780538303479458,4320.0,84.0,1,0,0,0,0,0,1,0,0,0,0,0,0,0,0,1,0,0,0,0,0,0,0,0,0,0,0,0,1,0,0,0,0.032,1.0,2014,38
89,0,1,0,0,1,0,0.181,0.047395833333333325,0,0,1,0,0,0,0,0,0,0,0,0,0,1,0,0,0,0,1,0,0,0,0,1,0,0,0,0,0,1,0,0,2.4849066497880004,5.19295685089021,3.1780538303479458,4320.0,84.0,1,0,0,0,0,0,1,0,0,0,0,0,0,0,0,1,0,0,0,0,0,0,0,0,0,0,0,0,1,0,0,0,0.032,1.0,2014,38
89,0,1,0,0,1,0,-0.104,0.2573426573426574,1,0,0,0,0,0,0,0,0,0,0,0,0,1,0,0,0,0,1,0,0,1,0,0,0,0,0,0,0,1,0,0,0.0,5.19295685089021,2.302585092994046,1800.0,84.0,0,0,0,0,0,0,1,0,0,0,0,0,0,0,0,1,0,0,0,0,0,0,0,0,0,0,0,0,1,0,0,0,0.032,1.0,2014,38
89,0,1,0,0,1,0,-0.031,0.20215686274509803,1,0,0,0,0,0,0,0,0,0,0,0,0,1,0,0,0,0,1,0,0,0,1,0,0,0,0,0,0,1,0,0,1.0986122886681098,5.19295685089021,2.302585092994046,1800.0,84.0,1,0,0,0,0,0,1,0,0,0,0,0,0,0,0,1,0,0,0,0,0,0,0,0,0,0,0,0,1,0,0,0,0.032,1.0,2014,38
89,0,1,0,0,1,0,-0.041,0.20371819960861054,1,0,0,0,0,0,0,0,0,0,0,0,0,1,0,0,0,0,1,0,0,0,1,0,0,0,0,0,0,1,0,0,1.791759469228055,5.19295685089021,2.302585092994046,1800.0,84.0,1,0,0,0,0,0,1,0,0,0,0,0,0,0,0,1,0,0,0,0,0,0,0,0,0,0,0,0,1,0,0,0,0.032,1.0,2014,38
89,0,1,0,0,1,0,-0.094,0.1662613981762918,1,0,0,0,0,0,0,0,0,0,0,0,0,1,0,0,0,0,1,0,0,0,0,1,0,0,0,0,0,1,0,0,2.4849066497880004,5.19295685089021,2.302585092994046,1800.0,84.0,1,0,0,0,0,0,1,0,0,0,0,0,0,0,0,1,0,0,0,0,0,0,0,0,0,0,0,0,1,0,0,0,0.032,1.0,2014,38
89,0,1,0,0,1,0,-0.029,0.00913854351687389,0,1,0,0,0,0,0,0,0,0,0,0,0,1,0,0,0,0,1,0,0,1,0,0,0,0,0,0,0,1,0,0,0.0,5.19295685089021,2.6390573296152584,2520.0,84.0,0,0,0,0,0,0,1,0,0,0,0,0,0,0,0,1,0,0,0,0,0,0,0,0,0,0,0,0,1,0,0,0,0.032,1.0,2014,38
89,0,1,0,0,1,0,0.017,0.011096060503442825,0,1,0,0,0,0,0,0,0,0,0,0,0,1,0,0,0,0,1,0,0,0,1,0,0,0,0,0,0,1,0,0,1.0986122886681098,5.19295685089021,2.6390573296152584,2520.0,84.0,1,0,0,0,0,0,1,0,0,0,0,0,0,0,0,1,0,0,0,0,0,0,0,0,0,0,0,0,1,0,0,0,0.032,1.0,2014,38
89,0,1,0,0,1,0,0.118,0.06509225092250923,0,1,0,0,0,0,0,0,0,0,0,0,0,1,0,0,0,0,1,0,0,0,1,0,0,0,0,0,0,1,0,0,1.791759469228055,5.19295685089021,2.6390573296152584,2520.0,84.0,1,0,0,0,0,0,1,0,0,0,0,0,0,0,0,1,0,0,0,0,0,0,0,0,0,0,0,0,1,0,0,0,0.032,1.0,2014,38
89,0,1,0,0,1,0,0.155,0.05596026490066225,0,1,0,0,0,0,0,0,0,0,0,0,0,1,0,0,0,0,1,0,0,0,0,1,0,0,0,0,0,1,0,0,2.4849066497880004,5.19295685089021,2.6390573296152584,2520.0,84.0,1,0,0,0,0,0,1,0,0,0,0,0,0,0,0,1,0,0,0,0,0,0,0,0,0,0,0,0,1,0,0,0,0.032,1.0,2014,38
89,0,1,0,0,1,0,-0.034,0.02433513767945399,0,0,1,0,0,0,0,0,0,0,0,0,0,1,0,1,0,0,0,0,0,1,0,0,0,0,0,0,0,1,0,0,0.0,5.19295685089021,3.1780538303479458,4320.0,84.0,0,0,0,0,0,0,0,0,0,0,0,0,1,0,0,1,0,0,0,0,0,0,0,0,0,0,0,0,1,0,0,0,0.032,1.0,2014,38
89,0,1,0,0,1,0,0.074,0.06381805651274983,0,0,1,0,0,0,0,0,0,0,0,0,0,1,0,1,0,0,0,0,0,0,1,0,0,0,0,0,0,1,0,0,1.0986122886681098,5.19295685089021,3.1780538303479458,4320.0,84.0,1,0,0,0,0,0,0,0,0,0,0,0,1,0,0,1,0,0,0,0,0,0,0,0,0,0,0,0,1,0,0,0,0.032,1.0,2014,38
89,0,1,0,0,1,0,0.165,0.03038573508005822,0,0,1,0,0,0,0,0,0,0,0,0,0,1,0,1,0,0,0,0,0,0,1,0,0,0,0,0,0,1,0,0,1.791759469228055,5.19295685089021,3.1780538303479458,4320.0,84.0,1,0,0,0,0,0,0,0,0,0,0,0,1,0,0,1,0,0,0,0,0,0,0,0,0,0,0,0,1,0,0,0,0.032,1.0,2014,38
89,0,1,0,0,1,0,0.246,0.016056218057921637,0,0,1,0,0,0,0,0,0,0,0,0,0,1,0,1,0,0,0,0,0,0,0,1,0,0,0,0,0,1,0,0,2.4849066497880004,5.19295685089021,3.1780538303479458,4320.0,84.0,1,0,0,0,0,0,0,0,0,0,0,0,1,0,0,1,0,0,0,0,0,0,0,0,0,0,0,0,1,0,0,0,0.032,1.0,2014,38
89,0,1,0,0,1,0,-0.077,0.1926654740608229,1,0,0,0,0,0,0,0,0,0,0,0,0,1,0,1,0,0,0,0,0,1,0,0,0,0,0,0,0,1,0,0,0.0,5.19295685089021,2.302585092994046,1800.0,84.0,0,0,0,0,0,0,0,0,0,0,0,0,1,0,0,1,0,0,0,0,0,0,0,0,0,0,0,0,1,0,0,0,0.032,1.0,2014,38
89,0,1,0,0,1,0,-0.037,0.10077745383867832,1,0,0,0,0,0,0,0,0,0,0,0,0,1,0,1,0,0,0,0,0,0,1,0,0,0,0,0,0,1,0,0,1.0986122886681098,5.19295685089021,2.302585092994046,1800.0,84.0,1,0,0,0,0,0,0,0,0,0,0,0,1,0,0,1,0,0,0,0,0,0,0,0,0,0,0,0,1,0,0,0,0.032,1.0,2014,38
89,0,1,0,0,1,0,-0.011,0.07064989517819706,1,0,0,0,0,0,0,0,0,0,0,0,0,1,0,1,0,0,0,0,0,0,1,0,0,0,0,0,0,1,0,0,1.791759469228055,5.19295685089021,2.302585092994046,1800.0,84.0,1,0,0,0,0,0,0,0,0,0,0,0,1,0,0,1,0,0,0,0,0,0,0,0,0,0,0,0,1,0,0,0,0.032,1.0,2014,38
89,0,1,0,0,1,0,-0.01,0.05044955044955045,1,0,0,0,0,0,0,0,0,0,0,0,0,1,0,1,0,0,0,0,0,0,0,1,0,0,0,0,0,1,0,0,2.4849066497880004,5.19295685089021,2.302585092994046,1800.0,84.0,1,0,0,0,0,0,0,0,0,0,0,0,1,0,0,1,0,0,0,0,0,0,0,0,0,0,0,0,1,0,0,0,0.032,1.0,2014,38
89,0,1,0,0,1,0,-0.02,0.027411986025262028,0,1,0,0,0,0,0,0,0,0,0,0,0,1,0,1,0,0,0,0,0,1,0,0,0,0,0,0,0,1,0,0,0.0,5.19295685089021,2.6390573296152584,2520.0,84.0,0,0,0,0,0,0,0,0,0,0,0,0,1,0,0,1,0,0,0,0,0,0,0,0,0,0,0,0,1,0,0,0,0.032,1.0,2014,38
89,0,1,0,0,1,0,0.073,0.05312320916905445,0,1,0,0,0,0,0,0,0,0,0,0,0,1,0,1,0,0,0,0,0,0,1,0,0,0,0,0,0,1,0,0,1.0986122886681098,5.19295685089021,2.6390573296152584,2520.0,84.0,1,0,0,0,0,0,0,0,0,0,0,0,1,0,0,1,0,0,0,0,0,0,0,0,0,0,0,0,1,0,0,0,0.032,1.0,2014,38
89,0,1,0,0,1,0,0.2,0.03864734299516909,0,1,0,0,0,0,0,0,0,0,0,0,0,1,0,1,0,0,0,0,0,0,1,0,0,0,0,0,0,1,0,0,1.791759469228055,5.19295685089021,2.6390573296152584,2520.0,84.0,1,0,0,0,0,0,0,0,0,0,0,0,1,0,0,1,0,0,0,0,0,0,0,0,0,0,0,0,1,0,0,0,0.032,1.0,2014,38
89,0,1,0,0,1,0,0.241,0.023520297489928725,0,1,0,0,0,0,0,0,0,0,0,0,0,1,0,1,0,0,0,0,0,0,0,1,0,0,0,0,0,1,0,0,2.4849066497880004,5.19295685089021,2.6390573296152584,2520.0,84.0,1,0,0,0,0,0,0,0,0,0,0,0,1,0,0,1,0,0,0,0,0,0,0,0,0,0,0,0,1,0,0,0,0.032,1.0,2014,38
89,0,1,0,0,1,0,-0.029,0.03374877008855362,0,0,1,0,0,0,0,0,0,0,0,0,0,1,0,0,0,0,1,0,0,1,0,0,0,0,0,0,0,1,0,0,0.0,5.19295685089021,3.1780538303479458,4320.0,84.0,0,0,0,0,0,0,0,0,0,0,0,0,1,0,0,1,0,0,0,0,0,0,0,0,0,0,0,0,1,0,0,0,0.032,1.0,2014,38
89,0,1,0,0,1,0,0.025,0.0711159737417943,0,0,1,0,0,0,0,0,0,0,0,0,0,1,0,0,0,0,1,0,0,0,1,0,0,0,0,0,0,1,0,0,1.0986122886681098,5.19295685089021,3.1780538303479458,4320.0,84.0,1,0,0,0,0,0,0,0,0,0,0,0,1,0,0,1,0,0,0,0,0,0,0,0,0,0,0,0,1,0,0,0,0.032,1.0,2014,38
89,0,1,0,0,1,0,0.14,0.031306880232981435,0,0,1,0,0,0,0,0,0,0,0,0,0,1,0,0,0,0,1,0,0,0,1,0,0,0,0,0,0,1,0,0,1.791759469228055,5.19295685089021,3.1780538303479458,4320.0,84.0,1,0,0,0,0,0,0,0,0,0,0,0,1,0,0,1,0,0,0,0,0,0,0,0,0,0,0,0,1,0,0,0,0.032,1.0,2014,38
89,0,1,0,0,1,0,0.177,0.015808682289665768,0,0,1,0,0,0,0,0,0,0,0,0,0,1,0,0,0,0,1,0,0,0,0,1,0,0,0,0,0,1,0,0,2.4849066497880004,5.19295685089021,3.1780538303479458,4320.0,84.0,1,0,0,0,0,0,0,0,0,0,0,0,1,0,0,1,0,0,0,0,0,0,0,0,0,0,0,0,1,0,0,0,0.032,1.0,2014,38
89,0,1,0,0,1,0,-0.104,0.43636363636363645,1,0,0,0,0,0,0,0,0,0,0,0,0,1,0,0,0,0,1,0,0,1,0,0,0,0,0,0,0,1,0,0,0.0,5.19295685089021,2.302585092994046,1800.0,84.0,0,0,0,0,0,0,0,0,0,0,0,0,1,0,0,1,0,0,0,0,0,0,0,0,0,0,0,0,1,0,0,0,0.032,1.0,2014,38
89,0,1,0,0,1,0,-0.145,0.10832544938505204,1,0,0,0,0,0,0,0,0,0,0,0,0,1,0,0,0,0,1,0,0,0,1,0,0,0,0,0,0,1,0,0,1.0986122886681098,5.19295685089021,2.302585092994046,1800.0,84.0,1,0,0,0,0,0,0,0,0,0,0,0,1,0,0,1,0,0,0,0,0,0,0,0,0,0,0,0,1,0,0,0,0.032,1.0,2014,38
89,0,1,0,0,1,0,-0.037,0.07903963414634146,1,0,0,0,0,0,0,0,0,0,0,0,0,1,0,0,0,0,1,0,0,0,1,0,0,0,0,0,0,1,0,0,1.791759469228055,5.19295685089021,2.302585092994046,1800.0,84.0,1,0,0,0,0,0,0,0,0,0,0,0,1,0,0,1,0,0,0,0,0,0,0,0,0,0,0,0,1,0,0,0,0.032,1.0,2014,38
89,0,1,0,0,1,0,0.065,0.0818739054290718,1,0,0,0,0,0,0,0,0,0,0,0,0,1,0,0,0,0,1,0,0,0,0,1,0,0,0,0,0,1,0,0,2.4849066497880004,5.19295685089021,2.302585092994046,1800.0,84.0,1,0,0,0,0,0,0,0,0,0,0,0,1,0,0,1,0,0,0,0,0,0,0,0,0,0,0,0,1,0,0,0,0.032,1.0,2014,38
89,0,1,0,0,1,0,-0.022,0.027969348659003832,0,1,0,0,0,0,0,0,0,0,0,0,0,1,0,0,0,0,1,0,0,1,0,0,0,0,0,0,0,1,0,0,0.0,5.19295685089021,2.6390573296152584,2520.0,84.0,0,0,0,0,0,0,0,0,0,0,0,0,1,0,0,1,0,0,0,0,0,0,0,0,0,0,0,0,1,0,0,0,0.032,1.0,2014,38
89,0,1,0,0,1,0,0.062,0.053692043503148254,0,1,0,0,0,0,0,0,0,0,0,0,0,1,0,0,0,0,1,0,0,0,1,0,0,0,0,0,0,1,0,0,1.0986122886681098,5.19295685089021,2.6390573296152584,2520.0,84.0,1,0,0,0,0,0,0,0,0,0,0,0,1,0,0,1,0,0,0,0,0,0,0,0,0,0,0,0,1,0,0,0,0.032,1.0,2014,38
89,0,1,0,0,1,0,0.173,0.040718857705563764,0,1,0,0,0,0,0,0,0,0,0,0,0,1,0,0,0,0,1,0,0,0,1,0,0,0,0,0,0,1,0,0,1.791759469228055,5.19295685089021,2.6390573296152584,2520.0,84.0,1,0,0,0,0,0,0,0,0,0,0,0,1,0,0,1,0,0,0,0,0,0,0,0,0,0,0,0,1,0,0,0,0.032,1.0,2014,38
89,0,1,0,0,1,0,0.188,0.025359150530918174,0,1,0,0,0,0,0,0,0,0,0,0,0,1,0,0,0,0,1,0,0,0,0,1,0,0,0,0,0,1,0,0,2.4849066497880004,5.19295685089021,2.6390573296152584,2520.0,84.0,1,0,0,0,0,0,0,0,0,0,0,0,1,0,0,1,0,0,0,0,0,0,0,0,0,0,0,0,1,0,0,0,0.032,1.0,2014,38
89,0,1,0,0,1,0,-0.425,0.11689909762100083,1,0,0,0,0,0,0,0,0,0,0,0,0,1,0,1,0,0,0,0,0,1,0,0,0,0,0,0,0,1,0,0,0.0,4.68213122712422,2.302585092994046,1080.0,81.0,0,0,0,0,0,0,1,0,0,0,0,0,0,0,0,1,0,0,0,0,0,0,0,0,0,0,0,0,1,0,0,0,0.032,1.0,2014,38
89,0,1,0,0,1,0,-0.503,0.1343163538873995,1,0,0,0,0,0,0,0,0,0,0,0,0,1,0,1,0,0,0,0,0,0,1,0,0,0,0,0,0,1,0,0,1.0986122886681098,4.68213122712422,2.302585092994046,1080.0,81.0,1,0,0,0,0,0,1,0,0,0,0,0,0,0,0,1,0,0,0,0,0,0,0,0,0,0,0,0,1,0,0,0,0.032,1.0,2014,38
89,0,1,0,0,1,0,-0.5,0.12106537530266344,1,0,0,0,0,0,0,0,0,0,0,0,0,1,0,1,0,0,0,0,0,0,1,0,0,0,0,0,0,1,0,0,1.791759469228055,4.68213122712422,2.302585092994046,1080.0,81.0,1,0,0,0,0,0,1,0,0,0,0,0,0,0,0,1,0,0,0,0,0,0,0,0,0,0,0,0,1,0,0,0,0.032,1.0,2014,38
89,0,1,0,0,1,0,-0.369,0.10960768614891914,1,0,0,0,0,0,0,0,0,0,0,0,0,1,0,1,0,0,0,0,0,0,0,1,0,0,0,0,0,1,0,0,2.4849066497880004,4.68213122712422,2.302585092994046,1080.0,81.0,1,0,0,0,0,0,1,0,0,0,0,0,0,0,0,1,0,0,0,0,0,0,0,0,0,0,0,0,1,0,0,0,0.032,1.0,2014,38
89,0,1,0,0,1,0,1.666,0.7010526315789474,1,0,0,0,0,0,0,0,0,0,0,0,0,1,0,1,0,0,0,0,0,1,0,0,0,0,0,0,0,1,0,0,0.0,4.276666119016055,2.302585092994046,720.0,88.5,0,0,0,0,0,0,1,0,0,0,0,0,0,0,0,1,0,0,0,0,0,0,0,0,0,0,0,0,1,0,0,0,0.032,1.0,2014,38
89,0,1,0,0,1,0,1.78,1.0833333333333335,1,0,0,0,0,0,0,0,0,0,0,0,0,1,0,1,0,0,0,0,0,0,1,0,0,0,0,0,0,1,0,0,1.0986122886681098,4.276666119016055,2.302585092994046,720.0,88.5,1,0,0,0,0,0,1,0,0,0,0,0,0,0,0,1,0,0,0,0,0,0,0,0,0,0,0,0,1,0,0,0,0.032,1.0,2014,38
89,0,1,0,0,1,0,2.224,1.188349514563107,1,0,0,0,0,0,0,0,0,0,0,0,0,1,0,1,0,0,0,0,0,0,1,0,0,0,0,0,0,1,0,0,1.791759469228055,4.276666119016055,2.302585092994046,720.0,88.5,1,0,0,0,0,0,1,0,0,0,0,0,0,0,0,1,0,0,0,0,0,0,0,0,0,0,0,0,1,0,0,0,0.032,1.0,2014,38
89,0,1,0,0,1,0,1.214,0.7925925925925924,1,0,0,0,0,0,0,0,0,0,0,0,0,1,0,1,0,0,0,0,0,0,0,1,0,0,0,0,0,1,0,0,2.4849066497880004,4.276666119016055,2.302585092994046,720.0,88.5,1,0,0,0,0,0,1,0,0,0,0,0,0,0,0,1,0,0,0,0,0,0,0,0,0,0,0,0,1,0,0,0,0.032,1.0,2014,38
89,0,1,0,0,1,0,-0.501,0.35995203836930456,1,0,0,0,0,0,0,0,0,0,0,0,0,1,0,1,0,0,0,0,0,1,0,0,0,0,0,0,0,1,0,0,0.0,3.871201010907891,2.302585092994046,480.0,89.5,0,0,0,0,0,0,1,0,0,0,0,0,0,0,0,1,0,0,0,0,0,0,0,0,0,0,0,0,1,0,0,0,0.032,1.0,2014,38
89,0,1,0,0,1,0,-0.498,0.3890909090909091,1,0,0,0,0,0,0,0,0,0,0,0,0,1,0,1,0,0,0,0,0,0,1,0,0,0,0,0,0,1,0,0,1.0986122886681098,3.871201010907891,2.302585092994046,480.0,89.5,1,0,0,0,0,0,1,0,0,0,0,0,0,0,0,1,0,0,0,0,0,0,0,0,0,0,0,0,1,0,0,0,0.032,1.0,2014,38
89,0,1,0,0,1,0,-0.438,0.4132183908045977,1,0,0,0,0,0,0,0,0,0,0,0,0,1,0,1,0,0,0,0,0,0,1,0,0,0,0,0,0,1,0,0,1.791759469228055,3.871201010907891,2.302585092994046,480.0,89.5,1,0,0,0,0,0,1,0,0,0,0,0,0,0,0,1,0,0,0,0,0,0,0,0,0,0,0,0,1,0,0,0,0.032,1.0,2014,38
89,0,1,0,0,1,0,-0.485,0.4013513513513513,1,0,0,0,0,0,0,0,0,0,0,0,0,1,0,1,0,0,0,0,0,0,0,1,0,0,0,0,0,1,0,0,2.4849066497880004,3.871201010907891,2.302585092994046,480.0,89.5,1,0,0,0,0,0,1,0,0,0,0,0,0,0,0,1,0,0,0,0,0,0,0,0,0,0,0,0,1,0,0,0,0.032,1.0,2014,38
89,0,1,0,0,1,0,-0.673,0.2788333333333333,1,0,0,0,0,0,0,0,0,0,0,0,0,1,0,0,0,0,1,0,0,1,0,0,0,0,0,0,0,1,0,0,0.0,4.68213122712422,2.302585092994046,1080.0,81.0,0,0,0,0,0,0,1,0,0,0,0,0,0,0,0,1,0,0,0,0,0,0,0,0,0,0,0,0,1,0,0,0,0.032,1.0,2014,38
89,0,1,0,0,1,0,-0.699,0.3106032906764168,1,0,0,0,0,0,0,0,0,0,0,0,0,1,0,0,0,0,1,0,0,0,1,0,0,0,0,0,0,1,0,0,1.0986122886681098,4.68213122712422,2.302585092994046,1080.0,81.0,1,0,0,0,0,0,1,0,0,0,0,0,0,0,0,1,0,0,0,0,0,0,0,0,0,0,0,0,1,0,0,0,0.032,1.0,2014,38
89,0,1,0,0,1,0,-0.691,0.31084558823529407,1,0,0,0,0,0,0,0,0,0,0,0,0,1,0,0,0,0,1,0,0,0,1,0,0,0,0,0,0,1,0,0,1.791759469228055,4.68213122712422,2.302585092994046,1080.0,81.0,1,0,0,0,0,0,1,0,0,0,0,0,0,0,0,1,0,0,0,0,0,0,0,0,0,0,0,0,1,0,0,0,0.032,1.0,2014,38
89,0,1,0,0,1,0,-0.464,0.28099808061420345,1,0,0,0,0,0,0,0,0,0,0,0,0,1,0,0,0,0,1,0,0,0,0,1,0,0,0,0,0,1,0,0,2.4849066497880004,4.68213122712422,2.302585092994046,1080.0,81.0,1,0,0,0,0,0,1,0,0,0,0,0,0,0,0,1,0,0,0,0,0,0,0,0,0,0,0,0,1,0,0,0,0.032,1.0,2014,38
89,0,1,0,0,1,0,1.372,0.6763636363636365,1,0,0,0,0,0,0,0,0,0,0,0,0,1,0,0,0,0,1,0,0,1,0,0,0,0,0,0,0,1,0,0,0.0,4.276666119016055,2.302585092994046,720.0,88.5,0,0,0,0,0,0,1,0,0,0,0,0,0,0,0,1,0,0,0,0,0,0,0,0,0,0,0,0,1,0,0,0,0.032,1.0,2014,38
89,0,1,0,0,1,0,1.776,0.9023255813953489,1,0,0,0,0,0,0,0,0,0,0,0,0,1,0,0,0,0,1,0,0,0,1,0,0,0,0,0,0,1,0,0,1.0986122886681098,4.276666119016055,2.302585092994046,720.0,88.5,1,0,0,0,0,0,1,0,0,0,0,0,0,0,0,1,0,0,0,0,0,0,0,0,0,0,0,0,1,0,0,0,0.032,1.0,2014,38
89,0,1,0,0,1,0,1.75,0.8620689655172414,1,0,0,0,0,0,0,0,0,0,0,0,0,1,0,0,0,0,1,0,0,0,1,0,0,0,0,0,0,1,0,0,1.791759469228055,4.276666119016055,2.302585092994046,720.0,88.5,1,0,0,0,0,0,1,0,0,0,0,0,0,0,0,1,0,0,0,0,0,0,0,0,0,0,0,0,1,0,0,0,0.032,1.0,2014,38
89,0,1,0,0,1,0,0.972,0.5600000000000005,1,0,0,0,0,0,0,0,0,0,0,0,0,1,0,0,0,0,1,0,0,0,0,1,0,0,0,0,0,1,0,0,2.4849066497880004,4.276666119016055,2.302585092994046,720.0,88.5,1,0,0,0,0,0,1,0,0,0,0,0,0,0,0,1,0,0,0,0,0,0,0,0,0,0,0,0,1,0,0,0,0.032,1.0,2014,38
89,0,1,0,0,1,0,0.184,0.4828402366863906,1,0,0,0,0,0,0,0,0,0,0,0,0,1,0,0,0,0,1,0,0,1,0,0,0,0,0,0,0,1,0,0,0.0,3.871201010907891,2.302585092994046,480.0,89.5,0,0,0,0,0,0,1,0,0,0,0,0,0,0,0,1,0,0,0,0,0,0,0,0,0,0,0,0,1,0,0,0,0.032,1.0,2014,38
89,0,1,0,0,1,0,0.151,0.46906077348066294,1,0,0,0,0,0,0,0,0,0,0,0,0,1,0,0,0,0,1,0,0,0,1,0,0,0,0,0,0,1,0,0,1.0986122886681098,3.871201010907891,2.302585092994046,480.0,89.5,1,0,0,0,0,0,1,0,0,0,0,0,0,0,0,1,0,0,0,0,0,0,0,0,0,0,0,0,1,0,0,0,0.032,1.0,2014,38
89,0,1,0,0,1,0,0.169,0.38831775700934573,1,0,0,0,0,0,0,0,0,0,0,0,0,1,0,0,0,0,1,0,0,0,1,0,0,0,0,0,0,1,0,0,1.791759469228055,3.871201010907891,2.302585092994046,480.0,89.5,1,0,0,0,0,0,1,0,0,0,0,0,0,0,0,1,0,0,0,0,0,0,0,0,0,0,0,0,1,0,0,0,0.032,1.0,2014,38
89,0,1,0,0,1,0,0.122,0.439,1,0,0,0,0,0,0,0,0,0,0,0,0,1,0,0,0,0,1,0,0,0,0,1,0,0,0,0,0,1,0,0,2.4849066497880004,3.871201010907891,2.302585092994046,480.0,89.5,1,0,0,0,0,0,1,0,0,0,0,0,0,0,0,1,0,0,0,0,0,0,0,0,0,0,0,0,1,0,0,0,0.032,1.0,2014,38
89,0,1,0,0,1,0,1.637,0.6434343434343435,1,0,0,0,0,0,0,0,0,0,0,0,0,1,0,1,0,0,0,0,0,1,0,0,0,0,0,0,0,1,0,0,0.0,4.276666119016055,2.5649493574615367,936.0,88.5,0,0,0,0,0,0,1,0,0,0,0,0,0,0,0,1,0,0,0,0,0,0,0,0,0,0,0,0,1,0,0,0,0.032,1.0,2014,38
89,0,1,0,0,1,0,2.115,1.0721153846153848,1,0,0,0,0,0,0,0,0,0,0,0,0,1,0,1,0,0,0,0,0,0,1,0,0,0,0,0,0,1,0,0,1.0986122886681098,4.276666119016055,2.5649493574615367,936.0,88.5,1,0,0,0,0,0,1,0,0,0,0,0,0,0,0,1,0,0,0,0,0,0,0,0,0,0,0,0,1,0,0,0,0.032,1.0,2014,38
89,0,1,0,0,1,0,2.67,1.237037037037037,1,0,0,0,0,0,0,0,0,0,0,0,0,1,0,1,0,0,0,0,0,0,1,0,0,0,0,0,0,1,0,0,1.791759469228055,4.276666119016055,2.5649493574615367,936.0,88.5,1,0,0,0,0,0,1,0,0,0,0,0,0,0,0,1,0,0,0,0,0,0,0,0,0,0,0,0,1,0,0,0,0.032,1.0,2014,38
89,0,1,0,0,1,0,1.454,0.8566037735849056,1,0,0,0,0,0,0,0,0,0,0,0,0,1,0,1,0,0,0,0,0,0,0,1,0,0,0,0,0,1,0,0,2.4849066497880004,4.276666119016055,2.5649493574615367,936.0,88.5,1,0,0,0,0,0,1,0,0,0,0,0,0,0,0,1,0,0,0,0,0,0,0,0,0,0,0,0,1,0,0,0,0.032,1.0,2014,38
89,0,1,0,0,1,0,-0.601,0.3335416666666667,1,0,0,0,0,0,0,0,0,0,0,0,0,1,0,1,0,0,0,0,0,1,0,0,0,0,0,0,0,1,0,0,0.0,3.871201010907891,2.5649493574615367,624.0,89.5,0,0,0,0,0,0,1,0,0,0,0,0,0,0,0,1,0,0,0,0,0,0,0,0,0,0,0,0,1,0,0,0,0.032,1.0,2014,38
89,0,1,0,0,1,0,-0.51,0.3333333333333333,1,0,0,0,0,0,0,0,0,0,0,0,0,1,0,1,0,0,0,0,0,0,1,0,0,0,0,0,0,1,0,0,1.0986122886681098,3.871201010907891,2.5649493574615367,624.0,89.5,1,0,0,0,0,0,1,0,0,0,0,0,0,0,0,1,0,0,0,0,0,0,0,0,0,0,0,0,1,0,0,0,0.032,1.0,2014,38
89,0,1,0,0,1,0,-0.485,0.3502358490566037,1,0,0,0,0,0,0,0,0,0,0,0,0,1,0,1,0,0,0,0,0,0,1,0,0,0,0,0,0,1,0,0,1.791759469228055,3.871201010907891,2.5649493574615367,624.0,89.5,1,0,0,0,0,0,1,0,0,0,0,0,0,0,0,1,0,0,0,0,0,0,0,0,0,0,0,0,1,0,0,0,0.032,1.0,2014,38
89,0,1,0,0,1,0,-0.477,0.3372146118721461,1,0,0,0,0,0,0,0,0,0,0,0,0,1,0,1,0,0,0,0,0,0,0,1,0,0,0,0,0,1,0,0,2.4849066497880004,3.871201010907891,2.5649493574615367,624.0,89.5,1,0,0,0,0,0,1,0,0,0,0,0,0,0,0,1,0,0,0,0,0,0,0,0,0,0,0,0,1,0,0,0,0.032,1.0,2014,38
89,0,1,0,0,1,0,1.006,0.6000000000000005,1,0,0,0,0,0,0,0,0,0,0,0,0,1,0,0,0,0,1,0,0,1,0,0,0,0,0,0,0,1,0,0,0.0,4.276666119016055,2.5649493574615367,936.0,88.5,0,0,0,0,0,0,1,0,0,0,0,0,0,0,0,1,0,0,0,0,0,0,0,0,0,0,0,0,1,0,0,0,0.032,1.0,2014,38
89,0,1,0,0,1,0,1.928,0.8923076923076922,1,0,0,0,0,0,0,0,0,0,0,0,0,1,0,0,0,0,1,0,0,0,1,0,0,0,0,0,0,1,0,0,1.0986122886681098,4.276666119016055,2.5649493574615367,936.0,88.5,1,0,0,0,0,0,1,0,0,0,0,0,0,0,0,1,0,0,0,0,0,0,0,0,0,0,0,0,1,0,0,0,0.032,1.0,2014,38
89,0,1,0,0,1,0,1.847,0.8642857142857143,1,0,0,0,0,0,0,0,0,0,0,0,0,1,0,0,0,0,1,0,0,0,1,0,0,0,0,0,0,1,0,0,1.791759469228055,4.276666119016055,2.5649493574615367,936.0,88.5,1,0,0,0,0,0,1,0,0,0,0,0,0,0,0,1,0,0,0,0,0,0,0,0,0,0,0,0,1,0,0,0,0.032,1.0,2014,38
89,0,1,0,0,1,0,0.977,0.5750000000000005,1,0,0,0,0,0,0,0,0,0,0,0,0,1,0,0,0,0,1,0,0,0,0,1,0,0,0,0,0,1,0,0,2.4849066497880004,4.276666119016055,2.5649493574615367,936.0,88.5,1,0,0,0,0,0,1,0,0,0,0,0,0,0,0,1,0,0,0,0,0,0,0,0,0,0,0,0,1,0,0,0,0.032,1.0,2014,38
89,0,1,0,0,1,0,0.12,0.4444444444444445,1,0,0,0,0,0,0,0,0,0,0,0,0,1,0,0,0,0,1,0,0,1,0,0,0,0,0,0,0,1,0,0,0.0,3.871201010907891,2.5649493574615367,624.0,89.5,0,0,0,0,0,0,1,0,0,0,0,0,0,0,0,1,0,0,0,0,0,0,0,0,0,0,0,0,1,0,0,0,0.032,1.0,2014,38
89,0,1,0,0,1,0,0.164,0.4543478260869565,1,0,0,0,0,0,0,0,0,0,0,0,0,1,0,0,0,0,1,0,0,0,1,0,0,0,0,0,0,1,0,0,1.0986122886681098,3.871201010907891,2.5649493574615367,624.0,89.5,1,0,0,0,0,0,1,0,0,0,0,0,0,0,0,1,0,0,0,0,0,0,0,0,0,0,0,0,1,0,0,0,0.032,1.0,2014,38
89,0,1,0,0,1,0,0.224,0.4538011695906433,1,0,0,0,0,0,0,0,0,0,0,0,0,1,0,0,0,0,1,0,0,0,1,0,0,0,0,0,0,1,0,0,1.791759469228055,3.871201010907891,2.5649493574615367,624.0,89.5,1,0,0,0,0,0,1,0,0,0,0,0,0,0,0,1,0,0,0,0,0,0,0,0,0,0,0,0,1,0,0,0,0.032,1.0,2014,38
89,0,1,0,0,1,0,0.285,0.44135802469135804,1,0,0,0,0,0,0,0,0,0,0,0,0,1,0,0,0,0,1,0,0,0,0,1,0,0,0,0,0,1,0,0,2.4849066497880004,3.871201010907891,2.5649493574615367,624.0,89.5,1,0,0,0,0,0,1,0,0,0,0,0,0,0,0,1,0,0,0,0,0,0,0,0,0,0,0,0,1,0,0,0,0.032,1.0,2014,38
89,0,1,0,0,1,0,-0.03,0.012484848484848486,0,1,0,0,0,0,0,0,0,0,0,0,0,1,0,1,0,0,0,0,0,1,0,0,0,0,0,0,0,1,0,0,0.0,4.68213122712422,2.6390573296152584,1512.0,81.0,0,0,0,0,0,0,1,0,0,0,0,0,0,0,0,1,0,0,0,0,0,0,0,0,0,0,0,0,1,0,0,0,0.032,1.0,2014,38
89,0,1,0,0,1,0,0.017,0.019738955823293172,0,1,0,0,0,0,0,0,0,0,0,0,0,1,0,1,0,0,0,0,0,0,1,0,0,0,0,0,0,1,0,0,1.0986122886681098,4.68213122712422,2.6390573296152584,1512.0,81.0,1,0,0,0,0,0,1,0,0,0,0,0,0,0,0,1,0,0,0,0,0,0,0,0,0,0,0,0,1,0,0,0,0.032,1.0,2014,38
89,0,1,0,0,1,0,0.132,0.020060087820660964,0,1,0,0,0,0,0,0,0,0,0,0,0,1,0,1,0,0,0,0,0,0,1,0,0,0,0,0,0,1,0,0,1.791759469228055,4.68213122712422,2.6390573296152584,1512.0,81.0,1,0,0,0,0,0,1,0,0,0,0,0,0,0,0,1,0,0,0,0,0,0,0,0,0,0,0,0,1,0,0,0,0.032,1.0,2014,38
89,0,1,0,0,1,0,0.205,0.03372931692829868,0,1,0,0,0,0,0,0,0,0,0,0,0,1,0,1,0,0,0,0,0,0,0,1,0,0,0,0,0,1,0,0,2.4849066497880004,4.68213122712422,2.6390573296152584,1512.0,81.0,1,0,0,0,0,0,1,0,0,0,0,0,0,0,0,1,0,0,0,0,0,0,0,0,0,0,0,0,1,0,0,0,0.032,1.0,2014,38
89,0,1,0,0,1,0,0.396,0.2770642201834862,0,1,0,0,0,0,0,0,0,0,0,0,0,1,0,1,0,0,0,0,0,1,0,0,0,0,0,0,0,1,0,0,0.0,4.276666119016055,2.6390573296152584,1008.0,88.5,0,0,0,0,0,0,1,0,0,0,0,0,0,0,0,1,0,0,0,0,0,0,0,0,0,0,0,0,1,0,0,0,0.032,1.0,2014,38
89,0,1,0,0,1,0,0.911,0.3068965517241378,0,1,0,0,0,0,0,0,0,0,0,0,0,1,0,1,0,0,0,0,0,0,1,0,0,0,0,0,0,1,0,0,1.0986122886681098,4.276666119016055,2.6390573296152584,1008.0,88.5,1,0,0,0,0,0,1,0,0,0,0,0,0,0,0,1,0,0,0,0,0,0,0,0,0,0,0,0,1,0,0,0,0.032,1.0,2014,38
89,0,1,0,0,1,0,1.202,0.38113207547169803,0,1,0,0,0,0,0,0,0,0,0,0,0,1,0,1,0,0,0,0,0,0,1,0,0,0,0,0,0,1,0,0,1.791759469228055,4.276666119016055,2.6390573296152584,1008.0,88.5,1,0,0,0,0,0,1,0,0,0,0,0,0,0,0,1,0,0,0,0,0,0,0,0,0,0,0,0,1,0,0,0,0.032,1.0,2014,38
89,0,1,0,0,1,0,0.831,0.2964912280701755,0,1,0,0,0,0,0,0,0,0,0,0,0,1,0,1,0,0,0,0,0,0,0,1,0,0,0,0,0,1,0,0,2.4849066497880004,4.276666119016055,2.6390573296152584,1008.0,88.5,1,0,0,0,0,0,1,0,0,0,0,0,0,0,0,1,0,0,0,0,0,0,0,0,0,0,0,0,1,0,0,0,0.032,1.0,2014,38
89,0,1,0,0,1,0,0.927,0.2807692307692306,0,1,0,0,0,0,0,0,0,0,0,0,0,1,0,1,0,0,0,0,0,1,0,0,0,0,0,0,0,1,0,0,0.0,3.871201010907891,2.6390573296152584,672.0,89.5,0,0,0,0,0,0,1,0,0,0,0,0,0,0,0,1,0,0,0,0,0,0,0,0,0,0,0,0,1,0,0,0,0.032,1.0,2014,38
89,0,1,0,0,1,0,1.131,0.17466666666666666,0,1,0,0,0,0,0,0,0,0,0,0,0,1,0,1,0,0,0,0,0,0,1,0,0,0,0,0,0,1,0,0,1.0986122886681098,3.871201010907891,2.6390573296152584,672.0,89.5,1,0,0,0,0,0,1,0,0,0,0,0,0,0,0,1,0,0,0,0,0,0,0,0,0,0,0,0,1,0,0,0,0.032,1.0,2014,38
89,0,1,0,0,1,0,1.187,0.19684210526315796,0,1,0,0,0,0,0,0,0,0,0,0,0,1,0,1,0,0,0,0,0,0,1,0,0,0,0,0,0,1,0,0,1.791759469228055,3.871201010907891,2.6390573296152584,672.0,89.5,1,0,0,0,0,0,1,0,0,0,0,0,0,0,0,1,0,0,0,0,0,0,0,0,0,0,0,0,1,0,0,0,0.032,1.0,2014,38
89,0,1,0,0,1,0,1.2,0.19230769230769226,0,1,0,0,0,0,0,0,0,0,0,0,0,1,0,1,0,0,0,0,0,0,0,1,0,0,0,0,0,1,0,0,2.4849066497880004,3.871201010907891,2.6390573296152584,672.0,89.5,1,0,0,0,0,0,1,0,0,0,0,0,0,0,0,1,0,0,0,0,0,0,0,0,0,0,0,0,1,0,0,0,0.032,1.0,2014,38
89,0,1,0,0,1,0,-0.03,0.008736217133163698,0,1,0,0,0,0,0,0,0,0,0,0,0,1,0,0,0,0,1,0,0,1,0,0,0,0,0,0,0,1,0,0,0.0,4.68213122712422,2.6390573296152584,1512.0,81.0,0,0,0,0,0,0,1,0,0,0,0,0,0,0,0,1,0,0,0,0,0,0,0,0,0,0,0,0,1,0,0,0,0.032,1.0,2014,38
89,0,1,0,0,1,0,0.004,0.016889944039342037,0,1,0,0,0,0,0,0,0,0,0,0,0,1,0,0,0,0,1,0,0,0,1,0,0,0,0,0,0,1,0,0,1.0986122886681098,4.68213122712422,2.6390573296152584,1512.0,81.0,1,0,0,0,0,0,1,0,0,0,0,0,0,0,0,1,0,0,0,0,0,0,0,0,0,0,0,0,1,0,0,0,0.032,1.0,2014,38
89,0,1,0,0,1,0,0.083,0.056154317207593396,0,1,0,0,0,0,0,0,0,0,0,0,0,1,0,0,0,0,1,0,0,0,1,0,0,0,0,0,0,1,0,0,1.791759469228055,4.68213122712422,2.6390573296152584,1512.0,81.0,1,0,0,0,0,0,1,0,0,0,0,0,0,0,0,1,0,0,0,0,0,0,0,0,0,0,0,0,1,0,0,0,0.032,1.0,2014,38
89,0,1,0,0,1,0,0.107,0.07053712480252765,0,1,0,0,0,0,0,0,0,0,0,0,0,1,0,0,0,0,1,0,0,0,0,1,0,0,0,0,0,1,0,0,2.4849066497880004,4.68213122712422,2.6390573296152584,1512.0,81.0,1,0,0,0,0,0,1,0,0,0,0,0,0,0,0,1,0,0,0,0,0,0,0,0,0,0,0,0,1,0,0,0,0.032,1.0,2014,38
89,0,1,0,0,1,0,0.699,0.24274193548387102,0,1,0,0,0,0,0,0,0,0,0,0,0,1,0,0,0,0,1,0,0,1,0,0,0,0,0,0,0,1,0,0,0.0,4.276666119016055,2.6390573296152584,1008.0,88.5,0,0,0,0,0,0,1,0,0,0,0,0,0,0,0,1,0,0,0,0,0,0,0,0,0,0,0,0,1,0,0,0,0.032,1.0,2014,38
89,0,1,0,0,1,0,0.948,0.24761904761904785,0,1,0,0,0,0,0,0,0,0,0,0,0,1,0,0,0,0,1,0,0,0,1,0,0,0,0,0,0,1,0,0,1.0986122886681098,4.276666119016055,2.6390573296152584,1008.0,88.5,1,0,0,0,0,0,1,0,0,0,0,0,0,0,0,1,0,0,0,0,0,0,0,0,0,0,0,0,1,0,0,0,0.032,1.0,2014,38
89,0,1,0,0,1,0,0.944,0.2947368421052634,0,1,0,0,0,0,0,0,0,0,0,0,0,1,0,0,0,0,1,0,0,0,1,0,0,0,0,0,0,1,0,0,1.791759469228055,4.276666119016055,2.6390573296152584,1008.0,88.5,1,0,0,0,0,0,1,0,0,0,0,0,0,0,0,1,0,0,0,0,0,0,0,0,0,0,0,0,1,0,0,0,0.032,1.0,2014,38
89,0,1,0,0,1,0,0.668,0.25937499999999997,0,1,0,0,0,0,0,0,0,0,0,0,0,1,0,0,0,0,1,0,0,0,0,1,0,0,0,0,0,1,0,0,2.4849066497880004,4.276666119016055,2.6390573296152584,1008.0,88.5,1,0,0,0,0,0,1,0,0,0,0,0,0,0,0,1,0,0,0,0,0,0,0,0,0,0,0,0,1,0,0,0,0.032,1.0,2014,38
89,0,1,0,0,1,0,0.944,0.28000000000000025,0,1,0,0,0,0,0,0,0,0,0,0,0,1,0,0,0,0,1,0,0,1,0,0,0,0,0,0,0,1,0,0,0.0,3.871201010907891,2.6390573296152584,672.0,89.5,0,0,0,0,0,0,1,0,0,0,0,0,0,0,0,1,0,0,0,0,0,0,0,0,0,0,0,0,1,0,0,0,0.032,1.0,2014,38
89,0,1,0,0,1,0,1.069,0.23793103448275846,0,1,0,0,0,0,0,0,0,0,0,0,0,1,0,0,0,0,1,0,0,0,1,0,0,0,0,0,0,1,0,0,1.0986122886681098,3.871201010907891,2.6390573296152584,672.0,89.5,1,0,0,0,0,0,1,0,0,0,0,0,0,0,0,1,0,0,0,0,0,0,0,0,0,0,0,0,1,0,0,0,0.032,1.0,2014,38
89,0,1,0,0,1,0,1.254,0.20483870967741935,0,1,0,0,0,0,0,0,0,0,0,0,0,1,0,0,0,0,1,0,0,0,1,0,0,0,0,0,0,1,0,0,1.791759469228055,3.871201010907891,2.6390573296152584,672.0,89.5,1,0,0,0,0,0,1,0,0,0,0,0,0,0,0,1,0,0,0,0,0,0,0,0,0,0,0,0,1,0,0,0,0.032,1.0,2014,38
89,0,1,0,0,1,0,1.447,0.23776595744680856,0,1,0,0,0,0,0,0,0,0,0,0,0,1,0,0,0,0,1,0,0,0,0,1,0,0,0,0,0,1,0,0,2.4849066497880004,3.871201010907891,2.6390573296152584,672.0,89.5,1,0,0,0,0,0,1,0,0,0,0,0,0,0,0,1,0,0,0,0,0,0,0,0,0,0,0,0,1,0,0,0,0.032,1.0,2014,38
89,0,1,0,0,1,0,0.197,0.33739495798319324,0,1,0,0,0,0,0,0,0,0,0,0,0,1,0,1,0,0,0,0,0,1,0,0,0,0,0,0,0,1,0,0,0.0,4.276666119016055,2.3978952727983707,792.0,88.5,0,0,0,0,0,0,1,0,0,0,0,0,0,0,0,1,0,0,0,0,0,0,0,0,0,0,0,0,1,0,0,0,0.032,1.0,2014,38
89,0,1,0,0,1,0,0.797,0.3624999999999999,0,1,0,0,0,0,0,0,0,0,0,0,0,1,0,1,0,0,0,0,0,0,1,0,0,0,0,0,0,1,0,0,1.0986122886681098,4.276666119016055,2.3978952727983707,792.0,88.5,1,0,0,0,0,0,1,0,0,0,0,0,0,0,0,1,0,0,0,0,0,0,0,0,0,0,0,0,1,0,0,0,0.032,1.0,2014,38
89,0,1,0,0,1,0,1.124,0.42758620689655213,0,1,0,0,0,0,0,0,0,0,0,0,0,1,0,1,0,0,0,0,0,0,1,0,0,0,0,0,0,1,0,0,1.791759469228055,4.276666119016055,2.3978952727983707,792.0,88.5,1,0,0,0,0,0,1,0,0,0,0,0,0,0,0,1,0,0,0,0,0,0,0,0,0,0,0,0,1,0,0,0,0.032,1.0,2014,38
89,0,1,0,0,1,0,0.772,0.33043478260869563,0,1,0,0,0,0,0,0,0,0,0,0,0,1,0,1,0,0,0,0,0,0,0,1,0,0,0,0,0,1,0,0,2.4849066497880004,4.276666119016055,2.3978952727983707,792.0,88.5,1,0,0,0,0,0,1,0,0,0,0,0,0,0,0,1,0,0,0,0,0,0,0,0,0,0,0,0,1,0,0,0,0.032,1.0,2014,38
89,0,1,0,0,1,0,0.961,0.3250000000000003,0,1,0,0,0,0,0,0,0,0,0,0,0,1,0,1,0,0,0,0,0,1,0,0,0,0,0,0,0,1,0,0,0.0,3.871201010907891,2.3978952727983707,528.0,89.5,0,0,0,0,0,0,1,0,0,0,0,0,0,0,0,1,0,0,0,0,0,0,0,0,0,0,0,0,1,0,0,0,0.032,1.0,2014,38
89,0,1,0,0,1,0,1.204,0.18214285714285708,0,1,0,0,0,0,0,0,0,0,0,0,0,1,0,1,0,0,0,0,0,0,1,0,0,0,0,0,0,1,0,0,1.0986122886681098,3.871201010907891,2.3978952727983707,528.0,89.5,1,0,0,0,0,0,1,0,0,0,0,0,0,0,0,1,0,0,0,0,0,0,0,0,0,0,0,0,1,0,0,0,0.032,1.0,2014,38
89,0,1,0,0,1,0,1.235,0.21171171171171177,0,1,0,0,0,0,0,0,0,0,0,0,0,1,0,1,0,0,0,0,0,0,1,0,0,0,0,0,0,1,0,0,1.791759469228055,3.871201010907891,2.3978952727983707,528.0,89.5,1,0,0,0,0,0,1,0,0,0,0,0,0,0,0,1,0,0,0,0,0,0,0,0,0,0,0,0,1,0,0,0,0.032,1.0,2014,38
89,0,1,0,0,1,0,1.29,0.21167883211678834,0,1,0,0,0,0,0,0,0,0,0,0,0,1,0,1,0,0,0,0,0,0,0,1,0,0,0,0,0,1,0,0,2.4849066497880004,3.871201010907891,2.3978952727983707,528.0,89.5,1,0,0,0,0,0,1,0,0,0,0,0,0,0,0,1,0,0,0,0,0,0,0,0,0,0,0,0,1,0,0,0,0.032,1.0,2014,38
89,0,1,0,0,1,0,0.71,0.300518134715026,0,1,0,0,0,0,0,0,0,0,0,0,0,1,0,0,0,0,1,0,0,1,0,0,0,0,0,0,0,1,0,0,0.0,4.276666119016055,2.3978952727983707,792.0,88.5,0,0,0,0,0,0,1,0,0,0,0,0,0,0,0,1,0,0,0,0,0,0,0,0,0,0,0,0,1,0,0,0,0.032,1.0,2014,38
89,0,1,0,0,1,0,0.912,0.2933333333333332,0,1,0,0,0,0,0,0,0,0,0,0,0,1,0,0,0,0,1,0,0,0,1,0,0,0,0,0,0,1,0,0,1.0986122886681098,4.276666119016055,2.3978952727983707,792.0,88.5,1,0,0,0,0,0,1,0,0,0,0,0,0,0,0,1,0,0,0,0,0,0,0,0,0,0,0,0,1,0,0,0,0.032,1.0,2014,38
89,0,1,0,0,1,0,0.92,0.3333333333333332,0,1,0,0,0,0,0,0,0,0,0,0,0,1,0,0,0,0,1,0,0,0,1,0,0,0,0,0,0,1,0,0,1.791759469228055,4.276666119016055,2.3978952727983707,792.0,88.5,1,0,0,0,0,0,1,0,0,0,0,0,0,0,0,1,0,0,0,0,0,0,0,0,0,0,0,0,1,0,0,0,0.032,1.0,2014,38
89,0,1,0,0,1,0,0.645,0.29831932773109243,0,1,0,0,0,0,0,0,0,0,0,0,0,1,0,0,0,0,1,0,0,0,0,1,0,0,0,0,0,1,0,0,2.4849066497880004,4.276666119016055,2.3978952727983707,792.0,88.5,1,0,0,0,0,0,1,0,0,0,0,0,0,0,0,1,0,0,0,0,0,0,0,0,0,0,0,0,1,0,0,0,0.032,1.0,2014,38
89,0,1,0,0,1,0,0.95,0.34246575342465785,0,1,0,0,0,0,0,0,0,0,0,0,0,1,0,0,0,0,1,0,0,1,0,0,0,0,0,0,0,1,0,0,0.0,3.871201010907891,2.3978952727983707,528.0,89.5,0,0,0,0,0,0,1,0,0,0,0,0,0,0,0,1,0,0,0,0,0,0,0,0,0,0,0,0,1,0,0,0,0.032,1.0,2014,38
89,0,1,0,0,1,0,1.083,0.29642857142857126,0,1,0,0,0,0,0,0,0,0,0,0,0,1,0,0,0,0,1,0,0,0,1,0,0,0,0,0,0,1,0,0,1.0986122886681098,3.871201010907891,2.3978952727983707,528.0,89.5,1,0,0,0,0,0,1,0,0,0,0,0,0,0,0,1,0,0,0,0,0,0,0,0,0,0,0,0,1,0,0,0,0.032,1.0,2014,38
89,0,1,0,0,1,0,1.272,0.24285714285714285,0,1,0,0,0,0,0,0,0,0,0,0,0,1,0,0,0,0,1,0,0,0,1,0,0,0,0,0,0,1,0,0,1.791759469228055,3.871201010907891,2.3978952727983707,528.0,89.5,1,0,0,0,0,0,1,0,0,0,0,0,0,0,0,1,0,0,0,0,0,0,0,0,0,0,0,0,1,0,0,0,0.032,1.0,2014,38
89,0,1,0,0,1,0,1.559,0.2911458333333333,0,1,0,0,0,0,0,0,0,0,0,0,0,1,0,0,0,0,1,0,0,0,0,1,0,0,0,0,0,1,0,0,2.4849066497880004,3.871201010907891,2.3978952727983707,528.0,89.5,1,0,0,0,0,0,1,0,0,0,0,0,0,0,0,1,0,0,0,0,0,0,0,0,0,0,0,0,1,0,0,0,0.032,1.0,2014,38
89,0,1,0,0,1,0,-0.046,0.017858326223955362,0,0,1,0,0,0,0,0,0,0,0,0,0,1,0,1,0,0,0,0,0,1,0,0,0,0,0,0,0,1,0,0,0.0,5.19295685089021,3.1780538303479458,4320.0,84.0,0,0,0,0,0,0,1,0,0,0,0,0,0,0,0,0,0,0,0,0,0,1,0,0,0,0,0,0,1,0,0,0,0.032,1.0,2014,38
89,0,1,0,0,1,0,0.401,0.15567801773491524,0,0,1,0,0,0,0,0,0,0,0,0,0,1,0,1,0,0,0,0,0,1,0,0,0,0,0,0,0,1,0,0,0.0,5.19295685089021,3.1780538303479458,4320.0,84.0,0,0,0,0,0,0,1,0,0,0,0,0,0,0,0,0,0,0,0,0,1,0,0,0,0,0,0,0,1,0,0,0,0.032,1.0,2014,38
89,0,1,0,0,1,0,-0.064,0.024846366920285724,0,0,1,0,0,0,0,0,0,0,0,0,0,1,0,1,0,0,0,0,0,0,1,0,0,0,0,0,0,1,0,0,1.0986122886681098,5.19295685089021,3.1780538303479458,4320.0,84.0,1,0,0,0,0,0,1,0,0,0,0,0,0,0,0,0,0,0,0,0,0,1,0,0,0,0,0,0,1,0,0,0,0.032,1.0,2014,38
89,0,1,0,0,1,0,0.436,0.16926587464444648,0,0,1,0,0,0,0,0,0,0,0,0,0,1,0,1,0,0,0,0,0,0,1,0,0,0,0,0,0,1,0,0,1.0986122886681098,5.19295685089021,3.1780538303479458,4320.0,84.0,1,0,0,0,0,0,1,0,0,0,0,0,0,0,0,0,0,0,0,0,1,0,0,0,0,0,0,0,1,0,0,0,0.032,1.0,2014,38
89,0,1,0,0,1,0,-0.08,0.031057958650357154,0,0,1,0,0,0,0,0,0,0,0,0,0,1,0,1,0,0,0,0,0,0,1,0,0,0,0,0,0,1,0,0,1.791759469228055,5.19295685089021,3.1780538303479458,4320.0,84.0,1,0,0,0,0,0,1,0,0,0,0,0,0,0,0,0,0,0,0,0,0,1,0,0,0,0,0,0,1,0,0,0,0.032,1.0,2014,38
89,0,1,0,0,1,0,0.487,0.18906532328404918,0,0,1,0,0,0,0,0,0,0,0,0,0,1,0,1,0,0,0,0,0,0,1,0,0,0,0,0,0,1,0,0,1.791759469228055,5.19295685089021,3.1780538303479458,4320.0,84.0,1,0,0,0,0,0,1,0,0,0,0,0,0,0,0,0,0,0,0,0,1,0,0,0,0,0,0,0,1,0,0,0,0.032,1.0,2014,38
89,0,1,0,0,1,0,-0.284,0.11025575320876789,0,0,1,0,0,0,0,0,0,0,0,0,0,1,0,1,0,0,0,0,0,0,0,1,0,0,0,0,0,1,0,0,2.4849066497880004,5.19295685089021,3.1780538303479458,4320.0,84.0,1,0,0,0,0,0,1,0,0,0,0,0,0,0,0,0,0,0,0,0,0,1,0,0,0,0,0,0,1,0,0,0,0.032,1.0,2014,38
89,0,1,0,0,1,0,0.431,0.16732475222879917,0,0,1,0,0,0,0,0,0,0,0,0,0,1,0,1,0,0,0,0,0,0,0,1,0,0,0,0,0,1,0,0,2.4849066497880004,5.19295685089021,3.1780538303479458,4320.0,84.0,1,0,0,0,0,0,1,0,0,0,0,0,0,0,0,0,0,0,0,0,1,0,0,0,0,0,0,0,1,0,0,0,0.032,1.0,2014,38
89,0,1,0,0,1,0,0.246,0.1255125104034649,1,0,0,0,0,0,0,0,0,0,0,0,0,1,0,1,0,0,0,0,0,1,0,0,0,0,0,0,0,1,0,0,0.0,5.19295685089021,2.302585092994046,1800.0,84.0,0,0,0,0,0,0,1,0,0,0,0,0,0,0,0,0,0,0,0,0,0,1,0,0,0,0,0,0,1,0,0,0,0.032,1.0,2014,38
89,0,1,0,0,1,0,0.162,12.92539148044374,1,0,0,0,0,0,0,0,0,0,0,0,0,1,0,1,0,0,0,0,0,1,0,0,0,0,0,0,0,1,0,0,0.0,5.19295685089021,2.302585092994046,1800.0,84.0,0,0,0,0,0,0,1,0,0,0,0,0,0,0,0,0,0,0,0,0,1,0,0,0,0,0,0,0,1,0,0,0,0.032,1.0,2014,38
89,0,1,0,0,1,0,0.383,0.1486899770385849,1,0,0,0,0,0,0,0,0,0,0,0,0,1,0,1,0,0,0,0,0,0,1,0,0,0,0,0,0,1,0,0,1.0986122886681098,5.19295685089021,2.302585092994046,1800.0,84.0,1,0,0,0,0,0,1,0,0,0,0,0,0,0,0,0,0,0,0,0,0,1,0,0,0,0,0,0,1,0,0,0,0.032,1.0,2014,38
89,0,1,0,0,1,0,-1.288,0.5000331342707502,1,0,0,0,0,0,0,0,0,0,0,0,0,1,0,1,0,0,0,0,0,0,1,0,0,0,0,0,0,1,0,0,1.0986122886681098,5.19295685089021,2.302585092994046,1800.0,84.0,1,0,0,0,0,0,1,0,0,0,0,0,0,0,0,0,0,0,0,0,1,0,0,0,0,0,0,0,1,0,0,0,0.032,1.0,2014,38
89,0,1,0,0,1,0,0.325,0.12617295701707595,1,0,0,0,0,0,0,0,0,0,0,0,0,1,0,1,0,0,0,0,0,0,1,0,0,0,0,0,0,1,0,0,1.791759469228055,5.19295685089021,2.302585092994046,1800.0,84.0,1,0,0,0,0,0,1,0,0,0,0,0,0,0,0,0,0,0,0,0,0,1,0,0,0,0,0,0,1,0,0,0,0.032,1.0,2014,38
89,0,1,0,0,1,0,-1.417,0.5501140925944511,1,0,0,0,0,0,0,0,0,0,0,0,0,1,0,1,0,0,0,0,0,0,1,0,0,0,0,0,0,1,0,0,1.791759469228055,5.19295685089021,2.302585092994046,1800.0,84.0,1,0,0,0,0,0,1,0,0,0,0,0,0,0,0,0,0,0,0,0,1,0,0,0,0,0,0,0,1,0,0,0,0.032,1.0,2014,38
89,0,1,0,0,1,0,0.013,0.005046918280683038,1,0,0,0,0,0,0,0,0,0,0,0,0,1,0,1,0,0,0,0,0,0,0,1,0,0,0,0,0,1,0,0,2.4849066497880004,5.19295685089021,2.302585092994046,1800.0,84.0,1,0,0,0,0,0,1,0,0,0,0,0,0,0,0,0,0,0,0,0,0,1,0,0,0,0,0,0,1,0,0,0,0.032,1.0,2014,38
89,0,1,0,0,1,0,-1.198,0.46509293078909836,1,0,0,0,0,0,0,0,0,0,0,0,0,1,0,1,0,0,0,0,0,0,0,1,0,0,0,0,0,1,0,0,2.4849066497880004,5.19295685089021,2.302585092994046,1800.0,84.0,1,0,0,0,0,0,1,0,0,0,0,0,0,0,0,0,0,0,0,0,1,0,0,0,0,0,0,0,1,0,0,0,0.032,1.0,2014,38
89,0,1,0,0,1,0,-0.046,0.017858326223955362,0,1,0,0,0,0,0,0,0,0,0,0,0,1,0,1,0,0,0,0,0,1,0,0,0,0,0,0,0,1,0,0,0.0,5.19295685089021,2.6390573296152584,2520.0,84.0,0,0,0,0,0,0,1,0,0,0,0,0,0,0,0,0,0,0,0,0,0,1,0,0,0,0,0,0,1,0,0,0,0.032,1.0,2014,38
89,0,1,0,0,1,0,0.37,0.14364305875790184,0,1,0,0,0,0,0,0,0,0,0,0,0,1,0,1,0,0,0,0,0,1,0,0,0,0,0,0,0,1,0,0,0.0,5.19295685089021,2.6390573296152584,2520.0,84.0,0,0,0,0,0,0,1,0,0,0,0,0,0,0,0,0,0,0,0,0,1,0,0,0,0,0,0,0,1,0,0,0,0.032,1.0,2014,38
89,0,1,0,0,1,0,-0.065,0.025234591403415187,0,1,0,0,0,0,0,0,0,0,0,0,0,1,0,1,0,0,0,0,0,0,1,0,0,0,0,0,0,1,0,0,1.0986122886681098,5.19295685089021,2.6390573296152584,2520.0,84.0,1,0,0,0,0,0,1,0,0,0,0,0,0,0,0,0,0,0,0,0,0,1,0,0,0,0,0,0,1,0,0,0,0.032,1.0,2014,38
89,0,1,0,0,1,0,0.408,0.15839558911682147,0,1,0,0,0,0,0,0,0,0,0,0,0,1,0,1,0,0,0,0,0,0,1,0,0,0,0,0,0,1,0,0,1.0986122886681098,5.19295685089021,2.6390573296152584,2520.0,84.0,1,0,0,0,0,0,1,0,0,0,0,0,0,0,0,0,0,0,0,0,1,0,0,0,0,0,0,0,1,0,0,0,0.032,1.0,2014,38
89,0,1,0,0,1,0,-0.083,0.032222632099745546,0,1,0,0,0,0,0,0,0,0,0,0,0,1,0,1,0,0,0,0,0,0,1,0,0,0,0,0,0,1,0,0,1.791759469228055,5.19295685089021,2.6390573296152584,2520.0,84.0,1,0,0,0,0,0,1,0,0,0,0,0,0,0,0,0,0,0,0,0,0,1,0,0,0,0,0,0,1,0,0,0,0.032,1.0,2014,38
89,0,1,0,0,1,0,0.465,0.23724925746996414,0,1,0,0,0,0,0,0,0,0,0,0,0,1,0,1,0,0,0,0,0,0,1,0,0,0,0,0,0,1,0,0,1.791759469228055,5.19295685089021,2.6390573296152584,2520.0,84.0,1,0,0,0,0,0,1,0,0,0,0,0,0,0,0,0,0,0,0,0,1,0,0,0,0,0,0,0,1,0,0,0,0.032,1.0,2014,38
89,0,1,0,0,1,0,-0.299,0.11607912045570985,0,1,0,0,0,0,0,0,0,0,0,0,0,1,0,1,0,0,0,0,0,0,0,1,0,0,0,0,0,1,0,0,2.4849066497880004,5.19295685089021,2.6390573296152584,2520.0,84.0,1,0,0,0,0,0,1,0,0,0,0,0,0,0,0,0,0,0,0,0,0,1,0,0,0,0,0,0,1,0,0,0,0.032,1.0,2014,38
89,0,1,0,0,1,0,0.397,0.2413588622689723,0,1,0,0,0,0,0,0,0,0,0,0,0,1,0,1,0,0,0,0,0,0,0,1,0,0,0,0,0,1,0,0,2.4849066497880004,5.19295685089021,2.6390573296152584,2520.0,84.0,1,0,0,0,0,0,1,0,0,0,0,0,0,0,0,0,0,0,0,0,1,0,0,0,0,0,0,0,1,0,0,0,0.032,1.0,2014,38
89,0,1,0,0,1,0,-0.041,0.015917203808308043,0,0,1,0,0,0,0,0,0,0,0,0,0,1,0,0,0,0,1,0,0,1,0,0,0,0,0,0,0,1,0,0,0.0,5.19295685089021,3.1780538303479458,4320.0,84.0,0,0,0,0,0,0,1,0,0,0,0,0,0,0,0,0,0,0,0,0,0,1,0,0,0,0,0,0,1,0,0,0,0.032,1.0,2014,38
89,0,1,0,0,1,0,0.296,0.11491444700632146,0,0,1,0,0,0,0,0,0,0,0,0,0,1,0,0,0,0,1,0,0,1,0,0,0,0,0,0,0,1,0,0,0.0,5.19295685089021,3.1780538303479458,4320.0,84.0,0,0,0,0,0,0,1,0,0,0,0,0,0,0,0,0,0,0,0,0,1,0,0,0,0,0,0,0,1,0,0,0,0.032,1.0,2014,38
89,0,1,0,0,1,0,-0.053,0.020575897605861614,0,0,1,0,0,0,0,0,0,0,0,0,0,1,0,0,0,0,1,0,0,0,1,0,0,0,0,0,0,1,0,0,1.0986122886681098,5.19295685089021,3.1780538303479458,4320.0,84.0,1,0,0,0,0,0,1,0,0,0,0,0,0,0,0,0,0,0,0,0,0,1,0,0,0,0,0,0,1,0,0,0,0.032,1.0,2014,38
89,0,1,0,0,1,0,0.335,0.13005520184837058,0,0,1,0,0,0,0,0,0,0,0,0,0,1,0,0,0,0,1,0,0,0,1,0,0,0,0,0,0,1,0,0,1.0986122886681098,5.19295685089021,3.1780538303479458,4320.0,84.0,1,0,0,0,0,0,1,0,0,0,0,0,0,0,0,0,0,0,0,0,1,0,0,0,0,0,0,0,1,0,0,0,0.032,1.0,2014,38
89,0,1,0,0,1,0,-0.082,0.03183440761661609,0,0,1,0,0,0,0,0,0,0,0,0,0,1,0,0,0,0,1,0,0,0,1,0,0,0,0,0,0,1,0,0,1.791759469228055,5.19295685089021,3.1780538303479458,4320.0,84.0,1,0,0,0,0,0,1,0,0,0,0,0,0,0,0,0,0,0,0,0,0,1,0,0,0,0,0,0,1,0,0,0,0.032,1.0,2014,38
89,0,1,0,0,1,0,0.393,0.15257222186987954,0,0,1,0,0,0,0,0,0,0,0,0,0,1,0,0,0,0,1,0,0,0,1,0,0,0,0,0,0,1,0,0,1.791759469228055,5.19295685089021,3.1780538303479458,4320.0,84.0,1,0,0,0,0,0,1,0,0,0,0,0,0,0,0,0,0,0,0,0,1,0,0,0,0,0,0,0,1,0,0,0,0.032,1.0,2014,38
89,0,1,0,0,1,0,-0.348,0.13510212012905362,0,0,1,0,0,0,0,0,0,0,0,0,0,1,0,0,0,0,1,0,0,0,0,1,0,0,0,0,0,1,0,0,2.4849066497880004,5.19295685089021,3.1780538303479458,4320.0,84.0,1,0,0,0,0,0,1,0,0,0,0,0,0,0,0,0,0,0,0,0,0,1,0,0,0,0,0,0,1,0,0,0,0.032,1.0,2014,38
89,0,1,0,0,1,0,0.357,0.1385961404772188,0,0,1,0,0,0,0,0,0,0,0,0,0,1,0,0,0,0,1,0,0,0,0,1,0,0,0,0,0,1,0,0,2.4849066497880004,5.19295685089021,3.1780538303479458,4320.0,84.0,1,0,0,0,0,0,1,0,0,0,0,0,0,0,0,0,0,0,0,0,1,0,0,0,0,0,0,0,1,0,0,0,0.032,1.0,2014,38
89,0,1,0,0,1,0,0.011,0.005612348026171194,1,0,0,0,0,0,0,0,0,0,0,0,0,1,0,0,0,0,1,0,0,1,0,0,0,0,0,0,0,1,0,0,0.0,5.19295685089021,2.302585092994046,1800.0,84.0,0,0,0,0,0,0,1,0,0,0,0,0,0,0,0,0,0,0,0,0,0,1,0,0,0,0,0,0,1,0,0,0,0.032,1.0,2014,38
89,0,1,0,0,1,0,-0.159,0.09666513627397127,1,0,0,0,0,0,0,0,0,0,0,0,0,1,0,0,0,0,1,0,0,1,0,0,0,0,0,0,0,1,0,0,0.0,5.19295685089021,2.302585092994046,1800.0,84.0,0,0,0,0,0,0,1,0,0,0,0,0,0,0,0,0,0,0,0,0,1,0,0,0,0,0,0,0,1,0,0,0,0.032,1.0,2014,38
89,0,1,0,0,1,0,0.198,0.1010222644710815,1,0,0,0,0,0,0,0,0,0,0,0,0,1,0,0,0,0,1,0,0,0,1,0,0,0,0,0,0,1,0,0,1.0986122886681098,5.19295685089021,2.302585092994046,1800.0,84.0,1,0,0,0,0,0,1,0,0,0,0,0,0,0,0,0,0,0,0,0,0,1,0,0,0,0,0,0,1,0,0,0,0.032,1.0,2014,38
89,0,1,0,0,1,0,-0.27,0.1377576333696566,1,0,0,0,0,0,0,0,0,0,0,0,0,1,0,0,0,0,1,0,0,0,1,0,0,0,0,0,0,1,0,0,1.0986122886681098,5.19295685089021,2.302585092994046,1800.0,84.0,1,0,0,0,0,0,1,0,0,0,0,0,0,0,0,0,0,0,0,0,1,0,0,0,0,0,0,0,1,0,0,0,0.032,1.0,2014,38
89,0,1,0,0,1,0,-0.148,0.05745722350316073,1,0,0,0,0,0,0,0,0,0,0,0,0,1,0,0,0,0,1,0,0,0,1,0,0,0,0,0,0,1,0,0,1.791759469228055,5.19295685089021,2.302585092994046,1800.0,84.0,1,0,0,0,0,0,1,0,0,0,0,0,0,0,0,0,0,0,0,0,0,1,0,0,0,0,0,0,1,0,0,0,0.032,1.0,2014,38
89,0,1,0,0,1,0,-0.461,0.17897148672268312,1,0,0,0,0,0,0,0,0,0,0,0,0,1,0,0,0,0,1,0,0,0,1,0,0,0,0,0,0,1,0,0,1.791759469228055,5.19295685089021,2.302585092994046,1800.0,84.0,1,0,0,0,0,0,1,0,0,0,0,0,0,0,0,0,0,0,0,0,1,0,0,0,0,0,0,0,1,0,0,0,0.032,1.0,2014,38
89,0,1,0,0,1,0,-0.456,0.17703036430703578,1,0,0,0,0,0,0,0,0,0,0,0,0,1,0,0,0,0,1,0,0,0,0,1,0,0,0,0,0,1,0,0,2.4849066497880004,5.19295685089021,2.302585092994046,1800.0,84.0,1,0,0,0,0,0,1,0,0,0,0,0,0,0,0,0,0,0,0,0,0,1,0,0,0,0,0,0,1,0,0,0,0.032,1.0,2014,38
89,0,1,0,0,1,0,-0.25,0.09705612078236611,1,0,0,0,0,0,0,0,0,0,0,0,0,1,0,0,0,0,1,0,0,0,0,1,0,0,0,0,0,1,0,0,2.4849066497880004,5.19295685089021,2.302585092994046,1800.0,84.0,1,0,0,0,0,0,1,0,0,0,0,0,0,0,0,0,0,0,0,0,1,0,0,0,0,0,0,0,1,0,0,0,0.032,1.0,2014,38
89,0,1,0,0,1,0,-0.039,0.015140754842049112,0,1,0,0,0,0,0,0,0,0,0,0,0,1,0,0,0,0,1,0,0,1,0,0,0,0,0,0,0,1,0,0,0.0,5.19295685089021,2.6390573296152584,2520.0,84.0,0,0,0,0,0,0,1,0,0,0,0,0,0,0,0,0,0,0,0,0,0,1,0,0,0,0,0,0,1,0,0,0,0.032,1.0,2014,38
89,0,1,0,0,1,0,0.279,0.10831463079312058,0,1,0,0,0,0,0,0,0,0,0,0,0,1,0,0,0,0,1,0,0,1,0,0,0,0,0,0,0,1,0,0,0.0,5.19295685089021,2.6390573296152584,2520.0,84.0,0,0,0,0,0,0,1,0,0,0,0,0,0,0,0,0,0,0,0,0,1,0,0,0,0,0,0,0,1,0,0,0,0.032,1.0,2014,38
89,0,1,0,0,1,0,-0.05,0.01941122415647322,0,1,0,0,0,0,0,0,0,0,0,0,0,1,0,0,0,0,1,0,0,0,1,0,0,0,0,0,0,1,0,0,1.0986122886681098,5.19295685089021,2.6390573296152584,2520.0,84.0,1,0,0,0,0,0,1,0,0,0,0,0,0,0,0,0,0,0,0,0,0,1,0,0,0,0,0,0,1,0,0,0,0.032,1.0,2014,38
89,0,1,0,0,1,0,0.315,0.12229071218578129,0,1,0,0,0,0,0,0,0,0,0,0,0,1,0,0,0,0,1,0,0,0,1,0,0,0,0,0,0,1,0,0,1.0986122886681098,5.19295685089021,2.6390573296152584,2520.0,84.0,1,0,0,0,0,0,1,0,0,0,0,0,0,0,0,0,0,0,0,0,1,0,0,0,0,0,0,0,1,0,0,0,0.032,1.0,2014,38
89,0,1,0,0,1,0,-0.073,0.028340387268450902,0,1,0,0,0,0,0,0,0,0,0,0,0,1,0,0,0,0,1,0,0,0,1,0,0,0,0,0,0,1,0,0,1.791759469228055,5.19295685089021,2.6390573296152584,2520.0,84.0,1,0,0,0,0,0,1,0,0,0,0,0,0,0,0,0,0,0,0,0,0,1,0,0,0,0,0,0,1,0,0,0,0.032,1.0,2014,38
89,0,1,0,0,1,0,0.383,0.1486899770385849,0,1,0,0,0,0,0,0,0,0,0,0,0,1,0,0,0,0,1,0,0,0,1,0,0,0,0,0,0,1,0,0,1.791759469228055,5.19295685089021,2.6390573296152584,2520.0,84.0,1,0,0,0,0,0,1,0,0,0,0,0,0,0,0,0,0,0,0,0,1,0,0,0,0,0,0,0,1,0,0,0,0.032,1.0,2014,38
89,0,1,0,0,1,0,-0.337,0.13083165081462952,0,1,0,0,0,0,0,0,0,0,0,0,0,1,0,0,0,0,1,0,0,0,0,1,0,0,0,0,0,1,0,0,2.4849066497880004,5.19295685089021,2.6390573296152584,2520.0,84.0,1,0,0,0,0,0,1,0,0,0,0,0,0,0,0,0,0,0,0,0,0,1,0,0,0,0,0,0,1,0,0,0,0.032,1.0,2014,38
89,0,1,0,0,1,0,0.336,0.13044342633150005,0,1,0,0,0,0,0,0,0,0,0,0,0,1,0,0,0,0,1,0,0,0,0,1,0,0,0,0,0,1,0,0,2.4849066497880004,5.19295685089021,2.6390573296152584,2520.0,84.0,1,0,0,0,0,0,1,0,0,0,0,0,0,0,0,0,0,0,0,0,1,0,0,0,0,0,0,0,1,0,0,0,0.032,1.0,2014,38
89,0,1,0,0,1,0,-0.209,0.08113891697405806,1,0,0,0,0,0,0,0,0,0,0,0,0,1,0,1,0,0,0,0,0,1,0,0,0,0,0,0,0,1,0,0,0.0,4.68213122712422,2.302585092994046,1080.0,81.0,0,0,0,0,0,0,1,0,0,0,0,0,0,0,0,0,0,0,0,0,0,1,0,0,0,0,0,0,1,0,0,0,0.032,1.0,2014,38
89,0,1,0,0,1,0,-0.08,6.382909373058637,1,0,0,0,0,0,0,0,0,0,0,0,0,1,0,1,0,0,0,0,0,1,0,0,0,0,0,0,0,1,0,0,0.0,4.68213122712422,2.302585092994046,1080.0,81.0,0,0,0,0,0,0,1,0,0,0,0,0,0,0,0,0,0,0,0,0,1,0,0,0,0,0,0,0,1,0,0,0,0.032,1.0,2014,38
89,0,1,0,0,1,0,-0.266,0.10326771251243755,1,0,0,0,0,0,0,0,0,0,0,0,0,1,0,1,0,0,0,0,0,0,1,0,0,0,0,0,0,1,0,0,1.0986122886681098,4.68213122712422,2.302585092994046,1080.0,81.0,1,0,0,0,0,0,1,0,0,0,0,0,0,0,0,0,0,0,0,0,0,1,0,0,0,0,0,0,1,0,0,0,0.032,1.0,2014,38
89,0,1,0,0,1,0,-0.54,43.0846382681458,1,0,0,0,0,0,0,0,0,0,0,0,0,1,0,1,0,0,0,0,0,0,1,0,0,0,0,0,0,1,0,0,1.0986122886681098,4.68213122712422,2.302585092994046,1080.0,81.0,1,0,0,0,0,0,1,0,0,0,0,0,0,0,0,0,0,0,0,0,1,0,0,0,0,0,0,0,1,0,0,0,0.032,1.0,2014,38
89,0,1,0,0,1,0,-0.322,0.12500828356768756,1,0,0,0,0,0,0,0,0,0,0,0,0,1,0,1,0,0,0,0,0,0,1,0,0,0,0,0,0,1,0,0,1.791759469228055,4.68213122712422,2.302585092994046,1080.0,81.0,1,0,0,0,0,0,1,0,0,0,0,0,0,0,0,0,0,0,0,0,0,1,0,0,0,0,0,0,1,0,0,0,0.032,1.0,2014,38
89,0,1,0,0,1,0,-0.917,0.46786573999990777,1,0,0,0,0,0,0,0,0,0,0,0,0,1,0,1,0,0,0,0,0,0,1,0,0,0,0,0,0,1,0,0,1.791759469228055,4.68213122712422,2.302585092994046,1080.0,81.0,1,0,0,0,0,0,1,0,0,0,0,0,0,0,0,0,0,0,0,0,1,0,0,0,0,0,0,0,1,0,0,0,0.032,1.0,2014,38
89,0,1,0,0,1,0,-0.324,0.12578473253394648,1,0,0,0,0,0,0,0,0,0,0,0,0,1,0,1,0,0,0,0,0,0,0,1,0,0,0,0,0,1,0,0,2.4849066497880004,4.68213122712422,2.302585092994046,1080.0,81.0,1,0,0,0,0,0,1,0,0,0,0,0,0,0,0,0,0,0,0,0,0,1,0,0,0,0,0,0,1,0,0,0,0.032,1.0,2014,38
89,0,1,0,0,1,0,-0.299,0.11607912045570985,1,0,0,0,0,0,0,0,0,0,0,0,0,1,0,1,0,0,0,0,0,0,0,1,0,0,0,0,0,1,0,0,2.4849066497880004,4.68213122712422,2.302585092994046,1080.0,81.0,1,0,0,0,0,0,1,0,0,0,0,0,0,0,0,0,0,0,0,0,1,0,0,0,0,0,0,0,1,0,0,0,0.032,1.0,2014,38
89,0,1,0,0,1,0,-0.044,0.017081877257696432,0,1,0,0,0,0,0,0,0,0,0,0,0,1,0,1,0,0,0,0,0,1,0,0,0,0,0,0,0,1,0,0,0.0,4.68213122712422,2.6390573296152584,1512.0,81.0,0,0,0,0,0,0,1,0,0,0,0,0,0,0,0,0,0,0,0,0,0,1,0,0,0,0,0,0,1,0,0,0,0.032,1.0,2014,38
89,0,1,0,0,1,0,0.39,0.15140754842049112,0,1,0,0,0,0,0,0,0,0,0,0,0,1,0,1,0,0,0,0,0,1,0,0,0,0,0,0,0,1,0,0,0.0,4.68213122712422,2.6390573296152584,1512.0,81.0,0,0,0,0,0,0,1,0,0,0,0,0,0,0,0,0,0,0,0,0,1,0,0,0,0,0,0,0,1,0,0,0,0.032,1.0,2014,38
89,0,1,0,0,1,0,-0.063,0.024458142437156258,0,1,0,0,0,0,0,0,0,0,0,0,0,1,0,1,0,0,0,0,0,0,1,0,0,0,0,0,0,1,0,0,1.0986122886681098,4.68213122712422,2.6390573296152584,1512.0,81.0,1,0,0,0,0,0,1,0,0,0,0,0,0,0,0,0,0,0,0,0,0,1,0,0,0,0,0,0,1,0,0,0,0.032,1.0,2014,38
89,0,1,0,0,1,0,0.404,0.15684269118430363,0,1,0,0,0,0,0,0,0,0,0,0,0,1,0,1,0,0,0,0,0,0,1,0,0,0,0,0,0,1,0,0,1.0986122886681098,4.68213122712422,2.6390573296152584,1512.0,81.0,1,0,0,0,0,0,1,0,0,0,0,0,0,0,0,0,0,0,0,0,1,0,0,0,0,0,0,0,1,0,0,0,0.032,1.0,2014,38
89,0,1,0,0,1,0,-0.089,0.03455197899852233,0,1,0,0,0,0,0,0,0,0,0,0,0,1,0,1,0,0,0,0,0,0,1,0,0,0,0,0,0,1,0,0,1.791759469228055,4.68213122712422,2.6390573296152584,1512.0,81.0,1,0,0,0,0,0,1,0,0,0,0,0,0,0,0,0,0,0,0,0,0,1,0,0,0,0,0,0,1,0,0,0,0.032,1.0,2014,38
89,0,1,0,0,1,0,0.454,0.17625391534077686,0,1,0,0,0,0,0,0,0,0,0,0,0,1,0,1,0,0,0,0,0,0,1,0,0,0,0,0,0,1,0,0,1.791759469228055,4.68213122712422,2.6390573296152584,1512.0,81.0,1,0,0,0,0,0,1,0,0,0,0,0,0,0,0,0,0,0,0,0,1,0,0,0,0,0,0,0,1,0,0,0,0.032,1.0,2014,38
89,0,1,0,0,1,0,-0.327,0.12694940598333487,0,1,0,0,0,0,0,0,0,0,0,0,0,1,0,1,0,0,0,0,0,0,0,1,0,0,0,0,0,1,0,0,2.4849066497880004,4.68213122712422,2.6390573296152584,1512.0,81.0,1,0,0,0,0,0,1,0,0,0,0,0,0,0,0,0,0,0,0,0,0,1,0,0,0,0,0,0,1,0,0,0,0.032,1.0,2014,38
89,0,1,0,0,1,0,0.388,30.957110459334388,0,1,0,0,0,0,0,0,0,0,0,0,0,1,0,1,0,0,0,0,0,0,0,1,0,0,0,0,0,1,0,0,2.4849066497880004,4.68213122712422,2.6390573296152584,1512.0,81.0,1,0,0,0,0,0,1,0,0,0,0,0,0,0,0,0,0,0,0,0,1,0,0,0,0,0,0,0,1,0,0,0,0.032,1.0,2014,38
89,0,1,0,0,1,0,8.195,3.181499639245961,1,0,0,0,0,0,0,0,0,0,0,0,0,1,0,1,0,0,0,0,0,1,0,0,0,0,0,0,0,1,0,0,0.0,4.276666119016055,2.302585092994046,720.0,88.5,0,0,0,0,0,0,1,0,0,0,0,0,0,0,0,0,0,0,0,0,0,1,0,0,0,0,0,0,1,0,0,0,0.032,1.0,2014,38
89,0,1,0,0,1,0,0.244,19.46787358782884,1,0,0,0,0,0,0,0,0,0,0,0,0,1,0,1,0,0,0,0,0,1,0,0,0,0,0,0,0,1,0,0,0.0,4.276666119016055,2.302585092994046,720.0,88.5,0,0,0,0,0,0,1,0,0,0,0,0,0,0,0,0,0,0,0,0,1,0,0,0,0,0,0,0,1,0,0,0,0.032,1.0,2014,38
89,0,1,0,0,1,0,9.425,3.6590157534952024,1,0,0,0,0,0,0,0,0,0,0,0,0,1,0,1,0,0,0,0,0,0,1,0,0,0,0,0,0,1,0,0,1.0986122886681098,4.276666119016055,2.302585092994046,720.0,88.5,1,0,0,0,0,0,1,0,0,0,0,0,0,0,0,0,0,0,0,0,0,1,0,0,0,0,0,0,1,0,0,0,0.032,1.0,2014,38
89,0,1,0,0,1,0,-1.863,0.7232622120701923,1,0,0,0,0,0,0,0,0,0,0,0,0,1,0,1,0,0,0,0,0,0,1,0,0,0,0,0,0,1,0,0,1.0986122886681098,4.276666119016055,2.302585092994046,720.0,88.5,1,0,0,0,0,0,1,0,0,0,0,0,0,0,0,0,0,0,0,0,1,0,0,0,0,0,0,0,1,0,0,0,0.032,1.0,2014,38
89,0,1,0,0,1,0,10.294,3.996382829334707,1,0,0,0,0,0,0,0,0,0,0,0,0,1,0,1,0,0,0,0,0,0,1,0,0,0,0,0,0,1,0,0,1.791759469228055,4.276666119016055,2.302585092994046,720.0,88.5,1,0,0,0,0,0,1,0,0,0,0,0,0,0,0,0,0,0,0,0,0,1,0,0,0,0,0,0,1,0,0,0,0.032,1.0,2014,38
89,0,1,0,0,1,0,-1.896,0.7360736200134645,1,0,0,0,0,0,0,0,0,0,0,0,0,1,0,1,0,0,0,0,0,0,1,0,0,0,0,0,0,1,0,0,1.791759469228055,4.276666119016055,2.302585092994046,720.0,88.5,1,0,0,0,0,0,1,0,0,0,0,0,0,0,0,0,0,0,0,0,1,0,0,0,0,0,0,0,1,0,0,0,0.032,1.0,2014,38
89,0,1,0,0,1,0,6.78,2.632161995617769,1,0,0,0,0,0,0,0,0,0,0,0,0,1,0,1,0,0,0,0,0,0,0,1,0,0,0,0,0,1,0,0,2.4849066497880004,4.276666119016055,2.302585092994046,720.0,88.5,1,0,0,0,0,0,1,0,0,0,0,0,0,0,0,0,0,0,0,0,0,1,0,0,0,0,0,0,1,0,0,0,0.032,1.0,2014,38
89,0,1,0,0,1,0,-1.664,0.6460055399274288,1,0,0,0,0,0,0,0,0,0,0,0,0,1,0,1,0,0,0,0,0,0,0,1,0,0,0,0,0,1,0,0,2.4849066497880004,4.276666119016055,2.302585092994046,720.0,88.5,1,0,0,0,0,0,1,0,0,0,0,0,0,0,0,0,0,0,0,0,1,0,0,0,0,0,0,0,1,0,0,0,0.032,1.0,2014,38
89,0,1,0,0,1,0,3.849,1.4942760355653086,0,1,0,0,0,0,0,0,0,0,0,0,0,1,0,1,0,0,0,0,0,1,0,0,0,0,0,0,0,1,0,0,0.0,4.276666119016055,2.6390573296152584,1008.0,88.5,0,0,0,0,0,0,1,0,0,0,0,0,0,0,0,0,0,0,0,0,0,1,0,0,0,0,0,0,1,0,0,0,0.032,1.0,2014,38
89,0,1,0,0,1,0,-0.291,0.11297332459067413,0,1,0,0,0,0,0,0,0,0,0,0,0,1,0,1,0,0,0,0,0,1,0,0,0,0,0,0,0,1,0,0,0.0,4.276666119016055,2.6390573296152584,1008.0,88.5,0,0,0,0,0,0,1,0,0,0,0,0,0,0,0,0,0,0,0,0,1,0,0,0,0,0,0,0,1,0,0,0,0.032,1.0,2014,38
89,0,1,0,0,1,0,6.862,2.663996403234385,0,1,0,0,0,0,0,0,0,0,0,0,0,1,0,1,0,0,0,0,0,0,1,0,0,0,0,0,0,1,0,0,1.0986122886681098,4.276666119016055,2.6390573296152584,1008.0,88.5,1,0,0,0,0,0,1,0,0,0,0,0,0,0,0,0,0,0,0,0,0,1,0,0,0,0,0,0,1,0,0,0,0.032,1.0,2014,38
89,0,1,0,0,1,0,0.236,18.829582650522976,0,1,0,0,0,0,0,0,0,0,0,0,0,1,0,1,0,0,0,0,0,0,1,0,0,0,0,0,0,1,0,0,1.0986122886681098,4.276666119016055,2.6390573296152584,1008.0,88.5,1,0,0,0,0,0,1,0,0,0,0,0,0,0,0,0,0,0,0,0,1,0,0,0,0,0,0,0,1,0,0,0,0.032,1.0,2014,38
89,0,1,0,0,1,0,9.54,3.7036615690550905,0,1,0,0,0,0,0,0,0,0,0,0,0,1,0,1,0,0,0,0,0,0,1,0,0,0,0,0,0,1,0,0,1.791759469228055,4.276666119016055,2.6390573296152584,1008.0,88.5,1,0,0,0,0,0,1,0,0,0,0,0,0,0,0,0,0,0,0,0,0,1,0,0,0,0,0,0,1,0,0,0,0.032,1.0,2014,38
89,0,1,0,0,1,0,0.388,30.957110459334388,0,1,0,0,0,0,0,0,0,0,0,0,0,1,0,1,0,0,0,0,0,0,1,0,0,0,0,0,0,1,0,0,1.791759469228055,4.276666119016055,2.6390573296152584,1008.0,88.5,1,0,0,0,0,0,1,0,0,0,0,0,0,0,0,0,0,0,0,0,1,0,0,0,0,0,0,0,1,0,0,0,0.032,1.0,2014,38
89,0,1,0,0,1,0,5.853,2.272277899756755,0,1,0,0,0,0,0,0,0,0,0,0,0,1,0,1,0,0,0,0,0,0,0,1,0,0,0,0,0,1,0,0,2.4849066497880004,4.276666119016055,2.6390573296152584,1008.0,88.5,1,0,0,0,0,0,1,0,0,0,0,0,0,0,0,0,0,0,0,0,0,1,0,0,0,0,0,0,1,0,0,0,0.032,1.0,2014,38
89,0,1,0,0,1,0,0.178,0.09081799533258841,0,1,0,0,0,0,0,0,0,0,0,0,0,1,0,1,0,0,0,0,0,0,0,1,0,0,0,0,0,1,0,0,2.4849066497880004,4.276666119016055,2.6390573296152584,1008.0,88.5,1,0,0,0,0,0,1,0,0,0,0,0,0,0,0,0,0,0,0,0,1,0,0,0,0,0,0,0,1,0,0,0,0.032,1.0,2014,38
89,0,1,0,0,1,0,8.166,651.5354742549604,1,0,0,0,0,0,0,0,0,0,0,0,0,1,0,1,0,0,0,0,0,1,0,0,0,0,0,0,0,1,0,0,0.0,3.871201010907891,2.302585092994046,480.0,89.5,0,0,0,0,0,0,1,0,0,0,0,0,0,0,0,0,0,0,0,0,0,1,0,0,0,0,0,0,1,0,0,0,0.032,1.0,2014,38
89,0,1,0,0,1,0,-2.281,0.8855400460183084,1,0,0,0,0,0,0,0,0,0,0,0,0,1,0,1,0,0,0,0,0,1,0,0,0,0,0,0,0,1,0,0,0.0,3.871201010907891,2.302585092994046,480.0,89.5,0,0,0,0,0,0,1,0,0,0,0,0,0,0,0,0,0,0,0,0,1,0,0,0,0,0,0,0,1,0,0,0,0.032,1.0,2014,38
89,0,1,0,0,1,0,1.011,80.6640172020285,1,0,0,0,0,0,0,0,0,0,0,0,0,1,0,1,0,0,0,0,0,0,1,0,0,0,0,0,0,1,0,0,1.0986122886681098,3.871201010907891,2.302585092994046,480.0,89.5,1,0,0,0,0,0,1,0,0,0,0,0,0,0,0,0,0,0,0,0,0,1,0,0,0,0,0,0,1,0,0,0,0.032,1.0,2014,38
89,0,1,0,0,1,0,-1.559,0.605241969198835,1,0,0,0,0,0,0,0,0,0,0,0,0,1,0,1,0,0,0,0,0,0,1,0,0,0,0,0,0,1,0,0,1.0986122886681098,3.871201010907891,2.302585092994046,480.0,89.5,1,0,0,0,0,0,1,0,0,0,0,0,0,0,0,0,0,0,0,0,1,0,0,0,0,0,0,0,1,0,0,0,0.032,1.0,2014,38
89,0,1,0,0,1,0,2.131,170.0247484248494,1,0,0,0,0,0,0,0,0,0,0,0,0,1,0,1,0,0,0,0,0,0,1,0,0,0,0,0,0,1,0,0,1.791759469228055,3.871201010907891,2.302585092994046,480.0,89.5,1,0,0,0,0,0,1,0,0,0,0,0,0,0,0,0,0,0,0,0,0,1,0,0,0,0,0,0,1,0,0,0,0.032,1.0,2014,38
89,0,1,0,0,1,0,-1.371,0.5322557663704958,1,0,0,0,0,0,0,0,0,0,0,0,0,1,0,1,0,0,0,0,0,0,1,0,0,0,0,0,0,1,0,0,1.791759469228055,3.871201010907891,2.302585092994046,480.0,89.5,1,0,0,0,0,0,1,0,0,0,0,0,0,0,0,0,0,0,0,0,1,0,0,0,0,0,0,0,1,0,0,0,0.032,1.0,2014,38
89,0,1,0,0,1,0,-0.283,22.579541907194926,1,0,0,0,0,0,0,0,0,0,0,0,0,1,0,1,0,0,0,0,0,0,0,1,0,0,0,0,0,1,0,0,2.4849066497880004,3.871201010907891,2.302585092994046,480.0,89.5,1,0,0,0,0,0,1,0,0,0,0,0,0,0,0,0,0,0,0,0,0,1,0,0,0,0,0,0,1,0,0,0,0.032,1.0,2014,38
89,0,1,0,0,1,0,-1.197,0.46470470630596894,1,0,0,0,0,0,0,0,0,0,0,0,0,1,0,1,0,0,0,0,0,0,0,1,0,0,0,0,0,1,0,0,2.4849066497880004,3.871201010907891,2.302585092994046,480.0,89.5,1,0,0,0,0,0,1,0,0,0,0,0,0,0,0,0,0,0,0,0,1,0,0,0,0,0,0,0,1,0,0,0,0.032,1.0,2014,38
89,0,1,0,0,1,0,-14.138,5.488717742484368,0,1,0,0,0,0,0,0,0,0,0,0,0,1,0,1,0,0,0,0,0,1,0,0,0,0,0,0,0,1,0,0,0.0,3.871201010907891,2.6390573296152584,672.0,89.5,0,0,0,0,0,0,1,0,0,0,0,0,0,0,0,0,0,0,0,0,0,1,0,0,0,0,0,0,1,0,0,0,0.032,1.0,2014,38
89,0,1,0,0,1,0,1.371,109.38710938079238,0,1,0,0,0,0,0,0,0,0,0,0,0,1,0,1,0,0,0,0,0,1,0,0,0,0,0,0,0,1,0,0,0.0,3.871201010907891,2.6390573296152584,672.0,89.5,0,0,0,0,0,0,1,0,0,0,0,0,0,0,0,0,0,0,0,0,1,0,0,0,0,0,0,0,1,0,0,0,0.032,1.0,2014,38
89,0,1,0,0,1,0,-3.92,312.7625592798732,0,1,0,0,0,0,0,0,0,0,0,0,0,1,0,1,0,0,0,0,0,0,1,0,0,0,0,0,0,1,0,0,1.0986122886681098,3.871201010907891,2.6390573296152584,672.0,89.5,1,0,0,0,0,0,1,0,0,0,0,0,0,0,0,0,0,0,0,0,0,1,0,0,0,0,0,0,1,0,0,0,0.032,1.0,2014,38
89,0,1,0,0,1,0,1.481,118.16360976874802,0,1,0,0,0,0,0,0,0,0,0,0,0,1,0,1,0,0,0,0,0,0,1,0,0,0,0,0,0,1,0,0,1.0986122886681098,3.871201010907891,2.6390573296152584,672.0,89.5,1,0,0,0,0,0,1,0,0,0,0,0,0,0,0,0,0,0,0,0,1,0,0,0,0,0,0,0,1,0,0,0,0.032,1.0,2014,38
89,0,1,0,0,1,0,-2.22,177.12573510237718,0,1,0,0,0,0,0,0,0,0,0,0,0,1,0,1,0,0,0,0,0,0,1,0,0,0,0,0,0,1,0,0,1.791759469228055,3.871201010907891,2.6390573296152584,672.0,89.5,1,0,0,0,0,0,1,0,0,0,0,0,0,0,0,0,0,0,0,0,0,1,0,0,0,0,0,0,1,0,0,0,0.032,1.0,2014,38
89,0,1,0,0,1,0,1.641,130.9294285148653,0,1,0,0,0,0,0,0,0,0,0,0,0,1,0,1,0,0,0,0,0,0,1,0,0,0,0,0,0,1,0,0,1.791759469228055,3.871201010907891,2.6390573296152584,672.0,89.5,1,0,0,0,0,0,1,0,0,0,0,0,0,0,0,0,0,0,0,0,1,0,0,0,0,0,0,0,1,0,0,0,0.032,1.0,2014,38
89,0,1,0,0,1,0,0.06,4.7871820297939776,0,1,0,0,0,0,0,0,0,0,0,0,0,1,0,1,0,0,0,0,0,0,0,1,0,0,0,0,0,1,0,0,2.4849066497880004,3.871201010907891,2.6390573296152584,672.0,89.5,1,0,0,0,0,0,1,0,0,0,0,0,0,0,0,0,0,0,0,0,0,1,0,0,0,0,0,0,1,0,0,0,0.032,1.0,2014,38
89,0,1,0,0,1,0,1.529,0.7801163756377959,0,1,0,0,0,0,0,0,0,0,0,0,0,1,0,1,0,0,0,0,0,0,0,1,0,0,0,0,0,1,0,0,2.4849066497880004,3.871201010907891,2.6390573296152584,672.0,89.5,1,0,0,0,0,0,1,0,0,0,0,0,0,0,0,0,0,0,0,0,1,0,0,0,0,0,0,0,1,0,0,0,0.032,1.0,2014,38
89,0,1,0,0,1,0,-0.372,0.18979940597597128,1,0,0,0,0,0,0,0,0,0,0,0,0,1,0,0,0,0,1,0,0,1,0,0,0,0,0,0,0,1,0,0,0.0,4.68213122712422,2.302585092994046,1080.0,81.0,0,0,0,0,0,0,1,0,0,0,0,0,0,0,0,0,0,0,0,0,0,1,0,0,0,0,0,0,1,0,0,0,0.032,1.0,2014,38
89,0,1,0,0,1,0,-0.186,0.07220975386208038,1,0,0,0,0,0,0,0,0,0,0,0,0,1,0,0,0,0,1,0,0,1,0,0,0,0,0,0,0,1,0,0,0.0,4.68213122712422,2.302585092994046,1080.0,81.0,0,0,0,0,0,0,1,0,0,0,0,0,0,0,0,0,0,0,0,0,1,0,0,0,0,0,0,0,1,0,0,0,0.032,1.0,2014,38
89,0,1,0,0,1,0,0.094,7.499918513343898,1,0,0,0,0,0,0,0,0,0,0,0,0,1,0,0,0,0,1,0,0,0,1,0,0,0,0,0,0,1,0,0,1.0986122886681098,4.68213122712422,2.302585092994046,1080.0,81.0,1,0,0,0,0,0,1,0,0,0,0,0,0,0,0,0,0,0,0,0,0,1,0,0,0,0,0,0,1,0,0,0,0.032,1.0,2014,38
89,0,1,0,0,1,0,-0.061,0.031123020872403893,1,0,0,0,0,0,0,0,0,0,0,0,0,1,0,0,0,0,1,0,0,0,1,0,0,0,0,0,0,1,0,0,1.0986122886681098,4.68213122712422,2.302585092994046,1080.0,81.0,1,0,0,0,0,0,1,0,0,0,0,0,0,0,0,0,0,0,0,0,1,0,0,0,0,0,0,0,1,0,0,0,0.032,1.0,2014,38
89,0,1,0,0,1,0,-0.239,19.068941752012677,1,0,0,0,0,0,0,0,0,0,0,0,0,1,0,0,0,0,1,0,0,0,1,0,0,0,0,0,0,1,0,0,1.791759469228055,4.68213122712422,2.302585092994046,1080.0,81.0,1,0,0,0,0,0,1,0,0,0,0,0,0,0,0,0,0,0,0,0,0,1,0,0,0,0,0,0,1,0,0,0,0.032,1.0,2014,38
89,0,1,0,0,1,0,-0.155,0.06017479488506699,1,0,0,0,0,0,0,0,0,0,0,0,0,1,0,0,0,0,1,0,0,0,1,0,0,0,0,0,0,1,0,0,1.791759469228055,4.68213122712422,2.302585092994046,1080.0,81.0,1,0,0,0,0,0,1,0,0,0,0,0,0,0,0,0,0,0,0,0,1,0,0,0,0,0,0,0,1,0,0,0,0.032,1.0,2014,38
89,0,1,0,0,1,0,-0.269,0.13724741991273193,1,0,0,0,0,0,0,0,0,0,0,0,0,1,0,0,0,0,1,0,0,0,0,1,0,0,0,0,0,1,0,0,2.4849066497880004,4.68213122712422,2.302585092994046,1080.0,81.0,1,0,0,0,0,0,1,0,0,0,0,0,0,0,0,0,0,0,0,0,0,1,0,0,0,0,0,0,1,0,0,0,0.032,1.0,2014,38
89,0,1,0,0,1,0,0.025,0.00970561207823661,1,0,0,0,0,0,0,0,0,0,0,0,0,1,0,0,0,0,1,0,0,0,0,1,0,0,0,0,0,1,0,0,2.4849066497880004,4.68213122712422,2.302585092994046,1080.0,81.0,1,0,0,0,0,0,1,0,0,0,0,0,0,0,0,0,0,0,0,0,1,0,0,0,0,0,0,0,1,0,0,0,0.032,1.0,2014,38
89,0,1,0,0,1,0,-0.038,0.014752530358919647,0,1,0,0,0,0,0,0,0,0,0,0,0,1,0,0,0,0,1,0,0,1,0,0,0,0,0,0,0,1,0,0,0.0,4.68213122712422,2.6390573296152584,1512.0,81.0,0,0,0,0,0,0,1,0,0,0,0,0,0,0,0,0,0,0,0,0,0,1,0,0,0,0,0,0,1,0,0,0,0.032,1.0,2014,38
89,0,1,0,0,1,0,0.266,0.10326771251243755,0,1,0,0,0,0,0,0,0,0,0,0,0,1,0,0,0,0,1,0,0,1,0,0,0,0,0,0,0,1,0,0,0.0,4.68213122712422,2.6390573296152584,1512.0,81.0,0,0,0,0,0,0,1,0,0,0,0,0,0,0,0,0,0,0,0,0,1,0,0,0,0,0,0,0,1,0,0,0,0.032,1.0,2014,38
89,0,1,0,0,1,0,-0.041,0.015917203808308043,0,1,0,0,0,0,0,0,0,0,0,0,0,1,0,0,0,0,1,0,0,0,1,0,0,0,0,0,0,1,0,0,1.0986122886681098,4.68213122712422,2.6390573296152584,1512.0,81.0,1,0,0,0,0,0,1,0,0,0,0,0,0,0,0,0,0,0,0,0,0,1,0,0,0,0,0,0,1,0,0,0,0.032,1.0,2014,38
89,0,1,0,0,1,0,0.301,0.11685556942196879,0,1,0,0,0,0,0,0,0,0,0,0,0,1,0,0,0,0,1,0,0,0,1,0,0,0,0,0,0,1,0,0,1.0986122886681098,4.68213122712422,2.6390573296152584,1512.0,81.0,1,0,0,0,0,0,1,0,0,0,0,0,0,0,0,0,0,0,0,0,1,0,0,0,0,0,0,0,1,0,0,0,0.032,1.0,2014,38
89,0,1,0,0,1,0,-0.063,0.024458142437156258,0,1,0,0,0,0,0,0,0,0,0,0,0,1,0,0,0,0,1,0,0,0,1,0,0,0,0,0,0,1,0,0,1.791759469228055,4.68213122712422,2.6390573296152584,1512.0,81.0,1,0,0,0,0,0,1,0,0,0,0,0,0,0,0,0,0,0,0,0,0,1,0,0,0,0,0,0,1,0,0,0,0.032,1.0,2014,38
89,0,1,0,0,1,0,0.362,0.1405372628928661,0,1,0,0,0,0,0,0,0,0,0,0,0,1,0,0,0,0,1,0,0,0,1,0,0,0,0,0,0,1,0,0,1.791759469228055,4.68213122712422,2.6390573296152584,1512.0,81.0,1,0,0,0,0,0,1,0,0,0,0,0,0,0,0,0,0,0,0,0,1,0,0,0,0,0,0,0,1,0,0,0,0.032,1.0,2014,38
89,0,1,0,0,1,0,-0.321,0.12462005908455809,0,1,0,0,0,0,0,0,0,0,0,0,0,1,0,0,0,0,1,0,0,0,0,1,0,0,0,0,0,1,0,0,2.4849066497880004,4.68213122712422,2.6390573296152584,1512.0,81.0,1,0,0,0,0,0,1,0,0,0,0,0,0,0,0,0,0,0,0,0,0,1,0,0,0,0,0,0,1,0,0,0,0.032,1.0,2014,38
89,0,1,0,0,1,0,0.309,0.1199613652870045,0,1,0,0,0,0,0,0,0,0,0,0,0,1,0,0,0,0,1,0,0,0,0,1,0,0,0,0,0,1,0,0,2.4849066497880004,4.68213122712422,2.6390573296152584,1512.0,81.0,1,0,0,0,0,0,1,0,0,0,0,0,0,0,0,0,0,0,0,0,1,0,0,0,0,0,0,0,1,0,0,0,0.032,1.0,2014,38
89,0,1,0,0,1,0,6.6151,2.5681437783497203,1,0,0,0,0,0,0,0,0,0,0,0,0,1,0,0,0,0,1,0,0,1,0,0,0,0,0,0,0,1,0,0,0.0,4.276666119016055,2.302585092994046,720.0,88.5,0,0,0,0,0,0,1,0,0,0,0,0,0,0,0,0,0,0,0,0,0,1,0,0,0,0,0,0,1,0,0,0,0.032,1.0,2014,38
89,0,1,0,0,1,0,-0.076,6.063763904405705,1,0,0,0,0,0,0,0,0,0,0,0,0,1,0,0,0,0,1,0,0,1,0,0,0,0,0,0,0,1,0,0,0.0,4.276666119016055,2.302585092994046,720.0,88.5,0,0,0,0,0,0,1,0,0,0,0,0,0,0,0,0,0,0,0,0,1,0,0,0,0,0,0,0,1,0,0,0,0.032,1.0,2014,38
89,0,1,0,0,1,0,7.6594,2.9735666060818198,1,0,0,0,0,0,0,0,0,0,0,0,0,1,0,0,0,0,1,0,0,0,1,0,0,0,0,0,0,1,0,0,1.0986122886681098,4.276666119016055,2.302585092994046,720.0,88.5,1,0,0,0,0,0,1,0,0,0,0,0,0,0,0,0,0,0,0,0,0,1,0,0,0,0,0,0,1,0,0,0,0.032,1.0,2014,38
89,0,1,0,0,1,0,-0.59,47.07395662630744,1,0,0,0,0,0,0,0,0,0,0,0,0,1,0,0,0,0,1,0,0,0,1,0,0,0,0,0,0,1,0,0,1.0986122886681098,4.276666119016055,2.302585092994046,720.0,88.5,1,0,0,0,0,0,1,0,0,0,0,0,0,0,0,0,0,0,0,0,1,0,0,0,0,0,0,0,1,0,0,0,0.032,1.0,2014,38
89,0,1,0,0,1,0,7.3955,2.871114164983954,1,0,0,0,0,0,0,0,0,0,0,0,0,1,0,0,0,0,1,0,0,0,1,0,0,0,0,0,0,1,0,0,1.791759469228055,4.276666119016055,2.302585092994046,720.0,88.5,1,0,0,0,0,0,1,0,0,0,0,0,0,0,0,0,0,0,0,0,0,1,0,0,0,0,0,0,1,0,0,0,0.032,1.0,2014,38
89,0,1,0,0,1,0,-1.019,0.5199075126062224,1,0,0,0,0,0,0,0,0,0,0,0,0,1,0,0,0,0,1,0,0,0,1,0,0,0,0,0,0,1,0,0,1.791759469228055,4.276666119016055,2.302585092994046,720.0,88.5,1,0,0,0,0,0,1,0,0,0,0,0,0,0,0,0,0,0,0,0,1,0,0,0,0,0,0,0,1,0,0,0,0.032,1.0,2014,38
89,0,1,0,0,1,0,4.8821,2.4909131180518536,1,0,0,0,0,0,0,0,0,0,0,0,0,1,0,0,0,0,1,0,0,0,0,1,0,0,0,0,0,1,0,0,2.4849066497880004,4.276666119016055,2.302585092994046,720.0,88.5,1,0,0,0,0,0,1,0,0,0,0,0,0,0,0,0,0,0,0,0,0,1,0,0,0,0,0,0,1,0,0,0,0.032,1.0,2014,38
89,0,1,0,0,1,0,-0.762,0.2958270561446519,1,0,0,0,0,0,0,0,0,0,0,0,0,1,0,0,0,0,1,0,0,0,0,1,0,0,0,0,0,1,0,0,2.4849066497880004,4.276666119016055,2.302585092994046,720.0,88.5,1,0,0,0,0,0,1,0,0,0,0,0,0,0,0,0,0,0,0,0,1,0,0,0,0,0,0,0,1,0,0,0,0.032,1.0,2014,38
89,0,1,0,0,1,0,3.01,240.1569651613312,0,1,0,0,0,0,0,0,0,0,0,0,0,1,0,0,0,0,1,0,0,1,0,0,0,0,0,0,0,1,0,0,0.0,4.276666119016055,2.6390573296152584,1008.0,88.5,0,0,0,0,0,0,1,0,0,0,0,0,0,0,0,0,0,0,0,0,0,1,0,0,0,0,0,0,1,0,0,0,0.032,1.0,2014,38
89,0,1,0,0,1,0,0.71,56.6483206858954,0,1,0,0,0,0,0,0,0,0,0,0,0,1,0,0,0,0,1,0,0,1,0,0,0,0,0,0,0,1,0,0,0.0,4.276666119016055,2.6390573296152584,1008.0,88.5,0,0,0,0,0,0,1,0,0,0,0,0,0,0,0,0,0,0,0,0,1,0,0,0,0,0,0,0,1,0,0,0,0.032,1.0,2014,38
89,0,1,0,0,1,0,6.98,2.709806892243662,0,1,0,0,0,0,0,0,0,0,0,0,0,1,0,0,0,0,1,0,0,0,1,0,0,0,0,0,0,1,0,0,1.0986122886681098,4.276666119016055,2.6390573296152584,1008.0,88.5,1,0,0,0,0,0,1,0,0,0,0,0,0,0,0,0,0,0,0,0,0,1,0,0,0,0,0,0,1,0,0,0,0.032,1.0,2014,38
89,0,1,0,0,1,0,0.565,45.079297447226615,0,1,0,0,0,0,0,0,0,0,0,0,0,1,0,0,0,0,1,0,0,0,1,0,0,0,0,0,0,1,0,0,1.0986122886681098,4.276666119016055,2.6390573296152584,1008.0,88.5,1,0,0,0,0,0,1,0,0,0,0,0,0,0,0,0,0,0,0,0,1,0,0,0,0,0,0,0,1,0,0,0,0.032,1.0,2014,38
89,0,1,0,0,1,0,8.004,3.107348762968233,0,1,0,0,0,0,0,0,0,0,0,0,0,1,0,0,0,0,1,0,0,0,1,0,0,0,0,0,0,1,0,0,1.791759469228055,4.276666119016055,2.6390573296152584,1008.0,88.5,1,0,0,0,0,0,1,0,0,0,0,0,0,0,0,0,0,0,0,0,0,1,0,0,0,0,0,0,1,0,0,0,0.032,1.0,2014,38
89,0,1,0,0,1,0,0.59,47.07395662630744,0,1,0,0,0,0,0,0,0,0,0,0,0,1,0,0,0,0,1,0,0,0,1,0,0,0,0,0,0,1,0,0,1.791759469228055,4.276666119016055,2.6390573296152584,1008.0,88.5,1,0,0,0,0,0,1,0,0,0,0,0,0,0,0,0,0,0,0,0,1,0,0,0,0,0,0,0,1,0,0,0,0.032,1.0,2014,38
89,0,1,0,0,1,0,2.865,228.58794192266242,0,1,0,0,0,0,0,0,0,0,0,0,0,1,0,0,0,0,1,0,0,0,0,1,0,0,0,0,0,1,0,0,2.4849066497880004,4.276666119016055,2.6390573296152584,1008.0,88.5,1,0,0,0,0,0,1,0,0,0,0,0,0,0,0,0,0,0,0,0,0,1,0,0,0,0,0,0,1,0,0,0,0.032,1.0,2014,38
89,0,1,0,0,1,0,0.437,34.866642450332805,0,1,0,0,0,0,0,0,0,0,0,0,0,1,0,0,0,0,1,0,0,0,0,1,0,0,0,0,0,1,0,0,2.4849066497880004,4.276666119016055,2.6390573296152584,1008.0,88.5,1,0,0,0,0,0,1,0,0,0,0,0,0,0,0,0,0,0,0,0,1,0,0,0,0,0,0,0,1,0,0,0,0.032,1.0,2014,38
89,0,1,0,0,1,0,8.771,3.405116941528533,1,0,0,0,0,0,0,0,0,0,0,0,0,1,0,0,0,0,1,0,0,1,0,0,0,0,0,0,0,1,0,0,0.0,3.871201010907891,2.302585092994046,480.0,89.5,0,0,0,0,0,0,1,0,0,0,0,0,0,0,0,0,0,0,0,0,0,1,0,0,0,0,0,0,1,0,0,0,0.032,1.0,2014,38
89,0,1,0,0,1,0,-1.749,0.6790046209934333,1,0,0,0,0,0,0,0,0,0,0,0,0,1,0,0,0,0,1,0,0,1,0,0,0,0,0,0,0,1,0,0,0.0,3.871201010907891,2.302585092994046,480.0,89.5,0,0,0,0,0,0,1,0,0,0,0,0,0,0,0,0,0,0,0,0,1,0,0,0,0,0,0,0,1,0,0,0,0.032,1.0,2014,38
89,0,1,0,0,1,0,9.307,4.748556643597755,1,0,0,0,0,0,0,0,0,0,0,0,0,1,0,0,0,0,1,0,0,0,1,0,0,0,0,0,0,1,0,0,1.0986122886681098,3.871201010907891,2.302585092994046,480.0,89.5,1,0,0,0,0,0,1,0,0,0,0,0,0,0,0,0,0,0,0,0,0,1,0,0,0,0,0,0,1,0,0,0,0.032,1.0,2014,38
89,0,1,0,0,1,0,-1.614,0.6265943157709556,1,0,0,0,0,0,0,0,0,0,0,0,0,1,0,0,0,0,1,0,0,0,1,0,0,0,0,0,0,1,0,0,1.0986122886681098,3.871201010907891,2.302585092994046,480.0,89.5,1,0,0,0,0,0,1,0,0,0,0,0,0,0,0,0,0,0,0,0,1,0,0,0,0,0,0,0,1,0,0,0,0.032,1.0,2014,38
89,0,1,0,0,1,0,9.564,4.879681502027391,1,0,0,0,0,0,0,0,0,0,0,0,0,1,0,0,0,0,1,0,0,0,1,0,0,0,0,0,0,1,0,0,1.791759469228055,3.871201010907891,2.302585092994046,480.0,89.5,1,0,0,0,0,0,1,0,0,0,0,0,0,0,0,0,0,0,0,0,0,1,0,0,0,0,0,0,1,0,0,0,0.032,1.0,2014,38
89,0,1,0,0,1,0,-1.678,0.6514406826912412,1,0,0,0,0,0,0,0,0,0,0,0,0,1,0,0,0,0,1,0,0,0,1,0,0,0,0,0,0,1,0,0,1.791759469228055,3.871201010907891,2.302585092994046,480.0,89.5,1,0,0,0,0,0,1,0,0,0,0,0,0,0,0,0,0,0,0,0,1,0,0,0,0,0,0,0,1,0,0,0,0.032,1.0,2014,38
89,0,1,0,0,1,0,10.2347,5.221881667586756,1,0,0,0,0,0,0,0,0,0,0,0,0,1,0,0,0,0,1,0,0,0,0,1,0,0,0,0,0,1,0,0,2.4849066497880004,3.871201010907891,2.302585092994046,480.0,89.5,1,0,0,0,0,0,1,0,0,0,0,0,0,0,0,0,0,0,0,0,0,1,0,0,0,0,0,0,1,0,0,0,0.032,1.0,2014,38
89,0,1,0,0,1,0,-0.853,0.33115548410943313,1,0,0,0,0,0,0,0,0,0,0,0,0,1,0,0,0,0,1,0,0,0,0,1,0,0,0,0,0,1,0,0,2.4849066497880004,3.871201010907891,2.302585092994046,480.0,89.5,1,0,0,0,0,0,1,0,0,0,0,0,0,0,0,0,0,0,0,0,1,0,0,0,0,0,0,0,1,0,0,0,0.032,1.0,2014,38
89,0,1,0,0,1,0,5.023,400.7669222609191,0,1,0,0,0,0,0,0,0,0,0,0,0,1,0,0,0,0,1,0,0,1,0,0,0,0,0,0,0,1,0,0,0.0,3.871201010907891,2.6390573296152584,672.0,89.5,0,0,0,0,0,0,1,0,0,0,0,0,0,0,0,0,0,0,0,0,0,1,0,0,0,0,0,0,1,0,0,0,0.032,1.0,2014,38
89,0,1,0,0,1,0,1.036,82.65867638110934,0,1,0,0,0,0,0,0,0,0,0,0,0,1,0,0,0,0,1,0,0,1,0,0,0,0,0,0,0,1,0,0,0.0,3.871201010907891,2.6390573296152584,672.0,89.5,0,0,0,0,0,0,1,0,0,0,0,0,0,0,0,0,0,0,0,0,1,0,0,0,0,0,0,0,1,0,0,0,0.032,1.0,2014,38
89,0,1,0,0,1,0,8.221,3.191593475807327,0,1,0,0,0,0,0,0,0,0,0,0,0,1,0,0,0,0,1,0,0,0,1,0,0,0,0,0,0,1,0,0,1.0986122886681098,3.871201010907891,2.6390573296152584,672.0,89.5,1,0,0,0,0,0,1,0,0,0,0,0,0,0,0,0,0,0,0,0,0,1,0,0,0,0,0,0,1,0,0,0,0.032,1.0,2014,38
89,0,1,0,0,1,0,0.982,78.35021255429476,0,1,0,0,0,0,0,0,0,0,0,0,0,1,0,0,0,0,1,0,0,0,1,0,0,0,0,0,0,1,0,0,1.0986122886681098,3.871201010907891,2.6390573296152584,672.0,89.5,1,0,0,0,0,0,1,0,0,0,0,0,0,0,0,0,0,0,0,0,1,0,0,0,0,0,0,0,1,0,0,0,0.032,1.0,2014,38
89,0,1,0,0,1,0,11.409,4.42925312802406,0,1,0,0,0,0,0,0,0,0,0,0,0,1,0,0,0,0,1,0,0,0,1,0,0,0,0,0,0,1,0,0,1.791759469228055,3.871201010907891,2.6390573296152584,672.0,89.5,1,0,0,0,0,0,1,0,0,0,0,0,0,0,0,0,0,0,0,0,0,1,0,0,0,0,0,0,1,0,0,0,0.032,1.0,2014,38
89,0,1,0,0,1,0,1.248,99.57338621971473,0,1,0,0,0,0,0,0,0,0,0,0,0,1,0,0,0,0,1,0,0,0,1,0,0,0,0,0,0,1,0,0,1.791759469228055,3.871201010907891,2.6390573296152584,672.0,89.5,1,0,0,0,0,0,1,0,0,0,0,0,0,0,0,0,0,0,0,0,1,0,0,0,0,0,0,0,1,0,0,0,0.032,1.0,2014,38
89,0,1,0,0,1,0,11.778,4.5725079622988325,0,1,0,0,0,0,0,0,0,0,0,0,0,1,0,0,0,0,1,0,0,0,0,1,0,0,0,0,0,1,0,0,2.4849066497880004,3.871201010907891,2.6390573296152584,672.0,89.5,1,0,0,0,0,0,1,0,0,0,0,0,0,0,0,0,0,0,0,0,0,1,0,0,0,0,0,0,1,0,0,0,0.032,1.0,2014,38
89,0,1,0,0,1,0,1.307,104.28078188234547,0,1,0,0,0,0,0,0,0,0,0,0,0,1,0,0,0,0,1,0,0,0,0,1,0,0,0,0,0,1,0,0,2.4849066497880004,3.871201010907891,2.6390573296152584,672.0,89.5,1,0,0,0,0,0,1,0,0,0,0,0,0,0,0,0,0,0,0,0,1,0,0,0,0,0,0,0,1,0,0,0,0.032,1.0,2014,38
89,0,1,0,0,1,0,-0.392,0.15218399738675006,1,0,0,0,0,0,0,0,0,0,0,0,0,1,0,1,0,0,0,0,0,1,0,0,0,0,0,0,0,1,0,0,0.0,4.68213122712422,2.302585092994046,1080.0,81.0,0,0,0,0,0,0,1,0,0,0,0,0,0,0,0,0,0,0,0,0,0,0,0,0,1,0,0,0,1,0,0,0,0.032,1.0,2014,38
89,0,1,0,0,1,0,-0.302,0.11724379390509826,1,0,0,0,0,0,0,0,0,0,0,0,0,1,0,1,0,0,0,0,0,1,0,0,0,0,0,0,0,1,0,0,0.0,4.68213122712422,2.302585092994046,1080.0,81.0,0,0,0,0,0,0,1,0,0,0,0,0,0,0,0,0,0,0,0,0,0,0,0,0,0,1,0,0,1,0,0,0,0.032,1.0,2014,38
89,0,1,0,0,1,0,-0.517,0.2007120577779331,1,0,0,0,0,0,0,0,0,0,0,0,0,1,0,1,0,0,0,0,0,0,1,0,0,0,0,0,0,1,0,0,1.0986122886681098,4.68213122712422,2.302585092994046,1080.0,81.0,1,0,0,0,0,0,1,0,0,0,0,0,0,0,0,0,0,0,0,0,0,0,0,0,1,0,0,0,1,0,0,0,0.032,1.0,2014,38
89,0,1,0,0,1,0,-0.341,0.1323845487471474,1,0,0,0,0,0,0,0,0,0,0,0,0,1,0,1,0,0,0,0,0,0,1,0,0,0,0,0,0,1,0,0,1.0986122886681098,4.68213122712422,2.302585092994046,1080.0,81.0,1,0,0,0,0,0,1,0,0,0,0,0,0,0,0,0,0,0,0,0,0,0,0,0,0,1,0,0,1,0,0,0,0.032,1.0,2014,38
89,0,1,0,0,1,0,-0.517,0.2007120577779331,1,0,0,0,0,0,0,0,0,0,0,0,0,1,0,1,0,0,0,0,0,0,1,0,0,0,0,0,0,1,0,0,1.791759469228055,4.68213122712422,2.302585092994046,1080.0,81.0,1,0,0,0,0,0,1,0,0,0,0,0,0,0,0,0,0,0,0,0,0,0,0,0,1,0,0,0,1,0,0,0,0.032,1.0,2014,38
89,0,1,0,0,1,0,-0.312,0.1211260387363929,1,0,0,0,0,0,0,0,0,0,0,0,0,1,0,1,0,0,0,0,0,0,1,0,0,0,0,0,0,1,0,0,1.791759469228055,4.68213122712422,2.302585092994046,1080.0,81.0,1,0,0,0,0,0,1,0,0,0,0,0,0,0,0,0,0,0,0,0,0,0,0,0,0,1,0,0,1,0,0,0,0.032,1.0,2014,38
89,0,1,0,0,1,0,-0.345,0.13393744667966523,1,0,0,0,0,0,0,0,0,0,0,0,0,1,0,1,0,0,0,0,0,0,0,1,0,0,0,0,0,1,0,0,2.4849066497880004,4.68213122712422,2.302585092994046,1080.0,81.0,1,0,0,0,0,0,1,0,0,0,0,0,0,0,0,0,0,0,0,0,0,0,0,0,1,0,0,0,1,0,0,0,0.032,1.0,2014,38
89,0,1,0,0,1,0,-0.207,0.08036246800779913,1,0,0,0,0,0,0,0,0,0,0,0,0,1,0,1,0,0,0,0,0,0,0,1,0,0,0,0,0,1,0,0,2.4849066497880004,4.68213122712422,2.302585092994046,1080.0,81.0,1,0,0,0,0,0,1,0,0,0,0,0,0,0,0,0,0,0,0,0,0,0,0,0,0,1,0,0,1,0,0,0,0.032,1.0,2014,38
89,0,1,0,0,1,0,-0.032,0.012423183460142862,0,1,0,0,0,0,0,0,0,0,0,0,0,1,0,1,0,0,0,0,0,1,0,0,0,0,0,0,0,1,0,0,0.0,4.68213122712422,2.6390573296152584,1512.0,81.0,0,0,0,0,0,0,1,0,0,0,0,0,0,0,0,0,0,0,0,0,0,0,0,0,1,0,0,0,1,0,0,0,0.032,1.0,2014,38
89,0,1,0,0,1,0,0.359,0.13937258944347772,0,1,0,0,0,0,0,0,0,0,0,0,0,1,0,1,0,0,0,0,0,1,0,0,0,0,0,0,0,1,0,0,0.0,4.68213122712422,2.6390573296152584,1512.0,81.0,0,0,0,0,0,0,1,0,0,0,0,0,0,0,0,0,0,0,0,0,0,0,0,0,0,1,0,0,1,0,0,0,0.032,1.0,2014,38
89,0,1,0,0,1,0,0.012,0.004658693797553573,0,1,0,0,0,0,0,0,0,0,0,0,0,1,0,1,0,0,0,0,0,0,1,0,0,0,0,0,0,1,0,0,1.0986122886681098,4.68213122712422,2.6390573296152584,1512.0,81.0,1,0,0,0,0,0,1,0,0,0,0,0,0,0,0,0,0,0,0,0,0,0,0,0,1,0,0,0,1,0,0,0,0.032,1.0,2014,38
89,0,1,0,0,1,0,0.238,0.09239742698481253,0,1,0,0,0,0,0,0,0,0,0,0,0,1,0,1,0,0,0,0,0,0,1,0,0,0,0,0,0,1,0,0,1.0986122886681098,4.68213122712422,2.6390573296152584,1512.0,81.0,1,0,0,0,0,0,1,0,0,0,0,0,0,0,0,0,0,0,0,0,0,0,0,0,0,1,0,0,1,0,0,0,0.032,1.0,2014,38
89,0,1,0,0,1,0,0.13,0.050469182806830375,0,1,0,0,0,0,0,0,0,0,0,0,0,1,0,1,0,0,0,0,0,0,1,0,0,0,0,0,0,1,0,0,1.791759469228055,4.68213122712422,2.6390573296152584,1512.0,81.0,1,0,0,0,0,0,1,0,0,0,0,0,0,0,0,0,0,0,0,0,0,0,0,0,1,0,0,0,1,0,0,0,0.032,1.0,2014,38
89,0,1,0,0,1,0,0.212,0.08230359042344645,0,1,0,0,0,0,0,0,0,0,0,0,0,1,0,1,0,0,0,0,0,0,1,0,0,0,0,0,0,1,0,0,1.791759469228055,4.68213122712422,2.6390573296152584,1512.0,81.0,1,0,0,0,0,0,1,0,0,0,0,0,0,0,0,0,0,0,0,0,0,0,0,0,0,1,0,0,1,0,0,0,0.032,1.0,2014,38
89,0,1,0,0,1,0,0.212,0.08230359042344645,0,1,0,0,0,0,0,0,0,0,0,0,0,1,0,1,0,0,0,0,0,0,0,1,0,0,0,0,0,1,0,0,2.4849066497880004,4.68213122712422,2.6390573296152584,1512.0,81.0,1,0,0,0,0,0,1,0,0,0,0,0,0,0,0,0,0,0,0,0,0,0,0,0,1,0,0,0,1,0,0,0,0.032,1.0,2014,38
89,0,1,0,0,1,0,0.193,0.07492732524398664,0,1,0,0,0,0,0,0,0,0,0,0,0,1,0,1,0,0,0,0,0,0,0,1,0,0,0,0,0,1,0,0,2.4849066497880004,4.68213122712422,2.6390573296152584,1512.0,81.0,1,0,0,0,0,0,1,0,0,0,0,0,0,0,0,0,0,0,0,0,0,0,0,0,0,1,0,0,1,0,0,0,0.032,1.0,2014,38
89,0,1,0,0,1,0,0.759,60.557852676893816,1,0,0,0,0,0,0,0,0,0,0,0,0,1,0,1,0,0,0,0,0,1,0,0,0,0,0,0,0,1,0,0,0.0,4.276666119016055,2.302585092994046,720.0,88.5,0,0,0,0,0,0,1,0,0,0,0,0,0,0,0,0,0,0,0,0,0,0,0,0,1,0,0,0,1,0,0,0,0.032,1.0,2014,38
89,0,1,0,0,1,0,1.323,105.5573637569572,1,0,0,0,0,0,0,0,0,0,0,0,0,1,0,1,0,0,0,0,0,1,0,0,0,0,0,0,0,1,0,0,0.0,4.276666119016055,2.302585092994046,720.0,88.5,0,0,0,0,0,0,1,0,0,0,0,0,0,0,0,0,0,0,0,0,0,0,0,0,0,1,0,0,1,0,0,0,0.032,1.0,2014,38
89,0,1,0,0,1,0,6.058,483.34581227486524,1,0,0,0,0,0,0,0,0,0,0,0,0,1,0,1,0,0,0,0,0,0,1,0,0,0,0,0,0,1,0,0,1.0986122886681098,4.276666119016055,2.302585092994046,720.0,88.5,1,0,0,0,0,0,1,0,0,0,0,0,0,0,0,0,0,0,0,0,0,0,0,0,1,0,0,0,1,0,0,0,0.032,1.0,2014,38
89,0,1,0,0,1,0,0.439,35.026215184659264,1,0,0,0,0,0,0,0,0,0,0,0,0,1,0,1,0,0,0,0,0,0,1,0,0,0,0,0,0,1,0,0,1.0986122886681098,4.276666119016055,2.302585092994046,720.0,88.5,1,0,0,0,0,0,1,0,0,0,0,0,0,0,0,0,0,0,0,0,0,0,0,0,0,1,0,0,1,0,0,0,0.032,1.0,2014,38
89,0,1,0,0,1,0,8.17,651.8546197236133,1,0,0,0,0,0,0,0,0,0,0,0,0,1,0,1,0,0,0,0,0,0,1,0,0,0,0,0,0,1,0,0,1.791759469228055,4.276666119016055,2.302585092994046,720.0,88.5,1,0,0,0,0,0,1,0,0,0,0,0,0,0,0,0,0,0,0,0,0,0,0,0,1,0,0,0,1,0,0,0,0.032,1.0,2014,38
89,0,1,0,0,1,0,0.468,37.340019832393025,1,0,0,0,0,0,0,0,0,0,0,0,0,1,0,1,0,0,0,0,0,0,1,0,0,0,0,0,0,1,0,0,1.791759469228055,4.276666119016055,2.302585092994046,720.0,88.5,1,0,0,0,0,0,1,0,0,0,0,0,0,0,0,0,0,0,0,0,0,0,0,0,0,1,0,0,1,0,0,0,0.032,1.0,2014,38
89,0,1,0,0,1,0,5.235,417.68163209952456,1,0,0,0,0,0,0,0,0,0,0,0,0,1,0,1,0,0,0,0,0,0,0,1,0,0,0,0,0,1,0,0,2.4849066497880004,4.276666119016055,2.302585092994046,720.0,88.5,1,0,0,0,0,0,1,0,0,0,0,0,0,0,0,0,0,0,0,0,0,0,0,0,1,0,0,0,1,0,0,0,0.032,1.0,2014,38
89,0,1,0,0,1,0,0.032,2.5531637492234545,1,0,0,0,0,0,0,0,0,0,0,0,0,1,0,1,0,0,0,0,0,0,0,1,0,0,0,0,0,1,0,0,2.4849066497880004,4.276666119016055,2.302585092994046,720.0,88.5,1,0,0,0,0,0,1,0,0,0,0,0,0,0,0,0,0,0,0,0,0,0,0,0,0,1,0,0,1,0,0,0,0.032,1.0,2014,38
89,0,1,0,0,1,0,0.019,0.007376265179459824,0,1,0,0,0,0,0,0,0,0,0,0,0,1,0,1,0,0,0,0,0,1,0,0,0,0,0,0,0,1,0,0,0.0,4.276666119016055,2.6390573296152584,1008.0,88.5,0,0,0,0,0,0,1,0,0,0,0,0,0,0,0,0,0,0,0,0,0,0,0,0,1,0,0,0,1,0,0,0,0.032,1.0,2014,38
89,0,1,0,0,1,0,0.448,35.74429248912836,0,1,0,0,0,0,0,0,0,0,0,0,0,1,0,1,0,0,0,0,0,1,0,0,0,0,0,0,0,1,0,0,0.0,4.276666119016055,2.6390573296152584,1008.0,88.5,0,0,0,0,0,0,1,0,0,0,0,0,0,0,0,0,0,0,0,0,0,0,0,0,0,1,0,0,1,0,0,0,0.032,1.0,2014,38
89,0,1,0,0,1,0,1.021,81.46188087366085,0,1,0,0,0,0,0,0,0,0,0,0,0,1,0,1,0,0,0,0,0,0,1,0,0,0,0,0,0,1,0,0,1.0986122886681098,4.276666119016055,2.6390573296152584,1008.0,88.5,1,0,0,0,0,0,1,0,0,0,0,0,0,0,0,0,0,0,0,0,0,0,0,0,1,0,0,0,1,0,0,0,0.032,1.0,2014,38
89,0,1,0,0,1,0,0.54,43.0846382681458,0,1,0,0,0,0,0,0,0,0,0,0,0,1,0,1,0,0,0,0,0,0,1,0,0,0,0,0,0,1,0,0,1.0986122886681098,4.276666119016055,2.6390573296152584,1008.0,88.5,1,0,0,0,0,0,1,0,0,0,0,0,0,0,0,0,0,0,0,0,0,0,0,0,0,1,0,0,1,0,0,0,0.032,1.0,2014,38
89,0,1,0,0,1,0,1.546,123.34972363435816,0,1,0,0,0,0,0,0,0,0,0,0,0,1,0,1,0,0,0,0,0,0,1,0,0,0,0,0,0,1,0,0,1.791759469228055,4.276666119016055,2.6390573296152584,1008.0,88.5,1,0,0,0,0,0,1,0,0,0,0,0,0,0,0,0,0,0,0,0,0,0,0,0,1,0,0,0,1,0,0,0,0.032,1.0,2014,38
89,0,1,0,0,1,0,0.534,42.6059200651664,0,1,0,0,0,0,0,0,0,0,0,0,0,1,0,1,0,0,0,0,0,0,1,0,0,0,0,0,0,1,0,0,1.791759469228055,4.276666119016055,2.6390573296152584,1008.0,88.5,1,0,0,0,0,0,1,0,0,0,0,0,0,0,0,0,0,0,0,0,0,0,0,0,0,1,0,0,1,0,0,0,0.032,1.0,2014,38
89,0,1,0,0,1,0,0.657,52.419643226244055,0,1,0,0,0,0,0,0,0,0,0,0,0,1,0,1,0,0,0,0,0,0,0,1,0,0,0,0,0,1,0,0,2.4849066497880004,4.276666119016055,2.6390573296152584,1008.0,88.5,1,0,0,0,0,0,1,0,0,0,0,0,0,0,0,0,0,0,0,0,0,0,0,0,1,0,0,0,1,0,0,0,0.032,1.0,2014,38
89,0,1,0,0,1,0,0.553,0.2821480416793337,0,1,0,0,0,0,0,0,0,0,0,0,0,1,0,1,0,0,0,0,0,0,0,1,0,0,0,0,0,1,0,0,2.4849066497880004,4.276666119016055,2.6390573296152584,1008.0,88.5,1,0,0,0,0,0,1,0,0,0,0,0,0,0,0,0,0,0,0,0,0,0,0,0,0,1,0,0,1,0,0,0,0.032,1.0,2014,38
89,0,1,0,0,1,0,-7.373,588.2648850945166,1,0,0,0,0,0,0,0,0,0,0,0,0,1,0,1,0,0,0,0,0,1,0,0,0,0,0,0,0,1,0,0,0.0,3.871201010907891,2.302585092994046,480.0,89.5,0,0,0,0,0,0,1,0,0,0,0,0,0,0,0,0,0,0,0,0,0,0,0,0,1,0,0,0,1,0,0,0,0.032,1.0,2014,38
89,0,1,0,0,1,0,-0.366,0.14209016082538398,1,0,0,0,0,0,0,0,0,0,0,0,0,1,0,1,0,0,0,0,0,1,0,0,0,0,0,0,0,1,0,0,0.0,3.871201010907891,2.302585092994046,480.0,89.5,0,0,0,0,0,0,1,0,0,0,0,0,0,0,0,0,0,0,0,0,0,0,0,0,0,1,0,0,1,0,0,0,0.032,1.0,2014,38
89,0,1,0,0,1,0,-6.493,518.0528819908716,1,0,0,0,0,0,0,0,0,0,0,0,0,1,0,1,0,0,0,0,0,0,1,0,0,0,0,0,0,1,0,0,1.0986122886681098,3.871201010907891,2.302585092994046,480.0,89.5,1,0,0,0,0,0,1,0,0,0,0,0,0,0,0,0,0,0,0,0,0,0,0,0,1,0,0,0,1,0,0,0,0.032,1.0,2014,38
89,0,1,0,0,1,0,-0.397,0.15412511980239738,1,0,0,0,0,0,0,0,0,0,0,0,0,1,0,1,0,0,0,0,0,0,1,0,0,0,0,0,0,1,0,0,1.0986122886681098,3.871201010907891,2.302585092994046,480.0,89.5,1,0,0,0,0,0,1,0,0,0,0,0,0,0,0,0,0,0,0,0,0,0,0,0,0,1,0,0,1,0,0,0,0.032,1.0,2014,38
89,0,1,0,0,1,0,-4.171,332.78893743784465,1,0,0,0,0,0,0,0,0,0,0,0,0,1,0,1,0,0,0,0,0,0,1,0,0,0,0,0,0,1,0,0,1.791759469228055,3.871201010907891,2.302585092994046,480.0,89.5,1,0,0,0,0,0,1,0,0,0,0,0,0,0,0,0,0,0,0,0,0,0,0,0,1,0,0,0,1,0,0,0,0.032,1.0,2014,38
89,0,1,0,0,1,0,-0.41,0.1591720380830804,1,0,0,0,0,0,0,0,0,0,0,0,0,1,0,1,0,0,0,0,0,0,1,0,0,0,0,0,0,1,0,0,1.791759469228055,3.871201010907891,2.302585092994046,480.0,89.5,1,0,0,0,0,0,1,0,0,0,0,0,0,0,0,0,0,0,0,0,0,0,0,0,0,1,0,0,1,0,0,0,0.032,1.0,2014,38
89,0,1,0,0,1,0,1.796,143.2963154251664,1,0,0,0,0,0,0,0,0,0,0,0,0,1,0,1,0,0,0,0,0,0,0,1,0,0,0,0,0,1,0,0,2.4849066497880004,3.871201010907891,2.302585092994046,480.0,89.5,1,0,0,0,0,0,1,0,0,0,0,0,0,0,0,0,0,0,0,0,0,0,0,0,1,0,0,0,1,0,0,0,0.032,1.0,2014,38
89,0,1,0,0,1,0,-0.51,0.19799448639602685,1,0,0,0,0,0,0,0,0,0,0,0,0,1,0,1,0,0,0,0,0,0,0,1,0,0,0,0,0,1,0,0,2.4849066497880004,3.871201010907891,2.302585092994046,480.0,89.5,1,0,0,0,0,0,1,0,0,0,0,0,0,0,0,0,0,0,0,0,0,0,0,0,0,1,0,0,1,0,0,0,0.032,1.0,2014,38
89,0,1,0,0,1,0,2.751,219.49229606605385,0,1,0,0,0,0,0,0,0,0,0,0,0,1,0,1,0,0,0,0,0,1,0,0,0,0,0,0,0,1,0,0,0.0,3.871201010907891,2.6390573296152584,672.0,89.5,0,0,0,0,0,0,1,0,0,0,0,0,0,0,0,0,0,0,0,0,0,0,0,0,1,0,0,0,1,0,0,0,0.032,1.0,2014,38
89,0,1,0,0,1,0,0.604,48.190965766592704,0,1,0,0,0,0,0,0,0,0,0,0,0,1,0,1,0,0,0,0,0,1,0,0,0,0,0,0,0,1,0,0,0.0,3.871201010907891,2.6390573296152584,672.0,89.5,0,0,0,0,0,0,1,0,0,0,0,0,0,0,0,0,0,0,0,0,0,0,0,0,0,1,0,0,1,0,0,0,0.032,1.0,2014,38
89,0,1,0,0,1,0,2.233,178.1629578754992,0,1,0,0,0,0,0,0,0,0,0,0,0,1,0,1,0,0,0,0,0,0,1,0,0,0,0,0,0,1,0,0,1.0986122886681098,3.871201010907891,2.6390573296152584,672.0,89.5,1,0,0,0,0,0,1,0,0,0,0,0,0,0,0,0,0,0,0,0,0,0,0,0,1,0,0,0,1,0,0,0,0.032,1.0,2014,38
89,0,1,0,0,1,0,0.95,75.7970488050713,0,1,0,0,0,0,0,0,0,0,0,0,0,1,0,1,0,0,0,0,0,0,1,0,0,0,0,0,0,1,0,0,1.0986122886681098,3.871201010907891,2.6390573296152584,672.0,89.5,1,0,0,0,0,0,1,0,0,0,0,0,0,0,0,0,0,0,0,0,0,0,0,0,0,1,0,0,1,0,0,0,0.032,1.0,2014,38
89,0,1,0,0,1,0,2.395,191.08834935594294,0,1,0,0,0,0,0,0,0,0,0,0,0,1,0,1,0,0,0,0,0,0,1,0,0,0,0,0,0,1,0,0,1.791759469228055,3.871201010907891,2.6390573296152584,672.0,89.5,1,0,0,0,0,0,1,0,0,0,0,0,0,0,0,0,0,0,0,0,0,0,0,0,1,0,0,0,1,0,0,0,0.032,1.0,2014,38
89,0,1,0,0,1,0,1.026,81.86081270947702,0,1,0,0,0,0,0,0,0,0,0,0,0,1,0,1,0,0,0,0,0,0,1,0,0,0,0,0,0,1,0,0,1.791759469228055,3.871201010907891,2.6390573296152584,672.0,89.5,1,0,0,0,0,0,1,0,0,0,0,0,0,0,0,0,0,0,0,0,0,0,0,0,0,1,0,0,1,0,0,0,0.032,1.0,2014,38
89,0,1,0,0,1,0,2.485,198.26912240063388,0,1,0,0,0,0,0,0,0,0,0,0,0,1,0,1,0,0,0,0,0,0,0,1,0,0,0,0,0,1,0,0,2.4849066497880004,3.871201010907891,2.6390573296152584,672.0,89.5,1,0,0,0,0,0,1,0,0,0,0,0,0,0,0,0,0,0,0,0,0,0,0,0,1,0,0,0,1,0,0,0,0.032,1.0,2014,38
89,0,1,0,0,1,0,1.059,84.4937628258637,0,1,0,0,0,0,0,0,0,0,0,0,0,1,0,1,0,0,0,0,0,0,0,1,0,0,0,0,0,1,0,0,2.4849066497880004,3.871201010907891,2.6390573296152584,672.0,89.5,1,0,0,0,0,0,1,0,0,0,0,0,0,0,0,0,0,0,0,0,0,0,0,0,0,1,0,0,1,0,0,0,0.032,1.0,2014,38
89,0,1,0,0,1,0,-1.411,0.5477847456956744,1,0,0,0,0,0,0,0,0,0,0,0,0,1,0,0,0,0,1,0,0,1,0,0,0,0,0,0,0,1,0,0,0.0,4.68213122712422,2.302585092994046,1080.0,81.0,0,0,0,0,0,0,1,0,0,0,0,0,0,0,0,0,0,0,0,0,0,0,0,0,1,0,0,0,1,0,0,0,0.032,1.0,2014,38
89,0,1,0,0,1,0,-0.442,0.17159522154322326,1,0,0,0,0,0,0,0,0,0,0,0,0,1,0,0,0,0,1,0,0,1,0,0,0,0,0,0,0,1,0,0,0.0,4.68213122712422,2.302585092994046,1080.0,81.0,0,0,0,0,0,0,1,0,0,0,0,0,0,0,0,0,0,0,0,0,0,0,0,0,0,1,0,0,1,0,0,0,0.032,1.0,2014,38
89,0,1,0,0,1,0,-1.286,0.49925668530449124,1,0,0,0,0,0,0,0,0,0,0,0,0,1,0,0,0,0,1,0,0,0,1,0,0,0,0,0,0,1,0,0,1.0986122886681098,4.68213122712422,2.302585092994046,1080.0,81.0,1,0,0,0,0,0,1,0,0,0,0,0,0,0,0,0,0,0,0,0,0,0,0,0,1,0,0,0,1,0,0,0,0.032,1.0,2014,38
89,0,1,0,0,1,0,-0.621,0.2410874040233974,1,0,0,0,0,0,0,0,0,0,0,0,0,1,0,0,0,0,1,0,0,0,1,0,0,0,0,0,0,1,0,0,1.0986122886681098,4.68213122712422,2.302585092994046,1080.0,81.0,1,0,0,0,0,0,1,0,0,0,0,0,0,0,0,0,0,0,0,0,0,0,0,0,0,1,0,0,1,0,0,0,0.032,1.0,2014,38
89,0,1,0,0,1,0,-1.227,0.47635144079985287,1,0,0,0,0,0,0,0,0,0,0,0,0,1,0,0,0,0,1,0,0,0,1,0,0,0,0,0,0,1,0,0,1.791759469228055,4.68213122712422,2.302585092994046,1080.0,81.0,1,0,0,0,0,0,1,0,0,0,0,0,0,0,0,0,0,0,0,0,0,0,0,0,1,0,0,0,1,0,0,0,0.032,1.0,2014,38
89,0,1,0,0,1,0,-0.617,0.23953450609087953,1,0,0,0,0,0,0,0,0,0,0,0,0,1,0,0,0,0,1,0,0,0,1,0,0,0,0,0,0,1,0,0,1.791759469228055,4.68213122712422,2.302585092994046,1080.0,81.0,1,0,0,0,0,0,1,0,0,0,0,0,0,0,0,0,0,0,0,0,0,0,0,0,0,1,0,0,1,0,0,0,0.032,1.0,2014,38
89,0,1,0,0,1,0,-0.781,0.3032033213241117,1,0,0,0,0,0,0,0,0,0,0,0,0,1,0,0,0,0,1,0,0,0,0,1,0,0,0,0,0,1,0,0,2.4849066497880004,4.68213122712422,2.302585092994046,1080.0,81.0,1,0,0,0,0,0,1,0,0,0,0,0,0,0,0,0,0,0,0,0,0,0,0,0,1,0,0,0,1,0,0,0,0.032,1.0,2014,38
89,0,1,0,0,1,0,-0.643,0.24962834265224562,1,0,0,0,0,0,0,0,0,0,0,0,0,1,0,0,0,0,1,0,0,0,0,1,0,0,0,0,0,1,0,0,2.4849066497880004,4.68213122712422,2.302585092994046,1080.0,81.0,1,0,0,0,0,0,1,0,0,0,0,0,0,0,0,0,0,0,0,0,0,0,0,0,0,1,0,0,1,0,0,0,0.032,1.0,2014,38
89,0,1,0,0,1,0,-0.045,0.0174701017408259,0,1,0,0,0,0,0,0,0,0,0,0,0,1,0,0,0,0,1,0,0,1,0,0,0,0,0,0,0,1,0,0,0.0,4.68213122712422,2.6390573296152584,1512.0,81.0,0,0,0,0,0,0,1,0,0,0,0,0,0,0,0,0,0,0,0,0,0,0,0,0,1,0,0,0,1,0,0,0,0.032,1.0,2014,38
89,0,1,0,0,1,0,0.526,0.20420607812609828,0,1,0,0,0,0,0,0,0,0,0,0,0,1,0,0,0,0,1,0,0,1,0,0,0,0,0,0,0,1,0,0,0.0,4.68213122712422,2.6390573296152584,1512.0,81.0,0,0,0,0,0,0,1,0,0,0,0,0,0,0,0,0,0,0,0,0,0,0,0,0,0,1,0,0,1,0,0,0,0.032,1.0,2014,38
89,0,1,0,0,1,0,-0.048,0.01863477519021429,0,1,0,0,0,0,0,0,0,0,0,0,0,1,0,0,0,0,1,0,0,0,1,0,0,0,0,0,0,1,0,0,1.0986122886681098,4.68213122712422,2.6390573296152584,1512.0,81.0,1,0,0,0,0,0,1,0,0,0,0,0,0,0,0,0,0,0,0,0,0,0,0,0,1,0,0,0,1,0,0,0,0.032,1.0,2014,38
89,0,1,0,0,1,0,0.55,0.21352346572120545,0,1,0,0,0,0,0,0,0,0,0,0,0,1,0,0,0,0,1,0,0,0,1,0,0,0,0,0,0,1,0,0,1.0986122886681098,4.68213122712422,2.6390573296152584,1512.0,81.0,1,0,0,0,0,0,1,0,0,0,0,0,0,0,0,0,0,0,0,0,0,0,0,0,0,1,0,0,1,0,0,0,0.032,1.0,2014,38
89,0,1,0,0,1,0,-0.019,0.007376265179459824,0,1,0,0,0,0,0,0,0,0,0,0,0,1,0,0,0,0,1,0,0,0,1,0,0,0,0,0,0,1,0,0,1.791759469228055,4.68213122712422,2.6390573296152584,1512.0,81.0,1,0,0,0,0,0,1,0,0,0,0,0,0,0,0,0,0,0,0,0,0,0,0,0,1,0,0,0,1,0,0,0,0.032,1.0,2014,38
89,0,1,0,0,1,0,0.562,0.21818215951875902,0,1,0,0,0,0,0,0,0,0,0,0,0,1,0,0,0,0,1,0,0,0,1,0,0,0,0,0,0,1,0,0,1.791759469228055,4.68213122712422,2.6390573296152584,1512.0,81.0,1,0,0,0,0,0,1,0,0,0,0,0,0,0,0,0,0,0,0,0,0,0,0,0,0,1,0,0,1,0,0,0,0.032,1.0,2014,38
89,0,1,0,0,1,0,-0.068,0.026399264852803583,0,1,0,0,0,0,0,0,0,0,0,0,0,1,0,0,0,0,1,0,0,0,0,1,0,0,0,0,0,1,0,0,2.4849066497880004,4.68213122712422,2.6390573296152584,1512.0,81.0,1,0,0,0,0,0,1,0,0,0,0,0,0,0,0,0,0,0,0,0,0,0,0,0,1,0,0,0,1,0,0,0,0.032,1.0,2014,38
89,0,1,0,0,1,0,0.542,0.21041766985616972,0,1,0,0,0,0,0,0,0,0,0,0,0,1,0,0,0,0,1,0,0,0,0,1,0,0,0,0,0,1,0,0,2.4849066497880004,4.68213122712422,2.6390573296152584,1512.0,81.0,1,0,0,0,0,0,1,0,0,0,0,0,0,0,0,0,0,0,0,0,0,0,0,0,0,1,0,0,1,0,0,0,0.032,1.0,2014,38
89,0,1,0,0,1,0,2.309,184.22672177990492,1,0,0,0,0,0,0,0,0,0,0,0,0,1,0,0,0,0,1,0,0,1,0,0,0,0,0,0,0,1,0,0,0.0,4.276666119016055,2.302585092994046,720.0,88.5,0,0,0,0,0,0,1,0,0,0,0,0,0,0,0,0,0,0,0,0,0,0,0,0,1,0,0,0,1,0,0,0,0.032,1.0,2014,38
89,0,1,0,0,1,0,0.555,44.281433775594294,1,0,0,0,0,0,0,0,0,0,0,0,0,1,0,0,0,0,1,0,0,1,0,0,0,0,0,0,0,1,0,0,0.0,4.276666119016055,2.302585092994046,720.0,88.5,0,0,0,0,0,0,1,0,0,0,0,0,0,0,0,0,0,0,0,0,0,0,0,0,0,1,0,0,1,0,0,0,0.032,1.0,2014,38
89,0,1,0,0,1,0,3.906,311.64555013958795,1,0,0,0,0,0,0,0,0,0,0,0,0,1,0,0,0,0,1,0,0,0,1,0,0,0,0,0,0,1,0,0,1.0986122886681098,4.276666119016055,2.302585092994046,720.0,88.5,1,0,0,0,0,0,1,0,0,0,0,0,0,0,0,0,0,0,0,0,0,0,0,0,1,0,0,0,1,0,0,0,0.032,1.0,2014,38
89,0,1,0,0,1,0,0.158,12.606246011790807,1,0,0,0,0,0,0,0,0,0,0,0,0,1,0,0,0,0,1,0,0,0,1,0,0,0,0,0,0,1,0,0,1.0986122886681098,4.276666119016055,2.302585092994046,720.0,88.5,1,0,0,0,0,0,1,0,0,0,0,0,0,0,0,0,0,0,0,0,0,0,0,0,0,1,0,0,1,0,0,0,0.032,1.0,2014,38
89,0,1,0,0,1,0,3.668,292.65639475473847,1,0,0,0,0,0,0,0,0,0,0,0,0,1,0,0,0,0,1,0,0,0,1,0,0,0,0,0,0,1,0,0,1.791759469228055,4.276666119016055,2.302585092994046,720.0,88.5,1,0,0,0,0,0,1,0,0,0,0,0,0,0,0,0,0,0,0,0,0,0,0,0,1,0,0,0,1,0,0,0,0.032,1.0,2014,38
89,0,1,0,0,1,0,0.08,6.382909373058637,1,0,0,0,0,0,0,0,0,0,0,0,0,1,0,0,0,0,1,0,0,0,1,0,0,0,0,0,0,1,0,0,1.791759469228055,4.276666119016055,2.302585092994046,720.0,88.5,1,0,0,0,0,0,1,0,0,0,0,0,0,0,0,0,0,0,0,0,0,0,0,0,0,1,0,0,1,0,0,0,0.032,1.0,2014,38
89,0,1,0,0,1,0,1.508,120.3178416821553,1,0,0,0,0,0,0,0,0,0,0,0,0,1,0,0,0,0,1,0,0,0,0,1,0,0,0,0,0,1,0,0,2.4849066497880004,4.276666119016055,2.302585092994046,720.0,88.5,1,0,0,0,0,0,1,0,0,0,0,0,0,0,0,0,0,0,0,0,0,0,0,0,1,0,0,0,1,0,0,0,0.032,1.0,2014,38
89,0,1,0,0,1,0,0.004,0.0020408538276986163,1,0,0,0,0,0,0,0,0,0,0,0,0,1,0,0,0,0,1,0,0,0,0,1,0,0,0,0,0,1,0,0,2.4849066497880004,4.276666119016055,2.302585092994046,720.0,88.5,1,0,0,0,0,0,1,0,0,0,0,0,0,0,0,0,0,0,0,0,0,0,0,0,0,1,0,0,1,0,0,0,0.032,1.0,2014,38
89,0,1,0,0,1,0,0.182,14.521118823708397,0,1,0,0,0,0,0,0,0,0,0,0,0,1,0,0,0,0,1,0,0,1,0,0,0,0,0,0,0,1,0,0,0.0,4.276666119016055,2.6390573296152584,1008.0,88.5,0,0,0,0,0,0,1,0,0,0,0,0,0,0,0,0,0,0,0,0,0,0,0,0,1,0,0,0,1,0,0,0,0.032,1.0,2014,38
89,0,1,0,0,1,0,0.585,46.67502479049128,0,1,0,0,0,0,0,0,0,0,0,0,0,1,0,0,0,0,1,0,0,1,0,0,0,0,0,0,0,1,0,0,0.0,4.276666119016055,2.6390573296152584,1008.0,88.5,0,0,0,0,0,0,1,0,0,0,0,0,0,0,0,0,0,0,0,0,0,0,0,0,0,1,0,0,1,0,0,0,0.032,1.0,2014,38
89,0,1,0,0,1,0,0.881,70.29178947080824,0,1,0,0,0,0,0,0,0,0,0,0,0,1,0,0,0,0,1,0,0,0,1,0,0,0,0,0,0,1,0,0,1.0986122886681098,4.276666119016055,2.6390573296152584,1008.0,88.5,1,0,0,0,0,0,1,0,0,0,0,0,0,0,0,0,0,0,0,0,0,0,0,0,1,0,0,0,1,0,0,0,0.032,1.0,2014,38
89,0,1,0,0,1,0,0.403,0.20561602314063557,0,1,0,0,0,0,0,0,0,0,0,0,0,1,0,0,0,0,1,0,0,0,1,0,0,0,0,0,0,1,0,0,1.0986122886681098,4.276666119016055,2.6390573296152584,1008.0,88.5,1,0,0,0,0,0,1,0,0,0,0,0,0,0,0,0,0,0,0,0,0,0,0,0,0,1,0,0,1,0,0,0,0.032,1.0,2014,38
89,0,1,0,0,1,0,0.839,66.94076204995245,0,1,0,0,0,0,0,0,0,0,0,0,0,1,0,0,0,0,1,0,0,0,1,0,0,0,0,0,0,1,0,0,1.791759469228055,4.276666119016055,2.6390573296152584,1008.0,88.5,1,0,0,0,0,0,1,0,0,0,0,0,0,0,0,0,0,0,0,0,0,0,0,0,1,0,0,0,1,0,0,0,0.032,1.0,2014,38
89,0,1,0,0,1,0,0.232,0.11836952200651973,0,1,0,0,0,0,0,0,0,0,0,0,0,1,0,0,0,0,1,0,0,0,1,0,0,0,0,0,0,1,0,0,1.791759469228055,4.276666119016055,2.6390573296152584,1008.0,88.5,1,0,0,0,0,0,1,0,0,0,0,0,0,0,0,0,0,0,0,0,0,0,0,0,0,1,0,0,1,0,0,0,0.032,1.0,2014,38
89,0,1,0,0,1,0,0.124,0.04813983590805359,0,1,0,0,0,0,0,0,0,0,0,0,0,1,0,0,0,0,1,0,0,0,0,1,0,0,0,0,0,1,0,0,2.4849066497880004,4.276666119016055,2.6390573296152584,1008.0,88.5,1,0,0,0,0,0,1,0,0,0,0,0,0,0,0,0,0,0,0,0,0,0,0,0,1,0,0,0,1,0,0,0,0.032,1.0,2014,38
89,0,1,0,0,1,0,0.388,0.19796282128676576,0,1,0,0,0,0,0,0,0,0,0,0,0,1,0,0,0,0,1,0,0,0,0,1,0,0,0,0,0,1,0,0,2.4849066497880004,4.276666119016055,2.6390573296152584,1008.0,88.5,1,0,0,0,0,0,1,0,0,0,0,0,0,0,0,0,0,0,0,0,0,0,0,0,0,1,0,0,1,0,0,0,0.032,1.0,2014,38
89,0,1,0,0,1,0,2.198,175.37043502478605,1,0,0,0,0,0,0,0,0,0,0,0,0,1,0,0,0,0,1,0,0,1,0,0,0,0,0,0,0,1,0,0,0.0,3.871201010907891,2.302585092994046,480.0,89.5,0,0,0,0,0,0,1,0,0,0,0,0,0,0,0,0,0,0,0,0,0,0,0,0,1,0,0,0,1,0,0,0,0.032,1.0,2014,38
89,0,1,0,0,1,0,-0.086,0.03338730554913394,1,0,0,0,0,0,0,0,0,0,0,0,0,1,0,0,0,0,1,0,0,1,0,0,0,0,0,0,0,1,0,0,0.0,3.871201010907891,2.302585092994046,480.0,89.5,0,0,0,0,0,0,1,0,0,0,0,0,0,0,0,0,0,0,0,0,0,0,0,0,0,1,0,0,1,0,0,0,0.032,1.0,2014,38
89,0,1,0,0,1,0,2.533,202.09886802446908,1,0,0,0,0,0,0,0,0,0,0,0,0,1,0,0,0,0,1,0,0,0,1,0,0,0,0,0,0,1,0,0,1.0986122886681098,3.871201010907891,2.302585092994046,480.0,89.5,1,0,0,0,0,0,1,0,0,0,0,0,0,0,0,0,0,0,0,0,0,0,0,0,1,0,0,0,1,0,0,0,0.032,1.0,2014,38
89,0,1,0,0,1,0,-0.204,0.07919779455841074,1,0,0,0,0,0,0,0,0,0,0,0,0,1,0,0,0,0,1,0,0,0,1,0,0,0,0,0,0,1,0,0,1.0986122886681098,3.871201010907891,2.302585092994046,480.0,89.5,1,0,0,0,0,0,1,0,0,0,0,0,0,0,0,0,0,0,0,0,0,0,0,0,0,1,0,0,1,0,0,0,0.032,1.0,2014,38
89,0,1,0,0,1,0,2.407,192.04578576190173,1,0,0,0,0,0,0,0,0,0,0,0,0,1,0,0,0,0,1,0,0,0,1,0,0,0,0,0,0,1,0,0,1.791759469228055,3.871201010907891,2.302585092994046,480.0,89.5,1,0,0,0,0,0,1,0,0,0,0,0,0,0,0,0,0,0,0,0,0,0,0,0,1,0,0,0,1,0,0,0,0.032,1.0,2014,38
89,0,1,0,0,1,0,-0.101,0.0392106727960759,1,0,0,0,0,0,0,0,0,0,0,0,0,1,0,0,0,0,1,0,0,0,1,0,0,0,0,0,0,1,0,0,1.791759469228055,3.871201010907891,2.302585092994046,480.0,89.5,1,0,0,0,0,0,1,0,0,0,0,0,0,0,0,0,0,0,0,0,0,0,0,0,0,1,0,0,1,0,0,0,0.032,1.0,2014,38
89,0,1,0,0,1,0,2.259,180.23740342174324,1,0,0,0,0,0,0,0,0,0,0,0,0,1,0,0,0,0,1,0,0,0,0,1,0,0,0,0,0,1,0,0,2.4849066497880004,3.871201010907891,2.302585092994046,480.0,89.5,1,0,0,0,0,0,1,0,0,0,0,0,0,0,0,0,0,0,0,0,0,0,0,0,1,0,0,0,1,0,0,0,0.032,1.0,2014,38
89,0,1,0,0,1,0,-0.044,0.017081877257696432,1,0,0,0,0,0,0,0,0,0,0,0,0,1,0,0,0,0,1,0,0,0,0,1,0,0,0,0,0,1,0,0,2.4849066497880004,3.871201010907891,2.302585092994046,480.0,89.5,1,0,0,0,0,0,1,0,0,0,0,0,0,0,0,0,0,0,0,0,0,0,0,0,0,1,0,0,1,0,0,0,0.032,1.0,2014,38
89,0,1,0,0,1,0,0.567,45.23887018155308,0,1,0,0,0,0,0,0,0,0,0,0,0,1,0,0,0,0,1,0,0,1,0,0,0,0,0,0,0,1,0,0,0.0,3.871201010907891,2.6390573296152584,672.0,89.5,0,0,0,0,0,0,1,0,0,0,0,0,0,0,0,0,0,0,0,0,0,0,0,0,1,0,0,0,1,0,0,0,0.032,1.0,2014,38
89,0,1,0,0,1,0,0.413,32.95176963841521,0,1,0,0,0,0,0,0,0,0,0,0,0,1,0,0,0,0,1,0,0,1,0,0,0,0,0,0,0,1,0,0,0.0,3.871201010907891,2.6390573296152584,672.0,89.5,0,0,0,0,0,0,1,0,0,0,0,0,0,0,0,0,0,0,0,0,0,0,0,0,0,1,0,0,1,0,0,0,0.032,1.0,2014,38
89,0,1,0,0,1,0,0.94,74.99918513343897,0,1,0,0,0,0,0,0,0,0,0,0,0,1,0,0,0,0,1,0,0,0,1,0,0,0,0,0,0,1,0,0,1.0986122886681098,3.871201010907891,2.6390573296152584,672.0,89.5,1,0,0,0,0,0,1,0,0,0,0,0,0,0,0,0,0,0,0,0,0,0,0,0,1,0,0,0,1,0,0,0,0.032,1.0,2014,38
89,0,1,0,0,1,0,0.578,46.11652022034865,0,1,0,0,0,0,0,0,0,0,0,0,0,1,0,0,0,0,1,0,0,0,1,0,0,0,0,0,0,1,0,0,1.0986122886681098,3.871201010907891,2.6390573296152584,672.0,89.5,1,0,0,0,0,0,1,0,0,0,0,0,0,0,0,0,0,0,0,0,0,0,0,0,0,1,0,0,1,0,0,0,0.032,1.0,2014,38
89,0,1,0,0,1,0,1.318,105.15843192114104,0,1,0,0,0,0,0,0,0,0,0,0,0,1,0,0,0,0,1,0,0,0,1,0,0,0,0,0,0,1,0,0,1.791759469228055,3.871201010907891,2.6390573296152584,672.0,89.5,1,0,0,0,0,0,1,0,0,0,0,0,0,0,0,0,0,0,0,0,0,0,0,0,1,0,0,0,1,0,0,0,0.032,1.0,2014,38
89,0,1,0,0,1,0,0.802,63.98866646491283,0,1,0,0,0,0,0,0,0,0,0,0,0,1,0,0,0,0,1,0,0,0,1,0,0,0,0,0,0,1,0,0,1.791759469228055,3.871201010907891,2.6390573296152584,672.0,89.5,1,0,0,0,0,0,1,0,0,0,0,0,0,0,0,0,0,0,0,0,0,0,0,0,0,1,0,0,1,0,0,0,0.032,1.0,2014,38
89,0,1,0,0,1,0,1.491,118.96147344038035,0,1,0,0,0,0,0,0,0,0,0,0,0,1,0,0,0,0,1,0,0,0,0,1,0,0,0,0,0,1,0,0,2.4849066497880004,3.871201010907891,2.6390573296152584,672.0,89.5,1,0,0,0,0,0,1,0,0,0,0,0,0,0,0,0,0,0,0,0,0,0,0,0,1,0,0,0,1,0,0,0,0.032,1.0,2014,38
89,0,1,0,0,1,0,1.099,87.68521751239302,0,1,0,0,0,0,0,0,0,0,0,0,0,1,0,0,0,0,1,0,0,0,0,1,0,0,0,0,0,1,0,0,2.4849066497880004,3.871201010907891,2.6390573296152584,672.0,89.5,1,0,0,0,0,0,1,0,0,0,0,0,0,0,0,0,0,0,0,0,0,0,0,0,0,1,0,0,1,0,0,0,0.032,1.0,2014,38
89,0,1,0,0,1,0,3.204,2.1192307692307693,1,0,0,0,0,0,0,0,0,0,0,0,0,1,0,1,0,0,0,0,0,1,0,0,0,0,0,0,0,1,0,0,0.0,4.276666119016055,2.302585092994046,720.0,88.5,0,0,0,0,0,0,1,0,0,0,0,0,0,0,0,0,0,0,0,0,0,0,0,0,0,1,0,0,1,0,0,0,0.032,1.0,2014,38
89,0,1,0,0,1,0,-2.882,4.8525,1,0,0,0,0,0,0,0,0,0,0,0,0,1,0,1,0,0,0,0,0,1,0,0,0,0,0,0,0,1,0,0,0.0,4.276666119016055,2.302585092994046,720.0,88.5,0,0,0,0,0,0,1,0,0,0,0,0,0,0,0,0,0,0,0,0,0,0,0,0,1,0,0,0,1,0,0,0,0.032,1.0,2014,38
89,0,1,0,0,1,0,0.348,0.8467532467532468,1,0,0,0,0,0,0,0,0,0,0,0,0,1,0,1,0,0,0,0,0,1,0,0,0,0,0,0,0,1,0,0,0.0,4.276666119016055,2.302585092994046,720.0,88.5,0,0,0,0,0,0,1,0,0,0,0,0,0,0,0,0,0,0,0,0,0,0,0,0,0,1,0,0,1,0,0,0,0.032,1.0,2014,38
89,0,1,0,0,1,0,5.677,1.1840506329113922,1,0,0,0,0,0,0,0,0,0,0,0,0,1,0,1,0,0,0,0,0,1,0,0,0,0,0,0,0,1,0,0,0.0,4.276666119016055,2.302585092994046,720.0,88.5,0,0,0,0,0,0,1,0,0,0,0,0,0,0,0,0,0,0,0,0,0,0,0,0,1,0,0,0,1,0,0,0,0.032,1.0,2014,38
89,0,1,0,0,1,0,1.89,1.4833333333333332,1,0,0,0,0,0,0,0,0,0,0,0,0,1,0,1,0,0,0,0,0,0,1,0,0,0,0,0,0,1,0,0,1.0986122886681098,4.276666119016055,2.302585092994046,720.0,88.5,1,0,0,0,0,0,1,0,0,0,0,0,0,0,0,0,0,0,0,0,0,0,0,0,0,1,0,0,1,0,0,0,0.032,1.0,2014,38
89,0,1,0,0,1,0,4.321,2.5546153846153845,1,0,0,0,0,0,0,0,0,0,0,0,0,1,0,1,0,0,0,0,0,0,1,0,0,0,0,0,0,1,0,0,1.0986122886681098,4.276666119016055,2.302585092994046,720.0,88.5,1,0,0,0,0,0,1,0,0,0,0,0,0,0,0,0,0,0,0,0,0,0,0,0,1,0,0,0,1,0,0,0,0.032,1.0,2014,38
89,0,1,0,0,1,0,-0.289,0.5967592592592592,1,0,0,0,0,0,0,0,0,0,0,0,0,1,0,1,0,0,0,0,0,0,1,0,0,0,0,0,0,1,0,0,1.0986122886681098,4.276666119016055,2.302585092994046,720.0,88.5,1,0,0,0,0,0,1,0,0,0,0,0,0,0,0,0,0,0,0,0,0,0,0,0,0,1,0,0,1,0,0,0,0.032,1.0,2014,38
89,0,1,0,0,1,0,9.943,0.5199418604651163,1,0,0,0,0,0,0,0,0,0,0,0,0,1,0,1,0,0,0,0,0,0,1,0,0,0,0,0,0,1,0,0,1.0986122886681098,4.276666119016055,2.302585092994046,720.0,88.5,1,0,0,0,0,0,1,0,0,0,0,0,0,0,0,0,0,0,0,0,0,0,0,0,1,0,0,0,1,0,0,0,0.032,1.0,2014,38
89,0,1,0,0,1,0,2.281,1.6855263157894738,1,0,0,0,0,0,0,0,0,0,0,0,0,1,0,1,0,0,0,0,0,0,1,0,0,0,0,0,0,1,0,0,1.791759469228055,4.276666119016055,2.302585092994046,720.0,88.5,1,0,0,0,0,0,1,0,0,0,0,0,0,0,0,0,0,0,0,0,0,0,0,0,0,1,0,0,1,0,0,0,0.032,1.0,2014,38
89,0,1,0,0,1,0,2.346,2.2065573770491804,1,0,0,0,0,0,0,0,0,0,0,0,0,1,0,1,0,0,0,0,0,0,1,0,0,0,0,0,0,1,0,0,1.791759469228055,4.276666119016055,2.302585092994046,720.0,88.5,1,0,0,0,0,0,1,0,0,0,0,0,0,0,0,0,0,0,0,0,0,0,0,0,1,0,0,0,1,0,0,0,0.032,1.0,2014,38
89,0,1,0,0,1,0,-0.367,0.5512096774193549,1,0,0,0,0,0,0,0,0,0,0,0,0,1,0,1,0,0,0,0,0,0,1,0,0,0,0,0,0,1,0,0,1.791759469228055,4.276666119016055,2.302585092994046,720.0,88.5,1,0,0,0,0,0,1,0,0,0,0,0,0,0,0,0,0,0,0,0,0,0,0,0,0,1,0,0,1,0,0,0,0.032,1.0,2014,38
89,0,1,0,0,1,0,12.968,1.3342251950947601,1,0,0,0,0,0,0,0,0,0,0,0,0,1,0,1,0,0,0,0,0,0,1,0,0,0,0,0,0,1,0,0,1.791759469228055,4.276666119016055,2.302585092994046,720.0,88.5,1,0,0,0,0,0,1,0,0,0,0,0,0,0,0,0,0,0,0,0,0,0,0,0,1,0,0,0,1,0,0,0,0.032,1.0,2014,38
89,0,1,0,0,1,0,0.306,1.3094339622641509,1,0,0,0,0,0,0,0,0,0,0,0,0,1,0,1,0,0,0,0,0,0,0,1,0,0,0,0,0,1,0,0,2.4849066497880004,4.276666119016055,2.302585092994046,720.0,88.5,1,0,0,0,0,0,1,0,0,0,0,0,0,0,0,0,0,0,0,0,0,0,0,0,0,1,0,0,1,0,0,0,0.032,1.0,2014,38
89,0,1,0,0,1,0,2.81,1.9255319148936172,1,0,0,0,0,0,0,0,0,0,0,0,0,1,0,1,0,0,0,0,0,0,0,1,0,0,0,0,0,1,0,0,2.4849066497880004,4.276666119016055,2.302585092994046,720.0,88.5,1,0,0,0,0,0,1,0,0,0,0,0,0,0,0,0,0,0,0,0,0,0,0,0,1,0,0,0,1,0,0,0,0.032,1.0,2014,38
89,0,1,0,0,1,0,-0.296,0.5184,1,0,0,0,0,0,0,0,0,0,0,0,0,1,0,1,0,0,0,0,0,0,0,1,0,0,0,0,0,1,0,0,2.4849066497880004,4.276666119016055,2.302585092994046,720.0,88.5,1,0,0,0,0,0,1,0,0,0,0,0,0,0,0,0,0,0,0,0,0,0,0,0,0,1,0,0,1,0,0,0,0.032,1.0,2014,38
89,0,1,0,0,1,0,3.336,0.36386292834890965,1,0,0,0,0,0,0,0,0,0,0,0,0,1,0,1,0,0,0,0,0,0,0,1,0,0,0,0,0,1,0,0,2.4849066497880004,4.276666119016055,2.302585092994046,720.0,88.5,1,0,0,0,0,0,1,0,0,0,0,0,0,0,0,0,0,0,0,0,0,0,0,0,1,0,0,0,1,0,0,0,0.032,1.0,2014,38
89,0,1,0,0,1,0,0.742,0.7818181818181819,0,1,0,0,0,0,0,0,0,0,0,0,0,1,0,1,0,0,0,0,0,1,0,0,0,0,0,0,0,1,0,0,0.0,4.276666119016055,2.6390573296152584,1008.0,88.5,0,0,0,0,0,0,1,0,0,0,0,0,0,0,0,0,0,0,0,0,0,0,0,0,0,1,0,0,1,0,0,0,0.032,1.0,2014,38
89,0,1,0,0,1,0,0.268,0.6841121495327103,0,1,0,0,0,0,0,0,0,0,0,0,0,1,0,1,0,0,0,0,0,1,0,0,0,0,0,0,0,1,0,0,0.0,4.276666119016055,2.6390573296152584,1008.0,88.5,0,0,0,0,0,0,1,0,0,0,0,0,0,0,0,0,0,0,0,0,0,0,0,0,1,0,0,0,1,0,0,0,0.032,1.0,2014,38
89,0,1,0,0,1,0,0.239,0.3589622641509434,0,1,0,0,0,0,0,0,0,0,0,0,0,1,0,1,0,0,0,0,0,1,0,0,0,0,0,0,0,1,0,0,0.0,4.276666119016055,2.6390573296152584,1008.0,88.5,0,0,0,0,0,0,1,0,0,0,0,0,0,0,0,0,0,0,0,0,0,0,0,0,0,1,0,0,1,0,0,0,0.032,1.0,2014,38
89,0,1,0,0,1,0,-1.775,0.26580459770114945,0,1,0,0,0,0,0,0,0,0,0,0,0,1,0,1,0,0,0,0,0,1,0,0,0,0,0,0,0,1,0,0,0.0,4.276666119016055,2.6390573296152584,1008.0,88.5,0,0,0,0,0,0,1,0,0,0,0,0,0,0,0,0,0,0,0,0,0,0,0,0,1,0,0,0,1,0,0,0,0.032,1.0,2014,38
89,0,1,0,0,1,0,1.026,0.5200000000000005,0,1,0,0,0,0,0,0,0,0,0,0,0,1,0,1,0,0,0,0,0,0,1,0,0,0,0,0,0,1,0,0,1.0986122886681098,4.276666119016055,2.6390573296152584,1008.0,88.5,1,0,0,0,0,0,1,0,0,0,0,0,0,0,0,0,0,0,0,0,0,0,0,0,0,1,0,0,1,0,0,0,0.032,1.0,2014,38
89,0,1,0,0,1,0,0.845,0.5166666666666668,0,1,0,0,0,0,0,0,0,0,0,0,0,1,0,1,0,0,0,0,0,0,1,0,0,0,0,0,0,1,0,0,1.0986122886681098,4.276666119016055,2.6390573296152584,1008.0,88.5,1,0,0,0,0,0,1,0,0,0,0,0,0,0,0,0,0,0,0,0,0,0,0,0,1,0,0,0,1,0,0,0,0.032,1.0,2014,38
89,0,1,0,0,1,0,0.226,0.2108991825613079,0,1,0,0,0,0,0,0,0,0,0,0,0,1,0,1,0,0,0,0,0,0,1,0,0,0,0,0,0,1,0,0,1.0986122886681098,4.276666119016055,2.6390573296152584,1008.0,88.5,1,0,0,0,0,0,1,0,0,0,0,0,0,0,0,0,0,0,0,0,0,0,0,0,0,1,0,0,1,0,0,0,0.032,1.0,2014,38
89,0,1,0,0,1,0,1.383,0.20928961748633879,0,1,0,0,0,0,0,0,0,0,0,0,0,1,0,1,0,0,0,0,0,0,1,0,0,0,0,0,0,1,0,0,1.0986122886681098,4.276666119016055,2.6390573296152584,1008.0,88.5,1,0,0,0,0,0,1,0,0,0,0,0,0,0,0,0,0,0,0,0,0,0,0,0,1,0,0,0,1,0,0,0,0.032,1.0,2014,38
89,0,1,0,0,1,0,0.889,0.5549999999999999,0,1,0,0,0,0,0,0,0,0,0,0,0,1,0,1,0,0,0,0,0,0,1,0,0,0,0,0,0,1,0,0,1.791759469228055,4.276666119016055,2.6390573296152584,1008.0,88.5,1,0,0,0,0,0,1,0,0,0,0,0,0,0,0,0,0,0,0,0,0,0,0,0,0,1,0,0,1,0,0,0,0.032,1.0,2014,38
89,0,1,0,0,1,0,1.195,0.7800000000000002,0,1,0,0,0,0,0,0,0,0,0,0,0,1,0,1,0,0,0,0,0,0,1,0,0,0,0,0,0,1,0,0,1.791759469228055,4.276666119016055,2.6390573296152584,1008.0,88.5,1,0,0,0,0,0,1,0,0,0,0,0,0,0,0,0,0,0,0,0,0,0,0,0,1,0,0,0,1,0,0,0,0.032,1.0,2014,38
89,0,1,0,0,1,0,0.327,0.23614035087719298,0,1,0,0,0,0,0,0,0,0,0,0,0,1,0,1,0,0,0,0,0,0,1,0,0,0,0,0,0,1,0,0,1.791759469228055,4.276666119016055,2.6390573296152584,1008.0,88.5,1,0,0,0,0,0,1,0,0,0,0,0,0,0,0,0,0,0,0,0,0,0,0,0,0,1,0,0,1,0,0,0,0.032,1.0,2014,38
89,0,1,0,0,1,0,2.235,0.10890652557319223,0,1,0,0,0,0,0,0,0,0,0,0,0,1,0,1,0,0,0,0,0,0,1,0,0,0,0,0,0,1,0,0,1.791759469228055,4.276666119016055,2.6390573296152584,1008.0,88.5,1,0,0,0,0,0,1,0,0,0,0,0,0,0,0,0,0,0,0,0,0,0,0,0,1,0,0,0,1,0,0,0,0.032,1.0,2014,38
89,0,1,0,0,1,0,0.768,0.48333333333333334,0,1,0,0,0,0,0,0,0,0,0,0,0,1,0,1,0,0,0,0,0,0,0,1,0,0,0,0,0,1,0,0,2.4849066497880004,4.276666119016055,2.6390573296152584,1008.0,88.5,1,0,0,0,0,0,1,0,0,0,0,0,0,0,0,0,0,0,0,0,0,0,0,0,0,1,0,0,1,0,0,0,0.032,1.0,2014,38
89,0,1,0,0,1,0,0.432,0.5358490566037736,0,1,0,0,0,0,0,0,0,0,0,0,0,1,0,1,0,0,0,0,0,0,0,1,0,0,0,0,0,1,0,0,2.4849066497880004,4.276666119016055,2.6390573296152584,1008.0,88.5,1,0,0,0,0,0,1,0,0,0,0,0,0,0,0,0,0,0,0,0,0,0,0,0,1,0,0,0,1,0,0,0,0.032,1.0,2014,38
89,0,1,0,0,1,0,0.438,0.15355191256830603,0,1,0,0,0,0,0,0,0,0,0,0,0,1,0,1,0,0,0,0,0,0,0,1,0,0,0,0,0,1,0,0,2.4849066497880004,4.276666119016055,2.6390573296152584,1008.0,88.5,1,0,0,0,0,0,1,0,0,0,0,0,0,0,0,0,0,0,0,0,0,0,0,0,0,1,0,0,1,0,0,0,0.032,1.0,2014,38
89,0,1,0,0,1,0,0.787,0.12383720930232557,0,1,0,0,0,0,0,0,0,0,0,0,0,1,0,1,0,0,0,0,0,0,0,1,0,0,0,0,0,1,0,0,2.4849066497880004,4.276666119016055,2.6390573296152584,1008.0,88.5,1,0,0,0,0,0,1,0,0,0,0,0,0,0,0,0,0,0,0,0,0,0,0,0,1,0,0,0,1,0,0,0,0.032,1.0,2014,38
89,0,1,0,0,1,0,5.375,0.8612204724409449,1,0,0,0,0,0,0,0,0,0,0,0,0,1,0,0,0,0,1,0,0,1,0,0,0,0,0,0,0,1,0,0,0.0,4.276666119016055,2.302585092994046,720.0,88.5,0,0,0,0,0,0,1,0,0,0,0,0,0,0,0,0,0,0,0,0,0,0,0,0,0,1,0,0,1,0,0,0,0.032,1.0,2014,38
89,0,1,0,0,1,0,3.908,1.454,1,0,0,0,0,0,0,0,0,0,0,0,0,1,0,0,0,0,1,0,0,1,0,0,0,0,0,0,0,1,0,0,0.0,4.276666119016055,2.302585092994046,720.0,88.5,0,0,0,0,0,0,1,0,0,0,0,0,0,0,0,0,0,0,0,0,0,0,0,0,1,0,0,0,1,0,0,0,0.032,1.0,2014,38
89,0,1,0,0,1,0,-0.641,0.6100371747211896,1,0,0,0,0,0,0,0,0,0,0,0,0,1,0,0,0,0,1,0,0,1,0,0,0,0,0,0,0,1,0,0,0.0,4.276666119016055,2.302585092994046,720.0,88.5,0,0,0,0,0,0,1,0,0,0,0,0,0,0,0,0,0,0,0,0,0,0,0,0,0,1,0,0,1,0,0,0,0.032,1.0,2014,38
89,0,1,0,0,1,0,0.842,3.1600000000000006,1,0,0,0,0,0,0,0,0,0,0,0,0,1,0,0,0,0,1,0,0,1,0,0,0,0,0,0,0,1,0,0,0.0,4.276666119016055,2.302585092994046,720.0,88.5,0,0,0,0,0,0,1,0,0,0,0,0,0,0,0,0,0,0,0,0,0,0,0,0,1,0,0,0,1,0,0,0,0.032,1.0,2014,38
89,0,1,0,0,1,0,4.348,1.039751552795031,1,0,0,0,0,0,0,0,0,0,0,0,0,1,0,0,0,0,1,0,0,0,1,0,0,0,0,0,0,1,0,0,1.0986122886681098,4.276666119016055,2.302585092994046,720.0,88.5,1,0,0,0,0,0,1,0,0,0,0,0,0,0,0,0,0,0,0,0,0,0,0,0,0,1,0,0,1,0,0,0,0.032,1.0,2014,38
89,0,1,0,0,1,0,4.245,1.2018518518518517,1,0,0,0,0,0,0,0,0,0,0,0,0,1,0,0,0,0,1,0,0,0,1,0,0,0,0,0,0,1,0,0,1.0986122886681098,4.276666119016055,2.302585092994046,720.0,88.5,1,0,0,0,0,0,1,0,0,0,0,0,0,0,0,0,0,0,0,0,0,0,0,0,1,0,0,0,1,0,0,0,0.032,1.0,2014,38
89,0,1,0,0,1,0,-0.698,0.7075,1,0,0,0,0,0,0,0,0,0,0,0,0,1,0,0,0,0,1,0,0,0,1,0,0,0,0,0,0,1,0,0,1.0986122886681098,4.276666119016055,2.302585092994046,720.0,88.5,1,0,0,0,0,0,1,0,0,0,0,0,0,0,0,0,0,0,0,0,0,0,0,0,0,1,0,0,1,0,0,0,0.032,1.0,2014,38
89,0,1,0,0,1,0,3.77,2.946808510638298,1,0,0,0,0,0,0,0,0,0,0,0,0,1,0,0,0,0,1,0,0,0,1,0,0,0,0,0,0,1,0,0,1.0986122886681098,4.276666119016055,2.302585092994046,720.0,88.5,1,0,0,0,0,0,1,0,0,0,0,0,0,0,0,0,0,0,0,0,0,0,0,0,1,0,0,0,1,0,0,0,0.032,1.0,2014,38
89,0,1,0,0,1,0,4.192,0.9252173913043479,1,0,0,0,0,0,0,0,0,0,0,0,0,1,0,0,0,0,1,0,0,0,1,0,0,0,0,0,0,1,0,0,1.791759469228055,4.276666119016055,2.302585092994046,720.0,88.5,1,0,0,0,0,0,1,0,0,0,0,0,0,0,0,0,0,0,0,0,0,0,0,0,0,1,0,0,1,0,0,0,0.032,1.0,2014,38
89,0,1,0,0,1,0,3.456,1.106306306306306,1,0,0,0,0,0,0,0,0,0,0,0,0,1,0,0,0,0,1,0,0,0,1,0,0,0,0,0,0,1,0,0,1.791759469228055,4.276666119016055,2.302585092994046,720.0,88.5,1,0,0,0,0,0,1,0,0,0,0,0,0,0,0,0,0,0,0,0,0,0,0,0,1,0,0,0,1,0,0,0,0.032,1.0,2014,38
89,0,1,0,0,1,0,-0.862,0.4350467289719626,1,0,0,0,0,0,0,0,0,0,0,0,0,1,0,0,0,0,1,0,0,0,1,0,0,0,0,0,0,1,0,0,1.791759469228055,4.276666119016055,2.302585092994046,720.0,88.5,1,0,0,0,0,0,1,0,0,0,0,0,0,0,0,0,0,0,0,0,0,0,0,0,0,1,0,0,1,0,0,0,0.032,1.0,2014,38
89,0,1,0,0,1,0,4.162,2.7495652173913046,1,0,0,0,0,0,0,0,0,0,0,0,0,1,0,0,0,0,1,0,0,0,1,0,0,0,0,0,0,1,0,0,1.791759469228055,4.276666119016055,2.302585092994046,720.0,88.5,1,0,0,0,0,0,1,0,0,0,0,0,0,0,0,0,0,0,0,0,0,0,0,0,1,0,0,0,1,0,0,0,0.032,1.0,2014,38
89,0,1,0,0,1,0,3.338,0.6458563535911602,1,0,0,0,0,0,0,0,0,0,0,0,0,1,0,0,0,0,1,0,0,0,0,1,0,0,0,0,0,1,0,0,2.4849066497880004,4.276666119016055,2.302585092994046,720.0,88.5,1,0,0,0,0,0,1,0,0,0,0,0,0,0,0,0,0,0,0,0,0,0,0,0,0,1,0,0,1,0,0,0,0.032,1.0,2014,38
89,0,1,0,0,1,0,1.568,0.5461538461538462,1,0,0,0,0,0,0,0,0,0,0,0,0,1,0,0,0,0,1,0,0,0,0,1,0,0,0,0,0,1,0,0,2.4849066497880004,4.276666119016055,2.302585092994046,720.0,88.5,1,0,0,0,0,0,1,0,0,0,0,0,0,0,0,0,0,0,0,0,0,0,0,0,1,0,0,0,1,0,0,0,0.032,1.0,2014,38
89,0,1,0,0,1,0,-0.682,0.4194513715710723,1,0,0,0,0,0,0,0,0,0,0,0,0,1,0,0,0,0,1,0,0,0,0,1,0,0,0,0,0,1,0,0,2.4849066497880004,4.276666119016055,2.302585092994046,720.0,88.5,1,0,0,0,0,0,1,0,0,0,0,0,0,0,0,0,0,0,0,0,0,0,0,0,0,1,0,0,1,0,0,0,0.032,1.0,2014,38
89,0,1,0,0,1,0,1.845,2.1666666666666665,1,0,0,0,0,0,0,0,0,0,0,0,0,1,0,0,0,0,1,0,0,0,0,1,0,0,0,0,0,1,0,0,2.4849066497880004,4.276666119016055,2.302585092994046,720.0,88.5,1,0,0,0,0,0,1,0,0,0,0,0,0,0,0,0,0,0,0,0,0,0,0,0,1,0,0,0,1,0,0,0,0.032,1.0,2014,38
89,0,1,0,0,1,0,2.871,1.484920634920635,0,1,0,0,0,0,0,0,0,0,0,0,0,1,0,0,0,0,1,0,0,1,0,0,0,0,0,0,0,1,0,0,0.0,4.276666119016055,2.6390573296152584,1008.0,88.5,0,0,0,0,0,0,1,0,0,0,0,0,0,0,0,0,0,0,0,0,0,0,0,0,0,1,0,0,1,0,0,0,0.032,1.0,2014,38
89,0,1,0,0,1,0,-0.474,0.5190140845070422,0,1,0,0,0,0,0,0,0,0,0,0,0,1,0,0,0,0,1,0,0,1,0,0,0,0,0,0,0,1,0,0,0.0,4.276666119016055,2.6390573296152584,1008.0,88.5,0,0,0,0,0,0,1,0,0,0,0,0,0,0,0,0,0,0,0,0,0,0,0,0,1,0,0,0,1,0,0,0,0.032,1.0,2014,38
89,0,1,0,0,1,0,0.636,0.40444444444444444,0,1,0,0,0,0,0,0,0,0,0,0,0,1,0,0,0,0,1,0,0,1,0,0,0,0,0,0,0,1,0,0,0.0,4.276666119016055,2.6390573296152584,1008.0,88.5,0,0,0,0,0,0,1,0,0,0,0,0,0,0,0,0,0,0,0,0,0,0,0,0,0,1,0,0,1,0,0,0,0.032,1.0,2014,38
89,0,1,0,0,1,0,0.271,0.6024793388429752,0,1,0,0,0,0,0,0,0,0,0,0,0,1,0,0,0,0,1,0,0,1,0,0,0,0,0,0,0,1,0,0,0.0,4.276666119016055,2.6390573296152584,1008.0,88.5,0,0,0,0,0,0,1,0,0,0,0,0,0,0,0,0,0,0,0,0,0,0,0,0,1,0,0,0,1,0,0,0,0.032,1.0,2014,38
89,0,1,0,0,1,0,32.144,8.772957746478873,0,1,0,0,0,0,0,0,0,0,0,0,0,1,0,0,0,0,1,0,0,0,1,0,0,0,0,0,0,1,0,0,1.0986122886681098,4.276666119016055,2.6390573296152584,1008.0,88.5,1,0,0,0,0,0,1,0,0,0,0,0,0,0,0,0,0,0,0,0,0,0,0,0,0,1,0,0,1,0,0,0,0.032,1.0,2014,38
89,0,1,0,0,1,0,3.838,1.0063829787234044,0,1,0,0,0,0,0,0,0,0,0,0,0,1,0,0,0,0,1,0,0,0,1,0,0,0,0,0,0,1,0,0,1.0986122886681098,4.276666119016055,2.6390573296152584,1008.0,88.5,1,0,0,0,0,0,1,0,0,0,0,0,0,0,0,0,0,0,0,0,0,0,0,0,1,0,0,0,1,0,0,0,0.032,1.0,2014,38
89,0,1,0,0,1,0,0.467,0.30988372093023253,0,1,0,0,0,0,0,0,0,0,0,0,0,1,0,0,0,0,1,0,0,0,1,0,0,0,0,0,0,1,0,0,1.0986122886681098,4.276666119016055,2.6390573296152584,1008.0,88.5,1,0,0,0,0,0,1,0,0,0,0,0,0,0,0,0,0,0,0,0,0,0,0,0,0,1,0,0,1,0,0,0,0.032,1.0,2014,38
89,0,1,0,0,1,0,0.547,0.4314285714285714,0,1,0,0,0,0,0,0,0,0,0,0,0,1,0,0,0,0,1,0,0,0,1,0,0,0,0,0,0,1,0,0,1.0986122886681098,4.276666119016055,2.6390573296152584,1008.0,88.5,1,0,0,0,0,0,1,0,0,0,0,0,0,0,0,0,0,0,0,0,0,0,0,0,1,0,0,0,1,0,0,0,0.032,1.0,2014,38
89,0,1,0,0,1,0,-7.711,2.70527950310559,0,1,0,0,0,0,0,0,0,0,0,0,0,1,0,0,0,0,1,0,0,0,1,0,0,0,0,0,0,1,0,0,1.791759469228055,4.276666119016055,2.6390573296152584,1008.0,88.5,1,0,0,0,0,0,1,0,0,0,0,0,0,0,0,0,0,0,0,0,0,0,0,0,0,1,0,0,1,0,0,0,0.032,1.0,2014,38
89,0,1,0,0,1,0,4.557,1.0310144927536233,0,1,0,0,0,0,0,0,0,0,0,0,0,1,0,0,0,0,1,0,0,0,1,0,0,0,0,0,0,1,0,0,1.791759469228055,4.276666119016055,2.6390573296152584,1008.0,88.5,1,0,0,0,0,0,1,0,0,0,0,0,0,0,0,0,0,0,0,0,0,0,0,0,1,0,0,0,1,0,0,0,0.032,1.0,2014,38
89,0,1,0,0,1,0,0.315,0.3743169398907104,0,1,0,0,0,0,0,0,0,0,0,0,0,1,0,0,0,0,1,0,0,0,1,0,0,0,0,0,0,1,0,0,1.791759469228055,4.276666119016055,2.6390573296152584,1008.0,88.5,1,0,0,0,0,0,1,0,0,0,0,0,0,0,0,0,0,0,0,0,0,0,0,0,0,1,0,0,1,0,0,0,0.032,1.0,2014,38
89,0,1,0,0,1,0,0.498,0.3861538461538461,0,1,0,0,0,0,0,0,0,0,0,0,0,1,0,0,0,0,1,0,0,0,1,0,0,0,0,0,0,1,0,0,1.791759469228055,4.276666119016055,2.6390573296152584,1008.0,88.5,1,0,0,0,0,0,1,0,0,0,0,0,0,0,0,0,0,0,0,0,0,0,0,0,1,0,0,0,1,0,0,0,0.032,1.0,2014,38
89,0,1,0,0,1,0,0.748,0.09000000000000001,0,1,0,0,0,0,0,0,0,0,0,0,0,1,0,0,0,0,1,0,0,0,0,1,0,0,0,0,0,1,0,0,2.4849066497880004,4.276666119016055,2.6390573296152584,1008.0,88.5,1,0,0,0,0,0,1,0,0,0,0,0,0,0,0,0,0,0,0,0,0,0,0,0,0,1,0,0,1,0,0,0,0.032,1.0,2014,38
89,0,1,0,0,1,0,2.455,0.909375,0,1,0,0,0,0,0,0,0,0,0,0,0,1,0,0,0,0,1,0,0,0,0,1,0,0,0,0,0,1,0,0,2.4849066497880004,4.276666119016055,2.6390573296152584,1008.0,88.5,1,0,0,0,0,0,1,0,0,0,0,0,0,0,0,0,0,0,0,0,0,0,0,0,1,0,0,0,1,0,0,0,0.032,1.0,2014,38
89,0,1,0,0,1,0,0.461,0.3170588235294117,0,1,0,0,0,0,0,0,0,0,0,0,0,1,0,0,0,0,1,0,0,0,0,1,0,0,0,0,0,1,0,0,2.4849066497880004,4.276666119016055,2.6390573296152584,1008.0,88.5,1,0,0,0,0,0,1,0,0,0,0,0,0,0,0,0,0,0,0,0,0,0,0,0,0,1,0,0,1,0,0,0,0.032,1.0,2014,38
89,0,1,0,0,1,0,0.078,0.3414814814814815,0,1,0,0,0,0,0,0,0,0,0,0,0,1,0,0,0,0,1,0,0,0,0,1,0,0,0,0,0,1,0,0,2.4849066497880004,4.276666119016055,2.6390573296152584,1008.0,88.5,1,0,0,0,0,0,1,0,0,0,0,0,0,0,0,0,0,0,0,0,0,0,0,0,1,0,0,0,1,0,0,0,0.032,1.0,2014,38
89,0,1,0,0,1,0,-0.385,0.45514295103516267,0,0,1,0,0,0,0,0,0,0,0,0,0,1,0,1,0,0,0,0,0,1,0,0,0,0,0,0,0,1,0,0,0.0,5.19295685089021,3.1780538303479458,4320.0,84.0,0,0,0,0,0,0,1,0,0,0,0,0,0,0,0,0,0,0,0,0,0,0,0,0,0,1,0,0,1,0,0,0,0.032,1.0,2014,38
89,0,1,0,0,1,0,-4.167,2.9936268829663963,0,0,1,0,0,0,0,0,0,0,0,0,0,1,0,1,0,0,0,0,0,1,0,0,0,0,0,0,0,1,0,0,0.0,5.19295685089021,3.1780538303479458,4320.0,84.0,0,0,0,0,0,0,1,0,0,0,0,0,0,0,0,0,0,0,0,0,0,0,0,0,1,0,0,0,1,0,0,0,0.032,1.0,2014,38
89,0,1,0,0,1,0,0.45,0.18965517241379312,0,0,1,0,0,0,0,0,0,0,0,0,0,1,0,1,0,0,0,0,0,1,0,0,0,0,0,0,0,1,0,0,0.0,5.19295685089021,3.1780538303479458,4320.0,84.0,0,0,0,0,0,0,1,0,0,0,0,0,0,0,0,0,0,0,0,0,0,0,0,0,0,0,1,0,1,0,0,0,0.032,1.0,2014,38
89,0,1,0,0,1,0,-1.823,1.2704770477047704,0,0,1,0,0,0,0,0,0,0,0,0,0,1,0,1,0,0,0,0,0,0,1,0,0,0,0,0,0,1,0,0,1.0986122886681098,5.19295685089021,3.1780538303479458,4320.0,84.0,1,0,0,0,0,0,1,0,0,0,0,0,0,0,0,0,0,0,0,0,0,0,0,0,0,1,0,0,1,0,0,0,0.032,1.0,2014,38
89,0,1,0,0,1,0,-13.028,7.4498141263940525,0,0,1,0,0,0,0,0,0,0,0,0,0,1,0,1,0,0,0,0,0,0,1,0,0,0,0,0,0,1,0,0,1.0986122886681098,5.19295685089021,3.1780538303479458,4320.0,84.0,1,0,0,0,0,0,1,0,0,0,0,0,0,0,0,0,0,0,0,0,0,0,0,0,1,0,0,0,1,0,0,0,0.032,1.0,2014,38
89,0,1,0,0,1,0,0.896,0.8455284552845527,0,0,1,0,0,0,0,0,0,0,0,0,0,1,0,1,0,0,0,0,0,0,1,0,0,0,0,0,0,1,0,0,1.0986122886681098,5.19295685089021,3.1780538303479458,4320.0,84.0,1,0,0,0,0,0,1,0,0,0,0,0,0,0,0,0,0,0,0,0,0,0,0,0,0,0,1,0,1,0,0,0,0.032,1.0,2014,38
89,0,1,0,0,1,0,-3.909,1.819495922905856,0,0,1,0,0,0,0,0,0,0,0,0,0,1,0,1,0,0,0,0,0,0,1,0,0,0,0,0,0,1,0,0,1.791759469228055,5.19295685089021,3.1780538303479458,4320.0,84.0,1,0,0,0,0,0,1,0,0,0,0,0,0,0,0,0,0,0,0,0,0,0,0,0,0,1,0,0,1,0,0,0,0.032,1.0,2014,38
89,0,1,0,0,1,0,-21.793,9.333742833742832,0,0,1,0,0,0,0,0,0,0,0,0,0,1,0,1,0,0,0,0,0,0,1,0,0,0,0,0,0,1,0,0,1.791759469228055,5.19295685089021,3.1780538303479458,4320.0,84.0,1,0,0,0,0,0,1,0,0,0,0,0,0,0,0,0,0,0,0,0,0,0,0,0,1,0,0,0,1,0,0,0,0.032,1.0,2014,38
89,0,1,0,0,1,0,2.176,1.682403433476395,0,0,1,0,0,0,0,0,0,0,0,0,0,1,0,1,0,0,0,0,0,0,1,0,0,0,0,0,0,1,0,0,1.791759469228055,5.19295685089021,3.1780538303479458,4320.0,84.0,1,0,0,0,0,0,1,0,0,0,0,0,0,0,0,0,0,0,0,0,0,0,0,0,0,0,1,0,1,0,0,0,0.032,1.0,2014,38
89,0,1,0,0,1,0,-10.133,2.718681318681319,0,0,1,0,0,0,0,0,0,0,0,0,0,1,0,1,0,0,0,0,0,0,0,1,0,0,0,0,0,1,0,0,2.4849066497880004,5.19295685089021,3.1780538303479458,4320.0,84.0,1,0,0,0,0,0,1,0,0,0,0,0,0,0,0,0,0,0,0,0,0,0,0,0,0,1,0,0,1,0,0,0,0.032,1.0,2014,38
89,0,1,0,0,1,0,-24.468,14.528237307472905,0,0,1,0,0,0,0,0,0,0,0,0,0,1,0,1,0,0,0,0,0,0,0,1,0,0,0,0,0,1,0,0,2.4849066497880004,5.19295685089021,3.1780538303479458,4320.0,84.0,1,0,0,0,0,0,1,0,0,0,0,0,0,0,0,0,0,0,0,0,0,0,0,0,1,0,0,0,1,0,0,0,0.032,1.0,2014,38
89,0,1,0,0,1,0,1.692,3.0755555555555554,0,0,1,0,0,0,0,0,0,0,0,0,0,1,0,1,0,0,0,0,0,0,0,1,0,0,0,0,0,1,0,0,2.4849066497880004,5.19295685089021,3.1780538303479458,4320.0,84.0,1,0,0,0,0,0,1,0,0,0,0,0,0,0,0,0,0,0,0,0,0,0,0,0,0,0,1,0,1,0,0,0,0.032,1.0,2014,38
89,0,1,0,0,1,0,9.736,4.044444444444444,0,0,1,0,0,0,0,0,0,0,0,0,0,1,0,1,0,0,0,0,0,1,0,0,0,0,0,0,0,1,0,0,0.0,3.4011973816621555,3.1780538303479458,720.0,88.5,0,0,0,0,0,0,1,0,0,0,0,0,0,0,0,0,0,0,0,0,0,0,0,0,0,1,0,0,1,0,0,0,0.032,1.0,2014,38
89,0,1,0,0,1,0,-17.595,20.30021834061135,0,0,1,0,0,0,0,0,0,0,0,0,0,1,0,1,0,0,0,0,0,1,0,0,0,0,0,0,0,1,0,0,0.0,3.4011973816621555,3.1780538303479458,720.0,88.5,0,0,0,0,0,0,1,0,0,0,0,0,0,0,0,0,0,0,0,0,0,0,0,0,1,0,0,0,1,0,0,0,0.032,1.0,2014,38
89,0,1,0,0,1,0,1.898,0.852801519468186,0,0,1,0,0,0,0,0,0,0,0,0,0,1,0,1,0,0,0,0,0,1,0,0,0,0,0,0,0,1,0,0,0.0,3.4011973816621555,3.1780538303479458,720.0,88.5,0,0,0,0,0,0,1,0,0,0,0,0,0,0,0,0,0,0,0,0,0,0,0,0,0,0,1,0,1,0,0,0,0.032,1.0,2014,38
89,0,1,0,0,1,0,18.054,6.34921816827997,0,0,1,0,0,0,0,0,0,0,0,0,0,1,0,1,0,0,0,0,0,0,1,0,0,0,0,0,0,1,0,0,1.0986122886681098,3.4011973816621555,3.1780538303479458,720.0,88.5,1,0,0,0,0,0,1,0,0,0,0,0,0,0,0,0,0,0,0,0,0,0,0,0,0,1,0,0,1,0,0,0,0.032,1.0,2014,38
89,0,1,0,0,1,0,-37.734,37.56935014548982,0,0,1,0,0,0,0,0,0,0,0,0,0,1,0,1,0,0,0,0,0,0,1,0,0,0,0,0,0,1,0,0,1.0986122886681098,3.4011973816621555,3.1780538303479458,720.0,88.5,1,0,0,0,0,0,1,0,0,0,0,0,0,0,0,0,0,0,0,0,0,0,0,0,1,0,0,0,1,0,0,0,0.032,1.0,2014,38
89,0,1,0,0,1,0,5.066,4.711471610660486,0,0,1,0,0,0,0,0,0,0,0,0,0,1,0,1,0,0,0,0,0,0,1,0,0,0,0,0,0,1,0,0,1.0986122886681098,3.4011973816621555,3.1780538303479458,720.0,88.5,1,0,0,0,0,0,1,0,0,0,0,0,0,0,0,0,0,0,0,0,0,0,0,0,0,0,1,0,1,0,0,0,0.032,1.0,2014,38
89,0,1,0,0,1,0,30.832,8.81039574719433,0,0,1,0,0,0,0,0,0,0,0,0,0,1,0,1,0,0,0,0,0,0,1,0,0,0,0,0,0,1,0,0,1.791759469228055,3.4011973816621555,3.1780538303479458,720.0,88.5,1,0,0,0,0,0,1,0,0,0,0,0,0,0,0,0,0,0,0,0,0,0,0,0,0,1,0,0,1,0,0,0,0.032,1.0,2014,38
89,0,1,0,0,1,0,17.778,31.89733840304182,0,0,1,0,0,0,0,0,0,0,0,0,0,1,0,1,0,0,0,0,0,0,1,0,0,0,0,0,0,1,0,0,1.791759469228055,3.4011973816621555,3.1780538303479458,720.0,88.5,1,0,0,0,0,0,1,0,0,0,0,0,0,0,0,0,0,0,0,0,0,0,0,0,1,0,0,0,1,0,0,0,0.032,1.0,2014,38
89,0,1,0,0,1,0,14.417,11.171523730224813,0,0,1,0,0,0,0,0,0,0,0,0,0,1,0,1,0,0,0,0,0,0,1,0,0,0,0,0,0,1,0,0,1.791759469228055,3.4011973816621555,3.1780538303479458,720.0,88.5,1,0,0,0,0,0,1,0,0,0,0,0,0,0,0,0,0,0,0,0,0,0,0,0,0,0,1,0,1,0,0,0,0.032,1.0,2014,38
89,0,1,0,0,1,0,39.97,12.438557293329078,0,0,1,0,0,0,0,0,0,0,0,0,0,1,0,1,0,0,0,0,0,0,0,1,0,0,0,0,0,1,0,0,2.4849066497880004,3.4011973816621555,3.1780538303479458,720.0,88.5,1,0,0,0,0,0,1,0,0,0,0,0,0,0,0,0,0,0,0,0,0,0,0,0,0,1,0,0,1,0,0,0,0.032,1.0,2014,38
89,0,1,0,0,1,0,3.944,48.26229508196721,0,0,1,0,0,0,0,0,0,0,0,0,0,1,0,1,0,0,0,0,0,0,0,1,0,0,0,0,0,1,0,0,2.4849066497880004,3.4011973816621555,3.1780538303479458,720.0,88.5,1,0,0,0,0,0,1,0,0,0,0,0,0,0,0,0,0,0,0,0,0,0,0,0,1,0,0,0,1,0,0,0,0.032,1.0,2014,38
89,0,1,0,0,1,0,15.347,15.765934065934065,0,0,1,0,0,0,0,0,0,0,0,0,0,1,0,1,0,0,0,0,0,0,0,1,0,0,0,0,0,1,0,0,2.4849066497880004,3.4011973816621555,3.1780538303479458,720.0,88.5,1,0,0,0,0,0,1,0,0,0,0,0,0,0,0,0,0,0,0,0,0,0,0,0,0,0,1,0,1,0,0,0,0.032,1.0,2014,38
89,0,1,0,0,1,0,10.462,3.1435215946843855,0,0,1,0,0,0,0,0,0,0,0,0,0,1,0,1,0,0,0,0,0,1,0,0,0,0,0,0,0,1,0,0,0.0,3.4011973816621555,3.1780538303479458,720.0,88.5,0,0,0,0,0,0,1,0,0,0,0,0,0,0,0,0,0,0,0,0,0,0,0,0,0,1,0,0,1,0,0,0,0.032,1.0,2014,38
89,0,1,0,0,1,0,-0.712,1.6933728981206728,0,0,1,0,0,0,0,0,0,0,0,0,0,1,0,1,0,0,0,0,0,1,0,0,0,0,0,0,0,1,0,0,0.0,3.4011973816621555,3.1780538303479458,720.0,88.5,0,0,0,0,0,0,1,0,0,0,0,0,0,0,0,0,0,0,0,0,0,0,0,0,1,0,0,0,1,0,0,0,0.032,1.0,2014,38
89,0,1,0,0,1,0,2.277,1.2434274586173322,0,0,1,0,0,0,0,0,0,0,0,0,0,1,0,1,0,0,0,0,0,1,0,0,0,0,0,0,0,1,0,0,0.0,3.4011973816621555,3.1780538303479458,720.0,88.5,0,0,0,0,0,0,1,0,0,0,0,0,0,0,0,0,0,0,0,0,0,0,0,0,0,0,1,0,1,0,0,0,0.032,1.0,2014,38
89,0,1,0,0,1,0,21.855,6.953984661553851,0,0,1,0,0,0,0,0,0,0,0,0,0,1,0,1,0,0,0,0,0,0,1,0,0,0,0,0,0,1,0,0,1.0986122886681098,3.4011973816621555,3.1780538303479458,720.0,88.5,1,0,0,0,0,0,1,0,0,0,0,0,0,0,0,0,0,0,0,0,0,0,0,0,0,1,0,0,1,0,0,0,0.032,1.0,2014,38
89,0,1,0,0,1,0,-6.732,1.305860496537747,0,0,1,0,0,0,0,0,0,0,0,0,0,1,0,1,0,0,0,0,0,0,1,0,0,0,0,0,0,1,0,0,1.0986122886681098,3.4011973816621555,3.1780538303479458,720.0,88.5,1,0,0,0,0,0,1,0,0,0,0,0,0,0,0,0,0,0,0,0,0,0,0,0,1,0,0,0,1,0,0,0,0.032,1.0,2014,38
89,0,1,0,0,1,0,9.252,4.051055473735887,0,0,1,0,0,0,0,0,0,0,0,0,0,1,0,1,0,0,0,0,0,0,1,0,0,0,0,0,0,1,0,0,1.0986122886681098,3.4011973816621555,3.1780538303479458,720.0,88.5,1,0,0,0,0,0,1,0,0,0,0,0,0,0,0,0,0,0,0,0,0,0,0,0,0,0,1,0,1,0,0,0,0.032,1.0,2014,38
89,0,1,0,0,1,0,24.116,7.276046584828454,0,0,1,0,0,0,0,0,0,0,0,0,0,1,0,1,0,0,0,0,0,0,1,0,0,0,0,0,0,1,0,0,1.791759469228055,3.4011973816621555,3.1780538303479458,720.0,88.5,1,0,0,0,0,0,1,0,0,0,0,0,0,0,0,0,0,0,0,0,0,0,0,0,0,1,0,0,1,0,0,0,0.032,1.0,2014,38
89,0,1,0,0,1,0,-12.465,2.3857193479801557,0,0,1,0,0,0,0,0,0,0,0,0,0,1,0,1,0,0,0,0,0,0,1,0,0,0,0,0,0,1,0,0,1.791759469228055,3.4011973816621555,3.1780538303479458,720.0,88.5,1,0,0,0,0,0,1,0,0,0,0,0,0,0,0,0,0,0,0,0,0,0,0,0,1,0,0,0,1,0,0,0,0.032,1.0,2014,38
89,0,1,0,0,1,0,32.737,9.893079800498754,0,0,1,0,0,0,0,0,0,0,0,0,0,1,0,1,0,0,0,0,0,0,1,0,0,0,0,0,0,1,0,0,1.791759469228055,3.4011973816621555,3.1780538303479458,720.0,88.5,1,0,0,0,0,0,1,0,0,0,0,0,0,0,0,0,0,0,0,0,0,0,0,0,0,0,1,0,1,0,0,0,0.032,1.0,2014,38
89,0,1,0,0,1,0,38.078,11.670758577274158,0,0,1,0,0,0,0,0,0,0,0,0,0,1,0,1,0,0,0,0,0,0,0,1,0,0,0,0,0,1,0,0,2.4849066497880004,3.4011973816621555,3.1780538303479458,720.0,88.5,1,0,0,0,0,0,1,0,0,0,0,0,0,0,0,0,0,0,0,0,0,0,0,0,0,1,0,0,1,0,0,0,0.032,1.0,2014,38
89,0,1,0,0,1,0,-21.376,6.021528525296017,0,0,1,0,0,0,0,0,0,0,0,0,0,1,0,1,0,0,0,0,0,0,0,1,0,0,0,0,0,1,0,0,2.4849066497880004,3.4011973816621555,3.1780538303479458,720.0,88.5,1,0,0,0,0,0,1,0,0,0,0,0,0,0,0,0,0,0,0,0,0,0,0,0,1,0,0,0,1,0,0,0,0.032,1.0,2014,38
89,0,1,0,0,1,0,29.39,14.01283316880553,0,0,1,0,0,0,0,0,0,0,0,0,0,1,0,1,0,0,0,0,0,0,0,1,0,0,0,0,0,1,0,0,2.4849066497880004,3.4011973816621555,3.1780538303479458,720.0,88.5,1,0,0,0,0,0,1,0,0,0,0,0,0,0,0,0,0,0,0,0,0,0,0,0,0,0,1,0,1,0,0,0,0.032,1.0,2014,38
89,0,1,0,0,1,0,-2.048,0.35981584228544444,0,0,1,0,0,0,0,0,0,0,0,0,0,1,0,0,0,0,1,0,0,1,0,0,0,0,0,0,0,1,0,0,0.0,5.19295685089021,3.1780538303479458,4320.0,84.0,0,0,0,0,0,0,1,0,0,0,0,0,0,0,0,0,0,0,0,0,0,0,0,0,0,1,0,0,1,0,0,0,0.032,1.0,2014,38
89,0,1,0,0,1,0,-1.523,0.7857365306758018,0,0,1,0,0,0,0,0,0,0,0,0,0,1,0,0,0,0,1,0,0,1,0,0,0,0,0,0,0,1,0,0,0.0,5.19295685089021,3.1780538303479458,4320.0,84.0,0,0,0,0,0,0,1,0,0,0,0,0,0,0,0,0,0,0,0,0,0,0,0,0,1,0,0,0,1,0,0,0,0.032,1.0,2014,38
89,0,1,0,0,1,0,0.475,0.12696493349455865,0,0,1,0,0,0,0,0,0,0,0,0,0,1,0,0,0,0,1,0,0,1,0,0,0,0,0,0,0,1,0,0,0.0,5.19295685089021,3.1780538303479458,4320.0,84.0,0,0,0,0,0,0,1,0,0,0,0,0,0,0,0,0,0,0,0,0,0,0,0,0,0,0,1,0,1,0,0,0,0.032,1.0,2014,38
89,0,1,0,0,1,0,-5.082,0.6907438955139126,0,0,1,0,0,0,0,0,0,0,0,0,0,1,0,0,0,0,1,0,0,0,1,0,0,0,0,0,0,1,0,0,1.0986122886681098,5.19295685089021,3.1780538303479458,4320.0,84.0,1,0,0,0,0,0,1,0,0,0,0,0,0,0,0,0,0,0,0,0,0,0,0,0,0,1,0,0,1,0,0,0,0.032,1.0,2014,38
89,0,1,0,0,1,0,-1.503,1.852701702442635,0,0,1,0,0,0,0,0,0,0,0,0,0,1,0,0,0,0,1,0,0,0,1,0,0,0,0,0,0,1,0,0,1.0986122886681098,5.19295685089021,3.1780538303479458,4320.0,84.0,1,0,0,0,0,0,1,0,0,0,0,0,0,0,0,0,0,0,0,0,0,0,0,0,1,0,0,0,1,0,0,0,0.032,1.0,2014,38
89,0,1,0,0,1,0,1.269,0.566315789473684,0,0,1,0,0,0,0,0,0,0,0,0,0,1,0,0,0,0,1,0,0,0,1,0,0,0,0,0,0,1,0,0,1.0986122886681098,5.19295685089021,3.1780538303479458,4320.0,84.0,1,0,0,0,0,0,1,0,0,0,0,0,0,0,0,0,0,0,0,0,0,0,0,0,0,0,1,0,1,0,0,0,0.032,1.0,2014,38
89,0,1,0,0,1,0,-11.11,2.223242151643106,0,0,1,0,0,0,0,0,0,0,0,0,0,1,0,0,0,0,1,0,0,0,1,0,0,0,0,0,0,1,0,0,1.791759469228055,5.19295685089021,3.1780538303479458,4320.0,84.0,1,0,0,0,0,0,1,0,0,0,0,0,0,0,0,0,0,0,0,0,0,0,0,0,0,1,0,0,1,0,0,0,0.032,1.0,2014,38
89,0,1,0,0,1,0,-6.051,3.4161821705426356,0,0,1,0,0,0,0,0,0,0,0,0,0,1,0,0,0,0,1,0,0,0,1,0,0,0,0,0,0,1,0,0,1.791759469228055,5.19295685089021,3.1780538303479458,4320.0,84.0,1,0,0,0,0,0,1,0,0,0,0,0,0,0,0,0,0,0,0,0,0,0,0,0,1,0,0,0,1,0,0,0,0.032,1.0,2014,38
89,0,1,0,0,1,0,2.241,0.9254287844891873,0,0,1,0,0,0,0,0,0,0,0,0,0,1,0,0,0,0,1,0,0,0,1,0,0,0,0,0,0,1,0,0,1.791759469228055,5.19295685089021,3.1780538303479458,4320.0,84.0,1,0,0,0,0,0,1,0,0,0,0,0,0,0,0,0,0,0,0,0,0,0,0,0,0,0,1,0,1,0,0,0,0.032,1.0,2014,38
89,0,1,0,0,1,0,-22.785,5.141591007349762,0,0,1,0,0,0,0,0,0,0,0,0,0,1,0,0,0,0,1,0,0,0,0,1,0,0,0,0,0,1,0,0,2.4849066497880004,5.19295685089021,3.1780538303479458,4320.0,84.0,1,0,0,0,0,0,1,0,0,0,0,0,0,0,0,0,0,0,0,0,0,0,0,0,0,1,0,0,1,0,0,0,0.032,1.0,2014,38
89,0,1,0,0,1,0,-11.814,3.994389027431421,0,0,1,0,0,0,0,0,0,0,0,0,0,1,0,0,0,0,1,0,0,0,0,1,0,0,0,0,0,1,0,0,2.4849066497880004,5.19295685089021,3.1780538303479458,4320.0,84.0,1,0,0,0,0,0,1,0,0,0,0,0,0,0,0,0,0,0,0,0,0,0,0,0,1,0,0,0,1,0,0,0,0.032,1.0,2014,38
89,0,1,0,0,1,0,3.68,1.7783676177836765,0,0,1,0,0,0,0,0,0,0,0,0,0,1,0,0,0,0,1,0,0,0,0,1,0,0,0,0,0,1,0,0,2.4849066497880004,5.19295685089021,3.1780538303479458,4320.0,84.0,1,0,0,0,0,0,1,0,0,0,0,0,0,0,0,0,0,0,0,0,0,0,0,0,0,0,1,0,1,0,0,0,0.032,1.0,2014,38
89,0,1,0,0,1,0,2.958,5.741935483870968,0,0,1,0,0,0,0,0,0,0,0,0,0,1,0,0,0,0,1,0,0,1,0,0,0,0,0,0,0,1,0,0,0.0,3.4011973816621555,3.1780538303479458,720.0,88.5,0,0,0,0,0,0,1,0,0,0,0,0,0,0,0,0,0,0,0,0,0,0,0,0,0,1,0,0,1,0,0,0,0.032,1.0,2014,38
89,0,1,0,0,1,0,-0.797,2.370712401055409,0,0,1,0,0,0,0,0,0,0,0,0,0,1,0,0,0,0,1,0,0,1,0,0,0,0,0,0,0,1,0,0,0.0,3.4011973816621555,3.1780538303479458,720.0,88.5,0,0,0,0,0,0,1,0,0,0,0,0,0,0,0,0,0,0,0,0,0,0,0,0,1,0,0,0,1,0,0,0,0.032,1.0,2014,38
89,0,1,0,0,1,0,1.649,0.7680473372781066,0,0,1,0,0,0,0,0,0,0,0,0,0,1,0,0,0,0,1,0,0,1,0,0,0,0,0,0,0,1,0,0,0.0,3.4011973816621555,3.1780538303479458,720.0,88.5,0,0,0,0,0,0,1,0,0,0,0,0,0,0,0,0,0,0,0,0,0,0,0,0,0,0,1,0,1,0,0,0,0.032,1.0,2014,38
89,0,1,0,0,1,0,11.188,6.316181029138252,0,0,1,0,0,0,0,0,0,0,0,0,0,1,0,0,0,0,1,0,0,0,1,0,0,0,0,0,0,1,0,0,1.0986122886681098,3.4011973816621555,3.1780538303479458,720.0,88.5,1,0,0,0,0,0,1,0,0,0,0,0,0,0,0,0,0,0,0,0,0,0,0,0,0,1,0,0,1,0,0,0,0.032,1.0,2014,38
89,0,1,0,0,1,0,2.803,5.334319526627218,0,0,1,0,0,0,0,0,0,0,0,0,0,1,0,0,0,0,1,0,0,0,1,0,0,0,0,0,0,1,0,0,1.0986122886681098,3.4011973816621555,3.1780538303479458,720.0,88.5,1,0,0,0,0,0,1,0,0,0,0,0,0,0,0,0,0,0,0,0,0,0,0,0,1,0,0,0,1,0,0,0,0.032,1.0,2014,38
89,0,1,0,0,1,0,5.702,2.61804008908686,0,0,1,0,0,0,0,0,0,0,0,0,0,1,0,0,0,0,1,0,0,0,1,0,0,0,0,0,0,1,0,0,1.0986122886681098,3.4011973816621555,3.1780538303479458,720.0,88.5,1,0,0,0,0,0,1,0,0,0,0,0,0,0,0,0,0,0,0,0,0,0,0,0,0,0,1,0,1,0,0,0,0.032,1.0,2014,38
89,0,1,0,0,1,0,11.752,9.050505050505052,0,0,1,0,0,0,0,0,0,0,0,0,0,1,0,0,0,0,1,0,0,0,1,0,0,0,0,0,0,1,0,0,1.791759469228055,3.4011973816621555,3.1780538303479458,720.0,88.5,1,0,0,0,0,0,1,0,0,0,0,0,0,0,0,0,0,0,0,0,0,0,0,0,0,1,0,0,1,0,0,0,0.032,1.0,2014,38
89,0,1,0,0,1,0,-8.276,8.825880114176975,0,0,1,0,0,0,0,0,0,0,0,0,0,1,0,0,0,0,1,0,0,0,1,0,0,0,0,0,0,1,0,0,1.791759469228055,3.4011973816621555,3.1780538303479458,720.0,88.5,1,0,0,0,0,0,1,0,0,0,0,0,0,0,0,0,0,0,0,0,0,0,0,0,1,0,0,0,1,0,0,0,0.032,1.0,2014,38
89,0,1,0,0,1,0,11.88,4.7866256049274085,0,0,1,0,0,0,0,0,0,0,0,0,0,1,0,0,0,0,1,0,0,0,1,0,0,0,0,0,0,1,0,0,1.791759469228055,3.4011973816621555,3.1780538303479458,720.0,88.5,1,0,0,0,0,0,1,0,0,0,0,0,0,0,0,0,0,0,0,0,0,0,0,0,0,0,1,0,1,0,0,0,0.032,1.0,2014,38
89,0,1,0,0,1,0,8.3,15.36842105263158,0,0,1,0,0,0,0,0,0,0,0,0,0,1,0,0,0,0,1,0,0,0,0,1,0,0,0,0,0,1,0,0,2.4849066497880004,3.4011973816621555,3.1780538303479458,720.0,88.5,1,0,0,0,0,0,1,0,0,0,0,0,0,0,0,0,0,0,0,0,0,0,0,0,0,1,0,0,1,0,0,0,0.032,1.0,2014,38
89,0,1,0,0,1,0,-31.322,11.44546742209632,0,0,1,0,0,0,0,0,0,0,0,0,0,1,0,0,0,0,1,0,0,0,0,1,0,0,0,0,0,1,0,0,2.4849066497880004,3.4011973816621555,3.1780538303479458,720.0,88.5,1,0,0,0,0,0,1,0,0,0,0,0,0,0,0,0,0,0,0,0,0,0,0,0,1,0,0,0,1,0,0,0,0.032,1.0,2014,38
89,0,1,0,0,1,0,14.806,4.772208779813343,0,0,1,0,0,0,0,0,0,0,0,0,0,1,0,0,0,0,1,0,0,0,0,1,0,0,0,0,0,1,0,0,2.4849066497880004,3.4011973816621555,3.1780538303479458,720.0,88.5,1,0,0,0,0,0,1,0,0,0,0,0,0,0,0,0,0,0,0,0,0,0,0,0,0,0,1,0,1,0,0,0,0.032,1.0,2014,38
89,0,1,0,0,1,0,0.496,1.3404255319148937,0,0,1,0,0,0,0,0,0,0,0,0,0,1,0,0,0,0,1,0,0,1,0,0,0,0,0,0,0,1,0,0,0.0,3.4011973816621555,3.1780538303479458,720.0,88.5,0,0,0,0,0,0,1,0,0,0,0,0,0,0,0,0,0,0,0,0,0,0,0,0,0,1,0,0,1,0,0,0,0.032,1.0,2014,38
89,0,1,0,0,1,0,-0.523,1.5321931589537225,0,0,1,0,0,0,0,0,0,0,0,0,0,1,0,0,0,0,1,0,0,1,0,0,0,0,0,0,0,1,0,0,0.0,3.4011973816621555,3.1780538303479458,720.0,88.5,0,0,0,0,0,0,1,0,0,0,0,0,0,0,0,0,0,0,0,0,0,0,0,0,1,0,0,0,1,0,0,0,0.032,1.0,2014,38
89,0,1,0,0,1,0,3.353,0.9008422664624809,0,0,1,0,0,0,0,0,0,0,0,0,0,1,0,0,0,0,1,0,0,1,0,0,0,0,0,0,0,1,0,0,0.0,3.4011973816621555,3.1780538303479458,720.0,88.5,0,0,0,0,0,0,1,0,0,0,0,0,0,0,0,0,0,0,0,0,0,0,0,0,0,0,1,0,1,0,0,0,0.032,1.0,2014,38
89,0,1,0,0,1,0,1.301,4.56060606060606,0,0,1,0,0,0,0,0,0,0,0,0,0,1,0,0,0,0,1,0,0,0,1,0,0,0,0,0,0,1,0,0,1.0986122886681098,3.4011973816621555,3.1780538303479458,720.0,88.5,1,0,0,0,0,0,1,0,0,0,0,0,0,0,0,0,0,0,0,0,0,0,0,0,0,1,0,0,1,0,0,0,0.032,1.0,2014,38
89,0,1,0,0,1,0,-2.146,4.038510911424903,0,0,1,0,0,0,0,0,0,0,0,0,0,1,0,0,0,0,1,0,0,0,1,0,0,0,0,0,0,1,0,0,1.0986122886681098,3.4011973816621555,3.1780538303479458,720.0,88.5,1,0,0,0,0,0,1,0,0,0,0,0,0,0,0,0,0,0,0,0,0,0,0,0,1,0,0,0,1,0,0,0,0.032,1.0,2014,38
89,0,1,0,0,1,0,12.327,2.1007047477744805,0,0,1,0,0,0,0,0,0,0,0,0,0,1,0,0,0,0,1,0,0,0,1,0,0,0,0,0,0,1,0,0,1.0986122886681098,3.4011973816621555,3.1780538303479458,720.0,88.5,1,0,0,0,0,0,1,0,0,0,0,0,0,0,0,0,0,0,0,0,0,0,0,0,0,0,1,0,1,0,0,0,0.032,1.0,2014,38
89,0,1,0,0,1,0,4.144,8.103092783505154,0,0,1,0,0,0,0,0,0,0,0,0,0,1,0,0,0,0,1,0,0,0,1,0,0,0,0,0,0,1,0,0,1.791759469228055,3.4011973816621555,3.1780538303479458,720.0,88.5,1,0,0,0,0,0,1,0,0,0,0,0,0,0,0,0,0,0,0,0,0,0,0,0,0,1,0,0,1,0,0,0,0.032,1.0,2014,38
89,0,1,0,0,1,0,-3.245,7.051495016611296,0,0,1,0,0,0,0,0,0,0,0,0,0,1,0,0,0,0,1,0,0,0,1,0,0,0,0,0,0,1,0,0,1.791759469228055,3.4011973816621555,3.1780538303479458,720.0,88.5,1,0,0,0,0,0,1,0,0,0,0,0,0,0,0,0,0,0,0,0,0,0,0,0,1,0,0,0,1,0,0,0,0.032,1.0,2014,38
89,0,1,0,0,1,0,19.703,4.721787427417319,0,0,1,0,0,0,0,0,0,0,0,0,0,1,0,0,0,0,1,0,0,0,1,0,0,0,0,0,0,1,0,0,1.791759469228055,3.4011973816621555,3.1780538303479458,720.0,88.5,1,0,0,0,0,0,1,0,0,0,0,0,0,0,0,0,0,0,0,0,0,0,0,0,0,0,1,0,1,0,0,0,0.032,1.0,2014,38
89,0,1,0,0,1,0,16.75,32.34086242299795,0,0,1,0,0,0,0,0,0,0,0,0,0,1,0,0,0,0,1,0,0,0,0,1,0,0,0,0,0,1,0,0,2.4849066497880004,3.4011973816621555,3.1780538303479458,720.0,88.5,1,0,0,0,0,0,1,0,0,0,0,0,0,0,0,0,0,0,0,0,0,0,0,0,0,1,0,0,1,0,0,0,0.032,1.0,2014,38
89,0,1,0,0,1,0,1.969,8.211864406779663,0,0,1,0,0,0,0,0,0,0,0,0,0,1,0,0,0,0,1,0,0,0,0,1,0,0,0,0,0,1,0,0,2.4849066497880004,3.4011973816621555,3.1780538303479458,720.0,88.5,1,0,0,0,0,0,1,0,0,0,0,0,0,0,0,0,0,0,0,0,0,0,0,0,1,0,0,0,1,0,0,0,0.032,1.0,2014,38
89,0,1,0,0,1,0,16.009,8.96594982078853,0,0,1,0,0,0,0,0,0,0,0,0,0,1,0,0,0,0,1,0,0,0,0,1,0,0,0,0,0,1,0,0,2.4849066497880004,3.4011973816621555,3.1780538303479458,720.0,88.5,1,0,0,0,0,0,1,0,0,0,0,0,0,0,0,0,0,0,0,0,0,0,0,0,0,0,1,0,1,0,0,0,0.032,1.0,2014,38
131,0,1,0,0,1,0,0.38,1.0555555555555556,0,0,0,1,0,0,0,0,0,0,1,0,0,0,1,0,0,0,0,0,0,1,0,0,0,0,0,0,0,1,0,0,0.0,4.867534450455582,0.0,130.0,67.5,0,0,0,0,0,0,1,0,0,0,0,0,0,0,0,1,0,0,0,0,0,0,0,0,0,0,0,0,0,0,1,0,0.032,1.5217391304347827,1996,20
131,0,1,0,0,1,0,-2.42,1.6241610738255032,0,0,0,0,0,1,0,0,0,0,1,0,0,0,1,0,0,0,0,0,0,1,0,0,0,0,0,0,0,1,0,0,0.0,4.867534450455582,0.0,130.0,67.5,0,0,0,0,0,0,1,0,0,0,0,0,0,0,0,1,0,0,0,0,0,0,0,0,0,0,0,0,0,0,1,0,0.032,1.5217391304347827,1996,20
131,0,1,0,0,1,0,-3.91,1.670940170940171,0,0,0,0,0,0,0,1,0,0,0,1,0,0,1,0,0,0,0,0,0,1,0,0,0,0,0,0,0,1,0,0,0.0,4.867534450455582,0.0,130.0,67.5,0,0,0,0,0,0,1,0,0,0,0,0,0,0,0,1,0,0,0,0,0,0,0,0,0,0,0,0,0,0,1,0,0.032,1.5217391304347827,1996,20
131,0,1,0,0,1,0,0.523,1.0895833333333333,0,0,0,1,0,0,0,0,0,0,1,0,0,0,1,0,0,0,0,0,0,1,0,0,0,0,0,0,0,1,0,0,0.0,4.867534450455582,0.0,130.0,67.5,0,0,0,0,0,0,0,0,0,1,0,0,0,0,0,1,0,0,0,0,0,0,0,0,0,0,0,0,0,0,1,0,0.032,1.5217391304347827,1996,20
131,0,1,0,0,1,0,-2.31,1.6985294117647058,0,0,0,0,0,1,0,0,0,0,1,0,0,0,1,0,0,0,0,0,0,1,0,0,0,0,0,0,0,1,0,0,0.0,4.867534450455582,0.0,130.0,67.5,0,0,0,0,0,0,0,0,0,1,0,0,0,0,0,1,0,0,0,0,0,0,0,0,0,0,0,0,0,0,1,0,0.032,1.5217391304347827,1996,20
131,0,1,0,0,1,0,-3.283,1.7098958333333334,0,0,0,0,0,0,0,1,0,0,0,1,0,0,1,0,0,0,0,0,0,1,0,0,0,0,0,0,0,1,0,0,0.0,4.867534450455582,0.0,130.0,67.5,0,0,0,0,0,0,0,0,0,1,0,0,0,0,0,1,0,0,0,0,0,0,0,0,0,0,0,0,0,0,1,0,0.032,1.5217391304347827,1996,20
4,1,0,0,1,0,0,0.98,0.015605095541401274,0,0,0,0,0,1,0,0,0,0,1,0,0,0,1,0,0,0,0,0,0,1,0,0,0,0,0,0,0,1,0,0,0.0,5.337538079701318,0.0,208.0,60.5,0,0,0,0,0,0,1,0,0,0,0,0,0,0,0,1,0,0,0,0,0,0,0,0,0,0,0,0,0,0,1,0,0.023,1.4090909090909092,1997,21
4,1,0,0,1,0,0,0.99,0.009044399780741823,1,0,0,0,0,0,0,0,0,0,0,0,1,0,1,0,0,0,0,0,0,1,0,0,0,0,0,0,0,1,0,0,0.0,5.337538079701318,0.0,208.0,60.5,0,0,0,0,0,0,1,0,0,0,0,0,0,0,0,1,0,0,0,0,0,0,0,0,0,0,0,0,0,0,1,0,0.023,1.4090909090909092,1997,21
4,1,0,0,1,0,0,0.98,0.01387119603680113,0,0,0,1,0,0,0,0,0,0,1,0,0,0,1,0,0,0,0,0,0,1,0,0,0,0,0,0,0,1,0,0,0.0,5.337538079701318,0.0,208.0,60.5,0,0,0,0,0,0,1,0,0,0,0,0,0,0,0,1,0,0,0,0,0,0,0,0,0,0,0,0,0,0,1,0,0.023,1.4090909090909092,1997,21
4,1,0,0,1,0,0,0.99,0.01003141149052589,0,0,0,0,1,0,0,0,0,0,1,0,0,0,1,0,0,0,0,0,0,1,0,0,0,0,0,0,0,1,0,0,0.0,5.337538079701318,0.0,208.0,60.5,0,0,0,0,0,0,1,0,0,0,0,0,0,0,0,1,0,0,0,0,0,0,0,0,0,0,0,0,0,0,1,0,0.023,1.4090909090909092,1997,21
4,1,0,0,1,0,0,0.99,0.006665768920010772,0,0,0,0,0,0,1,0,0,0,1,0,0,0,1,0,0,0,0,0,0,1,0,0,0,0,0,0,0,1,0,0,0.0,5.337538079701318,0.0,208.0,60.5,0,0,0,0,0,0,1,0,0,0,0,0,0,0,0,1,0,0,0,0,0,0,0,0,0,0,0,0,0,0,1,0,0.023,1.4090909090909092,1997,21
4,1,0,0,1,0,0,0.99,0.008323524466117371,0,0,0,0,0,0,0,1,0,0,0,1,0,0,1,0,0,0,0,0,0,1,0,0,0,0,0,0,0,1,0,0,0.0,5.337538079701318,0.0,208.0,60.5,0,0,0,0,0,0,1,0,0,0,0,0,0,0,0,1,0,0,0,0,0,0,0,0,0,0,0,0,0,0,1,0,0.023,1.4090909090909092,1997,21
4,1,0,0,1,0,0,0.98,0.011981904878346985,0,0,0,0,0,0,0,0,1,0,1,0,0,0,1,0,0,0,0,0,0,1,0,0,0,0,0,0,0,1,0,0,0.0,5.337538079701318,0.0,208.0,60.5,0,0,0,0,0,0,1,0,0,0,0,0,0,0,0,1,0,0,0,0,0,0,0,0,0,0,0,0,0,0,1,0,0.023,1.4090909090909092,1997,21
4,0,1,0,0,1,0,-2.16,0.6646153846153846,0,0,0,0,0,1,0,0,0,0,1,0,0,0,1,0,0,0,0,0,0,1,0,0,0,0,0,0,0,1,0,0,0.0,5.337538079701318,0.0,208.0,60.5,0,0,0,0,0,0,1,0,0,0,0,0,0,0,0,1,0,0,0,0,0,0,0,0,0,0,0,0,0,0,1,0,0.023,1.4090909090909092,1997,21
4,0,1,0,0,1,0,-1.51,0.5067114093959731,1,0,0,0,0,0,0,0,0,0,0,0,1,0,1,0,0,0,0,0,0,1,0,0,0,0,0,0,0,1,0,0,0.0,5.337538079701318,0.0,208.0,60.5,0,0,0,0,0,0,1,0,0,0,0,0,0,0,0,1,0,0,0,0,0,0,0,0,0,0,0,0,0,0,1,0,0.023,1.4090909090909092,1997,21
4,0,1,0,0,1,0,-2.7,1.6666666666666667,0,0,0,1,0,0,0,0,0,0,1,0,0,0,1,0,0,0,0,0,0,1,0,0,0,0,0,0,0,1,0,0,0.0,5.337538079701318,0.0,208.0,60.5,0,0,0,0,0,0,1,0,0,0,0,0,0,0,0,1,0,0,0,0,0,0,0,0,0,0,0,0,0,0,1,0,0.023,1.4090909090909092,1997,21
4,0,1,0,0,1,0,-0.88,0.9263157894736842,0,0,0,0,1,0,0,0,0,0,1,0,0,0,1,0,0,0,0,0,0,1,0,0,0,0,0,0,0,1,0,0,0.0,5.337538079701318,0.0,208.0,60.5,0,0,0,0,0,0,1,0,0,0,0,0,0,0,0,1,0,0,0,0,0,0,0,0,0,0,0,0,0,0,1,0,0.023,1.4090909090909092,1997,21
4,0,1,0,0,1,0,-0.26,0.42622950819672134,0,0,0,0,0,0,1,0,0,0,1,0,0,0,1,0,0,0,0,0,0,1,0,0,0,0,0,0,0,1,0,0,0.0,5.337538079701318,0.0,208.0,60.5,0,0,0,0,0,0,1,0,0,0,0,0,0,0,0,1,0,0,0,0,0,0,0,0,0,0,0,0,0,0,1,0,0.023,1.4090909090909092,1997,21
4,0,1,0,0,1,0,-0.54,0.7500000000000001,0,0,0,0,0,0,0,1,0,0,0,1,0,0,1,0,0,0,0,0,0,1,0,0,0,0,0,0,0,1,0,0,0.0,5.337538079701318,0.0,208.0,60.5,0,0,0,0,0,0,1,0,0,0,0,0,0,0,0,1,0,0,0,0,0,0,0,0,0,0,0,0,0,0,1,0,0.023,1.4090909090909092,1997,21
4,0,1,0,0,1,0,-2.53,1.0160642570281122,0,0,0,0,0,0,0,0,1,0,1,0,0,0,1,0,0,0,0,0,0,1,0,0,0,0,0,0,0,1,0,0,0.0,5.337538079701318,0.0,208.0,60.5,0,0,0,0,0,0,1,0,0,0,0,0,0,0,0,1,0,0,0,0,0,0,0,0,0,0,0,0,0,0,1,0,0.023,1.4090909090909092,1997,21
55,1,0,0,1,0,0,1.011,0.004,0,0,0,0,0,1,0,0,0,0,1,0,0,0,1,0,0,0,0,0,0,1,0,0,0,0,0,0,0,1,0,0,0.0,5.337538079701318,0.0,208.0,60.5,0,0,0,0,0,0,1,0,0,0,0,0,0,0,0,1,0,0,0,0,0,0,0,0,0,0,0,0,1,0,0,0,0.023,1.3846153846153846,2006,30
55,1,0,0,1,0,0,1.01,0.003,0,0,0,0,0,1,0,0,0,0,1,0,0,0,1,0,0,0,0,0,0,1,0,0,0,0,0,0,0,1,0,0,0.0,5.337538079701318,0.0,208.0,60.5,0,0,0,0,0,0,0,0,0,1,0,0,0,0,0,1,0,0,0,0,0,0,0,0,0,0,0,0,1,0,0,0,0.023,1.3846153846153846,2006,30
55,1,0,0,1,0,0,0.997,0.007,0,0,0,1,0,0,0,0,0,0,1,0,0,0,1,0,0,0,0,0,0,1,0,0,0,0,0,0,0,1,0,0,0.0,5.337538079701318,0.0,208.0,60.5,0,0,0,0,0,0,1,0,0,0,0,0,0,0,0,1,0,0,0,0,0,0,0,0,0,0,0,0,1,0,0,0,0.023,1.3846153846153846,2006,30
55,1,0,0,1,0,0,0.987,0.003,0,0,0,1,0,0,0,0,0,0,1,0,0,0,1,0,0,0,0,0,0,1,0,0,0,0,0,0,0,1,0,0,0.0,5.337538079701318,0.0,208.0,60.5,0,0,0,0,0,0,0,0,0,1,0,0,0,0,0,1,0,0,0,0,0,0,0,0,0,0,0,0,1,0,0,0,0.023,1.3846153846153846,2006,30
55,1,0,0,1,0,0,0.999,0.004,0,0,0,0,0,0,0,1,0,0,0,1,0,0,1,0,0,0,0,0,0,1,0,0,0,0,0,0,0,1,0,0,0.0,5.337538079701318,0.0,208.0,60.5,0,0,0,0,0,0,1,0,0,0,0,0,0,0,0,1,0,0,0,0,0,0,0,0,0,0,0,0,1,0,0,0,0.023,1.3846153846153846,2006,30
55,1,0,0,1,0,0,0.997,0.003,0,0,0,0,0,0,0,1,0,0,0,1,0,0,1,0,0,0,0,0,0,1,0,0,0,0,0,0,0,1,0,0,0.0,5.337538079701318,0.0,208.0,60.5,0,0,0,0,0,0,0,0,0,1,0,0,0,0,0,1,0,0,0,0,0,0,0,0,0,0,0,0,1,0,0,0,0.023,1.3846153846153846,2006,30
55,1,0,0,1,0,0,1.006,0.004,1,0,0,0,0,0,0,0,0,0,0,0,1,0,1,0,0,0,0,0,0,1,0,0,0,0,0,0,0,1,0,0,0.0,5.337538079701318,0.0,208.0,60.5,0,0,0,0,0,0,1,0,0,0,0,0,0,0,0,1,0,0,0,0,0,0,0,0,0,0,0,0,1,0,0,0,0.023,1.3846153846153846,2006,30
55,1,0,0,1,0,0,1.005,0.004,1,0,0,0,0,0,0,0,0,0,0,0,1,0,1,0,0,0,0,0,0,1,0,0,0,0,0,0,0,1,0,0,0.0,5.337538079701318,0.0,208.0,60.5,0,0,0,0,0,0,0,0,0,1,0,0,0,0,0,1,0,0,0,0,0,0,0,0,0,0,0,0,1,0,0,0,0.023,1.3846153846153846,2006,30
55,1,0,0,1,0,0,1.003,0.001,0,0,0,0,0,0,0,0,1,0,1,0,0,0,1,0,0,0,0,0,0,1,0,0,0,0,0,0,0,1,0,0,0.0,5.337538079701318,0.0,208.0,60.5,0,0,0,0,0,0,1,0,0,0,0,0,0,0,0,1,0,0,0,0,0,0,0,0,0,0,0,0,1,0,0,0,0.023,1.3846153846153846,2006,30
55,1,0,0,1,0,0,1.003,0.001,0,0,0,0,0,0,0,0,1,0,1,0,0,0,1,0,0,0,0,0,0,1,0,0,0,0,0,0,0,1,0,0,0.0,5.337538079701318,0.0,208.0,60.5,0,0,0,0,0,0,0,0,0,1,0,0,0,0,0,1,0,0,0,0,0,0,0,0,0,0,0,0,1,0,0,0,0.023,1.3846153846153846,2006,30
55,1,0,0,1,0,0,1.018,0.005,0,0,0,0,0,1,0,0,0,0,1,0,0,0,1,0,0,0,0,0,0,0,1,0,0,0,0,0,0,1,0,0,1.0986122886681098,5.337538079701318,0.0,208.0,60.5,1,0,0,0,0,0,1,0,0,0,0,0,0,0,0,1,0,0,0,0,0,0,0,0,0,0,0,0,1,0,0,0,0.023,1.3846153846153846,2006,30
55,1,0,0,1,0,0,1.017,0.005,0,0,0,0,0,1,0,0,0,0,1,0,0,0,1,0,0,0,0,0,0,0,1,0,0,0,0,0,0,1,0,0,1.0986122886681098,5.337538079701318,0.0,208.0,60.5,1,0,0,0,0,0,0,0,0,1,0,0,0,0,0,1,0,0,0,0,0,0,0,0,0,0,0,0,1,0,0,0,0.023,1.3846153846153846,2006,30
55,1,0,0,1,0,0,1.003,0.008,0,0,0,1,0,0,0,0,0,0,1,0,0,0,1,0,0,0,0,0,0,0,1,0,0,0,0,0,0,1,0,0,1.0986122886681098,5.337538079701318,0.0,208.0,60.5,1,0,0,0,0,0,1,0,0,0,0,0,0,0,0,1,0,0,0,0,0,0,0,0,0,0,0,0,1,0,0,0,0.023,1.3846153846153846,2006,30
55,1,0,0,1,0,0,0.992,0.004,0,0,0,1,0,0,0,0,0,0,1,0,0,0,1,0,0,0,0,0,0,0,1,0,0,0,0,0,0,1,0,0,1.0986122886681098,5.337538079701318,0.0,208.0,60.5,1,0,0,0,0,0,0,0,0,1,0,0,0,0,0,1,0,0,0,0,0,0,0,0,0,0,0,0,1,0,0,0,0.023,1.3846153846153846,2006,30
55,1,0,0,1,0,0,0.993,0.004,0,0,0,0,0,0,0,1,0,0,0,1,0,0,1,0,0,0,0,0,0,0,1,0,0,0,0,0,0,1,0,0,1.0986122886681098,5.337538079701318,0.0,208.0,60.5,1,0,0,0,0,0,1,0,0,0,0,0,0,0,0,1,0,0,0,0,0,0,0,0,0,0,0,0,1,0,0,0,0.023,1.3846153846153846,2006,30
55,1,0,0,1,0,0,0.99,0.003,0,0,0,0,0,0,0,1,0,0,0,1,0,0,1,0,0,0,0,0,0,0,1,0,0,0,0,0,0,1,0,0,1.0986122886681098,5.337538079701318,0.0,208.0,60.5,1,0,0,0,0,0,0,0,0,1,0,0,0,0,0,1,0,0,0,0,0,0,0,0,0,0,0,0,1,0,0,0,0.023,1.3846153846153846,2006,30
55,1,0,0,1,0,0,1.008,0.005,1,0,0,0,0,0,0,0,0,0,0,0,1,0,1,0,0,0,0,0,0,0,1,0,0,0,0,0,0,1,0,0,1.0986122886681098,5.337538079701318,0.0,208.0,60.5,1,0,0,0,0,0,1,0,0,0,0,0,0,0,0,1,0,0,0,0,0,0,0,0,0,0,0,0,1,0,0,0,0.023,1.3846153846153846,2006,30
55,1,0,0,1,0,0,1.007,0.005,1,0,0,0,0,0,0,0,0,0,0,0,1,0,1,0,0,0,0,0,0,0,1,0,0,0,0,0,0,1,0,0,1.0986122886681098,5.337538079701318,0.0,208.0,60.5,1,0,0,0,0,0,0,0,0,1,0,0,0,0,0,1,0,0,0,0,0,0,0,0,0,0,0,0,1,0,0,0,0.023,1.3846153846153846,2006,30
55,1,0,0,1,0,0,1.003,0.002,0,0,0,0,0,0,0,0,1,0,1,0,0,0,1,0,0,0,0,0,0,0,1,0,0,0,0,0,0,1,0,0,1.0986122886681098,5.337538079701318,0.0,208.0,60.5,1,0,0,0,0,0,1,0,0,0,0,0,0,0,0,1,0,0,0,0,0,0,0,0,0,0,0,0,1,0,0,0,0.023,1.3846153846153846,2006,30
55,1,0,0,1,0,0,1.0,0.005,0,0,0,0,0,0,0,0,1,0,1,0,0,0,1,0,0,0,0,0,0,0,1,0,0,0,0,0,0,1,0,0,1.0986122886681098,5.337538079701318,0.0,208.0,60.5,1,0,0,0,0,0,0,0,0,1,0,0,0,0,0,1,0,0,0,0,0,0,0,0,0,0,0,0,1,0,0,0,0.023,1.3846153846153846,2006,30
55,1,0,0,1,0,0,1.036,0.006,0,0,0,0,0,1,0,0,0,0,1,0,0,0,1,0,0,0,0,0,0,0,1,0,0,0,0,0,0,1,0,0,1.791759469228055,5.337538079701318,0.0,208.0,60.5,1,0,0,0,0,0,1,0,0,0,0,0,0,0,0,1,0,0,0,0,0,0,0,0,0,0,0,0,1,0,0,0,0.023,1.3846153846153846,2006,30
55,1,0,0,1,0,0,1.023,0.008,0,0,0,0,0,1,0,0,0,0,1,0,0,0,1,0,0,0,0,0,0,0,1,0,0,0,0,0,0,1,0,0,1.791759469228055,5.337538079701318,0.0,208.0,60.5,1,0,0,0,0,0,0,0,0,1,0,0,0,0,0,1,0,0,0,0,0,0,0,0,0,0,0,0,1,0,0,0,0.023,1.3846153846153846,2006,30
55,1,0,0,1,0,0,1.012,0.009,0,0,0,1,0,0,0,0,0,0,1,0,0,0,1,0,0,0,0,0,0,0,1,0,0,0,0,0,0,1,0,0,1.791759469228055,5.337538079701318,0.0,208.0,60.5,1,0,0,0,0,0,1,0,0,0,0,0,0,0,0,1,0,0,0,0,0,0,0,0,0,0,0,0,1,0,0,0,0.023,1.3846153846153846,2006,30
55,1,0,0,1,0,0,0.995,0.007,0,0,0,1,0,0,0,0,0,0,1,0,0,0,1,0,0,0,0,0,0,0,1,0,0,0,0,0,0,1,0,0,1.791759469228055,5.337538079701318,0.0,208.0,60.5,1,0,0,0,0,0,0,0,0,1,0,0,0,0,0,1,0,0,0,0,0,0,0,0,0,0,0,0,1,0,0,0,0.023,1.3846153846153846,2006,30
55,1,0,0,1,0,0,0.984,0.005,0,0,0,0,0,0,0,1,0,0,0,1,0,0,1,0,0,0,0,0,0,0,1,0,0,0,0,0,0,1,0,0,1.791759469228055,5.337538079701318,0.0,208.0,60.5,1,0,0,0,0,0,1,0,0,0,0,0,0,0,0,1,0,0,0,0,0,0,0,0,0,0,0,0,1,0,0,0,0.023,1.3846153846153846,2006,30
55,1,0,0,1,0,0,0.98,0.004,0,0,0,0,0,0,0,1,0,0,0,1,0,0,1,0,0,0,0,0,0,0,1,0,0,0,0,0,0,1,0,0,1.791759469228055,5.337538079701318,0.0,208.0,60.5,1,0,0,0,0,0,0,0,0,1,0,0,0,0,0,1,0,0,0,0,0,0,0,0,0,0,0,0,1,0,0,0,0.023,1.3846153846153846,2006,30
55,1,0,0,1,0,0,1.008,0.006,1,0,0,0,0,0,0,0,0,0,0,0,1,0,1,0,0,0,0,0,0,0,1,0,0,0,0,0,0,1,0,0,1.791759469228055,5.337538079701318,0.0,208.0,60.5,1,0,0,0,0,0,1,0,0,0,0,0,0,0,0,1,0,0,0,0,0,0,0,0,0,0,0,0,1,0,0,0,0.023,1.3846153846153846,2006,30
55,1,0,0,1,0,0,1.006,0.008,1,0,0,0,0,0,0,0,0,0,0,0,1,0,1,0,0,0,0,0,0,0,1,0,0,0,0,0,0,1,0,0,1.791759469228055,5.337538079701318,0.0,208.0,60.5,1,0,0,0,0,0,0,0,0,1,0,0,0,0,0,1,0,0,0,0,0,0,0,0,0,0,0,0,1,0,0,0,0.023,1.3846153846153846,2006,30
55,1,0,0,1,0,0,1.008,0.007,0,0,0,0,0,1,0,0,0,0,1,0,0,0,1,0,0,0,0,0,0,0,1,0,0,0,0,0,0,1,0,0,1.791759469228055,5.337538079701318,0.0,208.0,60.5,1,0,0,0,0,0,1,0,0,0,0,0,0,0,0,1,0,0,0,0,0,0,0,0,0,0,0,0,1,0,0,0,0.023,1.3846153846153846,2006,30
55,1,0,0,1,0,0,0.973,0.009,0,0,0,0,0,1,0,0,0,0,1,0,0,0,1,0,0,0,0,0,0,0,1,0,0,0,0,0,0,1,0,0,1.791759469228055,5.337538079701318,0.0,208.0,60.5,1,0,0,0,0,0,0,0,0,1,0,0,0,0,0,1,0,0,0,0,0,0,0,0,0,0,0,0,1,0,0,0,0.023,1.3846153846153846,2006,30
55,1,0,0,1,0,0,1.012,0.011,0,0,0,1,0,0,0,0,0,0,1,0,0,0,1,0,0,0,0,0,0,0,1,0,0,0,0,0,0,1,0,0,1.791759469228055,5.337538079701318,0.0,208.0,60.5,1,0,0,0,0,0,1,0,0,0,0,0,0,0,0,1,0,0,0,0,0,0,0,0,0,0,0,0,1,0,0,0,0.023,1.3846153846153846,2006,30
55,1,0,0,1,0,0,0.986,0.013,0,0,0,1,0,0,0,0,0,0,1,0,0,0,1,0,0,0,0,0,0,0,1,0,0,0,0,0,0,1,0,0,1.791759469228055,5.337538079701318,0.0,208.0,60.5,1,0,0,0,0,0,0,0,0,1,0,0,0,0,0,1,0,0,0,0,0,0,0,0,0,0,0,0,1,0,0,0,0.023,1.3846153846153846,2006,30
55,1,0,0,1,0,0,0.967,0.005,0,0,0,0,0,0,0,1,0,0,0,1,0,0,1,0,0,0,0,0,0,0,1,0,0,0,0,0,0,1,0,0,1.791759469228055,5.337538079701318,0.0,208.0,60.5,1,0,0,0,0,0,1,0,0,0,0,0,0,0,0,1,0,0,0,0,0,0,0,0,0,0,0,0,1,0,0,0,0.023,1.3846153846153846,2006,30
55,1,0,0,1,0,0,0.96,0.007,0,0,0,0,0,0,0,1,0,0,0,1,0,0,1,0,0,0,0,0,0,0,1,0,0,0,0,0,0,1,0,0,1.791759469228055,5.337538079701318,0.0,208.0,60.5,1,0,0,0,0,0,0,0,0,1,0,0,0,0,0,1,0,0,0,0,0,0,0,0,0,0,0,0,1,0,0,0,0.023,1.3846153846153846,2006,30
55,1,0,0,1,0,0,1.005,0.008,1,0,0,0,0,0,0,0,0,0,0,0,1,0,1,0,0,0,0,0,0,0,1,0,0,0,0,0,0,1,0,0,1.791759469228055,5.337538079701318,0.0,208.0,60.5,1,0,0,0,0,0,1,0,0,0,0,0,0,0,0,1,0,0,0,0,0,0,0,0,0,0,0,0,1,0,0,0,0.023,1.3846153846153846,2006,30
55,1,0,0,1,0,0,1.001,0.017,1,0,0,0,0,0,0,0,0,0,0,0,1,0,1,0,0,0,0,0,0,0,1,0,0,0,0,0,0,1,0,0,1.791759469228055,5.337538079701318,0.0,208.0,60.5,1,0,0,0,0,0,0,0,0,1,0,0,0,0,0,1,0,0,0,0,0,0,0,0,0,0,0,0,1,0,0,0,0.023,1.3846153846153846,2006,30
81,0,1,0,0,1,0,-0.594,1.0578,0,0,0,0,0,1,0,0,0,0,1,0,0,0,1,0,0,0,0,0,0,0,1,0,0,0,0,0,0,0,1,0,0.0,4.718498871295094,0.0,112.0,68.5,0,0,0,0,0,0,1,0,0,0,0,0,0,0,0,1,0,0,0,0,0,0,0,0,0,0,0,0,0,1,0,0,0.023,0.2,2009,33
81,0,1,0,0,1,0,0.58,0.34,1,0,0,0,0,0,0,0,0,0,0,0,1,0,1,0,0,0,0,0,0,0,1,0,0,0,0,0,0,0,1,0,0.0,4.718498871295094,0.0,112.0,68.5,0,0,0,0,0,0,1,0,0,0,0,0,0,0,0,1,0,0,0,0,0,0,0,0,0,0,0,0,0,1,0,0,0.023,0.2,2009,33
81,0,1,0,0,1,0,-0.842,0.513,0,0,0,1,0,0,0,0,0,0,1,0,0,0,1,0,0,0,0,0,0,0,1,0,0,0,0,0,0,0,1,0,0.0,4.718498871295094,0.0,112.0,68.5,0,0,0,0,0,0,1,0,0,0,0,0,0,0,0,1,0,0,0,0,0,0,0,0,0,0,0,0,0,1,0,0,0.023,0.2,2009,33
81,0,1,0,0,1,0,-2.072,0.621,0,0,0,0,0,0,0,1,0,0,0,1,0,0,1,0,0,0,0,0,0,0,1,0,0,0,0,0,0,0,1,0,0.0,4.718498871295094,0.0,112.0,68.5,0,0,0,0,0,0,1,0,0,0,0,0,0,0,0,1,0,0,0,0,0,0,0,0,0,0,0,0,0,1,0,0,0.023,0.2,2009,33
81,0,1,0,0,1,0,0.236,1.578,0,0,0,0,0,0,0,0,1,0,1,0,0,0,1,0,0,0,0,0,0,0,1,0,0,0,0,0,0,0,1,0,0.0,4.718498871295094,0.0,112.0,68.5,0,0,0,0,0,0,1,0,0,0,0,0,0,0,0,1,0,0,0,0,0,0,0,0,0,0,0,0,0,1,0,0,0.023,0.2,2009,33
81,0,1,0,0,1,0,-0.857,0.458,0,0,0,0,0,1,0,0,0,0,1,0,0,0,1,0,0,0,0,0,0,0,1,0,0,0,0,0,0,0,1,0,0.0,4.718498871295094,0.0,112.0,68.5,0,0,0,0,0,0,0,0,0,0,0,0,0,0,1,1,0,0,0,0,0,0,0,0,0,0,0,0,0,1,0,0,0.023,0.2,2009,33
81,0,1,0,0,1,0,0.514,0.268,1,0,0,0,0,0,0,0,0,0,0,0,1,0,1,0,0,0,0,0,0,0,1,0,0,0,0,0,0,0,1,0,0.0,4.718498871295094,0.0,112.0,68.5,0,0,0,0,0,0,0,0,0,0,0,0,0,0,1,1,0,0,0,0,0,0,0,0,0,0,0,0,0,1,0,0,0.023,0.2,2009,33
81,0,1,0,0,1,0,-0.676,0.535,0,0,0,1,0,0,0,0,0,0,1,0,0,0,1,0,0,0,0,0,0,0,1,0,0,0,0,0,0,0,1,0,0.0,4.718498871295094,0.0,112.0,68.5,0,0,0,0,0,0,0,0,0,0,0,0,0,0,1,1,0,0,0,0,0,0,0,0,0,0,0,0,0,1,0,0,0.023,0.2,2009,33
81,0,1,0,0,1,0,-0.937,0.66,0,0,0,0,0,0,0,1,0,0,0,1,0,0,1,0,0,0,0,0,0,0,1,0,0,0,0,0,0,0,1,0,0.0,4.718498871295094,0.0,112.0,68.5,0,0,0,0,0,0,0,0,0,0,0,0,0,0,1,1,0,0,0,0,0,0,0,0,0,0,0,0,0,1,0,0,0.023,0.2,2009,33
81,0,1,0,0,1,0,0.457,0.162,0,0,0,0,0,0,0,0,1,0,1,0,0,0,1,0,0,0,0,0,0,0,1,0,0,0,0,0,0,0,1,0,0.0,4.718498871295094,0.0,112.0,68.5,0,0,0,0,0,0,0,0,0,0,0,0,0,0,1,1,0,0,0,0,0,0,0,0,0,0,0,0,0,1,0,0,0.023,0.2,2009,33
113,0,1,0,0,1,0,-0.28,22.34018280570523,1,0,0,0,0,0,0,0,0,0,1,0,0,0,0,0,0,0,0,1,0,1,0,0,0,0,0,0,1,0,0,0,1.3862943611198906,7.090076835776092,0.0,1200.0,65.0,1,0,0,0,0,0,0,0,0,0,0,0,0,0,1,1,0,0,0,0,0,0,0,0,0,0,0,0,1,0,0,0,0.023,0.8333333333333334,2007,31
113,0,1,0,0,1,0,0.08,6.382909373058637,1,0,0,0,0,0,0,0,0,0,1,0,0,0,0,0,0,0,0,1,0,1,0,0,0,0,0,0,1,0,0,0,1.3862943611198906,7.090076835776092,0.0,1200.0,65.0,1,0,0,0,0,0,0,0,0,0,0,0,0,0,1,1,0,0,0,0,0,0,0,0,0,0,0,0,1,0,0,0,0.023,0.8333333333333334,2007,31
113,0,1,0,0,1,0,0.04,3.1914546865293185,1,0,0,0,0,0,0,0,0,0,1,0,0,0,0,0,0,0,0,1,0,1,0,0,0,0,0,0,1,0,0,0,1.3862943611198906,7.090076835776092,0.0,1200.0,65.0,1,0,0,0,0,0,0,0,0,0,0,0,0,0,1,1,0,0,0,0,0,0,0,0,0,0,0,0,1,0,0,0,0.023,0.8333333333333334,2007,31
113,0,1,0,0,1,0,0.48,0.1458733021088002,0,0,0,0,1,0,0,0,0,0,1,0,0,0,0,0,0,0,0,1,0,1,0,0,0,0,0,0,1,0,0,0,1.3862943611198906,7.090076835776092,0.0,1200.0,65.0,1,0,0,0,0,0,0,0,0,0,0,0,0,0,1,1,0,0,0,0,0,0,0,0,0,0,0,0,1,0,0,0,0.023,0.8333333333333334,2007,31
113,0,1,0,0,1,0,-0.62,0.1884196818905336,1,0,0,0,0,0,0,0,0,0,1,0,0,0,0,0,0,0,0,1,0,1,0,0,0,0,0,0,1,0,0,0,1.3862943611198906,7.090076835776092,0.0,1200.0,65.0,1,0,0,0,0,0,0,0,0,0,0,0,0,0,1,1,0,0,0,0,0,0,0,0,0,0,0,0,1,0,0,0,0.023,0.8333333333333334,2007,31
113,0,1,0,0,1,0,0.28,22.34018280570523,0,0,0,0,0,0,1,0,0,0,1,0,0,0,0,0,0,0,0,1,0,1,0,0,0,0,0,0,1,0,0,0,1.3862943611198906,7.090076835776092,0.0,1200.0,65.0,1,0,0,0,0,0,0,0,0,0,0,0,0,0,1,1,0,0,0,0,0,0,0,0,0,0,0,0,1,0,0,0,0.023,0.8333333333333334,2007,31
113,0,1,0,0,1,0,0.55,0.2806174013085597,1,0,0,0,0,0,0,0,0,0,1,0,0,0,0,0,0,0,0,1,0,1,0,0,0,0,0,0,1,0,0,0,1.3862943611198906,7.090076835776092,0.0,1200.0,65.0,1,0,0,0,0,0,0,0,0,0,0,0,0,0,1,1,0,0,0,0,0,0,0,0,0,0,0,0,1,0,0,0,0.023,0.8333333333333334,2007,31
113,0,1,0,0,1,0,-0.08,6.382909373058637,1,0,0,0,0,0,0,0,0,0,1,0,0,0,0,0,0,0,0,1,0,1,0,0,0,0,0,0,1,0,0,0,1.3862943611198906,6.937314081223682,0.0,1030.0,65.0,1,0,0,0,0,0,0,0,0,0,0,0,0,0,1,1,0,0,0,0,0,0,0,0,0,0,0,0,1,0,0,0,0.023,0.8333333333333334,2007,31
113,0,1,0,0,1,0,-0.23,18.350864447543582,1,0,0,0,0,0,0,0,0,0,1,0,0,0,0,0,0,0,0,1,0,1,0,0,0,0,0,0,1,0,0,0,1.3862943611198906,7.090076835776092,0.0,1200.0,65.0,1,0,0,0,0,0,1,0,0,0,0,0,0,0,0,1,0,0,0,0,0,0,0,0,0,0,0,0,1,0,0,0,0.023,0.8333333333333334,2007,31
113,0,1,0,0,1,0,0.49,0.19022999673343757,1,0,0,0,0,0,0,0,0,0,1,0,0,0,0,0,0,0,0,1,0,1,0,0,0,0,0,0,1,0,0,0,1.3862943611198906,7.090076835776092,0.0,1200.0,65.0,1,0,0,0,0,0,1,0,0,0,0,0,0,0,0,1,0,0,0,0,0,0,0,0,0,0,0,0,1,0,0,0,0.023,0.8333333333333334,2007,31
113,0,1,0,0,1,0,0.37,29.520955850396195,1,0,0,0,0,0,0,0,0,0,1,0,0,0,0,0,0,0,0,1,0,1,0,0,0,0,0,0,1,0,0,0,1.3862943611198906,7.090076835776092,0.0,1200.0,65.0,1,0,0,0,0,0,1,0,0,0,0,0,0,0,0,1,0,0,0,0,0,0,0,0,0,0,0,0,1,0,0,0,0.023,0.8333333333333334,2007,31
113,0,1,0,0,1,0,1.11,0.4309291762737055,0,0,0,0,1,0,0,0,0,0,1,0,0,0,0,0,0,0,0,1,0,1,0,0,0,0,0,0,1,0,0,0,1.3862943611198906,7.090076835776092,0.0,1200.0,65.0,1,0,0,0,0,0,1,0,0,0,0,0,0,0,0,1,0,0,0,0,0,0,0,0,0,0,0,0,1,0,0,0,0.023,0.8333333333333334,2007,31
113,0,1,0,0,1,0,-0.58,0.29592380501629933,1,0,0,0,0,0,0,0,0,0,1,0,0,0,0,0,0,0,0,1,0,1,0,0,0,0,0,0,1,0,0,0,1.3862943611198906,7.090076835776092,0.0,1200.0,65.0,1,0,0,0,0,0,1,0,0,0,0,0,0,0,0,1,0,0,0,0,0,0,0,0,0,0,0,0,1,0,0,0,0.023,0.8333333333333334,2007,31
113,0,1,0,0,1,0,0.32,25.531637492234548,0,0,0,0,0,0,1,0,0,0,1,0,0,0,0,0,0,0,0,1,0,1,0,0,0,0,0,0,1,0,0,0,1.3862943611198906,7.090076835776092,0.0,1200.0,65.0,1,0,0,0,0,0,1,0,0,0,0,0,0,0,0,1,0,0,0,0,0,0,0,0,0,0,0,0,1,0,0,0,0.023,0.8333333333333334,2007,31
113,0,1,0,0,1,0,1.03,0.5255198606323936,1,0,0,0,0,0,0,0,0,0,1,0,0,0,0,0,0,0,0,1,0,1,0,0,0,0,0,0,1,0,0,0,1.3862943611198906,7.090076835776092,0.0,1200.0,65.0,1,0,0,0,0,0,1,0,0,0,0,0,0,0,0,1,0,0,0,0,0,0,0,0,0,0,0,0,1,0,0,0,0.023,0.8333333333333334,2007,31
113,0,1,0,0,1,0,0.28,22.34018280570523,1,0,0,0,0,0,0,0,0,0,1,0,0,0,0,0,0,0,0,1,0,1,0,0,0,0,0,0,1,0,0,0,1.3862943611198906,6.937314081223682,0.0,1030.0,65.0,1,0,0,0,0,0,1,0,0,0,0,0,0,0,0,1,0,0,0,0,0,0,0,0,0,0,0,0,1,0,0,0,0.023,0.8333333333333334,2007,31
113,0,1,0,0,1,0,0.51,0.19799448639602685,1,0,0,0,0,0,0,0,0,0,1,0,0,0,0,0,0,0,0,1,0,1,0,0,0,0,0,0,0,1,0,0,0.0,5.703782474656201,0.0,300.0,65.0,0,0,0,0,0,0,0,0,0,1,0,0,0,0,0,1,0,0,0,0,0,0,0,0,0,0,0,0,1,0,0,0,0.023,0.8333333333333334,2007,31
113,0,1,0,0,1,0,0.63,0.19145870901780027,1,0,0,0,0,0,0,0,0,0,1,0,0,0,0,0,0,0,0,1,0,1,0,0,0,0,0,0,0,1,0,0,0.0,5.703782474656201,0.0,300.0,65.0,0,0,0,0,0,0,0,0,0,1,0,0,0,0,0,1,0,0,0,0,0,0,0,0,0,0,0,0,1,0,0,0,0.023,0.8333333333333334,2007,31
113,0,1,0,0,1,0,0.18,14.361546089381932,1,0,0,0,0,0,0,0,0,0,1,0,0,0,0,0,0,0,0,1,0,1,0,0,0,0,0,0,0,1,0,0,0.0,5.703782474656201,0.0,300.0,65.0,0,0,0,0,0,0,0,0,0,1,0,0,0,0,0,1,0,0,0,0,0,0,0,0,0,0,0,0,1,0,0,0,0.023,0.8333333333333334,2007,31
113,0,1,0,0,1,0,0.82,0.249200224435867,0,0,0,0,1,0,0,0,0,0,1,0,0,0,0,0,0,0,0,1,0,1,0,0,0,0,0,0,0,1,0,0,0.0,5.703782474656201,0.0,300.0,65.5,0,0,0,0,0,0,0,0,0,1,0,0,0,0,0,1,0,0,0,0,0,0,0,0,0,0,0,0,1,0,0,0,0.023,0.8333333333333334,2007,31
113,0,1,0,0,1,0,-0.51,0.19799448639602685,1,0,0,0,0,0,0,0,0,0,1,0,0,0,0,0,0,0,0,1,0,1,0,0,0,0,0,0,0,1,0,0,0.0,5.703782474656201,0.0,300.0,65.5,0,0,0,0,0,0,0,0,0,1,0,0,0,0,0,1,0,0,0,0,0,0,0,0,0,0,0,0,1,0,0,0,0.023,0.8333333333333334,2007,31
113,0,1,0,0,1,0,-1.1,0.5612348026171194,0,0,0,0,0,0,1,0,0,0,1,0,0,0,0,0,0,0,0,1,0,1,0,0,0,0,0,0,0,1,0,0,0.0,5.703782474656201,0.0,300.0,66.0,0,0,0,0,0,0,0,0,0,1,0,0,0,0,0,1,0,0,0,0,0,0,0,0,0,0,0,0,1,0,0,0,0.023,0.8333333333333334,2007,31
113,0,1,0,0,1,0,0.43,34.30813788019017,1,0,0,0,0,0,0,0,0,0,1,0,0,0,0,0,0,0,0,1,0,1,0,0,0,0,0,0,0,1,0,0,0.0,5.703782474656201,0.0,300.0,66.0,0,0,0,0,0,0,0,0,0,1,0,0,0,0,0,1,0,0,0,0,0,0,0,0,0,0,0,0,1,0,0,0,0.023,0.8333333333333334,2007,31
113,0,1,0,0,1,0,-0.6,0.3061280741547924,1,0,0,0,0,0,0,0,0,0,1,0,0,0,0,0,0,0,0,1,0,1,0,0,0,0,0,0,0,1,0,0,0.0,5.541263545158426,0.0,255.0,66.5,0,0,0,0,0,0,0,0,0,1,0,0,0,0,0,1,0,0,0,0,0,0,0,0,0,0,0,0,1,0,0,0,0.023,0.8333333333333334,2007,31
113,0,1,0,0,1,0,0.11,0.05612348026171194,1,0,0,0,0,0,0,0,0,0,1,0,0,0,0,0,0,0,0,1,0,1,0,0,0,0,0,0,1,0,0,0,1.3862943611198906,7.090076835776092,0.0,1200.0,65.0,1,0,0,0,0,0,1,0,0,0,0,0,0,0,0,1,0,0,0,0,0,0,0,0,0,0,0,0,1,0,0,0,0.023,0.8333333333333334,2007,31
113,0,1,0,0,1,0,0.25,0.07597567818166677,1,0,0,0,0,0,0,0,0,0,1,0,0,0,0,0,0,0,0,1,0,1,0,0,0,0,0,0,1,0,0,0,1.3862943611198906,7.090076835776092,0.0,1200.0,65.0,1,0,0,0,0,0,1,0,0,0,0,0,0,0,0,1,0,0,0,0,0,0,0,0,0,0,0,0,1,0,0,0,0.023,0.8333333333333334,2007,31
113,0,1,0,0,1,0,0.15,0.04558540690900006,1,0,0,0,0,0,0,0,0,0,1,0,0,0,0,0,0,0,0,1,0,1,0,0,0,0,0,0,1,0,0,0,1.3862943611198906,7.090076835776092,0.0,1200.0,65.0,1,0,0,0,0,0,1,0,0,0,0,0,0,0,0,1,0,0,0,0,0,0,0,0,0,0,0,0,1,0,0,0,0.023,0.8333333333333334,2007,31
113,0,1,0,0,1,0,0.78,0.23704411592680033,0,0,0,0,1,0,0,0,0,0,1,0,0,0,0,0,0,0,0,1,0,1,0,0,0,0,0,0,1,0,0,0,1.3862943611198906,7.090076835776092,0.0,1200.0,65.0,1,0,0,0,0,0,1,0,0,0,0,0,0,0,0,1,0,0,0,0,0,0,0,0,0,0,0,0,1,0,0,0,0.023,0.8333333333333334,2007,31
113,0,1,0,0,1,0,-0.66,0.20057579039960027,1,0,0,0,0,0,0,0,0,0,1,0,0,0,0,0,0,0,0,1,0,1,0,0,0,0,0,0,1,0,0,0,1.3862943611198906,7.090076835776092,0.0,1200.0,65.0,1,0,0,0,0,0,1,0,0,0,0,0,0,0,0,1,0,0,0,0,0,0,0,0,0,0,0,0,1,0,0,0,0.023,0.8333333333333334,2007,31
113,0,1,0,0,1,0,0.16,0.048624434036266734,0,0,0,0,0,0,1,0,0,0,1,0,0,0,0,0,0,0,0,1,0,1,0,0,0,0,0,0,1,0,0,0,1.3862943611198906,7.090076835776092,0.0,1200.0,65.0,1,0,0,0,0,0,1,0,0,0,0,0,0,0,0,1,0,0,0,0,0,0,0,0,0,0,0,0,1,0,0,0,0.023,0.8333333333333334,2007,31
113,0,1,0,0,1,0,0.91,0.4642942458014352,1,0,0,0,0,0,0,0,0,0,1,0,0,0,0,0,0,0,0,1,0,1,0,0,0,0,0,0,1,0,0,0,1.3862943611198906,7.090076835776092,0.0,1200.0,65.0,1,0,0,0,0,0,1,0,0,0,0,0,0,0,0,1,0,0,0,0,0,0,0,0,0,0,0,0,1,0,0,0,0.023,0.8333333333333334,2007,31
113,0,1,0,0,1,0,0.15,0.0765320185386981,1,0,0,0,0,0,0,0,0,0,1,0,0,0,0,0,0,0,0,1,0,1,0,0,0,0,0,0,1,0,0,0,1.3862943611198906,6.937314081223682,0.0,1030.0,66.5,1,0,0,0,0,0,1,0,0,0,0,0,0,0,0,1,0,0,0,0,0,0,0,0,0,0,0,0,1,0,0,0,0.023,0.8333333333333334,2007,31
113,0,1,0,0,1,0,-0.11,8.776500387955625,1,0,0,0,0,0,0,0,0,0,1,0,0,0,0,0,0,0,0,1,0,1,0,0,0,0,0,0,1,0,0,0,1.3862943611198906,7.090076835776092,0.0,1200.0,65.0,1,0,0,0,1,0,1,0,0,0,0,0,0,0,0,1,0,0,0,0,0,0,0,0,0,0,0,0,1,0,0,0,0.023,0.8333333333333334,2007,31
113,0,1,0,0,1,0,0.08,6.382909373058637,1,0,0,0,0,0,0,0,0,0,1,0,0,0,0,0,0,0,0,1,0,1,0,0,0,0,0,0,1,0,0,0,1.3862943611198906,7.090076835776092,0.0,1200.0,65.0,1,0,0,0,1,0,1,0,0,0,0,0,0,0,0,1,0,0,0,0,0,0,0,0,0,0,0,0,1,0,0,0,0.023,0.8333333333333334,2007,31
113,0,1,0,0,1,0,-0.61,0.18538065476326693,1,0,0,0,0,0,0,0,0,0,1,0,0,0,0,0,0,0,0,1,0,1,0,0,0,0,0,0,1,0,0,0,1.3862943611198906,7.090076835776092,0.0,1200.0,65.0,1,0,0,0,1,0,1,0,0,0,0,0,0,0,0,1,0,0,0,0,0,0,0,0,0,0,0,0,1,0,0,0,0.023,0.8333333333333334,2007,31
113,0,1,0,0,1,0,-0.26,20.74445546244057,0,0,0,0,1,0,0,0,0,0,1,0,0,0,0,0,0,0,0,1,0,1,0,0,0,0,0,0,1,0,0,0,1.3862943611198906,7.090076835776092,0.0,1200.0,65.0,1,0,0,0,1,0,1,0,0,0,0,0,0,0,0,1,0,0,0,0,0,0,0,0,0,0,0,0,1,0,0,0,0.023,0.8333333333333334,2007,31
113,0,1,0,0,1,0,-0.74,0.22488800741773365,1,0,0,0,0,0,0,0,0,0,1,0,0,0,0,0,0,0,0,1,0,1,0,0,0,0,0,0,1,0,0,0,1.3862943611198906,7.090076835776092,0.0,1200.0,65.0,1,0,0,0,1,0,1,0,0,0,0,0,0,0,0,1,0,0,0,0,0,0,0,0,0,0,0,0,1,0,0,0,0.023,0.8333333333333334,2007,31
113,0,1,0,0,1,0,0.08,6.382909373058637,0,0,0,0,0,0,1,0,0,0,1,0,0,0,0,0,0,0,0,1,0,1,0,0,0,0,0,0,1,0,0,0,1.3862943611198906,7.090076835776092,0.0,1200.0,65.0,1,0,0,0,1,0,1,0,0,0,0,0,0,0,0,1,0,0,0,0,0,0,0,0,0,0,0,0,1,0,0,0,0.023,0.8333333333333334,2007,31
113,0,1,0,0,1,0,-0.37,29.520955850396195,1,0,0,0,0,0,0,0,0,0,1,0,0,0,0,0,0,0,0,1,0,1,0,0,0,0,0,0,1,0,0,0,1.3862943611198906,7.090076835776092,0.0,1200.0,65.0,1,0,0,0,1,0,1,0,0,0,0,0,0,0,0,1,0,0,0,0,0,0,0,0,0,0,0,0,1,0,0,0,0.023,0.8333333333333334,2007,31
113,0,1,0,0,1,0,0.04,3.1914546865293185,1,0,0,0,0,0,0,0,0,0,1,0,0,0,0,0,0,0,0,1,0,1,0,0,0,0,0,0,1,0,0,0,1.3862943611198906,6.937314081223682,0.0,1030.0,66.5,1,0,0,0,1,0,1,0,0,0,0,0,0,0,0,1,0,0,0,0,0,0,0,0,0,0,0,0,1,0,0,0,0.023,0.8333333333333334,2007,31
113,0,1,0,0,1,0,-0.07,5.585045701426307,1,0,0,0,0,0,0,0,0,0,1,0,0,0,0,0,0,0,0,1,0,1,0,0,0,0,0,0,1,0,0,0,1.3862943611198906,6.818924065275521,0.0,915.0,62.5,1,0,0,0,1,0,1,0,0,0,0,0,0,0,0,1,0,0,0,0,0,0,0,0,0,0,0,0,1,0,0,0,0.023,0.8333333333333334,2007,31
113,0,1,0,0,1,0,-0.02,1.5957273432646593,1,0,0,0,0,0,0,0,0,0,1,0,0,0,0,0,0,0,0,1,0,1,0,0,0,0,0,0,1,0,0,0,1.3862943611198906,6.818924065275521,0.0,915.0,62.5,1,0,0,0,1,0,1,0,0,0,0,0,0,0,0,1,0,0,0,0,0,0,0,0,0,0,0,0,1,0,0,0,0.023,0.8333333333333334,2007,31
113,0,1,0,0,1,0,-0.84,67.02054841711568,1,0,0,0,0,0,0,0,0,0,1,0,0,0,0,0,0,0,0,1,0,1,0,0,0,0,0,0,1,0,0,0,1.3862943611198906,6.818924065275521,0.0,915.0,62.5,1,0,0,0,1,0,1,0,0,0,0,0,0,0,0,1,0,0,0,0,0,0,0,0,0,0,0,0,1,0,0,0,0.023,0.8333333333333334,2007,31
113,0,1,0,0,1,0,-0.89,71.00986677527733,0,0,0,0,1,0,0,0,0,0,1,0,0,0,0,0,0,0,0,1,0,1,0,0,0,0,0,0,1,0,0,0,1.3862943611198906,6.818924065275521,0.0,915.0,62.5,1,0,0,0,1,0,1,0,0,0,0,0,0,0,0,1,0,0,0,0,0,0,0,0,0,0,0,0,1,0,0,0,0.023,0.8333333333333334,2007,31
113,0,1,0,0,1,0,-0.92,0.2795904957085337,1,0,0,0,0,0,0,0,0,0,1,0,0,0,0,0,0,0,0,1,0,1,0,0,0,0,0,0,1,0,0,0,1.3862943611198906,6.818924065275521,0.0,915.0,62.5,1,0,0,0,1,0,1,0,0,0,0,0,0,0,0,1,0,0,0,0,0,0,0,0,0,0,0,0,1,0,0,0,0.023,0.8333333333333334,2007,31
113,0,1,0,0,1,0,1.26,100.53082262567352,0,0,0,0,0,0,1,0,0,0,1,0,0,0,0,0,0,0,0,1,0,1,0,0,0,0,0,0,1,0,0,0,1.3862943611198906,6.818924065275521,0.0,915.0,62.5,1,0,0,0,1,0,1,0,0,0,0,0,0,0,0,1,0,0,0,0,0,0,0,0,0,0,0,0,1,0,0,0,0.023,0.8333333333333334,2007,31
113,0,1,0,0,1,0,-0.54,43.0846382681458,1,0,0,0,0,0,0,0,0,0,1,0,0,0,0,0,0,0,0,1,0,1,0,0,0,0,0,0,1,0,0,0,1.3862943611198906,6.818924065275521,0.0,915.0,62.5,1,0,0,0,1,0,1,0,0,0,0,0,0,0,0,1,0,0,0,0,0,0,0,0,0,0,0,0,1,0,0,0,0.023,0.8333333333333334,2007,31
113,0,1,0,0,1,0,-0.06,4.7871820297939776,1,0,0,0,0,0,0,0,0,0,1,0,0,0,0,0,0,0,0,1,0,1,0,0,0,0,0,0,1,0,0,0,1.3862943611198906,6.61338421837956,0.0,745.0,64.0,1,0,0,0,1,0,1,0,0,0,0,0,0,0,0,1,0,0,0,0,0,0,0,0,0,0,0,0,1,0,0,0,0.023,0.8333333333333334,2007,31
113,0,1,0,0,1,0,-0.48,38.29745623835182,1,0,0,0,0,0,0,0,0,0,1,0,0,0,0,0,0,0,0,1,0,1,0,0,0,0,0,0,1,0,0,0,1.3862943611198906,5.616771097666572,0.0,275.0,73.5,1,0,0,0,1,0,1,0,0,0,0,0,0,0,0,1,0,0,0,0,0,0,0,0,0,0,0,0,1,0,0,0,0.023,0.8333333333333334,2007,31
113,0,1,0,0,1,0,-2.73,217.81678235562597,1,0,0,0,0,0,0,0,0,0,1,0,0,0,0,0,0,0,0,1,0,1,0,0,0,0,0,0,1,0,0,0,1.3862943611198906,5.616771097666572,0.0,275.0,73.5,1,0,0,0,1,0,1,0,0,0,0,0,0,0,0,1,0,0,0,0,0,0,0,0,0,0,0,0,1,0,0,0,0.023,0.8333333333333334,2007,31
113,0,1,0,0,1,0,-4.36,347.86856083169573,1,0,0,0,0,0,0,0,0,0,1,0,0,0,0,0,0,0,0,1,0,1,0,0,0,0,0,0,1,0,0,0,1.3862943611198906,5.616771097666572,0.0,275.0,73.5,1,0,0,0,1,0,1,0,0,0,0,0,0,0,0,1,0,0,0,0,0,0,0,0,0,0,0,0,1,0,0,0,0.023,0.8333333333333334,2007,31
113,0,1,0,0,1,0,4.24,338.29419677210774,0,0,0,0,1,0,0,0,0,0,1,0,0,0,0,0,0,0,0,1,0,1,0,0,0,0,0,0,1,0,0,0,1.3862943611198906,5.616771097666572,0.0,275.0,73.5,1,0,0,0,1,0,1,0,0,0,0,0,0,0,0,1,0,0,0,0,0,0,0,0,0,0,0,0,1,0,0,0,0.023,0.8333333333333334,2007,31
113,0,1,0,0,1,0,0.67,53.45686599936608,1,0,0,0,0,0,0,0,0,0,1,0,0,0,0,0,0,0,0,1,0,1,0,0,0,0,0,0,1,0,0,0,1.3862943611198906,5.616771097666572,0.0,275.0,73.5,1,0,0,0,1,0,1,0,0,0,0,0,0,0,0,1,0,0,0,0,0,0,0,0,0,0,0,0,1,0,0,0,0.023,0.8333333333333334,2007,31
113,0,1,0,0,1,0,12.88,1027.6484090624406,0,0,0,0,0,0,1,0,0,0,1,0,0,0,0,0,0,0,0,1,0,1,0,0,0,0,0,0,1,0,0,0,1.3862943611198906,5.616771097666572,0.0,275.0,73.5,1,0,0,0,1,0,1,0,0,0,0,0,0,0,0,1,0,0,0,0,0,0,0,0,0,0,0,0,1,0,0,0,0.023,0.8333333333333334,2007,31
113,0,1,0,0,1,0,12.0,957.4364059587955,1,0,0,0,0,0,0,0,0,0,1,0,0,0,0,0,0,0,0,1,0,1,0,0,0,0,0,0,1,0,0,0,1.3862943611198906,5.616771097666572,0.0,275.0,73.5,1,0,0,0,1,0,1,0,0,0,0,0,0,0,0,1,0,0,0,0,0,0,0,0,0,0,0,0,1,0,0,0,0.023,0.8333333333333334,2007,31
113,0,1,0,0,1,0,4.37,348.666424503328,1,0,0,0,0,0,0,0,0,0,1,0,0,0,0,0,0,0,0,1,0,1,0,0,0,0,0,0,1,0,0,0,1.3862943611198906,5.616771097666572,0.0,275.0,73.5,1,0,0,0,1,0,1,0,0,0,0,0,0,0,0,1,0,0,0,0,0,0,0,0,0,0,0,0,1,0,0,0,0.023,0.8333333333333334,2007,31
113,0,1,0,0,1,0,0.25,19.946591790808238,1,0,0,0,0,0,0,0,0,0,1,0,0,0,0,0,0,0,0,1,0,1,0,0,0,0,0,0,1,0,0,0,1.3862943611198906,7.090076835776092,0.0,1200.0,65.0,1,0,0,0,1,0,1,0,0,0,0,0,0,0,0,1,0,0,0,0,0,0,0,0,0,0,0,0,1,0,0,0,0.023,0.8333333333333334,2007,31
113,0,1,0,0,1,0,-0.15,11.967955074484943,1,0,0,0,0,0,0,0,0,0,1,0,0,0,0,0,0,0,0,1,0,1,0,0,0,0,0,0,1,0,0,0,1.3862943611198906,7.090076835776092,0.0,1200.0,65.0,1,0,0,0,1,0,1,0,0,0,0,0,0,0,0,1,0,0,0,0,0,0,0,0,0,0,0,0,1,0,0,0,0.023,0.8333333333333334,2007,31
113,0,1,0,0,1,0,-0.49,39.09531990998415,1,0,0,0,0,0,0,0,0,0,1,0,0,0,0,0,0,0,0,1,0,1,0,0,0,0,0,0,1,0,0,0,1.3862943611198906,7.090076835776092,0.0,1200.0,65.0,1,0,0,0,1,0,1,0,0,0,0,0,0,0,0,1,0,0,0,0,0,0,0,0,0,0,0,0,1,0,0,0,0.023,0.8333333333333334,2007,31
113,0,1,0,0,1,0,-0.64,51.063274984469096,0,0,0,0,1,0,0,0,0,0,1,0,0,0,0,0,0,0,0,1,0,1,0,0,0,0,0,0,1,0,0,0,1.3862943611198906,7.090076835776092,0.0,1200.0,65.0,1,0,0,0,1,0,1,0,0,0,0,0,0,0,0,1,0,0,0,0,0,0,0,0,0,0,0,0,1,0,0,0,0.023,0.8333333333333334,2007,31
113,0,1,0,0,1,0,-1.27,0.3859564451628672,1,0,0,0,0,0,0,0,0,0,1,0,0,0,0,0,0,0,0,1,0,1,0,0,0,0,0,0,1,0,0,0,1.3862943611198906,7.090076835776092,0.0,1200.0,65.0,1,0,0,0,1,0,1,0,0,0,0,0,0,0,0,1,0,0,0,0,0,0,0,0,0,0,0,0,1,0,0,0,0.023,0.8333333333333334,2007,31
113,0,1,0,0,1,0,-1.2,0.4658693797553573,0,0,0,0,0,0,1,0,0,0,1,0,0,0,0,0,0,0,0,1,0,1,0,0,0,0,0,0,1,0,0,0,1.3862943611198906,7.090076835776092,0.0,1200.0,65.0,1,0,0,0,1,0,1,0,0,0,0,0,0,0,0,1,0,0,0,0,0,0,0,0,0,0,0,0,1,0,0,0,0.023,0.8333333333333334,2007,31
113,0,1,0,0,1,0,0.36,0.18367684449287544,1,0,0,0,0,0,0,0,0,0,1,0,0,0,0,0,0,0,0,1,0,1,0,0,0,0,0,0,1,0,0,0,1.3862943611198906,7.090076835776092,0.0,1200.0,65.0,1,0,0,0,1,0,1,0,0,0,0,0,0,0,0,1,0,0,0,0,0,0,0,0,0,0,0,0,1,0,0,0,0.023,0.8333333333333334,2007,31
113,0,1,0,0,1,0,0.05,3.989318358161648,1,0,0,0,0,0,0,0,0,0,1,0,0,0,0,0,0,0,0,1,0,1,0,0,0,0,0,0,1,0,0,0,1.3862943611198906,6.937314081223682,0.0,1030.0,66.5,1,0,0,0,1,0,1,0,0,0,0,0,0,0,0,1,0,0,0,0,0,0,0,0,0,0,0,0,1,0,0,0,0.023,0.8333333333333334,2007,31
113,0,1,0,0,1,0,0.26,20.74445546244057,1,0,0,0,0,0,0,0,0,0,1,0,0,0,0,0,0,0,0,1,0,1,0,0,0,0,0,0,1,0,0,0,1.3862943611198906,6.818924065275521,0.0,915.0,62.5,1,0,0,0,1,0,1,0,0,0,0,0,0,0,0,1,0,0,0,0,0,0,0,0,0,0,0,0,1,0,0,0,0.023,0.8333333333333334,2007,31
113,0,1,0,0,1,0,-0.03,2.3935910148969888,1,0,0,0,0,0,0,0,0,0,1,0,0,0,0,0,0,0,0,1,0,1,0,0,0,0,0,0,1,0,0,0,1.3862943611198906,6.818924065275521,0.0,915.0,62.5,1,0,0,0,1,0,1,0,0,0,0,0,0,0,0,1,0,0,0,0,0,0,0,0,0,0,0,0,1,0,0,0,0.023,0.8333333333333334,2007,31
113,0,1,0,0,1,0,-0.38,30.318819522028523,1,0,0,0,0,0,0,0,0,0,1,0,0,0,0,0,0,0,0,1,0,1,0,0,0,0,0,0,1,0,0,0,1.3862943611198906,6.818924065275521,0.0,915.0,62.5,1,0,0,0,1,0,1,0,0,0,0,0,0,0,0,1,0,0,0,0,0,0,0,0,0,0,0,0,1,0,0,0,0.023,0.8333333333333334,2007,31
113,0,1,0,0,1,0,-0.57,45.47822928304278,0,0,0,0,1,0,0,0,0,0,1,0,0,0,0,0,0,0,0,1,0,1,0,0,0,0,0,0,1,0,0,0,1.3862943611198906,6.818924065275521,0.0,915.0,62.5,1,0,0,0,1,0,1,0,0,0,0,0,0,0,0,1,0,0,0,0,0,0,0,0,0,0,0,0,1,0,0,0,0.023,0.8333333333333334,2007,31
113,0,1,0,0,1,0,-1.27,0.3859564451628672,1,0,0,0,0,0,0,0,0,0,1,0,0,0,0,0,0,0,0,1,0,1,0,0,0,0,0,0,1,0,0,0,1.3862943611198906,6.818924065275521,0.0,915.0,62.5,1,0,0,0,1,0,1,0,0,0,0,0,0,0,0,1,0,0,0,0,0,0,0,0,0,0,0,0,1,0,0,0,0.023,0.8333333333333334,2007,31
113,0,1,0,0,1,0,-1.18,94.14791325261488,0,0,0,0,0,0,1,0,0,0,1,0,0,0,0,0,0,0,0,1,0,1,0,0,0,0,0,0,1,0,0,0,1.3862943611198906,6.818924065275521,0.0,915.0,62.5,1,0,0,0,1,0,1,0,0,0,0,0,0,0,0,1,0,0,0,0,0,0,0,0,0,0,0,0,1,0,0,0,0.023,0.8333333333333334,2007,31
113,0,1,0,0,1,0,0.45,0.174701017408259,1,0,0,0,0,0,0,0,0,0,1,0,0,0,0,0,0,0,0,1,0,1,0,0,0,0,0,0,1,0,0,0,1.3862943611198906,6.818924065275521,0.0,915.0,62.5,1,0,0,0,1,0,1,0,0,0,0,0,0,0,0,1,0,0,0,0,0,0,0,0,0,0,0,0,1,0,0,0,0.023,0.8333333333333334,2007,31
113,0,1,0,0,1,0,0.19,15.159409761014262,1,0,0,0,0,0,0,0,0,0,1,0,0,0,0,0,0,0,0,1,0,1,0,0,0,0,0,0,1,0,0,0,1.3862943611198906,6.61338421837956,0.0,745.0,64.0,1,0,0,0,1,0,1,0,0,0,0,0,0,0,0,1,0,0,0,0,0,0,0,0,0,0,0,0,1,0,0,0,0.023,0.8333333333333334,2007,31
113,0,1,0,0,1,0,-0.6,47.87182029793977,1,0,0,0,0,0,0,0,0,0,1,0,0,0,0,0,0,0,0,1,0,1,0,0,0,0,0,0,1,0,0,0,1.3862943611198906,5.616771097666572,0.0,275.0,73.5,1,0,0,0,1,0,1,0,0,0,0,0,0,0,0,1,0,0,0,0,0,0,0,0,0,0,0,0,1,0,0,0,0.023,0.8333333333333334,2007,31
113,0,1,0,0,1,0,-1.98,1.010222644710815,1,0,0,0,0,0,0,0,0,0,1,0,0,0,0,0,0,0,0,1,0,1,0,0,0,0,0,0,1,0,0,0,1.3862943611198906,5.616771097666572,0.0,275.0,73.5,1,0,0,0,1,0,1,0,0,0,0,0,0,0,0,1,0,0,0,0,0,0,0,0,0,0,0,0,1,0,0,0,0.023,0.8333333333333334,2007,31
113,0,1,0,0,1,0,-3.69,1.1214010099614016,1,0,0,0,0,0,0,0,0,0,1,0,0,0,0,0,0,0,0,1,0,1,0,0,0,0,0,0,1,0,0,0,1.3862943611198906,5.616771097666572,0.0,275.0,73.5,1,0,0,0,1,0,1,0,0,0,0,0,0,0,0,1,0,0,0,0,0,0,0,0,0,0,0,0,1,0,0,0,0.023,0.8333333333333334,2007,31
113,0,1,0,0,1,0,-4.02,320.74119599619644,0,0,0,0,1,0,0,0,0,0,1,0,0,0,0,0,0,0,0,1,0,1,0,0,0,0,0,0,1,0,0,0,1.3862943611198906,5.616771097666572,0.0,275.0,73.5,1,0,0,0,1,0,1,0,0,0,0,0,0,0,0,1,0,0,0,0,0,0,0,0,0,0,0,0,1,0,0,0,0.023,0.8333333333333334,2007,31
113,0,1,0,0,1,0,-0.88,70.212003103645,1,0,0,0,0,0,0,0,0,0,1,0,0,0,0,0,0,0,0,1,0,1,0,0,0,0,0,0,1,0,0,0,1.3862943611198906,5.616771097666572,0.0,275.0,73.5,1,0,0,0,1,0,1,0,0,0,0,0,0,0,0,1,0,0,0,0,0,0,0,0,0,0,0,0,1,0,0,0,0.023,0.8333333333333334,2007,31
113,0,1,0,0,1,0,-1.91,0.5804541813079341,0,0,0,0,0,0,1,0,0,0,1,0,0,0,0,0,0,0,0,1,0,1,0,0,0,0,0,0,1,0,0,0,1.3862943611198906,5.616771097666572,0.0,275.0,73.5,1,0,0,0,1,0,1,0,0,0,0,0,0,0,0,1,0,0,0,0,0,0,0,0,0,0,0,0,1,0,0,0,0.023,0.8333333333333334,2007,31
113,0,1,0,0,1,0,-5.65,450.7929744722662,1,0,0,0,0,0,0,0,0,0,1,0,0,0,0,0,0,0,0,1,0,1,0,0,0,0,0,0,1,0,0,0,1.3862943611198906,5.616771097666572,0.0,275.0,73.5,1,0,0,0,1,0,1,0,0,0,0,0,0,0,0,1,0,0,0,0,0,0,0,0,0,0,0,0,1,0,0,0,0.023,0.8333333333333334,2007,31
113,0,1,0,0,1,0,-1.91,152.39196128177494,1,0,0,0,0,0,0,0,0,0,1,0,0,0,0,0,0,0,0,1,0,1,0,0,0,0,0,0,1,0,0,0,1.3862943611198906,5.616771097666572,0.0,275.0,73.5,1,0,0,0,1,0,1,0,0,0,0,0,0,0,0,1,0,0,0,0,0,0,0,0,0,0,0,0,1,0,0,0,0.023,0.8333333333333334,2007,31
113,0,1,0,0,1,0,-1.27,101.32868629730585,1,0,0,0,0,0,0,0,0,0,1,0,0,0,0,0,0,0,0,1,0,1,0,0,0,0,0,0,1,0,0,0,1.3862943611198906,7.090076835776092,0.0,1200.0,65.0,1,0,0,0,1,0,1,0,0,0,0,0,0,0,0,1,0,0,0,0,0,0,0,0,0,0,0,0,1,0,0,0,0.023,0.8333333333333334,2007,31
113,0,1,0,0,1,0,-1.2,95.74364059587954,1,0,0,0,0,0,0,0,0,0,1,0,0,0,0,0,0,0,0,1,0,1,0,0,0,0,0,0,1,0,0,0,1.3862943611198906,7.090076835776092,0.0,1200.0,65.0,1,0,0,0,1,0,1,0,0,0,0,0,0,0,0,1,0,0,0,0,0,0,0,0,0,0,0,0,1,0,0,0,0.023,0.8333333333333334,2007,31
113,0,1,0,0,1,0,-2.25,179.51932611727415,1,0,0,0,0,0,0,0,0,0,1,0,0,0,0,0,0,0,0,1,0,1,0,0,0,0,0,0,1,0,0,0,1.3862943611198906,7.090076835776092,0.0,1200.0,65.0,1,0,0,0,1,0,1,0,0,0,0,0,0,0,0,1,0,0,0,0,0,0,0,0,0,0,0,0,1,0,0,0,0.023,0.8333333333333334,2007,31
113,0,1,0,0,1,0,-2.39,190.68941752012677,0,0,0,0,1,0,0,0,0,0,1,0,0,0,0,0,0,0,0,1,0,1,0,0,0,0,0,0,1,0,0,0,1.3862943611198906,7.090076835776092,0.0,1200.0,65.0,1,0,0,0,1,0,1,0,0,0,0,0,0,0,0,1,0,0,0,0,0,0,0,0,0,0,0,0,1,0,0,0,0.023,0.8333333333333334,2007,31
113,0,1,0,0,1,0,-1.16,92.55218590935023,1,0,0,0,0,0,0,0,0,0,1,0,0,0,0,0,0,0,0,1,0,1,0,0,0,0,0,0,1,0,0,0,1.3862943611198906,7.090076835776092,0.0,1200.0,65.0,1,0,0,0,1,0,1,0,0,0,0,0,0,0,0,1,0,0,0,0,0,0,0,0,0,0,0,0,1,0,0,0,0.023,0.8333333333333334,2007,31
113,0,1,0,0,1,0,-11.56,3.5131153591202717,0,0,0,0,0,0,1,0,0,0,1,0,0,0,0,0,0,0,0,1,0,1,0,0,0,0,0,0,1,0,0,0,1.3862943611198906,7.090076835776092,0.0,1200.0,65.0,1,0,0,0,1,0,1,0,0,0,0,0,0,0,0,1,0,0,0,0,0,0,0,0,0,0,0,0,1,0,0,0,0.023,0.8333333333333334,2007,31
113,0,1,0,0,1,0,-10.75,3.2669541618116713,1,0,0,0,0,0,0,0,0,0,1,0,0,0,0,0,0,0,0,1,0,1,0,0,0,0,0,0,1,0,0,0,1.3862943611198906,7.090076835776092,0.0,1200.0,65.0,1,0,0,0,1,0,1,0,0,0,0,0,0,0,0,1,0,0,0,0,0,0,0,0,0,0,0,0,1,0,0,0,0.023,0.8333333333333334,2007,31
113,0,1,0,0,1,0,-4.98,1.5134355093788021,1,0,0,0,0,0,0,0,0,0,1,0,0,0,0,0,0,0,0,1,0,1,0,0,0,0,0,0,1,0,0,0,1.3862943611198906,6.937314081223682,0.0,1030.0,66.5,1,0,0,0,1,0,1,0,0,0,0,0,0,0,0,1,0,0,0,0,0,0,0,0,0,0,0,0,1,0,0,0,0.023,0.8333333333333334,2007,31
113,0,1,0,0,1,0,-1.13,90.15859489445323,1,0,0,0,0,0,0,0,0,0,1,0,0,0,0,0,0,0,0,1,0,1,0,0,0,0,0,0,1,0,0,0,1.3862943611198906,6.818924065275521,0.0,915.0,62.5,1,0,0,0,1,0,1,0,0,0,0,0,0,0,0,1,0,0,0,0,0,0,0,0,0,0,0,0,1,0,0,0,0.023,0.8333333333333334,2007,31
113,0,1,0,0,1,0,-3.49,1.354903446121831,1,0,0,0,0,0,0,0,0,0,1,0,0,0,0,0,0,0,0,1,0,1,0,0,0,0,0,0,1,0,0,0,1.3862943611198906,6.818924065275521,0.0,915.0,62.5,1,0,0,0,1,0,1,0,0,0,0,0,0,0,0,1,0,0,0,0,0,0,0,0,0,0,0,0,1,0,0,0,0.023,0.8333333333333334,2007,31
113,0,1,0,0,1,0,-5.32,1.616762431705869,1,0,0,0,0,0,0,0,0,0,1,0,0,0,0,0,0,0,0,1,0,1,0,0,0,0,0,0,1,0,0,0,1.3862943611198906,6.818924065275521,0.0,915.0,62.5,1,0,0,0,1,0,1,0,0,0,0,0,0,0,0,1,0,0,0,0,0,0,0,0,0,0,0,0,1,0,0,0,0.023,0.8333333333333334,2007,31
113,0,1,0,0,1,0,-4.31,1.6732475222879915,0,0,0,0,1,0,0,0,0,0,1,0,0,0,0,0,0,0,0,1,0,1,0,0,0,0,0,0,1,0,0,0,1.3862943611198906,6.818924065275521,0.0,915.0,62.5,1,0,0,0,1,0,1,0,0,0,0,0,0,0,0,1,0,0,0,0,0,0,0,0,0,0,0,0,1,0,0,0,0.023,0.8333333333333334,2007,31
113,0,1,0,0,1,0,-1.58,126.06246011790807,1,0,0,0,0,0,0,0,0,0,1,0,0,0,0,0,0,0,0,1,0,1,0,0,0,0,0,0,1,0,0,0,1.3862943611198906,6.818924065275521,0.0,915.0,62.5,1,0,0,0,1,0,1,0,0,0,0,0,0,0,0,1,0,0,0,0,0,0,0,0,0,0,0,0,1,0,0,0,0.023,0.8333333333333334,2007,31
113,0,1,0,0,1,0,-15.22,4.6253992876998735,0,0,0,0,0,0,1,0,0,0,1,0,0,0,0,0,0,0,0,1,0,1,0,0,0,0,0,0,1,0,0,0,1.3862943611198906,6.818924065275521,0.0,915.0,62.5,1,0,0,0,1,0,1,0,0,0,0,0,0,0,0,1,0,0,0,0,0,0,0,0,0,0,0,0,1,0,0,0,0.023,0.8333333333333334,2007,31
113,0,1,0,0,1,0,-14.63,4.446096687191139,1,0,0,0,0,0,0,0,0,0,1,0,0,0,0,0,0,0,0,1,0,1,0,0,0,0,0,0,1,0,0,0,1.3862943611198906,6.818924065275521,0.0,915.0,62.5,1,0,0,0,1,0,1,0,0,0,0,0,0,0,0,1,0,0,0,0,0,0,0,0,0,0,0,0,1,0,0,0,0.023,0.8333333333333334,2007,31
113,0,1,0,0,1,0,-8.93,2.713851224649137,1,0,0,0,0,0,0,0,0,0,1,0,0,0,0,0,0,0,0,1,0,1,0,0,0,0,0,0,1,0,0,0,1.3862943611198906,6.61338421837956,0.0,745.0,64.0,1,0,0,0,1,0,1,0,0,0,0,0,0,0,0,1,0,0,0,0,0,0,0,0,0,0,0,0,1,0,0,0,0.023,0.8333333333333334,2007,31
113,0,1,0,0,1,0,-0.3,23.935910148969885,1,0,0,0,0,0,0,0,0,0,1,0,0,0,0,0,0,0,0,1,0,1,0,0,0,0,0,0,1,0,0,0,1.3862943611198906,5.616771097666572,0.0,275.0,73.5,1,0,0,0,1,0,1,0,0,0,0,0,0,0,0,1,0,0,0,0,0,0,0,0,0,0,0,0,1,0,0,0,0.023,0.8333333333333334,2007,31
113,0,1,0,0,1,0,36.5,11.092449014523348,1,0,0,0,0,0,0,0,0,0,1,0,0,0,0,0,0,0,0,1,0,1,0,0,0,0,0,0,1,0,0,0,1.3862943611198906,5.616771097666572,0.0,275.0,73.5,1,0,0,0,1,0,1,0,0,0,0,0,0,0,0,1,0,0,0,0,0,0,0,0,0,0,0,0,1,0,0,0,0.023,0.8333333333333334,2007,31
113,0,1,0,0,1,0,112.51,34.192094208877315,1,0,0,0,0,0,0,0,0,0,1,0,0,0,0,0,0,0,0,1,0,1,0,0,0,0,0,0,1,0,0,0,1.3862943611198906,5.616771097666572,0.0,275.0,73.5,1,0,0,0,1,0,1,0,0,0,0,0,0,0,0,1,0,0,0,0,0,0,0,0,0,0,0,0,1,0,0,0,0.023,0.8333333333333334,2007,31
113,0,1,0,0,1,0,36.28,2894.6494006820917,0,0,0,0,1,0,0,0,0,0,1,0,0,0,0,0,0,0,0,1,0,1,0,0,0,0,0,0,1,0,0,0,1.3862943611198906,5.616771097666572,0.0,275.0,73.5,1,0,0,0,1,0,1,0,0,0,0,0,0,0,0,1,0,0,0,0,0,0,0,0,0,0,0,0,1,0,0,0,0.023,0.8333333333333334,2007,31
113,0,1,0,0,1,0,-33.71,13.087047326294247,1,0,0,0,0,0,0,0,0,0,1,0,0,0,0,0,0,0,0,1,0,1,0,0,0,0,0,0,1,0,0,0,1.3862943611198906,5.616771097666572,0.0,275.0,73.5,1,0,0,0,1,0,1,0,0,0,0,0,0,0,0,1,0,0,0,0,0,0,0,0,0,0,0,0,1,0,0,0,0.023,0.8333333333333334,2007,31
113,0,1,0,0,1,0,-389.22,31054.449827273533,0,0,0,0,0,0,1,0,0,0,1,0,0,0,0,0,0,0,0,1,0,1,0,0,0,0,0,0,1,0,0,0,1.3862943611198906,5.616771097666572,0.0,275.0,73.5,1,0,0,0,1,0,1,0,0,0,0,0,0,0,0,1,0,0,0,0,0,0,0,0,0,0,0,0,1,0,0,0,0.023,0.8333333333333334,2007,31
113,0,1,0,0,1,0,-232.38,90.21560538962494,1,0,0,0,0,0,0,0,0,0,1,0,0,0,0,0,0,0,0,1,0,1,0,0,0,0,0,0,1,0,0,0,1.3862943611198906,5.616771097666572,0.0,275.0,73.5,1,0,0,0,1,0,1,0,0,0,0,0,0,0,0,1,0,0,0,0,0,0,0,0,0,0,0,0,1,0,0,0,0.023,0.8333333333333334,2007,31
113,0,1,0,0,1,0,85.78,26.068774697693502,1,0,0,0,0,0,0,0,0,0,1,0,0,0,0,0,0,0,0,1,0,1,0,0,0,0,0,0,1,0,0,0,1.3862943611198906,5.616771097666572,0.0,275.0,73.5,1,0,0,0,1,0,1,0,0,0,0,0,0,0,0,1,0,0,0,0,0,0,0,0,0,0,0,0,1,0,0,0,0.023,0.8333333333333334,2007,31
113,0,1,0,0,1,0,0.11,8.776500387955625,1,0,0,0,0,0,0,0,0,0,1,0,0,0,0,0,0,0,0,1,0,1,0,0,0,0,0,0,1,0,0,0,1.3862943611198906,7.090076835776092,0.0,1200.0,65.0,1,0,0,0,1,0,1,0,0,0,0,0,0,0,0,1,0,0,0,0,0,0,0,0,0,0,0,0,1,0,0,0,0.023,0.8333333333333334,2007,31
113,0,1,0,0,1,0,0.06,4.7871820297939776,1,0,0,0,0,0,0,0,0,0,1,0,0,0,0,0,0,0,0,1,0,1,0,0,0,0,0,0,1,0,0,0,1.3862943611198906,7.090076835776092,0.0,1200.0,65.0,1,0,0,0,1,0,1,0,0,0,0,0,0,0,0,1,0,0,0,0,0,0,0,0,0,0,0,0,1,0,0,0,0.023,0.8333333333333334,2007,31
113,0,1,0,0,1,0,-0.58,0.22517020021508935,1,0,0,0,0,0,0,0,0,0,1,0,0,0,0,0,0,0,0,1,0,1,0,0,0,0,0,0,1,0,0,0,1.3862943611198906,7.090076835776092,0.0,1200.0,65.0,1,0,0,0,1,0,1,0,0,0,0,0,0,0,0,1,0,0,0,0,0,0,0,0,0,0,0,0,1,0,0,0,0.023,0.8333333333333334,2007,31
113,0,1,0,0,1,0,-0.46,36.701728895087165,0,0,0,0,1,0,0,0,0,0,1,0,0,0,0,0,0,0,0,1,0,1,0,0,0,0,0,0,1,0,0,0,1.3862943611198906,7.090076835776092,0.0,1200.0,65.0,1,0,0,0,1,0,1,0,0,0,0,0,0,0,0,1,0,0,0,0,0,0,0,0,0,0,0,0,1,0,0,0,0.023,0.8333333333333334,2007,31
113,0,1,0,0,1,0,-0.83,0.4234771692474628,1,0,0,0,0,0,0,0,0,0,1,0,0,0,0,0,0,0,0,1,0,1,0,0,0,0,0,0,1,0,0,0,1.3862943611198906,7.090076835776092,0.0,1200.0,65.0,1,0,0,0,1,0,1,0,0,0,0,0,0,0,0,1,0,0,0,0,0,0,0,0,0,0,0,0,1,0,0,0,0.023,0.8333333333333334,2007,31
113,0,1,0,0,1,0,0.04,3.1914546865293185,0,0,0,0,0,0,1,0,0,0,1,0,0,0,0,0,0,0,0,1,0,1,0,0,0,0,0,0,1,0,0,0,1.3862943611198906,7.090076835776092,0.0,1200.0,65.0,1,0,0,0,1,0,1,0,0,0,0,0,0,0,0,1,0,0,0,0,0,0,0,0,0,0,0,0,1,0,0,0,0.023,0.8333333333333334,2007,31
113,0,1,0,0,1,0,-0.64,51.063274984469096,1,0,0,0,0,0,0,0,0,0,1,0,0,0,0,0,0,0,0,1,0,1,0,0,0,0,0,0,1,0,0,0,1.3862943611198906,7.090076835776092,0.0,1200.0,65.0,1,0,0,0,1,0,1,0,0,0,0,0,0,0,0,1,0,0,0,0,0,0,0,0,0,0,0,0,1,0,0,0,0.023,0.8333333333333334,2007,31
113,0,1,0,0,1,0,0.03,2.3935910148969888,1,0,0,0,0,0,0,0,0,0,1,0,0,0,0,0,0,0,0,1,0,1,0,0,0,0,0,0,1,0,0,0,1.3862943611198906,6.937314081223682,0.0,1030.0,66.5,1,0,0,0,1,0,1,0,0,0,0,0,0,0,0,1,0,0,0,0,0,0,0,0,0,0,0,0,1,0,0,0,0.023,0.8333333333333334,2007,31
129,1,0,0,1,0,0,0.018,0.10588235294117646,1,0,0,0,0,0,0,0,0,0,0,0,1,0,1,0,0,0,0,0,0,0,1,0,0,0,0,0,0,0,1,0,0.0,4.430816798843313,0.0,84.0,68.0,0,0,0,0,0,0,0,0,0,0,0,0,0,1,0,1,0,0,0,0,0,0,0,0,0,0,0,0,0,0,0,1,0.022,1.2666666666666666,2004,28
129,1,0,0,1,0,0,0.174,0.110828025477707,0,0,0,0,0,1,0,0,0,0,1,0,0,0,1,0,0,0,0,0,0,0,1,0,0,0,0,0,0,0,1,0,0.0,4.430816798843313,0.0,84.0,68.0,0,0,0,0,0,0,0,0,0,0,0,0,0,1,0,1,0,0,0,0,0,0,0,0,0,0,0,0,0,0,0,1,0.022,1.2666666666666666,2004,28
129,1,0,0,1,0,0,0.119,0.1072072072072072,0,0,0,0,0,0,0,1,0,0,0,1,0,0,1,0,0,0,0,0,0,0,1,0,0,0,0,0,0,0,1,0,0.0,4.430816798843313,0.0,84.0,68.0,0,0,0,0,0,0,0,0,0,0,0,0,0,1,0,1,0,0,0,0,0,0,0,0,0,0,0,0,0,0,0,1,0.022,1.2666666666666666,2004,28
129,1,0,0,1,0,0,0.146,0.10656934306569342,1,0,0,0,0,0,0,0,0,0,0,0,1,0,0,1,0,0,0,0,0,0,1,0,0,0,0,0,0,0,1,0,0.0,4.430816798843313,0.0,84.0,68.0,0,0,0,0,0,0,0,0,0,0,0,0,0,1,0,1,0,0,0,0,0,0,0,0,0,0,0,0,0,0,0,1,0.022,1.2666666666666666,2004,28
129,1,0,0,1,0,0,0.233,0.10448430493273543,0,0,0,0,0,0,0,1,0,0,0,1,0,0,0,1,0,0,0,0,0,0,1,0,0,0,0,0,0,0,1,0,0.0,4.430816798843313,0.0,84.0,68.0,0,0,0,0,0,0,0,0,0,0,0,0,0,1,0,1,0,0,0,0,0,0,0,0,0,0,0,0,0,0,0,1,0.022,1.2666666666666666,2004,28
129,1,0,0,1,0,0,0.258,0.10403225806451613,0,0,0,0,0,0,0,1,0,0,0,1,0,0,0,0,0,0,0,1,0,0,1,0,0,0,0,0,0,0,1,0,0.0,4.430816798843313,0.0,84.0,68.0,0,0,0,0,0,0,0,0,0,0,0,0,0,1,0,1,0,0,0,0,0,0,0,0,0,0,0,0,0,0,0,1,0.022,1.2666666666666666,2004,28
129,1,0,0,1,0,0,-0.02,0.013986013986013988,1,0,0,0,0,0,0,0,0,0,0,0,1,0,1,0,0,0,0,0,0,0,1,0,0,0,0,0,0,0,1,0,0.0,4.430816798843313,0.0,84.0,68.0,0,1,0,0,0,0,0,0,0,0,0,0,0,1,0,1,0,0,0,0,0,0,0,0,0,0,0,0,0,0,0,1,0.022,1.2666666666666666,2004,28
129,1,0,0,1,0,0,0.03,0.017045454545454544,0,0,0,0,0,1,0,0,0,0,1,0,0,0,1,0,0,0,0,0,0,0,1,0,0,0,0,0,0,0,1,0,0.0,4.430816798843313,0.0,84.0,68.0,0,1,0,0,0,0,0,0,0,0,0,0,0,1,0,1,0,0,0,0,0,0,0,0,0,0,0,0,0,0,0,1,0.022,1.2666666666666666,2004,28
129,1,0,0,1,0,0,-0.018,0.013043478260869565,0,0,0,0,0,0,0,1,0,0,0,1,0,0,1,0,0,0,0,0,0,0,1,0,0,0,0,0,0,0,1,0,0.0,4.430816798843313,0.0,84.0,68.0,0,1,0,0,0,0,0,0,0,0,0,0,0,1,0,1,0,0,0,0,0,0,0,0,0,0,0,0,0,0,0,1,0.022,1.2666666666666666,2004,28
129,1,0,0,1,0,0,0.033,0.02129032258064516,1,0,0,0,0,0,0,0,0,0,0,0,1,0,0,1,0,0,0,0,0,0,1,0,0,0,0,0,0,0,1,0,0.0,4.430816798843313,0.0,84.0,68.0,0,1,0,0,0,0,0,0,0,0,0,0,0,1,0,1,0,0,0,0,0,0,0,0,0,0,0,0,0,0,0,1,0.022,1.2666666666666666,2004,28
129,1,0,0,1,0,0,0.009,0.020930232558139535,0,0,0,0,0,0,0,1,0,0,0,1,0,0,0,1,0,0,0,0,0,0,1,0,0,0,0,0,0,0,1,0,0.0,4.430816798843313,0.0,84.0,68.0,0,1,0,0,0,0,0,0,0,0,0,0,0,1,0,1,0,0,0,0,0,0,0,0,0,0,0,0,0,0,0,1,0.022,1.2666666666666666,2004,28
129,1,0,0,1,0,0,-0.015,0.008522727272727272,0,0,0,0,0,0,0,1,0,0,0,1,0,0,0,0,0,0,0,1,0,0,1,0,0,0,0,0,0,0,1,0,0.0,4.430816798843313,0.0,84.0,68.0,0,1,0,0,0,0,0,0,0,0,0,0,0,1,0,1,0,0,0,0,0,0,0,0,0,0,0,0,0,0,0,1,0.022,1.2666666666666666,2004,28
59,0,1,0,0,1,0,0.96218,0.3336,0,0,0,0,0,1,0,0,0,0,1,0,0,0,1,0,0,0,0,0,0,0,1,0,0,0,0,0,1,0,0,0,2.4849066497880004,7.162397497355718,0.0,1290.0,72.5,1,0,0,0,0,0,0,0,0,0,1,0,0,0,0,0,0,0,0,0,1,0,0,0,0,0,0,0,1,0,0,0,0.021,0.5454545454545454,2008,32
59,0,1,0,0,1,0,0.98764,0.0107,0,0,0,0,0,0,0,0,1,0,1,0,0,0,1,0,0,0,0,0,0,0,1,0,0,0,0,0,1,0,0,0,2.4849066497880004,7.501082124259871,0.0,1810.0,67.5,1,0,0,0,0,0,0,0,0,0,1,0,0,0,0,0,0,0,0,0,1,0,0,0,0,0,0,0,1,0,0,0,0.021,0.5454545454545454,2008,32
59,0,1,0,0,1,0,0.98018,0.0092,0,0,0,0,0,0,0,0,0,1,1,0,0,0,1,0,0,0,0,0,0,0,1,0,0,0,0,0,1,0,0,0,2.4849066497880004,6.75110146893676,0.0,855.0,76.5,1,0,0,0,0,0,0,0,0,0,1,0,0,0,0,0,0,0,0,0,1,0,0,0,0,0,0,0,1,0,0,0,0.021,0.5454545454545454,2008,32
59,0,1,0,0,1,0,-1.85703,0.2584,1,0,0,0,0,0,0,0,0,0,0,0,1,0,1,0,0,0,0,0,0,0,1,0,0,0,0,0,1,0,0,0,2.4849066497880004,6.75110146893676,0.0,855.0,76.5,1,0,0,0,0,0,0,0,0,0,1,0,0,0,0,0,0,0,0,0,1,0,0,0,0,0,0,0,1,0,0,0,0.021,0.5454545454545454,2008,32
59,0,1,0,0,1,0,-2.86579,0.1782,1,0,0,0,0,0,0,0,0,0,1,0,0,0,1,0,0,0,0,0,0,0,1,0,0,0,0,0,1,0,0,0,2.4849066497880004,6.75110146893676,0.0,855.0,76.5,1,0,0,0,0,0,0,0,0,0,1,0,0,0,0,0,0,0,0,0,1,0,0,0,0,0,0,0,1,0,0,0,0.021,0.5454545454545454,2008,32
59,0,1,0,0,1,0,-0.31118,0.307,0,0,0,0,0,1,0,0,0,0,1,0,0,0,1,0,0,0,0,0,0,0,1,0,0,0,0,0,1,0,0,0,2.4849066497880004,7.162397497355718,0.0,1290.0,72.5,1,0,0,0,0,0,0,0,0,0,1,0,0,0,0,0,0,0,0,0,0,1,0,0,0,0,0,0,1,0,0,0,0.021,0.5454545454545454,2008,32
59,0,1,0,0,1,0,-0.03691,0.0123,0,0,0,0,0,0,0,0,1,0,1,0,0,0,1,0,0,0,0,0,0,0,1,0,0,0,0,0,1,0,0,0,2.4849066497880004,7.501082124259871,0.0,1810.0,67.5,1,0,0,0,0,0,0,0,0,0,1,0,0,0,0,0,0,0,0,0,0,1,0,0,0,0,0,0,1,0,0,0,0.021,0.5454545454545454,2008,32
59,0,1,0,0,1,0,0.11806,0.0216,0,0,0,0,0,0,0,0,0,1,1,0,0,0,1,0,0,0,0,0,0,0,1,0,0,0,0,0,1,0,0,0,2.4849066497880004,6.75110146893676,0.0,855.0,76.5,1,0,0,0,0,0,0,0,0,0,1,0,0,0,0,0,0,0,0,0,0,1,0,0,0,0,0,0,1,0,0,0,0.021,0.5454545454545454,2008,32
59,0,1,0,0,1,0,1.59342,0.2549,1,0,0,0,0,0,0,0,0,0,0,0,1,0,1,0,0,0,0,0,0,0,1,0,0,0,0,0,1,0,0,0,2.4849066497880004,6.75110146893676,0.0,855.0,76.5,1,0,0,0,0,0,0,0,0,0,1,0,0,0,0,0,0,0,0,0,0,1,0,0,0,0,0,0,1,0,0,0,0.021,0.5454545454545454,2008,32
59,0,1,0,0,1,0,1.75848,0.3512,1,0,0,0,0,0,0,0,0,0,1,0,0,0,1,0,0,0,0,0,0,0,1,0,0,0,0,0,1,0,0,0,2.4849066497880004,6.75110146893676,0.0,855.0,76.5,1,0,0,0,0,0,0,0,0,0,1,0,0,0,0,0,0,0,0,0,0,1,0,0,0,0,0,0,1,0,0,0,0.021,0.5454545454545454,2008,32
59,0,1,0,0,1,0,0.14727,0.0156,0,0,0,0,0,1,0,0,0,0,1,0,0,0,1,0,0,0,0,0,0,0,1,0,0,0,0,0,1,0,0,0,3.1780538303479458,7.162397497355718,0.0,1290.0,72.5,1,0,0,0,0,0,0,0,0,0,1,0,0,0,0,0,0,0,0,0,1,0,0,0,0,0,0,0,1,0,0,0,0.021,0.5454545454545454,2008,32
59,0,1,0,0,1,0,0.97509,0.0029,0,0,0,0,0,0,0,0,1,0,1,0,0,0,1,0,0,0,0,0,0,0,1,0,0,0,0,0,1,0,0,0,3.1780538303479458,7.501082124259871,0.0,1810.0,67.5,1,0,0,0,0,0,0,0,0,0,1,0,0,0,0,0,0,0,0,0,1,0,0,0,0,0,0,0,1,0,0,0,0.021,0.5454545454545454,2008,32
59,0,1,0,0,1,0,-2.70459,0.1347,0,0,0,0,0,0,0,0,0,1,1,0,0,0,1,0,0,0,0,0,0,0,1,0,0,0,0,0,1,0,0,0,3.1780538303479458,6.75110146893676,0.0,855.0,76.5,1,0,0,0,0,0,0,0,0,0,1,0,0,0,0,0,0,0,0,0,1,0,0,0,0,0,0,0,1,0,0,0,0.021,0.5454545454545454,2008,32
59,0,1,0,0,1,0,-0.50469,0.029,1,0,0,0,0,0,0,0,0,0,0,0,1,0,1,0,0,0,0,0,0,0,1,0,0,0,0,0,1,0,0,0,3.1780538303479458,6.75110146893676,0.0,855.0,76.5,1,0,0,0,0,0,0,0,0,0,1,0,0,0,0,0,0,0,0,0,1,0,0,0,0,0,0,0,1,0,0,0,0.021,0.5454545454545454,2008,32
59,0,1,0,0,1,0,-3.15286,0.1369,1,0,0,0,0,0,0,0,0,0,1,0,0,0,1,0,0,0,0,0,0,0,1,0,0,0,0,0,1,0,0,0,3.1780538303479458,6.75110146893676,0.0,855.0,76.5,1,0,0,0,0,0,0,0,0,0,1,0,0,0,0,0,0,0,0,0,1,0,0,0,0,0,0,0,1,0,0,0,0.021,0.5454545454545454,2008,32
59,0,1,0,0,1,0,-0.2334,0.154,0,0,0,0,0,1,0,0,0,0,1,0,0,0,1,0,0,0,0,0,0,0,1,0,0,0,0,0,1,0,0,0,3.1780538303479458,7.162397497355718,0.0,1290.0,72.5,1,0,0,0,0,0,0,0,0,0,1,0,0,0,0,0,0,0,0,0,0,1,0,0,0,0,0,0,1,0,0,0,0.021,0.5454545454545454,2008,32
59,0,1,0,0,1,0,-0.04401,0.0044,0,0,0,0,0,0,0,0,1,0,1,0,0,0,1,0,0,0,0,0,0,0,1,0,0,0,0,0,1,0,0,0,3.1780538303479458,7.501082124259871,0.0,1810.0,67.5,1,0,0,0,0,0,0,0,0,0,1,0,0,0,0,0,0,0,0,0,0,1,0,0,0,0,0,0,1,0,0,0,0.021,0.5454545454545454,2008,32
59,0,1,0,0,1,0,0.0739,0.2214,0,0,0,0,0,0,0,0,0,1,1,0,0,0,1,0,0,0,0,0,0,0,1,0,0,0,0,0,1,0,0,0,3.1780538303479458,6.75110146893676,0.0,855.0,76.5,1,0,0,0,0,0,0,0,0,0,1,0,0,0,0,0,0,0,0,0,0,1,0,0,0,0,0,0,1,0,0,0,0.021,0.5454545454545454,2008,32
59,0,1,0,0,1,0,-0.13164,0.088,1,0,0,0,0,0,0,0,0,0,0,0,1,0,1,0,0,0,0,0,0,0,1,0,0,0,0,0,1,0,0,0,3.1780538303479458,6.75110146893676,0.0,855.0,76.5,1,0,0,0,0,0,0,0,0,0,1,0,0,0,0,0,0,0,0,0,0,1,0,0,0,0,0,0,1,0,0,0,0.021,0.5454545454545454,2008,32
59,0,1,0,0,1,0,-2.38891,0.3089,1,0,0,0,0,0,0,0,0,0,1,0,0,0,1,0,0,0,0,0,0,0,1,0,0,0,0,0,1,0,0,0,3.1780538303479458,6.75110146893676,0.0,855.0,76.5,1,0,0,0,0,0,0,0,0,0,1,0,0,0,0,0,0,0,0,0,0,1,0,0,0,0,0,0,1,0,0,0,0.021,0.5454545454545454,2008,32
84,0,1,0,0,1,0,0.581,0.2740566037735849,1,0,0,0,0,0,0,0,0,0,0,0,1,0,1,0,0,0,0,0,1,0,0,0,0,0,0,1,0,0,0,0,0.0,7.517520850603031,0.0,1840.0,78.5,0,0,0,0,0,0,0,1,0,0,0,0,0,0,0,1,0,0,0,0,0,0,0,0,0,0,0,0,1,0,0,0,0.021,0.4444444444444444,2010,34
84,0,1,0,0,1,0,-2.125,1.445578231292517,1,0,0,0,0,0,0,0,0,0,0,0,1,0,1,0,0,0,0,0,1,0,0,0,0,0,0,1,0,0,0,0,1.9459101490553132,8.146129510025405,0.0,3450.0,78.5,1,0,0,0,0,0,0,1,0,0,0,0,0,0,0,1,0,0,0,0,0,0,0,0,0,0,0,0,1,0,0,0,0.021,0.4444444444444444,2010,34
84,0,1,0,0,1,0,-2.456,1.0915555555555556,1,0,0,0,0,0,0,0,0,0,0,0,1,0,1,0,0,0,0,0,0,1,0,0,0,0,0,1,0,0,0,0,3.4011973816621555,8.146129510025405,0.0,3450.0,78.5,1,0,0,0,0,0,0,1,0,0,0,0,0,0,0,1,0,0,0,0,0,0,0,0,0,0,0,0,1,0,0,0,0.021,0.4444444444444444,2010,34
84,0,1,0,0,1,0,-2.759,0.8235820895522388,1,0,0,0,0,0,0,0,0,0,0,0,1,0,1,0,0,0,0,0,0,0,1,0,0,0,0,1,0,0,0,0,4.0943445622221,8.146129510025405,0.0,3450.0,78.5,1,0,0,0,0,0,0,1,0,0,0,0,0,0,0,1,0,0,0,0,0,0,0,0,0,0,0,0,1,0,0,0,0.021,0.4444444444444444,2010,34
84,0,1,0,0,1,0,-2.918,0.6413186813186814,1,0,0,0,0,0,0,0,0,0,0,0,1,0,1,0,0,0,0,0,0,0,1,0,0,0,0,1,0,0,0,0,4.499809670330265,8.146129510025405,0.0,3450.0,78.5,1,0,0,0,0,0,0,1,0,0,0,0,0,0,0,1,0,0,0,0,0,0,0,0,0,0,0,0,1,0,0,0,0.021,0.4444444444444444,2010,34
84,0,1,0,0,1,0,-2.986,0.45105740181268883,1,0,0,0,0,0,0,0,0,0,0,0,1,0,1,0,0,0,0,0,0,0,1,0,0,0,0,1,0,0,0,0,5.19295685089021,8.146129510025405,0.0,3450.0,78.5,1,0,0,0,0,0,0,1,0,0,0,0,0,0,0,1,0,0,0,0,0,0,0,0,0,0,0,0,1,0,0,0,0.021,0.4444444444444444,2010,34
84,0,1,0,0,1,0,-3.158,0.38939580764488285,1,0,0,0,0,0,0,0,0,0,0,0,1,0,1,0,0,0,0,0,0,0,1,0,0,0,0,1,0,0,0,0,5.598421958998375,8.146129510025405,0.0,3450.0,78.5,1,0,0,0,0,0,0,1,0,0,0,0,0,0,0,1,0,0,0,0,0,0,0,0,0,0,0,0,1,0,0,0,0.021,0.4444444444444444,2010,34
84,0,1,0,0,1,0,-3.315,0.33620689655172414,1,0,0,0,0,0,0,0,0,0,0,0,1,0,1,0,0,0,0,0,0,0,0,1,0,0,0,1,0,0,0,0,5.886104031450156,8.146129510025405,0.0,3450.0,78.5,1,0,0,0,0,0,0,1,0,0,0,0,0,0,0,1,0,0,0,0,0,0,0,0,0,0,0,0,1,0,0,0,0.021,0.4444444444444444,2010,34
84,0,1,0,0,1,0,-3.453,0.26788207913110934,1,0,0,0,0,0,0,0,0,0,0,0,1,0,1,0,0,0,0,0,0,0,0,0,1,0,0,1,0,0,0,0,6.29156913955832,8.146129510025405,0.0,3450.0,78.5,1,0,0,0,0,0,0,1,0,0,0,0,0,0,0,1,0,0,0,0,0,0,0,0,0,0,0,0,1,0,0,0,0.021,0.4444444444444444,2010,34
84,0,1,0,0,1,0,-3.22,0.2903516681695221,1,0,0,0,0,0,0,0,0,0,0,0,1,0,1,0,0,0,0,0,0,0,0,0,1,0,0,1,0,0,0,0,6.579251212010101,8.146129510025405,0.0,3450.0,78.5,1,0,0,0,0,0,0,1,0,0,0,0,0,0,0,1,0,0,0,0,0,0,0,0,0,0,0,0,1,0,0,0,0.021,0.4444444444444444,2010,34
84,0,1,0,0,1,0,-1.787,0.33339552238805964,1,0,0,0,0,0,0,0,0,0,0,0,1,0,1,0,0,0,0,0,0,0,0,0,1,0,0,1,0,0,0,0,6.984716320118266,8.146129510025405,0.0,3450.0,78.5,1,0,0,0,0,0,0,1,0,0,0,0,0,0,0,1,0,0,0,0,0,0,0,0,0,0,0,0,1,0,0,0,0.021,0.4444444444444444,2010,34
84,0,1,0,0,1,0,-0.246,0.3904761904761905,1,0,0,0,0,0,0,0,0,0,0,0,1,0,1,0,0,0,0,0,0,0,0,0,1,0,0,1,0,0,0,0,7.272398392570047,8.146129510025405,0.0,3450.0,78.5,1,0,0,0,0,0,0,1,0,0,0,0,0,0,0,1,0,0,0,0,0,0,0,0,0,0,0,0,1,0,0,0,0.021,0.4444444444444444,2010,34
84,0,1,0,0,1,0,1.534,0.22964071856287427,1,0,0,0,0,0,0,0,0,0,0,0,1,0,1,0,0,0,0,0,0,0,0,0,0,1,0,1,0,0,0,0,7.495541943884256,8.146129510025405,0.0,3450.0,78.5,1,0,0,0,0,0,0,1,0,0,0,0,0,0,0,1,0,0,0,0,0,0,0,0,0,0,0,0,1,0,0,0,0.021,0.4444444444444444,2010,34
84,0,1,0,0,1,0,2.4688,0.6708695652173913,0,0,0,0,0,0,0,0,0,1,1,0,0,0,1,0,0,0,0,0,1,0,0,0,0,0,0,1,0,0,0,0,0.0,7.333023014386481,0.0,1530.0,79.5,0,0,0,0,0,0,0,1,0,0,0,0,0,0,0,1,0,0,0,0,0,0,0,0,0,0,0,0,1,0,0,0,0.021,0.4444444444444444,2010,34
84,0,1,0,0,1,0,-4.561,1.9744588744588745,0,0,0,0,0,0,0,0,0,1,1,0,0,0,1,0,0,0,0,0,1,0,0,0,0,0,0,1,0,0,0,0,1.9459101490553132,7.6708948313621175,0.0,2145.0,81.0,1,0,0,0,0,0,0,1,0,0,0,0,0,0,0,1,0,0,0,0,0,0,0,0,0,0,0,0,1,0,0,0,0.021,0.4444444444444444,2010,34
84,0,1,0,0,1,0,-4.803,1.4466867469879519,0,0,0,0,0,0,0,0,0,1,1,0,0,0,1,0,0,0,0,0,0,1,0,0,0,0,0,1,0,0,0,0,3.4011973816621555,7.6708948313621175,0.0,2145.0,81.0,1,0,0,0,0,0,0,1,0,0,0,0,0,0,0,1,0,0,0,0,0,0,0,0,0,0,0,0,1,0,0,0,0.021,0.4444444444444444,2010,34
84,0,1,0,0,1,0,-5.022,1.0776824034334764,0,0,0,0,0,0,0,0,0,1,1,0,0,0,1,0,0,0,0,0,0,0,1,0,0,0,0,1,0,0,0,0,4.0943445622221,7.6708948313621175,0.0,2145.0,81.0,1,0,0,0,0,0,0,1,0,0,0,0,0,0,0,1,0,0,0,0,0,0,0,0,0,0,0,0,1,0,0,0,0.021,0.4444444444444444,2010,34
84,0,1,0,0,1,0,-5.119,0.869100169779287,0,0,0,0,0,0,0,0,0,1,1,0,0,0,1,0,0,0,0,0,0,0,1,0,0,0,0,1,0,0,0,0,4.499809670330265,7.6708948313621175,0.0,2145.0,81.0,1,0,0,0,0,0,0,1,0,0,0,0,0,0,0,1,0,0,0,0,0,0,0,0,0,0,0,0,1,0,0,0,0.021,0.4444444444444444,2010,34
84,0,1,0,0,1,0,-5.303,0.5378296146044625,0,0,0,0,0,0,0,0,0,1,1,0,0,0,1,0,0,0,0,0,0,0,1,0,0,0,0,1,0,0,0,0,5.19295685089021,7.6708948313621175,0.0,2145.0,81.0,1,0,0,0,0,0,0,1,0,0,0,0,0,0,0,1,0,0,0,0,0,0,0,0,0,0,0,0,1,0,0,0,0.021,0.4444444444444444,2010,34
84,0,1,0,0,1,0,-5.398,0.44796680497925306,0,0,0,0,0,0,0,0,0,1,1,0,0,0,1,0,0,0,0,0,0,0,1,0,0,0,0,1,0,0,0,0,5.598421958998375,7.6708948313621175,0.0,2145.0,81.0,1,0,0,0,0,0,0,1,0,0,0,0,0,0,0,1,0,0,0,0,0,0,0,0,0,0,0,0,1,0,0,0,0.021,0.4444444444444444,2010,34
84,0,1,0,0,1,0,-5.517,0.41574981160512436,0,0,0,0,0,0,0,0,0,1,1,0,0,0,1,0,0,0,0,0,0,0,0,1,0,0,0,1,0,0,0,0,5.886104031450156,7.6708948313621175,0.0,2145.0,81.0,1,0,0,0,0,0,0,1,0,0,0,0,0,0,0,1,0,0,0,0,0,0,0,0,0,0,0,0,1,0,0,0,0.021,0.4444444444444444,2010,34
84,0,1,0,0,1,0,-5.334,0.37300699300699297,0,0,0,0,0,0,0,0,0,1,1,0,0,0,1,0,0,0,0,0,0,0,0,0,1,0,0,1,0,0,0,0,6.29156913955832,7.6708948313621175,0.0,2145.0,81.0,1,0,0,0,0,0,0,1,0,0,0,0,0,0,0,1,0,0,0,0,0,0,0,0,0,0,0,0,1,0,0,0,0.021,0.4444444444444444,2010,34
84,0,1,0,0,1,0,-4.66,0.3514328808446456,0,0,0,0,0,0,0,0,0,1,1,0,0,0,1,0,0,0,0,0,0,0,0,0,1,0,0,1,0,0,0,0,6.579251212010101,7.6708948313621175,0.0,2145.0,81.0,1,0,0,0,0,0,0,1,0,0,0,0,0,0,0,1,0,0,0,0,0,0,0,0,0,0,0,0,1,0,0,0,0.021,0.4444444444444444,2010,34
84,0,1,0,0,1,0,-2.129,0.38568840579710145,0,0,0,0,0,0,0,0,0,1,1,0,0,0,1,0,0,0,0,0,0,0,0,0,1,0,0,1,0,0,0,0,6.984716320118266,7.6708948313621175,0.0,2145.0,81.0,1,0,0,0,0,0,0,1,0,0,0,0,0,0,0,1,0,0,0,0,0,0,0,0,0,0,0,0,1,0,0,0,0.021,0.4444444444444444,2010,34
84,0,1,0,0,1,0,-1.444,0.22113323124042877,0,0,0,0,0,0,0,0,0,1,1,0,0,0,1,0,0,0,0,0,0,0,0,0,1,0,0,1,0,0,0,0,7.272398392570047,7.6708948313621175,0.0,2145.0,81.0,1,0,0,0,0,0,0,1,0,0,0,0,0,0,0,1,0,0,0,0,0,0,0,0,0,0,0,0,1,0,0,0,0.021,0.4444444444444444,2010,34
84,0,1,0,0,1,0,-2.466,0.16181102362204725,0,0,0,0,0,0,0,0,0,1,1,0,0,0,1,0,0,0,0,0,0,0,0,0,0,1,0,1,0,0,0,0,7.495541943884256,7.6708948313621175,0.0,2145.0,81.0,1,0,0,0,0,0,0,1,0,0,0,0,0,0,0,1,0,0,0,0,0,0,0,0,0,0,0,0,1,0,0,0,0.021,0.4444444444444444,2010,34
84,0,1,0,0,1,0,1.7399,1.2671327652756537,0,0,0,0,0,1,0,0,0,0,1,0,0,0,1,0,0,0,0,0,1,0,0,0,0,0,0,1,0,0,0,0,0.0,7.528331766707247,0.0,1860.0,79.0,0,0,0,0,0,0,0,1,0,0,0,0,0,0,0,1,0,0,0,0,0,0,0,0,0,0,0,0,1,0,0,0,0.021,0.4444444444444444,2010,34
84,0,1,0,0,1,0,-1.212,1.9548387096774194,0,0,0,0,0,1,0,0,0,0,1,0,0,0,1,0,0,0,0,0,1,0,0,0,0,0,0,1,0,0,0,0,1.9459101490553132,8.146129510025405,0.0,3450.0,78.5,1,0,0,0,0,0,0,1,0,0,0,0,0,0,0,1,0,0,0,0,0,0,0,0,0,0,0,0,1,0,0,0,0.021,0.4444444444444444,2010,34
84,0,1,0,0,1,0,-1.443,1.503125,0,0,0,0,0,1,0,0,0,0,1,0,0,0,1,0,0,0,0,0,0,1,0,0,0,0,0,1,0,0,0,0,3.4011973816621555,8.146129510025405,0.0,3450.0,78.5,1,0,0,0,0,0,0,1,0,0,0,0,0,0,0,1,0,0,0,0,0,0,0,0,0,0,0,0,1,0,0,0,0.021,0.4444444444444444,2010,34
84,0,1,0,0,1,0,-1.67,1.1059602649006621,0,0,0,0,0,1,0,0,0,0,1,0,0,0,1,0,0,0,0,0,0,0,1,0,0,0,0,1,0,0,0,0,4.0943445622221,8.146129510025405,0.0,3450.0,78.5,1,0,0,0,0,0,0,1,0,0,0,0,0,0,0,1,0,0,0,0,0,0,0,0,0,0,0,0,1,0,0,0,0.021,0.4444444444444444,2010,34
84,0,1,0,0,1,0,-1.791,0.8528571428571428,0,0,0,0,0,1,0,0,0,0,1,0,0,0,1,0,0,0,0,0,0,0,1,0,0,0,0,1,0,0,0,0,4.499809670330265,8.146129510025405,0.0,3450.0,78.5,1,0,0,0,0,0,0,1,0,0,0,0,0,0,0,1,0,0,0,0,0,0,0,0,0,0,0,0,1,0,0,0,0.021,0.4444444444444444,2010,34
84,0,1,0,0,1,0,-1.737,0.5809364548494983,0,0,0,0,0,1,0,0,0,0,1,0,0,0,1,0,0,0,0,0,0,0,1,0,0,0,0,1,0,0,0,0,5.19295685089021,8.146129510025405,0.0,3450.0,78.5,1,0,0,0,0,0,0,1,0,0,0,0,0,0,0,1,0,0,0,0,0,0,0,0,0,0,0,0,1,0,0,0,0.021,0.4444444444444444,2010,34
84,0,1,0,0,1,0,-1.734,0.4857142857142857,0,0,0,0,0,1,0,0,0,0,1,0,0,0,1,0,0,0,0,0,0,0,1,0,0,0,0,1,0,0,0,0,5.598421958998375,8.146129510025405,0.0,3450.0,78.5,1,0,0,0,0,0,0,1,0,0,0,0,0,0,0,1,0,0,0,0,0,0,0,0,0,0,0,0,1,0,0,0,0.021,0.4444444444444444,2010,34
84,0,1,0,0,1,0,-2.012,0.4562358276643991,0,0,0,0,0,1,0,0,0,0,1,0,0,0,1,0,0,0,0,0,0,0,0,1,0,0,0,1,0,0,0,0,5.886104031450156,8.146129510025405,0.0,3450.0,78.5,1,0,0,0,0,0,0,1,0,0,0,0,0,0,0,1,0,0,0,0,0,0,0,0,0,0,0,0,1,0,0,0,0.021,0.4444444444444444,2010,34
84,0,1,0,0,1,0,-2.202,0.4412825651302605,0,0,0,0,0,1,0,0,0,0,1,0,0,0,1,0,0,0,0,0,0,0,0,0,1,0,0,1,0,0,0,0,6.29156913955832,8.146129510025405,0.0,3450.0,78.5,1,0,0,0,0,0,0,1,0,0,0,0,0,0,0,1,0,0,0,0,0,0,0,0,0,0,0,0,1,0,0,0,0.021,0.4444444444444444,2010,34
84,0,1,0,0,1,0,-1.826,0.4075892857142857,0,0,0,0,0,1,0,0,0,0,1,0,0,0,1,0,0,0,0,0,0,0,0,0,1,0,0,1,0,0,0,0,6.579251212010101,8.146129510025405,0.0,3450.0,78.5,1,0,0,0,0,0,0,1,0,0,0,0,0,0,0,1,0,0,0,0,0,0,0,0,0,0,0,0,1,0,0,0,0.021,0.4444444444444444,2010,34
84,0,1,0,0,1,0,-0.51,0.34,0,0,0,0,0,1,0,0,0,0,1,0,0,0,1,0,0,0,0,0,0,0,0,0,1,0,0,1,0,0,0,0,6.984716320118266,8.146129510025405,0.0,3450.0,78.5,1,0,0,0,0,0,0,1,0,0,0,0,0,0,0,1,0,0,0,0,0,0,0,0,0,0,0,0,1,0,0,0,0.021,0.4444444444444444,2010,34
84,0,1,0,0,1,0,1.409,0.3056399132321041,0,0,0,0,0,1,0,0,0,0,1,0,0,0,1,0,0,0,0,0,0,0,0,0,1,0,0,1,0,0,0,0,7.272398392570047,8.146129510025405,0.0,3450.0,78.5,1,0,0,0,0,0,0,1,0,0,0,0,0,0,0,1,0,0,0,0,0,0,0,0,0,0,0,0,1,0,0,0,0.021,0.4444444444444444,2010,34
84,0,1,0,0,1,0,2.516,0.15332114564290067,0,0,0,0,0,1,0,0,0,0,1,0,0,0,1,0,0,0,0,0,0,0,0,0,0,1,0,1,0,0,0,0,7.495541943884256,8.146129510025405,0.0,3450.0,78.5,1,0,0,0,0,0,0,1,0,0,0,0,0,0,0,1,0,0,0,0,0,0,0,0,0,0,0,0,1,0,0,0,0.021,0.4444444444444444,2010,34
84,0,1,0,0,1,0,0.495,1.056112652016215,0,0,0,0,0,0,0,1,0,0,0,1,0,0,1,0,0,0,0,0,1,0,0,0,0,0,0,1,0,0,0,0,0.0,7.517520850603031,0.0,1840.0,78.5,0,0,0,0,0,0,0,1,0,0,0,0,0,0,0,1,0,0,0,0,0,0,0,0,0,0,0,0,1,0,0,0,0.021,0.4444444444444444,2010,34
84,0,1,0,0,1,0,-3.358,1.6066985645933016,0,0,0,0,0,0,0,1,0,0,0,1,0,0,1,0,0,0,0,0,1,0,0,0,0,0,0,1,0,0,0,0,1.9459101490553132,8.146129510025405,0.0,3450.0,78.5,1,0,0,0,0,0,0,1,0,0,0,0,0,0,0,1,0,0,0,0,0,0,0,0,0,0,0,0,1,0,0,0,0.021,0.4444444444444444,2010,34
84,0,1,0,0,1,0,-3.107,1.2477911646586346,0,0,0,0,0,0,0,1,0,0,0,1,0,0,1,0,0,0,0,0,0,1,0,0,0,0,0,1,0,0,0,0,3.4011973816621555,8.146129510025405,0.0,3450.0,78.5,1,0,0,0,0,0,0,1,0,0,0,0,0,0,0,1,0,0,0,0,0,0,0,0,0,0,0,0,1,0,0,0,0.021,0.4444444444444444,2010,34
84,0,1,0,0,1,0,-2.894,0.8987577639751553,0,0,0,0,0,0,0,1,0,0,0,1,0,0,1,0,0,0,0,0,0,0,1,0,0,0,0,1,0,0,0,0,4.0943445622221,8.146129510025405,0.0,3450.0,78.5,1,0,0,0,0,0,0,1,0,0,0,0,0,0,0,1,0,0,0,0,0,0,0,0,0,0,0,0,1,0,0,0,0.021,0.4444444444444444,2010,34
84,0,1,0,0,1,0,-2.935,0.7603626943005182,0,0,0,0,0,0,0,1,0,0,0,1,0,0,1,0,0,0,0,0,0,0,1,0,0,0,0,1,0,0,0,0,4.499809670330265,8.146129510025405,0.0,3450.0,78.5,1,0,0,0,0,0,0,1,0,0,0,0,0,0,0,1,0,0,0,0,0,0,0,0,0,0,0,0,1,0,0,0,0.021,0.4444444444444444,2010,34
84,0,1,0,0,1,0,-3.055,0.5177966101694915,0,0,0,0,0,0,0,1,0,0,0,1,0,0,1,0,0,0,0,0,0,0,1,0,0,0,0,1,0,0,0,0,5.19295685089021,8.146129510025405,0.0,3450.0,78.5,1,0,0,0,0,0,0,1,0,0,0,0,0,0,0,1,0,0,0,0,0,0,0,0,0,0,0,0,1,0,0,0,0.021,0.4444444444444444,2010,34
84,0,1,0,0,1,0,-3.067,0.3673053892215569,0,0,0,0,0,0,0,1,0,0,0,1,0,0,1,0,0,0,0,0,0,0,1,0,0,0,0,1,0,0,0,0,5.598421958998375,8.146129510025405,0.0,3450.0,78.5,1,0,0,0,0,0,0,1,0,0,0,0,0,0,0,1,0,0,0,0,0,0,0,0,0,0,0,0,1,0,0,0,0.021,0.4444444444444444,2010,34
84,0,1,0,0,1,0,-2.851,0.33620283018867925,0,0,0,0,0,0,0,1,0,0,0,1,0,0,1,0,0,0,0,0,0,0,0,1,0,0,0,1,0,0,0,0,5.886104031450156,8.146129510025405,0.0,3450.0,78.5,1,0,0,0,0,0,0,1,0,0,0,0,0,0,0,1,0,0,0,0,0,0,0,0,0,0,0,0,1,0,0,0,0.021,0.4444444444444444,2010,34
84,0,1,0,0,1,0,-2.085,0.31306306306306303,0,0,0,0,0,0,0,1,0,0,0,1,0,0,1,0,0,0,0,0,0,0,0,0,1,0,0,1,0,0,0,0,6.29156913955832,8.146129510025405,0.0,3450.0,78.5,1,0,0,0,0,0,0,1,0,0,0,0,0,0,0,1,0,0,0,0,0,0,0,0,0,0,0,0,1,0,0,0,0.021,0.4444444444444444,2010,34
84,0,1,0,0,1,0,-1.239,0.2765625,0,0,0,0,0,0,0,1,0,0,0,1,0,0,1,0,0,0,0,0,0,0,0,0,1,0,0,1,0,0,0,0,6.579251212010101,8.146129510025405,0.0,3450.0,78.5,1,0,0,0,0,0,0,1,0,0,0,0,0,0,0,1,0,0,0,0,0,0,0,0,0,0,0,0,1,0,0,0,0.021,0.4444444444444444,2010,34
84,0,1,0,0,1,0,0.327,0.18793103448275864,0,0,0,0,0,0,0,1,0,0,0,1,0,0,1,0,0,0,0,0,0,0,0,0,1,0,0,1,0,0,0,0,6.984716320118266,8.146129510025405,0.0,3450.0,78.5,1,0,0,0,0,0,0,1,0,0,0,0,0,0,0,1,0,0,0,0,0,0,0,0,0,0,0,0,1,0,0,0,0.021,0.4444444444444444,2010,34
84,0,1,0,0,1,0,1.315,0.216996699669967,0,0,0,0,0,0,0,1,0,0,0,1,0,0,1,0,0,0,0,0,0,0,0,0,1,0,0,1,0,0,0,0,7.272398392570047,8.146129510025405,0.0,3450.0,78.5,1,0,0,0,0,0,0,1,0,0,0,0,0,0,0,1,0,0,0,0,0,0,0,0,0,0,0,0,1,0,0,0,0.021,0.4444444444444444,2010,34
84,0,1,0,0,1,0,1.001,0.12162818955042526,0,0,0,0,0,0,0,1,0,0,0,1,0,0,1,0,0,0,0,0,0,0,0,0,0,1,0,1,0,0,0,0,7.495541943884256,8.146129510025405,0.0,3450.0,78.5,1,0,0,0,0,0,0,1,0,0,0,0,0,0,0,1,0,0,0,0,0,0,0,0,0,0,0,0,1,0,0,0,0.021,0.4444444444444444,2010,34
96,0,1,0,0,1,0,-1.2267,1.0185,1,0,0,0,0,0,0,0,0,0,0,0,1,0,1,0,0,0,0,0,0,0,1,0,0,0,0,0,0,0,1,0,0.0,4.189654742026425,0.0,66.0,74.5,0,0,0,0,0,0,1,0,0,0,0,0,0,0,0,1,0,0,0,0,0,0,0,0,0,0,0,0,0,0,0,1,0.021,0.25,2007,31
96,0,1,0,0,1,0,-0.599,0.7834,1,0,0,0,0,0,0,0,0,0,0,0,1,0,1,0,0,0,0,0,0,0,1,0,0,0,0,0,0,0,1,0,0.0,4.189654742026425,0.0,66.0,74.5,0,0,0,0,0,0,1,0,0,0,0,0,0,0,0,1,0,0,0,0,0,0,0,0,0,0,0,0,0,0,0,1,0.021,0.25,2007,31
96,0,1,0,0,1,0,0.4487,1.0587,0,0,0,0,0,1,0,0,0,0,1,0,0,0,1,0,0,0,0,0,0,0,1,0,0,0,0,0,0,0,1,0,0.0,4.189654742026425,0.0,66.0,74.5,0,0,0,0,0,0,1,0,0,0,0,0,0,0,0,1,0,0,0,0,0,0,0,0,0,0,0,0,0,0,0,1,0.021,0.25,2007,31
96,0,1,0,0,1,0,-1.9371,1.1826,0,0,0,0,0,0,0,1,0,0,0,1,0,0,1,0,0,0,0,0,0,0,1,0,0,0,0,0,0,0,1,0,0.0,4.189654742026425,0.0,66.0,74.5,0,0,0,0,0,0,1,0,0,0,0,0,0,0,0,1,0,0,0,0,0,0,0,0,0,0,0,0,0,0,0,1,0.021,0.25,2007,31
97,1,0,0,1,0,0,0.982,0.014,1,0,0,0,0,0,0,0,0,0,0,0,1,0,1,0,0,0,0,0,0,1,0,0,0,0,0,0,0,1,0,0,0.0,5.303304908059076,0.0,201.0,74.5,0,0,0,0,0,0,1,0,0,0,0,0,0,0,0,1,0,0,0,0,0,0,0,0,0,0,0,0,0,0,0,1,0.021,1.8571428571428572,2005,29
97,1,0,0,1,0,0,0.998,0.012,1,0,0,0,0,0,0,0,0,0,0,0,1,0,1,0,0,0,0,0,0,1,0,0,0,0,0,0,0,1,0,0,0.0,5.303304908059076,0.0,201.0,74.5,0,0,0,0,0,0,1,0,0,0,0,0,0,0,0,1,0,0,0,0,0,0,0,0,0,0,0,0,0,0,0,1,0.021,1.8571428571428572,2005,29
97,1,0,0,1,0,0,0.949,0.024,0,0,0,0,0,1,0,0,0,0,1,0,0,0,1,0,0,0,0,0,0,1,0,0,0,0,0,0,0,1,0,0,0.0,5.303304908059076,0.0,201.0,74.5,0,0,0,0,0,0,1,0,0,0,0,0,0,0,0,1,0,0,0,0,0,0,0,0,0,0,0,0,0,0,0,1,0.021,1.8571428571428572,2005,29
97,1,0,0,1,0,0,0.958,0.019,0,0,0,0,0,0,0,1,0,0,0,1,0,0,1,0,0,0,0,0,0,1,0,0,0,0,0,0,0,1,0,0,0.0,5.303304908059076,0.0,201.0,74.5,0,0,0,0,0,0,1,0,0,0,0,0,0,0,0,1,0,0,0,0,0,0,0,0,0,0,0,0,0,0,0,1,0.021,1.8571428571428572,2005,29
97,1,0,0,1,0,0,0.934,0.046,1,0,0,0,0,0,0,0,0,0,0,0,1,0,1,0,0,0,0,0,0,0,1,0,0,0,0,0,0,0,1,0,0.0,4.204692619390966,0.0,67.0,74.5,0,0,0,0,0,0,1,0,0,0,0,0,0,0,0,1,0,0,0,0,0,0,0,0,0,0,0,0,0,0,0,1,0.021,1.8571428571428572,2005,29
97,1,0,0,1,0,0,0.989,0.036,1,0,0,0,0,0,0,0,0,0,0,0,1,0,1,0,0,0,0,0,0,0,1,0,0,0,0,0,0,0,1,0,0.0,4.204692619390966,0.0,67.0,74.5,0,0,0,0,0,0,1,0,0,0,0,0,0,0,0,1,0,0,0,0,0,0,0,0,0,0,0,0,0,0,0,1,0.021,1.8571428571428572,2005,29
97,1,0,0,1,0,0,0.841,0.073,0,0,0,0,0,1,0,0,0,0,1,0,0,0,1,0,0,0,0,0,0,0,1,0,0,0,0,0,0,0,1,0,0.0,4.204692619390966,0.0,67.0,74.5,0,0,0,0,0,0,1,0,0,0,0,0,0,0,0,1,0,0,0,0,0,0,0,0,0,0,0,0,0,0,0,1,0.021,1.8571428571428572,2005,29
97,1,0,0,1,0,0,0.859,0.058,0,0,0,0,0,0,0,1,0,0,0,1,0,0,1,0,0,0,0,0,0,0,1,0,0,0,0,0,0,0,1,0,0.0,4.204692619390966,0.0,67.0,74.5,0,0,0,0,0,0,1,0,0,0,0,0,0,0,0,1,0,0,0,0,0,0,0,0,0,0,0,0,0,0,0,1,0.021,1.8571428571428572,2005,29
97,0,1,0,0,1,0,-0.53,0.67,1,0,0,0,0,0,0,0,0,0,0,0,1,0,1,0,0,0,0,0,0,1,0,0,0,0,0,0,0,1,0,0,0.0,5.303304908059076,0.0,201.0,74.5,0,0,0,0,0,0,1,0,0,0,0,0,0,0,0,1,0,0,0,0,0,0,0,0,0,0,0,0,0,0,0,1,0.021,1.8571428571428572,2005,29
97,0,1,0,0,1,0,-0.26,0.71,1,0,0,0,0,0,0,0,0,0,0,0,1,0,1,0,0,0,0,0,0,1,0,0,0,0,0,0,0,1,0,0,0.0,5.303304908059076,0.0,201.0,74.5,0,0,0,0,0,0,1,0,0,0,0,0,0,0,0,1,0,0,0,0,0,0,0,0,0,0,0,0,0,0,0,1,0.021,1.8571428571428572,2005,29
97,0,1,0,0,1,0,0.85,0.93,0,0,0,0,0,1,0,0,0,0,1,0,0,0,1,0,0,0,0,0,0,1,0,0,0,0,0,0,0,1,0,0,0.0,5.303304908059076,0.0,201.0,74.5,0,0,0,0,0,0,1,0,0,0,0,0,0,0,0,1,0,0,0,0,0,0,0,0,0,0,0,0,0,0,0,1,0.021,1.8571428571428572,2005,29
97,0,1,0,0,1,0,-1.52,1.07,0,0,0,0,0,0,0,1,0,0,0,1,0,0,1,0,0,0,0,0,0,1,0,0,0,0,0,0,0,1,0,0,0.0,5.303304908059076,0.0,201.0,74.5,0,0,0,0,0,0,1,0,0,0,0,0,0,0,0,1,0,0,0,0,0,0,0,0,0,0,0,0,0,0,0,1,0.021,1.8571428571428572,2005,29
97,0,1,0,0,1,0,-1.23,1.02,1,0,0,0,0,0,0,0,0,0,0,0,1,0,1,0,0,0,0,0,0,0,1,0,0,0,0,0,0,0,1,0,0.0,4.204692619390966,0.0,67.0,74.5,0,0,0,0,0,0,1,0,0,0,0,0,0,0,0,1,0,0,0,0,0,0,0,0,0,0,0,0,0,0,0,1,0.021,1.8571428571428572,2005,29
97,0,1,0,0,1,0,-0.6,0.78,1,0,0,0,0,0,0,0,0,0,0,0,1,0,1,0,0,0,0,0,0,0,1,0,0,0,0,0,0,0,1,0,0.0,4.204692619390966,0.0,67.0,74.5,0,0,0,0,0,0,1,0,0,0,0,0,0,0,0,1,0,0,0,0,0,0,0,0,0,0,0,0,0,0,0,1,0.021,1.8571428571428572,2005,29
97,0,1,0,0,1,0,0.45,1.06,0,0,0,0,0,1,0,0,0,0,1,0,0,0,1,0,0,0,0,0,0,0,1,0,0,0,0,0,0,0,1,0,0.0,4.204692619390966,0.0,67.0,74.5,0,0,0,0,0,0,1,0,0,0,0,0,0,0,0,1,0,0,0,0,0,0,0,0,0,0,0,0,0,0,0,1,0.021,1.8571428571428572,2005,29
97,0,1,0,0,1,0,-1.94,1.18,0,0,0,0,0,0,0,1,0,0,0,1,0,0,1,0,0,0,0,0,0,0,1,0,0,0,0,0,0,0,1,0,0.0,4.204692619390966,0.0,67.0,74.5,0,0,0,0,0,0,1,0,0,0,0,0,0,0,0,1,0,0,0,0,0,0,0,0,0,0,0,0,0,0,0,1,0.021,1.8571428571428572,2005,29
61,1,0,0,1,0,0,0.939473,0.025453075047412628,0,1,0,0,0,0,0,0,0,0,0,0,1,0,1,0,0,0,0,0,0,1,0,0,0,0,0,0,1,0,0,0,1.3862943611198906,5.472270673671475,0.0,238.0,84.0,1,0,0,0,0,0,1,0,0,0,0,0,0,0,0,1,0,0,0,0,0,0,0,0,0,0,0,0,1,0,0,0,0.001,0.375,2011,35
61,1,0,0,1,0,0,0.834159,0.045951325118023925,0,1,0,0,0,0,0,0,0,0,0,0,1,0,1,0,0,0,0,0,0,0,1,0,0,0,0,0,1,0,0,0,2.4849066497880004,5.472270673671475,0.0,238.0,84.0,1,0,0,0,0,0,1,0,0,0,0,0,0,0,0,1,0,0,0,0,0,0,0,0,0,0,0,0,1,0,0,0,0.001,0.375,2011,35
61,1,0,0,1,0,0,0.64682,0.0779348153503223,0,1,0,0,0,0,0,0,0,0,0,0,1,0,1,0,0,0,0,0,0,0,1,0,0,0,0,0,1,0,0,0,3.1780538303479458,5.472270673671475,0.0,238.0,84.0,1,0,0,0,0,0,1,0,0,0,0,0,0,0,0,1,0,0,0,0,0,0,0,0,0,0,0,0,1,0,0,0,0.001,0.375,2011,35
61,1,0,0,1,0,0,-0.0764766,0.1376964350018005,0,1,0,0,0,0,0,0,0,0,0,0,1,0,1,0,0,0,0,0,0,0,0,1,0,0,0,0,1,0,0,0,3.871201010907891,5.472270673671475,0.0,238.0,84.0,1,0,0,0,0,0,1,0,0,0,0,0,0,0,0,1,0,0,0,0,0,0,0,0,0,0,0,0,1,0,0,0,0.001,0.375,2011,35
61,0,1,0,0,1,0,2.01288,0.882068361086766,0,1,0,0,0,0,0,0,0,0,0,0,1,0,1,0,0,0,0,0,0,1,0,0,0,0,0,0,1,0,0,0,1.3862943611198906,5.472270673671475,0.0,238.0,84.0,1,0,0,0,0,0,1,0,0,0,0,0,0,0,0,1,0,0,0,0,0,0,0,0,0,0,0,0,1,0,0,0,0.001,0.375,2011,35
61,0,1,0,0,1,0,2.37086,0.516865053411816,0,1,0,0,0,0,0,0,0,0,0,0,1,0,1,0,0,0,0,0,0,0,1,0,0,0,0,0,1,0,0,0,2.4849066497880004,5.472270673671475,0.0,238.0,84.0,1,0,0,0,0,0,1,0,0,0,0,0,0,0,0,1,0,0,0,0,0,0,0,0,0,0,0,0,1,0,0,0,0.001,0.375,2011,35
61,0,1,0,0,1,0,2.39324,0.3953808029076491,0,1,0,0,0,0,0,0,0,0,0,0,1,0,1,0,0,0,0,0,0,0,1,0,0,0,0,0,1,0,0,0,3.1780538303479458,5.472270673671475,0.0,238.0,84.0,1,0,0,0,0,0,1,0,0,0,0,0,0,0,0,1,0,0,0,0,0,0,0,0,0,0,0,0,1,0,0,0,0.001,0.375,2011,35
61,0,1,0,0,1,0,3.09222,0.25502845360824744,0,1,0,0,0,0,0,0,0,0,0,0,1,0,1,0,0,0,0,0,0,0,0,1,0,0,0,0,1,0,0,0,3.871201010907891,5.472270673671475,0.0,238.0,84.0,1,0,0,0,0,0,1,0,0,0,0,0,0,0,0,1,0,0,0,0,0,0,0,0,0,0,0,0,1,0,0,0,0.001,0.375,2011,35
107,1,0,0,1,0,0,0.9395,0.0255,0,1,0,0,0,0,0,0,0,0,0,0,1,0,1,0,0,0,0,0,0,1,0,0,0,0,0,0,1,0,0,0,1.3862943611198906,5.472270673671475,0.0,238.0,84.0,1,0,0,0,0,0,1,0,0,0,0,0,0,0,0,1,0,0,0,0,0,0,0,0,0,0,0,0,1,0,0,0,0.001,0.0,2011,35
107,1,0,0,1,0,0,0.9557,0.025,0,1,0,0,0,0,0,0,0,0,0,1,0,0,1,0,0,0,0,0,0,1,0,0,0,0,0,0,1,0,0,0,1.3862943611198906,5.472270673671475,0.0,238.0,84.0,1,0,0,0,0,0,1,0,0,0,0,0,0,0,0,1,0,0,0,0,0,0,0,0,0,0,0,0,1,0,0,0,0.001,0.0,2011,35
107,0,1,0,0,1,0,2.0129,0.882,0,1,0,0,0,0,0,0,0,0,0,0,1,0,1,0,0,0,0,0,0,1,0,0,0,0,0,0,1,0,0,0,1.3862943611198906,5.472270673671475,0.0,238.0,84.0,1,0,0,0,0,0,1,0,0,0,0,0,0,0,0,1,0,0,0,0,0,0,0,0,0,0,0,0,1,0,0,0,0.001,0.0,2011,35
107,0,1,0,0,1,0,-1.71243,0.7529,0,1,0,0,0,0,0,0,0,0,0,1,0,0,1,0,0,0,0,0,0,1,0,0,0,0,0,0,1,0,0,0,1.3862943611198906,5.472270673671475,0.0,238.0,84.0,1,0,0,0,0,0,1,0,0,0,0,0,0,0,0,1,0,0,0,0,0,0,0,0,0,0,0,0,1,0,0,0,0.001,0.0,2011,35
107,0,1,0,0,1,0,1.152,0.8264,0,1,0,0,0,0,0,0,0,0,0,0,1,0,1,0,0,0,0,0,0,1,0,0,0,0,0,0,1,0,0,0,1.3862943611198906,5.472270673671475,0.0,238.0,84.0,1,0,0,0,0,0,0,0,0,0,0,0,1,0,0,1,0,0,0,0,0,0,0,0,0,0,0,0,1,0,0,0,0.001,0.0,2011,35
107,0,1,0,0,1,0,-1.5828,0.426,0,1,0,0,0,0,0,0,0,0,0,1,0,0,1,0,0,0,0,0,0,1,0,0,0,0,0,0,1,0,0,0,1.3862943611198906,5.472270673671475,0.0,238.0,84.0,1,0,0,0,0,0,0,0,0,0,0,0,1,0,0,1,0,0,0,0,0,0,0,0,0,0,0,0,1,0,0,0,0.001,0.0,2011,35
149,0,1,0,0,1,0,1.63,0.63,0,1,0,0,0,0,0,0,0,0,1,0,0,0,1,0,0,0,0,0,0,1,0,0,0,0,0,0,0,1,0,0,0.0,5.0106352940962555,0.0,150.0,85.5,0,0,0,0,0,0,1,0,0,0,0,0,0,0,0,1,0,0,0,0,0,0,0,0,0,0,0,0,0,0,0,1,0.001,0.3333333333333333,2016,40
149,0,1,0,0,1,0,0.27,0.55,0,1,0,0,0,0,0,0,0,0,1,0,0,0,1,0,0,0,0,0,0,1,0,0,0,0,0,0,0,1,0,0,0.0,4.976733742420574,0.0,145.0,85.0,0,0,0,0,0,0,1,0,0,0,0,0,0,0,0,1,0,0,0,0,0,0,0,0,0,0,0,0,0,0,0,1,0.001,0.3333333333333333,2016,40
149,0,1,0,0,1,0,1.14,0.3,0,1,0,0,0,0,0,0,0,0,1,0,0,0,1,0,0,0,0,0,0,1,0,0,0,0,0,0,0,1,0,0,0.0,5.0106352940962555,0.0,150.0,85.5,0,0,0,0,0,0,0,0,0,0,0,0,0,0,1,1,0,0,0,0,0,0,0,0,0,0,0,0,0,0,0,1,0.001,0.3333333333333333,2016,40
149,0,1,0,0,1,0,0.78,0.2,0,1,0,0,0,0,0,0,0,0,1,0,0,0,1,0,0,0,0,0,0,1,0,0,0,0,0,0,0,1,0,0,0.0,4.976733742420574,0.0,145.0,85.0,0,0,0,0,0,0,0,0,0,0,0,0,0,0,1,1,0,0,0,0,0,0,0,0,0,0,0,0,0,0,0,1,0.001,0.3333333333333333,2016,40
149,0,1,0,0,1,0,0.0423,0.234,0,0,1,0,0,0,0,0,0,0,0,0,0,1,1,0,0,0,0,0,0,1,0,0,0,0,0,0,0,1,0,0,0.0,5.886104031450156,3.6375861597263857,13680.0,77.0,0,0,0,0,0,0,0,0,0,0,0,0,0,0,0,1,0,0,0,0,0,0,0,0,0,0,0,0,0,0,0,1,0.001,0.3333333333333333,2016,40
149,0,1,0,0,1,0,0.674,0.111,0,0,1,0,0,0,0,0,0,0,0,0,0,1,1,0,0,0,0,0,0,1,0,0,0,0,0,0,0,1,0,0,0.0,5.736572297479192,3.332204510175204,8680.0,79.0,0,0,0,0,0,0,0,0,0,0,0,0,0,0,0,1,0,0,0,0,0,0,0,0,0,0,0,0,0,0,0,1,0.001,0.3333333333333333,2016,40
149,0,1,0,0,1,0,0.691,0.116,0,0,1,0,0,0,0,0,0,0,0,0,0,1,1,0,0,0,0,0,0,1,0,0,0,0,0,0,0,1,0,0,0.0,5.720311776607412,3.332204510175204,8540.0,78.5,0,0,0,0,0,0,0,0,0,0,0,0,0,0,0,1,0,0,0,0,0,0,0,0,0,0,0,0,0,0,0,1,0.001,0.3333333333333333,2016,40
149,0,1,0,0,1,0,-0.055452,1.036758,1,0,0,0,0,0,0,0,0,0,1,0,0,0,1,0,0,0,0,0,0,1,0,0,0,0,0,0,0,1,0,0,0.0,5.886104031450156,0.0,360.0,77.0,0,0,0,0,0,0,0,0,0,0,0,0,1,0,0,1,0,0,0,0,0,0,0,0,0,0,0,0,0,0,0,1,0.001,0.3333333333333333,2016,40
149,0,1,0,0,1,0,0.951426,1.142279,1,0,0,0,0,0,0,0,0,0,1,0,0,0,1,0,0,0,0,0,0,1,0,0,0,0,0,0,0,1,0,0,0.0,5.886104031450156,0.0,360.0,77.0,0,0,0,0,0,0,0,0,0,0,0,0,1,0,0,1,0,0,0,0,0,0,0,0,0,0,0,0,0,0,0,1,0.001,0.3333333333333333,2016,40
149,0,1,0,0,1,0,-0.256341,0.567452,1,0,0,0,0,0,0,0,0,0,1,0,0,0,1,0,0,0,0,0,0,1,0,0,0,0,0,0,0,1,0,0,0.0,5.886104031450156,0.0,360.0,77.0,0,0,0,0,0,0,0,0,0,0,0,0,1,0,0,1,0,0,0,0,0,0,0,0,0,0,0,0,0,0,0,1,0.001,0.3333333333333333,2016,40
149,0,1,0,0,1,0,-0.210972,0.628829,1,0,0,0,0,0,0,0,0,0,1,0,0,0,1,0,0,0,0,0,0,1,0,0,0,0,0,0,0,1,0,0,0.0,5.886104031450156,0.0,360.0,77.0,0,0,0,0,0,0,0,0,0,0,0,0,1,0,0,1,0,0,0,0,0,0,0,0,0,0,0,0,0,0,0,1,0.001,0.3333333333333333,2016,40
149,0,1,0,0,1,0,0.225936,0.523374,1,0,0,0,0,0,0,0,0,0,1,0,0,0,1,0,0,0,0,0,0,1,0,0,0,0,0,0,0,1,0,0,0.0,5.886104031450156,0.0,360.0,77.0,0,0,0,0,0,0,0,0,0,0,0,0,1,0,0,1,0,0,0,0,0,0,0,0,0,0,0,0,0,0,0,1,0.001,0.3333333333333333,2016,40
149,0,1,0,0,1,0,-0.590093,0.664642,1,0,0,0,0,0,0,0,0,0,1,0,0,0,1,0,0,0,0,0,0,1,0,0,0,0,0,0,0,1,0,0,0.0,5.886104031450156,0.0,360.0,77.0,0,0,0,0,0,0,0,0,0,0,0,0,1,0,0,1,0,0,0,0,0,0,0,0,0,0,0,0,0,0,0,1,0.001,0.3333333333333333,2016,40
149,0,1,0,0,1,0,0.835662,0.177682,0,1,0,0,0,0,0,0,0,0,1,0,0,0,1,0,0,0,0,0,0,1,0,0,0,0,0,0,0,1,0,0,0.0,5.886104031450156,0.0,360.0,77.0,0,0,0,0,0,0,0,0,0,0,0,0,1,0,0,1,0,0,0,0,0,0,0,0,0,0,0,0,0,0,0,1,0.001,0.3333333333333333,2016,40
149,0,1,0,0,1,0,2.832038,1.866348,1,0,0,0,0,0,0,0,0,0,1,0,0,0,1,0,0,0,0,0,0,1,0,0,0,0,0,0,0,1,0,0,0.0,5.886104031450156,0.0,360.0,77.0,0,0,0,0,0,0,0,0,0,0,0,0,1,0,0,1,0,0,0,0,0,0,0,0,0,0,0,0,0,0,0,1,0.001,0.3333333333333333,2016,40
149,0,1,0,0,1,0,-0.081047,1.227255,1,0,0,0,0,0,0,0,0,0,1,0,0,0,1,0,0,0,0,0,0,1,0,0,0,0,0,0,0,1,0,0,0.0,5.886104031450156,0.0,360.0,77.0,0,0,0,0,0,0,0,0,0,0,0,0,1,0,0,1,0,0,0,0,0,0,0,0,0,0,0,0,0,0,0,1,0.001,0.3333333333333333,2016,40
149,0,1,0,0,1,0,-0.18336,2.726763,1,0,0,0,0,0,0,0,0,0,1,0,0,0,1,0,0,0,0,0,0,1,0,0,0,0,0,0,0,1,0,0,0.0,5.886104031450156,0.0,360.0,77.0,0,0,0,0,0,0,0,0,0,0,0,0,1,0,0,1,0,0,0,0,0,0,0,0,0,0,0,0,0,0,0,1,0.001,0.3333333333333333,2016,40
149,0,1,0,0,1,0,-0.32947,1.48875,1,0,0,0,0,0,0,0,0,0,1,0,0,0,1,0,0,0,0,0,0,1,0,0,0,0,0,0,0,1,0,0,0.0,5.886104031450156,0.0,360.0,77.0,0,0,0,0,0,0,0,0,0,0,0,0,1,0,0,1,0,0,0,0,0,0,0,0,0,0,0,0,0,0,0,1,0.001,0.3333333333333333,2016,40
149,0,1,0,0,1,0,0.117575,0.424865,1,0,0,0,0,0,0,0,0,0,1,0,0,0,1,0,0,0,0,0,0,1,0,0,0,0,0,0,0,1,0,0,0.0,5.886104031450156,0.0,360.0,77.0,0,0,0,0,0,0,0,0,0,0,0,0,1,0,0,1,0,0,0,0,0,0,0,0,0,0,0,0,0,0,0,1,0.001,0.3333333333333333,2016,40
149,0,1,0,0,1,0,-0.005152,0.051993,1,0,0,0,0,0,0,0,0,0,0,1,0,0,1,0,0,0,0,0,0,1,0,0,0,0,0,0,0,1,0,0,0.0,5.886104031450156,0.0,360.0,77.0,0,0,0,0,0,0,0,0,0,0,0,0,1,0,0,1,0,0,0,0,0,0,0,0,0,0,0,0,0,0,0,1,0.001,0.3333333333333333,2016,40
149,0,1,0,0,1,0,0.211882,0.238097,0,1,0,0,0,0,0,0,0,0,0,1,0,0,1,0,0,0,0,0,0,1,0,0,0,0,0,0,0,1,0,0,0.0,5.886104031450156,0.0,360.0,77.0,0,0,0,0,0,0,0,0,0,0,0,0,1,0,0,1,0,0,0,0,0,0,0,0,0,0,0,0,0,0,0,1,0.001,0.3333333333333333,2016,40
149,0,1,0,0,1,0,0.684808,0.251666,0,1,0,0,0,0,0,0,0,0,0,1,0,0,1,0,0,0,0,0,0,1,0,0,0,0,0,0,0,1,0,0,0.0,5.886104031450156,0.0,360.0,77.0,0,0,0,0,0,0,0,0,0,0,0,0,1,0,0,1,0,0,0,0,0,0,0,0,0,0,0,0,0,0,0,1,0.001,0.3333333333333333,2016,40
149,0,1,0,0,1,0,0.605352,0.560023,0,1,0,0,0,0,0,0,0,0,0,1,0,0,1,0,0,0,0,0,0,1,0,0,0,0,0,0,0,1,0,0,0.0,5.886104031450156,0.0,360.0,77.0,0,0,0,0,0,0,0,0,0,0,0,0,1,0,0,1,0,0,0,0,0,0,0,0,0,0,0,0,0,0,0,1,0.001,0.3333333333333333,2016,40
149,0,1,0,0,1,0,0.043128,0.148903,0,1,0,0,0,0,0,0,0,0,0,1,0,0,1,0,0,0,0,0,0,1,0,0,0,0,0,0,0,1,0,0,0.0,5.886104031450156,0.0,360.0,77.0,0,0,0,0,0,0,0,0,0,0,0,0,1,0,0,1,0,0,0,0,0,0,0,0,0,0,0,0,0,0,0,1,0.001,0.3333333333333333,2016,40
149,0,1,0,0,1,0,0.019414,0.296496,1,0,0,0,0,0,0,0,0,0,0,1,0,0,1,0,0,0,0,0,0,1,0,0,0,0,0,0,0,1,0,0,0.0,5.886104031450156,0.0,360.0,77.0,0,0,0,0,0,0,0,0,0,0,0,0,1,0,0,1,0,0,0,0,0,0,0,0,0,0,0,0,0,0,0,1,0.001,0.3333333333333333,2016,40
149,0,1,0,0,1,0,1.263445,0.708559,1,0,0,0,0,0,0,0,0,0,0,1,0,0,1,0,0,0,0,0,0,1,0,0,0,0,0,0,0,1,0,0,0.0,5.886104031450156,0.0,360.0,77.0,0,0,0,0,0,0,0,0,0,0,0,0,1,0,0,1,0,0,0,0,0,0,0,0,0,0,0,0,0,0,0,1,0.001,0.3333333333333333,2016,40
149,0,1,0,0,1,0,1.2537,0.374704,0,1,0,0,0,0,0,0,0,0,0,1,0,0,1,0,0,0,0,0,0,1,0,0,0,0,0,0,0,1,0,0,0.0,5.886104031450156,0.0,360.0,77.0,0,0,0,0,0,0,0,0,0,0,0,0,1,0,0,1,0,0,0,0,0,0,0,0,0,0,0,0,0,0,0,1,0.001,0.3333333333333333,2016,40
149,0,1,0,0,1,0,-0.011813,0.024083,1,0,0,0,0,0,0,0,0,0,0,0,1,0,1,0,0,0,0,0,0,1,0,0,0,0,0,0,0,1,0,0,0.0,5.886104031450156,0.0,360.0,77.0,0,0,0,0,0,0,0,0,0,0,0,0,1,0,0,1,0,0,0,0,0,0,0,0,0,0,0,0,0,0,0,1,0.001,0.3333333333333333,2016,40
149,0,1,0,0,1,0,0.654981,0.140163,1,0,0,0,0,0,0,0,0,0,0,0,1,0,1,0,0,0,0,0,0,1,0,0,0,0,0,0,0,1,0,0,0.0,5.886104031450156,0.0,360.0,77.0,0,0,0,0,0,0,0,0,0,0,0,0,1,0,0,1,0,0,0,0,0,0,0,0,0,0,0,0,0,0,0,1,0.001,0.3333333333333333,2016,40
149,0,1,0,0,1,0,0.483979,0.151652,0,1,0,0,0,0,0,0,0,0,0,1,0,0,1,0,0,0,0,0,0,1,0,0,0,0,0,0,0,1,0,0,0.0,5.886104031450156,0.0,360.0,77.0,0,0,0,0,0,0,0,0,0,0,0,0,1,0,0,1,0,0,0,0,0,0,0,0,0,0,0,0,0,0,0,1,0.001,0.3333333333333333,2016,40
149,0,1,0,0,1,0,-1.007552,0.667623,0,1,0,0,0,0,0,0,0,0,0,0,1,0,1,0,0,0,0,0,0,1,0,0,0,0,0,0,0,1,0,0,0.0,5.886104031450156,0.0,360.0,77.0,0,0,0,0,0,0,0,0,0,0,0,0,1,0,0,1,0,0,0,0,0,0,0,0,0,0,0,0,0,0,0,1,0.001,0.3333333333333333,2016,40
149,0,1,0,0,1,0,0.7452,0.045838,0,1,0,0,0,0,0,0,0,0,0,0,1,0,1,0,0,0,0,0,0,1,0,0,0,0,0,0,0,1,0,0,0.0,5.886104031450156,0.0,360.0,77.0,0,0,0,0,0,0,0,0,0,0,0,0,1,0,0,1,0,0,0,0,0,0,0,0,0,0,0,0,0,0,0,1,0.001,0.3333333333333333,2016,40
149,0,1,0,0,1,0,0.609262,0.644054,0,1,0,0,0,0,0,0,0,0,0,0,1,0,1,0,0,0,0,0,0,1,0,0,0,0,0,0,0,1,0,0,0.0,5.886104031450156,0.0,360.0,77.0,0,0,0,0,0,0,0,0,0,0,0,0,1,0,0,1,0,0,0,0,0,0,0,0,0,0,0,0,0,0,0,1,0.001,0.3333333333333333,2016,40
149,0,1,0,0,1,0,1.201606,0.793133,0,1,0,0,0,0,0,0,0,0,0,0,1,0,1,0,0,0,0,0,0,1,0,0,0,0,0,0,0,1,0,0,0.0,5.886104031450156,0.0,360.0,77.0,0,0,0,0,0,0,0,0,0,0,0,0,1,0,0,1,0,0,0,0,0,0,0,0,0,0,0,0,0,0,0,1,0.001,0.3333333333333333,2016,40
149,0,1,0,0,1,0,-0.170692,0.302543,0,1,0,0,0,0,0,0,0,0,0,0,1,0,1,0,0,0,0,0,0,1,0,0,0,0,0,0,0,1,0,0,0.0,5.886104031450156,0.0,360.0,77.0,0,0,0,0,0,0,0,0,0,0,0,0,1,0,0,1,0,0,0,0,0,0,0,0,0,0,0,0,0,0,0,1,0.001,0.3333333333333333,2016,40
149,0,1,0,0,1,0,-1.034062,0.709376,1,0,0,0,0,0,0,0,0,0,0,0,1,0,1,0,0,0,0,0,0,1,0,0,0,0,0,0,0,1,0,0,0.0,5.886104031450156,0.0,360.0,77.0,0,0,0,0,0,0,0,0,0,0,0,0,1,0,0,1,0,0,0,0,0,0,0,0,0,0,0,0,0,0,0,1,0.001,0.3333333333333333,2016,40
149,0,1,0,0,1,0,-0.077358,0.936913,0,0,0,0,0,1,0,0,0,0,1,0,0,0,1,0,0,0,0,0,0,1,0,0,0,0,0,0,0,1,0,0,0.0,5.886104031450156,0.0,360.0,77.0,0,0,0,0,0,0,0,0,0,0,0,0,1,0,0,1,0,0,0,0,0,0,0,0,0,0,0,0,0,0,0,1,0.001,0.3333333333333333,2016,40
149,0,1,0,0,1,0,-0.444992,1.859915,1,0,0,0,0,0,0,0,0,0,0,0,1,0,1,0,0,0,0,0,0,1,0,0,0,0,0,0,0,1,0,0,0.0,5.886104031450156,0.0,360.0,77.0,0,0,0,0,0,0,0,0,0,0,0,0,1,0,0,1,0,0,0,0,0,0,0,0,0,0,0,0,0,0,0,1,0.001,0.3333333333333333,2016,40
149,0,1,0,0,1,0,0.188248,0.688656,1,0,0,0,0,0,0,0,0,0,1,0,0,0,1,0,0,0,0,0,0,1,0,0,0,0,0,0,0,1,0,0,0.0,5.886104031450156,0.0,360.0,77.0,0,0,0,0,0,0,0,0,0,0,0,0,1,0,0,1,0,0,0,0,0,0,0,0,0,0,0,0,0,0,0,1,0.001,0.3333333333333333,2016,40
149,0,1,0,0,1,0,-0.403266,0.274321,0,0,0,0,0,0,0,1,0,0,0,1,0,0,1,0,0,0,0,0,0,1,0,0,0,0,0,0,0,1,0,0,0.0,5.886104031450156,0.0,360.0,77.0,0,0,0,0,0,0,0,0,0,0,0,0,1,0,0,1,0,0,0,0,0,0,0,0,0,0,0,0,0,0,0,1,0.001,0.3333333333333333,2016,40
149,0,1,0,0,1,0,-0.832035,0.740785,1,0,0,0,0,0,0,0,0,0,0,0,1,0,1,0,0,0,0,0,0,1,0,0,0,0,0,0,0,1,0,0,0.0,5.886104031450156,0.0,360.0,77.0,0,0,0,0,0,0,0,0,0,0,0,0,1,0,0,1,0,0,0,0,0,0,0,0,0,0,0,0,0,0,0,1,0.001,0.3333333333333333,2016,40
149,0,1,0,0,1,0,0.866343,0.940861,1,0,0,0,0,0,0,0,0,0,1,0,0,0,1,0,0,0,0,0,0,1,0,0,0,0,0,0,0,1,0,0,0.0,5.886104031450156,0.0,360.0,77.0,0,0,0,0,0,0,0,0,0,0,0,0,1,0,0,1,0,0,0,0,0,0,0,0,0,0,0,0,0,0,0,1,0.001,0.3333333333333333,2016,40
149,0,1,0,0,1,0,-0.041141,0.330024,1,0,0,0,0,0,0,0,0,0,1,0,0,0,1,0,0,0,0,0,0,1,0,0,0,0,0,0,0,1,0,0,0.0,5.886104031450156,0.0,360.0,77.0,0,0,0,0,0,0,0,0,0,0,0,0,1,0,0,1,0,0,0,0,0,0,0,0,0,0,0,0,0,0,0,1,0.001,0.3333333333333333,2016,40
149,0,1,0,0,1,0,0.431064,0.374692,0,0,0,0,0,0,0,0,1,0,1,0,0,0,1,0,0,0,0,0,0,1,0,0,0,0,0,0,0,1,0,0,0.0,5.886104031450156,0.0,360.0,77.0,0,0,0,0,0,0,0,0,0,0,0,0,1,0,0,1,0,0,0,0,0,0,0,0,0,0,0,0,0,0,0,1,0.001,0.3333333333333333,2016,40
149,0,1,0,0,1,0,-0.606863,0.490554,0,0,0,0,0,0,0,0,0,1,1,0,0,0,1,0,0,0,0,0,0,1,0,0,0,0,0,0,0,1,0,0,0.0,5.220355825078324,0.0,185.0,84.5,0,0,0,0,0,0,0,0,0,0,0,0,1,0,0,1,0,0,0,0,0,0,0,0,0,0,0,0,0,0,0,1,0.001,0.3333333333333333,2016,40
149,0,1,0,0,1,0,1.574322,1.8233,1,0,0,0,0,0,0,0,0,0,1,0,0,0,1,0,0,0,0,0,0,1,0,0,0,0,0,0,0,1,0,0,0.0,5.886104031450156,0.0,360.0,77.0,0,0,0,0,0,0,0,0,0,0,0,0,0,0,1,1,0,0,0,0,0,0,0,0,0,0,0,0,0,0,0,1,0.001,0.3333333333333333,2016,40
149,0,1,0,0,1,0,0.746774,1.18104,1,0,0,0,0,0,0,0,0,0,1,0,0,0,1,0,0,0,0,0,0,1,0,0,0,0,0,0,0,1,0,0,0.0,5.886104031450156,0.0,360.0,77.0,0,0,0,0,0,0,0,0,0,0,0,0,0,0,1,1,0,0,0,0,0,0,0,0,0,0,0,0,0,0,0,1,0.001,0.3333333333333333,2016,40
149,0,1,0,0,1,0,0.395206,1.182434,1,0,0,0,0,0,0,0,0,0,1,0,0,0,1,0,0,0,0,0,0,1,0,0,0,0,0,0,0,1,0,0,0.0,5.886104031450156,0.0,360.0,77.0,0,0,0,0,0,0,0,0,0,0,0,0,0,0,1,1,0,0,0,0,0,0,0,0,0,0,0,0,0,0,0,1,0.001,0.3333333333333333,2016,40
149,0,1,0,0,1,0,-1.094828,1.355177,1,0,0,0,0,0,0,0,0,0,1,0,0,0,1,0,0,0,0,0,0,1,0,0,0,0,0,0,0,1,0,0,0.0,5.886104031450156,0.0,360.0,77.0,0,0,0,0,0,0,0,0,0,0,0,0,0,0,1,1,0,0,0,0,0,0,0,0,0,0,0,0,0,0,0,1,0.001,0.3333333333333333,2016,40
149,0,1,0,0,1,0,-0.213387,0.99251,1,0,0,0,0,0,0,0,0,0,1,0,0,0,1,0,0,0,0,0,0,1,0,0,0,0,0,0,0,1,0,0,0.0,5.886104031450156,0.0,360.0,77.0,0,0,0,0,0,0,0,0,0,0,0,0,0,0,1,1,0,0,0,0,0,0,0,0,0,0,0,0,0,0,0,1,0.001,0.3333333333333333,2016,40
149,0,1,0,0,1,0,-1.254164,0.931401,1,0,0,0,0,0,0,0,0,0,1,0,0,0,1,0,0,0,0,0,0,1,0,0,0,0,0,0,0,1,0,0,0.0,5.886104031450156,0.0,360.0,77.0,0,0,0,0,0,0,0,0,0,0,0,0,0,0,1,1,0,0,0,0,0,0,0,0,0,0,0,0,0,0,0,1,0.001,0.3333333333333333,2016,40
149,0,1,0,0,1,0,0.775033,0.257411,0,1,0,0,0,0,0,0,0,0,1,0,0,0,1,0,0,0,0,0,0,1,0,0,0,0,0,0,0,1,0,0,0.0,5.886104031450156,0.0,360.0,77.0,0,0,0,0,0,0,0,0,0,0,0,0,0,0,1,1,0,0,0,0,0,0,0,0,0,0,0,0,0,0,0,1,0.001,0.3333333333333333,2016,40
149,0,1,0,0,1,0,1.331413,2.221223,1,0,0,0,0,0,0,0,0,0,1,0,0,0,1,0,0,0,0,0,0,1,0,0,0,0,0,0,0,1,0,0,0.0,5.886104031450156,0.0,360.0,77.0,0,0,0,0,0,0,0,0,0,0,0,0,0,0,1,1,0,0,0,0,0,0,0,0,0,0,0,0,0,0,0,1,0.001,0.3333333333333333,2016,40
149,0,1,0,0,1,0,-0.222313,1.752365,1,0,0,0,0,0,0,0,0,0,1,0,0,0,1,0,0,0,0,0,0,1,0,0,0,0,0,0,0,1,0,0,0.0,5.886104031450156,0.0,360.0,77.0,0,0,0,0,0,0,0,0,0,0,0,0,0,0,1,1,0,0,0,0,0,0,0,0,0,0,0,0,0,0,0,1,0.001,0.3333333333333333,2016,40
149,0,1,0,0,1,0,0.580593,3.937464,1,0,0,0,0,0,0,0,0,0,1,0,0,0,1,0,0,0,0,0,0,1,0,0,0,0,0,0,0,1,0,0,0.0,5.886104031450156,0.0,360.0,77.0,0,0,0,0,0,0,0,0,0,0,0,0,0,0,1,1,0,0,0,0,0,0,0,0,0,0,0,0,0,0,0,1,0.001,0.3333333333333333,2016,40
149,0,1,0,0,1,0,-0.830621,1.783924,1,0,0,0,0,0,0,0,0,0,1,0,0,0,1,0,0,0,0,0,0,1,0,0,0,0,0,0,0,1,0,0,0.0,5.886104031450156,0.0,360.0,77.0,0,0,0,0,0,0,0,0,0,0,0,0,0,0,1,1,0,0,0,0,0,0,0,0,0,0,0,0,0,0,0,1,0.001,0.3333333333333333,2016,40
149,0,1,0,0,1,0,0.107089,0.43366,1,0,0,0,0,0,0,0,0,0,1,0,0,0,1,0,0,0,0,0,0,1,0,0,0,0,0,0,0,1,0,0,0.0,5.886104031450156,0.0,360.0,77.0,0,0,0,0,0,0,0,0,0,0,0,0,0,0,1,1,0,0,0,0,0,0,0,0,0,0,0,0,0,0,0,1,0.001,0.3333333333333333,2016,40
149,0,1,0,0,1,0,-0.000225,0.055528,1,0,0,0,0,0,0,0,0,0,0,1,0,0,1,0,0,0,0,0,0,1,0,0,0,0,0,0,0,1,0,0,0.0,5.886104031450156,0.0,360.0,77.0,0,0,0,0,0,0,0,0,0,0,0,0,0,0,1,1,0,0,0,0,0,0,0,0,0,0,0,0,0,0,0,1,0.001,0.3333333333333333,2016,40
149,0,1,0,0,1,0,0.21561,0.301915,0,1,0,0,0,0,0,0,0,0,0,1,0,0,1,0,0,0,0,0,0,1,0,0,0,0,0,0,0,1,0,0,0.0,5.886104031450156,0.0,360.0,77.0,0,0,0,0,0,0,0,0,0,0,0,0,0,0,1,1,0,0,0,0,0,0,0,0,0,0,0,0,0,0,0,1,0.001,0.3333333333333333,2016,40
149,0,1,0,0,1,0,0.63764,0.33495,0,1,0,0,0,0,0,0,0,0,0,1,0,0,1,0,0,0,0,0,0,1,0,0,0,0,0,0,0,1,0,0,0.0,5.886104031450156,0.0,360.0,77.0,0,0,0,0,0,0,0,0,0,0,0,0,0,0,1,1,0,0,0,0,0,0,0,0,0,0,0,0,0,0,0,1,0.001,0.3333333333333333,2016,40
149,0,1,0,0,1,0,0.730364,0.825104,0,1,0,0,0,0,0,0,0,0,0,1,0,0,1,0,0,0,0,0,0,1,0,0,0,0,0,0,0,1,0,0,0.0,5.886104031450156,0.0,360.0,77.0,0,0,0,0,0,0,0,0,0,0,0,0,0,0,1,1,0,0,0,0,0,0,0,0,0,0,0,0,0,0,0,1,0.001,0.3333333333333333,2016,40
149,0,1,0,0,1,0,0.003613,0.180613,0,1,0,0,0,0,0,0,0,0,0,1,0,0,1,0,0,0,0,0,0,1,0,0,0,0,0,0,0,1,0,0,0.0,5.886104031450156,0.0,360.0,77.0,0,0,0,0,0,0,0,0,0,0,0,0,0,0,1,1,0,0,0,0,0,0,0,0,0,0,0,0,0,0,0,1,0.001,0.3333333333333333,2016,40
149,0,1,0,0,1,0,-0.159353,0.486007,1,0,0,0,0,0,0,0,0,0,0,1,0,0,1,0,0,0,0,0,0,1,0,0,0,0,0,0,0,1,0,0,0.0,5.886104031450156,0.0,360.0,77.0,0,0,0,0,0,0,0,0,0,0,0,0,0,0,1,1,0,0,0,0,0,0,0,0,0,0,0,0,0,0,0,1,0.001,0.3333333333333333,2016,40
149,0,1,0,0,1,0,0.989627,0.926736,1,0,0,0,0,0,0,0,0,0,0,1,0,0,1,0,0,0,0,0,0,1,0,0,0,0,0,0,0,1,0,0,0.0,5.886104031450156,0.0,360.0,77.0,0,0,0,0,0,0,0,0,0,0,0,0,0,0,1,1,0,0,0,0,0,0,0,0,0,0,0,0,0,0,0,1,0.001,0.3333333333333333,2016,40
149,0,1,0,0,1,0,1.653831,0.4794,0,1,0,0,0,0,0,0,0,0,0,1,0,0,1,0,0,0,0,0,0,1,0,0,0,0,0,0,0,1,0,0,0.0,5.886104031450156,0.0,360.0,77.0,0,0,0,0,0,0,0,0,0,0,0,0,0,0,1,1,0,0,0,0,0,0,0,0,0,0,0,0,0,0,0,1,0.001,0.3333333333333333,2016,40
149,0,1,0,0,1,0,-0.01261,0.025109,1,0,0,0,0,0,0,0,0,0,0,0,1,0,1,0,0,0,0,0,0,1,0,0,0,0,0,0,0,1,0,0,0.0,5.886104031450156,0.0,360.0,77.0,0,0,0,0,0,0,0,0,0,0,0,0,0,0,1,1,0,0,0,0,0,0,0,0,0,0,0,0,0,0,0,1,0.001,0.3333333333333333,2016,40
149,0,1,0,0,1,0,0.755226,0.184788,1,0,0,0,0,0,0,0,0,0,0,0,1,0,1,0,0,0,0,0,0,1,0,0,0,0,0,0,0,1,0,0,0.0,5.886104031450156,0.0,360.0,77.0,0,0,0,0,0,0,0,0,0,0,0,0,0,0,1,1,0,0,0,0,0,0,0,0,0,0,0,0,0,0,0,1,0.001,0.3333333333333333,2016,40
149,0,1,0,0,1,0,0.563198,0.195935,0,1,0,0,0,0,0,0,0,0,0,1,0,0,1,0,0,0,0,0,0,1,0,0,0,0,0,0,0,1,0,0,0.0,5.886104031450156,0.0,360.0,77.0,0,0,0,0,0,0,0,0,0,0,0,0,0,0,1,1,0,0,0,0,0,0,0,0,0,0,0,0,0,0,0,1,0.001,0.3333333333333333,2016,40
149,0,1,0,0,1,0,-0.312795,0.82159,0,1,0,0,0,0,0,0,0,0,0,0,1,0,1,0,0,0,0,0,0,1,0,0,0,0,0,0,0,1,0,0,0.0,5.886104031450156,0.0,360.0,77.0,0,0,0,0,0,0,0,0,0,0,0,0,0,0,1,1,0,0,0,0,0,0,0,0,0,0,0,0,0,0,0,1,0.001,0.3333333333333333,2016,40
149,0,1,0,0,1,0,0.75757,0.047657,0,1,0,0,0,0,0,0,0,0,0,0,1,0,1,0,0,0,0,0,0,1,0,0,0,0,0,0,0,1,0,0,0.0,5.886104031450156,0.0,360.0,77.0,0,0,0,0,0,0,0,0,0,0,0,0,0,0,1,1,0,0,0,0,0,0,0,0,0,0,0,0,0,0,0,1,0.001,0.3333333333333333,2016,40
149,0,1,0,0,1,0,0.410783,0.786995,0,1,0,0,0,0,0,0,0,0,0,0,1,0,1,0,0,0,0,0,0,1,0,0,0,0,0,0,0,1,0,0,0.0,5.886104031450156,0.0,360.0,77.0,0,0,0,0,0,0,0,0,0,0,0,0,0,0,1,1,0,0,0,0,0,0,0,0,0,0,0,0,0,0,0,1,0.001,0.3333333333333333,2016,40
149,0,1,0,0,1,0,0.810317,0.835941,0,1,0,0,0,0,0,0,0,0,0,0,1,0,1,0,0,0,0,0,0,1,0,0,0,0,0,0,0,1,0,0,0.0,5.886104031450156,0.0,360.0,77.0,0,0,0,0,0,0,0,0,0,0,0,0,0,0,1,1,0,0,0,0,0,0,0,0,0,0,0,0,0,0,0,1,0.001,0.3333333333333333,2016,40
149,0,1,0,0,1,0,-0.034061,0.392569,0,1,0,0,0,0,0,0,0,0,0,0,1,0,1,0,0,0,0,0,0,1,0,0,0,0,0,0,0,1,0,0,0.0,5.886104031450156,0.0,360.0,77.0,0,0,0,0,0,0,0,0,0,0,0,0,0,0,1,1,0,0,0,0,0,0,0,0,0,0,0,0,0,0,0,1,0.001,0.3333333333333333,2016,40
149,0,1,0,0,1,0,-3.558151,1.953197,1,0,0,0,0,0,0,0,0,0,0,0,1,0,1,0,0,0,0,0,0,1,0,0,0,0,0,0,0,1,0,0,0.0,5.886104031450156,0.0,360.0,77.0,0,0,0,0,0,0,0,0,0,0,0,0,0,0,1,1,0,0,0,0,0,0,0,0,0,0,0,0,0,0,0,1,0.001,0.3333333333333333,2016,40
149,0,1,0,0,1,0,0.250764,1.246678,0,0,0,0,0,1,0,0,0,0,1,0,0,0,1,0,0,0,0,0,0,1,0,0,0,0,0,0,0,1,0,0,0.0,5.886104031450156,0.0,360.0,77.0,0,0,0,0,0,0,0,0,0,0,0,0,0,0,1,1,0,0,0,0,0,0,0,0,0,0,0,0,0,0,0,1,0.001,0.3333333333333333,2016,40
149,0,1,0,0,1,0,0.841703,2.647493,1,0,0,0,0,0,0,0,0,0,0,0,1,0,1,0,0,0,0,0,0,1,0,0,0,0,0,0,0,1,0,0,0.0,5.886104031450156,0.0,360.0,77.0,0,0,0,0,0,0,0,0,0,0,0,0,0,0,1,1,0,0,0,0,0,0,0,0,0,0,0,0,0,0,0,1,0.001,0.3333333333333333,2016,40
149,0,1,0,0,1,0,-0.441529,0.895777,1,0,0,0,0,0,0,0,0,0,1,0,0,0,1,0,0,0,0,0,0,1,0,0,0,0,0,0,0,1,0,0,0.0,5.886104031450156,0.0,360.0,77.0,0,0,0,0,0,0,0,0,0,0,0,0,0,0,1,1,0,0,0,0,0,0,0,0,0,0,0,0,0,0,0,1,0.001,0.3333333333333333,2016,40
149,0,1,0,0,1,0,-0.640577,0.646343,0,0,0,0,0,0,0,1,0,0,0,1,0,0,1,0,0,0,0,0,0,1,0,0,0,0,0,0,0,1,0,0,0.0,5.886104031450156,0.0,360.0,77.0,0,0,0,0,0,0,0,0,0,0,0,0,0,0,1,1,0,0,0,0,0,0,0,0,0,0,0,0,0,0,0,1,0.001,0.3333333333333333,2016,40
149,0,1,0,0,1,0,-1.330226,0.870804,1,0,0,0,0,0,0,0,0,0,0,0,1,0,1,0,0,0,0,0,0,1,0,0,0,0,0,0,0,1,0,0,0.0,5.886104031450156,0.0,360.0,77.0,0,0,0,0,0,0,0,0,0,0,0,0,0,0,1,1,0,0,0,0,0,0,0,0,0,0,0,0,0,0,0,1,0.001,0.3333333333333333,2016,40
149,0,1,0,0,1,0,0.138187,1.430159,1,0,0,0,0,0,0,0,0,0,1,0,0,0,1,0,0,0,0,0,0,1,0,0,0,0,0,0,0,1,0,0,0.0,5.886104031450156,0.0,360.0,77.0,0,0,0,0,0,0,0,0,0,0,0,0,0,0,1,1,0,0,0,0,0,0,0,0,0,0,0,0,0,0,0,1,0.001,0.3333333333333333,2016,40
149,0,1,0,0,1,0,0.527003,0.646322,1,0,0,0,0,0,0,0,0,0,1,0,0,0,1,0,0,0,0,0,0,1,0,0,0,0,0,0,0,1,0,0,0.0,5.886104031450156,0.0,360.0,77.0,0,0,0,0,0,0,0,0,0,0,0,0,0,0,1,1,0,0,0,0,0,0,0,0,0,0,0,0,0,0,0,1,0.001,0.3333333333333333,2016,40
149,0,1,0,0,1,0,0.398224,0.714404,0,0,0,0,0,0,0,0,1,0,1,0,0,0,1,0,0,0,0,0,0,1,0,0,0,0,0,0,0,1,0,0,0.0,5.886104031450156,0.0,360.0,77.0,0,0,0,0,0,0,0,0,0,0,0,0,0,0,1,1,0,0,0,0,0,0,0,0,0,0,0,0,0,0,0,1,0.001,0.3333333333333333,2016,40
149,0,1,0,0,1,0,-1.483096,0.964059,0,0,0,0,0,0,0,0,0,1,1,0,0,0,1,0,0,0,0,0,0,1,0,0,0,0,0,0,0,1,0,0,0.0,5.220355825078324,0.0,185.0,77.0,0,0,0,0,0,0,0,0,0,0,0,0,0,0,1,1,0,0,0,0,0,0,0,0,0,0,0,0,0,0,0,1,0.001,0.3333333333333333,2016,40
154,0,1,0,0,1,0,-0.671,0.409,0,0,1,0,0,0,0,0,0,0,0,0,0,1,1,0,0,0,0,0,0,0,1,0,0,0,0,0,0,1,0,0,1.0986122886681098,3.5553480614894135,2.833213344056216,595.0,67.5,1,0,0,0,0,0,1,0,0,0,0,0,0,0,0,1,0,0,0,0,0,0,0,0,0,0,0,1,0,0,0,0,0.267,3.642857142857143,1991,15
154,0,1,0,0,1,0,-2.881,0.645,0,0,1,0,0,0,0,0,0,0,0,0,0,1,1,0,0,0,0,0,0,0,1,0,0,0,0,0,0,1,0,0,1.0986122886681098,3.5553480614894135,2.833213344056216,595.0,67.5,1,0,0,0,0,0,1,0,0,0,0,0,0,0,0,1,0,0,0,0,0,0,0,0,0,0,0,1,0,0,0,0,0.267,3.642857142857143,1991,15
154,0,1,0,0,1,0,-0.37,0.455,0,0,1,0,0,0,0,0,0,0,0,0,0,1,1,0,0,0,0,0,0,0,0,1,0,0,0,0,0,1,0,0,2.4849066497880004,3.5553480614894135,2.833213344056216,595.0,67.5,1,0,0,0,0,0,1,0,0,0,0,0,0,0,0,1,0,0,0,0,0,0,0,0,0,0,0,1,0,0,0,0,0.267,3.642857142857143,1991,15
154,0,1,0,0,1,0,-3.409,0.629,0,0,1,0,0,0,0,0,0,0,0,0,0,1,1,0,0,0,0,0,0,0,0,1,0,0,0,0,0,1,0,0,2.4849066497880004,3.5553480614894135,2.833213344056216,595.0,67.5,1,0,0,0,0,0,1,0,0,0,0,0,0,0,0,1,0,0,0,0,0,0,0,0,0,0,0,1,0,0,0,0,0.267,3.642857142857143,1991,15
155,0,1,0,0,1,0,-9.6632,3.2322,0,0,0,0,0,0,0,1,0,0,0,1,0,0,1,0,0,0,0,0,0,0,1,0,0,0,0,0,0,1,0,0,1.0986122886681098,4.04305126783455,0.0,57.0,66.0,1,0,0,0,0,0,1,0,0,0,0,0,0,0,0,1,0,0,0,0,0,0,0,0,0,0,0,0,1,0,0,0,1.196,6.84,1994,18
155,0,1,0,0,1,0,-5.538,2.5754,0,0,0,0,0,0,0,0,1,0,1,0,0,0,1,0,0,0,0,0,0,0,1,0,0,0,0,0,0,1,0,0,1.0986122886681098,4.04305126783455,0.0,57.0,66.0,1,0,0,0,0,0,1,0,0,0,0,0,0,0,0,1,0,0,0,0,0,0,0,0,0,0,0,0,1,0,0,0,1.196,6.84,1994,18
155,0,1,0,0,1,0,-1.1201,2.0152,0,0,0,0,0,1,0,0,0,0,1,0,0,0,1,0,0,0,0,0,0,0,1,0,0,0,0,0,0,1,0,0,1.0986122886681098,4.04305126783455,0.0,57.0,66.0,1,0,0,0,0,0,1,0,0,0,0,0,0,0,0,1,0,0,0,0,0,0,0,0,0,0,0,0,1,0,0,0,1.196,6.84,1994,18
155,0,1,0,0,1,0,0.9094,0.8295,1,0,0,0,0,0,0,0,0,0,0,0,1,0,1,0,0,0,0,0,0,0,1,0,0,0,0,0,0,1,0,0,1.0986122886681098,4.04305126783455,0.0,57.0,66.0,1,0,0,0,0,0,1,0,0,0,0,0,0,0,0,1,0,0,0,0,0,0,0,0,0,0,0,0,1,0,0,0,1.196,6.84,1994,18
155,0,1,0,0,1,0,-3.4259,2.0624,0,0,0,0,1,0,0,0,0,0,1,0,0,0,1,0,0,0,0,0,0,0,1,0,0,0,0,0,0,1,0,0,1.0986122886681098,4.04305126783455,0.0,57.0,66.0,1,0,0,0,0,0,1,0,0,0,0,0,0,0,0,1,0,0,0,0,0,0,0,0,0,0,0,0,1,0,0,0,1.196,6.84,1994,18
155,0,1,0,0,1,0,-7.0037,2.4492,1,0,0,0,0,0,0,0,0,0,1,0,0,0,1,0,0,0,0,0,0,0,1,0,0,0,0,0,0,1,0,0,1.0986122886681098,4.04305126783455,0.0,57.0,66.0,1,0,0,0,0,0,1,0,0,0,0,0,0,0,0,1,0,0,0,0,0,0,0,0,0,0,0,0,1,0,0,0,1.196,6.84,1994,18
155,0,1,0,0,1,0,-5.1734,1.4373,0,0,0,0,0,0,1,0,0,0,1,0,0,0,1,0,0,0,0,0,0,0,1,0,0,0,0,0,0,1,0,0,1.0986122886681098,4.04305126783455,0.0,57.0,66.0,1,0,0,0,0,0,1,0,0,0,0,0,0,0,0,1,0,0,0,0,0,0,0,0,0,0,0,0,1,0,0,0,1.196,6.84,1994,18
155,0,1,0,0,1,0,-4.2005,2.7313,1,0,0,0,0,0,0,0,0,0,1,0,0,0,1,0,0,0,0,0,0,0,1,0,0,0,0,0,0,1,0,0,1.0986122886681098,4.04305126783455,0.0,57.0,66.0,1,0,0,0,0,0,1,0,0,0,0,0,0,0,0,1,0,0,0,0,0,0,0,0,0,0,0,0,1,0,0,0,1.196,6.84,1994,18
155,0,1,0,0,1,0,-6.1755,2.105,0,0,0,1,0,0,0,0,0,0,1,0,0,0,1,0,0,0,0,0,0,0,1,0,0,0,0,0,0,1,0,0,1.0986122886681098,4.04305126783455,0.0,57.0,66.0,1,0,0,0,0,0,1,0,0,0,0,0,0,0,0,1,0,0,0,0,0,0,0,0,0,0,0,0,1,0,0,0,1.196,6.84,1994,18
155,0,1,0,0,1,0,1.1067,0.6502,1,0,0,0,0,0,0,0,0,0,1,0,0,0,1,0,0,0,0,0,0,0,1,0,0,0,0,0,0,1,0,0,1.0986122886681098,4.04305126783455,0.0,57.0,66.0,1,0,0,0,0,0,1,0,0,0,0,0,0,0,0,1,0,0,0,0,0,0,0,0,0,0,0,0,1,0,0,0,1.196,6.84,1994,18
155,0,1,0,0,1,0,-8.4154,2.4182,0,0,0,0,0,0,0,1,0,0,0,1,0,0,1,0,0,0,0,0,0,0,1,0,0,0,0,0,0,1,0,0,1.791759469228055,3.9889840465642745,0.0,54.0,66.0,1,0,0,0,0,0,1,0,0,0,0,0,0,0,0,1,0,0,0,0,0,0,0,0,0,0,0,0,1,0,0,0,1.196,6.84,1994,18
155,0,1,0,0,1,0,-3.3457,1.5641,0,0,0,0,0,0,0,0,1,0,1,0,0,0,1,0,0,0,0,0,0,0,1,0,0,0,0,0,0,1,0,0,1.791759469228055,3.9889840465642745,0.0,54.0,66.0,1,0,0,0,0,0,1,0,0,0,0,0,0,0,0,1,0,0,0,0,0,0,0,0,0,0,0,0,1,0,0,0,1.196,6.84,1994,18
155,0,1,0,0,1,0,-2.5787,2.011,0,0,0,0,0,1,0,0,0,0,1,0,0,0,1,0,0,0,0,0,0,0,1,0,0,0,0,0,0,1,0,0,1.791759469228055,3.9889840465642745,0.0,54.0,66.0,1,0,0,0,0,0,1,0,0,0,0,0,0,0,0,1,0,0,0,0,0,0,0,0,0,0,0,0,1,0,0,0,1.196,6.84,1994,18
155,0,1,0,0,1,0,0.8564,0.6443,1,0,0,0,0,0,0,0,0,0,0,0,1,0,1,0,0,0,0,0,0,0,1,0,0,0,0,0,0,1,0,0,1.791759469228055,3.9889840465642745,0.0,54.0,66.0,1,0,0,0,0,0,1,0,0,0,0,0,0,0,0,1,0,0,0,0,0,0,0,0,0,0,0,0,1,0,0,0,1.196,6.84,1994,18
155,0,1,0,0,1,0,-2.7976,1.5245,0,0,0,0,1,0,0,0,0,0,1,0,0,0,1,0,0,0,0,0,0,0,1,0,0,0,0,0,0,1,0,0,1.791759469228055,3.9889840465642745,0.0,54.0,66.0,1,0,0,0,0,0,1,0,0,0,0,0,0,0,0,1,0,0,0,0,0,0,0,0,0,0,0,0,1,0,0,0,1.196,6.84,1994,18
155,0,1,0,0,1,0,-6.2353,2.6186,1,0,0,0,0,0,0,0,0,0,1,0,0,0,1,0,0,0,0,0,0,0,1,0,0,0,0,0,0,1,0,0,1.791759469228055,3.9889840465642745,0.0,54.0,66.0,1,0,0,0,0,0,1,0,0,0,0,0,0,0,0,1,0,0,0,0,0,0,0,0,0,0,0,0,1,0,0,0,1.196,6.84,1994,18
155,0,1,0,0,1,0,-4.8088,0.9392,0,0,0,0,0,0,1,0,0,0,1,0,0,0,1,0,0,0,0,0,0,0,1,0,0,0,0,0,0,1,0,0,1.791759469228055,3.9889840465642745,0.0,54.0,66.0,1,0,0,0,0,0,1,0,0,0,0,0,0,0,0,1,0,0,0,0,0,0,0,0,0,0,0,0,1,0,0,0,1.196,6.84,1994,18
155,0,1,0,0,1,0,-6.0996,1.1987,1,0,0,0,0,0,0,0,0,0,1,0,0,0,1,0,0,0,0,0,0,0,1,0,0,0,0,0,0,1,0,0,1.791759469228055,3.9889840465642745,0.0,54.0,66.0,1,0,0,0,0,0,1,0,0,0,0,0,0,0,0,1,0,0,0,0,0,0,0,0,0,0,0,0,1,0,0,0,1.196,6.84,1994,18
155,0,1,0,0,1,0,-5.6402,2.323,0,0,0,1,0,0,0,0,0,0,1,0,0,0,1,0,0,0,0,0,0,0,1,0,0,0,0,0,0,1,0,0,1.791759469228055,3.9889840465642745,0.0,54.0,66.0,1,0,0,0,0,0,1,0,0,0,0,0,0,0,0,1,0,0,0,0,0,0,0,0,0,0,0,0,1,0,0,0,1.196,6.84,1994,18
155,0,1,0,0,1,0,0.4938,1.1037,1,0,0,0,0,0,0,0,0,0,1,0,0,0,1,0,0,0,0,0,0,0,1,0,0,0,0,0,0,1,0,0,1.791759469228055,3.9889840465642745,0.0,54.0,66.0,1,0,0,0,0,0,1,0,0,0,0,0,0,0,0,1,0,0,0,0,0,0,0,0,0,0,0,0,1,0,0,0,1.196,6.84,1994,18
155,0,1,0,0,1,0,-9.5225,0.8542,0,0,0,0,0,0,0,1,0,0,0,1,0,0,1,0,0,0,0,0,0,0,0,1,0,0,0,0,0,1,0,0,2.4849066497880004,3.871201010907891,0.0,48.0,66.0,1,0,0,0,0,0,1,0,0,0,0,0,0,0,0,1,0,0,0,0,0,0,0,0,0,0,0,0,1,0,0,0,1.196,6.84,1994,18
155,0,1,0,0,1,0,-8.661,1.5032,0,0,0,0,0,0,0,0,1,0,1,0,0,0,1,0,0,0,0,0,0,0,0,1,0,0,0,0,0,1,0,0,2.4849066497880004,3.871201010907891,0.0,48.0,66.0,1,0,0,0,0,0,1,0,0,0,0,0,0,0,0,1,0,0,0,0,0,0,0,0,0,0,0,0,1,0,0,0,1.196,6.84,1994,18
155,0,1,0,0,1,0,-5.4541,0.9638,0,0,0,0,0,1,0,0,0,0,1,0,0,0,1,0,0,0,0,0,0,0,0,1,0,0,0,0,0,1,0,0,2.4849066497880004,3.871201010907891,0.0,48.0,66.0,1,0,0,0,0,0,1,0,0,0,0,0,0,0,0,1,0,0,0,0,0,0,0,0,0,0,0,0,1,0,0,0,1.196,6.84,1994,18
155,0,1,0,0,1,0,1.4574,0.9223,1,0,0,0,0,0,0,0,0,0,0,0,1,0,1,0,0,0,0,0,0,0,0,1,0,0,0,0,0,1,0,0,2.4849066497880004,3.871201010907891,0.0,48.0,66.0,1,0,0,0,0,0,1,0,0,0,0,0,0,0,0,1,0,0,0,0,0,0,0,0,0,0,0,0,1,0,0,0,1.196,6.84,1994,18
155,0,1,0,0,1,0,-2.2339,1.3997,0,0,0,0,1,0,0,0,0,0,1,0,0,0,1,0,0,0,0,0,0,0,0,1,0,0,0,0,0,1,0,0,2.4849066497880004,3.871201010907891,0.0,48.0,66.0,1,0,0,0,0,0,1,0,0,0,0,0,0,0,0,1,0,0,0,0,0,0,0,0,0,0,0,0,1,0,0,0,1.196,6.84,1994,18
155,0,1,0,0,1,0,-3.1052,2.0506,1,0,0,0,0,0,0,0,0,0,1,0,0,0,1,0,0,0,0,0,0,0,0,1,0,0,0,0,0,1,0,0,2.4849066497880004,3.871201010907891,0.0,48.0,66.0,1,0,0,0,0,0,1,0,0,0,0,0,0,0,0,1,0,0,0,0,0,0,0,0,0,0,0,0,1,0,0,0,1.196,6.84,1994,18
155,0,1,0,0,1,0,-4.0021,1.1645,0,0,0,0,0,0,1,0,0,0,1,0,0,0,1,0,0,0,0,0,0,0,0,1,0,0,0,0,0,1,0,0,2.4849066497880004,3.871201010907891,0.0,48.0,66.0,1,0,0,0,0,0,1,0,0,0,0,0,0,0,0,1,0,0,0,0,0,0,0,0,0,0,0,0,1,0,0,0,1.196,6.84,1994,18
155,0,1,0,0,1,0,-6.2999,1.9992,1,0,0,0,0,0,0,0,0,0,1,0,0,0,1,0,0,0,0,0,0,0,0,1,0,0,0,0,0,1,0,0,2.4849066497880004,3.871201010907891,0.0,48.0,66.0,1,0,0,0,0,0,1,0,0,0,0,0,0,0,0,1,0,0,0,0,0,0,0,0,0,0,0,0,1,0,0,0,1.196,6.84,1994,18
155,0,1,0,0,1,0,-7.2391,1.8547,0,0,0,1,0,0,0,0,0,0,1,0,0,0,1,0,0,0,0,0,0,0,0,1,0,0,0,0,0,1,0,0,2.4849066497880004,3.871201010907891,0.0,48.0,66.0,1,0,0,0,0,0,1,0,0,0,0,0,0,0,0,1,0,0,0,0,0,0,0,0,0,0,0,0,1,0,0,0,1.196,6.84,1994,18
155,0,1,0,0,1,0,-0.475,0.915,1,0,0,0,0,0,0,0,0,0,1,0,0,0,1,0,0,0,0,0,0,0,0,1,0,0,0,0,0,1,0,0,2.4849066497880004,3.871201010907891,0.0,48.0,66.0,1,0,0,0,0,0,1,0,0,0,0,0,0,0,0,1,0,0,0,0,0,0,0,0,0,0,0,0,1,0,0,0,1.196,6.84,1994,18
155,0,1,0,0,1,0,-7.4455,2.3277,0,0,0,0,0,0,0,1,0,0,0,1,0,0,0,0,0,0,0,1,0,0,1,0,0,0,0,0,0,1,0,0,1.0986122886681098,4.04305126783455,0.0,57.0,66.0,1,0,0,0,0,0,1,0,0,0,0,0,0,0,0,1,0,0,0,0,0,0,0,0,0,0,0,0,1,0,0,0,1.196,6.84,1994,18
155,0,1,0,0,1,0,-1.9285,2.6358,0,0,0,0,0,0,0,0,1,0,1,0,0,0,0,0,0,0,0,1,0,0,1,0,0,0,0,0,0,1,0,0,1.0986122886681098,4.04305126783455,0.0,57.0,66.0,1,0,0,0,0,0,1,0,0,0,0,0,0,0,0,1,0,0,0,0,0,0,0,0,0,0,0,0,1,0,0,0,1.196,6.84,1994,18
155,0,1,0,0,1,0,1.4256,1.631,0,0,0,0,0,1,0,0,0,0,1,0,0,0,0,0,0,0,0,1,0,0,1,0,0,0,0,0,0,1,0,0,1.0986122886681098,4.04305126783455,0.0,57.0,66.0,1,0,0,0,0,0,1,0,0,0,0,0,0,0,0,1,0,0,0,0,0,0,0,0,0,0,0,0,1,0,0,0,1.196,6.84,1994,18
155,0,1,0,0,1,0,-2.1132,3.5139,1,0,0,0,0,0,0,0,0,0,0,0,1,0,0,0,0,0,0,1,0,0,1,0,0,0,0,0,0,1,0,0,1.0986122886681098,4.04305126783455,0.0,57.0,66.0,1,0,0,0,0,0,1,0,0,0,0,0,0,0,0,1,0,0,0,0,0,0,0,0,0,0,0,0,1,0,0,0,1.196,6.84,1994,18
155,0,1,0,0,1,0,1.92,0.4735,0,0,0,0,1,0,0,0,0,0,1,0,0,0,0,0,0,0,0,1,0,0,1,0,0,0,0,0,0,1,0,0,1.0986122886681098,4.04305126783455,0.0,57.0,66.0,1,0,0,0,0,0,1,0,0,0,0,0,0,0,0,1,0,0,0,0,0,0,0,0,0,0,0,0,1,0,0,0,1.196,6.84,1994,18
155,0,1,0,0,1,0,-0.0184,0.4082,1,0,0,0,0,0,0,0,0,0,1,0,0,0,0,0,0,0,0,1,0,0,1,0,0,0,0,0,0,1,0,0,1.0986122886681098,4.04305126783455,0.0,57.0,66.0,1,0,0,0,0,0,1,0,0,0,0,0,0,0,0,1,0,0,0,0,0,0,0,0,0,0,0,0,1,0,0,0,1.196,6.84,1994,18
155,0,1,0,0,1,0,0.127,0.3564,0,0,0,0,0,0,1,0,0,0,1,0,0,0,0,0,0,0,0,1,0,0,1,0,0,0,0,0,0,1,0,0,1.0986122886681098,4.04305126783455,0.0,57.0,66.0,1,0,0,0,0,0,1,0,0,0,0,0,0,0,0,1,0,0,0,0,0,0,0,0,0,0,0,0,1,0,0,0,1.196,6.84,1994,18
155,0,1,0,0,1,0,0.2625,0.1225,1,0,0,0,0,0,0,0,0,0,1,0,0,0,0,0,0,0,0,1,0,0,1,0,0,0,0,0,0,1,0,0,1.0986122886681098,4.04305126783455,0.0,57.0,66.0,1,0,0,0,0,0,1,0,0,0,0,0,0,0,0,1,0,0,0,0,0,0,0,0,0,0,0,0,1,0,0,0,1.196,6.84,1994,18
155,0,1,0,0,1,0,-8.727,2.2226,0,0,0,0,0,0,0,1,0,0,0,1,0,0,0,0,0,0,0,1,0,0,1,0,0,0,0,0,0,1,0,0,1.791759469228055,3.9889840465642745,0.0,54.0,66.0,1,0,0,0,0,0,1,0,0,0,0,0,0,0,0,1,0,0,0,0,0,0,0,0,0,0,0,0,1,0,0,0,1.196,6.84,1994,18
155,0,1,0,0,1,0,-1.0545,0.1671,0,0,0,0,0,0,0,0,1,0,1,0,0,0,0,0,0,0,0,1,0,0,1,0,0,0,0,0,0,1,0,0,1.791759469228055,3.9889840465642745,0.0,54.0,66.0,1,0,0,0,0,0,1,0,0,0,0,0,0,0,0,1,0,0,0,0,0,0,0,0,0,0,0,0,1,0,0,0,1.196,6.84,1994,18
155,0,1,0,0,1,0,2.547,3.2263,0,0,0,0,0,1,0,0,0,0,1,0,0,0,0,0,0,0,0,1,0,0,1,0,0,0,0,0,0,1,0,0,1.791759469228055,3.9889840465642745,0.0,54.0,66.0,1,0,0,0,0,0,1,0,0,0,0,0,0,0,0,1,0,0,0,0,0,0,0,0,0,0,0,0,1,0,0,0,1.196,6.84,1994,18
155,0,1,0,0,1,0,-3.6461,3.0417,1,0,0,0,0,0,0,0,0,0,0,0,1,0,0,0,0,0,0,1,0,0,1,0,0,0,0,0,0,1,0,0,1.791759469228055,3.9889840465642745,0.0,54.0,66.0,1,0,0,0,0,0,1,0,0,0,0,0,0,0,0,1,0,0,0,0,0,0,0,0,0,0,0,0,1,0,0,0,1.196,6.84,1994,18
155,0,1,0,0,1,0,1.5807,0.4569,0,0,0,0,1,0,0,0,0,0,1,0,0,0,0,0,0,0,0,1,0,0,1,0,0,0,0,0,0,1,0,0,1.791759469228055,3.9889840465642745,0.0,54.0,66.0,1,0,0,0,0,0,1,0,0,0,0,0,0,0,0,1,0,0,0,0,0,0,0,0,0,0,0,0,1,0,0,0,1.196,6.84,1994,18
155,0,1,0,0,1,0,-0.0588,0.2499,1,0,0,0,0,0,0,0,0,0,1,0,0,0,0,0,0,0,0,1,0,0,1,0,0,0,0,0,0,1,0,0,1.791759469228055,3.9889840465642745,0.0,54.0,66.0,1,0,0,0,0,0,1,0,0,0,0,0,0,0,0,1,0,0,0,0,0,0,0,0,0,0,0,0,1,0,0,0,1.196,6.84,1994,18
155,0,1,0,0,1,0,0.1553,0.1674,0,0,0,0,0,0,1,0,0,0,1,0,0,0,0,0,0,0,0,1,0,0,1,0,0,0,0,0,0,1,0,0,1.791759469228055,3.9889840465642745,0.0,54.0,66.0,1,0,0,0,0,0,1,0,0,0,0,0,0,0,0,1,0,0,0,0,0,0,0,0,0,0,0,0,1,0,0,0,1.196,6.84,1994,18
155,0,1,0,0,1,0,0.9962,0.2473,1,0,0,0,0,0,0,0,0,0,1,0,0,0,0,0,0,0,0,1,0,0,1,0,0,0,0,0,0,1,0,0,1.791759469228055,3.9889840465642745,0.0,54.0,66.0,1,0,0,0,0,0,1,0,0,0,0,0,0,0,0,1,0,0,0,0,0,0,0,0,0,0,0,0,1,0,0,0,1.196,6.84,1994,18
155,0,1,0,0,1,0,-6.4139,3.286,0,0,0,0,0,0,0,1,0,0,0,1,0,0,0,0,0,0,0,1,0,0,0,1,0,0,0,0,0,1,0,0,2.4849066497880004,3.871201010907891,0.0,48.0,66.0,1,0,0,0,0,0,1,0,0,0,0,0,0,0,0,1,0,0,0,0,0,0,0,0,0,0,0,0,1,0,0,0,1.196,6.84,1994,18
155,0,1,0,0,1,0,-2.7244,1.1745,0,0,0,0,0,0,0,0,1,0,1,0,0,0,0,0,0,0,0,1,0,0,0,1,0,0,0,0,0,1,0,0,2.4849066497880004,3.871201010907891,0.0,48.0,66.0,1,0,0,0,0,0,1,0,0,0,0,0,0,0,0,1,0,0,0,0,0,0,0,0,0,0,0,0,1,0,0,0,1.196,6.84,1994,18
155,0,1,0,0,1,0,4.539,1.7469,0,0,0,0,0,1,0,0,0,0,1,0,0,0,0,0,0,0,0,1,0,0,0,1,0,0,0,0,0,1,0,0,2.4849066497880004,3.871201010907891,0.0,48.0,66.0,1,0,0,0,0,0,1,0,0,0,0,0,0,0,0,1,0,0,0,0,0,0,0,0,0,0,0,0,1,0,0,0,1.196,6.84,1994,18
155,0,1,0,0,1,0,-7.44,2.3641,1,0,0,0,0,0,0,0,0,0,0,0,1,0,0,0,0,0,0,1,0,0,0,1,0,0,0,0,0,1,0,0,2.4849066497880004,3.871201010907891,0.0,48.0,66.0,1,0,0,0,0,0,1,0,0,0,0,0,0,0,0,1,0,0,0,0,0,0,0,0,0,0,0,0,1,0,0,0,1.196,6.84,1994,18
155,0,1,0,0,1,0,1.2864,0.3914,0,0,0,0,1,0,0,0,0,0,1,0,0,0,0,0,0,0,0,1,0,0,0,1,0,0,0,0,0,1,0,0,2.4849066497880004,3.871201010907891,0.0,48.0,66.0,1,0,0,0,0,0,1,0,0,0,0,0,0,0,0,1,0,0,0,0,0,0,0,0,0,0,0,0,1,0,0,0,1.196,6.84,1994,18
155,0,1,0,0,1,0,0.0423,0.1718,1,0,0,0,0,0,0,0,0,0,1,0,0,0,0,0,0,0,0,1,0,0,0,1,0,0,0,0,0,1,0,0,2.4849066497880004,3.871201010907891,0.0,48.0,66.0,1,0,0,0,0,0,1,0,0,0,0,0,0,0,0,1,0,0,0,0,0,0,0,0,0,0,0,0,1,0,0,0,1.196,6.84,1994,18
155,0,1,0,0,1,0,0.2167,0.1918,0,0,0,0,0,0,1,0,0,0,1,0,0,0,0,0,0,0,0,1,0,0,0,1,0,0,0,0,0,1,0,0,2.4849066497880004,3.871201010907891,0.0,48.0,66.0,1,0,0,0,0,0,1,0,0,0,0,0,0,0,0,1,0,0,0,0,0,0,0,0,0,0,0,0,1,0,0,0,1.196,6.84,1994,18
155,0,1,0,0,1,0,0.8663,0.2205,1,0,0,0,0,0,0,0,0,0,1,0,0,0,0,0,0,0,0,1,0,0,0,1,0,0,0,0,0,1,0,0,2.4849066497880004,3.871201010907891,0.0,48.0,66.0,1,0,0,0,0,0,1,0,0,0,0,0,0,0,0,1,0,0,0,0,0,0,0,0,0,0,0,0,1,0,0,0,1.196,6.84,1994,18
