premium_w;se_premium_w;interviewer_rated_beauty;photo_rated_beauty;software_rated_beauty;dummy_beauty;beauty_penalty;number_of_raters;salary;study_outcomes;teaching_research_outcomes;athletic_success;electoral_success;male_subjects;female_subjects;age_subject;high_skilled_workers;prostitutes;other_dressy_occupations;western_culture;panel_data;data_year;ols_method;iv_method;quasi_experimental_method;ageexp_control;education_control;ethnicity_control;cognitive_skill_control;noncognitive_skill_control;physicality_control;published_study;impact_factor;citations
-9.636999999999999;23.51963998777097;0;0;0;0;0;1.6094379124341;0;1;0;0;0;0;1;3.044522437723423;0;0;0;0;1;3.688879454113936;1;0;0;0;0;0;1;1;0;1;0;.1541506798272584
-9.636999999999999;23.51963998777097;0;1;0;1;0;3.332204510175204;0;1;0;0;0;1;0;3.277144732992177;0;0;0;1;1;3.650658241293739;1;0;0;1;0;1;1;0;0;1;1.324;.6931471805599453
-9.636999999999999;3.783451625919256;1;0;0;0;0;0;1;0;0;0;0;0;1;3.6198508677035;0;0;0;0;1;3.737669618283368;1;0;0;1;1;0;0;0;1;1;4.744;1.435084525289323
-9.636999999999999;9.177939514844912;0;1;0;0;0;2.484906649788;1;0;0;0;0;0;1;3.931825632724326;0;0;0;1;1;3.091042453358316;0;0;0;1;1;0;1;0;1;0;0;.2006706954621512
-9.636999999999999;9.446376129600097;0;0;1;0;0;4.442651256490317;0;0;1;0;0;0;0;4.107096246147264;1;0;0;0;1;3.772760938094638;1;0;0;1;1;1;1;0;0;1;2.731;1.09861228866811
-9.636999999999999;3.984640273802666;1;0;0;1;0;1.386294361119891;0;1;0;0;0;0;1;2.727002794018897;0;0;0;1;1;3.332204510175204;0;1;0;1;1;1;1;0;1;1;0;0
-9.636999999999999;12.4;1;0;0;0;0;1.386294361119891;1;0;0;0;0;0;1;3.332204510175204;0;0;0;1;1;3.332204510175204;1;0;0;1;1;1;0;0;0;1;1.71;1.236762627148927
-9.636999999999999;3.671034326327456;1;0;0;1;0;1.386294361119891;0;1;0;0;0;0;1;2.727002794018897;0;0;0;1;1;3.332204510175204;0;1;0;1;1;1;1;0;1;1;0;0
-9.636999999999999;3.320533561502221;1;0;0;1;0;1.386294361119891;0;1;0;0;0;0;1;2.727002794018897;0;0;0;1;1;3.332204510175204;0;1;0;1;1;1;1;0;1;1;0;0
-9.636999999999999;10.81632653061224;0;1;0;1;0;3.332204510175204;0;1;0;0;0;0;1;3.277144732992177;0;0;0;1;1;3.650658241293739;1;0;0;1;0;1;1;0;0;1;1.324;.6931471805599453
-9.636999999999999;3.057657987883295;1;0;0;1;0;1.386294361119891;0;1;0;0;0;0;1;2.727002794018897;0;0;0;1;1;3.332204510175204;0;1;0;1;1;1;1;0;1;1;0;0
-9.636999999999999;15.08429096941583;0;0;1;0;0;4.442651256490317;0;0;0;1;0;1;0;3.341447377256381;0;0;0;0;1;3.637586159726386;1;0;0;1;0;1;0;0;0;1;5.589;1.321755839982319
-9.315941380881231;3.265191335477184;1;0;0;1;0;1.386294361119891;0;1;0;0;0;0;1;2.727002794018897;0;0;0;1;1;3.332204510175204;1;0;0;1;1;1;1;0;1;1;0;0
-9.27657380748991;8.10914685681742;1;0;0;1;1;1.09861228866811;1;0;0;0;0;1;0;3.676300671907076;0;0;1;0;1;3.49650756146648;1;0;0;1;1;1;0;0;0;0;0;1.131402111491101
-9.139601928091874;1.680415594135314;1;0;0;1;0;0;1;0;0;0;0;1;0;2.19722457733622;0;0;0;1;1;3.044522437723423;1;0;0;1;1;1;0;0;1;1;2.518;2.850957789355288
-9.076125068106071;3.228296518127159;1;0;0;1;0;1.386294361119891;0;1;0;0;0;0;1;2.727002794018897;0;0;0;1;1;3.332204510175204;1;0;0;1;1;1;1;0;1;1;0;0
-9.026999999999999;3.4102;0;0;0;0;0;0;1;0;0;0;0;0;1;3.760734891214364;0;0;0;1;1;3.828641396489095;1;0;0;1;0;1;1;1;0;1;2.774;1.178654996341646
-8.928571428571429;13.31632653061225;0;1;0;1;1;3.332204510175204;0;1;0;0;0;0;1;3.277144732992177;0;0;0;1;1;3.650658241293739;1;0;0;1;0;1;1;0;0;1;1.324;.6931471805599453
-8.072118959107804;2.699705337494249;0;1;0;0;0;3.218875824868201;0;0;1;0;0;0;0;3.53968314775181;1;0;0;1;1;3.80666248977032;1;0;0;1;1;1;1;0;0;1;.64;1.6094379124341
-7.872431652061515;2.79478241426437;1;0;0;1;0;1.386294361119891;0;1;0;0;0;0;1;2.727002794018897;0;0;0;1;1;3.332204510175204;1;0;0;1;1;1;1;0;1;1;0;0
-7.709600000000001;23.51963998777097;0;0;1;0;0;4.442651256490317;0;0;0;1;0;1;0;3.250374491927572;0;0;0;0;1;3.637586159726386;0;0;0;1;0;1;0;0;0;1;5.589;1.321755839982319
-7.692569417480147;2.753275744745592;1;0;0;1;0;1.386294361119891;0;1;0;0;0;0;1;2.727002794018897;0;0;0;1;1;3.332204510175204;1;0;0;1;1;1;1;0;1;1;0;0
-7.680980135160221;9.967006854398759;0;1;0;0;0;3.218875824868201;1;0;0;0;0;0;0;3.92296294546648;1;0;1;0;1;3.540959324037314;1;0;0;1;0;0;1;1;0;1;4.337;2.484906649788
-7.546298707873307;13.14267976215593;1;0;0;1;0;1.386294361119891;1;0;0;0;0;0;0;2.772588722239781;0;0;0;1;1;3.624340932976365;1;0;0;1;1;1;1;1;1;1;6.604;.7884573603642703
-7.503557345646072;8.787162052163623;0;1;0;0;0;2.484906649788;1;0;0;0;0;0;1;3.931825632724326;0;0;0;1;1;3.091042453358316;0;0;0;1;1;0;1;0;1;0;0;.2006706954621512
-7.225651367144714;1.948261321289961;0;1;0;0;0;2.484906649788;1;0;0;0;0;0;1;3.931825632724326;1;0;0;1;1;3.091042453358316;0;0;0;1;1;0;1;0;1;0;0;.2006706954621512
-7.092755423609312;21.15093580161973;0;1;0;1;1;1.6094379124341;0;1;0;0;0;0;1;3.091042453358316;0;0;0;1;1;3.449987545831587;0;0;0;1;1;0;1;0;0;1;2.518;1.658228076603532
-6.918959107806691;2.847308274817568;0;1;0;0;0;3.218875824868201;0;0;1;0;0;0;0;3.53968314775181;1;0;0;1;1;3.80666248977032;1;0;0;1;1;1;1;0;0;1;.64;1.6094379124341
-6.745900000000001;8.673299999999999;0;0;1;0;0;4.442651256490317;0;0;0;1;0;1;0;3.341447377256381;0;0;0;0;1;3.637586159726386;1;0;0;1;0;1;0;0;0;1;5.589;1.321755839982319
-6.680418970387417;7.058231868455598;1;0;0;1;0;1.386294361119891;0;1;0;0;0;1;0;2.727002794018897;0;0;0;1;1;3.332204510175204;1;0;0;1;1;1;1;0;1;1;0;0
-6.657459745900709;5.50674524701927;1;0;0;1;1;0;1;0;0;0;0;0;1;3.713572066704308;0;0;0;1;0;0;1;0;0;1;1;1;0;0;0;1;11.49;4.060443010546419
-6.562406762804575;2.744654400795624;0;1;0;0;0;1.791759469228055;0;0;1;0;0;0;1;3.86702563949741;1;0;0;1;1;3.433987204485146;1;0;0;1;1;0;0;0;0;1;2.083;3.23649742621802
-6.546855159599829;10.30819507390136;0;1;0;0;0;3.218875824868201;1;0;0;0;0;0;0;3.92296294546648;1;0;1;0;1;3.540959324037314;1;0;0;1;0;0;1;1;0;1;4.337;2.484906649788
-6.405645953610556;7.281484944586798;1;0;0;1;0;1.386294361119891;0;1;0;0;0;1;0;2.727002794018897;0;0;0;1;1;3.332204510175204;1;0;0;1;1;1;1;0;1;1;0;0
-6.313213203003054;5.866603159564067;1;0;0;0;0;0;1;0;0;0;0;1;0;3.675642227331916;0;0;0;0;1;3.737669618283368;1;0;0;1;1;0;0;0;1;1;4.744;1.435084525289323
-6.2;8.5;1;0;0;0;0;1.386294361119891;1;0;0;0;0;0;1;3.332204510175204;0;0;0;1;1;3.332204510175204;1;0;0;1;1;1;0;0;0;1;1.71;1.236762627148927
-6.045762928994858;14.10413130581982;0;1;0;1;1;1.6094379124341;0;1;0;0;0;0;1;3.091042453358316;0;0;0;1;1;3.449987545831587;0;0;0;1;1;0;1;0;0;1;2.518;1.658228076603532
-5.458680818802123;5.978839889158952;0;0;1;0;0;4.442651256490317;0;0;1;0;0;0;0;4.107096246147264;1;0;0;0;1;3.772760938094638;1;0;0;1;1;1;1;0;0;1;2.731;1.09861228866811
-5.37524714069733;7.161271749746921;1;0;0;1;0;1.386294361119891;0;1;0;0;0;1;0;2.727002794018897;0;0;0;1;1;3.332204510175204;0;1;0;1;1;1;1;0;1;1;0;0
-5.323727200051668;7.281484944586798;1;0;0;1;0;1.386294361119891;0;1;0;0;0;1;0;2.727002794018897;0;0;0;1;1;3.332204510175204;0;1;0;1;1;1;1;0;1;1;0;0
-5.300999999999999;8.778;0;1;0;0;0;2.772588722239781;1;0;0;0;0;0;1;4.110873864173311;1;0;0;0;0;3.931825632724326;1;0;0;1;1;0;0;0;0;1;1.893;.6931471805599453
-5.2;5.5;1;0;0;0;0;1.386294361119891;1;0;0;0;0;0;1;3.332204510175204;1;0;0;1;1;3.332204510175204;1;0;0;1;1;1;0;0;0;1;1.71;1.236762627148927
-5.106198561769988;9.204896062024821;1;0;0;1;0;1.386294361119891;0;1;0;0;0;1;0;2.727002794018897;0;0;0;1;1;3.332204510175204;1;0;0;1;1;1;1;0;1;1;0;0
-5.024404761904762;3.835423482370047;1;0;0;0;0;2.890371757896165;0;0;1;0;0;0;0;4.007333185232471;1;0;0;1;0;3.526360524616162;0;1;0;0;1;0;1;1;0;1;0;.1431008436406732
-4.831425544993127;9.45677132740361;1;0;0;1;0;1.386294361119891;0;1;0;0;0;1;0;2.727002794018897;0;0;0;1;1;3.332204510175204;1;0;0;1;1;1;1;0;1;1;0;0
-4.818500000000001;12.07512638981473;0;0;1;0;0;4.442651256490317;0;0;0;1;0;1;0;3.341447377256381;0;0;0;0;1;3.637586159726386;1;0;0;1;0;1;0;0;0;1;5.589;1.321755839982319
-4.8;5.1;1;0;0;0;0;1.386294361119891;1;0;0;0;0;0;0;3.332204510175204;1;0;0;1;1;3.332204510175204;1;0;0;1;1;1;0;0;0;1;1.71;1.236762627148927
-4.645484937958779;4.841311535483095;1;0;0;1;0;1.09861228866811;1;0;0;0;0;0;1;3.676300671907076;0;0;1;0;1;3.49650756146648;1;0;0;1;1;1;0;0;0;0;0;1.131402111491101
-4.634263187591251;3.959370490369224;1;0;0;0;0;0;1;0;0;0;0;0;1;3.6198508677035;0;0;0;0;1;3.737669618283368;0;0;0;0;0;0;0;0;1;1;4.744;1.435084525289323
-4.612639405204461;6.496675218597832;0;1;0;0;0;3.218875824868201;0;0;1;0;0;0;0;3.53968314775181;1;0;0;1;1;3.80666248977032;1;0;0;1;1;1;1;0;0;1;.64;1.6094379124341
-4.532886904761905;3.147838128306878;1;0;0;0;0;2.890371757896165;0;0;1;0;0;0;0;4.007333185232471;1;0;0;1;0;3.526360524616162;0;1;0;0;0;0;0;0;0;1;0;.1431008436406732
-4.478273809523809;3.131660006660006;1;0;0;0;0;2.890371757896165;0;0;1;0;0;0;0;4.007333185232471;1;0;0;1;0;3.526360524616162;0;1;0;0;0;0;0;0;0;1;0;.1431008436406732
-4.459226142305051;2.339266173012486;1;0;0;1;0;0;0;1;0;0;0;1;0;3.082826980404925;0;0;0;1;1;3.332204510175204;1;0;0;0;0;1;1;0;0;1;1.893;1.368275855617212
-4.413199999999999;1.6048;0;0;0;0;0;0;1;0;0;0;0;0;1;3.760734891214364;0;0;0;1;1;3.828641396489095;1;0;0;0;0;0;0;0;0;1;2.774;1.178654996341646
-4.366106080206985;9.289587404695714;0;0;1;0;0;4.442651256490317;0;0;1;0;0;0;0;4.107096246147264;1;0;0;0;1;3.772760938094638;1;0;0;1;1;1;1;0;0;1;2.731;1.09861228866811
-4.247338973096065;2.454018073344393;0;1;0;0;0;3.912023005428146;0;1;0;0;0;0;1;2.890371757896165;0;0;0;1;1;3.597312260588446;1;0;0;0;1;0;1;0;0;1;1.71;1.236762627148927
-4.2126;1.6048;0;0;0;0;0;0;1;0;0;0;0;0;1;3.760734891214364;0;0;0;1;1;3.828641396489095;1;0;0;0;0;1;0;1;0;1;2.774;1.178654996341646
-4.205669083717864;4.014502307185234;0;1;0;0;0;1.09861228866811;1;0;0;0;0;1;0;3.761200115693562;1;0;0;1;0;2.302585092994046;1;0;0;1;1;0;0;1;1;1;7.313;1.426185690147193
-4.199197882587937;3.824344618348805;1;0;0;1;0;0;1;0;0;0;0;0;1;1.945910149055313;0;0;0;1;1;3.044522437723423;1;0;0;1;1;1;1;1;1;1;2.518;2.850957789355288
-4.066232294617564;2.110136115525461;0;1;0;0;0;1.6094379124341;0;1;0;0;0;1;0;3.044522437723423;0;0;0;0;1;3.688879454113936;1;0;0;0;0;0;1;1;0;1;0;.1541506798272584
-3.948626656229758;3.599758478868754;1;0;0;1;0;0;1;0;0;0;0;0;1;2.397895272798371;0;0;0;1;1;3.044522437723423;1;0;0;1;1;1;1;1;1;1;2.518;2.850957789355288
-3.924528301886792;1.766037735849056;0;1;0;0;0;3.912023005428146;0;1;0;0;0;0;1;2.890371757896165;0;0;0;1;1;3.597312260588446;1;0;0;0;1;0;1;0;0;1;1.71;1.236762627148927
-3.824929085363327;4.812200907965569;0;1;0;0;0;3.912023005428146;1;0;0;0;0;0;1;3.178053830347946;0;0;0;1;1;3.610917912644224;1;0;0;1;1;0;1;0;0;1;6.481;2.054123733695546
-3.667783906584195;16.62728704318168;1;0;0;1;1;1.386294361119891;0;1;0;0;0;1;0;2.727002794018897;0;0;0;1;1;3.332204510175204;1;0;0;1;1;1;1;0;1;1;0;0
-3.665268999434406;4.013069054796451;1;0;0;1;1;0;1;0;0;0;0;0;1;3.713572066704308;0;0;0;1;0;0;1;0;0;1;1;1;0;0;0;1;11.49;4.060443010546419
-3.623425656189029;2.967707504531686;1;0;0;1;1;0;1;0;0;0;0;0;1;3.090132948975475;0;0;0;1;1;3.34109345759245;1;0;0;1;0;1;0;0;0;1;1.469;2.228477120840324
-3.622183882340368;5.854021584481426;1;0;0;0;0;0;1;0;0;0;0;0;1;3.6198508677035;1;0;1;0;1;3.737669618283368;1;0;0;1;1;0;0;0;1;1;4.744;1.435084525289323
-3.523899191605476;2.301040337315657;1;0;0;1;0;1.09861228866811;1;0;0;0;0;0;1;3.676300671907076;0;0;1;0;1;3.49650756146648;1;0;0;1;1;1;0;0;0;0;0;1.131402111491101
-3.512704908693635;2.983485247956685;1;0;0;1;1;0;1;0;0;0;0;0;1;3.090132948975475;0;0;0;1;1;3.34109345759245;1;0;0;1;0;1;0;0;0;1;1.469;2.228477120840324
-3.453829845366784;16.56615731140528;1;0;0;1;1;1.386294361119891;0;1;0;0;0;1;0;2.727002794018897;0;0;0;1;1;3.332204510175204;1;0;0;1;1;1;1;0;1;1;0;0
-3.445978267433289;3.953101048208384;1;0;0;1;0;0;1;0;0;0;0;0;1;2.397895272798371;0;0;0;1;1;3.044522437723423;1;0;0;1;1;1;1;1;1;1;2.518;2.850957789355288
-3.434662709710754;9.181998310626749;1;0;0;1;0;1.386294361119891;0;1;0;0;0;1;0;2.727002794018897;0;0;0;1;1;3.332204510175204;0;1;0;1;1;1;1;0;1;1;0;0
-3.411764958312682;9.319384819015179;1;0;0;1;0;1.386294361119891;0;1;0;0;0;1;0;2.727002794018897;0;0;0;1;1;3.332204510175204;0;1;0;1;1;1;1;0;1;1;0;0
-3.4102;2.206599999999999;0;0;0;0;0;0;1;0;0;0;0;0;1;3.760734891214364;0;0;0;1;1;3.828641396489095;1;0;0;1;0;1;1;1;0;1;2.774;1.178654996341646
-3.324676283729944;5.657296721174322;0;0;1;0;0;4.442651256490317;0;0;1;0;0;0;0;4.107096246147264;1;0;0;0;1;3.772760938094638;1;0;0;1;1;1;1;0;0;1;2.731;1.09861228866811
-3.227235081716937;3.981092578803076;1;0;0;1;1;0;1;0;0;0;0;0;1;3.713572066704308;0;0;0;1;0;0;1;0;0;1;1;1;0;0;1;1;11.49;4.060443010546419
-3.183187605824917;2.702239264309625;1;0;0;1;1;0;1;0;0;0;0;0;1;3.090132948975475;0;0;0;1;1;3.34109345759245;1;0;0;1;0;1;0;0;0;1;1.469;2.228477120840324
-3.154483255311487;1.44040331292762;0;1;0;1;0;3.332204510175204;0;1;0;0;0;0;1;3.277144732992177;0;0;0;1;1;3.650658241293739;1;0;0;1;0;1;1;0;0;1;1.324;.6931471805599453
-2.964791991155557;16.13824918897046;1;0;0;1;1;1.386294361119891;0;1;0;0;0;1;0;2.727002794018897;0;0;0;1;1;3.332204510175204;0;1;0;1;1;1;1;0;1;1;0;0
-2.941315258527576;3.304113403286713;1;0;0;1;0;0;1;0;0;0;0;0;1;2.19722457733622;0;0;0;1;1;3.044522437723423;1;0;0;1;1;1;1;1;1;1;2.518;2.850957789355288
-2.903662259379154;16.26050865252326;1;0;0;1;1;1.386294361119891;0;1;0;0;0;1;0;2.727002794018897;0;0;0;1;1;3.332204510175204;0;1;0;1;1;1;1;0;1;1;0;0
-2.868672046955246;10.10095791181425;0;0;1;0;0;4.442651256490317;0;0;1;0;0;0;0;4.107096246147264;1;0;0;0;1;3.772760938094638;1;0;0;1;1;1;1;0;0;1;2.731;1.09861228866811
-2.857596648817203;1.951720178642496;1;0;0;1;1;0;1;0;0;0;0;0;1;2.397895272798371;0;0;0;1;1;3.044522437723423;1;0;0;1;1;0;1;0;1;1;2.518;2.850957789355288
-2.8084;1.6048;0;0;0;0;0;0;1;0;0;0;0;0;1;3.760734891214364;0;0;0;1;1;3.828641396489095;1;0;0;1;0;1;1;1;0;1;2.774;1.178654996341646
-2.8;2.477876106194691;0;1;0;0;0;2.302585092994046;0;0;0;0;0;0;0;3.549042508926137;1;0;0;0;1;3.784189633918261;1;0;0;1;0;0;0;0;0;1;4.011;1.981001468866583
-2.72596326971552;1.296362981634858;0;1;0;1;0;3.332204510175204;0;1;0;0;0;0;1;3.277144732992177;0;0;0;1;1;3.650658241293739;1;0;0;1;0;1;1;0;0;1;1.324;.6931471805599453
-2.69606897660087;13.36413501332328;1;0;0;1;1;1.386294361119891;0;1;0;0;0;1;0;2.727002794018897;0;0;0;1;1;3.332204510175204;1;0;0;1;1;1;1;0;1;1;0;0
-2.678811670011164;4.782303870358739;1;0;0;1;1;0;1;0;0;0;0;0;1;3.32862668882732;0;1;0;0;1;3.433987204485146;1;0;0;1;1;0;1;1;1;1;.905;.1670540846631662
-2.66427289048474;1.292639138240574;0;1;0;1;0;3.332204510175204;0;1;0;0;0;0;1;3.277144732992177;0;0;0;1;1;3.650658241293739;1;0;0;1;0;1;1;0;0;1;1.324;.6931471805599453
-2.6475;1.9415;0;0;0;0;0;0;1;0;0;0;0;1;0;3.746912485364546;0;0;0;1;1;3.828641396489095;1;0;0;0;0;0;0;0;0;1;2.774;1.178654996341646
-2.625135037810587;1.296362981634858;0;1;0;1;0;3.332204510175204;0;1;0;0;0;0;1;3.277144732992177;0;0;0;1;1;3.650658241293739;1;0;0;1;0;1;1;0;0;1;1.324;.6931471805599453
-2.603101080856012;12.99226343034385;1;0;0;1;1;1.386294361119891;0;1;0;0;0;1;0;2.727002794018897;0;0;0;1;1;3.332204510175204;0;1;0;1;1;1;1;0;1;1;0;0
-2.510133185111155;13.34089303938706;1;0;0;1;1;1.386294361119891;0;1;0;0;0;1;0;2.727002794018897;0;0;0;1;1;3.332204510175204;1;0;0;1;1;1;1;0;1;1;0;0
-2.510133185111155;13.06198935215249;1;0;0;1;1;1.386294361119891;0;1;0;0;0;1;0;2.727002794018897;0;0;0;1;1;3.332204510175204;0;1;0;1;1;1;1;0;1;1;0;0
-2.46308966510623;1.080302484695715;0;1;0;1;0;3.332204510175204;0;1;0;0;0;0;1;3.277144732992177;0;0;0;1;1;3.650658241293739;1;0;0;1;0;1;1;0;0;1;1.324;.6931471805599453
-2.4;1.702127659574468;0;1;0;0;0;2.302585092994046;0;0;0;0;0;1;0;3.363841595118386;1;0;0;1;1;3.784189633918261;1;0;0;1;0;0;0;0;0;1;4.011;1.981001468866583
-2.384627136213644;1.826242353374759;1;0;0;1;1;0;1;0;0;0;0;0;1;2.397895272798371;0;0;0;1;1;3.044522437723423;1;0;0;1;1;0;1;0;1;1;2.518;2.850957789355288
-2.371429024209071;3.769302083815718;0;1;0;0;0;3.912023005428146;1;0;0;0;0;1;0;3.178053830347946;0;0;0;1;1;3.610917912644224;1;0;0;1;1;0;1;0;0;1;6.481;2.054123733695546
-2.339266173012486;3.216490987892167;1;0;0;1;0;0;0;1;0;0;0;1;0;3.082826980404925;0;0;0;1;1;3.332204510175204;1;0;0;0;0;1;1;0;0;1;1.893;1.368275855617212
-2.290241267554915;2.779082662092148;0;1;0;1;0;3.332204510175204;0;1;0;0;0;1;0;3.277144732992177;0;0;0;1;1;3.650658241293739;1;0;0;1;0;1;1;0;0;1;1.324;.6931471805599453
-2.2;1.679389312977099;0;1;0;0;0;2.302585092994046;0;0;0;0;0;0;0;3.363841595118386;1;0;0;1;1;3.784189633918261;1;0;0;1;0;0;0;0;0;1;4.011;1.981001468866583
-2.149910114538141;2.366482527182949;1;0;0;1;1;0;1;0;0;0;0;0;1;2.397895272798371;0;0;0;1;1;3.044522437723423;1;0;0;1;1;0;1;0;1;1;2.518;2.850957789355288
-2.119959969292565;.9868779167396422;1;0;0;1;0;0;0;1;0;0;0;0;1;3.082826980404925;0;0;0;1;1;3.332204510175204;1;0;0;0;0;1;1;0;0;1;1.893;1.368275855617212
-2.118;1.9415;0;0;0;0;0;0;1;0;0;0;0;1;0;3.746912485364546;0;0;0;1;1;3.828641396489095;1;0;0;0;0;1;0;1;0;1;2.774;1.178654996341646
-2.099387828592005;1.404393230104429;0;1;0;1;0;3.332204510175204;0;1;0;0;0;0;1;3.277144732992177;0;0;0;1;1;3.650658241293739;1;0;0;1;0;1;1;0;0;1;1.324;.6931471805599453
-2.095786820309687;2.61290312332326;0;1;0;1;0;3.332204510175204;0;1;0;0;0;1;0;3.277144732992177;0;0;0;1;1;3.650658241293739;1;0;0;1;0;1;1;0;0;1;1.324;.6931471805599453
-2.010306867432604;1.315837222319523;1;0;0;1;0;0;0;1;0;0;0;1;0;3.082826980404925;0;0;0;1;1;3.332204510175204;1;0;0;0;0;1;1;0;0;1;1.893;1.368275855617212
-2.006;1.4042;0;0;0;0;0;0;1;0;0;0;0;0;1;3.760734891214364;0;0;0;1;1;3.828641396489095;1;0;0;1;0;1;1;1;0;1;2.774;1.178654996341646
-2.006;1.4042;0;0;0;0;0;0;1;0;0;0;0;0;1;3.760734891214364;0;0;0;1;1;3.828641396489095;1;0;0;1;0;1;1;1;0;1;2.774;1.178654996341646
-2.006;1.6048;0;0;0;0;0;0;1;0;0;0;0;0;1;3.760734891214364;0;0;0;1;1;3.828641396489095;1;0;0;1;0;1;1;1;0;1;2.774;1.178654996341646
-1.98985835694051;1.569288925031948;0;1;0;0;0;1.6094379124341;0;1;0;0;0;0;0;3.044522437723423;0;0;0;0;1;3.688879454113936;1;0;0;0;0;0;1;1;0;1;0;.1541506798272584
-1.980554555275477;2.61290312332326;0;1;0;1;0;3.332204510175204;0;1;0;0;0;1;0;3.277144732992177;0;0;0;1;1;3.650658241293739;1;0;0;1;0;1;1;0;0;1;1.324;.6931471805599453
-1.927400000000002;9.921898766869171;0;0;1;0;0;4.442651256490317;0;0;0;1;0;1;0;3.250374491927572;0;0;0;0;1;3.637586159726386;1;0;0;1;0;1;0;0;0;1;5.589;1.321755839982319
-1.9274;11.23857668212483;0;0;1;0;0;4.442651256490317;0;0;0;1;0;1;0;3.250374491927572;0;0;0;0;1;3.637586159726386;0;0;0;1;0;1;0;0;0;1;5.589;1.321755839982319
-1.895870736086176;2.605397477008508;0;1;0;1;0;3.332204510175204;0;1;0;0;0;1;0;3.277144732992177;0;0;0;1;1;3.650658241293739;1;0;0;1;0;1;1;0;0;1;1.324;.6931471805599453
-1.827551697666004;2.266164105105845;1;0;0;1;0;0;0;1;0;0;0;0;1;3.082826980404925;0;0;0;1;1;3.332204510175204;1;0;0;0;0;1;1;0;0;1;1.893;1.368275855617212
-1.783896764169923;3.044699200310732;0;1;0;0;0;2.484906649788;1;0;0;0;0;1;0;3.931825632724326;0;0;0;1;1;3.091042453358316;0;0;0;1;1;0;1;0;1;0;0;.2006706954621512
-1.717898595806044;1.608245493946084;1;0;0;1;0;0;0;1;0;0;0;0;1;3.082826980404925;0;0;0;1;1;3.332204510175204;1;0;0;0;0;1;1;0;0;1;1.893;1.368275855617212
-1.714167347780133;1.567238717970407;1;0;0;1;1;0;0;1;0;0;0;0;1;3.082826980404925;0;0;0;1;1;3.332204510175204;1;0;0;0;0;1;1;0;0;1;1.893;1.368275855617212
-1.71;3.705;0;1;0;0;0;2.772588722239781;1;0;0;0;0;0;0;4.110873864173311;1;0;0;0;0;3.931825632724326;1;0;0;1;1;0;0;0;0;1;1.893;.6931471805599453
-1.7;5;0;1;0;0;0;2.302585092994046;0;0;0;0;0;0;1;3.363841595118386;1;0;0;1;1;3.784189633918261;1;0;0;1;0;0;0;0;0;1;4.011;1.981001468866583
-1.685631536509036;2.654487948514256;1;0;0;0;0;2.302585092994046;1;0;0;0;0;0;1;3.417726683613366;0;0;0;1;1;2.639057329615258;1;0;0;1;1;0;0;0;0;1;1.034;1.170071252650255
-1.670790703923134;4.256292550214796;1;0;0;1;0;0;1;0;0;0;0;0;1;1.945910149055313;0;0;0;1;1;3.044522437723423;1;0;0;1;1;1;1;1;1;1;2.518;2.850957789355288
-1.6048;1.4042;0;0;0;0;0;0;1;0;0;0;0;0;1;3.760734891214364;0;0;0;1;1;3.828641396489095;1;0;0;1;0;1;1;1;0;1;2.774;1.178654996341646
-1.587267994471486;3.050794692171384;1;0;0;0;0;2.302585092994046;1;0;0;0;0;0;1;3.417726683613366;0;0;0;1;1;3.277144732992177;1;0;0;1;1;0;0;0;0;1;1.034;1.170071252650255
-1.570039611091105;2.948651940357835;0;1;0;1;0;3.332204510175204;0;1;0;0;0;1;0;3.277144732992177;0;0;0;1;1;3.650658241293739;1;0;0;1;0;1;1;0;0;1;1.324;.6931471805599453
-1.557732680195941;2.498250524842548;0;1;0;0;0;3.891820298110626;0;0;1;0;0;0;0;3.793464669304011;1;0;0;1;1;3.761200115693562;0;1;0;1;1;1;1;0;0;1;2.083;1.55814461804655
-1.548433561397191;3.156587252547515;0;1;0;1;1;3.332204510175204;0;1;0;0;0;1;0;3.277144732992177;0;0;0;1;1;3.650658241293739;1;0;0;1;0;1;1;0;0;1;1.324;.6931471805599453
-1.462561231630511;2.100769769069279;0;1;0;0;0;3.891820298110626;0;0;1;0;0;0;0;3.793464669304011;1;0;0;1;1;3.761200115693562;0;1;0;1;1;1;1;0;0;1;2.083;1.55814461804655
-1.454003424229922;2.402799020340728;1;0;0;1;0;0;1;0;0;0;0;1;0;2.397895272798371;0;0;0;1;1;3.044522437723423;1;0;0;1;1;1;1;1;1;1;2.518;2.850957789355288
-1.454003424229922;2.120116782653584;1;0;0;1;0;0;1;0;0;0;0;1;0;1.945910149055313;0;0;0;1;1;3.044522437723423;1;0;0;1;1;1;1;1;1;1;2.518;2.850957789355288
-1.431319307844708;6.044701004469692;1;0;0;1;1;1.09861228866811;1;0;0;0;0;1;0;3.676300671907076;0;0;1;0;1;3.49650756146648;1;0;0;1;1;1;0;0;0;0;0;1.131402111491101
-1.428735662905122;2.644101168460818;1;0;0;1;1;1.09861228866811;1;0;0;0;0;0;1;3.676300671907076;0;0;1;0;1;3.49650756146648;1;0;0;1;1;1;0;0;0;0;0;1.131402111491101
-1.412;1.9415;0;0;0;0;0;0;1;0;0;0;0;1;0;3.746912485364546;0;0;0;1;1;3.828641396489095;1;0;0;1;0;1;1;1;0;1;2.774;1.178654996341646
-1.412;1.5885;0;0;0;0;0;0;1;0;0;0;0;1;0;3.746912485364546;0;0;0;1;1;3.828641396489095;1;0;0;1;0;1;1;1;0;1;2.774;1.178654996341646
-1.352388256272843;1.937204799525964;1;0;0;1;0;0;0;1;0;0;0;0;1;3.082826980404925;0;0;0;1;1;3.332204510175204;1;0;0;0;0;1;1;0;0;1;1.893;1.368275855617212
-1.304303742612865;2.638559711168374;1;0;0;1;1;1.09861228866811;1;0;0;0;0;0;1;3.676300671907076;0;0;1;0;1;3.49650756146648;1;0;0;1;1;1;0;0;0;0;0;1.131402111491101
-1.260352898811667;2.867497162638596;0;1;0;1;1;3.332204510175204;0;1;0;0;0;1;0;3.277144732992177;0;0;0;1;1;3.650658241293739;1;0;0;1;0;1;1;0;0;1;1.324;.6931471805599453
-1.238779174147217;2.809221543133738;0;1;0;1;1;3.332204510175204;0;1;0;0;0;1;0;3.277144732992177;0;0;0;1;1;3.650658241293739;1;0;0;1;0;1;1;0;0;1;1.324;.6931471805599453
-1.2;9.4;1;0;0;0;0;1.386294361119891;1;0;0;0;0;0;0;3.332204510175204;0;0;0;1;1;3.332204510175204;1;0;0;1;1;1;0;0;0;1;1.71;1.236762627148927
-1.197;3.078;0;1;0;0;0;2.772588722239781;1;0;0;0;0;0;0;4.110873864173311;1;0;0;0;0;3.931825632724326;1;0;0;1;1;0;0;0;0;1;1.893;.6931471805599453
-1.193575344297366;.2557661452065785;0;1;0;0;0;3.912023005428146;0;1;0;0;0;0;1;2.890371757896165;0;0;0;1;1;3.597312260588446;1;0;0;0;1;0;1;0;0;1;1.71;1.236762627148927
-1.188332733165286;2.838179401546709;0;1;0;1;1;3.332204510175204;0;1;0;0;0;1;0;3.277144732992177;0;0;0;1;1;3.650658241293739;1;0;0;1;0;1;1;0;0;1;1.324;.6931471805599453
-1.098597256535406;4.394389026141623;1;0;0;1;1;1.386294361119891;0;1;0;0;0;0;1;2.727002794018897;0;0;0;1;1;3.332204510175204;1;0;0;1;1;1;1;0;1;1;0;0
-1.081899141383049;3.589157469032654;1;0;0;1;0;1.386294361119891;0;1;0;0;0;0;1;2.727002794018897;0;0;0;1;1;3.332204510175204;1;0;0;1;1;1;1;0;1;1;0;0
-1.079828890501728;1.403777557652246;1;0;0;1;1;0;0;1;0;0;0;1;0;3.082826980404925;0;0;0;1;1;3.332204510175204;1;0;0;0;0;1;1;0;0;1;1.893;1.368275855617212
-1.003;3.811399999999999;0;0;0;0;0;0;1;0;0;0;0;0;1;3.760734891214364;0;0;0;1;1;3.828641396489095;1;0;0;1;0;1;1;1;0;1;2.774;1.178654996341646
-.9718360346274744;4.394389026141623;1;0;0;1;1;1.386294361119891;0;1;0;0;0;0;1;2.727002794018897;0;0;0;1;1;3.332204510175204;1;0;0;1;1;1;1;0;1;1;0;0
-.936262153402953;3.047482908409894;0;1;0;1;1;3.332204510175204;0;1;0;0;0;1;0;3.277144732992177;0;0;0;1;1;3.650658241293739;1;0;0;1;0;1;1;0;0;1;1.324;.6931471805599453
-.9023550432079237;2.497779125472538;1;0;0;1;0;0;1;0;0;0;0;0;1;2.397895272798371;0;0;0;1;1;3.044522437723423;1;0;0;1;1;0;1;0;1;1;2.518;2.850957789355288
-.8929961166971195;3.571984466788478;1;0;0;1;0;1.386294361119891;0;1;0;0;0;0;1;2.727002794018897;0;0;0;1;1;3.332204510175204;1;0;0;1;1;1;1;0;1;1;0;0
-.8710321558906563;.2613096467671969;0;1;0;0;0;3.912023005428146;0;1;0;0;0;0;1;2.890371757896165;0;0;0;1;1;3.597312260588446;1;0;0;0;1;0;1;0;0;1;1.71;1.236762627148927
-.858288154143646;2.033342537529277;1;0;0;1;0;0;1;0;0;0;0;1;0;1.945910149055313;0;0;0;1;1;3.044522437723423;1;0;0;1;1;1;1;1;1;1;2.518;2.850957789355288
-.8544436668999299;1.801259622113366;0;1;0;0;0;3.891820298110626;0;0;1;0;0;1;0;3.793464669304011;1;0;0;1;1;3.761200115693562;1;0;0;1;1;1;1;0;0;1;2.083;1.55814461804655
-.8417373848790044;14.72462922292211;0;0;1;0;0;4.442651256490317;0;0;1;0;0;0;0;4.107096246147264;1;0;0;0;1;3.772760938094638;1;0;0;1;1;1;1;0;0;1;2.731;1.09861228866811
-.8243041077204182;3.520465460055952;1;0;0;1;0;1.386294361119891;0;1;0;0;0;0;1;2.727002794018897;0;0;0;1;1;3.332204510175204;0;1;0;1;1;1;1;0;1;1;0;0
-.8082575227431771;1.824352694191743;0;1;0;0;0;3.891820298110626;0;0;1;0;0;0;0;3.793464669304011;1;0;0;1;1;3.761200115693562;0;1;0;1;1;1;1;0;0;1;2.083;1.55814461804655
-.7968085162939342;3.769302083815718;0;1;0;0;0;3.912023005428146;1;0;0;0;0;0;1;3.178053830347946;0;0;0;1;1;3.610917912644224;1;0;0;1;1;0;1;0;0;1;6.481;2.054123733695546
-.7750904915523216;8.014914027345776;1;0;0;0;0;0;1;0;0;0;0;1;0;3.675642227331916;0;0;0;0;1;3.737669618283368;1;0;0;1;1;0;0;0;1;1;4.744;1.435084525289323
-.7738335810197909;2.660394488883047;1;0;0;1;0;0;1;0;0;0;0;0;1;2.397895272798371;0;0;0;1;1;3.044522437723423;1;0;0;1;1;0;1;0;1;1;2.518;2.850957789355288
-.7205689153869228;1.650792815412019;1;0;0;1;1;0;1;0;0;0;0;0;1;2.397895272798371;0;0;0;1;1;3.044522437723423;1;0;0;1;1;1;1;1;1;1;2.518;2.850957789355288
-.6773967809657103;2.286214135759272;0;1;0;0;0;3.891820298110626;0;0;1;0;0;0;0;3.793464669304011;1;0;0;1;1;3.761200115693562;0;1;0;1;1;1;1;0;0;1;2.083;1.55814461804655
-.6525740852786643;3.520465460055952;1;0;0;1;0;1.386294361119891;0;1;0;0;0;0;1;2.727002794018897;0;0;0;1;1;3.332204510175204;0;1;0;1;1;1;1;0;1;1;0;0
-.6017999999999999;2.006;0;0;0;0;0;0;1;0;0;0;0;0;1;3.760734891214364;0;0;0;1;1;3.828641396489095;1;0;0;1;0;1;1;1;0;1;2.774;1.178654996341646
-.5878236529041287;2.057382785164451;0;1;0;0;0;3.891820298110626;0;0;1;0;0;1;0;3.793464669304011;1;0;0;1;1;3.761200115693562;1;0;0;1;1;1;1;0;0;1;2.083;1.55814461804655
-.5874847553894763;1.876527588590029;1;0;0;1;0;1.09861228866811;1;0;0;0;0;1;0;3.676300671907076;0;0;1;0;1;3.49650756146648;1;0;0;1;1;1;0;0;0;0;0;1.131402111491101
-.5608421052631578;.8199445983379501;0;1;0;1;1;2.772588722239781;1;0;0;0;0;0;1;3.292497964738815;0;0;0;0;1;3.433987204485146;1;0;0;1;0;0;0;0;0;1;1.212;.2876820724517808
-.5510416987542688;.6188902189904005;1;0;0;1;0;1.09861228866811;1;0;0;0;0;1;0;3.676300671907076;0;0;1;0;1;3.49650756146648;1;0;0;1;1;1;0;0;0;0;0;1.131402111491101
-.5295;1.5885;0;0;0;0;0;0;1;0;0;0;0;1;0;3.746912485364546;0;0;0;1;1;3.828641396489095;1;0;0;1;0;1;1;1;0;1;2.774;1.178654996341646
-.5160024928969977;2.449790635356465;1;0;0;1;0;0;1;0;0;0;0;1;0;2.397895272798371;0;0;0;1;1;3.044522437723423;1;0;0;1;1;1;1;1;1;1;2.518;2.850957789355288
-.5151900673252613;6.663124870740046;1;0;0;1;1;1.386294361119891;0;1;0;0;0;0;1;2.727002794018897;0;0;0;1;1;3.332204510175204;1;0;0;1;1;1;1;0;1;1;0;0
-.498752080731768;1.592019966708292;0;1;0;0;0;1.386294361119891;0;0;0;0;1;0;0;3.850147601710058;0;0;1;1;0;3.555348061489414;1;0;0;0;0;1;0;0;0;1;3;1.686398953570229
-.4031204244841494;.5473311505925343;1;0;0;1;1;1.09861228866811;1;0;0;0;0;0;1;3.676300671907076;0;0;1;0;0;3.49650756146648;1;0;0;1;1;1;0;0;0;0;0;1.131402111491101
-.3548872180451128;23.51963998777097;0;0;0;0;0;1.6094379124341;0;1;0;0;0;0;0;3.044522437723423;0;0;0;0;1;3.688879454113936;1;0;0;0;0;0;1;1;0;1;0;.1541506798272584
-.3400466766038593;5.772126647606733;1;0;0;1;0;1.386294361119891;1;0;0;0;0;0;0;3.367295829986474;0;0;0;1;1;3.624340932976365;1;0;0;1;1;1;0;1;0;1;6.604;.7884573603642703
-.274768035906806;6.697470875228398;1;0;0;1;1;1.386294361119891;0;1;0;0;0;0;1;2.727002794018897;0;0;0;1;1;3.332204510175204;1;0;0;1;1;1;1;0;1;1;0;0
-.2688631840136371;1.58629753032202;1;0;0;1;1;0;1;0;0;0;0;0;1;2.397895272798371;0;0;0;1;1;3.044522437723423;1;0;0;1;1;0;1;0;1;1;2.518;2.850957789355288
-.2671425375583847;10.26058204346107;0;0;1;0;0;4.442651256490317;0;0;1;0;0;0;0;4.107096246147264;1;0;0;0;1;3.772760938094638;1;0;0;1;1;1;1;0;0;1;2.731;1.09861228866811
-.2378862916006347;3.62228707420458;0;1;0;0;0;1.945910149055313;1;0;0;0;0;0;0;4.091340053201802;1;0;1;1;1;3.650658241293739;1;0;0;1;1;0;0;0;0;1;6.235;1.09861228866811
-.2142857142857142;3.357142857142857;0;1;0;1;0;2.772588722239781;1;0;0;0;0;0;1;3.929273358834674;1;0;0;1;1;3.433987204485146;0;0;0;1;0;0;0;0;0;0;0;.7672551527136672
-.1607645874994762;.562827117666201;1;0;0;1;1;1.09861228866811;1;0;0;0;0;0;1;3.676300671907076;0;0;1;0;1;3.49650756146648;1;0;0;1;1;1;0;0;0;0;0;1.131402111491101
-.0894418790820131;1.790627015501025;1;0;0;1;1;0;1;0;0;0;0;0;1;2.397895272798371;0;0;0;1;1;3.044522437723423;1;0;0;1;1;1;1;1;1;1;2.518;2.850957789355288
-.0277583391649172;2.054117098203872;0;1;0;0;0;3.891820298110626;0;0;1;0;0;1;0;3.793464669304011;1;0;0;1;1;3.761200115693562;1;0;0;1;1;1;1;0;0;1;2.083;1.55814461804655
-.0245678797880657;.0982715191522627;0;1;0;0;0;3.912023005428146;0;1;0;0;0;0;1;2.890371757896165;0;0;0;1;1;3.597312260588446;1;0;0;0;1;0;1;0;0;1;1.71;1.236762627148927
-.0214441677555022;.643256049884426;0;1;0;0;0;1.6094379124341;0;1;0;0;0;1;0;3.091042453358316;0;0;0;1;1;3.449987545831587;1;0;0;1;1;0;1;0;0;1;2.518;1.658228076603532
-.01765;3.353499999999999;0;0;0;0;0;0;1;0;0;0;0;1;0;3.746912485364546;0;0;0;1;1;3.828641396489095;1;0;0;1;0;1;1;1;0;1;2.774;1.178654996341646
0;7.1;1;1;0;1;0;.6931471805599453;1;0;0;0;0;1;0;3.688879454113936;0;0;0;1;0;3.772760938094638;0;0;0;0;1;0;1;1;0;1;2.535;.1823215567939546
.0007440426718864;.0818929326268855;1;0;0;1;0;0;1;0;0;0;0;0;1;3.218875824868201;0;0;0;1;0;3.49650756146648;1;0;0;1;0;1;0;1;1;1;3;2.05127066471314
.0014923250994197;.0818929326268855;0;1;0;0;0;1.386294361119891;0;0;0;0;0;0;0;3.891820298110626;0;0;1;1;1;3.511545438831021;0;1;0;1;0;1;0;0;0;1;0;.6931471805599453
.0021953626048347;21.95362604834731;0;1;0;0;0;3.610917912644224;0;1;0;0;0;0;1;2.998727782533789;0;0;0;1;1;3.83945231259331;0;0;1;0;0;0;0;0;0;1;1.469;0
.0033997014562961;.0818929326268855;0;1;0;0;0;1.386294361119891;0;0;0;0;0;0;0;3.891820298110626;0;0;1;1;1;3.511545438831021;0;1;0;1;0;1;0;0;0;1;0;.6931471805599453
.0048838106884072;3.272316771616272;1;0;0;1;0;2.302585092994046;1;0;0;0;0;0;1;3.417726683613366;0;0;0;1;1;3.277144732992177;1;0;0;1;1;0;0;0;0;1;1.034;1.170071252650255
.0056842105263158;.5684210526315789;0;1;0;1;1;2.772588722239781;1;0;0;0;0;0;1;3.292497964738815;0;0;0;0;1;3.433987204485146;1;0;0;1;0;0;0;0;0;1;1.212;.2876820724517808
.009637;13.89867905665859;0;0;1;0;0;4.442651256490317;0;0;0;1;0;1;0;3.250374491927572;0;0;0;0;1;3.637586159726386;0;0;0;1;0;1;0;0;0;1;5.589;1.321755839982319
.009637;8.619594839666188;0;0;1;0;0;4.442651256490317;0;0;0;1;0;1;0;3.250374491927572;0;0;0;0;1;3.637586159726386;1;0;0;1;0;1;0;0;0;1;5.589;1.321755839982319
.0114644479489429;.0818929326268855;1;0;0;1;0;0;1;0;0;0;0;0;1;3.218875824868201;0;0;0;1;0;3.49650756146648;1;0;0;1;0;1;0;1;1;1;3;2.05127066471314
.0327571730507542;.0818929326268855;0;1;0;0;0;3.912023005428146;0;1;0;0;0;0;1;2.890371757896165;0;0;0;1;1;3.597312260588446;1;0;0;0;1;0;1;0;0;1;1.71;1.236762627148927
.037458517699115;1.012392370246353;0;1;0;1;1;2.772588722239781;0;0;0;1;0;0;1;3.292497964738815;0;0;0;0;1;3.433987204485146;1;0;0;1;0;0;0;0;0;1;1.212;.2876820724517808
.0385038199005735;.7484207062056525;1;0;0;1;0;1.09861228866811;1;0;0;0;0;0;1;3.676300671907076;0;0;0;0;1;3.49650756146648;1;0;0;1;1;1;0;0;0;0;0;1.131402111491101
.04863642;.0818929326268855;0;1;0;0;0;1.791759469228055;0;0;0;0;0;0;0;3.826018394207018;0;0;0;1;0;3.610917912644224;0;0;0;1;0;1;0;0;1;0;0;3.488902962081261
.05457326;.0818929326268855;0;1;0;0;0;1.791759469228055;0;0;0;0;0;0;0;3.826018394207018;0;0;0;1;0;3.610917912644224;0;0;0;1;0;1;0;0;1;0;0;3.488902962081261
.05468743;.0818929326268855;0;1;0;0;0;1.791759469228055;0;0;0;0;0;0;0;3.826018394207018;0;0;0;1;0;3.610917912644224;0;0;0;1;0;1;0;0;1;0;0;3.488902962081261
.060654483895438;.3635630977782173;0;1;0;1;1;3.13549421592915;1;0;0;0;0;0;1;3.405189402931693;0;0;0;0;1;3.663561646129646;1;0;0;1;1;0;0;0;0;1;1.324;1.430746123690724
.06450605;.0818929326268855;0;1;0;0;0;1.791759469228055;0;0;0;0;0;0;0;3.826018394207018;0;0;0;1;0;3.610917912644224;0;0;0;1;0;1;0;1;1;0;0;3.488902962081261
.0657983359746429;3.626771668080454;0;1;0;0;0;1.945910149055313;1;0;0;0;0;1;0;4.091340053201802;1;0;1;1;1;3.650658241293739;1;0;0;1;1;0;0;0;0;1;6.235;1.09861228866811
.0696437;.0818929326268855;0;1;0;0;0;1.791759469228055;0;0;0;0;0;0;0;3.826018394207018;0;0;0;1;0;3.610917912644224;0;0;0;1;0;1;0;1;1;0;0;3.488902962081261
.0721250291579193;7.446909260555167;0;0;1;0;0;4.442651256490317;0;0;1;0;0;0;0;3.793464669304011;1;0;0;1;1;3.761200115693562;0;1;0;1;1;1;1;0;0;1;2.083;1.55814461804655
.0731020679066402;5.080593719511492;1;0;0;1;0;0;0;1;0;0;0;1;0;3.082826980404925;0;0;0;1;1;3.332204510175204;1;0;0;0;0;1;1;0;0;1;1.893;1.368275855617212
.07809228;.0818929326268855;0;1;0;0;0;1.791759469228055;0;0;0;0;0;0;0;3.826018394207018;0;0;0;1;0;3.610917912644224;0;0;0;1;0;1;0;1;1;0;0;3.488902962081261
.07866313;.0818929326268855;0;1;0;0;0;1.791759469228055;0;0;0;0;0;0;0;3.826018394207018;0;0;0;1;0;3.610917912644224;0;0;0;1;0;1;0;1;1;0;0;3.488902962081261
.085611128770901;2.438594856104828;1;0;0;1;0;1.09861228866811;1;0;0;0;0;0;1;3.676300671907076;0;0;0;0;1;3.49650756146648;1;0;0;1;1;1;0;0;0;0;0;1.131402111491101
.0982715191522627;.0982715191522627;0;1;0;0;0;3.912023005428146;0;1;0;0;0;0;1;2.890371757896165;0;0;0;1;1;3.597312260588446;1;0;0;0;1;0;1;0;0;1;1.71;1.236762627148927
.1024446289350661;.5345355606645574;1;0;0;1;1;1.09861228866811;1;0;0;0;0;1;0;3.676300671907076;0;0;1;0;0;3.49650756146648;1;0;0;1;1;1;0;0;0;0;0;1.131402111491101
.1096531018599603;1.352388256272843;1;0;0;1;0;0;0;1;0;0;0;0;1;3.082826980404925;0;0;0;1;1;3.332204510175204;1;0;0;0;0;1;1;0;0;1;1.893;1.368275855617212
.1310286922030169;.0818929326268855;0;1;0;0;0;3.912023005428146;0;1;0;0;0;0;1;2.890371757896165;0;0;0;1;1;3.597312260588446;1;0;0;0;1;0;1;0;0;1;1.71;1.236762627148927
.1325714285714286;.0828571428571429;0;1;0;0;0;3.912023005428146;0;1;0;0;0;0;1;2.890371757896165;0;0;0;1;1;3.597312260588446;1;0;0;0;1;0;1;0;0;1;1.71;1.236762627148927
.1326315789473684;2.326111893741332;0;1;0;0;0;2.772588722239781;1;0;0;0;0;0;1;3.292497964738815;0;0;0;0;1;3.433987204485146;1;0;0;1;0;0;0;0;0;1;1.212;.2876820724517808
.1398004796024082;.0873752997515051;0;1;0;0;0;3.912023005428146;0;1;0;0;0;0;1;2.890371757896165;0;0;0;1;1;3.597312260588446;1;0;0;0;1;0;1;0;0;1;1.71;1.236762627148927
.1505747093678106;.3304368898414579;0;1;0;1;1;3.13549421592915;1;0;0;0;0;1;0;3.499533282383017;0;0;0;0;1;3.663561646129646;1;0;0;1;1;1;0;0;1;1;1.324;1.430746123690724
.1595521343596921;1.755073477956613;0;1;0;0;0;3.891820298110626;0;0;1;0;0;1;0;3.793464669304011;1;0;0;1;1;3.761200115693562;1;0;0;1;1;1;1;0;0;1;2.083;1.55814461804655
.1756290083867785;19.49481993093241;0;1;0;0;0;3.610917912644224;0;1;0;0;0;0;1;2.998727782533789;0;0;0;1;1;3.83945231259331;0;0;1;1;0;0;0;0;0;1;1.469;0
.1765;1.5885;0;0;0;0;0;0;1;0;0;0;0;1;0;3.746912485364546;0;0;0;1;1;3.828641396489095;1;0;0;1;0;1;1;1;0;1;2.774;1.178654996341646
.1765;1.5885;0;0;0;0;0;0;1;0;0;0;0;1;0;3.746912485364546;0;0;0;1;1;3.828641396489095;1;0;0;1;0;1;1;1;0;1;2.774;1.178654996341646
.1765;1.5885;0;0;0;0;0;0;1;0;0;0;0;1;0;3.746912485364546;0;0;0;1;1;3.828641396489095;1;0;0;1;0;1;1;1;0;1;2.774;1.178654996341646
.179971481750288;2.771560818954435;1;0;0;1;1;0;0;1;0;0;0;1;0;3.082826980404925;0;0;0;1;1;3.332204510175204;1;0;0;0;0;1;1;0;0;1;1.893;1.368275855617212
.1904761904761905;1.952380952380952;0;1;0;1;0;2.772588722239781;1;0;0;0;0;1;0;3.929273358834674;1;0;0;1;1;3.433987204485146;0;0;0;1;0;0;0;0;0;0;0;.7672551527136672
.1924405448068445;1.780700895055366;1;0;0;1;1;0;1;0;0;0;0;1;0;3.099190981922221;0;0;0;1;1;3.34109345759245;1;0;0;1;0;1;0;0;0;1;1.469;2.228477120840324
.2;4;0;1;0;0;0;2.302585092994046;0;0;0;0;0;1;0;3.549042508926137;1;0;0;0;1;3.784189633918261;1;0;0;1;0;0;0;0;0;1;4.011;1.981001468866583
.2022759955752212;.2151872293353418;0;1;0;1;1;2.772588722239781;0;0;0;1;0;0;1;3.292497964738815;0;0;0;0;1;3.433987204485146;1;0;0;1;0;0;0;0;0;1;1.212;.2876820724517808
.2105941044828607;.3297766764951924;0;1;0;1;1;3.13549421592915;1;0;0;0;0;1;0;3.499533282383017;0;0;0;0;1;3.663561646129646;1;0;0;1;1;1;0;0;1;1;1.324;1.430746123690724
.2117610268072494;.3316040009913359;0;1;0;1;1;3.13549421592915;1;0;0;0;0;0;1;3.405189402931693;0;0;0;0;1;3.663561646129646;1;0;0;1;1;1;0;0;1;1;1.324;1.430746123690724
.2117610268072494;.3316040009913359;0;1;0;1;1;3.13549421592915;1;0;0;0;0;0;1;3.405189402931693;0;0;0;0;1;3.663561646129646;1;0;0;1;1;1;0;0;1;1;1.324;1.430746123690724
.2227414936520912;1.337475255709234;1;0;0;1;0;1.09861228866811;1;0;0;0;0;1;0;3.676300671907076;0;0;0;0;1;3.49650756146648;1;0;0;1;1;1;0;0;0;0;0;1.131402111491101
.2301023230088496;.1175190618022725;0;1;0;1;1;2.772588722239781;0;0;0;1;0;0;1;3.292497964738815;0;0;0;0;1;3.433987204485146;1;0;0;1;0;0;0;0;0;1;1.212;.2876820724517808
.232;.1408571428571429;0;1;0;0;0;3.912023005428146;0;1;0;0;0;0;1;2.890371757896165;0;0;0;1;1;3.597312260588446;1;0;0;0;1;0;1;0;0;1;1.71;1.236762627148927
.2385602679364265;.5305554402186889;1;0;0;1;1;1.09861228866811;1;0;0;0;0;1;0;3.676300671907076;0;0;1;0;0;3.49650756146648;1;0;0;1;1;1;0;0;0;0;0;1.131402111491101
.2405588174924951;.3294470646520864;0;1;0;1;1;3.13549421592915;1;0;0;0;0;1;0;3.499533282383017;0;0;0;0;1;3.663561646129646;1;0;0;1;1;0;0;0;0;1;1.324;1.430746123690724
.2448810496828761;2.693691546511637;1;0;0;1;1;0;0;1;0;0;0;0;1;3.082826980404925;0;0;0;1;1;3.332204510175204;1;0;0;0;0;1;1;0;0;1;1.893;1.368275855617212
.2622096238938053;.4684759346609635;0;1;0;0;0;2.772588722239781;0;0;0;1;0;0;1;3.292497964738815;0;0;0;0;1;3.433987204485146;1;0;0;1;0;0;0;0;0;1;1.212;.2876820724517808
.2690526315789474;1.408652521355745;0;1;0;1;1;2.772588722239781;1;0;0;0;0;0;1;3.292497964738815;0;0;0;0;1;3.433987204485146;1;0;0;1;0;0;0;0;0;1;1.212;.2876820724517808
.2790452458222502;.680172786691735;0;1;0;0;0;3.13549421592915;1;0;0;0;0;1;0;3.499533282383017;0;0;0;0;1;3.663561646129646;0;0;1;1;1;1;0;0;1;1;1.324;1.430746123690724
.2825442477876107;.1420534176911064;0;1;0;1;1;2.772588722239781;0;0;0;1;0;0;1;3.292497964738815;0;0;0;0;1;3.433987204485146;1;0;0;1;0;0;0;0;0;1;1.212;.2876820724517808
.3;6.1;1;0;0;0;0;1.386294361119891;1;0;0;0;0;0;0;3.332204510175204;0;0;0;1;1;3.332204510175204;1;0;0;1;1;1;0;0;0;1;1.71;1.236762627148927
.3107368421052632;.6859532938306031;0;1;0;1;1;2.772588722239781;1;0;0;0;0;0;1;3.292497964738815;0;0;0;0;1;3.433987204485146;1;0;0;1;0;0;0;0;0;1;1.212;.2876820724517808
.3222150103352917;.430311421657827;0;1;0;0;0;1.6094379124341;0;1;0;0;0;0;0;3.091042453358316;0;0;0;1;1;3.449987545831587;1;0;0;1;1;0;1;0;0;1;2.518;1.658228076603532
.343048925593446;3.737582259819896;1;0;0;1;0;2.302585092994046;1;0;0;0;0;0;1;3.417726683613366;0;0;0;1;1;2.639057329615258;1;0;0;1;1;0;0;1;0;1;1.034;1.170071252650255
.3600841242450388;.2903904227782571;0;1;0;0;0;3.912023005428146;0;1;0;0;0;0;1;2.890371757896165;0;0;0;1;1;3.597312260588446;1;0;0;0;1;0;1;0;0;1;1.71;1.236762627148927
.3734544796380091;.4583304977375567;0;1;0;0;0;3.912023005428146;0;1;0;0;0;0;1;2.890371757896165;0;0;0;1;1;3.597312260588446;1;0;0;0;1;0;1;0;0;1;1.71;1.236762627148927
.4;7.6;1;0;0;0;0;1.386294361119891;1;0;0;0;0;0;0;3.332204510175204;0;0;0;1;1;3.332204510175204;1;0;0;1;1;1;0;0;0;1;1.71;1.236762627148927
.4305817907064601;1.435272635688201;0;1;0;0;0;1.386294361119891;0;0;0;0;0;0;0;3.891820298110626;0;0;1;1;1;3.511545438831021;0;1;0;0;0;1;0;0;0;1;0;.6931471805599453
.4323734063902784;1.884588002973121;1;0;0;1;0;0;1;0;0;0;0;1;0;2.19722457733622;0;0;0;1;1;3.044522437723423;1;0;0;1;1;1;1;1;1;1;2.518;2.850957789355288
.4505724557522125;.3762834797871027;0;1;0;0;0;2.772588722239781;0;0;0;1;0;0;1;3.292497964738815;0;0;0;0;1;3.433987204485146;1;0;0;1;0;0;0;0;0;1;1.212;.2876820724517808
.4513915304087623;.6032116967264499;0;1;0;0;0;1.6094379124341;0;1;0;0;0;0;1;3.091042453358316;0;0;0;1;1;3.449987545831587;1;0;0;1;1;0;1;0;0;1;2.518;1.658228076603532
.4615384615384615;.8076923076923077;0;1;0;1;0;2.772588722239781;1;0;0;0;0;0;1;3.929273358834674;1;0;0;1;1;3.433987204485146;0;0;0;1;0;0;0;0;0;0;0;.7672551527136672
.4859180173137372;5.091575746635247;1;0;0;1;1;1.386294361119891;0;1;0;0;0;0;1;2.727002794018897;0;0;0;1;1;3.332204510175204;0;1;0;1;1;1;1;0;1;1;0;0
.5;.3;0;0;1;0;0;4.442651256490317;0;0;0;0;0;0;0;3.526360524616162;1;0;0;1;1;3.481240089335692;0;0;0;1;1;0;0;0;0;1;5.411;1.945910149055313
.501252085940096;13.16566402325815;1;0;0;0;0;2.302585092994046;1;0;0;0;0;0;1;3.417726683613366;0;0;0;1;1;2.639057329615258;1;0;0;1;1;0;0;1;0;1;1.034;1.170071252650255
.5191078145032453;2.082666781077037;1;0;0;1;0;0;1;0;0;0;0;1;0;2.19722457733622;0;0;0;1;1;3.044522437723423;1;0;0;1;1;1;1;1;1;1;2.518;2.850957789355288
.5314069845745228;1.166164321021064;0;1;0;0;0;1.386294361119891;1;0;0;0;0;1;0;3.295836866004329;1;0;1;1;1;1.871802176901591;1;0;0;1;1;1;1;1;0;1;4.179;3.063390922027806
.5838820763019629;6.422702839321591;1;0;0;1;1;1.386294361119891;0;1;0;0;0;0;1;2.727002794018897;0;0;0;1;1;3.332204510175204;0;1;0;1;1;1;1;0;1;1;0;0
.6018036054064924;3.319859518978415;0;1;0;0;0;2.484906649788;1;0;0;0;0;1;0;3.931825632724326;0;0;0;1;1;3.091042453358316;0;0;0;1;1;0;1;0;1;0;0;.2006706954621512
.6018036054064924;1.408425250475691;0;1;0;0;0;1.386294361119891;0;0;0;0;1;0;0;3.850147601710058;0;0;1;1;0;3.555348061489414;1;0;0;0;0;1;0;0;0;1;3;1.686398953570229
.6100843083600139;4.343677749954916;1;0;0;1;0;1.386294361119891;1;0;0;0;0;0;0;2.772588722239781;0;0;0;1;1;3.624340932976365;1;0;0;1;1;1;1;1;1;1;6.604;.7884573603642703
.6122026242071903;2.644715336575062;1;0;0;1;1;0;0;1;0;0;0;0;1;3.082826980404925;0;0;0;1;1;3.332204510175204;1;0;0;0;0;1;1;0;0;1;1.893;1.368275855617212
.6186006637168142;.2674451637340312;0;1;0;1;1;2.772588722239781;0;0;0;1;0;0;1;3.292497964738815;0;0;0;0;1;3.433987204485146;1;0;0;1;0;0;0;0;0;1;1.212;.2876820724517808
.6705442037776861;2.888292268619994;1;0;0;1;1;0;1;0;0;0;0;1;0;3.713572066704308;0;0;0;1;0;2.397895272798371;1;0;0;1;1;0;0;0;0;1;11.49;4.060443010546419
.6823172494543783;1.047096099394325;0;1;0;0;0;1.386294361119891;1;0;0;0;0;1;0;3.295836866004329;1;0;1;1;1;1.871802176901591;1;0;0;1;1;1;1;1;0;1;4.179;3.063390922027806
.6923859846076796;1.137823961626067;0;1;0;0;0;1.386294361119891;1;0;0;0;0;1;0;3.295836866004329;1;0;1;1;1;1.871802176901591;1;0;0;1;1;1;1;1;0;1;4.179;3.063390922027806
.6928370509196722;1.449191863021549;1;0;0;1;0;0;1;0;0;0;0;1;0;2.397895272798371;0;0;0;1;1;3.044522437723423;1;0;0;1;1;0;1;0;1;1;2.518;2.850957789355288
.7021966150522146;1.152322650342096;0;1;0;1;1;3.332204510175204;0;1;0;0;0;0;1;3.277144732992177;0;0;0;1;1;3.650658241293739;1;0;0;1;0;1;1;0;0;1;1.324;.6931471805599453
.7024557266848586;1.036795238451065;0;1;0;0;0;1.386294361119891;0;0;0;0;1;0;1;3.931825632724326;0;0;1;1;1;3.526360524616162;1;0;0;0;0;0;0;0;0;1;1.796;2.114532861491106
.7025160335471139;2.634435125801677;0;1;0;0;0;3.610917912644224;0;1;0;0;0;0;0;2.998727782533789;0;0;0;1;1;3.83945231259331;0;1;0;1;0;0;0;0;0;1;1.469;0
.7025160335471139;.9879131721756289;0;1;0;0;0;3.610917912644224;0;1;0;0;0;0;0;2.998727782533789;0;0;0;1;1;3.83945231259331;0;0;1;0;0;0;0;0;0;1;1.469;0
.7199084465377681;.2371013668176729;0;1;0;1;1;3.13549421592915;0;0;0;0;0;0;1;3.405189402931693;0;0;0;0;1;3.663561646129646;1;0;0;1;1;1;0;0;1;1;1.324;1.430746123690724
.7244696595954612;8.496053280710409;0;1;0;0;0;3.610917912644224;0;1;0;0;0;0;0;2.998727782533789;0;0;0;1;1;3.83945231259331;0;0;1;1;0;0;0;0;0;1;1.469;0
.7326709954665667;1.007326709954666;0;1;0;0;0;1.386294361119891;1;0;0;0;0;1;0;3.295836866004329;1;0;1;1;1;1.871802176901591;1;0;0;1;1;1;1;1;0;1;4.179;3.063390922027806
.7464232856438086;3.534533793783917;0;1;0;0;0;3.610917912644224;0;1;0;0;0;0;0;2.998727782533789;0;0;0;1;1;3.83945231259331;0;1;0;0;0;0;0;0;0;1;1.469;0
.7688832315771225;4.459040547046566;1;0;0;1;1;2.302585092994046;1;0;0;0;0;1;0;3.417726683613366;0;0;0;1;1;2.639057329615258;1;0;0;1;1;0;1;0;0;1;1.034;1.170071252650255
.7784905394102234;4.109622876308755;1;0;0;1;0;0;1;0;0;0;0;0;1;2.19722457733622;0;0;0;1;1;3.044522437723423;1;0;0;1;1;1;1;1;1;1;2.518;2.850957789355288
.7858017135862914;.8458576034298075;0;1;0;1;1;2.772588722239781;1;0;0;0;0;0;1;3.292497964738815;0;0;0;0;1;3.433987204485146;1;0;0;1;0;0;0;0;0;1;1.212;.2876820724517808
.7906089368507896;.3502473660555565;0;1;0;0;0;3.13549421592915;0;0;0;0;1;1;0;3.871201010907891;0;0;1;1;1;3.465735902799727;1;0;0;1;1;0;0;0;0;1;0;1.891842927785037
.7979999999999999;4.046999999999999;0;1;0;0;0;2.772588722239781;1;0;0;0;0;1;0;4.110873864173311;1;0;0;0;0;3.931825632724326;1;0;0;1;1;0;0;0;0;1;1.893;.6931471805599453
.8046343909396033;2.749458511777068;1;0;0;1;0;0;1;0;0;0;0;1;0;3.713572066704308;0;0;0;1;0;1.945910149055313;1;0;0;1;1;1;0;0;1;1;11.49;4.060443010546419
.8076923076923077;.75;0;1;0;1;0;2.772588722239781;1;0;0;0;0;1;0;3.929273358834674;1;0;0;1;1;3.433987204485146;0;0;0;1;0;0;0;0;0;0;0;.7672551527136672
.8081074639534912;1.199917143446093;1;0;0;1;1;0;0;1;0;0;0;0;1;3.082826980404925;0;0;0;1;1;3.332204510175204;1;0;0;0;0;1;1;0;0;1;1.893;1.368275855617212
.8185211103335668;2.173314672264987;0;1;0;0;0;3.891820298110626;0;0;1;0;0;1;0;3.793464669304011;1;0;0;1;1;3.761200115693562;1;0;0;1;1;1;1;0;0;1;2.083;1.55814461804655
.8336032679749035;.2348535095976581;0;1;0;1;1;3.13549421592915;0;0;0;0;0;1;0;3.499533282383017;0;0;0;0;1;3.663561646129646;1;0;0;1;1;1;0;0;1;1;1.324;1.430746123690724
.8425294688427121;.9670798576062015;0;1;0;0;0;2.484906649788;1;0;0;0;0;1;0;3.555348061489414;0;0;0;1;1;1.6094379124341;1;0;0;1;1;0;1;0;1;0;0;.2006706954621512
.848901098901099;.2572427572427572;0;1;0;0;0;4.442651256490317;0;0;1;0;0;0;0;3.218875824868201;1;0;0;1;1;3.663561646129646;1;0;0;0;0;0;0;0;0;1;2.617;2.005333569526114
.8737954989623375;1.956951632679869;0;1;0;0;0;1.386294361119891;1;0;0;0;0;0;1;3.295836866004329;1;0;1;1;1;1.871802176901591;1;0;0;1;1;1;1;1;0;1;4.179;3.063390922027806
.8826223422372603;.2358131297249796;0;1;0;0;0;3.13549421592915;0;0;0;0;1;1;0;3.871201010907891;0;0;1;1;1;3.465735902799727;1;0;0;1;0;0;0;0;0;1;0;1.891842927785037
.8854107795448118;.6096102614440324;1;0;0;1;0;0;1;0;0;0;0;0;1;3.218875824868201;0;0;0;1;0;3.49650756146648;1;0;0;1;0;1;0;1;1;1;3;2.05127066471314
.8999999999999999;5.5;1;0;0;0;0;1.386294361119891;1;0;0;0;0;0;0;3.332204510175204;0;0;0;1;1;3.332204510175204;1;0;0;1;1;1;0;0;0;1;1.71;1.236762627148927
.9003496503496506;.2572427572427572;0;1;0;0;0;4.442651256490317;0;0;1;0;0;0;0;3.218875824868201;1;0;0;1;1;3.663561646129646;1;0;0;0;0;0;0;0;0;1;2.617;2.005333569526114
.9003496503496506;.2572427572427572;0;1;0;0;0;4.442651256490317;0;0;1;0;0;0;0;3.218875824868201;1;0;0;1;1;3.663561646129646;1;0;0;0;0;0;0;0;0;1;2.617;2.005333569526114
.9003496503496506;.2572427572427572;0;1;0;0;0;4.442651256490317;0;0;1;0;0;0;0;3.218875824868201;1;0;0;1;1;3.663561646129646;1;0;0;0;0;0;0;0;0;1;2.617;2.005333569526114
.9040621773867885;.6962380290239688;0;1;0;0;0;2.302585092994046;1;0;0;0;0;1;0;3.449987545831587;0;0;0;0;1;3.295836866004329;0;0;0;1;1;1;1;0;0;0;0;0
.9040621773867885;.5045203108869339;0;1;0;0;0;1.386294361119891;0;0;0;0;1;0;0;3.931825632724326;0;0;1;1;1;3.526360524616162;1;0;0;0;0;0;0;0;0;1;1.796;2.114532861491106
.9040621773867885;.7567804663304009;0;1;0;0;0;2.302585092994046;1;0;0;0;0;0;0;3.449987545831587;0;0;0;0;1;3.295836866004329;0;0;0;1;1;1;1;0;0;0;0;0
.9232673944111967;.4308581173918918;0;1;0;0;0;3.13549421592915;1;0;0;0;0;0;1;3.405189402931693;0;0;0;0;1;3.663561646129646;0;0;1;1;1;0;0;0;0;1;1.324;1.430746123690724
.9256152533436455;2.697728024868091;1;0;0;1;0;0;1;0;0;0;0;0;1;3.713572066704308;0;0;0;1;0;2.397895272798371;1;0;0;1;1;0;0;0;0;1;11.49;4.060443010546419
.9402436116125114;.347579257004808;0;1;0;1;0;3.13549421592915;0;0;0;0;0;1;0;3.499533282383017;0;0;0;0;1;3.663561646129646;1;0;0;1;1;1;0;0;1;1;1.324;1.430746123690724
.9517982017982018;.2572427572427572;0;1;0;0;0;4.442651256490317;0;0;1;0;0;0;0;3.218875824868201;1;0;0;1;1;3.663561646129646;1;0;0;0;0;0;0;0;0;1;2.617;2.005333569526114
.9554067102783947;1.013097432978149;1;0;0;1;1;0;1;0;0;0;0;1;0;3.645710958712558;0;0;0;0;1;3.784189633918261;1;0;0;1;1;1;0;0;0;1;3.875;1.09861228866811
.9589622318901734;5.947317938362996;1;0;0;1;1;1.386294361119891;1;0;0;0;0;0;0;2.833213344056216;0;0;0;1;1;3.624340932976365;1;0;0;1;1;1;1;1;1;1;6.604;.7884573603642703
.9637000000000009;9.921898766869171;0;0;1;0;0;4.442651256490317;0;0;0;1;0;1;0;3.250374491927572;0;0;0;0;1;3.637586159726386;1;0;0;1;0;1;0;0;0;1;5.589;1.321755839982319
.9646227810574892;1.453890568047228;0;1;0;0;0;1.386294361119891;1;0;0;0;0;0;1;3.295836866004329;1;0;1;1;1;1.871802176901591;1;0;0;1;1;1;1;1;0;1;4.179;3.063390922027806
.9798230501146402;.5273438917913386;1;0;0;1;0;0;1;0;0;0;0;0;0;3.218875824868201;0;0;0;1;0;3.49650756146648;1;0;0;1;0;1;0;1;1;1;3;2.05127066471314
.9854205426585794;1.396905472051307;1;0;0;1;0;0;1;0;0;0;0;0;1;3.090132948975475;0;0;0;1;1;3.34109345759245;1;0;0;1;0;1;0;0;0;1;1.469;2.228477120840324
.992962904945463;5.176083227907201;1;0;0;1;1;1.386294361119891;0;1;0;0;0;0;1;2.727002794018897;0;0;0;1;1;3.332204510175204;0;1;0;1;1;1;1;0;1;1;0;0
.9998787721305959;2.499037001271659;1;0;0;1;1;2.302585092994046;1;0;0;0;0;0;1;3.417726683613366;0;0;0;1;1;3.277144732992177;1;0;0;1;1;0;0;0;0;1;1.034;1.170071252650255
1.000318603292528;1.659616089828354;1;0;0;1;1;0;1;0;0;0;0;0;1;3.090132948975475;0;0;0;1;1;3.34109345759245;1;0;0;1;0;1;0;0;0;1;1.469;2.228477120840324
1.005016708416795;.087975369553031;0;1;0;0;0;2.484906649788;1;0;0;0;0;1;0;3.555348061489414;0;0;0;1;1;1.6094379124341;1;0;0;1;1;0;0;0;1;0;0;.2006706954621512
1.015826584347099;1.673648932090366;1;0;0;1;1;0;1;0;0;0;0;0;1;1.945910149055313;0;0;0;1;1;3.044522437723423;1;0;0;1;1;1;1;1;1;1;2.518;2.850957789355288
1.016021382780504;.5783506332750562;1;0;0;1;0;0;1;0;0;0;0;0;0;3.218875824868201;0;0;0;1;0;3.49650756146648;1;0;0;1;0;1;0;1;1;1;3;2.05127066471314
1.028971028971029;.3858641358641359;0;1;0;0;0;4.442651256490317;0;0;1;0;0;0;0;3.218875824868201;1;0;0;1;1;3.663561646129646;1;0;0;0;0;0;0;0;0;1;2.617;2.005333569526114
1.031820424272323;7.222742969906265;0;1;0;0;0;3.610917912644224;0;1;0;0;0;0;0;2.998727782533789;0;0;0;1;1;3.83945231259331;0;1;0;0;0;0;0;0;0;1;1.469;0
1.035142472567848;1.398946484012811;1;0;0;1;1;0;1;0;0;0;0;1;0;1.945910149055313;0;0;0;1;1;3.044522437723423;1;0;0;1;1;1;1;1;1;1;2.518;2.850957789355288
1.036393004794864;4.937333744395807;0;0;0;1;0;2.302585092994046;1;0;0;0;0;0;1;3.417726683613366;0;0;0;1;1;2.639057329615258;1;0;0;1;1;0;0;0;0;1;1.034;1.170071252650255
1.045426796578997;.4122653413300423;0;1;0;0;0;2.484906649788;1;0;0;0;0;0;1;3.931825632724326;0;0;0;1;1;3.13549421592915;1;0;0;1;1;0;1;0;0;0;0;.2006706954621512
1.045426796578997;1.404531432472448;0;1;0;0;0;1.386294361119891;1;0;0;0;0;1;0;3.295836866004329;1;0;1;1;1;1.871802176901591;1;0;0;1;1;1;1;1;0;1;4.179;3.063390922027806
1.049156272927366;4.44557742765833;0;0;1;0;0;4.442651256490317;0;0;1;0;0;0;0;4.107096246147264;1;0;0;0;1;3.772760938094638;1;0;0;1;1;1;1;0;0;1;2.731;1.09861228866811
1.064726139138873;6.388356834833241;1;0;0;1;1;1.386294361119891;0;1;0;0;0;0;1;2.727002794018897;0;0;0;1;1;3.332204510175204;0;1;0;1;1;1;1;0;1;1;0;0
1.077476618604655;1.934560292494721;1;0;0;1;1;0;0;1;0;0;0;0;1;3.082826980404925;0;0;0;1;1;3.332204510175204;1;0;0;0;0;1;1;0;0;1;1.893;1.368275855617212
1.088109486117617;.7032908839768768;1;0;0;0;0;0;1;0;0;0;0;0;1;3.671224518875215;0;0;0;1;1;3.688879454113936;0;0;0;1;1;0;0;0;1;1;2.774;1.145132304303003
1.092531495006081;.5939817314716793;1;0;0;1;0;0;1;0;0;0;0;0;0;3.218875824868201;0;0;0;1;0;3.49650756146648;1;0;0;1;0;1;0;1;1;1;3;2.05127066471314
1.1;.5;0;0;1;0;0;4.442651256490317;0;0;0;0;0;0;0;3.725693427236652;1;0;0;1;1;3.481240089335692;0;0;0;1;1;0;0;0;0;1;5.411;1.945910149055313
1.1;.7000000000000001;0;1;0;0;0;2.484906649788;1;0;0;0;0;1;0;3.47639761422509;1;0;0;1;1;1.6094379124341;1;0;0;1;1;0;1;1;0;1;6.481;1.909542504884439
1.1;.3;0;0;1;0;0;4.442651256490317;0;0;0;0;0;0;0;3.449987545831587;1;0;0;1;1;3.481240089335692;0;0;0;1;1;1;0;0;0;1;5.411;1.945910149055313
1.1;.4;0;0;1;0;0;4.442651256490317;0;0;0;0;0;0;0;3.277144732992177;1;0;0;1;1;3.481240089335692;0;0;0;1;1;0;0;0;0;1;5.411;1.945910149055313
1.1;.3;0;0;1;1;0;4.442651256490317;0;0;0;0;0;0;0;3.526360524616162;1;0;0;1;1;3.481240089335692;0;0;0;1;1;0;0;0;0;1;5.411;1.945910149055313
1.1;.5;0;0;1;0;0;4.442651256490317;0;0;0;0;0;0;0;3.511545438831021;1;0;0;1;1;3.481240089335692;0;0;0;1;1;0;0;0;0;1;5.411;1.945910149055313
1.1;.5;0;0;1;0;0;4.442651256490317;0;0;0;0;0;0;0;3.725693427236652;1;0;0;1;1;3.481240089335692;0;0;0;1;1;0;0;0;0;1;5.411;1.945910149055313
1.101017067240218;20.96338109442314;0;1;0;0;0;3.749504075930371;1;0;0;0;0;1;0;3.173878458937465;0;0;0;0;1;3.737669618283368;1;0;0;1;0;0;0;0;1;1;0;.2876820724517808
1.106072244471945;4.602785990871694;0;1;0;0;0;3.912023005428146;1;0;0;0;0;0;1;3.178053830347946;1;0;0;1;1;3.610917912644224;1;0;0;1;1;0;1;0;0;1;6.481;2.054123733695546
1.106072244471945;.9301758646491418;0;1;0;0;0;2.302585092994046;1;0;0;0;0;1;0;3.449987545831587;0;0;0;0;1;3.295836866004329;0;0;0;1;1;1;1;0;0;0;0;0
1.106072244471945;1.15278658901445;0;1;0;0;0;1.386294361119891;0;0;0;0;1;0;1;3.931825632724326;0;0;1;1;1;3.526360524616162;1;0;0;0;0;0;0;0;0;1;1.796;2.114532861491106
1.106072244471945;.4044242889778878;0;1;0;0;0;2.302585092994046;0;0;0;0;1;0;0;3.931825632724326;0;0;1;1;1;3.526360524616162;1;0;0;0;0;0;0;0;0;1;1.796;2.114532861491106
1.118684971381942;1.378870585307165;1;0;0;1;1;0;1;0;0;0;0;0;1;3.090132948975475;0;0;0;1;1;3.34109345759245;1;0;0;1;0;1;0;0;0;1;1.469;2.228477120840324
1.130375206429484;.6030313146381454;1;0;0;1;0;0;1;0;0;0;0;0;0;3.218875824868201;0;0;0;1;0;3.49650756146648;1;0;0;1;0;1;0;1;1;1;3;2.05127066471314
1.145386601150547;1.44257583507277;1;0;0;1;0;0;1;0;0;0;0;0;1;3.090132948975475;0;0;0;1;1;3.34109345759245;1;0;0;1;0;1;0;0;0;1;1.469;2.228477120840324
1.146522762934099;.403574625824107;0;1;0;0;0;2.484906649788;1;0;0;0;0;0;1;3.931825632724326;0;0;0;1;1;3.13549421592915;1;0;0;1;1;0;0;0;0;0;0;.2006706954621512
1.146611529612794;1.594042494999438;1;0;0;1;1;0;1;0;0;0;0;0;1;2.397895272798371;0;0;0;1;1;3.044522437723423;1;0;0;1;1;1;0;0;1;1;2.518;2.850957789355288
1.156637920959858;.7546285188903605;0;1;0;0;0;2.484906649788;1;0;0;0;0;1;0;3.555348061489414;0;0;0;1;1;1.6094379124341;1;0;0;1;1;0;1;0;0;0;0;.2006706954621512
1.16949091998017;2.610581162606943;1;0;0;1;0;0;1;0;0;0;0;0;1;2.397895272798371;0;0;0;1;1;3.044522437723423;1;0;0;1;1;0;1;0;1;1;2.518;2.850957789355288
1.172031723816189;1.424469325868906;0;0;1;0;0;4.442651256490317;0;0;1;0;0;1;0;3.793464669304011;1;0;0;1;1;3.761200115693562;1;0;0;1;1;1;1;0;0;1;2.083;1.55814461804655
1.185495806610755;.1756290083867785;0;1;0;0;0;3.610917912644224;0;1;0;0;0;0;0;2.998727782533789;0;0;0;1;1;3.83945231259331;0;1;0;1;0;0;0;0;0;1;1.469;0
1.192828713806948;.9161713913863778;1;0;0;1;1;0;1;0;0;0;0;0;0;3.645710958712558;0;0;0;0;1;3.784189633918261;0;0;0;1;1;1;0;0;0;1;3.875;1.09861228866811
1.2;.4;0;0;1;0;0;4.442651256490317;0;0;0;0;0;1;0;3.449987545831587;1;0;0;1;1;3.481240089335692;0;0;0;1;1;1;0;0;0;1;5.411;1.945910149055313
1.20510959815754;2.519224163566474;1;0;0;1;0;0;1;0;0;0;0;0;1;3.713572066704308;0;0;0;1;0;2.397895272798371;1;0;0;1;1;0;0;0;0;1;11.49;4.060443010546419
1.206184120459563;1.791000663712684;1;0;0;1;0;0;0;1;0;0;0;0;1;3.082826980404925;0;0;0;1;1;3.332204510175204;1;0;0;0;0;1;1;0;0;1;1.893;1.368275855617212
1.207228886607781;1.315693975525901;0;1;0;0;0;1.386294361119891;0;0;0;0;1;0;0;3.850147601710058;0;0;1;1;0;3.555348061489414;1;0;0;0;0;1;0;0;0;1;3;1.686398953570229
1.207228886607781;.5566397588763428;0;1;0;0;0;2.302585092994046;1;0;0;0;0;0;0;3.449987545831587;0;0;0;0;1;3.295836866004329;0;0;0;1;1;1;1;0;0;0;0;0
1.207228886607781;.7590542166495583;0;1;0;0;0;2.302585092994046;1;0;0;0;0;1;0;3.449987545831587;0;0;0;0;1;3.295836866004329;0;0;0;1;1;1;1;0;0;0;0;0
1.218315789473684;2.121792145913086;0;1;0;0;0;2.772588722239781;1;0;0;0;0;0;1;3.292497964738815;0;0;0;0;1;3.433987204485146;1;0;0;1;0;0;0;0;0;1;1.212;.2876820724517808
1.2355;2.471;0;0;0;0;0;0;1;0;0;0;0;1;0;3.746912485364546;0;0;0;1;1;3.828641396489095;1;0;0;1;0;1;1;1;0;1;2.774;1.178654996341646
1.244156752974108;.7753440634476323;0;0;1;0;0;4.442651256490317;0;0;1;0;0;0;0;3.793464669304011;1;0;0;1;1;3.761200115693562;1;0;0;1;1;1;1;0;0;1;2.083;1.55814461804655
1.287638082463372;.8677432528015894;1;0;0;1;1;0;1;0;0;0;0;1;0;3.645710958712558;0;0;0;0;1;3.784189633918261;0;0;0;1;1;1;0;0;0;1;3.875;1.09861228866811
1.291291463087558;2.684651768340977;1;0;0;1;0;0;1;0;0;0;0;1;0;3.713572066704308;0;0;0;1;0;1.945910149055313;1;0;0;1;1;1;0;0;0;1;11.49;4.060443010546419
1.296605703657781;.349489407994011;0;0;0;1;0;0;1;0;0;0;0;0;1;3.258096538021482;1;0;0;0;1;3.540959324037314;1;0;0;0;1;0;0;1;1;1;1.796;1.053149914591352
1.3;.5;0;0;1;0;0;4.442651256490317;0;0;0;0;0;0;0;3.526360524616162;1;0;0;1;1;3.481240089335692;0;0;0;1;1;0;0;0;0;1;5.411;1.945910149055313
1.3;.5;0;0;1;0;0;4.442651256490317;0;0;0;0;0;0;0;3.725693427236652;1;0;0;1;1;3.481240089335692;0;0;0;1;1;0;0;0;0;1;5.411;1.945910149055313
1.3;.5;0;0;1;0;0;4.442651256490317;0;0;0;0;0;0;0;3.725693427236652;1;0;0;1;1;3.481240089335692;0;0;0;1;1;0;0;0;0;1;5.411;1.945910149055313
1.3;.5;0;0;1;0;0;4.442651256490317;0;0;0;0;0;0;0;3.449987545831587;1;0;0;1;1;3.481240089335692;0;0;0;1;1;1;0;0;0;1;5.411;1.945910149055313
1.3;.5;0;0;1;0;0;4.442651256490317;0;0;0;0;0;0;0;3.725693427236652;1;0;0;1;1;3.481240089335692;0;0;0;1;1;0;0;0;0;1;5.411;1.945910149055313
1.3;.5;0;0;1;0;0;4.442651256490317;0;0;0;0;0;0;0;3.725693427236652;1;0;0;1;1;3.481240089335692;0;0;0;1;1;0;0;0;0;1;5.411;1.945910149055313
1.3;.7000000000000001;0;1;0;0;0;2.484906649788;1;0;0;0;0;1;0;3.47639761422509;1;0;0;1;1;1.6094379124341;1;0;0;1;1;0;1;0;0;1;6.481;1.909542504884439
1.3;.5;0;0;1;0;0;4.442651256490317;0;0;0;0;0;0;0;3.725693427236652;1;0;0;1;1;3.481240089335692;0;0;0;1;1;0;0;0;0;1;5.411;1.945910149055313
1.3;.5;0;0;1;0;0;4.442651256490317;0;0;0;0;0;0;0;3.725693427236652;1;0;0;1;1;3.481240089335692;0;0;0;1;1;0;0;0;0;1;5.411;1.945910149055313
1.3;.5;0;0;1;0;0;4.442651256490317;0;0;0;0;0;0;0;3.725693427236652;1;0;0;1;1;3.481240089335692;0;0;0;1;1;0;0;0;0;1;5.411;1.945910149055313
1.308486735980918;.6078509204158855;0;1;0;0;0;1.386294361119891;0;0;0;0;1;0;0;3.931825632724326;0;0;1;1;1;3.526360524616162;1;0;0;0;0;0;0;0;0;1;1.796;2.114532861491106
1.31861809121383;.8004170829205893;0;1;0;0;0;1.386294361119891;1;0;0;0;0;1;0;3.295836866004329;1;0;1;1;1;1.871802176901591;1;0;0;1;1;1;1;1;0;1;4.179;3.063390922027806
1.339171188949186;2.853971386285151;0;1;0;0;0;3.610917912644224;0;1;0;0;0;0;0;2.998727782533789;0;0;0;1;1;3.83945231259331;0;1;0;1;0;0;0;0;0;1;1.469;0
1.342838909258504;6.158267889579244;1;0;0;0;0;0;1;0;0;0;0;1;0;3.675642227331916;1;0;1;0;1;3.737669618283368;1;0;0;1;1;0;0;0;1;1;4.744;1.435084525289323
1.359153645020617;6.213316118439764;0;1;0;0;0;1.386294361119891;1;0;0;0;0;0;1;3.295836866004329;1;0;1;1;1;1.871802176901591;1;0;0;1;1;1;1;1;0;1;4.179;3.063390922027806
1.370434166443084;6.089140040037505;1;0;0;1;0;1.386294361119891;1;0;0;0;0;0;0;3.367295829986474;0;0;0;1;1;3.624340932976365;1;0;0;1;1;1;0;1;0;1;6.604;.7884573603642703
1.377551020408164;23.18511286491687;0;1;0;1;1;3.332204510175204;0;1;0;0;0;1;0;3.277144732992177;0;0;0;1;1;3.650658241293739;1;0;0;1;0;1;1;0;0;1;1.324;.6931471805599453
1.389565952732186;1.865568013530272;0;1;0;0;0;1.386294361119891;1;0;0;0;0;0;1;3.295836866004329;1;0;1;1;1;1.871802176901591;1;0;0;1;1;1;1;1;0;1;4.179;3.063390922027806
1.399705416292174;1.510855610702754;0;1;0;0;0;1.386294361119891;1;0;0;0;0;0;1;3.295836866004329;1;0;1;1;1;1.871802176901591;1;0;0;1;1;1;1;1;0;1;4.179;3.063390922027806
1.4;.5;0;0;1;0;0;4.442651256490317;0;0;0;0;0;0;0;3.650658241293739;1;0;0;1;1;3.481240089335692;0;0;0;1;1;0;0;0;0;1;5.411;1.945910149055313
1.4;.7000000000000001;0;1;0;0;0;2.484906649788;1;0;0;0;0;1;0;3.47639761422509;1;0;0;1;1;1.6094379124341;1;0;0;0;1;0;1;0;0;1;6.481;1.909542504884439
1.409845893849226;.4056393835753969;0;1;0;0;0;2.302585092994046;0;0;0;0;1;0;0;3.931825632724326;0;0;1;1;1;3.526360524616162;1;0;0;0;0;0;0;0;0;1;1.796;2.114532861491106
1.409845893849226;.6084590753630954;0;1;0;0;0;2.302585092994046;1;0;0;0;0;0;0;3.449987545831587;0;0;0;0;1;3.295836866004329;0;0;0;1;1;1;1;0;0;0;0;0
1.409845893849226;.4056393835753969;0;1;0;0;0;1.386294361119891;0;0;0;0;1;0;0;3.931825632724326;0;0;1;1;1;3.526360524616162;1;0;0;0;0;0;0;0;0;1;1.796;2.114532861491106
1.409845893849226;.4056393835753969;0;1;0;0;0;1.386294361119891;0;0;0;0;1;1;0;3.931825632724326;0;0;1;1;1;3.526360524616162;1;0;0;0;0;0;0;0;0;1;1.796;2.114532861491106
1.409845893849226;.5070492294692461;0;1;0;0;0;2.302585092994046;0;0;0;0;1;0;0;3.931825632724326;0;0;1;1;1;3.526360524616162;1;0;0;0;0;0;0;0;0;1;1.796;2.114532861491106
1.409845893849226;.8315607363295637;0;1;0;0;0;2.302585092994046;1;0;0;0;0;0;1;3.449987545831587;0;0;0;0;1;3.295836866004329;0;0;0;1;1;1;1;0;0;0;0;0
1.409845893849226;.4056393835753969;0;1;0;0;0;1.386294361119891;0;0;0;0;1;0;0;3.931825632724326;0;0;1;1;1;3.526360524616162;1;0;0;0;0;0;0;0;0;1;1.796;2.114532861491106
1.414835164835165;.1800699300699301;0;1;0;0;0;4.442651256490317;0;0;1;0;0;0;0;3.218875824868201;1;0;0;1;1;3.663561646129646;1;0;0;0;0;0;0;0;0;1;2.617;2.005333569526114
1.424083901221112;1.936117872149914;1;0;0;1;1;0;1;0;0;0;0;1;0;3.099190981922221;0;0;0;1;1;3.34109345759245;1;0;0;1;0;1;0;0;0;1;1.469;2.228477120840324
1.430810268482901;3.425462267303212;1;0;0;1;0;0;1;0;0;0;0;0;1;2.397895272798371;0;0;0;1;1;3.044522437723423;1;0;0;1;1;1;0;0;1;1;2.518;2.850957789355288
1.436969639119328;3.418539156779668;1;0;0;1;0;2.302585092994046;1;0;0;0;0;0;1;3.417726683613366;0;0;0;1;1;2.639057329615258;1;0;0;1;1;0;0;0;0;1;1.034;1.170071252650255
1.440273411516824;4.514092166812499;0;1;0;0;0;1.386294361119891;1;0;0;0;0;0;1;3.295836866004329;1;0;1;1;1;1.871802176901591;1;0;0;1;1;1;1;1;0;1;4.179;3.063390922027806
1.440367255430974;.6665337466776632;1;0;0;0;0;0;1;0;0;0;0;0;1;3.671224518875215;0;0;0;1;1;3.688879454113936;0;0;0;1;1;0;0;0;1;1;2.774;1.145132304303003
1.460563495139855;.6919610430368538;0;1;0;0;0;2.484906649788;1;0;0;0;0;1;0;3.555348061489414;0;0;0;1;1;1.6094379124341;1;0;0;1;1;0;0;0;0;0;0;.2006706954621512
1.470710058809099;.5103976715958097;0;1;0;0;0;2.484906649788;1;0;0;0;0;0;1;3.555348061489414;0;0;0;1;1;3.13549421592915;1;0;0;1;1;0;0;0;1;0;0;.2006706954621512
1.479582701004545;.7452374687662996;1;0;0;0;0;0;1;0;0;0;0;0;1;3.671224518875215;0;0;0;1;1;3.688879454113936;0;0;0;1;1;0;0;0;1;1;2.774;1.145132304303003
1.479582701004545;.627568394750568;1;0;0;0;0;0;1;0;0;0;0;0;1;3.671224518875215;0;0;0;1;1;3.688879454113936;1;0;0;1;1;0;0;0;1;1;2.774;1.145132304303003
1.485018459196151;2.473567976261473;1;0;0;1;1;2.302585092994046;1;0;0;0;0;0;1;3.417726683613366;0;0;0;1;1;2.639057329615258;1;0;0;1;1;0;1;0;0;1;1.034;1.170071252650255
1.48544368498909;3.649812376760226;1;0;0;1;0;0;1;0;0;0;0;0;1;3.713572066704308;0;0;0;1;1;2.397895272798371;1;0;0;1;1;0;0;0;0;1;11.49;4.060443010546419
1.487283013019219;.5975423917313053;0;0;0;1;0;0;1;0;0;0;0;0;1;3.258096538021482;1;0;0;0;1;3.540959324037314;0;0;0;0;1;0;0;1;1;1;1.796;1.053149914591352
1.49748785260887;2.954725475760802;1;0;0;1;1;0;1;0;0;0;0;1;0;3.713572066704308;0;0;0;1;0;2.397895272798371;1;0;0;1;1;0;0;0;0;1;11.49;4.060443010546419
1.5;.5;0;0;1;0;0;4.442651256490317;0;0;0;0;0;1;0;3.449987545831587;1;0;0;1;1;3.481240089335692;0;0;0;1;1;1;0;0;0;1;5.411;1.945910149055313
1.511306461571893;5.481610548924882;0;1;0;0;0;2.484906649788;1;0;0;0;0;0;1;3.931825632724326;1;0;0;1;1;3.091042453358316;0;0;0;1;1;0;1;0;1;0;0;.2006706954621512
1.511306461571893;.8729972355695182;0;1;0;0;0;2.302585092994046;1;0;0;0;0;0;0;3.449987545831587;0;0;0;0;1;3.295836866004329;0;0;0;1;1;1;1;0;0;0;0;0
1.511306461571893;.8932994968618327;0;1;0;0;0;2.302585092994046;1;0;0;0;0;0;1;3.449987545831587;0;0;0;0;1;3.295836866004329;0;0;0;1;1;1;1;0;0;0;0;0
1.511306461571893;.5075565323078595;0;1;0;0;0;2.302585092994046;0;0;0;0;1;0;0;3.931825632724326;0;0;1;1;1;3.526360524616162;1;0;0;0;0;0;0;0;0;1;1.796;2.114532861491106
1.511306461571893;.4060452258462876;0;1;0;0;0;2.302585092994046;0;0;0;0;1;0;0;3.931825632724326;0;0;1;1;1;3.526360524616162;1;0;0;0;0;0;0;0;0;1;1.796;2.114532861491106
1.518360726681584;1.753006543706538;1;0;0;1;0;0;1;0;0;0;0;1;0;3.218875824868201;0;0;0;1;0;3.49650756146648;1;0;0;1;0;1;0;1;1;1;3;2.05127066471314
1.518813306727984;.627811004028254;1;0;0;0;0;0;1;0;0;0;0;0;1;3.671224518875215;0;0;0;1;1;3.688879454113936;1;0;0;1;1;0;0;0;1;1;2.774;1.145132304303003
1.518813306727984;.6670491917800198;1;0;0;0;0;0;1;0;0;0;0;0;1;3.671224518875215;0;0;0;1;1;3.688879454113936;1;0;0;1;1;0;0;0;1;1;2.774;1.145132304303003
1.518813306727984;.8632401305388491;1;0;0;0;0;0;1;0;0;0;0;0;1;3.671224518875215;0;0;0;1;1;3.688879454113936;0;0;0;1;1;0;0;0;0;1;2.774;1.145132304303003
1.521458099791517;1.746169079316414;0;1;0;0;0;2.484906649788;1;0;0;0;0;0;1;3.931825632724326;0;0;0;1;1;3.091042453358316;0;0;0;1;1;0;1;0;1;0;0;.2006706954621512
1.523391200778475;.3308374829973455;0;1;0;0;0;3.13549421592915;1;0;0;0;0;0;1;3.405189402931693;0;0;0;0;1;3.663561646129646;0;0;1;1;1;1;0;0;1;1;1.324;1.430746123690724
1.523663985456278;1.148764504252267;1;0;0;1;1;0;1;0;0;0;0;1;0;2.397895272798371;0;0;0;1;1;3.044522437723423;1;0;0;1;1;1;1;1;1;1;2.518;2.850957789355288
1.534121533813;4.190212547578792;1;0;0;1;0;1.386294361119891;0;1;0;0;0;0;1;2.727002794018897;0;0;0;1;1;3.332204510175204;0;1;0;1;1;1;1;0;1;1;0;0
1.543456543456544;.2315184815184815;0;1;0;0;0;4.442651256490317;0;0;1;0;0;0;0;3.218875824868201;1;0;0;1;1;3.663561646129646;1;0;0;0;0;0;0;0;0;1;2.617;2.005333569526114
1.552189179886267;1.761473114252954;0;1;0;0;0;3.13549421592915;1;0;0;0;0;1;0;3.499533282383017;0;0;0;0;1;3.663561646129646;0;0;1;1;1;0;0;0;0;1;1.324;1.430746123690724
1.554832896647561;4.391433296378468;1;0;0;1;1;2.302585092994046;1;0;0;0;0;1;0;3.417726683613366;0;0;0;1;1;2.639057329615258;1;0;0;1;1;0;0;1;0;1;1.034;1.170071252650255
1.558059078462004;.6673070637887958;1;0;0;0;0;0;1;0;0;0;0;0;1;3.671224518875215;0;0;0;1;1;3.688879454113936;1;0;0;1;1;0;0;0;0;1;2.774;1.145132304303003
1.571520697600448;.8193383541452937;1;0;0;1;1;0;1;0;0;0;0;0;0;3.645710958712558;0;0;0;0;1;3.784189633918261;1;0;0;1;1;1;0;0;0;1;3.875;1.09861228866811
1.582389252169158;.5089277701533674;0;1;0;0;0;2.484906649788;1;0;0;0;0;0;1;3.931825632724326;0;0;0;1;1;3.13549421592915;1;0;0;1;1;0;1;0;1;0;0;.2006706954621512
1.596611782218327;1.889631770398714;1;0;0;1;0;0;1;0;0;0;0;0;1;3.645710958712558;0;0;0;0;1;3.784189633918261;0;0;0;1;1;1;0;0;0;1;3.875;1.09861228866811
1.6;.7000000000000001;0;1;0;0;0;2.484906649788;1;0;0;0;0;1;0;3.47639761422509;1;0;0;1;1;1.6094379124341;1;0;0;0;0;0;1;0;1;1;6.481;1.909542504884439
1.6;.6;0;1;0;0;0;2.484906649788;1;0;0;0;0;1;0;3.47639761422509;1;0;0;1;1;1.6094379124341;1;0;0;0;1;0;1;1;0;1;6.481;1.909542504884439
1.6;.6;0;1;0;0;0;2.484906649788;1;0;0;0;0;1;0;3.47639761422509;1;0;0;1;1;1.6094379124341;1;0;0;0;1;0;1;1;0;1;6.481;1.909542504884439
1.6;.4;0;0;1;0;0;4.442651256490317;0;0;0;0;0;0;0;3.526360524616162;1;0;0;1;1;3.481240089335692;0;0;0;1;1;0;0;0;0;1;5.411;1.945910149055313
1.612868540609491;.609677211243657;0;1;0;0;0;1.386294361119891;0;0;0;0;1;0;0;3.931825632724326;0;0;1;1;1;3.526360524616162;1;0;0;0;0;0;0;0;0;1;1.796;2.114532861491106
1.627522294362637;.9721866278591722;1;0;0;1;1;0;1;0;0;0;0;0;1;3.090132948975475;0;0;0;1;1;3.34109345759245;1;0;0;1;0;1;0;0;0;1;1.469;2.228477120840324
1.668475579674396;.1317217562900839;0;1;0;0;0;3.610917912644224;0;1;0;0;0;0;0;2.998727782533789;0;0;0;1;1;3.83945231259331;0;1;0;0;0;0;0;0;0;1;1.469;0
1.676373801828879;2.406210640514568;1;0;0;1;1;2.302585092994046;1;0;0;0;0;0;1;3.417726683613366;0;0;0;1;1;2.639057329615258;1;0;0;1;1;0;0;0;0;1;1.034;1.170071252650255
1.684022449550593;1.006671822250551;0;1;0;0;0;1.386294361119891;1;0;0;0;0;1;0;3.295836866004329;1;0;1;1;1;1.871802176901591;1;0;0;1;1;1;1;1;0;1;4.179;3.063390922027806
1.689684039065204;5.484201012322004;0;0;0;1;1;2.302585092994046;1;0;0;0;0;1;0;3.417726683613366;0;0;0;1;1;2.639057329615258;1;0;0;1;1;0;0;0;0;1;1.034;1.170071252650255
1.691420419972184;4.14454382070423;1;0;0;1;1;0;1;0;0;0;0;0;1;3.321432413193293;0;1;0;0;1;3.49650756146648;1;0;0;1;1;0;1;1;1;1;.905;.1670540846631662
1.7;.4;0;0;1;0;0;4.442651256490317;0;0;0;0;0;0;0;3.725693427236652;1;0;0;1;1;3.481240089335692;0;0;0;1;1;0;0;0;0;1;5.411;1.945910149055313
1.7;.5;0;0;1;0;0;4.442651256490317;0;0;0;0;0;0;0;3.725693427236652;1;0;0;1;1;3.481240089335692;0;0;0;1;1;0;0;0;0;1;5.411;1.945910149055313
1.706877925819229;1.764494058336334;0;1;0;1;1;3.332204510175204;0;1;0;0;0;0;1;3.277144732992177;0;0;0;1;1;3.650658241293739;1;0;0;1;0;1;1;0;0;1;1.324;.6931471805599453
1.714532232524069;.6102871933951444;0;1;0;0;0;1.386294361119891;0;0;0;0;1;0;0;3.931825632724326;0;0;1;1;1;3.526360524616162;1;0;0;0;0;0;0;0;0;1;1.796;2.114532861491106
1.723312626952449;4.335919155043149;1;0;0;1;1;2.302585092994046;1;0;0;0;0;1;0;3.417726683613366;0;0;0;1;1;2.639057329615258;1;0;0;1;1;0;0;0;0;1;1.034;1.170071252650255
1.723973921298437;2.472731831273335;1;0;0;1;1;2.302585092994046;1;0;0;0;0;0;1;3.417726683613366;0;0;0;1;1;2.639057329615258;1;0;0;1;1;0;0;1;0;1;1.034;1.170071252650255
1.734336457819437;10.75727676369018;0;1;0;0;0;3.610917912644224;0;1;0;0;0;1;0;2.998727782533789;0;0;0;1;1;3.83945231259331;0;0;1;1;0;0;0;0;0;1;1.469;0
1.736172683817765;1.913023302237762;1;0;0;1;1;0;1;0;0;0;0;1;0;3.099190981922221;0;0;0;1;1;3.34109345759245;1;0;0;1;0;1;0;0;0;1;1.469;2.228477120840324
1.745660236663857;1.067750203208065;1;0;0;1;0;0;1;0;0;0;0;1;0;3.218875824868201;0;0;0;1;0;3.49650756146648;1;0;0;1;0;1;0;1;1;1;3;2.05127066471314
1.774436090225564;23.51963998777097;0;0;0;0;0;1.6094379124341;0;1;0;0;0;1;0;3.044522437723423;0;0;0;0;1;3.688879454113936;1;0;0;0;0;0;1;1;0;1;0;.1541506798272584
1.785094471658503;1.117937951947749;0;0;1;0;0;4.442651256490317;0;0;1;0;0;0;0;3.793464669304011;1;0;0;1;1;3.761200115693562;1;0;0;1;1;1;1;0;0;1;2.083;1.55814461804655
1.791864659620823;1.645389861676327;1;0;0;1;0;0;1;0;0;0;0;1;0;3.645710958712558;0;0;0;0;1;3.784189633918261;0;0;0;1;1;1;0;0;0;1;3.875;1.09861228866811
1.8;.7000000000000001;0;1;0;0;0;2.484906649788;1;0;0;0;0;1;0;3.47639761422509;1;0;0;1;1;1.6094379124341;1;0;0;1;1;0;1;1;0;1;6.481;1.909542504884439
1.800197335964479;10.51578687715836;0;1;0;0;0;3.610917912644224;0;1;0;0;0;1;0;2.998727782533789;0;0;0;1;1;3.83945231259331;0;0;1;0;0;0;0;0;0;1;1.469;0
1.808889569719806;4.190212547578792;1;0;0;1;0;1.386294361119891;0;1;0;0;0;0;1;2.727002794018897;0;0;0;1;1;3.332204510175204;0;1;0;1;1;1;1;0;1;1;0;0
1.816297638979369;1.018162976389794;0;1;0;0;0;2.302585092994046;1;0;0;0;0;0;1;3.449987545831587;0;0;0;0;1;3.295836866004329;0;0;0;1;1;1;1;0;0;0;0;0
1.816297638979369;.5090814881948968;0;1;0;0;0;1.386294361119891;0;0;0;0;1;1;0;3.931825632724326;0;0;1;1;1;3.526360524616162;1;0;0;0;0;0;0;0;0;1;1.796;2.114532861491106
1.816297638979369;2.749040036252443;1;0;0;0;0;2.302585092994046;1;0;0;0;0;0;1;3.417726683613366;0;0;0;1;1;2.639057329615258;1;0;0;1;1;0;1;0;0;1;1.034;1.170071252650255
1.82377054661649;3.531859093457248;1;0;0;1;0;0;1;0;0;0;0;0;1;1.945910149055313;0;0;0;1;1;3.044522437723423;1;0;0;1;1;1;0;0;1;1;2.518;2.850957789355288
1.831786906045374;4.396288574508897;1;0;0;1;0;1.386294361119891;0;1;0;0;0;0;1;2.727002794018897;0;0;0;1;1;3.332204510175204;1;0;0;1;1;1;1;0;1;1;0;0
1.840763739221703;3.547350013103883;1;0;0;1;0;2.302585092994046;1;0;0;0;0;0;1;3.417726683613366;0;0;0;1;1;2.639057329615258;1;0;0;1;1;0;1;0;0;1;1.034;1.170071252650255
1.846847110462679;1.018468471104627;0;1;0;0;0;1.386294361119891;1;0;0;0;0;1;0;3.295836866004329;1;0;1;1;1;1.871802176901591;1;0;0;1;1;1;1;1;0;1;4.179;3.063390922027806
1.850239208302442;5.505307365332561;1;0;0;1;0;0;1;0;0;0;0;1;0;3.713572066704308;0;0;0;1;1;2.397895272798371;1;0;0;1;1;0;0;0;0;1;11.49;4.060443010546419
1.854586906994493;1.013097432978149;1;0;0;1;1;0;1;0;0;0;0;0;0;3.645710958712558;0;0;0;0;1;3.784189633918261;0;0;0;1;1;1;0;0;0;1;3.875;1.09861228866811
1.878101601721169;.3592793047197146;0;1;0;1;0;3.13549421592915;1;0;0;0;0;0;1;3.405189402931693;0;0;0;0;1;3.663561646129646;1;0;0;1;1;1;0;0;1;1;1.324;1.430746123690724
1.878101601721169;.3592793047197146;0;1;0;1;0;3.13549421592915;1;0;0;0;0;0;1;3.405189402931693;0;0;0;0;1;3.663561646129646;1;0;0;1;1;1;0;0;1;1;1.324;1.430746123690724
1.889631770398714;1.013097432978149;1;0;0;1;0;0;1;0;0;0;0;0;0;3.645710958712558;0;0;0;0;1;3.784189633918261;0;0;0;1;1;1;0;0;0;1;3.875;1.09861228866811
1.9;2.2;0;1;0;0;0;3.912023005428146;1;0;0;0;0;0;1;2.890371757896165;1;0;0;1;1;3.597312260588446;1;0;0;0;1;1;0;0;0;1;1.71;1.236762627148927
1.9;.7000000000000001;0;1;0;0;0;2.484906649788;1;0;0;0;0;1;0;3.47639761422509;1;0;0;1;1;1.6094379124341;1;0;0;0;1;0;1;0;0;1;6.481;1.909542504884439
1.918164861740812;.6115089891704448;0;1;0;0;0;1.386294361119891;0;0;0;0;1;1;0;3.931825632724326;0;0;1;1;1;3.526360524616162;1;0;0;0;0;0;0;0;0;1;1.796;2.114532861491106
1.938520206022187;.5213252773375594;0;1;0;0;0;1.945910149055313;1;0;0;0;0;1;0;4.091340053201802;1;0;1;1;1;3.650658241293739;1;0;0;1;1;0;0;0;0;1;6.235;1.09861228866811
1.948761292626089;1.158661073949752;1;0;0;1;1;0;1;0;0;0;0;0;0;3.645710958712558;0;0;0;0;1;3.784189633918261;0;0;0;1;1;1;0;0;0;1;3.875;1.09861228866811
1.96386776624684;1.162333232622955;1;0;0;1;0;0;1;0;0;0;0;1;0;3.218875824868201;0;0;0;1;0;3.49650756146648;1;0;0;1;0;1;0;1;1;1;3;2.05127066471314
1.987492782668454;1.110116568247665;1;0;0;1;0;0;1;0;0;0;0;0;0;3.645710958712558;0;0;0;0;1;3.784189633918261;0;0;0;1;1;1;0;0;0;1;3.875;1.09861228866811
1.999732016141698;1.019997320161417;0;1;0;0;0;1.386294361119891;1;0;0;0;0;1;0;3.295836866004329;1;0;1;1;1;1.871802176901591;1;0;0;1;1;1;1;1;0;1;4.179;3.063390922027806
2;.7000000000000001;0;1;0;0;0;2.484906649788;1;0;0;0;0;1;0;3.47639761422509;1;0;0;1;1;1.6094379124341;1;0;0;1;1;0;1;0;1;1;6.481;1.909542504884439
2;.7000000000000001;0;1;0;0;0;2.484906649788;1;0;0;0;0;1;0;3.47639761422509;1;0;0;1;1;1.6094379124341;1;0;0;1;1;0;1;0;0;1;6.481;1.909542504884439
2;.6;0;1;0;0;0;2.484906649788;1;0;0;0;0;1;0;3.47639761422509;1;0;0;1;1;1.6094379124341;1;0;0;1;1;0;1;0;0;1;6.481;1.909542504884439
2;.6;0;1;0;0;0;2.484906649788;1;0;0;0;0;1;0;3.47639761422509;1;0;0;1;1;1.6094379124341;1;0;0;0;0;0;1;0;0;1;6.481;1.909542504884439
2.010306867432604;1.900653765572644;1;0;0;1;0;0;0;1;0;0;0;1;0;3.082826980404925;0;0;0;1;1;3.332204510175204;1;0;0;0;0;1;1;0;0;1;1.893;1.368275855617212
2.020134002675578;1.734342278045485;0;0;0;0;0;2.302585092994046;1;0;0;0;0;1;0;3.417726683613366;0;0;0;1;1;2.639057329615258;1;0;0;1;1;0;0;0;0;1;1.034;1.170071252650255
2.020134002675578;1.122221474029431;0;1;0;0;0;2.302585092994046;1;0;0;0;0;0;0;3.449987545831587;0;0;0;0;1;3.295836866004329;0;0;0;1;1;1;1;0;0;0;0;0
2.020134002675578;1.122221474029431;0;1;0;0;0;2.302585092994046;1;0;0;0;0;0;0;3.449987545831587;0;0;0;0;1;3.295836866004329;0;0;0;1;1;1;1;0;0;0;0;0
2.037862932975478;4.37339123818333;1;0;0;1;0;1.386294361119891;0;1;0;0;0;0;1;2.727002794018897;0;0;0;1;1;3.332204510175204;1;0;0;1;1;1;1;0;1;1;0;0
2.057000817336159;2.399834286892186;1;0;0;1;1;0;0;1;0;0;0;0;1;3.082826980404925;0;0;0;1;1;3.332204510175204;1;0;0;0;0;1;1;0;0;1;1.893;1.368275855617212
2.057830554888255;.5310730689500753;1;0;0;1;0;1.09861228866811;1;0;0;0;0;0;1;3.676300671907076;0;0;1;0;0;3.49650756146648;1;0;0;1;1;1;0;0;0;0;0;1.131402111491101
2.060050045364537;1.588226860190449;0;0;0;0;0;0;1;0;0;0;0;1;0;3.761502395583788;0;0;0;1;1;3.637586159726386;1;0;0;1;1;0;0;0;0;1;1.287;1.408767216971949
2.071156824319353;2.929442200857966;1;0;0;0;0;1.386294361119891;1;0;0;0;0;0;1;3.353406717825807;0;0;0;1;1;3.415382016654108;1;0;0;1;1;1;0;0;1;1;4.8;2.397895272798371
2.074177746675997;1.010496850944717;0;1;0;0;0;3.891820298110626;0;0;1;0;0;0;0;3.793464669304011;1;0;0;1;1;3.761200115693562;1;0;0;1;1;1;1;0;0;1;2.083;1.55814461804655
2.089853465619418;1.791864659620823;1;0;0;1;1;0;1;0;0;0;0;0;1;3.645710958712558;0;0;0;0;1;3.784189633918261;0;0;0;1;1;1;0;0;0;1;3.875;1.09861228866811
2.1;2.1;0;1;0;0;0;3.912023005428146;1;0;0;0;0;0;1;2.890371757896165;1;0;0;1;1;3.597312260588446;1;0;0;0;1;1;0;0;0;1;1.71;1.236762627148927
2.1;.6;0;0;1;0;0;4.442651256490317;0;0;0;0;0;0;0;3.725693427236652;1;0;0;1;1;3.481240089335692;0;0;0;1;1;0;0;0;0;1;5.411;1.945910149055313
2.122205163752855;1.838199692947551;0;1;0;0;0;2.484906649788;1;0;0;0;0;0;1;3.931825632724326;0;0;0;1;1;3.091042453358316;0;0;0;1;1;0;1;0;1;0;0;.2006706954621512
2.122205163752855;1.021222051637529;1;0;0;0;0;0;1;0;0;0;0;0;0;3.645710958712558;0;0;0;0;1;3.784189633918261;0;0;0;1;1;1;0;0;0;1;3.875;1.09861228866811
2.122205163752855;2.942459447513079;0;1;0;0;0;3.912023005428146;1;0;0;0;0;1;0;3.178053830347946;1;0;0;1;1;3.610917912644224;1;0;0;1;1;0;1;0;0;1;6.481;2.054123733695546
2.128815387811106;2.431827056550676;1;0;0;1;1;0;1;0;0;0;0;0;1;3.713572066704308;0;0;0;1;1;1.386294361119891;1;0;0;1;1;1;0;0;1;1;11.49;4.060443010546419
2.136367015699575;1.641301935546817;1;0;0;1;1;0;1;0;0;0;0;0;1;1.945910149055313;0;0;0;1;1;3.044522437723423;1;0;0;1;1;1;1;1;1;1;2.518;2.850957789355288
2.145089806391416;.9878703055749943;0;1;0;0;0;3.891820298110626;0;0;1;0;0;0;0;3.793464669304011;1;0;0;1;1;3.761200115693562;1;0;0;1;1;1;1;0;0;1;2.083;1.55814461804655
2.147655703289013;.8313505948215535;0;1;0;0;0;3.891820298110626;0;0;1;0;0;0;0;3.793464669304011;1;0;0;1;1;3.761200115693562;1;0;0;1;1;1;1;0;0;1;2.083;1.55814461804655
2.1489;1.3775;1;0;0;0;0;2.302585092994046;0;1;0;0;0;0;1;2.014903020542265;0;0;0;1;1;3.332204510175204;1;0;0;1;1;1;0;0;0;1;2;.3364722366212129
2.152991930282959;1.072930539113951;1;0;0;1;1;0;1;0;0;0;0;1;0;2.397895272798371;0;0;0;1;1;3.044522437723423;1;0;0;1;1;0;1;0;1;1;2.518;2.850957789355288
2.163062216684186;1.399633952368573;0;1;0;0;0;1.386294361119891;1;0;0;0;0;1;0;3.295836866004329;1;0;1;1;1;1.871802176901591;1;0;0;1;1;1;1;1;0;1;4.179;3.063390922027806
2.169678376866312;.3693069577644787;0;1;0;0;0;3.13549421592915;1;0;0;0;0;0;1;3.405189402931693;0;0;0;0;1;3.663561646129646;0;0;1;1;1;1;0;0;1;1;1.324;1.430746123690724
2.2;1.2;0;1;0;0;0;2.484906649788;1;0;0;0;0;1;0;3.919455317245442;1;0;0;1;1;3.091042453358316;1;0;0;1;1;0;1;1;0;1;6.481;1.909542504884439
2.2;1;0;1;0;0;0;2.484906649788;1;0;0;0;0;1;0;3.919455317245442;1;0;0;1;1;3.091042453358316;1;0;0;0;1;0;1;1;0;1;6.481;1.909542504884439
2.2;1.1;0;1;0;0;0;2.484906649788;1;0;0;0;0;1;0;3.919455317245442;1;0;0;1;1;3.091042453358316;1;0;0;0;1;0;1;0;0;1;6.481;1.909542504884439
2.2;5.899999999999999;1;0;0;0;0;1.386294361119891;1;0;0;0;0;0;1;3.332204510175204;0;0;0;1;1;3.332204510175204;1;0;0;1;1;1;0;0;0;1;1.71;1.236762627148927
2.2;1.2;0;1;0;0;0;2.484906649788;1;0;0;0;0;1;0;3.919455317245442;1;0;0;1;1;3.091042453358316;1;0;0;1;1;0;1;1;0;1;6.481;1.909542504884439
2.214156520303967;1.747862076497198;0;1;0;0;0;1.386294361119891;1;0;0;0;0;0;1;3.295836866004329;1;0;1;1;1;1.871802176901591;1;0;0;1;1;1;1;1;0;1;4.179;3.063390922027806
2.220479676887834;1.896662670323954;1;0;0;1;1;0;1;0;0;0;0;1;0;3.099190981922221;0;0;0;1;1;3.34109345759245;1;0;0;1;0;1;0;0;0;1;1.469;2.228477120840324
2.224378447043818;.5111218922352191;0;1;0;0;0;1.386294361119891;0;0;0;0;1;1;0;3.931825632724326;0;0;1;1;1;3.526360524616162;1;0;0;0;0;0;0;0;0;1;1.796;2.114532861491106
2.224378447043818;.7155706491293068;0;1;0;0;0;1.386294361119891;0;0;0;0;1;1;0;3.931825632724326;0;0;1;1;1;3.526360524616162;1;0;0;0;0;0;0;0;0;1;1.796;2.114532861491106
2.230742612097825;1.401733430680574;1;0;0;1;1;0;1;0;0;0;0;1;0;3.645710958712558;0;0;0;0;1;3.784189633918261;0;0;0;1;1;1;0;0;0;1;3.875;1.09861228866811
2.239568442378054;1.120322949597792;1;0;0;1;0;0;1;0;0;0;0;0;1;3.218875824868201;0;0;0;1;0;3.49650756146648;1;0;0;1;0;1;0;1;1;1;3;2.05127066471314
2.257195966446116;5.051718055321309;1;0;0;1;1;0;1;0;0;0;0;0;1;3.713572066704308;0;0;0;1;1;2.397895272798371;1;0;0;1;1;0;0;0;0;1;11.49;4.060443010546419
2.281640130749163;1.450417946076255;1;0;0;1;0;0;1;0;0;0;0;0;1;3.645710958712558;0;0;0;0;1;3.784189633918261;0;0;0;1;1;1;0;0;0;1;3.875;1.09861228866811
2.293014230271669;6.459195014849771;0;0;1;0;0;4.442651256490317;0;0;1;0;0;0;0;4.107096246147264;1;0;0;0;1;3.772760938094638;1;0;0;1;1;1;1;0;0;1;2.731;1.09861228866811
2.3;3.96551724137931;0;1;0;0;0;2.302585092994046;0;0;0;0;0;0;1;3.549042508926137;1;0;0;0;1;3.784189633918261;1;0;0;1;0;0;0;0;0;1;4.011;1.981001468866583
2.3;8.4;1;0;0;0;0;1.386294361119891;1;0;0;0;0;0;1;3.332204510175204;0;0;0;1;1;3.332204510175204;1;0;0;1;1;1;0;0;0;1;1.71;1.236762627148927
2.310706689814664;1.9830099517706;1;0;0;1;1;0;1;0;0;0;0;1;0;3.099190981922221;0;0;0;1;1;3.34109345759245;1;0;0;1;0;1;0;0;0;1;1.469;2.228477120840324
2.32;2.088;0;1;0;0;0;1.09861228866811;0;0;0;0;0;1;0;3.761200115693562;1;0;0;1;0;2.302585092994046;1;0;0;1;1;0;0;1;1;1;7.313;1.426185690147193
2.326653954721758;2.046533079094435;0;1;0;0;0;2.484906649788;1;0;0;0;0;1;0;3.931825632724326;0;0;0;1;1;3.091042453358316;0;0;0;1;1;0;1;0;1;0;0;.2006706954621512
2.332400279916026;1.524142757172848;0;1;0;0;0;3.891820298110626;0;0;1;0;0;0;0;3.793464669304011;1;0;0;1;1;3.761200115693562;1;0;0;1;1;1;1;0;0;1;2.083;1.55814461804655
2.338115181781419;8.672541232964884;0;1;0;0;0;1.6094379124341;0;1;0;0;0;0;1;3.091042453358316;0;0;0;1;1;3.449987545831587;0;0;0;1;1;0;1;0;0;1;2.518;1.658228076603532
2.339816422101242;2.921501876699514;1;0;0;1;0;1.386294361119891;1;0;0;0;0;0;0;3.091042453358316;0;0;0;1;1;3.624340932976365;1;0;0;1;1;1;0;1;0;1;6.604;.7884573603642703
2.372565661030153;1.256073506500198;1;0;0;1;1;0;1;0;0;0;0;1;0;2.397895272798371;0;0;0;1;1;3.044522437723423;1;0;0;1;1;1;1;1;1;1;2.518;2.850957789355288
2.374486469334069;1.210398123403689;0;0;0;0;0;0;1;0;0;0;0;0;0;3.763135451025739;0;0;0;1;1;3.637586159726386;1;0;0;1;1;0;0;0;0;1;1.287;1.408767216971949
2.379877651740125;1.596611782218327;1;0;0;1;0;0;1;0;0;0;0;0;1;3.645710958712558;0;0;0;0;1;3.784189633918261;1;0;0;1;1;1;0;0;0;1;3.875;1.09861228866811
2.385;.954;1;0;0;0;0;2.302585092994046;0;1;0;0;0;0;0;2.014903020542265;0;0;0;1;1;3.332204510175204;1;0;0;1;1;1;0;0;0;1;2;.3364722366212129
2.398307688370971;1.607653430707424;0;1;0;0;0;1.386294361119891;1;0;0;0;0;0;1;3.295836866004329;1;0;1;1;1;1.871802176901591;1;0;0;1;1;1;1;1;0;1;4.179;3.063390922027806
2.399999976;3.054545424;0;1;0;0;0;2.772588722239781;1;0;0;0;0;0;0;4.110873864173311;1;0;0;0;0;3.931825632724326;1;0;0;1;1;0;0;0;0;1;1.893;.6931471805599453
2.4;1.2;0;1;0;0;0;2.484906649788;1;0;0;0;0;1;0;3.919455317245442;1;0;0;1;1;3.091042453358316;1;0;0;0;1;0;1;0;0;1;6.481;1.909542504884439
2.429031789062153;.6883230936224977;0;1;0;0;0;2.484906649788;1;0;0;0;0;0;1;3.555348061489414;0;0;0;1;1;1.6094379124341;1;0;0;1;1;0;0;0;0;0;0;.2006706954621512
2.429031789062153;.7170032225234351;0;1;0;0;0;1.386294361119891;0;0;0;0;1;0;0;3.931825632724326;0;0;1;1;1;3.526360524616162;1;0;0;0;0;0;0;0;0;1;1.796;2.114532861491106
2.46510747949279;1.110116568247665;1;0;0;1;1;0;1;0;0;0;0;0;0;3.645710958712558;0;0;0;0;1;3.784189633918261;0;0;0;1;1;1;0;0;0;1;3.875;1.09861228866811
2.481859472480505;1.159835246124403;1;0;0;1;1;0;1;0;0;0;0;1;0;2.397895272798371;0;0;0;1;1;3.044522437723423;1;0;0;1;1;1;0;0;1;1;2.518;2.850957789355288
2.484;3.029268292682927;0;0;1;0;0;4.442651256490317;1;0;0;0;0;0;0;4.06285389513073;1;0;1;1;1;3.749504075930371;1;0;0;1;1;1;0;0;0;1;0;1.09861228866811
2.5;1.2;0;1;0;0;0;2.484906649788;1;0;0;0;0;1;0;3.919455317245442;1;0;0;1;1;3.091042453358316;1;0;0;0;0;0;1;0;0;1;6.481;1.909542504884439
2.5;2.1;0;1;0;0;0;3.912023005428146;1;0;0;0;0;0;1;2.890371757896165;1;0;0;1;1;3.597312260588446;1;0;0;0;1;0;0;0;0;1;1.71;1.236762627148927
2.504177886988389;1.39960633817787;1;0;0;1;1;1.386294361119891;1;0;0;0;0;0;0;2.772588722239781;0;0;0;1;1;3.624340932976365;1;0;0;1;1;1;0;1;0;1;6.604;.7884573603642703
2.521658662361119;7.244290324184306;1;0;0;1;0;0;1;0;0;0;0;1;0;3.218875824868201;0;0;0;1;0;3.49650756146648;1;0;0;1;0;1;0;1;1;1;3;2.05127066471314
2.526008864007464;.9993002099370188;0;1;0;0;0;3.891820298110626;0;0;1;0;0;0;0;3.793464669304011;1;0;0;1;1;3.761200115693562;1;0;0;1;1;1;1;0;0;1;2.083;1.55814461804655
2.554084291235177;.2633879016949362;0;1;0;1;0;3.13549421592915;0;0;0;0;0;0;1;3.405189402931693;0;0;0;0;1;3.663561646129646;1;0;0;1;1;1;0;0;1;1;1.324;1.430746123690724
2.587919894806423;16.60869164054755;0;1;0;0;0;3.749504075930371;1;0;0;0;0;1;0;3.173878458937465;0;0;0;0;1;3.737669618283368;1;0;0;1;0;0;0;0;1;1;0;.2876820724517808
2.6;1.2;0;1;0;0;0;2.484906649788;1;0;0;0;0;1;0;3.919455317245442;1;0;0;1;1;3.091042453358316;1;0;0;0;0;0;1;0;0;1;6.481;1.909542504884439
2.603309236962459;.8105661429720036;0;1;0;0;0;1.386294361119891;1;0;0;0;0;1;0;3.295836866004329;1;0;1;1;1;1.871802176901591;1;0;0;1;1;1;1;1;0;1;4.179;3.063390922027806
2.603900254612901;2.367463813155061;1;0;0;1;1;1.386294361119891;1;0;0;0;0;0;0;2.772588722239781;0;0;0;1;1;3.624340932976365;1;0;0;1;1;1;1;1;1;1;6.604;.7884573603642703
2.613570080919803;.7890983539222733;0;1;0;0;0;2.484906649788;1;0;0;0;0;0;1;3.555348061489414;0;0;0;1;1;1.6094379124341;1;0;0;1;1;0;1;0;0;0;0;.2006706954621512
2.614243222315647;1.121591005076035;1;0;0;1;0;0;1;0;0;0;0;0;1;3.090132948975475;0;0;0;1;1;3.34109345759245;1;0;0;1;0;1;0;0;0;1;1.469;2.228477120840324
2.625884448176774;.9161713913863778;1;0;0;1;0;0;1;0;0;0;0;0;0;3.645710958712558;0;0;0;0;1;3.784189633918261;1;0;0;1;1;1;0;0;0;1;3.875;1.09861228866811
2.627601393585799;6.82519073818733;0;1;0;0;0;2.397895272798371;1;0;0;0;0;0;0;3.963284399306881;1;0;1;1;1;3.688879454113936;1;0;0;1;0;0;1;1;0;0;0;0
2.634094847344204;1.847413707252195;0;1;0;0;0;2.484906649788;1;0;0;0;0;1;0;3.931825632724326;1;0;0;1;1;3.091042453358316;0;0;0;1;1;0;1;0;1;0;0;.2006706954621512
2.634094847344204;3.18165694026767;0;1;0;0;0;2.484906649788;1;0;0;0;0;1;0;3.931825632724326;0;0;0;1;1;3.091042453358316;0;0;0;1;1;0;1;0;1;0;0;.2006706954621512
2.634094847344204;1.026340948473442;1;0;0;0;0;0;1;0;0;0;0;1;0;3.645710958712558;0;0;0;0;1;3.784189633918261;0;0;0;1;1;1;0;0;0;1;3.875;1.09861228866811
2.641471904525112;1.320735952262556;0;1;0;0;0;1.791759469228055;0;0;1;0;0;0;1;3.86702563949741;1;0;0;1;1;3.433987204485146;1;0;0;1;1;0;0;0;0;1;2.083;3.23649742621802
2.66988476503143;.4911132677944468;0;1;0;1;0;3.13549421592915;1;0;0;0;0;1;0;3.499533282383017;0;0;0;0;1;3.663561646129646;1;0;0;1;1;1;0;0;1;1;1.324;1.430746123690724
2.675156697105607;1.158661073949752;1;0;0;1;0;0;1;0;0;0;0;1;0;3.645710958712558;0;0;0;0;1;3.784189633918261;1;0;0;1;1;1;0;0;0;1;3.875;1.09861228866811
2.685424726168217;.9118465715683739;0;1;0;0;0;2.484906649788;1;0;0;0;0;1;0;3.931825632724326;0;0;0;1;1;3.13549421592915;1;0;0;1;1;0;1;0;1;0;0;.2006706954621512
2.689844027387878;3.832067232707858;1;0;0;1;0;0;1;0;0;0;0;0;1;3.713572066704308;0;0;0;1;0;1.945910149055313;1;0;0;1;1;1;0;0;0;1;11.49;4.060443010546419
2.697302697302697;1.132201132201132;0;0;0;0;0;0;1;0;0;0;0;0;1;3.746912485364546;0;0;0;1;1;3.828641396489095;1;0;0;0;0;1;0;1;0;1;2.774;1.178654996341646
2.7;1.1;0;1;0;0;0;2.484906649788;1;0;0;0;0;1;0;3.919455317245442;1;0;0;1;1;3.091042453358316;1;0;0;0;1;0;1;1;0;1;6.481;1.909542504884439
2.712386284114765;1.435969209237229;0;1;0;0;0;3.891820298110626;0;0;1;0;0;0;0;3.793464669304011;1;0;0;1;1;3.761200115693562;1;0;0;1;1;1;1;0;0;1;2.083;1.55814461804655
2.719850711453231;.8209003965477024;0;1;0;0;0;3.891820298110626;0;0;1;0;0;0;0;3.793464669304011;1;0;0;1;1;3.761200115693562;1;0;0;1;1;1;1;0;0;1;2.083;1.55814461804655
2.724452602391003;1.061595358316891;1;0;0;1;0;0;1;0;0;0;0;1;0;3.645710958712558;0;0;0;0;1;3.784189633918261;0;0;0;1;1;1;0;0;0;1;3.875;1.09861228866811
2.731335353610785;.4920964772117163;0;1;0;1;0;3.13549421592915;1;0;0;0;0;1;0;3.499533282383017;0;0;0;0;1;3.663561646129646;1;0;0;1;1;1;0;0;1;1;1.324;1.430746123690724
2.740751108000933;1.676906927921624;0;0;1;0;0;4.442651256490317;0;0;1;0;0;0;1;3.793464669304011;1;0;0;1;1;3.761200115693562;1;0;0;1;1;1;1;0;0;1;2.083;1.55814461804655
2.745603861282997;.8193383541452937;1;0;0;1;1;0;1;0;0;0;0;0;0;3.645710958712558;0;0;0;0;1;3.784189633918261;1;0;0;1;1;1;0;0;0;1;3.875;1.09861228866811
2.7676059340493;.9043549322196339;0;1;0;0;0;2.484906649788;1;0;0;0;0;1;0;3.931825632724326;0;0;0;1;1;3.13549421592915;1;0;0;1;1;0;0;0;1;0;0;.2006706954621512
2.781900819872875;1.905253476625867;1;0;0;1;1;0;1;0;0;0;0;0;1;3.713572066704308;0;0;0;1;1;1.945910149055313;1;0;0;1;1;0;0;0;1;1;11.49;4.060443010546419
2.791643966384788;1.763143557716708;1;0;0;1;1;0;0;1;0;0;0;0;1;3.082826980404925;0;0;0;1;1;3.332204510175204;1;0;0;0;0;1;1;0;0;1;1.893;1.368275855617212
2.792162351294611;1.763470958712386;0;1;0;0;0;3.891820298110626;0;0;1;0;0;0;0;3.793464669304011;1;0;0;1;1;3.761200115693562;1;0;0;1;1;1;1;0;0;1;2.083;1.55814461804655
2.792203331138834;.372076728931562;0;1;0;1;0;3.13549421592915;1;0;0;0;0;0;1;3.405189402931693;0;0;0;0;1;3.663561646129646;1;0;0;1;1;0;0;0;0;1;1.324;1.430746123690724
2.8;1;0;1;0;0;0;2.484906649788;1;0;0;0;0;1;0;3.919455317245442;1;0;0;1;1;3.091042453358316;1;0;0;1;1;0;1;0;0;1;6.481;1.909542504884439
2.808786460208859;1.656463809866763;0;1;0;1;1;3.332204510175204;0;1;0;0;0;0;1;3.277144732992177;0;0;0;1;1;3.650658241293739;1;0;0;1;0;1;1;0;0;1;1.324;.6931471805599453
2.808786460208859;1.656463809866763;0;1;0;1;1;3.332204510175204;0;1;0;0;0;0;1;3.277144732992177;0;0;0;1;1;3.650658241293739;1;0;0;1;0;1;1;0;0;1;1.324;.6931471805599453
2.832866666765402;6.245567085113322;1;0;0;1;1;0;1;0;0;0;0;0;1;3.713572066704308;0;0;0;1;1;2.19722457733622;1;0;0;1;1;0;0;0;0;1;11.49;4.060443010546419
2.839568442142504;3.805064032359272;0;0;0;0;0;2.302585092994046;1;0;0;0;0;0;1;3.417726683613366;0;0;0;1;1;2.639057329615258;1;0;0;1;1;0;0;0;0;1;1.034;1.170071252650255
2.848295601232143;1.647640306084649;1;0;0;1;1;0;1;0;0;0;0;1;0;3.099190981922221;0;0;0;1;1;3.34109345759245;1;0;0;1;0;1;0;0;0;1;1.469;2.228477120840324
2.850944716585025;1.116864940517845;0;1;0;0;0;3.891820298110626;0;0;1;0;0;0;0;3.793464669304011;1;0;0;1;1;3.761200115693562;1;0;0;1;1;1;1;0;0;1;2.083;1.55814461804655
2.854578096947936;1.615798922800718;0;1;0;1;1;3.332204510175204;0;1;0;0;0;0;1;3.277144732992177;0;0;0;1;1;3.650658241293739;1;0;0;1;0;1;1;0;0;1;1.324;.6931471805599453
2.855890287921627;2.180703556944975;1;0;0;1;0;0;1;0;0;0;0;1;0;3.713572066704308;0;0;0;1;1;1.386294361119891;1;0;0;1;1;1;0;0;1;1;11.49;4.060443010546419
2.8911;8.619594839666188;0;0;1;0;0;4.442651256490317;0;0;0;1;0;1;0;3.250374491927572;0;0;0;0;1;3.637586159726386;1;0;0;1;0;1;0;0;0;1;5.589;1.321755839982319
2.9;1.2;0;1;0;0;0;2.484906649788;1;0;0;0;0;1;0;3.919455317245442;1;0;0;1;1;3.091042453358316;1;0;0;0;0;0;1;0;1;1;6.481;1.909542504884439
2.9;1.1;0;1;0;0;0;2.484906649788;1;0;0;0;0;1;0;3.919455317245442;1;0;0;1;1;3.091042453358316;1;0;0;1;1;0;1;0;1;1;6.481;1.909542504884439
2.921873014335508;1.207228886607781;1;0;0;1;0;0;1;0;0;0;0;0;0;3.645710958712558;0;0;0;0;1;3.784189633918261;0;0;0;1;1;1;0;0;0;1;3.875;1.09861228866811
2.924082716265607;1.279286188366203;1;0;0;1;0;0;0;1;0;0;0;0;1;3.082826980404925;0;0;0;1;1;3.332204510175204;1;0;0;0;0;1;1;0;0;1;1.893;1.368275855617212
2.9323;1.3419;1;0;0;0;0;2.302585092994046;0;1;0;0;0;1;0;2.014903020542265;0;0;0;1;1;3.332204510175204;1;0;0;1;1;1;0;0;0;1;2;.3364722366212129
2.942459447513079;1.132367053922644;1;0;0;0;0;0;1;0;0;0;0;0;0;3.645710958712558;0;0;0;0;1;3.784189633918261;0;0;0;1;1;1;0;0;0;1;3.875;1.09861228866811
2.962193791955934;8.993317477931582;0;1;0;1;1;1.6094379124341;0;1;0;0;0;0;0;3.091042453358316;0;0;0;1;1;3.449987545831587;0;0;0;1;1;0;1;0;0;1;2.518;1.658228076603532
3.003292320958995;3.76890729707054;1;0;0;1;0;0;1;0;0;0;0;0;1;3.713572066704308;0;0;0;1;0;1.945910149055313;1;0;0;1;1;1;0;0;1;1;11.49;4.060443010546419
3.004243456530764;.6767378795094071;0;1;0;0;0;2.484906649788;1;0;0;0;0;1;0;3.931825632724326;0;0;0;1;1;3.13549421592915;1;0;0;1;1;0;1;0;0;0;0;.2006706954621512
3.045453395351694;7.728409004651376;0;1;0;0;0;3.688879454113936;1;0;0;0;0;0;0;4.091340053201802;1;0;1;1;1;3.663561646129646;1;0;0;1;1;1;0;0;0;0;0;0
3.045453395351694;7.213181737674619;0;1;0;0;0;3.688879454113936;1;0;0;0;0;0;0;4.091340053201802;1;0;1;1;1;3.663561646129646;1;0;0;1;1;1;0;0;0;0;0;0
3.055758455935664;.6832596785628534;0;1;0;0;0;2.484906649788;1;0;0;0;0;1;0;3.931825632724326;0;0;0;1;1;3.13549421592915;1;0;0;1;1;0;0;0;0;0;0;.2006706954621512
3.055973870193562;1.284256439226466;0;1;0;0;0;3.367295829986474;0;0;1;0;0;1;0;3.795046394523899;1;0;0;1;1;3.597312260588446;1;0;0;1;0;0;0;0;0;1;.905;.4054651081081644
3.081175647305808;1.637742010730114;0;1;0;0;0;3.891820298110626;0;0;1;0;0;0;0;3.793464669304011;1;0;0;1;1;3.761200115693562;1;0;0;1;1;1;1;0;0;1;2.083;1.55814461804655
3.092449131686244;3.262569024394482;1;0;0;1;1;0;1;0;0;0;0;0;1;3.713572066704308;0;0;0;1;0;2.397895272798371;1;0;0;1;1;0;0;0;0;1;11.49;4.060443010546419
3.094333494125999;2.129259648105457;1;0;0;1;0;0;1;0;0;0;0;1;0;3.099190981922221;0;0;0;1;1;3.34109345759245;1;0;0;1;0;1;0;0;0;1;1.469;2.228477120840324
3.094333494125999;2.241325945374166;1;0;0;1;0;0;1;0;0;0;0;1;0;3.099190981922221;0;0;0;1;1;3.34109345759245;1;0;0;1;0;1;0;0;0;1;1.469;2.228477120840324
3.112439721109051;3.038334013463597;1;0;0;0;0;0;1;0;0;0;0;1;0;3.675642227331916;0;0;0;0;1;3.737669618283368;0;0;0;1;1;0;0;0;1;1;4.744;1.435084525289323
3.148550388652271;.9695963736533314;0;1;0;0;0;1.386294361119891;1;0;0;0;0;1;0;3.295836866004329;1;0;1;1;1;1.871802176901591;1;0;0;1;1;1;1;1;0;1;4.179;3.063390922027806
3.172058190020199;.8442000088452426;0;1;0;0;0;3.367295829986474;0;0;1;0;0;0;0;3.795046394523899;1;0;0;1;1;3.597312260588446;1;0;0;1;0;0;0;0;0;1;.905;.4054651081081644
3.186680061708408;1.408360988558901;1;0;0;1;1;0;1;0;0;0;0;0;1;1.945910149055313;0;0;0;1;1;3.044522437723423;1;0;0;1;1;1;0;0;1;1;2.518;2.850957789355288
3.190072100765855;1.882196877261492;1;0;0;1;0;0;1;0;0;0;0;0;1;3.713572066704308;0;0;0;1;1;1.945910149055313;1;0;0;1;1;0;0;0;1;1;11.49;4.060443010546419
3.191393551756377;2.442043934814217;1;0;0;1;0;1.386294361119891;1;0;0;0;0;0;0;3.367295829986474;0;0;0;1;1;3.624340932976365;1;0;0;1;1;1;0;1;0;1;6.604;.7884573603642703
3.201291555625901;3.746311409626409;1;0;0;1;1;0;1;0;0;0;0;0;1;3.32862668882732;0;1;0;0;1;3.433987204485146;1;0;0;1;1;0;1;1;1;1;.905;.1670540846631662
3.205913220012999;7.99451246674834;1;0;0;1;0;1.386294361119891;1;0;0;0;0;0;0;3.091042453358316;0;0;0;1;1;3.624340932976365;1;0;0;1;1;1;0;1;0;1;6.604;.7884573603642703
3.2061702066432;.8348079822744612;0;1;0;0;0;3.367295829986474;0;0;1;0;0;0;0;3.795046394523899;1;0;0;1;1;3.597312260588446;1;0;0;1;0;0;0;0;0;1;.905;.4054651081081644
3.218732706142778;2.534435201687226;0;1;0;0;0;3.218875824868201;0;0;1;0;0;0;0;3.748468245525594;1;0;0;1;1;3.80666248977032;1;0;0;1;1;1;1;0;0;1;.64;1.6094379124341
3.247999999999999;2.784;0;1;0;0;0;1.09861228866811;0;0;0;0;0;1;0;3.761200115693562;1;0;0;1;0;2.302585092994046;1;0;0;1;1;0;0;1;1;1;7.313;1.426185690147193
3.251750530511832;3.717063019098426;1;0;0;0;0;1.386294361119891;1;0;0;0;0;0;1;3.367295829986474;0;0;0;1;1;3.415382016654108;1;0;0;1;1;1;0;0;1;1;4.8;2.397895272798371
3.263403263403263;1.098901098901099;0;0;0;0;0;0;1;0;0;0;0;0;1;3.746912485364546;0;0;0;1;1;3.828641396489095;1;0;0;1;0;1;1;1;0;1;2.774;1.178654996341646
3.27878163841144;1.290584261927907;0;1;0;0;0;3.13549421592915;1;0;0;0;0;1;0;3.499533282383017;0;0;0;0;1;3.663561646129646;0;0;1;1;1;1;0;0;1;1;1.324;1.430746123690724
3.28360158619081;1.186843946815955;0;1;0;0;0;3.891820298110626;0;0;1;0;0;1;0;3.793464669304011;1;0;0;1;1;3.761200115693562;1;0;0;1;1;1;1;0;0;1;2.083;1.55814461804655
3.3;1.1;0;1;0;0;0;2.484906649788;1;0;0;0;0;1;0;3.919455317245442;1;0;0;1;1;3.091042453358316;1;0;0;0;0;0;1;0;0;1;6.481;1.909542504884439
3.308974162619795;1.438140328537331;1;0;0;1;1;0;1;0;0;0;0;1;0;1.945910149055313;0;0;0;1;1;3.044522437723423;1;0;0;1;1;1;1;1;1;1;2.518;2.850957789355288
3.313720169862866;4.060229202675611;0;1;0;0;0;1.386294361119891;1;0;0;0;0;0;1;3.295836866004329;1;0;1;1;1;1.871802176901591;1;0;0;1;1;1;1;1;0;1;4.179;3.063390922027806
3.31785280132173;.9161713913863778;1;0;0;1;0;0;1;0;0;0;0;0;0;3.645710958712558;0;0;0;0;1;3.784189633918261;1;0;0;1;1;1;0;0;0;1;3.875;1.09861228866811
3.321789286503041;1.875755423601819;1;0;0;0;0;0;1;0;0;0;0;0;1;3.765256991711648;0;0;0;1;1;3.637586159726386;1;0;0;1;1;0;0;0;0;1;1.287;1.408767216971949
3.323163051084674;1.058269185910893;0;1;0;0;0;3.891820298110626;0;0;1;0;0;0;0;3.793464669304011;1;0;0;1;1;3.761200115693562;1;0;0;1;1;1;1;0;0;1;2.083;1.55814461804655
3.326144089752128;1.973755833479284;1;0;0;1;0;0;0;1;0;0;0;1;0;3.082826980404925;0;0;0;1;1;3.332204510175204;1;0;0;0;0;1;1;0;0;1;1.893;1.368275855617212
3.399246157658768;2.302715139059165;1;0;0;1;0;0;0;1;0;0;0;1;0;3.082826980404925;0;0;0;1;1;3.332204510175204;1;0;0;0;0;1;1;0;0;1;1.893;1.368275855617212
3.413833197379288;3.790596446213943;1;0;0;1;1;1.386294361119891;1;0;0;0;0;0;0;2.833213344056216;0;0;0;1;1;3.624340932976365;1;0;0;1;1;1;0;1;0;1;6.604;.7884573603642703
3.415208770702122;1.693491952414276;0;1;0;0;0;3.891820298110626;0;0;1;0;0;0;0;3.793464669304011;1;0;0;1;1;3.761200115693562;1;0;0;1;1;1;1;0;0;1;2.083;1.55814461804655
3.424423652731279;2.79479154104451;0;1;0;0;0;1.6094379124341;0;1;0;0;0;0;1;3.091042453358316;0;0;0;1;1;3.449987545831587;1;0;0;1;1;0;1;0;0;1;2.518;1.658228076603532
3.44332071866098;1.547857110620154;1;0;0;1;1;0;1;0;0;0;0;0;1;3.645710958712558;0;0;0;0;1;3.784189633918261;1;0;0;1;1;1;0;0;0;1;3.875;1.09861228866811
3.458460672811792;1.13804306740093;1;0;0;0;0;0;1;0;0;0;0;1;0;3.645710958712558;0;0;0;0;1;3.784189633918261;1;0;0;1;1;1;0;0;0;1;3.875;1.09861228866811
3.458460672811792;2.689919977493107;1;0;0;0;0;2.302585092994046;1;0;0;0;0;1;0;3.417726683613366;0;0;0;1;1;3.277144732992177;1;0;0;1;1;0;0;0;0;1;1.034;1.170071252650255
3.479154434253506;3.53898708165147;1;0;0;0;0;1.386294361119891;1;0;0;0;0;1;0;3.374168709274236;0;0;0;1;1;3.415382016654108;1;0;0;1;1;1;0;0;1;1;4.8;2.397895272798371
3.530906948521029;2.474388676069653;0;1;0;0;0;1.386294361119891;1;0;0;0;0;0;1;3.295836866004329;1;0;1;1;1;1.871802176901591;1;0;0;1;1;1;1;1;0;1;4.179;3.063390922027806
3.536287339937504;1.384245476891636;1;0;0;1;1;1.386294361119891;1;0;0;0;0;0;0;2.772588722239781;0;0;0;1;1;3.624340932976365;1;0;0;1;1;1;0;1;0;1;6.604;.7884573603642703
3.552728841936436;1.738510805435082;1;0;0;1;0;0;1;0;0;0;0;0;0;3.713572066704308;0;0;0;1;1;1.386294361119891;1;0;0;1;1;1;0;0;1;1;11.49;4.060443010546419
3.561970879962328;.9320577379196608;1;0;0;0;0;0;1;0;0;0;0;0;0;3.645710958712558;0;0;0;0;1;3.784189633918261;1;0;0;1;1;1;0;0;0;1;3.875;1.09861228866811
3.561970879962328;3.251750530511832;0;1;0;0;0;3.912023005428146;1;0;0;0;0;1;0;3.178053830347946;0;0;0;1;1;3.610917912644224;1;0;0;1;1;0;1;0;0;1;6.481;2.054123733695546
3.592476443654702;1.837403179884873;0;0;0;0;0;0;1;0;0;0;0;0;1;3.765256991711648;0;0;0;1;1;3.637586159726386;1;0;0;1;1;0;0;0;0;1;1.287;1.408767216971949
3.603431185563064;2.057346639679594;1;0;0;1;0;0;1;0;0;0;0;1;0;3.099190981922221;0;0;0;1;1;3.34109345759245;1;0;0;1;0;1;0;0;0;1;1.469;2.228477120840324
3.628531683458136;1.304434477557193;1;0;0;1;1;0;1;0;0;0;0;0;1;3.645710958712558;0;0;0;0;1;3.784189633918261;0;0;0;1;1;1;0;0;0;1;3.875;1.09861228866811
3.652660367976131;2.208105420188961;0;1;0;0;0;1.791759469228055;0;0;1;0;0;0;1;3.86702563949741;1;0;0;1;1;3.433987204485146;1;0;0;1;1;0;0;0;0;1;2.083;3.23649742621802
3.673049941822648;.9542187033440683;0;1;0;0;0;3.367295829986474;0;0;1;0;0;0;0;3.795046394523899;1;0;0;1;1;3.597312260588446;1;0;0;1;0;0;0;0;0;1;.905;.4054651081081644
3.673253447397704;3.325820516444117;1;0;0;1;0;0;1;0;0;0;0;0;1;2.397895272798371;0;0;0;1;1;3.044522437723423;1;0;0;1;1;0;1;0;1;1;2.518;2.850957789355288
3.691354702656861;9.962880196581718;1;0;0;1;0;1.386294361119891;1;0;0;0;0;0;0;3.367295829986474;0;0;0;1;1;3.624340932976365;1;0;0;1;1;1;1;1;1;1;6.604;.7884573603642703
3.715356073910292;1.304434477557193;1;0;0;1;0;0;1;0;0;0;0;0;0;3.645710958712558;0;0;0;0;1;3.784189633918261;0;0;0;1;1;1;0;0;0;1;3.875;1.09861228866811
3.720980897554815;3.240439456793879;1;0;0;0;0;0;1;0;0;0;0;0;1;3.325036020696591;0;1;0;0;0;3.555348061489414;0;1;0;1;1;0;0;0;0;1;.905;1.299282984130261
3.730914544177466;8.903330271614026;0;1;0;0;0;3.218875824868201;1;0;0;0;0;0;0;3.92296294546648;1;0;1;0;1;3.540959324037314;1;0;0;1;0;0;1;0;0;1;4.337;2.484906649788
3.739255014326647;3.240687679083095;0;1;0;0;0;1.09861228866811;0;0;0;0;0;1;0;3.761200115693562;1;0;0;1;0;2.302585092994046;1;0;0;1;1;0;0;1;1;1;7.313;1.426185690147193
3.769302083815718;2.282924645843946;0;1;0;0;0;2.484906649788;1;0;0;0;0;0;1;3.931825632724326;0;0;0;1;1;3.091042453358316;0;0;0;1;1;0;1;0;1;0;0;.2006706954621512
3.776706356546881;1.21412544130327;1;0;0;1;1;0;1;0;0;0;0;0;0;3.713572066704308;0;0;0;1;1;1.945910149055313;1;0;0;1;1;0;0;0;1;1;11.49;4.060443010546419
3.781058696435001;1.800504141159525;0;1;0;1;1;3.332204510175204;0;1;0;0;0;0;1;3.277144732992177;0;0;0;1;1;3.650658241293739;1;0;0;1;0;1;1;0;0;1;1.324;.6931471805599453
3.790024580256336;2.200053449066519;1;0;0;1;0;0;1;0;0;0;0;1;0;2.397895272798371;0;0;0;1;1;3.044522437723423;1;0;0;1;1;0;1;0;1;1;2.518;2.850957789355288
3.8;7.3;1;0;0;0;0;1.386294361119891;1;0;0;0;0;0;0;3.332204510175204;0;0;0;1;1;3.332204510175204;1;0;0;1;1;1;0;0;0;1;1.71;1.236762627148927
3.8;4.3;1;0;0;0;0;1.386294361119891;1;0;0;0;0;0;0;3.332204510175204;0;0;0;1;1;3.332204510175204;1;0;0;1;1;1;0;0;0;1;1.71;1.236762627148927
3.8;1.1;0;0;1;0;0;4.442651256490317;0;0;0;0;0;0;0;3.725693427236652;1;0;0;1;1;3.481240089335692;0;0;0;1;1;0;0;0;0;1;5.411;1.945910149055313
3.812412964241834;3.421478687257351;1;0;0;1;1;0;1;0;0;0;0;0;1;3.713572066704308;0;0;0;1;0;2.397895272798371;1;0;0;1;1;0;0;0;0;1;11.49;4.060443010546419
3.820104103903454;.973039576349551;1;0;0;0;0;0;1;0;0;0;0;1;0;3.671224518875215;0;0;0;1;1;3.688879454113936;0;0;0;1;1;0;0;0;1;1;2.774;1.145132304303003
3.857114975348183;4.631629082630408;0;0;0;1;1;2.302585092994046;1;0;0;0;0;0;1;3.417726683613366;0;0;0;1;1;2.639057329615258;1;0;0;1;1;0;0;0;0;1;1.034;1.170071252650255
3.873123287849767;1.973589342469146;1;0;0;0;0;1.386294361119891;1;0;0;0;0;1;0;3.3603753871419;0;0;0;1;1;3.415382016654108;1;0;0;1;1;1;0;0;1;1;4.8;2.397895272798371
3.873123287849767;1.246477479454197;1;0;0;0;0;0;1;0;0;0;0;0;0;3.645710958712558;0;0;0;0;1;3.784189633918261;0;0;0;1;1;1;0;0;0;1;3.875;1.09861228866811
3.889630200465044;.973691200080113;1;0;0;0;0;0;1;0;0;0;0;1;0;3.671224518875215;0;0;0;1;1;3.688879454113936;0;0;0;1;1;0;0;0;0;1;2.774;1.145132304303003
3.889630200465044;.973691200080113;1;0;0;0;0;0;1;0;0;0;0;1;0;3.671224518875215;0;0;0;1;1;3.688879454113936;0;0;0;1;1;0;0;0;1;1;2.774;1.145132304303003
3.905444126074499;6.481375358166189;0;1;0;0;0;1.09861228866811;0;0;0;0;0;1;0;3.761200115693562;1;0;0;1;0;2.302585092994046;1;0;0;1;1;0;0;1;1;1;7.313;1.426185690147193
3.914671191443047;3.117668236338721;1;0;0;1;0;1.386294361119891;1;0;0;0;0;0;0;3.091042453358316;0;0;0;1;1;3.624340932976365;1;0;0;1;1;1;0;1;0;1;6.604;.7884573603642703
3.916585024492653;1.938511779799394;0;1;0;0;0;3.891820298110626;0;0;1;0;0;0;1;3.793464669304011;1;0;0;1;1;3.761200115693562;1;0;0;1;1;1;1;0;0;1;2.083;1.55814461804655
3.917603996175846;2.116837688727951;1;0;0;1;0;0;1;0;0;0;0;1;0;3.099190981922221;0;0;0;1;1;3.34109345759245;1;0;0;1;0;1;0;0;0;1;1.469;2.228477120840324
3.956255034745126;1.309848813437789;0;1;0;0;0;1.386294361119891;1;0;0;0;0;1;0;3.295836866004329;1;0;1;1;1;1.871802176901591;1;0;0;1;1;1;1;1;0;1;4.179;3.063390922027806
3.959372598506335;3.45545244960553;1;0;0;1;1;0;0;1;0;0;0;1;0;3.082826980404925;0;0;0;1;1;3.332204510175204;1;0;0;0;0;1;1;0;0;1;1.893;1.368275855617212
3.983443307664759;4.084797899024069;1;0;0;1;0;1.386294361119891;1;0;0;0;0;0;0;3.367295829986474;0;0;0;1;1;3.624340932976365;1;0;0;1;1;1;1;1;1;1;6.604;.7884573603642703
4.008231115715329;3.184545968449119;1;0;0;1;0;2.302585092994046;1;0;0;0;0;1;0;3.417726683613366;0;0;0;1;1;3.277144732992177;1;0;0;1;1;0;0;0;0;1;1.034;1.170071252650255
4.008246158960405;.8133444849630704;0;1;0;0;0;2.484906649788;1;0;0;0;0;0;1;3.555348061489414;0;0;0;1;1;1.6094379124341;1;0;0;1;1;0;0;0;1;0;0;.2006706954621512
4.014577125416174;1.029922413039772;0;1;0;0;0;3.367295829986474;0;0;1;0;0;0;1;3.795046394523899;1;0;0;1;1;3.597312260588446;1;0;0;1;0;0;0;0;0;1;.905;.4054651081081644
4.032041786951202;1.195955857720796;0;1;0;0;0;3.367295829986474;0;0;1;0;0;0;0;3.795046394523899;1;0;0;1;1;3.597312260588446;1;0;0;1;0;0;0;0;0;1;.905;.4054651081081644
4.060576302858366;2.360616788368554;1;0;0;1;0;0;1;0;0;0;0;1;0;2.397895272798371;0;0;0;1;1;3.044522437723423;1;0;0;1;1;0;1;0;1;1;2.518;2.850957789355288
4.062944952775749;8.634139398358142;0;1;0;0;0;2.397895272798371;1;0;0;0;0;0;0;3.963284399306881;1;0;1;1;1;3.688879454113936;1;0;0;1;0;0;1;1;0;0;0;0
4.072332121175277;2.580354226655306;1;0;0;1;0;1.386294361119891;1;0;0;0;0;0;0;3.367295829986474;0;0;0;1;1;3.624340932976365;1;0;0;1;1;1;0;1;0;1;6.604;.7884573603642703
4.081077419238821;6.244864645154329;0;1;0;0;0;3.688879454113936;1;0;0;0;0;0;0;4.091340053201802;1;0;1;1;1;3.663561646129646;1;0;0;1;1;1;0;0;0;0;0;0
4.082523714610415;1.206292037235607;1;0;0;1;1;0;1;0;0;0;0;1;0;2.397895272798371;0;0;0;1;1;3.044522437723423;1;0;0;1;1;0;1;0;1;1;2.518;2.850957789355288
4.09848797570429;.9756486907115298;1;0;0;0;0;0;1;0;0;0;0;1;0;3.671224518875215;0;0;0;1;1;3.688879454113936;0;0;0;1;1;0;0;0;1;1;2.774;1.145132304303003
4.100000000000001;2.5;1;0;0;1;1;1.09861228866811;1;0;0;0;0;1;0;3.091042453358316;0;0;0;1;1;3.332204510175204;1;0;0;1;1;1;0;0;0;1;6.481;2.602689685444384
4.105014844764492;3.512865940402499;1;0;0;1;1;0;1;0;0;0;0;0;1;3.321432413193293;0;1;0;0;1;3.49650756146648;1;0;0;1;1;0;0;1;1;1;.905;.1670540846631662
4.110358151719473;1.315561220569586;1;0;0;1;0;0;1;0;0;0;0;0;0;3.713572066704308;0;0;0;1;1;1.945910149055313;1;0;0;1;1;0;0;0;1;1;11.49;4.060443010546419
4.116138894859367;1.087466503156333;1;0;0;1;0;1.09861228866811;1;0;0;0;0;0;1;3.676300671907076;0;0;1;0;1;3.49650756146648;1;0;0;1;1;1;0;0;0;0;0;1.131402111491101
4.166870461871993;3.544189337265873;1;0;0;1;1;0;1;0;0;0;0;1;0;3.713572066704308;0;0;0;1;0;0;1;0;0;1;1;1;0;0;0;1;11.49;4.060443010546419
4.167839119071659;1.862052208172966;1;0;0;0;0;0;1;0;0;0;0;0;1;3.765256991711648;0;0;0;1;1;3.637586159726386;1;0;0;1;1;0;0;0;0;1;1.287;1.408767216971949
4.168200499972907;.9065662001592941;1;0;0;0;0;0;1;0;0;0;0;1;0;3.671224518875215;0;0;0;1;1;3.688879454113936;1;0;0;1;1;0;0;0;1;1;2.774;1.145132304303003
4.185210554547947;1.562778158318219;1;0;0;0;0;0;1;0;0;0;0;0;1;3.645710958712558;0;0;0;0;1;3.784189633918261;0;0;0;1;1;1;0;0;0;1;3.875;1.09861228866811
4.2;1.9;0;0;1;0;0;4.442651256490317;0;0;0;0;0;0;0;3.725693427236652;1;0;0;1;1;3.481240089335692;0;0;0;1;1;1;0;0;0;1;5.411;1.945910149055313
4.21648262047526;8.288082127098566;1;0;0;1;0;1.386294361119891;1;0;0;0;0;0;0;2.772588722239781;0;0;0;1;1;3.624340932976365;1;0;0;1;1;1;0;1;0;1;6.604;.7884573603642703
4.218209850758196;3.540646919432724;1;0;0;1;1;0;1;0;0;0;0;1;0;3.713572066704308;0;0;0;1;0;0;1;0;0;1;1;1;0;0;1;1;11.49;4.060443010546419
4.237316185147355;.8797629486026436;0;1;0;0;0;2.484906649788;1;0;0;0;0;0;1;3.555348061489414;0;0;0;1;1;1.6094379124341;1;0;0;1;1;0;1;0;1;0;0;.2006706954621512
4.241845741108887;2.211666258658673;1;0;0;1;0;0;1;0;0;0;0;0;1;3.218875824868201;0;0;0;1;0;3.49650756146648;1;0;0;1;0;1;0;1;1;1;3;2.05127066471314
4.25664619651347;12.71377646858637;0;1;0;0;0;1.945910149055313;1;0;0;0;0;0;1;4.091340053201802;1;0;1;1;1;3.650658241293739;1;0;0;1;1;0;0;0;0;1;6.235;1.09861228866811
4.289165721040922;1.548975870637441;1;0;0;0;0;0;1;0;0;0;0;0;1;3.325036020696591;0;1;0;0;0;3.555348061489414;0;1;0;1;1;0;0;0;0;1;.905;1.299282984130261
4.289165721040922;2.371535470906979;1;0;0;0;0;0;1;0;0;0;0;0;1;3.325036020696591;0;1;0;0;0;3.555348061489414;1;0;0;1;1;0;0;0;0;1;.905;1.299282984130261
4.289447875076324;1.98149950962645;1;0;0;0;0;0;1;0;0;0;0;0;1;3.645710958712558;0;0;0;0;1;3.784189633918261;0;0;0;1;1;1;0;0;0;1;3.875;1.09861228866811
4.3;2;1;0;0;1;1;1.09861228866811;1;0;0;0;0;0;1;3.091042453358316;0;0;0;1;1;3.332204510175204;1;0;0;1;1;1;0;0;0;1;6.481;2.602689685444384
4.307765634720129;.9776101166456089;1;0;0;0;0;0;1;0;0;0;0;1;0;3.671224518875215;0;0;0;1;1;3.688879454113936;1;0;0;1;1;0;0;0;1;1;2.774;1.145132304303003
4.341605637367807;2.295515324022091;0;1;0;0;0;1.386294361119891;1;0;0;0;0;0;1;3.295836866004329;1;0;1;1;1;1.871802176901591;1;0;0;1;1;1;1;1;0;1;4.179;3.063390922027806
4.377618307747566;.9782648011689599;1;0;0;0;0;0;1;0;0;0;0;1;0;3.671224518875215;0;0;0;1;1;3.688879454113936;1;0;0;1;1;0;0;0;1;1;2.774;1.145132304303003
4.399999999999999;8.4;1;0;0;0;0;1.386294361119891;1;0;0;0;0;0;1;3.332204510175204;0;0;0;1;1;3.332204510175204;1;0;0;1;1;1;0;0;0;1;1.71;1.236762627148927
4.399999999999999;9.199999999999999;1;0;0;0;0;1.386294361119891;1;0;0;0;0;0;1;3.332204510175204;1;0;0;1;1;3.332204510175204;1;0;0;1;1;1;0;0;0;1;1.71;1.236762627148927
4.404229385996117;1.190208215000356;0;1;0;0;0;1.386294361119891;1;0;0;0;0;1;0;3.295836866004329;1;0;1;1;1;1.871802176901591;1;0;0;1;1;1;1;1;0;1;4.179;3.063390922027806
4.407999999999999;2.204;0;1;0;0;0;1.09861228866811;0;0;0;0;0;1;0;3.761200115693562;1;0;0;1;0;2.302585092994046;1;0;0;1;1;0;0;1;1;1;7.313;1.426185690147193
4.447517759611608;.908997072397599;1;0;0;0;0;0;1;0;0;0;0;1;0;3.671224518875215;0;0;0;1;1;3.688879454113936;1;0;0;1;1;0;0;0;0;1;2.774;1.145132304303003
4.462963313971859;1.35801189038231;1;0;0;1;1;0;1;0;0;0;0;1;0;2.397895272798371;0;0;0;1;1;3.044522437723423;1;0;0;1;1;0;1;0;1;1;2.518;2.850957789355288
4.463100000000001;1.3775;1;0;0;0;0;2.302585092994046;0;1;0;0;0;0;1;2.014903020542265;0;0;0;1;1;3.332204510175204;1;0;0;1;0;0;0;0;0;1;2;.3364722366212129
4.493028478387859;8.719908622501988;1;0;0;1;0;1.386294361119891;1;0;0;0;0;0;0;2.772588722239781;0;0;0;1;1;3.624340932976365;1;0;0;1;1;1;0;1;0;1;6.604;.7884573603642703
4.5;1.9;1;0;0;1;0;1.09861228866811;1;0;0;0;0;0;1;3.091042453358316;0;0;0;1;1;3.332204510175204;1;0;0;1;1;1;0;0;0;1;6.481;2.602689685444384
4.5;1.8;0;0;1;0;0;4.442651256490317;0;0;0;0;0;0;0;3.725693427236652;1;0;0;1;1;3.481240089335692;0;0;0;1;1;1;0;0;0;1;5.411;1.945910149055313
4.512749134699407;2.167640736049434;1;0;0;1;0;0;1;0;0;0;0;0;0;3.218875824868201;0;0;0;1;0;3.49650756146648;1;0;0;1;0;1;0;1;1;1;3;2.05127066471314
4.519137226046199;1.411008352551624;0;1;0;0;0;1.386294361119891;1;0;0;0;0;1;0;3.295836866004329;1;0;1;1;1;1.871802176901591;1;0;0;1;1;1;1;1;0;1;4.179;3.063390922027806
4.531685662834914;2.228547782273133;1;0;0;1;1;0;1;0;0;0;0;1;0;2.19722457733622;0;0;0;1;1;3.044522437723423;1;0;0;1;1;1;0;0;1;1;2.518;2.850957789355288
4.554739202296431;2.370086936166129;1;0;0;1;1;2.302585092994046;1;0;0;0;0;1;0;3.417726683613366;0;0;0;1;1;3.277144732992177;1;0;0;1;1;0;0;0;0;1;1.034;1.170071252650255
4.569447450286143;8.221948923926236;1;0;0;1;0;1.386294361119891;0;1;0;0;0;1;0;2.727002794018897;0;0;0;1;1;3.332204510175204;0;1;0;1;1;1;1;0;1;1;0;0
4.580211366346743;2.439342355772311;0;1;0;0;0;3.367295829986474;0;0;1;0;0;0;0;3.795046394523899;1;0;0;1;1;3.597312260588446;1;0;0;1;0;0;0;0;0;1;.905;.4054651081081644
4.598282821085093;1.463032914722509;1;0;0;1;0;0;1;0;0;0;0;1;0;3.099190981922221;0;0;0;1;1;3.34109345759245;1;0;0;1;0;1;0;0;0;1;1.469;2.228477120840324
4.602785990871694;.9414250739178451;1;0;0;0;0;0;1;0;0;0;0;0;0;3.645710958712558;0;0;0;0;1;3.784189633918261;1;0;0;1;1;1;0;0;0;1;3.875;1.09861228866811
4.613695982168315;2.298324521244214;1;0;0;1;1;0;1;0;0;0;0;0;1;2.19722457733622;0;0;0;1;1;3.044522437723423;1;0;0;1;1;1;1;1;1;1;2.518;2.850957789355288
4.615294749118445;8.13025432626163;1;0;0;1;0;1.386294361119891;0;1;0;0;0;1;0;2.727002794018897;0;0;0;1;1;3.332204510175204;0;1;0;1;1;1;1;0;1;1;0;0
4.616321321212366;1.69915006416762;1;0;0;1;0;0;1;0;0;0;0;1;0;3.713572066704308;0;0;0;1;1;1.945910149055313;1;0;0;1;1;0;0;0;1;1;11.49;4.060443010546419
4.633182023480145;.5551839004252278;0;1;0;1;0;3.13549421592915;1;0;0;0;0;1;0;3.499533282383017;0;0;0;0;1;3.663561646129646;1;0;0;1;1;0;0;0;0;1;1.324;1.430746123690724
4.662004662004662;1.198801198801199;0;0;0;0;0;0;1;0;0;0;0;0;1;3.746912485364546;0;0;0;1;1;3.828641396489095;1;0;0;0;0;0;0;0;0;1;2.774;1.178654996341646
4.668718712867447;1.182781981778595;1;0;0;1;1;0;1;0;0;0;0;1;0;1.945910149055313;0;0;0;1;1;3.044522437723423;1;0;0;1;1;1;0;0;1;1;2.518;2.850957789355288
4.695029054040178;1.951638178370005;1;0;0;1;0;0;1;0;0;0;0;1;0;1.945910149055313;0;0;0;1;1;3.044522437723423;1;0;0;1;1;1;0;0;1;1;2.518;2.850957789355288
4.695029054040178;2.201162694325987;1;0;0;1;0;0;1;0;0;0;0;1;0;2.397895272798371;0;0;0;1;1;3.044522437723423;1;0;0;1;1;0;1;0;1;1;2.518;2.850957789355288
4.707441095693721;1.780026498626794;1;0;0;0;0;0;1;0;0;0;0;0;1;3.645710958712558;0;0;0;0;1;3.784189633918261;1;0;0;1;1;1;0;0;0;1;3.875;1.09861228866811
4.725758329189458;.9699154649428143;0;1;0;0;0;1.791759469228055;0;0;1;0;0;0;1;3.86702563949741;1;0;0;1;1;3.433987204485146;1;0;0;1;1;0;0;1;0;1;2.083;3.23649742621802
4.777411250423346;1.53686527474641;1;0;0;1;1;0;1;0;0;0;0;0;0;3.713572066704308;0;0;0;1;1;1.386294361119891;1;0;0;1;1;1;0;0;1;1;11.49;4.060443010546419
4.791240563888244;3.269486705593314;1;0;0;0;0;0;1;0;0;0;0;0;1;3.32862668882732;0;1;0;0;1;3.433987204485146;1;0;0;1;1;0;1;1;1;1;.905;.1670540846631662
4.8;2.2;0;0;1;0;0;4.442651256490317;0;0;0;0;0;0;0;3.526360524616162;1;0;0;1;1;3.481240089335692;0;0;0;1;1;1;0;0;0;1;5.411;1.945910149055313
4.807572;1.072764;0;1;0;0;0;3.367295829986474;0;0;1;0;0;0;0;3.795046394523899;1;0;0;1;1;3.597312260588446;1;0;0;1;0;0;0;0;0;1;.905;.4054651081081644
4.81350872167456;2.510690953420813;1;0;0;1;1;0;1;0;0;0;0;0;1;2.19722457733622;0;0;0;1;1;3.044522437723423;1;0;0;1;1;1;1;1;1;1;2.518;2.850957789355288
4.82930278712619;2.802233248487322;1;0;0;1;0;1.386294361119891;1;0;0;0;0;0;0;2.772588722239781;0;0;0;1;1;3.624340932976365;1;0;0;1;1;1;0;1;0;1;6.604;.7884573603642703
4.844601660653625;1.576406209688196;1;0;0;1;1;0;1;0;0;0;0;1;0;3.713572066704308;0;0;0;1;1;1.945910149055313;1;0;0;1;1;0;0;0;1;1;11.49;4.060443010546419
4.870213823968174;1.011188463451019;0;1;0;0;0;1.791759469228055;0;0;1;0;0;0;1;3.86702563949741;1;0;0;1;1;3.433987204485146;1;0;0;1;1;0;0;1;0;1;2.083;3.23649742621802
4.877897134936514;3.825896149207796;1;0;0;1;1;0;1;0;0;0;0;0;1;3.321432413193293;0;1;0;0;1;3.49650756146648;1;0;0;1;1;0;1;1;1;1;.905;.1670540846631662
4.880360721514808;2.231022044121055;1;0;0;1;0;0;1;0;0;0;0;0;0;3.218875824868201;0;0;0;1;0;3.49650756146648;1;0;0;1;0;1;0;1;1;1;3;2.05127066471314
4.890850323222276;1.981103928393834;0;1;0;0;0;1.791759469228055;0;0;1;0;0;0;1;3.86702563949741;1;0;0;1;1;3.433987204485146;1;0;0;1;1;0;0;0;0;1;2.083;3.23649742621802
4.899126248093522;11.16426415068995;0;0;1;0;0;4.442651256490317;0;0;1;0;0;0;0;4.107096246147264;1;0;0;0;1;3.772760938094638;1;0;0;1;1;1;1;0;0;1;2.731;1.09861228866811
4.9000003;3.84461562;0;1;0;0;0;2.772588722239781;1;0;0;0;0;0;0;4.110873864173311;1;0;0;0;0;3.931825632724326;1;0;0;1;1;0;0;0;0;1;1.893;.6931471805599453
4.907211555698072;1.252302005580376;1;0;0;1;1;0;1;0;0;0;0;1;0;2.397895272798371;0;0;0;1;1;3.044522437723423;1;0;0;1;1;0;1;0;1;1;2.518;2.850957789355288
4.917065532447062;1.363921851921812;1;0;0;0;0;0;1;0;0;0;0;0;0;3.645710958712558;0;0;0;0;1;3.784189633918261;0;0;0;1;1;1;0;0;0;1;3.875;1.09861228866811
4.918824352694192;2.517144856543037;0;1;0;0;0;3.891820298110626;0;0;1;0;0;0;1;3.793464669304011;1;0;0;1;1;3.761200115693562;1;0;0;1;1;1;1;0;0;1;2.083;1.55814461804655
4.936225840944562;8.344208387479043;1;0;0;1;0;1.386294361119891;0;1;0;0;0;1;0;2.727002794018897;0;0;0;1;1;3.332204510175204;1;0;0;1;1;1;1;0;1;1;0;0
4.94098437135526;2.359458829017961;0;1;0;0;0;3.891820298110626;0;0;1;0;0;0;1;3.793464669304011;1;0;0;1;1;3.761200115693562;1;0;0;1;1;1;1;0;0;1;2.083;1.55814461804655
4.965098309942205;2.946651888848782;1;0;0;1;0;1.386294361119891;1;0;0;0;0;0;0;2.772588722239781;0;0;0;1;1;3.624340932976365;1;0;0;1;1;1;0;1;0;1;6.604;.7884573603642703
4.971884851147464;10.61619675183536;1;0;0;1;0;1.386294361119891;0;1;0;0;0;1;0;2.727002794018897;0;0;0;1;1;3.332204510175204;0;1;0;1;1;1;1;0;1;1;0;0
4.999083966205453;1.316071118322495;1;0;0;0;0;0;1;0;0;0;0;0;0;3.763135451025739;0;0;0;1;1;3.637586159726386;1;0;0;1;1;0;0;0;0;1;1.287;1.408767216971949
5.004460962405746;5.892824380841859;1;0;0;1;0;0;1;0;0;0;0;1;0;3.713572066704308;0;0;0;1;0;0;1;0;0;1;1;1;0;0;1;1;11.49;4.060443010546419
5.033014582923867;10.53469044280016;1;0;0;1;0;1.386294361119891;0;1;0;0;0;1;0;2.727002794018897;0;0;0;1;1;3.332204510175204;0;1;0;1;1;1;1;0;1;1;0;0
5.057828384115346;2.332432137035648;1;0;0;1;0;0;1;0;0;0;0;0;0;3.218875824868201;0;0;0;1;0;3.49650756146648;1;0;0;1;0;1;0;1;1;1;3;2.05127066471314
5.058485304497369;8.374773253367245;1;0;0;1;0;1.386294361119891;0;1;0;0;0;1;0;2.727002794018897;0;0;0;1;1;3.332204510175204;1;0;0;1;1;1;1;0;1;1;0;0
5.074559221482433;1.344954358034975;0;1;0;0;0;1.386294361119891;1;0;0;0;0;1;0;3.295836866004329;1;0;1;1;1;1.871802176901591;1;0;0;1;1;1;1;1;0;1;4.179;3.063390922027806
5.083180907343995;2.319755875421325;1;0;0;1;0;0;1;0;0;0;0;0;0;3.218875824868201;0;0;0;1;0;3.49650756146648;1;0;0;1;0;1;0;1;1;1;3;2.05127066471314
5.085224959329248;3.636197354353114;1;0;0;1;0;0;1;0;0;0;0;1;0;3.713572066704308;0;0;0;1;0;0;1;0;0;1;1;1;0;0;0;1;11.49;4.060443010546419
5.093750461905788;8.368938239299148;1;0;0;1;0;1.386294361119891;1;0;0;0;0;0;0;3.091042453358316;0;0;0;1;1;3.624340932976365;1;0;0;1;1;1;0;1;0;1;6.604;.7884573603642703
5.104419263456091;2.778671346464938;0;1;0;0;0;1.6094379124341;0;1;0;0;0;0;1;3.044522437723423;0;0;0;0;1;3.688879454113936;1;0;0;0;0;0;1;1;0;1;0;.1541506798272584
5.127109637602412;13.1408887047003;0;1;0;0;0;3.688879454113936;1;0;0;0;0;0;0;4.091340053201802;1;0;1;1;1;3.663561646129646;1;0;0;1;1;1;0;0;0;0;0;0
5.127109637602412;1.576906644564036;1;0;0;0;0;0;1;0;0;0;0;1;0;3.645710958712558;0;0;0;0;1;3.784189633918261;0;0;0;1;1;1;0;0;0;1;3.875;1.09861228866811
5.150936391499333;2.256066997901537;1;0;0;1;0;0;1;0;0;0;0;1;0;2.397895272798371;0;0;0;1;1;3.044522437723423;1;0;0;1;1;1;0;0;1;1;2.518;2.850957789355288
5.161505161505161;1.198801198801199;0;0;0;0;0;0;1;0;0;0;0;0;1;3.746912485364546;0;0;0;1;1;3.828641396489095;1;0;0;1;0;1;1;1;0;1;2.774;1.178654996341646
5.214458787374171;4.49225331376022;1;0;0;1;0;0;1;0;0;0;0;0;1;3.321432413193293;0;1;0;0;1;3.49650756146648;1;0;0;1;1;0;1;1;1;1;.905;.1670540846631662
5.243390414387084;3.733333166945316;0;1;0;0;0;3.367295829986474;0;0;1;0;0;1;0;3.795046394523899;1;0;0;1;1;3.597312260588446;0;1;0;1;0;0;0;0;0;1;.905;.4054651081081644
5.255167267108409;2.627583633554205;1;0;0;1;1;0;0;1;0;0;0;1;0;3.082826980404925;0;0;0;1;1;3.332204510175204;1;0;0;0;0;1;1;0;0;1;1.893;1.368275855617212
5.261405261405262;1.165501165501166;0;0;0;0;0;0;1;0;0;0;0;0;1;3.746912485364546;0;0;0;1;1;3.828641396489095;1;0;0;1;0;1;1;1;0;1;2.774;1.178654996341646
5.28;2.984737139626908;0;0;1;0;0;4.442651256490317;1;0;0;0;0;0;0;3.977436143976378;1;0;1;0;1;3.13549421592915;1;0;0;1;1;0;1;1;1;1;.48;1.6094379124341
5.3;2.8;0;0;1;0;0;4.442651256490317;0;0;0;0;0;0;0;3.725693427236652;1;0;0;1;1;3.481240089335692;0;0;0;1;1;1;0;0;0;1;5.411;1.945910149055313
5.303473613334227;3.334210937883889;1;0;0;1;1;0;1;0;0;0;0;0;1;3.713572066704308;0;0;0;1;0;1.945910149055313;1;0;0;1;1;1;0;0;0;1;11.49;4.060443010546419
5.310376805043182;6.207059837608325;1;0;0;0;0;0;1;0;0;0;0;0;1;3.6198508677035;0;0;0;0;1;3.737669618283368;1;0;0;1;1;0;0;0;1;1;4.744;1.435084525289323
5.3296011196641;10.77023559598787;0;1;0;0;0;3.891820298110626;0;0;1;0;0;0;0;3.793464669304011;1;0;0;1;1;3.761200115693562;0;1;0;1;1;1;1;0;0;1;2.083;1.55814461804655
5.334021;2.036265;0;1;0;0;0;3.367295829986474;0;0;1;0;0;1;0;3.795046394523899;1;0;0;1;1;3.597312260588446;1;0;0;1;0;0;0;0;0;1;.905;.4054651081081644
5.337574251336474;2.001413910775393;0;1;0;0;0;1.945910149055313;1;0;0;0;0;0;0;4.091340053201802;1;0;1;1;1;3.650658241293739;1;0;0;1;1;0;0;0;0;1;6.235;1.09861228866811
5.353000000000001;1.007;1;0;0;0;0;2.302585092994046;0;1;0;0;0;0;0;2.014903020542265;0;0;0;1;1;3.332204510175204;1;0;0;1;0;0;0;0;0;1;2;.3364722366212129
5.354330708661418;1.228346456692913;0;0;0;0;0;0;1;0;0;0;0;1;0;3.746912485364546;0;0;0;1;1;3.828641396489095;1;0;0;0;0;1;0;1;0;1;2.774;1.178654996341646
5.379217984733066;2.3982762336295;1;0;0;1;1;0;1;0;0;0;0;1;0;2.19722457733622;0;0;0;1;1;3.044522437723423;1;0;0;1;1;1;1;1;1;1;2.518;2.850957789355288
5.394605394605394;1.165501165501166;0;0;0;0;0;0;1;0;0;0;0;0;1;3.746912485364546;0;0;0;1;1;3.828641396489095;1;0;0;1;0;1;1;1;0;1;2.774;1.178654996341646
5.398896295841649;2.562313466457583;1;0;0;0;0;0;1;0;0;0;0;0;1;3.325036020696591;0;1;0;0;0;3.555348061489414;0;1;0;1;1;0;0;0;0;1;.905;1.299282984130261
5.4429645119356;2.003416325726776;1;0;0;0;0;2.302585092994046;1;0;0;0;0;1;0;3.417726683613366;0;0;0;1;1;2.639057329615258;1;0;0;1;1;0;0;1;0;1;1.034;1.170071252650255
5.446086410960371;5.556158615935173;1;1;0;1;1;.6931471805599453;1;0;0;0;0;0;1;3.688879454113936;0;0;0;1;0;3.772760938094638;0;0;0;0;1;0;1;1;0;1;2.535;.1823215567939546
5.461205461205462;1.165501165501166;0;0;0;0;0;0;1;0;0;0;0;0;1;3.746912485364546;0;0;0;1;1;3.828641396489095;1;0;0;1;0;1;1;1;0;1;2.774;1.178654996341646
5.46315;1.152228;0;1;0;0;0;3.367295829986474;0;0;1;0;0;0;0;3.795046394523899;1;0;0;1;1;3.597312260588446;1;0;0;1;0;0;0;0;0;1;.905;.4054651081081644
5.472610241589155;2.060002332291086;1;0;0;1;0;0;1;0;0;0;0;1;0;3.099190981922221;0;0;0;1;1;3.34109345759245;1;0;0;1;0;1;0;0;0;1;1.469;2.228477120840324
5.490098410012399;2.215874746551501;1;0;0;1;0;2.302585092994046;1;0;0;0;0;1;0;3.417726683613366;0;0;0;1;1;2.639057329615258;1;0;0;1;1;0;0;1;0;1;1.034;1.170071252650255
5.49434954695065;2.327501341829084;0;1;0;0;0;3.367295829986474;0;0;1;0;0;1;0;3.795046394523899;1;0;0;1;1;3.597312260588446;1;0;0;1;0;0;0;0;0;1;.905;.4054651081081644
5.494505494505495;1.165501165501166;0;0;0;0;0;0;1;0;0;0;0;0;1;3.746912485364546;0;0;0;1;1;3.828641396489095;1;0;0;1;0;1;1;1;0;1;2.774;1.178654996341646
5.5;1.9;0;0;1;0;0;4.442651256490317;0;0;0;0;0;1;0;3.526360524616162;1;0;0;1;1;3.481240089335692;0;0;0;1;1;1;0;0;0;1;5.411;1.945910149055313
5.509945300845351;1.300099453008453;0;1;0;0;0;1.791759469228055;0;0;1;0;0;0;1;3.86702563949741;1;0;0;1;1;3.433987204485146;1;0;0;1;1;0;0;1;0;1;2.083;3.23649742621802
5.532680999999999;1.172094;0;1;0;0;0;3.367295829986474;0;0;1;0;0;0;0;3.795046394523899;1;0;0;1;1;3.597312260588446;1;0;0;1;0;0;0;0;0;1;.905;.4054651081081644
5.542944836471286;2.007246018312609;1;0;0;0;0;0;1;0;0;0;0;0;1;3.325036020696591;0;1;0;0;0;3.555348061489414;1;0;0;1;1;0;0;0;0;1;.905;1.299282984130261
5.542944836471286;1.495524412207779;1;0;0;0;0;0;1;0;0;0;0;0;1;3.325036020696591;0;1;0;0;0;3.555348061489414;0;1;0;1;1;0;0;0;0;1;.905;1.299282984130261
5.543307086614173;1.196850393700787;0;0;0;0;0;0;1;0;0;0;0;1;0;3.746912485364546;0;0;0;1;1;3.828641396489095;1;0;0;1;0;1;1;1;0;1;2.774;1.178654996341646
5.548460215508011;2.429031789062153;0;1;0;0;0;3.912023005428146;1;0;0;0;0;0;1;3.178053830347946;1;0;0;1;1;3.610917912644224;1;0;0;1;1;0;1;0;0;1;6.481;2.054123733695546
5.55901558928944;1.921174083725068;0;1;0;0;0;2.484906649788;1;0;0;0;0;0;1;3.931825632724326;0;0;0;1;1;1.6094379124341;0;0;0;1;1;0;1;0;1;0;0;.2006706954621512
5.56957201866104;2.132505354776953;0;1;0;0;0;1.386294361119891;1;0;0;0;0;1;0;3.295836866004329;1;0;1;1;1;1.871802176901591;1;0;0;1;0;1;1;1;0;1;4.179;3.063390922027806
5.603558746170298;10.79958594716457;1;0;0;1;0;1.386294361119891;0;1;0;0;0;1;0;2.727002794018897;0;0;0;1;1;3.332204510175204;1;0;0;1;1;1;1;0;1;1;0;0
5.61521732;4.24565212;0;1;0;0;0;2.772588722239781;1;0;0;0;0;1;0;4.110873864173311;1;0;0;0;0;3.931825632724326;1;0;0;1;1;0;0;0;0;1;1.893;.6931471805599453
5.631876994606907;2.883884624546988;1;0;0;1;0;0;1;0;0;0;0;0;1;3.713572066704308;0;0;0;1;1;1.386294361119891;1;0;0;1;1;1;0;0;1;1;11.49;4.060443010546419
5.639687398579197;4.487523985304433;1;0;0;1;0;1.386294361119891;1;0;0;0;0;0;0;3.091042453358316;0;0;0;1;1;3.624340932976365;1;0;0;1;1;1;1;1;1;1;6.604;.7884573603642703
5.649541080317604;3.599416438144907;1;0;0;1;1;0;1;0;0;0;0;0;1;3.32862668882732;0;1;0;0;1;3.433987204485146;1;0;0;1;1;0;0;1;1;1;.905;.1670540846631662
5.654061467549432;1.90177310641589;1;0;0;0;0;2.302585092994046;1;0;0;0;0;1;0;3.417726683613366;0;0;0;1;1;2.639057329615258;1;0;0;1;1;0;1;0;0;1;1.034;1.170071252650255
5.654061467549432;2.429031789062153;0;1;0;0;0;3.912023005428146;1;0;0;0;0;0;1;3.178053830347946;1;0;0;1;1;3.610917912644224;1;0;0;1;1;0;1;1;0;1;6.481;2.054123733695546
5.664100769769069;2.89853044086774;0;1;0;0;0;3.891820298110626;0;0;1;0;0;0;1;3.793464669304011;1;0;0;1;1;3.761200115693562;1;0;0;1;1;1;1;0;0;1;2.083;1.55814461804655
5.67503729487817;1.217553455992044;0;1;0;0;0;1.791759469228055;0;0;1;0;0;0;0;3.86702563949741;1;0;0;1;1;3.433987204485146;1;0;0;1;1;0;0;0;0;1;2.083;3.23649742621802
5.706901707242285;9.325803806888691;0;1;0;0;0;3.218875824868201;1;0;0;0;0;0;0;3.92296294546648;1;0;1;0;1;3.540959324037314;1;0;0;1;0;0;1;0;0;1;4.337;2.484906649788
5.716472001206191;3.292713222789001;1;0;0;1;0;0;1;0;0;0;0;0;1;3.32862668882732;0;1;0;0;1;3.433987204485146;1;0;0;1;1;0;1;1;1;1;.905;.1670540846631662
5.729647772334967;2.878936319104268;0;1;0;0;0;3.891820298110626;0;0;1;0;0;0;1;3.793464669304011;1;0;0;1;1;3.761200115693562;1;0;0;1;1;1;1;0;0;1;2.083;1.55814461804655
5.742730536014818;3.673793381670779;1;0;0;1;1;1.386294361119891;1;0;0;0;0;0;0;2.833213344056216;0;0;0;1;1;3.624340932976365;1;0;0;1;1;1;0;1;0;1;6.604;.7884573603642703
5.75;2.96544610624033;0;0;1;0;0;4.442651256490317;1;0;0;0;0;0;0;3.977436143976378;1;0;1;0;1;3.13549421592915;1;0;0;1;1;0;1;1;1;1;.48;1.6094379124341
5.766571364240706;10.84033910168218;1;0;0;1;0;1.386294361119891;0;1;0;0;0;1;0;2.727002794018897;0;0;0;1;1;3.332204510175204;1;0;0;1;1;1;1;0;1;1;0;0
5.814900000000001;1.3916;1;0;0;0;0;2.302585092994046;0;1;0;0;0;1;0;2.014903020542265;0;0;0;1;1;3.332204510175204;1;0;0;1;0;0;0;0;0;1;2;.3364722366212129
5.830671;1.102563;0;1;0;0;0;3.367295829986474;0;0;1;0;0;0;1;3.795046394523899;1;0;0;1;1;3.597312260588446;1;0;0;1;0;0;0;0;0;1;.905;.4054651081081644
5.831076008709331;3.419458153255472;1;0;0;1;1;0;0;1;0;0;0;1;0;3.082826980404925;0;0;0;1;1;3.332204510175204;1;0;0;0;0;1;1;0;0;1;1.893;1.368275855617212
5.851827876686166;1.81994011519567;1;0;0;0;0;0;1;0;0;0;0;1;0;3.761502395583788;0;0;0;1;1;3.637586159726386;1;0;0;1;1;0;0;0;0;1;1.287;1.408767216971949
5.85564515675367;5.237334038130484;1;0;0;1;1;0;1;0;0;0;0;1;0;3.713572066704308;0;0;0;1;1;2.397895272798371;1;0;0;1;1;0;0;0;0;1;11.49;4.060443010546419
5.862308060914548;3.069633868435092;1;0;0;1;0;0;1;0;0;0;0;1;0;3.713572066704308;0;0;0;1;1;2.397895272798371;1;0;0;1;1;0;0;0;0;1;11.49;4.060443010546419
5.928456611636287;2.297276937009061;1;0;0;0;0;0;1;0;0;0;0;1;0;3.675642227331916;0;0;0;0;1;3.737669618283368;1;0;0;1;1;0;0;0;1;1;4.744;1.435084525289323
5.928456611636287;2.445488352299968;1;0;0;0;0;0;1;0;0;0;0;1;0;3.675642227331916;0;0;0;0;1;3.737669618283368;1;0;0;1;0;0;0;0;1;1;4.744;1.435084525289323
5.971090999999999;2.67761928251121;0;1;0;0;0;1.791759469228055;0;0;0;0;0;0;0;3.826018394207018;0;0;0;1;0;3.610917912644224;0;0;0;1;0;1;0;1;1;0;0;3.488902962081261
5.986336619537869;2.64465476869525;0;0;1;0;0;4.442651256490317;1;0;0;0;0;1;0;3.401197381662155;0;0;0;1;1;3.465735902799727;1;0;0;1;0;0;0;0;0;1;1.469;1.386294361119891
6;3.6;0;0;1;0;0;4.442651256490317;0;0;0;0;0;0;0;3.725693427236652;1;0;0;1;1;3.481240089335692;0;0;0;1;1;0;0;0;0;1;5.411;1.945910149055313
6;2.6;0;0;1;0;0;4.442651256490317;0;0;0;0;0;0;0;3.725693427236652;1;0;0;1;1;3.481240089335692;0;0;0;0;0;0;0;0;0;1;5.411;1.945910149055313
6;1.7;0;0;1;0;0;4.442651256490317;0;0;0;0;0;0;0;3.526360524616162;1;0;0;1;1;3.481240089335692;0;0;0;1;1;1;0;0;0;1;5.411;1.945910149055313
6;1.7;0;0;1;0;0;4.442651256490317;0;0;0;0;0;0;0;3.277144732992177;1;0;0;1;1;3.481240089335692;0;0;0;1;1;0;0;0;0;1;5.411;1.945910149055313
6.001099575516444;1.841615243223835;0;1;0;0;0;3.367295829986474;0;0;1;0;0;0;0;3.795046394523899;1;0;0;1;1;3.597312260588446;1;0;0;1;0;0;0;0;0;1;.905;.4054651081081644
6.012463627854703;3.225156797401137;1;0;0;0;0;0;1;0;0;0;0;0;1;3.325036020696591;0;1;0;0;0;3.555348061489414;0;1;0;1;1;0;0;0;0;1;.905;1.299282984130261
6.030074933683505;1.729651294794083;0;1;0;0;0;3.367295829986474;0;0;1;0;0;0;0;3.795046394523899;1;0;0;1;1;3.597312260588446;1;0;0;0;0;0;0;0;0;1;.905;.4054651081081644
6.038461538461537;3.239228851176752;0;1;0;0;0;3.091042453358316;0;0;1;0;0;0;1;3.784189633918261;1;0;0;0;0;3.737669618283368;1;0;0;1;0;1;0;0;0;0;0;0
6.039593;2.670023430592396;0;1;0;0;0;1.791759469228055;0;0;0;0;0;0;0;3.826018394207018;0;0;0;1;0;3.610917912644224;0;0;0;1;0;1;0;1;1;0;0;3.488902962081261
6.05351170568562;3.404314295678406;0;1;0;0;0;3.091042453358316;0;0;1;0;0;0;1;3.784189633918261;1;0;0;0;0;3.737669618283368;1;0;0;1;0;1;0;0;0;0;0;0
6.077524074015894;1.909395433332286;1;0;0;0;0;2.302585092994046;1;0;0;0;0;1;0;3.417726683613366;0;0;0;1;1;2.639057329615258;1;0;0;1;1;0;0;0;0;1;1.034;1.170071252650255
6.077524074015894;2.758015625924413;0;1;0;0;0;2.302585092994046;1;0;0;0;0;1;0;3.449987545831587;0;0;0;0;1;3.295836866004329;0;0;0;1;1;1;0;0;0;0;0;0
6.077524074015894;.594034134814489;0;1;0;0;0;2.302585092994046;1;0;0;0;0;0;0;3.449987545831587;0;0;0;0;1;3.295836866004329;0;0;0;1;1;1;0;0;0;0;0;0
6.095058276189219;3.047162762960538;1;0;0;1;1;0;1;0;0;0;0;0;1;3.713572066704308;0;0;0;1;0;1.945910149055313;1;0;0;1;1;1;0;0;1;1;11.49;4.060443010546419
6.118182892930246;1.267785441567206;1;0;0;0;0;0;1;0;0;0;0;0;0;3.763135451025739;0;0;0;1;1;3.637586159726386;1;0;0;1;1;0;0;0;0;1;1.287;1.408767216971949
6.121110401077212;1.507340327789367;1;0;0;0;0;0;1;0;0;0;0;0;1;3.325036020696591;0;1;0;0;0;3.555348061489414;0;1;0;1;1;0;0;0;0;1;.905;1.299282984130261
6.138734016465119;2.035189670228678;0;1;0;0;0;3.367295829986474;0;0;1;0;0;0;0;3.795046394523899;1;0;0;1;1;3.597312260588446;0;1;0;1;0;0;0;0;0;1;.905;.4054651081081644
6.149641270925863;4.530235736248719;1;0;0;1;1;1.09861228866811;0;1;0;0;0;1;0;3.091042453358316;0;0;0;1;1;3.332204510175204;1;0;0;1;1;1;0;0;0;1;6.481;2.602689685444384
6.153763000000001;2.686059799214317;0;1;0;0;0;1.791759469228055;0;0;0;0;0;0;0;3.826018394207018;0;0;0;1;0;3.610917912644224;0;0;0;1;0;1;0;1;1;0;0;3.488902962081261
6.179982171156894;1.675326862123613;0;1;0;0;0;1.945910149055313;1;0;0;0;0;0;0;4.091340053201802;1;0;1;1;1;3.650658241293739;1;0;0;1;1;0;0;0;0;1;6.235;1.09861228866811
6.183654654535964;2.866958675672471;0;1;0;0;0;3.688879454113936;1;0;0;0;0;0;0;4.091340053201802;1;0;1;1;1;3.663561646129646;1;0;0;1;1;1;0;0;0;0;0;0
6.185043581616481;1.675326862123613;0;1;0;0;0;1.945910149055313;1;0;0;0;0;0;0;4.091340053201802;1;0;1;1;1;3.650658241293739;1;0;0;1;1;0;0;0;0;1;6.235;1.09861228866811
6.185043581616481;1.675326862123613;0;1;0;0;0;1.945910149055313;1;0;0;0;0;1;0;4.091340053201802;1;0;1;1;1;3.650658241293739;1;0;0;1;1;0;0;0;0;1;6.235;1.09861228866811
6.191018972209907;5.183178674408293;1;0;0;1;1;0;0;1;0;0;0;1;0;3.082826980404925;0;0;0;1;1;3.332204510175204;1;0;0;0;0;1;1;0;0;1;1.893;1.368275855617212
6.2;4.2;1;0;0;0;0;1.386294361119891;1;0;0;0;0;0;0;3.332204510175204;0;0;0;1;1;3.332204510175204;1;0;0;1;1;1;0;0;0;1;1.71;1.236762627148927
6.226136612222888;1.062261366122229;1;0;0;0;0;2.639057329615258;1;0;0;0;0;0;1;3.27788960462723;0;1;0;1;0;3.637586159726386;1;0;0;1;0;0;0;0;0;0;0;1.386294361119891
6.266145990827265;1.933919272676682;1;0;0;0;0;0;1;0;0;0;0;0;1;3.325036020696591;0;1;0;0;0;3.555348061489414;1;0;0;1;1;0;0;0;0;1;.905;1.299282984130261
6.276883116818771;3.232018997134205;0;0;0;1;0;2.302585092994046;1;0;0;0;0;1;0;3.417726683613366;0;0;0;1;1;2.639057329615258;1;0;0;1;1;0;0;0;0;1;1.034;1.170071252650255
6.280000000000001;3.166918809884014;0;0;1;0;0;4.442651256490317;1;0;0;0;0;0;0;3.977436143976378;1;0;1;0;1;3.13549421592915;1;0;0;1;1;0;1;1;1;1;.48;1.6094379124341
6.289891418719518;2.019507936955671;0;1;0;0;0;1.386294361119891;0;0;0;0;1;0;0;3.850147601710058;0;0;1;1;0;3.555348061489414;1;0;0;0;0;0;0;0;0;1;3;1.686398953570229
6.29999992;3.7663043;0;1;0;0;0;2.772588722239781;1;0;0;0;0;1;0;4.110873864173311;1;0;0;0;0;3.931825632724326;1;0;0;1;1;0;0;0;0;1;1.893;.6931471805599453
6.302435849557586;2.050727080002682;1;0;0;0;0;0;1;0;0;0;0;0;1;3.325036020696591;0;1;0;0;0;3.555348061489414;1;0;0;1;1;0;0;0;0;1;.905;1.299282984130261
6.35;3.06615161757605;0;0;1;0;0;4.442651256490317;1;0;0;0;0;0;0;3.977436143976378;1;0;1;0;1;3.13549421592915;1;0;0;1;1;0;1;1;1;1;.48;1.6094379124341
6.357087861935562;6.145312536662637;0;1;0;0;0;1.6094379124341;0;1;0;0;0;0;1;3.091042453358316;0;0;0;1;1;3.449987545831587;0;0;0;1;1;0;1;0;0;1;2.518;1.658228076603532
6.370506280304022;2.756890562562738;0;1;0;0;0;3.367295829986474;0;0;1;0;0;0;1;3.795046394523899;1;0;0;1;1;3.597312260588446;1;0;0;1;0;0;0;0;0;1;.905;.4054651081081644
6.375052750179866;1.707079899752097;1;0;0;0;0;0;1;0;0;0;0;0;1;3.325036020696591;0;1;0;0;0;3.555348061489414;0;1;0;1;1;0;0;0;0;1;.905;1.299282984130261
6.396234472803375;4.043056909966528;0;1;0;0;0;2.484906649788;1;0;0;0;0;1;0;3.931825632724326;1;0;0;1;1;3.091042453358316;0;0;0;1;1;0;1;0;1;0;0;.2006706954621512
6.396234472803375;.7341340178623433;0;1;0;0;0;2.302585092994046;1;0;0;0;0;0;0;3.449987545831587;0;0;0;0;1;3.295836866004329;0;0;0;1;1;1;0;0;0;0;0;0
6.438801479426259;1.245333977309287;1;0;0;0;0;1.386294361119891;1;0;0;0;0;0;0;3.362109992954109;0;0;0;1;1;3.415382016654108;1;0;0;1;1;1;0;0;1;1;4.8;2.397895272798371
6.438801479426259;3.320890606158099;1;0;0;0;0;0;1;0;0;0;0;0;1;3.32862668882732;0;1;0;0;1;3.433987204485146;1;0;0;1;1;0;1;1;1;1;.905;.1670540846631662
6.466060181945417;3.144856543037089;0;1;0;0;0;3.891820298110626;0;0;1;0;0;0;1;3.793464669304011;1;0;0;1;1;3.761200115693562;1;0;0;1;1;1;1;0;0;1;2.083;1.55814461804655
6.478973343010367;3.707412524055933;1;0;0;1;1;0;0;1;0;0;0;1;0;3.082826980404925;0;0;0;1;1;3.332204510175204;1;0;0;0;0;1;1;0;0;1;1.893;1.368275855617212
6.480608957913324;5.520485488580491;1;0;0;1;0;0;1;0;0;0;0;0;1;3.713572066704308;0;0;0;1;1;2.19722457733622;1;0;0;1;1;0;0;0;0;1;11.49;4.060443010546419
6.492034187233897;2.204385107675741;0;1;0;0;0;1.386294361119891;1;0;0;0;0;1;0;3.295836866004329;1;0;1;1;1;1.871802176901591;1;0;0;1;0;1;1;1;0;1;4.179;3.063390922027806
6.493789619651347;1.680388272583202;0;1;0;0;0;1.945910149055313;1;0;0;0;0;1;0;4.091340053201802;1;0;1;1;1;3.650658241293739;1;0;0;1;1;0;0;0;0;1;6.235;1.09861228866811
6.499887692941564;1.508195906499946;0;1;0;0;0;3.367295829986474;0;0;1;0;0;0;0;3.795046394523899;1;0;0;1;1;3.597312260588446;1;0;0;1;0;0;0;0;0;1;.905;.4054651081081644
6.5;3;0;0;1;0;0;4.442651256490317;0;0;0;0;0;0;0;3.725693427236652;1;0;0;1;1;3.481240089335692;0;0;0;0;0;0;0;0;0;1;5.411;1.945910149055313
6.5;2.7;0;0;1;0;0;4.442651256490317;0;0;0;0;0;0;0;3.725693427236652;1;0;0;1;1;3.481240089335692;0;0;0;1;1;1;0;0;0;1;5.411;1.945910149055313
6.5;1.4;1;0;0;1;0;1.09861228866811;1;0;0;0;0;0;1;3.091042453358316;0;0;0;1;1;3.332204510175204;1;0;0;1;1;1;0;0;0;1;6.481;2.602689685444384
6.502683923130537;2.875572465924524;0;1;0;0;0;2.302585092994046;1;0;0;0;0;0;1;3.449987545831587;0;0;0;0;1;3.295836866004329;0;0;0;1;1;1;0;0;0;0;0;0
6.502683923130537;2.982075149847655;0;1;0;0;0;2.302585092994046;1;0;0;0;0;1;0;3.449987545831587;0;0;0;0;1;3.295836866004329;0;0;0;1;1;1;0;0;0;0;0;0
6.514035261489698;1.680388272583202;0;1;0;0;0;1.945910149055313;1;0;0;0;0;0;0;4.091340053201802;1;0;1;1;1;3.650658241293739;1;0;0;1;1;0;0;0;0;1;6.235;1.09861228866811
6.590437324780729;1.740318381581557;0;1;0;0;0;3.367295829986474;0;0;1;0;0;0;0;3.795046394523899;1;0;0;1;1;3.597312260588446;1;0;0;1;0;0;0;0;0;1;.905;.4054651081081644
6.607506844188471;2.121286243118577;1;0;0;1;0;2.302585092994046;1;0;0;0;0;1;0;3.417726683613366;0;0;0;1;1;2.639057329615258;1;0;0;1;1;0;1;0;0;1;1.034;1.170071252650255
6.639557663508944;2.625628958916197;0;1;0;0;0;3.367295829986474;0;0;1;0;0;1;0;3.795046394523899;1;0;0;1;1;3.597312260588446;1;0;0;1;0;0;0;0;0;1;.905;.4054651081081644
6.651494270329117;1.572250142443564;0;1;0;0;0;3.367295829986474;0;0;1;0;0;0;0;3.795046394523899;1;0;0;1;1;3.597312260588446;1;0;0;1;0;0;0;0;0;1;.905;.4054651081081644
6.66601674935654;3.390720256126142;1;0;0;0;0;0;1;0;0;0;0;0;1;3.325036020696591;0;1;0;0;0;3.555348061489414;0;1;0;1;1;0;0;0;0;1;.905;1.299282984130261
6.702443163837546;2.619506354274085;1;0;0;0;0;0;1;0;0;0;0;0;1;3.325036020696591;0;1;0;0;0;3.555348061489414;0;1;0;1;1;0;0;0;0;1;.905;1.299282984130261
6.715902438419263;2.839568442142504;0;1;0;0;0;3.912023005428146;1;0;0;0;0;0;1;3.178053830347946;0;0;0;1;1;3.610917912644224;1;0;0;1;1;0;1;0;0;1;6.481;2.054123733695546
6.738882017928782;2.128392398235959;1;0;0;0;0;0;1;0;0;0;0;0;1;3.325036020696591;0;1;0;0;0;3.555348061489414;0;1;0;1;1;0;0;0;0;1;.905;1.299282984130261
6.745899999999999;9.637;0;0;1;0;0;4.442651256490317;0;0;0;1;0;1;0;3.250374491927572;0;0;0;0;1;3.637586159726386;0;0;0;1;0;1;0;0;0;1;5.589;1.321755839982319
6.765548454147297;5.179660943069197;1;0;0;1;0;1.386294361119891;1;0;0;0;0;0;0;2.833213344056216;0;0;0;1;1;3.624340932976365;1;0;0;1;1;1;0;1;0;1;6.604;.7884573603642703
6.767565436636502;18.40612677386522;0;0;1;0;0;4.442651256490317;0;0;1;0;0;0;0;4.107096246147264;1;0;0;0;1;3.772760938094638;1;0;0;1;1;1;1;0;0;1;2.731;1.09861228866811
6.800814638567854;2.733571247508537;0;1;0;0;0;3.367295829986474;0;0;1;0;0;1;0;3.795046394523899;1;0;0;1;1;3.597312260588446;1;0;0;1;0;0;0;0;0;1;.905;.4054651081081644
6.814437493601488;2.227200809474688;0;1;0;0;0;3.367295829986474;0;0;1;0;0;0;0;3.795046394523899;1;0;0;1;1;3.597312260588446;0;1;0;1;0;0;0;0;0;1;.905;.4054651081081644
6.820369028678902;2.415375499836085;1;0;0;1;1;0;1;0;0;0;0;1;0;2.19722457733622;0;0;0;1;1;3.044522437723423;1;0;0;1;1;1;1;1;1;1;2.518;2.850957789355288
6.825092324942114;3.919102182582016;1;0;0;1;0;0;1;0;0;0;0;0;1;3.32862668882732;0;1;0;0;1;3.433987204485146;1;0;0;1;1;0;1;1;1;1;.905;.1670540846631662
6.846833503811944;1.65244704475458;0;1;0;0;0;3.367295829986474;0;0;1;0;0;0;0;3.795046394523899;1;0;0;1;1;3.597312260588446;1;0;0;1;0;0;0;0;0;1;.905;.4054651081081644
6.864515247538602;5.981841807265771;1;0;0;1;0;0;1;0;0;0;0;1;0;3.218875824868201;0;0;0;1;0;3.49650756146648;1;0;0;1;0;1;0;1;1;1;3;2.05127066471314
6.900384924162584;2.173758518352821;0;1;0;0;0;3.367295829986474;0;0;1;0;0;0;0;3.795046394523899;1;0;0;1;1;3.597312260588446;0;1;0;1;0;0;0;0;0;1;.905;.4054651081081644
6.929547817460024;1.92473186071428;0;1;0;0;0;1.945910149055313;1;0;0;0;0;0;0;4.091340053201802;1;0;1;1;1;3.650658241293739;1;0;0;1;1;0;0;0;0;1;6.235;1.09861228866811
6.939787829888236;2.131919234660969;1;0;0;1;0;2.302585092994046;1;0;0;0;0;1;0;3.417726683613366;0;0;0;1;1;2.639057329615258;1;0;0;1;1;0;0;0;0;1;1.034;1.170071252650255
6.965165149962989;5.000404884071182;1;0;0;1;0;1.386294361119891;1;0;0;0;0;0;0;2.833213344056216;0;0;0;1;1;3.624340932976365;1;0;0;1;1;1;0;1;0;1;6.604;.7884573603642703
6.981553352648497;1.929585598972646;1;0;0;1;1;0;1;0;0;0;0;1;0;3.713572066704308;0;0;0;1;1;1.386294361119891;1;0;0;1;1;1;0;0;1;1;11.49;4.060443010546419
6.986123029239266;1.595980760122668;0;1;0;0;0;3.367295829986474;0;0;1;0;0;0;0;3.795046394523899;1;0;0;1;1;3.597312260588446;1;0;0;1;0;0;0;0;0;1;.905;.4054651081081644
7.000000000000001;1.4;1;0;0;1;1;1.09861228866811;1;0;0;0;0;1;0;3.091042453358316;0;0;0;1;1;3.332204510175204;1;0;0;1;1;1;0;0;0;1;6.481;2.602689685444384
7.000000000000001;1.4;1;0;0;1;1;1.09861228866811;1;0;0;0;0;0;1;3.091042453358316;0;0;0;1;1;3.332204510175204;1;0;0;1;1;1;0;0;0;1;6.481;2.602689685444384
7.022140086071657;2.220293094905381;1;0;0;1;1;0;1;0;0;0;0;0;1;2.19722457733622;0;0;0;1;1;3.044522437723423;1;0;0;1;1;1;0;0;1;1;2.518;2.850957789355288
7.02475747703144;15.572788848018;0;1;0;0;0;3.749504075930371;1;0;0;0;0;1;0;3.173878458937465;0;0;0;0;1;3.761200115693562;1;0;0;1;0;0;0;0;1;1;0;.2876820724517808
7.036530847877431;1.819621024413916;0;1;0;0;0;2.302585092994046;1;0;0;0;0;0;1;3.449987545831587;0;0;0;0;1;3.295836866004329;0;0;0;1;1;1;0;0;0;0;0;0
7.036530847877431;3.3181324562842;0;1;0;0;0;2.302585092994046;1;0;0;0;0;1;0;3.449987545831587;0;0;0;0;1;3.295836866004329;0;0;0;1;1;1;0;0;0;0;0;0
7.036530847877431;2.839568442142504;0;1;0;0;0;3.912023005428146;1;0;0;0;0;1;0;3.178053830347946;0;0;0;1;1;3.610917912644224;1;0;0;1;1;0;1;0;0;1;6.481;2.054123733695546
7.057915260495951;3.191459576420958;0;1;0;0;0;1.6094379124341;0;1;0;0;0;1;0;3.091042453358316;0;0;0;1;1;3.449987545831587;1;0;0;1;1;0;1;0;0;1;2.518;1.658228076603532
7.1;15.7;1;0;0;0;0;1.386294361119891;1;0;0;0;0;0;1;3.332204510175204;0;0;0;1;1;3.332204510175204;1;0;0;1;1;1;0;0;0;1;1.71;1.236762627148927
7.106494950263409;1.578818338376867;0;1;0;0;0;3.367295829986474;0;0;1;0;0;0;0;3.795046394523899;1;0;0;1;1;3.597312260588446;1;0;0;1;0;0;0;0;0;1;.905;.4054651081081644
7.140531643207937;3.570424196703255;1;0;0;0;0;0;1;0;0;0;0;0;1;3.325036020696591;0;1;0;0;0;3.555348061489414;0;1;0;1;1;0;0;0;0;1;.905;1.299282984130261
7.158138854935913;3.918277351734803;1;0;0;1;1;0;1;0;0;0;0;1;0;3.713572066704308;0;0;0;1;0;0;1;0;0;1;1;1;0;0;0;1;11.49;4.060443010546419
7.213721060522538;2.244021668255746;1;0;0;0;0;0;1;0;0;0;0;0;1;3.325036020696591;0;1;0;0;0;3.555348061489414;0;1;0;1;1;0;0;0;0;1;.905;1.299282984130261
7.236499999999999;4.942;0;0;0;0;0;0;1;0;0;0;0;1;0;3.746912485364546;0;0;0;1;1;3.828641396489095;1;0;0;1;0;1;1;1;0;1;2.774;1.178654996341646
7.250818125421654;2.326653954721758;0;1;0;0;0;3.912023005428146;1;0;0;0;0;0;1;3.178053830347946;1;0;0;1;1;3.610917912644224;1;0;0;1;1;0;1;0;0;1;6.481;2.054123733695546
7.250818125421654;2.531512052442886;0;1;0;0;0;3.912023005428146;1;0;0;0;0;0;1;3.178053830347946;1;0;0;1;1;3.610917912644224;1;0;0;1;1;0;1;0;0;1;6.481;2.054123733695546
7.250818125421654;.7936560541281202;0;1;0;0;0;2.302585092994046;1;0;0;0;0;0;0;3.449987545831587;0;0;0;0;1;3.295836866004329;0;0;0;1;1;1;0;0;0;0;0;0
7.250818125421654;3.110273725637228;0;1;0;0;0;3.688879454113936;1;0;0;0;0;0;0;4.091340053201802;1;0;1;1;1;3.663561646129646;1;0;0;1;1;1;0;0;0;0;0;0
7.281195858398726;1.702595490751131;1;0;0;0;0;0;1;0;0;0;0;1;0;3.761502395583788;0;0;0;1;1;3.637586159726386;1;0;0;1;1;0;0;0;0;1;1.287;1.408767216971949
7.304878295925803;2.905383577119735;1;0;0;1;0;0;1;0;0;0;0;1;0;3.713572066704308;0;0;0;1;0;2.397895272798371;1;0;0;1;1;0;0;0;0;1;11.49;4.060443010546419
7.306921259766249;3.704144102912552;1;0;0;1;1;1.386294361119891;1;0;0;0;0;0;0;3.091042453358316;0;0;0;1;1;3.624340932976365;1;0;0;1;1;1;1;1;1;1;6.604;.7884573603642703
7.309823373149493;4.182712216615432;0;1;0;0;0;2.397895272798371;1;0;0;0;0;0;0;3.963284399306881;1;0;1;1;1;3.688879454113936;1;0;0;1;0;0;0;0;0;0;0;0
7.323598941290355;2.403893755862033;1;0;0;0;0;0;1;0;0;0;0;0;1;3.325036020696591;0;1;0;0;0;3.555348061489414;0;1;0;1;1;0;0;0;0;1;.905;1.299282984130261
7.358122586835747;2.224378447043818;0;1;0;0;0;3.912023005428146;1;0;0;0;0;0;1;3.178053830347946;1;0;0;1;1;3.610917912644224;1;0;0;1;1;0;1;0;0;1;6.481;2.054123733695546
7.358122586835747;2.039804329149879;0;1;0;0;0;1.945910149055313;1;0;0;0;0;0;0;4.091340053201802;1;0;1;1;1;3.650658241293739;1;0;0;1;1;0;0;0;0;1;6.235;1.09861228866811
7.399999999999999;7.6;1;0;0;0;0;1.386294361119891;1;0;0;0;0;0;0;3.332204510175204;1;0;0;1;1;3.332204510175204;1;0;0;1;1;1;0;0;0;1;1.71;1.236762627148927
7.401574803149606;1.25984251968504;0;0;0;0;0;0;1;0;0;0;0;1;0;3.746912485364546;0;0;0;1;1;3.828641396489095;1;0;0;1;0;1;1;1;0;1;2.774;1.178654996341646
7.433070866141732;1.228346456692913;0;0;0;0;0;0;1;0;0;0;0;1;0;3.746912485364546;0;0;0;1;1;3.828641396489095;1;0;0;1;0;1;1;1;0;1;2.774;1.178654996341646
7.484564466411411;2.494854822137137;0;1;0;0;0;1.386294361119891;0;0;0;0;0;0;0;3.891820298110626;0;0;1;1;1;3.511545438831021;1;0;0;0;0;1;0;0;0;1;0;.6931471805599453
7.495948890649762;12.74889724262526;0;1;0;0;0;1.945910149055313;1;0;0;0;0;0;1;4.091340053201802;1;0;1;1;1;3.650658241293739;1;0;0;1;1;0;0;0;0;1;6.235;1.09861228866811
7.496062992125985;1.228346456692913;0;0;0;0;0;0;1;0;0;0;0;1;0;3.746912485364546;0;0;0;1;1;3.828641396489095;1;0;0;1;0;1;1;1;0;1;2.774;1.178654996341646
7.496062992125985;1.228346456692913;0;0;0;0;0;0;1;0;0;0;0;1;0;3.746912485364546;0;0;0;1;1;3.828641396489095;1;0;0;1;0;1;1;1;0;1;2.774;1.178654996341646
7.52755905511811;1.228346456692913;0;0;0;0;0;0;1;0;0;0;0;1;0;3.746912485364546;0;0;0;1;1;3.828641396489095;1;0;0;1;0;1;1;1;0;1;2.774;1.178654996341646
7.533762476084704;1.700018590430947;0;1;0;0;0;3.367295829986474;0;0;1;0;0;0;0;3.795046394523899;1;0;0;1;1;3.597312260588446;1;0;0;1;0;0;0;0;0;1;.905;.4054651081081644
7.558798208886701;3.284477793147198;1;0;0;0;0;0;1;0;0;0;0;0;1;3.6198508677035;0;0;0;0;1;3.737669618283368;1;0;0;0;0;0;0;0;1;1;4.744;1.435084525289323
7.558798208886701;2.384620863517828;1;0;0;0;0;0;1;0;0;0;0;0;1;3.6198508677035;0;0;0;0;1;3.737669618283368;1;0;0;1;1;0;0;0;1;1;4.744;1.435084525289323
7.573053691470344;2.224378447043818;0;1;0;0;0;3.912023005428146;1;0;0;0;0;0;1;3.178053830347946;1;0;0;1;1;3.610917912644224;1;0;0;1;1;0;1;0;0;1;6.481;2.054123733695546
7.65161069048117;16.40484217414808;0;1;0;0;0;3.749504075930371;1;0;0;0;0;1;0;3.173878458937465;0;0;0;0;1;3.761200115693562;1;0;0;1;0;0;0;0;1;1;0;.2876820724517808
7.666756118436189;3.121001354856022;1;0;0;1;0;0;1;0;0;0;0;0;1;3.090132948975475;0;0;0;1;1;3.34109345759245;1;0;0;1;0;1;0;0;0;1;1.469;2.228477120840324
7.690672474092164;2.448885729331409;1;0;0;0;0;0;1;0;0;0;0;0;1;3.325036020696591;0;1;0;0;0;3.555348061489414;0;1;0;1;1;0;0;0;0;1;.905;1.299282984130261
7.709600000000001;8.29006085984898;0;0;1;0;0;4.442651256490317;0;0;0;1;0;1;0;3.250374491927572;0;0;0;0;1;3.637586159726386;0;0;0;1;0;1;0;0;0;1;5.589;1.321755839982319
7.733383463025819;8.338773766690839;1;0;0;1;1;0;1;0;0;0;0;1;0;3.713572066704308;0;0;0;1;1;2.19722457733622;1;0;0;1;1;0;0;0;0;1;11.49;4.060443010546419
7.772625679687762;23.51963998777097;1;0;0;1;1;1.09861228866811;0;1;0;0;0;0;1;3.091042453358316;0;0;0;1;1;3.332204510175204;1;0;0;1;1;1;0;0;0;1;6.481;2.602689685444384
7.805984588184274;23.51963998777097;1;0;0;1;0;1.09861228866811;0;1;0;0;0;0;1;3.091042453358316;0;0;0;1;1;3.332204510175204;1;0;0;1;1;1;0;0;0;1;6.481;2.602689685444384
7.84251968503937;1.25984251968504;0;0;0;0;0;0;1;0;0;0;0;1;0;3.746912485364546;0;0;0;1;1;3.828641396489095;1;0;0;0;0;0;0;0;0;1;2.774;1.178654996341646
7.896257415728392;2.157925148314568;0;1;0;0;0;2.302585092994046;1;0;0;0;0;0;1;3.449987545831587;0;0;0;0;1;3.295836866004329;0;0;0;1;1;1;0;0;0;0;0;0
7.90092683289545;1.64248848057394;0;1;0;0;0;3.367295829986474;0;0;1;0;0;0;1;3.795046394523899;1;0;0;1;1;3.597312260588446;1;0;0;1;0;0;0;0;0;1;.905;.4054651081081644
7.924415713575335;1.568373943311785;0;1;0;0;0;1.791759469228055;0;0;1;0;0;1;0;3.86702563949741;1;0;0;1;1;3.433987204485146;1;0;0;1;1;0;0;0;0;1;2.083;3.23649742621802
7.926958267952311;5.277662851276671;0;1;0;0;0;2.397895272798371;1;0;0;0;0;0;0;3.963284399306881;1;0;1;1;1;3.688879454113936;1;0;0;1;0;0;0;0;0;0;0;0
7.936040455484572;1.89827031643786;0;1;0;0;0;3.367295829986474;0;0;1;0;0;0;0;3.795046394523899;1;0;0;1;1;3.597312260588446;1;0;0;1;0;0;0;0;0;1;.905;.4054651081081644
7.975313943308714;7.499087052206457;1;0;0;1;0;1.386294361119891;1;0;0;0;0;0;0;2.833213344056216;0;0;0;1;1;3.624340932976365;1;0;0;1;1;1;1;1;1;1;6.604;.7884573603642703
8;1.8;0;0;1;0;0;4.442651256490317;0;0;0;0;0;0;0;3.526360524616162;1;0;0;1;1;3.481240089335692;0;0;0;1;1;1;0;0;0;1;5.411;1.945910149055313
8.001793368051088;3.458281300880898;1;0;0;1;1;0;1;0;0;0;0;0;1;3.32862668882732;0;1;0;0;1;3.433987204485146;1;0;0;1;1;0;0;1;0;1;.905;.1670540846631662
8.027670553931543;1.50227463816704;0;1;0;0;0;3.367295829986474;0;0;1;0;0;0;1;3.795046394523899;1;0;0;1;1;3.597312260588446;1;0;0;1;0;0;0;0;0;1;.905;.4054651081081644
8.05340279539859;2.020573091482941;0;1;0;0;0;3.367295829986474;0;0;1;0;0;0;1;3.795046394523899;1;0;0;1;1;3.597312260588446;0;1;0;1;0;0;0;0;0;1;.905;.4054651081081644
8.1;3.2;0;0;1;0;0;4.442651256490317;0;0;0;0;0;0;0;3.725693427236652;1;0;0;1;1;3.481240089335692;0;0;0;1;1;0;0;0;0;1;5.411;1.945910149055313
8.1;3;0;0;1;0;0;4.442651256490317;0;0;0;0;0;0;0;3.725693427236652;1;0;0;1;1;3.481240089335692;0;0;0;1;1;0;0;0;0;1;5.411;1.945910149055313
8.112265867008306;2.224378447043818;0;1;0;0;0;3.912023005428146;1;0;0;0;0;0;1;3.178053830347946;1;0;0;1;1;3.610917912644224;1;0;0;1;1;0;0;0;0;1;6.481;2.054123733695546
8.113890656967925;3.056617507020596;0;1;0;0;0;3.367295829986474;0;0;1;0;0;1;0;3.795046394523899;1;0;0;1;1;3.597312260588446;1;0;0;1;0;0;0;0;0;1;.905;.4054651081081644
8.170800603313387;3.146945222133098;1;0;0;1;1;0;1;0;0;0;0;0;1;3.321432413193293;0;1;0;0;1;3.49650756146648;1;0;0;1;1;0;0;1;0;1;.905;.1670540846631662
8.214964190831324;3.620970286265889;1;0;0;1;1;1.386294361119891;1;0;0;0;0;0;0;3.367295829986474;0;0;0;1;1;3.624340932976365;1;0;0;1;1;1;1;1;1;1;6.604;.7884573603642703
8.230769230769228;5.745077646103951;0;1;0;0;0;3.091042453358316;0;0;1;0;0;0;1;3.784189633918261;1;0;0;0;0;3.737669618283368;1;0;0;1;0;1;0;0;0;0;0;0
8.281052621199159;3.300705190246209;0;0;1;0;0;4.442651256490317;1;0;0;0;0;1;0;3.401197381662155;0;0;0;1;1;3.465735902799727;1;0;0;1;0;0;0;0;0;1;1.469;1.386294361119891
8.296213029769973;6.02126944445521;0;1;0;0;0;1.386294361119891;1;0;0;0;0;0;1;3.295836866004329;1;0;1;1;1;1.871802176901591;1;0;0;1;1;1;1;1;0;1;4.179;3.063390922027806
8.314163853657419;2.473168279937238;0;1;0;0;0;3.367295829986474;0;0;1;0;0;0;0;3.795046394523899;1;0;0;1;1;3.597312260588446;1;0;0;1;0;0;0;0;0;1;.905;.4054651081081644
8.389152221448057;2.77750092428037;1;0;0;1;0;0;1;0;0;0;0;0;1;3.090132948975475;0;0;0;1;1;3.34109345759245;1;0;0;1;0;1;0;0;0;1;1.469;2.228477120840324
8.419660355613235;2.311611049046939;0;1;0;0;0;3.367295829986474;0;0;1;0;0;0;0;3.795046394523899;1;0;0;1;1;3.597312260588446;1;0;0;1;0;0;0;0;0;1;.905;.4054651081081644
8.5;4.100000000000001;0;0;1;0;0;4.442651256490317;0;0;0;0;0;0;0;3.725693427236652;1;0;0;1;1;3.481240089335692;0;0;0;0;0;0;0;0;0;1;5.411;1.945910149055313
8.519642857142857;2.483860891295294;1;0;0;0;0;2.890371757896165;0;0;1;0;0;0;0;4.007333185232471;1;0;0;1;0;3.526360524616162;0;1;0;0;0;0;0;0;0;1;0;.1431008436406732
8.522434762421183;4.141791574253437;0;1;0;0;0;3.367295829986474;0;0;1;0;0;0;1;3.795046394523899;1;0;0;1;1;3.597312260588446;1;0;0;1;0;0;0;0;0;1;.905;.4054651081081644
8.545580982954903;.6328207371306271;1;0;0;0;0;2.639057329615258;1;0;0;0;0;0;1;3.27788960462723;0;1;0;1;0;3.637586159726386;1;0;0;1;0;0;0;0;1;0;0;1.386294361119891
8.549684099683308;3.355966571803506;1;0;0;1;0;0;1;0;0;0;0;0;1;2.19722457733622;0;0;0;1;1;3.044522437723423;1;0;0;1;1;1;0;0;1;1;2.518;2.850957789355288
8.584028196998721;4.318854724599448;1;0;0;1;0;0;1;0;0;0;0;0;1;3.713572066704308;0;0;0;1;0;0;1;0;0;1;1;1;0;0;1;1;11.49;4.060443010546419
8.6;2.9;1;0;0;0;0;1.386294361119891;1;0;0;0;0;0;1;3.332204510175204;0;0;1;1;1;3.332204510175204;1;0;0;1;1;1;0;0;0;1;1.71;1.236762627148927
8.608052859178949;2.251619971335433;1;0;0;1;1;0;1;0;0;0;0;1;0;3.713572066704308;0;0;0;1;0;1.945910149055313;1;0;0;1;1;1;0;0;1;1;11.49;4.060443010546419
8.643315979991129;2.81386188388177;0;1;0;0;0;1.386294361119891;1;0;0;0;0;1;0;3.295836866004329;1;0;1;1;1;1.871802176901591;1;0;0;1;1;1;1;1;0;1;4.179;3.063390922027806
8.682659614658103;1.550474931188947;0;1;0;0;0;1.386294361119891;0;0;0;0;0;0;0;3.891820298110626;0;0;1;1;1;3.511545438831021;0;1;0;0;0;1;0;0;0;1;0;.6931471805599453
8.705851548383027;2.247121231632045;1;0;0;1;1;0;1;0;0;0;0;1;0;3.713572066704308;0;0;0;1;0;1.945910149055313;1;0;0;1;1;1;0;0;0;1;11.49;4.060443010546419
8.719996511283297;4.390836174620765;1;0;0;1;0;0;1;0;0;0;0;1;0;3.713572066704308;0;0;0;1;0;0;1;0;0;1;1;1;0;0;0;1;11.49;4.060443010546419
8.799443162820598;1.820283175416889;1;0;0;0;0;0;1;0;0;0;0;0;1;3.325036020696591;0;1;0;0;0;3.555348061489414;0;1;0;1;1;0;0;0;0;1;.905;1.299282984130261
8.822101871015242;8.518782557917238;0;1;0;0;0;2.397895272798371;1;0;0;0;0;0;0;3.963284399306881;1;0;1;1;1;3.688879454113936;1;0;0;1;0;0;1;1;0;0;0;0
8.877845981723031;23.51963998777097;1;0;0;1;0;1.09861228866811;1;0;0;0;0;1;0;3.676300671907076;0;0;1;0;1;3.49650756146648;1;0;0;1;1;1;0;0;0;0;0;1.131402111491101
8.910000000000002;2.960132890365449;0;0;1;0;0;4.442651256490317;1;0;0;0;0;0;0;4.06285389513073;1;0;1;1;1;3.749504075930371;1;0;0;1;1;1;0;0;0;1;0;1.09861228866811
8.95883888341411;12.33626276630669;0;1;0;0;0;3.091042453358316;0;0;1;0;0;0;1;3.784189633918261;1;0;0;0;0;3.737669618283368;1;0;0;1;0;1;0;0;0;0;0;0
8.964;5.27294117647059;0;0;1;0;0;4.442651256490317;1;0;0;0;0;0;0;4.06285389513073;1;0;1;1;1;3.749504075930371;1;0;0;1;1;1;0;0;0;1;0;1.09861228866811
8.965277462228748;2.170686676404607;0;1;0;0;0;3.367295829986474;0;0;1;0;0;0;0;3.795046394523899;1;0;0;1;1;3.597312260588446;1;0;0;1;0;0;0;0;0;1;.905;.4054651081081644
9.109972242231407;2.913602697708762;1;0;0;1;0;0;1;0;0;0;0;0;1;3.32862668882732;0;1;0;0;1;3.433987204485146;1;0;0;1;1;0;0;1;1;1;.905;.1670540846631662
9.152054894213519;2.408435498477242;1;0;0;0;0;0;1;0;0;0;0;1;0;3.675642227331916;0;0;0;0;1;3.737669618283368;1;0;0;1;0;0;0;0;1;1;4.744;1.435084525289323
9.180000000000001;4.831578947368422;0;0;1;0;0;4.442651256490317;1;0;0;0;0;0;0;4.06285389513073;1;0;1;1;1;3.749504075930371;1;0;0;1;1;1;0;0;0;1;0;1.09861228866811
9.199999999999999;3.1;1;0;0;0;0;1.386294361119891;1;0;0;0;0;0;0;3.332204510175204;0;0;1;1;1;3.332204510175204;1;0;0;1;1;1;0;0;0;1;1.71;1.236762627148927
9.199999999999999;2.4;0;0;1;0;0;4.442651256490317;0;0;0;0;0;0;0;3.725693427236652;1;0;0;1;1;3.481240089335692;0;0;0;1;1;1;0;0;0;1;5.411;1.945910149055313
9.246141300166521;1.738233938510553;1;0;0;0;0;0;1;0;0;0;0;0;1;3.325036020696591;0;1;0;0;0;3.555348061489414;0;1;0;1;1;0;0;0;0;1;.905;1.299282984130261
9.284226190476192;2.362398521749667;1;0;0;0;0;2.890371757896165;0;0;1;0;0;0;0;4.007333185232471;1;0;0;1;0;3.526360524616162;0;1;0;0;0;0;0;0;0;1;0;.1431008436406732
9.300000000000001;8.9;0;0;1;0;0;4.442651256490317;0;0;0;0;0;0;0;3.725693427236652;1;0;0;1;1;3.481240089335692;0;0;0;1;1;1;0;0;0;1;5.411;1.945910149055313
9.345783421220698;9.989467084980229;0;0;1;0;0;4.442651256490317;0;0;1;0;0;0;0;4.107096246147264;1;0;0;0;1;3.772760938094638;1;0;0;1;1;1;1;0;0;1;2.731;1.09861228866811
9.359121261185734;4.36225993619392;1;0;0;1;0;0;1;0;0;0;0;0;1;3.713572066704308;0;0;0;1;0;0;1;0;0;1;1;1;0;0;0;1;11.49;4.060443010546419
9.417428370521041;4.048444849709278;0;1;0;0;0;3.688879454113936;1;0;0;0;0;0;0;4.091340053201802;1;0;1;1;1;3.663561646129646;1;0;0;1;1;1;0;0;0;0;0;0
9.417428370521041;8.753394269641683;0;1;0;0;0;2.302585092994046;1;0;0;0;0;0;0;3.082826980404925;1;0;0;1;1;3.817712325956905;1;0;0;0;0;1;1;1;0;1;12.082;0
9.417428370521041;3.939027421338757;0;1;0;0;0;3.688879454113936;1;0;0;0;0;0;0;4.091340053201802;1;0;1;1;1;3.663561646129646;1;0;0;1;1;1;0;0;0;0;0;0
9.437057721781935;5.926133084411346;1;0;0;1;0;0;1;0;0;0;0;0;1;3.713572066704308;0;0;0;1;0;0;1;0;0;1;1;1;0;0;0;1;11.49;4.060443010546419
9.5;4.7;1;0;0;0;0;1.386294361119891;1;0;0;0;0;0;1;3.332204510175204;0;0;0;1;1;3.332204510175204;1;0;0;1;1;1;0;0;0;1;1.71;1.236762627148927
9.5;5.1;0;0;1;0;0;4.442651256490317;0;0;0;0;0;0;0;3.725693427236652;1;0;0;1;1;3.481240089335692;0;0;0;1;1;0;0;0;0;1;5.411;1.945910149055313
9.557291666666668;2.319730987055016;1;0;0;0;0;2.890371757896165;0;0;1;0;0;0;0;4.007333185232471;1;0;0;1;0;3.526360524616162;0;1;0;0;0;0;0;0;0;1;0;.1431008436406732
9.567380015178415;4.596720206005334;1;0;0;1;0;0;1;0;0;0;0;0;1;3.321432413193293;0;1;0;0;1;3.49650756146648;1;0;0;1;1;0;1;1;1;1;.905;.1670540846631662
9.6;4.100000000000001;1;0;0;0;0;1.386294361119891;1;0;0;0;0;0;1;3.332204510175204;1;0;1;1;1;3.332204510175204;1;0;0;1;1;1;0;0;0;1;1.71;1.236762627148927
9.630136277112069;3.716569416222617;1;0;0;1;0;0;1;0;0;0;0;0;1;3.218875824868201;0;0;0;1;0;3.49650756146648;1;0;0;1;0;1;0;1;1;1;3;2.05127066471314
9.637;3.8548;0;0;1;0;0;4.442651256490317;0;0;0;1;0;0;1;3.250374491927572;0;0;0;0;1;3.637586159726386;1;0;0;1;0;1;0;0;0;1;5.589;1.321755839982319
9.656188559855424;2.295583621735102;1;0;0;1;1;1.386294361119891;1;0;0;0;0;0;0;3.091042453358316;0;0;0;1;1;3.624340932976365;1;0;0;1;1;1;0;1;0;1;6.604;.7884573603642703
9.666517857142857;2.363451798812435;1;0;0;0;0;2.890371757896165;0;0;1;0;0;0;0;4.007333185232471;1;0;0;1;0;3.526360524616162;0;1;0;0;1;0;1;0;0;1;0;.1431008436406732
9.697044833112322;5.108653037727422;1;1;0;1;1;.6931471805599453;1;0;0;0;0;1;0;3.688879454113936;0;0;0;1;0;3.772760938094638;0;0;0;0;1;0;1;1;0;1;2.535;.1823215567939546
9.732565844984586;11.93582295155973;0;0;1;0;0;4.442651256490317;0;0;1;0;0;0;0;4.107096246147264;1;0;0;0;1;3.772760938094638;1;0;0;1;1;1;1;0;0;1;2.731;1.09861228866811
9.746173526808199;2.942459447513079;0;1;0;0;0;3.912023005428146;1;0;0;0;0;0;1;3.178053830347946;0;0;0;1;1;3.610917912644224;1;0;0;1;1;0;1;0;0;1;6.481;2.054123733695546
9.830357142857142;2.415321165321166;1;0;0;0;0;2.890371757896165;0;0;1;0;0;0;0;4.007333185232471;1;0;0;1;0;3.526360524616162;0;1;0;0;0;0;0;0;0;1;0;.1431008436406732
9.847012807696341;2.199937866076237;1;0;0;1;0;0;1;0;0;0;0;0;1;3.090132948975475;0;0;0;1;1;3.34109345759245;1;0;0;1;0;1;0;0;0;1;1.469;2.228477120840324
9.923076923076923;6.545245349594661;0;1;0;0;0;3.091042453358316;0;0;1;0;0;0;1;3.784189633918261;1;0;0;0;0;3.737669618283368;1;0;0;1;0;1;0;0;0;0;0;0
10.00433665810455;23.51963998777097;1;0;0;1;0;1.09861228866811;0;1;0;0;0;0;1;3.091042453358316;0;0;0;1;1;3.332204510175204;1;0;0;1;1;1;0;0;0;1;6.481;2.602689685444384
10.17585884612244;5.108555149394102;0;1;0;0;0;2.397895272798371;1;0;0;0;0;0;0;3.963284399306881;1;0;1;1;1;3.688879454113936;1;0;0;1;0;0;0;0;0;0;0;0
10.18603736210106;2.531512052442886;0;1;0;0;0;3.912023005428146;1;0;0;0;0;0;1;3.178053830347946;1;0;0;1;1;3.610917912644224;1;0;0;1;1;0;1;0;0;1;6.481;2.054123733695546
10.18603736210106;2.224378447043818;0;1;0;0;0;3.912023005428146;1;0;0;0;0;0;1;3.178053830347946;0;0;0;1;1;3.610917912644224;1;0;0;1;1;0;1;0;0;1;6.481;2.054123733695546
10.23012059310433;2.612453858056573;0;1;0;0;0;2.484906649788;1;0;0;0;0;1;0;3.60383069538306;0;0;0;1;0;3.49650756146648;1;0;0;1;1;1;0;0;1;1;1.48;3.916299562195406
10.28885234543047;10.04211727719473;1;0;0;1;1;1.386294361119891;0;1;0;0;0;1;0;2.727002794018897;0;0;0;1;1;3.332204510175204;0;1;0;1;1;1;1;0;1;1;0;0
10.28885234543047;12.50946795955216;1;0;0;1;1;1.386294361119891;0;1;0;0;0;1;0;2.727002794018897;0;0;0;1;1;3.332204510175204;0;1;0;1;1;1;1;0;1;1;0;0
10.31;2.863888888888889;0;1;0;1;0;2.19722457733622;0;0;0;0;1;0;0;3.856510295497887;0;0;1;1;0;3.597312260588446;1;0;0;1;0;0;1;1;0;1;8.262;3.481240089335692
10.33404308533801;11.82009779639139;0;1;0;1;1;1.6094379124341;0;1;0;0;0;1;0;3.091042453358316;0;0;0;1;1;3.449987545831587;0;0;0;1;1;0;1;0;0;1;2.518;1.658228076603532
10.38455083788241;2.538844669271295;0;1;0;0;0;2.484906649788;1;0;0;0;0;1;0;3.60383069538306;0;0;0;1;0;3.49650756146648;1;0;0;1;1;1;0;0;0;1;1.48;3.916299562195406
10.38461538461538;1.269230769230769;0;1;0;0;0;3.091042453358316;0;0;1;0;0;0;0;3.784189633918261;1;0;0;0;0;3.737669618283368;1;0;0;1;0;1;0;0;0;0;0;0
10.45577350391734;3.42033378996523;1;0;0;1;0;0;1;0;0;0;0;0;1;3.713572066704308;0;0;0;0;1;3.258096538021482;1;0;0;1;1;0;0;0;1;1;1.893;3.088875605273226
10.53846153846154;1.576923076923077;0;1;0;0;0;3.091042453358316;0;0;1;0;0;0;0;3.784189633918261;1;0;0;0;0;3.737669618283368;1;0;0;1;0;1;0;0;0;0;0;0
10.66318789695472;2.311108873659609;1;0;0;1;1;1.386294361119891;1;0;0;0;0;0;0;3.091042453358316;0;0;0;1;1;3.624340932976365;1;0;0;1;1;1;0;1;0;1;6.604;.7884573603642703
10.67192409340616;2.589723023785704;1;0;0;0;0;0;1;0;0;0;0;0;1;3.32862668882732;0;1;0;0;1;3.433987204485146;1;0;0;1;1;0;0;1;1;1;.905;.1670540846631662
10.7;5.3;0;0;1;0;0;4.442651256490317;0;0;0;0;0;0;0;3.725693427236652;1;0;0;1;1;3.481240089335692;0;0;0;1;1;0;0;0;0;1;5.411;1.945910149055313
10.7;2.4;1;0;0;1;0;1.09861228866811;1;0;0;0;0;1;0;3.091042453358316;0;0;0;1;1;3.332204510175204;1;0;0;1;1;1;0;0;0;1;6.481;2.602689685444384
10.8;4;1;0;0;1;0;1.09861228866811;1;0;0;0;0;1;0;3.091042453358316;0;0;0;1;1;3.332204510175204;1;0;0;1;1;1;0;0;0;1;6.481;2.602689685444384
10.88462048792001;3.002335109993192;1;0;0;1;0;0;1;0;0;0;0;0;1;3.32862668882732;0;1;0;0;1;3.433987204485146;1;0;0;1;1;0;0;1;0;1;.905;.1670540846631662
10.88534454546096;2.04653427100543;1;0;0;1;1;1.386294361119891;1;0;0;0;0;0;0;3.367295829986474;0;0;0;1;1;3.624340932976365;1;0;0;1;1;1;0;1;0;1;6.604;.7884573603642703
10.91567034898182;4.924655763494792;1;0;0;0;0;1.386294361119891;1;0;0;0;0;1;0;3.3603753871419;0;0;0;1;1;3.415382016654108;1;0;0;1;1;1;0;0;1;1;4.8;2.397895272798371
10.95279297294493;2.1124954779295;1;0;0;1;0;0;1;0;0;0;0;0;1;3.332204510175204;0;1;0;0;1;3.433987204485146;1;0;0;1;1;0;0;0;0;1;9.637;2.804954006741813
11.00334448160535;1.672240802675586;0;1;0;0;0;3.091042453358316;0;0;1;0;0;0;0;3.784189633918261;1;0;0;0;0;3.737669618283368;1;0;0;1;0;1;0;0;0;0;0;0
11.01553938662168;6.6609323631973;1;0;0;0;0;0;1;0;0;0;0;0;1;3.321432413193293;0;1;0;0;1;3.49650756146648;1;0;0;1;1;0;1;1;1;1;.905;.1670540846631662
11.07106103557052;.4876019579461545;1;0;0;0;0;2.639057329615258;1;0;0;0;0;0;1;3.27788960462723;0;1;0;1;0;3.637586159726386;1;0;0;1;0;0;0;0;1;0;0;1.386294361119891
11.1371237458194;1.471571906354515;0;1;0;0;0;3.091042453358316;0;0;1;0;0;0;0;3.784189633918261;1;0;0;0;0;3.737669618283368;1;0;0;1;0;1;0;0;0;0;0;0
11.19700043365706;14.21950361820252;1;0;0;1;1;1.386294361119891;0;1;0;0;0;1;0;2.727002794018897;0;0;0;1;1;3.332204510175204;0;1;0;1;1;1;1;0;1;1;0;0
11.26569368785127;14.39123675368806;1;0;0;1;1;1.386294361119891;0;1;0;0;0;1;0;2.727002794018897;0;0;0;1;1;3.332204510175204;0;1;0;1;1;1;1;0;1;1;0;0
11.27279556384089;4.784315916358207;1;0;0;1;0;0;1;0;0;0;0;0;1;3.321432413193293;0;1;0;0;1;3.49650756146648;1;0;0;1;1;0;0;1;1;1;.905;.1670540846631662
11.40477453864677;4.456190981545872;1;0;0;0;0;1.386294361119891;1;0;0;0;0;0;1;3.356897122765576;0;0;0;1;1;3.415382016654108;1;0;0;1;1;1;0;0;1;1;4.8;2.397895272798371
11.40477453864677;.2484326472211823;1;0;0;0;0;2.639057329615258;1;0;0;0;0;0;1;3.27788960462723;0;1;0;1;0;3.637586159726386;1;0;0;1;0;0;0;0;1;0;0;1.386294361119891
11.4240437449106;8.668772340226463;1;0;0;1;0;1.09861228866811;1;0;0;0;0;1;0;3.676300671907076;0;0;1;0;1;3.49650756146648;1;0;0;1;1;1;0;0;0;0;0;1.131402111491101
11.43546904594911;2.3979034504922;1;0;0;1;0;0;1;0;0;0;0;0;1;3.332204510175204;0;1;0;0;1;3.433987204485146;1;0;0;1;1;0;0;0;0;1;9.637;2.804954006741813
11.49672677041773;2.071763768319921;1;0;0;1;1;1.386294361119891;1;0;0;0;0;0;0;3.367295829986474;0;0;0;1;1;3.624340932976365;1;0;0;1;1;1;0;1;0;1;6.604;.7884573603642703
11.51623503414478;.2877118863880935;1;0;0;0;0;2.639057329615258;1;0;0;0;0;0;1;3.27788960462723;0;1;0;1;0;3.637586159726386;1;0;0;1;0;0;0;0;1;0;0;1.386294361119891
11.53184839995967;6.812124872332865;0;0;1;0;0;4.442651256490317;0;0;1;0;0;0;0;4.107096246147264;1;0;0;0;1;3.772760938094638;1;0;0;1;1;1;1;0;0;1;2.731;1.09861228866811
11.5644;4.8185;0;0;1;0;0;4.442651256490317;0;0;0;1;0;0;1;3.250374491927572;0;0;0;0;1;3.637586159726386;0;0;0;1;0;1;0;0;0;1;5.589;1.321755839982319
11.61538461538461;1.615384615384615;0;1;0;0;0;3.091042453358316;0;0;1;0;0;1;0;3.784189633918261;1;0;0;0;0;3.737669618283368;1;0;0;1;0;1;0;0;0;0;0;0
11.7;5.1;1;0;0;0;0;1.386294361119891;1;0;0;0;0;0;0;3.332204510175204;1;0;1;1;1;3.332204510175204;1;0;0;1;1;1;0;0;0;1;1.71;1.236762627148927
11.74389643944389;15.9641271685402;1;0;0;1;0;1.386294361119891;1;0;0;0;0;0;0;2.833213344056216;0;0;0;1;1;3.624340932976365;1;0;0;1;1;1;0;1;0;1;6.604;.7884573603642703
11.78812577814474;2.159656631110486;1;0;0;0;0;0;1;0;0;0;0;0;1;3.6198508677035;0;0;0;0;1;3.737669618283368;1;0;0;1;0;0;0;0;1;1;4.744;1.435084525289323
11.81863025695362;4.737979001247638;0;1;0;0;0;1.6094379124341;0;1;0;0;0;0;0;3.091042453358316;0;0;0;1;1;3.449987545831587;0;0;0;1;1;0;1;0;0;1;2.518;1.658228076603532
12.40802675585284;1.872909698996656;0;1;0;0;0;3.091042453358316;0;0;1;0;0;1;0;3.784189633918261;1;0;0;0;0;3.737669618283368;1;0;0;1;0;1;0;0;0;0;0;0
12.41194296905368;2.630439465475856;1;0;0;0;0;0;1;0;0;0;0;0;1;3.32862668882732;0;1;0;0;1;3.433987204485146;1;0;0;1;1;0;0;1;0;1;.905;.1670540846631662
12.4681629943733;2.957912686752018;0;1;0;0;0;2.484906649788;1;0;0;0;0;0;1;3.629715005599389;0;0;0;1;0;3.49650756146648;1;0;0;1;1;1;0;0;1;1;1.48;3.916299562195406
12.5281;5.7822;0;0;1;0;0;4.442651256490317;0;0;0;1;0;0;1;3.250374491927572;0;0;0;0;1;3.637586159726386;0;0;0;1;0;1;0;0;0;1;5.589;1.321755839982319
12.5281;4.8185;0;0;1;0;0;4.442651256490317;0;0;0;1;0;0;0;3.295836866004329;0;0;0;0;1;3.637586159726386;1;0;0;1;0;1;0;0;0;1;5.589;1.321755839982319
12.53846153846154;2.038461538461538;0;1;0;0;0;3.091042453358316;0;0;1;0;0;0;0;3.784189633918261;1;0;0;0;0;3.737669618283368;1;0;0;1;0;1;0;0;0;0;0;0
12.62495691706235;9.163037335534675;1;0;0;1;0;0;1;0;0;0;0;1;0;3.713572066704308;0;0;0;1;1;2.19722457733622;1;0;0;1;1;0;0;0;0;1;11.49;4.060443010546419
12.6614280833618;3.973351554492655;1;0;0;1;0;1.09861228866811;0;1;0;0;0;1;0;3.091042453358316;0;0;0;1;1;3.332204510175204;1;0;0;1;1;1;0;0;0;1;6.481;2.602689685444384
12.72975743081654;2.702425691834643;1;0;0;1;1;1.09861228866811;0;1;0;0;0;1;0;3.091042453358316;0;0;0;1;1;3.332204510175204;1;0;0;1;1;1;0;0;0;1;6.481;2.602689685444384
12.74968515793757;1.127496851579376;1;0;0;0;0;1.386294361119891;1;0;0;0;0;0;0;3.044522437723423;0;0;0;1;1;3.624340932976365;1;0;0;1;1;1;0;1;0;1;6.604;.7884573603642703
12.90424406872935;11.9913243162571;1;0;0;1;1;1.386294361119891;0;1;0;0;0;1;0;2.727002794018897;0;0;0;1;1;3.332204510175204;1;0;0;1;1;1;1;0;1;1;0;0
12.97541017803188;.3852461487070887;1;0;0;0;0;2.639057329615258;1;0;0;0;0;0;1;3.27788960462723;0;1;0;1;0;3.637586159726386;1;0;0;1;0;0;0;0;1;0;0;1.386294361119891
13.00997431364046;23.51963998777097;1;0;0;1;1;1.09861228866811;0;1;0;0;0;0;1;3.091042453358316;0;0;0;1;1;3.332204510175204;1;0;0;1;1;1;0;0;0;1;6.481;2.602689685444384
13.08844209474893;.5111597582682651;1;0;0;0;0;2.639057329615258;1;0;0;0;0;0;1;3.27788960462723;0;1;0;1;0;3.637586159726386;1;0;0;1;0;0;0;0;1;0;0;1.386294361119891
13.08844209474893;4.568773060627857;0;1;0;0;0;3.091042453358316;0;0;1;0;0;0;0;3.784189633918261;1;0;0;0;0;3.737669618283368;1;0;0;1;0;1;0;0;0;0;0;0
13.1;8.799999999999999;1;0;0;0;0;1.386294361119891;1;0;0;0;0;0;0;3.332204510175204;1;0;0;1;1;3.332204510175204;1;0;0;1;1;1;0;0;0;1;1.71;1.236762627148927
13.24687679209204;2.785873169085464;0;1;0;0;0;2.484906649788;1;0;0;0;0;0;1;3.629715005599389;0;0;0;1;0;3.49650756146648;1;0;0;1;1;1;0;0;0;1;1.48;3.916299562195406
13.47502173045793;15.50773324437172;1;0;0;1;0;1.386294361119891;1;0;0;0;0;0;0;2.833213344056216;0;0;0;1;1;3.624340932976365;1;0;0;1;1;1;0;1;0;1;6.604;.7884573603642703
13.47826086956522;2.006688963210702;0;1;0;0;0;3.091042453358316;0;0;1;0;0;0;0;3.784189633918261;1;0;0;0;0;3.737669618283368;1;0;0;1;0;1;0;0;0;0;0;0
13.4918;5.7822;0;0;1;0;0;4.442651256490317;0;0;0;1;0;0;1;3.250374491927572;0;0;0;0;1;3.637586159726386;0;0;0;1;0;1;0;0;0;1;5.589;1.321755839982319
13.57042875296586;11.71991574119778;1;0;0;1;1;1.386294361119891;0;1;0;0;0;1;0;2.727002794018897;0;0;0;1;1;3.332204510175204;1;0;0;1;1;1;1;0;1;1;0;0
13.57692307692307;1.384615384615385;0;1;0;0;0;3.091042453358316;0;0;1;0;0;0;0;3.784189633918261;1;0;0;0;0;3.737669618283368;1;0;0;1;0;1;0;0;0;0;0;0
13.63334305388918;22.96807210652916;1;0;0;1;0;1.386294361119891;1;0;0;0;0;0;0;2.833213344056216;0;0;0;1;1;3.624340932976365;1;0;0;1;1;1;1;1;1;1;6.604;.7884573603642703
13.65530026970603;5.114488512136771;0;1;0;0;0;3.091042453358316;0;0;1;0;0;0;0;3.784189633918261;1;0;0;0;0;3.737669618283368;1;0;0;1;0;1;0;0;0;0;0;0
13.80734409303723;14.32254349949384;1;0;0;1;1;1.386294361119891;0;1;0;0;0;1;0;2.727002794018897;0;0;0;1;1;3.332204510175204;1;0;0;1;1;1;1;0;1;1;0;0
13.88283833246218;5.500541091457924;0;1;0;0;0;3.091042453358316;0;0;1;0;0;1;0;3.784189633918261;1;0;0;0;0;3.737669618283368;1;0;0;1;0;1;0;0;0;0;0;0
13.94648829431438;1.57190635451505;0;1;0;0;0;3.091042453358316;0;0;1;0;0;0;0;3.784189633918261;1;0;0;0;0;3.737669618283368;1;0;0;1;0;1;0;0;0;0;0;0
14.18515699110541;13.94473060142566;1;0;0;1;1;1.386294361119891;0;1;0;0;0;1;0;2.727002794018897;0;0;0;1;1;3.332204510175204;1;0;0;1;1;1;1;0;1;1;0;0
14.40201102145896;3.668655190289349;1;0;0;1;0;0;1;0;0;0;0;0;1;3.713572066704308;0;0;0;0;1;3.258096538021482;1;0;0;0;0;0;0;0;0;1;1.893;3.088875605273226
14.45367843513146;1.258990462786446;1;0;0;0;0;1.386294361119891;1;0;0;0;0;0;0;3.044522437723423;0;0;0;1;1;3.624340932976365;1;0;0;0;0;1;0;1;0;1;6.604;.7884573603642703
14.4555;3.8548;0;0;1;0;0;4.442651256490317;0;0;0;1;0;0;1;3.250374491927572;0;0;0;0;1;3.637586159726386;1;0;0;1;0;1;0;0;0;1;5.589;1.321755839982319
14.4555;5.7822;0;0;1;0;0;4.442651256490317;0;0;0;1;0;0;1;3.250374491927572;0;0;0;0;1;3.637586159726386;1;0;0;1;0;1;0;0;0;1;5.589;1.321755839982319
14.49946906402073;11.56513221828502;0;1;0;0;0;3.091042453358316;0;0;1;0;0;0;1;3.784189633918261;1;0;0;0;0;3.737669618283368;1;0;0;1;0;1;0;0;0;0;0;0
14.56818935948618;.2841291096115257;1;0;0;0;0;2.639057329615258;1;0;0;0;0;0;1;3.27788960462723;0;1;0;1;0;3.637586159726386;1;0;0;1;0;0;0;0;0;0;0;1.386294361119891
14.58766760728145;4.18321788152373;0;0;1;0;0;4.442651256490317;1;0;0;0;0;1;0;3.401197381662155;0;0;0;1;1;3.465735902799727;1;0;0;0;0;0;0;0;0;1;1.469;1.386294361119891
14.68281485203982;1.261510963372438;1;0;0;0;0;1.386294361119891;1;0;0;0;0;0;0;3.044522437723423;0;0;0;1;1;3.624340932976365;1;0;0;0;0;1;0;1;0;1;6.604;.7884573603642703
14.8330142733562;12.6983463262046;1;0;0;1;0;1.386294361119891;1;0;0;0;0;0;0;3.091042453358316;0;0;0;1;1;3.624340932976365;1;0;0;1;1;1;1;1;1;1;6.604;.7884573603642703
14.91100856954516;9.615688859591298;0;1;0;0;0;1.09861228866811;1;0;0;0;0;1;0;3.761200115693562;1;0;0;1;0;2.302585092994046;1;0;0;1;1;0;0;1;1;1;7.313;1.426185690147193
14.96153846153846;2.538461538461538;0;1;0;0;0;3.091042453358316;0;0;1;0;0;1;0;3.784189633918261;1;0;0;0;0;3.737669618283368;1;0;0;1;0;1;0;0;0;0;0;0
14.98985982625777;8.449603001593212;1;0;0;1;0;0;1;0;0;0;0;1;0;3.218875824868201;0;0;0;1;0;3.49650756146648;1;0;0;1;0;1;0;1;1;1;3;2.05127066471314
15.012;10.0751677852349;0;0;1;0;0;4.442651256490317;1;0;0;0;0;0;0;4.06285389513073;1;0;1;1;1;3.749504075930371;0;0;0;1;1;1;0;0;0;1;0;1.09861228866811
15.02737988572274;1.380328558628673;1;0;0;0;0;1.386294361119891;1;0;0;0;0;0;0;3.044522437723423;0;0;0;1;1;3.624340932976365;1;0;0;1;1;1;0;1;0;1;6.604;.7884573603642703
15.2576648537005;.3008225052681583;1;0;0;0;0;2.639057329615258;1;0;0;0;0;0;1;3.27788960462723;0;1;0;1;0;3.637586159726386;1;0;0;1;0;0;0;0;0;0;0;1.386294361119891
15.4192;14.4555;0;0;1;0;0;4.442651256490317;0;0;0;1;0;0;1;3.250374491927572;0;0;0;0;1;3.637586159726386;0;0;0;1;0;1;0;0;0;1;5.589;1.321755839982319
15.4192;4.8185;0;0;1;0;0;4.442651256490317;0;0;0;1;0;0;1;3.250374491927572;0;0;0;0;1;3.637586159726386;1;0;0;1;0;1;0;0;0;1;5.589;1.321755839982319
15.48494983277592;2.274247491638796;0;1;0;0;0;3.091042453358316;0;0;1;0;0;1;0;3.784189633918261;1;0;0;0;0;3.737669618283368;1;0;0;1;0;1;0;0;0;0;0;0
15.55177488437799;22.74727416897593;0;1;0;1;0;1.6094379124341;0;1;0;0;0;1;0;3.091042453358316;0;0;0;1;1;3.449987545831587;0;0;0;1;1;0;1;0;0;1;2.518;1.658228076603532
15.93272714377252;2.519594059945422;1;0;0;0;0;0;1;0;0;0;0;1;0;3.675642227331916;0;0;0;0;1;3.737669618283368;1;0;0;0;0;0;0;0;1;1;4.744;1.435084525289323
16.03689784762556;8.110693542876666;1;0;0;1;0;1.09861228866811;0;1;0;0;0;1;0;3.091042453358316;0;0;0;1;1;3.332204510175204;1;0;0;1;1;1;0;0;0;1;6.481;2.602689685444384
16.1834242728283;1.39420109127394;1;0;0;0;0;1.386294361119891;1;0;0;0;0;0;0;3.044522437723423;0;0;0;1;1;3.624340932976365;1;0;0;0;0;1;0;1;0;1;6.604;.7884573603642703
16.24408297645832;5.502381682983857;1;0;0;1;1;1.386294361119891;0;1;0;0;0;0;1;2.727002794018897;0;0;0;1;1;3.332204510175204;0;1;0;1;1;1;1;0;1;1;0;0
16.41602364321124;5.820801182160562;1;0;0;0;0;0;1;0;0;0;0;0;1;3.321432413193293;0;1;0;0;1;3.49650756146648;1;0;0;1;1;0;0;1;1;1;.905;.1670540846631662
16.41602364321124;5.820801182160562;1;0;0;0;0;0;1;0;0;0;0;0;1;3.321432413193293;0;1;0;0;1;3.49650756146648;1;0;0;1;1;0;1;1;1;1;.905;.1670540846631662
16.48522320957713;5.809287434225984;1;0;0;1;1;1.386294361119891;0;1;0;0;0;0;1;2.727002794018897;0;0;0;1;1;3.332204510175204;0;1;0;1;1;1;1;0;1;1;0;0
17.21;5.152694610778443;0;1;0;1;0;2.19722457733622;0;0;0;0;1;0;0;3.856510295497887;0;0;1;1;0;3.597312260588446;1;0;0;1;1;0;0;1;0;1;8.262;3.481240089335692
17.23379466807176;1.406805536016861;1;0;0;0;0;1.386294361119891;1;0;0;0;0;0;0;3.044522437723423;0;0;0;1;1;3.624340932976365;1;0;0;0;0;1;0;1;0;1;6.604;.7884573603642703
17.3014;14.326;1;0;0;0;0;2.302585092994046;0;1;0;0;0;0;1;2.014903020542265;0;0;0;1;1;3.332204510175204;0;1;0;1;1;1;0;0;0;1;2;.3364722366212129
17.3466;4.8185;0;0;1;0;0;4.442651256490317;0;0;0;1;0;0;1;3.250374491927572;0;0;0;0;1;3.637586159726386;1;0;0;1;0;1;0;0;0;1;5.589;1.321755839982319
17.3466;4.8185;0;0;1;0;0;4.442651256490317;0;0;0;1;0;0;0;3.295836866004329;0;0;0;0;1;3.637586159726386;1;0;0;1;0;1;0;0;0;1;5.589;1.321755839982319
17.4;8;1;0;0;0;0;1.386294361119891;1;0;0;0;0;0;1;3.332204510175204;1;0;0;1;1;3.332204510175204;1;0;0;1;1;1;0;0;0;1;1.71;1.236762627148927
17.45;4.58005249343832;0;1;0;1;0;2.19722457733622;0;0;0;0;1;0;0;3.856510295497887;0;0;1;1;0;3.597312260588446;1;0;0;1;1;0;1;1;0;1;8.262;3.481240089335692
17.46849688138716;6.922557832321864;1;1;0;1;0;.6931471805599453;1;0;0;0;0;0;1;3.688879454113936;0;0;0;1;0;3.772760938094638;0;0;0;0;1;0;1;1;0;1;2.535;.1823215567939546
17.58602413209998;4.585854941151899;0;1;0;0;0;3.091042453358316;0;0;1;0;0;0;0;3.784189633918261;1;0;0;0;0;3.737669618283368;1;0;0;1;0;1;0;0;0;0;0;0
17.80877127006129;5.002975676402229;1;0;0;1;0;0;1;0;0;0;0;0;1;3.321432413193293;0;1;0;0;1;3.49650756146648;1;0;0;1;1;0;0;1;0;1;.905;.1670540846631662
17.82143150927222;4.347610822692145;0;1;0;0;0;3.091042453358316;0;0;1;0;0;0;0;3.784189633918261;1;0;0;0;0;3.737669618283368;1;0;0;1;0;1;0;0;0;0;0;0
17.86;2.433242506811989;0;1;0;1;0;2.19722457733622;0;0;0;0;1;1;0;3.856510295497887;0;0;1;1;0;3.597312260588446;1;0;0;1;1;0;0;1;0;1;8.262;3.481240089335692
17.93;4.471321695760599;0;1;0;1;0;2.19722457733622;0;0;0;0;1;0;0;3.856510295497887;0;0;1;1;0;3.597312260588446;1;0;0;1;0;0;1;1;0;1;8.262;3.481240089335692
18.14824930823447;6.355994689398149;0;0;1;0;0;4.442651256490317;1;0;0;0;0;1;0;3.401197381662155;0;0;0;1;1;3.465735902799727;1;0;0;0;0;0;0;0;0;1;1.469;1.386294361119891
18.17542653083615;5.731508186745553;0;1;0;0;0;3.091042453358316;0;0;1;0;0;1;0;3.784189633918261;1;0;0;0;0;3.737669618283368;1;0;0;1;0;1;0;0;0;0;0;0
18.20875684461406;5.792736658483857;0;0;1;0;0;4.442651256490317;1;0;0;0;0;0;0;3.916214210046614;1;0;1;0;1;3.540959324037314;1;0;0;1;0;0;1;1;0;1;4.337;2.484906649788
18.53526835885855;5.884430141110578;0;0;1;0;0;4.442651256490317;1;0;0;0;0;0;0;3.916214210046614;1;0;1;0;1;3.540959324037314;1;0;0;1;0;0;1;0;0;1;4.337;2.484906649788
18.59;5.079234972677596;0;1;0;1;0;2.19722457733622;0;0;0;0;1;0;0;3.856510295497887;0;0;1;1;0;3.597312260588446;1;0;0;1;0;0;1;1;0;1;8.262;3.481240089335692
18.59;5.079234972677596;0;1;0;1;0;2.19722457733622;0;0;0;0;1;0;0;3.856510295497887;0;0;1;1;0;3.597312260588446;1;0;0;1;0;0;1;1;0;1;8.262;3.481240089335692
18.64354948492185;6.370203486974922;1;0;0;1;0;0;1;0;0;0;0;0;1;3.713572066704308;0;0;0;0;1;3.258096538021482;0;1;0;1;1;0;0;0;1;1;1.893;3.088875605273226
18.87169907453762;4.842444777190739;1;0;0;1;1;1.386294361119891;0;1;0;0;0;0;1;2.727002794018897;0;0;0;1;1;3.332204510175204;1;0;0;1;1;1;1;0;1;1;0;0
18.92703882840101;7.787818210639013;0;1;0;0;0;1.6094379124341;0;1;0;0;0;1;0;3.091042453358316;0;0;0;1;1;3.449987545831587;0;0;0;1;1;0;1;0;0;1;2.518;1.658228076603532
18.94;4.932291666666667;0;1;0;1;0;2.19722457733622;0;0;0;0;1;0;0;3.856510295497887;0;0;1;1;0;3.597312260588446;1;0;0;1;1;0;1;1;0;1;8.262;3.481240089335692
19.20375243068785;4.842444777190739;1;0;0;1;1;1.386294361119891;0;1;0;0;0;0;1;2.727002794018897;0;0;0;1;1;3.332204510175204;1;0;0;1;1;1;1;0;1;1;0;0
19.27;5.138666666666666;0;1;0;1;0;2.19722457733622;0;0;0;0;1;0;0;3.856510295497887;0;0;1;1;0;3.597312260588446;1;0;0;1;0;0;1;1;0;1;8.262;3.481240089335692
19.40082784637734;4.800882823001851;1;0;0;1;1;1.386294361119891;0;1;0;0;0;0;1;2.727002794018897;0;0;0;1;1;3.332204510175204;1;0;0;1;1;1;1;0;1;1;0;0
19.51043704324953;4.757039144252976;1;0;0;1;1;1.386294361119891;0;1;0;0;0;0;1;2.727002794018897;0;0;0;1;1;3.332204510175204;1;0;0;1;1;1;1;0;1;1;0;0
19.84018802997577;5.312853698403554;1;0;0;1;1;1.386294361119891;0;1;0;0;0;0;1;2.727002794018897;0;0;0;1;1;3.332204510175204;0;1;0;1;1;1;1;0;1;1;0;0
19.84679107211715;7.386397427356724;0;1;0;0;0;1.6094379124341;0;1;0;0;0;0;0;3.091042453358316;0;0;0;1;1;3.449987545831587;0;0;0;1;1;0;1;0;0;1;2.518;1.658228076603532
20.2377;6.745900000000001;0;0;1;0;0;4.442651256490317;0;0;0;1;0;0;1;3.250374491927572;0;0;0;0;1;3.637586159726386;1;0;0;1;0;1;0;0;0;1;5.589;1.321755839982319
20.49;5.227040816326531;0;1;0;1;0;2.19722457733622;0;0;0;0;1;0;0;3.856510295497887;0;0;1;1;0;3.597312260588446;1;0;0;1;1;0;0;1;0;1;8.262;3.481240089335692
20.74439346231232;15.96262994386299;0;1;0;1;0;1.6094379124341;0;1;0;0;0;0;0;3.091042453358316;0;0;0;1;1;3.449987545831587;0;0;0;1;1;0;1;0;0;1;2.518;1.658228076603532
20.94703255047651;5.783262619616369;1;0;0;1;1;1.386294361119891;0;1;0;0;0;0;1;2.727002794018897;0;0;0;1;1;3.332204510175204;0;1;0;1;1;1;1;0;1;1;0;0
21.03522557735652;10.06906401837346;0;1;0;1;1;1.6094379124341;0;1;0;0;0;0;0;3.091042453358316;0;0;0;1;1;3.449987545831587;0;0;0;1;1;0;1;0;0;1;2.518;1.658228076603532
21.17;4.652747252747253;0;1;0;1;0;2.19722457733622;0;0;0;0;1;0;1;3.856510295497887;0;0;1;1;0;3.597312260588446;1;0;0;1;1;0;0;1;0;1;8.262;3.481240089335692
21.2014;5.7822;0;0;1;0;0;4.442651256490317;0;0;0;1;0;0;1;3.250374491927572;0;0;0;0;1;3.637586159726386;1;0;0;1;0;1;0;0;0;1;5.589;1.321755839982319
21.23128524042245;7.299412203077178;1;0;0;0;0;0;1;0;0;0;0;1;0;3.675642227331916;0;0;0;0;1;3.737669618283368;0;1;0;1;1;0;0;0;1;1;4.744;1.435084525289323
21.6;6.467065868263474;0;0;1;0;0;4.442651256490317;1;0;0;0;0;0;0;4.06285389513073;1;0;1;1;1;3.749504075930371;0;0;0;1;1;1;0;0;0;1;0;1.09861228866811
21.62957871792228;13.53493951973039;0;1;0;0;0;3.749504075930371;1;0;0;0;0;0;1;3.173878458937465;0;0;0;0;1;3.761200115693562;1;0;0;1;0;0;0;0;1;1;0;.2876820724517808
22.05531509322809;14.06723084504608;0;1;0;1;0;1.6094379124341;0;1;0;0;0;0;1;3.091042453358316;0;0;0;1;1;3.449987545831587;0;0;0;1;1;0;1;0;0;1;2.518;1.658228076603532
22.50724682474992;22.29631892210448;1;0;0;0;0;1.386294361119891;1;0;0;0;0;0;0;3.044522437723423;0;0;0;1;1;3.624340932976365;1;0;0;0;0;1;0;1;0;1;6.604;.7884573603642703
22.91;6.142091152815014;0;1;0;1;0;2.19722457733622;0;0;0;0;1;0;0;3.856510295497887;0;0;1;1;0;3.597312260588446;1;0;0;1;1;0;0;0;0;1;8.262;3.481240089335692
24.0925;7.709600000000001;0;0;1;0;0;4.442651256490317;0;0;0;1;0;0;1;3.250374491927572;0;0;0;0;1;3.637586159726386;0;0;0;1;0;1;0;0;0;1;5.589;1.321755839982319
24.63010445865408;12.33941892561058;0;1;0;0;0;4.31748811353631;1;0;0;0;0;0;1;3.286908235260028;0;0;0;0;1;3.737669618283368;1;0;0;1;0;0;0;0;1;1;1.796;.8109302162163288
24.95019167802007;11.27951175617145;0;1;0;1;0;1.6094379124341;0;1;0;0;0;0;0;3.091042453358316;0;0;0;1;1;3.449987545831587;0;0;0;1;1;0;1;0;0;1;2.518;1.658228076603532
25.17600765384734;22.15210297335818;0;1;0;1;0;1.6094379124341;0;1;0;0;0;0;1;3.091042453358316;0;0;0;1;1;3.449987545831587;0;0;0;1;1;0;1;0;0;1;2.518;1.658228076603532
26.13341374064431;12.67169122203266;0;1;0;0;0;4.31748811353631;1;0;0;0;0;0;1;3.286908235260028;0;0;0;0;1;3.761200115693562;1;0;0;1;0;0;0;0;1;1;1.796;.8109302162163288
26.72575080999226;3.464449179073071;1;0;0;0;0;0;1;0;0;0;0;0;1;3.6198508677035;0;0;0;0;1;3.737669618283368;1;0;0;0;0;0;0;0;1;1;4.744;1.435084525289323
27.08424156743163;13.46203370923803;0;1;0;0;0;3.749504075930371;1;0;0;0;0;0;1;3.173878458937465;0;0;0;0;1;3.761200115693562;1;0;0;1;0;0;0;0;1;1;0;.2876820724517808
28.017911277827;5.12071645111308;1;0;0;0;0;0;1;0;0;0;0;0;1;3.321432413193293;0;1;0;0;1;3.49650756146648;1;0;0;1;1;0;0;1;0;1;.905;.1670540846631662
28.17675194867464;15.22355282894409;0;1;0;0;0;3.749504075930371;1;0;0;0;0;0;1;3.173878458937465;0;0;0;0;1;3.737669618283368;1;0;0;1;0;0;0;0;1;1;0;.2876820724517808
28.17675194867464;23.51963998777097;1;0;0;1;0;1.09861228866811;1;0;0;0;0;1;0;3.676300671907076;0;0;0;0;1;3.49650756146648;1;0;0;1;1;1;0;0;0;0;0;1.131402111491101
28.17675194867464;11.183;1;0;0;0;0;2.302585092994046;0;1;0;0;0;0;0;2.014903020542265;0;0;0;1;1;3.332204510175204;0;1;0;1;1;1;0;0;0;1;2;.3364722366212129
28.17675194867464;18.68501708558062;0;1;0;1;0;1.6094379124341;0;1;0;0;0;1;0;3.091042453358316;0;0;0;1;1;3.449987545831587;0;0;0;1;1;0;1;0;0;1;2.518;1.658228076603532
28.17675194867464;13.22789686555172;1;0;0;0;0;0;1;0;0;0;0;0;1;3.6198508677035;0;0;0;0;1;3.737669618283368;0;1;0;1;0;0;0;0;1;1;4.744;1.435084525289323
28.17675194867464;23.51963998777097;1;0;0;0;0;1.386294361119891;1;0;0;0;0;0;0;3.044522437723423;0;0;0;1;1;3.624340932976365;1;0;0;0;0;1;0;1;0;1;6.604;.7884573603642703
28.17675194867464;20.26166370322352;0;1;0;0;0;3.749504075930371;1;0;0;0;0;0;1;3.173878458937465;0;0;0;0;1;3.737669618283368;1;0;0;1;0;0;0;0;1;1;0;.2876820724517808
28.17675194867464;10.82425172011143;0;1;0;1;1;1.6094379124341;0;1;0;0;0;1;0;3.091042453358316;0;0;0;1;1;3.449987545831587;0;0;0;1;1;0;1;0;0;1;2.518;1.658228076603532
28.17675194867464;16.13280903045357;0;1;0;0;0;4.31748811353631;1;0;0;0;0;0;1;3.286908235260028;0;0;0;0;1;3.737669618283368;1;0;0;1;0;0;0;0;1;1;1.796;.8109302162163288
28.17675194867464;12.19733660537416;0;1;0;0;0;1.6094379124341;0;1;0;0;0;1;0;3.091042453358316;0;0;0;1;1;3.449987545831587;0;0;0;1;1;0;1;0;0;1;2.518;1.658228076603532
28.17675194867464;16.0531;1;0;0;0;0;2.302585092994046;0;1;0;0;0;1;0;2.014903020542265;0;0;0;1;1;3.332204510175204;0;1;0;1;1;1;0;0;0;1;2;.3364722366212129
28.17675194867464;21.74772003916261;0;1;0;0;0;4.31748811353631;1;0;0;0;0;0;1;3.286908235260028;0;0;0;0;1;3.761200115693562;1;0;0;1;0;0;0;0;1;1;1.796;.8109302162163288
