idstudy,n,author,elasticity,se,invse,tstat,weight,sqrtweight,inst,cells,lcells,high_cell,annual_freq,all_workers,high_exp,low_exp,high_educ,low_educ,EN,biling,top5_lang,top6_lang,male,female,both,farmers,north_america,immi,DV_log mean wage,annual,monthly,weekly,daily,hourly,national,ols_method2,experiment,time_FE,person_FE,skill_FE,impact_factor,cit_per_year,lcit_per_year,published,topfive,toptwenty,unpublished_old,journal,pub_year,lpub_year,pubyear_minyear,minyear,maxyear,country,idcountry,midyear
1,48,Akbari & Aydede (2013),0.044,0.023,43.47826086956522,1.9130434782608694,0.020833333333333332,0.14433756729740643,0.03125,1024,3.010299956639812,1,1,1,0,0,0,1,1,1,1,1,0,0,1,0,1,0.176,1,1,0,0,0,0,0,1,0,0,1,1,0.128,1.8333333333333333,0.2632414347745814,1,0,0,0,Education Economics,2013,3.3038437748886547,12,2001,2001,Canada,2,2001.0
1,48,Akbari & Aydede (2013),-0.008,0.016,62.5,-0.5,0.020833333333333332,0.14433756729740643,0.03125,1024,3.010299956639812,1,1,1,0,0,0,1,1,1,1,1,0,0,1,0,1,0.176,1,1,0,0,0,0,0,1,0,0,1,1,0.128,1.8333333333333333,0.2632414347745814,1,0,0,0,Education Economics,2013,3.3038437748886547,12,2001,2001,Canada,2,2001.0
1,48,Akbari & Aydede (2013),-0.004,0.028,35.714285714285715,-0.14285714285714285,0.020833333333333332,0.14433756729740643,0.03125,1024,3.010299956639812,1,1,1,0,0,1,0,1,1,1,1,0,0,1,0,1,0.176,1,1,0,0,0,0,0,1,0,0,1,1,0.128,1.8333333333333333,0.2632414347745814,1,0,0,0,Education Economics,2013,3.3038437748886547,12,2001,2001,Canada,2,2001.0
1,48,Akbari & Aydede (2013),-0.115,0.038,26.315789473684212,-3.0263157894736845,0.020833333333333332,0.14433756729740643,0.03125,1024,3.010299956639812,1,1,1,0,0,1,0,1,1,1,1,0,0,1,0,1,0.176,1,1,0,0,0,0,0,1,0,0,1,1,0.128,1.8333333333333333,0.2632414347745814,1,0,0,0,Education Economics,2013,3.3038437748886547,12,2001,2001,Canada,2,2001.0
1,48,Akbari & Aydede (2013),-0.005,0.014,71.42857142857143,-0.35714285714285715,0.020833333333333332,0.14433756729740643,0.03125,1024,3.010299956639812,1,1,1,0,0,0,1,1,1,1,1,0,0,1,0,1,0.176,1,1,0,0,0,0,0,1,0,0,1,1,0.128,1.8333333333333333,0.2632414347745814,1,0,0,0,Education Economics,2013,3.3038437748886547,12,2001,2001,Canada,2,2001.0
1,48,Akbari & Aydede (2013),-0.031,0.009,111.11111111111111,-3.4444444444444446,0.020833333333333332,0.14433756729740643,0.03125,1024,3.010299956639812,1,1,1,0,0,0,1,1,1,1,1,0,0,1,0,1,0.176,1,1,0,0,0,0,0,1,0,0,1,1,0.128,1.8333333333333333,0.2632414347745814,1,0,0,0,Education Economics,2013,3.3038437748886547,12,2001,2001,Canada,2,2001.0
1,48,Akbari & Aydede (2013),-0.05,0.025,40.0,-2.0,0.020833333333333332,0.14433756729740643,0.03125,1024,3.010299956639812,1,1,1,0,0,1,0,1,1,1,1,0,0,1,0,1,0.176,1,1,0,0,0,0,0,1,0,0,1,1,0.128,1.8333333333333333,0.2632414347745814,1,0,0,0,Education Economics,2013,3.3038437748886547,12,2001,2001,Canada,2,2001.0
1,48,Akbari & Aydede (2013),-0.139,0.036,27.77777777777778,-3.8611111111111116,0.020833333333333332,0.14433756729740643,0.03125,1024,3.010299956639812,1,1,1,0,0,1,0,1,1,1,1,0,0,1,0,1,0.176,1,1,0,0,0,0,0,1,0,0,1,1,0.128,1.8333333333333333,0.2632414347745814,1,0,0,0,Education Economics,2013,3.3038437748886547,12,2001,2001,Canada,2,2001.0
1,48,Akbari & Aydede (2013),0.04,0.023,43.47826086956522,1.7391304347826089,0.020833333333333332,0.14433756729740643,0.03125,1024,3.010299956639812,1,1,1,0,0,0,1,1,1,1,1,0,0,1,0,1,0.176,1,0,0,1,0,0,0,1,0,0,1,1,0.128,1.8333333333333333,0.2632414347745814,1,0,0,0,Education Economics,2013,3.3038437748886547,12,2001,2001,Canada,2,2001.0
1,48,Akbari & Aydede (2013),-0.003,0.016,62.5,-0.1875,0.020833333333333332,0.14433756729740643,0.03125,1024,3.010299956639812,1,1,1,0,0,0,1,1,1,1,1,0,0,1,0,1,0.176,1,0,0,1,0,0,0,1,0,0,1,1,0.128,1.8333333333333333,0.2632414347745814,1,0,0,0,Education Economics,2013,3.3038437748886547,12,2001,2001,Canada,2,2001.0
1,48,Akbari & Aydede (2013),0.008,0.026,38.46153846153846,0.3076923076923077,0.020833333333333332,0.14433756729740643,0.03125,1024,3.010299956639812,1,1,1,0,0,1,0,1,1,1,1,0,0,1,0,1,0.176,1,0,0,1,0,0,0,1,0,0,1,1,0.128,1.8333333333333333,0.2632414347745814,1,0,0,0,Education Economics,2013,3.3038437748886547,12,2001,2001,Canada,2,2001.0
1,48,Akbari & Aydede (2013),-0.102,0.036,27.77777777777778,-2.8333333333333335,0.020833333333333332,0.14433756729740643,0.03125,1024,3.010299956639812,1,1,1,0,0,1,0,1,1,1,1,0,0,1,0,1,0.176,1,0,0,1,0,0,0,1,0,0,1,1,0.128,1.8333333333333333,0.2632414347745814,1,0,0,0,Education Economics,2013,3.3038437748886547,12,2001,2001,Canada,2,2001.0
1,48,Akbari & Aydede (2013),-0.012,0.012,83.33333333333333,-1.0,0.020833333333333332,0.14433756729740643,0.03125,1024,3.010299956639812,1,1,1,0,0,0,1,1,1,1,1,0,0,1,0,1,0.176,1,0,0,1,0,0,0,1,0,0,1,1,0.128,1.8333333333333333,0.2632414347745814,1,0,0,0,Education Economics,2013,3.3038437748886547,12,2001,2001,Canada,2,2001.0
1,48,Akbari & Aydede (2013),-0.025,0.008,125.0,-3.125,0.020833333333333332,0.14433756729740643,0.03125,1024,3.010299956639812,1,1,1,0,0,0,1,1,1,1,1,0,0,1,0,1,0.176,1,0,0,1,0,0,0,1,0,0,1,1,0.128,1.8333333333333333,0.2632414347745814,1,0,0,0,Education Economics,2013,3.3038437748886547,12,2001,2001,Canada,2,2001.0
1,48,Akbari & Aydede (2013),-0.043,0.025,40.0,-1.7199999999999998,0.020833333333333332,0.14433756729740643,0.03125,1024,3.010299956639812,1,1,1,0,0,1,0,1,1,1,1,0,0,1,0,1,0.176,1,0,0,1,0,0,0,1,0,0,1,1,0.128,1.8333333333333333,0.2632414347745814,1,0,0,0,Education Economics,2013,3.3038437748886547,12,2001,2001,Canada,2,2001.0
1,48,Akbari & Aydede (2013),-0.127,0.035,28.57142857142857,-3.628571428571428,0.020833333333333332,0.14433756729740643,0.03125,1024,3.010299956639812,1,1,1,0,0,1,0,1,1,1,1,0,0,1,0,1,0.176,1,0,0,1,0,0,0,1,0,0,1,1,0.128,1.8333333333333333,0.2632414347745814,1,0,0,0,Education Economics,2013,3.3038437748886547,12,2001,2001,Canada,2,2001.0
1,48,Akbari & Aydede (2013),0.007,0.024,41.666666666666664,0.2916666666666667,0.020833333333333332,0.14433756729740643,0.03125,1024,3.010299956639812,1,1,1,0,0,0,1,1,1,1,1,0,0,1,0,1,0.176,1,0,0,0,0,1,0,1,0,0,1,1,0.128,1.8333333333333333,0.2632414347745814,1,0,0,0,Education Economics,2013,3.3038437748886547,12,2001,2001,Canada,2,2001.0
1,48,Akbari & Aydede (2013),-0.032,0.002,500.0,-16.0,0.020833333333333332,0.14433756729740643,0.03125,1024,3.010299956639812,1,1,1,0,0,0,1,1,1,1,1,0,0,1,0,1,0.176,1,0,0,0,0,1,0,1,0,0,1,1,0.128,1.8333333333333333,0.2632414347745814,1,0,0,0,Education Economics,2013,3.3038437748886547,12,2001,2001,Canada,2,2001.0
1,48,Akbari & Aydede (2013),-0.075,0.029,34.48275862068965,-2.5862068965517238,0.020833333333333332,0.14433756729740643,0.03125,1024,3.010299956639812,1,1,1,0,0,1,0,1,1,1,1,0,0,1,0,1,0.176,1,0,0,0,0,1,0,1,0,0,1,1,0.128,1.8333333333333333,0.2632414347745814,1,0,0,0,Education Economics,2013,3.3038437748886547,12,2001,2001,Canada,2,2001.0
1,48,Akbari & Aydede (2013),-0.088,0.028,35.714285714285715,-3.142857142857143,0.020833333333333332,0.14433756729740643,0.03125,1024,3.010299956639812,1,1,1,0,0,1,0,1,1,1,1,0,0,1,0,1,0.176,1,0,0,0,0,1,0,1,0,0,1,1,0.128,1.8333333333333333,0.2632414347745814,1,0,0,0,Education Economics,2013,3.3038437748886547,12,2001,2001,Canada,2,2001.0
1,48,Akbari & Aydede (2013),-0.02,0.016,62.5,-1.25,0.020833333333333332,0.14433756729740643,0.03125,1024,3.010299956639812,1,1,1,0,0,0,1,1,1,1,1,0,0,1,0,1,0.176,1,0,0,0,0,1,0,1,0,0,1,1,0.128,1.8333333333333333,0.2632414347745814,1,0,0,0,Education Economics,2013,3.3038437748886547,12,2001,2001,Canada,2,2001.0
1,48,Akbari & Aydede (2013),-0.026,0.008,125.0,-3.25,0.020833333333333332,0.14433756729740643,0.03125,1024,3.010299956639812,1,1,1,0,0,0,1,1,1,1,1,0,0,1,0,1,0.176,1,0,0,0,0,1,0,1,0,0,1,1,0.128,1.8333333333333333,0.2632414347745814,1,0,0,0,Education Economics,2013,3.3038437748886547,12,2001,2001,Canada,2,2001.0
1,48,Akbari & Aydede (2013),-0.053,0.025,40.0,-2.1199999999999997,0.020833333333333332,0.14433756729740643,0.03125,1024,3.010299956639812,1,1,1,0,0,1,0,1,1,1,1,0,0,1,0,1,0.176,1,0,0,0,0,1,0,1,0,0,1,1,0.128,1.8333333333333333,0.2632414347745814,1,0,0,0,Education Economics,2013,3.3038437748886547,12,2001,2001,Canada,2,2001.0
1,48,Akbari & Aydede (2013),-0.113,0.036,27.77777777777778,-3.1388888888888893,0.020833333333333332,0.14433756729740643,0.03125,1024,3.010299956639812,1,1,1,0,0,1,0,1,1,1,1,0,0,1,0,1,0.176,1,0,0,0,0,1,0,1,0,0,1,1,0.128,1.8333333333333333,0.2632414347745814,1,0,0,0,Education Economics,2013,3.3038437748886547,12,2001,2001,Canada,2,2001.0
1,48,Akbari & Aydede (2013),-0.043,0.007,142.85714285714286,-6.142857142857142,0.020833333333333332,0.14433756729740643,0.03125,1024,3.010299956639812,1,1,1,0,0,0,1,1,1,1,1,0,0,1,0,1,0.176,1,1,0,0,0,0,0,0,0,0,1,1,0.128,1.8333333333333333,0.2632414347745814,1,0,0,0,Education Economics,2013,3.3038437748886547,12,2001,2001,Canada,2,2001.0
1,48,Akbari & Aydede (2013),-0.042,0.004,250.0,-10.5,0.020833333333333332,0.14433756729740643,0.03125,1024,3.010299956639812,1,1,1,0,0,0,1,1,1,1,1,0,0,1,0,1,0.176,1,1,0,0,0,0,0,0,0,0,1,1,0.128,1.8333333333333333,0.2632414347745814,1,0,0,0,Education Economics,2013,3.3038437748886547,12,2001,2001,Canada,2,2001.0
1,48,Akbari & Aydede (2013),-0.062,0.274,3.64963503649635,-0.2262773722627737,0.020833333333333332,0.14433756729740643,0.03125,1024,3.010299956639812,1,1,1,0,0,1,0,1,1,1,1,0,0,1,0,1,0.176,1,1,0,0,0,0,0,0,0,0,1,1,0.128,1.8333333333333333,0.2632414347745814,1,0,0,0,Education Economics,2013,3.3038437748886547,12,2001,2001,Canada,2,2001.0
1,48,Akbari & Aydede (2013),-0.134,0.043,23.255813953488374,-3.1162790697674425,0.020833333333333332,0.14433756729740643,0.03125,1024,3.010299956639812,1,1,1,0,0,1,0,1,1,1,1,0,0,1,0,1,0.176,1,1,0,0,0,0,0,0,0,0,1,1,0.128,1.8333333333333333,0.2632414347745814,1,0,0,0,Education Economics,2013,3.3038437748886547,12,2001,2001,Canada,2,2001.0
1,48,Akbari & Aydede (2013),-0.001,0.013,76.92307692307692,-0.07692307692307693,0.020833333333333332,0.14433756729740643,0.03125,1024,3.010299956639812,1,1,1,0,0,0,1,1,1,1,1,0,0,1,0,1,0.176,1,1,0,0,0,0,0,0,0,0,1,1,0.128,1.8333333333333333,0.2632414347745814,1,0,0,0,Education Economics,2013,3.3038437748886547,12,2001,2001,Canada,2,2001.0
1,48,Akbari & Aydede (2013),-0.029,0.008,125.0,-3.625,0.020833333333333332,0.14433756729740643,0.03125,1024,3.010299956639812,1,1,1,0,0,0,1,1,1,1,1,0,0,1,0,1,0.176,1,1,0,0,0,0,0,0,0,0,1,1,0.128,1.8333333333333333,0.2632414347745814,1,0,0,0,Education Economics,2013,3.3038437748886547,12,2001,2001,Canada,2,2001.0
1,48,Akbari & Aydede (2013),-0.046,0.023,43.47826086956522,-2.0,0.020833333333333332,0.14433756729740643,0.03125,1024,3.010299956639812,1,1,1,0,0,1,0,1,1,1,1,0,0,1,0,1,0.176,1,1,0,0,0,0,0,0,0,0,1,1,0.128,1.8333333333333333,0.2632414347745814,1,0,0,0,Education Economics,2013,3.3038437748886547,12,2001,2001,Canada,2,2001.0
1,48,Akbari & Aydede (2013),-0.112,0.032,31.25,-3.5,0.020833333333333332,0.14433756729740643,0.03125,1024,3.010299956639812,1,1,1,0,0,1,0,1,1,1,1,0,0,1,0,1,0.176,1,1,0,0,0,0,0,0,0,0,1,1,0.128,1.8333333333333333,0.2632414347745814,1,0,0,0,Education Economics,2013,3.3038437748886547,12,2001,2001,Canada,2,2001.0
1,48,Akbari & Aydede (2013),-0.045,0.006,166.66666666666666,-7.5,0.020833333333333332,0.14433756729740643,0.03125,1024,3.010299956639812,1,1,1,0,0,0,1,1,1,1,1,0,0,1,0,1,0.176,1,0,0,1,0,0,0,0,0,0,1,1,0.128,1.8333333333333333,0.2632414347745814,1,0,0,0,Education Economics,2013,3.3038437748886547,12,2001,2001,Canada,2,2001.0
1,48,Akbari & Aydede (2013),-0.036,0.004,250.0,-9.0,0.020833333333333332,0.14433756729740643,0.03125,1024,3.010299956639812,1,1,1,0,0,0,1,1,1,1,1,0,0,1,0,1,0.176,1,0,0,1,0,0,0,0,0,0,1,1,0.128,1.8333333333333333,0.2632414347745814,1,0,0,0,Education Economics,2013,3.3038437748886547,12,2001,2001,Canada,2,2001.0
1,48,Akbari & Aydede (2013),-0.057,0.024,41.666666666666664,-2.375,0.020833333333333332,0.14433756729740643,0.03125,1024,3.010299956639812,1,1,1,0,0,1,0,1,1,1,1,0,0,1,0,1,0.176,1,0,0,1,0,0,0,0,0,0,1,1,0.128,1.8333333333333333,0.2632414347745814,1,0,0,0,Education Economics,2013,3.3038437748886547,12,2001,2001,Canada,2,2001.0
1,48,Akbari & Aydede (2013),-0.123,0.041,24.390243902439025,-3.0,0.020833333333333332,0.14433756729740643,0.03125,1024,3.010299956639812,1,1,1,0,0,1,0,1,1,1,1,0,0,1,0,1,0.176,1,0,0,1,0,0,0,0,0,0,1,1,0.128,1.8333333333333333,0.2632414347745814,1,0,0,0,Education Economics,2013,3.3038437748886547,12,2001,2001,Canada,2,2001.0
1,48,Akbari & Aydede (2013),-0.009,0.011,90.90909090909092,-0.8181818181818181,0.020833333333333332,0.14433756729740643,0.03125,1024,3.010299956639812,1,1,1,0,0,0,1,1,1,1,1,0,0,1,0,1,0.176,1,0,0,1,0,0,0,0,0,0,1,1,0.128,1.8333333333333333,0.2632414347745814,1,0,0,0,Education Economics,2013,3.3038437748886547,12,2001,2001,Canada,2,2001.0
1,48,Akbari & Aydede (2013),-0.023,0.007,142.85714285714286,-3.2857142857142856,0.020833333333333332,0.14433756729740643,0.03125,1024,3.010299956639812,1,1,1,0,0,0,1,1,1,1,1,0,0,1,0,1,0.176,1,0,0,1,0,0,0,0,0,0,1,1,0.128,1.8333333333333333,0.2632414347745814,1,0,0,0,Education Economics,2013,3.3038437748886547,12,2001,2001,Canada,2,2001.0
1,48,Akbari & Aydede (2013),-0.039,0.023,43.47826086956522,-1.6956521739130435,0.020833333333333332,0.14433756729740643,0.03125,1024,3.010299956639812,1,1,1,0,0,1,0,1,1,1,1,0,0,1,0,1,0.176,1,0,0,1,0,0,0,0,0,0,1,1,0.128,1.8333333333333333,0.2632414347745814,1,0,0,0,Education Economics,2013,3.3038437748886547,12,2001,2001,Canada,2,2001.0
1,48,Akbari & Aydede (2013),-0.106,0.031,32.25806451612903,-3.4193548387096775,0.020833333333333332,0.14433756729740643,0.03125,1024,3.010299956639812,1,1,1,0,0,1,0,1,1,1,1,0,0,1,0,1,0.176,1,0,0,1,0,0,0,0,0,0,1,1,0.128,1.8333333333333333,0.2632414347745814,1,0,0,0,Education Economics,2013,3.3038437748886547,12,2001,2001,Canada,2,2001.0
1,48,Akbari & Aydede (2013),-0.058,0.005,200.0,-11.6,0.020833333333333332,0.14433756729740643,0.03125,1024,3.010299956639812,1,1,1,0,0,0,1,1,1,1,1,0,0,1,0,1,0.176,1,0,0,0,0,1,0,0,0,0,1,1,0.128,1.8333333333333333,0.2632414347745814,1,0,0,0,Education Economics,2013,3.3038437748886547,12,2001,2001,Canada,2,2001.0
1,48,Akbari & Aydede (2013),-0.039,0.004,250.0,-9.75,0.020833333333333332,0.14433756729740643,0.03125,1024,3.010299956639812,1,1,1,0,0,0,1,1,1,1,1,0,0,1,0,1,0.176,1,0,0,0,0,1,0,0,0,0,1,1,0.128,1.8333333333333333,0.2632414347745814,1,0,0,0,Education Economics,2013,3.3038437748886547,12,2001,2001,Canada,2,2001.0
1,48,Akbari & Aydede (2013),-0.068,0.025,40.0,-2.72,0.020833333333333332,0.14433756729740643,0.03125,1024,3.010299956639812,1,1,1,0,0,1,0,1,1,1,1,0,0,1,0,1,0.176,1,0,0,0,0,1,0,0,0,0,1,1,0.128,1.8333333333333333,0.2632414347745814,1,0,0,0,Education Economics,2013,3.3038437748886547,12,2001,2001,Canada,2,2001.0
1,48,Akbari & Aydede (2013),-0.119,0.037,27.027027027027028,-3.2162162162162162,0.020833333333333332,0.14433756729740643,0.03125,1024,3.010299956639812,1,1,1,0,0,1,0,1,1,1,1,0,0,1,0,1,0.176,1,0,0,0,0,1,0,0,0,0,1,1,0.128,1.8333333333333333,0.2632414347745814,1,0,0,0,Education Economics,2013,3.3038437748886547,12,2001,2001,Canada,2,2001.0
1,48,Akbari & Aydede (2013),-0.021,0.013,76.92307692307692,-1.6153846153846156,0.020833333333333332,0.14433756729740643,0.03125,1024,3.010299956639812,1,1,1,0,0,0,1,1,1,1,1,0,0,1,0,1,0.176,1,0,0,0,0,1,0,0,0,0,1,1,0.128,1.8333333333333333,0.2632414347745814,1,0,0,0,Education Economics,2013,3.3038437748886547,12,2001,2001,Canada,2,2001.0
1,48,Akbari & Aydede (2013),-0.028,0.006,166.66666666666666,-4.666666666666667,0.020833333333333332,0.14433756729740643,0.03125,1024,3.010299956639812,1,1,1,0,0,0,1,1,1,1,1,0,0,1,0,1,0.176,1,0,0,0,0,1,0,0,0,0,1,1,0.128,1.8333333333333333,0.2632414347745814,1,0,0,0,Education Economics,2013,3.3038437748886547,12,2001,2001,Canada,2,2001.0
1,48,Akbari & Aydede (2013),-0.052,0.023,43.47826086956522,-2.260869565217391,0.020833333333333332,0.14433756729740643,0.03125,1024,3.010299956639812,1,1,1,0,0,1,0,1,1,1,1,0,0,1,0,1,0.176,1,0,0,0,0,1,0,0,0,0,1,1,0.128,1.8333333333333333,0.2632414347745814,1,0,0,0,Education Economics,2013,3.3038437748886547,12,2001,2001,Canada,2,2001.0
1,48,Akbari & Aydede (2013),-0.094,0.033,30.3030303030303,-2.848484848484848,0.020833333333333332,0.14433756729740643,0.03125,1024,3.010299956639812,1,1,1,0,0,1,0,1,1,1,1,0,0,1,0,1,0.176,1,0,0,0,0,1,0,0,0,0,1,1,0.128,1.8333333333333333,0.2632414347745814,1,0,0,0,Education Economics,2013,3.3038437748886547,12,2001,2001,Canada,2,2001.0
2,6,Albert & Monras (2022),-0.0355,0.015,66.66666666666667,-2.3666666666666667,0.16666666666666666,0.408248290463863,0.08838834764831843,128,2.1072099696478683,0,0,0,0,0,0,0,1,0,1,1,0,0,1,0,1,0.095,1,0,0,1,0,0,1,1,0,1,0,1,2.884,26.333333333333332,1.420505836570779,1,1,1,0,American Economic Review,2022,3.3057811512549824,42,1980,2011,US,10,1995.5
2,6,Albert & Monras (2022),-0.0199,0.015,66.66666666666667,-1.3266666666666669,0.16666666666666666,0.408248290463863,0.08838834764831843,128,2.1072099696478683,0,0,0,0,0,0,0,1,0,1,1,0,0,1,0,1,0.095,0,0,0,1,0,0,1,1,0,1,0,1,2.884,26.333333333333332,1.420505836570779,1,1,1,0,American Economic Review,2022,3.3057811512549824,42,1980,2011,US,10,1995.5
2,6,Albert & Monras (2022),-0.0308,0.00622,160.77170418006432,-4.951768488745981,0.16666666666666666,0.408248290463863,0.08980265101338746,124,2.093421685162235,0,0,0,0,0,0,0,1,0,1,1,0,0,1,0,1,0.095,0,0,0,1,0,0,0,0,0,1,1,1,2.884,26.333333333333332,1.420505836570779,1,1,1,0,American Economic Review,2022,3.3057811512549824,22,2000,2000,US,10,2000.0
2,6,Albert & Monras (2022),-0.0529,0.00398,251.25628140703517,-13.291457286432161,0.16666666666666666,0.408248290463863,0.012141073279465802,6784,3.8314858392486575,1,0,0,0,0,0,0,1,0,1,1,0,0,1,0,1,0.095,0,0,0,1,0,0,0,0,0,1,1,1,2.884,26.333333333333332,1.420505836570779,1,1,1,0,American Economic Review,2022,3.3057811512549824,42,1980,2011,US,10,1995.5
2,6,Albert & Monras (2022),-0.0135,0.00555,180.18018018018017,-2.4324324324324325,0.16666666666666666,0.408248290463863,0.012141073279465802,6784,3.8314858392486575,1,0,0,0,0,0,0,1,0,1,1,0,0,1,0,1,0.095,0,0,0,1,0,0,0,0,0,1,1,1,2.884,26.333333333333332,1.420505836570779,1,1,1,0,American Economic Review,2022,3.3057811512549824,42,1980,2011,US,10,1995.5
2,6,Albert & Monras (2022),-0.00571,0.00712,140.4494382022472,-0.8019662921348315,0.16666666666666666,0.408248290463863,0.012141073279465802,6784,3.8314858392486575,1,0,0,0,0,0,0,1,0,1,1,0,0,1,0,1,0.095,0,0,0,1,0,0,0,0,0,1,1,1,2.884,26.333333333333332,1.420505836570779,1,1,1,0,American Economic Review,2022,3.3057811512549824,42,1980,2011,US,10,1995.5
3,6,Aydemir and Borjas (2007) ,0.016,0.015,66.66666666666667,1.0666666666666667,0.16666666666666666,0.408248290463863,0.06454972243679027,240,2.380211241711606,1,0,1,0,0,0,0,1,1,1,1,1,0,0,0,1,0.156,0,1,0,0,0,0,1,1,0,1,0,1,2.167,23.27777777777778,1.3669415178629893,1,0,1,0,Journal of the European Economic Association ,2007,3.3025473724874854,36,1971,2001,Canada,2,1986.0
3,6,Aydemir and Borjas (2007) ,0.005,0.013,76.92307692307692,0.38461538461538464,0.16666666666666666,0.408248290463863,0.07071067811865475,200,2.3010299956639813,1,0,1,0,0,0,0,1,0,1,1,1,0,0,0,1,0.111,0,1,0,0,0,0,1,1,0,1,0,1,2.167,23.27777777777778,1.3669415178629893,1,0,1,0,Journal of the European Economic Association ,2007,3.3025473724874854,47,1960,2000,US,10,1980.0
3,6,Aydemir and Borjas (2007) ,-0.03,0.017,58.8235294117647,-1.764705882352941,0.16666666666666666,0.408248290463863,0.06454972243679027,240,2.380211241711606,1,0,1,0,0,0,0,1,1,1,1,1,0,0,0,1,0.156,0,1,0,0,0,0,1,1,0,0,0,0,2.167,23.27777777777778,1.3669415178629893,1,0,1,0,Journal of the European Economic Association ,2007,3.3025473724874854,36,1971,2001,Canada,2,1986.0
3,6,Aydemir and Borjas (2007) ,-0.003,0.006,166.66666666666666,-0.5,0.16666666666666666,0.408248290463863,0.07071067811865475,200,2.3010299956639813,1,0,1,0,0,0,0,1,0,1,1,1,0,0,0,1,0.111,0,1,0,0,0,0,1,1,0,0,0,0,2.167,23.27777777777778,1.3669415178629893,1,0,1,0,Journal of the European Economic Association ,2007,3.3025473724874854,47,1960,2000,US,10,1980.0
3,6,Aydemir and Borjas (2007) ,0.02,0.035,28.57142857142857,0.5714285714285714,0.16666666666666666,0.408248290463863,0.06454972243679027,240,2.380211241711606,1,0,1,0,0,0,0,1,1,1,1,1,0,0,0,1,0.156,0,1,0,0,0,0,1,1,0,1,0,1,2.167,23.27777777777778,1.3669415178629893,1,0,1,0,Journal of the European Economic Association ,2007,3.3025473724874854,36,1971,2001,Canada,2,1986.0
3,6,Aydemir and Borjas (2007) ,0.024,0.032,31.25,0.75,0.16666666666666666,0.408248290463863,0.07071067811865475,200,2.3010299956639813,1,0,1,0,0,0,0,1,0,1,1,1,0,0,0,1,0.111,0,1,0,0,0,0,1,1,0,1,0,1,2.167,23.27777777777778,1.3669415178629893,1,0,1,0,Journal of the European Economic Association ,2007,3.3025473724874854,47,1960,2000,US,10,1980.0
4,20,Boateng (2019),-0.072,0.011,90.90909090909092,-6.545454545454545,0.05,0.22360679774997896,0.07216878364870323,192,2.2833012287035497,0,0,0,0,0,0,0,1,0,1,1,1,0,0,0,1,0.0705,0,0,0,1,0,0,1,1,0,1,0,1,0.0,0.0,0.0,0,0,0,0,PhD Thesis,2019,3.305136318943639,59,1960,2010,US,10,1985.0
4,20,Boateng (2019),-0.072,0.012,83.33333333333333,-5.999999999999999,0.05,0.22360679774997896,0.07216878364870323,192,2.2833012287035497,0,0,0,0,0,0,0,1,0,1,1,1,0,0,0,1,0.0705,0,0,0,1,0,0,1,1,0,1,0,1,0.0,0.0,0.0,0,0,0,0,PhD Thesis,2019,3.305136318943639,59,1960,2010,US,10,1985.0
4,20,Boateng (2019),-0.057,0.008,125.0,-7.125,0.05,0.22360679774997896,0.07216878364870323,192,2.2833012287035497,0,0,0,0,0,0,0,1,0,1,1,1,0,0,0,1,0.0705,0,0,0,1,0,0,1,1,0,0,0,0,0.0,0.0,0.0,0,0,0,0,PhD Thesis,2019,3.305136318943639,59,1960,2010,US,10,1985.0
4,20,Boateng (2019),-0.107,0.041,24.390243902439025,-2.6097560975609753,0.05,0.22360679774997896,0.07216878364870323,192,2.2833012287035497,0,0,0,0,0,0,0,1,0,1,1,1,0,0,0,1,0.0705,0,0,0,1,0,0,1,1,0,1,0,1,0.0,0.0,0.0,0,0,0,0,PhD Thesis,2019,3.305136318943639,59,1960,2010,US,10,1985.0
4,20,Boateng (2019),-0.069,0.017,58.8235294117647,-4.0588235294117645,0.05,0.22360679774997896,0.07216878364870323,192,2.2833012287035497,0,0,0,0,0,0,0,1,0,1,1,0,1,0,0,1,0.0705,0,0,0,1,0,0,1,1,0,1,0,1,0.0,0.0,0.0,0,0,0,0,PhD Thesis,2019,3.305136318943639,59,1960,2010,US,10,1985.0
4,20,Boateng (2019),-0.067,0.021,47.61904761904761,-3.1904761904761907,0.05,0.22360679774997896,0.07216878364870323,192,2.2833012287035497,0,0,0,0,0,0,0,1,0,1,1,0,1,0,0,1,0.0705,0,0,0,1,0,0,1,1,0,1,0,1,0.0,0.0,0.0,0,0,0,0,PhD Thesis,2019,3.305136318943639,59,1960,2010,US,10,1985.0
4,20,Boateng (2019),-0.061,0.023,43.47826086956522,-2.652173913043478,0.05,0.22360679774997896,0.07216878364870323,192,2.2833012287035497,0,0,0,0,0,0,0,1,0,1,1,0,1,0,0,1,0.0705,0,0,0,1,0,0,1,1,0,0,0,0,0.0,0.0,0.0,0,0,0,0,PhD Thesis,2019,3.305136318943639,59,1960,2010,US,10,1985.0
4,20,Boateng (2019),-0.048,0.03,33.333333333333336,-1.6,0.05,0.22360679774997896,0.07216878364870323,192,2.2833012287035497,0,0,0,0,0,0,0,1,0,1,1,0,1,0,0,1,0.0705,0,0,0,1,0,0,1,1,0,1,0,1,0.0,0.0,0.0,0,0,0,0,PhD Thesis,2019,3.305136318943639,59,1960,2010,US,10,1985.0
4,20,Boateng (2019),-0.069,0.011,90.90909090909092,-6.272727272727273,0.05,0.22360679774997896,0.07216878364870323,192,2.2833012287035497,0,0,0,0,0,0,0,1,0,1,1,1,0,0,0,1,0.0705,0,0,0,1,0,0,1,0,0,1,0,1,0.0,0.0,0.0,0,0,0,0,PhD Thesis,2019,3.305136318943639,59,1960,2010,US,10,1985.0
4,20,Boateng (2019),-0.068,0.013,76.92307692307692,-5.230769230769232,0.05,0.22360679774997896,0.07216878364870323,192,2.2833012287035497,0,0,0,0,0,0,0,1,0,1,1,1,0,0,0,1,0.0705,0,0,0,1,0,0,1,0,0,1,0,1,0.0,0.0,0.0,0,0,0,0,PhD Thesis,2019,3.305136318943639,59,1960,2010,US,10,1985.0
4,20,Boateng (2019),-0.056,0.008,125.0,-7.0,0.05,0.22360679774997896,0.07216878364870323,192,2.2833012287035497,0,0,0,0,0,0,0,1,0,1,1,1,0,0,0,1,0.0705,0,0,0,1,0,0,1,0,0,0,0,0,0.0,0.0,0.0,0,0,0,0,PhD Thesis,2019,3.305136318943639,59,1960,2010,US,10,1985.0
4,20,Boateng (2019),-0.111,0.043,23.255813953488374,-2.5813953488372094,0.05,0.22360679774997896,0.07216878364870323,192,2.2833012287035497,0,0,0,0,0,0,0,1,0,1,1,1,0,0,0,1,0.0705,0,0,0,1,0,0,1,0,0,1,0,1,0.0,0.0,0.0,0,0,0,0,PhD Thesis,2019,3.305136318943639,59,1960,2010,US,10,1985.0
4,20,Boateng (2019),-0.067,0.017,58.8235294117647,-3.941176470588235,0.05,0.22360679774997896,0.07216878364870323,192,2.2833012287035497,0,0,0,0,0,0,0,1,0,1,1,0,1,0,0,1,0.0705,0,0,0,1,0,0,1,0,0,1,0,1,0.0,0.0,0.0,0,0,0,0,PhD Thesis,2019,3.305136318943639,59,1960,2010,US,10,1985.0
4,20,Boateng (2019),-0.064,0.021,47.61904761904761,-3.0476190476190474,0.05,0.22360679774997896,0.07216878364870323,192,2.2833012287035497,0,0,0,0,0,0,0,1,0,1,1,0,1,0,0,1,0.0705,0,0,0,1,0,0,1,0,0,1,0,1,0.0,0.0,0.0,0,0,0,0,PhD Thesis,2019,3.305136318943639,59,1960,2010,US,10,1985.0
4,20,Boateng (2019),-0.044,0.021,47.61904761904761,-2.095238095238095,0.05,0.22360679774997896,0.07216878364870323,192,2.2833012287035497,0,0,0,0,0,0,0,1,0,1,1,0,1,0,0,1,0.0705,0,0,0,1,0,0,1,0,0,0,0,0,0.0,0.0,0.0,0,0,0,0,PhD Thesis,2019,3.305136318943639,59,1960,2010,US,10,1985.0
4,20,Boateng (2019),-0.047,0.031,32.25806451612903,-1.5161290322580645,0.05,0.22360679774997896,0.07216878364870323,192,2.2833012287035497,0,0,0,0,0,0,0,1,0,1,1,0,1,0,0,1,0.0705,0,0,0,1,0,0,1,0,0,1,0,1,0.0,0.0,0.0,0,0,0,0,PhD Thesis,2019,3.305136318943639,59,1960,2010,US,10,1985.0
4,20,Boateng (2019),-0.085,0.012,83.33333333333333,-7.083333333333334,0.05,0.22360679774997896,0.07216878364870323,192,2.2833012287035497,0,0,0,0,0,0,0,1,0,1,1,0,1,0,0,1,0.0705,0,0,0,1,0,0,1,1,0,1,0,1,0.0,0.0,0.0,0,0,0,0,PhD Thesis,2019,3.305136318943639,59,1960,2010,US,10,1985.0
4,20,Boateng (2019),-0.08,0.013,76.92307692307692,-6.153846153846154,0.05,0.22360679774997896,0.07216878364870323,192,2.2833012287035497,0,0,0,0,0,0,0,1,0,1,1,0,1,0,0,1,0.0705,0,0,0,1,0,0,1,1,0,1,0,1,0.0,0.0,0.0,0,0,0,0,PhD Thesis,2019,3.305136318943639,59,1960,2010,US,10,1985.0
4,20,Boateng (2019),-0.06,0.009,111.11111111111111,-6.666666666666667,0.05,0.22360679774997896,0.07216878364870323,192,2.2833012287035497,0,0,0,0,0,0,0,1,0,1,1,0,1,0,0,1,0.0705,0,0,0,1,0,0,1,1,0,0,0,0,0.0,0.0,0.0,0,0,0,0,PhD Thesis,2019,3.305136318943639,59,1960,2010,US,10,1985.0
4,20,Boateng (2019),-0.098,0.022,45.45454545454546,-4.454545454545455,0.05,0.22360679774997896,0.07216878364870323,192,2.2833012287035497,0,0,0,0,0,0,0,1,0,1,1,0,1,0,0,1,0.0705,0,0,0,1,0,0,1,1,0,1,0,1,0.0,0.0,0.0,0,0,0,0,PhD Thesis,2019,3.305136318943639,59,1960,2010,US,10,1985.0
5,66,Borjas et al. (2008),-0.067,0.034,29.41176470588235,-1.9705882352941175,0.015151515151515152,0.12309149097933274,0.07216878364870323,192,2.2833012287035497,0,0,1,0,0,0,0,1,0,1,1,1,0,0,0,1,0.062,1,0,0,1,0,0,1,1,0,1,0,1,0.0,21.647058823529413,1.3353988972952437,0,0,0,1,NBER WP,2008,3.3027637084729817,48,1960,2004,US,10,1982.0
5,66,Borjas et al. (2008),-0.026,0.071,14.084507042253522,-0.36619718309859156,0.015151515151515152,0.12309149097933274,0.07216878364870323,192,2.2833012287035497,0,0,1,0,0,0,0,1,0,1,1,1,0,0,0,1,0.062,1,0,0,1,0,0,1,1,0,1,0,1,0.0,21.647058823529413,1.3353988972952437,0,0,0,1,NBER WP,2008,3.3027637084729817,48,1960,2004,US,10,1982.0
5,66,Borjas et al. (2008),-0.065,0.085,11.76470588235294,-0.7647058823529411,0.015151515151515152,0.12309149097933274,0.07216878364870323,192,2.2833012287035497,0,0,1,0,0,0,0,1,0,1,1,1,0,0,0,1,0.062,1,0,0,1,0,0,1,1,0,1,0,1,0.0,21.647058823529413,1.3353988972952437,0,0,0,1,NBER WP,2008,3.3027637084729817,48,1960,2004,US,10,1982.0
5,66,Borjas et al. (2008),0.019,0.022,45.45454545454546,0.8636363636363636,0.015151515151515152,0.12309149097933274,0.07216878364870323,192,2.2833012287035497,0,0,0,0,0,0,0,1,0,1,1,1,0,0,0,1,0.062,1,0,0,1,0,0,1,1,0,1,0,1,0.0,21.647058823529413,1.3353988972952437,0,0,0,1,NBER WP,2008,3.3027637084729817,48,1960,2004,US,10,1982.0
5,66,Borjas et al. (2008),0.019,0.021,47.61904761904761,0.9047619047619047,0.015151515151515152,0.12309149097933274,0.07216878364870323,192,2.2833012287035497,0,0,0,0,0,0,0,1,0,1,1,1,0,0,0,1,0.062,1,0,0,1,0,0,1,1,0,1,0,1,0.0,21.647058823529413,1.3353988972952437,0,0,0,1,NBER WP,2008,3.3027637084729817,48,1960,2004,US,10,1982.0
5,66,Borjas et al. (2008),-0.033,0.028,35.714285714285715,-1.1785714285714286,0.015151515151515152,0.12309149097933274,0.07216878364870323,192,2.2833012287035497,0,0,1,0,0,0,0,1,0,1,1,1,0,0,0,1,0.062,1,0,0,1,0,0,1,1,0,1,0,1,0.0,21.647058823529413,1.3353988972952437,0,0,0,1,NBER WP,2008,3.3027637084729817,48,1960,2004,US,10,1982.0
5,66,Borjas et al. (2008),0.008,0.021,47.61904761904761,0.38095238095238093,0.015151515151515152,0.12309149097933274,0.07216878364870323,192,2.2833012287035497,0,0,1,0,0,0,0,1,0,1,1,1,0,0,0,1,0.062,1,0,0,1,0,0,1,1,0,1,0,1,0.0,21.647058823529413,1.3353988972952437,0,0,0,1,NBER WP,2008,3.3027637084729817,48,1960,2004,US,10,1982.0
5,66,Borjas et al. (2008),-0.169,0.048,20.833333333333332,-3.5208333333333335,0.015151515151515152,0.12309149097933274,0.07216878364870323,192,2.2833012287035497,0,0,1,0,0,0,0,1,0,1,1,1,0,0,0,1,0.062,1,1,0,0,0,0,1,1,0,1,0,1,0.0,21.647058823529413,1.3353988972952437,0,0,0,1,NBER WP,2008,3.3027637084729817,48,1960,2004,US,10,1982.0
5,66,Borjas et al. (2008),-0.041,0.03,33.333333333333336,-1.3666666666666667,0.015151515151515152,0.12309149097933274,0.07216878364870323,192,2.2833012287035497,0,0,1,0,0,0,0,1,0,1,1,1,0,0,0,1,0.062,1,1,0,0,0,0,1,1,0,1,0,1,0.0,21.647058823529413,1.3353988972952437,0,0,0,1,NBER WP,2008,3.3027637084729817,48,1960,2004,US,10,1982.0
5,66,Borjas et al. (2008),-0.048,0.029,34.48275862068965,-1.6551724137931034,0.015151515151515152,0.12309149097933274,0.07216878364870323,192,2.2833012287035497,0,0,1,0,0,0,0,1,0,1,1,1,0,0,0,1,0.062,1,1,0,0,0,0,1,1,0,1,0,1,0.0,21.647058823529413,1.3353988972952437,0,0,0,1,NBER WP,2008,3.3027637084729817,48,1960,2004,US,10,1982.0
5,66,Borjas et al. (2008),0.017,0.022,45.45454545454546,0.7727272727272728,0.015151515151515152,0.12309149097933274,0.07216878364870323,192,2.2833012287035497,0,0,0,0,0,0,0,1,0,1,1,1,0,0,0,1,0.062,1,1,0,0,0,0,1,1,0,1,0,1,0.0,21.647058823529413,1.3353988972952437,0,0,0,1,NBER WP,2008,3.3027637084729817,48,1960,2004,US,10,1982.0
5,66,Borjas et al. (2008),0.016,0.021,47.61904761904761,0.7619047619047619,0.015151515151515152,0.12309149097933274,0.07216878364870323,192,2.2833012287035497,0,0,0,0,0,0,0,1,0,1,1,1,0,0,0,1,0.062,1,1,0,0,0,0,1,1,0,1,0,1,0.0,21.647058823529413,1.3353988972952437,0,0,0,1,NBER WP,2008,3.3027637084729817,48,1960,2004,US,10,1982.0
5,66,Borjas et al. (2008),-0.059,0.039,25.641025641025642,-1.5128205128205128,0.015151515151515152,0.12309149097933274,0.07216878364870323,192,2.2833012287035497,0,0,1,0,0,0,0,1,0,1,1,1,0,0,0,1,0.062,1,1,0,0,0,0,1,1,0,1,0,1,0.0,21.647058823529413,1.3353988972952437,0,0,0,1,NBER WP,2008,3.3027637084729817,48,1960,2004,US,10,1982.0
5,66,Borjas et al. (2008),-0.005,0.021,47.61904761904761,-0.23809523809523808,0.015151515151515152,0.12309149097933274,0.07216878364870323,192,2.2833012287035497,0,0,1,0,0,0,0,1,0,1,1,1,0,0,0,1,0.062,1,1,0,0,0,0,1,1,0,1,0,1,0.0,21.647058823529413,1.3353988972952437,0,0,0,1,NBER WP,2008,3.3027637084729817,48,1960,2004,US,10,1982.0
5,66,Borjas et al. (2008),-0.129,0.019,52.631578947368425,-6.7894736842105265,0.015151515151515152,0.12309149097933274,0.07216878364870323,192,2.2833012287035497,0,0,1,0,0,0,0,1,0,1,1,0,1,0,0,1,0.062,1,0,0,1,0,0,1,1,0,1,0,1,0.0,21.647058823529413,1.3353988972952437,0,0,0,1,NBER WP,2008,3.3027637084729817,48,1960,2004,US,10,1982.0
5,66,Borjas et al. (2008),-0.079,0.025,40.0,-3.1599999999999997,0.015151515151515152,0.12309149097933274,0.07216878364870323,192,2.2833012287035497,0,0,1,0,0,0,0,1,0,1,1,0,1,0,0,1,0.062,1,0,0,1,0,0,1,1,0,1,0,1,0.0,21.647058823529413,1.3353988972952437,0,0,0,1,NBER WP,2008,3.3027637084729817,48,1960,2004,US,10,1982.0
5,66,Borjas et al. (2008),-0.077,0.03,33.333333333333336,-2.566666666666667,0.015151515151515152,0.12309149097933274,0.07216878364870323,192,2.2833012287035497,0,0,1,0,0,0,0,1,0,1,1,0,1,0,0,1,0.062,1,0,0,1,0,0,1,1,0,1,0,1,0.0,21.647058823529413,1.3353988972952437,0,0,0,1,NBER WP,2008,3.3027637084729817,48,1960,2004,US,10,1982.0
5,66,Borjas et al. (2008),-0.02,0.012,83.33333333333333,-1.6666666666666667,0.015151515151515152,0.12309149097933274,0.07216878364870323,192,2.2833012287035497,0,0,0,0,0,0,0,1,0,1,1,0,1,0,0,1,0.062,1,0,0,1,0,0,1,1,0,1,0,1,0.0,21.647058823529413,1.3353988972952437,0,0,0,1,NBER WP,2008,3.3027637084729817,48,1960,2004,US,10,1982.0
5,66,Borjas et al. (2008),-0.019,0.011,90.90909090909092,-1.7272727272727273,0.015151515151515152,0.12309149097933274,0.07216878364870323,192,2.2833012287035497,0,0,0,0,0,0,0,1,0,1,1,0,1,0,0,1,0.062,1,0,0,1,0,0,1,1,0,1,0,1,0.0,21.647058823529413,1.3353988972952437,0,0,0,1,NBER WP,2008,3.3027637084729817,48,1960,2004,US,10,1982.0
5,66,Borjas et al. (2008),-0.061,0.017,58.8235294117647,-3.5882352941176467,0.015151515151515152,0.12309149097933274,0.07216878364870323,192,2.2833012287035497,0,0,1,0,0,0,0,1,0,1,1,0,1,0,0,1,0.062,1,0,0,1,0,0,1,1,0,1,0,1,0.0,21.647058823529413,1.3353988972952437,0,0,0,1,NBER WP,2008,3.3027637084729817,48,1960,2004,US,10,1982.0
5,66,Borjas et al. (2008),-0.026,0.011,90.90909090909092,-2.3636363636363638,0.015151515151515152,0.12309149097933274,0.07216878364870323,192,2.2833012287035497,0,0,1,0,0,0,0,1,0,1,1,0,1,0,0,1,0.062,1,0,0,1,0,0,1,1,0,1,0,1,0.0,21.647058823529413,1.3353988972952437,0,0,0,1,NBER WP,2008,3.3027637084729817,48,1960,2004,US,10,1982.0
5,66,Borjas et al. (2008),-0.073,0.012,83.33333333333333,-6.083333333333333,0.015151515151515152,0.12309149097933274,0.07216878364870323,192,2.2833012287035497,0,0,1,0,0,0,0,1,0,1,1,0,1,0,0,1,0.062,1,1,0,0,0,0,1,1,0,1,0,1,0.0,21.647058823529413,1.3353988972952437,0,0,0,1,NBER WP,2008,3.3027637084729817,48,1960,2004,US,10,1982.0
5,66,Borjas et al. (2008),-0.041,0.011,90.90909090909092,-3.7272727272727275,0.015151515151515152,0.12309149097933274,0.07216878364870323,192,2.2833012287035497,0,0,1,0,0,0,0,1,0,1,1,0,1,0,0,1,0.062,1,1,0,0,0,0,1,1,0,1,0,1,0.0,21.647058823529413,1.3353988972952437,0,0,0,1,NBER WP,2008,3.3027637084729817,48,1960,2004,US,10,1982.0
5,66,Borjas et al. (2008),-0.024,0.012,83.33333333333333,-2.0,0.015151515151515152,0.12309149097933274,0.07216878364870323,192,2.2833012287035497,0,0,1,0,0,0,0,1,0,1,1,0,1,0,0,1,0.062,1,1,0,0,0,0,1,1,0,1,0,1,0.0,21.647058823529413,1.3353988972952437,0,0,0,1,NBER WP,2008,3.3027637084729817,48,1960,2004,US,10,1982.0
5,66,Borjas et al. (2008),-0.015,0.012,83.33333333333333,-1.25,0.015151515151515152,0.12309149097933274,0.07216878364870323,192,2.2833012287035497,0,0,0,0,0,0,0,1,0,1,1,0,1,0,0,1,0.062,1,1,0,0,0,0,1,1,0,1,0,1,0.0,21.647058823529413,1.3353988972952437,0,0,0,1,NBER WP,2008,3.3027637084729817,48,1960,2004,US,10,1982.0
5,66,Borjas et al. (2008),-0.015,0.011,90.90909090909092,-1.3636363636363638,0.015151515151515152,0.12309149097933274,0.07216878364870323,192,2.2833012287035497,0,0,0,0,0,0,0,1,0,1,1,0,1,0,0,1,0.062,1,1,0,0,0,0,1,1,0,1,0,1,0.0,21.647058823529413,1.3353988972952437,0,0,0,1,NBER WP,2008,3.3027637084729817,48,1960,2004,US,10,1982.0
5,66,Borjas et al. (2008),-0.05,0.015,66.66666666666667,-3.3333333333333335,0.015151515151515152,0.12309149097933274,0.07216878364870323,192,2.2833012287035497,0,0,1,0,0,0,0,1,0,1,1,0,1,0,0,1,0.062,1,1,0,0,0,0,1,1,0,1,0,1,0.0,21.647058823529413,1.3353988972952437,0,0,0,1,NBER WP,2008,3.3027637084729817,48,1960,2004,US,10,1982.0
5,66,Borjas et al. (2008),-0.016,0.012,83.33333333333333,-1.3333333333333333,0.015151515151515152,0.12309149097933274,0.07216878364870323,192,2.2833012287035497,0,0,1,0,0,0,0,1,0,1,1,0,1,0,0,1,0.062,1,1,0,0,0,0,1,1,0,1,0,1,0.0,21.647058823529413,1.3353988972952437,0,0,0,1,NBER WP,2008,3.3027637084729817,48,1960,2004,US,10,1982.0
5,66,Borjas et al. (2008),-0.103,0.03,33.333333333333336,-3.433333333333333,0.015151515151515152,0.12309149097933274,0.07216878364870323,192,2.2833012287035497,0,0,1,0,0,0,0,1,0,1,1,0,0,1,0,1,0.062,1,0,0,1,0,0,1,1,0,1,0,1,0.0,21.647058823529413,1.3353988972952437,0,0,0,1,NBER WP,2008,3.3027637084729817,48,1960,2004,US,10,1982.0
5,66,Borjas et al. (2008),-0.064,0.062,16.129032258064516,-1.032258064516129,0.015151515151515152,0.12309149097933274,0.07216878364870323,192,2.2833012287035497,0,0,1,0,0,0,0,1,0,1,1,0,0,1,0,1,0.062,1,0,0,1,0,0,1,1,0,1,0,1,0.0,21.647058823529413,1.3353988972952437,0,0,0,1,NBER WP,2008,3.3027637084729817,48,1960,2004,US,10,1982.0
5,66,Borjas et al. (2008),-0.088,0.075,13.333333333333334,-1.1733333333333333,0.015151515151515152,0.12309149097933274,0.07216878364870323,192,2.2833012287035497,0,0,1,0,0,0,0,1,0,1,1,0,0,1,0,1,0.062,1,0,0,1,0,0,1,1,0,1,0,1,0.0,21.647058823529413,1.3353988972952437,0,0,0,1,NBER WP,2008,3.3027637084729817,48,1960,2004,US,10,1982.0
5,66,Borjas et al. (2008),-0.007,0.019,52.631578947368425,-0.368421052631579,0.015151515151515152,0.12309149097933274,0.07216878364870323,192,2.2833012287035497,0,0,0,0,0,0,0,1,0,1,1,0,0,1,0,1,0.062,1,0,0,1,0,0,1,1,0,1,0,1,0.0,21.647058823529413,1.3353988972952437,0,0,0,1,NBER WP,2008,3.3027637084729817,48,1960,2004,US,10,1982.0
5,66,Borjas et al. (2008),-0.0003,0.017,58.8235294117647,-0.017647058823529408,0.015151515151515152,0.12309149097933274,0.07216878364870323,192,2.2833012287035497,0,0,0,0,0,0,0,1,0,1,1,0,0,1,0,1,0.062,1,0,0,1,0,0,1,1,0,1,0,1,0.0,21.647058823529413,1.3353988972952437,0,0,0,1,NBER WP,2008,3.3027637084729817,48,1960,2004,US,10,1982.0
5,66,Borjas et al. (2008),-0.065,0.028,35.714285714285715,-2.3214285714285716,0.015151515151515152,0.12309149097933274,0.07216878364870323,192,2.2833012287035497,0,0,1,0,0,0,0,1,0,1,1,0,0,1,0,1,0.062,1,0,0,1,0,0,1,1,0,1,0,1,0.0,21.647058823529413,1.3353988972952437,0,0,0,1,NBER WP,2008,3.3027637084729817,48,1960,2004,US,10,1982.0
5,66,Borjas et al. (2008),-0.014,0.018,55.55555555555556,-0.7777777777777779,0.015151515151515152,0.12309149097933274,0.07216878364870323,192,2.2833012287035497,0,0,1,0,0,0,0,1,0,1,1,0,0,1,0,1,0.062,1,0,0,1,0,0,1,1,0,1,0,1,0.0,21.647058823529413,1.3353988972952437,0,0,0,1,NBER WP,2008,3.3027637084729817,48,1960,2004,US,10,1982.0
5,66,Borjas et al. (2008),-0.173,0.036,27.77777777777778,-4.805555555555555,0.015151515151515152,0.12309149097933274,0.07216878364870323,192,2.2833012287035497,0,0,1,0,0,0,0,1,0,1,1,0,0,1,0,1,0.062,1,1,0,0,0,0,1,1,0,1,0,1,0.0,21.647058823529413,1.3353988972952437,0,0,0,1,NBER WP,2008,3.3027637084729817,48,1960,2004,US,10,1982.0
5,66,Borjas et al. (2008),-0.077,0.026,38.46153846153846,-2.9615384615384617,0.015151515151515152,0.12309149097933274,0.07216878364870323,192,2.2833012287035497,0,0,1,0,0,0,0,1,0,1,1,0,0,1,0,1,0.062,1,1,0,0,0,0,1,1,0,1,0,1,0.0,21.647058823529413,1.3353988972952437,0,0,0,1,NBER WP,2008,3.3027637084729817,48,1960,2004,US,10,1982.0
5,66,Borjas et al. (2008),-0.071,0.025,40.0,-2.8399999999999994,0.015151515151515152,0.12309149097933274,0.07216878364870323,192,2.2833012287035497,0,0,1,0,0,0,0,1,0,1,1,0,0,1,0,1,0.062,1,1,0,0,0,0,1,1,0,1,0,1,0.0,21.647058823529413,1.3353988972952437,0,0,0,1,NBER WP,2008,3.3027637084729817,48,1960,2004,US,10,1982.0
5,66,Borjas et al. (2008),-0.009,0.019,52.631578947368425,-0.47368421052631576,0.015151515151515152,0.12309149097933274,0.07216878364870323,192,2.2833012287035497,0,0,0,0,0,0,0,1,0,1,1,0,0,1,0,1,0.062,1,1,0,0,0,0,1,1,0,1,0,1,0.0,21.647058823529413,1.3353988972952437,0,0,0,1,NBER WP,2008,3.3027637084729817,48,1960,2004,US,10,1982.0
5,66,Borjas et al. (2008),-0.003,0.017,58.8235294117647,-0.1764705882352941,0.015151515151515152,0.12309149097933274,0.07216878364870323,192,2.2833012287035497,0,0,0,0,0,0,0,1,0,1,1,0,0,1,0,1,0.062,1,1,0,0,0,0,1,1,0,1,0,1,0.0,21.647058823529413,1.3353988972952437,0,0,0,1,NBER WP,2008,3.3027637084729817,48,1960,2004,US,10,1982.0
5,66,Borjas et al. (2008),-0.092,0.039,25.641025641025642,-2.358974358974359,0.015151515151515152,0.12309149097933274,0.07216878364870323,192,2.2833012287035497,0,0,1,0,0,0,0,1,0,1,1,0,0,1,0,1,0.062,1,1,0,0,0,0,1,1,0,1,0,1,0.0,21.647058823529413,1.3353988972952437,0,0,0,1,NBER WP,2008,3.3027637084729817,48,1960,2004,US,10,1982.0
5,66,Borjas et al. (2008),-0.03,0.018,55.55555555555556,-1.6666666666666667,0.015151515151515152,0.12309149097933274,0.07216878364870323,192,2.2833012287035497,0,0,1,0,0,0,0,1,0,1,1,0,0,1,0,1,0.062,1,1,0,0,0,0,1,1,0,1,0,1,0.0,21.647058823529413,1.3353988972952437,0,0,0,1,NBER WP,2008,3.3027637084729817,48,1960,2004,US,10,1982.0
5,66,Borjas et al. (2008),0.044,0.029,34.48275862068965,1.5172413793103448,0.015151515151515152,0.12309149097933274,0.07216878364870323,192,2.2833012287035497,0,0,0,0,0,0,0,1,0,1,1,1,0,0,0,1,0.062,1,0,0,1,0,0,1,1,0,1,0,1,0.0,21.647058823529413,1.3353988972952437,0,0,0,1,NBER WP,2008,3.3027637084729817,48,1960,2006,US,10,1983.0
5,66,Borjas et al. (2008),-0.0002,0.017,58.8235294117647,-0.011764705882352941,0.015151515151515152,0.12309149097933274,0.07216878364870323,192,2.2833012287035497,0,0,0,0,0,0,0,1,0,1,1,0,1,0,0,1,0.062,1,0,0,1,0,0,1,1,0,1,0,1,0.0,21.647058823529413,1.3353988972952437,0,0,0,1,NBER WP,2008,3.3027637084729817,48,1960,2006,US,10,1983.0
5,66,Borjas et al. (2008),0.011,0.025,40.0,0.43999999999999995,0.015151515151515152,0.12309149097933274,0.07216878364870323,192,2.2833012287035497,0,0,0,0,0,0,0,1,0,1,1,0,0,1,0,1,0.062,1,0,0,1,0,0,1,1,0,1,0,1,0.0,21.647058823529413,1.3353988972952437,0,0,0,1,NBER WP,2008,3.3027637084729817,48,1960,2006,US,10,1983.0
5,66,Borjas et al. (2008),0.034,0.022,45.45454545454546,1.5454545454545456,0.015151515151515152,0.12309149097933274,0.07216878364870323,192,2.2833012287035497,0,0,0,0,0,0,0,1,0,1,1,0,0,1,0,1,0.062,1,0,0,1,0,0,1,1,0,1,0,1,0.0,21.647058823529413,1.3353988972952437,0,0,0,1,NBER WP,2008,3.3027637084729817,48,1960,2006,US,10,1983.0
5,66,Borjas et al. (2008),0.034,0.031,32.25806451612903,1.0967741935483872,0.015151515151515152,0.12309149097933274,0.07216878364870323,192,2.2833012287035497,0,0,0,0,0,0,0,1,0,1,1,1,0,0,0,1,0.062,1,0,0,1,0,0,1,0,0,1,0,1,0.0,21.647058823529413,1.3353988972952437,0,0,0,1,NBER WP,2008,3.3027637084729817,48,1960,2006,US,10,1983.0
5,66,Borjas et al. (2008),-0.007,0.016,62.5,-0.4375,0.015151515151515152,0.12309149097933274,0.07216878364870323,192,2.2833012287035497,0,0,0,0,0,0,0,1,0,1,1,0,1,0,0,1,0.062,1,0,0,1,0,0,1,0,0,1,0,1,0.0,21.647058823529413,1.3353988972952437,0,0,0,1,NBER WP,2008,3.3027637084729817,48,1960,2006,US,10,1983.0
5,66,Borjas et al. (2008),0.002,0.025,40.0,0.08,0.015151515151515152,0.12309149097933274,0.07216878364870323,192,2.2833012287035497,0,0,0,0,0,0,0,1,0,1,1,0,0,1,0,1,0.062,1,0,0,1,0,0,1,0,0,1,0,1,0.0,21.647058823529413,1.3353988972952437,0,0,0,1,NBER WP,2008,3.3027637084729817,48,1960,2006,US,10,1983.0
5,66,Borjas et al. (2008),0.027,0.023,43.47826086956522,1.173913043478261,0.015151515151515152,0.12309149097933274,0.07216878364870323,192,2.2833012287035497,0,0,0,0,0,0,0,1,0,1,1,0,0,1,0,1,0.062,1,0,0,1,0,0,1,0,0,1,0,1,0.0,21.647058823529413,1.3353988972952437,0,0,0,1,NBER WP,2008,3.3027637084729817,48,1960,2006,US,10,1983.0
5,66,Borjas et al. (2008),0.032,0.032,31.25,1.0,0.015151515151515152,0.12309149097933274,0.07216878364870323,192,2.2833012287035497,0,0,0,0,0,0,0,1,0,1,1,1,0,0,0,1,0.062,1,0,0,1,0,0,1,1,0,1,0,1,0.0,21.647058823529413,1.3353988972952437,0,0,0,1,NBER WP,2008,3.3027637084729817,48,1960,2006,US,10,1983.0
5,66,Borjas et al. (2008),-0.015,0.016,62.5,-0.9375,0.015151515151515152,0.12309149097933274,0.07216878364870323,192,2.2833012287035497,0,0,0,0,0,0,0,1,0,1,1,0,1,0,0,1,0.062,1,0,0,1,0,0,1,1,0,1,0,1,0.0,21.647058823529413,1.3353988972952437,0,0,0,1,NBER WP,2008,3.3027637084729817,48,1960,2006,US,10,1983.0
5,66,Borjas et al. (2008),0.005,0.024,41.666666666666664,0.20833333333333334,0.015151515151515152,0.12309149097933274,0.07216878364870323,192,2.2833012287035497,0,0,0,0,0,0,0,1,0,1,1,0,0,1,0,1,0.062,1,0,0,1,0,0,1,1,0,1,0,1,0.0,21.647058823529413,1.3353988972952437,0,0,0,1,NBER WP,2008,3.3027637084729817,48,1960,2006,US,10,1983.0
5,66,Borjas et al. (2008),0.018,0.024,41.666666666666664,0.7499999999999999,0.015151515151515152,0.12309149097933274,0.07216878364870323,192,2.2833012287035497,0,0,0,0,0,0,0,1,0,1,1,0,0,1,0,1,0.062,1,0,0,1,0,0,1,1,0,1,0,1,0.0,21.647058823529413,1.3353988972952437,0,0,0,1,NBER WP,2008,3.3027637084729817,48,1960,2006,US,10,1983.0
5,66,Borjas et al. (2008),0.028,0.034,29.41176470588235,0.8235294117647058,0.015151515151515152,0.12309149097933274,0.07216878364870323,192,2.2833012287035497,0,0,0,0,0,0,0,1,0,1,1,1,0,0,0,1,0.062,1,0,0,1,0,0,1,0,0,1,0,1,0.0,21.647058823529413,1.3353988972952437,0,0,0,1,NBER WP,2008,3.3027637084729817,48,1960,2006,US,10,1983.0
5,66,Borjas et al. (2008),-0.019,0.016,62.5,-1.1875,0.015151515151515152,0.12309149097933274,0.07216878364870323,192,2.2833012287035497,0,0,0,0,0,0,0,1,0,1,1,0,1,0,0,1,0.062,1,0,0,1,0,0,1,0,0,1,0,1,0.0,21.647058823529413,1.3353988972952437,0,0,0,1,NBER WP,2008,3.3027637084729817,48,1960,2006,US,10,1983.0
5,66,Borjas et al. (2008),0.001,0.025,40.0,0.04,0.015151515151515152,0.12309149097933274,0.07216878364870323,192,2.2833012287035497,0,0,0,0,0,0,0,1,0,1,1,0,0,1,0,1,0.062,1,0,0,1,0,0,1,0,0,1,0,1,0.0,21.647058823529413,1.3353988972952437,0,0,0,1,NBER WP,2008,3.3027637084729817,48,1960,2006,US,10,1983.0
5,66,Borjas et al. (2008),0.015,0.025,40.0,0.6,0.015151515151515152,0.12309149097933274,0.07216878364870323,192,2.2833012287035497,0,0,0,0,0,0,0,1,0,1,1,0,0,1,0,1,0.062,1,0,0,1,0,0,1,0,0,1,0,1,0.0,21.647058823529413,1.3353988972952437,0,0,0,1,NBER WP,2008,3.3027637084729817,48,1960,2006,US,10,1983.0
5,66,Borjas et al. (2008),0.009,0.034,29.41176470588235,0.2647058823529411,0.015151515151515152,0.12309149097933274,0.07216878364870323,192,2.2833012287035497,0,0,1,0,0,0,0,1,0,1,1,1,0,0,0,1,0.062,1,0,0,1,0,0,1,1,0,1,0,1,0.0,21.647058823529413,1.3353988972952437,0,0,0,1,NBER WP,2008,3.3027637084729817,48,1960,2006,US,10,1983.0
5,66,Borjas et al. (2008),-0.044,0.022,45.45454545454546,-2.0,0.015151515151515152,0.12309149097933274,0.07216878364870323,192,2.2833012287035497,0,0,1,0,0,0,0,1,0,1,1,0,1,0,0,1,0.062,1,0,0,1,0,0,1,1,0,1,0,1,0.0,21.647058823529413,1.3353988972952437,0,0,0,1,NBER WP,2008,3.3027637084729817,48,1960,2006,US,10,1983.0
5,66,Borjas et al. (2008),-0.034,0.036,27.77777777777778,-0.9444444444444445,0.015151515151515152,0.12309149097933274,0.07216878364870323,192,2.2833012287035497,0,0,1,0,0,0,0,1,0,1,1,0,0,1,0,1,0.062,1,0,0,1,0,0,1,1,0,1,0,1,0.0,21.647058823529413,1.3353988972952437,0,0,0,1,NBER WP,2008,3.3027637084729817,48,1960,2006,US,10,1983.0
5,66,Borjas et al. (2008),-0.011,0.031,32.25806451612903,-0.3548387096774193,0.015151515151515152,0.12309149097933274,0.07216878364870323,192,2.2833012287035497,0,0,1,0,0,0,0,1,0,1,1,0,0,1,0,1,0.062,1,0,0,1,0,0,1,1,0,1,0,1,0.0,21.647058823529413,1.3353988972952437,0,0,0,1,NBER WP,2008,3.3027637084729817,48,1960,2006,US,10,1983.0
5,66,Borjas et al. (2008),-0.01,0.036,27.77777777777778,-0.2777777777777778,0.015151515151515152,0.12309149097933274,0.07216878364870323,192,2.2833012287035497,0,0,1,0,0,0,0,1,0,1,1,1,0,0,0,1,0.062,1,0,0,1,0,0,1,0,0,1,0,1,0.0,21.647058823529413,1.3353988972952437,0,0,0,1,NBER WP,2008,3.3027637084729817,48,1960,2006,US,10,1983.0
5,66,Borjas et al. (2008),-0.049,0.02,50.0,-2.45,0.015151515151515152,0.12309149097933274,0.07216878364870323,192,2.2833012287035497,0,0,1,0,0,0,0,1,0,1,1,0,1,0,0,1,0.062,1,0,0,1,0,0,1,0,0,1,0,1,0.0,21.647058823529413,1.3353988972952437,0,0,0,1,NBER WP,2008,3.3027637084729817,48,1960,2006,US,10,1983.0
5,66,Borjas et al. (2008),-0.049,0.038,26.315789473684212,-1.2894736842105263,0.015151515151515152,0.12309149097933274,0.07216878364870323,192,2.2833012287035497,0,0,1,0,0,0,0,1,0,1,1,0,0,1,0,1,0.062,1,0,0,1,0,0,1,0,0,1,0,1,0.0,21.647058823529413,1.3353988972952437,0,0,0,1,NBER WP,2008,3.3027637084729817,48,1960,2006,US,10,1983.0
5,66,Borjas et al. (2008),-0.024,0.032,31.25,-0.75,0.015151515151515152,0.12309149097933274,0.07216878364870323,192,2.2833012287035497,0,0,1,0,0,0,0,1,0,1,1,0,0,1,0,1,0.062,1,0,0,1,0,0,1,0,0,1,0,1,0.0,21.647058823529413,1.3353988972952437,0,0,0,1,NBER WP,2008,3.3027637084729817,48,1960,2006,US,10,1983.0
6,8,Borjas et al. (2010),-0.016,0.008,125.0,-2.0,0.125,0.3535533905932738,0.07905694150420949,160,2.2041199826559246,0,0,1,0,0,0,0,1,0,1,1,1,0,0,0,1,0.062,0,0,0,1,0,0,1,1,0,0,0,0,0.464,16.666666666666668,1.2218487496163564,1,0,0,0,Economica,2010,3.303196057420489,50,1960,2000,US,10,1980.0
6,8,Borjas et al. (2010),0.019,0.008,125.0,2.375,0.125,0.3535533905932738,0.07905694150420949,160,2.2041199826559246,0,0,1,0,0,0,0,1,0,1,1,1,0,0,0,1,0.062,0,0,0,1,0,0,1,1,0,1,0,0,0.464,16.666666666666668,1.2218487496163564,1,0,0,0,Economica,2010,3.303196057420489,50,1960,2000,US,10,1980.0
6,8,Borjas et al. (2010),-0.002,0.014,71.42857142857143,-0.14285714285714285,0.125,0.3535533905932738,0.07905694150420949,160,2.2041199826559246,0,0,1,0,0,0,0,1,0,1,1,1,0,0,0,1,0.062,0,0,0,1,0,0,1,1,0,1,0,1,0.464,16.666666666666668,1.2218487496163564,1,0,0,0,Economica,2010,3.303196057420489,50,1960,2000,US,10,1980.0
6,8,Borjas et al. (2010),0.047,0.042,23.809523809523807,1.119047619047619,0.125,0.3535533905932738,0.07905694150420949,160,2.2041199826559246,0,0,1,0,0,0,0,1,0,1,1,1,0,0,0,1,0.062,0,0,0,1,0,0,1,1,0,1,0,1,0.464,16.666666666666668,1.2218487496163564,1,0,0,0,Economica,2010,3.303196057420489,50,1960,2000,US,10,1980.0
6,8,Borjas et al. (2010),-0.019,0.008,125.0,-2.375,0.125,0.3535533905932738,0.07905694150420949,160,2.2041199826559246,0,0,1,0,0,0,0,1,0,1,1,1,0,0,0,1,0.062,0,0,0,1,0,0,1,0,0,0,0,0,0.464,16.666666666666668,1.2218487496163564,1,0,0,0,Economica,2010,3.303196057420489,50,1960,2000,US,10,1980.0
6,8,Borjas et al. (2010),0.018,0.008,125.0,2.25,0.125,0.3535533905932738,0.07905694150420949,160,2.2041199826559246,0,0,1,0,0,0,0,1,0,1,1,1,0,0,0,1,0.062,0,0,0,1,0,0,1,0,0,1,0,0,0.464,16.666666666666668,1.2218487496163564,1,0,0,0,Economica,2010,3.303196057420489,50,1960,2000,US,10,1980.0
6,8,Borjas et al. (2010),-0.002,0.014,71.42857142857143,-0.14285714285714285,0.125,0.3535533905932738,0.07905694150420949,160,2.2041199826559246,0,0,1,0,0,0,0,1,0,1,1,1,0,0,0,1,0.062,0,0,0,1,0,0,1,0,0,1,0,1,0.464,16.666666666666668,1.2218487496163564,1,0,0,0,Economica,2010,3.303196057420489,50,1960,2000,US,10,1980.0
6,8,Borjas et al. (2010),0.035,0.043,23.255813953488374,0.8139534883720931,0.125,0.3535533905932738,0.07905694150420949,160,2.2041199826559246,0,0,1,0,0,0,0,1,0,1,1,1,0,0,0,1,0.062,0,0,0,1,0,0,1,0,0,1,0,1,0.464,16.666666666666668,1.2218487496163564,1,0,0,0,Economica,2010,3.303196057420489,50,1960,2000,US,10,1980.0
8,48,Borjas et al. (2012),-0.046,0.008,125.0,-5.75,0.020833333333333332,0.14433756729740643,0.07216878364870323,192,2.2833012287035497,0,0,1,0,0,0,0,1,0,1,1,1,0,0,0,1,0.062,1,0,0,1,0,0,1,1,0,0,0,0,2.167,13.461538461538462,1.1290946963794577,1,0,1,0,Journal of the European Economic Association ,2012,3.30362797638389,52,1960,2006,US,10,1983.0
8,48,Borjas et al. (2012),-0.008,0.012,83.33333333333333,-0.6666666666666666,0.020833333333333332,0.14433756729740643,0.07216878364870323,192,2.2833012287035497,0,0,1,0,0,0,0,1,0,1,1,1,0,0,0,1,0.062,1,0,0,1,0,0,1,1,0,1,0,0,2.167,13.461538461538462,1.1290946963794577,1,0,1,0,Journal of the European Economic Association ,2012,3.30362797638389,52,1960,2006,US,10,1983.0
8,48,Borjas et al. (2012),-0.021,0.014,71.42857142857143,-1.5,0.020833333333333332,0.14433756729740643,0.07216878364870323,192,2.2833012287035497,0,0,1,0,0,0,0,1,0,1,1,1,0,0,0,1,0.062,1,0,0,1,0,0,1,1,0,1,0,1,2.167,13.461538461538462,1.1290946963794577,1,0,1,0,Journal of the European Economic Association ,2012,3.30362797638389,52,1960,2006,US,10,1983.0
8,48,Borjas et al. (2012),0.009,0.025,40.0,0.35999999999999993,0.020833333333333332,0.14433756729740643,0.07216878364870323,192,2.2833012287035497,0,0,1,0,0,0,0,1,0,1,1,1,0,0,0,1,0.062,1,0,0,1,0,0,1,1,0,1,0,1,2.167,13.461538461538462,1.1290946963794577,1,0,1,0,Journal of the European Economic Association ,2012,3.30362797638389,52,1960,2006,US,10,1983.0
8,48,Borjas et al. (2012),-0.056,0.006,166.66666666666666,-9.333333333333334,0.020833333333333332,0.14433756729740643,0.07216878364870323,192,2.2833012287035497,0,0,0,0,0,0,0,1,0,1,1,1,0,0,0,1,0.062,1,0,0,1,0,0,1,1,0,0,0,0,2.167,13.461538461538462,1.1290946963794577,1,0,1,0,Journal of the European Economic Association ,2012,3.30362797638389,52,1960,2006,US,10,1983.0
8,48,Borjas et al. (2012),-0.023,0.007,142.85714285714286,-3.2857142857142856,0.020833333333333332,0.14433756729740643,0.07216878364870323,192,2.2833012287035497,0,0,0,0,0,0,0,1,0,1,1,1,0,0,0,1,0.062,1,0,0,1,0,0,1,1,0,1,0,0,2.167,13.461538461538462,1.1290946963794577,1,0,1,0,Journal of the European Economic Association ,2012,3.30362797638389,52,1960,2006,US,10,1983.0
8,48,Borjas et al. (2012),-0.037,0.011,90.90909090909092,-3.3636363636363638,0.020833333333333332,0.14433756729740643,0.07216878364870323,192,2.2833012287035497,0,0,0,0,0,0,0,1,0,1,1,1,0,0,0,1,0.062,1,0,0,1,0,0,1,1,0,1,0,1,2.167,13.461538461538462,1.1290946963794577,1,0,1,0,Journal of the European Economic Association ,2012,3.30362797638389,52,1960,2006,US,10,1983.0
8,48,Borjas et al. (2012),0.044,0.026,38.46153846153846,1.6923076923076923,0.020833333333333332,0.14433756729740643,0.07216878364870323,192,2.2833012287035497,0,0,0,0,0,0,0,1,0,1,1,1,0,0,0,1,0.062,1,0,0,1,0,0,1,1,0,1,0,1,2.167,13.461538461538462,1.1290946963794577,1,0,1,0,Journal of the European Economic Association ,2012,3.30362797638389,52,1960,2006,US,10,1983.0
8,48,Borjas et al. (2012),-0.029,0.008,125.0,-3.625,0.020833333333333332,0.14433756729740643,0.07216878364870323,192,2.2833012287035497,0,0,1,0,0,0,0,1,0,1,1,0,0,1,0,1,0.062,1,0,0,1,0,0,1,1,0,0,0,0,2.167,13.461538461538462,1.1290946963794577,1,0,1,0,Journal of the European Economic Association ,2012,3.30362797638389,52,1960,2006,US,10,1983.0
8,48,Borjas et al. (2012),-0.009,0.013,76.92307692307692,-0.6923076923076923,0.020833333333333332,0.14433756729740643,0.07216878364870323,192,2.2833012287035497,0,0,1,0,0,0,0,1,0,1,1,0,0,1,0,1,0.062,1,0,0,1,0,0,1,1,0,1,0,0,2.167,13.461538461538462,1.1290946963794577,1,0,1,0,Journal of the European Economic Association ,2012,3.30362797638389,52,1960,2006,US,10,1983.0
8,48,Borjas et al. (2012),-0.015,0.015,66.66666666666667,-1.0,0.020833333333333332,0.14433756729740643,0.07216878364870323,192,2.2833012287035497,0,0,1,0,0,0,0,1,0,1,1,0,0,1,0,1,0.062,1,0,0,1,0,0,1,1,0,1,0,1,2.167,13.461538461538462,1.1290946963794577,1,0,1,0,Journal of the European Economic Association ,2012,3.30362797638389,52,1960,2006,US,10,1983.0
8,48,Borjas et al. (2012),-0.03,0.031,32.25806451612903,-0.9677419354838709,0.020833333333333332,0.14433756729740643,0.07216878364870323,192,2.2833012287035497,0,0,1,0,0,0,0,1,0,1,1,0,0,1,0,1,0.062,1,0,0,1,0,0,1,1,0,1,0,1,2.167,13.461538461538462,1.1290946963794577,1,0,1,0,Journal of the European Economic Association ,2012,3.30362797638389,52,1960,2006,US,10,1983.0
8,48,Borjas et al. (2012),-0.043,0.006,166.66666666666666,-7.166666666666666,0.020833333333333332,0.14433756729740643,0.07216878364870323,192,2.2833012287035497,0,0,0,0,0,0,0,1,0,1,1,0,0,1,0,1,0.062,1,0,0,1,0,0,1,1,0,0,0,0,2.167,13.461538461538462,1.1290946963794577,1,0,1,0,Journal of the European Economic Association ,2012,3.30362797638389,52,1960,2006,US,10,1983.0
8,48,Borjas et al. (2012),-0.027,0.008,125.0,-3.375,0.020833333333333332,0.14433756729740643,0.07216878364870323,192,2.2833012287035497,0,0,0,0,0,0,0,1,0,1,1,0,0,1,0,1,0.062,1,0,0,1,0,0,1,1,0,1,0,0,2.167,13.461538461538462,1.1290946963794577,1,0,1,0,Journal of the European Economic Association ,2012,3.30362797638389,52,1960,2006,US,10,1983.0
8,48,Borjas et al. (2012),-0.032,0.012,83.33333333333333,-2.6666666666666665,0.020833333333333332,0.14433756729740643,0.07216878364870323,192,2.2833012287035497,0,0,0,0,0,0,0,1,0,1,1,0,0,1,0,1,0.062,1,0,0,1,0,0,1,1,0,1,0,1,2.167,13.461538461538462,1.1290946963794577,1,0,1,0,Journal of the European Economic Association ,2012,3.30362797638389,52,1960,2006,US,10,1983.0
8,48,Borjas et al. (2012),0.022,0.022,45.45454545454546,1.0,0.020833333333333332,0.14433756729740643,0.07216878364870323,192,2.2833012287035497,0,0,0,0,0,0,0,1,0,1,1,0,0,1,0,1,0.062,1,0,0,1,0,0,1,1,0,1,0,1,2.167,13.461538461538462,1.1290946963794577,1,0,1,0,Journal of the European Economic Association ,2012,3.30362797638389,52,1960,2006,US,10,1983.0
8,48,Borjas et al. (2012),-0.03,0.009,111.11111111111111,-3.3333333333333335,0.020833333333333332,0.14433756729740643,0.07216878364870323,192,2.2833012287035497,0,0,1,0,0,0,0,1,0,1,1,1,0,0,0,1,0.062,1,0,0,1,0,0,1,1,0,0,0,0,2.167,13.461538461538462,1.1290946963794577,1,0,1,0,Journal of the European Economic Association ,2012,3.30362797638389,52,1960,2006,US,10,1983.0
8,48,Borjas et al. (2012),-0.021,0.013,76.92307692307692,-1.6153846153846156,0.020833333333333332,0.14433756729740643,0.07216878364870323,192,2.2833012287035497,0,0,1,0,0,0,0,1,0,1,1,1,0,0,0,1,0.062,1,0,0,1,0,0,1,1,0,1,0,0,2.167,13.461538461538462,1.1290946963794577,1,0,1,0,Journal of the European Economic Association ,2012,3.30362797638389,52,1960,2006,US,10,1983.0
8,48,Borjas et al. (2012),-0.013,0.011,90.90909090909092,-1.1818181818181819,0.020833333333333332,0.14433756729740643,0.07216878364870323,192,2.2833012287035497,0,0,1,0,0,0,0,1,0,1,1,1,0,0,0,1,0.062,1,0,0,1,0,0,1,1,0,1,0,1,2.167,13.461538461538462,1.1290946963794577,1,0,1,0,Journal of the European Economic Association ,2012,3.30362797638389,52,1960,2006,US,10,1983.0
8,48,Borjas et al. (2012),0.006,0.029,34.48275862068965,0.20689655172413793,0.020833333333333332,0.14433756729740643,0.07216878364870323,192,2.2833012287035497,0,0,1,0,0,0,0,1,0,1,1,1,0,0,0,1,0.062,1,0,0,1,0,0,1,1,0,1,0,1,2.167,13.461538461538462,1.1290946963794577,1,0,1,0,Journal of the European Economic Association ,2012,3.30362797638389,52,1960,2006,US,10,1983.0
8,48,Borjas et al. (2012),-0.042,0.004,250.0,-10.5,0.020833333333333332,0.14433756729740643,0.07216878364870323,192,2.2833012287035497,0,0,0,0,0,0,0,1,0,1,1,1,0,0,0,1,0.062,1,0,0,1,0,0,1,1,0,0,0,0,2.167,13.461538461538462,1.1290946963794577,1,0,1,0,Journal of the European Economic Association ,2012,3.30362797638389,52,1960,2006,US,10,1983.0
8,48,Borjas et al. (2012),-0.036,0.007,142.85714285714286,-5.142857142857142,0.020833333333333332,0.14433756729740643,0.07216878364870323,192,2.2833012287035497,0,0,0,0,0,0,0,1,0,1,1,1,0,0,0,1,0.062,1,0,0,1,0,0,1,1,0,1,0,0,2.167,13.461538461538462,1.1290946963794577,1,0,1,0,Journal of the European Economic Association ,2012,3.30362797638389,52,1960,2006,US,10,1983.0
8,48,Borjas et al. (2012),-0.026,0.009,111.11111111111111,-2.888888888888889,0.020833333333333332,0.14433756729740643,0.07216878364870323,192,2.2833012287035497,0,0,0,0,0,0,0,1,0,1,1,1,0,0,0,1,0.062,1,0,0,1,0,0,1,1,0,1,0,1,2.167,13.461538461538462,1.1290946963794577,1,0,1,0,Journal of the European Economic Association ,2012,3.30362797638389,52,1960,2006,US,10,1983.0
8,48,Borjas et al. (2012),0.015,0.03,33.333333333333336,0.5,0.020833333333333332,0.14433756729740643,0.07216878364870323,192,2.2833012287035497,0,0,0,0,0,0,0,1,0,1,1,1,0,0,0,1,0.062,1,0,0,1,0,0,1,1,0,1,0,1,2.167,13.461538461538462,1.1290946963794577,1,0,1,0,Journal of the European Economic Association ,2012,3.30362797638389,52,1960,2006,US,10,1983.0
8,48,Borjas et al. (2012),-0.021,0.009,111.11111111111111,-2.3333333333333335,0.020833333333333332,0.14433756729740643,0.07216878364870323,192,2.2833012287035497,0,0,1,0,0,0,0,1,0,1,1,0,0,1,0,1,0.062,1,0,0,1,0,0,1,1,0,0,0,0,2.167,13.461538461538462,1.1290946963794577,1,0,1,0,Journal of the European Economic Association ,2012,3.30362797638389,52,1960,2006,US,10,1983.0
8,48,Borjas et al. (2012),-0.023,0.012,83.33333333333333,-1.9166666666666665,0.020833333333333332,0.14433756729740643,0.07216878364870323,192,2.2833012287035497,0,0,1,0,0,0,0,1,0,1,1,0,0,1,0,1,0.062,1,0,0,1,0,0,1,1,0,1,0,0,2.167,13.461538461538462,1.1290946963794577,1,0,1,0,Journal of the European Economic Association ,2012,3.30362797638389,52,1960,2006,US,10,1983.0
8,48,Borjas et al. (2012),-0.011,0.012,83.33333333333333,-0.9166666666666666,0.020833333333333332,0.14433756729740643,0.07216878364870323,192,2.2833012287035497,0,0,1,0,0,0,0,1,0,1,1,0,0,1,0,1,0.062,1,0,0,1,0,0,1,1,0,1,0,1,2.167,13.461538461538462,1.1290946963794577,1,0,1,0,Journal of the European Economic Association ,2012,3.30362797638389,52,1960,2006,US,10,1983.0
8,48,Borjas et al. (2012),-0.023,0.03,33.333333333333336,-0.7666666666666667,0.020833333333333332,0.14433756729740643,0.07216878364870323,192,2.2833012287035497,0,0,1,0,0,0,0,1,0,1,1,0,0,1,0,1,0.062,1,0,0,1,0,0,1,1,0,1,0,1,2.167,13.461538461538462,1.1290946963794577,1,0,1,0,Journal of the European Economic Association ,2012,3.30362797638389,52,1960,2006,US,10,1983.0
8,48,Borjas et al. (2012),-0.037,0.005,200.0,-7.3999999999999995,0.020833333333333332,0.14433756729740643,0.07216878364870323,192,2.2833012287035497,0,0,0,0,0,0,0,1,0,1,1,0,0,1,0,1,0.062,1,0,0,1,0,0,1,1,0,0,0,0,2.167,13.461538461538462,1.1290946963794577,1,0,1,0,Journal of the European Economic Association ,2012,3.30362797638389,52,1960,2006,US,10,1983.0
8,48,Borjas et al. (2012),-0.042,0.007,142.85714285714286,-6.0,0.020833333333333332,0.14433756729740643,0.07216878364870323,192,2.2833012287035497,0,0,0,0,0,0,0,1,0,1,1,0,0,1,0,1,0.062,1,0,0,1,0,0,1,1,0,1,0,0,2.167,13.461538461538462,1.1290946963794577,1,0,1,0,Journal of the European Economic Association ,2012,3.30362797638389,52,1960,2006,US,10,1983.0
8,48,Borjas et al. (2012),-0.027,0.009,111.11111111111111,-3.0,0.020833333333333332,0.14433756729740643,0.07216878364870323,192,2.2833012287035497,0,0,0,0,0,0,0,1,0,1,1,0,0,1,0,1,0.062,1,0,0,1,0,0,1,1,0,1,0,1,2.167,13.461538461538462,1.1290946963794577,1,0,1,0,Journal of the European Economic Association ,2012,3.30362797638389,52,1960,2006,US,10,1983.0
8,48,Borjas et al. (2012),0.002,0.025,40.0,0.08,0.020833333333333332,0.14433756729740643,0.07216878364870323,192,2.2833012287035497,0,0,0,0,0,0,0,1,0,1,1,0,0,1,0,1,0.062,1,0,0,1,0,0,1,1,0,1,0,1,2.167,13.461538461538462,1.1290946963794577,1,0,1,0,Journal of the European Economic Association ,2012,3.30362797638389,52,1960,2006,US,10,1983.0
8,48,Borjas et al. (2012),-0.008,0.017,58.8235294117647,-0.47058823529411764,0.020833333333333332,0.14433756729740643,0.07216878364870323,192,2.2833012287035497,0,0,1,0,0,0,0,1,0,1,1,1,0,0,0,1,0.062,0,0,0,1,0,0,1,1,0,0,0,0,2.167,13.461538461538462,1.1290946963794577,1,0,1,0,Journal of the European Economic Association ,2012,3.30362797638389,52,1960,2006,US,10,1983.0
8,48,Borjas et al. (2012),0.008,0.021,47.61904761904761,0.38095238095238093,0.020833333333333332,0.14433756729740643,0.07216878364870323,192,2.2833012287035497,0,0,1,0,0,0,0,1,0,1,1,1,0,0,0,1,0.062,0,0,0,1,0,0,1,1,0,1,0,0,2.167,13.461538461538462,1.1290946963794577,1,0,1,0,Journal of the European Economic Association ,2012,3.30362797638389,52,1960,2006,US,10,1983.0
8,48,Borjas et al. (2012),0.008,0.013,76.92307692307692,0.6153846153846154,0.020833333333333332,0.14433756729740643,0.07216878364870323,192,2.2833012287035497,0,0,1,0,0,0,0,1,0,1,1,1,0,0,0,1,0.062,0,0,0,1,0,0,1,1,0,1,0,1,2.167,13.461538461538462,1.1290946963794577,1,0,1,0,Journal of the European Economic Association ,2012,3.30362797638389,52,1960,2006,US,10,1983.0
8,48,Borjas et al. (2012),0.009,0.034,29.41176470588235,0.2647058823529411,0.020833333333333332,0.14433756729740643,0.07216878364870323,192,2.2833012287035497,0,0,1,0,0,0,0,1,0,1,1,1,0,0,0,1,0.062,0,0,0,1,0,0,1,1,0,1,0,1,2.167,13.461538461538462,1.1290946963794577,1,0,1,0,Journal of the European Economic Association ,2012,3.30362797638389,52,1960,2006,US,10,1983.0
8,48,Borjas et al. (2012),-0.033,0.005,200.0,-6.6000000000000005,0.020833333333333332,0.14433756729740643,0.07216878364870323,192,2.2833012287035497,0,0,0,0,0,0,0,1,0,1,1,1,0,0,0,1,0.062,0,0,0,1,0,0,1,1,0,0,0,0,2.167,13.461538461538462,1.1290946963794577,1,0,1,0,Journal of the European Economic Association ,2012,3.30362797638389,52,1960,2006,US,10,1983.0
8,48,Borjas et al. (2012),-0.02,0.007,142.85714285714286,-2.857142857142857,0.020833333333333332,0.14433756729740643,0.07216878364870323,192,2.2833012287035497,0,0,0,0,0,0,0,1,0,1,1,1,0,0,0,1,0.062,0,0,0,1,0,0,1,1,0,1,0,0,2.167,13.461538461538462,1.1290946963794577,1,0,1,0,Journal of the European Economic Association ,2012,3.30362797638389,52,1960,2006,US,10,1983.0
8,48,Borjas et al. (2012),-0.009,0.009,111.11111111111111,-1.0,0.020833333333333332,0.14433756729740643,0.07216878364870323,192,2.2833012287035497,0,0,0,0,0,0,0,1,0,1,1,1,0,0,0,1,0.062,0,0,0,1,0,0,1,1,0,1,0,1,2.167,13.461538461538462,1.1290946963794577,1,0,1,0,Journal of the European Economic Association ,2012,3.30362797638389,52,1960,2006,US,10,1983.0
8,48,Borjas et al. (2012),0.03,0.031,32.25806451612903,0.9677419354838709,0.020833333333333332,0.14433756729740643,0.07216878364870323,192,2.2833012287035497,0,0,0,0,0,0,0,1,0,1,1,1,0,0,0,1,0.062,0,0,0,1,0,0,1,1,0,1,0,1,2.167,13.461538461538462,1.1290946963794577,1,0,1,0,Journal of the European Economic Association ,2012,3.30362797638389,52,1960,2006,US,10,1983.0
8,48,Borjas et al. (2012),-0.002,0.015,66.66666666666667,-0.13333333333333333,0.020833333333333332,0.14433756729740643,0.07216878364870323,192,2.2833012287035497,0,0,1,0,0,0,0,1,0,1,1,0,0,1,0,1,0.062,0,0,0,1,0,0,1,1,0,0,0,0,2.167,13.461538461538462,1.1290946963794577,1,0,1,0,Journal of the European Economic Association ,2012,3.30362797638389,52,1960,2006,US,10,1983.0
8,48,Borjas et al. (2012),0.004,0.018,55.55555555555556,0.22222222222222224,0.020833333333333332,0.14433756729740643,0.07216878364870323,192,2.2833012287035497,0,0,1,0,0,0,0,1,0,1,1,0,0,1,0,1,0.062,0,0,0,1,0,0,1,1,0,1,0,0,2.167,13.461538461538462,1.1290946963794577,1,0,1,0,Journal of the European Economic Association ,2012,3.30362797638389,52,1960,2006,US,10,1983.0
8,48,Borjas et al. (2012),0.001,0.012,83.33333333333333,0.08333333333333333,0.020833333333333332,0.14433756729740643,0.07216878364870323,192,2.2833012287035497,0,0,1,0,0,0,0,1,0,1,1,0,0,1,0,1,0.062,0,0,0,1,0,0,1,1,0,1,0,1,2.167,13.461538461538462,1.1290946963794577,1,0,1,0,Journal of the European Economic Association ,2012,3.30362797638389,52,1960,2006,US,10,1983.0
8,48,Borjas et al. (2012),-0.034,0.036,27.77777777777778,-0.9444444444444445,0.020833333333333332,0.14433756729740643,0.07216878364870323,192,2.2833012287035497,0,0,1,0,0,0,0,1,0,1,1,0,0,1,0,1,0.062,0,0,0,1,0,0,1,1,0,1,0,1,2.167,13.461538461538462,1.1290946963794577,1,0,1,0,Journal of the European Economic Association ,2012,3.30362797638389,52,1960,2006,US,10,1983.0
8,48,Borjas et al. (2012),-0.029,0.005,200.0,-5.8,0.020833333333333332,0.14433756729740643,0.07216878364870323,192,2.2833012287035497,0,0,0,0,0,0,0,1,0,1,1,0,0,1,0,1,0.062,0,0,0,1,0,0,1,1,0,0,0,0,2.167,13.461538461538462,1.1290946963794577,1,0,1,0,Journal of the European Economic Association ,2012,3.30362797638389,52,1960,2006,US,10,1983.0
8,48,Borjas et al. (2012),-0.027,0.007,142.85714285714286,-3.857142857142857,0.020833333333333332,0.14433756729740643,0.07216878364870323,192,2.2833012287035497,0,0,0,0,0,0,0,1,0,1,1,0,0,1,0,1,0.062,0,0,0,1,0,0,1,1,0,1,0,0,2.167,13.461538461538462,1.1290946963794577,1,0,1,0,Journal of the European Economic Association ,2012,3.30362797638389,52,1960,2006,US,10,1983.0
8,48,Borjas et al. (2012),-0.015,0.009,111.11111111111111,-1.6666666666666667,0.020833333333333332,0.14433756729740643,0.07216878364870323,192,2.2833012287035497,0,0,0,0,0,0,0,1,0,1,1,0,0,1,0,1,0.062,0,0,0,1,0,0,1,1,0,1,0,1,2.167,13.461538461538462,1.1290946963794577,1,0,1,0,Journal of the European Economic Association ,2012,3.30362797638389,52,1960,2006,US,10,1983.0
8,48,Borjas et al. (2012),0.006,0.024,41.666666666666664,0.25,0.020833333333333332,0.14433756729740643,0.07216878364870323,192,2.2833012287035497,0,0,0,0,0,0,0,1,0,1,1,0,0,1,0,1,0.062,0,0,0,1,0,0,1,1,0,1,0,1,2.167,13.461538461538462,1.1290946963794577,1,0,1,0,Journal of the European Economic Association ,2012,3.30362797638389,52,1960,2006,US,10,1983.0
9,2,Bound & Turner (2006),0.029,0.067,14.925373134328357,0.43283582089552236,0.5,0.7071067811865476,0.35355339059327373,8,0.9030899869919435,0,0,1,0,0,1,0,1,0,1,1,1,0,0,0,1,0.095,0,1,0,0,0,0,1,1,0,0,0,1,0.0,0.15789473684210525,-0.8016323462331666,0,0,0,1,WP,2006,3.302330928684399,16,1990,2000,US,10,1995.0
9,2,Bound & Turner (2006),0.05,0.031,32.25806451612903,1.6129032258064517,0.5,0.7071067811865476,0.35355339059327373,8,0.9030899869919435,0,0,1,0,0,1,0,1,0,1,1,1,0,0,0,1,0.095,0,1,0,0,0,0,1,1,0,0,0,1,0.0,0.15789473684210525,-0.8016323462331666,0,0,0,1,WP,2006,3.302330928684399,16,1990,2000,US,10,1995.0
10,4,Bratsberg (2014),-0.033,0.016,62.5,-2.0625,0.25,0.5,0.0472455591261534,448,2.651278013998144,1,1,0,0,0,0,0,0,0,0,0,1,0,0,0,0,0.065,0,0,0,0,1,0,1,1,0,1,0,1,0.592,8.727272727272727,0.9408785478813433,1,0,0,0,The Scandinavian Journal of Economics ,2014,3.3040594662175993,21,1993,2006,Norway,7,1999.5
10,4,Bratsberg (2014),-0.034,0.016,62.5,-2.125,0.25,0.5,0.0472455591261534,448,2.651278013998144,1,1,0,0,0,0,0,0,0,0,0,1,0,0,0,0,0.065,0,0,0,0,1,0,1,1,0,1,0,1,0.592,8.727272727272727,0.9408785478813433,1,0,0,0,The Scandinavian Journal of Economics ,2014,3.3040594662175993,21,1993,2006,Norway,7,1999.5
10,4,Bratsberg (2014),-0.03,0.022,45.45454545454546,-1.3636363636363638,0.25,0.5,0.0472455591261534,448,2.651278013998144,1,1,0,0,0,0,0,0,0,0,0,1,0,0,0,0,0.065,0,0,0,0,1,0,1,1,0,1,0,1,0.592,8.727272727272727,0.9408785478813433,1,0,0,0,The Scandinavian Journal of Economics ,2014,3.3040594662175993,21,1993,2006,Norway,7,1999.5
10,4,Bratsberg (2014),-0.029,0.022,45.45454545454546,-1.3181818181818183,0.25,0.5,0.0472455591261534,448,2.651278013998144,1,1,0,0,0,0,0,0,0,0,0,1,0,0,0,0,0.065,0,0,0,0,1,0,1,1,0,1,0,1,0.592,8.727272727272727,0.9408785478813433,1,0,0,0,The Scandinavian Journal of Economics ,2014,3.3040594662175993,21,1993,2006,Norway,7,1999.5
11,20,Brucker & Jahn (2008),-0.06,0.006,166.66666666666666,-10.0,0.05,0.22360679774997896,0.035355339059327376,800,2.9030899869919438,1,1,0,0,0,0,0,0,0,0,0,0,0,1,0,0,0.082,0,0,0,0,1,0,1,1,0,0,0,1,0.567,2.9411764705882355,0.4685210829577449,1,0,0,0,IZA Journal of Labor Economics,2008,3.3027637084729817,28,1980,2004,Germany,5,1992.0
11,20,Brucker & Jahn (2008),-0.084,0.009,111.11111111111111,-9.333333333333334,0.05,0.22360679774997896,0.035355339059327376,800,2.9030899869919438,1,1,0,0,0,0,1,0,0,0,0,0,0,1,0,0,0.082,0,0,0,0,1,0,1,1,0,0,0,1,0.567,2.9411764705882355,0.4685210829577449,1,0,0,0,IZA Journal of Labor Economics,2008,3.3027637084729817,28,1980,2004,Germany,5,1992.0
11,20,Brucker & Jahn (2008),-0.048,0.004,250.0,-12.0,0.05,0.22360679774997896,0.035355339059327376,800,2.9030899869919438,1,1,0,0,0,0,1,0,0,0,0,0,0,1,0,0,0.082,0,0,0,0,1,0,1,1,0,0,0,1,0.567,2.9411764705882355,0.4685210829577449,1,0,0,0,IZA Journal of Labor Economics,2008,3.3027637084729817,28,1980,2004,Germany,5,1992.0
11,20,Brucker & Jahn (2008),-0.046,0.016,62.5,-2.875,0.05,0.22360679774997896,0.035355339059327376,800,2.9030899869919438,1,1,0,0,0,0,1,0,0,0,0,0,0,1,0,0,0.082,0,0,0,0,1,0,1,1,0,0,0,1,0.567,2.9411764705882355,0.4685210829577449,1,0,0,0,IZA Journal of Labor Economics,2008,3.3027637084729817,28,1980,2004,Germany,5,1992.0
11,20,Brucker & Jahn (2008),-0.071,0.023,43.47826086956522,-3.0869565217391304,0.05,0.22360679774997896,0.035355339059327376,800,2.9030899869919438,1,1,0,0,0,1,0,0,0,0,0,0,0,1,0,0,0.082,0,0,0,0,1,0,1,1,0,0,0,1,0.567,2.9411764705882355,0.4685210829577449,1,0,0,0,IZA Journal of Labor Economics,2008,3.3027637084729817,28,1980,2004,Germany,5,1992.0
11,20,Brucker & Jahn (2008),-0.053,0.003,333.3333333333333,-17.666666666666664,0.05,0.22360679774997896,0.035355339059327376,800,2.9030899869919438,1,1,0,0,0,0,0,0,0,0,0,0,0,1,0,0,0.082,0,0,0,0,1,0,1,1,0,0,0,1,0.567,2.9411764705882355,0.4685210829577449,1,0,0,0,IZA Journal of Labor Economics,2008,3.3027637084729817,28,1980,2004,Germany,5,1992.0
11,20,Brucker & Jahn (2008),-0.07,0.008,125.0,-8.75,0.05,0.22360679774997896,0.035355339059327376,800,2.9030899869919438,1,1,0,0,0,0,1,0,0,0,0,0,0,1,0,0,0.082,0,0,0,0,1,0,1,1,0,0,0,1,0.567,2.9411764705882355,0.4685210829577449,1,0,0,0,IZA Journal of Labor Economics,2008,3.3027637084729817,28,1980,2004,Germany,5,1992.0
11,20,Brucker & Jahn (2008),-0.051,0.004,250.0,-12.749999999999998,0.05,0.22360679774997896,0.035355339059327376,800,2.9030899869919438,1,1,0,0,0,0,1,0,0,0,0,0,0,1,0,0,0.082,0,0,0,0,1,0,1,1,0,0,0,1,0.567,2.9411764705882355,0.4685210829577449,1,0,0,0,IZA Journal of Labor Economics,2008,3.3027637084729817,28,1980,2004,Germany,5,1992.0
11,20,Brucker & Jahn (2008),-0.05,0.014,71.42857142857143,-3.5714285714285716,0.05,0.22360679774997896,0.035355339059327376,800,2.9030899869919438,1,1,0,0,0,0,1,0,0,0,0,0,0,1,0,0,0.082,0,0,0,0,1,0,1,1,0,0,0,1,0.567,2.9411764705882355,0.4685210829577449,1,0,0,0,IZA Journal of Labor Economics,2008,3.3027637084729817,28,1980,2004,Germany,5,1992.0
11,20,Brucker & Jahn (2008),-0.011,0.023,43.47826086956522,-0.47826086956521735,0.05,0.22360679774997896,0.035355339059327376,800,2.9030899869919438,1,1,0,0,0,1,0,0,0,0,0,0,0,1,0,0,0.082,0,0,0,0,1,0,1,1,0,0,0,1,0.567,2.9411764705882355,0.4685210829577449,1,0,0,0,IZA Journal of Labor Economics,2008,3.3027637084729817,28,1980,2004,Germany,5,1992.0
11,20,Brucker & Jahn (2008),-0.073,0.016,62.5,-4.5625,0.05,0.22360679774997896,0.05590169943749474,320,2.505149978319906,1,1,0,0,0,0,0,0,0,0,0,0,0,1,0,0,0.082,0,0,0,0,1,0,1,1,0,0,0,1,0.567,2.9411764705882355,0.4685210829577449,1,0,0,0,IZA Journal of Labor Economics,2008,3.3027637084729817,24,1984,1993,Germany,5,1988.5
11,20,Brucker & Jahn (2008),-0.076,0.013,76.92307692307692,-5.846153846153847,0.05,0.22360679774997896,0.05590169943749474,320,2.505149978319906,1,1,0,0,0,0,1,0,0,0,0,0,0,1,0,0,0.082,0,0,0,0,1,0,1,1,0,0,0,1,0.567,2.9411764705882355,0.4685210829577449,1,0,0,0,IZA Journal of Labor Economics,2008,3.3027637084729817,24,1984,1993,Germany,5,1988.5
11,20,Brucker & Jahn (2008),-0.05,0.007,142.85714285714286,-7.142857142857143,0.05,0.22360679774997896,0.05590169943749474,320,2.505149978319906,1,1,0,0,0,0,1,0,0,0,0,0,0,1,0,0,0.082,0,0,0,0,1,0,1,1,0,0,0,1,0.567,2.9411764705882355,0.4685210829577449,1,0,0,0,IZA Journal of Labor Economics,2008,3.3027637084729817,24,1984,1993,Germany,5,1988.5
11,20,Brucker & Jahn (2008),-0.076,0.048,20.833333333333332,-1.5833333333333333,0.05,0.22360679774997896,0.05590169943749474,320,2.505149978319906,1,1,0,0,0,0,1,0,0,0,0,0,0,1,0,0,0.082,0,0,0,0,1,0,1,1,0,0,0,1,0.567,2.9411764705882355,0.4685210829577449,1,0,0,0,IZA Journal of Labor Economics,2008,3.3027637084729817,24,1984,1993,Germany,5,1988.5
11,20,Brucker & Jahn (2008),-0.113,0.069,14.492753623188404,-1.6376811594202898,0.05,0.22360679774997896,0.05590169943749474,320,2.505149978319906,1,1,0,0,0,1,0,0,0,0,0,0,0,1,0,0,0.082,0,0,0,0,1,0,1,1,0,0,0,1,0.567,2.9411764705882355,0.4685210829577449,1,0,0,0,IZA Journal of Labor Economics,2008,3.3027637084729817,24,1984,1993,Germany,5,1988.5
11,20,Brucker & Jahn (2008),-0.056,0.007,142.85714285714286,-8.0,0.05,0.22360679774997896,0.05590169943749474,320,2.505149978319906,1,1,0,0,0,0,0,0,0,0,0,0,0,1,0,0,0.082,0,0,0,0,1,0,1,1,0,0,0,1,0.567,2.9411764705882355,0.4685210829577449,1,0,0,0,IZA Journal of Labor Economics,2008,3.3027637084729817,24,1984,1993,Germany,5,1988.5
11,20,Brucker & Jahn (2008),-0.058,0.013,76.92307692307692,-4.461538461538462,0.05,0.22360679774997896,0.05590169943749474,320,2.505149978319906,1,1,0,0,0,0,1,0,0,0,0,0,0,1,0,0,0.082,0,0,0,0,1,0,1,1,0,0,0,1,0.567,2.9411764705882355,0.4685210829577449,1,0,0,0,IZA Journal of Labor Economics,2008,3.3027637084729817,24,1984,1993,Germany,5,1988.5
11,20,Brucker & Jahn (2008),-0.054,0.008,125.0,-6.75,0.05,0.22360679774997896,0.05590169943749474,320,2.505149978319906,1,1,0,0,0,0,1,0,0,0,0,0,0,1,0,0,0.082,0,0,0,0,1,0,1,1,0,0,0,1,0.567,2.9411764705882355,0.4685210829577449,1,0,0,0,IZA Journal of Labor Economics,2008,3.3027637084729817,24,1984,1993,Germany,5,1988.5
11,20,Brucker & Jahn (2008),-0.131,0.034,29.41176470588235,-3.8529411764705883,0.05,0.22360679774997896,0.05590169943749474,320,2.505149978319906,1,1,0,0,0,0,1,0,0,0,0,0,0,1,0,0,0.082,0,0,0,0,1,0,1,1,0,0,0,1,0.567,2.9411764705882355,0.4685210829577449,1,0,0,0,IZA Journal of Labor Economics,2008,3.3027637084729817,24,1984,1993,Germany,5,1988.5
11,20,Brucker & Jahn (2008),-0.022,0.063,15.873015873015873,-0.3492063492063492,0.05,0.22360679774997896,0.05590169943749474,320,2.505149978319906,1,1,0,0,0,1,0,0,0,0,0,0,0,1,0,0,0.082,0,0,0,0,1,0,1,1,0,0,0,1,0.567,2.9411764705882355,0.4685210829577449,1,0,0,0,IZA Journal of Labor Economics,2008,3.3027637084729817,24,1984,1993,Germany,5,1988.5
12,1,Busch et al. (2020),-0.08,0.01,100.0,-8.0,1.0,1.0,0.05716619504750295,306,2.48572142648158,1,1,1,0,0,0,0,0,0,0,0,0,0,1,0,0,0.1255,0,0,0,0,0,1,1,1,1,1,0,1,1.852,5.2,0.7160033436347992,1,0,1,0,Journal of Monetary Economics,2020,3.305351369446624,36,1984,2017,Germany,5,2000.5
13,8,Card (2009),-0.019,0.006,166.66666666666666,-3.1666666666666665,0.125,0.3535533905932738,0.08980265101338746,124,2.093421685162235,0,0,0,0,0,0,1,1,0,1,1,1,0,0,0,1,0.105,0,0,0,0,0,1,0,1,0,0,1,0,2.884,83.1875,1.9200580728187504,1,1,1,0,American Economic Review,2009,3.3029799367482493,9,2000,2000,US,10,2000.0
13,8,Card (2009),-0.019,0.006,166.66666666666666,-3.1666666666666665,0.125,0.3535533905932738,0.08980265101338746,124,2.093421685162235,0,0,0,0,0,0,1,1,0,1,1,1,0,0,0,1,0.105,0,0,0,0,0,1,0,1,0,0,1,0,2.884,83.1875,1.9200580728187504,1,1,1,0,American Economic Review,2009,3.3029799367482493,9,2000,2000,US,10,2000.0
13,8,Card (2009),-0.023,0.008,125.0,-2.875,0.125,0.3535533905932738,0.08980265101338746,124,2.093421685162235,0,0,0,0,0,0,1,1,0,1,1,1,0,0,0,1,0.105,0,0,0,0,0,1,0,0,0,0,1,0,2.884,83.1875,1.9200580728187504,1,1,1,0,American Economic Review,2009,3.3029799367482493,9,2000,2000,US,10,2000.0
13,8,Card (2009),-0.022,0.008,125.0,-2.75,0.125,0.3535533905932738,0.08980265101338746,124,2.093421685162235,0,0,0,0,0,0,1,1,0,1,1,1,0,0,0,1,0.105,0,0,0,0,0,1,0,0,0,0,1,0,2.884,83.1875,1.9200580728187504,1,1,1,0,American Economic Review,2009,3.3029799367482493,9,2000,2000,US,10,2000.0
13,8,Card (2009),-0.036,0.011,90.90909090909092,-3.2727272727272725,0.125,0.3535533905932738,0.08980265101338746,124,2.093421685162235,0,0,0,0,0,1,0,1,0,1,1,1,0,0,0,1,0.105,0,0,0,0,0,1,0,1,0,0,1,0,2.884,83.1875,1.9200580728187504,1,1,1,0,American Economic Review,2009,3.3029799367482493,9,2000,2000,US,10,2000.0
13,8,Card (2009),-0.029,0.011,90.90909090909092,-2.6363636363636367,0.125,0.3535533905932738,0.08980265101338746,124,2.093421685162235,0,0,0,0,0,1,0,1,0,1,1,1,0,0,0,1,0.105,0,0,0,0,0,1,0,1,0,0,1,0,2.884,83.1875,1.9200580728187504,1,1,1,0,American Economic Review,2009,3.3029799367482493,9,2000,2000,US,10,2000.0
13,8,Card (2009),-0.06,0.014,71.42857142857143,-4.285714285714286,0.125,0.3535533905932738,0.08980265101338746,124,2.093421685162235,0,0,0,0,0,1,0,1,0,1,1,1,0,0,0,1,0.105,0,0,0,0,0,1,0,0,0,0,1,0,2.884,83.1875,1.9200580728187504,1,1,1,0,American Economic Review,2009,3.3029799367482493,9,2000,2000,US,10,2000.0
13,8,Card (2009),-0.055,0.015,66.66666666666667,-3.666666666666667,0.125,0.3535533905932738,0.08980265101338746,124,2.093421685162235,0,0,0,0,0,1,0,1,0,1,1,1,0,0,0,1,0.105,0,0,0,0,0,1,0,0,0,0,1,0,2.884,83.1875,1.9200580728187504,1,1,1,0,American Economic Review,2009,3.3029799367482493,9,2000,2000,US,10,2000.0
14,4,Chiswick et al. (1985),-0.0358,0.0034095238095238093,293.2960893854749,-10.5,0.25,0.5,1.0,1,0.0,0,0,1,0,0,0,0,1,0,1,1,1,0,0,0,1,,1,1,0,0,0,0,1,1,0,0,0,1,0.078,1.2,0.07918124604762482,1,0,0,0,The International Migration Review ,1985,3.297760511099134,15,1970,1981,"Australia, Britain, Canada, Israel, US",1,1975.5
14,4,Chiswick et al. (1985),-0.0329,0.0017880434782608697,559.2705167173252,-18.4,0.25,0.5,1.0,1,0.0,0,0,1,0,0,0,0,1,0,1,1,1,0,0,0,1,,1,1,0,0,0,0,1,1,0,0,0,1,0.078,1.2,0.07918124604762482,1,0,0,0,The International Migration Review ,1985,3.297760511099134,15,1970,1981,"Australia, Canada, Israel, US",1,1975.5
14,4,Chiswick et al. (1985),-0.0359,0.004174418604651163,239.5543175487465,-8.6,0.25,0.5,1.0,1,0.0,0,0,1,0,0,0,0,1,0,1,1,1,0,0,0,1,,1,1,0,0,0,0,1,1,0,0,0,1,0.078,1.2,0.07918124604762482,1,0,0,0,The International Migration Review ,1985,3.297760511099134,15,1970,1976,"Britain, Canada, Israel, US",1,1973.0
14,4,Chiswick et al. (1985),-0.0352,0.007822222222222223,127.84090909090907,-4.5,0.25,0.5,1.0,1,0.0,0,0,1,0,0,0,0,1,0,1,1,1,0,0,0,1,,1,1,0,0,0,0,1,1,0,0,0,1,0.078,1.2,0.07918124604762482,1,0,0,0,The International Migration Review ,1985,3.297760511099134,15,1970,1981,"Australia, Britain, Canada, US",1,1975.5
15,9,D’Amuri et al. (2010) ,-0.046,0.011,90.90909090909092,-4.181818181818182,0.1111111111111111,0.3333333333333333,0.05270462766947299,360,2.5563025007672873,1,1,1,0,0,0,0,0,0,0,0,1,0,0,0,0,0.087,0,0,0,0,1,0,0,1,1,1,0,1,0.657,31.133333333333333,1.493225621510431,1,0,1,0,European Economic Review ,2010,3.303196057420489,23,1987,2001,Germany,5,1994.0
15,9,D’Amuri et al. (2010) ,-0.046,0.011,90.90909090909092,-4.181818181818182,0.1111111111111111,0.3333333333333333,0.05270462766947299,360,2.5563025007672873,1,1,1,0,0,0,0,0,0,0,0,1,0,0,0,0,0.087,0,0,0,0,1,0,0,1,1,1,0,1,0.657,31.133333333333333,1.493225621510431,1,0,1,0,European Economic Review ,2010,3.303196057420489,23,1987,2001,Germany,5,1994.0
15,9,D’Amuri et al. (2010) ,-0.038,0.011,90.90909090909092,-3.4545454545454546,0.1111111111111111,0.3333333333333333,0.05270462766947299,360,2.5563025007672873,1,1,1,0,0,0,0,0,0,0,0,0,0,1,0,0,0.087,0,0,0,0,1,0,0,1,1,1,0,1,0.657,31.133333333333333,1.493225621510431,1,0,1,0,European Economic Review ,2010,3.303196057420489,23,1987,2001,Germany,5,1994.0
15,9,D’Amuri et al. (2010) ,-0.035,0.011,90.90909090909092,-3.181818181818182,0.1111111111111111,0.3333333333333333,0.05270462766947299,360,2.5563025007672873,1,1,0,0,0,0,0,0,0,0,0,1,0,0,0,0,0.087,0,0,0,0,1,0,0,1,1,1,0,1,0.657,31.133333333333333,1.493225621510431,1,0,1,0,European Economic Review ,2010,3.303196057420489,23,1987,2001,Germany,5,1994.0
15,9,D’Amuri et al. (2010) ,-0.037,0.02,50.0,-1.8499999999999999,0.1111111111111111,0.3333333333333333,0.05270462766947299,360,2.5563025007672873,1,1,0,0,0,0,0,0,0,0,0,1,0,0,0,0,0.087,0,0,0,0,1,0,0,1,1,1,0,1,0.657,31.133333333333333,1.493225621510431,1,0,1,0,European Economic Review ,2010,3.303196057420489,23,1987,2001,Germany,5,1994.0
15,9,D’Amuri et al. (2010) ,-0.029,0.013,76.92307692307692,-2.230769230769231,0.1111111111111111,0.3333333333333333,0.06454972243679027,240,2.380211241711606,1,1,1,0,0,0,0,0,0,0,0,1,0,0,0,0,0.087,0,0,0,0,1,0,0,1,1,1,0,1,0.657,31.133333333333333,1.493225621510431,1,0,1,0,European Economic Review ,2010,3.303196057420489,18,1992,2001,Germany,5,1996.5
15,9,D’Amuri et al. (2010) ,-0.06,0.013,76.92307692307692,-4.615384615384616,0.1111111111111111,0.3333333333333333,0.05661385170722978,312,2.494154594018443,1,1,1,0,0,0,0,0,0,0,0,1,0,0,0,0,0.087,0,0,0,0,1,0,0,1,1,1,0,1,0.657,31.133333333333333,1.493225621510431,1,0,1,0,European Economic Review ,2010,3.303196057420489,23,1987,1999,Germany,5,1993.0
15,9,D’Amuri et al. (2010) ,-0.03,0.016,62.5,-1.875,0.1111111111111111,0.3333333333333333,0.06454972243679027,240,2.380211241711606,1,1,1,0,0,0,0,0,0,0,0,1,0,0,0,0,0.087,0,0,0,0,1,0,0,0,1,1,0,1,0.657,31.133333333333333,1.493225621510431,1,0,1,0,European Economic Review ,2010,3.303196057420489,18,1992,2001,Germany,5,1996.5
15,9,D’Amuri et al. (2010) ,-0.03,0.013,76.92307692307692,-2.307692307692308,0.1111111111111111,0.3333333333333333,0.06454972243679027,240,2.380211241711606,1,1,1,0,0,0,0,0,0,0,0,1,0,0,0,0,0.087,0,0,0,0,1,0,0,0,1,1,0,1,0.657,31.133333333333333,1.493225621510431,1,0,1,0,European Economic Review ,2010,3.303196057420489,18,1992,2001,Germany,5,1996.5
16,20,Edo (2014),-0.03,0.03333333333333333,30.0,-0.9,0.05,0.22360679774997896,0.05661385170722978,312,2.494154594018443,1,1,0,0,0,0,0,0,0,0,1,1,0,0,0,0,0.0727,1,0,0,0,0,1,1,1,0,0,0,1,0.0,0.09090909090909091,-1.041392685158225,0,0,0,0,Phd Thesis,2014,3.3040594662175993,24,1990,2002,France,4,1996.0
16,20,Edo (2014),-0.05,0.04950495049504951,20.2,-1.01,0.05,0.22360679774997896,0.05661385170722978,312,2.494154594018443,1,1,0,0,0,0,0,0,0,0,1,1,0,0,0,0,0.0727,1,0,0,0,0,1,1,1,0,1,0,1,0.0,0.09090909090909091,-1.041392685158225,0,0,0,0,Phd Thesis,2014,3.3040594662175993,24,1990,2002,France,4,1996.0
16,20,Edo (2014),-0.005,0.07142857142857142,14.0,-0.07,0.05,0.22360679774997896,0.05661385170722978,312,2.494154594018443,1,1,0,0,0,0,0,0,0,0,1,1,0,0,0,0,0.0727,1,0,0,0,0,1,1,1,0,0,0,1,0.0,0.09090909090909091,-1.041392685158225,0,0,0,0,Phd Thesis,2014,3.3040594662175993,24,1990,2002,France,4,1996.0
16,20,Edo (2014),-0.03,0.08823529411764705,11.333333333333334,-0.34,0.05,0.22360679774997896,0.05661385170722978,312,2.494154594018443,1,1,0,0,0,0,0,0,0,0,1,1,0,0,0,0,0.0727,1,0,0,0,0,1,1,1,0,1,0,1,0.0,0.09090909090909091,-1.041392685158225,0,0,0,0,Phd Thesis,2014,3.3040594662175993,24,1990,2002,France,4,1996.0
16,20,Edo (2014),0.09,0.10714285714285714,9.333333333333334,0.84,0.05,0.22360679774997896,0.05661385170722978,312,2.494154594018443,1,1,0,0,0,0,0,0,0,0,1,1,0,0,0,0,0.0727,1,0,0,0,0,1,1,1,0,1,0,1,0.0,0.09090909090909091,-1.041392685158225,0,0,0,0,Phd Thesis,2014,3.3040594662175993,24,1990,2002,France,4,1996.0
16,20,Edo (2014),-0.04,0.0392156862745098,25.5,-1.02,0.05,0.22360679774997896,0.05661385170722978,312,2.494154594018443,1,1,0,0,0,0,0,0,0,0,1,1,0,0,0,0,0.0727,1,0,1,0,0,0,1,1,0,0,0,1,0.0,0.09090909090909091,-1.041392685158225,0,0,0,0,Phd Thesis,2014,3.3040594662175993,24,1990,2002,France,4,1996.0
16,20,Edo (2014),-0.06,0.05084745762711865,19.666666666666664,-1.18,0.05,0.22360679774997896,0.05661385170722978,312,2.494154594018443,1,1,0,0,0,0,0,0,0,0,1,1,0,0,0,0,0.0727,1,0,1,0,0,0,1,1,0,1,0,1,0.0,0.09090909090909091,-1.041392685158225,0,0,0,0,Phd Thesis,2014,3.3040594662175993,24,1990,2002,France,4,1996.0
16,20,Edo (2014),-0.005,0.07142857142857142,14.0,-0.07,0.05,0.22360679774997896,0.05661385170722978,312,2.494154594018443,1,1,0,0,0,0,0,0,0,0,1,1,0,0,0,0,0.0727,1,0,1,0,0,0,1,1,0,0,0,1,0.0,0.09090909090909091,-1.041392685158225,0,0,0,0,Phd Thesis,2014,3.3040594662175993,24,1990,2002,France,4,1996.0
16,20,Edo (2014),-0.03,0.07894736842105263,12.666666666666668,-0.38,0.05,0.22360679774997896,0.05661385170722978,312,2.494154594018443,1,1,0,0,0,0,0,0,0,0,1,1,0,0,0,0,0.0727,1,0,1,0,0,0,1,1,0,1,0,1,0.0,0.09090909090909091,-1.041392685158225,0,0,0,0,Phd Thesis,2014,3.3040594662175993,24,1990,2002,France,4,1996.0
16,20,Edo (2014),0.09,0.10843373493975904,9.222222222222221,0.83,0.05,0.22360679774997896,0.05661385170722978,312,2.494154594018443,1,1,0,0,0,0,0,0,0,0,1,1,0,0,0,0,0.0727,1,0,1,0,0,0,1,1,0,1,0,1,0.0,0.09090909090909091,-1.041392685158225,0,0,0,0,Phd Thesis,2014,3.3040594662175993,24,1990,2002,France,4,1996.0
16,20,Edo (2014),-0.09,0.06164383561643835,16.22222222222222,-1.46,0.05,0.22360679774997896,0.08006407690254357,156,2.1931245983544616,0,1,0,0,0,0,0,0,0,0,1,1,0,0,0,0,0.0727,1,0,0,0,0,1,1,1,0,0,0,1,0.0,0.09090909090909091,-1.041392685158225,0,0,0,0,Phd Thesis,2014,3.3040594662175993,24,1990,2002,France,4,1996.0
16,20,Edo (2014),-0.12,0.07317073170731707,13.666666666666668,-1.6400000000000001,0.05,0.22360679774997896,0.08006407690254357,156,2.1931245983544616,0,1,0,0,0,0,0,0,0,0,1,1,0,0,0,0,0.0727,1,0,0,0,0,1,1,1,0,1,0,1,0.0,0.09090909090909091,-1.041392685158225,0,0,0,0,Phd Thesis,2014,3.3040594662175993,24,1990,2002,France,4,1996.0
16,20,Edo (2014),-0.06,0.07692307692307691,13.000000000000002,-0.78,0.05,0.22360679774997896,0.08006407690254357,156,2.1931245983544616,0,1,0,0,0,0,0,0,0,0,1,1,0,0,0,0,0.0727,1,0,0,0,0,1,1,1,0,0,0,1,0.0,0.09090909090909091,-1.041392685158225,0,0,0,0,Phd Thesis,2014,3.3040594662175993,24,1990,2002,France,4,1996.0
16,20,Edo (2014),-0.12,0.096,10.416666666666666,-1.25,0.05,0.22360679774997896,0.08006407690254357,156,2.1931245983544616,0,1,0,0,0,0,0,0,0,0,1,1,0,0,0,0,0.0727,1,0,0,0,0,1,1,1,0,1,0,1,0.0,0.09090909090909091,-1.041392685158225,0,0,0,0,Phd Thesis,2014,3.3040594662175993,24,1990,2002,France,4,1996.0
16,20,Edo (2014),-0.11,0.13580246913580246,7.363636363636364,-0.81,0.05,0.22360679774997896,0.08006407690254357,156,2.1931245983544616,0,1,0,0,0,0,0,0,0,0,1,1,0,0,0,0,0.0727,1,0,0,0,0,1,1,1,0,1,0,1,0.0,0.09090909090909091,-1.041392685158225,0,0,0,0,Phd Thesis,2014,3.3040594662175993,24,1990,2002,France,4,1996.0
16,20,Edo (2014),-0.04,0.04301075268817204,23.250000000000004,-0.93,0.05,0.22360679774997896,0.05661385170722978,312,2.494154594018443,1,1,0,0,0,0,0,0,0,0,1,1,0,0,0,0,0.0727,1,0,0,0,0,1,1,1,0,0,0,1,0.0,0.09090909090909091,-1.041392685158225,0,0,0,0,Phd Thesis,2014,3.3040594662175993,24,1990,2002,France,4,1996.0
16,20,Edo (2014),-0.07,0.05147058823529412,19.428571428571427,-1.36,0.05,0.22360679774997896,0.05661385170722978,312,2.494154594018443,1,1,0,0,0,0,0,0,0,0,1,1,0,0,0,0,0.0727,1,0,0,0,0,1,1,1,0,1,0,1,0.0,0.09090909090909091,-1.041392685158225,0,0,0,0,Phd Thesis,2014,3.3040594662175993,24,1990,2002,France,4,1996.0
16,20,Edo (2014),-0.03,0.05,20.0,-0.6,0.05,0.22360679774997896,0.05661385170722978,312,2.494154594018443,1,1,0,0,0,0,0,0,0,0,1,1,0,0,0,0,0.0727,1,0,0,0,0,1,1,1,0,0,0,1,0.0,0.09090909090909091,-1.041392685158225,0,0,0,0,Phd Thesis,2014,3.3040594662175993,24,1990,2002,France,4,1996.0
16,20,Edo (2014),-0.1,0.08333333333333334,11.999999999999998,-1.2,0.05,0.22360679774997896,0.05661385170722978,312,2.494154594018443,1,1,0,0,0,0,0,0,0,0,1,1,0,0,0,0,0.0727,1,0,0,0,0,1,1,1,0,1,0,1,0.0,0.09090909090909091,-1.041392685158225,0,0,0,0,Phd Thesis,2014,3.3040594662175993,24,1990,2002,France,4,1996.0
16,20,Edo (2014),-0.06,0.11538461538461538,8.666666666666668,-0.52,0.05,0.22360679774997896,0.05661385170722978,312,2.494154594018443,1,1,0,0,0,0,0,0,0,0,1,1,0,0,0,0,0.0727,1,0,0,0,0,1,1,1,0,1,0,1,0.0,0.09090909090909091,-1.041392685158225,0,0,0,0,Phd Thesis,2014,3.3040594662175993,24,1990,2002,France,4,1996.0
17,56,Edo & Troubal (2015),-0.01,0.03125,32.0,-0.32,0.017857142857142856,0.1336306209562122,0.0445435403187374,504,2.7024305364455254,1,1,0,0,0,0,0,0,0,0,1,1,0,0,0,0,0.101,1,0,0,0,0,1,1,1,0,0,0,1,0.213,4.9,0.6901960800285137,1,0,0,0,Review of International Economics ,2015,3.3042750504771283,25,1990,2010,France,4,2000.0
17,56,Edo & Troubal (2015),-0.03,0.03571428571428571,28.0,-0.84,0.017857142857142856,0.1336306209562122,0.0445435403187374,504,2.7024305364455254,1,1,0,0,0,0,0,0,0,0,1,1,0,0,0,0,0.101,1,0,0,0,0,1,1,1,0,0,0,1,0.213,4.9,0.6901960800285137,1,0,0,0,Review of International Economics ,2015,3.3042750504771283,25,1990,2010,France,4,2000.0
17,56,Edo & Troubal (2015),-0.05,0.04201680672268908,23.799999999999997,-1.19,0.017857142857142856,0.1336306209562122,0.0445435403187374,504,2.7024305364455254,1,1,0,0,0,0,0,0,0,0,1,1,0,0,0,0,0.101,1,0,0,0,0,1,1,1,0,1,0,1,0.213,4.9,0.6901960800285137,1,0,0,0,Review of International Economics ,2015,3.3042750504771283,25,1990,2010,France,4,2000.0
17,56,Edo & Troubal (2015),-0.04,0.05128205128205128,19.5,-0.78,0.017857142857142856,0.1336306209562122,0.0445435403187374,504,2.7024305364455254,1,1,0,0,0,0,0,0,0,0,1,1,0,0,0,0,0.101,1,0,0,0,0,1,1,1,0,1,0,1,0.213,4.9,0.6901960800285137,1,0,0,0,Review of International Economics ,2015,3.3042750504771283,25,1990,2010,France,4,2000.0
17,56,Edo & Troubal (2015),-0.02,0.06060606060606061,16.5,-0.33,0.017857142857142856,0.1336306209562122,0.0445435403187374,504,2.7024305364455254,1,1,0,0,0,0,0,0,0,0,1,1,0,0,0,0,0.101,1,0,0,0,0,1,1,1,0,1,0,1,0.213,4.9,0.6901960800285137,1,0,0,0,Review of International Economics ,2015,3.3042750504771283,25,1990,2010,France,4,2000.0
17,56,Edo & Troubal (2015),-0.01,0.11111111111111112,9.0,-0.09,0.017857142857142856,0.1336306209562122,0.0445435403187374,504,2.7024305364455254,1,1,0,0,0,0,0,0,0,0,1,1,0,0,0,0,0.101,1,0,0,0,0,1,1,1,0,1,0,1,0.213,4.9,0.6901960800285137,1,0,0,0,Review of International Economics ,2015,3.3042750504771283,25,1990,2010,France,4,2000.0
17,56,Edo & Troubal (2015),-0.04,0.047058823529411764,21.25,-0.85,0.017857142857142856,0.1336306209562122,0.0445435403187374,504,2.7024305364455254,1,1,0,0,0,0,0,0,0,0,1,1,0,0,0,0,0.101,1,0,0,0,0,1,1,1,0,1,0,1,0.213,4.9,0.6901960800285137,1,0,0,0,Review of International Economics ,2015,3.3042750504771283,25,1990,2010,France,4,2000.0
17,56,Edo & Troubal (2015),-0.05,0.14285714285714288,6.999999999999999,-0.35,0.017857142857142856,0.1336306209562122,0.06154574548966636,264,2.4216039268698313,1,1,0,0,0,0,0,0,0,0,1,1,0,0,0,0,0.101,1,0,0,0,0,1,1,0,0,0,0,1,0.213,4.9,0.6901960800285137,1,0,0,0,Review of International Economics ,2015,3.3042750504771283,25,1990,2010,France,4,2000.0
17,56,Edo & Troubal (2015),-0.1,0.09090909090909091,11.0,-1.1,0.017857142857142856,0.1336306209562122,0.06154574548966636,264,2.4216039268698313,1,1,0,0,0,0,0,0,0,0,1,1,0,0,0,0,0.101,1,0,0,0,0,1,1,0,0,0,0,1,0.213,4.9,0.6901960800285137,1,0,0,0,Review of International Economics ,2015,3.3042750504771283,25,1990,2010,France,4,2000.0
17,56,Edo & Troubal (2015),-0.19,0.11242603550295859,8.894736842105262,-1.69,0.017857142857142856,0.1336306209562122,0.06154574548966636,264,2.4216039268698313,1,1,0,0,0,0,0,0,0,0,1,1,0,0,0,0,0.101,1,0,0,0,0,1,1,0,0,1,0,1,0.213,4.9,0.6901960800285137,1,0,0,0,Review of International Economics ,2015,3.3042750504771283,25,1990,2010,France,4,2000.0
17,56,Edo & Troubal (2015),-0.41,0.33064516129032256,3.024390243902439,-1.24,0.017857142857142856,0.1336306209562122,0.06154574548966636,264,2.4216039268698313,1,1,0,0,0,0,0,0,0,0,1,1,0,0,0,0,0.101,1,0,0,0,0,1,1,0,0,1,0,1,0.213,4.9,0.6901960800285137,1,0,0,0,Review of International Economics ,2015,3.3042750504771283,25,1990,2010,France,4,2000.0
17,56,Edo & Troubal (2015),-0.1,0.4545454545454546,2.1999999999999997,-0.22,0.017857142857142856,0.1336306209562122,0.06154574548966636,264,2.4216039268698313,1,1,0,0,0,0,0,0,0,0,1,1,0,0,0,0,0.101,1,0,0,0,0,1,1,0,0,1,0,1,0.213,4.9,0.6901960800285137,1,0,0,0,Review of International Economics ,2015,3.3042750504771283,25,1990,2010,France,4,2000.0
17,56,Edo & Troubal (2015),-0.52,0.5148514851485149,1.9423076923076923,-1.01,0.017857142857142856,0.1336306209562122,0.06154574548966636,264,2.4216039268698313,1,1,0,0,0,0,0,0,0,0,1,1,0,0,0,0,0.101,1,0,0,0,0,1,1,0,0,1,0,1,0.213,4.9,0.6901960800285137,1,0,0,0,Review of International Economics ,2015,3.3042750504771283,25,1990,2010,France,4,2000.0
17,56,Edo & Troubal (2015),-0.09,0.12162162162162161,8.222222222222223,-0.74,0.017857142857142856,0.1336306209562122,0.06154574548966636,264,2.4216039268698313,1,1,0,0,0,0,0,0,0,0,1,1,0,0,0,0,0.101,1,0,0,0,0,1,1,0,0,1,0,1,0.213,4.9,0.6901960800285137,1,0,0,0,Review of International Economics ,2015,3.3042750504771283,25,1990,2010,France,4,2000.0
17,56,Edo & Troubal (2015),-0.01,0.058823529411764705,17.0,-0.17,0.017857142857142856,0.1336306209562122,0.0445435403187374,504,2.7024305364455254,1,1,0,0,0,0,0,0,0,0,1,1,0,0,0,0,0.101,1,0,0,0,0,1,1,1,0,0,0,1,0.213,4.9,0.6901960800285137,1,0,0,0,Review of International Economics ,2015,3.3042750504771283,25,1990,2010,France,4,2000.0
17,56,Edo & Troubal (2015),-0.01,0.03448275862068966,28.999999999999993,-0.2899999999999999,0.017857142857142856,0.1336306209562122,0.0445435403187374,504,2.7024305364455254,1,1,0,0,0,0,0,0,0,0,1,1,0,0,0,0,0.101,1,0,0,0,0,1,1,1,0,0,0,1,0.213,4.9,0.6901960800285137,1,0,0,0,Review of International Economics ,2015,3.3042750504771283,25,1990,2010,France,4,2000.0
17,56,Edo & Troubal (2015),-0.03,0.06382978723404255,15.666666666666668,-0.47000000000000003,0.017857142857142856,0.1336306209562122,0.0445435403187374,504,2.7024305364455254,1,1,0,0,0,0,0,0,0,0,1,1,0,0,0,0,0.101,1,0,0,0,0,1,1,1,0,1,0,1,0.213,4.9,0.6901960800285137,1,0,0,0,Review of International Economics ,2015,3.3042750504771283,25,1990,2010,France,4,2000.0
17,56,Edo & Troubal (2015),-0.01,0.09090909090909091,11.0,-0.11,0.017857142857142856,0.1336306209562122,0.0445435403187374,504,2.7024305364455254,1,1,0,0,0,0,0,0,0,0,1,1,0,0,0,0,0.101,1,0,0,0,0,1,1,1,0,1,0,1,0.213,4.9,0.6901960800285137,1,0,0,0,Review of International Economics ,2015,3.3042750504771283,25,1990,2010,France,4,2000.0
17,56,Edo & Troubal (2015),-0.01,0.08333333333333334,11.999999999999998,-0.12,0.017857142857142856,0.1336306209562122,0.0445435403187374,504,2.7024305364455254,1,1,0,0,0,0,0,0,0,0,1,1,0,0,0,0,0.101,1,0,0,0,0,1,1,1,0,1,0,1,0.213,4.9,0.6901960800285137,1,0,0,0,Review of International Economics ,2015,3.3042750504771283,25,1990,2010,France,4,2000.0
17,56,Edo & Troubal (2015),-0.01,0.11111111111111112,9.0,-0.09,0.017857142857142856,0.1336306209562122,0.0445435403187374,504,2.7024305364455254,1,1,0,0,0,0,0,0,0,0,1,1,0,0,0,0,0.101,1,0,0,0,0,1,1,1,0,1,0,1,0.213,4.9,0.6901960800285137,1,0,0,0,Review of International Economics ,2015,3.3042750504771283,25,1990,2010,France,4,2000.0
17,56,Edo & Troubal (2015),-0.04,0.047058823529411764,21.25,-0.85,0.017857142857142856,0.1336306209562122,0.0445435403187374,504,2.7024305364455254,1,1,0,0,0,0,0,0,0,0,1,1,0,0,0,0,0.101,1,0,0,0,0,1,1,1,0,1,0,1,0.213,4.9,0.6901960800285137,1,0,0,0,Review of International Economics ,2015,3.3042750504771283,25,1990,2010,France,4,2000.0
17,56,Edo & Troubal (2015),-0.03,0.03846153846153846,26.000000000000004,-0.78,0.017857142857142856,0.1336306209562122,0.0445435403187374,504,2.7024305364455254,1,1,0,0,0,0,0,0,0,0,1,0,0,1,0,0,0.101,1,0,0,0,0,1,1,1,0,0,0,1,0.213,4.9,0.6901960800285137,1,0,0,0,Review of International Economics ,2015,3.3042750504771283,25,1990,2010,France,4,2000.0
17,56,Edo & Troubal (2015),-0.03,0.0297029702970297,33.66666666666667,-1.01,0.017857142857142856,0.1336306209562122,0.0445435403187374,504,2.7024305364455254,1,1,0,0,0,0,0,0,0,0,1,0,0,1,0,0,0.101,1,0,0,0,0,1,1,1,0,0,0,1,0.213,4.9,0.6901960800285137,1,0,0,0,Review of International Economics ,2015,3.3042750504771283,25,1990,2010,France,4,2000.0
17,56,Edo & Troubal (2015),-0.04,0.045454545454545456,22.0,-0.88,0.017857142857142856,0.1336306209562122,0.0445435403187374,504,2.7024305364455254,1,1,0,0,0,0,0,0,0,0,1,0,0,1,0,0,0.101,1,0,0,0,0,1,1,1,0,1,0,1,0.213,4.9,0.6901960800285137,1,0,0,0,Review of International Economics ,2015,3.3042750504771283,25,1990,2010,France,4,2000.0
17,56,Edo & Troubal (2015),-0.04,0.058823529411764705,17.0,-0.68,0.017857142857142856,0.1336306209562122,0.0445435403187374,504,2.7024305364455254,1,1,0,0,0,0,0,0,0,0,1,0,0,1,0,0,0.101,1,0,0,0,0,1,1,1,0,1,0,1,0.213,4.9,0.6901960800285137,1,0,0,0,Review of International Economics ,2015,3.3042750504771283,25,1990,2010,France,4,2000.0
17,56,Edo & Troubal (2015),-0.01,0.06666666666666667,15.0,-0.15,0.017857142857142856,0.1336306209562122,0.0445435403187374,504,2.7024305364455254,1,1,0,0,0,0,0,0,0,0,1,0,0,1,0,0,0.101,1,0,0,0,0,1,1,1,0,1,0,1,0.213,4.9,0.6901960800285137,1,0,0,0,Review of International Economics ,2015,3.3042750504771283,25,1990,2010,France,4,2000.0
17,56,Edo & Troubal (2015),-0.15,0.11811023622047244,8.466666666666667,-1.27,0.017857142857142856,0.1336306209562122,0.0445435403187374,504,2.7024305364455254,1,1,0,0,0,0,0,0,0,0,1,0,0,1,0,0,0.101,1,0,0,0,0,1,1,1,0,1,0,1,0.213,4.9,0.6901960800285137,1,0,0,0,Review of International Economics ,2015,3.3042750504771283,25,1990,2010,France,4,2000.0
17,56,Edo & Troubal (2015),-0.01,0.04166666666666667,23.999999999999996,-0.24,0.017857142857142856,0.1336306209562122,0.0445435403187374,504,2.7024305364455254,1,1,0,0,0,0,0,0,0,0,1,0,0,1,0,0,0.101,1,0,0,0,0,1,1,1,0,1,0,1,0.213,4.9,0.6901960800285137,1,0,0,0,Review of International Economics ,2015,3.3042750504771283,25,1990,2010,France,4,2000.0
17,56,Edo & Troubal (2015),-0.02,0.044444444444444446,22.5,-0.45,0.017857142857142856,0.1336306209562122,0.0445435403187374,504,2.7024305364455254,1,1,0,0,0,0,0,0,0,0,1,1,0,0,0,0,0.101,1,0,0,0,0,1,1,1,0,0,0,1,0.213,4.9,0.6901960800285137,1,0,0,0,Review of International Economics ,2015,3.3042750504771283,25,1990,2010,France,4,2000.0
17,56,Edo & Troubal (2015),-0.02,0.02702702702702703,37.0,-0.74,0.017857142857142856,0.1336306209562122,0.0445435403187374,504,2.7024305364455254,1,1,0,0,0,0,0,0,0,0,1,1,0,0,0,0,0.101,1,0,0,0,0,1,1,1,0,0,0,1,0.213,4.9,0.6901960800285137,1,0,0,0,Review of International Economics ,2015,3.3042750504771283,25,1990,2010,France,4,2000.0
17,56,Edo & Troubal (2015),-0.04,0.03508771929824562,28.499999999999996,-1.14,0.017857142857142856,0.1336306209562122,0.0445435403187374,504,2.7024305364455254,1,1,0,0,0,0,0,0,0,0,1,1,0,0,0,0,0.101,1,0,0,0,0,1,1,1,0,1,0,1,0.213,4.9,0.6901960800285137,1,0,0,0,Review of International Economics ,2015,3.3042750504771283,25,1990,2010,France,4,2000.0
17,56,Edo & Troubal (2015),-0.05,0.04950495049504951,20.2,-1.01,0.017857142857142856,0.1336306209562122,0.0445435403187374,504,2.7024305364455254,1,1,0,0,0,0,0,0,0,0,1,1,0,0,0,0,0.101,1,0,0,0,0,1,1,1,0,1,0,1,0.213,4.9,0.6901960800285137,1,0,0,0,Review of International Economics ,2015,3.3042750504771283,25,1990,2010,France,4,2000.0
17,56,Edo & Troubal (2015),-0.02,0.09090909090909091,11.0,-0.22,0.017857142857142856,0.1336306209562122,0.0445435403187374,504,2.7024305364455254,1,1,0,0,0,0,0,0,0,0,1,1,0,0,0,0,0.101,1,0,0,0,0,1,1,1,0,1,0,1,0.213,4.9,0.6901960800285137,1,0,0,0,Review of International Economics ,2015,3.3042750504771283,25,1990,2010,France,4,2000.0
17,56,Edo & Troubal (2015),-0.04,0.13793103448275865,7.249999999999998,-0.2899999999999999,0.017857142857142856,0.1336306209562122,0.0445435403187374,504,2.7024305364455254,1,1,0,0,0,0,0,0,0,0,1,1,0,0,0,0,0.101,1,0,0,0,0,1,1,1,0,1,0,1,0.213,4.9,0.6901960800285137,1,0,0,0,Review of International Economics ,2015,3.3042750504771283,25,1990,2010,France,4,2000.0
17,56,Edo & Troubal (2015),-0.04,0.03809523809523809,26.250000000000004,-1.05,0.017857142857142856,0.1336306209562122,0.0445435403187374,504,2.7024305364455254,1,1,0,0,0,0,0,0,0,0,1,1,0,0,0,0,0.101,1,0,0,0,0,1,1,1,0,1,0,1,0.213,4.9,0.6901960800285137,1,0,0,0,Review of International Economics ,2015,3.3042750504771283,25,1990,2010,France,4,2000.0
17,56,Edo & Troubal (2015),-0.02,0.028985507246376815,34.49999999999999,-0.69,0.017857142857142856,0.1336306209562122,0.0445435403187374,504,2.7024305364455254,1,1,0,0,0,0,0,0,0,0,1,1,0,0,0,0,0.101,1,0,1,0,0,0,1,1,0,0,0,1,0.213,4.9,0.6901960800285137,1,0,0,0,Review of International Economics ,2015,3.3042750504771283,25,1990,2010,France,4,2000.0
17,56,Edo & Troubal (2015),-0.04,0.032520325203252036,30.749999999999996,-1.23,0.017857142857142856,0.1336306209562122,0.0445435403187374,504,2.7024305364455254,1,1,0,0,0,0,0,0,0,0,1,1,0,0,0,0,0.101,1,0,1,0,0,0,1,1,0,0,0,1,0.213,4.9,0.6901960800285137,1,0,0,0,Review of International Economics ,2015,3.3042750504771283,25,1990,2010,France,4,2000.0
17,56,Edo & Troubal (2015),-0.06,0.040268456375838924,24.833333333333336,-1.49,0.017857142857142856,0.1336306209562122,0.0445435403187374,504,2.7024305364455254,1,1,0,0,0,0,0,0,0,0,1,1,0,0,0,0,0.101,1,0,1,0,0,0,1,1,0,1,0,1,0.213,4.9,0.6901960800285137,1,0,0,0,Review of International Economics ,2015,3.3042750504771283,25,1990,2010,France,4,2000.0
17,56,Edo & Troubal (2015),-0.05,0.05050505050505051,19.799999999999997,-0.99,0.017857142857142856,0.1336306209562122,0.0445435403187374,504,2.7024305364455254,1,1,0,0,0,0,0,0,0,0,1,1,0,0,0,0,0.101,1,0,1,0,0,0,1,1,0,1,0,1,0.213,4.9,0.6901960800285137,1,0,0,0,Review of International Economics ,2015,3.3042750504771283,25,1990,2010,France,4,2000.0
17,56,Edo & Troubal (2015),-0.02,0.06060606060606061,16.5,-0.33,0.017857142857142856,0.1336306209562122,0.0445435403187374,504,2.7024305364455254,1,1,0,0,0,0,0,0,0,0,1,1,0,0,0,0,0.101,1,0,1,0,0,0,1,1,0,1,0,1,0.213,4.9,0.6901960800285137,1,0,0,0,Review of International Economics ,2015,3.3042750504771283,25,1990,2010,France,4,2000.0
17,56,Edo & Troubal (2015),-0.01,0.14285714285714285,7.0,-0.07,0.017857142857142856,0.1336306209562122,0.0445435403187374,504,2.7024305364455254,1,1,0,0,0,0,0,0,0,0,1,1,0,0,0,0,0.101,1,0,1,0,0,0,1,1,0,1,0,1,0.213,4.9,0.6901960800285137,1,0,0,0,Review of International Economics ,2015,3.3042750504771283,25,1990,2010,France,4,2000.0
17,56,Edo & Troubal (2015),-0.05,0.044247787610619475,22.599999999999998,-1.13,0.017857142857142856,0.1336306209562122,0.0445435403187374,504,2.7024305364455254,1,1,0,0,0,0,0,0,0,0,1,1,0,0,0,0,0.101,1,0,1,0,0,0,1,1,0,1,0,1,0.213,4.9,0.6901960800285137,1,0,0,0,Review of International Economics ,2015,3.3042750504771283,25,1990,2010,France,4,2000.0
17,56,Edo & Troubal (2015),-0.05,0.04950495049504951,20.2,-1.01,0.017857142857142856,0.1336306209562122,0.0629940788348712,252,2.401400540781544,1,1,0,0,0,0,0,0,0,0,1,1,0,0,0,0,0.101,1,0,0,0,0,1,1,1,0,0,0,1,0.213,4.9,0.6901960800285137,1,0,0,0,Review of International Economics ,2015,3.3042750504771283,25,1990,2010,France,4,2000.0
17,56,Edo & Troubal (2015),-0.07,0.0472972972972973,21.142857142857142,-1.48,0.017857142857142856,0.1336306209562122,0.0629940788348712,252,2.401400540781544,1,1,0,0,0,0,0,0,0,0,1,1,0,0,0,0,0.101,1,0,0,0,0,1,1,1,0,0,0,1,0.213,4.9,0.6901960800285137,1,0,0,0,Review of International Economics ,2015,3.3042750504771283,25,1990,2010,France,4,2000.0
17,56,Edo & Troubal (2015),-0.11,0.05392156862745098,18.545454545454543,-2.04,0.017857142857142856,0.1336306209562122,0.0629940788348712,252,2.401400540781544,1,1,0,0,0,0,0,0,0,0,1,1,0,0,0,0,0.101,1,0,0,0,0,1,1,1,0,1,0,1,0.213,4.9,0.6901960800285137,1,0,0,0,Review of International Economics ,2015,3.3042750504771283,25,1990,2010,France,4,2000.0
17,56,Edo & Troubal (2015),-0.11,0.05365853658536586,18.636363636363633,-2.05,0.017857142857142856,0.1336306209562122,0.0629940788348712,252,2.401400540781544,1,1,0,0,0,0,0,0,0,0,1,1,0,0,0,0,0.101,1,0,0,0,0,1,1,1,0,1,0,1,0.213,4.9,0.6901960800285137,1,0,0,0,Review of International Economics ,2015,3.3042750504771283,25,1990,2010,France,4,2000.0
17,56,Edo & Troubal (2015),-0.11,0.0873015873015873,11.454545454545455,-1.26,0.017857142857142856,0.1336306209562122,0.0629940788348712,252,2.401400540781544,1,1,0,0,0,0,0,0,0,0,1,1,0,0,0,0,0.101,1,0,0,0,0,1,1,1,0,1,0,1,0.213,4.9,0.6901960800285137,1,0,0,0,Review of International Economics ,2015,3.3042750504771283,25,1990,2010,France,4,2000.0
17,56,Edo & Troubal (2015),-0.16,0.0784313725490196,12.75,-2.04,0.017857142857142856,0.1336306209562122,0.0629940788348712,252,2.401400540781544,1,1,0,0,0,0,0,0,0,0,1,1,0,0,0,0,0.101,1,0,0,0,0,1,1,1,0,1,0,1,0.213,4.9,0.6901960800285137,1,0,0,0,Review of International Economics ,2015,3.3042750504771283,25,1990,2010,France,4,2000.0
17,56,Edo & Troubal (2015),-0.07,0.040697674418604654,24.57142857142857,-1.72,0.017857142857142856,0.1336306209562122,0.0629940788348712,252,2.401400540781544,1,1,0,0,0,0,0,0,0,0,1,1,0,0,0,0,0.101,1,0,0,0,0,1,1,1,0,1,0,1,0.213,4.9,0.6901960800285137,1,0,0,0,Review of International Economics ,2015,3.3042750504771283,25,1990,2010,France,4,2000.0
17,56,Edo & Troubal (2015),-0.02,0.03278688524590164,30.5,-0.61,0.017857142857142856,0.1336306209562122,0.0445435403187374,504,2.7024305364455254,1,1,0,0,0,0,0,0,0,0,1,1,0,0,0,0,0.101,1,0,0,0,0,1,1,1,0,0,0,1,0.213,4.9,0.6901960800285137,1,0,0,0,Review of International Economics ,2015,3.3042750504771283,25,1990,2010,France,4,2000.0
17,56,Edo & Troubal (2015),-0.03,0.031914893617021274,31.333333333333336,-0.9400000000000001,0.017857142857142856,0.1336306209562122,0.0445435403187374,504,2.7024305364455254,1,1,0,0,0,0,0,0,0,0,1,1,0,0,0,0,0.101,1,0,0,0,0,1,1,1,0,0,0,1,0.213,4.9,0.6901960800285137,1,0,0,0,Review of International Economics ,2015,3.3042750504771283,25,1990,2010,France,4,2000.0
17,56,Edo & Troubal (2015),-0.07,0.04046242774566475,24.714285714285708,-1.7299999999999998,0.017857142857142856,0.1336306209562122,0.0445435403187374,504,2.7024305364455254,1,1,0,0,0,0,0,0,0,0,1,1,0,0,0,0,0.101,1,0,0,0,0,1,1,1,0,1,0,1,0.213,4.9,0.6901960800285137,1,0,0,0,Review of International Economics ,2015,3.3042750504771283,25,1990,2010,France,4,2000.0
17,56,Edo & Troubal (2015),-0.08,0.049079754601226995,20.375,-1.63,0.017857142857142856,0.1336306209562122,0.0445435403187374,504,2.7024305364455254,1,1,0,0,0,0,0,0,0,0,1,1,0,0,0,0,0.101,1,0,0,0,0,1,1,1,0,1,0,1,0.213,4.9,0.6901960800285137,1,0,0,0,Review of International Economics ,2015,3.3042750504771283,25,1990,2010,France,4,2000.0
17,56,Edo & Troubal (2015),-0.05,0.07352941176470588,13.6,-0.68,0.017857142857142856,0.1336306209562122,0.0445435403187374,504,2.7024305364455254,1,1,0,0,0,0,0,0,0,0,1,1,0,0,0,0,0.101,1,0,0,0,0,1,1,1,0,1,0,1,0.213,4.9,0.6901960800285137,1,0,0,0,Review of International Economics ,2015,3.3042750504771283,25,1990,2010,France,4,2000.0
17,56,Edo & Troubal (2015),-0.08,0.03980099502487563,25.124999999999996,-2.01,0.017857142857142856,0.1336306209562122,0.0445435403187374,504,2.7024305364455254,1,1,0,0,0,0,0,0,0,0,1,1,0,0,0,0,0.101,1,0,0,0,0,1,1,1,0,1,0,1,0.213,4.9,0.6901960800285137,1,0,0,0,Review of International Economics ,2015,3.3042750504771283,25,1990,2010,France,4,2000.0
17,56,Edo & Troubal (2015),-0.04,0.036036036036036036,27.75,-1.11,0.017857142857142856,0.1336306209562122,0.0445435403187374,504,2.7024305364455254,1,1,0,0,0,0,0,0,0,0,1,1,0,0,0,0,0.101,1,0,0,0,0,1,1,1,0,1,0,1,0.213,4.9,0.6901960800285137,1,0,0,0,Review of International Economics ,2015,3.3042750504771283,25,1990,2010,France,4,2000.0
18,2,Edo & Troubal (2017),0.1,0.09009009009009009,11.1,1.11,0.5,0.7071067811865476,0.0445435403187374,504,2.7024305364455254,1,1,0,0,0,0,0,0,0,0,1,0,0,1,0,0,0.101,0,0,0,0,0,1,1,1,0,1,1,1,0.657,4.625,0.6651117370750514,1,0,1,0,European Economic Review,2017,3.3047058982127653,27,1990,2010,France,4,2000.0
18,2,Edo & Troubal (2017),0.11,0.1134020618556701,8.818181818181818,0.97,0.5,0.7071067811865476,0.0445435403187374,504,2.7024305364455254,1,1,1,0,0,0,0,0,0,0,1,0,0,1,0,0,0.101,0,0,0,0,0,1,1,1,0,1,1,1,0.657,4.625,0.6651117370750514,1,0,1,0,European Economic Review,2017,3.3047058982127653,27,1990,2010,France,4,2000.0
19,19,Etzo et al. (2021),-0.071,0.011,90.90909090909092,-6.454545454545454,0.05263157894736842,0.22941573387056177,0.11785113019775793,72,1.8573324964312685,0,1,1,0,0,0,0,0,0,0,0,0,0,1,0,0,0.095,1,0,1,0,0,0,1,1,0,1,0,1,0.0,0.0,0.0,1,0,0,0,kniha: The Economic Geography of Cross-Border Migration,2021,3.305566313515304,10,2011,2016,Italy,6,2013.5
19,19,Etzo et al. (2021),-0.073,0.02,50.0,-3.65,0.05263157894736842,0.22941573387056177,0.11785113019775793,72,1.8573324964312685,0,1,1,0,0,0,0,0,0,0,0,0,0,1,0,0,0.095,1,0,1,0,0,0,1,1,0,1,0,1,0.0,0.0,0.0,1,0,0,0,kniha: The Economic Geography of Cross-Border Migration,2021,3.305566313515304,10,2011,2016,Italy,6,2013.5
19,19,Etzo et al. (2021),-0.069,0.015,66.66666666666667,-4.6000000000000005,0.05263157894736842,0.22941573387056177,0.11785113019775793,72,1.8573324964312685,0,1,1,0,0,0,0,0,0,0,0,0,0,1,0,0,0.095,1,0,1,0,0,0,1,1,0,1,0,1,0.0,0.0,0.0,1,0,0,0,kniha: The Economic Geography of Cross-Border Migration,2021,3.305566313515304,10,2011,2016,Italy,6,2013.5
19,19,Etzo et al. (2021),-0.063,0.01,100.0,-6.3,0.05263157894736842,0.22941573387056177,0.09622504486493763,108,2.03342375548695,0,1,1,0,0,0,0,0,0,0,0,0,0,1,0,0,0.095,1,0,1,0,0,0,1,1,0,1,0,1,0.0,0.0,0.0,1,0,0,0,kniha: The Economic Geography of Cross-Border Migration,2021,3.305566313515304,13,2008,2016,Italy,6,2012.0
19,19,Etzo et al. (2021),-0.047,0.015,66.66666666666667,-3.1333333333333333,0.05263157894736842,0.22941573387056177,0.09622504486493763,108,2.03342375548695,0,1,1,0,0,0,0,0,0,0,0,0,0,1,0,0,0.095,1,0,1,0,0,0,1,1,0,1,0,1,0.0,0.0,0.0,1,0,0,0,kniha: The Economic Geography of Cross-Border Migration,2021,3.305566313515304,13,2008,2016,Italy,6,2012.0
19,19,Etzo et al. (2021),-0.067,0.014,71.42857142857143,-4.785714285714286,0.05263157894736842,0.22941573387056177,0.09622504486493763,108,2.03342375548695,0,1,1,0,0,0,0,0,0,0,0,0,0,1,0,0,0.095,1,0,1,0,0,0,1,1,0,1,0,1,0.0,0.0,0.0,1,0,0,0,kniha: The Economic Geography of Cross-Border Migration,2021,3.305566313515304,13,2008,2016,Italy,6,2012.0
19,19,Etzo et al. (2021),-0.038,0.011,90.90909090909092,-3.4545454545454546,0.05263157894736842,0.22941573387056177,0.034020690871988585,864,2.936513742478893,1,1,1,0,0,0,0,0,0,0,0,0,0,1,0,0,0.095,1,0,1,0,0,0,1,1,0,1,0,1,0.0,0.0,0.0,1,0,0,0,kniha: The Economic Geography of Cross-Border Migration,2021,3.305566313515304,10,2011,2016,Italy,6,2013.5
19,19,Etzo et al. (2021),0.014,0.024,41.666666666666664,0.5833333333333334,0.05263157894736842,0.22941573387056177,0.034020690871988585,864,2.936513742478893,1,1,1,0,0,0,0,0,0,0,0,0,0,1,0,0,0.095,1,0,1,0,0,0,1,1,0,1,0,1,0.0,0.0,0.0,1,0,0,0,kniha: The Economic Geography of Cross-Border Migration,2021,3.305566313515304,10,2011,2016,Italy,6,2013.5
19,19,Etzo et al. (2021),-0.03,0.015,66.66666666666667,-2.0,0.05263157894736842,0.22941573387056177,0.034020690871988585,864,2.936513742478893,1,1,1,0,0,0,0,0,0,0,0,0,0,1,0,0,0.095,1,0,1,0,0,0,1,1,0,1,0,1,0.0,0.0,0.0,1,0,0,0,kniha: The Economic Geography of Cross-Border Migration,2021,3.305566313515304,10,2011,2016,Italy,6,2013.5
19,19,Etzo et al. (2021),-0.014,0.016,62.5,-0.875,0.05263157894736842,0.22941573387056177,0.034020690871988585,864,2.936513742478893,1,1,1,0,0,0,0,0,0,0,0,0,0,1,0,0,0.095,1,0,1,0,0,0,1,1,0,1,0,1,0.0,0.0,0.0,1,0,0,0,kniha: The Economic Geography of Cross-Border Migration,2021,3.305566313515304,10,2011,2016,Italy,6,2013.5
19,19,Etzo et al. (2021),-0.103,0.022,45.45454545454546,-4.681818181818182,0.05263157894736842,0.22941573387056177,0.034020690871988585,864,2.936513742478893,1,1,1,0,0,0,0,0,0,0,0,0,0,1,0,0,0.095,1,0,1,0,0,0,1,1,0,1,0,1,0.0,0.0,0.0,1,0,0,0,kniha: The Economic Geography of Cross-Border Migration,2021,3.305566313515304,10,2011,2016,Italy,6,2013.5
19,19,Etzo et al. (2021),-0.089,0.02,50.0,-4.449999999999999,0.05263157894736842,0.22941573387056177,0.034020690871988585,864,2.936513742478893,1,1,1,0,0,0,0,0,0,0,0,0,0,1,0,0,0.095,1,0,1,0,0,0,1,1,0,1,0,1,0.0,0.0,0.0,1,0,0,0,kniha: The Economic Geography of Cross-Border Migration,2021,3.305566313515304,10,2011,2016,Italy,6,2013.5
19,19,Etzo et al. (2021),-0.04,0.019,52.631578947368425,-2.1052631578947367,0.05263157894736842,0.22941573387056177,0.034020690871988585,864,2.936513742478893,1,1,1,0,0,0,0,0,0,0,0,0,0,1,0,0,0.095,1,0,1,0,0,0,1,1,0,1,0,1,0.0,0.0,0.0,1,0,0,0,kniha: The Economic Geography of Cross-Border Migration,2021,3.305566313515304,10,2011,2016,Italy,6,2013.5
19,19,Etzo et al. (2021),0.028,0.031,32.25806451612903,0.9032258064516129,0.05263157894736842,0.22941573387056177,0.034020690871988585,864,2.936513742478893,1,1,1,0,0,0,0,0,0,0,0,0,0,1,0,0,0.095,1,0,1,0,0,0,1,1,0,1,0,1,0.0,0.0,0.0,1,0,0,0,kniha: The Economic Geography of Cross-Border Migration,2021,3.305566313515304,10,2011,2016,Italy,6,2013.5
19,19,Etzo et al. (2021),-0.034,0.059,16.949152542372882,-0.576271186440678,0.05263157894736842,0.22941573387056177,0.034020690871988585,864,2.936513742478893,1,1,1,0,0,0,0,0,0,0,0,0,0,1,0,0,0.095,1,0,1,0,0,0,1,1,0,1,0,1,0.0,0.0,0.0,1,0,0,0,kniha: The Economic Geography of Cross-Border Migration,2021,3.305566313515304,10,2011,2016,Italy,6,2013.5
19,19,Etzo et al. (2021),-0.041,0.015,66.66666666666667,-2.7333333333333334,0.05263157894736842,0.22941573387056177,0.034020690871988585,864,2.936513742478893,1,1,1,0,0,0,0,0,0,0,0,0,0,1,0,0,0.095,1,0,1,0,0,0,1,1,0,1,0,1,0.0,0.0,0.0,1,0,0,0,kniha: The Economic Geography of Cross-Border Migration,2021,3.305566313515304,10,2011,2016,Italy,6,2013.5
19,19,Etzo et al. (2021),-0.09,0.031,32.25806451612903,-2.903225806451613,0.05263157894736842,0.22941573387056177,0.034020690871988585,864,2.936513742478893,1,1,1,0,0,0,0,0,0,0,0,0,0,1,0,0,0.095,1,0,1,0,0,0,1,1,0,1,0,1,0.0,0.0,0.0,1,0,0,0,kniha: The Economic Geography of Cross-Border Migration,2021,3.305566313515304,10,2011,2016,Italy,6,2013.5
19,19,Etzo et al. (2021),-0.039,0.018,55.55555555555556,-2.166666666666667,0.05263157894736842,0.22941573387056177,0.034020690871988585,864,2.936513742478893,1,1,1,0,0,0,0,0,0,0,0,0,0,1,0,0,0.095,1,0,1,0,0,0,1,1,0,1,0,1,0.0,0.0,0.0,1,0,0,0,kniha: The Economic Geography of Cross-Border Migration,2021,3.305566313515304,10,2011,2016,Italy,6,2013.5
19,19,Etzo et al. (2021),-0.045,0.019,52.631578947368425,-2.3684210526315788,0.05263157894736842,0.22941573387056177,0.034020690871988585,864,2.936513742478893,1,1,1,0,0,0,0,0,0,0,0,0,0,1,0,0,0.095,1,0,1,0,0,0,1,1,0,1,0,1,0.0,0.0,0.0,1,0,0,0,kniha: The Economic Geography of Cross-Border Migration,2021,3.305566313515304,10,2011,2016,Italy,6,2013.5
20,35,Felbermayr et al. (2010),-0.136,0.04,25.0,-3.4000000000000004,0.02857142857142857,0.1690308509457033,0.053300179088902604,352,2.546542663478131,1,1,0,0,0,0,0,0,0,0,0,0,0,1,0,0,0.0885,1,0,0,0,0,1,0,0,0,1,0,1,0.142,5.266666666666667,0.7215358322347601,1,0,0,0,Review of World Economics ,2010,3.303196057420489,26,1984,2005,Germany,5,1994.5
20,35,Felbermayr et al. (2010),-0.136,0.04,25.0,-3.4000000000000004,0.02857142857142857,0.1690308509457033,0.053300179088902604,352,2.546542663478131,1,1,0,0,0,0,0,0,0,0,0,0,0,1,0,0,0.0885,1,0,0,0,0,1,0,0,0,1,0,1,0.142,5.266666666666667,0.7215358322347601,1,0,0,0,Review of World Economics ,2010,3.303196057420489,26,1984,2005,Germany,5,1994.5
20,35,Felbermayr et al. (2010),-0.148,0.044,22.72727272727273,-3.3636363636363638,0.02857142857142857,0.1690308509457033,0.053300179088902604,352,2.546542663478131,1,1,0,0,0,0,0,0,0,0,0,0,0,1,0,0,0.0885,1,0,0,0,0,1,0,0,0,1,0,1,0.142,5.266666666666667,0.7215358322347601,1,0,0,0,Review of World Economics ,2010,3.303196057420489,26,1984,2005,Germany,5,1994.5
20,35,Felbermayr et al. (2010),-0.098,0.034,29.41176470588235,-2.8823529411764706,0.02857142857142857,0.1690308509457033,0.053300179088902604,352,2.546542663478131,1,1,0,0,0,0,0,0,0,0,0,0,0,1,0,0,0.0885,1,0,0,0,0,1,0,1,0,1,0,1,0.142,5.266666666666667,0.7215358322347601,1,0,0,0,Review of World Economics ,2010,3.303196057420489,26,1984,2005,Germany,5,1994.5
20,35,Felbermayr et al. (2010),-0.098,0.034,29.41176470588235,-2.8823529411764706,0.02857142857142857,0.1690308509457033,0.053300179088902604,352,2.546542663478131,1,1,0,0,0,0,0,0,0,0,0,0,0,1,0,0,0.0885,1,0,0,0,0,1,0,1,0,1,0,1,0.142,5.266666666666667,0.7215358322347601,1,0,0,0,Review of World Economics ,2010,3.303196057420489,26,1984,2005,Germany,5,1994.5
20,35,Felbermayr et al. (2010),-0.129,0.052,19.23076923076923,-2.480769230769231,0.02857142857142857,0.1690308509457033,0.053300179088902604,352,2.546542663478131,1,1,0,0,0,0,0,0,0,0,0,0,0,1,0,0,0.0885,1,0,0,0,0,1,0,0,0,1,0,1,0.142,5.266666666666667,0.7215358322347601,1,0,0,0,Review of World Economics ,2010,3.303196057420489,26,1984,2005,Germany,5,1994.5
20,35,Felbermayr et al. (2010),0.033,0.043,23.255813953488374,0.7674418604651164,0.02857142857142857,0.1690308509457033,0.053300179088902604,352,2.546542663478131,1,1,0,0,0,0,0,0,0,0,0,0,0,1,0,0,0.0885,1,0,0,0,0,1,0,0,0,1,0,1,0.142,5.266666666666667,0.7215358322347601,1,0,0,0,Review of World Economics ,2010,3.303196057420489,26,1984,2005,Germany,5,1994.5
20,35,Felbermayr et al. (2010),-0.111,0.047,21.27659574468085,-2.3617021276595747,0.02857142857142857,0.1690308509457033,0.053300179088902604,352,2.546542663478131,1,1,0,0,0,0,1,0,0,0,0,0,0,1,0,0,0.0885,1,0,0,0,0,1,0,0,0,1,0,1,0.142,5.266666666666667,0.7215358322347601,1,0,0,0,Review of World Economics ,2010,3.303196057420489,26,1984,2005,Germany,5,1994.5
20,35,Felbermayr et al. (2010),-0.111,0.047,21.27659574468085,-2.3617021276595747,0.02857142857142857,0.1690308509457033,0.053300179088902604,352,2.546542663478131,1,1,0,0,0,0,1,0,0,0,0,0,0,1,0,0,0.0885,1,0,0,0,0,1,0,0,0,1,0,1,0.142,5.266666666666667,0.7215358322347601,1,0,0,0,Review of World Economics ,2010,3.303196057420489,26,1984,2005,Germany,5,1994.5
20,35,Felbermayr et al. (2010),-0.108,0.052,19.23076923076923,-2.076923076923077,0.02857142857142857,0.1690308509457033,0.053300179088902604,352,2.546542663478131,1,1,0,0,0,0,1,0,0,0,0,0,0,1,0,0,0.0885,1,0,0,0,0,1,0,0,0,1,0,1,0.142,5.266666666666667,0.7215358322347601,1,0,0,0,Review of World Economics ,2010,3.303196057420489,26,1984,2005,Germany,5,1994.5
20,35,Felbermayr et al. (2010),-0.106,0.06,16.666666666666668,-1.7666666666666666,0.02857142857142857,0.1690308509457033,0.053300179088902604,352,2.546542663478131,1,1,0,0,0,0,1,0,0,0,0,0,0,1,0,0,0.0885,1,0,0,0,0,1,0,1,0,1,0,1,0.142,5.266666666666667,0.7215358322347601,1,0,0,0,Review of World Economics ,2010,3.303196057420489,26,1984,2005,Germany,5,1994.5
20,35,Felbermayr et al. (2010),-0.106,0.06,16.666666666666668,-1.7666666666666666,0.02857142857142857,0.1690308509457033,0.053300179088902604,352,2.546542663478131,1,1,0,0,0,0,1,0,0,0,0,0,0,1,0,0,0.0885,1,0,0,0,0,1,0,1,0,1,0,1,0.142,5.266666666666667,0.7215358322347601,1,0,0,0,Review of World Economics ,2010,3.303196057420489,26,1984,2005,Germany,5,1994.5
20,35,Felbermayr et al. (2010),-0.121,0.058,17.241379310344826,-2.0862068965517238,0.02857142857142857,0.1690308509457033,0.053300179088902604,352,2.546542663478131,1,1,0,0,0,0,1,0,0,0,0,0,0,1,0,0,0.0885,1,0,0,0,0,1,0,0,0,1,0,1,0.142,5.266666666666667,0.7215358322347601,1,0,0,0,Review of World Economics ,2010,3.303196057420489,26,1984,2005,Germany,5,1994.5
20,35,Felbermayr et al. (2010),-0.079,0.086,11.627906976744187,-0.9186046511627908,0.02857142857142857,0.1690308509457033,0.053300179088902604,352,2.546542663478131,1,1,0,0,0,0,1,0,0,0,0,0,0,1,0,0,0.0885,1,0,0,0,0,1,0,0,0,1,0,1,0.142,5.266666666666667,0.7215358322347601,1,0,0,0,Review of World Economics ,2010,3.303196057420489,26,1984,2005,Germany,5,1994.5
20,35,Felbermayr et al. (2010),-0.113,0.035,28.57142857142857,-3.228571428571428,0.02857142857142857,0.1690308509457033,0.053300179088902604,352,2.546542663478131,1,1,0,0,0,0,1,0,0,0,0,0,0,1,0,0,0.0885,1,0,0,0,0,1,0,0,0,1,0,1,0.142,5.266666666666667,0.7215358322347601,1,0,0,0,Review of World Economics ,2010,3.303196057420489,26,1984,2005,Germany,5,1994.5
20,35,Felbermayr et al. (2010),-0.113,0.035,28.57142857142857,-3.228571428571428,0.02857142857142857,0.1690308509457033,0.053300179088902604,352,2.546542663478131,1,1,0,0,0,0,1,0,0,0,0,0,0,1,0,0,0.0885,1,0,0,0,0,1,0,0,0,1,0,1,0.142,5.266666666666667,0.7215358322347601,1,0,0,0,Review of World Economics ,2010,3.303196057420489,26,1984,2005,Germany,5,1994.5
20,35,Felbermayr et al. (2010),-0.133,0.051,19.607843137254903,-2.6078431372549025,0.02857142857142857,0.1690308509457033,0.053300179088902604,352,2.546542663478131,1,1,0,0,0,0,1,0,0,0,0,0,0,1,0,0,0.0885,1,0,0,0,0,1,0,0,0,1,0,1,0.142,5.266666666666667,0.7215358322347601,1,0,0,0,Review of World Economics ,2010,3.303196057420489,26,1984,2005,Germany,5,1994.5
20,35,Felbermayr et al. (2010),-0.112,0.041,24.390243902439025,-2.7317073170731705,0.02857142857142857,0.1690308509457033,0.053300179088902604,352,2.546542663478131,1,1,0,0,0,0,1,0,0,0,0,0,0,1,0,0,0.0885,1,0,0,0,0,1,0,1,0,1,0,1,0.142,5.266666666666667,0.7215358322347601,1,0,0,0,Review of World Economics ,2010,3.303196057420489,26,1984,2005,Germany,5,1994.5
20,35,Felbermayr et al. (2010),-0.112,0.041,24.390243902439025,-2.7317073170731705,0.02857142857142857,0.1690308509457033,0.053300179088902604,352,2.546542663478131,1,1,0,0,0,0,1,0,0,0,0,0,0,1,0,0,0.0885,1,0,0,0,0,1,0,1,0,1,0,1,0.142,5.266666666666667,0.7215358322347601,1,0,0,0,Review of World Economics ,2010,3.303196057420489,26,1984,2005,Germany,5,1994.5
20,35,Felbermayr et al. (2010),-0.135,0.043,23.255813953488374,-3.1395348837209305,0.02857142857142857,0.1690308509457033,0.053300179088902604,352,2.546542663478131,1,1,0,0,0,0,1,0,0,0,0,0,0,1,0,0,0.0885,1,0,0,0,0,1,0,0,0,1,0,1,0.142,5.266666666666667,0.7215358322347601,1,0,0,0,Review of World Economics ,2010,3.303196057420489,26,1984,2005,Germany,5,1994.5
20,35,Felbermayr et al. (2010),-0.061,0.041,24.390243902439025,-1.4878048780487805,0.02857142857142857,0.1690308509457033,0.053300179088902604,352,2.546542663478131,1,1,0,0,0,0,1,0,0,0,0,0,0,1,0,0,0.0885,1,0,0,0,0,1,0,0,0,1,0,1,0.142,5.266666666666667,0.7215358322347601,1,0,0,0,Review of World Economics ,2010,3.303196057420489,26,1984,2005,Germany,5,1994.5
20,35,Felbermayr et al. (2010),-0.094,0.139,7.194244604316546,-0.6762589928057553,0.02857142857142857,0.1690308509457033,0.053300179088902604,352,2.546542663478131,1,1,0,0,0,1,0,0,0,0,0,0,0,1,0,0,0.0885,1,0,0,0,0,1,0,0,0,1,0,1,0.142,5.266666666666667,0.7215358322347601,1,0,0,0,Review of World Economics ,2010,3.303196057420489,26,1984,2005,Germany,5,1994.5
20,35,Felbermayr et al. (2010),-0.094,0.139,7.194244604316546,-0.6762589928057553,0.02857142857142857,0.1690308509457033,0.053300179088902604,352,2.546542663478131,1,1,0,0,0,1,0,0,0,0,0,0,0,1,0,0,0.0885,1,0,0,0,0,1,0,0,0,1,0,1,0.142,5.266666666666667,0.7215358322347601,1,0,0,0,Review of World Economics ,2010,3.303196057420489,26,1984,2005,Germany,5,1994.5
20,35,Felbermayr et al. (2010),-0.087,0.147,6.802721088435375,-0.5918367346938775,0.02857142857142857,0.1690308509457033,0.053300179088902604,352,2.546542663478131,1,1,0,0,0,1,0,0,0,0,0,0,0,1,0,0,0.0885,1,0,0,0,0,1,0,0,0,1,0,1,0.142,5.266666666666667,0.7215358322347601,1,0,0,0,Review of World Economics ,2010,3.303196057420489,26,1984,2005,Germany,5,1994.5
20,35,Felbermayr et al. (2010),-0.036,0.112,8.928571428571429,-0.3214285714285714,0.02857142857142857,0.1690308509457033,0.053300179088902604,352,2.546542663478131,1,1,0,0,0,1,0,0,0,0,0,0,0,1,0,0,0.0885,1,0,0,0,0,1,0,1,0,1,0,1,0.142,5.266666666666667,0.7215358322347601,1,0,0,0,Review of World Economics ,2010,3.303196057420489,26,1984,2005,Germany,5,1994.5
20,35,Felbermayr et al. (2010),-0.036,0.112,8.928571428571429,-0.3214285714285714,0.02857142857142857,0.1690308509457033,0.053300179088902604,352,2.546542663478131,1,1,0,0,0,1,0,0,0,0,0,0,0,1,0,0,0.0885,1,0,0,0,0,1,0,1,0,1,0,1,0.142,5.266666666666667,0.7215358322347601,1,0,0,0,Review of World Economics ,2010,3.303196057420489,26,1984,2005,Germany,5,1994.5
20,35,Felbermayr et al. (2010),-0.055,0.134,7.462686567164178,-0.4104477611940298,0.02857142857142857,0.1690308509457033,0.053300179088902604,352,2.546542663478131,1,1,0,0,0,1,0,0,0,0,0,0,0,1,0,0,0.0885,1,0,0,0,0,1,0,0,0,1,0,1,0.142,5.266666666666667,0.7215358322347601,1,0,0,0,Review of World Economics ,2010,3.303196057420489,26,1984,2005,Germany,5,1994.5
20,35,Felbermayr et al. (2010),0.078,0.055,18.181818181818183,1.4181818181818182,0.02857142857142857,0.1690308509457033,0.053300179088902604,352,2.546542663478131,1,1,0,0,0,1,0,0,0,0,0,0,0,1,0,0,0.0885,1,0,0,0,0,1,0,0,0,1,0,1,0.142,5.266666666666667,0.7215358322347601,1,0,0,0,Review of World Economics ,2010,3.303196057420489,26,1984,2005,Germany,5,1994.5
20,35,Felbermayr et al. (2010),-0.233,0.069,14.492753623188404,-3.3768115942028984,0.02857142857142857,0.1690308509457033,0.053300179088902604,352,2.546542663478131,1,1,0,0,0,1,0,0,0,0,0,0,0,1,0,0,0.0885,1,0,0,0,0,1,0,0,0,1,0,1,0.142,5.266666666666667,0.7215358322347601,1,0,0,0,Review of World Economics ,2010,3.303196057420489,26,1984,2005,Germany,5,1994.5
20,35,Felbermayr et al. (2010),-0.233,0.069,14.492753623188404,-3.3768115942028984,0.02857142857142857,0.1690308509457033,0.053300179088902604,352,2.546542663478131,1,1,0,0,0,1,0,0,0,0,0,0,0,1,0,0,0.0885,1,0,0,0,0,1,0,0,0,1,0,1,0.142,5.266666666666667,0.7215358322347601,1,0,0,0,Review of World Economics ,2010,3.303196057420489,26,1984,2005,Germany,5,1994.5
20,35,Felbermayr et al. (2010),-0.307,0.053,18.867924528301888,-5.7924528301886795,0.02857142857142857,0.1690308509457033,0.053300179088902604,352,2.546542663478131,1,1,0,0,0,1,0,0,0,0,0,0,0,1,0,0,0.0885,1,0,0,0,0,1,0,0,0,1,0,1,0.142,5.266666666666667,0.7215358322347601,1,0,0,0,Review of World Economics ,2010,3.303196057420489,26,1984,2005,Germany,5,1994.5
20,35,Felbermayr et al. (2010),-0.221,0.069,14.492753623188404,-3.2028985507246372,0.02857142857142857,0.1690308509457033,0.053300179088902604,352,2.546542663478131,1,1,0,0,0,1,0,0,0,0,0,0,0,1,0,0,0.0885,1,0,0,0,0,1,0,1,0,1,0,1,0.142,5.266666666666667,0.7215358322347601,1,0,0,0,Review of World Economics ,2010,3.303196057420489,26,1984,2005,Germany,5,1994.5
20,35,Felbermayr et al. (2010),-0.221,0.069,14.492753623188404,-3.2028985507246372,0.02857142857142857,0.1690308509457033,0.053300179088902604,352,2.546542663478131,1,1,0,0,0,1,0,0,0,0,0,0,0,1,0,0,0.0885,1,0,0,0,0,1,0,1,0,1,0,1,0.142,5.266666666666667,0.7215358322347601,1,0,0,0,Review of World Economics ,2010,3.303196057420489,26,1984,2005,Germany,5,1994.5
20,35,Felbermayr et al. (2010),-0.213,0.076,13.157894736842106,-2.8026315789473686,0.02857142857142857,0.1690308509457033,0.053300179088902604,352,2.546542663478131,1,1,0,0,0,1,0,0,0,0,0,0,0,1,0,0,0.0885,1,0,0,0,0,1,0,0,0,1,0,1,0.142,5.266666666666667,0.7215358322347601,1,0,0,0,Review of World Economics ,2010,3.303196057420489,26,1984,2005,Germany,5,1994.5
20,35,Felbermayr et al. (2010),0.035,0.127,7.874015748031496,0.2755905511811024,0.02857142857142857,0.1690308509457033,0.053300179088902604,352,2.546542663478131,1,1,0,0,0,0,0,0,0,0,0,0,0,1,0,0,0.0885,1,0,0,0,0,1,0,0,0,1,0,1,0.142,5.266666666666667,0.7215358322347601,1,0,0,0,Review of World Economics ,2010,3.303196057420489,26,1984,2005,Germany,5,1994.5
21,62,Gentili & Mazzonna (2024),-0.047,0.182,5.4945054945054945,-0.25824175824175827,0.016129032258064516,0.1270001270001905,0.09128709291752768,120,2.0791812460476247,0,1,1,0,0,0,0,0,1,0,1,0,0,1,0,0,0.239,1,0,0,1,0,0,1,0,0,1,0,1,0.464,1.0,0.0,1,0,0,0,Economica,2024,3.3062105081677613,25,1999,2018,Switzerland,8,2008.5
21,62,Gentili & Mazzonna (2024),-0.063,0.029,34.48275862068965,-2.1724137931034484,0.016129032258064516,0.1270001270001905,0.09128709291752768,120,2.0791812460476247,0,1,1,0,0,0,0,0,1,0,1,0,0,1,0,0,0.239,1,0,0,1,0,0,1,0,0,1,0,1,0.464,1.0,0.0,1,0,0,0,Economica,2024,3.3062105081677613,25,1999,2018,Switzerland,8,2008.5
21,62,Gentili & Mazzonna (2024),-0.033,0.002,500.0,-16.5,0.016129032258064516,0.1270001270001905,0.09128709291752768,120,2.0791812460476247,0,1,1,0,0,0,0,0,1,0,1,0,0,1,0,0,0.239,1,0,0,1,0,0,1,0,0,1,0,1,0.464,1.0,0.0,1,0,0,0,Economica,2024,3.3062105081677613,25,1999,2018,Switzerland,8,2008.5
21,62,Gentili & Mazzonna (2024),0.004,0.038000000000000006,26.315789473684205,0.10526315789473682,0.016129032258064516,0.1270001270001905,0.06454972243679027,240,2.380211241711606,1,1,1,0,0,0,0,0,1,0,1,0,0,1,0,0,0.239,1,0,0,1,0,0,1,0,0,1,0,1,0.464,1.0,0.0,1,0,0,0,Economica,2024,3.3062105081677613,25,1999,2018,Switzerland,8,2008.5
21,62,Gentili & Mazzonna (2024),0.008,0.046,21.73913043478261,0.17391304347826086,0.016129032258064516,0.1270001270001905,0.06454972243679027,240,2.380211241711606,1,1,1,0,0,0,0,0,1,0,1,0,0,1,0,0,0.239,1,0,0,1,0,0,1,0,0,1,0,1,0.464,1.0,0.0,1,0,0,0,Economica,2024,3.3062105081677613,25,1999,2018,Switzerland,8,2008.5
21,62,Gentili & Mazzonna (2024),0.014,0.074,13.513513513513514,0.1891891891891892,0.016129032258064516,0.1270001270001905,0.06454972243679027,240,2.380211241711606,1,1,1,0,0,0,0,0,1,0,1,0,0,1,0,0,0.239,1,0,0,1,0,0,1,0,0,1,0,1,0.464,1.0,0.0,1,0,0,0,Economica,2024,3.3062105081677613,25,1999,2018,Switzerland,8,2008.5
21,62,Gentili & Mazzonna (2024),-0.063,0.097,10.309278350515463,-0.6494845360824743,0.016129032258064516,0.1270001270001905,0.09128709291752768,120,2.0791812460476247,0,1,1,0,0,0,0,0,1,0,1,0,0,1,0,0,0.239,1,0,0,1,0,0,1,0,0,1,0,1,0.464,1.0,0.0,1,0,0,0,Economica,2024,3.3062105081677613,25,1999,2018,Switzerland,8,2008.5
21,62,Gentili & Mazzonna (2024),-0.079,0.084,11.904761904761903,-0.9404761904761905,0.016129032258064516,0.1270001270001905,0.09128709291752768,120,2.0791812460476247,0,1,1,0,0,0,0,0,1,0,1,0,0,1,0,0,0.239,1,0,0,1,0,0,1,0,0,1,0,1,0.464,1.0,0.0,1,0,0,0,Economica,2024,3.3062105081677613,25,1999,2018,Switzerland,8,2008.5
21,62,Gentili & Mazzonna (2024),-0.026,0.174,5.74712643678161,-0.14942528735632185,0.016129032258064516,0.1270001270001905,0.09128709291752768,120,2.0791812460476247,0,1,1,0,0,0,0,0,1,0,1,0,0,1,0,0,0.239,1,0,0,1,0,0,1,0,0,1,0,1,0.464,1.0,0.0,1,0,0,0,Economica,2024,3.3062105081677613,25,1999,2018,Switzerland,8,2008.5
21,62,Gentili & Mazzonna (2024),-0.005,0.034,29.41176470588235,-0.14705882352941177,0.016129032258064516,0.1270001270001905,0.06454972243679027,240,2.380211241711606,1,1,1,0,0,0,0,0,1,0,1,0,0,1,0,0,0.239,1,0,0,1,0,0,1,0,0,1,0,1,0.464,1.0,0.0,1,0,0,0,Economica,2024,3.3062105081677613,25,1999,2018,Switzerland,8,2008.5
21,62,Gentili & Mazzonna (2024),-0.007,0.028,35.714285714285715,-0.25,0.016129032258064516,0.1270001270001905,0.06454972243679027,240,2.380211241711606,1,1,1,0,0,0,0,0,1,0,1,0,0,1,0,0,0.239,1,0,0,1,0,0,1,0,0,1,0,1,0.464,1.0,0.0,1,0,0,0,Economica,2024,3.3062105081677613,25,1999,2018,Switzerland,8,2008.5
21,62,Gentili & Mazzonna (2024),0.018,0.046,21.73913043478261,0.3913043478260869,0.016129032258064516,0.1270001270001905,0.06454972243679027,240,2.380211241711606,1,1,1,0,0,0,0,0,1,0,1,0,0,1,0,0,0.239,1,0,0,1,0,0,1,0,0,1,0,1,0.464,1.0,0.0,1,0,0,0,Economica,2024,3.3062105081677613,25,1999,2018,Switzerland,8,2008.5
21,62,Gentili & Mazzonna (2024),-0.064,0.05,20.0,-1.28,0.016129032258064516,0.1270001270001905,0.09128709291752768,120,2.0791812460476247,0,1,1,0,0,0,0,0,1,0,1,0,0,1,0,0,0.239,1,0,0,1,0,0,1,0,0,1,0,1,0.464,1.0,0.0,1,0,0,0,Economica,2024,3.3062105081677613,25,1999,2018,Switzerland,8,2008.5
21,62,Gentili & Mazzonna (2024),-0.091,0.022999999999999993,43.47826086956523,-3.956521739130436,0.016129032258064516,0.1270001270001905,0.09128709291752768,120,2.0791812460476247,0,1,1,0,0,0,0,0,1,0,1,0,0,1,0,0,0.239,1,0,0,1,0,0,1,0,0,1,0,1,0.464,1.0,0.0,1,0,0,0,Economica,2024,3.3062105081677613,25,1999,2018,Switzerland,8,2008.5
21,62,Gentili & Mazzonna (2024),-0.039,0.192,5.208333333333333,-0.203125,0.016129032258064516,0.1270001270001905,0.09128709291752768,120,2.0791812460476247,0,1,1,0,0,0,0,0,1,0,1,0,0,1,0,0,0.239,1,0,0,1,0,0,1,0,0,1,0,1,0.464,1.0,0.0,1,0,0,0,Economica,2024,3.3062105081677613,25,1999,2018,Switzerland,8,2008.5
21,62,Gentili & Mazzonna (2024),0.01,0.06099999999999999,16.393442622950822,0.1639344262295082,0.016129032258064516,0.1270001270001905,0.06454972243679027,240,2.380211241711606,1,1,1,0,0,0,0,0,1,0,1,0,0,1,0,0,0.239,1,0,0,1,0,0,1,0,0,1,0,1,0.464,1.0,0.0,1,0,0,0,Economica,2024,3.3062105081677613,25,1999,2018,Switzerland,8,2008.5
21,62,Gentili & Mazzonna (2024),0.01,0.04,25.0,0.25,0.016129032258064516,0.1270001270001905,0.06454972243679027,240,2.380211241711606,1,1,1,0,0,0,0,0,1,0,1,0,0,1,0,0,0.239,1,0,0,1,0,0,1,0,0,1,0,1,0.464,1.0,0.0,1,0,0,0,Economica,2024,3.3062105081677613,25,1999,2018,Switzerland,8,2008.5
21,62,Gentili & Mazzonna (2024),0.008,0.11699999999999999,8.547008547008547,0.06837606837606838,0.016129032258064516,0.1270001270001905,0.06454972243679027,240,2.380211241711606,1,1,1,0,0,0,0,0,1,0,1,0,0,1,0,0,0.239,1,0,0,1,0,0,1,0,0,1,0,1,0.464,1.0,0.0,1,0,0,0,Economica,2024,3.3062105081677613,25,1999,2018,Switzerland,8,2008.5
21,62,Gentili & Mazzonna (2024),-0.055,0.20199999999999999,4.9504950495049505,-0.2722772277227723,0.016129032258064516,0.1270001270001905,0.11180339887498948,80,1.9030899869919435,0,1,1,0,0,0,1,0,1,0,1,0,0,1,0,0,0.239,1,0,0,1,0,0,1,0,0,1,0,1,0.464,1.0,0.0,1,0,0,0,Economica,2024,3.3062105081677613,25,1999,2018,Switzerland,8,2008.5
21,62,Gentili & Mazzonna (2024),-0.093,0.096,10.416666666666666,-0.96875,0.016129032258064516,0.1270001270001905,0.11180339887498948,80,1.9030899869919435,0,1,1,0,0,0,1,0,1,0,1,0,0,1,0,0,0.239,1,0,0,1,0,0,1,0,0,1,0,1,0.464,1.0,0.0,1,0,0,0,Economica,2024,3.3062105081677613,25,1999,2018,Switzerland,8,2008.5
21,62,Gentili & Mazzonna (2024),-0.074,0.14200000000000002,7.04225352112676,-0.5211267605633803,0.016129032258064516,0.1270001270001905,0.11180339887498948,80,1.9030899869919435,0,1,1,0,0,0,1,0,1,0,1,0,0,1,0,0,0.239,1,0,0,1,0,0,1,0,0,1,0,1,0.464,1.0,0.0,1,0,0,0,Economica,2024,3.3062105081677613,25,1999,2018,Switzerland,8,2008.5
21,62,Gentili & Mazzonna (2024),0.007,0.06599999999999999,15.151515151515154,0.10606060606060608,0.016129032258064516,0.1270001270001905,0.07905694150420949,160,2.2041199826559246,0,1,1,0,0,0,1,0,1,0,1,0,0,1,0,0,0.239,1,0,0,1,0,0,1,0,0,1,0,1,0.464,1.0,0.0,1,0,0,0,Economica,2024,3.3062105081677613,25,1999,2018,Switzerland,8,2008.5
21,62,Gentili & Mazzonna (2024),0.016,0.048,20.833333333333332,0.3333333333333333,0.016129032258064516,0.1270001270001905,0.07905694150420949,160,2.2041199826559246,0,1,1,0,0,0,1,0,1,0,1,0,0,1,0,0,0.239,1,0,0,1,0,0,1,0,0,1,0,1,0.464,1.0,0.0,1,0,0,0,Economica,2024,3.3062105081677613,25,1999,2018,Switzerland,8,2008.5
21,62,Gentili & Mazzonna (2024),0.044,0.021000000000000005,47.619047619047606,2.0952380952380945,0.016129032258064516,0.1270001270001905,0.07905694150420949,160,2.2041199826559246,0,1,1,0,0,0,1,0,1,0,1,0,0,1,0,0,0.239,1,0,0,1,0,0,1,0,0,1,0,1,0.464,1.0,0.0,1,0,0,0,Economica,2024,3.3062105081677613,25,1999,2018,Switzerland,8,2008.5
21,62,Gentili & Mazzonna (2024),0.002,0.04,25.0,0.05,0.016129032258064516,0.1270001270001905,0.06454972243679027,240,2.380211241711606,1,1,1,0,0,0,0,0,1,0,1,0,0,1,0,0,0.239,1,0,0,1,0,0,1,0,0,1,0,1,0.464,1.0,0.0,1,0,0,0,Economica,2024,3.3062105081677613,25,1999,2018,Switzerland,8,2008.5
21,62,Gentili & Mazzonna (2024),0.001,0.041999999999999996,23.809523809523814,0.02380952380952381,0.016129032258064516,0.1270001270001905,0.06454972243679027,240,2.380211241711606,1,1,1,0,0,0,0,0,1,0,1,0,0,1,0,0,0.239,1,0,0,1,0,0,1,0,0,1,0,1,0.464,1.0,0.0,1,0,0,0,Economica,2024,3.3062105081677613,25,1999,2018,Switzerland,8,2008.5
21,62,Gentili & Mazzonna (2024),0.015,0.044,22.72727272727273,0.34090909090909094,0.016129032258064516,0.1270001270001905,0.06454972243679027,240,2.380211241711606,1,1,1,0,0,0,0,0,1,0,1,0,0,1,0,0,0.239,1,0,0,1,0,0,1,0,0,1,0,1,0.464,1.0,0.0,1,0,0,0,Economica,2024,3.3062105081677613,25,1999,2018,Switzerland,8,2008.5
21,62,Gentili & Mazzonna (2024),0.005,0.038,26.315789473684212,0.13157894736842105,0.016129032258064516,0.1270001270001905,0.06454972243679027,240,2.380211241711606,1,1,1,0,0,0,0,0,1,0,1,0,0,1,0,0,0.239,1,0,0,1,0,0,1,0,0,1,0,1,0.464,1.0,0.0,1,0,0,0,Economica,2024,3.3062105081677613,25,1999,2018,Switzerland,8,2008.5
21,62,Gentili & Mazzonna (2024),0.008,0.046,21.73913043478261,0.17391304347826086,0.016129032258064516,0.1270001270001905,0.06454972243679027,240,2.380211241711606,1,1,1,0,0,0,0,0,1,0,1,0,0,1,0,0,0.239,1,0,0,1,0,0,1,0,0,1,0,1,0.464,1.0,0.0,1,0,0,0,Economica,2024,3.3062105081677613,25,1999,2018,Switzerland,8,2008.5
21,62,Gentili & Mazzonna (2024),0.014,0.077,12.987012987012987,0.18181818181818182,0.016129032258064516,0.1270001270001905,0.06454972243679027,240,2.380211241711606,1,1,1,0,0,0,0,0,1,0,1,0,0,1,0,0,0.239,1,0,0,1,0,0,1,0,0,1,0,1,0.464,1.0,0.0,1,0,0,0,Economica,2024,3.3062105081677613,25,1999,2018,Switzerland,8,2008.5
21,62,Gentili & Mazzonna (2024),-0.005,0.051,19.607843137254903,-0.09803921568627452,0.016129032258064516,0.1270001270001905,0.04564354645876384,480,2.681241237375587,1,1,1,0,0,0,0,0,1,0,1,0,0,1,0,0,0.239,1,0,0,1,0,0,1,0,0,1,0,1,0.464,1.0,0.0,1,0,0,0,Economica,2024,3.3062105081677613,25,1999,2018,Switzerland,8,2008.5
21,62,Gentili & Mazzonna (2024),0.005,0.047,21.27659574468085,0.10638297872340426,0.016129032258064516,0.1270001270001905,0.04564354645876384,480,2.681241237375587,1,1,1,0,0,0,0,0,1,0,1,0,0,1,0,0,0.239,1,0,0,1,0,0,1,0,0,1,0,1,0.464,1.0,0.0,1,0,0,0,Economica,2024,3.3062105081677613,25,1999,2018,Switzerland,8,2008.5
21,62,Gentili & Mazzonna (2024),-0.034,0.047,21.27659574468085,-0.723404255319149,0.016129032258064516,0.1270001270001905,0.07453559924999299,180,2.255272505103306,0,1,1,0,0,0,0,0,1,0,1,0,0,1,0,0,0.239,1,0,0,1,0,0,1,0,0,1,0,1,0.464,1.0,0.0,1,0,0,0,Economica,2024,3.3062105081677613,25,1999,2018,Switzerland,8,2008.5
21,62,Gentili & Mazzonna (2024),-0.032,0.05,20.0,-0.64,0.016129032258064516,0.1270001270001905,0.07453559924999299,180,2.255272505103306,0,1,1,0,0,0,0,0,1,0,1,0,0,1,0,0,0.239,1,0,0,1,0,0,1,0,0,1,0,1,0.464,1.0,0.0,1,0,0,0,Economica,2024,3.3062105081677613,25,1999,2018,Switzerland,8,2008.5
21,62,Gentili & Mazzonna (2024),0.005,0.165,6.0606060606060606,0.030303030303030304,0.016129032258064516,0.1270001270001905,0.11180339887498948,80,1.9030899869919435,0,1,1,0,0,0,0,0,1,0,1,0,0,1,0,0,0.239,1,0,0,1,0,0,1,0,0,1,0,1,0.464,1.0,0.0,1,0,0,0,Economica,2024,3.3062105081677613,25,1999,2018,Switzerland,8,2008.5
21,62,Gentili & Mazzonna (2024),-0.065,0.12,8.333333333333334,-0.5416666666666667,0.016129032258064516,0.1270001270001905,0.11180339887498948,80,1.9030899869919435,0,1,1,0,0,0,0,0,1,0,1,0,0,1,0,0,0.239,1,0,0,1,0,0,1,0,0,1,0,1,0.464,1.0,0.0,1,0,0,0,Economica,2024,3.3062105081677613,25,1999,2018,Switzerland,8,2008.5
21,62,Gentili & Mazzonna (2024),-0.062,0.005999999999999998,166.6666666666667,-10.333333333333336,0.016129032258064516,0.1270001270001905,0.11180339887498948,80,1.9030899869919435,0,1,1,0,0,0,0,0,1,0,1,0,0,1,0,0,0.239,1,0,0,1,0,0,1,0,0,1,0,1,0.464,1.0,0.0,1,0,0,0,Economica,2024,3.3062105081677613,25,1999,2018,Switzerland,8,2008.5
21,62,Gentili & Mazzonna (2024),0.0,0.048,20.833333333333332,0.0,0.016129032258064516,0.1270001270001905,0.07905694150420949,160,2.2041199826559246,0,1,1,0,0,0,0,0,1,0,1,0,0,1,0,0,0.239,1,0,0,1,0,0,1,0,0,1,0,1,0.464,1.0,0.0,1,0,0,0,Economica,2024,3.3062105081677613,25,1999,2018,Switzerland,8,2008.5
21,62,Gentili & Mazzonna (2024),0.002,0.031,32.25806451612903,0.06451612903225806,0.016129032258064516,0.1270001270001905,0.07905694150420949,160,2.2041199826559246,0,1,1,0,0,0,0,0,1,0,1,0,0,1,0,0,0.239,1,0,0,1,0,0,1,0,0,1,0,1,0.464,1.0,0.0,1,0,0,0,Economica,2024,3.3062105081677613,25,1999,2018,Switzerland,8,2008.5
21,62,Gentili & Mazzonna (2024),0.02,0.029,34.48275862068965,0.689655172413793,0.016129032258064516,0.1270001270001905,0.07905694150420949,160,2.2041199826559246,0,1,1,0,0,0,0,0,1,0,1,0,0,1,0,0,0.239,1,0,0,1,0,0,1,0,0,1,0,1,0.464,1.0,0.0,1,0,0,0,Economica,2024,3.3062105081677613,25,1999,2018,Switzerland,8,2008.5
21,62,Gentili & Mazzonna (2024),-0.008,0.14600000000000002,6.84931506849315,-0.0547945205479452,0.016129032258064516,0.1270001270001905,0.11180339887498948,80,1.9030899869919435,0,1,1,0,0,0,0,0,1,0,1,0,0,1,0,0,0.239,1,0,0,1,0,0,1,0,0,1,0,1,0.464,1.0,0.0,1,0,0,0,Economica,2024,3.3062105081677613,25,1999,2018,Switzerland,8,2008.5
21,62,Gentili & Mazzonna (2024),-0.021,0.132,7.575757575757575,-0.1590909090909091,0.016129032258064516,0.1270001270001905,0.11180339887498948,80,1.9030899869919435,0,1,1,0,0,0,0,0,1,0,1,0,0,1,0,0,0.239,1,0,0,1,0,0,1,0,0,1,0,1,0.464,1.0,0.0,1,0,0,0,Economica,2024,3.3062105081677613,25,1999,2018,Switzerland,8,2008.5
21,62,Gentili & Mazzonna (2024),0.02,0.006999999999999999,142.85714285714286,2.8571428571428577,0.016129032258064516,0.1270001270001905,0.11180339887498948,80,1.9030899869919435,0,1,1,0,0,0,0,0,1,0,1,0,0,1,0,0,0.239,1,0,0,1,0,0,1,0,0,1,0,1,0.464,1.0,0.0,1,0,0,0,Economica,2024,3.3062105081677613,25,1999,2018,Switzerland,8,2008.5
21,62,Gentili & Mazzonna (2024),0.016,0.14600000000000002,6.84931506849315,0.1095890410958904,0.016129032258064516,0.1270001270001905,0.07905694150420949,160,2.2041199826559246,0,1,1,0,0,0,0,0,1,0,1,0,0,1,0,0,0.239,1,0,0,1,0,0,1,0,0,1,0,1,0.464,1.0,0.0,1,0,0,0,Economica,2024,3.3062105081677613,25,1999,2018,Switzerland,8,2008.5
21,62,Gentili & Mazzonna (2024),0.012,0.17099999999999999,5.847953216374269,0.07017543859649124,0.016129032258064516,0.1270001270001905,0.07905694150420949,160,2.2041199826559246,0,1,1,0,0,0,0,0,1,0,1,0,0,1,0,0,0.239,1,0,0,1,0,0,1,0,0,1,0,1,0.464,1.0,0.0,1,0,0,0,Economica,2024,3.3062105081677613,25,1999,2018,Switzerland,8,2008.5
21,62,Gentili & Mazzonna (2024),-0.063,0.184,5.434782608695652,-0.3423913043478261,0.016129032258064516,0.1270001270001905,0.07905694150420949,160,2.2041199826559246,0,1,1,0,0,0,0,0,1,0,1,0,0,1,0,0,0.239,1,0,0,1,0,0,1,0,0,1,0,1,0.464,1.0,0.0,1,0,0,0,Economica,2024,3.3062105081677613,25,1999,2018,Switzerland,8,2008.5
21,62,Gentili & Mazzonna (2024),-0.054,0.107,9.345794392523365,-0.5046728971962617,0.016129032258064516,0.1270001270001905,0.09128709291752768,120,2.0791812460476247,0,1,1,0,0,0,0,0,1,0,1,0,0,1,0,0,0.239,1,0,0,1,0,0,1,0,0,1,0,1,0.464,1.0,0.0,1,0,0,0,Economica,2024,3.3062105081677613,25,1999,2018,Switzerland,8,2008.5
21,62,Gentili & Mazzonna (2024),-0.033,0.028,35.714285714285715,-1.1785714285714286,0.016129032258064516,0.1270001270001905,0.09128709291752768,120,2.0791812460476247,0,1,1,0,0,0,0,0,1,0,1,0,0,1,0,0,0.239,1,0,0,1,0,0,1,0,0,1,0,1,0.464,1.0,0.0,1,0,0,0,Economica,2024,3.3062105081677613,25,1999,2018,Switzerland,8,2008.5
21,62,Gentili & Mazzonna (2024),-0.03,0.078,12.820512820512821,-0.3846153846153846,0.016129032258064516,0.1270001270001905,0.06454972243679027,240,2.380211241711606,1,1,1,0,0,0,0,0,1,0,1,0,0,1,0,0,0.239,1,0,0,1,0,0,1,0,0,1,0,1,0.464,1.0,0.0,1,0,0,0,Economica,2024,3.3062105081677613,25,1999,2018,Switzerland,8,2008.5
21,62,Gentili & Mazzonna (2024),-0.047,0.021,47.61904761904761,-2.238095238095238,0.016129032258064516,0.1270001270001905,0.06454972243679027,240,2.380211241711606,1,1,1,0,0,0,0,0,1,0,1,0,0,1,0,0,0.239,1,0,0,1,0,0,1,0,0,1,0,1,0.464,1.0,0.0,1,0,0,0,Economica,2024,3.3062105081677613,25,1999,2018,Switzerland,8,2008.5
21,62,Gentili & Mazzonna (2024),-0.051,0.177,5.649717514124294,-0.288135593220339,0.016129032258064516,0.1270001270001905,0.09128709291752768,120,2.0791812460476247,0,1,1,0,0,0,0,0,1,0,1,0,0,1,0,0,0.239,1,0,0,1,0,0,1,0,0,1,0,1,0.464,1.0,0.0,1,0,0,0,Economica,2024,3.3062105081677613,25,1999,2018,Switzerland,8,2008.5
21,62,Gentili & Mazzonna (2024),-0.06,0.033,30.3030303030303,-1.8181818181818181,0.016129032258064516,0.1270001270001905,0.09128709291752768,120,2.0791812460476247,0,1,1,0,0,0,0,0,1,0,1,0,0,1,0,0,0.239,1,0,0,1,0,0,1,0,0,1,0,1,0.464,1.0,0.0,1,0,0,0,Economica,2024,3.3062105081677613,25,1999,2018,Switzerland,8,2008.5
21,62,Gentili & Mazzonna (2024),-0.028,0.005000000000000001,199.99999999999997,-5.599999999999999,0.016129032258064516,0.1270001270001905,0.09128709291752768,120,2.0791812460476247,0,1,1,0,0,0,0,0,1,0,1,0,0,1,0,0,0.239,1,0,0,1,0,0,1,0,0,1,0,1,0.464,1.0,0.0,1,0,0,0,Economica,2024,3.3062105081677613,25,1999,2018,Switzerland,8,2008.5
21,62,Gentili & Mazzonna (2024),-0.025,0.028,35.714285714285715,-0.8928571428571429,0.016129032258064516,0.1270001270001905,0.06454972243679027,240,2.380211241711606,1,1,1,0,0,0,0,0,1,0,1,0,0,1,0,0,0.239,1,0,0,1,0,0,1,0,0,1,0,1,0.464,1.0,0.0,1,0,0,0,Economica,2024,3.3062105081677613,25,1999,2018,Switzerland,8,2008.5
21,62,Gentili & Mazzonna (2024),0.009,0.033,30.3030303030303,0.2727272727272727,0.016129032258064516,0.1270001270001905,0.06454972243679027,240,2.380211241711606,1,1,1,0,0,0,0,0,1,0,1,0,0,1,0,0,0.239,1,0,0,1,0,0,1,0,0,1,0,1,0.464,1.0,0.0,1,0,0,0,Economica,2024,3.3062105081677613,25,1999,2018,Switzerland,8,2008.5
21,62,Gentili & Mazzonna (2024),0.031,0.049,20.408163265306122,0.6326530612244897,0.016129032258064516,0.1270001270001905,0.06454972243679027,240,2.380211241711606,1,1,1,0,0,0,0,0,1,0,1,0,0,1,0,0,0.239,1,0,0,1,0,0,1,0,0,1,0,1,0.464,1.0,0.0,1,0,0,0,Economica,2024,3.3062105081677613,25,1999,2018,Switzerland,8,2008.5
21,62,Gentili & Mazzonna (2024),-0.028,0.163,6.134969325153374,-0.17177914110429449,0.016129032258064516,0.1270001270001905,0.09128709291752768,120,2.0791812460476247,0,1,1,0,0,0,0,0,1,0,1,0,0,1,0,0,0.239,1,0,0,1,0,0,1,0,0,1,0,1,0.464,1.0,0.0,1,0,0,0,Economica,2024,3.3062105081677613,25,1999,2018,Switzerland,8,2008.5
21,62,Gentili & Mazzonna (2024),-0.069,0.04000000000000001,24.999999999999996,-1.7249999999999999,0.016129032258064516,0.1270001270001905,0.09128709291752768,120,2.0791812460476247,0,1,1,0,0,0,0,0,1,0,1,0,0,1,0,0,0.239,1,0,0,1,0,0,1,0,0,1,0,1,0.464,1.0,0.0,1,0,0,0,Economica,2024,3.3062105081677613,25,1999,2018,Switzerland,8,2008.5
21,62,Gentili & Mazzonna (2024),-0.042,0.042,23.809523809523807,-1.0,0.016129032258064516,0.1270001270001905,0.09128709291752768,120,2.0791812460476247,0,1,1,0,0,0,0,0,1,0,1,0,0,1,0,0,0.239,1,0,0,1,0,0,1,0,0,1,0,1,0.464,1.0,0.0,1,0,0,0,Economica,2024,3.3062105081677613,25,1999,2018,Switzerland,8,2008.5
21,62,Gentili & Mazzonna (2024),0.011,0.041999999999999996,23.809523809523814,0.2619047619047619,0.016129032258064516,0.1270001270001905,0.06454972243679027,240,2.380211241711606,1,1,1,0,0,0,0,0,1,0,1,0,0,1,0,0,0.239,1,0,0,1,0,0,1,0,0,1,0,1,0.464,1.0,0.0,1,0,0,0,Economica,2024,3.3062105081677613,25,1999,2018,Switzerland,8,2008.5
21,62,Gentili & Mazzonna (2024),0.022,0.08099999999999999,12.34567901234568,0.271604938271605,0.016129032258064516,0.1270001270001905,0.06454972243679027,240,2.380211241711606,1,1,1,0,0,0,0,0,1,0,1,0,0,1,0,0,0.239,1,0,0,1,0,0,1,0,0,1,0,1,0.464,1.0,0.0,1,0,0,0,Economica,2024,3.3062105081677613,25,1999,2018,Switzerland,8,2008.5
21,62,Gentili & Mazzonna (2024),0.032,0.10200000000000001,9.80392156862745,0.3137254901960784,0.016129032258064516,0.1270001270001905,0.06454972243679027,240,2.380211241711606,1,1,1,0,0,0,0,0,1,0,1,0,0,1,0,0,0.239,1,0,0,1,0,0,1,0,0,1,0,1,0.464,1.0,0.0,1,0,0,0,Economica,2024,3.3062105081677613,25,1999,2018,Switzerland,8,2008.5
22,6,Gerfin & Kaiser (2010),-0.05,0.06,16.666666666666668,-0.8333333333333334,0.16666666666666666,0.408248290463863,0.06804138174397717,216,2.3344537511509307,1,1,0,0,0,0,0,0,1,0,1,0,0,1,0,0,0.216,1,0,0,1,0,0,1,1,1,1,0,1,0.032,4.666666666666667,0.6690067809585756,1,0,0,0,Swiss Journal of Economics and Statistics,2010,3.303196057420489,19,1991,2008,Switzerland,8,1999.5
22,6,Gerfin & Kaiser (2010),-0.19,0.06,16.666666666666668,-3.166666666666667,0.16666666666666666,0.408248290463863,0.06804138174397717,216,2.3344537511509307,1,1,0,0,0,0,0,0,1,0,1,0,0,1,0,0,0.216,1,0,0,1,0,0,1,1,1,1,0,1,0.032,4.666666666666667,0.6690067809585756,1,0,0,0,Swiss Journal of Economics and Statistics,2010,3.303196057420489,19,1991,2008,Switzerland,8,1999.5
22,6,Gerfin & Kaiser (2010),-0.14,0.06,16.666666666666668,-2.3333333333333335,0.16666666666666666,0.408248290463863,0.06804138174397717,216,2.3344537511509307,1,1,0,0,0,0,0,0,1,0,1,0,0,1,0,0,0.216,1,0,0,1,0,0,1,1,1,1,0,1,0.032,4.666666666666667,0.6690067809585756,1,0,0,0,Swiss Journal of Economics and Statistics,2010,3.303196057420489,19,1991,2008,Switzerland,8,1999.5
22,6,Gerfin & Kaiser (2010),-0.07,0.06,16.666666666666668,-1.1666666666666667,0.16666666666666666,0.408248290463863,0.06804138174397717,216,2.3344537511509307,1,1,0,0,0,0,0,0,1,0,1,0,0,1,0,0,0.216,1,0,0,1,0,0,1,0,1,1,0,1,0.032,4.666666666666667,0.6690067809585756,1,0,0,0,Swiss Journal of Economics and Statistics,2010,3.303196057420489,19,1991,2008,Switzerland,8,1999.5
22,6,Gerfin & Kaiser (2010),-0.23,0.07,14.285714285714285,-3.2857142857142856,0.16666666666666666,0.408248290463863,0.06804138174397717,216,2.3344537511509307,1,1,0,0,0,0,0,0,1,0,1,0,0,1,0,0,0.216,1,0,0,1,0,0,1,0,1,1,0,1,0.032,4.666666666666667,0.6690067809585756,1,0,0,0,Swiss Journal of Economics and Statistics,2010,3.303196057420489,19,1991,2008,Switzerland,8,1999.5
22,6,Gerfin & Kaiser (2010),-0.16,0.06,16.666666666666668,-2.666666666666667,0.16666666666666666,0.408248290463863,0.06804138174397717,216,2.3344537511509307,1,1,0,0,0,0,0,0,1,0,1,0,0,1,0,0,0.216,1,0,0,1,0,0,1,0,1,1,0,1,0.032,4.666666666666667,0.6690067809585756,1,0,0,0,Swiss Journal of Economics and Statistics,2010,3.303196057420489,19,1991,2008,Switzerland,8,1999.5
23,24,Goldsmith-Pinkham et al. (2020),-0.02,0.01,100.0,-2.0,0.041666666666666664,0.2041241452319315,0.08980265101338746,124,2.093421685162235,0,0,0,0,0,0,1,1,0,1,1,1,0,0,0,1,0.105,0,0,0,0,0,1,0,1,0,0,0,0,2.884,494.8,2.694429690957083,1,1,1,0,American Economic Review,2020,3.305351369446624,20,2000,2000,US,10,2000.0
23,24,Goldsmith-Pinkham et al. (2020),-0.02,0.01,100.0,-2.0,0.041666666666666664,0.2041241452319315,0.08980265101338746,124,2.093421685162235,0,0,0,0,0,0,1,1,0,1,1,1,0,0,0,1,0.105,0,0,0,0,0,1,0,0,0,0,0,0,2.884,494.8,2.694429690957083,1,1,1,0,American Economic Review,2020,3.305351369446624,20,2000,2000,US,10,2000.0
23,24,Goldsmith-Pinkham et al. (2020),-0.02,0.01,100.0,-2.0,0.041666666666666664,0.2041241452319315,0.08980265101338746,124,2.093421685162235,0,0,0,0,0,0,1,1,0,1,1,1,0,0,0,1,0.105,0,0,0,0,0,1,0,0,0,0,0,0,2.884,494.8,2.694429690957083,1,1,1,0,American Economic Review,2020,3.305351369446624,20,2000,2000,US,10,2000.0
23,24,Goldsmith-Pinkham et al. (2020),-0.03,0.01,100.0,-3.0,0.041666666666666664,0.2041241452319315,0.08980265101338746,124,2.093421685162235,0,0,0,0,0,0,1,1,0,1,1,1,0,0,0,1,0.105,0,0,0,0,0,1,0,0,0,0,0,0,2.884,494.8,2.694429690957083,1,1,1,0,American Economic Review,2020,3.305351369446624,20,2000,2000,US,10,2000.0
23,24,Goldsmith-Pinkham et al. (2020),-0.03,0.01,100.0,-3.0,0.041666666666666664,0.2041241452319315,0.08980265101338746,124,2.093421685162235,0,0,0,0,0,0,1,1,0,1,1,1,0,0,0,1,0.105,0,0,0,0,0,1,0,0,0,0,0,0,2.884,494.8,2.694429690957083,1,1,1,0,American Economic Review,2020,3.305351369446624,20,2000,2000,US,10,2000.0
23,24,Goldsmith-Pinkham et al. (2020),0.03,0.01,100.0,3.0,0.041666666666666664,0.2041241452319315,0.08980265101338746,124,2.093421685162235,0,0,0,0,0,0,1,1,0,1,1,1,0,0,0,1,0.105,0,0,0,0,0,1,0,0,0,0,0,0,2.884,494.8,2.694429690957083,1,1,1,0,American Economic Review,2020,3.305351369446624,20,2000,2000,US,10,2000.0
23,24,Goldsmith-Pinkham et al. (2020),-0.03,0.01,100.0,-3.0,0.041666666666666664,0.2041241452319315,0.08980265101338746,124,2.093421685162235,0,0,0,0,0,0,1,1,0,1,1,1,0,0,0,1,0.105,0,0,0,0,0,1,0,1,0,0,1,1,2.884,494.8,2.694429690957083,1,1,1,0,American Economic Review,2020,3.305351369446624,20,2000,2000,US,10,2000.0
23,24,Goldsmith-Pinkham et al. (2020),-0.04,0.01,100.0,-4.0,0.041666666666666664,0.2041241452319315,0.08980265101338746,124,2.093421685162235,0,0,0,0,0,0,1,1,0,1,1,1,0,0,0,1,0.105,0,0,0,0,0,1,0,0,0,0,1,1,2.884,494.8,2.694429690957083,1,1,1,0,American Economic Review,2020,3.305351369446624,20,2000,2000,US,10,2000.0
23,24,Goldsmith-Pinkham et al. (2020),-0.04,0.01,100.0,-4.0,0.041666666666666664,0.2041241452319315,0.08980265101338746,124,2.093421685162235,0,0,0,0,0,0,1,1,0,1,1,1,0,0,0,1,0.105,0,0,0,0,0,1,0,0,0,0,1,1,2.884,494.8,2.694429690957083,1,1,1,0,American Economic Review,2020,3.305351369446624,20,2000,2000,US,10,2000.0
23,24,Goldsmith-Pinkham et al. (2020),-0.04,0.01,100.0,-4.0,0.041666666666666664,0.2041241452319315,0.08980265101338746,124,2.093421685162235,0,0,0,0,0,0,1,1,0,1,1,1,0,0,0,1,0.105,0,0,0,0,0,1,0,0,0,0,1,1,2.884,494.8,2.694429690957083,1,1,1,0,American Economic Review,2020,3.305351369446624,20,2000,2000,US,10,2000.0
23,24,Goldsmith-Pinkham et al. (2020),-0.04,0.01,100.0,-4.0,0.041666666666666664,0.2041241452319315,0.08980265101338746,124,2.093421685162235,0,0,0,0,0,0,1,1,0,1,1,1,0,0,0,1,0.105,0,0,0,0,0,1,0,0,0,0,1,1,2.884,494.8,2.694429690957083,1,1,1,0,American Economic Review,2020,3.305351369446624,20,2000,2000,US,10,2000.0
23,24,Goldsmith-Pinkham et al. (2020),0.02,0.005,200.0,4.0,0.041666666666666664,0.2041241452319315,0.08980265101338746,124,2.093421685162235,0,0,0,0,0,0,1,1,0,1,1,1,0,0,0,1,0.105,0,0,0,0,0,1,0,0,0,0,1,1,2.884,494.8,2.694429690957083,1,1,1,0,American Economic Review,2020,3.305351369446624,20,2000,2000,US,10,2000.0
23,24,Goldsmith-Pinkham et al. (2020),-0.06,0.01,100.0,-6.0,0.041666666666666664,0.2041241452319315,0.08980265101338746,124,2.093421685162235,0,0,0,0,0,1,0,1,0,1,1,1,0,0,0,1,0.105,0,0,0,0,0,1,0,1,0,0,0,0,2.884,494.8,2.694429690957083,1,1,1,0,American Economic Review,2020,3.305351369446624,20,2000,2000,US,10,2000.0
23,24,Goldsmith-Pinkham et al. (2020),-0.08,0.01,100.0,-8.0,0.041666666666666664,0.2041241452319315,0.08980265101338746,124,2.093421685162235,0,0,0,0,0,1,0,1,0,1,1,1,0,0,0,1,0.105,0,0,0,0,0,1,0,0,0,0,0,0,2.884,494.8,2.694429690957083,1,1,1,0,American Economic Review,2020,3.305351369446624,20,2000,2000,US,10,2000.0
23,24,Goldsmith-Pinkham et al. (2020),-0.06,0.01,100.0,-6.0,0.041666666666666664,0.2041241452319315,0.08980265101338746,124,2.093421685162235,0,0,0,0,0,1,0,1,0,1,1,1,0,0,0,1,0.105,0,0,0,0,0,1,0,0,0,0,0,0,2.884,494.8,2.694429690957083,1,1,1,0,American Economic Review,2020,3.305351369446624,20,2000,2000,US,10,2000.0
23,24,Goldsmith-Pinkham et al. (2020),-0.06,0.01,100.0,-6.0,0.041666666666666664,0.2041241452319315,0.08980265101338746,124,2.093421685162235,0,0,0,0,0,1,0,1,0,1,1,1,0,0,0,1,0.105,0,0,0,0,0,1,0,0,0,0,0,0,2.884,494.8,2.694429690957083,1,1,1,0,American Economic Review,2020,3.305351369446624,20,2000,2000,US,10,2000.0
23,24,Goldsmith-Pinkham et al. (2020),-0.06,0.01,100.0,-6.0,0.041666666666666664,0.2041241452319315,0.08980265101338746,124,2.093421685162235,0,0,0,0,0,1,0,1,0,1,1,1,0,0,0,1,0.105,0,0,0,0,0,1,0,0,0,0,0,0,2.884,494.8,2.694429690957083,1,1,1,0,American Economic Review,2020,3.305351369446624,20,2000,2000,US,10,2000.0
23,24,Goldsmith-Pinkham et al. (2020),0.04,0.01,100.0,4.0,0.041666666666666664,0.2041241452319315,0.08980265101338746,124,2.093421685162235,0,0,0,0,0,1,0,1,0,1,1,1,0,0,0,1,0.105,0,0,0,0,0,1,0,0,0,0,0,0,2.884,494.8,2.694429690957083,1,1,1,0,American Economic Review,2020,3.305351369446624,20,2000,2000,US,10,2000.0
23,24,Goldsmith-Pinkham et al. (2020),-0.06,0.01,100.0,-6.0,0.041666666666666664,0.2041241452319315,0.08980265101338746,124,2.093421685162235,0,0,0,0,0,1,0,1,0,1,1,1,0,0,0,1,0.105,0,0,0,0,0,1,0,1,0,0,1,1,2.884,494.8,2.694429690957083,1,1,1,0,American Economic Review,2020,3.305351369446624,20,2000,2000,US,10,2000.0
23,24,Goldsmith-Pinkham et al. (2020),-0.08,0.01,100.0,-8.0,0.041666666666666664,0.2041241452319315,0.08980265101338746,124,2.093421685162235,0,0,0,0,0,1,0,1,0,1,1,1,0,0,0,1,0.105,0,0,0,0,0,1,0,0,0,0,1,1,2.884,494.8,2.694429690957083,1,1,1,0,American Economic Review,2020,3.305351369446624,20,2000,2000,US,10,2000.0
23,24,Goldsmith-Pinkham et al. (2020),-0.06,0.01,100.0,-6.0,0.041666666666666664,0.2041241452319315,0.08980265101338746,124,2.093421685162235,0,0,0,0,0,1,0,1,0,1,1,1,0,0,0,1,0.105,0,0,0,0,0,1,0,0,0,0,1,1,2.884,494.8,2.694429690957083,1,1,1,0,American Economic Review,2020,3.305351369446624,20,2000,2000,US,10,2000.0
23,24,Goldsmith-Pinkham et al. (2020),-0.07,0.01,100.0,-7.000000000000001,0.041666666666666664,0.2041241452319315,0.08980265101338746,124,2.093421685162235,0,0,0,0,0,1,0,1,0,1,1,1,0,0,0,1,0.105,0,0,0,0,0,1,0,0,0,0,1,1,2.884,494.8,2.694429690957083,1,1,1,0,American Economic Review,2020,3.305351369446624,20,2000,2000,US,10,2000.0
23,24,Goldsmith-Pinkham et al. (2020),-0.06,0.01,100.0,-6.0,0.041666666666666664,0.2041241452319315,0.08980265101338746,124,2.093421685162235,0,0,0,0,0,1,0,1,0,1,1,1,0,0,0,1,0.105,0,0,0,0,0,1,0,0,0,0,1,1,2.884,494.8,2.694429690957083,1,1,1,0,American Economic Review,2020,3.305351369446624,20,2000,2000,US,10,2000.0
23,24,Goldsmith-Pinkham et al. (2020),0.04,0.005,200.0,8.0,0.041666666666666664,0.2041241452319315,0.08980265101338746,124,2.093421685162235,0,0,0,0,0,1,0,1,0,1,1,1,0,0,0,1,0.105,0,0,0,0,0,1,0,0,0,0,1,1,2.884,494.8,2.694429690957083,1,1,1,0,American Economic Review,2020,3.305351369446624,20,2000,2000,US,10,2000.0
24,17,Gunadi (2019),-0.075,0.035,28.57142857142857,-2.142857142857143,0.058823529411764705,0.24253562503633297,0.0545544725589981,336,2.526339277389844,1,1,1,0,0,0,0,1,0,1,1,1,0,0,0,1,0.125,0,0,0,1,0,0,1,0,0,1,1,1,0.67,2.5,0.3979400086720376,1,0,0,0,Labour Economics,2019,3.305136318943639,19,2000,2015,US,10,2007.5
24,17,Gunadi (2019),-0.072,0.038,26.315789473684212,-1.894736842105263,0.058823529411764705,0.24253562503633297,0.0545544725589981,336,2.526339277389844,1,1,1,0,0,0,0,1,0,1,1,1,0,0,0,1,0.125,0,0,0,1,0,0,1,0,0,1,1,1,0.67,2.5,0.3979400086720376,1,0,0,0,Labour Economics,2019,3.305136318943639,19,2000,2015,US,10,2007.5
24,17,Gunadi (2019),-0.07,0.033,30.3030303030303,-2.121212121212121,0.058823529411764705,0.24253562503633297,0.0545544725589981,336,2.526339277389844,1,1,1,0,0,0,0,1,0,1,1,1,0,0,0,1,0.125,0,0,0,1,0,0,1,0,0,1,1,1,0.67,2.5,0.3979400086720376,1,0,0,0,Labour Economics,2019,3.305136318943639,19,2000,2015,US,10,2007.5
24,17,Gunadi (2019),-0.066,0.035,28.57142857142857,-1.8857142857142857,0.058823529411764705,0.24253562503633297,0.0545544725589981,336,2.526339277389844,1,1,1,0,0,0,0,1,0,1,1,1,0,0,0,1,0.125,0,0,0,1,0,0,1,0,0,1,1,1,0.67,2.5,0.3979400086720376,1,0,0,0,Labour Economics,2019,3.305136318943639,19,2000,2015,US,10,2007.5
24,17,Gunadi (2019),-0.07,0.027,37.03703703703704,-2.592592592592593,0.058823529411764705,0.24253562503633297,0.0545544725589981,336,2.526339277389844,1,1,1,0,0,0,0,1,0,1,1,0,0,1,0,1,0.125,0,0,0,1,0,0,1,0,0,1,1,1,0.67,2.5,0.3979400086720376,1,0,0,0,Labour Economics,2019,3.305136318943639,19,2000,2015,US,10,2007.5
24,17,Gunadi (2019),-0.068,0.029,34.48275862068965,-2.344827586206897,0.058823529411764705,0.24253562503633297,0.0545544725589981,336,2.526339277389844,1,1,1,0,0,0,0,1,0,1,1,0,0,1,0,1,0.125,0,0,0,1,0,0,1,0,0,1,1,1,0.67,2.5,0.3979400086720376,1,0,0,0,Labour Economics,2019,3.305136318943639,19,2000,2015,US,10,2007.5
24,17,Gunadi (2019),-0.056,0.029,34.48275862068965,-1.9310344827586206,0.058823529411764705,0.24253562503633297,0.0472455591261534,448,2.651278013998144,1,1,1,0,0,0,0,1,0,1,1,1,0,0,0,1,0.125,0,0,0,1,0,0,1,0,0,1,1,1,0.67,2.5,0.3979400086720376,1,0,0,0,Labour Economics,2019,3.305136318943639,19,2000,2015,US,10,2007.5
24,17,Gunadi (2019),-0.08,0.026,38.46153846153846,-3.076923076923077,0.058823529411764705,0.24253562503633297,0.0472455591261534,448,2.651278013998144,1,1,1,0,0,0,0,1,0,1,1,1,0,0,0,1,0.125,0,0,0,1,0,0,1,0,0,1,1,1,0.67,2.5,0.3979400086720376,1,0,0,0,Labour Economics,2019,3.305136318943639,19,2000,2015,US,10,2007.5
24,17,Gunadi (2019),-0.066,0.027,37.03703703703704,-2.4444444444444446,0.058823529411764705,0.24253562503633297,0.042257712736425826,560,2.7481880270062002,1,1,1,0,0,0,0,1,0,1,1,1,0,0,0,1,0.125,0,0,0,1,0,0,1,0,0,1,1,1,0.67,2.5,0.3979400086720376,1,0,0,0,Labour Economics,2019,3.305136318943639,19,2000,2015,US,10,2007.5
24,17,Gunadi (2019),-0.086,0.024,41.666666666666664,-3.583333333333333,0.058823529411764705,0.24253562503633297,0.042257712736425826,560,2.7481880270062002,1,1,1,0,0,0,0,1,0,1,1,1,0,0,0,1,0.125,0,0,0,1,0,0,1,0,0,1,1,1,0.67,2.5,0.3979400086720376,1,0,0,0,Labour Economics,2019,3.305136318943639,19,2000,2015,US,10,2007.5
24,17,Gunadi (2019),-0.087,0.037,27.027027027027028,-2.3513513513513513,0.058823529411764705,0.24253562503633297,0.0545544725589981,336,2.526339277389844,1,1,1,0,0,0,0,1,0,1,1,1,0,0,0,1,0.125,0,0,0,1,0,0,1,0,0,1,1,1,0.67,2.5,0.3979400086720376,1,0,0,0,Labour Economics,2019,3.305136318943639,19,2000,2015,US,10,2007.5
24,17,Gunadi (2019),-0.076,0.036,27.77777777777778,-2.111111111111111,0.058823529411764705,0.24253562503633297,0.0545544725589981,336,2.526339277389844,1,1,1,0,0,0,0,1,0,1,1,1,0,0,0,1,0.125,0,0,0,1,0,0,1,0,0,1,1,1,0.67,2.5,0.3979400086720376,1,0,0,0,Labour Economics,2019,3.305136318943639,19,2000,2015,US,10,2007.5
24,17,Gunadi (2019),-0.076,0.029,34.48275862068965,-2.6206896551724137,0.058823529411764705,0.24253562503633297,0.0545544725589981,336,2.526339277389844,1,1,1,0,0,0,0,1,0,1,1,0,0,1,0,1,0.125,0,0,0,1,0,0,1,0,0,1,1,1,0.67,2.5,0.3979400086720376,1,0,0,0,Labour Economics,2019,3.305136318943639,19,2000,2015,US,10,2007.5
24,17,Gunadi (2019),-0.059,0.033,30.3030303030303,-1.7878787878787876,0.058823529411764705,0.24253562503633297,0.0472455591261534,448,2.651278013998144,1,1,1,0,0,0,0,1,0,1,1,1,0,0,0,1,0.125,0,0,0,1,0,0,1,0,0,1,1,1,0.67,2.5,0.3979400086720376,1,0,0,0,Labour Economics,2019,3.305136318943639,19,2000,2015,US,10,2007.5
24,17,Gunadi (2019),-0.083,0.032,31.25,-2.59375,0.058823529411764705,0.24253562503633297,0.042257712736425826,560,2.7481880270062002,1,1,1,0,0,0,0,1,0,1,1,1,0,0,0,1,0.125,0,0,0,1,0,0,1,0,0,1,1,1,0.67,2.5,0.3979400086720376,1,0,0,0,Labour Economics,2019,3.305136318943639,19,2000,2015,US,10,2007.5
24,17,Gunadi (2019),-0.156,0.042,23.809523809523807,-3.714285714285714,0.058823529411764705,0.24253562503633297,0.14433756729740646,48,1.6812412373755872,0,1,1,0,0,0,0,1,0,1,1,1,0,0,0,1,0.125,0,0,0,1,0,0,1,0,0,1,1,1,0.67,2.5,0.3979400086720376,1,0,0,0,Labour Economics,2019,3.305136318943639,19,2000,2015,US,10,2007.5
24,17,Gunadi (2019),-0.154,0.029,34.48275862068965,-5.310344827586206,0.058823529411764705,0.24253562503633297,0.14433756729740646,48,1.6812412373755872,0,1,1,0,0,0,0,1,0,1,1,1,0,0,0,1,0.125,0,0,0,1,0,0,1,0,0,1,1,1,0.67,2.5,0.3979400086720376,1,0,0,0,Labour Economics,2019,3.305136318943639,19,2000,2015,US,10,2007.5
25,71,Haas et al. (2013),-0.0622,0.0025,400.0,-24.88,0.014084507042253521,0.11867816581938534,0.05,400,2.6020599913279625,1,1,1,0,0,0,0,0,0,0,0,0,0,1,0,0,0.1255,1,0,1,0,0,0,1,1,0,1,0,1,0.032,1.9166666666666667,0.28254658996996806,1,0,0,0,Journal for Labour Market Research,2013,3.3038437748886547,20,1993,2008,Germany,5,2000.5
25,71,Haas et al. (2013),-0.0884,0.0048,208.33333333333334,-18.416666666666668,0.014084507042253521,0.11867816581938534,0.11180339887498948,80,1.9030899869919435,0,1,1,0,0,0,0,0,0,0,0,0,0,1,0,0,0.1255,1,0,1,0,0,0,1,1,0,1,0,1,0.032,1.9166666666666667,0.28254658996996806,1,0,0,0,Journal for Labour Market Research,2013,3.3038437748886547,20,1993,2008,Germany,5,2000.5
25,71,Haas et al. (2013),-0.0808,0.0051,196.078431372549,-15.84313725490196,0.014084507042253521,0.11867816581938534,0.11180339887498948,80,1.9030899869919435,0,1,1,0,0,0,0,0,0,0,0,0,0,1,0,0,0.1255,1,0,1,0,0,0,1,1,0,1,0,1,0.032,1.9166666666666667,0.28254658996996806,1,0,0,0,Journal for Labour Market Research,2013,3.3038437748886547,20,1993,2008,Germany,5,2000.5
25,71,Haas et al. (2013),-0.0696,0.0071,140.8450704225352,-9.80281690140845,0.014084507042253521,0.11867816581938534,0.11180339887498948,80,1.9030899869919435,0,1,1,0,0,0,0,0,0,0,0,0,0,1,0,0,0.1255,1,0,1,0,0,0,1,1,0,1,0,1,0.032,1.9166666666666667,0.28254658996996806,1,0,0,0,Journal for Labour Market Research,2013,3.3038437748886547,20,1993,2008,Germany,5,2000.5
25,71,Haas et al. (2013),-0.0915,0.0053,188.67924528301887,-17.264150943396228,0.014084507042253521,0.11867816581938534,0.11180339887498948,80,1.9030899869919435,0,1,1,0,0,0,0,0,0,0,0,0,0,1,0,0,0.1255,1,0,1,0,0,0,1,1,0,1,0,1,0.032,1.9166666666666667,0.28254658996996806,1,0,0,0,Journal for Labour Market Research,2013,3.3038437748886547,20,1993,2008,Germany,5,2000.5
25,71,Haas et al. (2013),-0.1036,0.0055,181.81818181818184,-18.836363636363636,0.014084507042253521,0.11867816581938534,0.11180339887498948,80,1.9030899869919435,0,1,1,0,0,0,0,0,0,0,0,0,0,1,0,0,0.1255,1,0,1,0,0,0,1,1,0,1,0,1,0.032,1.9166666666666667,0.28254658996996806,1,0,0,0,Journal for Labour Market Research,2013,3.3038437748886547,20,1993,2008,Germany,5,2000.5
25,71,Haas et al. (2013),-0.0095,0.0069,144.92753623188406,-1.3768115942028984,0.014084507042253521,0.11867816581938534,0.05,400,2.6020599913279625,1,1,1,0,1,0,0,0,0,0,0,0,0,1,0,0,0.1255,1,0,1,0,0,0,1,1,0,1,0,1,0.032,1.9166666666666667,0.28254658996996806,1,0,0,0,Journal for Labour Market Research,2013,3.3038437748886547,20,1993,2008,Germany,5,2000.5
25,71,Haas et al. (2013),-0.0073,0.0106,94.33962264150944,-0.6886792452830188,0.014084507042253521,0.11867816581938534,0.11180339887498948,80,1.9030899869919435,0,1,1,0,1,0,0,0,0,0,0,0,0,1,0,0,0.1255,1,0,1,0,0,0,1,1,0,1,0,1,0.032,1.9166666666666667,0.28254658996996806,1,0,0,0,Journal for Labour Market Research,2013,3.3038437748886547,20,1993,2008,Germany,5,2000.5
25,71,Haas et al. (2013),-0.0331,0.0131,76.33587786259541,-2.5267175572519083,0.014084507042253521,0.11867816581938534,0.11180339887498948,80,1.9030899869919435,0,1,1,0,1,0,0,0,0,0,0,0,0,1,0,0,0.1255,1,0,1,0,0,0,1,1,0,1,0,1,0.032,1.9166666666666667,0.28254658996996806,1,0,0,0,Journal for Labour Market Research,2013,3.3038437748886547,20,1993,2008,Germany,5,2000.5
25,71,Haas et al. (2013),-0.013,0.0168,59.523809523809526,-0.7738095238095238,0.014084507042253521,0.11867816581938534,0.11180339887498948,80,1.9030899869919435,0,1,1,0,1,0,0,0,0,0,0,0,0,1,0,0,0.1255,1,0,1,0,0,0,1,1,0,1,0,1,0.032,1.9166666666666667,0.28254658996996806,1,0,0,0,Journal for Labour Market Research,2013,3.3038437748886547,20,1993,2008,Germany,5,2000.5
25,71,Haas et al. (2013),-0.0205,0.0144,69.44444444444444,-1.4236111111111112,0.014084507042253521,0.11867816581938534,0.11180339887498948,80,1.9030899869919435,0,1,1,0,1,0,0,0,0,0,0,0,0,1,0,0,0.1255,1,0,1,0,0,0,1,1,0,1,0,1,0.032,1.9166666666666667,0.28254658996996806,1,0,0,0,Journal for Labour Market Research,2013,3.3038437748886547,20,1993,2008,Germany,5,2000.5
25,71,Haas et al. (2013),-0.0506,0.0115,86.95652173913044,-4.4,0.014084507042253521,0.11867816581938534,0.11180339887498948,80,1.9030899869919435,0,1,1,0,1,0,0,0,0,0,0,0,0,1,0,0,0.1255,1,0,1,0,0,0,1,1,0,1,0,1,0.032,1.9166666666666667,0.28254658996996806,1,0,0,0,Journal for Labour Market Research,2013,3.3038437748886547,20,1993,2008,Germany,5,2000.5
25,71,Haas et al. (2013),-0.0548,0.0074,135.13513513513513,-7.405405405405405,0.014084507042253521,0.11867816581938534,0.05,400,2.6020599913279625,1,1,1,0,1,0,0,0,0,0,0,0,0,1,0,0,0.1255,1,0,1,0,0,0,1,1,0,1,0,1,0.032,1.9166666666666667,0.28254658996996806,1,0,0,0,Journal for Labour Market Research,2013,3.3038437748886547,20,1993,2008,Germany,5,2000.5
25,71,Haas et al. (2013),-0.0771,0.0082,121.95121951219511,-9.402439024390244,0.014084507042253521,0.11867816581938534,0.11180339887498948,80,1.9030899869919435,0,1,1,0,1,0,0,0,0,0,0,0,0,1,0,0,0.1255,1,0,1,0,0,0,1,1,0,1,0,1,0.032,1.9166666666666667,0.28254658996996806,1,0,0,0,Journal for Labour Market Research,2013,3.3038437748886547,20,1993,2008,Germany,5,2000.5
25,71,Haas et al. (2013),-0.0741,0.0096,104.16666666666667,-7.718750000000001,0.014084507042253521,0.11867816581938534,0.11180339887498948,80,1.9030899869919435,0,1,1,0,1,0,0,0,0,0,0,0,0,1,0,0,0.1255,1,0,1,0,0,0,1,1,0,1,0,1,0.032,1.9166666666666667,0.28254658996996806,1,0,0,0,Journal for Labour Market Research,2013,3.3038437748886547,20,1993,2008,Germany,5,2000.5
25,71,Haas et al. (2013),-0.0533,0.008,125.0,-6.6625,0.014084507042253521,0.11867816581938534,0.11180339887498948,80,1.9030899869919435,0,1,1,0,1,0,0,0,0,0,0,0,0,1,0,0,0.1255,1,0,1,0,0,0,1,1,0,1,0,1,0.032,1.9166666666666667,0.28254658996996806,1,0,0,0,Journal for Labour Market Research,2013,3.3038437748886547,20,1993,2008,Germany,5,2000.5
25,71,Haas et al. (2013),-0.06,0.0071,140.8450704225352,-8.450704225352112,0.014084507042253521,0.11867816581938534,0.11180339887498948,80,1.9030899869919435,0,1,1,0,1,0,0,0,0,0,0,0,0,1,0,0,0.1255,1,0,1,0,0,0,1,1,0,1,0,1,0.032,1.9166666666666667,0.28254658996996806,1,0,0,0,Journal for Labour Market Research,2013,3.3038437748886547,20,1993,2008,Germany,5,2000.5
25,71,Haas et al. (2013),-0.0827,0.0092,108.69565217391305,-8.989130434782608,0.014084507042253521,0.11867816581938534,0.11180339887498948,80,1.9030899869919435,0,1,1,0,1,0,0,0,0,0,0,0,0,1,0,0,0.1255,1,0,1,0,0,0,1,1,0,1,0,1,0.032,1.9166666666666667,0.28254658996996806,1,0,0,0,Journal for Labour Market Research,2013,3.3038437748886547,20,1993,2008,Germany,5,2000.5
25,71,Haas et al. (2013),-0.0592,0.0077,129.87012987012986,-7.688311688311688,0.014084507042253521,0.11867816581938534,0.05,400,2.6020599913279625,1,1,1,1,0,0,0,0,0,0,0,0,0,1,0,0,0.1255,1,0,1,0,0,0,1,1,0,1,0,1,0.032,1.9166666666666667,0.28254658996996806,1,0,0,0,Journal for Labour Market Research,2013,3.3038437748886547,20,1993,2008,Germany,5,2000.5
25,71,Haas et al. (2013),-0.0796,0.0111,90.09009009009009,-7.171171171171172,0.014084507042253521,0.11867816581938534,0.11180339887498948,80,1.9030899869919435,0,1,1,1,0,0,0,0,0,0,0,0,0,1,0,0,0.1255,1,0,1,0,0,0,1,1,0,1,0,1,0.032,1.9166666666666667,0.28254658996996806,1,0,0,0,Journal for Labour Market Research,2013,3.3038437748886547,20,1993,2008,Germany,5,2000.5
25,71,Haas et al. (2013),-0.0356,0.0087,114.9425287356322,-4.091954022988506,0.014084507042253521,0.11867816581938534,0.11180339887498948,80,1.9030899869919435,0,1,1,1,0,0,0,0,0,0,0,0,0,1,0,0,0.1255,1,0,1,0,0,0,1,1,0,1,0,1,0.032,1.9166666666666667,0.28254658996996806,1,0,0,0,Journal for Labour Market Research,2013,3.3038437748886547,20,1993,2008,Germany,5,2000.5
25,71,Haas et al. (2013),-0.0795,0.0144,69.44444444444444,-5.520833333333334,0.014084507042253521,0.11867816581938534,0.11180339887498948,80,1.9030899869919435,0,1,1,1,0,0,0,0,0,0,0,0,0,1,0,0,0.1255,1,0,1,0,0,0,1,1,0,1,0,1,0.032,1.9166666666666667,0.28254658996996806,1,0,0,0,Journal for Labour Market Research,2013,3.3038437748886547,20,1993,2008,Germany,5,2000.5
25,71,Haas et al. (2013),-0.0523,0.0159,62.893081761006286,-3.289308176100629,0.014084507042253521,0.11867816581938534,0.11180339887498948,80,1.9030899869919435,0,1,1,1,0,0,0,0,0,0,0,0,0,1,0,0,0.1255,1,0,1,0,0,0,1,1,0,1,0,1,0.032,1.9166666666666667,0.28254658996996806,1,0,0,0,Journal for Labour Market Research,2013,3.3038437748886547,20,1993,2008,Germany,5,2000.5
25,71,Haas et al. (2013),-0.0233,0.0084,119.04761904761905,-2.773809523809524,0.014084507042253521,0.11867816581938534,0.11180339887498948,80,1.9030899869919435,0,1,1,1,0,0,0,0,0,0,0,0,0,1,0,0,0.1255,1,0,1,0,0,0,1,1,0,1,0,1,0.032,1.9166666666666667,0.28254658996996806,1,0,0,0,Journal for Labour Market Research,2013,3.3038437748886547,20,1993,2008,Germany,5,2000.5
25,71,Haas et al. (2013),-0.0765,0.0035,285.7142857142857,-21.857142857142858,0.014084507042253521,0.11867816581938534,0.060302268915552716,275,2.439332693830263,1,1,1,0,0,0,0,0,0,0,0,0,0,1,0,0,0.1255,1,0,1,0,0,0,1,1,0,1,0,1,0.032,1.9166666666666667,0.28254658996996806,1,0,0,0,Journal for Labour Market Research,2013,3.3038437748886547,20,1993,2008,Germany,5,2000.5
25,71,Haas et al. (2013),-0.1148,0.0037,270.27027027027026,-31.027027027027025,0.014084507042253521,0.11867816581938534,0.13483997249264842,55,1.7403626894942439,0,1,1,0,0,0,0,0,0,0,0,0,0,1,0,0,0.1255,1,0,1,0,0,0,1,1,0,1,0,1,0.032,1.9166666666666667,0.28254658996996806,1,0,0,0,Journal for Labour Market Research,2013,3.3038437748886547,20,1993,2008,Germany,5,2000.5
25,71,Haas et al. (2013),-0.1065,0.0068,147.05882352941177,-15.661764705882353,0.014084507042253521,0.11867816581938534,0.13483997249264842,55,1.7403626894942439,0,1,1,0,0,0,0,0,0,0,0,0,0,1,0,0,0.1255,1,0,1,0,0,0,1,1,0,1,0,1,0.032,1.9166666666666667,0.28254658996996806,1,0,0,0,Journal for Labour Market Research,2013,3.3038437748886547,20,1993,2008,Germany,5,2000.5
25,71,Haas et al. (2013),-0.2269,0.0115,86.95652173913044,-19.730434782608697,0.014084507042253521,0.11867816581938534,0.13483997249264842,55,1.7403626894942439,0,1,1,0,0,0,0,0,0,0,0,0,0,1,0,0,0.1255,1,0,1,0,0,0,1,1,0,1,0,1,0.032,1.9166666666666667,0.28254658996996806,1,0,0,0,Journal for Labour Market Research,2013,3.3038437748886547,20,1993,2008,Germany,5,2000.5
25,71,Haas et al. (2013),-0.1456,0.0052,192.30769230769232,-28.000000000000004,0.014084507042253521,0.11867816581938534,0.13483997249264842,55,1.7403626894942439,0,1,1,0,0,0,0,0,0,0,0,0,0,1,0,0,0.1255,1,0,1,0,0,0,1,1,0,1,0,1,0.032,1.9166666666666667,0.28254658996996806,1,0,0,0,Journal for Labour Market Research,2013,3.3038437748886547,20,1993,2008,Germany,5,2000.5
25,71,Haas et al. (2013),-0.1284,0.0063,158.73015873015873,-20.38095238095238,0.014084507042253521,0.11867816581938534,0.13483997249264842,55,1.7403626894942439,0,1,1,0,0,0,0,0,0,0,0,0,0,1,0,0,0.1255,1,0,1,0,0,0,1,1,0,1,0,1,0.032,1.9166666666666667,0.28254658996996806,1,0,0,0,Journal for Labour Market Research,2013,3.3038437748886547,20,1993,2008,Germany,5,2000.5
25,71,Haas et al. (2013),-0.0832,0.0044,227.27272727272725,-18.909090909090907,0.014084507042253521,0.11867816581938534,0.060302268915552716,275,2.439332693830263,1,1,1,0,0,0,0,0,0,0,0,0,0,1,0,0,0.1255,1,0,1,0,0,0,1,0,0,1,0,1,0.032,1.9166666666666667,0.28254658996996806,1,0,0,0,Journal for Labour Market Research,2013,3.3038437748886547,20,1993,2008,Germany,5,2000.5
25,71,Haas et al. (2013),-0.1202,0.0077,129.87012987012986,-15.61038961038961,0.014084507042253521,0.11867816581938534,0.13483997249264842,55,1.7403626894942439,0,1,1,0,0,0,0,0,0,0,0,0,0,1,0,0,0.1255,1,0,1,0,0,0,1,0,0,1,0,1,0.032,1.9166666666666667,0.28254658996996806,1,0,0,0,Journal for Labour Market Research,2013,3.3038437748886547,20,1993,2008,Germany,5,2000.5
25,71,Haas et al. (2013),-0.1006,0.0099,101.010101010101,-10.16161616161616,0.014084507042253521,0.11867816581938534,0.13483997249264842,55,1.7403626894942439,0,1,1,0,0,0,0,0,0,0,0,0,0,1,0,0,0.1255,1,0,1,0,0,0,1,0,0,1,0,1,0.032,1.9166666666666667,0.28254658996996806,1,0,0,0,Journal for Labour Market Research,2013,3.3038437748886547,20,1993,2008,Germany,5,2000.5
25,71,Haas et al. (2013),-0.3173,0.0367,27.247956403269754,-8.645776566757494,0.014084507042253521,0.11867816581938534,0.13483997249264842,55,1.7403626894942439,0,1,1,0,0,0,0,0,0,0,0,0,0,1,0,0,0.1255,1,0,1,0,0,0,1,0,0,1,0,1,0.032,1.9166666666666667,0.28254658996996806,1,0,0,0,Journal for Labour Market Research,2013,3.3038437748886547,20,1993,2008,Germany,5,2000.5
25,71,Haas et al. (2013),-0.1738,0.013,76.92307692307692,-13.369230769230771,0.014084507042253521,0.11867816581938534,0.13483997249264842,55,1.7403626894942439,0,1,1,0,0,0,0,0,0,0,0,0,0,1,0,0,0.1255,1,0,1,0,0,0,1,0,0,1,0,1,0.032,1.9166666666666667,0.28254658996996806,1,0,0,0,Journal for Labour Market Research,2013,3.3038437748886547,20,1993,2008,Germany,5,2000.5
25,71,Haas et al. (2013),-0.1287,0.0108,92.59259259259258,-11.916666666666666,0.014084507042253521,0.11867816581938534,0.13483997249264842,55,1.7403626894942439,0,1,1,0,0,0,0,0,0,0,0,0,0,1,0,0,0.1255,1,0,1,0,0,0,1,0,0,1,0,1,0.032,1.9166666666666667,0.28254658996996806,1,0,0,0,Journal for Labour Market Research,2013,3.3038437748886547,20,1993,2008,Germany,5,2000.5
25,71,Haas et al. (2013),-0.0497,0.019,52.631578947368425,-2.6157894736842104,0.014084507042253521,0.11867816581938534,0.060302268915552716,275,2.439332693830263,1,1,1,0,1,0,0,0,0,0,0,0,0,1,0,0,0.1255,1,0,1,0,0,0,1,1,0,1,0,1,0.032,1.9166666666666667,0.28254658996996806,1,0,0,0,Journal for Labour Market Research,2013,3.3038437748886547,20,1993,2008,Germany,5,2000.5
25,71,Haas et al. (2013),-0.3913,0.0246,40.65040650406504,-15.90650406504065,0.014084507042253521,0.11867816581938534,0.13483997249264842,55,1.7403626894942439,0,1,1,0,1,0,0,0,0,0,0,0,0,1,0,0,0.1255,1,0,1,0,0,0,1,1,0,1,0,1,0.032,1.9166666666666667,0.28254658996996806,1,0,0,0,Journal for Labour Market Research,2013,3.3038437748886547,20,1993,2008,Germany,5,2000.5
25,71,Haas et al. (2013),-0.5605,0.0411,24.330900243309003,-13.637469586374696,0.014084507042253521,0.11867816581938534,0.13483997249264842,55,1.7403626894942439,0,1,1,0,1,0,0,0,0,0,0,0,0,1,0,0,0.1255,1,0,1,0,0,0,1,1,0,1,0,1,0.032,1.9166666666666667,0.28254658996996806,1,0,0,0,Journal for Labour Market Research,2013,3.3038437748886547,20,1993,2008,Germany,5,2000.5
25,71,Haas et al. (2013),-0.5897,0.177,5.649717514124294,-3.331638418079096,0.014084507042253521,0.11867816581938534,0.13483997249264842,55,1.7403626894942439,0,1,1,0,1,0,0,0,0,0,0,0,0,1,0,0,0.1255,1,0,1,0,0,0,1,1,0,1,0,1,0.032,1.9166666666666667,0.28254658996996806,1,0,0,0,Journal for Labour Market Research,2013,3.3038437748886547,20,1993,2008,Germany,5,2000.5
25,71,Haas et al. (2013),-0.5104,0.0297,33.67003367003367,-17.185185185185183,0.014084507042253521,0.11867816581938534,0.13483997249264842,55,1.7403626894942439,0,1,1,0,1,0,0,0,0,0,0,0,0,1,0,0,0.1255,1,0,1,0,0,0,1,1,0,1,0,1,0.032,1.9166666666666667,0.28254658996996806,1,0,0,0,Journal for Labour Market Research,2013,3.3038437748886547,20,1993,2008,Germany,5,2000.5
25,71,Haas et al. (2013),-0.5041,0.0247,40.48582995951417,-20.408906882591094,0.014084507042253521,0.11867816581938534,0.13483997249264842,55,1.7403626894942439,0,1,1,0,1,0,0,0,0,0,0,0,0,1,0,0,0.1255,1,0,1,0,0,0,1,1,0,1,0,1,0.032,1.9166666666666667,0.28254658996996806,1,0,0,0,Journal for Labour Market Research,2013,3.3038437748886547,20,1993,2008,Germany,5,2000.5
25,71,Haas et al. (2013),-0.1842,0.0526,19.011406844106464,-3.5019011406844105,0.014084507042253521,0.11867816581938534,0.060302268915552716,275,2.439332693830263,1,1,1,0,1,0,0,0,0,0,0,0,0,1,0,0,0.1255,1,0,1,0,0,0,1,0,0,1,0,1,0.032,1.9166666666666667,0.28254658996996806,1,0,0,0,Journal for Labour Market Research,2013,3.3038437748886547,20,1993,2008,Germany,5,2000.5
25,71,Haas et al. (2013),-0.4884,0.0507,19.72386587771203,-9.633136094674557,0.014084507042253521,0.11867816581938534,0.13483997249264842,55,1.7403626894942439,0,1,1,0,1,0,0,0,0,0,0,0,0,1,0,0,0.1255,1,0,1,0,0,0,1,0,0,1,0,1,0.032,1.9166666666666667,0.28254658996996806,1,0,0,0,Journal for Labour Market Research,2013,3.3038437748886547,20,1993,2008,Germany,5,2000.5
25,71,Haas et al. (2013),-0.8631,0.0601,16.638935108153078,-14.36106489184692,0.014084507042253521,0.11867816581938534,0.13483997249264842,55,1.7403626894942439,0,1,1,0,1,0,0,0,0,0,0,0,0,1,0,0,0.1255,1,0,1,0,0,0,1,0,0,1,0,1,0.032,1.9166666666666667,0.28254658996996806,1,0,0,0,Journal for Labour Market Research,2013,3.3038437748886547,20,1993,2008,Germany,5,2000.5
25,71,Haas et al. (2013),-0.6707,0.0678,14.749262536873157,-9.892330383480825,0.014084507042253521,0.11867816581938534,0.13483997249264842,55,1.7403626894942439,0,1,1,0,1,0,0,0,0,0,0,0,0,1,0,0,0.1255,1,0,1,0,0,0,1,0,0,1,0,1,0.032,1.9166666666666667,0.28254658996996806,1,0,0,0,Journal for Labour Market Research,2013,3.3038437748886547,20,1993,2008,Germany,5,2000.5
25,71,Haas et al. (2013),-0.578,0.0353,28.328611898016998,-16.373937677053824,0.014084507042253521,0.11867816581938534,0.13483997249264842,55,1.7403626894942439,0,1,1,0,1,0,0,0,0,0,0,0,0,1,0,0,0.1255,1,0,1,0,0,0,1,0,0,1,0,1,0.032,1.9166666666666667,0.28254658996996806,1,0,0,0,Journal for Labour Market Research,2013,3.3038437748886547,20,1993,2008,Germany,5,2000.5
25,71,Haas et al. (2013),-0.0698,0.0042,238.0952380952381,-16.61904761904762,0.014084507042253521,0.11867816581938534,0.060302268915552716,275,2.439332693830263,1,1,1,0,1,0,0,0,0,0,0,0,0,1,0,0,0.1255,1,0,1,0,0,0,1,1,0,1,0,1,0.032,1.9166666666666667,0.28254658996996806,1,0,0,0,Journal for Labour Market Research,2013,3.3038437748886547,20,1993,2008,Germany,5,2000.5
25,71,Haas et al. (2013),-0.1041,0.0038,263.1578947368421,-27.394736842105264,0.014084507042253521,0.11867816581938534,0.13483997249264842,55,1.7403626894942439,0,1,1,0,1,0,0,0,0,0,0,0,0,1,0,0,0.1255,1,0,1,0,0,0,1,1,0,1,0,1,0.032,1.9166666666666667,0.28254658996996806,1,0,0,0,Journal for Labour Market Research,2013,3.3038437748886547,20,1993,2008,Germany,5,2000.5
25,71,Haas et al. (2013),-0.1146,0.0037,270.27027027027026,-30.97297297297297,0.014084507042253521,0.11867816581938534,0.13483997249264842,55,1.7403626894942439,0,1,1,0,1,0,0,0,0,0,0,0,0,1,0,0,0.1255,1,0,1,0,0,0,1,1,0,1,0,1,0.032,1.9166666666666667,0.28254658996996806,1,0,0,0,Journal for Labour Market Research,2013,3.3038437748886547,20,1993,2008,Germany,5,2000.5
25,71,Haas et al. (2013),-0.0694,0.0058,172.41379310344828,-11.965517241379311,0.014084507042253521,0.11867816581938534,0.13483997249264842,55,1.7403626894942439,0,1,1,0,1,0,0,0,0,0,0,0,0,1,0,0,0.1255,1,0,1,0,0,0,1,1,0,1,0,1,0.032,1.9166666666666667,0.28254658996996806,1,0,0,0,Journal for Labour Market Research,2013,3.3038437748886547,20,1993,2008,Germany,5,2000.5
25,71,Haas et al. (2013),-0.0761,0.0053,188.67924528301887,-14.358490566037736,0.014084507042253521,0.11867816581938534,0.13483997249264842,55,1.7403626894942439,0,1,1,0,1,0,0,0,0,0,0,0,0,1,0,0,0.1255,1,0,1,0,0,0,1,1,0,1,0,1,0.032,1.9166666666666667,0.28254658996996806,1,0,0,0,Journal for Labour Market Research,2013,3.3038437748886547,20,1993,2008,Germany,5,2000.5
25,71,Haas et al. (2013),-0.1136,0.004,250.0,-28.400000000000002,0.014084507042253521,0.11867816581938534,0.13483997249264842,55,1.7403626894942439,0,1,1,0,1,0,0,0,0,0,0,0,0,1,0,0,0.1255,1,0,1,0,0,0,1,1,0,1,0,1,0.032,1.9166666666666667,0.28254658996996806,1,0,0,0,Journal for Labour Market Research,2013,3.3038437748886547,20,1993,2008,Germany,5,2000.5
25,71,Haas et al. (2013),-0.0701,0.0052,192.30769230769232,-13.48076923076923,0.014084507042253521,0.11867816581938534,0.060302268915552716,275,2.439332693830263,1,1,1,0,1,0,0,0,0,0,0,0,0,1,0,0,0.1255,1,0,1,0,0,0,1,0,0,1,0,1,0.032,1.9166666666666667,0.28254658996996806,1,0,0,0,Journal for Labour Market Research,2013,3.3038437748886547,20,1993,2008,Germany,5,2000.5
25,71,Haas et al. (2013),-0.1067,0.0044,227.27272727272725,-24.25,0.014084507042253521,0.11867816581938534,0.13483997249264842,55,1.7403626894942439,0,1,1,0,1,0,0,0,0,0,0,0,0,1,0,0,0.1255,1,0,1,0,0,0,1,0,0,1,0,1,0.032,1.9166666666666667,0.28254658996996806,1,0,0,0,Journal for Labour Market Research,2013,3.3038437748886547,20,1993,2008,Germany,5,2000.5
25,71,Haas et al. (2013),-0.1111,0.0037,270.27027027027026,-30.027027027027028,0.014084507042253521,0.11867816581938534,0.13483997249264842,55,1.7403626894942439,0,1,1,0,1,0,0,0,0,0,0,0,0,1,0,0,0.1255,1,0,1,0,0,0,1,0,0,1,0,1,0.032,1.9166666666666667,0.28254658996996806,1,0,0,0,Journal for Labour Market Research,2013,3.3038437748886547,20,1993,2008,Germany,5,2000.5
25,71,Haas et al. (2013),-0.0808,0.007,142.85714285714286,-11.542857142857143,0.014084507042253521,0.11867816581938534,0.13483997249264842,55,1.7403626894942439,0,1,1,0,1,0,0,0,0,0,0,0,0,1,0,0,0.1255,1,0,1,0,0,0,1,0,0,1,0,1,0.032,1.9166666666666667,0.28254658996996806,1,0,0,0,Journal for Labour Market Research,2013,3.3038437748886547,20,1993,2008,Germany,5,2000.5
25,71,Haas et al. (2013),-0.0863,0.0074,135.13513513513513,-11.662162162162161,0.014084507042253521,0.11867816581938534,0.13483997249264842,55,1.7403626894942439,0,1,1,0,1,0,0,0,0,0,0,0,0,1,0,0,0.1255,1,0,1,0,0,0,1,0,0,1,0,1,0.032,1.9166666666666667,0.28254658996996806,1,0,0,0,Journal for Labour Market Research,2013,3.3038437748886547,20,1993,2008,Germany,5,2000.5
25,71,Haas et al. (2013),-0.1105,0.0037,270.27027027027026,-29.864864864864863,0.014084507042253521,0.11867816581938534,0.13483997249264842,55,1.7403626894942439,0,1,1,0,1,0,0,0,0,0,0,0,0,1,0,0,0.1255,1,0,1,0,0,0,1,0,0,1,0,1,0.032,1.9166666666666667,0.28254658996996806,1,0,0,0,Journal for Labour Market Research,2013,3.3038437748886547,20,1993,2008,Germany,5,2000.5
25,71,Haas et al. (2013),-0.0612,0.0067,149.2537313432836,-9.134328358208954,0.014084507042253521,0.11867816581938534,0.060302268915552716,275,2.439332693830263,1,1,1,1,0,0,0,0,0,0,0,0,0,1,0,0,0.1255,1,0,1,0,0,0,1,1,0,1,0,1,0.032,1.9166666666666667,0.28254658996996806,1,0,0,0,Journal for Labour Market Research,2013,3.3038437748886547,20,1993,2008,Germany,5,2000.5
25,71,Haas et al. (2013),-0.0785,0.0132,75.75757575757576,-5.946969696969697,0.014084507042253521,0.11867816581938534,0.13483997249264842,55,1.7403626894942439,0,1,1,1,0,0,0,0,0,0,0,0,0,1,0,0,0.1255,1,0,1,0,0,0,1,1,0,1,0,1,0.032,1.9166666666666667,0.28254658996996806,1,0,0,0,Journal for Labour Market Research,2013,3.3038437748886547,20,1993,2008,Germany,5,2000.5
25,71,Haas et al. (2013),-0.0304,0.0091,109.89010989010988,-3.3406593406593403,0.014084507042253521,0.11867816581938534,0.13483997249264842,55,1.7403626894942439,0,1,1,1,0,0,0,0,0,0,0,0,0,1,0,0,0.1255,1,0,1,0,0,0,1,1,0,1,0,1,0.032,1.9166666666666667,0.28254658996996806,1,0,0,0,Journal for Labour Market Research,2013,3.3038437748886547,20,1993,2008,Germany,5,2000.5
25,71,Haas et al. (2013),-0.1007,0.0125,80.0,-8.056,0.014084507042253521,0.11867816581938534,0.13483997249264842,55,1.7403626894942439,0,1,1,1,0,0,0,0,0,0,0,0,0,1,0,0,0.1255,1,0,1,0,0,0,1,1,0,1,0,1,0.032,1.9166666666666667,0.28254658996996806,1,0,0,0,Journal for Labour Market Research,2013,3.3038437748886547,20,1993,2008,Germany,5,2000.5
25,71,Haas et al. (2013),-0.0422,0.0138,72.46376811594203,-3.057971014492754,0.014084507042253521,0.11867816581938534,0.13483997249264842,55,1.7403626894942439,0,1,1,1,0,0,0,0,0,0,0,0,0,1,0,0,0.1255,1,0,1,0,0,0,1,1,0,1,0,1,0.032,1.9166666666666667,0.28254658996996806,1,0,0,0,Journal for Labour Market Research,2013,3.3038437748886547,20,1993,2008,Germany,5,2000.5
25,71,Haas et al. (2013),-0.0317,0.0089,112.35955056179776,-3.561797752808989,0.014084507042253521,0.11867816581938534,0.13483997249264842,55,1.7403626894942439,0,1,1,1,0,0,0,0,0,0,0,0,0,1,0,0,0.1255,1,0,1,0,0,0,1,1,0,1,0,1,0.032,1.9166666666666667,0.28254658996996806,1,0,0,0,Journal for Labour Market Research,2013,3.3038437748886547,20,1993,2008,Germany,5,2000.5
25,71,Haas et al. (2013),-0.0859,0.0144,69.44444444444444,-5.965277777777779,0.014084507042253521,0.11867816581938534,0.060302268915552716,275,2.439332693830263,1,1,1,1,0,0,0,0,0,0,0,0,0,1,0,0,0.1255,1,0,1,0,0,0,1,0,0,1,0,1,0.032,1.9166666666666667,0.28254658996996806,1,0,0,0,Journal for Labour Market Research,2013,3.3038437748886547,20,1993,2008,Germany,5,2000.5
25,71,Haas et al. (2013),-0.0864,0.0191,52.35602094240838,-4.523560209424084,0.014084507042253521,0.11867816581938534,0.13483997249264842,55,1.7403626894942439,0,1,1,1,0,0,0,0,0,0,0,0,0,1,0,0,0.1255,1,0,1,0,0,0,1,0,0,1,0,1,0.032,1.9166666666666667,0.28254658996996806,1,0,0,0,Journal for Labour Market Research,2013,3.3038437748886547,20,1993,2008,Germany,5,2000.5
25,71,Haas et al. (2013),-0.0485,0.026,38.46153846153846,-1.8653846153846154,0.014084507042253521,0.11867816581938534,0.13483997249264842,55,1.7403626894942439,0,1,1,1,0,0,0,0,0,0,0,0,0,1,0,0,0.1255,1,0,1,0,0,0,1,0,0,1,0,1,0.032,1.9166666666666667,0.28254658996996806,1,0,0,0,Journal for Labour Market Research,2013,3.3038437748886547,20,1993,2008,Germany,5,2000.5
25,71,Haas et al. (2013),-0.1193,0.0215,46.51162790697675,-5.548837209302326,0.014084507042253521,0.11867816581938534,0.13483997249264842,55,1.7403626894942439,0,1,1,1,0,0,0,0,0,0,0,0,0,1,0,0,0.1255,1,0,1,0,0,0,1,0,0,1,0,1,0.032,1.9166666666666667,0.28254658996996806,1,0,0,0,Journal for Labour Market Research,2013,3.3038437748886547,20,1993,2008,Germany,5,2000.5
25,71,Haas et al. (2013),-0.1049,0.0641,15.600624024960997,-1.6365054602184086,0.014084507042253521,0.11867816581938534,0.13483997249264842,55,1.7403626894942439,0,1,1,1,0,0,0,0,0,0,0,0,0,1,0,0,0.1255,1,0,1,0,0,0,1,0,0,1,0,1,0.032,1.9166666666666667,0.28254658996996806,1,0,0,0,Journal for Labour Market Research,2013,3.3038437748886547,20,1993,2008,Germany,5,2000.5
25,71,Haas et al. (2013),-0.0607,0.0383,26.109660574412533,-1.5848563968668405,0.014084507042253521,0.11867816581938534,0.13483997249264842,55,1.7403626894942439,0,1,1,1,0,0,0,0,0,0,0,0,0,1,0,0,0.1255,1,0,1,0,0,0,1,0,0,1,0,1,0.032,1.9166666666666667,0.28254658996996806,1,0,0,0,Journal for Labour Market Research,2013,3.3038437748886547,20,1993,2008,Germany,5,2000.5
26,2,Hill et al. (2018),0.00246,0.01964,50.91649694501018,0.12525458248472504,0.5,0.7071067811865476,0.07738232325341368,167,2.2227164711475833,0,1,1,0,0,0,0,1,0,1,1,0,0,1,0,1,0.115,0,0,0,0,0,1,0,1,0,0,1,0,0.135,0.7142857142857143,-0.146128035678238,1,0,0,0,Journal of Labor Research,2018,3.3049211619008916,22,1996,2012,US,10,2004.0
26,2,Hill et al. (2018),-0.00199,0.0013,769.2307692307693,-1.5307692307692309,0.5,0.7071067811865476,0.0601929265428846,276,2.4409090820652177,1,1,1,0,0,0,0,1,0,1,1,0,0,1,0,1,0.115,0,0,0,0,0,1,0,1,0,0,1,0,0.135,0.7142857142857143,-0.146128035678238,1,0,0,0,Journal of Labor Research,2018,3.3049211619008916,22,1996,2012,US,10,2004.0
27,32,Jaeger (2008),-0.106,0.053,18.867924528301888,-2.0,0.03125,0.1767766952966369,0.051031036307982884,384,2.584331224367531,1,0,0,0,0,0,1,1,0,1,1,1,0,0,0,1,0.0705,1,0,0,0,0,1,1,1,0,1,1,1,0.0,9.117647058823529,0.9598827767920175,0,0,0,1,Bureau of Labor Statistics Working Paper,2008,3.3027637084729817,28,1980,1990,US,10,1985.0
27,32,Jaeger (2008),-0.13,0.056,17.857142857142858,-2.3214285714285716,0.03125,0.1767766952966369,0.051031036307982884,384,2.584331224367531,1,0,0,0,0,0,1,1,0,1,1,1,0,0,0,1,0.0705,1,0,0,0,0,1,1,0,0,1,1,1,0.0,9.117647058823529,0.9598827767920175,0,0,0,1,Bureau of Labor Statistics Working Paper,2008,3.3027637084729817,28,1980,1990,US,10,1985.0
27,32,Jaeger (2008),-0.076,0.037,27.027027027027028,-2.054054054054054,0.03125,0.1767766952966369,0.051031036307982884,384,2.584331224367531,1,0,0,0,0,0,1,1,0,1,1,1,0,0,0,1,0.0705,1,0,0,0,0,1,1,1,0,1,1,1,0.0,9.117647058823529,0.9598827767920175,0,0,0,1,Bureau of Labor Statistics Working Paper,2008,3.3027637084729817,28,1980,1990,US,10,1985.0
27,32,Jaeger (2008),-0.118,0.041,24.390243902439025,-2.8780487804878048,0.03125,0.1767766952966369,0.051031036307982884,384,2.584331224367531,1,0,0,0,0,0,1,1,0,1,1,1,0,0,0,1,0.0705,1,0,0,0,0,1,1,0,0,1,1,1,0.0,9.117647058823529,0.9598827767920175,0,0,0,1,Bureau of Labor Statistics Working Paper,2008,3.3027637084729817,28,1980,1990,US,10,1985.0
27,32,Jaeger (2008),-0.127,0.054,18.51851851851852,-2.351851851851852,0.03125,0.1767766952966369,0.051031036307982884,384,2.584331224367531,1,0,0,0,0,0,1,1,0,1,1,1,0,0,0,1,0.0705,1,0,0,0,0,1,1,1,0,1,1,1,0.0,9.117647058823529,0.9598827767920175,0,0,0,1,Bureau of Labor Statistics Working Paper,2008,3.3027637084729817,28,1980,1990,US,10,1985.0
27,32,Jaeger (2008),-0.163,0.046,21.73913043478261,-3.5434782608695654,0.03125,0.1767766952966369,0.051031036307982884,384,2.584331224367531,1,0,0,0,0,0,1,1,0,1,1,1,0,0,0,1,0.0705,1,0,0,0,0,1,1,0,0,1,1,1,0.0,9.117647058823529,0.9598827767920175,0,0,0,1,Bureau of Labor Statistics Working Paper,2008,3.3027637084729817,28,1980,1990,US,10,1985.0
27,32,Jaeger (2008),-0.113,0.053,18.867924528301888,-2.1320754716981134,0.03125,0.1767766952966369,0.051031036307982884,384,2.584331224367531,1,0,0,0,0,0,1,1,0,1,1,1,0,0,0,1,0.0705,1,0,0,0,0,1,1,1,0,1,1,1,0.0,9.117647058823529,0.9598827767920175,0,0,0,1,Bureau of Labor Statistics Working Paper,2008,3.3027637084729817,28,1980,1990,US,10,1985.0
27,32,Jaeger (2008),-0.138,0.046,21.73913043478261,-3.0000000000000004,0.03125,0.1767766952966369,0.051031036307982884,384,2.584331224367531,1,0,0,0,0,0,1,1,0,1,1,1,0,0,0,1,0.0705,1,0,0,0,0,1,1,0,0,1,1,1,0.0,9.117647058823529,0.9598827767920175,0,0,0,1,Bureau of Labor Statistics Working Paper,2008,3.3027637084729817,28,1980,1990,US,10,1985.0
27,32,Jaeger (2008),-0.03,0.101,9.900990099009901,-0.297029702970297,0.03125,0.1767766952966369,0.051031036307982884,384,2.584331224367531,1,0,0,0,0,1,0,1,0,1,1,1,0,0,0,1,0.0705,1,0,0,0,0,1,1,1,0,1,1,1,0.0,9.117647058823529,0.9598827767920175,0,0,0,1,Bureau of Labor Statistics Working Paper,2008,3.3027637084729817,28,1980,1990,US,10,1985.0
27,32,Jaeger (2008),-0.098,0.093,10.75268817204301,-1.053763440860215,0.03125,0.1767766952966369,0.051031036307982884,384,2.584331224367531,1,0,0,0,0,1,0,1,0,1,1,1,0,0,0,1,0.0705,1,0,0,0,0,1,1,0,0,1,1,1,0.0,9.117647058823529,0.9598827767920175,0,0,0,1,Bureau of Labor Statistics Working Paper,2008,3.3027637084729817,28,1980,1990,US,10,1985.0
27,32,Jaeger (2008),0.003,0.078,12.820512820512821,0.038461538461538464,0.03125,0.1767766952966369,0.051031036307982884,384,2.584331224367531,1,0,0,0,0,1,0,1,0,1,1,1,0,0,0,1,0.0705,1,0,0,0,0,1,1,1,0,1,1,1,0.0,9.117647058823529,0.9598827767920175,0,0,0,1,Bureau of Labor Statistics Working Paper,2008,3.3027637084729817,28,1980,1990,US,10,1985.0
27,32,Jaeger (2008),-0.05,0.093,10.75268817204301,-0.5376344086021506,0.03125,0.1767766952966369,0.051031036307982884,384,2.584331224367531,1,0,0,0,0,1,0,1,0,1,1,1,0,0,0,1,0.0705,1,0,0,0,0,1,1,0,0,1,1,1,0.0,9.117647058823529,0.9598827767920175,0,0,0,1,Bureau of Labor Statistics Working Paper,2008,3.3027637084729817,28,1980,1990,US,10,1985.0
27,32,Jaeger (2008),-0.091,0.101,9.900990099009901,-0.9009900990099009,0.03125,0.1767766952966369,0.051031036307982884,384,2.584331224367531,1,0,0,0,0,1,0,1,0,1,1,1,0,0,0,1,0.0705,1,0,0,0,0,1,1,1,0,1,1,1,0.0,9.117647058823529,0.9598827767920175,0,0,0,1,Bureau of Labor Statistics Working Paper,2008,3.3027637084729817,28,1980,1990,US,10,1985.0
27,32,Jaeger (2008),-0.266,0.123,8.130081300813009,-2.16260162601626,0.03125,0.1767766952966369,0.051031036307982884,384,2.584331224367531,1,0,0,0,0,1,0,1,0,1,1,1,0,0,0,1,0.0705,1,0,0,0,0,1,1,0,0,1,1,1,0.0,9.117647058823529,0.9598827767920175,0,0,0,1,Bureau of Labor Statistics Working Paper,2008,3.3027637084729817,28,1980,1990,US,10,1985.0
27,32,Jaeger (2008),-0.079,0.101,9.900990099009901,-0.7821782178217821,0.03125,0.1767766952966369,0.051031036307982884,384,2.584331224367531,1,0,0,0,0,1,0,1,0,1,1,1,0,0,0,1,0.0705,1,0,0,0,0,1,1,1,0,1,1,1,0.0,9.117647058823529,0.9598827767920175,0,0,0,1,Bureau of Labor Statistics Working Paper,2008,3.3027637084729817,28,1980,1990,US,10,1985.0
27,32,Jaeger (2008),-0.246,0.115,8.695652173913043,-2.139130434782609,0.03125,0.1767766952966369,0.051031036307982884,384,2.584331224367531,1,0,0,0,0,1,0,1,0,1,1,1,0,0,0,1,0.0705,1,0,0,0,0,1,1,0,0,1,1,1,0.0,9.117647058823529,0.9598827767920175,0,0,0,1,Bureau of Labor Statistics Working Paper,2008,3.3027637084729817,28,1980,1990,US,10,1985.0
27,32,Jaeger (2008),-0.02,0.048,20.833333333333332,-0.4166666666666667,0.03125,0.1767766952966369,0.051031036307982884,384,2.584331224367531,1,0,0,0,0,0,1,1,0,1,1,0,1,0,0,1,0.0705,1,0,0,0,0,1,1,1,0,1,1,1,0.0,9.117647058823529,0.9598827767920175,0,0,0,1,Bureau of Labor Statistics Working Paper,2008,3.3027637084729817,28,1980,1990,US,10,1985.0
27,32,Jaeger (2008),-0.038,0.057,17.543859649122805,-0.6666666666666666,0.03125,0.1767766952966369,0.051031036307982884,384,2.584331224367531,1,0,0,0,0,0,1,1,0,1,1,0,1,0,0,1,0.0705,1,0,0,0,0,1,1,0,0,1,1,1,0.0,9.117647058823529,0.9598827767920175,0,0,0,1,Bureau of Labor Statistics Working Paper,2008,3.3027637084729817,28,1980,1990,US,10,1985.0
27,32,Jaeger (2008),-0.005,0.051,19.607843137254903,-0.09803921568627452,0.03125,0.1767766952966369,0.051031036307982884,384,2.584331224367531,1,0,0,0,0,0,1,1,0,1,1,0,1,0,0,1,0.0705,1,0,0,0,0,1,1,1,0,1,1,1,0.0,9.117647058823529,0.9598827767920175,0,0,0,1,Bureau of Labor Statistics Working Paper,2008,3.3027637084729817,28,1980,1990,US,10,1985.0
27,32,Jaeger (2008),-0.008,0.062,16.129032258064516,-0.12903225806451613,0.03125,0.1767766952966369,0.051031036307982884,384,2.584331224367531,1,0,0,0,0,0,1,1,0,1,1,0,1,0,0,1,0.0705,1,0,0,0,0,1,1,0,0,1,1,1,0.0,9.117647058823529,0.9598827767920175,0,0,0,1,Bureau of Labor Statistics Working Paper,2008,3.3027637084729817,28,1980,1990,US,10,1985.0
27,32,Jaeger (2008),-0.168,0.063,15.873015873015873,-2.666666666666667,0.03125,0.1767766952966369,0.051031036307982884,384,2.584331224367531,1,0,0,0,0,0,1,1,0,1,1,0,1,0,0,1,0.0705,1,0,0,0,0,1,1,1,0,1,1,1,0.0,9.117647058823529,0.9598827767920175,0,0,0,1,Bureau of Labor Statistics Working Paper,2008,3.3027637084729817,28,1980,1990,US,10,1985.0
27,32,Jaeger (2008),-0.206,0.074,13.513513513513514,-2.7837837837837838,0.03125,0.1767766952966369,0.051031036307982884,384,2.584331224367531,1,0,0,0,0,0,1,1,0,1,1,0,1,0,0,1,0.0705,1,0,0,0,0,1,1,0,0,1,1,1,0.0,9.117647058823529,0.9598827767920175,0,0,0,1,Bureau of Labor Statistics Working Paper,2008,3.3027637084729817,28,1980,1990,US,10,1985.0
27,32,Jaeger (2008),-0.157,0.069,14.492753623188404,-2.2753623188405796,0.03125,0.1767766952966369,0.051031036307982884,384,2.584331224367531,1,0,0,0,0,0,1,1,0,1,1,0,1,0,0,1,0.0705,1,0,0,0,0,1,1,1,0,1,1,1,0.0,9.117647058823529,0.9598827767920175,0,0,0,1,Bureau of Labor Statistics Working Paper,2008,3.3027637084729817,28,1980,1990,US,10,1985.0
27,32,Jaeger (2008),-0.182,0.074,13.513513513513514,-2.4594594594594597,0.03125,0.1767766952966369,0.051031036307982884,384,2.584331224367531,1,0,0,0,0,0,1,1,0,1,1,0,1,0,0,1,0.0705,1,0,0,0,0,1,1,0,0,1,1,1,0.0,9.117647058823529,0.9598827767920175,0,0,0,1,Bureau of Labor Statistics Working Paper,2008,3.3027637084729817,28,1980,1990,US,10,1985.0
27,32,Jaeger (2008),0.008,0.066,15.15151515151515,0.12121212121212122,0.03125,0.1767766952966369,0.051031036307982884,384,2.584331224367531,1,0,0,0,0,1,0,1,0,1,1,0,1,0,0,1,0.0705,1,0,0,0,0,1,1,1,0,1,1,1,0.0,9.117647058823529,0.9598827767920175,0,0,0,1,Bureau of Labor Statistics Working Paper,2008,3.3027637084729817,28,1980,1990,US,10,1985.0
27,32,Jaeger (2008),-0.066,0.101,9.900990099009901,-0.6534653465346535,0.03125,0.1767766952966369,0.051031036307982884,384,2.584331224367531,1,0,0,0,0,1,0,1,0,1,1,0,1,0,0,1,0.0705,1,0,0,0,0,1,1,0,0,1,1,1,0.0,9.117647058823529,0.9598827767920175,0,0,0,1,Bureau of Labor Statistics Working Paper,2008,3.3027637084729817,28,1980,1990,US,10,1985.0
27,32,Jaeger (2008),0.009,0.067,14.925373134328357,0.1343283582089552,0.03125,0.1767766952966369,0.051031036307982884,384,2.584331224367531,1,0,0,0,0,1,0,1,0,1,1,0,1,0,0,1,0.0705,1,0,0,0,0,1,1,1,0,1,1,1,0.0,9.117647058823529,0.9598827767920175,0,0,0,1,Bureau of Labor Statistics Working Paper,2008,3.3027637084729817,28,1980,1990,US,10,1985.0
27,32,Jaeger (2008),-0.071,0.099,10.1010101010101,-0.7171717171717171,0.03125,0.1767766952966369,0.051031036307982884,384,2.584331224367531,1,0,0,0,0,1,0,1,0,1,1,0,1,0,0,1,0.0705,1,0,0,0,0,1,1,0,0,1,1,1,0.0,9.117647058823529,0.9598827767920175,0,0,0,1,Bureau of Labor Statistics Working Paper,2008,3.3027637084729817,28,1980,1990,US,10,1985.0
27,32,Jaeger (2008),-0.175,0.139,7.194244604316546,-1.2589928057553954,0.03125,0.1767766952966369,0.051031036307982884,384,2.584331224367531,1,0,0,0,0,1,0,1,0,1,1,0,1,0,0,1,0.0705,1,0,0,0,0,1,1,1,0,1,1,1,0.0,9.117647058823529,0.9598827767920175,0,0,0,1,Bureau of Labor Statistics Working Paper,2008,3.3027637084729817,28,1980,1990,US,10,1985.0
27,32,Jaeger (2008),0.01,0.173,5.780346820809249,0.05780346820809249,0.03125,0.1767766952966369,0.051031036307982884,384,2.584331224367531,1,0,0,0,0,1,0,1,0,1,1,0,1,0,0,1,0.0705,1,0,0,0,0,1,1,0,0,1,1,1,0.0,9.117647058823529,0.9598827767920175,0,0,0,1,Bureau of Labor Statistics Working Paper,2008,3.3027637084729817,28,1980,1990,US,10,1985.0
27,32,Jaeger (2008),-0.186,0.127,7.874015748031496,-1.4645669291338583,0.03125,0.1767766952966369,0.051031036307982884,384,2.584331224367531,1,0,0,0,0,1,0,1,0,1,1,0,1,0,0,1,0.0705,1,0,0,0,0,1,1,1,0,1,1,1,0.0,9.117647058823529,0.9598827767920175,0,0,0,1,Bureau of Labor Statistics Working Paper,2008,3.3027637084729817,28,1980,1990,US,10,1985.0
27,32,Jaeger (2008),-0.028,0.156,6.410256410256411,-0.1794871794871795,0.03125,0.1767766952966369,0.051031036307982884,384,2.584331224367531,1,0,0,0,0,1,0,1,0,1,1,0,1,0,0,1,0.0705,1,0,0,0,0,1,1,0,0,1,1,1,0.0,9.117647058823529,0.9598827767920175,0,0,0,1,Bureau of Labor Statistics Working Paper,2008,3.3027637084729817,28,1980,1990,US,10,1985.0
28,30,Lebow (2024),-0.067,0.011,90.90909090909092,-6.090909090909092,0.03333333333333333,0.18257418583505536,0.026518576139190998,1422,3.1528995963937474,1,1,1,0,0,0,1,0,0,1,1,0,0,1,0,0,0.021816024425274312,0,0,0,0,0,1,0,1,1,1,1,1,0.772,41.0,1.6127838567197355,1,0,1,0,Journal of Development Economics,2024,3.3062105081677613,10,2014,2019,Colombia,3,2016.5
28,30,Lebow (2024),-0.078,0.009,111.11111111111111,-8.666666666666668,0.03333333333333333,0.18257418583505536,0.026518576139190998,1422,3.1528995963937474,1,1,1,0,0,0,1,0,0,1,1,0,0,1,0,0,0.021816024425274312,0,0,0,0,0,1,0,1,1,1,1,1,0.772,41.0,1.6127838567197355,1,0,1,0,Journal of Development Economics,2024,3.3062105081677613,10,2014,2019,Colombia,3,2016.5
28,30,Lebow (2024),-0.137,0.027,37.03703703703704,-5.074074074074074,0.03333333333333333,0.18257418583505536,0.026518576139190998,1422,3.1528995963937474,1,1,1,0,0,1,0,0,0,1,1,0,0,1,0,0,0.021816024425274312,0,0,0,0,0,1,0,1,1,1,1,1,0.772,41.0,1.6127838567197355,1,0,1,0,Journal of Development Economics,2024,3.3062105081677613,10,2014,2019,Colombia,3,2016.5
28,30,Lebow (2024),-0.066,0.009,111.11111111111111,-7.333333333333334,0.03333333333333333,0.18257418583505536,0.026518576139190998,1422,3.1528995963937474,1,1,1,0,0,0,1,0,0,1,1,0,0,1,0,0,0.021816024425274312,0,0,0,0,0,1,0,0,1,1,1,1,0.772,41.0,1.6127838567197355,1,0,1,0,Journal of Development Economics,2024,3.3062105081677613,10,2014,2019,Colombia,3,2016.5
28,30,Lebow (2024),-0.077,0.009,111.11111111111111,-8.555555555555555,0.03333333333333333,0.18257418583505536,0.026518576139190998,1422,3.1528995963937474,1,1,1,0,0,0,1,0,0,1,1,0,0,1,0,0,0.021816024425274312,0,0,0,0,0,1,0,0,1,1,1,1,0.772,41.0,1.6127838567197355,1,0,1,0,Journal of Development Economics,2024,3.3062105081677613,10,2014,2019,Colombia,3,2016.5
28,30,Lebow (2024),-0.155,0.036,27.77777777777778,-4.305555555555556,0.03333333333333333,0.18257418583505536,0.026518576139190998,1422,3.1528995963937474,1,1,1,0,0,1,0,0,0,1,1,0,0,1,0,0,0.021816024425274312,0,0,0,0,0,1,0,0,1,1,1,1,0.772,41.0,1.6127838567197355,1,0,1,0,Journal of Development Economics,2024,3.3062105081677613,10,2014,2019,Colombia,3,2016.5
28,30,Lebow (2024),-0.07,0.01,100.0,-7.000000000000001,0.03333333333333333,0.18257418583505536,0.018751465015433733,2844,3.4539295920577286,1,1,1,0,0,0,1,0,0,1,1,0,0,1,0,0,0.021816024425274312,0,0,0,0,0,1,0,0,1,1,1,1,0.772,41.0,1.6127838567197355,1,0,1,0,Journal of Development Economics,2024,3.3062105081677613,10,2014,2019,Colombia,3,2016.5
28,30,Lebow (2024),-0.07,0.01,100.0,-7.000000000000001,0.03333333333333333,0.18257418583505536,0.018751465015433733,2844,3.4539295920577286,1,1,1,0,0,0,1,0,0,1,1,0,0,1,0,0,0.021816024425274312,0,0,0,0,0,1,0,0,1,1,1,1,0.772,41.0,1.6127838567197355,1,0,1,0,Journal of Development Economics,2024,3.3062105081677613,10,2014,2019,Colombia,3,2016.5
28,30,Lebow (2024),-0.13,0.03,33.333333333333336,-4.333333333333334,0.03333333333333333,0.18257418583505536,0.018751465015433733,2844,3.4539295920577286,1,1,1,0,0,1,0,0,0,1,1,0,0,1,0,0,0.021816024425274312,0,0,0,0,0,1,0,0,1,1,1,1,0.772,41.0,1.6127838567197355,1,0,1,0,Journal of Development Economics,2024,3.3062105081677613,10,2014,2019,Colombia,3,2016.5
28,30,Lebow (2024),-0.07,0.01,100.0,-7.000000000000001,0.03333333333333333,0.18257418583505536,0.018751465015433733,2844,3.4539295920577286,1,1,1,0,0,0,1,0,0,1,1,0,0,1,0,0,0.021816024425274312,0,0,0,0,0,1,0,0,1,1,1,1,0.772,41.0,1.6127838567197355,1,0,1,0,Journal of Development Economics,2024,3.3062105081677613,10,2014,2019,Colombia,3,2016.5
28,30,Lebow (2024),-0.07,0.01,100.0,-7.000000000000001,0.03333333333333333,0.18257418583505536,0.018751465015433733,2844,3.4539295920577286,1,1,1,0,0,0,1,0,0,1,1,0,0,1,0,0,0.021816024425274312,0,0,0,0,0,1,0,0,1,1,1,1,0.772,41.0,1.6127838567197355,1,0,1,0,Journal of Development Economics,2024,3.3062105081677613,10,2014,2019,Colombia,3,2016.5
28,30,Lebow (2024),-0.14,0.04,25.0,-3.5000000000000004,0.03333333333333333,0.18257418583505536,0.018751465015433733,2844,3.4539295920577286,1,1,1,0,0,1,0,0,0,1,1,0,0,1,0,0,0.021816024425274312,0,0,0,0,0,1,0,0,1,1,1,1,0.772,41.0,1.6127838567197355,1,0,1,0,Journal of Development Economics,2024,3.3062105081677613,10,2014,2019,Colombia,3,2016.5
28,30,Lebow (2024),-0.07,0.01,100.0,-7.000000000000001,0.03333333333333333,0.18257418583505536,0.018751465015433733,2844,3.4539295920577286,1,1,1,0,0,0,1,0,0,1,1,0,0,1,0,0,0.021816024425274312,0,0,0,0,0,1,0,1,1,1,1,1,0.772,41.0,1.6127838567197355,1,0,1,0,Journal of Development Economics,2024,3.3062105081677613,10,2014,2019,Colombia,3,2016.5
28,30,Lebow (2024),-0.08,0.01,100.0,-8.0,0.03333333333333333,0.18257418583505536,0.018751465015433733,2844,3.4539295920577286,1,1,1,0,0,0,1,0,0,1,1,0,0,1,0,0,0.021816024425274312,0,0,0,0,0,1,0,1,1,1,1,1,0.772,41.0,1.6127838567197355,1,0,1,0,Journal of Development Economics,2024,3.3062105081677613,10,2014,2019,Colombia,3,2016.5
28,30,Lebow (2024),-0.14,0.04,25.0,-3.5000000000000004,0.03333333333333333,0.18257418583505536,0.018751465015433733,2844,3.4539295920577286,1,1,1,0,0,1,0,0,0,1,1,0,0,1,0,0,0.021816024425274312,0,0,0,0,0,1,0,1,1,1,1,1,0.772,41.0,1.6127838567197355,1,0,1,0,Journal of Development Economics,2024,3.3062105081677613,10,2014,2019,Colombia,3,2016.5
28,30,Lebow (2024),-0.07,0.01,100.0,-7.000000000000001,0.03333333333333333,0.18257418583505536,0.018751465015433733,2844,3.4539295920577286,1,1,1,0,0,0,1,0,0,1,1,0,0,1,0,0,0.021816024425274312,0,0,0,0,0,1,0,1,1,1,1,1,0.772,41.0,1.6127838567197355,1,0,1,0,Journal of Development Economics,2024,3.3062105081677613,10,2014,2019,Colombia,3,2016.5
28,30,Lebow (2024),-0.08,0.01,100.0,-8.0,0.03333333333333333,0.18257418583505536,0.018751465015433733,2844,3.4539295920577286,1,1,1,0,0,0,1,0,0,1,1,0,0,1,0,0,0.021816024425274312,0,0,0,0,0,1,0,1,1,1,1,1,0.772,41.0,1.6127838567197355,1,0,1,0,Journal of Development Economics,2024,3.3062105081677613,10,2014,2019,Colombia,3,2016.5
28,30,Lebow (2024),-0.17,0.05,20.0,-3.4,0.03333333333333333,0.18257418583505536,0.018751465015433733,2844,3.4539295920577286,1,1,1,0,0,1,0,0,0,1,1,0,0,1,0,0,0.021816024425274312,0,0,0,0,0,1,0,1,1,1,1,1,0.772,41.0,1.6127838567197355,1,0,1,0,Journal of Development Economics,2024,3.3062105081677613,10,2014,2019,Colombia,3,2016.5
28,30,Lebow (2024),-0.07,0.01,100.0,-7.000000000000001,0.03333333333333333,0.18257418583505536,0.018751465015433733,2844,3.4539295920577286,1,1,1,0,0,0,1,0,0,1,1,1,0,0,0,0,0.021816024425274312,0,0,0,0,0,1,0,0,1,1,1,1,0.772,41.0,1.6127838567197355,1,0,1,0,Journal of Development Economics,2024,3.3062105081677613,10,2014,2019,Colombia,3,2016.5
28,30,Lebow (2024),-0.07,0.01,100.0,-7.000000000000001,0.03333333333333333,0.18257418583505536,0.018751465015433733,2844,3.4539295920577286,1,1,1,0,0,0,1,0,0,1,1,1,0,0,0,0,0.021816024425274312,0,0,0,0,0,1,0,0,1,1,1,1,0.772,41.0,1.6127838567197355,1,0,1,0,Journal of Development Economics,2024,3.3062105081677613,10,2014,2019,Colombia,3,2016.5
28,30,Lebow (2024),-0.13,0.03,33.333333333333336,-4.333333333333334,0.03333333333333333,0.18257418583505536,0.018751465015433733,2844,3.4539295920577286,1,1,1,0,0,1,0,0,0,1,1,1,0,0,0,0,0.021816024425274312,0,0,0,0,0,1,0,0,1,1,1,1,0.772,41.0,1.6127838567197355,1,0,1,0,Journal of Development Economics,2024,3.3062105081677613,10,2014,2019,Colombia,3,2016.5
28,30,Lebow (2024),-0.06,0.01,100.0,-6.0,0.03333333333333333,0.18257418583505536,0.018751465015433733,2844,3.4539295920577286,1,1,1,0,0,0,1,0,0,1,1,0,1,0,0,0,0.021816024425274312,0,0,0,0,0,1,0,0,1,1,1,1,0.772,41.0,1.6127838567197355,1,0,1,0,Journal of Development Economics,2024,3.3062105081677613,10,2014,2019,Colombia,3,2016.5
28,30,Lebow (2024),-0.08,0.01,100.0,-8.0,0.03333333333333333,0.18257418583505536,0.018751465015433733,2844,3.4539295920577286,1,1,1,0,0,0,1,0,0,1,1,0,1,0,0,0,0.021816024425274312,0,0,0,0,0,1,0,0,1,1,1,1,0.772,41.0,1.6127838567197355,1,0,1,0,Journal of Development Economics,2024,3.3062105081677613,10,2014,2019,Colombia,3,2016.5
28,30,Lebow (2024),-0.15,0.04,25.0,-3.75,0.03333333333333333,0.18257418583505536,0.018751465015433733,2844,3.4539295920577286,1,1,1,0,0,1,0,0,0,1,1,0,1,0,0,0,0.021816024425274312,0,0,0,0,0,1,0,0,1,1,1,1,0.772,41.0,1.6127838567197355,1,0,1,0,Journal of Development Economics,2024,3.3062105081677613,10,2014,2019,Colombia,3,2016.5
28,30,Lebow (2024),-0.07,0.01,100.0,-7.000000000000001,0.03333333333333333,0.18257418583505536,0.018751465015433733,2844,3.4539295920577286,1,1,1,0,0,0,1,0,0,1,1,1,0,0,0,0,0.021816024425274312,0,0,0,0,0,1,0,1,1,1,1,1,0.772,41.0,1.6127838567197355,1,0,1,0,Journal of Development Economics,2024,3.3062105081677613,10,2014,2019,Colombia,3,2016.5
28,30,Lebow (2024),-0.07,0.01,100.0,-7.000000000000001,0.03333333333333333,0.18257418583505536,0.018751465015433733,2844,3.4539295920577286,1,1,1,0,0,0,1,0,0,1,1,1,0,0,0,0,0.021816024425274312,0,0,0,0,0,1,0,1,1,1,1,1,0.772,41.0,1.6127838567197355,1,0,1,0,Journal of Development Economics,2024,3.3062105081677613,10,2014,2019,Colombia,3,2016.5
28,30,Lebow (2024),-0.16,0.04,25.0,-4.0,0.03333333333333333,0.18257418583505536,0.018751465015433733,2844,3.4539295920577286,1,1,1,0,0,1,0,0,0,1,1,1,0,0,0,0,0.021816024425274312,0,0,0,0,0,1,0,1,1,1,1,1,0.772,41.0,1.6127838567197355,1,0,1,0,Journal of Development Economics,2024,3.3062105081677613,10,2014,2019,Colombia,3,2016.5
28,30,Lebow (2024),-0.06,0.01,100.0,-6.0,0.03333333333333333,0.18257418583505536,0.018751465015433733,2844,3.4539295920577286,1,1,1,0,0,0,1,0,0,1,1,0,1,0,0,0,0.021816024425274312,0,0,0,0,0,1,0,1,1,1,1,1,0.772,41.0,1.6127838567197355,1,0,1,0,Journal of Development Economics,2024,3.3062105081677613,10,2014,2019,Colombia,3,2016.5
28,30,Lebow (2024),-0.08,0.01,100.0,-8.0,0.03333333333333333,0.18257418583505536,0.018751465015433733,2844,3.4539295920577286,1,1,1,0,0,0,1,0,0,1,1,0,1,0,0,0,0.021816024425274312,0,0,0,0,0,1,0,1,1,1,1,1,0.772,41.0,1.6127838567197355,1,0,1,0,Journal of Development Economics,2024,3.3062105081677613,10,2014,2019,Colombia,3,2016.5
28,30,Lebow (2024),-0.18,0.04,25.0,-4.5,0.03333333333333333,0.18257418583505536,0.018751465015433733,2844,3.4539295920577286,1,1,1,0,0,1,0,0,0,1,1,0,1,0,0,0,0.021816024425274312,0,0,0,0,0,1,0,1,1,1,1,1,0.772,41.0,1.6127838567197355,1,0,1,0,Journal of Development Economics,2024,3.3062105081677613,10,2014,2019,Colombia,3,2016.5
29,12,Llull (2018),-0.054,0.011,90.90909090909092,-4.909090909090909,0.08333333333333333,0.28867513459481287,0.05,400,2.6020599913279625,1,0,1,0,0,0,0,1,0,1,1,1,0,0,0,1,0.0705,1,0,0,0,0,1,1,1,0,1,1,1,2.439,23.0,1.3617278360175928,1,1,1,0,The Review of Economic Studies,2018,3.3049211619008916,48,1970,2006,US,10,1988.0
29,12,Llull (2018),-0.065,0.017,58.8235294117647,-3.8235294117647056,0.08333333333333333,0.28867513459481287,0.05,400,2.6020599913279625,1,0,1,0,0,0,0,1,0,1,1,0,0,1,0,1,0.0705,1,0,0,0,0,1,1,1,0,1,1,1,2.439,23.0,1.3617278360175928,1,1,1,0,The Review of Economic Studies,2018,3.3049211619008916,48,1970,2006,US,10,1988.0
29,12,Llull (2018),-0.022,0.012,83.33333333333333,-1.8333333333333333,0.08333333333333333,0.28867513459481287,0.05,400,2.6020599913279625,1,0,1,0,0,0,0,1,0,1,1,1,0,0,0,1,0.0705,1,0,0,0,0,1,1,1,0,1,1,1,2.439,23.0,1.3617278360175928,1,1,1,0,The Review of Economic Studies,2018,3.3049211619008916,48,1970,2006,US,10,1988.0
29,12,Llull (2018),-0.084,0.015,66.66666666666667,-5.6000000000000005,0.08333333333333333,0.28867513459481287,0.05,400,2.6020599913279625,1,0,1,0,0,0,0,1,0,1,1,1,0,0,0,1,0.0705,1,0,0,0,0,1,1,1,0,0,0,0,2.439,23.0,1.3617278360175928,1,1,1,0,The Review of Economic Studies,2018,3.3049211619008916,48,1970,2006,US,10,1988.0
29,12,Llull (2018),-0.137,0.019,52.631578947368425,-7.210526315789474,0.08333333333333333,0.28867513459481287,0.05,400,2.6020599913279625,1,0,1,0,0,0,0,1,0,1,1,0,0,1,0,1,0.0705,1,0,0,0,0,1,1,1,0,0,0,0,2.439,23.0,1.3617278360175928,1,1,1,0,The Review of Economic Studies,2018,3.3049211619008916,48,1970,2006,US,10,1988.0
29,12,Llull (2018),-0.063,0.022,45.45454545454546,-2.8636363636363638,0.08333333333333333,0.28867513459481287,0.05,400,2.6020599913279625,1,0,1,0,0,0,0,1,0,1,1,1,0,0,0,1,0.0705,1,0,0,0,0,1,1,1,0,0,0,0,2.439,23.0,1.3617278360175928,1,1,1,0,The Review of Economic Studies,2018,3.3049211619008916,48,1970,2006,US,10,1988.0
29,12,Llull (2018),-0.05,0.009,111.11111111111111,-5.555555555555556,0.08333333333333333,0.28867513459481287,0.017460757394239454,3280,3.515873843711679,1,1,1,0,0,0,0,1,0,1,1,1,0,0,0,1,0.0705,1,0,0,0,0,1,1,1,0,1,1,1,2.439,23.0,1.3617278360175928,1,1,1,0,The Review of Economic Studies,2018,3.3049211619008916,51,1967,2007,US,10,1987.0
29,12,Llull (2018),-0.073,0.014,71.42857142857143,-5.2142857142857135,0.08333333333333333,0.28867513459481287,0.017460757394239454,3280,3.515873843711679,1,1,1,0,0,0,0,1,0,1,1,0,0,1,0,1,0.0705,1,0,0,0,0,1,1,1,0,1,1,1,2.439,23.0,1.3617278360175928,1,1,1,0,The Review of Economic Studies,2018,3.3049211619008916,51,1967,2007,US,10,1987.0
29,12,Llull (2018),-0.008,0.01,100.0,-0.8,0.08333333333333333,0.28867513459481287,0.017460757394239454,3280,3.515873843711679,1,1,1,0,0,0,0,1,0,1,1,1,0,0,0,1,0.0705,1,0,0,0,0,1,1,1,0,1,1,1,2.439,23.0,1.3617278360175928,1,1,1,0,The Review of Economic Studies,2018,3.3049211619008916,51,1967,2007,US,10,1987.0
29,12,Llull (2018),-0.083,0.017,58.8235294117647,-4.88235294117647,0.08333333333333333,0.28867513459481287,0.017460757394239454,3280,3.515873843711679,1,1,1,0,0,0,0,1,0,1,1,1,0,0,0,1,0.0705,1,0,0,0,0,1,1,1,0,0,0,0,2.439,23.0,1.3617278360175928,1,1,1,0,The Review of Economic Studies,2018,3.3049211619008916,51,1967,2007,US,10,1987.0
29,12,Llull (2018),-0.15,0.02,50.0,-7.5,0.08333333333333333,0.28867513459481287,0.017460757394239454,3280,3.515873843711679,1,1,1,0,0,0,0,1,0,1,1,0,0,1,0,1,0.0705,1,0,0,0,0,1,1,1,0,0,0,0,2.439,23.0,1.3617278360175928,1,1,1,0,The Review of Economic Studies,2018,3.3049211619008916,51,1967,2007,US,10,1987.0
29,12,Llull (2018),-0.06,0.026,38.46153846153846,-2.307692307692308,0.08333333333333333,0.28867513459481287,0.017460757394239454,3280,3.515873843711679,1,1,1,0,0,0,0,1,0,1,1,1,0,0,0,1,0.0705,1,0,0,0,0,1,1,1,0,0,0,0,2.439,23.0,1.3617278360175928,1,1,1,0,The Review of Economic Studies,2018,3.3049211619008916,51,1967,2007,US,10,1987.0
30,92,Lu (2022),-0.047,0.008,125.0,-5.875,0.010869565217391304,0.10425720702853739,0.07216878364870323,192,2.2833012287035497,0,0,1,0,0,0,0,1,0,1,1,1,0,0,0,1,0.062,1,0,0,0,0,1,1,1,0,0,0,0,0.078,1.0,0.0,1,0,0,0,International Migration Review,2023,3.3059958827708047,63,1960,2006,US,10,1983.0
30,92,Lu (2022),-0.062,0.01,100.0,-6.2,0.010869565217391304,0.10425720702853739,0.07216878364870323,192,2.2833012287035497,0,0,1,0,0,0,0,1,0,1,1,1,0,0,0,1,0.062,1,0,0,0,0,1,1,1,0,0,0,1,0.078,1.0,0.0,1,0,0,0,International Migration Review,2023,3.3059958827708047,63,1960,2006,US,10,1983.0
30,92,Lu (2022),-0.022,0.015,66.66666666666667,-1.4666666666666666,0.010869565217391304,0.10425720702853739,0.07216878364870323,192,2.2833012287035497,0,0,1,0,0,0,0,1,0,1,1,1,0,0,0,1,0.062,1,0,0,0,0,1,1,1,0,1,0,1,0.078,1.0,0.0,1,0,0,0,International Migration Review,2023,3.3059958827708047,63,1960,2006,US,10,1983.0
30,92,Lu (2022),0.011,0.024,41.666666666666664,0.4583333333333333,0.010869565217391304,0.10425720702853739,0.07216878364870323,192,2.2833012287035497,0,0,1,0,0,0,0,1,0,1,1,1,0,0,0,1,0.062,1,0,0,0,0,1,1,1,0,1,0,1,0.078,1.0,0.0,1,0,0,0,International Migration Review,2023,3.3059958827708047,63,1960,2006,US,10,1983.0
30,92,Lu (2022),-0.03,0.009,111.11111111111111,-3.3333333333333335,0.010869565217391304,0.10425720702853739,0.07216878364870323,192,2.2833012287035497,0,0,1,0,0,0,0,1,0,1,1,1,0,0,0,1,0.062,1,0,0,0,0,1,1,1,0,0,0,0,0.078,1.0,0.0,1,0,0,0,International Migration Review,2023,3.3059958827708047,63,1960,2006,US,10,1983.0
30,92,Lu (2022),-0.043,0.01,100.0,-4.3,0.010869565217391304,0.10425720702853739,0.07216878364870323,192,2.2833012287035497,0,0,1,0,0,0,0,1,0,1,1,1,0,0,0,1,0.062,1,0,0,0,0,1,1,1,0,0,0,1,0.078,1.0,0.0,1,0,0,0,International Migration Review,2023,3.3059958827708047,63,1960,2006,US,10,1983.0
30,92,Lu (2022),-0.012,0.012,83.33333333333333,-1.0,0.010869565217391304,0.10425720702853739,0.07216878364870323,192,2.2833012287035497,0,0,1,0,0,0,0,1,0,1,1,1,0,0,0,1,0.062,1,0,0,0,0,1,1,1,0,1,0,1,0.078,1.0,0.0,1,0,0,0,International Migration Review,2023,3.3059958827708047,63,1960,2006,US,10,1983.0
30,92,Lu (2022),0.008,0.028,35.714285714285715,0.2857142857142857,0.010869565217391304,0.10425720702853739,0.07216878364870323,192,2.2833012287035497,0,0,1,0,0,0,0,1,0,1,1,1,0,0,0,1,0.062,1,0,0,0,0,1,1,1,0,1,0,1,0.078,1.0,0.0,1,0,0,0,International Migration Review,2023,3.3059958827708047,63,1960,2006,US,10,1983.0
30,92,Lu (2022),-0.007,0.017,58.8235294117647,-0.4117647058823529,0.010869565217391304,0.10425720702853739,0.07216878364870323,192,2.2833012287035497,0,0,1,0,0,0,0,1,0,1,1,1,0,0,0,1,0.062,0,0,0,0,0,1,1,1,0,0,0,0,0.078,1.0,0.0,1,0,0,0,International Migration Review,2023,3.3059958827708047,63,1960,2006,US,10,1983.0
30,92,Lu (2022),-0.036,0.012,83.33333333333333,-2.9999999999999996,0.010869565217391304,0.10425720702853739,0.07216878364870323,192,2.2833012287035497,0,0,1,0,0,0,0,1,0,1,1,1,0,0,0,1,0.062,0,0,0,0,0,1,1,1,0,0,0,1,0.078,1.0,0.0,1,0,0,0,International Migration Review,2023,3.3059958827708047,63,1960,2006,US,10,1983.0
30,92,Lu (2022),0.011,0.014,71.42857142857143,0.7857142857142857,0.010869565217391304,0.10425720702853739,0.07216878364870323,192,2.2833012287035497,0,0,1,0,0,0,0,1,0,1,1,1,0,0,0,1,0.062,0,0,0,0,0,1,1,1,0,1,0,1,0.078,1.0,0.0,1,0,0,0,International Migration Review,2023,3.3059958827708047,63,1960,2006,US,10,1983.0
30,92,Lu (2022),0.013,0.033,30.3030303030303,0.3939393939393939,0.010869565217391304,0.10425720702853739,0.07216878364870323,192,2.2833012287035497,0,0,1,0,0,0,0,1,0,1,1,1,0,0,0,1,0.062,0,0,0,0,0,1,1,1,0,1,0,1,0.078,1.0,0.0,1,0,0,0,International Migration Review,2023,3.3059958827708047,63,1960,2006,US,10,1983.0
30,92,Lu (2022),-0.023,0.01,100.0,-2.3,0.010869565217391304,0.10425720702853739,0.07216878364870323,192,2.2833012287035497,0,0,1,0,0,0,0,1,0,1,1,1,0,0,0,1,0.062,1,0,0,0,0,1,1,1,0,1,0,1,0.078,1.0,0.0,1,0,0,0,International Migration Review,2023,3.3059958827708047,63,1960,2006,US,10,1983.0
30,92,Lu (2022),-0.019,0.012,83.33333333333333,-1.5833333333333333,0.010869565217391304,0.10425720702853739,0.07216878364870323,192,2.2833012287035497,0,0,1,0,0,0,0,1,0,1,1,1,0,0,0,1,0.062,1,0,0,0,0,1,1,1,0,1,0,1,0.078,1.0,0.0,1,0,0,0,International Migration Review,2023,3.3059958827708047,63,1960,2006,US,10,1983.0
30,92,Lu (2022),-0.029,0.01,100.0,-2.9,0.010869565217391304,0.10425720702853739,0.07216878364870323,192,2.2833012287035497,0,0,1,0,0,0,0,1,0,1,1,1,0,0,0,1,0.062,1,0,0,0,0,1,1,1,0,1,0,1,0.078,1.0,0.0,1,0,0,0,International Migration Review,2023,3.3059958827708047,63,1960,2006,US,10,1983.0
30,92,Lu (2022),-0.021,0.009,111.11111111111111,-2.3333333333333335,0.010869565217391304,0.10425720702853739,0.0668153104781061,224,2.3502480183341627,1,0,1,0,0,0,0,1,0,1,1,1,0,0,0,1,0.062,1,0,0,0,0,1,1,1,0,1,0,1,0.078,1.0,0.0,1,0,0,0,International Migration Review,2023,3.3059958827708047,63,1960,2018,US,10,1989.0
30,92,Lu (2022),-0.019,0.01,100.0,-1.9,0.010869565217391304,0.10425720702853739,0.0668153104781061,224,2.3502480183341627,1,0,1,0,0,0,0,1,0,1,1,1,0,0,0,1,0.062,1,0,0,0,0,1,1,1,0,1,0,1,0.078,1.0,0.0,1,0,0,0,International Migration Review,2023,3.3059958827708047,63,1960,2018,US,10,1989.0
30,92,Lu (2022),-0.041,0.008,125.0,-5.125,0.010869565217391304,0.10425720702853739,0.0668153104781061,224,2.3502480183341627,1,0,1,0,0,0,0,1,0,1,1,1,0,0,0,1,0.062,1,0,0,0,0,1,1,1,0,1,0,1,0.078,1.0,0.0,1,0,0,0,International Migration Review,2023,3.3059958827708047,63,1960,2018,US,10,1989.0
30,92,Lu (2022),-0.029,0.01,100.0,-2.9,0.010869565217391304,0.10425720702853739,0.07216878364870323,192,2.2833012287035497,0,0,1,0,0,0,0,1,0,1,1,1,0,0,0,1,0.062,1,0,0,0,0,1,1,1,0,1,0,1,0.078,1.0,0.0,1,0,0,0,International Migration Review,2023,3.3059958827708047,63,1960,2006,US,10,1983.0
30,92,Lu (2022),-0.028,0.011,90.90909090909092,-2.545454545454546,0.010869565217391304,0.10425720702853739,0.07216878364870323,192,2.2833012287035497,0,0,1,0,0,0,0,1,0,1,1,1,0,0,0,1,0.062,1,0,0,0,0,1,1,0,0,1,0,1,0.078,1.0,0.0,1,0,0,0,International Migration Review,2023,3.3059958827708047,63,1960,2006,US,10,1983.0
30,92,Lu (2022),-0.022,0.015,66.66666666666667,-1.4666666666666666,0.010869565217391304,0.10425720702853739,0.07216878364870323,192,2.2833012287035497,0,0,1,0,0,0,0,1,0,1,1,1,0,0,0,1,0.062,1,0,0,0,0,1,1,0,0,1,0,1,0.078,1.0,0.0,1,0,0,0,International Migration Review,2023,3.3059958827708047,63,1960,2006,US,10,1983.0
30,92,Lu (2022),-0.041,0.008,125.0,-5.125,0.010869565217391304,0.10425720702853739,0.0668153104781061,224,2.3502480183341627,1,0,1,0,0,0,0,1,0,1,1,1,0,0,0,1,0.062,1,0,0,0,0,1,1,1,0,1,0,1,0.078,1.0,0.0,1,0,0,0,International Migration Review,2023,3.3059958827708047,63,1960,2018,US,10,1989.0
30,92,Lu (2022),-0.035,0.009,111.11111111111111,-3.8888888888888897,0.010869565217391304,0.10425720702853739,0.0668153104781061,224,2.3502480183341627,1,0,1,0,0,0,0,1,0,1,1,1,0,0,0,1,0.062,1,0,0,0,0,1,1,0,0,1,0,1,0.078,1.0,0.0,1,0,0,0,International Migration Review,2023,3.3059958827708047,63,1960,2018,US,10,1989.0
30,92,Lu (2022),-0.045,0.015,66.66666666666667,-3.0,0.010869565217391304,0.10425720702853739,0.0668153104781061,224,2.3502480183341627,1,0,1,0,0,0,0,1,0,1,1,1,0,0,0,1,0.062,1,0,0,0,0,1,1,0,0,1,0,1,0.078,1.0,0.0,1,0,0,0,International Migration Review,2023,3.3059958827708047,63,1960,2018,US,10,1989.0
30,92,Lu (2022),-0.023,0.01,100.0,-2.3,0.010869565217391304,0.10425720702853739,0.07216878364870323,192,2.2833012287035497,0,0,1,0,0,0,0,1,0,1,1,1,0,0,0,1,0.062,1,0,0,0,0,1,1,1,0,1,0,1,0.078,1.0,0.0,1,0,0,0,International Migration Review,2023,3.3059958827708047,63,1960,2006,US,10,1983.0
30,92,Lu (2022),-0.019,0.012,83.33333333333333,-1.5833333333333333,0.010869565217391304,0.10425720702853739,0.07216878364870323,192,2.2833012287035497,0,0,1,0,0,0,0,1,0,1,1,1,0,0,0,1,0.062,1,0,0,0,0,1,1,1,0,1,0,1,0.078,1.0,0.0,1,0,0,0,International Migration Review,2023,3.3059958827708047,63,1960,2006,US,10,1983.0
30,92,Lu (2022),-0.029,0.01,100.0,-2.9,0.010869565217391304,0.10425720702853739,0.07216878364870323,192,2.2833012287035497,0,0,1,0,0,0,0,1,0,1,1,1,0,0,0,1,0.062,1,0,0,0,0,1,1,1,0,1,0,1,0.078,1.0,0.0,1,0,0,0,International Migration Review,2023,3.3059958827708047,63,1960,2006,US,10,1983.0
30,92,Lu (2022),-0.019,0.011,90.90909090909092,-1.7272727272727273,0.010869565217391304,0.10425720702853739,0.07216878364870323,192,2.2833012287035497,0,0,1,0,0,0,0,1,0,1,1,0,1,0,0,1,0.062,1,0,0,0,0,1,1,1,0,1,0,1,0.078,1.0,0.0,1,0,0,0,International Migration Review,2023,3.3059958827708047,63,1960,2006,US,10,1983.0
30,92,Lu (2022),-0.031,0.01,100.0,-3.1,0.010869565217391304,0.10425720702853739,0.07216878364870323,192,2.2833012287035497,0,0,1,0,0,0,0,1,0,1,1,0,1,0,0,1,0.062,1,0,0,0,0,1,1,1,0,1,0,1,0.078,1.0,0.0,1,0,0,0,International Migration Review,2023,3.3059958827708047,63,1960,2006,US,10,1983.0
30,92,Lu (2022),-0.03,0.01,100.0,-3.0,0.010869565217391304,0.10425720702853739,0.07216878364870323,192,2.2833012287035497,0,0,1,0,0,0,0,1,0,1,1,0,1,0,0,1,0.062,1,0,0,0,0,1,1,1,0,1,0,1,0.078,1.0,0.0,1,0,0,0,International Migration Review,2023,3.3059958827708047,63,1960,2006,US,10,1983.0
30,92,Lu (2022),-0.013,0.012,83.33333333333333,-1.0833333333333333,0.010869565217391304,0.10425720702853739,0.07216878364870323,192,2.2833012287035497,0,0,1,0,0,0,0,1,0,1,1,0,0,1,0,1,0.062,1,0,0,0,0,1,1,1,0,1,0,1,0.078,1.0,0.0,1,0,0,0,International Migration Review,2023,3.3059958827708047,63,1960,2006,US,10,1983.0
30,92,Lu (2022),-0.018,0.013,76.92307692307692,-1.3846153846153846,0.010869565217391304,0.10425720702853739,0.07216878364870323,192,2.2833012287035497,0,0,1,0,0,0,0,1,0,1,1,0,0,1,0,1,0.062,1,0,0,0,0,1,1,1,0,1,0,1,0.078,1.0,0.0,1,0,0,0,International Migration Review,2023,3.3059958827708047,63,1960,2006,US,10,1983.0
30,92,Lu (2022),-0.024,0.012,83.33333333333333,-2.0,0.010869565217391304,0.10425720702853739,0.07216878364870323,192,2.2833012287035497,0,0,1,0,0,0,0,1,0,1,1,0,0,1,0,1,0.062,1,0,0,0,0,1,1,1,0,1,0,1,0.078,1.0,0.0,1,0,0,0,International Migration Review,2023,3.3059958827708047,63,1960,2006,US,10,1983.0
30,92,Lu (2022),-0.021,0.009,111.11111111111111,-2.3333333333333335,0.010869565217391304,0.10425720702853739,0.0668153104781061,224,2.3502480183341627,1,0,1,0,0,0,0,1,0,1,1,1,0,0,0,1,0.062,1,0,0,0,0,1,1,1,0,1,0,1,0.078,1.0,0.0,1,0,0,0,International Migration Review,2023,3.3059958827708047,63,1960,2018,US,10,1989.0
30,92,Lu (2022),-0.019,0.01,100.0,-1.9,0.010869565217391304,0.10425720702853739,0.0668153104781061,224,2.3502480183341627,1,0,1,0,0,0,0,1,0,1,1,1,0,0,0,1,0.062,1,0,0,0,0,1,1,1,0,1,0,1,0.078,1.0,0.0,1,0,0,0,International Migration Review,2023,3.3059958827708047,63,1960,2018,US,10,1989.0
30,92,Lu (2022),-0.041,0.008,125.0,-5.125,0.010869565217391304,0.10425720702853739,0.0668153104781061,224,2.3502480183341627,1,0,1,0,0,0,0,1,0,1,1,1,0,0,0,1,0.062,1,0,0,0,0,1,1,1,0,1,0,1,0.078,1.0,0.0,1,0,0,0,International Migration Review,2023,3.3059958827708047,63,1960,2018,US,10,1989.0
30,92,Lu (2022),-0.027,0.009,111.11111111111111,-3.0,0.010869565217391304,0.10425720702853739,0.0668153104781061,224,2.3502480183341627,1,0,1,0,0,0,0,1,0,1,1,0,1,0,0,1,0.062,1,0,0,0,0,1,1,1,0,1,0,1,0.078,1.0,0.0,1,0,0,0,International Migration Review,2023,3.3059958827708047,63,1960,2018,US,10,1989.0
30,92,Lu (2022),-0.033,0.008,125.0,-4.125,0.010869565217391304,0.10425720702853739,0.0668153104781061,224,2.3502480183341627,1,0,1,0,0,0,0,1,0,1,1,0,1,0,0,1,0.062,1,0,0,0,0,1,1,1,0,1,0,1,0.078,1.0,0.0,1,0,0,0,International Migration Review,2023,3.3059958827708047,63,1960,2018,US,10,1989.0
30,92,Lu (2022),-0.034,0.008,125.0,-4.25,0.010869565217391304,0.10425720702853739,0.0668153104781061,224,2.3502480183341627,1,0,1,0,0,0,0,1,0,1,1,0,1,0,0,1,0.062,1,0,0,0,0,1,1,1,0,1,0,1,0.078,1.0,0.0,1,0,0,0,International Migration Review,2023,3.3059958827708047,63,1960,2018,US,10,1989.0
30,92,Lu (2022),-0.018,0.01,100.0,-1.7999999999999998,0.010869565217391304,0.10425720702853739,0.0668153104781061,224,2.3502480183341627,1,0,1,0,0,0,0,1,0,1,1,0,0,1,0,1,0.062,1,0,0,0,0,1,1,1,0,1,0,1,0.078,1.0,0.0,1,0,0,0,International Migration Review,2023,3.3059958827708047,63,1960,2018,US,10,1989.0
30,92,Lu (2022),-0.017,0.011,90.90909090909092,-1.5454545454545456,0.010869565217391304,0.10425720702853739,0.0668153104781061,224,2.3502480183341627,1,0,1,0,0,0,0,1,0,1,1,0,0,1,0,1,0.062,1,0,0,0,0,1,1,1,0,1,0,1,0.078,1.0,0.0,1,0,0,0,International Migration Review,2023,3.3059958827708047,63,1960,2018,US,10,1989.0
30,92,Lu (2022),-0.028,0.01,100.0,-2.8,0.010869565217391304,0.10425720702853739,0.0668153104781061,224,2.3502480183341627,1,0,1,0,0,0,0,1,0,1,1,0,0,1,0,1,0.062,1,0,0,0,0,1,1,1,0,1,0,1,0.078,1.0,0.0,1,0,0,0,International Migration Review,2023,3.3059958827708047,63,1960,2018,US,10,1989.0
30,92,Lu (2022),-0.029,0.01,100.0,-2.9,0.010869565217391304,0.10425720702853739,0.07216878364870323,192,2.2833012287035497,0,0,1,0,0,0,0,1,0,1,1,1,0,0,0,1,0.062,1,0,0,0,0,1,1,1,0,1,0,1,0.078,1.0,0.0,1,0,0,0,International Migration Review,2023,3.3059958827708047,63,1960,2006,US,10,1983.0
30,92,Lu (2022),-0.021,0.01,100.0,-2.1,0.010869565217391304,0.10425720702853739,0.07216878364870323,192,2.2833012287035497,0,0,1,0,0,0,0,1,0,1,1,1,0,0,0,1,0.062,1,0,0,0,0,1,0,1,0,1,0,1,0.078,1.0,0.0,1,0,0,0,International Migration Review,2023,3.3059958827708047,63,1960,2006,US,10,1983.0
30,92,Lu (2022),-0.012,0.007,142.85714285714286,-1.7142857142857142,0.010869565217391304,0.10425720702853739,0.07216878364870323,192,2.2833012287035497,0,0,1,0,0,0,0,1,0,1,1,1,0,0,0,1,0.062,1,0,0,0,0,1,0,1,0,1,0,1,0.078,1.0,0.0,1,0,0,0,International Migration Review,2023,3.3059958827708047,63,1960,2006,US,10,1983.0
30,92,Lu (2022),-0.006,0.006,166.66666666666666,-1.0,0.010869565217391304,0.10425720702853739,0.07216878364870323,192,2.2833012287035497,0,0,1,0,0,0,0,1,0,1,1,1,0,0,0,1,0.062,1,0,0,0,0,1,0,1,0,1,0,1,0.078,1.0,0.0,1,0,0,0,International Migration Review,2023,3.3059958827708047,63,1960,2006,US,10,1983.0
30,92,Lu (2022),-0.041,0.008,125.0,-5.125,0.010869565217391304,0.10425720702853739,0.0668153104781061,224,2.3502480183341627,1,0,1,0,0,0,0,1,0,1,1,1,0,0,0,1,0.062,1,0,0,0,0,1,1,1,0,1,0,1,0.078,1.0,0.0,1,0,0,0,International Migration Review,2023,3.3059958827708047,63,1960,2018,US,10,1989.0
30,92,Lu (2022),-0.023,0.009,111.11111111111111,-2.555555555555556,0.010869565217391304,0.10425720702853739,0.0668153104781061,224,2.3502480183341627,1,0,1,0,0,0,0,1,0,1,1,1,0,0,0,1,0.062,1,0,0,0,0,1,0,1,0,1,0,1,0.078,1.0,0.0,1,0,0,0,International Migration Review,2023,3.3059958827708047,63,1960,2018,US,10,1989.0
30,92,Lu (2022),-0.008,0.007,142.85714285714286,-1.1428571428571428,0.010869565217391304,0.10425720702853739,0.0668153104781061,224,2.3502480183341627,1,0,1,0,0,0,0,1,0,1,1,1,0,0,0,1,0.062,1,0,0,0,0,1,0,1,0,1,0,1,0.078,1.0,0.0,1,0,0,0,International Migration Review,2023,3.3059958827708047,63,1960,2018,US,10,1989.0
30,92,Lu (2022),0.027,0.01,100.0,2.6999999999999997,0.010869565217391304,0.10425720702853739,0.07216878364870323,192,2.2833012287035497,0,0,1,0,0,0,0,1,0,1,1,1,0,0,0,1,0.062,1,0,0,0,0,1,1,1,0,1,0,1,0.078,1.0,0.0,1,0,0,0,International Migration Review,2023,3.3059958827708047,53,1970,1970,US,10,1970.0
30,92,Lu (2022),-0.04,0.01,100.0,-4.0,0.010869565217391304,0.10425720702853739,0.07216878364870323,192,2.2833012287035497,0,0,1,0,0,0,0,1,0,1,1,1,0,0,0,1,0.062,1,0,0,0,0,1,1,1,0,1,0,1,0.078,1.0,0.0,1,0,0,0,International Migration Review,2023,3.3059958827708047,43,1980,1980,US,10,1980.0
30,92,Lu (2022),-0.03,0.016,62.5,-1.875,0.010869565217391304,0.10425720702853739,0.07216878364870323,192,2.2833012287035497,0,0,1,0,0,0,0,1,0,1,1,1,0,0,0,1,0.062,1,0,0,0,0,1,1,1,0,1,0,1,0.078,1.0,0.0,1,0,0,0,International Migration Review,2023,3.3059958827708047,23,2000,2000,US,10,2000.0
30,92,Lu (2022),-0.082,0.02,50.0,-4.1,0.010869565217391304,0.10425720702853739,0.07216878364870323,192,2.2833012287035497,0,0,1,0,0,0,0,1,0,1,1,1,0,0,0,1,0.062,1,0,0,0,0,1,1,1,0,1,0,1,0.078,1.0,0.0,1,0,0,0,International Migration Review,2023,3.3059958827708047,17,2006,2006,US,10,2006.0
30,92,Lu (2022),0.032,0.011,90.90909090909092,2.909090909090909,0.010869565217391304,0.10425720702853739,0.07216878364870323,192,2.2833012287035497,0,0,1,0,0,0,0,1,0,1,1,1,0,0,0,1,0.062,1,0,0,0,0,1,1,1,0,1,0,1,0.078,1.0,0.0,1,0,0,0,International Migration Review,2023,3.3059958827708047,53,1970,1970,US,10,1970.0
30,92,Lu (2022),-0.017,0.014,71.42857142857143,-1.2142857142857144,0.010869565217391304,0.10425720702853739,0.07216878364870323,192,2.2833012287035497,0,0,1,0,0,0,0,1,0,1,1,1,0,0,0,1,0.062,1,0,0,0,0,1,1,1,0,1,0,1,0.078,1.0,0.0,1,0,0,0,International Migration Review,2023,3.3059958827708047,23,2000,2000,US,10,2000.0
30,92,Lu (2022),-0.024,0.018,55.55555555555556,-1.3333333333333335,0.010869565217391304,0.10425720702853739,0.07216878364870323,192,2.2833012287035497,0,0,1,0,0,0,0,1,0,1,1,1,0,0,0,1,0.062,1,0,0,0,0,1,1,1,0,1,0,1,0.078,1.0,0.0,1,0,0,0,International Migration Review,2023,3.3059958827708047,17,2006,2006,US,10,2006.0
30,92,Lu (2022),0.02,0.009,111.11111111111111,2.2222222222222223,0.010869565217391304,0.10425720702853739,0.07216878364870323,192,2.2833012287035497,0,0,1,0,0,0,0,1,0,1,1,1,0,0,0,1,0.062,1,0,0,0,0,1,1,1,0,1,0,1,0.078,1.0,0.0,1,0,0,0,International Migration Review,2023,3.3059958827708047,53,1970,1970,US,10,1970.0
30,92,Lu (2022),-0.02,0.015,66.66666666666667,-1.3333333333333335,0.010869565217391304,0.10425720702853739,0.07216878364870323,192,2.2833012287035497,0,0,1,0,0,0,0,1,0,1,1,1,0,0,0,1,0.062,1,0,0,0,0,1,1,1,0,1,0,1,0.078,1.0,0.0,1,0,0,0,International Migration Review,2023,3.3059958827708047,23,2000,2000,US,10,2000.0
30,92,Lu (2022),-0.031,0.018,55.55555555555556,-1.7222222222222223,0.010869565217391304,0.10425720702853739,0.07216878364870323,192,2.2833012287035497,0,0,1,0,0,0,0,1,0,1,1,1,0,0,0,1,0.062,1,0,0,0,0,1,1,1,0,1,0,1,0.078,1.0,0.0,1,0,0,0,International Migration Review,2023,3.3059958827708047,17,2006,2006,US,10,2006.0
30,92,Lu (2022),0.002,0.008,125.0,0.25,0.010869565217391304,0.10425720702853739,0.07216878364870323,192,2.2833012287035497,0,0,1,0,1,0,1,1,0,1,1,1,0,0,0,1,0.062,1,0,0,0,0,1,1,1,0,1,0,1,0.078,1.0,0.0,1,0,0,0,International Migration Review,2023,3.3059958827708047,63,1960,2006,US,10,1983.0
30,92,Lu (2022),-0.053,0.007,142.85714285714286,-7.571428571428571,0.010869565217391304,0.10425720702853739,0.07216878364870323,192,2.2833012287035497,0,0,1,0,1,0,1,1,0,1,1,1,0,0,0,1,0.062,1,0,0,0,0,1,1,1,0,1,0,1,0.078,1.0,0.0,1,0,0,0,International Migration Review,2023,3.3059958827708047,63,1960,2006,US,10,1983.0
30,92,Lu (2022),-0.041,0.008,125.0,-5.125,0.010869565217391304,0.10425720702853739,0.07216878364870323,192,2.2833012287035497,0,0,1,1,0,0,1,1,0,1,1,1,0,0,0,1,0.062,1,0,0,0,0,1,1,1,0,1,0,1,0.078,1.0,0.0,1,0,0,0,International Migration Review,2023,3.3059958827708047,63,1960,2006,US,10,1983.0
30,92,Lu (2022),0.086,0.007,142.85714285714286,12.285714285714285,0.010869565217391304,0.10425720702853739,0.07216878364870323,192,2.2833012287035497,0,0,1,0,1,1,0,1,0,1,1,1,0,0,0,1,0.062,1,0,0,0,0,1,1,1,0,1,0,1,0.078,1.0,0.0,1,0,0,0,International Migration Review,2023,3.3059958827708047,63,1960,2006,US,10,1983.0
30,92,Lu (2022),0.051,0.021,47.61904761904761,2.4285714285714284,0.010869565217391304,0.10425720702853739,0.07216878364870323,192,2.2833012287035497,0,0,1,0,0,0,1,1,0,1,1,1,0,0,0,1,0.062,1,0,0,0,0,1,1,1,0,1,0,1,0.078,1.0,0.0,1,0,0,0,International Migration Review,2023,3.3059958827708047,63,1960,1960,US,10,1960.0
30,92,Lu (2022),0.035,0.017,58.8235294117647,2.058823529411765,0.010869565217391304,0.10425720702853739,0.07216878364870323,192,2.2833012287035497,0,0,1,0,0,0,1,1,0,1,1,1,0,0,0,1,0.062,1,0,0,0,0,1,1,1,0,1,0,1,0.078,1.0,0.0,1,0,0,0,International Migration Review,2023,3.3059958827708047,53,1970,1970,US,10,1970.0
30,92,Lu (2022),-0.096,0.02,50.0,-4.8,0.010869565217391304,0.10425720702853739,0.07216878364870323,192,2.2833012287035497,0,0,1,0,0,0,1,1,0,1,1,1,0,0,0,1,0.062,1,0,0,0,0,1,1,1,0,1,0,1,0.078,1.0,0.0,1,0,0,0,International Migration Review,2023,3.3059958827708047,17,2006,2006,US,10,2006.0
30,92,Lu (2022),0.039,0.027,37.03703703703704,1.4444444444444444,0.010869565217391304,0.10425720702853739,0.07216878364870323,192,2.2833012287035497,0,0,1,0,0,0,1,1,0,1,1,1,0,0,0,1,0.062,1,0,0,0,0,1,1,1,0,1,0,1,0.078,1.0,0.0,1,0,0,0,International Migration Review,2023,3.3059958827708047,53,1970,1970,US,10,1970.0
30,92,Lu (2022),-0.051,0.01,100.0,-5.1,0.010869565217391304,0.10425720702853739,0.07216878364870323,192,2.2833012287035497,0,0,1,0,0,0,1,1,0,1,1,1,0,0,0,1,0.062,1,0,0,0,0,1,1,1,0,1,0,1,0.078,1.0,0.0,1,0,0,0,International Migration Review,2023,3.3059958827708047,43,1980,1980,US,10,1980.0
30,92,Lu (2022),0.011,0.012,83.33333333333333,0.9166666666666666,0.010869565217391304,0.10425720702853739,0.07216878364870323,192,2.2833012287035497,0,0,1,1,0,0,0,1,0,1,1,1,0,0,0,1,0.062,1,0,0,0,0,1,1,1,0,1,0,1,0.078,1.0,0.0,1,0,0,0,International Migration Review,2023,3.3059958827708047,53,1970,1970,US,10,1970.0
30,92,Lu (2022),-0.073,0.012,83.33333333333333,-6.083333333333333,0.010869565217391304,0.10425720702853739,0.07216878364870323,192,2.2833012287035497,0,0,1,1,0,0,0,1,0,1,1,1,0,0,0,1,0.062,1,0,0,0,0,1,1,1,0,1,0,1,0.078,1.0,0.0,1,0,0,0,International Migration Review,2023,3.3059958827708047,17,2006,2006,US,10,2006.0
30,92,Lu (2022),-0.074,0.015,66.66666666666667,-4.933333333333334,0.010869565217391304,0.10425720702853739,0.07216878364870323,192,2.2833012287035497,0,0,1,1,0,0,0,1,0,1,1,1,0,0,0,1,0.062,1,0,0,0,0,1,1,1,0,1,0,1,0.078,1.0,0.0,1,0,0,0,International Migration Review,2023,3.3059958827708047,17,2006,2006,US,10,2006.0
30,92,Lu (2022),-0.012,0.024,41.666666666666664,-0.5,0.010869565217391304,0.10425720702853739,0.07216878364870323,192,2.2833012287035497,0,0,1,0,1,0,1,1,0,1,1,1,0,0,0,1,0.062,1,0,0,0,0,1,1,1,0,1,0,1,0.078,1.0,0.0,1,0,0,0,International Migration Review,2023,3.3059958827708047,53,1970,1970,US,10,1970.0
30,92,Lu (2022),-0.033,0.008,125.0,-4.125,0.010869565217391304,0.10425720702853739,0.07216878364870323,192,2.2833012287035497,0,0,1,0,1,0,1,1,0,1,1,1,0,0,0,1,0.062,1,0,0,0,0,1,1,1,0,1,0,1,0.078,1.0,0.0,1,0,0,0,International Migration Review,2023,3.3059958827708047,43,1980,1980,US,10,1980.0
30,92,Lu (2022),-0.089,0.016,62.5,-5.5625,0.010869565217391304,0.10425720702853739,0.07216878364870323,192,2.2833012287035497,0,0,1,0,1,0,1,1,0,1,1,1,0,0,0,1,0.062,1,0,0,0,0,1,1,1,0,1,0,1,0.078,1.0,0.0,1,0,0,0,International Migration Review,2023,3.3059958827708047,17,2006,2006,US,10,2006.0
30,92,Lu (2022),-0.019,0.024,41.666666666666664,-0.7916666666666666,0.010869565217391304,0.10425720702853739,0.07216878364870323,192,2.2833012287035497,0,0,1,0,1,0,1,1,0,1,1,1,0,0,0,1,0.062,1,0,0,0,0,1,1,1,0,1,0,1,0.078,1.0,0.0,1,0,0,0,International Migration Review,2023,3.3059958827708047,53,1970,1970,US,10,1970.0
30,92,Lu (2022),-0.038,0.024,41.666666666666664,-1.5833333333333333,0.010869565217391304,0.10425720702853739,0.07216878364870323,192,2.2833012287035497,0,0,1,0,1,0,1,1,0,1,1,1,0,0,0,1,0.062,1,0,0,0,0,1,1,1,0,1,0,1,0.078,1.0,0.0,1,0,0,0,International Migration Review,2023,3.3059958827708047,53,1970,1970,US,10,1970.0
30,92,Lu (2022),-0.013,0.008,125.0,-1.625,0.010869565217391304,0.10425720702853739,0.07216878364870323,192,2.2833012287035497,0,0,1,0,1,0,1,1,0,1,1,1,0,0,0,1,0.062,1,0,0,0,0,1,1,1,0,1,0,1,0.078,1.0,0.0,1,0,0,0,International Migration Review,2023,3.3059958827708047,43,1980,1980,US,10,1980.0
30,92,Lu (2022),-0.104,0.016,62.5,-6.5,0.010869565217391304,0.10425720702853739,0.07216878364870323,192,2.2833012287035497,0,0,1,0,1,0,1,1,0,1,1,1,0,0,0,1,0.062,1,0,0,0,0,1,1,1,0,1,0,1,0.078,1.0,0.0,1,0,0,0,International Migration Review,2023,3.3059958827708047,17,2006,2006,US,10,2006.0
30,92,Lu (2022),-0.007,0.024,41.666666666666664,-0.2916666666666667,0.010869565217391304,0.10425720702853739,0.07216878364870323,192,2.2833012287035497,0,0,1,1,0,0,1,1,0,1,1,1,0,0,0,1,0.062,1,0,0,0,0,1,1,1,0,1,0,1,0.078,1.0,0.0,1,0,0,0,International Migration Review,2023,3.3059958827708047,53,1970,1970,US,10,1970.0
30,92,Lu (2022),-0.114,0.015,66.66666666666667,-7.6000000000000005,0.010869565217391304,0.10425720702853739,0.07216878364870323,192,2.2833012287035497,0,0,1,1,0,0,1,1,0,1,1,1,0,0,0,1,0.062,1,0,0,0,0,1,1,1,0,1,0,1,0.078,1.0,0.0,1,0,0,0,International Migration Review,2023,3.3059958827708047,17,2006,2006,US,10,2006.0
30,92,Lu (2022),-0.121,0.015,66.66666666666667,-8.066666666666666,0.010869565217391304,0.10425720702853739,0.07216878364870323,192,2.2833012287035497,0,0,1,1,0,0,1,1,0,1,1,1,0,0,0,1,0.062,1,0,0,0,0,1,1,1,0,1,0,1,0.078,1.0,0.0,1,0,0,0,International Migration Review,2023,3.3059958827708047,17,2006,2006,US,10,2006.0
30,92,Lu (2022),-0.084,0.004,250.0,-21.0,0.010869565217391304,0.10425720702853739,0.07216878364870323,192,2.2833012287035497,0,0,1,1,0,0,1,1,0,1,1,1,0,0,0,1,0.062,1,0,0,0,0,1,1,1,0,1,0,1,0.078,1.0,0.0,1,0,0,0,International Migration Review,2023,3.3059958827708047,17,2006,2006,US,10,2006.0
30,92,Lu (2022),-0.114,0.015,66.66666666666667,-7.6000000000000005,0.010869565217391304,0.10425720702853739,0.07216878364870323,192,2.2833012287035497,0,0,1,1,0,0,1,1,0,1,1,1,0,0,0,1,0.062,1,0,0,0,0,1,1,1,0,1,0,1,0.078,1.0,0.0,1,0,0,0,International Migration Review,2023,3.3059958827708047,17,2006,2006,US,10,2006.0
30,92,Lu (2022),0.0,0.011,90.90909090909092,0.0,0.010869565217391304,0.10425720702853739,0.07216878364870323,192,2.2833012287035497,0,0,1,1,0,1,0,1,0,1,1,1,0,0,0,1,0.062,1,0,0,0,0,1,1,1,0,1,0,1,0.078,1.0,0.0,1,0,0,0,International Migration Review,2023,3.3059958827708047,53,1970,1970,US,10,1970.0
30,92,Lu (2022),-0.081,0.01,100.0,-8.1,0.010869565217391304,0.10425720702853739,0.07216878364870323,192,2.2833012287035497,0,0,1,0,0,0,1,1,0,1,1,1,0,0,0,1,0.062,1,0,0,0,0,1,1,1,0,1,0,1,0.078,1.0,0.0,1,0,0,0,International Migration Review,2023,3.3059958827708047,63,1960,2006,US,10,1983.0
30,92,Lu (2022),-0.06,0.016,62.5,-3.75,0.010869565217391304,0.10425720702853739,0.07216878364870323,192,2.2833012287035497,0,0,1,0,0,0,1,1,0,1,1,1,0,0,0,1,0.062,1,0,0,0,0,1,1,1,0,1,0,1,0.078,1.0,0.0,1,0,0,0,International Migration Review,2023,3.3059958827708047,63,1960,2006,US,10,1983.0
30,92,Lu (2022),-0.039,0.016,62.5,-2.4375,0.010869565217391304,0.10425720702853739,0.07216878364870323,192,2.2833012287035497,0,0,1,0,0,0,1,1,0,1,1,1,0,0,0,1,0.062,1,0,0,0,0,1,1,1,0,1,0,1,0.078,1.0,0.0,1,0,0,0,International Migration Review,2023,3.3059958827708047,63,1960,2006,US,10,1983.0
30,92,Lu (2022),0.009,0.024,41.666666666666664,0.37499999999999994,0.010869565217391304,0.10425720702853739,0.07216878364870323,192,2.2833012287035497,0,0,1,0,0,0,1,1,0,1,1,1,0,0,0,1,0.062,1,0,0,0,0,1,1,1,0,1,0,1,0.078,1.0,0.0,1,0,0,0,International Migration Review,2023,3.3059958827708047,63,1960,2006,US,10,1983.0
30,92,Lu (2022),-0.064,0.007,142.85714285714286,-9.142857142857142,0.010869565217391304,0.10425720702853739,0.0668153104781061,224,2.3502480183341627,1,0,1,0,0,1,0,1,0,1,1,1,0,0,0,1,0.062,1,0,0,0,0,1,1,1,0,1,0,1,0.078,1.0,0.0,1,0,0,0,International Migration Review,2023,3.3059958827708047,63,1960,2018,US,10,1989.0
30,92,Lu (2022),-0.06,0.01,100.0,-6.0,0.010869565217391304,0.10425720702853739,0.0668153104781061,224,2.3502480183341627,1,0,1,0,0,1,0,1,0,1,1,1,0,0,0,1,0.062,1,0,0,0,0,1,1,1,0,1,0,1,0.078,1.0,0.0,1,0,0,0,International Migration Review,2023,3.3059958827708047,63,1960,2018,US,10,1989.0
30,92,Lu (2022),-0.041,0.014,71.42857142857143,-2.928571428571429,0.010869565217391304,0.10425720702853739,0.0668153104781061,224,2.3502480183341627,1,0,1,0,0,1,0,1,0,1,1,1,0,0,0,1,0.062,1,0,0,0,0,1,1,1,0,1,0,1,0.078,1.0,0.0,1,0,0,0,International Migration Review,2023,3.3059958827708047,63,1960,2018,US,10,1989.0
30,92,Lu (2022),0.019,0.028,35.714285714285715,0.6785714285714285,0.010869565217391304,0.10425720702853739,0.0668153104781061,224,2.3502480183341627,1,0,1,0,0,1,0,1,0,1,1,1,0,0,0,1,0.062,1,0,0,0,0,1,1,1,0,1,0,1,0.078,1.0,0.0,1,0,0,0,International Migration Review,2023,3.3059958827708047,63,1960,2018,US,10,1989.0
31,25,Manacorda et al. (2012) ,-0.128,0.046,21.73913043478261,-2.782608695652174,0.04,0.2,0.10101525445522107,98,1.9912260756924949,0,1,0,0,0,0,0,1,0,1,1,1,0,0,0,0,0.067,1,0,0,1,0,0,1,1,0,1,1,1,2.167,61.92307692307692,1.7918525280610318,1,0,1,0,Journal of the European Economic Association ,2012,3.30362797638389,39,1973,2007,UK,9,1990.0
31,25,Manacorda et al. (2012) ,-0.216,0.116,8.620689655172413,-1.8620689655172413,0.04,0.2,0.10101525445522107,98,1.9912260756924949,0,1,0,0,0,0,0,1,0,1,1,1,0,0,0,0,0.067,1,0,0,1,0,0,1,1,0,1,1,1,2.167,61.92307692307692,1.7918525280610318,1,0,1,0,Journal of the European Economic Association ,2012,3.30362797638389,39,1973,2007,UK,9,1990.0
31,25,Manacorda et al. (2012) ,-0.099,0.047,21.27659574468085,-2.1063829787234045,0.04,0.2,0.10101525445522107,98,1.9912260756924949,0,1,0,0,0,0,0,1,0,1,1,1,0,0,0,0,0.067,1,0,0,1,0,0,1,1,0,1,1,1,2.167,61.92307692307692,1.7918525280610318,1,0,1,0,Journal of the European Economic Association ,2012,3.30362797638389,39,1973,2007,UK,9,1990.0
31,25,Manacorda et al. (2012) ,-0.204,0.1,10.0,-2.0399999999999996,0.04,0.2,0.10101525445522107,98,1.9912260756924949,0,1,0,0,0,0,0,1,0,1,1,1,0,0,0,0,0.067,1,0,0,1,0,0,1,1,0,1,1,1,2.167,61.92307692307692,1.7918525280610318,1,0,1,0,Journal of the European Economic Association ,2012,3.30362797638389,39,1973,2007,UK,9,1990.0
31,25,Manacorda et al. (2012) ,-0.069,0.064,15.625,-1.078125,0.04,0.2,0.10101525445522107,98,1.9912260756924949,0,1,0,0,0,0,1,1,0,1,1,1,0,0,0,0,0.067,1,0,0,1,0,0,1,1,0,1,1,1,2.167,61.92307692307692,1.7918525280610318,1,0,1,0,Journal of the European Economic Association ,2012,3.30362797638389,39,1973,2007,UK,9,1990.0
31,25,Manacorda et al. (2012) ,-0.176,0.058,17.241379310344826,-3.0344827586206895,0.04,0.2,0.10101525445522107,98,1.9912260756924949,0,1,0,0,0,1,0,1,0,1,1,1,0,0,0,0,0.067,1,0,0,1,0,0,1,1,0,1,1,1,2.167,61.92307692307692,1.7918525280610318,1,0,1,0,Journal of the European Economic Association ,2012,3.30362797638389,39,1973,2007,UK,9,1990.0
31,25,Manacorda et al. (2012) ,-0.134,0.045,22.22222222222222,-2.977777777777778,0.04,0.2,0.10101525445522107,98,1.9912260756924949,0,1,0,0,0,0,0,1,0,1,1,1,0,0,0,0,0.067,1,0,0,1,0,0,1,1,0,1,1,1,2.167,61.92307692307692,1.7918525280610318,1,0,1,0,Journal of the European Economic Association ,2012,3.30362797638389,39,1973,2007,UK,9,1990.0
31,25,Manacorda et al. (2012) ,-0.079,0.052,19.23076923076923,-1.5192307692307694,0.04,0.2,0.10101525445522107,98,1.9912260756924949,0,1,0,0,0,0,0,1,0,1,1,1,0,0,0,0,0.067,1,0,0,1,0,0,1,1,0,1,1,1,2.167,61.92307692307692,1.7918525280610318,1,0,1,0,Journal of the European Economic Association ,2012,3.30362797638389,39,1973,2007,UK,9,1990.0
31,25,Manacorda et al. (2012) ,-0.011,0.076,13.157894736842106,-0.14473684210526316,0.04,0.2,0.10101525445522107,98,1.9912260756924949,0,1,0,0,0,0,0,1,0,1,1,1,0,0,0,0,0.067,1,0,0,1,0,0,1,1,0,1,1,1,2.167,61.92307692307692,1.7918525280610318,1,0,1,0,Journal of the European Economic Association ,2012,3.30362797638389,39,1973,2007,UK,9,1990.0
31,25,Manacorda et al. (2012) ,-0.126,0.044,22.72727272727273,-2.8636363636363638,0.04,0.2,0.038180177416060626,686,2.8363241157067516,1,1,0,0,0,0,0,1,0,1,1,1,0,0,0,0,0.067,1,0,0,1,0,0,1,1,0,1,0,1,2.167,61.92307692307692,1.7918525280610318,1,0,1,0,Journal of the European Economic Association ,2012,3.30362797638389,39,1973,2007,UK,9,1990.0
31,25,Manacorda et al. (2012) ,-0.082,0.045,22.22222222222222,-1.8222222222222224,0.04,0.2,0.0642824346533225,242,2.383815365980431,1,1,0,0,0,0,0,1,0,1,1,1,0,0,0,0,0.067,1,0,0,1,0,0,1,1,0,1,1,1,2.167,61.92307692307692,1.7918525280610318,1,0,1,0,Journal of the European Economic Association ,2012,3.30362797638389,39,1973,2007,UK,9,1990.0
31,25,Manacorda et al. (2012) ,-0.107,0.029,34.48275862068965,-3.6896551724137927,0.04,0.2,0.08247860988423225,147,2.167317334748176,0,1,0,0,0,0,0,1,0,1,1,1,0,0,0,0,0.067,1,0,0,1,0,0,1,1,0,1,1,1,2.167,61.92307692307692,1.7918525280610318,1,0,1,0,Journal of the European Economic Association ,2012,3.30362797638389,39,1973,2007,UK,9,1990.0
31,25,Manacorda et al. (2012) ,-0.159,0.054,18.51851851851852,-2.9444444444444446,0.04,0.2,0.10101525445522107,98,1.9912260756924949,0,1,0,0,0,0,0,1,0,1,1,1,0,0,0,0,0.067,1,0,0,1,0,0,1,1,0,1,1,1,2.167,61.92307692307692,1.7918525280610318,1,0,1,0,Journal of the European Economic Association ,2012,3.30362797638389,39,1973,2007,UK,9,1990.0
31,25,Manacorda et al. (2012) ,-0.075,0.041,24.390243902439025,-1.8292682926829267,0.04,0.2,0.10101525445522107,98,1.9912260756924949,0,1,0,0,0,0,0,1,0,1,1,1,0,0,0,0,0.067,1,0,0,1,0,0,1,1,0,1,1,1,2.167,61.92307692307692,1.7918525280610318,1,0,1,0,Journal of the European Economic Association ,2012,3.30362797638389,39,1973,2007,UK,9,1990.0
31,25,Manacorda et al. (2012) ,-0.112,0.051,19.607843137254903,-2.196078431372549,0.04,0.2,0.10101525445522107,98,1.9912260756924949,0,1,0,0,0,0,0,1,0,1,1,1,0,0,0,0,0.067,1,0,0,1,0,0,1,1,0,1,1,1,2.167,61.92307692307692,1.7918525280610318,1,0,1,0,Journal of the European Economic Association ,2012,3.30362797638389,39,1973,2007,UK,9,1990.0
31,25,Manacorda et al. (2012) ,-0.185,0.055,18.181818181818183,-3.3636363636363638,0.04,0.2,0.10101525445522107,98,1.9912260756924949,0,1,0,0,0,0,0,1,0,1,1,1,0,0,0,0,0.067,1,0,0,1,0,0,1,1,0,1,1,1,2.167,61.92307692307692,1.7918525280610318,1,0,1,0,Journal of the European Economic Association ,2012,3.30362797638389,39,1973,2007,UK,9,1990.0
31,25,Manacorda et al. (2012) ,-0.219,0.043,23.255813953488374,-5.093023255813954,0.04,0.2,0.10101525445522107,98,1.9912260756924949,0,1,0,0,0,0,0,1,0,1,1,1,0,0,0,0,0.067,1,0,0,1,0,0,1,1,0,1,1,1,2.167,61.92307692307692,1.7918525280610318,1,0,1,0,Journal of the European Economic Association ,2012,3.30362797638389,39,1973,2007,UK,9,1990.0
31,25,Manacorda et al. (2012) ,-0.152,0.048,20.833333333333332,-3.1666666666666665,0.04,0.2,0.10101525445522107,98,1.9912260756924949,0,1,0,0,0,0,0,1,0,1,1,1,0,0,0,0,0.067,1,0,0,1,0,0,1,1,0,1,1,1,2.167,61.92307692307692,1.7918525280610318,1,0,1,0,Journal of the European Economic Association ,2012,3.30362797638389,39,1973,2007,UK,9,1990.0
31,25,Manacorda et al. (2012) ,-0.108,0.038,26.315789473684212,-2.8421052631578947,0.04,0.2,0.10101525445522107,98,1.9912260756924949,0,1,0,0,0,0,0,1,0,1,1,1,0,0,0,0,0.067,1,0,0,1,0,0,1,1,0,1,1,1,2.167,61.92307692307692,1.7918525280610318,1,0,1,0,Journal of the European Economic Association ,2012,3.30362797638389,39,1973,2007,UK,9,1990.0
31,25,Manacorda et al. (2012) ,-0.129,0.046,21.73913043478261,-2.8043478260869565,0.04,0.2,0.10101525445522107,98,1.9912260756924949,0,1,0,0,0,0,0,1,0,1,1,1,0,0,0,0,0.067,1,0,0,1,0,0,1,0,0,1,1,1,2.167,61.92307692307692,1.7918525280610318,1,0,1,0,Journal of the European Economic Association ,2012,3.30362797638389,39,1973,2007,UK,9,1990.0
31,25,Manacorda et al. (2012) ,-0.066,0.062,16.129032258064516,-1.0645161290322582,0.04,0.2,0.10101525445522107,98,1.9912260756924949,0,1,0,0,0,0,0,1,0,1,1,0,1,0,0,0,0.067,1,0,0,1,0,0,1,1,0,1,1,1,2.167,61.92307692307692,1.7918525280610318,1,0,1,0,Journal of the European Economic Association ,2012,3.30362797638389,39,1973,2007,UK,9,1990.0
31,25,Manacorda et al. (2012) ,-0.109,0.036,27.77777777777778,-3.027777777777778,0.04,0.2,0.07142857142857142,196,2.292256071356476,1,1,0,0,0,0,0,1,0,1,1,0,0,1,0,0,0.067,1,0,0,1,0,0,1,1,0,1,1,1,2.167,61.92307692307692,1.7918525280610318,1,0,1,0,Journal of the European Economic Association ,2012,3.30362797638389,39,1973,2007,UK,9,1990.0
31,25,Manacorda et al. (2012) ,-0.115,0.043,23.255813953488374,-2.674418604651163,0.04,0.2,0.10101525445522107,98,1.9912260756924949,0,1,0,0,0,0,0,1,0,1,1,0,0,1,0,0,0.067,1,0,0,1,0,0,1,1,0,1,1,1,2.167,61.92307692307692,1.7918525280610318,1,0,1,0,Journal of the European Economic Association ,2012,3.30362797638389,39,1973,2007,UK,9,1990.0
31,25,Manacorda et al. (2012) ,-0.144,0.061,16.39344262295082,-2.360655737704918,0.04,0.2,0.10101525445522107,98,1.9912260756924949,0,1,0,0,0,0,0,1,0,1,1,1,0,0,0,0,0.067,1,0,0,1,0,0,1,1,0,1,1,0,2.167,61.92307692307692,1.7918525280610318,1,0,1,0,Journal of the European Economic Association ,2012,3.30362797638389,39,1973,2007,UK,9,1990.0
31,25,Manacorda et al. (2012) ,-0.142,0.065,15.384615384615383,-2.1846153846153844,0.04,0.2,0.10101525445522107,98,1.9912260756924949,0,1,0,0,0,0,0,1,0,1,1,1,0,0,0,0,0.067,1,0,0,1,0,0,1,1,0,0,1,0,2.167,61.92307692307692,1.7918525280610318,1,0,1,0,Journal of the European Economic Association ,2012,3.30362797638389,39,1973,2007,UK,9,1990.0
32,48,Nelson (1999),-0.0435,0.0435,22.98850574712644,-1.0,0.020833333333333332,0.14433756729740643,1.0,1,0.0,0,0,1,0,0,0,0,1,0,1,1,0,0,1,0,1,0.062,0,1,0,0,0,0,0,1,0,0,0,1,0.0,0.0,0.0,1,0,0,0,Philippine sociological review,1999,3.300812794118117,19,1980,1980,US,10,1980.0
32,48,Nelson (1999),-0.0411,0.042812499999999996,23.357664233576646,-0.9600000000000001,0.020833333333333332,0.14433756729740643,1.0,1,0.0,0,0,1,0,0,0,0,1,0,1,1,0,0,1,0,1,0.062,0,1,0,0,0,0,0,1,0,0,0,1,0.0,0.0,0.0,1,0,0,0,Philippine sociological review,1999,3.300812794118117,19,1980,1980,US,10,1980.0
32,48,Nelson (1999),-0.0777,0.02651877133105802,37.70913770913771,-2.93,0.020833333333333332,0.14433756729740643,1.0,1,0.0,0,0,1,0,0,0,0,1,0,1,1,0,0,1,0,1,0.062,0,1,0,0,0,0,0,1,0,0,0,1,0.0,0.0,0.0,1,0,0,0,Philippine sociological review,1999,3.300812794118117,19,1980,1980,US,10,1980.0
32,48,Nelson (1999),-0.0471,0.0461764705882353,21.65605095541401,-1.02,0.020833333333333332,0.14433756729740643,1.0,1,0.0,0,0,1,0,0,0,0,1,0,1,1,0,0,1,0,1,0.062,0,1,0,0,0,0,0,1,0,0,0,1,0.0,0.0,0.0,1,0,0,0,Philippine sociological review,1999,3.300812794118117,19,1980,1980,US,10,1980.0
32,48,Nelson (1999),-0.049,0.04375,22.857142857142858,-1.12,0.020833333333333332,0.14433756729740643,1.0,1,0.0,0,0,1,0,0,0,0,1,0,1,1,0,0,1,0,1,0.062,0,1,0,0,0,0,0,1,0,0,0,1,0.0,0.0,0.0,1,0,0,0,Philippine sociological review,1999,3.300812794118117,19,1980,1980,US,10,1980.0
32,48,Nelson (1999),-0.0423,0.04597826086956521,21.749408983451538,-0.92,0.020833333333333332,0.14433756729740643,1.0,1,0.0,0,0,1,0,0,0,0,1,0,1,1,0,0,1,0,1,0.062,0,1,0,0,0,0,0,1,0,0,0,1,0.0,0.0,0.0,1,0,0,0,Philippine sociological review,1999,3.300812794118117,19,1980,1980,US,10,1980.0
32,48,Nelson (1999),-0.0401,0.04556818181818181,21.945137157107233,-0.88,0.020833333333333332,0.14433756729740643,1.0,1,0.0,0,0,1,0,0,0,0,1,0,1,1,0,0,1,0,1,0.062,0,1,0,0,0,0,0,1,0,0,0,1,0.0,0.0,0.0,1,0,0,0,Philippine sociological review,1999,3.300812794118117,19,1980,1980,US,10,1980.0
32,48,Nelson (1999),-0.0352,0.04345679012345679,23.011363636363637,-0.81,0.020833333333333332,0.14433756729740643,1.0,1,0.0,0,0,1,0,0,0,0,1,0,1,1,0,0,1,0,1,0.062,0,1,0,0,0,0,0,1,0,0,0,1,0.0,0.0,0.0,1,0,0,0,Philippine sociological review,1999,3.300812794118117,19,1980,1980,US,10,1980.0
32,48,Nelson (1999),-0.04,0.04597701149425287,21.75,-0.87,0.020833333333333332,0.14433756729740643,1.0,1,0.0,0,0,1,0,0,0,0,1,0,1,1,0,0,1,0,1,0.062,0,1,0,0,0,0,0,1,0,0,0,1,0.0,0.0,0.0,1,0,0,0,Philippine sociological review,1999,3.300812794118117,19,1980,1980,US,10,1980.0
32,48,Nelson (1999),-0.0286,0.052,19.23076923076923,-0.55,0.020833333333333332,0.14433756729740643,1.0,1,0.0,0,0,1,0,0,0,0,1,0,1,1,0,0,1,0,1,0.062,0,1,0,0,0,0,0,1,0,0,0,1,0.0,0.0,0.0,1,0,0,0,Philippine sociological review,1999,3.300812794118117,19,1980,1980,US,10,1980.0
32,48,Nelson (1999),-0.0387,0.0522972972972973,19.121447028423773,-0.74,0.020833333333333332,0.14433756729740643,1.0,1,0.0,0,0,1,0,0,0,0,1,0,1,1,0,0,1,0,1,0.062,0,1,0,0,0,0,0,1,0,0,0,1,0.0,0.0,0.0,1,0,0,0,Philippine sociological review,1999,3.300812794118117,19,1980,1980,US,10,1980.0
32,48,Nelson (1999),-0.0416,0.04571428571428571,21.875000000000004,-0.9100000000000001,0.020833333333333332,0.14433756729740643,1.0,1,0.0,0,0,1,0,0,0,0,1,0,1,1,0,0,1,0,1,0.062,0,1,0,0,0,0,0,1,0,0,0,1,0.0,0.0,0.0,1,0,0,0,Philippine sociological review,1999,3.300812794118117,19,1980,1980,US,10,1980.0
32,48,Nelson (1999),-0.0358,0.05682539682539682,17.59776536312849,-0.63,0.020833333333333332,0.14433756729740643,1.0,1,0.0,0,0,1,0,0,0,0,1,0,1,1,1,0,0,0,1,0.062,0,1,0,0,0,0,0,1,0,0,0,1,0.0,0.0,0.0,1,0,0,0,Philippine sociological review,1999,3.300812794118117,19,1980,1980,US,10,1980.0
32,48,Nelson (1999),-0.0425,0.04336734693877552,23.05882352941176,-0.9799999999999999,0.020833333333333332,0.14433756729740643,1.0,1,0.0,0,0,1,0,0,0,0,1,0,1,1,0,0,1,0,1,0.062,0,1,0,0,0,0,0,1,0,0,0,1,0.0,0.0,0.0,1,0,0,0,Philippine sociological review,1999,3.300812794118117,19,1980,1980,US,10,1980.0
32,48,Nelson (1999),-0.0401,0.042659574468085104,23.441396508728182,-0.94,0.020833333333333332,0.14433756729740643,1.0,1,0.0,0,0,1,0,0,0,0,1,0,1,1,0,0,1,0,1,0.062,0,1,0,0,0,0,0,1,0,0,0,1,0.0,0.0,0.0,1,0,0,0,Philippine sociological review,1999,3.300812794118117,19,1980,1980,US,10,1980.0
32,48,Nelson (1999),0.0769,0.02670138888888889,37.45123537061118,2.88,0.020833333333333332,0.14433756729740643,1.0,1,0.0,0,0,1,0,0,0,0,1,0,1,1,0,0,1,0,1,0.062,0,1,0,0,0,0,0,1,0,0,0,1,0.0,0.0,0.0,1,0,0,0,Philippine sociological review,1999,3.300812794118117,19,1980,1980,US,10,1980.0
32,48,Nelson (1999),-0.0461,0.0461,21.691973969631235,-1.0,0.020833333333333332,0.14433756729740643,1.0,1,0.0,0,0,1,0,0,0,0,1,0,1,1,0,0,1,0,1,0.062,0,1,0,0,0,0,0,1,0,0,0,1,0.0,0.0,0.0,1,0,0,0,Philippine sociological review,1999,3.300812794118117,19,1980,1980,US,10,1980.0
32,48,Nelson (1999),-0.0491,0.044234234234234227,22.606924643584524,-1.11,0.020833333333333332,0.14433756729740643,1.0,1,0.0,0,0,1,0,0,0,0,1,0,1,1,0,0,1,0,1,0.062,0,1,0,0,0,0,0,1,0,0,0,1,0.0,0.0,0.0,1,0,0,0,Philippine sociological review,1999,3.300812794118117,19,1980,1980,US,10,1980.0
32,48,Nelson (1999),-0.0407,0.04625,21.62162162162162,-0.88,0.020833333333333332,0.14433756729740643,1.0,1,0.0,0,0,1,0,0,0,0,1,0,1,1,0,0,1,0,1,0.062,0,1,0,0,0,0,0,1,0,0,0,1,0.0,0.0,0.0,1,0,0,0,Philippine sociological review,1999,3.300812794118117,19,1980,1980,US,10,1980.0
32,48,Nelson (1999),-0.039,0.04534883720930233,22.05128205128205,-0.86,0.020833333333333332,0.14433756729740643,1.0,1,0.0,0,0,1,0,0,0,0,1,0,1,1,0,0,1,0,1,0.062,0,1,0,0,0,0,0,1,0,0,0,1,0.0,0.0,0.0,1,0,0,0,Philippine sociological review,1999,3.300812794118117,19,1980,1980,US,10,1980.0
32,48,Nelson (1999),-0.0336,0.04363636363636363,22.916666666666668,-0.77,0.020833333333333332,0.14433756729740643,1.0,1,0.0,0,0,1,0,0,0,0,1,0,1,1,0,0,1,0,1,0.062,0,1,0,0,0,0,0,1,0,0,0,1,0.0,0.0,0.0,1,0,0,0,Philippine sociological review,1999,3.300812794118117,19,1980,1980,US,10,1980.0
32,48,Nelson (1999),-0.0388,0.04619047619047619,21.649484536082475,-0.84,0.020833333333333332,0.14433756729740643,1.0,1,0.0,0,0,1,0,0,0,0,1,0,1,1,0,0,1,0,1,0.062,0,1,0,0,0,0,0,1,0,0,0,1,0.0,0.0,0.0,1,0,0,0,Philippine sociological review,1999,3.300812794118117,19,1980,1980,US,10,1980.0
32,48,Nelson (1999),-0.0277,0.05129629629629629,19.49458483754513,-0.54,0.020833333333333332,0.14433756729740643,1.0,1,0.0,0,0,1,0,0,0,0,1,0,1,1,0,0,1,0,1,0.062,0,1,0,0,0,0,0,1,0,0,0,1,0.0,0.0,0.0,1,0,0,0,Philippine sociological review,1999,3.300812794118117,19,1980,1980,US,10,1980.0
32,48,Nelson (1999),-0.0373,0.05253521126760564,19.034852546916888,-0.71,0.020833333333333332,0.14433756729740643,1.0,1,0.0,0,0,1,0,0,0,0,1,0,1,1,0,0,1,0,1,0.062,0,1,0,0,0,0,0,1,0,0,0,1,0.0,0.0,0.0,1,0,0,0,Philippine sociological review,1999,3.300812794118117,19,1980,1980,US,10,1980.0
32,48,Nelson (1999),-0.0406,0.04561797752808988,21.921182266009854,-0.89,0.020833333333333332,0.14433756729740643,1.0,1,0.0,0,0,1,0,0,0,0,1,0,1,1,0,0,1,0,1,0.062,0,1,0,0,0,0,0,1,0,0,0,1,0.0,0.0,0.0,1,0,0,0,Philippine sociological review,1999,3.300812794118117,19,1980,1980,US,10,1980.0
32,48,Nelson (1999),-0.0343,0.0016642406598738476,600.8746355685131,-20.61,0.020833333333333332,0.14433756729740643,1.0,1,0.0,0,0,1,0,0,0,0,1,0,1,1,1,0,0,0,1,0.062,0,1,0,0,0,0,0,1,0,0,0,1,0.0,0.0,0.0,1,0,0,0,Philippine sociological review,1999,3.300812794118117,19,1980,1980,US,10,1980.0
32,48,Nelson (1999),-0.0746,0.02478405315614618,40.3485254691689,-3.01,0.020833333333333332,0.14433756729740643,1.0,1,0.0,0,0,1,0,0,0,0,1,0,1,1,0,0,1,0,1,0.062,0,1,0,0,0,0,0,1,0,0,0,1,0.0,0.0,0.0,1,0,0,0,Philippine sociological review,1999,3.300812794118117,19,1980,1980,US,10,1980.0
32,48,Nelson (1999),-0.0861,0.024884393063583813,40.185830429732874,-3.46,0.020833333333333332,0.14433756729740643,1.0,1,0.0,0,0,1,0,0,0,0,1,0,1,1,0,0,1,0,1,0.062,0,1,0,0,0,0,0,1,0,0,0,1,0.0,0.0,0.0,1,0,0,0,Philippine sociological review,1999,3.300812794118117,19,1980,1980,US,10,1980.0
32,48,Nelson (1999),-0.0817,0.02529411764705882,39.53488372093024,-3.23,0.020833333333333332,0.14433756729740643,1.0,1,0.0,0,0,1,0,0,0,0,1,0,1,1,0,0,1,0,1,0.062,0,1,0,0,0,0,0,1,0,0,0,1,0.0,0.0,0.0,1,0,0,0,Philippine sociological review,1999,3.300812794118117,19,1980,1980,US,10,1980.0
32,48,Nelson (1999),-0.0757,0.02772893772893773,36.063408190224564,-2.73,0.020833333333333332,0.14433756729740643,1.0,1,0.0,0,0,1,0,0,0,0,1,0,1,1,0,0,1,0,1,0.062,0,1,0,0,0,0,0,1,0,0,0,1,0.0,0.0,0.0,1,0,0,0,Philippine sociological review,1999,3.300812794118117,19,1980,1980,US,10,1980.0
32,48,Nelson (1999),-0.0756,0.028104089219330854,35.58201058201058,-2.69,0.020833333333333332,0.14433756729740643,1.0,1,0.0,0,0,1,0,0,0,0,1,0,1,1,0,0,1,0,1,0.062,0,1,0,0,0,0,0,1,0,0,0,1,0.0,0.0,0.0,1,0,0,0,Philippine sociological review,1999,3.300812794118117,19,1980,1980,US,10,1980.0
32,48,Nelson (1999),-0.0706,0.025955882352941172,38.526912181303125,-2.72,0.020833333333333332,0.14433756729740643,1.0,1,0.0,0,0,1,0,0,0,0,1,0,1,1,0,0,1,0,1,0.062,0,1,0,0,0,0,0,1,0,0,0,1,0.0,0.0,0.0,1,0,0,0,Philippine sociological review,1999,3.300812794118117,19,1980,1980,US,10,1980.0
32,48,Nelson (1999),-0.0774,0.028773234200743493,34.75452196382429,-2.69,0.020833333333333332,0.14433756729740643,1.0,1,0.0,0,0,1,0,0,0,0,1,0,1,1,0,0,1,0,1,0.062,0,1,0,0,0,0,0,1,0,0,0,1,0.0,0.0,0.0,1,0,0,0,Philippine sociological review,1999,3.300812794118117,19,1980,1980,US,10,1980.0
32,48,Nelson (1999),-0.0665,0.02246621621621622,44.511278195488714,-2.96,0.020833333333333332,0.14433756729740643,1.0,1,0.0,0,0,1,0,0,0,0,1,0,1,1,0,0,1,0,1,0.062,0,1,0,0,0,0,0,1,0,0,0,1,0.0,0.0,0.0,1,0,0,0,Philippine sociological review,1999,3.300812794118117,19,1980,1980,US,10,1980.0
32,48,Nelson (1999),-0.0934,0.03155405405405405,31.691648822269812,-2.9600000000000004,0.020833333333333332,0.14433756729740643,1.0,1,0.0,0,0,1,0,0,0,0,1,0,1,1,0,0,1,0,1,0.062,0,1,0,0,0,0,0,1,0,0,0,1,0.0,0.0,0.0,1,0,0,0,Philippine sociological review,1999,3.300812794118117,19,1980,1980,US,10,1980.0
32,48,Nelson (1999),-0.0754,0.08285714285714285,12.06896551724138,-0.91,0.020833333333333332,0.14433756729740643,1.0,1,0.0,0,0,1,0,0,0,0,1,0,1,1,0,0,1,0,1,0.062,0,1,0,0,0,0,0,1,0,0,0,1,0.0,0.0,0.0,1,0,0,0,Philippine sociological review,1999,3.300812794118117,19,1980,1980,US,10,1980.0
32,48,Nelson (1999),-0.0788,0.12507936507936507,7.994923857868021,-0.63,0.020833333333333332,0.14433756729740643,1.0,1,0.0,0,0,1,0,0,0,0,1,0,1,1,1,0,0,0,1,0.062,0,1,0,0,0,0,0,1,0,0,0,1,0.0,0.0,0.0,1,0,0,0,Philippine sociological review,1999,3.300812794118117,19,1980,1980,US,10,1980.0
32,48,Nelson (1999),-0.074,0.025170068027210883,39.72972972972973,-2.94,0.020833333333333332,0.14433756729740643,1.0,1,0.0,0,0,1,0,0,0,0,1,0,1,1,0,0,1,0,1,0.062,0,1,0,0,0,0,0,1,0,0,0,1,0.0,0.0,0.0,1,0,0,0,Philippine sociological review,1999,3.300812794118117,19,1980,1980,US,10,1980.0
32,48,Nelson (1999),-0.0857,0.025355029585798817,39.439906651108515,-3.38,0.020833333333333332,0.14433756729740643,1.0,1,0.0,0,0,1,0,0,0,0,1,0,1,1,0,0,1,0,1,0.062,0,1,0,0,0,0,0,1,0,0,0,1,0.0,0.0,0.0,1,0,0,0,Philippine sociological review,1999,3.300812794118117,19,1980,1980,US,10,1980.0
32,48,Nelson (1999),-0.0823,0.02540123456790123,39.368165249088705,-3.24,0.020833333333333332,0.14433756729740643,1.0,1,0.0,0,0,1,0,0,0,0,1,0,1,1,0,0,1,0,1,0.062,0,1,0,0,0,0,0,1,0,0,0,1,0.0,0.0,0.0,1,0,0,0,Philippine sociological review,1999,3.300812794118117,19,1980,1980,US,10,1980.0
32,48,Nelson (1999),-0.0746,0.028150943396226417,35.52278820375335,-2.65,0.020833333333333332,0.14433756729740643,1.0,1,0.0,0,0,1,0,0,0,0,1,0,1,1,0,0,1,0,1,0.062,0,1,0,0,0,0,0,1,0,0,0,1,0.0,0.0,0.0,1,0,0,0,Philippine sociological review,1999,3.300812794118117,19,1980,1980,US,10,1980.0
32,48,Nelson (1999),-0.0751,0.02855513307984791,35.01997336884154,-2.63,0.020833333333333332,0.14433756729740643,1.0,1,0.0,0,0,1,0,0,0,0,1,0,1,1,0,0,1,0,1,0.062,0,1,0,0,0,0,0,1,0,0,0,1,0.0,0.0,0.0,1,0,0,0,Philippine sociological review,1999,3.300812794118117,19,1980,1980,US,10,1980.0
32,48,Nelson (1999),-0.0697,0.02650190114068441,37.73314203730273,-2.63,0.020833333333333332,0.14433756729740643,1.0,1,0.0,0,0,1,0,0,0,0,1,0,1,1,0,0,1,0,1,0.062,0,1,0,0,0,0,0,1,0,0,0,1,0.0,0.0,0.0,1,0,0,0,Philippine sociological review,1999,3.300812794118117,19,1980,1980,US,10,1980.0
32,48,Nelson (1999),-0.0767,0.02916349809885932,34.28943937418513,-2.63,0.020833333333333332,0.14433756729740643,1.0,1,0.0,0,0,1,0,0,0,0,1,0,1,1,0,0,1,0,1,0.062,0,1,0,0,0,0,0,1,0,0,0,1,0.0,0.0,0.0,1,0,0,0,Philippine sociological review,1999,3.300812794118117,19,1980,1980,US,10,1980.0
32,48,Nelson (1999),-0.0657,0.031435406698564594,31.811263318112633,-2.09,0.020833333333333332,0.14433756729740643,1.0,1,0.0,0,0,1,0,0,0,0,1,0,1,1,0,0,1,0,1,0.062,0,1,0,0,0,0,0,1,0,0,0,1,0.0,0.0,0.0,1,0,0,0,Philippine sociological review,1999,3.300812794118117,19,1980,1980,US,10,1980.0
32,48,Nelson (1999),-0.0926,0.03215277777777778,31.101511879049674,-2.88,0.020833333333333332,0.14433756729740643,1.0,1,0.0,0,0,1,0,0,0,0,1,0,1,1,0,0,1,0,1,0.062,0,1,0,0,0,0,0,1,0,0,0,1,0.0,0.0,0.0,1,0,0,0,Philippine sociological review,1999,3.300812794118117,19,1980,1980,US,10,1980.0
32,48,Nelson (1999),-0.0748,0.02690647482014389,37.16577540106951,-2.78,0.020833333333333332,0.14433756729740643,1.0,1,0.0,0,0,1,0,0,0,0,1,0,1,1,0,0,1,0,1,0.062,0,1,0,0,0,0,0,1,0,0,0,1,0.0,0.0,0.0,1,0,0,0,Philippine sociological review,1999,3.300812794118117,19,1980,1980,US,10,1980.0
32,48,Nelson (1999),-0.0772,0.03509090909090909,28.497409326424872,-2.2,0.020833333333333332,0.14433756729740643,1.0,1,0.0,0,0,1,0,0,0,0,1,0,1,1,1,0,0,0,1,0.062,0,1,0,0,0,0,0,1,0,0,0,1,0.0,0.0,0.0,1,0,0,0,Philippine sociological review,1999,3.300812794118117,19,1980,1980,US,10,1980.0
33,12,Nguyen & Yaman  (2021),-0.042,0.02,50.0,-2.1,0.08333333333333333,0.28867513459481287,0.05892556509887897,288,2.459392487759231,1,0,0,0,0,0,0,1,1,1,1,0,0,1,0,1,0.195,1,0,0,1,0,0,1,1,0,1,0,1,0.0,0.0,0.0,0,0,0,0,WP,2021,3.305566313515304,20,2001,2016,Canada,2,2008.5
33,12,Nguyen & Yaman  (2021),-0.1,0.022,45.45454545454546,-4.545454545454546,0.08333333333333333,0.28867513459481287,0.05892556509887897,288,2.459392487759231,1,0,0,0,0,0,0,1,1,1,1,0,0,1,0,1,0.195,1,0,0,1,0,0,1,1,0,1,0,1,0.0,0.0,0.0,0,0,0,0,WP,2021,3.305566313515304,20,2001,2016,Canada,2,2008.5
33,12,Nguyen & Yaman  (2021),0.018,0.041,24.390243902439025,0.4390243902439024,0.08333333333333333,0.28867513459481287,0.05892556509887897,288,2.459392487759231,1,0,0,1,0,0,0,1,1,1,1,0,0,1,0,1,0.195,1,0,0,1,0,0,1,1,0,1,0,1,0.0,0.0,0.0,0,0,0,0,WP,2021,3.305566313515304,20,2001,2016,Canada,2,2008.5
33,12,Nguyen & Yaman  (2021),-0.061,0.027,37.03703703703704,-2.259259259259259,0.08333333333333333,0.28867513459481287,0.05892556509887897,288,2.459392487759231,1,0,0,0,1,0,0,1,1,1,1,0,0,1,0,1,0.195,1,0,0,1,0,0,1,1,0,1,0,1,0.0,0.0,0.0,0,0,0,0,WP,2021,3.305566313515304,20,2001,2016,Canada,2,2008.5
33,12,Nguyen & Yaman  (2021),-0.011,0.056,17.857142857142858,-0.19642857142857142,0.08333333333333333,0.28867513459481287,0.05892556509887897,288,2.459392487759231,1,0,0,0,0,1,0,1,1,1,1,0,0,1,0,1,0.195,1,0,0,1,0,0,1,1,0,1,0,1,0.0,0.0,0.0,0,0,0,0,WP,2021,3.305566313515304,20,2001,2016,Canada,2,2008.5
33,12,Nguyen & Yaman  (2021),-0.11,0.033,30.3030303030303,-3.333333333333333,0.08333333333333333,0.28867513459481287,0.05892556509887897,288,2.459392487759231,1,0,0,0,0,0,1,1,1,1,1,0,0,1,0,1,0.195,1,0,0,1,0,0,1,1,0,1,0,1,0.0,0.0,0.0,0,0,0,0,WP,2021,3.305566313515304,20,2001,2016,Canada,2,2008.5
33,12,Nguyen & Yaman  (2021),-0.032,0.019,52.631578947368425,-1.6842105263157896,0.08333333333333333,0.28867513459481287,0.05892556509887897,288,2.459392487759231,1,0,0,0,0,0,0,1,1,1,1,0,0,1,0,1,0.195,1,0,0,1,0,0,1,1,0,1,0,1,0.0,0.0,0.0,0,0,0,0,WP,2021,3.305566313515304,20,2001,2016,Canada,2,2008.5
33,12,Nguyen & Yaman  (2021),-0.094,0.022,45.45454545454546,-4.272727272727273,0.08333333333333333,0.28867513459481287,0.05892556509887897,288,2.459392487759231,1,0,0,0,0,0,0,1,1,1,1,0,0,1,0,1,0.195,1,0,0,1,0,0,1,1,0,1,0,1,0.0,0.0,0.0,0,0,0,0,WP,2021,3.305566313515304,20,2001,2016,Canada,2,2008.5
33,12,Nguyen & Yaman  (2021),0.01,0.04,25.0,0.25,0.08333333333333333,0.28867513459481287,0.05892556509887897,288,2.459392487759231,1,0,0,1,0,0,0,1,1,1,1,0,0,1,0,1,0.195,1,0,0,1,0,0,1,1,0,1,0,1,0.0,0.0,0.0,0,0,0,0,WP,2021,3.305566313515304,20,2001,2016,Canada,2,2008.5
33,12,Nguyen & Yaman  (2021),-0.051,0.026,38.46153846153846,-1.9615384615384615,0.08333333333333333,0.28867513459481287,0.05892556509887897,288,2.459392487759231,1,0,0,0,1,0,0,1,1,1,1,0,0,1,0,1,0.195,1,0,0,1,0,0,1,1,0,1,0,1,0.0,0.0,0.0,0,0,0,0,WP,2021,3.305566313515304,20,2001,2016,Canada,2,2008.5
33,12,Nguyen & Yaman  (2021),-0.063,0.052,19.23076923076923,-1.2115384615384617,0.08333333333333333,0.28867513459481287,0.05892556509887897,288,2.459392487759231,1,0,0,0,0,1,0,1,1,1,1,0,0,1,0,1,0.195,1,0,0,1,0,0,1,1,0,1,0,1,0.0,0.0,0.0,0,0,0,0,WP,2021,3.305566313515304,20,2001,2016,Canada,2,2008.5
33,12,Nguyen & Yaman  (2021),-0.102,0.03,33.333333333333336,-3.4,0.08333333333333333,0.28867513459481287,0.05892556509887897,288,2.459392487759231,1,0,0,0,0,0,1,1,1,1,1,0,0,1,0,1,0.195,1,0,0,1,0,0,1,1,0,1,0,1,0.0,0.0,0.0,0,0,0,0,WP,2021,3.305566313515304,20,2001,2016,Canada,2,2008.5
34,110,Ottaviano & Peri (2008) ,-0.048,0.008,125.0,-6.0,0.00909090909090909,0.09534625892455922,0.07216878364870323,192,2.2833012287035497,0,0,0,0,0,0,0,1,0,1,1,1,0,0,0,1,0.062,1,0,0,1,0,0,1,1,0,0,0,0,0.0,28.11764705882353,1.448978975233845,0,0,0,1,NBER WP ,2008,3.3027637084729817,48,1960,2006,US,10,1983.0
34,110,Ottaviano & Peri (2008) ,-0.043,0.008,125.0,-5.374999999999999,0.00909090909090909,0.09534625892455922,0.07216878364870323,192,2.2833012287035497,0,0,0,0,0,0,0,1,0,1,1,0,1,0,0,1,0.062,1,0,0,1,0,0,1,1,0,0,0,0,0.0,28.11764705882353,1.448978975233845,0,0,0,1,NBER WP ,2008,3.3027637084729817,48,1960,2006,US,10,1983.0
34,110,Ottaviano & Peri (2008) ,-0.032,0.009,111.11111111111111,-3.555555555555556,0.00909090909090909,0.09534625892455922,0.07216878364870323,192,2.2833012287035497,0,0,0,0,0,0,0,1,0,1,1,0,0,1,0,1,0.062,1,0,0,1,0,0,1,1,0,0,0,0,0.0,28.11764705882353,1.448978975233845,0,0,0,1,NBER WP ,2008,3.3027637084729817,48,1960,2006,US,10,1983.0
34,110,Ottaviano & Peri (2008) ,-0.035,0.007,142.85714285714286,-5.0,0.00909090909090909,0.09534625892455922,0.07216878364870323,192,2.2833012287035497,0,0,0,0,0,0,0,1,0,1,1,0,0,1,0,1,0.062,1,0,0,1,0,0,1,0,0,0,0,0,0.0,28.11764705882353,1.448978975233845,0,0,0,1,NBER WP ,2008,3.3027637084729817,48,1960,2006,US,10,1983.0
34,110,Ottaviano & Peri (2008) ,-0.032,0.009,111.11111111111111,-3.555555555555556,0.00909090909090909,0.09534625892455922,0.07905694150420949,160,2.2041199826559246,0,0,0,0,0,0,0,1,0,1,1,0,0,1,0,1,0.062,1,0,0,1,0,0,1,1,0,0,0,0,0.0,28.11764705882353,1.448978975233845,0,0,0,1,NBER WP ,2008,3.3027637084729817,38,1970,2006,US,10,1988.0
34,110,Ottaviano & Peri (2008) ,-0.04,0.009,111.11111111111111,-4.444444444444445,0.00909090909090909,0.09534625892455922,0.07216878364870323,192,2.2833012287035497,0,0,0,0,0,0,1,1,0,1,1,0,0,1,0,1,0.062,1,0,0,1,0,0,1,1,0,0,0,0,0.0,28.11764705882353,1.448978975233845,0,0,0,1,NBER WP ,2008,3.3027637084729817,48,1960,2006,US,10,1983.0
34,110,Ottaviano & Peri (2008) ,-0.016,0.011,90.90909090909092,-1.4545454545454546,0.00909090909090909,0.09534625892455922,0.07216878364870323,192,2.2833012287035497,0,0,0,0,1,0,0,1,0,1,1,0,0,1,0,1,0.062,1,0,0,1,0,0,1,1,0,0,0,0,0.0,28.11764705882353,1.448978975233845,0,0,0,1,NBER WP ,2008,3.3027637084729817,48,1960,2006,US,10,1983.0
34,110,Ottaviano & Peri (2008) ,-0.063,0.009,111.11111111111111,-7.000000000000001,0.00909090909090909,0.09534625892455922,0.07216878364870323,192,2.2833012287035497,0,0,0,0,0,0,0,1,0,1,1,1,0,0,0,1,0.062,1,0,0,1,0,0,1,1,0,0,0,1,0.0,28.11764705882353,1.448978975233845,0,0,0,1,NBER WP ,2008,3.3027637084729817,48,1960,2006,US,10,1983.0
34,110,Ottaviano & Peri (2008) ,-0.057,0.012,83.33333333333333,-4.75,0.00909090909090909,0.09534625892455922,0.07216878364870323,192,2.2833012287035497,0,0,0,0,0,0,0,1,0,1,1,0,1,0,0,1,0.062,1,0,0,1,0,0,1,1,0,0,0,1,0.0,28.11764705882353,1.448978975233845,0,0,0,1,NBER WP ,2008,3.3027637084729817,48,1960,2006,US,10,1983.0
34,110,Ottaviano & Peri (2008) ,-0.042,0.01,100.0,-4.2,0.00909090909090909,0.09534625892455922,0.07216878364870323,192,2.2833012287035497,0,0,0,0,0,0,0,1,0,1,1,0,0,1,0,1,0.062,1,0,0,1,0,0,1,1,0,0,0,1,0.0,28.11764705882353,1.448978975233845,0,0,0,1,NBER WP ,2008,3.3027637084729817,48,1960,2006,US,10,1983.0
34,110,Ottaviano & Peri (2008) ,-0.043,0.01,100.0,-4.3,0.00909090909090909,0.09534625892455922,0.07216878364870323,192,2.2833012287035497,0,0,0,0,0,0,0,1,0,1,1,0,0,1,0,1,0.062,1,0,0,1,0,0,1,0,0,0,0,1,0.0,28.11764705882353,1.448978975233845,0,0,0,1,NBER WP ,2008,3.3027637084729817,48,1960,2006,US,10,1983.0
34,110,Ottaviano & Peri (2008) ,-0.042,0.01,100.0,-4.2,0.00909090909090909,0.09534625892455922,0.07905694150420949,160,2.2041199826559246,0,0,0,0,0,0,0,1,0,1,1,0,0,1,0,1,0.062,1,0,0,1,0,0,1,1,0,0,0,1,0.0,28.11764705882353,1.448978975233845,0,0,0,1,NBER WP ,2008,3.3027637084729817,38,1970,2006,US,10,1988.0
34,110,Ottaviano & Peri (2008) ,-0.052,0.01,100.0,-5.199999999999999,0.00909090909090909,0.09534625892455922,0.07216878364870323,192,2.2833012287035497,0,0,0,0,0,0,1,1,0,1,1,0,0,1,0,1,0.062,1,0,0,1,0,0,1,1,0,0,0,1,0.0,28.11764705882353,1.448978975233845,0,0,0,1,NBER WP ,2008,3.3027637084729817,48,1960,2006,US,10,1983.0
34,110,Ottaviano & Peri (2008) ,-0.022,0.012,83.33333333333333,-1.8333333333333333,0.00909090909090909,0.09534625892455922,0.07216878364870323,192,2.2833012287035497,0,0,0,0,1,0,0,1,0,1,1,0,0,1,0,1,0.062,1,0,0,1,0,0,1,1,0,0,0,1,0.0,28.11764705882353,1.448978975233845,0,0,0,1,NBER WP ,2008,3.3027637084729817,48,1960,2006,US,10,1983.0
34,110,Ottaviano & Peri (2008) ,-0.028,0.013,76.92307692307692,-2.153846153846154,0.00909090909090909,0.09534625892455922,0.07216878364870323,192,2.2833012287035497,0,0,0,0,0,0,0,1,0,1,1,1,0,0,0,1,0.062,1,0,0,1,0,0,1,0,0,1,0,1,0.0,28.11764705882353,1.448978975233845,0,0,0,1,NBER WP ,2008,3.3027637084729817,48,1960,2006,US,10,1983.0
34,110,Ottaviano & Peri (2008) ,-0.073,0.017,58.8235294117647,-4.294117647058823,0.00909090909090909,0.09534625892455922,0.07216878364870323,192,2.2833012287035497,0,0,0,0,0,0,0,1,0,1,1,0,1,0,0,1,0.062,1,0,0,1,0,0,1,1,0,1,0,1,0.0,28.11764705882353,1.448978975233845,0,0,0,1,NBER WP ,2008,3.3027637084729817,48,1960,2006,US,10,1983.0
34,110,Ottaviano & Peri (2008) ,-0.024,0.015,66.66666666666667,-1.6,0.00909090909090909,0.09534625892455922,0.07216878364870323,192,2.2833012287035497,0,0,0,0,0,0,0,1,0,1,1,0,0,1,0,1,0.062,1,0,0,1,0,0,1,1,0,1,0,1,0.0,28.11764705882353,1.448978975233845,0,0,0,1,NBER WP ,2008,3.3027637084729817,48,1960,2006,US,10,1983.0
34,110,Ottaviano & Peri (2008) ,-0.027,0.014,71.42857142857143,-1.9285714285714286,0.00909090909090909,0.09534625892455922,0.07216878364870323,192,2.2833012287035497,0,0,0,0,0,0,0,1,0,1,1,0,0,1,0,1,0.062,1,0,0,1,0,0,1,1,0,1,0,1,0.0,28.11764705882353,1.448978975233845,0,0,0,1,NBER WP ,2008,3.3027637084729817,48,1960,2006,US,10,1983.0
34,110,Ottaviano & Peri (2008) ,-0.039,0.016,62.5,-2.4375,0.00909090909090909,0.09534625892455922,0.07905694150420949,160,2.2041199826559246,0,0,0,0,0,0,0,1,0,1,1,0,0,1,0,1,0.062,1,0,0,1,0,0,1,0,0,1,0,1,0.0,28.11764705882353,1.448978975233845,0,0,0,1,NBER WP ,2008,3.3027637084729817,38,1970,2006,US,10,1988.0
34,110,Ottaviano & Peri (2008) ,-0.015,0.026,38.46153846153846,-0.576923076923077,0.00909090909090909,0.09534625892455922,0.07216878364870323,192,2.2833012287035497,0,0,0,0,0,0,1,1,0,1,1,0,0,1,0,1,0.062,1,0,0,1,0,0,1,1,0,1,0,1,0.0,28.11764705882353,1.448978975233845,0,0,0,1,NBER WP ,2008,3.3027637084729817,48,1960,2006,US,10,1983.0
34,110,Ottaviano & Peri (2008) ,-0.063,0.023,43.47826086956522,-2.739130434782609,0.00909090909090909,0.09534625892455922,0.07216878364870323,192,2.2833012287035497,0,0,0,0,1,0,0,1,0,1,1,0,0,1,0,1,0.062,1,0,0,1,0,0,1,1,0,1,0,1,0.0,28.11764705882353,1.448978975233845,0,0,0,1,NBER WP ,2008,3.3027637084729817,48,1960,2006,US,10,1983.0
34,110,Ottaviano & Peri (2008) ,-0.068,0.012,83.33333333333333,-5.666666666666667,0.00909090909090909,0.09534625892455922,0.07216878364870323,192,2.2833012287035497,0,0,0,0,0,0,0,1,0,1,1,1,0,0,0,1,0.062,1,0,0,1,0,0,1,1,0,1,0,1,0.0,28.11764705882353,1.448978975233845,0,0,0,1,NBER WP ,2008,3.3027637084729817,48,1960,2006,US,10,1983.0
34,110,Ottaviano & Peri (2008) ,-0.095,0.01,100.0,-9.5,0.00909090909090909,0.09534625892455922,0.07216878364870323,192,2.2833012287035497,0,0,0,0,0,0,0,1,0,1,1,0,1,0,0,1,0.062,1,0,0,1,0,0,1,0,0,1,0,1,0.0,28.11764705882353,1.448978975233845,0,0,0,1,NBER WP ,2008,3.3027637084729817,48,1960,2006,US,10,1983.0
34,110,Ottaviano & Peri (2008) ,-0.066,0.01,100.0,-6.6000000000000005,0.00909090909090909,0.09534625892455922,0.07216878364870323,192,2.2833012287035497,0,0,0,0,0,0,0,1,0,1,1,0,0,1,0,1,0.062,1,0,0,1,0,0,1,1,0,1,0,1,0.0,28.11764705882353,1.448978975233845,0,0,0,1,NBER WP ,2008,3.3027637084729817,48,1960,2006,US,10,1983.0
34,110,Ottaviano & Peri (2008) ,-0.066,0.01,100.0,-6.6000000000000005,0.00909090909090909,0.09534625892455922,0.07216878364870323,192,2.2833012287035497,0,0,0,0,0,0,0,1,0,1,1,0,0,1,0,1,0.062,1,0,0,1,0,0,1,1,0,1,0,1,0.0,28.11764705882353,1.448978975233845,0,0,0,1,NBER WP ,2008,3.3027637084729817,48,1960,2006,US,10,1983.0
34,110,Ottaviano & Peri (2008) ,-0.062,0.012,83.33333333333333,-5.166666666666667,0.00909090909090909,0.09534625892455922,0.07905694150420949,160,2.2041199826559246,0,0,0,0,0,0,0,1,0,1,1,0,0,1,0,1,0.062,1,0,0,1,0,0,1,1,0,1,0,1,0.0,28.11764705882353,1.448978975233845,0,0,0,1,NBER WP ,2008,3.3027637084729817,38,1970,2006,US,10,1988.0
34,110,Ottaviano & Peri (2008) ,-0.032,0.01,100.0,-3.2,0.00909090909090909,0.09534625892455922,0.07216878364870323,192,2.2833012287035497,0,0,0,0,0,0,1,1,0,1,1,0,0,1,0,1,0.062,1,0,0,1,0,0,1,0,0,1,0,1,0.0,28.11764705882353,1.448978975233845,0,0,0,1,NBER WP ,2008,3.3027637084729817,48,1960,2006,US,10,1983.0
34,110,Ottaviano & Peri (2008) ,-0.071,0.017,58.8235294117647,-4.1764705882352935,0.00909090909090909,0.09534625892455922,0.07216878364870323,192,2.2833012287035497,0,0,0,0,1,0,0,1,0,1,1,0,0,1,0,1,0.062,1,0,0,1,0,0,1,1,0,1,0,1,0.0,28.11764705882353,1.448978975233845,0,0,0,1,NBER WP ,2008,3.3027637084729817,48,1960,2006,US,10,1983.0
34,110,Ottaviano & Peri (2008) ,0.009,0.027,37.03703703703704,0.3333333333333333,0.00909090909090909,0.09534625892455922,0.07216878364870323,192,2.2833012287035497,0,0,0,0,0,0,0,1,0,1,1,1,0,0,0,1,0.062,1,0,0,1,0,0,1,1,0,1,0,1,0.0,28.11764705882353,1.448978975233845,0,0,0,1,NBER WP ,2008,3.3027637084729817,48,1960,2006,US,10,1983.0
34,110,Ottaviano & Peri (2008) ,-0.058,0.03,33.333333333333336,-1.9333333333333336,0.00909090909090909,0.09534625892455922,0.07216878364870323,192,2.2833012287035497,0,0,0,0,0,0,0,1,0,1,1,0,1,0,0,1,0.062,1,0,0,1,0,0,1,1,0,1,0,1,0.0,28.11764705882353,1.448978975233845,0,0,0,1,NBER WP ,2008,3.3027637084729817,48,1960,2006,US,10,1983.0
34,110,Ottaviano & Peri (2008) ,-0.015,0.035,28.57142857142857,-0.4285714285714285,0.00909090909090909,0.09534625892455922,0.07216878364870323,192,2.2833012287035497,0,0,0,0,0,0,0,1,0,1,1,0,0,1,0,1,0.062,1,0,0,1,0,0,1,0,0,1,0,1,0.0,28.11764705882353,1.448978975233845,0,0,0,1,NBER WP ,2008,3.3027637084729817,48,1960,2006,US,10,1983.0
34,110,Ottaviano & Peri (2008) ,-0.038,0.039,25.641025641025642,-0.9743589743589743,0.00909090909090909,0.09534625892455922,0.07216878364870323,192,2.2833012287035497,0,0,0,0,0,0,0,1,0,1,1,0,0,1,0,1,0.062,1,0,0,1,0,0,1,1,0,1,0,1,0.0,28.11764705882353,1.448978975233845,0,0,0,1,NBER WP ,2008,3.3027637084729817,48,1960,2006,US,10,1983.0
34,110,Ottaviano & Peri (2008) ,-0.036,0.039,25.641025641025642,-0.923076923076923,0.00909090909090909,0.09534625892455922,0.07905694150420949,160,2.2041199826559246,0,0,0,0,0,0,0,1,0,1,1,0,0,1,0,1,0.062,1,0,0,1,0,0,1,1,0,1,0,1,0.0,28.11764705882353,1.448978975233845,0,0,0,1,NBER WP ,2008,3.3027637084729817,38,1970,2006,US,10,1988.0
34,110,Ottaviano & Peri (2008) ,-0.072,0.037,27.027027027027028,-1.9459459459459458,0.00909090909090909,0.09534625892455922,0.07216878364870323,192,2.2833012287035497,0,0,0,0,0,0,1,1,0,1,1,0,0,1,0,1,0.062,1,0,0,1,0,0,1,1,0,1,0,1,0.0,28.11764705882353,1.448978975233845,0,0,0,1,NBER WP ,2008,3.3027637084729817,48,1960,2006,US,10,1983.0
34,110,Ottaviano & Peri (2008) ,-0.041,0.049,20.408163265306122,-0.8367346938775511,0.00909090909090909,0.09534625892455922,0.07216878364870323,192,2.2833012287035497,0,0,0,0,1,0,0,1,0,1,1,0,0,1,0,1,0.062,1,0,0,1,0,0,1,0,0,1,0,1,0.0,28.11764705882353,1.448978975233845,0,0,0,1,NBER WP ,2008,3.3027637084729817,48,1960,2006,US,10,1983.0
34,110,Ottaviano & Peri (2008) ,-0.053,0.006,166.66666666666666,-8.833333333333332,0.00909090909090909,0.09534625892455922,0.07216878364870323,192,2.2833012287035497,0,0,0,0,0,0,0,1,0,1,1,1,0,0,0,1,0.062,1,0,0,1,0,0,1,1,0,0,0,0,0.0,28.11764705882353,1.448978975233845,0,0,0,1,NBER WP ,2008,3.3027637084729817,48,1960,2006,US,10,1983.0
34,110,Ottaviano & Peri (2008) ,-0.047,0.007,142.85714285714286,-6.714285714285714,0.00909090909090909,0.09534625892455922,0.07216878364870323,192,2.2833012287035497,0,0,0,0,0,0,0,1,0,1,1,0,1,0,0,1,0.062,1,0,0,1,0,0,1,1,0,0,0,0,0.0,28.11764705882353,1.448978975233845,0,0,0,1,NBER WP ,2008,3.3027637084729817,48,1960,2006,US,10,1983.0
34,110,Ottaviano & Peri (2008) ,-0.037,0.006,166.66666666666666,-6.166666666666666,0.00909090909090909,0.09534625892455922,0.07216878364870323,192,2.2833012287035497,0,0,0,0,0,0,0,1,0,1,1,0,0,1,0,1,0.062,1,0,0,1,0,0,1,1,0,0,0,0,0.0,28.11764705882353,1.448978975233845,0,0,0,1,NBER WP ,2008,3.3027637084729817,48,1960,2006,US,10,1983.0
34,110,Ottaviano & Peri (2008) ,-0.039,0.006,166.66666666666666,-6.5,0.00909090909090909,0.09534625892455922,0.07216878364870323,192,2.2833012287035497,0,0,0,0,0,0,0,1,0,1,1,0,0,1,0,1,0.062,1,0,0,1,0,0,1,0,0,0,0,0,0.0,28.11764705882353,1.448978975233845,0,0,0,1,NBER WP ,2008,3.3027637084729817,48,1960,2006,US,10,1983.0
34,110,Ottaviano & Peri (2008) ,-0.038,0.006,166.66666666666666,-6.333333333333333,0.00909090909090909,0.09534625892455922,0.07905694150420949,160,2.2041199826559246,0,0,0,0,0,0,0,1,0,1,1,0,0,1,0,1,0.062,1,0,0,1,0,0,1,1,0,0,0,0,0.0,28.11764705882353,1.448978975233845,0,0,0,1,NBER WP ,2008,3.3027637084729817,38,1970,2006,US,10,1988.0
34,110,Ottaviano & Peri (2008) ,-0.046,0.005,200.0,-9.2,0.00909090909090909,0.09534625892455922,0.07216878364870323,192,2.2833012287035497,0,0,0,0,0,0,1,1,0,1,1,0,0,1,0,1,0.062,1,0,0,1,0,0,1,1,0,0,0,0,0.0,28.11764705882353,1.448978975233845,0,0,0,1,NBER WP ,2008,3.3027637084729817,48,1960,2006,US,10,1983.0
34,110,Ottaviano & Peri (2008) ,-0.024,0.008,125.0,-3.0,0.00909090909090909,0.09534625892455922,0.07216878364870323,192,2.2833012287035497,0,0,0,0,1,0,0,1,0,1,1,0,0,1,0,1,0.062,1,0,0,1,0,0,1,1,0,0,0,0,0.0,28.11764705882353,1.448978975233845,0,0,0,1,NBER WP ,2008,3.3027637084729817,48,1960,2006,US,10,1983.0
34,110,Ottaviano & Peri (2008) ,-0.068,0.008,125.0,-8.5,0.00909090909090909,0.09534625892455922,0.07216878364870323,192,2.2833012287035497,0,0,0,0,0,0,0,1,0,1,1,1,0,0,0,1,0.062,1,0,0,1,0,0,1,1,0,0,0,1,0.0,28.11764705882353,1.448978975233845,0,0,0,1,NBER WP ,2008,3.3027637084729817,48,1960,2006,US,10,1983.0
34,110,Ottaviano & Peri (2008) ,-0.059,0.011,90.90909090909092,-5.363636363636363,0.00909090909090909,0.09534625892455922,0.07216878364870323,192,2.2833012287035497,0,0,0,0,0,0,0,1,0,1,1,0,1,0,0,1,0.062,1,0,0,1,0,0,1,1,0,0,0,1,0.0,28.11764705882353,1.448978975233845,0,0,0,1,NBER WP ,2008,3.3027637084729817,48,1960,2006,US,10,1983.0
34,110,Ottaviano & Peri (2008) ,-0.047,0.008,125.0,-5.875,0.00909090909090909,0.09534625892455922,0.07216878364870323,192,2.2833012287035497,0,0,0,0,0,0,0,1,0,1,1,0,0,1,0,1,0.062,1,0,0,1,0,0,1,1,0,0,0,1,0.0,28.11764705882353,1.448978975233845,0,0,0,1,NBER WP ,2008,3.3027637084729817,48,1960,2006,US,10,1983.0
34,110,Ottaviano & Peri (2008) ,-0.048,0.008,125.0,-6.0,0.00909090909090909,0.09534625892455922,0.07216878364870323,192,2.2833012287035497,0,0,0,0,0,0,0,1,0,1,1,0,0,1,0,1,0.062,1,0,0,1,0,0,1,0,0,0,0,1,0.0,28.11764705882353,1.448978975233845,0,0,0,1,NBER WP ,2008,3.3027637084729817,48,1960,2006,US,10,1983.0
34,110,Ottaviano & Peri (2008) ,-0.046,0.009,111.11111111111111,-5.111111111111112,0.00909090909090909,0.09534625892455922,0.07905694150420949,160,2.2041199826559246,0,0,0,0,0,0,0,1,0,1,1,0,0,1,0,1,0.062,1,0,0,1,0,0,1,1,0,0,0,1,0.0,28.11764705882353,1.448978975233845,0,0,0,1,NBER WP ,2008,3.3027637084729817,38,1970,2006,US,10,1988.0
34,110,Ottaviano & Peri (2008) ,-0.057,0.007,142.85714285714286,-8.142857142857142,0.00909090909090909,0.09534625892455922,0.07216878364870323,192,2.2833012287035497,0,0,0,0,0,0,1,1,0,1,1,0,0,1,0,1,0.062,1,0,0,1,0,0,1,1,0,0,0,1,0.0,28.11764705882353,1.448978975233845,0,0,0,1,NBER WP ,2008,3.3027637084729817,48,1960,2006,US,10,1983.0
34,110,Ottaviano & Peri (2008) ,-0.028,0.01,100.0,-2.8,0.00909090909090909,0.09534625892455922,0.07216878364870323,192,2.2833012287035497,0,0,0,0,1,0,0,1,0,1,1,0,0,1,0,1,0.062,1,0,0,1,0,0,1,1,0,0,0,1,0.0,28.11764705882353,1.448978975233845,0,0,0,1,NBER WP ,2008,3.3027637084729817,48,1960,2006,US,10,1983.0
34,110,Ottaviano & Peri (2008) ,-0.037,0.01,100.0,-3.6999999999999997,0.00909090909090909,0.09534625892455922,0.07216878364870323,192,2.2833012287035497,0,0,0,0,0,0,0,1,0,1,1,1,0,0,0,1,0.062,1,0,0,1,0,0,1,0,0,1,0,1,0.0,28.11764705882353,1.448978975233845,0,0,0,1,NBER WP ,2008,3.3027637084729817,48,1960,2006,US,10,1983.0
34,110,Ottaviano & Peri (2008) ,-0.074,0.015,66.66666666666667,-4.933333333333334,0.00909090909090909,0.09534625892455922,0.07216878364870323,192,2.2833012287035497,0,0,0,0,0,0,0,1,0,1,1,0,1,0,0,1,0.062,1,0,0,1,0,0,1,1,0,1,0,1,0.0,28.11764705882353,1.448978975233845,0,0,0,1,NBER WP ,2008,3.3027637084729817,48,1960,2006,US,10,1983.0
34,110,Ottaviano & Peri (2008) ,-0.031,0.012,83.33333333333333,-2.5833333333333335,0.00909090909090909,0.09534625892455922,0.07216878364870323,192,2.2833012287035497,0,0,0,0,0,0,0,1,0,1,1,0,0,1,0,1,0.062,1,0,0,1,0,0,1,1,0,1,0,1,0.0,28.11764705882353,1.448978975233845,0,0,0,1,NBER WP ,2008,3.3027637084729817,48,1960,2006,US,10,1983.0
34,110,Ottaviano & Peri (2008) ,-0.034,0.012,83.33333333333333,-2.8333333333333335,0.00909090909090909,0.09534625892455922,0.07216878364870323,192,2.2833012287035497,0,0,0,0,0,0,0,1,0,1,1,0,0,1,0,1,0.062,1,0,0,1,0,0,1,1,0,1,0,1,0.0,28.11764705882353,1.448978975233845,0,0,0,1,NBER WP ,2008,3.3027637084729817,48,1960,2006,US,10,1983.0
34,110,Ottaviano & Peri (2008) ,-0.046,0.012,83.33333333333333,-3.833333333333333,0.00909090909090909,0.09534625892455922,0.07905694150420949,160,2.2041199826559246,0,0,0,0,0,0,0,1,0,1,1,0,0,1,0,1,0.062,1,0,0,1,0,0,1,0,0,1,0,1,0.0,28.11764705882353,1.448978975233845,0,0,0,1,NBER WP ,2008,3.3027637084729817,38,1970,2006,US,10,1988.0
34,110,Ottaviano & Peri (2008) ,0.007,0.011,90.90909090909092,0.6363636363636365,0.00909090909090909,0.09534625892455922,0.07216878364870323,192,2.2833012287035497,0,0,0,0,0,0,1,1,0,1,1,0,0,1,0,1,0.062,1,0,0,1,0,0,1,1,0,1,0,1,0.0,28.11764705882353,1.448978975233845,0,0,0,1,NBER WP ,2008,3.3027637084729817,48,1960,2006,US,10,1983.0
34,110,Ottaviano & Peri (2008) ,-0.078,0.017,58.8235294117647,-4.588235294117647,0.00909090909090909,0.09534625892455922,0.07216878364870323,192,2.2833012287035497,0,0,0,0,1,0,0,1,0,1,1,0,0,1,0,1,0.062,1,0,0,1,0,0,1,1,0,1,0,1,0.0,28.11764705882353,1.448978975233845,0,0,0,1,NBER WP ,2008,3.3027637084729817,48,1960,2006,US,10,1983.0
34,110,Ottaviano & Peri (2008) ,-0.077,0.013,76.92307692307692,-5.923076923076923,0.00909090909090909,0.09534625892455922,0.07216878364870323,192,2.2833012287035497,0,0,0,0,0,0,0,1,0,1,1,1,0,0,0,1,0.062,1,0,0,1,0,0,1,1,0,1,0,1,0.0,28.11764705882353,1.448978975233845,0,0,0,1,NBER WP ,2008,3.3027637084729817,48,1960,2006,US,10,1983.0
34,110,Ottaviano & Peri (2008) ,-0.094,0.011,90.90909090909092,-8.545454545454547,0.00909090909090909,0.09534625892455922,0.07216878364870323,192,2.2833012287035497,0,0,0,0,0,0,0,1,0,1,1,0,1,0,0,1,0.062,1,0,0,1,0,0,1,0,0,1,0,1,0.0,28.11764705882353,1.448978975233845,0,0,0,1,NBER WP ,2008,3.3027637084729817,48,1960,2006,US,10,1983.0
34,110,Ottaviano & Peri (2008) ,-0.074,0.01,100.0,-7.3999999999999995,0.00909090909090909,0.09534625892455922,0.07216878364870323,192,2.2833012287035497,0,0,0,0,0,0,0,1,0,1,1,0,0,1,0,1,0.062,1,0,0,1,0,0,1,1,0,1,0,1,0.0,28.11764705882353,1.448978975233845,0,0,0,1,NBER WP ,2008,3.3027637084729817,48,1960,2006,US,10,1983.0
34,110,Ottaviano & Peri (2008) ,-0.073,0.012,83.33333333333333,-6.083333333333333,0.00909090909090909,0.09534625892455922,0.07216878364870323,192,2.2833012287035497,0,0,0,0,0,0,0,1,0,1,1,0,0,1,0,1,0.062,1,0,0,1,0,0,1,1,0,1,0,1,0.0,28.11764705882353,1.448978975233845,0,0,0,1,NBER WP ,2008,3.3027637084729817,48,1960,2006,US,10,1983.0
34,110,Ottaviano & Peri (2008) ,-0.068,0.012,83.33333333333333,-5.666666666666667,0.00909090909090909,0.09534625892455922,0.07905694150420949,160,2.2041199826559246,0,0,0,0,0,0,0,1,0,1,1,0,0,1,0,1,0.062,1,0,0,1,0,0,1,1,0,1,0,1,0.0,28.11764705882353,1.448978975233845,0,0,0,1,NBER WP ,2008,3.3027637084729817,38,1970,2006,US,10,1988.0
34,110,Ottaviano & Peri (2008) ,-0.037,0.009,111.11111111111111,-4.111111111111112,0.00909090909090909,0.09534625892455922,0.07216878364870323,192,2.2833012287035497,0,0,0,0,0,0,1,1,0,1,1,0,0,1,0,1,0.062,1,0,0,1,0,0,1,0,0,1,0,1,0.0,28.11764705882353,1.448978975233845,0,0,0,1,NBER WP ,2008,3.3027637084729817,48,1960,2006,US,10,1983.0
34,110,Ottaviano & Peri (2008) ,-0.086,0.017,58.8235294117647,-5.058823529411764,0.00909090909090909,0.09534625892455922,0.07216878364870323,192,2.2833012287035497,0,0,0,0,1,0,0,1,0,1,1,0,0,1,0,1,0.062,1,0,0,1,0,0,1,1,0,1,0,1,0.0,28.11764705882353,1.448978975233845,0,0,0,1,NBER WP ,2008,3.3027637084729817,48,1960,2006,US,10,1983.0
34,110,Ottaviano & Peri (2008) ,0.036,0.024,41.666666666666664,1.4999999999999998,0.00909090909090909,0.09534625892455922,0.07216878364870323,192,2.2833012287035497,0,0,0,0,0,0,0,1,0,1,1,1,0,0,0,1,0.062,1,0,0,1,0,0,1,1,0,1,0,1,0.0,28.11764705882353,1.448978975233845,0,0,0,1,NBER WP ,2008,3.3027637084729817,48,1960,2006,US,10,1983.0
34,110,Ottaviano & Peri (2008) ,-0.01,0.023,43.47826086956522,-0.4347826086956522,0.00909090909090909,0.09534625892455922,0.07216878364870323,192,2.2833012287035497,0,0,0,0,0,0,0,1,0,1,1,0,1,0,0,1,0.062,1,0,0,1,0,0,1,1,0,1,0,1,0.0,28.11764705882353,1.448978975233845,0,0,0,1,NBER WP ,2008,3.3027637084729817,48,1960,2006,US,10,1983.0
34,110,Ottaviano & Peri (2008) ,-0.01,0.02,50.0,-0.5,0.00909090909090909,0.09534625892455922,0.07216878364870323,192,2.2833012287035497,0,0,0,0,0,0,0,1,0,1,1,0,0,1,0,1,0.062,1,0,0,1,0,0,1,0,0,1,0,1,0.0,28.11764705882353,1.448978975233845,0,0,0,1,NBER WP ,2008,3.3027637084729817,48,1960,2006,US,10,1983.0
34,110,Ottaviano & Peri (2008) ,0.002,0.021,47.61904761904761,0.09523809523809523,0.00909090909090909,0.09534625892455922,0.07216878364870323,192,2.2833012287035497,0,0,0,0,0,0,0,1,0,1,1,0,0,1,0,1,0.062,1,0,0,1,0,0,1,1,0,1,0,1,0.0,28.11764705882353,1.448978975233845,0,0,0,1,NBER WP ,2008,3.3027637084729817,48,1960,2006,US,10,1983.0
34,110,Ottaviano & Peri (2008) ,-0.008,0.029,34.48275862068965,-0.27586206896551724,0.00909090909090909,0.09534625892455922,0.07905694150420949,160,2.2041199826559246,0,0,0,0,0,0,0,1,0,1,1,0,0,1,0,1,0.062,1,0,0,1,0,0,1,1,0,1,0,1,0.0,28.11764705882353,1.448978975233845,0,0,0,1,NBER WP ,2008,3.3027637084729817,38,1970,2006,US,10,1988.0
34,110,Ottaviano & Peri (2008) ,-0.019,0.018,55.55555555555556,-1.0555555555555556,0.00909090909090909,0.09534625892455922,0.07216878364870323,192,2.2833012287035497,0,0,0,0,0,0,1,1,0,1,1,0,0,1,0,1,0.062,1,0,0,1,0,0,1,1,0,1,0,1,0.0,28.11764705882353,1.448978975233845,0,0,0,1,NBER WP ,2008,3.3027637084729817,48,1960,2006,US,10,1983.0
34,110,Ottaviano & Peri (2008) ,0.026,0.029,34.48275862068965,0.8965517241379309,0.00909090909090909,0.09534625892455922,0.07216878364870323,192,2.2833012287035497,0,0,0,0,1,0,0,1,0,1,1,0,0,1,0,1,0.062,1,0,0,1,0,0,1,0,0,1,0,1,0.0,28.11764705882353,1.448978975233845,0,0,0,1,NBER WP ,2008,3.3027637084729817,48,1960,2006,US,10,1983.0
34,110,Ottaviano & Peri (2008) ,-0.051,0.007,142.85714285714286,-7.285714285714285,0.00909090909090909,0.09534625892455922,0.07216878364870323,192,2.2833012287035497,0,0,0,0,0,0,0,1,0,1,1,1,0,0,0,1,0.062,1,0,0,1,0,0,1,0,0,0,0,0,0.0,28.11764705882353,1.448978975233845,0,0,0,1,NBER WP ,2008,3.3027637084729817,48,1960,2006,US,10,1983.0
34,110,Ottaviano & Peri (2008) ,-0.047,0.007,142.85714285714286,-6.714285714285714,0.00909090909090909,0.09534625892455922,0.07216878364870323,192,2.2833012287035497,0,0,0,0,0,0,0,1,0,1,1,0,1,0,0,1,0.062,1,0,0,1,0,0,1,0,0,0,0,0,0.0,28.11764705882353,1.448978975233845,0,0,0,1,NBER WP ,2008,3.3027637084729817,48,1960,2006,US,10,1983.0
34,110,Ottaviano & Peri (2008) ,-0.044,0.009,111.11111111111111,-4.888888888888889,0.00909090909090909,0.09534625892455922,0.07905694150420949,160,2.2041199826559246,0,0,0,0,0,0,0,1,0,1,1,1,0,0,0,1,0.062,1,0,0,1,0,0,1,1,0,0,0,0,0.0,28.11764705882353,1.448978975233845,0,0,0,1,NBER WP ,2008,3.3027637084729817,38,1970,2006,US,10,1988.0
34,110,Ottaviano & Peri (2008) ,-0.045,0.008,125.0,-5.625,0.00909090909090909,0.09534625892455922,0.07905694150420949,160,2.2041199826559246,0,0,0,0,0,0,0,1,0,1,1,0,1,0,0,1,0.062,1,0,0,1,0,0,1,1,0,0,0,0,0.0,28.11764705882353,1.448978975233845,0,0,0,1,NBER WP ,2008,3.3027637084729817,38,1970,2006,US,10,1988.0
34,110,Ottaviano & Peri (2008) ,-0.056,0.009,111.11111111111111,-6.222222222222223,0.00909090909090909,0.09534625892455922,0.07216878364870323,192,2.2833012287035497,0,0,0,0,0,0,1,1,0,1,1,1,0,0,0,1,0.062,1,0,0,1,0,0,1,1,0,0,0,0,0.0,28.11764705882353,1.448978975233845,0,0,0,1,NBER WP ,2008,3.3027637084729817,48,1960,2006,US,10,1983.0
34,110,Ottaviano & Peri (2008) ,-0.051,0.008,125.0,-6.374999999999999,0.00909090909090909,0.09534625892455922,0.07216878364870323,192,2.2833012287035497,0,0,0,0,0,0,1,1,0,1,1,0,1,0,0,1,0.062,1,0,0,1,0,0,1,1,0,0,0,0,0.0,28.11764705882353,1.448978975233845,0,0,0,1,NBER WP ,2008,3.3027637084729817,48,1960,2006,US,10,1983.0
34,110,Ottaviano & Peri (2008) ,-0.035,0.009,111.11111111111111,-3.8888888888888897,0.00909090909090909,0.09534625892455922,0.07216878364870323,192,2.2833012287035497,0,0,0,0,1,0,0,1,0,1,1,1,0,0,0,1,0.062,1,0,0,1,0,0,1,1,0,0,0,0,0.0,28.11764705882353,1.448978975233845,0,0,0,1,NBER WP ,2008,3.3027637084729817,48,1960,2006,US,10,1983.0
34,110,Ottaviano & Peri (2008) ,-0.027,0.012,83.33333333333333,-2.25,0.00909090909090909,0.09534625892455922,0.07216878364870323,192,2.2833012287035497,0,0,0,0,1,0,0,1,0,1,1,0,1,0,0,1,0.062,1,0,0,1,0,0,1,1,0,0,0,0,0.0,28.11764705882353,1.448978975233845,0,0,0,1,NBER WP ,2008,3.3027637084729817,48,1960,2006,US,10,1983.0
34,110,Ottaviano & Peri (2008) ,-0.064,0.009,111.11111111111111,-7.111111111111112,0.00909090909090909,0.09534625892455922,0.07216878364870323,192,2.2833012287035497,0,0,0,0,0,0,0,1,0,1,1,1,0,0,0,1,0.062,1,0,0,1,0,0,1,0,0,0,0,1,0.0,28.11764705882353,1.448978975233845,0,0,0,1,NBER WP ,2008,3.3027637084729817,48,1960,2006,US,10,1983.0
34,110,Ottaviano & Peri (2008) ,-0.057,0.012,83.33333333333333,-4.75,0.00909090909090909,0.09534625892455922,0.07216878364870323,192,2.2833012287035497,0,0,0,0,0,0,0,1,0,1,1,0,1,0,0,1,0.062,1,0,0,1,0,0,1,0,0,0,0,1,0.0,28.11764705882353,1.448978975233845,0,0,0,1,NBER WP ,2008,3.3027637084729817,48,1960,2006,US,10,1983.0
34,110,Ottaviano & Peri (2008) ,-0.062,0.011,90.90909090909092,-5.636363636363637,0.00909090909090909,0.09534625892455922,0.07905694150420949,160,2.2041199826559246,0,0,0,0,0,0,0,1,0,1,1,1,0,0,0,1,0.062,1,0,0,1,0,0,1,1,0,0,0,1,0.0,28.11764705882353,1.448978975233845,0,0,0,1,NBER WP ,2008,3.3027637084729817,38,1970,2006,US,10,1988.0
34,110,Ottaviano & Peri (2008) ,-0.06,0.013,76.92307692307692,-4.615384615384616,0.00909090909090909,0.09534625892455922,0.07905694150420949,160,2.2041199826559246,0,0,0,0,0,0,0,1,0,1,1,0,1,0,0,1,0.062,1,0,0,1,0,0,1,1,0,0,0,1,0.0,28.11764705882353,1.448978975233845,0,0,0,1,NBER WP ,2008,3.3027637084729817,38,1970,2006,US,10,1988.0
34,110,Ottaviano & Peri (2008) ,-0.072,0.009,111.11111111111111,-8.0,0.00909090909090909,0.09534625892455922,0.07216878364870323,192,2.2833012287035497,0,0,0,0,0,0,1,1,0,1,1,1,0,0,0,1,0.062,1,0,0,1,0,0,1,1,0,0,0,1,0.0,28.11764705882353,1.448978975233845,0,0,0,1,NBER WP ,2008,3.3027637084729817,48,1960,2006,US,10,1983.0
34,110,Ottaviano & Peri (2008) ,-0.074,0.01,100.0,-7.3999999999999995,0.00909090909090909,0.09534625892455922,0.07216878364870323,192,2.2833012287035497,0,0,0,0,0,0,1,1,0,1,1,0,1,0,0,1,0.062,1,0,0,1,0,0,1,1,0,0,0,1,0.0,28.11764705882353,1.448978975233845,0,0,0,1,NBER WP ,2008,3.3027637084729817,48,1960,2006,US,10,1983.0
34,110,Ottaviano & Peri (2008) ,-0.045,0.01,100.0,-4.5,0.00909090909090909,0.09534625892455922,0.07216878364870323,192,2.2833012287035497,0,0,0,0,1,0,0,1,0,1,1,1,0,0,0,1,0.062,1,0,0,1,0,0,1,1,0,0,0,1,0.0,28.11764705882353,1.448978975233845,0,0,0,1,NBER WP ,2008,3.3027637084729817,48,1960,2006,US,10,1983.0
34,110,Ottaviano & Peri (2008) ,-0.038,0.018,55.55555555555556,-2.111111111111111,0.00909090909090909,0.09534625892455922,0.07216878364870323,192,2.2833012287035497,0,0,0,0,1,0,0,1,0,1,1,0,1,0,0,1,0.062,1,0,0,1,0,0,1,1,0,0,0,1,0.0,28.11764705882353,1.448978975233845,0,0,0,1,NBER WP ,2008,3.3027637084729817,48,1960,2006,US,10,1983.0
34,110,Ottaviano & Peri (2008) ,-0.032,0.012,83.33333333333333,-2.6666666666666665,0.00909090909090909,0.09534625892455922,0.07216878364870323,192,2.2833012287035497,0,0,0,0,0,0,0,1,0,1,1,1,0,0,0,1,0.062,1,0,0,1,0,0,1,0,0,1,0,1,0.0,28.11764705882353,1.448978975233845,0,0,0,1,NBER WP ,2008,3.3027637084729817,48,1960,2006,US,10,1983.0
34,110,Ottaviano & Peri (2008) ,-0.073,0.017,58.8235294117647,-4.294117647058823,0.00909090909090909,0.09534625892455922,0.07216878364870323,192,2.2833012287035497,0,0,0,0,0,0,0,1,0,1,1,0,1,0,0,1,0.062,1,0,0,1,0,0,1,0,0,1,0,1,0.0,28.11764705882353,1.448978975233845,0,0,0,1,NBER WP ,2008,3.3027637084729817,48,1960,2006,US,10,1983.0
34,110,Ottaviano & Peri (2008) ,-0.032,0.018,55.55555555555556,-1.777777777777778,0.00909090909090909,0.09534625892455922,0.07905694150420949,160,2.2041199826559246,0,0,0,0,0,0,0,1,0,1,1,1,0,0,0,1,0.062,1,0,0,1,0,0,1,1,0,1,0,1,0.0,28.11764705882353,1.448978975233845,0,0,0,1,NBER WP ,2008,3.3027637084729817,38,1970,2006,US,10,1988.0
34,110,Ottaviano & Peri (2008) ,-0.068,0.018,55.55555555555556,-3.777777777777778,0.00909090909090909,0.09534625892455922,0.07905694150420949,160,2.2041199826559246,0,0,0,0,0,0,0,1,0,1,1,0,1,0,0,1,0.062,1,0,0,1,0,0,1,1,0,1,0,1,0.0,28.11764705882353,1.448978975233845,0,0,0,1,NBER WP ,2008,3.3027637084729817,38,1970,2006,US,10,1988.0
34,110,Ottaviano & Peri (2008) ,-0.015,0.014,71.42857142857143,-1.0714285714285714,0.00909090909090909,0.09534625892455922,0.07216878364870323,192,2.2833012287035497,0,0,0,0,0,0,1,1,0,1,1,1,0,0,0,1,0.062,1,0,0,1,0,0,1,1,0,1,0,1,0.0,28.11764705882353,1.448978975233845,0,0,0,1,NBER WP ,2008,3.3027637084729817,48,1960,2006,US,10,1983.0
34,110,Ottaviano & Peri (2008) ,-0.076,0.019,52.631578947368425,-4.0,0.00909090909090909,0.09534625892455922,0.07216878364870323,192,2.2833012287035497,0,0,0,0,0,0,1,1,0,1,1,0,1,0,0,1,0.062,1,0,0,1,0,0,1,1,0,1,0,1,0.0,28.11764705882353,1.448978975233845,0,0,0,1,NBER WP ,2008,3.3027637084729817,48,1960,2006,US,10,1983.0
34,110,Ottaviano & Peri (2008) ,-0.063,0.023,43.47826086956522,-2.739130434782609,0.00909090909090909,0.09534625892455922,0.07216878364870323,192,2.2833012287035497,0,0,0,0,1,0,0,1,0,1,1,1,0,0,0,1,0.062,1,0,0,1,0,0,1,1,0,1,0,1,0.0,28.11764705882353,1.448978975233845,0,0,0,1,NBER WP ,2008,3.3027637084729817,48,1960,2006,US,10,1983.0
34,110,Ottaviano & Peri (2008) ,-0.092,0.02,50.0,-4.6,0.00909090909090909,0.09534625892455922,0.07216878364870323,192,2.2833012287035497,0,0,0,0,1,0,0,1,0,1,1,0,1,0,0,1,0.062,1,0,0,1,0,0,1,1,0,1,0,1,0.0,28.11764705882353,1.448978975233845,0,0,0,1,NBER WP ,2008,3.3027637084729817,48,1960,2006,US,10,1983.0
34,110,Ottaviano & Peri (2008) ,-0.07,0.012,83.33333333333333,-5.833333333333334,0.00909090909090909,0.09534625892455922,0.07216878364870323,192,2.2833012287035497,0,0,0,0,0,0,0,1,0,1,1,1,0,0,0,1,0.062,1,0,0,1,0,0,1,0,0,1,0,1,0.0,28.11764705882353,1.448978975233845,0,0,0,1,NBER WP ,2008,3.3027637084729817,48,1960,2006,US,10,1983.0
34,110,Ottaviano & Peri (2008) ,-0.096,0.011,90.90909090909092,-8.727272727272728,0.00909090909090909,0.09534625892455922,0.07216878364870323,192,2.2833012287035497,0,0,0,0,0,0,0,1,0,1,1,0,1,0,0,1,0.062,1,0,0,1,0,0,1,0,0,1,0,1,0.0,28.11764705882353,1.448978975233845,0,0,0,1,NBER WP ,2008,3.3027637084729817,48,1960,2006,US,10,1983.0
34,110,Ottaviano & Peri (2008) ,-0.059,0.014,71.42857142857143,-4.214285714285714,0.00909090909090909,0.09534625892455922,0.07905694150420949,160,2.2041199826559246,0,0,0,0,0,0,0,1,0,1,1,1,0,0,0,1,0.062,1,0,0,1,0,0,1,1,0,1,0,1,0.0,28.11764705882353,1.448978975233845,0,0,0,1,NBER WP ,2008,3.3027637084729817,38,1970,2006,US,10,1988.0
34,110,Ottaviano & Peri (2008) ,-0.086,0.012,83.33333333333333,-7.166666666666666,0.00909090909090909,0.09534625892455922,0.07905694150420949,160,2.2041199826559246,0,0,0,0,0,0,0,1,0,1,1,0,1,0,0,1,0.062,1,0,0,1,0,0,1,1,0,1,0,1,0.0,28.11764705882353,1.448978975233845,0,0,0,1,NBER WP ,2008,3.3027637084729817,38,1970,2006,US,10,1988.0
34,110,Ottaviano & Peri (2008) ,-0.015,0.012,83.33333333333333,-1.25,0.00909090909090909,0.09534625892455922,0.07216878364870323,192,2.2833012287035497,0,0,0,0,0,0,1,1,0,1,1,1,0,0,0,1,0.062,1,0,0,1,0,0,1,1,0,1,0,1,0.0,28.11764705882353,1.448978975233845,0,0,0,1,NBER WP ,2008,3.3027637084729817,48,1960,2006,US,10,1983.0
34,110,Ottaviano & Peri (2008) ,-0.093,0.008,125.0,-11.625,0.00909090909090909,0.09534625892455922,0.07216878364870323,192,2.2833012287035497,0,0,0,0,0,0,1,1,0,1,1,0,1,0,0,1,0.062,1,0,0,1,0,0,1,1,0,1,0,1,0.0,28.11764705882353,1.448978975233845,0,0,0,1,NBER WP ,2008,3.3027637084729817,48,1960,2006,US,10,1983.0
34,110,Ottaviano & Peri (2008) ,-0.074,0.019,52.631578947368425,-3.8947368421052633,0.00909090909090909,0.09534625892455922,0.07216878364870323,192,2.2833012287035497,0,0,0,0,1,0,0,1,0,1,1,1,0,0,0,1,0.062,1,0,0,1,0,0,1,1,0,1,0,1,0.0,28.11764705882353,1.448978975233845,0,0,0,1,NBER WP ,2008,3.3027637084729817,48,1960,2006,US,10,1983.0
34,110,Ottaviano & Peri (2008) ,-0.098,0.02,50.0,-4.9,0.00909090909090909,0.09534625892455922,0.07216878364870323,192,2.2833012287035497,0,0,0,0,1,0,0,1,0,1,1,0,1,0,0,1,0.062,1,0,0,1,0,0,1,1,0,1,0,1,0.0,28.11764705882353,1.448978975233845,0,0,0,1,NBER WP ,2008,3.3027637084729817,48,1960,2006,US,10,1983.0
34,110,Ottaviano & Peri (2008) ,-0.004,0.031,32.25806451612903,-0.12903225806451613,0.00909090909090909,0.09534625892455922,0.07216878364870323,192,2.2833012287035497,0,0,0,0,0,0,0,1,0,1,1,1,0,0,0,1,0.062,1,0,0,1,0,0,1,0,0,1,0,1,0.0,28.11764705882353,1.448978975233845,0,0,0,1,NBER WP ,2008,3.3027637084729817,48,1960,2006,US,10,1983.0
34,110,Ottaviano & Peri (2008) ,-0.071,0.029,34.48275862068965,-2.4482758620689653,0.00909090909090909,0.09534625892455922,0.07216878364870323,192,2.2833012287035497,0,0,0,0,0,0,0,1,0,1,1,0,1,0,0,1,0.062,1,0,0,1,0,0,1,0,0,1,0,1,0.0,28.11764705882353,1.448978975233845,0,0,0,1,NBER WP ,2008,3.3027637084729817,48,1960,2006,US,10,1983.0
34,110,Ottaviano & Peri (2008) ,-0.001,0.033,30.3030303030303,-0.030303030303030304,0.00909090909090909,0.09534625892455922,0.07905694150420949,160,2.2041199826559246,0,0,0,0,0,0,0,1,0,1,1,1,0,0,0,1,0.062,1,0,0,1,0,0,1,1,0,1,0,1,0.0,28.11764705882353,1.448978975233845,0,0,0,1,NBER WP ,2008,3.3027637084729817,38,1970,2006,US,10,1988.0
34,110,Ottaviano & Peri (2008) ,-0.057,0.028,35.714285714285715,-2.0357142857142856,0.00909090909090909,0.09534625892455922,0.07905694150420949,160,2.2041199826559246,0,0,0,0,0,0,0,1,0,1,1,0,1,0,0,1,0.062,1,0,0,1,0,0,1,1,0,1,0,1,0.0,28.11764705882353,1.448978975233845,0,0,0,1,NBER WP ,2008,3.3027637084729817,38,1970,2006,US,10,1988.0
34,110,Ottaviano & Peri (2008) ,-0.021,0.035,28.57142857142857,-0.6,0.00909090909090909,0.09534625892455922,0.07216878364870323,192,2.2833012287035497,0,0,0,0,0,0,1,1,0,1,1,1,0,0,0,1,0.062,1,0,0,1,0,0,1,1,0,1,0,1,0.0,28.11764705882353,1.448978975233845,0,0,0,1,NBER WP ,2008,3.3027637084729817,48,1960,2006,US,10,1983.0
34,110,Ottaviano & Peri (2008) ,-0.103,0.028,35.714285714285715,-3.6785714285714284,0.00909090909090909,0.09534625892455922,0.07216878364870323,192,2.2833012287035497,0,0,0,0,0,0,1,1,0,1,1,0,1,0,0,1,0.062,1,0,0,1,0,0,1,1,0,1,0,1,0.0,28.11764705882353,1.448978975233845,0,0,0,1,NBER WP ,2008,3.3027637084729817,48,1960,2006,US,10,1983.0
34,110,Ottaviano & Peri (2008) ,0.003,0.039,25.641025641025642,0.07692307692307693,0.00909090909090909,0.09534625892455922,0.07216878364870323,192,2.2833012287035497,0,0,0,0,1,0,0,1,0,1,1,1,0,0,0,1,0.062,1,0,0,1,0,0,1,1,0,1,0,1,0.0,28.11764705882353,1.448978975233845,0,0,0,1,NBER WP ,2008,3.3027637084729817,48,1960,2006,US,10,1983.0
34,110,Ottaviano & Peri (2008) ,-0.098,0.031,32.25806451612903,-3.1612903225806455,0.00909090909090909,0.09534625892455922,0.07216878364870323,192,2.2833012287035497,0,0,0,0,1,0,0,1,0,1,1,0,1,0,0,1,0.062,1,0,0,1,0,0,1,1,0,1,0,1,0.0,28.11764705882353,1.448978975233845,0,0,0,1,NBER WP ,2008,3.3027637084729817,48,1960,2006,US,10,1983.0
35,72,Ottaviano & Peri (2012) ,-0.053,0.008,125.0,-6.625,0.013888888888888888,0.11785113019775792,0.07216878364870323,192,2.2833012287035497,0,0,1,0,0,0,0,1,0,1,1,1,0,0,0,1,0.062,1,0,0,1,0,0,1,1,0,0,0,0,2.167,194.46153846153845,2.2888337173035107,1,0,1,0,Journal of the European Economic Association,2012,3.30362797638389,52,1960,2006,US,10,1983.0
35,72,Ottaviano & Peri (2012) ,-0.033,0.013,76.92307692307692,-2.5384615384615388,0.013888888888888888,0.11785113019775792,0.07216878364870323,192,2.2833012287035497,0,0,1,0,0,0,0,1,0,1,1,1,0,0,0,1,0.062,1,0,0,1,0,0,1,1,0,1,0,1,2.167,194.46153846153845,2.2888337173035107,1,0,1,0,Journal of the European Economic Association,2012,3.30362797638389,52,1960,2006,US,10,1983.0
35,72,Ottaviano & Peri (2012) ,-0.045,0.013,76.92307692307692,-3.4615384615384617,0.013888888888888888,0.11785113019775792,0.07216878364870323,192,2.2833012287035497,0,0,1,0,0,0,0,1,0,1,1,1,0,0,0,1,0.062,1,0,0,1,0,0,1,1,0,1,0,1,2.167,194.46153846153845,2.2888337173035107,1,0,1,0,Journal of the European Economic Association,2012,3.30362797638389,52,1960,2006,US,10,1983.0
35,72,Ottaviano & Peri (2012) ,-0.063,0.005,200.0,-12.6,0.013888888888888888,0.11785113019775792,0.07216878364870323,192,2.2833012287035497,0,0,0,0,0,0,0,1,0,1,1,1,0,0,0,1,0.062,1,0,0,1,0,0,1,1,0,0,0,0,2.167,194.46153846153845,2.2888337173035107,1,0,1,0,Journal of the European Economic Association,2012,3.30362797638389,52,1960,2006,US,10,1983.0
35,72,Ottaviano & Peri (2012) ,-0.048,0.01,100.0,-4.8,0.013888888888888888,0.11785113019775792,0.07216878364870323,192,2.2833012287035497,0,0,0,0,0,0,0,1,0,1,1,1,0,0,0,1,0.062,1,0,0,1,0,0,1,1,0,1,0,1,2.167,194.46153846153845,2.2888337173035107,1,0,1,0,Journal of the European Economic Association,2012,3.30362797638389,52,1960,2006,US,10,1983.0
35,72,Ottaviano & Peri (2012) ,-0.059,0.012,83.33333333333333,-4.916666666666666,0.013888888888888888,0.11785113019775792,0.07216878364870323,192,2.2833012287035497,0,0,0,0,0,0,0,1,0,1,1,1,0,0,0,1,0.062,1,0,0,1,0,0,1,1,0,1,0,1,2.167,194.46153846153845,2.2888337173035107,1,0,1,0,Journal of the European Economic Association,2012,3.30362797638389,52,1960,2006,US,10,1983.0
35,72,Ottaviano & Peri (2012) ,-0.037,0.009,111.11111111111111,-4.111111111111112,0.013888888888888888,0.11785113019775792,0.07216878364870323,192,2.2833012287035497,0,0,1,0,0,0,0,1,0,1,1,0,1,0,0,1,0.062,1,0,0,1,0,0,1,1,0,0,0,0,2.167,194.46153846153845,2.2888337173035107,1,0,1,0,Journal of the European Economic Association,2012,3.30362797638389,52,1960,2006,US,10,1983.0
35,72,Ottaviano & Peri (2012) ,-0.058,0.017,58.8235294117647,-3.411764705882353,0.013888888888888888,0.11785113019775792,0.07216878364870323,192,2.2833012287035497,0,0,1,0,0,0,0,1,0,1,1,0,1,0,0,1,0.062,1,0,0,1,0,0,1,1,0,1,0,1,2.167,194.46153846153845,2.2888337173035107,1,0,1,0,Journal of the European Economic Association,2012,3.30362797638389,52,1960,2006,US,10,1983.0
35,72,Ottaviano & Peri (2012) ,-0.067,0.016,62.5,-4.1875,0.013888888888888888,0.11785113019775792,0.07216878364870323,192,2.2833012287035497,0,0,1,0,0,0,0,1,0,1,1,0,1,0,0,1,0.062,1,0,0,1,0,0,1,1,0,1,0,1,2.167,194.46153846153845,2.2888337173035107,1,0,1,0,Journal of the European Economic Association,2012,3.30362797638389,52,1960,2006,US,10,1983.0
35,72,Ottaviano & Peri (2012) ,-0.05,0.007,142.85714285714286,-7.142857142857143,0.013888888888888888,0.11785113019775792,0.07216878364870323,192,2.2833012287035497,0,0,0,0,0,0,0,1,0,1,1,0,1,0,0,1,0.062,1,0,0,1,0,0,1,1,0,0,0,0,2.167,194.46153846153845,2.2888337173035107,1,0,1,0,Journal of the European Economic Association,2012,3.30362797638389,52,1960,2006,US,10,1983.0
35,72,Ottaviano & Peri (2012) ,-0.066,0.014,71.42857142857143,-4.714285714285714,0.013888888888888888,0.11785113019775792,0.07216878364870323,192,2.2833012287035497,0,0,0,0,0,0,0,1,0,1,1,0,1,0,0,1,0.062,1,0,0,1,0,0,1,1,0,1,0,1,2.167,194.46153846153845,2.2888337173035107,1,0,1,0,Journal of the European Economic Association,2012,3.30362797638389,52,1960,2006,US,10,1983.0
35,72,Ottaviano & Peri (2012) ,-0.071,0.012,83.33333333333333,-5.916666666666666,0.013888888888888888,0.11785113019775792,0.07216878364870323,192,2.2833012287035497,0,0,0,0,0,0,0,1,0,1,1,0,1,0,0,1,0.062,1,0,0,1,0,0,1,1,0,1,0,1,2.167,194.46153846153845,2.2888337173035107,1,0,1,0,Journal of the European Economic Association,2012,3.30362797638389,52,1960,2006,US,10,1983.0
35,72,Ottaviano & Peri (2012) ,-0.032,0.008,125.0,-4.0,0.013888888888888888,0.11785113019775792,0.07216878364870323,192,2.2833012287035497,0,0,1,0,0,0,0,1,0,1,1,0,0,1,0,1,0.062,1,0,0,1,0,0,1,1,0,0,0,0,2.167,194.46153846153845,2.2888337173035107,1,0,1,0,Journal of the European Economic Association,2012,3.30362797638389,52,1960,2006,US,10,1983.0
35,72,Ottaviano & Peri (2012) ,-0.024,0.015,66.66666666666667,-1.6,0.013888888888888888,0.11785113019775792,0.07216878364870323,192,2.2833012287035497,0,0,1,0,0,0,0,1,0,1,1,0,0,1,0,1,0.062,1,0,0,1,0,0,1,1,0,1,0,1,2.167,194.46153846153845,2.2888337173035107,1,0,1,0,Journal of the European Economic Association,2012,3.30362797638389,52,1960,2006,US,10,1983.0
35,72,Ottaviano & Peri (2012) ,-0.026,0.015,66.66666666666667,-1.7333333333333334,0.013888888888888888,0.11785113019775792,0.07216878364870323,192,2.2833012287035497,0,0,1,0,0,0,0,1,0,1,1,0,0,1,0,1,0.062,1,0,0,1,0,0,1,1,0,1,0,1,2.167,194.46153846153845,2.2888337173035107,1,0,1,0,Journal of the European Economic Association,2012,3.30362797638389,52,1960,2006,US,10,1983.0
35,72,Ottaviano & Peri (2012) ,-0.044,0.006,166.66666666666666,-7.333333333333333,0.013888888888888888,0.11785113019775792,0.07216878364870323,192,2.2833012287035497,0,0,0,0,0,0,0,1,0,1,1,0,0,1,0,1,0.062,1,0,0,1,0,0,1,1,0,0,0,0,2.167,194.46153846153845,2.2888337173035107,1,0,1,0,Journal of the European Economic Association,2012,3.30362797638389,52,1960,2006,US,10,1983.0
35,72,Ottaviano & Peri (2012) ,-0.037,0.012,83.33333333333333,-3.083333333333333,0.013888888888888888,0.11785113019775792,0.07216878364870323,192,2.2833012287035497,0,0,0,0,0,0,0,1,0,1,1,0,0,1,0,1,0.062,1,0,0,1,0,0,1,1,0,1,0,1,2.167,194.46153846153845,2.2888337173035107,1,0,1,0,Journal of the European Economic Association,2012,3.30362797638389,52,1960,2006,US,10,1983.0
35,72,Ottaviano & Peri (2012) ,-0.038,0.013,76.92307692307692,-2.9230769230769234,0.013888888888888888,0.11785113019775792,0.07216878364870323,192,2.2833012287035497,0,0,0,0,0,0,0,1,0,1,1,0,0,1,0,1,0.062,1,0,0,1,0,0,1,1,0,1,0,1,2.167,194.46153846153845,2.2888337173035107,1,0,1,0,Journal of the European Economic Association,2012,3.30362797638389,52,1960,2006,US,10,1983.0
35,72,Ottaviano & Peri (2012) ,-0.057,0.007,142.85714285714286,-8.142857142857142,0.013888888888888888,0.11785113019775792,0.07216878364870323,192,2.2833012287035497,0,0,1,0,0,0,0,1,0,1,1,1,0,0,0,1,0.062,1,0,0,1,0,0,1,1,0,0,0,0,2.167,194.46153846153845,2.2888337173035107,1,0,1,0,Journal of the European Economic Association,2012,3.30362797638389,52,1960,2006,US,10,1983.0
35,72,Ottaviano & Peri (2012) ,-0.027,0.014,71.42857142857143,-1.9285714285714286,0.013888888888888888,0.11785113019775792,0.07216878364870323,192,2.2833012287035497,0,0,1,0,0,0,0,1,0,1,1,1,0,0,0,1,0.062,1,0,0,1,0,0,1,1,0,1,0,1,2.167,194.46153846153845,2.2888337173035107,1,0,1,0,Journal of the European Economic Association,2012,3.30362797638389,52,1960,2006,US,10,1983.0
35,72,Ottaviano & Peri (2012) ,-0.03,0.015,66.66666666666667,-2.0,0.013888888888888888,0.11785113019775792,0.07216878364870323,192,2.2833012287035497,0,0,1,0,0,0,0,1,0,1,1,1,0,0,0,1,0.062,1,0,0,1,0,0,1,1,0,1,0,1,2.167,194.46153846153845,2.2888337173035107,1,0,1,0,Journal of the European Economic Association,2012,3.30362797638389,52,1960,2006,US,10,1983.0
35,72,Ottaviano & Peri (2012) ,-0.066,0.006,166.66666666666666,-11.0,0.013888888888888888,0.11785113019775792,0.07216878364870323,192,2.2833012287035497,0,0,0,0,0,0,0,1,0,1,1,1,0,0,0,1,0.062,1,0,0,1,0,0,1,1,0,0,0,0,2.167,194.46153846153845,2.2888337173035107,1,0,1,0,Journal of the European Economic Association,2012,3.30362797638389,52,1960,2006,US,10,1983.0
35,72,Ottaviano & Peri (2012) ,-0.04,0.012,83.33333333333333,-3.3333333333333335,0.013888888888888888,0.11785113019775792,0.07216878364870323,192,2.2833012287035497,0,0,0,0,0,0,0,1,0,1,1,1,0,0,0,1,0.062,1,0,0,1,0,0,1,1,0,1,0,1,2.167,194.46153846153845,2.2888337173035107,1,0,1,0,Journal of the European Economic Association,2012,3.30362797638389,52,1960,2006,US,10,1983.0
35,72,Ottaviano & Peri (2012) ,-0.041,0.014,71.42857142857143,-2.928571428571429,0.013888888888888888,0.11785113019775792,0.07216878364870323,192,2.2833012287035497,0,0,0,0,0,0,0,1,0,1,1,1,0,0,0,1,0.062,1,0,0,1,0,0,1,1,0,1,0,1,2.167,194.46153846153845,2.2888337173035107,1,0,1,0,Journal of the European Economic Association,2012,3.30362797638389,52,1960,2006,US,10,1983.0
35,72,Ottaviano & Peri (2012) ,-0.073,0.007,142.85714285714286,-10.428571428571427,0.013888888888888888,0.11785113019775792,0.07216878364870323,192,2.2833012287035497,0,0,1,0,0,0,1,1,0,1,1,1,0,0,0,1,0.062,1,0,0,1,0,0,1,1,0,0,0,0,2.167,194.46153846153845,2.2888337173035107,1,0,1,0,Journal of the European Economic Association,2012,3.30362797638389,52,1960,2006,US,10,1983.0
35,72,Ottaviano & Peri (2012) ,-0.07,0.01,100.0,-7.000000000000001,0.013888888888888888,0.11785113019775792,0.07216878364870323,192,2.2833012287035497,0,0,1,0,0,0,1,1,0,1,1,1,0,0,0,1,0.062,1,0,0,1,0,0,1,1,0,0,0,1,2.167,194.46153846153845,2.2888337173035107,1,0,1,0,Journal of the European Economic Association,2012,3.30362797638389,52,1960,2006,US,10,1983.0
35,72,Ottaviano & Peri (2012) ,-0.07,0.009,111.11111111111111,-7.7777777777777795,0.013888888888888888,0.11785113019775792,0.07216878364870323,192,2.2833012287035497,0,0,1,0,0,0,1,1,0,1,1,1,0,0,0,1,0.062,1,0,0,1,0,0,1,1,0,0,0,1,2.167,194.46153846153845,2.2888337173035107,1,0,1,0,Journal of the European Economic Association,2012,3.30362797638389,52,1960,2006,US,10,1983.0
35,72,Ottaviano & Peri (2012) ,-0.085,0.004,250.0,-21.25,0.013888888888888888,0.11785113019775792,0.07216878364870323,192,2.2833012287035497,0,0,0,0,0,0,1,1,0,1,1,1,0,0,0,1,0.062,1,0,0,1,0,0,1,1,0,0,0,0,2.167,194.46153846153845,2.2888337173035107,1,0,1,0,Journal of the European Economic Association,2012,3.30362797638389,52,1960,2006,US,10,1983.0
35,72,Ottaviano & Peri (2012) ,-0.084,0.006,166.66666666666666,-14.0,0.013888888888888888,0.11785113019775792,0.07216878364870323,192,2.2833012287035497,0,0,0,0,0,0,1,1,0,1,1,1,0,0,0,1,0.062,1,0,0,1,0,0,1,1,0,0,0,1,2.167,194.46153846153845,2.2888337173035107,1,0,1,0,Journal of the European Economic Association,2012,3.30362797638389,52,1960,2006,US,10,1983.0
35,72,Ottaviano & Peri (2012) ,-0.081,0.007,142.85714285714286,-11.571428571428571,0.013888888888888888,0.11785113019775792,0.07216878364870323,192,2.2833012287035497,0,0,0,0,0,0,1,1,0,1,1,1,0,0,0,1,0.062,1,0,0,1,0,0,1,1,0,0,0,1,2.167,194.46153846153845,2.2888337173035107,1,0,1,0,Journal of the European Economic Association,2012,3.30362797638389,52,1960,2006,US,10,1983.0
35,72,Ottaviano & Peri (2012) ,-0.089,0.016,62.5,-5.5625,0.013888888888888888,0.11785113019775792,0.07216878364870323,192,2.2833012287035497,0,0,1,0,0,0,1,1,0,1,1,1,0,0,0,1,0.062,1,0,0,1,0,0,1,1,0,0,0,0,2.167,194.46153846153845,2.2888337173035107,1,0,1,0,Journal of the European Economic Association,2012,3.30362797638389,52,1960,2006,US,10,1983.0
35,72,Ottaviano & Peri (2012) ,-0.09,0.02,50.0,-4.5,0.013888888888888888,0.11785113019775792,0.07216878364870323,192,2.2833012287035497,0,0,1,0,0,0,1,1,0,1,1,1,0,0,0,1,0.062,1,0,0,1,0,0,1,1,0,0,0,1,2.167,194.46153846153845,2.2888337173035107,1,0,1,0,Journal of the European Economic Association,2012,3.30362797638389,52,1960,2006,US,10,1983.0
35,72,Ottaviano & Peri (2012) ,-0.093,0.018,55.55555555555556,-5.166666666666667,0.013888888888888888,0.11785113019775792,0.07216878364870323,192,2.2833012287035497,0,0,1,0,0,0,1,1,0,1,1,1,0,0,0,1,0.062,1,0,0,1,0,0,1,1,0,0,0,1,2.167,194.46153846153845,2.2888337173035107,1,0,1,0,Journal of the European Economic Association,2012,3.30362797638389,52,1960,2006,US,10,1983.0
35,72,Ottaviano & Peri (2012) ,-0.097,0.013,76.92307692307692,-7.461538461538462,0.013888888888888888,0.11785113019775792,0.07216878364870323,192,2.2833012287035497,0,0,0,0,0,0,1,1,0,1,1,1,0,0,0,1,0.062,1,0,0,1,0,0,1,1,0,0,0,0,2.167,194.46153846153845,2.2888337173035107,1,0,1,0,Journal of the European Economic Association,2012,3.30362797638389,52,1960,2006,US,10,1983.0
35,72,Ottaviano & Peri (2012) ,-0.099,0.015,66.66666666666667,-6.6000000000000005,0.013888888888888888,0.11785113019775792,0.07216878364870323,192,2.2833012287035497,0,0,0,0,0,0,1,1,0,1,1,1,0,0,0,1,0.062,1,0,0,1,0,0,1,1,0,0,0,1,2.167,194.46153846153845,2.2888337173035107,1,0,1,0,Journal of the European Economic Association,2012,3.30362797638389,52,1960,2006,US,10,1983.0
35,72,Ottaviano & Peri (2012) ,-0.1,0.015,66.66666666666667,-6.666666666666667,0.013888888888888888,0.11785113019775792,0.07216878364870323,192,2.2833012287035497,0,0,0,0,0,0,1,1,0,1,1,1,0,0,0,1,0.062,1,0,0,1,0,0,1,1,0,0,0,1,2.167,194.46153846153845,2.2888337173035107,1,0,1,0,Journal of the European Economic Association,2012,3.30362797638389,52,1960,2006,US,10,1983.0
35,72,Ottaviano & Peri (2012) ,-0.071,0.024,41.666666666666664,-2.958333333333333,0.013888888888888888,0.11785113019775792,0.07216878364870323,192,2.2833012287035497,0,0,1,0,0,1,0,1,0,1,1,1,0,0,0,1,0.062,1,0,0,1,0,0,1,1,0,0,0,0,2.167,194.46153846153845,2.2888337173035107,1,0,1,0,Journal of the European Economic Association,2012,3.30362797638389,52,1960,2006,US,10,1983.0
35,72,Ottaviano & Peri (2012) ,-0.06,0.035,28.57142857142857,-1.714285714285714,0.013888888888888888,0.11785113019775792,0.07216878364870323,192,2.2833012287035497,0,0,1,0,0,1,0,1,0,1,1,1,0,0,0,1,0.062,1,0,0,1,0,0,1,1,0,0,0,1,2.167,194.46153846153845,2.2888337173035107,1,0,1,0,Journal of the European Economic Association,2012,3.30362797638389,52,1960,2006,US,10,1983.0
35,72,Ottaviano & Peri (2012) ,-0.07,0.034,29.41176470588235,-2.058823529411765,0.013888888888888888,0.11785113019775792,0.07216878364870323,192,2.2833012287035497,0,0,1,0,0,1,0,1,0,1,1,1,0,0,0,1,0.062,1,0,0,1,0,0,1,1,0,0,0,1,2.167,194.46153846153845,2.2888337173035107,1,0,1,0,Journal of the European Economic Association,2012,3.30362797638389,52,1960,2006,US,10,1983.0
35,72,Ottaviano & Peri (2012) ,-0.077,0.023,43.47826086956522,-3.347826086956522,0.013888888888888888,0.11785113019775792,0.07216878364870323,192,2.2833012287035497,0,0,0,0,0,1,0,1,0,1,1,1,0,0,0,1,0.062,1,0,0,1,0,0,1,1,0,0,0,0,2.167,194.46153846153845,2.2888337173035107,1,0,1,0,Journal of the European Economic Association,2012,3.30362797638389,52,1960,2006,US,10,1983.0
35,72,Ottaviano & Peri (2012) ,-0.068,0.033,30.3030303030303,-2.0606060606060606,0.013888888888888888,0.11785113019775792,0.07216878364870323,192,2.2833012287035497,0,0,0,0,0,1,0,1,0,1,1,1,0,0,0,1,0.062,1,0,0,1,0,0,1,1,0,0,0,1,2.167,194.46153846153845,2.2888337173035107,1,0,1,0,Journal of the European Economic Association,2012,3.30362797638389,52,1960,2006,US,10,1983.0
35,72,Ottaviano & Peri (2012) ,-0.075,0.034,29.41176470588235,-2.205882352941176,0.013888888888888888,0.11785113019775792,0.07216878364870323,192,2.2833012287035497,0,0,0,0,0,1,0,1,0,1,1,1,0,0,0,1,0.062,1,0,0,1,0,0,1,1,0,0,0,1,2.167,194.46153846153845,2.2888337173035107,1,0,1,0,Journal of the European Economic Association,2012,3.30362797638389,52,1960,2006,US,10,1983.0
35,72,Ottaviano & Peri (2012) ,-0.017,0.026,38.46153846153846,-0.653846153846154,0.013888888888888888,0.11785113019775792,0.07216878364870323,192,2.2833012287035497,0,0,1,0,0,1,0,1,0,1,1,1,0,0,0,1,0.062,1,0,0,1,0,0,1,1,0,0,0,0,2.167,194.46153846153845,2.2888337173035107,1,0,1,0,Journal of the European Economic Association,2012,3.30362797638389,52,1960,2006,US,10,1983.0
35,72,Ottaviano & Peri (2012) ,0.006,0.042,23.809523809523807,0.14285714285714285,0.013888888888888888,0.11785113019775792,0.07216878364870323,192,2.2833012287035497,0,0,1,0,0,1,0,1,0,1,1,1,0,0,0,1,0.062,1,0,0,1,0,0,1,1,0,0,0,1,2.167,194.46153846153845,2.2888337173035107,1,0,1,0,Journal of the European Economic Association,2012,3.30362797638389,52,1960,2006,US,10,1983.0
35,72,Ottaviano & Peri (2012) ,0.019,0.03,33.333333333333336,0.6333333333333333,0.013888888888888888,0.11785113019775792,0.07216878364870323,192,2.2833012287035497,0,0,1,0,0,1,0,1,0,1,1,1,0,0,0,1,0.062,1,0,0,1,0,0,1,1,0,0,0,1,2.167,194.46153846153845,2.2888337173035107,1,0,1,0,Journal of the European Economic Association,2012,3.30362797638389,52,1960,2006,US,10,1983.0
35,72,Ottaviano & Peri (2012) ,-0.024,0.027,37.03703703703704,-0.888888888888889,0.013888888888888888,0.11785113019775792,0.07216878364870323,192,2.2833012287035497,0,0,0,0,0,1,0,1,0,1,1,1,0,0,0,1,0.062,1,0,0,1,0,0,1,1,0,0,0,0,2.167,194.46153846153845,2.2888337173035107,1,0,1,0,Journal of the European Economic Association,2012,3.30362797638389,52,1960,2006,US,10,1983.0
35,72,Ottaviano & Peri (2012) ,-0.009,0.041,24.390243902439025,-0.2195121951219512,0.013888888888888888,0.11785113019775792,0.07216878364870323,192,2.2833012287035497,0,0,0,0,0,1,0,1,0,1,1,1,0,0,0,1,0.062,1,0,0,1,0,0,1,1,0,0,0,1,2.167,194.46153846153845,2.2888337173035107,1,0,1,0,Journal of the European Economic Association,2012,3.30362797638389,52,1960,2006,US,10,1983.0
35,72,Ottaviano & Peri (2012) ,-0.015,0.029,34.48275862068965,-0.5172413793103448,0.013888888888888888,0.11785113019775792,0.07216878364870323,192,2.2833012287035497,0,0,0,0,0,1,0,1,0,1,1,1,0,0,0,1,0.062,1,0,0,1,0,0,1,1,0,0,0,1,2.167,194.46153846153845,2.2888337173035107,1,0,1,0,Journal of the European Economic Association,2012,3.30362797638389,52,1960,2006,US,10,1983.0
35,72,Ottaviano & Peri (2012) ,-0.012,0.018,55.55555555555556,-0.6666666666666667,0.013888888888888888,0.11785113019775792,0.07216878364870323,192,2.2833012287035497,0,0,1,0,1,0,0,1,0,1,1,1,0,0,0,1,0.062,1,0,0,1,0,0,1,1,0,0,0,0,2.167,194.46153846153845,2.2888337173035107,1,0,1,0,Journal of the European Economic Association,2012,3.30362797638389,52,1960,2006,US,10,1983.0
35,72,Ottaviano & Peri (2012) ,-0.14,0.028,35.714285714285715,-5.0,0.013888888888888888,0.11785113019775792,0.07216878364870323,192,2.2833012287035497,0,0,1,0,1,0,0,1,0,1,1,1,0,0,0,1,0.062,1,0,0,1,0,0,1,1,0,0,0,1,2.167,194.46153846153845,2.2888337173035107,1,0,1,0,Journal of the European Economic Association,2012,3.30362797638389,52,1960,2006,US,10,1983.0
35,72,Ottaviano & Peri (2012) ,-0.15,0.03,33.333333333333336,-5.0,0.013888888888888888,0.11785113019775792,0.07216878364870323,192,2.2833012287035497,0,0,1,0,1,0,0,1,0,1,1,1,0,0,0,1,0.062,1,0,0,1,0,0,1,1,0,0,0,1,2.167,194.46153846153845,2.2888337173035107,1,0,1,0,Journal of the European Economic Association,2012,3.30362797638389,52,1960,2006,US,10,1983.0
35,72,Ottaviano & Peri (2012) ,-0.037,0.014,71.42857142857143,-2.642857142857143,0.013888888888888888,0.11785113019775792,0.07216878364870323,192,2.2833012287035497,0,0,0,0,1,0,0,1,0,1,1,1,0,0,0,1,0.062,1,0,0,1,0,0,1,1,0,0,0,0,2.167,194.46153846153845,2.2888337173035107,1,0,1,0,Journal of the European Economic Association,2012,3.30362797638389,52,1960,2006,US,10,1983.0
35,72,Ottaviano & Peri (2012) ,-0.151,0.02,50.0,-7.55,0.013888888888888888,0.11785113019775792,0.07216878364870323,192,2.2833012287035497,0,0,0,0,1,0,0,1,0,1,1,1,0,0,0,1,0.062,1,0,0,1,0,0,1,1,0,0,0,1,2.167,194.46153846153845,2.2888337173035107,1,0,1,0,Journal of the European Economic Association,2012,3.30362797638389,52,1960,2006,US,10,1983.0
35,72,Ottaviano & Peri (2012) ,-0.157,0.031,32.25806451612903,-5.064516129032258,0.013888888888888888,0.11785113019775792,0.07216878364870323,192,2.2833012287035497,0,0,0,0,1,0,0,1,0,1,1,1,0,0,0,1,0.062,1,0,0,1,0,0,1,1,0,0,0,1,2.167,194.46153846153845,2.2888337173035107,1,0,1,0,Journal of the European Economic Association,2012,3.30362797638389,52,1960,2006,US,10,1983.0
35,72,Ottaviano & Peri (2012) ,-0.044,0.011,90.90909090909092,-4.0,0.013888888888888888,0.11785113019775792,0.07216878364870323,192,2.2833012287035497,0,0,1,0,1,0,0,1,0,1,1,1,0,0,0,1,0.062,1,0,0,1,0,0,1,1,0,0,0,0,2.167,194.46153846153845,2.2888337173035107,1,0,1,0,Journal of the European Economic Association,2012,3.30362797638389,52,1960,2006,US,10,1983.0
35,72,Ottaviano & Peri (2012) ,-0.061,0.014,71.42857142857143,-4.357142857142857,0.013888888888888888,0.11785113019775792,0.07216878364870323,192,2.2833012287035497,0,0,1,0,1,0,0,1,0,1,1,1,0,0,0,1,0.062,1,0,0,1,0,0,1,1,0,0,0,1,2.167,194.46153846153845,2.2888337173035107,1,0,1,0,Journal of the European Economic Association,2012,3.30362797638389,52,1960,2006,US,10,1983.0
35,72,Ottaviano & Peri (2012) ,-0.066,0.013,76.92307692307692,-5.0769230769230775,0.013888888888888888,0.11785113019775792,0.07216878364870323,192,2.2833012287035497,0,0,1,0,1,0,0,1,0,1,1,1,0,0,0,1,0.062,1,0,0,1,0,0,1,1,0,0,0,1,2.167,194.46153846153845,2.2888337173035107,1,0,1,0,Journal of the European Economic Association,2012,3.30362797638389,52,1960,2006,US,10,1983.0
35,72,Ottaviano & Peri (2012) ,-0.05,0.011,90.90909090909092,-4.545454545454546,0.013888888888888888,0.11785113019775792,0.07216878364870323,192,2.2833012287035497,0,0,0,0,1,0,0,1,0,1,1,1,0,0,0,1,0.062,1,0,0,1,0,0,1,1,0,0,0,0,2.167,194.46153846153845,2.2888337173035107,1,0,1,0,Journal of the European Economic Association,2012,3.30362797638389,52,1960,2006,US,10,1983.0
35,72,Ottaviano & Peri (2012) ,-0.068,0.014,71.42857142857143,-4.857142857142858,0.013888888888888888,0.11785113019775792,0.07216878364870323,192,2.2833012287035497,0,0,0,0,1,0,0,1,0,1,1,1,0,0,0,1,0.062,1,0,0,1,0,0,1,1,0,0,0,1,2.167,194.46153846153845,2.2888337173035107,1,0,1,0,Journal of the European Economic Association,2012,3.30362797638389,52,1960,2006,US,10,1983.0
35,72,Ottaviano & Peri (2012) ,-0.073,0.014,71.42857142857143,-5.2142857142857135,0.013888888888888888,0.11785113019775792,0.07216878364870323,192,2.2833012287035497,0,0,0,0,1,0,0,1,0,1,1,1,0,0,0,1,0.062,1,0,0,1,0,0,1,1,0,0,0,1,2.167,194.46153846153845,2.2888337173035107,1,0,1,0,Journal of the European Economic Association,2012,3.30362797638389,52,1960,2006,US,10,1983.0
35,72,Ottaviano & Peri (2012) ,-0.073,0.008,125.0,-9.125,0.013888888888888888,0.11785113019775792,0.07216878364870323,192,2.2833012287035497,0,0,1,1,0,0,0,1,0,1,1,1,0,0,0,1,0.062,1,0,0,1,0,0,1,1,0,0,0,0,2.167,194.46153846153845,2.2888337173035107,1,0,1,0,Journal of the European Economic Association,2012,3.30362797638389,52,1960,2006,US,10,1983.0
35,72,Ottaviano & Peri (2012) ,-0.052,0.022,45.45454545454546,-2.3636363636363638,0.013888888888888888,0.11785113019775792,0.07216878364870323,192,2.2833012287035497,0,0,1,1,0,0,0,1,0,1,1,1,0,0,0,1,0.062,1,0,0,1,0,0,1,1,0,0,0,1,2.167,194.46153846153845,2.2888337173035107,1,0,1,0,Journal of the European Economic Association,2012,3.30362797638389,52,1960,2006,US,10,1983.0
35,72,Ottaviano & Peri (2012) ,-0.058,0.017,58.8235294117647,-3.411764705882353,0.013888888888888888,0.11785113019775792,0.07216878364870323,192,2.2833012287035497,0,0,1,1,0,0,0,1,0,1,1,1,0,0,0,1,0.062,1,0,0,1,0,0,1,1,0,0,0,1,2.167,194.46153846153845,2.2888337173035107,1,0,1,0,Journal of the European Economic Association,2012,3.30362797638389,52,1960,2006,US,10,1983.0
35,72,Ottaviano & Peri (2012) ,-0.077,0.007,142.85714285714286,-11.0,0.013888888888888888,0.11785113019775792,0.07216878364870323,192,2.2833012287035497,0,0,0,1,0,0,0,1,0,1,1,1,0,0,0,1,0.062,1,0,0,1,0,0,1,1,0,0,0,0,2.167,194.46153846153845,2.2888337173035107,1,0,1,0,Journal of the European Economic Association,2012,3.30362797638389,52,1960,2006,US,10,1983.0
35,72,Ottaviano & Peri (2012) ,-0.059,0.022,45.45454545454546,-2.6818181818181817,0.013888888888888888,0.11785113019775792,0.07216878364870323,192,2.2833012287035497,0,0,0,1,0,0,0,1,0,1,1,1,0,0,0,1,0.062,1,0,0,1,0,0,1,1,0,0,0,1,2.167,194.46153846153845,2.2888337173035107,1,0,1,0,Journal of the European Economic Association,2012,3.30362797638389,52,1960,2006,US,10,1983.0
35,72,Ottaviano & Peri (2012) ,-0.066,0.018,55.55555555555556,-3.666666666666667,0.013888888888888888,0.11785113019775792,0.07216878364870323,192,2.2833012287035497,0,0,0,1,0,0,0,1,0,1,1,1,0,0,0,1,0.062,1,0,0,1,0,0,1,1,0,0,0,1,2.167,194.46153846153845,2.2888337173035107,1,0,1,0,Journal of the European Economic Association,2012,3.30362797638389,52,1960,2006,US,10,1983.0
35,72,Ottaviano & Peri (2012) ,-0.094,0.013,76.92307692307692,-7.230769230769231,0.013888888888888888,0.11785113019775792,0.07216878364870323,192,2.2833012287035497,0,0,1,1,0,0,0,1,0,1,1,1,0,0,0,1,0.062,1,0,0,1,0,0,1,1,0,0,0,0,2.167,194.46153846153845,2.2888337173035107,1,0,1,0,Journal of the European Economic Association,2012,3.30362797638389,52,1960,2006,US,10,1983.0
35,72,Ottaviano & Peri (2012) ,-0.065,0.014,71.42857142857143,-4.642857142857143,0.013888888888888888,0.11785113019775792,0.07216878364870323,192,2.2833012287035497,0,0,1,1,0,0,0,1,0,1,1,1,0,0,0,1,0.062,1,0,0,1,0,0,1,1,0,0,0,1,2.167,194.46153846153845,2.2888337173035107,1,0,1,0,Journal of the European Economic Association,2012,3.30362797638389,52,1960,2006,US,10,1983.0
35,72,Ottaviano & Peri (2012) ,-0.063,0.016,62.5,-3.9375,0.013888888888888888,0.11785113019775792,0.07216878364870323,192,2.2833012287035497,0,0,1,1,0,0,0,1,0,1,1,1,0,0,0,1,0.062,1,0,0,1,0,0,1,1,0,0,0,1,2.167,194.46153846153845,2.2888337173035107,1,0,1,0,Journal of the European Economic Association,2012,3.30362797638389,52,1960,2006,US,10,1983.0
35,72,Ottaviano & Peri (2012) ,-0.096,0.013,76.92307692307692,-7.384615384615385,0.013888888888888888,0.11785113019775792,0.07216878364870323,192,2.2833012287035497,0,0,0,1,0,0,0,1,0,1,1,1,0,0,0,1,0.062,1,0,0,1,0,0,1,1,0,0,0,0,2.167,194.46153846153845,2.2888337173035107,1,0,1,0,Journal of the European Economic Association,2012,3.30362797638389,52,1960,2006,US,10,1983.0
35,72,Ottaviano & Peri (2012) ,-0.064,0.015,66.66666666666667,-4.266666666666667,0.013888888888888888,0.11785113019775792,0.07216878364870323,192,2.2833012287035497,0,0,0,1,0,0,0,1,0,1,1,1,0,0,0,1,0.062,1,0,0,1,0,0,1,1,0,0,0,1,2.167,194.46153846153845,2.2888337173035107,1,0,1,0,Journal of the European Economic Association,2012,3.30362797638389,52,1960,2006,US,10,1983.0
35,72,Ottaviano & Peri (2012) ,0.06,0.018,55.55555555555556,3.3333333333333335,0.013888888888888888,0.11785113019775792,0.07216878364870323,192,2.2833012287035497,0,0,0,1,0,0,0,1,0,1,1,1,0,0,0,1,0.062,1,0,0,1,0,0,1,1,0,0,0,1,2.167,194.46153846153845,2.2888337173035107,1,0,1,0,Journal of the European Economic Association,2012,3.30362797638389,52,1960,2006,US,10,1983.0
36,16,Peri (2007),-0.33,0.1,10.0,-3.3,0.0625,0.25,0.09128709291752768,120,2.0791812460476247,0,0,1,0,0,0,0,1,0,1,1,0,0,1,0,1,0.062,1,0,0,1,0,0,0,1,0,1,1,1,0.0,7.111111111111111,0.8519374645445623,0,0,0,1,NBER WP,2007,3.3025473724874854,47,1960,2004,US,10,1982.0
36,16,Peri (2007),-0.33,0.09,11.11111111111111,-3.666666666666667,0.0625,0.25,0.1,100,2.0,0,0,1,0,0,0,0,1,0,1,1,0,0,1,0,1,0.062,1,0,0,1,0,0,0,1,0,1,1,1,0.0,7.111111111111111,0.8519374645445623,0,0,0,1,NBER WP,2007,3.3025473724874854,37,1970,2004,US,10,1987.0
36,16,Peri (2007),-0.14,0.04,25.0,-3.5000000000000004,0.0625,0.25,0.1,100,2.0,0,0,1,0,0,0,0,1,0,1,1,0,0,1,0,1,0.062,1,0,0,1,0,0,0,1,0,1,1,1,0.0,7.111111111111111,0.8519374645445623,0,0,0,1,NBER WP,2007,3.3025473724874854,47,1960,2000,US,10,1980.0
36,16,Peri (2007),-0.28,0.07,14.285714285714285,-4.0,0.0625,0.25,0.09128709291752768,120,2.0791812460476247,0,0,1,0,0,0,1,1,0,1,1,0,0,1,0,1,0.062,1,0,0,1,0,0,0,1,0,1,1,1,0.0,7.111111111111111,0.8519374645445623,0,0,0,1,NBER WP,2007,3.3025473724874854,47,1960,2004,US,10,1982.0
36,16,Peri (2007),-0.28,0.1,10.0,-2.8000000000000003,0.0625,0.25,0.09128709291752768,120,2.0791812460476247,0,0,1,0,0,0,0,1,0,1,1,0,0,1,0,1,0.062,1,0,0,1,0,0,0,1,0,1,1,1,0.0,7.111111111111111,0.8519374645445623,0,0,0,1,NBER WP,2007,3.3025473724874854,47,1960,2004,US,10,1982.0
36,16,Peri (2007),-0.31,0.09,11.11111111111111,-3.4444444444444446,0.0625,0.25,0.1,100,2.0,0,0,1,0,0,0,0,1,0,1,1,0,0,1,0,1,0.062,1,0,0,1,0,0,0,1,0,1,1,1,0.0,7.111111111111111,0.8519374645445623,0,0,0,1,NBER WP,2007,3.3025473724874854,37,1970,2004,US,10,1987.0
36,16,Peri (2007),-0.13,0.03,33.333333333333336,-4.333333333333334,0.0625,0.25,0.1,100,2.0,0,0,1,0,0,0,0,1,0,1,1,0,0,1,0,1,0.062,1,0,0,1,0,0,0,1,0,1,1,1,0.0,7.111111111111111,0.8519374645445623,0,0,0,1,NBER WP,2007,3.3025473724874854,47,1960,2000,US,10,1980.0
36,16,Peri (2007),-0.26,0.08,12.5,-3.25,0.0625,0.25,0.09128709291752768,120,2.0791812460476247,0,0,1,0,0,0,1,1,0,1,1,0,0,1,0,1,0.062,1,0,0,1,0,0,0,1,0,1,1,1,0.0,7.111111111111111,0.8519374645445623,0,0,0,1,NBER WP,2007,3.3025473724874854,47,1960,2004,US,10,1982.0
36,16,Peri (2007),-0.33,0.12,8.333333333333334,-2.7500000000000004,0.0625,0.25,0.09128709291752768,120,2.0791812460476247,0,0,1,0,0,0,0,1,0,1,1,0,0,1,0,1,0.062,1,0,0,1,0,0,0,0,0,1,1,1,0.0,7.111111111111111,0.8519374645445623,0,0,0,1,NBER WP,2007,3.3025473724874854,47,1960,2004,US,10,1982.0
36,16,Peri (2007),-0.33,0.11,9.090909090909092,-3.0,0.0625,0.25,0.1,100,2.0,0,0,1,0,0,0,0,1,0,1,1,0,0,1,0,1,0.062,1,0,0,1,0,0,0,0,0,1,1,1,0.0,7.111111111111111,0.8519374645445623,0,0,0,1,NBER WP,2007,3.3025473724874854,37,1970,2004,US,10,1987.0
36,16,Peri (2007),-0.1,0.04,25.0,-2.5,0.0625,0.25,0.1,100,2.0,0,0,1,0,0,0,0,1,0,1,1,0,0,1,0,1,0.062,1,0,0,1,0,0,0,0,0,1,1,1,0.0,7.111111111111111,0.8519374645445623,0,0,0,1,NBER WP,2007,3.3025473724874854,47,1960,2000,US,10,1980.0
36,16,Peri (2007),-0.38,0.08,12.5,-4.75,0.0625,0.25,0.09128709291752768,120,2.0791812460476247,0,0,1,0,0,0,1,1,0,1,1,0,0,1,0,1,0.062,1,0,0,1,0,0,0,0,0,1,1,1,0.0,7.111111111111111,0.8519374645445623,0,0,0,1,NBER WP,2007,3.3025473724874854,47,1960,2004,US,10,1982.0
36,16,Peri (2007),-0.24,0.12,8.333333333333334,-2.0,0.0625,0.25,0.09128709291752768,120,2.0791812460476247,0,0,1,0,0,0,0,1,0,1,1,0,0,1,0,1,0.062,1,0,0,1,0,0,0,0,0,1,1,1,0.0,7.111111111111111,0.8519374645445623,0,0,0,1,NBER WP,2007,3.3025473724874854,47,1960,2004,US,10,1982.0
36,16,Peri (2007),-0.31,0.11,9.090909090909092,-2.8181818181818183,0.0625,0.25,0.1,100,2.0,0,0,1,0,0,0,0,1,0,1,1,0,0,1,0,1,0.062,1,0,0,1,0,0,0,0,0,1,1,1,0.0,7.111111111111111,0.8519374645445623,0,0,0,1,NBER WP,2007,3.3025473724874854,37,1970,2004,US,10,1987.0
36,16,Peri (2007),-0.1,0.04,25.0,-2.5,0.0625,0.25,0.1,100,2.0,0,0,1,0,0,0,0,1,0,1,1,0,0,1,0,1,0.062,1,0,0,1,0,0,0,0,0,1,1,1,0.0,7.111111111111111,0.8519374645445623,0,0,0,1,NBER WP,2007,3.3025473724874854,47,1960,2000,US,10,1980.0
36,16,Peri (2007),-0.36,0.09,11.11111111111111,-4.0,0.0625,0.25,0.09128709291752768,120,2.0791812460476247,0,0,1,0,0,0,1,1,0,1,1,0,0,1,0,1,0.062,1,0,0,1,0,0,0,0,0,1,1,1,0.0,7.111111111111111,0.8519374645445623,0,0,0,1,NBER WP,2007,3.3025473724874854,47,1960,2004,US,10,1982.0
37,14,Raphael & Smolensky (2009),-0.027,0.009,111.11111111111111,-3.0,0.07142857142857142,0.2672612419124244,0.07216878364870323,192,2.2833012287035497,0,0,1,0,0,0,0,1,0,1,1,1,0,0,0,1,0.062,1,0,0,1,0,0,1,1,0,1,0,0,2.884,5.75,0.7596678446896304,1,1,1,0,American Economic Review,2009,3.3029799367482493,49,1960,2005,US,10,1982.5
37,14,Raphael & Smolensky (2009),-0.043,0.016,62.5,-2.6874999999999996,0.07142857142857142,0.2672612419124244,0.07216878364870323,192,2.2833012287035497,0,0,1,0,0,0,0,1,0,1,1,1,0,0,0,1,0.062,1,0,0,1,0,0,1,1,0,1,0,1,2.884,5.75,0.7596678446896304,1,1,1,0,American Economic Review,2009,3.3029799367482493,49,1960,2005,US,10,1982.5
37,14,Raphael & Smolensky (2009),-0.025,0.012,83.33333333333333,-2.0833333333333335,0.07142857142857142,0.2672612419124244,0.07216878364870323,192,2.2833012287035497,0,0,1,0,0,0,0,1,0,1,1,1,0,0,0,1,0.062,1,0,0,1,0,0,1,1,0,1,1,1,2.884,5.75,0.7596678446896304,1,1,1,0,American Economic Review,2009,3.3029799367482493,49,1960,2005,US,10,1982.5
37,14,Raphael & Smolensky (2009),-0.031,0.029,34.48275862068965,-1.0689655172413792,0.07142857142857142,0.2672612419124244,0.07216878364870323,192,2.2833012287035497,0,0,1,0,0,0,0,1,0,1,1,1,0,0,0,1,0.062,1,0,0,1,0,0,1,1,0,1,0,1,2.884,5.75,0.7596678446896304,1,1,1,0,American Economic Review,2009,3.3029799367482493,49,1960,2005,US,10,1982.5
37,14,Raphael & Smolensky (2009),0.017,0.027,37.03703703703704,0.6296296296296297,0.07142857142857142,0.2672612419124244,0.07216878364870323,192,2.2833012287035497,0,0,1,0,0,0,0,1,0,1,1,1,0,0,0,1,0.062,1,0,0,1,0,0,1,1,0,1,0,1,2.884,5.75,0.7596678446896304,1,1,1,0,American Economic Review,2009,3.3029799367482493,49,1960,2005,US,10,1982.5
37,14,Raphael & Smolensky (2009),-0.019,0.021,47.61904761904761,-0.9047619047619047,0.07142857142857142,0.2672612419124244,0.07216878364870323,192,2.2833012287035497,0,0,1,0,0,0,0,1,0,1,1,1,0,0,0,1,0.062,1,0,0,1,0,0,1,1,0,1,0,1,2.884,5.75,0.7596678446896304,1,1,1,0,American Economic Review,2009,3.3029799367482493,49,1960,2005,US,10,1982.5
37,14,Raphael & Smolensky (2009),-0.004,0.052,19.23076923076923,-0.07692307692307693,0.07142857142857142,0.2672612419124244,0.07216878364870323,192,2.2833012287035497,0,0,1,0,0,0,0,1,0,1,1,1,0,0,0,1,0.062,1,0,0,1,0,0,1,1,0,1,0,1,2.884,5.75,0.7596678446896304,1,1,1,0,American Economic Review,2009,3.3029799367482493,49,1960,2005,US,10,1982.5
37,14,Raphael & Smolensky (2009),-0.03,0.01,100.0,-3.0,0.07142857142857142,0.2672612419124244,0.07905694150420949,160,2.2041199826559246,0,0,1,0,0,0,0,1,0,1,1,1,0,0,0,1,0.062,1,0,0,1,0,0,1,1,0,1,0,0,2.884,5.75,0.7596678446896304,1,1,1,0,American Economic Review,2009,3.3029799367482493,39,1970,2005,US,10,1987.5
37,14,Raphael & Smolensky (2009),-0.055,0.02,50.0,-2.75,0.07142857142857142,0.2672612419124244,0.07905694150420949,160,2.2041199826559246,0,0,1,0,0,0,0,1,0,1,1,1,0,0,0,1,0.062,1,0,0,1,0,0,1,1,0,1,0,1,2.884,5.75,0.7596678446896304,1,1,1,0,American Economic Review,2009,3.3029799367482493,39,1970,2005,US,10,1987.5
37,14,Raphael & Smolensky (2009),-0.034,0.015,66.66666666666667,-2.266666666666667,0.07142857142857142,0.2672612419124244,0.07905694150420949,160,2.2041199826559246,0,0,1,0,0,0,0,1,0,1,1,1,0,0,0,1,0.062,1,0,0,1,0,0,1,1,0,1,1,1,2.884,5.75,0.7596678446896304,1,1,1,0,American Economic Review,2009,3.3029799367482493,39,1970,2005,US,10,1987.5
37,14,Raphael & Smolensky (2009),-0.056,0.035,28.57142857142857,-1.5999999999999999,0.07142857142857142,0.2672612419124244,0.07905694150420949,160,2.2041199826559246,0,0,1,0,0,0,0,1,0,1,1,1,0,0,0,1,0.062,1,0,0,1,0,0,1,1,0,1,0,1,2.884,5.75,0.7596678446896304,1,1,1,0,American Economic Review,2009,3.3029799367482493,39,1970,2005,US,10,1987.5
37,14,Raphael & Smolensky (2009),0.005,0.04,25.0,0.125,0.07142857142857142,0.2672612419124244,0.07905694150420949,160,2.2041199826559246,0,0,1,0,0,0,0,1,0,1,1,1,0,0,0,1,0.062,1,0,0,1,0,0,1,1,0,1,0,1,2.884,5.75,0.7596678446896304,1,1,1,0,American Economic Review,2009,3.3029799367482493,39,1970,2005,US,10,1987.5
37,14,Raphael & Smolensky (2009),-0.04,0.03,33.333333333333336,-1.3333333333333335,0.07142857142857142,0.2672612419124244,0.07905694150420949,160,2.2041199826559246,0,0,1,0,0,0,0,1,0,1,1,1,0,0,0,1,0.062,1,0,0,1,0,0,1,1,0,1,0,1,2.884,5.75,0.7596678446896304,1,1,1,0,American Economic Review,2009,3.3029799367482493,39,1970,2005,US,10,1987.5
37,14,Raphael & Smolensky (2009),-0.017,0.069,14.492753623188404,-0.24637681159420288,0.07142857142857142,0.2672612419124244,0.07905694150420949,160,2.2041199826559246,0,0,1,0,0,0,0,1,0,1,1,1,0,0,0,1,0.062,1,0,0,1,0,0,1,1,0,1,0,1,2.884,5.75,0.7596678446896304,1,1,1,0,American Economic Review,2009,3.3029799367482493,39,1970,2005,US,10,1987.5
38,16,Romiti (2011),-0.0569,0.014,71.42857142857143,-4.064285714285714,0.0625,0.25,0.05,400,2.6020599913279625,1,1,0,0,0,0,0,0,0,0,0,0,0,1,0,0,0.039,1,0,0,0,1,0,0,1,0,1,1,1,0.0,1.2142857142857142,0.08432088570003587,0,0,0,1,CERP WP,2011,3.303412070596742,16,1995,2004,Italy,6,1999.5
38,16,Romiti (2011),-0.0502,0.018,55.55555555555556,-2.788888888888889,0.0625,0.25,0.05,400,2.6020599913279625,1,1,0,0,0,0,0,0,0,0,0,0,0,1,0,0,0.039,1,0,0,0,1,0,0,1,0,1,1,1,0.0,1.2142857142857142,0.08432088570003587,0,0,0,1,CERP WP,2011,3.303412070596742,16,1995,2004,Italy,6,1999.5
38,16,Romiti (2011),-0.0718,0.03,33.333333333333336,-2.3933333333333335,0.0625,0.25,0.05,400,2.6020599913279625,1,1,0,0,0,0,0,0,0,0,0,0,0,1,0,0,0.039,1,0,0,0,1,0,0,0,0,1,1,1,0.0,1.2142857142857142,0.08432088570003587,0,0,0,1,CERP WP,2011,3.303412070596742,16,1995,2004,Italy,6,1999.5
38,16,Romiti (2011),-0.069,0.021,47.61904761904761,-3.2857142857142856,0.0625,0.25,0.05,400,2.6020599913279625,1,1,0,0,0,0,0,0,0,0,0,0,0,1,0,0,0.039,1,0,0,0,1,0,0,0,0,1,1,1,0.0,1.2142857142857142,0.08432088570003587,0,0,0,1,CERP WP,2011,3.303412070596742,16,1995,2004,Italy,6,1999.5
38,16,Romiti (2011),-0.0649,0.019,52.631578947368425,-3.4157894736842107,0.0625,0.25,0.1,100,2.0,0,1,0,0,0,0,0,0,0,0,0,0,0,1,0,0,0.039,1,0,0,0,1,0,0,1,0,1,1,1,0.0,1.2142857142857142,0.08432088570003587,0,0,0,1,CERP WP,2011,3.303412070596742,16,1995,2004,Italy,6,1999.5
38,16,Romiti (2011),-0.0565,0.021,47.61904761904761,-2.6904761904761902,0.0625,0.25,0.1,100,2.0,0,1,0,0,0,0,0,0,0,0,0,0,0,1,0,0,0.039,1,0,0,0,1,0,0,1,0,1,1,1,0.0,1.2142857142857142,0.08432088570003587,0,0,0,1,CERP WP,2011,3.303412070596742,16,1995,2004,Italy,6,1999.5
38,16,Romiti (2011),-0.0595,0.025,40.0,-2.38,0.0625,0.25,0.1,100,2.0,0,1,0,0,0,0,0,0,0,0,0,0,0,1,0,0,0.039,1,0,0,0,1,0,0,0,0,1,1,1,0.0,1.2142857142857142,0.08432088570003587,0,0,0,1,CERP WP,2011,3.303412070596742,16,1995,2004,Italy,6,1999.5
38,16,Romiti (2011),-0.0568,0.014,71.42857142857143,-4.057142857142857,0.0625,0.25,0.1,100,2.0,0,1,0,0,0,0,0,0,0,0,0,0,0,1,0,0,0.039,1,0,0,0,1,0,0,0,0,1,1,1,0.0,1.2142857142857142,0.08432088570003587,0,0,0,1,CERP WP,2011,3.303412070596742,16,1995,2004,Italy,6,1999.5
38,16,Romiti (2011),-0.0679,0.016,62.5,-4.24375,0.0625,0.25,0.05,400,2.6020599913279625,1,1,0,0,0,0,0,0,0,0,0,0,0,1,0,0,0.039,1,0,0,0,1,0,0,1,0,1,1,1,0.0,1.2142857142857142,0.08432088570003587,0,0,0,1,CERP WP,2011,3.303412070596742,16,1995,2004,Italy,6,1999.5
38,16,Romiti (2011),-0.0644,0.022,45.45454545454546,-2.9272727272727272,0.0625,0.25,0.05,400,2.6020599913279625,1,1,0,0,0,0,0,0,0,0,0,0,0,1,0,0,0.039,1,0,0,0,1,0,0,1,0,1,1,1,0.0,1.2142857142857142,0.08432088570003587,0,0,0,1,CERP WP,2011,3.303412070596742,16,1995,2004,Italy,6,1999.5
38,16,Romiti (2011),-0.0583,0.027,37.03703703703704,-2.159259259259259,0.0625,0.25,0.05,400,2.6020599913279625,1,1,0,0,0,0,0,0,0,0,0,0,0,1,0,0,0.039,1,0,0,0,1,0,0,0,0,1,1,1,0.0,1.2142857142857142,0.08432088570003587,0,0,0,1,CERP WP,2011,3.303412070596742,16,1995,2004,Italy,6,1999.5
38,16,Romiti (2011),-0.0614,0.019,52.631578947368425,-3.2315789473684213,0.0625,0.25,0.05,400,2.6020599913279625,1,1,0,0,0,0,0,0,0,0,0,0,0,1,0,0,0.039,1,0,0,0,1,0,0,0,0,1,1,1,0.0,1.2142857142857142,0.08432088570003587,0,0,0,1,CERP WP,2011,3.303412070596742,16,1995,2004,Italy,6,1999.5
38,16,Romiti (2011),-0.0816,0.024,41.666666666666664,-3.4000000000000004,0.0625,0.25,0.1,100,2.0,0,1,0,0,0,0,0,0,0,0,0,0,0,1,0,0,0.039,1,0,0,0,1,0,0,1,0,1,1,1,0.0,1.2142857142857142,0.08432088570003587,0,0,0,1,CERP WP,2011,3.303412070596742,16,1995,2004,Italy,6,1999.5
38,16,Romiti (2011),-0.075,0.028,35.714285714285715,-2.6785714285714284,0.0625,0.25,0.1,100,2.0,0,1,0,0,0,0,0,0,0,0,0,0,0,1,0,0,0.039,1,0,0,0,1,0,0,1,0,1,1,1,0.0,1.2142857142857142,0.08432088570003587,0,0,0,1,CERP WP,2011,3.303412070596742,16,1995,2004,Italy,6,1999.5
38,16,Romiti (2011),-0.0672,0.028,35.714285714285715,-2.4,0.0625,0.25,0.1,100,2.0,0,1,0,0,0,0,0,0,0,0,0,0,0,1,0,0,0.039,1,0,0,0,1,0,0,0,0,1,1,1,0.0,1.2142857142857142,0.08432088570003587,0,0,0,1,CERP WP,2011,3.303412070596742,16,1995,2004,Italy,6,1999.5
38,16,Romiti (2011),-0.0643,0.018,55.55555555555556,-3.5722222222222224,0.0625,0.25,0.1,100,2.0,0,1,0,0,0,0,0,0,0,0,0,0,0,1,0,0,0.039,1,0,0,0,1,0,0,0,0,1,1,1,0.0,1.2142857142857142,0.08432088570003587,0,0,0,1,CERP WP,2011,3.303412070596742,16,1995,2004,Italy,6,1999.5
39,9,Sharpe and Bollinger (2020),-0.0286,0.0119,84.03361344537815,-2.403361344537815,0.1111111111111111,0.3333333333333333,0.07216878364870323,192,2.2833012287035497,0,0,1,0,0,0,0,1,0,1,1,1,0,0,0,1,0.0705,1,0,0,1,0,0,1,1,0,1,0,1,0.67,4.0,0.6020599913279624,1,0,0,0,Labour Economics,2020,3.305351369446624,60,1960,2010,US,10,1985.0
39,9,Sharpe and Bollinger (2020),-0.0356,0.0111,90.09009009009009,-3.207207207207207,0.1111111111111111,0.3333333333333333,0.07216878364870323,192,2.2833012287035497,0,0,0,0,0,0,0,1,0,1,1,1,0,0,0,1,0.0705,1,0,0,1,0,0,1,1,0,1,0,1,0.67,4.0,0.6020599913279624,1,0,0,0,Labour Economics,2020,3.305351369446624,60,1960,2010,US,10,1985.0
39,9,Sharpe and Bollinger (2020),-0.0217,0.0103,97.08737864077669,-2.1067961165048543,0.1111111111111111,0.3333333333333333,0.07216878364870323,192,2.2833012287035497,0,0,1,0,0,0,0,1,0,1,1,1,0,0,0,1,0.0705,1,0,0,1,0,0,1,1,0,1,0,1,0.67,4.0,0.6020599913279624,1,0,0,0,Labour Economics,2020,3.305351369446624,60,1960,2010,US,10,1985.0
39,9,Sharpe and Bollinger (2020),-0.027,0.0309,32.362459546925564,-0.8737864077669902,0.1111111111111111,0.3333333333333333,0.07216878364870323,192,2.2833012287035497,0,0,1,0,0,0,0,1,0,1,1,1,0,0,0,1,0.0705,1,0,0,1,0,0,1,1,0,1,0,1,0.67,4.0,0.6020599913279624,1,0,0,0,Labour Economics,2020,3.305351369446624,60,1960,2010,US,10,1985.0
39,9,Sharpe and Bollinger (2020),-0.0286,0.0283,35.3356890459364,-1.010600706713781,0.1111111111111111,0.3333333333333333,0.07216878364870323,192,2.2833012287035497,0,0,0,0,0,0,0,1,0,1,1,1,0,0,0,1,0.0705,1,0,0,1,0,0,1,1,0,1,0,1,0.67,4.0,0.6020599913279624,1,0,0,0,Labour Economics,2020,3.305351369446624,60,1960,2010,US,10,1985.0
39,9,Sharpe and Bollinger (2020),-0.0668,0.018,55.55555555555556,-3.7111111111111112,0.1111111111111111,0.3333333333333333,0.07216878364870323,192,2.2833012287035497,0,0,1,0,0,0,0,1,0,1,1,1,0,0,0,1,0.0705,1,0,0,1,0,0,1,1,0,1,0,1,0.67,4.0,0.6020599913279624,1,0,0,0,Labour Economics,2020,3.305351369446624,60,1960,2010,US,10,1985.0
39,9,Sharpe and Bollinger (2020),-0.0099,0.0354,28.248587570621467,-0.2796610169491526,0.1111111111111111,0.3333333333333333,0.07216878364870323,192,2.2833012287035497,0,0,1,0,0,0,0,1,0,1,1,1,0,0,0,1,0.0705,1,0,0,1,0,0,1,1,0,1,0,1,0.67,4.0,0.6020599913279624,1,0,0,0,Labour Economics,2020,3.305351369446624,60,1960,2010,US,10,1985.0
39,9,Sharpe and Bollinger (2020),-0.0168,0.0338,29.58579881656805,-0.49704142011834324,0.1111111111111111,0.3333333333333333,0.07216878364870323,192,2.2833012287035497,0,0,0,0,0,0,0,1,0,1,1,1,0,0,0,1,0.0705,1,0,0,1,0,0,1,1,0,1,0,1,0.67,4.0,0.6020599913279624,1,0,0,0,Labour Economics,2020,3.305351369446624,60,1960,2010,US,10,1985.0
39,9,Sharpe and Bollinger (2020),-0.0285,0.023,43.47826086956522,-1.2391304347826089,0.1111111111111111,0.3333333333333333,0.07216878364870323,192,2.2833012287035497,0,0,1,0,0,0,0,1,0,1,1,1,0,0,0,1,0.0705,1,0,0,1,0,0,1,1,0,1,0,1,0.67,4.0,0.6020599913279624,1,0,0,0,Labour Economics,2020,3.305351369446624,60,1960,2010,US,10,1985.0
40,5,Signorelli (2024),-0.0138,0.00374,267.379679144385,-3.6898395721925135,0.2,0.4472135954999579,0.010647942749999,8820,3.94546858513182,1,1,1,0,0,0,0,0,0,0,1,0,0,1,0,0,0.113,1,0,1,0,0,0,1,1,1,1,0,1,1.207,22.0,1.3424226808222062,1,0,0,0,Journal of Human Resources,2024,3.3062105081677613,20,2004,2010,France,4,2007.0
40,5,Signorelli (2024),-0.13,0.0677,14.771048744460858,-1.9202363367799116,0.2,0.4472135954999579,0.010647942749999,8820,3.94546858513182,1,1,1,0,0,0,0,0,0,0,1,0,0,1,0,0,0.113,1,0,1,0,0,0,1,0,1,1,0,1,1.207,22.0,1.3424226808222062,1,0,0,0,Journal of Human Resources,2024,3.3062105081677613,20,2004,2010,France,4,2007.0
40,5,Signorelli (2024),-0.116,0.0579,17.271157167530223,-2.003454231433506,0.2,0.4472135954999579,0.014388861576723854,4830,3.683947130751512,1,1,1,0,0,0,0,0,0,0,1,0,0,1,0,0,0.113,1,0,1,0,0,0,1,0,1,1,0,1,1.207,22.0,1.3424226808222062,1,0,0,0,Journal of Human Resources,2024,3.3062105081677613,20,2004,2010,France,4,2007.0
40,5,Signorelli (2024),-0.118,0.061,16.39344262295082,-1.9344262295081966,0.2,0.4472135954999579,0.013041013273932527,5880,3.7693773260761385,1,1,1,0,0,0,0,0,0,0,1,0,0,1,0,0,0.113,1,0,1,0,0,0,1,0,1,1,0,1,1.207,22.0,1.3424226808222062,1,0,0,0,Journal of Human Resources,2024,3.3062105081677613,20,2004,2010,France,4,2007.0
40,5,Signorelli (2024),-0.196,0.103,9.708737864077671,-1.9029126213592236,0.2,0.4472135954999579,0.013801311186847083,5250,3.720159303405957,1,1,1,0,0,0,0,0,0,0,1,0,0,1,0,0,0.113,1,0,1,0,0,0,1,0,1,1,0,1,1.207,22.0,1.3424226808222062,1,0,0,0,Journal of Human Resources,2024,3.3062105081677613,20,2004,2010,France,4,2007.0
41,16,Wei et al. (2016),-0.497,0.055,18.181818181818183,-9.036363636363637,0.0625,0.25,0.07216878364870323,192,2.2833012287035497,0,1,1,0,0,0,0,1,0,1,1,0,0,1,1,1,0.1055,1,0,0,0,0,1,1,1,0,1,1,1,0.0,0.7777777777777778,-0.10914446942506803,0,0,0,0,WP,2016,3.3044905277734875,27,1989,2012,US,10,2000.5
41,16,Wei et al. (2016),-0.501,0.051,19.607843137254903,-9.823529411764707,0.0625,0.25,0.07216878364870323,192,2.2833012287035497,0,1,1,0,0,0,0,1,0,1,1,1,0,0,1,1,0.1055,1,0,0,0,0,1,1,1,0,1,1,1,0.0,0.7777777777777778,-0.10914446942506803,0,0,0,0,WP,2016,3.3044905277734875,27,1989,2012,US,10,2000.5
41,16,Wei et al. (2016),-0.691,0.075,13.333333333333334,-9.213333333333333,0.0625,0.25,0.07216878364870323,192,2.2833012287035497,0,1,1,0,0,0,0,1,0,1,1,0,1,0,1,1,0.1055,1,0,0,0,0,1,1,1,0,1,1,1,0.0,0.7777777777777778,-0.10914446942506803,0,0,0,0,WP,2016,3.3044905277734875,27,1989,2012,US,10,2000.5
41,16,Wei et al. (2016),-0.622,0.074,13.513513513513514,-8.405405405405405,0.0625,0.25,0.07216878364870323,192,2.2833012287035497,0,1,1,0,0,0,0,1,0,1,1,0,0,1,1,1,0.1055,1,0,0,0,0,1,1,1,0,1,1,1,0.0,0.7777777777777778,-0.10914446942506803,0,0,0,0,WP,2016,3.3044905277734875,27,1989,2012,US,10,2000.5
41,16,Wei et al. (2016),-0.686,0.147,6.802721088435375,-4.666666666666667,0.0625,0.25,0.07216878364870323,192,2.2833012287035497,0,1,1,0,0,0,0,1,0,1,1,0,0,1,1,1,0.1055,1,0,0,0,0,1,1,1,0,1,1,1,0.0,0.7777777777777778,-0.10914446942506803,0,0,0,0,WP,2016,3.3044905277734875,27,1989,2012,US,10,2000.5
41,16,Wei et al. (2016),-0.584,0.048,20.833333333333332,-12.166666666666666,0.0625,0.25,0.07216878364870323,192,2.2833012287035497,0,1,1,0,0,0,0,1,0,1,1,0,0,1,1,1,0.1055,1,0,0,0,0,1,1,1,0,1,1,0,0.0,0.7777777777777778,-0.10914446942506803,0,0,0,0,WP,2016,3.3044905277734875,27,1989,2012,US,10,2000.5
41,16,Wei et al. (2016),-0.588,0.049,20.408163265306122,-11.999999999999998,0.0625,0.25,0.07216878364870323,192,2.2833012287035497,0,1,1,0,0,0,0,1,0,1,1,0,0,1,1,1,0.1055,1,0,0,0,0,1,1,1,0,1,0,0,0.0,0.7777777777777778,-0.10914446942506803,0,0,0,0,WP,2016,3.3044905277734875,27,1989,2012,US,10,2000.5
41,16,Wei et al. (2016),-0.515,0.058,17.241379310344826,-8.879310344827585,0.0625,0.25,0.08333333333333333,144,2.1583624920952498,0,1,1,0,0,0,0,1,0,1,1,0,0,1,1,1,0.1055,1,0,0,0,0,1,1,1,0,1,1,1,0.0,0.7777777777777778,-0.10914446942506803,0,0,0,0,WP,2016,3.3044905277734875,27,1989,2012,US,10,2000.5
41,16,Wei et al. (2016),-0.524,0.044,22.72727272727273,-11.90909090909091,0.0625,0.25,0.08333333333333333,144,2.1583624920952498,0,1,1,0,0,0,0,1,0,1,1,0,0,1,1,1,0.1055,1,0,0,0,0,1,1,1,0,1,1,0,0.0,0.7777777777777778,-0.10914446942506803,0,0,0,0,WP,2016,3.3044905277734875,27,1989,2012,US,10,2000.5
41,16,Wei et al. (2016),-0.528,0.03,33.333333333333336,-17.6,0.0625,0.25,0.08333333333333333,144,2.1583624920952498,0,1,1,0,0,0,0,1,0,1,1,0,0,1,1,1,0.1055,1,0,0,0,0,1,1,1,0,1,1,0,0.0,0.7777777777777778,-0.10914446942506803,0,0,0,0,WP,2016,3.3044905277734875,27,1989,2012,US,10,2000.5
41,16,Wei et al. (2016),-0.487,0.04,25.0,-12.174999999999999,0.0625,0.25,0.05892556509887897,288,2.459392487759231,1,1,1,0,0,0,0,1,0,1,1,0,0,1,1,1,0.1055,1,0,0,0,0,1,1,1,0,1,1,1,0.0,0.7777777777777778,-0.10914446942506803,0,0,0,0,WP,2016,3.3044905277734875,27,1989,2012,US,10,2000.5
41,16,Wei et al. (2016),-0.372,0.032,31.25,-11.625,0.0625,0.25,0.05892556509887897,288,2.459392487759231,1,1,1,0,0,0,0,1,0,1,1,0,0,1,1,1,0.1055,1,0,0,0,0,1,1,1,0,1,1,0,0.0,0.7777777777777778,-0.10914446942506803,0,0,0,0,WP,2016,3.3044905277734875,27,1989,2012,US,10,2000.5
41,16,Wei et al. (2016),-0.376,0.031,32.25806451612903,-12.129032258064516,0.0625,0.25,0.05892556509887897,288,2.459392487759231,1,1,1,0,0,0,0,1,0,1,1,0,0,1,1,1,0.1055,1,0,0,0,0,1,1,1,0,1,0,0,0.0,0.7777777777777778,-0.10914446942506803,0,0,0,0,WP,2016,3.3044905277734875,27,1989,2012,US,10,2000.5
41,16,Wei et al. (2016),-0.531,0.064,15.625,-8.296875,0.0625,0.25,0.08333333333333333,144,2.1583624920952498,0,1,1,0,0,0,0,1,0,1,1,0,0,1,1,1,0.1055,1,0,0,0,0,1,1,1,0,1,1,1,0.0,0.7777777777777778,-0.10914446942506803,0,0,0,0,WP,2016,3.3044905277734875,27,1989,2012,US,10,2000.5
41,16,Wei et al. (2016),-0.551,0.051,19.607843137254903,-10.803921568627452,0.0625,0.25,0.08333333333333333,144,2.1583624920952498,0,1,1,0,0,0,0,1,0,1,1,0,0,1,1,1,0.1055,1,0,0,0,0,1,1,1,0,1,1,0,0.0,0.7777777777777778,-0.10914446942506803,0,0,0,0,WP,2016,3.3044905277734875,27,1989,2012,US,10,2000.5
41,16,Wei et al. (2016),-0.571,0.045,22.22222222222222,-12.688888888888888,0.0625,0.25,0.08333333333333333,144,2.1583624920952498,0,1,1,0,0,0,0,1,0,1,1,0,0,1,1,1,0.1055,1,0,0,0,0,1,1,1,0,1,0,0,0.0,0.7777777777777778,-0.10914446942506803,0,0,0,0,WP,2016,3.3044905277734875,27,1989,2012,US,10,2000.5
42,18,Wei et al. (2019),-0.475,0.038,26.315789473684212,-12.5,0.05555555555555555,0.23570226039551584,0.07216878364870323,192,2.2833012287035497,0,1,1,0,0,0,0,1,0,1,1,0,0,1,1,1,0.1055,1,0,0,0,0,1,1,1,0,1,1,1,0.239,1.6666666666666667,0.2218487496163564,1,0,0,0,IZA Journal of Development and Migration,2019,3.305136318943639,30,1989,2012,US,10,2000.5
42,18,Wei et al. (2019),-0.606,0.038,26.315789473684212,-15.947368421052632,0.05555555555555555,0.23570226039551584,0.07216878364870323,192,2.2833012287035497,0,1,1,0,0,0,0,1,0,1,1,0,0,1,1,1,0.1055,1,0,0,0,0,1,1,1,0,1,1,0,0.239,1.6666666666666667,0.2218487496163564,1,0,0,0,IZA Journal of Development and Migration,2019,3.305136318943639,30,1989,2012,US,10,2000.5
42,18,Wei et al. (2019),-0.619,0.029,34.48275862068965,-21.344827586206897,0.05555555555555555,0.23570226039551584,0.07216878364870323,192,2.2833012287035497,0,1,1,0,0,0,0,1,0,1,1,0,0,1,1,1,0.1055,1,0,0,0,0,1,1,1,0,1,1,0,0.239,1.6666666666666667,0.2218487496163564,1,0,0,0,IZA Journal of Development and Migration,2019,3.305136318943639,30,1989,2012,US,10,2000.5
42,18,Wei et al. (2019),-0.454,0.031,32.25806451612903,-14.645161290322582,0.05555555555555555,0.23570226039551584,0.07216878364870323,192,2.2833012287035497,0,1,1,0,0,0,0,1,0,1,1,0,0,1,1,1,0.1055,1,0,0,0,0,1,1,1,0,1,1,1,0.239,1.6666666666666667,0.2218487496163564,1,0,0,0,IZA Journal of Development and Migration,2019,3.305136318943639,30,1989,2012,US,10,2000.5
42,18,Wei et al. (2019),-0.443,0.053,18.867924528301888,-8.358490566037736,0.05555555555555555,0.23570226039551584,0.07216878364870323,192,2.2833012287035497,0,1,1,0,0,0,0,1,0,1,1,0,0,1,1,1,0.1055,1,0,0,0,0,1,1,1,0,1,1,0,0.239,1.6666666666666667,0.2218487496163564,1,0,0,0,IZA Journal of Development and Migration,2019,3.305136318943639,30,1989,2012,US,10,2000.5
42,18,Wei et al. (2019),-0.45,0.037,27.027027027027028,-12.162162162162163,0.05555555555555555,0.23570226039551584,0.07216878364870323,192,2.2833012287035497,0,1,1,0,0,0,0,1,0,1,1,0,0,1,1,1,0.1055,1,0,0,0,0,1,1,1,0,1,1,0,0.239,1.6666666666666667,0.2218487496163564,1,0,0,0,IZA Journal of Development and Migration,2019,3.305136318943639,30,1989,2012,US,10,2000.5
42,18,Wei et al. (2019),-0.484,0.042,23.809523809523807,-11.523809523809522,0.05555555555555555,0.23570226039551584,0.07216878364870323,192,2.2833012287035497,0,1,1,0,0,0,0,1,0,1,1,0,0,1,1,1,0.1055,1,0,0,0,0,1,1,1,0,1,1,1,0.239,1.6666666666666667,0.2218487496163564,1,0,0,0,IZA Journal of Development and Migration,2019,3.305136318943639,30,1989,2012,US,10,2000.5
42,18,Wei et al. (2019),-0.546,0.052,19.23076923076923,-10.500000000000002,0.05555555555555555,0.23570226039551584,0.07216878364870323,192,2.2833012287035497,0,1,1,0,0,0,0,1,0,1,1,0,0,1,1,1,0.1055,1,0,0,0,0,1,1,1,0,1,1,0,0.239,1.6666666666666667,0.2218487496163564,1,0,0,0,IZA Journal of Development and Migration,2019,3.305136318943639,30,1989,2012,US,10,2000.5
42,18,Wei et al. (2019),-0.558,0.037,27.027027027027028,-15.081081081081082,0.05555555555555555,0.23570226039551584,0.07216878364870323,192,2.2833012287035497,0,1,1,0,0,0,0,1,0,1,1,0,0,1,1,1,0.1055,1,0,0,0,0,1,1,1,0,1,1,0,0.239,1.6666666666666667,0.2218487496163564,1,0,0,0,IZA Journal of Development and Migration,2019,3.305136318943639,30,1989,2012,US,10,2000.5
42,18,Wei et al. (2019),-0.447,0.049,20.408163265306122,-9.122448979591837,0.05555555555555555,0.23570226039551584,0.07216878364870323,192,2.2833012287035497,0,1,1,0,0,0,0,1,0,1,1,0,0,1,1,1,0.1055,1,0,0,0,0,1,1,1,0,1,1,1,0.239,1.6666666666666667,0.2218487496163564,1,0,0,0,IZA Journal of Development and Migration,2019,3.305136318943639,30,1989,2012,US,10,2000.5
42,18,Wei et al. (2019),-0.479,0.032,31.25,-14.968749999999998,0.05555555555555555,0.23570226039551584,0.07216878364870323,192,2.2833012287035497,0,1,1,0,0,0,0,1,0,1,1,0,0,1,1,1,0.1055,1,0,0,0,0,1,1,1,0,1,1,0,0.239,1.6666666666666667,0.2218487496163564,1,0,0,0,IZA Journal of Development and Migration,2019,3.305136318943639,30,1989,2012,US,10,2000.5
42,18,Wei et al. (2019),-0.467,0.039,25.641025641025642,-11.974358974358974,0.05555555555555555,0.23570226039551584,0.07216878364870323,192,2.2833012287035497,0,1,1,0,0,0,0,1,0,1,1,0,0,1,1,1,0.1055,1,0,0,0,0,1,1,1,0,1,1,0,0.239,1.6666666666666667,0.2218487496163564,1,0,0,0,IZA Journal of Development and Migration,2019,3.305136318943639,30,1989,2012,US,10,2000.5
42,18,Wei et al. (2019),-0.443,0.037,27.027027027027028,-11.972972972972974,0.05555555555555555,0.23570226039551584,0.07216878364870323,192,2.2833012287035497,0,1,1,0,0,0,0,1,0,1,1,0,0,1,1,1,0.1055,1,0,0,0,0,1,1,1,0,1,1,1,0.239,1.6666666666666667,0.2218487496163564,1,0,0,0,IZA Journal of Development and Migration,2019,3.305136318943639,30,1989,2012,US,10,2000.5
42,18,Wei et al. (2019),-0.44,0.028,35.714285714285715,-15.714285714285714,0.05555555555555555,0.23570226039551584,0.07216878364870323,192,2.2833012287035497,0,1,1,0,0,0,0,1,0,1,1,0,0,1,1,1,0.1055,1,0,0,0,0,1,1,1,0,1,1,0,0.239,1.6666666666666667,0.2218487496163564,1,0,0,0,IZA Journal of Development and Migration,2019,3.305136318943639,30,1989,2012,US,10,2000.5
42,18,Wei et al. (2019),-0.452,0.029,34.48275862068965,-15.586206896551724,0.05555555555555555,0.23570226039551584,0.07216878364870323,192,2.2833012287035497,0,1,1,0,0,0,0,1,0,1,1,0,0,1,1,1,0.1055,1,0,0,0,0,1,1,1,0,1,1,0,0.239,1.6666666666666667,0.2218487496163564,1,0,0,0,IZA Journal of Development and Migration,2019,3.305136318943639,30,1989,2012,US,10,2000.5
42,18,Wei et al. (2019),-0.497,0.055,18.181818181818183,-9.036363636363637,0.05555555555555555,0.23570226039551584,0.07216878364870323,192,2.2833012287035497,0,1,1,0,0,0,0,1,0,1,1,0,0,1,1,1,0.1055,1,0,0,0,0,1,1,1,0,1,1,1,0.239,1.6666666666666667,0.2218487496163564,1,0,0,0,IZA Journal of Development and Migration,2019,3.305136318943639,30,1989,2012,US,10,2000.5
42,18,Wei et al. (2019),-0.584,0.048,20.833333333333332,-12.166666666666666,0.05555555555555555,0.23570226039551584,0.07216878364870323,192,2.2833012287035497,0,1,1,0,0,0,0,1,0,1,1,0,0,1,1,1,0.1055,1,0,0,0,0,1,1,1,0,1,1,0,0.239,1.6666666666666667,0.2218487496163564,1,0,0,0,IZA Journal of Development and Migration,2019,3.305136318943639,30,1989,2012,US,10,2000.5
42,18,Wei et al. (2019),-0.588,0.049,20.408163265306122,-11.999999999999998,0.05555555555555555,0.23570226039551584,0.07216878364870323,192,2.2833012287035497,0,1,1,0,0,0,0,1,0,1,1,0,0,1,1,1,0.1055,1,0,0,0,0,1,1,1,0,1,0,0,0.239,1.6666666666666667,0.2218487496163564,1,0,0,0,IZA Journal of Development and Migration,2019,3.305136318943639,30,1989,2012,US,10,2000.5
