idstudy,idcountry,author,elasticity,se,precision,tstat,weight,instrument_se,instrument_sec,inverted_estimate,direct_estimate,higher_frequency,annual_frequency,lower_frequency,micro_data,sectoral_data,aggregated_data,country_estimate,region_estimate,cross_section,data_midyear,united_states,europe,developed_country,developing_country,manufacturing_sector,onelevel_ces_function,multilevel_ces_function,other_function,time_control,location_control,macro_control,age_control,capital_control,dynamic_model,unit_fixed_effects,time_fixed_effects,ols_method2,iv_method2,natural_experiment,impact_factor,citations,published_study,top_journal,publication_year,midyear,pubyear,country,reference
7,1,Behar (2010),-0.24,0.0579,17.271157167530223,-4.1450777202072535,0.02631578947368421,81.0089,,0,1,0,1,0,0,0,1,1,0,0,4.248495242049359,0,0,0,1,0,1,0,0,0,0,0,0,0,0,0,0,1,0,0,0.553,0.36772478012531734,0,0,3.713572066704308,1998.0,2010,Brazil,"Behar, A. (2010): The elasticity of substitution between skilled and unskilled labor in developing countries is about 2. Technical report, Department of Economics, University of Oxford."
7,1,Behar (2010),-0.328,0.42,2.380952380952381,-0.7809523809523811,0.02631578947368421,11.16766,,0,1,0,1,0,0,0,1,1,0,0,4.248495242049359,0,0,0,1,0,1,0,0,1,0,0,0,0,0,0,0,1,0,0,0.553,0.36772478012531734,0,0,3.713572066704308,1998.0,2010,Brazil,"Behar, A. (2010): The elasticity of substitution between skilled and unskilled labor in developing countries is about 2. Technical report, Department of Economics, University of Oxford."
7,1,Behar (2010),-0.197,0.0471,21.231422505307854,-4.182590233545647,0.02631578947368421,99.5842,,0,1,0,1,0,0,0,1,1,0,0,4.248495242049359,0,0,0,1,0,1,0,0,0,0,1,0,0,0,0,0,1,0,0,0.553,0.36772478012531734,0,0,3.713572066704308,1998.0,2010,Brazil,"Behar, A. (2010): The elasticity of substitution between skilled and unskilled labor in developing countries is about 2. Technical report, Department of Economics, University of Oxford."
7,1,Behar (2010),0.411,0.111,9.00900900900901,3.7027027027027026,0.02631578947368421,42.256,,0,1,0,1,0,0,0,1,1,0,0,4.248495242049359,0,0,0,1,0,1,0,0,0,0,0,0,0,0,0,0,1,0,0,0.553,0.36772478012531734,0,0,3.713572066704308,1998.0,2010,Brazil,"Behar, A. (2010): The elasticity of substitution between skilled and unskilled labor in developing countries is about 2. Technical report, Department of Economics, University of Oxford."
7,1,Behar (2010),-0.209,0.289,3.4602076124567476,-0.7231833910034602,0.02631578947368421,16.22981,,0,1,0,1,0,0,0,1,1,0,0,4.248495242049359,0,0,0,1,0,1,0,0,1,0,0,0,0,0,0,0,1,0,0,0.553,0.36772478012531734,0,0,3.713572066704308,1998.0,2010,Brazil,"Behar, A. (2010): The elasticity of substitution between skilled and unskilled labor in developing countries is about 2. Technical report, Department of Economics, University of Oxford."
7,1,Behar (2010),0.415,0.12,8.333333333333334,3.4583333333333335,0.02631578947368421,39.0868,,0,1,0,1,0,0,0,1,1,0,0,4.248495242049359,0,0,0,1,0,1,0,0,0,0,1,0,0,0,0,0,1,0,0,0.553,0.36772478012531734,0,0,3.713572066704308,1998.0,2010,Brazil,"Behar, A. (2010): The elasticity of substitution between skilled and unskilled labor in developing countries is about 2. Technical report, Department of Economics, University of Oxford."
7,1,Behar (2010),-0.618,0.335,2.9850746268656714,-1.844776119402985,0.02631578947368421,13.34966,,0,1,0,1,0,0,0,1,1,0,0,4.248495242049359,0,0,0,1,0,1,0,0,0,0,1,0,0,0,1,0,1,0,0,0.553,0.36772478012531734,0,0,3.713572066704308,1998.0,2010,Brazil,"Behar, A. (2010): The elasticity of substitution between skilled and unskilled labor in developing countries is about 2. Technical report, Department of Economics, University of Oxford."
7,1,Behar (2010),-0.499,0.177,5.649717514124294,-2.819209039548023,0.02631578947368421,25.2663,,0,1,0,1,0,0,0,1,1,0,0,4.248495242049359,0,0,0,1,0,1,0,0,0,0,1,0,0,0,1,0,1,0,0,0.553,0.36772478012531734,0,0,3.713572066704308,1998.0,2010,Brazil,"Behar, A. (2010): The elasticity of substitution between skilled and unskilled labor in developing countries is about 2. Technical report, Department of Economics, University of Oxford."
66,1,Reshef (2007),0.55,0.15895953757225434,6.290909090909091,3.46,0.005434782608695652,19.8936,,0,1,0,1,0,0,1,0,1,0,0,4.143134726391533,0,0,0,1,1,1,0,0,1,0,0,0,0,0,0,0,1,0,0,0.0,0.5596157879354227,0,0,3.6375861597263857,1991.0,2007,Brazil,"Reshef, A. (2007): Heckscher-Ohlin and the global increase of skill premia: Factor intensity reversals to the rescue. Working paper, New York University."
66,1,Reshef (2007),0.01,0.16666666666666669,5.999999999999999,0.06,0.005434782608695652,18.97367,,0,1,0,1,0,0,1,0,1,0,0,4.143134726391533,0,0,0,1,1,1,0,0,1,0,0,0,0,0,0,0,1,0,0,0.0,0.5596157879354227,0,0,3.6375861597263857,1991.0,2007,Brazil,"Reshef, A. (2007): Heckscher-Ohlin and the global increase of skill premia: Factor intensity reversals to the rescue. Working paper, New York University."
66,1,Reshef (2007),0.53,0.19776119402985073,5.056603773584906,2.68,0.005434782608695652,15.99039,,0,1,0,1,0,0,1,0,1,0,0,4.143134726391533,0,0,0,1,1,1,0,0,1,0,0,0,0,0,0,0,1,0,0,0.0,0.5596157879354227,0,0,3.6375861597263857,1991.0,2007,Brazil,"Reshef, A. (2007): Heckscher-Ohlin and the global increase of skill premia: Factor intensity reversals to the rescue. Working paper, New York University."
66,1,Reshef (2007),1.06,0.20075757575757575,4.981132075471699,5.28,0.005434782608695652,15.75172,,0,1,0,1,0,0,1,0,1,0,0,4.143134726391533,0,0,0,1,1,1,0,0,1,0,0,0,0,0,0,0,1,0,0,0.0,0.5596157879354227,0,0,3.6375861597263857,1991.0,2007,Brazil,"Reshef, A. (2007): Heckscher-Ohlin and the global increase of skill premia: Factor intensity reversals to the rescue. Working paper, New York University."
66,1,Reshef (2007),0.27,0.22314049586776863,4.481481481481481,1.21,0.005434782608695652,14.17169,,0,1,0,1,0,0,1,0,1,0,0,4.143134726391533,0,0,0,1,1,1,0,0,1,0,0,0,0,0,0,0,1,0,0,0.0,0.5596157879354227,0,0,3.6375861597263857,1991.0,2007,Brazil,"Reshef, A. (2007): Heckscher-Ohlin and the global increase of skill premia: Factor intensity reversals to the rescue. Working paper, New York University."
66,1,Reshef (2007),1.13,0.269689737470167,3.707964601769912,4.19,0.005434782608695652,11.72561,,0,1,0,1,0,0,1,0,1,0,0,4.143134726391533,0,0,0,1,1,1,0,0,1,0,0,0,0,0,0,0,1,0,0,0.0,0.5596157879354227,0,0,3.6375861597263857,1991.0,2007,Brazil,"Reshef, A. (2007): Heckscher-Ohlin and the global increase of skill premia: Factor intensity reversals to the rescue. Working paper, New York University."
66,1,Reshef (2007),0.23,0.27380952380952384,3.652173913043478,0.84,0.005434782608695652,11.54919,,0,1,0,1,0,0,1,0,1,0,0,4.143134726391533,0,0,0,1,1,1,0,0,1,0,0,0,0,0,0,0,1,0,0,0.0,0.5596157879354227,0,0,3.6375861597263857,1991.0,2007,Brazil,"Reshef, A. (2007): Heckscher-Ohlin and the global increase of skill premia: Factor intensity reversals to the rescue. Working paper, New York University."
66,1,Reshef (2007),0.08,0.32,3.125,0.25,0.005434782608695652,9.882118,,0,1,0,1,0,0,1,0,1,0,0,4.143134726391533,0,0,0,1,1,1,0,0,1,0,0,0,0,0,0,0,1,0,0,0.0,0.5596157879354227,0,0,3.6375861597263857,1991.0,2007,Brazil,"Reshef, A. (2007): Heckscher-Ohlin and the global increase of skill premia: Factor intensity reversals to the rescue. Working paper, New York University."
66,1,Reshef (2007),0.62,0.3315508021390374,3.0161290322580645,1.87,0.005434782608695652,9.537837,,0,1,0,1,0,0,1,0,1,0,0,4.143134726391533,0,0,0,1,1,1,0,0,1,0,0,0,0,0,0,0,1,0,0,0.0,0.5596157879354227,0,0,3.6375861597263857,1991.0,2007,Brazil,"Reshef, A. (2007): Heckscher-Ohlin and the global increase of skill premia: Factor intensity reversals to the rescue. Working paper, New York University."
66,1,Reshef (2007),-0.04,0.39999999999999997,2.5,-0.1,0.005434782608695652,7.905694,,0,1,0,1,0,0,1,0,1,0,0,4.143134726391533,0,0,0,1,1,1,0,0,1,0,0,0,0,0,0,0,1,0,0,0.0,0.5596157879354227,0,0,3.6375861597263857,1991.0,2007,Brazil,"Reshef, A. (2007): Heckscher-Ohlin and the global increase of skill premia: Factor intensity reversals to the rescue. Working paper, New York University."
66,1,Reshef (2007),-0.03,0.4285714285714285,2.333333333333334,-0.07,0.005434782608695652,7.378648,,0,1,0,1,0,0,1,0,1,0,0,4.143134726391533,0,0,0,1,1,1,0,0,1,0,0,0,0,0,0,0,1,0,0,0.0,0.5596157879354227,0,0,3.6375861597263857,1991.0,2007,Brazil,"Reshef, A. (2007): Heckscher-Ohlin and the global increase of skill premia: Factor intensity reversals to the rescue. Working paper, New York University."
66,1,Reshef (2007),1.11,0.4457831325301205,2.2432432432432434,2.49,0.005434782608695652,7.093758,,0,1,0,1,0,0,1,0,1,0,0,4.143134726391533,0,0,0,1,1,1,0,0,1,0,0,0,0,0,0,0,1,0,0,0.0,0.5596157879354227,0,0,3.6375861597263857,1991.0,2007,Brazil,"Reshef, A. (2007): Heckscher-Ohlin and the global increase of skill premia: Factor intensity reversals to the rescue. Working paper, New York University."
66,1,Reshef (2007),0.87,0.4578947368421053,2.1839080459770113,1.9,0.005434782608695652,6.906124,,0,1,0,1,0,0,1,0,1,0,0,4.143134726391533,0,0,0,1,1,1,0,0,1,0,0,0,0,0,0,0,1,0,0,0.0,0.5596157879354227,0,0,3.6375861597263857,1991.0,2007,Brazil,"Reshef, A. (2007): Heckscher-Ohlin and the global increase of skill premia: Factor intensity reversals to the rescue. Working paper, New York University."
66,1,Reshef (2007),0.54,0.47787610619469034,2.092592592592592,1.13,0.005434782608695652,6.617359,,0,1,0,1,0,0,1,0,1,0,0,4.143134726391533,0,0,0,1,1,1,0,0,1,0,0,0,0,0,0,0,1,0,0,0.0,0.5596157879354227,0,0,3.6375861597263857,1991.0,2007,Brazil,"Reshef, A. (2007): Heckscher-Ohlin and the global increase of skill premia: Factor intensity reversals to the rescue. Working paper, New York University."
66,1,Reshef (2007),0.37,0.5,2.0,0.74,0.005434782608695652,6.324555,,0,1,0,1,0,0,1,0,1,0,0,4.143134726391533,0,0,0,1,1,1,0,0,1,0,0,0,0,0,0,0,1,0,0,0.0,0.5596157879354227,0,0,3.6375861597263857,1991.0,2007,Brazil,"Reshef, A. (2007): Heckscher-Ohlin and the global increase of skill premia: Factor intensity reversals to the rescue. Working paper, New York University."
66,1,Reshef (2007),0.74,0.5362318840579711,1.8648648648648647,1.38,0.005434782608695652,5.897221,,0,1,0,1,0,0,1,0,1,0,0,4.143134726391533,0,0,0,1,1,1,0,0,1,0,0,0,0,0,0,0,1,0,0,0.0,0.5596157879354227,0,0,3.6375861597263857,1991.0,2007,Brazil,"Reshef, A. (2007): Heckscher-Ohlin and the global increase of skill premia: Factor intensity reversals to the rescue. Working paper, New York University."
66,1,Reshef (2007),-0.34,0.6071428571428571,1.647058823529412,-0.56,0.005434782608695652,5.208457,,0,1,0,1,0,0,1,0,1,0,0,4.143134726391533,0,0,0,1,1,1,0,0,1,0,0,0,0,0,0,0,1,0,0,0.0,0.5596157879354227,0,0,3.6375861597263857,1991.0,2007,Brazil,"Reshef, A. (2007): Heckscher-Ohlin and the global increase of skill premia: Factor intensity reversals to the rescue. Working paper, New York University."
66,1,Reshef (2007),-0.37,0.8043478260869564,1.2432432432432434,-0.46,0.005434782608695652,3.93148,,0,1,0,1,0,0,1,0,1,0,0,4.143134726391533,0,0,0,1,1,1,0,0,1,0,0,0,0,0,0,0,1,0,0,0.0,0.5596157879354227,0,0,3.6375861597263857,1991.0,2007,Brazil,"Reshef, A. (2007): Heckscher-Ohlin and the global increase of skill premia: Factor intensity reversals to the rescue. Working paper, New York University."
66,1,Reshef (2007),-0.27,1.0384615384615385,0.9629629629629629,-0.26,0.005434782608695652,3.045156,,0,1,0,1,0,0,1,0,1,0,0,4.143134726391533,0,0,0,1,1,1,0,0,1,0,0,0,0,0,0,0,1,0,0,0.0,0.5596157879354227,0,0,3.6375861597263857,1991.0,2007,Brazil,"Reshef, A. (2007): Heckscher-Ohlin and the global increase of skill premia: Factor intensity reversals to the rescue. Working paper, New York University."
66,1,Reshef (2007),0.42,0.1917808219178082,5.214285714285714,2.19,0.005434782608695652,15.64286,,0,1,0,1,0,0,1,0,1,0,0,4.143134726391533,0,0,0,1,1,1,0,0,1,0,0,0,0,1,1,0,1,0,0,0.0,0.5596157879354227,0,0,3.6375861597263857,1991.0,2007,Brazil,"Reshef, A. (2007): Heckscher-Ohlin and the global increase of skill premia: Factor intensity reversals to the rescue. Working paper, New York University."
66,1,Reshef (2007),-0.06,0.3,3.3333333333333335,-0.2,0.005434782608695652,10.0,,0,1,0,1,0,0,1,0,1,0,0,4.143134726391533,0,0,0,1,1,1,0,0,1,0,0,0,0,1,1,0,1,0,0,0.0,0.5596157879354227,0,0,3.6375861597263857,1991.0,2007,Brazil,"Reshef, A. (2007): Heckscher-Ohlin and the global increase of skill premia: Factor intensity reversals to the rescue. Working paper, New York University."
66,1,Reshef (2007),0.25,0.4310344827586207,2.32,0.58,0.005434782608695652,6.96,,0,1,0,1,0,0,1,0,1,0,0,4.143134726391533,0,0,0,1,1,1,0,0,1,0,0,0,0,1,1,0,1,0,0,0.0,0.5596157879354227,0,0,3.6375861597263857,1991.0,2007,Brazil,"Reshef, A. (2007): Heckscher-Ohlin and the global increase of skill premia: Factor intensity reversals to the rescue. Working paper, New York University."
66,1,Reshef (2007),0.08,0.4444444444444445,2.25,0.18,0.005434782608695652,6.75,,0,1,0,1,0,0,1,0,1,0,0,4.143134726391533,0,0,0,1,1,1,0,0,1,0,0,0,0,1,1,0,1,0,0,0.0,0.5596157879354227,0,0,3.6375861597263857,1991.0,2007,Brazil,"Reshef, A. (2007): Heckscher-Ohlin and the global increase of skill premia: Factor intensity reversals to the rescue. Working paper, New York University."
66,1,Reshef (2007),1.01,0.5,2.0,2.02,0.005434782608695652,6.0,,0,1,0,1,0,0,1,0,1,0,0,4.143134726391533,0,0,0,1,1,1,0,0,1,0,0,0,0,1,1,0,1,0,0,0.0,0.5596157879354227,0,0,3.6375861597263857,1991.0,2007,Brazil,"Reshef, A. (2007): Heckscher-Ohlin and the global increase of skill premia: Factor intensity reversals to the rescue. Working paper, New York University."
66,1,Reshef (2007),0.21,0.5675675675675675,1.761904761904762,0.37,0.005434782608695652,5.285714,,0,1,0,1,0,0,1,0,1,0,0,4.143134726391533,0,0,0,1,1,1,0,0,1,0,0,0,0,1,1,0,1,0,0,0.0,0.5596157879354227,0,0,3.6375861597263857,1991.0,2007,Brazil,"Reshef, A. (2007): Heckscher-Ohlin and the global increase of skill premia: Factor intensity reversals to the rescue. Working paper, New York University."
66,1,Reshef (2007),-0.42,0.6666666666666666,1.5,-0.63,0.005434782608695652,4.5,,0,1,0,1,0,0,1,0,1,0,0,4.143134726391533,0,0,0,1,1,1,0,0,1,0,0,0,0,1,1,0,1,0,0,0.0,0.5596157879354227,0,0,3.6375861597263857,1991.0,2007,Brazil,"Reshef, A. (2007): Heckscher-Ohlin and the global increase of skill premia: Factor intensity reversals to the rescue. Working paper, New York University."
66,1,Reshef (2007),0.62,0.746987951807229,1.3387096774193548,0.83,0.005434782608695652,4.016129,,0,1,0,1,0,0,1,0,1,0,0,4.143134726391533,0,0,0,1,1,1,0,0,1,0,0,0,0,1,1,0,1,0,0,0.0,0.5596157879354227,0,0,3.6375861597263857,1991.0,2007,Brazil,"Reshef, A. (2007): Heckscher-Ohlin and the global increase of skill premia: Factor intensity reversals to the rescue. Working paper, New York University."
66,1,Reshef (2007),1.46,0.7934782608695652,1.2602739726027399,1.84,0.005434782608695652,3.780822,,0,1,0,1,0,0,1,0,1,0,0,4.143134726391533,0,0,0,1,1,1,0,0,1,0,0,0,0,1,1,0,1,0,0,0.0,0.5596157879354227,0,0,3.6375861597263857,1991.0,2007,Brazil,"Reshef, A. (2007): Heckscher-Ohlin and the global increase of skill premia: Factor intensity reversals to the rescue. Working paper, New York University."
66,1,Reshef (2007),0.0,0.8,1.25,0.0,0.005434782608695652,3.75,,0,1,0,1,0,0,1,0,1,0,0,4.143134726391533,0,0,0,1,1,1,0,0,1,0,0,0,0,1,1,0,1,0,0,0.0,0.5596157879354227,0,0,3.6375861597263857,1991.0,2007,Brazil,"Reshef, A. (2007): Heckscher-Ohlin and the global increase of skill premia: Factor intensity reversals to the rescue. Working paper, New York University."
66,1,Reshef (2007),0.58,0.8656716417910446,1.1551724137931036,0.67,0.005434782608695652,3.465517,,0,1,0,1,0,0,1,0,1,0,0,4.143134726391533,0,0,0,1,1,1,0,0,1,0,0,0,0,1,1,0,1,0,0,0.0,0.5596157879354227,0,0,3.6375861597263857,1991.0,2007,Brazil,"Reshef, A. (2007): Heckscher-Ohlin and the global increase of skill premia: Factor intensity reversals to the rescue. Working paper, New York University."
66,1,Reshef (2007),0.37,0.9487179487179487,1.0540540540540542,0.39,0.005434782608695652,3.162162,,0,1,0,1,0,0,1,0,1,0,0,4.143134726391533,0,0,0,1,1,1,0,0,1,0,0,0,0,1,1,0,1,0,0,0.0,0.5596157879354227,0,0,3.6375861597263857,1991.0,2007,Brazil,"Reshef, A. (2007): Heckscher-Ohlin and the global increase of skill premia: Factor intensity reversals to the rescue. Working paper, New York University."
66,1,Reshef (2007),0.88,0.9565217391304347,1.0454545454545456,0.92,0.005434782608695652,3.136364,,0,1,0,1,0,0,1,0,1,0,0,4.143134726391533,0,0,0,1,1,1,0,0,1,0,0,0,0,1,1,0,1,0,0,0.0,0.5596157879354227,0,0,3.6375861597263857,1991.0,2007,Brazil,"Reshef, A. (2007): Heckscher-Ohlin and the global increase of skill premia: Factor intensity reversals to the rescue. Working paper, New York University."
66,1,Reshef (2007),0.05,1.0,1.0,0.05,0.005434782608695652,3.0,,0,1,0,1,0,0,1,0,1,0,0,4.143134726391533,0,0,0,1,1,1,0,0,1,0,0,0,0,1,1,0,1,0,0,0.0,0.5596157879354227,0,0,3.6375861597263857,1991.0,2007,Brazil,"Reshef, A. (2007): Heckscher-Ohlin and the global increase of skill premia: Factor intensity reversals to the rescue. Working paper, New York University."
66,1,Reshef (2007),1.12,1.046728971962617,0.9553571428571428,1.07,0.005434782608695652,2.866071,,0,1,0,1,0,0,1,0,1,0,0,4.143134726391533,0,0,0,1,1,1,0,0,1,0,0,0,0,1,1,0,1,0,0,0.0,0.5596157879354227,0,0,3.6375861597263857,1991.0,2007,Brazil,"Reshef, A. (2007): Heckscher-Ohlin and the global increase of skill premia: Factor intensity reversals to the rescue. Working paper, New York University."
66,1,Reshef (2007),0.42,1.6153846153846152,0.6190476190476191,0.26,0.005434782608695652,1.857143,,0,1,0,1,0,0,1,0,1,0,0,4.143134726391533,0,0,0,1,1,1,0,0,1,0,0,0,0,1,1,0,1,0,0,0.0,0.5596157879354227,0,0,3.6375861597263857,1991.0,2007,Brazil,"Reshef, A. (2007): Heckscher-Ohlin and the global increase of skill premia: Factor intensity reversals to the rescue. Working paper, New York University."
66,1,Reshef (2007),-1.37,3.605263157894737,0.2773722627737226,-0.38,0.005434782608695652,0.8321168,,0,1,0,1,0,0,1,0,1,0,0,4.143134726391533,0,0,0,1,1,1,0,0,1,0,0,0,0,1,1,0,1,0,0,0.0,0.5596157879354227,0,0,3.6375861597263857,1991.0,2007,Brazil,"Reshef, A. (2007): Heckscher-Ohlin and the global increase of skill premia: Factor intensity reversals to the rescue. Working paper, New York University."
66,1,Reshef (2007),4.42,4.9111111111111105,0.20361990950226247,0.9,0.005434782608695652,0.6108598,,0,1,0,1,0,0,1,0,1,0,0,4.143134726391533,0,0,0,1,1,1,0,0,1,0,0,0,0,1,1,0,1,0,0,0.0,0.5596157879354227,0,0,3.6375861597263857,1991.0,2007,Brazil,"Reshef, A. (2007): Heckscher-Ohlin and the global increase of skill premia: Factor intensity reversals to the rescue. Working paper, New York University."
66,1,Reshef (2007),-32.06,534.3333333333334,0.0018714909544603866,-0.06,0.005434782608695652,0.6108598,,0,1,0,1,0,0,1,0,1,0,0,4.143134726391533,0,0,0,1,1,1,0,0,1,0,0,0,0,1,1,0,1,0,0,0.0,0.5596157879354227,0,0,3.6375861597263857,1991.0,2007,Brazil,"Reshef, A. (2007): Heckscher-Ohlin and the global increase of skill premia: Factor intensity reversals to the rescue. Working paper, New York University."
20,2,Card & Lemieux (2001),-14.492753623188404,51.87985717286284,0.019275303643724696,-0.27935222672064774,0.2,,17.17668,1,0,0,1,0,0,0,1,1,0,0,3.8918202981106265,0,0,1,0,0,1,0,0,1,0,0,1,0,0,0,0,1,0,0,5.106,4.316747098311591,1,1,3.4657359027997265,1977.0,2001,Canada,"Card, D. & T. Lemieux (2001): Can falling supply explain the rising return to college for younger men? A cohort-based analysis. The Quarterly Journal of Economics 116(2): pp. 705-746."
62,2,Murphy et al. (1998),1.36986301369863,0.24394820791893418,4.099230769230768,5.615384615384614,0.3333333333333333,,,1,0,0,1,0,0,0,1,1,0,0,4.0943445622221,0,0,1,0,0,0,1,0,1,0,0,0,0,0,0,0,1,0,0,1.511,2.7331298854992334,0,0,3.367295829986474,1988.0,1998,Canada,"Murphy, K. M., W. C. Riddell, & P. M. Romer (1998): Wages, skills, and technology in the United States and Canada. Working Paper 6638, National Bureau of Economic Research."
35,3,Gallego (2012),1.7,0.6296296296296295,1.5882352941176472,2.7,0.5,,28.66454,1,0,0,1,0,0,1,0,1,0,0,3.9512437185814275,0,0,0,1,0,0,1,0,1,1,0,0,0,1,1,0,0,0,0,0.143,1.9859154836690125,1,0,3.7612001156935624,1980.0,2012,Chile,"Gallego, F. A. (2012): Skill premium in Chile: Studying skill upgrading in the South. World Development 40(3): pp. 594-609."
35,3,Gallego (2012),1.4,0.36082474226804123,2.7714285714285714,3.88,0.5,,33.92283,1,0,0,1,0,0,1,0,1,0,0,3.9512437185814275,0,0,0,1,0,0,1,0,1,1,0,0,0,1,1,0,0,0,0,0.143,1.9859154836690125,1,0,3.7612001156935624,1980.0,2012,Chile,"Gallego, F. A. (2012): Skill premium in Chile: Studying skill upgrading in the South. World Development 40(3): pp. 594-609."
66,3,Reshef (2007),0.79,0.43169398907103823,2.3164556962025316,1.83,0.005434782608695652,29.48367,,0,1,0,1,0,0,1,0,1,0,0,4.0943445622221,0,0,0,1,1,1,0,0,1,0,0,0,0,0,0,0,1,0,0,0.0,0.5596157879354227,0,0,3.6375861597263857,1988.0,2007,Chile,"Reshef, A. (2007): Heckscher-Ohlin and the global increase of skill premia: Factor intensity reversals to the rescue. Working paper, New York University."
66,3,Reshef (2007),0.69,0.3709677419354838,2.695652173913044,1.86,0.005434782608695652,11.43668,,0,1,0,1,0,0,1,0,1,0,0,4.0943445622221,0,0,0,1,1,1,0,0,1,0,0,0,0,0,0,0,1,0,0,0.0,0.5596157879354227,0,0,3.6375861597263857,1988.0,2007,Chile,"Reshef, A. (2007): Heckscher-Ohlin and the global increase of skill premia: Factor intensity reversals to the rescue. Working paper, New York University."
66,3,Reshef (2007),0.65,0.5038759689922481,1.9846153846153847,1.29,0.005434782608695652,16.84002,,0,1,0,1,0,0,1,0,1,0,0,4.0943445622221,0,0,0,1,1,1,0,0,1,0,0,0,0,0,0,0,1,0,0,0.0,0.5596157879354227,0,0,3.6375861597263857,1988.0,2007,Chile,"Reshef, A. (2007): Heckscher-Ohlin and the global increase of skill premia: Factor intensity reversals to the rescue. Working paper, New York University."
66,3,Reshef (2007),0.32,0.27350427350427353,3.6562499999999996,1.17,0.005434782608695652,15.51215,,0,1,0,1,0,0,1,0,1,0,0,4.0943445622221,0,0,0,1,1,1,0,0,1,0,0,0,0,0,0,0,1,0,0,0.0,0.5596157879354227,0,0,3.6375861597263857,1988.0,2007,Chile,"Reshef, A. (2007): Heckscher-Ohlin and the global increase of skill premia: Factor intensity reversals to the rescue. Working paper, New York University."
66,3,Reshef (2007),0.1,0.2,5.0,0.5,0.005434782608695652,51.7204,,0,1,0,1,0,0,1,0,1,0,0,4.0943445622221,0,0,0,1,1,1,0,0,1,0,0,0,0,0,0,0,1,0,0,0.0,0.5596157879354227,0,0,3.6375861597263857,1988.0,2007,Chile,"Reshef, A. (2007): Heckscher-Ohlin and the global increase of skill premia: Factor intensity reversals to the rescue. Working paper, New York University."
66,3,Reshef (2007),1.62,0.2887700534759358,3.4629629629629632,5.61,0.005434782608695652,14.69211,,0,1,0,1,0,0,1,0,1,0,0,4.0943445622221,0,0,0,1,1,1,0,0,1,0,0,0,0,0,0,0,1,0,0,0.0,0.5596157879354227,0,0,3.6375861597263857,1988.0,2007,Chile,"Reshef, A. (2007): Heckscher-Ohlin and the global increase of skill premia: Factor intensity reversals to the rescue. Working paper, New York University."
66,3,Reshef (2007),0.17,0.25,4.0,0.68,0.005434782608695652,27.71281,,0,1,0,1,0,0,1,0,1,0,0,4.0943445622221,0,0,0,1,1,1,0,0,1,0,0,0,0,0,0,0,1,0,0,0.0,0.5596157879354227,0,0,3.6375861597263857,1988.0,2007,Chile,"Reshef, A. (2007): Heckscher-Ohlin and the global increase of skill premia: Factor intensity reversals to the rescue. Working paper, New York University."
66,3,Reshef (2007),0.57,0.3630573248407643,2.754385964912281,1.57,0.005434782608695652,11.68587,,0,1,0,1,0,0,1,0,1,0,0,4.0943445622221,0,0,0,1,1,1,0,0,1,0,0,0,0,0,0,0,1,0,0,0.0,0.5596157879354227,0,0,3.6375861597263857,1988.0,2007,Chile,"Reshef, A. (2007): Heckscher-Ohlin and the global increase of skill premia: Factor intensity reversals to the rescue. Working paper, New York University."
66,3,Reshef (2007),0.46,0.20087336244541484,4.978260869565218,2.29,0.005434782608695652,36.5826,,0,1,0,1,0,0,1,0,1,0,0,4.0943445622221,0,0,0,1,1,1,0,0,1,0,0,0,0,0,0,0,1,0,0,0.0,0.5596157879354227,0,0,3.6375861597263857,1988.0,2007,Chile,"Reshef, A. (2007): Heckscher-Ohlin and the global increase of skill premia: Factor intensity reversals to the rescue. Working paper, New York University."
66,3,Reshef (2007),0.19,0.10795454545454546,9.263157894736842,1.76,0.005434782608695652,39.30025,,0,1,0,1,0,0,1,0,1,0,0,4.0943445622221,0,0,0,1,1,1,0,0,1,0,0,0,0,0,0,0,1,0,0,0.0,0.5596157879354227,0,0,3.6375861597263857,1988.0,2007,Chile,"Reshef, A. (2007): Heckscher-Ohlin and the global increase of skill premia: Factor intensity reversals to the rescue. Working paper, New York University."
66,3,Reshef (2007),0.54,0.2297872340425532,4.351851851851852,2.35,0.005434782608695652,31.97945,,0,1,0,1,0,0,1,0,1,0,0,4.0943445622221,0,0,0,1,1,1,0,0,1,0,0,0,0,0,0,0,1,0,0,0.0,0.5596157879354227,0,0,3.6375861597263857,1988.0,2007,Chile,"Reshef, A. (2007): Heckscher-Ohlin and the global increase of skill premia: Factor intensity reversals to the rescue. Working paper, New York University."
66,3,Reshef (2007),0.81,0.3,3.3333333333333335,2.7,0.005434782608695652,14.14213,,0,1,0,1,0,0,1,0,1,0,0,4.0943445622221,0,0,0,1,1,1,0,0,1,0,0,0,0,0,0,0,1,0,0,0.0,0.5596157879354227,0,0,3.6375861597263857,1988.0,2007,Chile,"Reshef, A. (2007): Heckscher-Ohlin and the global increase of skill premia: Factor intensity reversals to the rescue. Working paper, New York University."
66,3,Reshef (2007),0.6,0.09063444108761329,11.033333333333333,6.62,0.005434782608695652,93.62093,,0,1,0,1,0,0,1,0,1,0,0,4.0943445622221,0,0,0,1,1,1,0,0,1,0,0,0,0,0,0,0,1,0,0,0.0,0.5596157879354227,0,0,3.6375861597263857,1988.0,2007,Chile,"Reshef, A. (2007): Heckscher-Ohlin and the global increase of skill premia: Factor intensity reversals to the rescue. Working paper, New York University."
66,3,Reshef (2007),0.32,0.19631901840490798,5.09375,1.63,0.005434782608695652,43.2219,,0,1,0,1,0,0,1,0,1,0,0,4.0943445622221,0,0,0,1,1,1,0,0,1,0,0,0,0,0,0,0,1,0,0,0.0,0.5596157879354227,0,0,3.6375861597263857,1988.0,2007,Chile,"Reshef, A. (2007): Heckscher-Ohlin and the global increase of skill premia: Factor intensity reversals to the rescue. Working paper, New York University."
66,3,Reshef (2007),0.14,0.3783783783783784,2.642857142857143,0.37,0.005434782608695652,10.57143,,0,1,0,1,0,0,1,0,1,0,0,4.0943445622221,0,0,0,1,1,1,0,0,1,0,0,0,0,0,0,0,1,0,0,0.0,0.5596157879354227,0,0,3.6375861597263857,1988.0,2007,Chile,"Reshef, A. (2007): Heckscher-Ohlin and the global increase of skill premia: Factor intensity reversals to the rescue. Working paper, New York University."
66,3,Reshef (2007),0.52,0.26262626262626265,3.8076923076923075,1.98,0.005434782608695652,16.15467,,0,1,0,1,0,0,1,0,1,0,0,4.0943445622221,0,0,0,1,1,1,0,0,1,0,0,0,0,0,0,0,1,0,0,0.0,0.5596157879354227,0,0,3.6375861597263857,1988.0,2007,Chile,"Reshef, A. (2007): Heckscher-Ohlin and the global increase of skill premia: Factor intensity reversals to the rescue. Working paper, New York University."
66,3,Reshef (2007),-0.19,0.6129032258064516,1.631578947368421,-0.31,0.005434782608695652,9.789474,,0,1,0,1,0,0,1,0,1,0,0,4.143134726391533,0,0,0,1,1,1,0,0,1,0,0,0,0,0,0,0,1,0,0,0.0,0.5596157879354227,0,0,3.6375861597263857,1991.0,2007,Chile,"Reshef, A. (2007): Heckscher-Ohlin and the global increase of skill premia: Factor intensity reversals to the rescue. Working paper, New York University."
66,3,Reshef (2007),1.22,0.28438228438228436,3.516393442622951,4.29,0.005434782608695652,14.91879,,0,1,0,1,0,0,1,0,1,0,0,4.0943445622221,0,0,0,1,1,1,0,0,1,0,0,0,0,0,0,0,1,0,0,0.0,0.5596157879354227,0,0,3.6375861597263857,1988.0,2007,Chile,"Reshef, A. (2007): Heckscher-Ohlin and the global increase of skill premia: Factor intensity reversals to the rescue. Working paper, New York University."
66,3,Reshef (2007),0.98,0.21350762527233116,4.683673469387755,4.59,0.005434782608695652,19.87114,,0,1,0,1,0,0,1,0,1,0,0,4.0943445622221,0,0,0,1,1,1,0,0,1,0,0,0,0,0,0,0,1,0,0,0.0,0.5596157879354227,0,0,3.6375861597263857,1988.0,2007,Chile,"Reshef, A. (2007): Heckscher-Ohlin and the global increase of skill premia: Factor intensity reversals to the rescue. Working paper, New York University."
66,3,Reshef (2007),0.23,0.18110236220472442,5.521739130434782,1.27,0.005434782608695652,23.42675,,0,1,0,1,0,0,1,0,1,0,0,4.0943445622221,0,0,0,1,1,1,0,0,1,0,0,0,0,0,0,0,1,0,0,0.0,0.5596157879354227,0,0,3.6375861597263857,1988.0,2007,Chile,"Reshef, A. (2007): Heckscher-Ohlin and the global increase of skill premia: Factor intensity reversals to the rescue. Working paper, New York University."
66,3,Reshef (2007),0.69,0.11979166666666666,8.347826086956522,5.76,0.005434782608695652,86.75316,,0,1,0,1,0,0,1,0,1,0,0,4.0943445622221,0,0,0,1,1,1,0,0,1,0,0,0,0,0,0,0,1,0,0,0.0,0.5596157879354227,0,0,3.6375861597263857,1988.0,2007,Chile,"Reshef, A. (2007): Heckscher-Ohlin and the global increase of skill premia: Factor intensity reversals to the rescue. Working paper, New York University."
66,3,Reshef (2007),0.66,0.24000000000000002,4.166666666666666,2.75,0.005434782608695652,17.67767,,0,1,0,1,0,0,1,0,1,0,0,4.0943445622221,0,0,0,1,1,1,0,0,1,0,0,0,0,0,0,0,1,0,0,0.0,0.5596157879354227,0,0,3.6375861597263857,1988.0,2007,Chile,"Reshef, A. (2007): Heckscher-Ohlin and the global increase of skill premia: Factor intensity reversals to the rescue. Working paper, New York University."
66,3,Reshef (2007),0.31,0.15816326530612246,6.32258064516129,1.96,0.005434782608695652,45.59278,,0,1,0,1,0,0,1,0,1,0,0,4.0943445622221,0,0,0,1,1,1,0,0,1,0,0,0,0,0,0,0,1,0,0,0.0,0.5596157879354227,0,0,3.6375861597263857,1988.0,2007,Chile,"Reshef, A. (2007): Heckscher-Ohlin and the global increase of skill premia: Factor intensity reversals to the rescue. Working paper, New York University."
66,3,Reshef (2007),0.14,0.17283950617283952,5.785714285714285,0.81,0.005434782608695652,60.12691,,0,1,0,1,0,0,1,0,1,0,0,4.0943445622221,0,0,0,1,1,1,0,0,1,0,0,0,0,0,0,0,1,0,0,0.0,0.5596157879354227,0,0,3.6375861597263857,1988.0,2007,Chile,"Reshef, A. (2007): Heckscher-Ohlin and the global increase of skill premia: Factor intensity reversals to the rescue. Working paper, New York University."
66,3,Reshef (2007),0.57,0.08357771260997067,11.964912280701755,6.82,0.005434782608695652,117.8407,,0,1,0,1,0,0,1,0,1,0,0,4.0943445622221,0,0,0,1,1,1,0,0,1,0,0,0,0,0,0,0,1,0,0,0.0,0.5596157879354227,0,0,3.6375861597263857,1988.0,2007,Chile,"Reshef, A. (2007): Heckscher-Ohlin and the global increase of skill premia: Factor intensity reversals to the rescue. Working paper, New York University."
66,3,Reshef (2007),0.18,0.24324324324324323,4.111111111111112,0.74,0.005434782608695652,33.90109,,0,1,0,1,0,0,1,0,1,0,0,4.0943445622221,0,0,0,1,1,1,0,0,1,0,0,0,0,0,0,0,1,0,0,0.0,0.5596157879354227,0,0,3.6375861597263857,1988.0,2007,Chile,"Reshef, A. (2007): Heckscher-Ohlin and the global increase of skill premia: Factor intensity reversals to the rescue. Working paper, New York University."
66,3,Reshef (2007),0.21,0.2692307692307692,3.7142857142857144,0.78,0.005434782608695652,35.81927,,0,1,0,1,0,0,1,0,1,0,0,4.0943445622221,0,0,0,1,1,1,0,0,1,0,0,0,0,0,0,0,1,0,0,0.0,0.5596157879354227,0,0,3.6375861597263857,1988.0,2007,Chile,"Reshef, A. (2007): Heckscher-Ohlin and the global increase of skill premia: Factor intensity reversals to the rescue. Working paper, New York University."
66,3,Reshef (2007),1.92,0.9056603773584905,1.1041666666666667,2.12,0.005434782608695652,6.438343,,0,1,0,1,0,0,1,0,1,0,0,4.0943445622221,0,0,0,1,1,1,0,0,1,0,0,0,0,0,0,0,1,0,0,0.0,0.5596157879354227,0,0,3.6375861597263857,1988.0,2007,Chile,"Reshef, A. (2007): Heckscher-Ohlin and the global increase of skill premia: Factor intensity reversals to the rescue. Working paper, New York University."
66,3,Reshef (2007),0.13,0.10833333333333334,9.23076923076923,1.2,0.005434782608695652,75.5571,,0,1,0,1,0,0,1,0,1,0,0,4.0943445622221,0,0,0,1,1,1,0,0,1,0,0,0,0,0,0,0,1,0,0,0.0,0.5596157879354227,0,0,3.6375861597263857,1988.0,2007,Chile,"Reshef, A. (2007): Heckscher-Ohlin and the global increase of skill premia: Factor intensity reversals to the rescue. Working paper, New York University."
66,3,Reshef (2007),0.27,0.2477064220183486,4.037037037037037,1.09,0.005434782608695652,51.38309,,0,1,0,1,0,0,1,0,1,0,0,4.0943445622221,0,0,0,1,1,1,0,0,1,0,0,0,0,0,1,0,1,0,0,0.0,0.5596157879354227,0,0,3.6375861597263857,1988.0,2007,Chile,"Reshef, A. (2007): Heckscher-Ohlin and the global increase of skill premia: Factor intensity reversals to the rescue. Working paper, New York University."
66,3,Reshef (2007),0.69,0.3709677419354838,2.695652173913044,1.86,0.005434782608695652,11.43668,,0,1,0,1,0,0,1,0,1,0,0,4.0943445622221,0,0,0,1,1,1,0,0,1,0,0,0,0,0,1,0,1,0,0,0.0,0.5596157879354227,0,0,3.6375861597263857,1988.0,2007,Chile,"Reshef, A. (2007): Heckscher-Ohlin and the global increase of skill premia: Factor intensity reversals to the rescue. Working paper, New York University."
66,3,Reshef (2007),0.16,0.10596026490066225,9.4375,1.51,0.005434782608695652,120.1198,,0,1,0,1,0,0,1,0,1,0,0,4.0943445622221,0,0,0,1,1,1,0,0,1,0,0,0,0,0,1,0,1,0,0,0.0,0.5596157879354227,0,0,3.6375861597263857,1988.0,2007,Chile,"Reshef, A. (2007): Heckscher-Ohlin and the global increase of skill premia: Factor intensity reversals to the rescue. Working paper, New York University."
66,3,Reshef (2007),0.32,0.27350427350427353,3.6562499999999996,1.17,0.005434782608695652,15.51215,,0,1,0,1,0,0,1,0,1,0,0,4.0943445622221,0,0,0,1,1,1,0,0,1,0,0,0,0,0,1,0,1,0,0,0.0,0.5596157879354227,0,0,3.6375861597263857,1988.0,2007,Chile,"Reshef, A. (2007): Heckscher-Ohlin and the global increase of skill premia: Factor intensity reversals to the rescue. Working paper, New York University."
66,3,Reshef (2007),0.04,0.33333333333333337,2.9999999999999996,0.12,0.005434782608695652,25.45584,,0,1,0,1,0,0,1,0,1,0,0,4.0943445622221,0,0,0,1,1,1,0,0,1,0,0,0,0,0,1,0,1,0,0,0.0,0.5596157879354227,0,0,3.6375861597263857,1988.0,2007,Chile,"Reshef, A. (2007): Heckscher-Ohlin and the global increase of skill premia: Factor intensity reversals to the rescue. Working paper, New York University."
66,3,Reshef (2007),1.62,0.2887700534759358,3.4629629629629632,5.61,0.005434782608695652,14.69211,,0,1,0,1,0,0,1,0,1,0,0,4.0943445622221,0,0,0,1,1,1,0,0,1,0,0,0,0,0,1,0,1,0,0,0.0,0.5596157879354227,0,0,3.6375861597263857,1988.0,2007,Chile,"Reshef, A. (2007): Heckscher-Ohlin and the global increase of skill premia: Factor intensity reversals to the rescue. Working paper, New York University."
66,3,Reshef (2007),0.09,0.14754098360655737,6.777777777777778,0.61,0.005434782608695652,70.10988,,0,1,0,1,0,0,1,0,1,0,0,4.0943445622221,0,0,0,1,1,1,0,0,1,0,0,0,0,0,1,0,1,0,0,0.0,0.5596157879354227,0,0,3.6375861597263857,1988.0,2007,Chile,"Reshef, A. (2007): Heckscher-Ohlin and the global increase of skill premia: Factor intensity reversals to the rescue. Working paper, New York University."
66,3,Reshef (2007),0.57,0.3630573248407643,2.754385964912281,1.57,0.005434782608695652,11.68587,,0,1,0,1,0,0,1,0,1,0,0,4.0943445622221,0,0,0,1,1,1,0,0,1,0,0,0,0,0,1,0,1,0,0,0.0,0.5596157879354227,0,0,3.6375861597263857,1988.0,2007,Chile,"Reshef, A. (2007): Heckscher-Ohlin and the global increase of skill premia: Factor intensity reversals to the rescue. Working paper, New York University."
66,3,Reshef (2007),0.44,0.12429378531073446,8.045454545454547,3.54,0.005434782608695652,55.74055,,0,1,0,1,0,0,1,0,1,0,0,4.0943445622221,0,0,0,1,1,1,0,0,1,0,0,0,0,0,1,0,1,0,0,0.0,0.5596157879354227,0,0,3.6375861597263857,1988.0,2007,Chile,"Reshef, A. (2007): Heckscher-Ohlin and the global increase of skill premia: Factor intensity reversals to the rescue. Working paper, New York University."
66,3,Reshef (2007),0.19,0.10795454545454546,9.263157894736842,1.76,0.005434782608695652,39.30025,,0,1,0,1,0,0,1,0,1,0,0,4.0943445622221,0,0,0,1,1,1,0,0,1,0,0,0,0,0,1,0,1,0,0,0.0,0.5596157879354227,0,0,3.6375861597263857,1988.0,2007,Chile,"Reshef, A. (2007): Heckscher-Ohlin and the global increase of skill premia: Factor intensity reversals to the rescue. Working paper, New York University."
66,3,Reshef (2007),0.7,0.32863849765258213,3.042857142857143,2.13,0.005434782608695652,22.36034,,0,1,0,1,0,0,1,0,1,0,0,4.0943445622221,0,0,0,1,1,1,0,0,1,0,0,0,0,0,1,0,1,0,0,0.0,0.5596157879354227,0,0,3.6375861597263857,1988.0,2007,Chile,"Reshef, A. (2007): Heckscher-Ohlin and the global increase of skill premia: Factor intensity reversals to the rescue. Working paper, New York University."
66,3,Reshef (2007),0.81,0.3,3.3333333333333335,2.7,0.005434782608695652,14.14213,,0,1,0,1,0,0,1,0,1,0,0,4.0943445622221,0,0,0,1,1,1,0,0,1,0,0,0,0,0,1,0,1,0,0,0.0,0.5596157879354227,0,0,3.6375861597263857,1988.0,2007,Chile,"Reshef, A. (2007): Heckscher-Ohlin and the global increase of skill premia: Factor intensity reversals to the rescue. Working paper, New York University."
66,3,Reshef (2007),0.51,0.06666666666666667,15.0,7.65,0.005434782608695652,127.2792,,0,1,0,1,0,0,1,0,1,0,0,4.0943445622221,0,0,0,1,1,1,0,0,1,0,0,0,0,0,1,0,1,0,0,0.0,0.5596157879354227,0,0,3.6375861597263857,1988.0,2007,Chile,"Reshef, A. (2007): Heckscher-Ohlin and the global increase of skill premia: Factor intensity reversals to the rescue. Working paper, New York University."
66,3,Reshef (2007),0.32,0.14096916299559473,7.093749999999999,2.27,0.005434782608695652,60.19247,,0,1,0,1,0,0,1,0,1,0,0,4.0943445622221,0,0,0,1,1,1,0,0,1,0,0,0,0,0,1,0,1,0,0,0.0,0.5596157879354227,0,0,3.6375861597263857,1988.0,2007,Chile,"Reshef, A. (2007): Heckscher-Ohlin and the global increase of skill premia: Factor intensity reversals to the rescue. Working paper, New York University."
66,3,Reshef (2007),0.52,0.26262626262626265,3.8076923076923075,1.98,0.005434782608695652,16.15467,,0,1,0,1,0,0,1,0,1,0,0,4.0943445622221,0,0,0,1,1,1,0,0,1,0,0,0,0,0,1,0,1,0,0,0.0,0.5596157879354227,0,0,3.6375861597263857,1988.0,2007,Chile,"Reshef, A. (2007): Heckscher-Ohlin and the global increase of skill premia: Factor intensity reversals to the rescue. Working paper, New York University."
66,3,Reshef (2007),1.11,0.3313432835820896,3.018018018018018,3.35,0.005434782608695652,18.10811,,0,1,0,1,0,0,1,0,1,0,0,4.0943445622221,0,0,0,1,1,1,0,0,1,0,0,0,0,0,1,0,1,0,0,0.0,0.5596157879354227,0,0,3.6375861597263857,1988.0,2007,Chile,"Reshef, A. (2007): Heckscher-Ohlin and the global increase of skill premia: Factor intensity reversals to the rescue. Working paper, New York University."
66,3,Reshef (2007),1.22,0.28438228438228436,3.516393442622951,4.29,0.005434782608695652,14.91879,,0,1,0,1,0,0,1,0,1,0,0,4.0943445622221,0,0,0,1,1,1,0,0,1,0,0,0,0,0,1,0,1,0,0,0.0,0.5596157879354227,0,0,3.6375861597263857,1988.0,2007,Chile,"Reshef, A. (2007): Heckscher-Ohlin and the global increase of skill premia: Factor intensity reversals to the rescue. Working paper, New York University."
66,3,Reshef (2007),0.98,0.21350762527233116,4.683673469387755,4.59,0.005434782608695652,19.87114,,0,1,0,1,0,0,1,0,1,0,0,4.0943445622221,0,0,0,1,1,1,0,0,1,0,0,0,0,0,1,0,1,0,0,0.0,0.5596157879354227,0,0,3.6375861597263857,1988.0,2007,Chile,"Reshef, A. (2007): Heckscher-Ohlin and the global increase of skill premia: Factor intensity reversals to the rescue. Working paper, New York University."
66,3,Reshef (2007),0.23,0.18110236220472442,5.521739130434782,1.27,0.005434782608695652,23.42675,,0,1,0,1,0,0,1,0,1,0,0,4.0943445622221,0,0,0,1,1,1,0,0,1,0,0,0,0,0,1,0,1,0,0,0.0,0.5596157879354227,0,0,3.6375861597263857,1988.0,2007,Chile,"Reshef, A. (2007): Heckscher-Ohlin and the global increase of skill premia: Factor intensity reversals to the rescue. Working paper, New York University."
66,3,Reshef (2007),0.05,0.06849315068493152,14.599999999999998,0.73,0.005434782608695652,151.7276,,0,1,0,1,0,0,1,0,1,0,0,4.0943445622221,0,0,0,1,1,1,0,0,1,0,0,0,0,0,1,0,1,0,0,0.0,0.5596157879354227,0,0,3.6375861597263857,1988.0,2007,Chile,"Reshef, A. (2007): Heckscher-Ohlin and the global increase of skill premia: Factor intensity reversals to the rescue. Working paper, New York University."
66,3,Reshef (2007),0.66,0.24000000000000002,4.166666666666666,2.75,0.005434782608695652,17.67767,,0,1,0,1,0,0,1,0,1,0,0,4.0943445622221,0,0,0,1,1,1,0,0,1,0,0,0,0,0,1,0,1,0,0,0.0,0.5596157879354227,0,0,3.6375861597263857,1988.0,2007,Chile,"Reshef, A. (2007): Heckscher-Ohlin and the global increase of skill premia: Factor intensity reversals to the rescue. Working paper, New York University."
66,3,Reshef (2007),0.4,0.29411764705882354,3.4,1.36,0.005434782608695652,24.51775,,0,1,0,1,0,0,1,0,1,0,0,4.0943445622221,0,0,0,1,1,1,0,0,1,0,0,0,0,0,1,0,1,0,0,0.0,0.5596157879354227,0,0,3.6375861597263857,1988.0,2007,Chile,"Reshef, A. (2007): Heckscher-Ohlin and the global increase of skill premia: Factor intensity reversals to the rescue. Working paper, New York University."
66,3,Reshef (2007),0.3,0.1507537688442211,6.633333333333334,1.99,0.005434782608695652,68.93562,,0,1,0,1,0,0,1,0,1,0,0,4.0943445622221,0,0,0,1,1,1,0,0,1,0,0,0,0,0,1,0,1,0,0,0.0,0.5596157879354227,0,0,3.6375861597263857,1988.0,2007,Chile,"Reshef, A. (2007): Heckscher-Ohlin and the global increase of skill premia: Factor intensity reversals to the rescue. Working paper, New York University."
66,3,Reshef (2007),0.38,0.18811881188118812,5.315789473684211,2.02,0.005434782608695652,52.35445,,0,1,0,1,0,0,1,0,1,0,0,4.0943445622221,0,0,0,1,1,1,0,0,1,0,0,0,0,0,1,0,1,0,0,0.0,0.5596157879354227,0,0,3.6375861597263857,1988.0,2007,Chile,"Reshef, A. (2007): Heckscher-Ohlin and the global increase of skill premia: Factor intensity reversals to the rescue. Working paper, New York University."
66,3,Reshef (2007),0.27,0.20610687022900764,4.851851851851851,1.31,0.005434782608695652,40.0094,,0,1,0,1,0,0,1,0,1,0,0,4.0943445622221,0,0,0,1,1,1,0,0,1,0,0,0,0,0,1,0,1,0,0,0.0,0.5596157879354227,0,0,3.6375861597263857,1988.0,2007,Chile,"Reshef, A. (2007): Heckscher-Ohlin and the global increase of skill premia: Factor intensity reversals to the rescue. Working paper, New York University."
66,3,Reshef (2007),0.52,0.13941018766756033,7.1730769230769225,3.73,0.005434782608695652,69.17465,,0,1,0,1,0,0,1,0,1,0,0,4.0943445622221,0,0,0,1,1,1,0,0,1,0,0,0,0,0,1,0,1,0,0,0.0,0.5596157879354227,0,0,3.6375861597263857,1988.0,2007,Chile,"Reshef, A. (2007): Heckscher-Ohlin and the global increase of skill premia: Factor intensity reversals to the rescue. Working paper, New York University."
66,3,Reshef (2007),0.49,1.2564102564102564,0.7959183673469388,0.39,0.005434782608695652,4.640962,,0,1,0,1,0,0,1,0,1,0,0,4.0943445622221,0,0,0,1,1,1,0,0,1,0,0,0,0,0,1,0,1,0,0,0.0,0.5596157879354227,0,0,3.6375861597263857,1988.0,2007,Chile,"Reshef, A. (2007): Heckscher-Ohlin and the global increase of skill premia: Factor intensity reversals to the rescue. Working paper, New York University."
66,3,Reshef (2007),0.17,0.34693877551020413,2.88235294117647,0.49,0.005434782608695652,23.59307,,0,1,0,1,0,0,1,0,1,0,0,4.0943445622221,0,0,0,1,1,1,0,0,1,0,0,0,0,0,1,0,1,0,0,0.0,0.5596157879354227,0,0,3.6375861597263857,1988.0,2007,Chile,"Reshef, A. (2007): Heckscher-Ohlin and the global increase of skill premia: Factor intensity reversals to the rescue. Working paper, New York University."
66,3,Reshef (2007),0.47,0.47959183673469385,2.0851063829787235,0.98,0.005434782608695652,25.79134,,0,1,0,1,0,0,1,0,1,0,0,4.0943445622221,0,0,0,1,1,1,0,0,1,0,0,0,0,1,1,0,1,0,0,0.0,0.5596157879354227,0,0,3.6375861597263857,1988.0,2007,Chile,"Reshef, A. (2007): Heckscher-Ohlin and the global increase of skill premia: Factor intensity reversals to the rescue. Working paper, New York University."
66,3,Reshef (2007),0.88,0.5866666666666667,1.7045454545454546,1.5,0.005434782608695652,7.028021,,0,1,0,1,0,0,1,0,1,0,0,4.0943445622221,0,0,0,1,1,1,0,0,1,0,0,0,0,1,1,0,1,0,0,0.0,0.5596157879354227,0,0,3.6375861597263857,1988.0,2007,Chile,"Reshef, A. (2007): Heckscher-Ohlin and the global increase of skill premia: Factor intensity reversals to the rescue. Working paper, New York University."
66,3,Reshef (2007),0.42,0.24705882352941178,4.0476190476190474,1.7,0.005434782608695652,33.37752,,0,1,0,1,0,0,1,0,1,0,0,4.0943445622221,0,0,0,1,1,1,0,0,1,0,0,0,0,1,1,0,1,0,0,0.0,0.5596157879354227,0,0,3.6375861597263857,1988.0,2007,Chile,"Reshef, A. (2007): Heckscher-Ohlin and the global increase of skill premia: Factor intensity reversals to the rescue. Working paper, New York University."
66,3,Reshef (2007),0.25,0.1923076923076923,5.2,1.3,0.005434782608695652,21.44015,,0,1,0,1,0,0,1,0,1,0,0,4.0943445622221,0,0,0,1,1,1,0,0,1,0,0,0,0,1,1,0,1,0,0,0.0,0.5596157879354227,0,0,3.6375861597263857,1988.0,2007,Chile,"Reshef, A. (2007): Heckscher-Ohlin and the global increase of skill premia: Factor intensity reversals to the rescue. Working paper, New York University."
66,3,Reshef (2007),-0.05,0.4166666666666667,2.4,-0.12,0.005434782608695652,24.0,,0,1,0,1,0,0,1,0,1,0,0,4.143134726391533,0,0,0,1,1,1,0,0,1,0,0,0,0,1,1,0,1,0,0,0.0,0.5596157879354227,0,0,3.6375861597263857,1991.0,2007,Chile,"Reshef, A. (2007): Heckscher-Ohlin and the global increase of skill premia: Factor intensity reversals to the rescue. Working paper, New York University."
66,3,Reshef (2007),2.63,1.7302631578947367,0.5779467680608366,1.52,0.005434782608695652,2.382936,,0,1,0,1,0,0,1,0,1,0,0,4.0943445622221,0,0,0,1,1,1,0,0,1,0,0,0,0,1,1,0,1,0,0,0.0,0.5596157879354227,0,0,3.6375861597263857,1988.0,2007,Chile,"Reshef, A. (2007): Heckscher-Ohlin and the global increase of skill premia: Factor intensity reversals to the rescue. Working paper, New York University."
66,3,Reshef (2007),0.1,0.12820512820512822,7.799999999999999,0.78,0.005434782608695652,51.73935,,0,1,0,1,0,0,1,0,1,0,0,4.0943445622221,0,0,0,1,1,1,0,0,1,0,0,0,0,1,1,0,1,0,0,0.0,0.5596157879354227,0,0,3.6375861597263857,1988.0,2007,Chile,"Reshef, A. (2007): Heckscher-Ohlin and the global increase of skill premia: Factor intensity reversals to the rescue. Working paper, New York University."
66,3,Reshef (2007),14.4,180.0,0.005555555555555556,0.08,0.005434782608695652,0.8395464,,0,1,0,1,0,0,1,0,1,0,0,4.0943445622221,0,0,0,1,1,1,0,0,1,0,0,0,0,1,1,0,1,0,0,0.0,0.5596157879354227,0,0,3.6375861597263857,1988.0,2007,Chile,"Reshef, A. (2007): Heckscher-Ohlin and the global increase of skill premia: Factor intensity reversals to the rescue. Working paper, New York University."
66,3,Reshef (2007),0.74,0.2901960784313726,3.4459459459459456,2.55,0.005434782608695652,24.60897,,0,1,0,1,0,0,1,0,1,0,0,4.0943445622221,0,0,0,1,1,1,0,0,1,0,0,0,0,1,1,0,1,0,0,0.0,0.5596157879354227,0,0,3.6375861597263857,1988.0,2007,Chile,"Reshef, A. (2007): Heckscher-Ohlin and the global increase of skill premia: Factor intensity reversals to the rescue. Working paper, New York University."
66,3,Reshef (2007),0.17,0.11333333333333334,8.823529411764705,1.5,0.005434782608695652,36.38034,,0,1,0,1,0,0,1,0,1,0,0,4.0943445622221,0,0,0,1,1,1,0,0,1,0,0,0,0,1,1,0,1,0,0,0.0,0.5596157879354227,0,0,3.6375861597263857,1988.0,2007,Chile,"Reshef, A. (2007): Heckscher-Ohlin and the global increase of skill premia: Factor intensity reversals to the rescue. Working paper, New York University."
66,3,Reshef (2007),0.84,0.6666666666666666,1.5,1.26,0.005434782608695652,10.71214,,0,1,0,1,0,0,1,0,1,0,0,4.0943445622221,0,0,0,1,1,1,0,0,1,0,0,0,0,1,1,0,1,0,0,0.0,0.5596157879354227,0,0,3.6375861597263857,1988.0,2007,Chile,"Reshef, A. (2007): Heckscher-Ohlin and the global increase of skill premia: Factor intensity reversals to the rescue. Working paper, New York University."
66,3,Reshef (2007),0.9,7.500000000000001,0.1333333333333333,0.12,0.005434782608695652,0.8395464,,0,1,0,1,0,0,1,0,1,0,0,4.0943445622221,0,0,0,1,1,1,0,0,1,0,0,0,0,1,1,0,1,0,0,0.0,0.5596157879354227,0,0,3.6375861597263857,1988.0,2007,Chile,"Reshef, A. (2007): Heckscher-Ohlin and the global increase of skill premia: Factor intensity reversals to the rescue. Working paper, New York University."
66,3,Reshef (2007),0.57,0.09018987341772151,11.087719298245615,6.32,0.005434782608695652,91.43167,,0,1,0,1,0,0,1,0,1,0,0,4.0943445622221,0,0,0,1,1,1,0,0,1,0,0,0,0,1,1,0,1,0,0,0.0,0.5596157879354227,0,0,3.6375861597263857,1988.0,2007,Chile,"Reshef, A. (2007): Heckscher-Ohlin and the global increase of skill premia: Factor intensity reversals to the rescue. Working paper, New York University."
66,3,Reshef (2007),0.54,0.21600000000000003,4.629629629629629,2.5,0.005434782608695652,38.1769,,0,1,0,1,0,0,1,0,1,0,0,4.0943445622221,0,0,0,1,1,1,0,0,1,0,0,0,0,1,1,0,1,0,0,0.0,0.5596157879354227,0,0,3.6375861597263857,1988.0,2007,Chile,"Reshef, A. (2007): Heckscher-Ohlin and the global increase of skill premia: Factor intensity reversals to the rescue. Working paper, New York University."
66,3,Reshef (2007),-0.67,1.1551724137931036,0.8656716417910446,-0.58,0.005434782608695652,3.239047,,0,1,0,1,0,0,1,0,1,0,0,4.143134726391533,0,0,0,1,1,1,0,0,1,0,0,0,0,1,1,0,1,0,0,0.0,0.5596157879354227,0,0,3.6375861597263857,1991.0,2007,Chile,"Reshef, A. (2007): Heckscher-Ohlin and the global increase of skill premia: Factor intensity reversals to the rescue. Working paper, New York University."
66,3,Reshef (2007),0.52,0.44067796610169496,2.269230769230769,1.18,0.005434782608695652,9.356278,,0,1,0,1,0,0,1,0,1,0,0,4.0943445622221,0,0,0,1,1,1,0,0,1,0,0,0,0,1,1,0,1,0,0,0.0,0.5596157879354227,0,0,3.6375861597263857,1988.0,2007,Chile,"Reshef, A. (2007): Heckscher-Ohlin and the global increase of skill premia: Factor intensity reversals to the rescue. Working paper, New York University."
66,3,Reshef (2007),6.16,4.666666666666667,0.21428571428571427,1.32,0.005434782608695652,1.24949,,0,1,0,1,0,0,1,0,1,0,0,4.0943445622221,0,0,0,1,1,1,0,0,1,0,0,0,0,1,1,0,1,0,0,0.0,0.5596157879354227,0,0,3.6375861597263857,1988.0,2007,Chile,"Reshef, A. (2007): Heckscher-Ohlin and the global increase of skill premia: Factor intensity reversals to the rescue. Working paper, New York University."
66,3,Reshef (2007),1.95,0.9375,1.0666666666666667,2.08,0.005434782608695652,4.397979,,0,1,0,1,0,0,1,0,1,0,0,4.0943445622221,0,0,0,1,1,1,0,0,1,0,0,0,0,1,1,0,1,0,0,0.0,0.5596157879354227,0,0,3.6375861597263857,1988.0,2007,Chile,"Reshef, A. (2007): Heckscher-Ohlin and the global increase of skill premia: Factor intensity reversals to the rescue. Working paper, New York University."
66,3,Reshef (2007),1.22,0.3719512195121951,2.6885245901639343,3.28,0.005434782608695652,11.08507,,0,1,0,1,0,0,1,0,1,0,0,4.0943445622221,0,0,0,1,1,1,0,0,1,0,0,0,0,1,1,0,1,0,0,0.0,0.5596157879354227,0,0,3.6375861597263857,1988.0,2007,Chile,"Reshef, A. (2007): Heckscher-Ohlin and the global increase of skill premia: Factor intensity reversals to the rescue. Working paper, New York University."
66,3,Reshef (2007),0.12,0.15189873417721517,6.583333333333334,0.79,0.005434782608695652,27.14378,,0,1,0,1,0,0,1,0,1,0,0,4.0943445622221,0,0,0,1,1,1,0,0,1,0,0,0,0,1,1,0,1,0,0,0.0,0.5596157879354227,0,0,3.6375861597263857,1988.0,2007,Chile,"Reshef, A. (2007): Heckscher-Ohlin and the global increase of skill premia: Factor intensity reversals to the rescue. Working paper, New York University."
66,3,Reshef (2007),0.06,0.15384615384615383,6.500000000000001,0.39,0.005434782608695652,65.64678,,0,1,0,1,0,0,1,0,1,0,0,4.0943445622221,0,0,0,1,1,1,0,0,1,0,0,0,0,1,1,0,1,0,0,0.0,0.5596157879354227,0,0,3.6375861597263857,1988.0,2007,Chile,"Reshef, A. (2007): Heckscher-Ohlin and the global increase of skill premia: Factor intensity reversals to the rescue. Working paper, New York University."
66,3,Reshef (2007),0.74,0.548148148148148,1.8243243243243246,1.35,0.005434782608695652,7.521882,,0,1,0,1,0,0,1,0,1,0,0,4.0943445622221,0,0,0,1,1,1,0,0,1,0,0,0,0,1,1,0,1,0,0,0.0,0.5596157879354227,0,0,3.6375861597263857,1988.0,2007,Chile,"Reshef, A. (2007): Heckscher-Ohlin and the global increase of skill premia: Factor intensity reversals to the rescue. Working paper, New York University."
66,3,Reshef (2007),0.82,0.35964912280701755,2.7804878048780486,2.28,0.005434782608695652,19.46342,,0,1,0,1,0,0,1,0,1,0,0,4.0943445622221,0,0,0,1,1,1,0,0,1,0,0,0,0,1,1,0,1,0,0,0.0,0.5596157879354227,0,0,3.6375861597263857,1988.0,2007,Chile,"Reshef, A. (2007): Heckscher-Ohlin and the global increase of skill premia: Factor intensity reversals to the rescue. Working paper, New York University."
66,3,Reshef (2007),0.33,0.19075144508670522,5.242424242424242,1.73,0.005434782608695652,52.94589,,0,1,0,1,0,0,1,0,1,0,0,4.0943445622221,0,0,0,1,1,1,0,0,1,0,0,0,0,1,1,0,1,0,0,0.0,0.5596157879354227,0,0,3.6375861597263857,1988.0,2007,Chile,"Reshef, A. (2007): Heckscher-Ohlin and the global increase of skill premia: Factor intensity reversals to the rescue. Working paper, New York University."
66,3,Reshef (2007),0.38,0.18181818181818182,5.5,2.09,0.005434782608695652,51.88689,,0,1,0,1,0,0,1,0,1,0,0,4.0943445622221,0,0,0,1,1,1,0,0,1,0,0,0,0,1,1,0,1,0,0,0.0,0.5596157879354227,0,0,3.6375861597263857,1988.0,2007,Chile,"Reshef, A. (2007): Heckscher-Ohlin and the global increase of skill premia: Factor intensity reversals to the rescue. Working paper, New York University."
66,3,Reshef (2007),0.26,0.27083333333333337,3.6923076923076916,0.96,0.005434782608695652,28.60049,,0,1,0,1,0,0,1,0,1,0,0,4.0943445622221,0,0,0,1,1,1,0,0,1,0,0,0,0,1,1,0,1,0,0,0.0,0.5596157879354227,0,0,3.6375861597263857,1988.0,2007,Chile,"Reshef, A. (2007): Heckscher-Ohlin and the global increase of skill premia: Factor intensity reversals to the rescue. Working paper, New York University."
66,3,Reshef (2007),1.24,0.2831050228310502,3.5322580645161294,4.38,0.005434782608695652,31.79032,,0,1,0,1,0,0,1,0,1,0,0,4.0943445622221,0,0,0,1,1,1,0,0,1,0,0,0,0,1,1,0,1,0,0,0.0,0.5596157879354227,0,0,3.6375861597263857,1988.0,2007,Chile,"Reshef, A. (2007): Heckscher-Ohlin and the global increase of skill premia: Factor intensity reversals to the rescue. Working paper, New York University."
66,3,Reshef (2007),0.33,1.1785714285714286,0.8484848484848485,0.28,0.005434782608695652,4.647343,,0,1,0,1,0,0,1,0,1,0,0,4.0943445622221,0,0,0,1,1,1,0,0,1,0,0,0,0,1,1,0,1,0,0,0.0,0.5596157879354227,0,0,3.6375861597263857,1988.0,2007,Chile,"Reshef, A. (2007): Heckscher-Ohlin and the global increase of skill premia: Factor intensity reversals to the rescue. Working paper, New York University."
66,3,Reshef (2007),0.29,0.4328358208955223,2.3103448275862073,0.67,0.005434782608695652,17.59506,,0,1,0,1,0,0,1,0,1,0,0,4.0943445622221,0,0,0,1,1,1,0,0,1,0,0,0,0,1,1,0,1,0,0,0.0,0.5596157879354227,0,0,3.6375861597263857,1988.0,2007,Chile,"Reshef, A. (2007): Heckscher-Ohlin and the global increase of skill premia: Factor intensity reversals to the rescue. Working paper, New York University."
55,4,Li (2010),1.42,0.51,1.9607843137254901,2.784313725490196,1.0,,114.9984,1,0,0,1,0,1,0,0,1,0,1,4.330733340286331,0,0,0,0,0,0,1,0,0,0,1,0,0,0,1,0,1,0,0,0.201,0.8938178760220965,1,0,3.713572066704308,2004.0,2010,China,"Li, B. (2010): Multinational production and choice of technologies: New evidence on skill-biased technological change from China. Economics Letters 108(2): pp. 181-183."
75,4,Yang (2012),0.258,0.053,18.867924528301888,4.867924528301887,0.3333333333333333,1129.714,,0,1,0,1,0,1,0,0,1,0,0,4.382026634673881,0,0,0,0,0,1,0,0,1,1,0,0,0,1,1,0,0,1,0,0.0,0.13353139262452257,0,0,3.7612001156935624,2008.0,2012,China,"Yang, D. (2012): The responsiveness of  firms to labor market changes in China: Evidence from micro level data. Paper prepared for presentation at the 2012 4th CIER/IZA Annual Workshop on Research in Labor Economics, (during July 19-21 at IZA, Bonn) 6239, China Institute for Employment Research and IZA Institute of Labor Economics."
75,4,Yang (2012),0.273,0.053,18.867924528301888,5.150943396226416,0.3333333333333333,1129.714,,0,1,0,1,0,1,0,0,1,0,0,4.382026634673881,0,0,0,0,0,1,0,0,1,1,0,0,0,1,1,0,1,0,0,0.0,0.13353139262452257,0,0,3.7612001156935624,2008.0,2012,China,"Yang, D. (2012): The responsiveness of  firms to labor market changes in China: Evidence from micro level data. Paper prepared for presentation at the 2012 4th CIER/IZA Annual Workshop on Research in Labor Economics, (during July 19-21 at IZA, Bonn) 6239, China Institute for Employment Research and IZA Institute of Labor Economics."
75,4,Yang (2012),0.258,0.056,17.857142857142858,4.607142857142857,0.3333333333333333,1069.194,,0,1,0,1,0,1,0,0,1,0,0,4.382026634673881,0,0,0,0,0,1,0,0,1,1,0,0,0,1,1,0,1,0,0,0.0,0.13353139262452257,0,0,3.7612001156935624,2008.0,2012,China,"Yang, D. (2012): The responsiveness of  firms to labor market changes in China: Evidence from micro level data. Paper prepared for presentation at the 2012 4th CIER/IZA Annual Workshop on Research in Labor Economics, (during July 19-21 at IZA, Bonn) 6239, China Institute for Employment Research and IZA Institute of Labor Economics."
59,5,Medina & Poso (2010),1.3089005235602094,0.3772047618329134,2.65108,3.4699999999999998,0.25,,,1,0,1,0,0,0,0,1,1,0,0,4.204692619390966,0,0,0,1,0,1,0,0,0,0,0,0,0,1,0,0,1,0,0,0.0,0.8938178760220965,0,0,3.713572066704308,1995.0,2010,Colombia,"Medina, C. & C. Posso (2010): Technical change and polarization of the labor market: Evidence for Brazil, Colombia and Mexico. Working Paper Series ""Borradores de Economia"" 614, Banco de la Republica de Colombia."
59,5,Medina & Poso (2010),1.2658227848101264,0.35358178346651575,2.8282000000000003,3.58,0.25,,,1,0,1,0,0,0,0,1,1,0,0,4.204692619390966,0,0,0,1,0,1,0,0,0,0,0,0,0,1,0,0,1,0,0,0.0,0.8938178760220965,0,0,3.713572066704308,1995.0,2010,Colombia,"Medina, C. & C. Posso (2010): Technical change and polarization of the labor market: Evidence for Brazil, Colombia and Mexico. Working Paper Series ""Borradores de Economia"" 614, Banco de la Republica de Colombia."
59,5,Medina & Poso (2010),1.4662756598240467,0.46109297478743605,2.1687600000000002,3.18,0.25,,,1,0,1,0,0,0,0,1,1,0,0,4.204692619390966,0,0,0,1,0,1,0,0,0,0,0,0,0,1,0,0,1,0,0,0.0,0.8938178760220965,0,0,3.713572066704308,1995.0,2010,Colombia,"Medina, C. & C. Posso (2010): Technical change and polarization of the labor market: Evidence for Brazil, Colombia and Mexico. Working Paper Series ""Borradores de Economia"" 614, Banco de la Republica de Colombia."
59,5,Medina & Poso (2010),1.1627906976744187,0.31683670236360184,3.1561999999999997,3.67,0.25,,,1,0,1,0,0,0,0,1,1,0,0,4.204692619390966,0,0,0,1,0,1,0,0,0,0,0,0,0,1,0,0,1,0,0,0.0,0.8938178760220965,0,0,3.713572066704308,1995.0,2010,Colombia,"Medina, C. & C. Posso (2010): Technical change and polarization of the labor market: Evidence for Brazil, Colombia and Mexico. Working Paper Series ""Borradores de Economia"" 614, Banco de la Republica de Colombia."
7,6,Behar (2010),-0.0826,0.0408,24.509803921568626,-2.0245098039215685,0.02631578947368421,138.6484,,0,1,0,1,0,0,0,1,1,0,1,4.0943445622221,0,0,0,1,0,1,0,0,0,0,0,0,0,0,0,0,1,0,0,0.553,0.36772478012531734,0,0,3.713572066704308,1988.0,2010,Developing,"Behar, A. (2010): The elasticity of substitution between skilled and unskilled labor in developing countries is about 2. Technical report, Department of Economics, University of Oxford."
7,6,Behar (2010),-0.0814,0.0392,25.510204081632654,-2.076530612244898,0.02631578947368421,144.3075,,0,1,0,1,0,0,0,1,1,0,1,4.0943445622221,0,0,0,1,0,1,0,0,0,0,0,0,0,0,0,0,1,0,0,0.553,0.36772478012531734,0,0,3.713572066704308,1988.0,2010,Developing,"Behar, A. (2010): The elasticity of substitution between skilled and unskilled labor in developing countries is about 2. Technical report, Department of Economics, University of Oxford."
7,6,Behar (2010),-0.0624,0.0865,11.560693641618498,-0.7213872832369942,0.02631578947368421,66.41113,,0,1,0,1,0,0,0,1,1,0,1,4.0943445622221,0,0,0,1,0,1,0,0,0,0,1,0,0,0,0,0,0,0,0,0.553,0.36772478012531734,0,0,3.713572066704308,1988.0,2010,Developing,"Behar, A. (2010): The elasticity of substitution between skilled and unskilled labor in developing countries is about 2. Technical report, Department of Economics, University of Oxford."
7,6,Behar (2010),-0.16,0.104,9.615384615384615,-1.5384615384615385,0.02631578947368421,54.39283,,0,1,0,1,0,0,0,1,1,0,1,4.0943445622221,0,0,0,1,0,1,0,0,0,0,1,0,0,0,0,0,1,0,0,0.553,0.36772478012531734,0,0,3.713572066704308,1988.0,2010,Developing,"Behar, A. (2010): The elasticity of substitution between skilled and unskilled labor in developing countries is about 2. Technical report, Department of Economics, University of Oxford."
7,6,Behar (2010),-0.133,0.103,9.708737864077671,-1.2912621359223302,0.02631578947368421,54.92091,,0,1,0,1,0,0,0,1,1,0,1,4.0943445622221,0,0,0,1,0,1,0,0,0,0,0,0,0,0,0,0,1,0,0,0.553,0.36772478012531734,0,0,3.713572066704308,1988.0,2010,Developing,"Behar, A. (2010): The elasticity of substitution between skilled and unskilled labor in developing countries is about 2. Technical report, Department of Economics, University of Oxford."
7,6,Behar (2010),-0.263,0.148,6.756756756756757,-1.7770270270270272,0.02631578947368421,38.81461,,0,1,0,1,0,0,0,1,1,0,1,4.0943445622221,0,0,0,1,0,1,0,0,0,0,1,0,0,0,0,0,0,0,0,0.553,0.36772478012531734,0,0,3.713572066704308,1988.0,2010,Developing,"Behar, A. (2010): The elasticity of substitution between skilled and unskilled labor in developing countries is about 2. Technical report, Department of Economics, University of Oxford."
7,6,Behar (2010),0.0792,0.0783,12.77139208173691,1.0114942528735633,0.02631578947368421,82.76808,,0,1,0,1,0,0,0,1,1,0,1,3.912023005428146,0,0,0,1,0,1,0,0,0,0,0,0,0,0,0,0,1,0,0,0.553,0.36772478012531734,0,0,3.713572066704308,1978.0,2010,Developing,"Behar, A. (2010): The elasticity of substitution between skilled and unskilled labor in developing countries is about 2. Technical report, Department of Economics, University of Oxford."
7,6,Behar (2010),0.0572,0.0775,12.903225806451614,0.7380645161290322,0.02631578947368421,83.62246,,0,1,0,1,0,0,0,1,1,0,1,3.912023005428146,0,0,0,1,0,1,0,0,0,0,0,0,0,0,0,0,1,0,0,0.553,0.36772478012531734,0,0,3.713572066704308,1978.0,2010,Developing,"Behar, A. (2010): The elasticity of substitution between skilled and unskilled labor in developing countries is about 2. Technical report, Department of Economics, University of Oxford."
7,6,Behar (2010),-0.0439,0.135,7.4074074074074066,-0.3251851851851852,0.02631578947368421,48.57362,,0,1,0,1,0,0,0,1,1,0,1,3.912023005428146,0,0,0,1,0,1,0,0,0,0,1,0,0,0,0,0,0,0,0,0.553,0.36772478012531734,0,0,3.713572066704308,1978.0,2010,Developing,"Behar, A. (2010): The elasticity of substitution between skilled and unskilled labor in developing countries is about 2. Technical report, Department of Economics, University of Oxford."
7,6,Behar (2010),0.0182,0.0198,50.5050505050505,0.9191919191919191,0.02631578947368421,327.3102,,0,1,0,1,0,0,0,1,1,0,1,3.912023005428146,0,0,0,1,0,1,0,0,0,0,0,0,0,0,0,0,1,0,0,0.553,0.36772478012531734,0,0,3.713572066704308,1978.0,2010,Developing,"Behar, A. (2010): The elasticity of substitution between skilled and unskilled labor in developing countries is about 2. Technical report, Department of Economics, University of Oxford."
7,6,Behar (2010),0.0176,0.0193,51.81347150259067,0.9119170984455959,0.02631578947368421,327.3102,,0,1,0,1,0,0,0,1,1,0,1,3.912023005428146,0,0,0,1,0,1,0,0,0,0,0,0,0,0,0,0,1,0,0,0.553,0.36772478012531734,0,0,3.713572066704308,1978.0,2010,Developing,"Behar, A. (2010): The elasticity of substitution between skilled and unskilled labor in developing countries is about 2. Technical report, Department of Economics, University of Oxford."
7,6,Behar (2010),0.0,0.0339,29.498525073746315,0.0,0.02631578947368421,193.4348,,0,1,0,1,0,0,0,1,1,0,1,3.912023005428146,0,0,0,1,0,1,0,0,0,0,1,0,0,0,0,0,0,0,0,0.553,0.36772478012531734,0,0,3.713572066704308,1978.0,2010,Developing,"Behar, A. (2010): The elasticity of substitution between skilled and unskilled labor in developing countries is about 2. Technical report, Department of Economics, University of Oxford."
7,6,Behar (2010),0.014,0.0244,40.983606557377044,0.5737704918032787,0.02631578947368421,259.2031,,0,1,0,0,1,0,0,1,1,0,0,3.912023005428146,0,0,0,1,0,1,0,0,0,0,0,0,0,0,0,0,1,0,0,0.553,0.36772478012531734,0,0,3.713572066704308,1978.0,2010,Developing,"Behar, A. (2010): The elasticity of substitution between skilled and unskilled labor in developing countries is about 2. Technical report, Department of Economics, University of Oxford."
7,6,Behar (2010),0.104,0.0493,20.28397565922921,2.109533468559838,0.02631578947368421,128.2871,,0,1,0,0,1,0,0,1,1,0,0,3.912023005428146,0,0,0,1,0,1,0,0,0,1,0,0,0,0,1,0,1,0,0,0.553,0.36772478012531734,0,0,3.713572066704308,1978.0,2010,Developing,"Behar, A. (2010): The elasticity of substitution between skilled and unskilled labor in developing countries is about 2. Technical report, Department of Economics, University of Oxford."
7,6,Behar (2010),0.104,0.0493,20.28397565922921,2.109533468559838,0.02631578947368421,128.2871,,0,1,0,1,0,0,0,1,1,0,1,3.912023005428146,0,0,0,1,0,1,0,0,0,1,0,0,0,0,1,0,1,0,0,0.553,0.36772478012531734,0,0,3.713572066704308,1978.0,2010,Developing,"Behar, A. (2010): The elasticity of substitution between skilled and unskilled labor in developing countries is about 2. Technical report, Department of Economics, University of Oxford."
7,6,Behar (2010),-0.0264,0.0218,45.87155963302752,-1.2110091743119267,0.02631578947368421,290.1172,,0,1,0,0,1,0,0,1,1,0,0,3.912023005428146,0,0,0,1,0,1,0,0,0,0,0,0,0,0,0,0,1,0,0,0.553,0.36772478012531734,0,0,3.713572066704308,1978.0,2010,Developing,"Behar, A. (2010): The elasticity of substitution between skilled and unskilled labor in developing countries is about 2. Technical report, Department of Economics, University of Oxford."
7,6,Behar (2010),-0.0078,0.0439,22.779043280182233,-0.1776765375854214,0.02631578947368421,144.0673,,0,1,0,0,1,0,0,1,1,0,0,3.912023005428146,0,0,0,1,0,1,0,0,0,1,0,0,0,0,1,0,1,0,0,0.553,0.36772478012531734,0,0,3.713572066704308,1978.0,2010,Developing,"Behar, A. (2010): The elasticity of substitution between skilled and unskilled labor in developing countries is about 2. Technical report, Department of Economics, University of Oxford."
7,6,Behar (2010),-0.0078,0.0439,22.779043280182233,-0.1776765375854214,0.02631578947368421,144.0673,,0,1,0,0,1,0,0,1,1,0,0,3.912023005428146,0,0,0,1,0,1,0,0,0,1,0,0,0,0,1,0,1,0,0,0.553,0.36772478012531734,0,0,3.713572066704308,1978.0,2010,Developing,"Behar, A. (2010): The elasticity of substitution between skilled and unskilled labor in developing countries is about 2. Technical report, Department of Economics, University of Oxford."
32,6,Foldvari & Lewuwen (2006),1.506024096385542,0.8184913567312728,1.2217600000000002,1.84,0.5,,15.91867,1,0,0,1,0,0,0,1,1,0,0,4.174387269895637,0,0,0,1,0,0,1,0,0,0,0,0,0,0,1,0,1,0,0,0.0,0.0,0,0,3.6109179126442243,1993.0,2006,Developing,"Foldvari, P. & B. van Leeuwen (2006): Is there an optimal allocation of skills? A two-level CES approach. Technical report, Department of Economics, University of Warwick."
68,6,Robbins (1996),1.5,,,,1.0,,,1,0,0,1,0,0,0,1,1,0,0,4.02535169073515,0,0,0,1,0,1,0,0,0,0,0,0,0,0,1,0,0,0,0,0.143,2.6905058914513007,0,0,3.295836866004329,1984.0,1996,Developing,"Robbins, D. J. (1996): Evidence on trade and wages in the developing world. OECD Development Centre Working Papers 119, OECD Development Centre, Organisation for Economic Co-operation and Development."
85,6,Cruz et al. (2020),16.129032258064516,10.665972944849116,0.09375609756097561,1.5121951219512193,0.1111111111111111,,279.1591,1,0,0,1,0,0,0,1,1,0,0,4.382026634673881,0,0,0,1,0,0,1,0,0,0,1,0,0,0,1,1,1,0,0,0.003,0.6931471805599453,1,0,3.9318256327243257,2008.0,2020,Developing,"Cruz, M., E. Milet, & M. Olarreaga (2020): Online exports and the skilled-unskilled wage gap. Plos ONE 15(5): art. e0232396"
85,6,Cruz et al. (2020),14.925373134328357,6.68300289596792,0.14963333333333337,2.2333333333333334,0.1111111111111111,,381.5175,1,0,0,1,0,0,0,1,1,0,0,4.382026634673881,0,0,0,1,0,0,1,0,1,0,0,0,0,0,1,1,1,0,0,0.003,0.6931471805599453,1,0,3.9318256327243257,2008.0,2020,Developing,"Cruz, M., E. Milet, & M. Olarreaga (2020): Online exports and the skilled-unskilled wage gap. Plos ONE 15(5): art. e0232396"
85,6,Cruz et al. (2020),0.7886435331230284,0.5342624565872881,1.8717392316647266,1.4761350407450524,0.1111111111111111,,13.32424,1,0,0,1,0,0,0,1,1,0,0,4.382026634673881,0,0,0,1,0,0,1,0,1,0,0,0,0,0,1,1,1,0,0,0.003,0.6931471805599453,1,0,3.9318256327243257,2008.0,2020,Developing,"Cruz, M., E. Milet, & M. Olarreaga (2020): Online exports and the skilled-unskilled wage gap. Plos ONE 15(5): art. e0232396"
85,6,Cruz et al. (2020),-5.0,8.45,0.1183431952662722,-0.591715976331361,0.1111111111111111,,33.8625,1,0,0,1,0,0,0,1,1,0,0,4.382026634673881,0,0,0,1,0,0,1,0,1,0,0,0,0,0,1,1,1,0,0,0.003,0.6931471805599453,1,0,3.9318256327243257,2008.0,2020,Developing,"Cruz, M., E. Milet, & M. Olarreaga (2020): Online exports and the skilled-unskilled wage gap. Plos ONE 15(5): art. e0232396"
85,6,Cruz et al. (2020),30.3030303030303,39.48576675849402,0.025325581395348844,0.7674418604651164,0.1111111111111111,,266.175,1,0,0,1,0,0,0,1,1,0,0,4.382026634673881,0,0,0,1,0,0,1,0,1,0,0,0,0,0,1,1,0,1,0,0.003,0.6931471805599453,1,0,3.9318256327243257,2008.0,2020,Developing,"Cruz, M., E. Milet, & M. Olarreaga (2020): Online exports and the skilled-unskilled wage gap. Plos ONE 15(5): art. e0232396"
85,6,Cruz et al. (2020),-14.705882352941176,15.13840830449827,0.06605714285714286,-0.9714285714285713,0.1111111111111111,,163.5075,1,0,0,1,0,0,0,1,1,0,0,4.382026634673881,0,0,0,1,0,0,1,0,1,0,0,0,0,0,0,1,1,0,0,0.003,0.6931471805599453,1,0,3.9318256327243257,2008.0,2020,Developing,"Cruz, M., E. Milet, & M. Olarreaga (2020): Online exports and the skilled-unskilled wage gap. Plos ONE 15(5): art. e0232396"
85,6,Cruz et al. (2020),25.641025641025642,17.75147928994083,0.05633333333333333,1.4444444444444444,0.1111111111111111,,370.3704,1,0,0,1,0,0,0,1,1,0,0,4.382026634673881,0,0,0,1,0,0,1,0,0,0,1,0,0,0,1,1,1,0,0,0.003,0.6931471805599453,1,0,3.9318256327243257,2008.0,2020,Developing,"Cruz, M., E. Milet, & M. Olarreaga (2020): Online exports and the skilled-unskilled wage gap. Plos ONE 15(5): art. e0232396"
85,6,Cruz et al. (2020),-11.363636363636365,8.264462809917356,0.12099999999999998,-1.375,0.1111111111111111,,178.8363,1,0,0,1,0,0,0,1,1,0,0,4.382026634673881,0,0,0,1,0,0,1,0,1,0,0,0,0,0,0,1,0,1,0,0.003,0.6931471805599453,1,0,3.9318256327243257,2008.0,2020,Developing,"Cruz, M., E. Milet, & M. Olarreaga (2020): Online exports and the skilled-unskilled wage gap. Plos ONE 15(5): art. e0232396"
85,6,Cruz et al. (2020),43.47826086956522,56.710775047258984,0.01763333333333333,0.7666666666666666,0.1111111111111111,,333.3333,1,0,0,1,0,0,0,1,1,0,0,4.382026634673881,0,0,0,1,0,0,1,0,0,0,1,0,0,0,1,1,0,1,0,0.003,0.6931471805599453,1,0,3.9318256327243257,2008.0,2020,Developing,"Cruz, M., E. Milet, & M. Olarreaga (2020): Online exports and the skilled-unskilled wage gap. Plos ONE 15(5): art. e0232396"
6,7,Avalos & Savvides (2006),1.3280212483399736,0.31072542059762626,3.218275473170731,4.273938211382113,0.041666666666666664,,139.8388,1,0,0,1,0,0,1,0,1,0,0,3.970291913552122,0,0,0,1,0,0,1,0,0,1,0,0,0,0,1,1,0,1,0,0.127,1.5459245067117746,1,0,3.6109179126442243,1981.0,2006,East Asia,"Avalos, A. & A. Savvides (2006): The manufacturing wage inequality in Latin America and East Asia: Openness, technology transfer, and labor supply. Review of Development Economics 10(4): pp. 553-576."
6,7,Avalos & Savvides (2006),1.4556040756914121,0.4198199222500524,2.3819736677583916,3.467210578978736,0.041666666666666664,,124.342,1,0,0,1,0,0,1,0,1,0,0,3.970291913552122,0,0,0,1,0,0,1,0,0,1,1,0,0,0,1,1,0,1,0,0.127,1.5459245067117746,1,0,3.6109179126442243,1981.0,2006,East Asia,"Avalos, A. & A. Savvides (2006): The manufacturing wage inequality in Latin America and East Asia: Openness, technology transfer, and labor supply. Review of Development Economics 10(4): pp. 553-576."
6,7,Avalos & Savvides (2006),1.5552099533437014,0.5719381023227448,1.7484409518072286,2.719192771084337,0.041666666666666664,,101.141,1,0,0,1,0,0,1,0,1,0,0,3.970291913552122,0,0,0,1,0,0,1,0,0,1,1,0,0,0,1,1,0,1,0,0.127,1.5459245067117746,1,0,3.6109179126442243,1981.0,2006,East Asia,"Avalos, A. & A. Savvides (2006): The manufacturing wage inequality in Latin America and East Asia: Openness, technology transfer, and labor supply. Review of Development Economics 10(4): pp. 553-576."
6,7,Avalos & Savvides (2006),1.2738853503184715,0.5771531511822876,1.7326423635589936,2.207187724278973,0.041666666666666664,,67.24618,1,0,0,1,0,0,1,0,1,0,0,3.970291913552122,0,0,0,1,0,0,1,0,0,1,1,0,0,0,1,1,0,1,0,0.127,1.5459245067117746,1,0,3.6109179126442243,1981.0,2006,East Asia,"Avalos, A. & A. Savvides (2006): The manufacturing wage inequality in Latin America and East Asia: Openness, technology transfer, and labor supply. Review of Development Economics 10(4): pp. 553-576."
6,7,Avalos & Savvides (2006),1.0141987829614605,0.4742396708625741,2.1086384405192065,2.138578540080331,0.041666666666666664,,51.87359,1,0,0,1,0,0,1,0,1,0,0,3.970291913552122,0,0,0,1,0,0,1,0,0,1,1,0,0,0,1,1,0,1,0,0.127,1.5459245067117746,1,0,3.6109179126442243,1981.0,2006,East Asia,"Avalos, A. & A. Savvides (2006): The manufacturing wage inequality in Latin America and East Asia: Openness, technology transfer, and labor supply. Review of Development Economics 10(4): pp. 553-576."
6,7,Avalos & Savvides (2006),1.1210762331838564,0.5693767330930988,1.756306399398463,1.9689533625543305,0.041666666666666664,,52.79206,1,0,0,1,0,0,1,0,1,0,0,3.970291913552122,0,0,0,1,0,0,1,0,0,1,1,0,0,0,1,1,0,1,0,0.127,1.5459245067117746,1,0,3.6109179126442243,1981.0,2006,East Asia,"Avalos, A. & A. Savvides (2006): The manufacturing wage inequality in Latin America and East Asia: Openness, technology transfer, and labor supply. Review of Development Economics 10(4): pp. 553-576."
6,7,Avalos & Savvides (2006),1.3440860215053763,0.6389661423866304,1.5650281504194514,2.103532460241198,0.041666666666666664,,69.65794,1,0,0,1,0,0,1,0,1,0,0,3.970291913552122,0,0,0,1,0,0,1,0,0,1,0,0,0,0,1,1,0,1,0,0.127,1.5459245067117746,1,0,3.6109179126442243,1981.0,2006,East Asia,"Avalos, A. & A. Savvides (2006): The manufacturing wage inequality in Latin America and East Asia: Openness, technology transfer, and labor supply. Review of Development Economics 10(4): pp. 553-576."
6,7,Avalos & Savvides (2006),1.2019230769230769,0.5692435885688508,1.7567171946795648,2.1114389359129384,0.041666666666666664,,62.5244,1,0,0,1,0,0,1,0,1,0,0,3.970291913552122,0,0,0,1,0,0,1,0,0,1,1,0,0,0,1,1,0,1,0,0.127,1.5459245067117746,1,0,3.6109179126442243,1981.0,2006,East Asia,"Avalos, A. & A. Savvides (2006): The manufacturing wage inequality in Latin America and East Asia: Openness, technology transfer, and labor supply. Review of Development Economics 10(4): pp. 553-576."
6,7,Avalos & Savvides (2006),1.1037527593818983,0.4803570629316434,2.0817847330003842,2.297775643488283,0.041666666666666664,,60.65651,1,0,0,1,0,0,1,0,1,0,0,3.970291913552122,0,0,0,1,0,0,1,0,0,1,1,0,0,0,1,1,0,1,0,0.127,1.5459245067117746,1,0,3.6109179126442243,1981.0,2006,East Asia,"Avalos, A. & A. Savvides (2006): The manufacturing wage inequality in Latin America and East Asia: Openness, technology transfer, and labor supply. Review of Development Economics 10(4): pp. 553-576."
6,7,Avalos & Savvides (2006),1.2626262626262625,0.6671638837596662,1.4988820953027369,1.8925278981095162,0.041666666666666664,,57.14986,1,0,0,1,0,0,1,0,1,0,0,3.970291913552122,0,0,0,1,0,0,1,0,0,1,1,0,0,0,1,1,0,1,0,0.127,1.5459245067117746,1,0,3.6109179126442243,1981.0,2006,East Asia,"Avalos, A. & A. Savvides (2006): The manufacturing wage inequality in Latin America and East Asia: Openness, technology transfer, and labor supply. Review of Development Economics 10(4): pp. 553-576."
6,7,Avalos & Savvides (2006),1.272264631043257,0.6868949186858812,1.4558267542772472,1.8521968883934443,0.041666666666666664,,56.35891,1,0,0,1,0,0,1,0,1,0,0,3.970291913552122,0,0,0,1,0,0,1,0,0,1,1,0,0,0,1,1,0,1,0,0.127,1.5459245067117746,1,0,3.6109179126442243,1981.0,2006,East Asia,"Avalos, A. & A. Savvides (2006): The manufacturing wage inequality in Latin America and East Asia: Openness, technology transfer, and labor supply. Review of Development Economics 10(4): pp. 553-576."
6,7,Avalos & Savvides (2006),1.183431952662722,0.6270987114716763,1.5946452794540087,1.8871541768686495,0.041666666666666664,,53.41321,1,0,0,1,0,0,1,0,1,0,0,3.970291913552122,0,0,0,1,0,0,1,0,0,1,1,0,0,0,1,1,0,1,0,0.127,1.5459245067117746,1,0,3.6109179126442243,1981.0,2006,East Asia,"Avalos, A. & A. Savvides (2006): The manufacturing wage inequality in Latin America and East Asia: Openness, technology transfer, and labor supply. Review of Development Economics 10(4): pp. 553-576."
70,7,Te Velde & Morrissey (2004),7.692307692307692,11.312217194570135,0.0884,0.68,0.1111111111111111,,36.23983,1,0,0,1,0,0,0,1,1,0,0,4.02535169073515,0,0,0,1,0,1,0,0,1,0,1,0,0,0,0,0,1,0,0,0.008,2.367123614131617,1,0,3.5553480614894135,1984.0,2004,East Asia,"te Velde, D. W. & O. Morrissey (2004): Foreign direct investment, skills and wage inequality in East Asia. Journal of the Asia Pacific Economy 9(3): pp. 348-369."
70,7,Te Velde & Morrissey (2004),3.7037037037037033,2.6455026455026456,0.378,1.3999999999999997,0.1111111111111111,,35.92402,1,0,0,1,0,0,0,1,1,0,0,4.02535169073515,0,0,0,1,0,1,0,0,1,0,1,0,0,0,0,0,1,0,0,0.008,2.367123614131617,1,0,3.5553480614894135,1984.0,2004,East Asia,"te Velde, D. W. & O. Morrissey (2004): Foreign direct investment, skills and wage inequality in East Asia. Journal of the Asia Pacific Economy 9(3): pp. 348-369."
70,7,Te Velde & Morrissey (2004),2.857142857142857,1.1031439602868176,0.9064999999999999,2.59,0.1111111111111111,,51.26871,1,0,0,1,0,0,0,1,1,0,0,4.02535169073515,0,0,0,1,0,1,0,0,1,0,1,0,0,0,0,0,1,0,0,0.008,2.367123614131617,1,0,3.5553480614894135,1984.0,2004,East Asia,"te Velde, D. W. & O. Morrissey (2004): Foreign direct investment, skills and wage inequality in East Asia. Journal of the Asia Pacific Economy 9(3): pp. 348-369."
70,7,Te Velde & Morrissey (2004),2.5,0.9615384615384615,1.04,2.6,0.1111111111111111,,45.03332,1,0,0,1,0,0,0,1,1,0,0,4.02535169073515,0,0,0,1,0,1,0,0,1,0,1,0,0,0,0,0,1,0,0,0.008,2.367123614131617,1,0,3.5553480614894135,1984.0,2004,East Asia,"te Velde, D. W. & O. Morrissey (2004): Foreign direct investment, skills and wage inequality in East Asia. Journal of the Asia Pacific Economy 9(3): pp. 348-369."
70,7,Te Velde & Morrissey (2004),1.9607843137254901,0.6304772712943698,1.5861,3.11,0.1111111111111111,,42.24846,1,0,0,1,0,0,0,1,1,0,0,4.02535169073515,0,0,0,1,0,1,0,0,1,0,1,0,0,0,0,0,1,0,0,0.008,2.367123614131617,1,0,3.5553480614894135,1984.0,2004,East Asia,"te Velde, D. W. & O. Morrissey (2004): Foreign direct investment, skills and wage inequality in East Asia. Journal of the Asia Pacific Economy 9(3): pp. 348-369."
70,7,Te Velde & Morrissey (2004),2.7027027027027026,2.8509522180408258,0.35075999999999996,0.948,0.1111111111111111,,17.93513,1,0,0,1,0,0,0,1,1,0,0,4.02535169073515,0,0,0,1,0,1,0,0,1,0,1,0,0,0,0,0,1,0,0,0.008,2.367123614131617,1,0,3.5553480614894135,1984.0,2004,East Asia,"te Velde, D. W. & O. Morrissey (2004): Foreign direct investment, skills and wage inequality in East Asia. Journal of the Asia Pacific Economy 9(3): pp. 348-369."
70,7,Te Velde & Morrissey (2004),2.7027027027027026,2.8509522180408258,0.35075999999999996,0.948,0.1111111111111111,,18.11722,1,0,0,1,0,0,0,1,1,0,0,4.02535169073515,0,0,0,1,0,1,0,0,1,0,1,0,0,0,0,0,1,0,0,0.008,2.367123614131617,1,0,3.5553480614894135,1984.0,2004,East Asia,"te Velde, D. W. & O. Morrissey (2004): Foreign direct investment, skills and wage inequality in East Asia. Journal of the Asia Pacific Economy 9(3): pp. 348-369."
70,7,Te Velde & Morrissey (2004),2.6315789473684212,5.47105810263705,0.18278,0.48100000000000004,0.1111111111111111,,9.039545,1,0,0,1,0,0,0,1,1,0,0,4.02535169073515,0,0,0,1,0,1,0,0,1,0,1,0,0,0,0,0,1,0,0,0.008,2.367123614131617,1,0,3.5553480614894135,1984.0,2004,East Asia,"te Velde, D. W. & O. Morrissey (2004): Foreign direct investment, skills and wage inequality in East Asia. Journal of the Asia Pacific Economy 9(3): pp. 348-369."
70,7,Te Velde & Morrissey (2004),2.7777777777777777,5.775005775005775,0.17315999999999998,0.481,0.1111111111111111,,9.634834,1,0,0,1,0,0,0,1,1,0,0,4.02535169073515,0,0,0,1,0,1,0,0,1,0,1,0,0,0,0,0,1,0,0,0.008,2.367123614131617,1,0,3.5553480614894135,1984.0,2004,East Asia,"te Velde, D. W. & O. Morrissey (2004): Foreign direct investment, skills and wage inequality in East Asia. Journal of the Asia Pacific Economy 9(3): pp. 348-369."
42,8,Jamet et al. (2005),0.32,,,,0.3333333333333333,,,1,0,0,1,0,0,1,0,1,0,0,4.204692619390966,0,1,1,0,0,0,1,0,0,0,0,0,0,1,1,0,1,0,0,0.009,0.9162907318741551,1,0,3.58351893845611,1995.0,2005,France,"Jamet, S. (2005): De l'impact sectoriel a l'effet macro-economique des allegements de cotisations sociales. Revue Francaise D'Economie 19(3): pp. 57-90."
42,8,Jamet et al. (2005),0.46,,,,0.3333333333333333,,,1,0,0,1,0,0,1,0,1,0,0,4.204692619390966,0,1,1,0,0,0,1,0,0,0,0,0,0,1,1,0,1,0,0,0.009,0.9162907318741551,1,0,3.58351893845611,1995.0,2005,France,"Jamet, S. (2005): De l'impact sectoriel a l'effet macro-economique des allegements de cotisations sociales. Revue Francaise D'Economie 19(3): pp. 57-90."
42,8,Jamet et al. (2005),1.1,,,,0.3333333333333333,,,1,0,0,1,0,0,1,0,1,0,0,4.204692619390966,0,1,1,0,0,0,1,0,0,0,0,0,0,0,0,0,1,0,0,0.009,0.9162907318741551,1,0,3.58351893845611,1995.0,2005,France,"Jamet, S. (2005): De l'impact sectoriel a l'effet macro-economique des allegements de cotisations sociales. Revue Francaise D'Economie 19(3): pp. 57-90."
72,8,Verdugo (2014),12.820512820512821,1.9723865877712032,0.507,6.5,0.07142857142857142,,889.7565,1,0,0,1,0,0,0,1,1,0,0,4.2626798770413155,0,1,1,0,0,0,1,0,1,0,1,0,0,0,1,1,1,0,0,0.675,1.9459101490553132,1,0,3.8066624897703196,1999.0,2014,France,"Verdugo, G. (2014): The great compression of the French wage structure, 1969-2008. Labour Economics 28: pp. 131-144."
72,8,Verdugo (2014),12.658227848101266,1.922768787053357,0.5200833333333333,6.583333333333333,0.07142857142857142,,889.7565,1,0,0,1,0,0,0,1,1,0,0,4.2626798770413155,0,1,1,0,0,0,1,0,1,0,1,0,0,0,1,1,1,0,0,0.675,1.9459101490553132,1,0,3.8066624897703196,1999.0,2014,France,"Verdugo, G. (2014): The great compression of the French wage structure, 1969-2008. Labour Economics 28: pp. 131-144."
72,8,Verdugo (2014),10.638297872340425,1.6976007243096423,0.5890666666666667,6.266666666666667,0.07142857142857142,,421.637,1,0,0,1,0,0,0,1,1,0,0,4.2626798770413155,0,1,1,0,0,0,1,0,1,0,1,0,0,0,1,1,1,0,0,0.675,1.9459101490553132,1,0,3.8066624897703196,1999.0,2014,France,"Verdugo, G. (2014): The great compression of the French wage structure, 1969-2008. Labour Economics 28: pp. 131-144."
72,8,Verdugo (2014),10.309278350515463,1.913061961951323,0.5227222222222223,5.388888888888889,0.07142857142857142,,684.9349,1,0,0,1,0,0,0,1,1,0,0,4.2626798770413155,0,1,1,0,0,0,1,0,1,0,1,0,0,0,1,1,1,0,0,0.675,1.9459101490553132,1,0,3.8066624897703196,1999.0,2014,France,"Verdugo, G. (2014): The great compression of the French wage structure, 1969-2008. Labour Economics 28: pp. 131-144."
72,8,Verdugo (2014),7.874015748031496,2.17000434000868,0.4608285714285715,3.628571428571429,0.07142857142857142,,180.7016,1,0,0,1,0,0,0,1,1,0,0,4.2626798770413155,0,1,1,0,0,0,1,0,1,0,1,0,0,0,1,1,0,1,0,0.675,1.9459101490553132,1,0,3.8066624897703196,1999.0,2014,France,"Verdugo, G. (2014): The great compression of the French wage structure, 1969-2008. Labour Economics 28: pp. 131-144."
72,8,Verdugo (2014),4.219409282700422,3.6140931830725136,0.27669458128078817,1.1674876847290638,0.07142857142857142,,21.47241,1,0,0,1,0,0,0,1,1,0,0,4.2626798770413155,0,1,1,0,0,0,1,0,1,0,1,0,0,0,0,0,1,0,0,0.675,1.9459101490553132,1,0,3.8066624897703196,1999.0,2014,France,"Verdugo, G. (2014): The great compression of the French wage structure, 1969-2008. Labour Economics 28: pp. 131-144."
72,8,Verdugo (2014),3.571428571428571,2.716836734693877,0.3680751173708921,1.3145539906103287,0.07142857142857142,,20.46431,1,0,0,1,0,0,0,1,1,0,0,4.2626798770413155,0,1,1,0,0,0,1,0,1,0,0,0,0,0,0,0,1,0,0,0.675,1.9459101490553132,1,0,3.8066624897703196,1999.0,2014,France,"Verdugo, G. (2014): The great compression of the French wage structure, 1969-2008. Labour Economics 28: pp. 131-144."
72,8,Verdugo (2014),5.0761421319796955,5.591486510860882,0.17884331797235026,0.9078341013824885,0.07142857142857142,,20.08709,1,0,0,1,0,0,0,1,1,0,0,4.2626798770413155,0,1,1,0,0,0,1,0,1,0,1,0,0,0,0,0,1,0,0,0.675,1.9459101490553132,1,0,3.8066624897703196,1999.0,2014,France,"Verdugo, G. (2014): The great compression of the French wage structure, 1969-2008. Labour Economics 28: pp. 131-144."
72,8,Verdugo (2014),12.195121951219512,1.4872099940511598,0.6724000000000001,8.200000000000001,0.07142857142857142,,,1,0,0,1,0,0,0,1,1,0,0,4.2626798770413155,0,1,1,0,0,0,1,0,1,0,0,0,0,0,0,0,1,0,0,0.675,1.9459101490553132,1,0,3.8066624897703196,1999.0,2014,France,"Verdugo, G. (2014): The great compression of the French wage structure, 1969-2008. Labour Economics 28: pp. 131-144."
72,8,Verdugo (2014),12.195121951219512,2.23081499107674,0.4482666666666667,5.466666666666667,0.07142857142857142,,,1,0,0,1,0,0,0,1,1,0,0,4.2626798770413155,0,1,1,0,0,0,1,0,1,0,0,0,0,0,0,0,1,0,0,0.675,1.9459101490553132,1,0,3.8066624897703196,1999.0,2014,France,"Verdugo, G. (2014): The great compression of the French wage structure, 1969-2008. Labour Economics 28: pp. 131-144."
72,8,Verdugo (2014),13.157894736842106,2.2506925207756234,0.4443076923076923,5.846153846153846,0.07142857142857142,,,1,0,0,1,0,0,0,1,1,0,0,4.2626798770413155,0,1,1,0,0,0,1,0,1,0,0,0,0,0,0,0,1,0,0,0.675,1.9459101490553132,1,0,3.8066624897703196,1999.0,2014,France,"Verdugo, G. (2014): The great compression of the French wage structure, 1969-2008. Labour Economics 28: pp. 131-144."
72,8,Verdugo (2014),9.090909090909092,1.5702479338842976,0.6368421052631579,5.7894736842105265,0.07142857142857142,,,1,0,0,1,0,0,0,1,1,0,0,4.269697449699962,0,1,1,0,0,0,1,0,1,0,0,0,0,0,0,0,1,0,0,0.675,1.9459101490553132,1,0,3.8066624897703196,1999.5,2014,France,"Verdugo, G. (2014): The great compression of the French wage structure, 1969-2008. Labour Economics 28: pp. 131-144."
72,8,Verdugo (2014),10.416666666666666,2.170138888888889,0.4608,4.8,0.07142857142857142,,,1,0,0,1,0,0,0,1,1,0,0,4.269697449699962,0,1,1,0,0,0,1,0,1,0,0,0,0,0,0,0,1,0,0,0.675,1.9459101490553132,1,0,3.8066624897703196,1999.5,2014,France,"Verdugo, G. (2014): The great compression of the French wage structure, 1969-2008. Labour Economics 28: pp. 131-144."
72,8,Verdugo (2014),13.513513513513514,2.5566106647187734,0.39114285714285707,5.285714285714285,0.07142857142857142,,,1,0,0,1,0,0,0,1,1,0,0,4.102643365036796,0,1,1,0,0,0,1,0,1,0,0,0,0,0,0,0,1,0,0,0.675,1.9459101490553132,1,0,3.8066624897703196,1988.5,2014,France,"Verdugo, G. (2014): The great compression of the French wage structure, 1969-2008. Labour Economics 28: pp. 131-144."
38,9,Glitz & Wissmann (2021),1.6,0.8,1.25,2.0,0.3333333333333333,,24.37047,1,0,0,1,0,0,0,1,1,0,0,4.189654742026425,0,1,1,0,0,1,0,0,1,0,0,1,0,1,0,0,1,0,0,0.675,1.791759469228055,1,0,3.9512437185814275,1994.0,2021,Germany,"Glitz, A. & D. Wissmann (2021): Skill Premiums and the Supply of Young Workers in Germany. Labour Economics 72: art. 102034."
38,9,Glitz & Wissmann (2021),4.0,5.1,0.19607843137254904,0.7843137254901962,0.3333333333333333,,23.89262,1,0,0,1,0,0,0,1,1,0,0,4.189654742026425,0,1,1,0,0,1,0,0,1,0,0,1,0,1,0,0,1,0,0,0.675,1.791759469228055,1,0,3.9512437185814275,1994.0,2021,Germany,"Glitz, A. & D. Wissmann (2021): Skill Premiums and the Supply of Young Workers in Germany. Labour Economics 72: art. 102034."
38,9,Glitz & Wissmann (2021),5.0,9.2,0.10869565217391305,0.5434782608695653,0.3333333333333333,,20.69504,1,0,0,1,0,0,0,1,1,0,0,4.189654742026425,0,1,1,0,0,1,0,0,1,0,0,1,0,1,0,0,1,0,0,0.675,1.791759469228055,1,0,3.9512437185814275,1994.0,2021,Germany,"Glitz, A. & D. Wissmann (2021): Skill Premiums and the Supply of Young Workers in Germany. Labour Economics 72: art. 102034."
80,9,Brucker & Jahn (2011),2.86,0.633,1.5797788309636651,4.518167456556082,1.0,14.47891,,0,1,0,1,0,1,0,0,1,0,0,4.119037174812473,0,1,1,0,0,1,0,0,1,0,1,0,0,0,1,0,0,1,0,0.432,3.1570004211501135,1,0,3.7376696182833684,1989.5,2011,Germany,"Brucker, H. & E. J. Jahn (2011): Migration and Wage‐setting: Reassessing the Labor Market Effects of Migration. Scandinavian Journal of Economics 113(2): pp. 286-317."
81,9,Busch et al. (2020),3.048780487804878,1.11540749553837,0.8965333333333334,2.7333333333333334,1.0,,,1,0,0,1,0,1,0,0,1,0,1,4.283586561860629,0,1,1,0,0,0,1,0,1,0,0,0,1,0,1,0,1,0,0,1.768,1.9459101490553132,1,0,3.9318256327243257,2000.5,2020,Germany,"Busch, Ch., Krueger, D., Ludwig, A., Popova, I. & I., Zainab (2020): Should Germany have built a new wall? Macroeconomic lessons from the 2015-18 refugee wave. Journal of Monetary Economics 113(C), pp. 28-55."
86,9,D'Amuri et al. (2010),2.941176470588235,1.2110726643598615,0.8257142857142857,2.4285714285714284,0.5,,47.91574,1,0,1,0,0,1,0,0,1,0,0,4.189654742026425,0,1,1,0,0,0,1,0,1,0,0,0,0,0,0,1,0,0,1,0.684,3.6109179126442243,1,0,3.713572066704308,1994.0,2010,Germany,"D'Amuri, F., Ottaviano, G. I.P. & G. Peri (2010): The labor market impact of immigration in Western Germany in the 1990s. European Economic Review 54(4), pp. 550-570."
86,9,D'Amuri et al. (2010),2.7027027027027026,1.1687363038714391,0.855625,2.3124999999999996,0.5,,41.92628,1,0,1,0,0,1,0,0,1,0,0,4.189654742026425,0,1,1,0,0,1,0,0,1,0,0,0,1,0,0,1,0,0,1,0.684,3.6109179126442243,1,0,3.713572066704308,1994.0,2010,Germany,"D'Amuri, F., Ottaviano, G. I.P. & G. Peri (2010): The labor market impact of immigration in Western Germany in the 1990s. European Economic Review 54(4), pp. 550-570."
88,9,Dustmann et al. (2009),4.8543689320388355,0.42416815911018946,2.3575555555555554,11.444444444444446,0.3333333333333333,,,1,0,1,0,0,1,0,0,1,0,0,4.119037174812473,0,1,1,0,0,0,1,0,1,0,0,0,0,0,0,0,1,0,0,5.106,4.614295093765092,1,1,3.6888794541139363,1989.5,2009,Germany,"Dustmann, C., Ludsteck, J. & U. Schonberg (2009): Revisiting the German Wage Structure. The Quarterly Journal of Economics 124(2), pp. 843-881."
88,9,Dustmann et al. (2009),-2.074688796680498,0.8393450525989568,1.1914051282051281,-2.4717948717948715,0.3333333333333333,,,1,0,1,0,0,1,0,0,1,0,0,4.119037174812473,0,1,1,0,0,0,1,0,1,0,0,0,0,0,0,0,1,0,0,5.106,4.614295093765092,1,1,3.6888794541139363,1989.5,2009,Germany,"Dustmann, C., Ludsteck, J. & U. Schonberg (2009): Revisiting the German Wage Structure. The Quarterly Journal of Economics 124(2), pp. 843-881."
88,9,Dustmann et al. (2009),3.9682539682539684,0.31494079113126733,3.1752,12.6,0.3333333333333333,,,1,0,1,0,0,1,0,0,1,0,0,4.119037174812473,0,1,1,0,0,0,1,0,1,0,0,0,0,0,0,0,1,0,0,5.106,4.614295093765092,1,1,3.6888794541139363,1989.5,2009,Germany,"Dustmann, C., Ludsteck, J. & U. Schonberg (2009): Revisiting the German Wage Structure. The Quarterly Journal of Economics 124(2), pp. 843-881."
71,10,Tinbergen (1974),1.2,,,,0.25,,,1,0,0,1,0,0,0,1,1,0,1,3.332204510175204,0,1,1,0,0,0,0,1,0,0,0,0,0,0,0,0,1,0,0,0.126,1.6486586255873816,1,0,1.6094379124341003,1956.0,1974,Greece,"Tinbergen, J. (1974): Substitution of graduate by other labour. Kyklos 27(2): pp. 217-226."
71,10,Tinbergen (1974),0.6,,,,0.25,,,1,0,0,1,0,0,0,1,1,0,1,3.332204510175204,0,1,1,0,0,0,0,1,0,0,0,0,0,0,0,0,1,0,0,0.126,1.6486586255873816,1,0,1.6094379124341003,1956.0,1974,Greece,"Tinbergen, J. (1974): Substitution of graduate by other labour. Kyklos 27(2): pp. 217-226."
31,11,Fitzgerald & Kearney (2000),0.186,0.041,24.390243902439025,4.536585365853658,1.0,,,0,1,0,1,0,0,0,1,1,0,0,4.02535169073515,0,1,1,0,0,0,0,1,1,0,0,0,0,0,0,0,1,0,0,0.009,0.7932306391169277,0,0,3.4339872044851463,1984.0,2000,Ireland,"Fitzgerald, J. D. & I. Kearney (2000): Convergence in living standards in Ireland: The role of the new economy. ESRI Working Paper Series 134/2000, Economic and Social Research Institute."
48,11,Kearney (1997),0.213,,,,0.06666666666666667,,,0,1,0,1,0,0,1,0,1,0,0,4.007333185232471,0,1,1,0,0,0,0,1,1,0,0,0,0,1,1,0,0,1,0,0.009,0.20479441264601322,0,0,3.332204510175204,1983.0,1997,Ireland,"Kearney, I. (1997): Estimating the demand for skilled labour, unskilled labour and clerical workers: A dynamic framework. ESRI Working Paper Series 91/1997, The Economic and Social Research Institute."
48,11,Kearney (1997),0.262,,,,0.06666666666666667,,,0,1,0,1,0,0,1,0,1,0,0,4.102643365036796,0,1,1,0,0,0,0,1,1,0,0,0,0,1,1,0,0,1,0,0.009,0.20479441264601322,0,0,3.332204510175204,1988.5,1997,Ireland,"Kearney, I. (1997): Estimating the demand for skilled labour, unskilled labour and clerical workers: A dynamic framework. ESRI Working Paper Series 91/1997, The Economic and Social Research Institute."
48,11,Kearney (1997),0.446,,,,0.06666666666666667,,,0,1,0,1,0,0,1,0,1,0,0,4.007333185232471,0,1,1,0,0,0,0,1,1,0,0,0,0,1,1,0,0,1,0,0.009,0.20479441264601322,0,0,3.332204510175204,1983.0,1997,Ireland,"Kearney, I. (1997): Estimating the demand for skilled labour, unskilled labour and clerical workers: A dynamic framework. ESRI Working Paper Series 91/1997, The Economic and Social Research Institute."
48,11,Kearney (1997),0.481,,,,0.06666666666666667,,,0,1,0,1,0,0,1,0,1,0,0,4.102643365036796,0,1,1,0,0,0,0,1,1,0,0,0,0,1,1,0,0,1,0,0.009,0.20479441264601322,0,0,3.332204510175204,1988.5,1997,Ireland,"Kearney, I. (1997): Estimating the demand for skilled labour, unskilled labour and clerical workers: A dynamic framework. ESRI Working Paper Series 91/1997, The Economic and Social Research Institute."
48,11,Kearney (1997),1.52,,,,0.06666666666666667,,,0,1,0,0,1,0,1,0,1,0,0,4.007333185232471,0,1,1,0,0,0,0,1,1,0,0,0,0,1,1,0,0,1,0,0.009,0.20479441264601322,0,0,3.332204510175204,1983.0,1997,Ireland,"Kearney, I. (1997): Estimating the demand for skilled labour, unskilled labour and clerical workers: A dynamic framework. ESRI Working Paper Series 91/1997, The Economic and Social Research Institute."
48,11,Kearney (1997),1.43,,,,0.06666666666666667,,,0,1,0,0,1,0,1,0,1,0,0,4.102643365036796,0,1,1,0,0,0,0,1,1,0,0,0,0,1,1,0,0,1,0,0.009,0.20479441264601322,0,0,3.332204510175204,1988.5,1997,Ireland,"Kearney, I. (1997): Estimating the demand for skilled labour, unskilled labour and clerical workers: A dynamic framework. ESRI Working Paper Series 91/1997, The Economic and Social Research Institute."
48,11,Kearney (1997),0.047,,,,0.06666666666666667,,,0,1,0,0,1,0,1,0,1,0,0,4.007333185232471,0,1,1,0,0,0,0,1,1,0,0,0,0,1,1,0,0,1,0,0.009,0.20479441264601322,0,0,3.332204510175204,1983.0,1997,Ireland,"Kearney, I. (1997): Estimating the demand for skilled labour, unskilled labour and clerical workers: A dynamic framework. ESRI Working Paper Series 91/1997, The Economic and Social Research Institute."
48,11,Kearney (1997),-0.095,,,,0.06666666666666667,,,0,1,0,0,1,0,1,0,1,0,0,4.04305126783455,0,1,1,0,0,0,0,1,1,0,0,0,0,1,1,0,0,1,0,0.009,0.20479441264601322,0,0,3.332204510175204,1985.0,1997,Ireland,"Kearney, I. (1997): Estimating the demand for skilled labour, unskilled labour and clerical workers: A dynamic framework. ESRI Working Paper Series 91/1997, The Economic and Social Research Institute."
48,11,Kearney (1997),0.67,,,,0.06666666666666667,,,0,1,0,0,1,0,1,0,1,0,0,4.060443010546419,0,1,1,0,0,0,0,1,1,0,0,0,0,1,1,0,0,1,0,0.009,0.20479441264601322,0,0,3.332204510175204,1986.0,1997,Ireland,"Kearney, I. (1997): Estimating the demand for skilled labour, unskilled labour and clerical workers: A dynamic framework. ESRI Working Paper Series 91/1997, The Economic and Social Research Institute."
48,11,Kearney (1997),0.69,,,,0.06666666666666667,,,0,1,0,0,1,0,1,0,1,0,0,4.060443010546419,0,1,1,0,0,0,0,1,1,0,0,0,0,1,1,0,0,1,0,0.009,0.20479441264601322,0,0,3.332204510175204,1986.0,1997,Ireland,"Kearney, I. (1997): Estimating the demand for skilled labour, unskilled labour and clerical workers: A dynamic framework. ESRI Working Paper Series 91/1997, The Economic and Social Research Institute."
48,11,Kearney (1997),0.54,,,,0.06666666666666667,,,0,1,0,0,1,0,1,0,1,0,0,4.060443010546419,0,1,1,0,0,0,0,1,1,0,0,0,0,1,1,0,0,1,0,0.009,0.20479441264601322,0,0,3.332204510175204,1986.0,1997,Ireland,"Kearney, I. (1997): Estimating the demand for skilled labour, unskilled labour and clerical workers: A dynamic framework. ESRI Working Paper Series 91/1997, The Economic and Social Research Institute."
48,11,Kearney (1997),0.25,,,,0.06666666666666667,,,0,1,0,0,1,0,1,0,1,0,0,4.060443010546419,0,1,1,0,0,0,0,1,1,0,0,0,0,1,1,0,0,1,0,0.009,0.20479441264601322,0,0,3.332204510175204,1986.0,1997,Ireland,"Kearney, I. (1997): Estimating the demand for skilled labour, unskilled labour and clerical workers: A dynamic framework. ESRI Working Paper Series 91/1997, The Economic and Social Research Institute."
48,11,Kearney (1997),0.06,,,,0.06666666666666667,,,0,1,0,0,1,0,1,0,1,0,0,4.060443010546419,0,1,1,0,0,0,0,1,1,0,0,0,0,1,1,0,0,1,0,0.009,0.20479441264601322,0,0,3.332204510175204,1986.0,1997,Ireland,"Kearney, I. (1997): Estimating the demand for skilled labour, unskilled labour and clerical workers: A dynamic framework. ESRI Working Paper Series 91/1997, The Economic and Social Research Institute."
48,11,Kearney (1997),2.27,,,,0.06666666666666667,,,0,1,0,0,1,0,1,0,1,0,0,4.060443010546419,0,1,1,0,0,0,0,1,1,0,0,0,0,1,1,0,0,1,0,0.009,0.20479441264601322,0,0,3.332204510175204,1986.0,1997,Ireland,"Kearney, I. (1997): Estimating the demand for skilled labour, unskilled labour and clerical workers: A dynamic framework. ESRI Working Paper Series 91/1997, The Economic and Social Research Institute."
48,11,Kearney (1997),0.88,,,,0.06666666666666667,,,0,1,0,0,1,0,1,0,1,0,0,4.060443010546419,0,1,1,0,0,0,0,1,1,0,0,0,0,1,1,0,0,1,0,0.009,0.20479441264601322,0,0,3.332204510175204,1986.0,1997,Ireland,"Kearney, I. (1997): Estimating the demand for skilled labour, unskilled labour and clerical workers: A dynamic framework. ESRI Working Paper Series 91/1997, The Economic and Social Research Institute."
2,12,Angrist (1995),6.25,2.34375,0.4266666666666667,2.6666666666666665,0.3333333333333333,,967.9589,1,0,1,0,0,1,0,0,0,1,0,4.02535169073515,0,0,1,0,0,0,0,1,1,0,0,0,0,0,1,0,0,0,1,1.872,2.4709204078132605,1,1,3.258096538021482,1984.0,1995,Israel,"Angrist, J. D. (1995): The economic returns to schooling in the West Bank and Gaza Strip. The American Economic Review 85(5): pp. 1065-1087."
2,12,Angrist (1995),3.571428571428571,0.8928571428571428,1.12,4.0,0.3333333333333333,,829.6791,1,0,1,0,0,1,0,0,0,1,0,4.02535169073515,0,0,1,0,0,0,0,1,1,0,0,0,0,0,1,0,0,0,1,1.872,2.4709204078132605,1,1,3.258096538021482,1984.0,1995,Israel,"Angrist, J. D. (1995): The economic returns to schooling in the West Bank and Gaza Strip. The American Economic Review 85(5): pp. 1065-1087."
2,12,Angrist (1995),4.0,1.76,0.5681818181818182,2.272727272727273,0.3333333333333333,,527.9776,1,0,1,0,0,1,0,0,0,1,0,4.02535169073515,0,0,1,0,0,0,0,1,1,0,0,0,0,0,1,0,0,0,1,1.872,2.4709204078132605,1,1,3.258096538021482,1984.0,1995,Israel,"Angrist, J. D. (1995): The economic returns to schooling in the West Bank and Gaza Strip. The American Economic Review 85(5): pp. 1065-1087."
47,13,Kawaguchi & Mori (2016),5.649717514124294,5.266685818251461,0.18987272727272725,1.0727272727272725,0.14285714285714285,,58.13129,1,0,0,1,0,0,0,1,1,0,0,4.23410650459726,0,0,1,0,0,0,1,0,1,0,0,1,0,0,1,1,1,0,0,0.274,1.2039728043259361,1,0,3.8501476017100584,1997.0,2016,Japan,"Kawaguchi, D. & Y. Mori (2016): Why has wage inequality evolved so di erently between Japan and the US? The role of the supply of college-educated workers. Economics of Education Review 52: pp. 29-50."
47,13,Kawaguchi & Mori (2016),3.4722222222222223,0.1687885802469136,5.924571428571428,20.57142857142857,0.14285714285714285,,685.1188,1,0,0,1,0,0,0,1,1,0,0,4.23410650459726,0,0,1,0,0,0,1,0,1,0,0,1,0,0,1,1,1,0,0,0.274,1.2039728043259361,1,0,3.8501476017100584,1997.0,2016,Japan,"Kawaguchi, D. & Y. Mori (2016): Why has wage inequality evolved so di erently between Japan and the US? The role of the supply of college-educated workers. Economics of Education Review 52: pp. 29-50."
21,14,Choi et al. (2005),2.197802197802198,0.676246830092984,1.4787499999999998,3.25,0.5,,,1,0,0,1,0,0,0,1,1,0,0,4.1588830833596715,0,0,1,0,0,1,0,0,1,0,0,0,0,0,1,0,0,1,0,0.023,0.3566749439387324,1,0,3.58351893845611,1992.0,2005,Korea,"Choi, K.-S., J.-H. Jeong, & J. Hwa Jung (2005): The rising supply of college graduates and declining returns for young cohort: The case of Korea. Global Economic Review 34(2): pp. 167-180."
21,14,Choi et al. (2005),5.617977528089888,2.104111433741531,0.47525999999999996,2.67,0.5,,,1,0,0,1,0,0,0,1,1,0,0,4.1588830833596715,0,0,1,0,0,1,0,0,1,0,0,0,0,0,1,0,0,1,0,0.023,0.3566749439387324,1,0,3.58351893845611,1992.0,2005,Korea,"Choi, K.-S., J.-H. Jeong, & J. Hwa Jung (2005): The rising supply of college graduates and declining returns for young cohort: The case of Korea. Global Economic Review 34(2): pp. 167-180."
50,14,Kim (2005),1.9920318725099602,0.14285487531943936,7.000111111111112,13.944444444444446,0.25,,138.8889,1,0,0,1,0,0,1,0,1,0,0,4.127134385045092,0,0,1,0,0,1,0,0,0,0,0,0,0,0,0,0,1,0,0,0.0,0.6190392084062235,1,0,3.58351893845611,1990.0,2005,Korea,"Kim, D. I. (2005): Growth in college education and wage di erentials in Korea. Seoul Journal of Economics 18(2): pp. 87-123."
50,14,Kim (2005),166.66666666666666,1999.9999999999998,0.0005,0.08333333333333334,0.25,,69.44445,1,0,0,1,0,0,1,0,1,0,0,4.127134385045092,0,0,1,0,0,1,0,0,0,0,0,0,0,0,0,0,1,0,0,0.0,0.6190392084062235,1,0,3.58351893845611,1990.0,2005,Korea,"Kim, D. I. (2005): Growth in college education and wage di erentials in Korea. Seoul Journal of Economics 18(2): pp. 87-123."
50,14,Kim (2005),2.3255813953488373,0.44348296376419694,2.2548780487804874,5.24390243902439,0.25,,60.97561,1,0,0,1,0,0,1,0,1,0,0,4.127134385045092,0,0,1,0,0,1,0,0,0,0,0,0,0,0,0,0,1,0,0,0.0,0.6190392084062235,1,0,3.58351893845611,1990.0,2005,Korea,"Kim, D. I. (2005): Growth in college education and wage di erentials in Korea. Seoul Journal of Economics 18(2): pp. 87-123."
50,14,Kim (2005),1.6920473773265652,0.8159619332285467,1.2255473684210525,2.0736842105263156,0.25,,17.54386,1,0,0,1,0,0,1,0,1,0,0,4.127134385045092,0,0,1,0,0,1,0,0,0,0,0,0,0,0,0,0,1,0,0,0.0,0.6190392084062235,1,0,3.58351893845611,1990.0,2005,Korea,"Kim, D. I. (2005): Growth in college education and wage di erentials in Korea. Seoul Journal of Economics 18(2): pp. 87-123."
54,14,Kwack (2012),2.0408163265306123,0.311575011684063,3.2094999999999994,6.549999999999999,0.3333333333333333,,,1,0,0,1,0,0,1,0,1,0,0,4.060443010546419,0,0,1,0,0,0,1,0,0,0,1,0,1,0,0,0,1,0,0,0.0,0.6190392084062235,1,0,3.7612001156935624,1986.0,2012,Korea,"Kwack, S. Y. (2012): Wage Inequality and the Contribution of Capital, Di erential Labor Quality and Efficiency to Economic Growth in Korea, 1965-2007. Seoul Journal of Economics 25(1): pp. 1-23."
54,14,Kwack (2012),2.127659574468085,0.35819184755354966,2.7918000000000003,5.94,0.3333333333333333,,,1,0,0,1,0,0,1,0,1,0,0,4.060443010546419,0,0,1,0,0,0,1,0,0,0,1,0,1,0,0,0,1,0,0,0.0,0.6190392084062235,1,0,3.7612001156935624,1986.0,2012,Korea,"Kwack, S. Y. (2012): Wage Inequality and the Contribution of Capital, Di erential Labor Quality and Efficiency to Economic Growth in Korea, 1965-2007. Seoul Journal of Economics 25(1): pp. 1-23."
54,14,Kwack (2012),2.564102564102564,0.659152330103487,1.5171,3.8899999999999992,0.3333333333333333,,,1,0,0,1,0,0,1,0,1,0,0,4.060443010546419,0,0,1,0,0,0,1,0,1,0,0,0,0,0,0,0,1,0,0,0.0,0.6190392084062235,1,0,3.7612001156935624,1986.0,2012,Korea,"Kwack, S. Y. (2012): Wage Inequality and the Contribution of Capital, Di erential Labor Quality and Efficiency to Economic Growth in Korea, 1965-2007. Seoul Journal of Economics 25(1): pp. 1-23."
6,15,Avalos & Savvides (2006),1.7271157167530227,0.3628394362926518,2.7560399999999996,4.76,0.041666666666666664,,202.5456,1,0,0,1,0,0,1,0,1,0,0,3.970291913552122,0,0,0,1,0,0,1,0,0,1,0,0,0,0,1,1,0,1,0,0.127,1.5459245067117746,1,0,3.6109179126442243,1981.0,2006,Latin America,"Avalos, A. & A. Savvides (2006): The manufacturing wage inequality in Latin America and East Asia: Openness, technology transfer, and labor supply. Review of Development Economics 10(4): pp. 553-576."
6,15,Avalos & Savvides (2006),1.7699115044247788,0.46211788627278827,2.16395,3.8299999999999996,0.041666666666666664,,167.0108,1,0,0,1,0,0,1,0,1,0,0,3.970291913552122,0,0,0,1,0,0,1,0,0,1,1,0,0,0,1,1,0,1,0,0.127,1.5459245067117746,1,0,3.6109179126442243,1981.0,2006,Latin America,"Avalos, A. & A. Savvides (2006): The manufacturing wage inequality in Latin America and East Asia: Openness, technology transfer, and labor supply. Review of Development Economics 10(4): pp. 553-576."
6,15,Avalos & Savvides (2006),2.4937655860349124,0.7104745259358726,1.40751,3.5099999999999993,0.041666666666666664,,209.3441,1,0,0,1,0,0,1,0,1,0,0,3.970291913552122,0,0,0,1,0,0,1,0,0,1,1,0,0,0,1,1,0,1,0,0.127,1.5459245067117746,1,0,3.6109179126442243,1981.0,2006,Latin America,"Avalos, A. & A. Savvides (2006): The manufacturing wage inequality in Latin America and East Asia: Openness, technology transfer, and labor supply. Review of Development Economics 10(4): pp. 553-576."
6,15,Avalos & Savvides (2006),1.6891891891891893,0.7249739009395662,1.3793600000000001,2.33,0.041666666666666664,,94.13091,1,0,0,1,0,0,1,0,1,0,0,3.970291913552122,0,0,0,1,0,0,1,0,0,1,1,0,0,0,1,1,0,1,0,0.127,1.5459245067117746,1,0,3.6109179126442243,1981.0,2006,Latin America,"Avalos, A. & A. Savvides (2006): The manufacturing wage inequality in Latin America and East Asia: Openness, technology transfer, and labor supply. Review of Development Economics 10(4): pp. 553-576."
6,15,Avalos & Savvides (2006),1.297016861219196,0.5842418293780162,1.71162,2.22,0.041666666666666664,,68.86469,1,0,0,1,0,0,1,0,1,0,0,3.970291913552122,0,0,0,1,0,0,1,0,0,1,1,0,0,0,1,1,0,1,0,0.127,1.5459245067117746,1,0,3.6109179126442243,1981.0,2006,Latin America,"Avalos, A. & A. Savvides (2006): The manufacturing wage inequality in Latin America and East Asia: Openness, technology transfer, and labor supply. Review of Development Economics 10(4): pp. 553-576."
6,15,Avalos & Savvides (2006),1.4684287812041115,0.7198180300020154,1.3892400000000003,2.04,0.041666666666666664,,71.6442,1,0,0,1,0,0,1,0,1,0,0,3.970291913552122,0,0,0,1,0,0,1,0,0,1,1,0,0,0,1,1,0,1,0,0.127,1.5459245067117746,1,0,3.6109179126442243,1981.0,2006,Latin America,"Avalos, A. & A. Savvides (2006): The manufacturing wage inequality in Latin America and East Asia: Openness, technology transfer, and labor supply. Review of Development Economics 10(4): pp. 553-576."
6,15,Avalos & Savvides (2006),1.607717041800643,0.79197883832544,1.26266,2.03,0.041666666666666664,,80.40814,1,0,0,1,0,0,1,0,1,0,0,3.970291913552122,0,0,0,1,0,0,1,0,0,1,0,0,0,0,1,1,0,1,0,0.127,1.5459245067117746,1,0,3.6109179126442243,1981.0,2006,Latin America,"Avalos, A. & A. Savvides (2006): The manufacturing wage inequality in Latin America and East Asia: Openness, technology transfer, and labor supply. Review of Development Economics 10(4): pp. 553-576."
6,15,Avalos & Savvides (2006),1.8726591760299625,0.9046662686135086,1.1053799999999998,2.0699999999999994,0.041666666666666664,,95.50441,1,0,0,1,0,0,1,0,1,0,0,3.970291913552122,0,0,0,1,0,0,1,0,0,1,1,0,0,0,1,1,0,1,0,0.127,1.5459245067117746,1,0,3.6109179126442243,1981.0,2006,Latin America,"Avalos, A. & A. Savvides (2006): The manufacturing wage inequality in Latin America and East Asia: Openness, technology transfer, and labor supply. Review of Development Economics 10(4): pp. 553-576."
6,15,Avalos & Savvides (2006),1.488095238095238,0.6386674841610464,1.56576,2.33,0.041666666666666664,,82.92485,1,0,0,1,0,0,1,0,1,0,0,3.970291913552122,0,0,0,1,0,0,1,0,0,1,1,0,0,0,1,1,0,1,0,0.127,1.5459245067117746,1,0,3.6109179126442243,1981.0,2006,Latin America,"Avalos, A. & A. Savvides (2006): The manufacturing wage inequality in Latin America and East Asia: Openness, technology transfer, and labor supply. Review of Development Economics 10(4): pp. 553-576."
6,15,Avalos & Savvides (2006),1.6920473773265652,0.8952631626066483,1.11699,1.89,0.041666666666666664,,76.48431,1,0,0,1,0,0,1,0,1,0,0,3.970291913552122,0,0,0,1,0,0,1,0,0,1,1,0,0,0,1,1,0,1,0,0.127,1.5459245067117746,1,0,3.6109179126442243,1981.0,2006,Latin America,"Avalos, A. & A. Savvides (2006): The manufacturing wage inequality in Latin America and East Asia: Openness, technology transfer, and labor supply. Review of Development Economics 10(4): pp. 553-576."
6,15,Avalos & Savvides (2006),1.9569471624266144,1.0464958087842857,0.9555700000000001,1.87,0.041666666666666664,,87.5223,1,0,0,1,0,0,1,0,1,0,0,3.970291913552122,0,0,0,1,0,0,1,0,0,1,1,0,0,0,1,1,0,1,0,0.127,1.5459245067117746,1,0,3.6109179126442243,1981.0,2006,Latin America,"Avalos, A. & A. Savvides (2006): The manufacturing wage inequality in Latin America and East Asia: Openness, technology transfer, and labor supply. Review of Development Economics 10(4): pp. 553-576."
6,15,Avalos & Savvides (2006),1.658374792703151,0.8637368711995579,1.15776,1.9199999999999997,0.041666666666666664,,76.15211,1,0,0,1,0,0,1,0,1,0,0,3.970291913552122,0,0,0,1,0,0,1,0,0,1,1,0,0,0,1,1,0,1,0,0.127,1.5459245067117746,1,0,3.6109179126442243,1981.0,2006,Latin America,"Avalos, A. & A. Savvides (2006): The manufacturing wage inequality in Latin America and East Asia: Openness, technology transfer, and labor supply. Review of Development Economics 10(4): pp. 553-576."
7,15,Behar (2010),-0.196,0.0173,57.80346820809249,-11.329479768786127,0.02631578947368421,681.3504,,0,1,0,1,0,0,0,1,1,0,0,3.912023005428146,0,0,0,1,0,1,0,0,0,1,0,0,0,0,0,0,1,0,0,0.553,0.36772478012531734,0,0,3.713572066704308,1978.0,2010,Latin America,"Behar, A. (2010): The elasticity of substitution between skilled and unskilled labor in developing countries is about 2. Technical report, Department of Economics, University of Oxford."
7,15,Behar (2010),-0.0826,0.0412,24.271844660194173,-2.004854368932039,0.02631578947368421,327.4451,,0,1,0,1,0,0,0,1,1,0,0,3.912023005428146,0,0,0,1,0,1,0,0,1,1,0,0,0,0,1,0,1,0,0,0.553,0.36772478012531734,0,0,3.713572066704308,1978.0,2010,Latin America,"Behar, A. (2010): The elasticity of substitution between skilled and unskilled labor in developing countries is about 2. Technical report, Department of Economics, University of Oxford."
7,15,Behar (2010),-0.024,0.0616,16.233766233766232,-0.38961038961038963,0.02631578947368421,219.0055,,0,1,0,1,0,0,0,1,1,0,0,3.912023005428146,0,0,0,1,0,1,0,0,0,1,0,0,0,0,1,0,1,0,0,0.553,0.36772478012531734,0,0,3.713572066704308,1978.0,2010,Latin America,"Behar, A. (2010): The elasticity of substitution between skilled and unskilled labor in developing countries is about 2. Technical report, Department of Economics, University of Oxford."
7,15,Behar (2010),-0.0295,0.0619,16.155088852988694,-0.4765751211631664,0.02631578947368421,217.9441,,0,1,0,1,0,0,0,1,1,0,0,3.912023005428146,0,0,0,1,0,1,0,0,0,1,0,0,0,0,1,0,1,0,0,0.553,0.36772478012531734,0,0,3.713572066704308,1978.0,2010,Latin America,"Behar, A. (2010): The elasticity of substitution between skilled and unskilled labor in developing countries is about 2. Technical report, Department of Economics, University of Oxford."
7,15,Behar (2010),-0.0966,0.024,41.666666666666664,-4.025,0.02631578947368421,562.1141,,0,1,0,1,0,0,0,1,1,0,0,3.912023005428146,0,0,0,1,0,1,0,0,0,1,0,0,0,0,0,0,1,0,0,0.553,0.36772478012531734,0,0,3.713572066704308,1978.0,2010,Latin America,"Behar, A. (2010): The elasticity of substitution between skilled and unskilled labor in developing countries is about 2. Technical report, Department of Economics, University of Oxford."
7,15,Behar (2010),0.197,0.0323,30.959752321981423,6.099071207430341,0.02631578947368421,417.6699,,0,1,0,1,0,0,0,1,1,0,0,3.912023005428146,0,0,0,1,0,1,0,0,0,1,0,0,0,0,1,0,1,0,0,0.553,0.36772478012531734,0,0,3.713572066704308,1978.0,2010,Latin America,"Behar, A. (2010): The elasticity of substitution between skilled and unskilled labor in developing countries is about 2. Technical report, Department of Economics, University of Oxford."
7,15,Behar (2010),0.124,0.0508,19.68503937007874,2.440944881889764,0.02631578947368421,265.5657,,0,1,0,1,0,0,0,1,1,0,0,3.912023005428146,0,0,0,1,0,1,0,0,1,1,0,0,0,0,1,0,1,0,0,0.553,0.36772478012531734,0,0,3.713572066704308,1978.0,2010,Latin America,"Behar, A. (2010): The elasticity of substitution between skilled and unskilled labor in developing countries is about 2. Technical report, Department of Economics, University of Oxford."
7,15,Behar (2010),0.123,0.0513,19.49317738791423,2.3976608187134505,0.02631578947368421,262.9773,,0,1,0,1,0,0,0,1,1,0,0,3.912023005428146,0,0,0,1,0,1,0,0,0,1,0,0,0,0,1,0,1,0,0,0.553,0.36772478012531734,0,0,3.713572066704308,1978.0,2010,Latin America,"Behar, A. (2010): The elasticity of substitution between skilled and unskilled labor in developing countries is about 2. Technical report, Department of Economics, University of Oxford."
7,15,Behar (2010),0.202,0.0703,14.22475106685633,2.873399715504979,0.02631578947368421,191.9024,,0,1,0,1,0,0,0,1,1,0,0,3.912023005428146,0,0,0,1,0,1,0,0,0,1,0,0,0,0,1,0,1,0,0,0.553,0.36772478012531734,0,0,3.713572066704308,1978.0,2010,Latin America,"Behar, A. (2010): The elasticity of substitution between skilled and unskilled labor in developing countries is about 2. Technical report, Department of Economics, University of Oxford."
7,15,Behar (2010),0.163,0.0593,16.863406408094434,2.748735244519393,0.02631578947368421,227.4998,,0,1,0,1,0,0,0,1,1,0,0,3.912023005428146,0,0,0,1,0,1,0,0,0,1,0,0,0,0,1,0,1,0,0,0.553,0.36772478012531734,0,0,3.713572066704308,1978.0,2010,Latin America,"Behar, A. (2010): The elasticity of substitution between skilled and unskilled labor in developing countries is about 2. Technical report, Department of Economics, University of Oxford."
30,15,Fernandez & Messina (2018),1.2562814070351758,0.06786444786747808,14.73525581395349,18.511627906976745,0.16666666666666666,,455.719,1,0,0,1,0,0,0,1,1,0,0,4.30406509320417,0,0,0,1,0,0,1,0,0,0,0,1,0,0,1,0,1,0,0,0.766,2.512305623976115,1,0,3.8918202981106265,2002.0,2018,Latin America,"Fernandez, M. & J. Messina (2018): Skill premium, labor supply and changes in the structure of wages in Latin America. Journal of Development Economics 135 (C): pp. 555-573."
30,15,Fernandez & Messina (2018),1.4367816091954024,0.043351169242964734,23.067428571428568,33.14285714285714,0.16666666666666666,,933.139,1,0,0,1,0,0,0,1,1,0,0,4.30406509320417,0,0,0,1,0,0,1,0,0,0,0,1,0,0,1,1,1,0,0,0.766,2.512305623976115,1,0,3.8918202981106265,2002.0,2018,Latin America,"Fernandez, M. & J. Messina (2018): Skill premium, labor supply and changes in the structure of wages in Latin America. Journal of Development Economics 135 (C): pp. 555-573."
30,15,Fernandez & Messina (2018),1.4326647564469914,0.0821011321746127,12.180099999999998,17.449999999999996,0.16666666666666666,,489.8979,1,0,0,1,0,0,0,1,1,0,0,4.30406509320417,0,0,0,1,0,0,1,0,0,0,0,1,0,0,1,0,1,0,0,0.766,2.512305623976115,1,0,3.8918202981106265,2002.0,2018,Latin America,"Fernandez, M. & J. Messina (2018): Skill premium, labor supply and changes in the structure of wages in Latin America. Journal of Development Economics 135 (C): pp. 555-573."
30,15,Fernandez & Messina (2018),1.1560693641618498,0.06281532961341842,15.919680851063832,18.40425531914894,0.16666666666666666,,416.9344,1,0,0,1,0,0,0,1,1,0,0,4.30406509320417,0,0,0,1,0,0,1,0,0,0,0,1,0,0,1,0,1,0,0,0.766,2.512305623976115,1,0,3.8918202981106265,2002.0,2018,Latin America,"Fernandez, M. & J. Messina (2018): Skill premium, labor supply and changes in the structure of wages in Latin America. Journal of Development Economics 135 (C): pp. 555-573."
30,15,Fernandez & Messina (2018),1.1614401858304297,0.08228554162097121,12.152803278688525,14.114754098360656,0.16666666666666666,,321.2446,1,0,0,1,0,0,0,1,1,0,0,4.30406509320417,0,0,0,1,0,0,1,0,0,0,0,1,0,0,1,0,1,0,0,0.766,2.512305623976115,1,0,3.8918202981106265,2002.0,2018,Latin America,"Fernandez, M. & J. Messina (2018): Skill premium, labor supply and changes in the structure of wages in Latin America. Journal of Development Economics 135 (C): pp. 555-573."
30,15,Fernandez & Messina (2018),1.2004801920768309,0.06052841304589063,16.521166666666666,19.833333333333336,0.16666666666666666,,466.5695,1,0,0,1,0,0,0,1,1,0,0,4.30406509320417,0,0,0,1,0,0,1,0,0,0,0,1,0,0,1,0,1,0,0,0.766,2.512305623976115,1,0,3.8918202981106265,2002.0,2018,Latin America,"Fernandez, M. & J. Messina (2018): Skill premium, labor supply and changes in the structure of wages in Latin America. Journal of Development Economics 135 (C): pp. 555-573."
58,15,Manacorda et al. (2010),4.504504504504505,2.150799448096745,0.4649433962264151,2.0943396226415096,0.1,,210.1043,1,0,1,0,0,1,0,0,1,0,0,4.04305126783455,0,0,0,1,0,1,0,0,1,1,0,1,0,0,0,0,1,0,0,0.334,2.751535313041949,1,0,3.58351893845611,1985.0,2005,Latin America,"Manacorda, M., Sanchez-Paramo, C. & N. Schady (2010): Changes in returns to education in Latin America: The role of demand and supply of skills. Industrial & Labor Relations Review 63(2): pp. 307-326."
58,15,Manacorda et al. (2010),5.154639175257731,3.2150069082793067,0.31104132231404963,1.603305785123967,0.1,,184.0583,1,0,1,0,0,1,0,0,1,0,0,4.04305126783455,0,0,0,1,0,1,0,0,1,1,0,1,0,0,0,1,1,0,0,0.334,2.751535313041949,1,0,3.58351893845611,1985.0,2005,Latin America,"Manacorda, M., Sanchez-Paramo, C. & N. Schady (2010): Changes in returns to education in Latin America: The role of demand and supply of skills. Industrial & Labor Relations Review 63(2): pp. 307-326."
58,15,Manacorda et al. (2010),2.994011976047904,1.0219082792498833,0.9785614035087721,2.929824561403509,0.1,,195.3602,1,0,1,0,0,1,0,0,1,0,0,4.04305126783455,0,0,0,1,0,1,0,0,1,1,0,1,0,0,0,1,1,0,0,0.334,2.751535313041949,1,0,3.58351893845611,1985.0,2005,Latin America,"Manacorda, M., Sanchez-Paramo, C. & N. Schady (2010): Changes in returns to education in Latin America: The role of demand and supply of skills. Industrial & Labor Relations Review 63(2): pp. 307-326."
58,15,Manacorda et al. (2010),2.564102564102564,0.7100591715976331,1.4083333333333334,3.611111111111111,0.1,,206.2135,1,0,1,0,0,1,0,0,1,0,0,4.04305126783455,0,0,0,1,0,1,0,0,1,1,0,1,0,0,0,1,1,0,0,0.334,2.751535313041949,1,0,3.58351893845611,1985.0,2005,Latin America,"Manacorda, M., Sanchez-Paramo, C. & N. Schady (2010): Changes in returns to education in Latin America: The role of demand and supply of skills. Industrial & Labor Relations Review 63(2): pp. 307-326."
58,15,Manacorda et al. (2010),4.672897196261682,1.659533583719102,0.6025789473684211,2.8157894736842106,0.1,,278.5002,1,0,1,0,0,1,0,0,1,0,0,4.04305126783455,0,0,0,1,0,1,0,0,1,1,0,1,0,0,0,1,1,0,0,0.334,2.751535313041949,1,0,3.58351893845611,1985.0,2005,Latin America,"Manacorda, M., Sanchez-Paramo, C. & N. Schady (2010): Changes in returns to education in Latin America: The role of demand and supply of skills. Industrial & Labor Relations Review 63(2): pp. 307-326."
58,15,Manacorda et al. (2010),2.7624309392265194,0.8928298891975215,1.120034188034188,3.094017094017094,0.1,,180.9061,1,0,1,0,0,1,0,0,1,0,0,4.04305126783455,0,0,0,1,0,1,0,0,1,1,0,1,0,0,0,1,1,0,0,0.334,2.751535313041949,1,0,3.58351893845611,1985.0,2005,Latin America,"Manacorda, M., Sanchez-Paramo, C. & N. Schady (2010): Changes in returns to education in Latin America: The role of demand and supply of skills. Industrial & Labor Relations Review 63(2): pp. 307-326."
58,15,Manacorda et al. (2010),2.6246719160104988,0.840446125336695,1.189844262295082,3.1229508196721314,0.1,,173.4919,1,0,1,0,0,1,0,0,1,0,0,4.04305126783455,0,0,0,1,0,1,0,0,1,1,0,1,0,0,0,1,1,0,0,0.334,2.751535313041949,1,0,3.58351893845611,1985.0,2005,Latin America,"Manacorda, M., Sanchez-Paramo, C. & N. Schady (2010): Changes in returns to education in Latin America: The role of demand and supply of skills. Industrial & Labor Relations Review 63(2): pp. 307-326."
58,15,Manacorda et al. (2010),20.833333333333332,25.17361111111111,0.039724137931034485,0.8275862068965517,0.1,,364.9312,1,0,1,0,0,1,0,0,1,0,0,4.04305126783455,0,0,0,1,0,1,0,0,1,1,0,1,0,0,0,1,1,0,0,0.334,2.751535313041949,1,0,3.58351893845611,1985.0,2005,Latin America,"Manacorda, M., Sanchez-Paramo, C. & N. Schady (2010): Changes in returns to education in Latin America: The role of demand and supply of skills. Industrial & Labor Relations Review 63(2): pp. 307-326."
58,15,Manacorda et al. (2010),4.524886877828054,2.3136299420568784,0.4322212389380531,1.9557522123893805,0.1,,187.3098,1,0,1,0,0,1,0,0,1,0,0,4.04305126783455,0,0,0,1,0,1,0,0,1,1,0,1,0,0,0,1,1,0,0,0.334,2.751535313041949,1,0,3.58351893845611,1985.0,2005,Latin America,"Manacorda, M., Sanchez-Paramo, C. & N. Schady (2010): Changes in returns to education in Latin America: The role of demand and supply of skills. Industrial & Labor Relations Review 63(2): pp. 307-326."
58,15,Manacorda et al. (2010),3.4722222222222223,4.6899112654321,0.21322365038560406,0.7403598971722364,0.1,,32.51699,1,0,1,0,0,1,0,0,1,0,0,4.04305126783455,0,0,0,1,0,1,0,0,1,1,0,1,0,0,0,1,0,1,0,0.334,2.751535313041949,1,0,3.58351893845611,1985.0,2005,Latin America,"Manacorda, M., Sanchez-Paramo, C. & N. Schady (2010): Changes in returns to education in Latin America: The role of demand and supply of skills. Industrial & Labor Relations Review 63(2): pp. 307-326."
11,16,Binelli (2015),4.397537379067721,1.2299181060189404,0.8130622641509436,3.575471698113208,0.25,,,1,0,1,0,0,0,0,1,1,0,0,3.8501476017100584,0,0,0,1,0,0,1,0,1,0,0,0,0,1,1,0,0,1,0,0.442,1.4469189829363254,1,0,3.828641396489095,1975.0,2015,Mexico,"Binelli, C. (2015): How the wage-education profile got more convex: Evidence from Mexico. The B.E. Journal of Macroeconomics 15(2): pp. 509-560."
11,16,Binelli (2015),3.746721618583739,0.7805085125262489,1.281216007194245,4.800359712230217,0.25,,,1,0,1,0,0,0,0,1,1,0,0,3.8501476017100584,0,0,0,1,0,0,1,0,1,0,0,0,0,1,1,0,0,1,0,0.442,1.4469189829363254,1,0,3.828641396489095,1975.0,2015,Mexico,"Binelli, C. (2015): How the wage-education profile got more convex: Evidence from Mexico. The B.E. Journal of Macroeconomics 15(2): pp. 509-560."
11,16,Binelli (2015),3.621876131836291,0.7647786254475036,1.307567924528302,4.735849056603774,0.25,,,1,0,1,0,0,0,0,1,1,0,0,3.8501476017100584,0,0,0,1,0,0,1,0,1,0,0,0,0,1,1,0,0,1,0,0.442,1.4469189829363254,1,0,3.828641396489095,1975.0,2015,Mexico,"Binelli, C. (2015): How the wage-education profile got more convex: Evidence from Mexico. The B.E. Journal of Macroeconomics 15(2): pp. 509-560."
11,16,Binelli (2015),7.14796283059328,6.958917351871368,0.1437005139500735,1.0271659324522764,0.25,,,1,0,1,0,0,0,0,1,1,0,0,3.8501476017100584,0,0,0,1,0,0,1,0,1,0,0,0,0,1,1,0,0,1,0,0.442,1.4469189829363254,1,0,3.828641396489095,1975.0,2015,Mexico,"Binelli, C. (2015): How the wage-education profile got more convex: Evidence from Mexico. The B.E. Journal of Macroeconomics 15(2): pp. 509-560."
61,16,Mollick (2008),1.7301038062283738,0.11973036721303627,8.352099999999998,14.449999999999998,0.07692307692307693,,,1,0,1,0,0,1,0,0,1,0,0,4.248495242049359,0,0,0,1,1,1,0,0,0,0,0,0,0,0,0,0,1,0,0,0.129,0.8602012652231114,1,0,3.6635616461296463,1998.0,2008,Mexico,"Mollick, A. V. (2008): The rise of the skill premium in Mexican maquiladoras. The Journal of Development Studies 44(9): pp. 1382-1404."
61,16,Mollick (2008),1.7271157167530227,0.0894878609716592,11.1747,19.3,0.07692307692307693,,,1,0,1,0,0,1,0,0,1,0,0,4.248495242049359,0,0,0,1,1,1,0,0,1,0,0,0,0,0,0,0,1,0,0,0.129,0.8602012652231114,1,0,3.6635616461296463,1998.0,2008,Mexico,"Mollick, A. V. (2008): The rise of the skill premium in Mexican maquiladoras. The Journal of Development Studies 44(9): pp. 1382-1404."
61,16,Mollick (2008),2.3529411764705883,0.4484429065743945,2.229938271604938,5.246913580246913,0.07692307692307693,,,1,0,1,0,0,1,0,0,1,0,0,4.248495242049359,0,0,0,1,1,1,0,0,0,0,0,0,0,0,0,0,1,0,0,0.129,0.8602012652231114,1,0,3.6635616461296463,1998.0,2008,Mexico,"Mollick, A. V. (2008): The rise of the skill premium in Mexican maquiladoras. The Journal of Development Studies 44(9): pp. 1382-1404."
61,16,Mollick (2008),2.4154589371980677,0.47842423393778155,2.0901951219512194,5.048780487804878,0.07692307692307693,,,1,0,1,0,0,1,0,0,1,0,0,4.248495242049359,0,0,0,1,1,1,0,0,1,0,0,0,0,0,0,0,1,0,0,0.129,0.8602012652231114,1,0,3.6635616461296463,1998.0,2008,Mexico,"Mollick, A. V. (2008): The rise of the skill premium in Mexican maquiladoras. The Journal of Development Studies 44(9): pp. 1382-1404."
61,16,Mollick (2008),2.1141649048625792,0.3665148460861132,2.7284024390243897,5.768292682926828,0.07692307692307693,,,1,0,1,0,0,1,0,0,1,0,0,4.248495242049359,0,0,0,1,1,1,0,0,1,0,0,0,0,1,1,0,1,0,0,0.129,0.8602012652231114,1,0,3.6635616461296463,1998.0,2008,Mexico,"Mollick, A. V. (2008): The rise of the skill premium in Mexican maquiladoras. The Journal of Development Studies 44(9): pp. 1382-1404."
61,16,Mollick (2008),2.1231422505307855,0.38766503937504787,2.5795465116279073,5.476744186046512,0.07692307692307693,,,1,0,1,0,0,1,0,0,1,0,0,4.248495242049359,0,0,0,1,1,1,0,0,1,0,0,0,0,1,1,0,1,0,0,0.129,0.8602012652231114,1,0,3.6635616461296463,1998.0,2008,Mexico,"Mollick, A. V. (2008): The rise of the skill premium in Mexican maquiladoras. The Journal of Development Studies 44(9): pp. 1382-1404."
61,16,Mollick (2008),2.9850746268656714,0.8554243706838939,1.1690104166666668,3.4895833333333335,0.07692307692307693,,,1,0,1,0,0,1,0,0,1,0,0,4.248495242049359,0,0,0,1,1,1,0,0,1,0,0,0,0,1,1,0,1,0,0,0.129,0.8602012652231114,1,0,3.6635616461296463,1998.0,2008,Mexico,"Mollick, A. V. (2008): The rise of the skill premium in Mexican maquiladoras. The Journal of Development Studies 44(9): pp. 1382-1404."
61,16,Mollick (2008),4.6082949308755765,2.2085837456730872,0.4527788461538461,2.0865384615384617,0.07692307692307693,,,1,0,1,0,0,1,0,0,1,0,0,4.248495242049359,0,0,0,1,1,1,0,0,1,0,0,0,0,0,0,0,1,0,0,0.129,0.8602012652231114,1,0,3.6635616461296463,1998.0,2008,Mexico,"Mollick, A. V. (2008): The rise of the skill premium in Mexican maquiladoras. The Journal of Development Studies 44(9): pp. 1382-1404."
61,16,Mollick (2008),-5.05050505050505,3.5965717783899596,0.2780425531914894,-1.4042553191489364,0.07692307692307693,,,1,0,1,0,0,1,0,0,1,0,0,4.248495242049359,0,0,0,1,1,1,0,0,0,0,0,0,0,1,1,0,1,0,0,0.129,0.8602012652231114,1,0,3.6635616461296463,1998.0,2008,Mexico,"Mollick, A. V. (2008): The rise of the skill premium in Mexican maquiladoras. The Journal of Development Studies 44(9): pp. 1382-1404."
61,16,Mollick (2008),-4.166666666666667,2.482638888888889,0.4027972027972028,-1.6783216783216786,0.07692307692307693,,,1,0,1,0,0,1,0,0,1,0,0,4.248495242049359,0,0,0,1,1,1,0,0,0,0,0,0,0,0,0,0,1,0,0,0.129,0.8602012652231114,1,0,3.6635616461296463,1998.0,2008,Mexico,"Mollick, A. V. (2008): The rise of the skill premium in Mexican maquiladoras. The Journal of Development Studies 44(9): pp. 1382-1404."
61,16,Mollick (2008),1.8484288354898335,0.5125033739805454,1.9512066666666668,3.6066666666666665,0.07692307692307693,,,1,0,1,0,0,1,0,0,1,0,0,4.248495242049359,0,0,0,1,1,1,0,0,0,0,0,0,0,1,1,0,1,0,0,0.129,0.8602012652231114,1,0,3.6635616461296463,1998.0,2008,Mexico,"Mollick, A. V. (2008): The rise of the skill premium in Mexican maquiladoras. The Journal of Development Studies 44(9): pp. 1382-1404."
61,16,Mollick (2008),2.994011976047904,1.371508480045896,0.729124183006536,2.183006535947712,0.07692307692307693,,,1,0,1,0,0,1,0,0,1,0,0,4.248495242049359,0,0,0,1,1,1,0,0,0,0,0,0,0,1,1,0,1,0,0,0.129,0.8602012652231114,1,0,3.6635616461296463,1998.0,2008,Mexico,"Mollick, A. V. (2008): The rise of the skill premium in Mexican maquiladoras. The Journal of Development Studies 44(9): pp. 1382-1404."
61,16,Mollick (2008),5.376344086021505,6.214591282229159,0.16091162790697677,0.8651162790697675,0.07692307692307693,,,1,0,1,0,0,1,0,0,1,0,0,4.248495242049359,0,0,0,1,1,1,0,0,0,0,0,0,0,1,1,0,1,0,0,0.129,0.8602012652231114,1,0,3.6635616461296463,1998.0,2008,Mexico,"Mollick, A. V. (2008): The rise of the skill premium in Mexican maquiladoras. The Journal of Development Studies 44(9): pp. 1382-1404."
67,16,Riano (2009),1.41,0.952,1.050420168067227,1.48109243697479,1.0,45.94312,,0,1,0,1,0,1,0,0,1,0,0,4.07753744390572,0,0,0,1,0,1,0,0,0,0,0,0,0,1,1,0,0,0,0,0.0,0.7419373447293773,0,0,3.6888794541139363,1987.0,2009,Mexico,"Riano, A. (2009): Trade, technology adoption and the rise of the skill premium in Mexico. Working paper, Globalisation and Economic Policy Centre, University of Nottingham."
27,17,Dupuy (2007),2.03,0.086753916319651,11.526857142857143,23.39952,0.03333333333333333,,251.3518,1,0,0,1,0,0,0,1,1,0,0,4.007333185232471,0,1,1,0,0,1,0,0,1,0,0,0,0,0,0,0,1,0,0,0.073,0.4054651081081644,1,0,3.6375861597263857,1983.0,2007,Netherlands,"Dupuy, A. (2007): Will the skill-premium in the Netherlands rise in the next decades? Applied Economics 39(21): pp. 2723-2731."
27,17,Dupuy (2007),1.37,0.04678485143938274,21.37444,29.282982800000003,0.03333333333333333,,212.2828,1,0,0,1,0,0,0,1,1,0,0,4.007333185232471,0,1,1,0,0,1,0,0,1,0,0,0,0,0,0,0,1,0,0,0.073,0.4054651081081644,1,0,3.6375861597263857,1983.0,2007,Netherlands,"Dupuy, A. (2007): Will the skill-premium in the Netherlands rise in the next decades? Applied Economics 39(21): pp. 2723-2731."
27,17,Dupuy (2007),1.03,0.03294717823360612,30.351612903225806,31.26216129032258,0.03333333333333333,,170.3865,1,0,0,1,0,0,0,1,1,0,0,4.007333185232471,0,1,1,0,0,1,0,0,1,0,0,0,0,0,0,0,1,0,0,0.073,0.4054651081081644,1,0,3.6375861597263857,1983.0,2007,Netherlands,"Dupuy, A. (2007): Will the skill-premium in the Netherlands rise in the next decades? Applied Economics 39(21): pp. 2723-2731."
27,17,Dupuy (2007),0.89,0.06457270408163264,15.486419753086423,13.782913580246916,0.03333333333333333,,64.90977,1,0,0,1,0,0,0,1,1,0,0,4.007333185232471,0,1,1,0,0,1,0,0,1,0,0,0,0,0,0,0,1,0,0,0.073,0.4054651081081644,1,0,3.6375861597263857,1983.0,2007,Netherlands,"Dupuy, A. (2007): Will the skill-premium in the Netherlands rise in the next decades? Applied Economics 39(21): pp. 2723-2731."
27,17,Dupuy (2007),2.52,0.13324112201714366,7.505190476190478,18.913080000000004,0.03333333333333333,,252.1981,1,0,0,1,0,0,0,1,1,0,0,4.007333185232471,0,1,1,0,0,0,1,0,0,0,0,0,1,0,0,0,1,0,0,0.073,0.4054651081081644,1,0,3.6375861597263857,1983.0,2007,Netherlands,"Dupuy, A. (2007): Will the skill-premium in the Netherlands rise in the next decades? Applied Economics 39(21): pp. 2723-2731."
27,17,Dupuy (2007),1.85,0.0816982339565093,12.240166666666669,22.64430833333334,0.03333333333333333,,221.6715,1,0,0,1,0,0,0,1,1,0,0,4.007333185232471,0,1,1,0,0,0,1,0,0,0,0,0,1,0,0,0,1,0,0,0.073,0.4054651081081644,1,0,3.6375861597263857,1983.0,2007,Netherlands,"Dupuy, A. (2007): Will the skill-premium in the Netherlands rise in the next decades? Applied Economics 39(21): pp. 2723-2731."
27,17,Dupuy (2007),1.46,0.0594990182661986,16.807000000000002,24.538220000000003,0.03333333333333333,,189.5723,1,0,0,1,0,0,0,1,1,0,0,4.007333185232471,0,1,1,0,0,0,1,0,0,0,0,0,1,0,0,0,1,0,0,0.073,0.4054651081081644,1,0,3.6375861597263857,1983.0,2007,Netherlands,"Dupuy, A. (2007): Will the skill-premium in the Netherlands rise in the next decades? Applied Economics 39(21): pp. 2723-2731."
27,17,Dupuy (2007),1.2,0.04633913586200206,21.580031249999998,25.8960375,0.03333333333333333,,164.4347,1,0,0,1,0,0,0,1,1,0,0,4.007333185232471,0,1,1,0,0,0,1,0,0,0,0,0,1,0,0,0,1,0,0,0.073,0.4054651081081644,1,0,3.6375861597263857,1983.0,2007,Netherlands,"Dupuy, A. (2007): Will the skill-premium in the Netherlands rise in the next decades? Applied Economics 39(21): pp. 2723-2731."
27,17,Dupuy (2007),2.87,0.4761865666127537,2.1000172413793097,6.02704948275862,0.03333333333333333,,91.53046,1,0,0,1,0,0,0,1,1,0,0,4.007333185232471,0,1,1,0,0,1,0,0,1,0,0,0,0,0,1,0,1,0,0,0.073,0.4054651081081644,1,0,3.6375861597263857,1983.0,2007,Netherlands,"Dupuy, A. (2007): Will the skill-premium in the Netherlands rise in the next decades? Applied Economics 39(21): pp. 2723-2731."
27,17,Dupuy (2007),1.89,0.3132787468850124,3.1920454545454553,6.03296590909091,0.03333333333333333,,60.33533,1,0,0,1,0,0,0,1,1,0,0,4.007333185232471,0,1,1,0,0,1,0,0,1,0,0,0,0,0,1,0,1,0,0,0.073,0.4054651081081644,1,0,3.6375861597263857,1983.0,2007,Netherlands,"Dupuy, A. (2007): Will the skill-premium in the Netherlands rise in the next decades? Applied Economics 39(21): pp. 2723-2731."
27,17,Dupuy (2007),1.41,0.1602307322544464,6.2410000000000005,8.79981,0.03333333333333333,,65.65555,1,0,0,1,0,0,0,1,1,0,0,4.007333185232471,0,1,1,0,0,1,0,0,1,0,0,0,0,0,1,0,1,0,0,0.073,0.4054651081081644,1,0,3.6375861597263857,1983.0,2007,Netherlands,"Dupuy, A. (2007): Will the skill-premium in the Netherlands rise in the next decades? Applied Economics 39(21): pp. 2723-2731."
27,17,Dupuy (2007),1.12,0.03896116953890084,25.666580645161293,28.746570322580652,0.03333333333333333,,170.3661,1,0,0,1,0,0,0,1,1,0,0,4.007333185232471,0,1,1,0,0,1,0,0,1,0,0,0,0,0,1,0,1,0,0,0.073,0.4054651081081644,1,0,3.6375861597263857,1983.0,2007,Netherlands,"Dupuy, A. (2007): Will the skill-premium in the Netherlands rise in the next decades? Applied Economics 39(21): pp. 2723-2731."
27,17,Dupuy (2007),3.52,0.7439000198373339,1.3442666666666667,4.731818666666666,0.03333333333333333,,88.13528,1,0,0,1,0,0,0,1,1,0,0,4.007333185232471,0,1,1,0,0,0,1,0,0,0,0,0,1,0,1,0,1,0,0,0.073,0.4054651081081644,1,0,3.6375861597263857,1983.0,2007,Netherlands,"Dupuy, A. (2007): Will the skill-premium in the Netherlands rise in the next decades? Applied Economics 39(21): pp. 2723-2731."
27,17,Dupuy (2007),2.49,0.4826613202643498,2.0718461538461543,5.158896923076925,0.03333333333333333,,67.97281,1,0,0,1,0,0,0,1,1,0,0,4.007333185232471,0,1,1,0,0,0,1,0,0,0,0,0,1,0,1,0,1,0,0,0.073,0.4054651081081644,1,0,3.6375861597263857,1983.0,2007,Netherlands,"Dupuy, A. (2007): Will the skill-premium in the Netherlands rise in the next decades? Applied Economics 39(21): pp. 2723-2731."
27,17,Dupuy (2007),1.92,0.3698224852071006,2.704,5.19168,0.03333333333333333,,52.74583,1,0,0,1,0,0,0,1,1,0,0,4.007333185232471,0,1,1,0,0,0,1,0,0,0,0,0,1,0,1,0,1,0,0,0.073,0.4054651081081644,1,0,3.6375861597263857,1983.0,2007,Netherlands,"Dupuy, A. (2007): Will the skill-premium in the Netherlands rise in the next decades? Applied Economics 39(21): pp. 2723-2731."
27,17,Dupuy (2007),1.57,0.3055925908583455,3.2723306451612904,5.137559112903226,0.03333333333333333,,42.68109,1,0,0,1,0,0,0,1,1,0,0,4.007333185232471,0,1,1,0,0,0,1,0,0,0,0,0,1,0,1,0,1,0,0,0.073,0.4054651081081644,1,0,3.6375861597263857,1983.0,2007,Netherlands,"Dupuy, A. (2007): Will the skill-premium in the Netherlands rise in the next decades? Applied Economics 39(21): pp. 2723-2731."
27,17,Dupuy (2007),0.72,0.03355773319609619,29.799390625,21.45556125,0.03333333333333333,,81.74316,1,0,0,1,0,0,0,1,1,0,0,4.007333185232471,0,1,1,0,0,1,0,0,0,0,0,0,1,0,0,0,1,0,0,0.073,0.4054651081081644,1,0,3.6375861597263857,1983.0,2007,Netherlands,"Dupuy, A. (2007): Will the skill-premium in the Netherlands rise in the next decades? Applied Economics 39(21): pp. 2723-2731."
27,17,Dupuy (2007),0.99,0.045543427142892515,21.9570652173913,21.737494565217386,0.03333333333333333,,113.8738,1,0,0,1,0,0,0,1,1,0,0,4.007333185232471,0,1,1,0,0,1,0,0,0,0,0,0,1,0,0,0,1,0,0,0.073,0.4054651081081644,1,0,3.6375861597263857,1983.0,2007,Netherlands,"Dupuy, A. (2007): Will the skill-premium in the Netherlands rise in the next decades? Applied Economics 39(21): pp. 2723-2731."
27,17,Dupuy (2007),1.42,0.06658380681818182,15.018666666666666,21.326506666666663,0.03333333333333333,,160.246,1,0,0,1,0,0,0,1,1,0,0,4.007333185232471,0,1,1,0,0,1,0,0,0,0,0,0,1,0,0,0,1,0,0,0.073,0.4054651081081644,1,0,3.6375861597263857,1983.0,2007,Netherlands,"Dupuy, A. (2007): Will the skill-premium in the Netherlands rise in the next decades? Applied Economics 39(21): pp. 2723-2731."
27,17,Dupuy (2007),1.59,0.07582631729269716,13.188033333333335,20.968973000000002,0.03333333333333333,,176.4222,1,0,0,1,0,0,0,1,1,0,0,4.007333185232471,0,1,1,0,0,1,0,0,0,0,0,0,1,0,0,0,1,0,0,0.073,0.4054651081081644,1,0,3.6375861597263857,1983.0,2007,Netherlands,"Dupuy, A. (2007): Will the skill-premium in the Netherlands rise in the next decades? Applied Economics 39(21): pp. 2723-2731."
27,17,Dupuy (2007),1.61,0.07284079084287201,13.728571428571428,22.103,0.03333333333333333,,188.3025,1,0,0,1,0,0,0,1,1,0,0,4.007333185232471,0,1,1,0,0,0,1,0,0,0,0,0,1,0,0,0,1,0,0,0.073,0.4054651081081644,1,0,3.6375861597263857,1983.0,2007,Netherlands,"Dupuy, A. (2007): Will the skill-premium in the Netherlands rise in the next decades? Applied Economics 39(21): pp. 2723-2731."
27,17,Dupuy (2007),1.35,0.05812221649072588,17.205125,23.22691875,0.03333333333333333,,165.9222,1,0,0,1,0,0,0,1,1,0,0,4.007333185232471,0,1,1,0,0,0,1,0,0,0,0,0,1,0,0,0,1,0,0,0.073,0.4054651081081644,1,0,3.6375861597263857,1983.0,2007,Netherlands,"Dupuy, A. (2007): Will the skill-premium in the Netherlands rise in the next decades? Applied Economics 39(21): pp. 2723-2731."
27,17,Dupuy (2007),1.16,0.04152734910836763,24.080516129032254,27.933398709677412,0.03333333333333333,,171.4592,1,0,0,1,0,0,0,1,1,0,0,4.007333185232471,0,1,1,0,0,0,1,0,0,0,0,0,1,0,0,0,1,0,0,0.073,0.4054651081081644,1,0,3.6375861597263857,1983.0,2007,Netherlands,"Dupuy, A. (2007): Will the skill-premium in the Netherlands rise in the next decades? Applied Economics 39(21): pp. 2723-2731."
27,17,Dupuy (2007),0.93,0.15402233236801066,6.492564971751413,6.038085423728815,0.03333333333333333,,29.71401,1,0,0,1,0,0,0,1,1,0,0,4.007333185232471,0,1,1,0,0,1,0,0,0,0,0,0,1,0,1,0,1,0,0,0.073,0.4054651081081644,1,0,3.6375861597263857,1983.0,2007,Netherlands,"Dupuy, A. (2007): Will the skill-premium in the Netherlands rise in the next decades? Applied Economics 39(21): pp. 2723-2731."
27,17,Dupuy (2007),1.3,0.21251475796930344,4.705555555555555,6.117222222222222,0.03333333333333333,,42.08009,1,0,0,1,0,0,0,1,1,0,0,4.007333185232471,0,1,1,0,0,1,0,0,0,0,0,0,1,0,1,0,1,0,0,0.073,0.4054651081081644,1,0,3.6375861597263857,1983.0,2007,Netherlands,"Dupuy, A. (2007): Will the skill-premium in the Netherlands rise in the next decades? Applied Economics 39(21): pp. 2723-2731."
27,17,Dupuy (2007),1.89,0.24299512937703913,4.1153088235294115,7.777933676470587,0.03333333333333333,,77.78664,1,0,0,1,0,0,0,1,1,0,0,4.007333185232471,0,1,1,0,0,1,0,0,0,0,0,0,1,0,1,0,1,0,0,0.073,0.4054651081081644,1,0,3.6375861597263857,1983.0,2007,Netherlands,"Dupuy, A. (2007): Will the skill-premium in the Netherlands rise in the next decades? Applied Economics 39(21): pp. 2723-2731."
27,17,Dupuy (2007),2.13,0.3637008378758053,2.7495124999999994,5.856461624999999,0.03333333333333333,,66.00759,1,0,0,1,0,0,0,1,1,0,0,4.007333185232471,0,1,1,0,0,1,0,0,0,0,0,0,1,0,1,0,1,0,0,0.073,0.4054651081081644,1,0,3.6375861597263857,1983.0,2007,Netherlands,"Dupuy, A. (2007): Will the skill-premium in the Netherlands rise in the next decades? Applied Economics 39(21): pp. 2723-2731."
27,17,Dupuy (2007),2.0,0.452,2.2123893805309733,4.424778761061947,0.03333333333333333,,46.82746,1,0,0,1,0,0,0,1,1,0,0,4.007333185232471,0,1,1,0,0,1,0,0,0,0,0,0,1,0,1,0,1,0,0,0.073,0.4054651081081644,1,0,3.6375861597263857,1983.0,2007,Netherlands,"Dupuy, A. (2007): Will the skill-premium in the Netherlands rise in the next decades? Applied Economics 39(21): pp. 2723-2731."
27,17,Dupuy (2007),1.64,0.3803697086421605,2.629021126760563,4.311594647887324,0.03333333333333333,,37.4163,1,0,0,1,0,0,0,1,1,0,0,4.007333185232471,0,1,1,0,0,1,0,0,0,0,0,0,1,0,1,0,1,0,0,0.073,0.4054651081081644,1,0,3.6375861597263857,1983.0,2007,Netherlands,"Dupuy, A. (2007): Will the skill-premium in the Netherlands rise in the next decades? Applied Economics 39(21): pp. 2723-2731."
27,17,Dupuy (2007),1.39,0.3491378979596535,2.864197802197802,3.9812349450549447,0.03333333333333333,,29.28273,1,0,0,1,0,0,0,1,1,0,0,4.007333185232471,0,1,1,0,0,1,0,0,0,0,0,0,1,0,1,0,1,0,0,0.073,0.4054651081081644,1,0,3.6375861597263857,1983.0,2007,Netherlands,"Dupuy, A. (2007): Will the skill-premium in the Netherlands rise in the next decades? Applied Economics 39(21): pp. 2723-2731."
65,18,Razzak & Timmins (2008),2.941176470588235,1.5962844592048504,0.6264547613889101,1.8425140040850296,0.07142857142857142,,,1,0,0,1,0,1,0,0,1,0,0,4.276666119016055,0,0,1,0,0,1,0,0,1,0,0,0,0,0,1,0,0,1,0,0.031,0.8602012652231114,1,0,3.6635616461296463,2000.0,2008,New Zealand,"Razzak, W. A. & J. C. Timmins (2008): A macroeconomic perspective on skill shortages and the skill premium in New Zealand. Australian Economic Papers 47(1): pp. 74-91."
65,18,Razzak & Timmins (2008),2.272727272727273,0.9249017756038206,1.0811958916903923,2.4572633902054375,0.07142857142857142,,,1,0,0,1,0,1,0,0,1,0,0,4.219507705176107,0,0,1,0,0,1,0,0,1,0,0,0,0,0,1,0,0,1,0,0.031,0.8602012652231114,1,0,3.6635616461296463,1996.0,2008,New Zealand,"Razzak, W. A. & J. C. Timmins (2008): A macroeconomic perspective on skill shortages and the skill premium in New Zealand. Australian Economic Papers 47(1): pp. 74-91."
65,18,Razzak & Timmins (2008),1.1764705882352942,0.71545411810731,1.3977136684116638,1.644369021660781,0.07142857142857142,,,1,0,0,1,0,1,0,0,1,0,0,4.219507705176107,0,0,1,0,0,1,0,0,1,0,0,0,0,0,1,0,1,0,0,0.031,0.8602012652231114,1,0,3.6635616461296463,1996.0,2008,New Zealand,"Razzak, W. A. & J. C. Timmins (2008): A macroeconomic perspective on skill shortages and the skill premium in New Zealand. Australian Economic Papers 47(1): pp. 74-91."
65,18,Razzak & Timmins (2008),2.3255813953488373,1.4345856875096774,0.6970653678665355,1.621082250852408,0.07142857142857142,,,1,0,0,1,0,1,0,0,1,0,0,4.219507705176107,0,0,1,0,0,1,0,0,1,0,0,0,0,0,1,0,1,0,0,0.031,0.8602012652231114,1,0,3.6635616461296463,1996.0,2008,New Zealand,"Razzak, W. A. & J. C. Timmins (2008): A macroeconomic perspective on skill shortages and the skill premium in New Zealand. Australian Economic Papers 47(1): pp. 74-91."
65,18,Razzak & Timmins (2008),1.0869565217391304,0.6411218530928995,1.5597658934503649,1.6953977102721358,0.07142857142857142,,,1,0,0,1,0,1,0,0,1,0,0,4.219507705176107,0,0,1,0,0,1,0,0,1,0,0,0,0,0,1,0,1,0,0,0.031,0.8602012652231114,1,0,3.6635616461296463,1996.0,2008,New Zealand,"Razzak, W. A. & J. C. Timmins (2008): A macroeconomic perspective on skill shortages and the skill premium in New Zealand. Australian Economic Papers 47(1): pp. 74-91."
65,18,Razzak & Timmins (2008),1.7241379310344829,0.6964431036981272,1.435867473868259,2.4756335756349297,0.07142857142857142,,,1,0,0,1,0,1,0,0,1,0,0,4.219507705176107,0,0,1,0,0,1,0,0,1,0,0,0,0,0,1,0,1,0,0,0.031,0.8602012652231114,1,0,3.6635616461296463,1996.0,2008,New Zealand,"Razzak, W. A. & J. C. Timmins (2008): A macroeconomic perspective on skill shortages and the skill premium in New Zealand. Australian Economic Papers 47(1): pp. 74-91."
65,18,Razzak & Timmins (2008),3.45,0.6900000000000001,1.4492753623188404,5.0,0.07142857142857142,,,1,0,0,1,0,1,0,0,1,0,0,4.219507705176107,0,0,1,0,0,1,0,0,1,0,0,0,0,0,1,0,1,0,0,0.031,0.8602012652231114,1,0,3.6635616461296463,1996.0,2008,New Zealand,"Razzak, W. A. & J. C. Timmins (2008): A macroeconomic perspective on skill shortages and the skill premium in New Zealand. Australian Economic Papers 47(1): pp. 74-91."
65,18,Razzak & Timmins (2008),5.0,2.108072570828808,0.4743669709657295,2.3718348548286476,0.07142857142857142,,,1,0,0,1,0,1,0,0,1,0,0,4.219507705176107,0,0,1,0,0,1,0,0,1,0,0,0,0,0,1,0,1,0,0,0.031,0.8602012652231114,1,0,3.6635616461296463,1996.0,2008,New Zealand,"Razzak, W. A. & J. C. Timmins (2008): A macroeconomic perspective on skill shortages and the skill premium in New Zealand. Australian Economic Papers 47(1): pp. 74-91."
65,18,Razzak & Timmins (2008),5.26,2.476875723417447,0.40373442661881276,2.123643084014955,0.07142857142857142,,,1,0,0,1,0,1,0,0,1,0,0,4.219507705176107,0,0,1,0,0,1,0,0,1,0,0,0,0,0,1,0,1,0,0,0.031,0.8602012652231114,1,0,3.6635616461296463,1996.0,2008,New Zealand,"Razzak, W. A. & J. C. Timmins (2008): A macroeconomic perspective on skill shortages and the skill premium in New Zealand. Australian Economic Papers 47(1): pp. 74-91."
65,18,Razzak & Timmins (2008),5.26,2.376900662604823,0.4207159414496142,2.2129658520249706,0.07142857142857142,,,1,0,0,1,0,1,0,0,1,0,0,4.219507705176107,0,0,1,0,0,1,0,0,1,0,0,0,0,0,1,0,1,0,0,0.031,0.8602012652231114,1,0,3.6635616461296463,1996.0,2008,New Zealand,"Razzak, W. A. & J. C. Timmins (2008): A macroeconomic perspective on skill shortages and the skill premium in New Zealand. Australian Economic Papers 47(1): pp. 74-91."
65,18,Razzak & Timmins (2008),1.69,0.49858697190209456,2.005668130847923,3.38957914113299,0.07142857142857142,,,1,0,0,1,0,1,0,0,1,0,0,4.219507705176107,0,0,1,0,0,1,0,0,1,0,0,0,0,0,1,0,0,1,0,0.031,0.8602012652231114,1,0,3.6635616461296463,1996.0,2008,New Zealand,"Razzak, W. A. & J. C. Timmins (2008): A macroeconomic perspective on skill shortages and the skill premium in New Zealand. Australian Economic Papers 47(1): pp. 74-91."
65,18,Razzak & Timmins (2008),3.33,1.8567500588015649,0.5385754508312486,1.7934562512680576,0.07142857142857142,,,1,0,0,1,0,1,0,0,1,0,0,4.219507705176107,0,0,1,0,0,1,0,0,1,0,0,0,0,0,1,0,0,1,0,0.031,0.8602012652231114,1,0,3.6635616461296463,1996.0,2008,New Zealand,"Razzak, W. A. & J. C. Timmins (2008): A macroeconomic perspective on skill shortages and the skill premium in New Zealand. Australian Economic Papers 47(1): pp. 74-91."
65,18,Razzak & Timmins (2008),2.56,1.3395877796854139,0.7464982998238742,1.911035647549118,0.07142857142857142,,,1,0,0,1,0,1,0,0,1,0,0,4.219507705176107,0,0,1,0,0,1,0,0,1,0,0,0,0,0,1,0,0,1,0,0.031,0.8602012652231114,1,0,3.6635616461296463,1996.0,2008,New Zealand,"Razzak, W. A. & J. C. Timmins (2008): A macroeconomic perspective on skill shortages and the skill premium in New Zealand. Australian Economic Papers 47(1): pp. 74-91."
65,18,Razzak & Timmins (2008),2.13,0.90658622792123,1.1030390372165308,2.3494731492712106,0.07142857142857142,,,1,0,0,1,0,1,0,0,1,0,0,4.219507705176107,0,0,1,0,0,1,0,0,1,0,0,0,0,0,1,0,0,1,0,0.031,0.8602012652231114,1,0,3.6635616461296463,1996.0,2008,New Zealand,"Razzak, W. A. & J. C. Timmins (2008): A macroeconomic perspective on skill shortages and the skill premium in New Zealand. Australian Economic Papers 47(1): pp. 74-91."
3,19,Askilden & Nilsen (2005),0.1756,0.33,3.0303030303030303,0.5321212121212121,0.2,453.4431,,0,1,1,0,0,1,0,0,1,0,0,4.174387269895637,0,1,1,0,1,0,0,1,1,1,0,0,0,0,1,0,1,0,0,0.11,1.455287232606842,1,0,3.58351893845611,1993.0,2005,Norway,"Askilden, J. E. & O. A. Nilsen (2005): Apprentices and young workers: A study of the Norwegian youth labour market. Scottish Journal of Political Economy 52(1): pp. 1-17."
3,19,Askilden & Nilsen (2005),0.3852,0.342,2.923976608187134,1.1263157894736842,0.2,437.5328,,0,1,1,0,0,1,0,0,1,0,0,4.174387269895637,0,1,1,0,1,0,0,1,1,0,0,0,0,0,0,0,1,0,0,0.11,1.455287232606842,1,0,3.58351893845611,1993.0,2005,Norway,"Askilden, J. E. & O. A. Nilsen (2005): Apprentices and young workers: A study of the Norwegian youth labour market. Scottish Journal of Political Economy 52(1): pp. 1-17."
3,19,Askilden & Nilsen (2005),0.3144,0.352,2.8409090909090913,0.8931818181818183,0.2,425.1029,,0,1,1,0,0,1,0,0,1,0,0,4.174387269895637,0,1,1,0,1,0,0,1,1,0,0,0,0,0,0,0,1,0,0,0.11,1.455287232606842,1,0,3.58351893845611,1993.0,2005,Norway,"Askilden, J. E. & O. A. Nilsen (2005): Apprentices and young workers: A study of the Norwegian youth labour market. Scottish Journal of Political Economy 52(1): pp. 1-17."
3,19,Askilden & Nilsen (2005),1.9218,0.581,1.721170395869191,3.3077452667814113,0.2,462.8669,,0,1,1,0,0,1,0,0,1,0,0,4.174387269895637,0,1,1,0,1,0,0,1,1,0,0,0,0,0,0,0,1,0,0,0.11,1.455287232606842,1,0,3.58351893845611,1993.0,2005,Norway,"Askilden, J. E. & O. A. Nilsen (2005): Apprentices and young workers: A study of the Norwegian youth labour market. Scottish Journal of Political Economy 52(1): pp. 1-17."
3,19,Askilden & Nilsen (2005),1.2385,0.634,1.5772870662460567,1.9534700315457412,0.2,424.1729,,0,1,1,0,0,1,0,0,1,0,0,4.174387269895637,0,1,1,0,1,0,0,1,1,1,0,0,0,0,1,0,1,0,0,0.11,1.455287232606842,1,0,3.58351893845611,1993.0,2005,Norway,"Askilden, J. E. & O. A. Nilsen (2005): Apprentices and young workers: A study of the Norwegian youth labour market. Scottish Journal of Political Economy 52(1): pp. 1-17."
77,19,Boler (2021),0.019,0.057,17.543859649122805,0.3333333333333333,0.058823529411764705,,35.08713,1,0,0,1,0,1,0,0,1,0,0,4.330733340286331,0,1,1,0,1,0,1,0,1,0,0,0,0,0,1,0,0,0,1,0.0,1.0986122886681098,0,0,3.9512437185814275,2004.0,2021,Norway,"Boler, E. A. (2021). Technology-skill complementarity in a globalized world. Technical report, Imperial College London: United Kingdom."
77,19,Boler (2021),0.342,0.056,17.857142857142858,6.107142857142858,0.058823529411764705,,134.6486,1,0,0,1,0,1,0,0,1,0,0,4.330733340286331,0,1,1,0,1,0,1,0,1,0,0,0,0,0,1,0,0,0,1,0.0,1.0986122886681098,0,0,3.9512437185814275,2004.0,2021,Norway,"Boler, E. A. (2021). Technology-skill complementarity in a globalized world. Technical report, Imperial College London: United Kingdom."
77,19,Boler (2021),0.167,0.141,7.092198581560284,1.1843971631205676,0.058823529411764705,,35.08713,1,0,0,1,0,1,0,0,1,0,0,4.330733340286331,0,1,1,0,1,0,1,0,1,0,0,0,0,0,1,1,0,0,1,0.0,1.0986122886681098,0,0,3.9512437185814275,2004.0,2021,Norway,"Boler, E. A. (2021). Technology-skill complementarity in a globalized world. Technical report, Imperial College London: United Kingdom."
77,19,Boler (2021),0.314,0.057,17.543859649122805,5.508771929824562,0.058823529411764705,,111.5122,1,0,0,1,0,1,0,0,1,0,0,4.330733340286331,0,1,1,0,1,0,1,0,1,0,0,0,0,0,1,1,0,0,1,0.0,1.0986122886681098,0,0,3.9512437185814275,2004.0,2021,Norway,"Boler, E. A. (2021). Technology-skill complementarity in a globalized world. Technical report, Imperial College London: United Kingdom."
77,19,Boler (2021),1.35,0.24,4.166666666666667,5.625000000000001,0.058823529411764705,,478.1651,1,0,0,1,0,1,0,0,1,0,0,4.330733340286331,0,1,1,0,1,0,1,0,1,0,0,0,0,0,1,1,0,0,1,0.0,1.0986122886681098,0,0,3.9512437185814275,2004.0,2021,Norway,"Boler, E. A. (2021). Technology-skill complementarity in a globalized world. Technical report, Imperial College London: United Kingdom."
77,19,Boler (2021),1.27,0.235,4.25531914893617,5.404255319148937,0.058823529411764705,,432.1765,1,0,0,1,0,1,0,0,1,0,0,4.330733340286331,0,1,1,0,1,0,1,0,1,0,0,0,0,0,1,1,0,0,1,0.0,1.0986122886681098,0,0,3.9512437185814275,2004.0,2021,Norway,"Boler, E. A. (2021). Technology-skill complementarity in a globalized world. Technical report, Imperial College London: United Kingdom."
77,19,Boler (2021),1.24,0.23,4.3478260869565215,5.391304347826087,0.058823529411764705,,416.3125,1,0,0,1,0,1,0,0,1,0,0,4.330733340286331,0,1,1,0,1,0,1,0,1,0,0,0,0,0,1,1,0,0,1,0.0,1.0986122886681098,0,0,3.9512437185814275,2004.0,2021,Norway,"Boler, E. A. (2021). Technology-skill complementarity in a globalized world. Technical report, Imperial College London: United Kingdom."
77,19,Boler (2021),1.35,0.24,4.166666666666667,5.625000000000001,0.058823529411764705,,478.1651,1,0,0,1,0,1,0,0,1,0,0,4.330733340286331,0,1,1,0,1,0,1,0,1,0,0,0,0,0,1,1,0,0,1,0.0,1.0986122886681098,0,0,3.9512437185814275,2004.0,2021,Norway,"Boler, E. A. (2021). Technology-skill complementarity in a globalized world. Technical report, Imperial College London: United Kingdom."
77,19,Boler (2021),1.47,0.239,4.184100418410042,6.150627615062762,0.058823529411764705,,569.3225,1,0,0,1,0,1,0,0,1,0,0,4.330733340286331,0,1,1,0,1,0,1,0,1,0,0,0,1,0,1,1,0,0,1,0.0,1.0986122886681098,0,0,3.9512437185814275,2004.0,2021,Norway,"Boler, E. A. (2021). Technology-skill complementarity in a globalized world. Technical report, Imperial College London: United Kingdom."
77,19,Boler (2021),68.382,74.2,0.013477088948787061,0.9215902964959569,0.058823529411764705,,4051.468,1,0,0,1,0,1,0,0,1,0,0,4.330733340286331,0,1,1,0,1,0,1,0,1,0,0,0,0,0,1,1,0,0,1,0.0,1.0986122886681098,0,0,3.9512437185814275,2004.0,2021,Norway,"Boler, E. A. (2021). Technology-skill complementarity in a globalized world. Technical report, Imperial College London: United Kingdom."
77,19,Boler (2021),1.51,0.296,3.3783783783783785,5.101351351351352,0.058823529411764705,,497.3683,1,0,0,1,0,1,0,0,1,0,0,4.330733340286331,0,1,1,0,1,0,1,0,1,0,0,0,0,0,1,1,0,0,1,0.0,1.0986122886681098,0,0,3.9512437185814275,2004.0,2021,Norway,"Boler, E. A. (2021). Technology-skill complementarity in a globalized world. Technical report, Imperial College London: United Kingdom."
77,19,Boler (2021),1.431,0.277,3.6101083032490973,5.166064981949458,0.058823529411764705,,477.3264,1,0,0,1,0,1,0,0,1,0,0,4.330733340286331,0,1,1,0,1,0,1,0,1,0,0,0,0,0,1,1,0,0,1,0.0,1.0986122886681098,0,0,3.9512437185814275,2004.0,2021,Norway,"Boler, E. A. (2021). Technology-skill complementarity in a globalized world. Technical report, Imperial College London: United Kingdom."
77,19,Boler (2021),1.672,0.315,3.1746031746031744,5.307936507936508,0.058823529411764705,,573.0308,1,0,0,1,0,1,0,0,1,0,0,4.330733340286331,0,1,1,0,1,0,1,0,1,0,0,0,0,0,1,1,0,0,1,0.0,1.0986122886681098,0,0,3.9512437185814275,2004.0,2021,Norway,"Boler, E. A. (2021). Technology-skill complementarity in a globalized world. Technical report, Imperial College London: United Kingdom."
77,19,Boler (2021),1.326,0.315,3.1746031746031744,4.20952380952381,0.058823529411764705,,360.4064,1,0,0,1,0,1,0,0,1,0,0,4.283586561860629,0,1,1,0,1,0,1,0,1,0,0,0,0,0,1,1,0,0,1,0.0,1.0986122886681098,0,0,3.9512437185814275,2000.5,2021,Norway,"Boler, E. A. (2021). Technology-skill complementarity in a globalized world. Technical report, Imperial College London: United Kingdom."
77,19,Boler (2021),1.365,0.315,3.1746031746031744,4.333333333333333,0.058823529411764705,,381.9185,1,0,0,1,0,1,0,0,1,0,0,4.375757021660286,0,1,1,0,1,0,1,0,1,0,0,0,0,0,1,1,0,0,1,0.0,1.0986122886681098,0,0,3.9512437185814275,2007.5,2021,Norway,"Boler, E. A. (2021). Technology-skill complementarity in a globalized world. Technical report, Imperial College London: United Kingdom."
77,19,Boler (2021),1.422,0.315,3.1746031746031744,4.514285714285714,0.058823529411764705,,414.481,1,0,0,1,0,1,0,0,1,0,0,4.283586561860629,0,1,1,0,1,0,1,0,1,0,0,0,0,0,1,1,0,0,1,0.0,1.0986122886681098,0,0,3.9512437185814275,2000.5,2021,Norway,"Boler, E. A. (2021). Technology-skill complementarity in a globalized world. Technical report, Imperial College London: United Kingdom."
77,19,Boler (2021),1.259,0.315,3.1746031746031744,3.9968253968253964,0.058823529411764705,,324.9054,1,0,0,1,0,1,0,0,1,0,0,4.375757021660286,0,1,1,0,1,0,1,0,0,0,0,0,0,0,1,1,0,0,1,0.0,1.0986122886681098,0,0,3.9512437185814275,2007.5,2021,Norway,"Boler, E. A. (2021). Technology-skill complementarity in a globalized world. Technical report, Imperial College London: United Kingdom."
83,19,Carneiro et al. (2021),1.0729613733905579,0.40523863029342955,2.4676818181818185,2.647727272727273,0.3333333333333333,,22.72727,1,0,0,1,0,1,0,0,0,1,0,3.9318256327243257,0,1,1,0,0,1,0,0,1,0,0,1,0,0,0,0,0,0,1,2.282,2.120263536200091,1,0,3.9512437185814275,1979.0,2021,Norway,"Carneiro, P., Liu, K. & K.G., Salvanes (2021): The Supply of Skill and Endogenous Technical Change: Evidence from a College Expansion Reform. Journal of European Economic Association (forthcoming)."
83,19,Carneiro et al. (2021),1.1560693641618498,0.4918306659093187,2.0332201086956525,2.35054347826087,0.3333333333333333,,21.73913,1,0,0,1,0,1,0,0,0,1,0,3.9318256327243257,0,1,1,0,0,1,0,0,1,0,0,1,0,0,0,0,0,0,1,2.282,2.120263536200091,1,0,3.9512437185814275,1979.0,2021,Norway,"Carneiro, P., Liu, K. & K.G., Salvanes (2021): The Supply of Skill and Endogenous Technical Change: Evidence from a College Expansion Reform. Journal of European Economic Association (forthcoming)."
83,19,Carneiro et al. (2021),1.4492753623188408,0.7561436672967865,1.3224999999999998,1.9166666666666667,0.3333333333333333,,22.22222,1,0,0,1,0,1,0,0,0,1,0,3.9318256327243257,0,1,1,0,0,1,0,0,1,0,0,1,0,0,0,0,0,0,1,2.282,2.120263536200091,1,0,3.9512437185814275,1979.0,2021,Norway,"Carneiro, P., Liu, K. & K.G., Salvanes (2021): The Supply of Skill and Endogenous Technical Change: Evidence from a College Expansion Reform. Journal of European Economic Association (forthcoming)."
32,20,Foldvari & Lewuwen (2006),3.2467532467532467,1.5760938091035177,0.63448,2.06,0.5,,40.12987,1,0,0,1,0,0,0,1,1,0,0,4.174387269895637,0,0,1,0,0,0,1,0,0,0,0,0,0,0,1,0,1,0,0,0.0,0.0,0,0,3.6109179126442243,1993.0,2006,OECD,"Foldvari, P. & B. van Leeuwen (2006): Is there an optimal allocation of skills? A two-level CES approach. Technical report, Department of Economics, University of Warwick."
36,20,Gancia et al. (2013),1.06,,,,0.16666666666666666,,,1,0,0,1,0,0,0,1,1,0,1,3.7376696182833684,0,0,1,0,0,0,0,1,0,0,0,0,0,0,0,0,1,0,0,0.628,1.6739764335716716,1,0,3.784189633918261,1970.0,2013,OECD,"Gancia, G. A., A. Muller, & F. Zilibotti (2013): Structural development accounting. In D. Acemoglu, M. Arellano, & E. Dekel (editors), Advances in Economics and Econometrics: TenthWorld Congress, volume 2 of Econometric Society Monographs, chapter 9, pp. 373-418. Cambridge: Cambridge University Press."
36,20,Gancia et al. (2013),0.36,,,,0.16666666666666666,,,1,0,0,1,0,0,0,1,1,0,1,4.276666119016055,0,0,1,0,0,0,0,1,0,0,0,0,0,0,0,0,1,0,0,0.628,1.6739764335716716,1,0,3.784189633918261,2000.0,2013,OECD,"Gancia, G. A., A. Muller, & F. Zilibotti (2013): Structural development accounting. In D. Acemoglu, M. Arellano, & E. Dekel (editors), Advances in Economics and Econometrics: TenthWorld Congress, volume 2 of Econometric Society Monographs, chapter 9, pp. 373-418. Cambridge: Cambridge University Press."
36,20,Gancia et al. (2013),0.84,,,,0.16666666666666666,,,1,0,0,1,0,0,0,1,1,0,1,3.7376696182833684,0,0,1,0,0,0,0,1,0,0,0,0,0,0,0,0,1,0,0,0.628,1.6739764335716716,1,0,3.784189633918261,1970.0,2013,OECD,"Gancia, G. A., A. Muller, & F. Zilibotti (2013): Structural development accounting. In D. Acemoglu, M. Arellano, & E. Dekel (editors), Advances in Economics and Econometrics: TenthWorld Congress, volume 2 of Econometric Society Monographs, chapter 9, pp. 373-418. Cambridge: Cambridge University Press."
36,20,Gancia et al. (2013),0.0,,,,0.16666666666666666,,,1,0,0,1,0,0,0,1,1,0,1,4.276666119016055,0,0,1,0,0,0,0,1,0,0,0,0,0,0,0,0,1,0,0,0.628,1.6739764335716716,1,0,3.784189633918261,2000.0,2013,OECD,"Gancia, G. A., A. Muller, & F. Zilibotti (2013): Structural development accounting. In D. Acemoglu, M. Arellano, & E. Dekel (editors), Advances in Economics and Econometrics: TenthWorld Congress, volume 2 of Econometric Society Monographs, chapter 9, pp. 373-418. Cambridge: Cambridge University Press."
93,20,Jerzmanowski & Tamura (2020),2.55005055611729,0.12,8.333333333333334,21.25042130097742,0.016666666666666666,,1337.288,1,0,0,1,0,0,0,1,1,0,0,4.174387269895637,0,0,0,1,0,0,1,0,1,0,0,0,0,0,0,0,1,0,0,0.0,0.0,0,0,3.9318256327243257,1993.0,2020,OECD,"Jerzmanowski, M., & R. Tamura (2020): Aggregate Elasticity of Substitution between Skills: Estimates from a Macroeconomic Approach. MPRA Paper 100768, University Library of Munich, Germany."
93,20,Jerzmanowski & Tamura (2020),2.5523520485584217,0.12,8.333333333333334,21.269600404653517,0.016666666666666666,,1339.703,1,0,0,1,0,0,0,1,1,0,0,4.174387269895637,0,0,0,1,0,0,1,0,1,0,0,0,0,0,0,0,1,0,0,0.0,0.0,0,0,3.9318256327243257,1993.0,2020,OECD,"Jerzmanowski, M., & R. Tamura (2020): Aggregate Elasticity of Substitution between Skills: Estimates from a Macroeconomic Approach. MPRA Paper 100768, University Library of Munich, Germany."
93,20,Jerzmanowski & Tamura (2020),1.937007874015748,0.296,3.3783783783783785,6.543945520323473,0.016666666666666666,,312.8093,1,0,0,1,0,0,0,1,1,0,0,4.174387269895637,0,0,0,1,0,0,1,0,1,0,0,0,0,0,0,0,1,0,0,0.0,0.0,0,0,3.9318256327243257,1993.0,2020,OECD,"Jerzmanowski, M., & R. Tamura (2020): Aggregate Elasticity of Substitution between Skills: Estimates from a Macroeconomic Approach. MPRA Paper 100768, University Library of Munich, Germany."
93,20,Jerzmanowski & Tamura (2020),1.931847968545216,0.283,3.53356890459364,6.826317910053767,0.016666666666666666,,325.4379,1,0,0,1,0,0,0,1,1,0,0,4.174387269895637,0,0,0,1,0,0,1,0,1,0,0,0,0,0,0,0,1,0,0,0.0,0.0,0,0,3.9318256327243257,1993.0,2020,OECD,"Jerzmanowski, M., & R. Tamura (2020): Aggregate Elasticity of Substitution between Skills: Estimates from a Macroeconomic Approach. MPRA Paper 100768, University Library of Munich, Germany."
93,20,Jerzmanowski & Tamura (2020),1.7578288100208768,0.224,4.464285714285714,7.847450044736057,0.016666666666666666,,340.419,1,0,0,1,0,0,0,1,1,0,0,4.174387269895637,0,0,0,1,0,0,1,0,1,0,0,0,0,0,0,0,1,0,0,0.0,0.0,0,0,3.9318256327243257,1993.0,2020,OECD,"Jerzmanowski, M., & R. Tamura (2020): Aggregate Elasticity of Substitution between Skills: Estimates from a Macroeconomic Approach. MPRA Paper 100768, University Library of Munich, Germany."
93,20,Jerzmanowski & Tamura (2020),1.9387308533916847,0.286,3.4965034965034967,6.778779207663234,0.016666666666666666,,324.3229,1,0,0,1,0,0,0,1,1,0,0,4.174387269895637,0,0,0,1,0,0,1,0,1,0,0,0,0,0,1,0,1,0,0,0.0,0.0,0,0,3.9318256327243257,1993.0,2020,OECD,"Jerzmanowski, M., & R. Tamura (2020): Aggregate Elasticity of Substitution between Skills: Estimates from a Macroeconomic Approach. MPRA Paper 100768, University Library of Munich, Germany."
93,20,Jerzmanowski & Tamura (2020),1.931847968545216,0.274,3.64963503649635,7.050540031186919,0.016666666666666666,,336.1274,1,0,0,1,0,0,0,1,1,0,0,4.174387269895637,0,0,0,1,0,0,1,0,1,0,0,0,0,0,1,0,1,0,0,0.0,0.0,0,0,3.9318256327243257,1993.0,2020,OECD,"Jerzmanowski, M., & R. Tamura (2020): Aggregate Elasticity of Substitution between Skills: Estimates from a Macroeconomic Approach. MPRA Paper 100768, University Library of Munich, Germany."
93,20,Jerzmanowski & Tamura (2020),1.760969494358546,0.204,4.901960784313726,8.632203403718364,0.016666666666666666,,375.1303,1,0,0,1,0,0,0,1,1,0,0,4.174387269895637,0,0,0,1,0,0,1,0,1,0,0,0,0,0,1,0,1,0,0,0.0,0.0,0,0,3.9318256327243257,1993.0,2020,OECD,"Jerzmanowski, M., & R. Tamura (2020): Aggregate Elasticity of Substitution between Skills: Estimates from a Macroeconomic Approach. MPRA Paper 100768, University Library of Munich, Germany."
93,20,Jerzmanowski & Tamura (2020),1.7578288100208768,0.215,4.651162790697675,8.175947953585473,0.016666666666666666,,354.6691,1,0,0,1,0,0,0,1,1,0,0,4.174387269895637,0,0,0,1,0,0,1,0,1,0,0,0,0,0,1,0,1,0,0,0.0,0.0,0,0,3.9318256327243257,1993.0,2020,OECD,"Jerzmanowski, M., & R. Tamura (2020): Aggregate Elasticity of Substitution between Skills: Estimates from a Macroeconomic Approach. MPRA Paper 100768, University Library of Munich, Germany."
93,20,Jerzmanowski & Tamura (2020),2.3646944713870033,0.24,4.166666666666667,9.85289363077918,0.016666666666666666,,574.9731,1,0,0,1,0,0,0,1,1,0,0,4.174387269895637,0,0,0,1,0,0,1,0,1,0,0,0,0,0,1,0,1,0,0,0.0,0.0,0,0,3.9318256327243257,1993.0,2020,OECD,"Jerzmanowski, M., & R. Tamura (2020): Aggregate Elasticity of Substitution between Skills: Estimates from a Macroeconomic Approach. MPRA Paper 100768, University Library of Munich, Germany."
93,20,Jerzmanowski & Tamura (2020),1.9011703511053317,0.256,3.90625,7.426446684005202,0.016666666666666666,,316.0247,1,0,0,1,0,0,0,1,1,0,0,4.174387269895637,0,0,0,1,0,0,1,0,1,0,0,0,0,0,0,0,0,1,0,0.0,0.0,0,0,3.9318256327243257,1993.0,2020,OECD,"Jerzmanowski, M., & R. Tamura (2020): Aggregate Elasticity of Substitution between Skills: Estimates from a Macroeconomic Approach. MPRA Paper 100768, University Library of Munich, Germany."
93,20,Jerzmanowski & Tamura (2020),1.8826574633304571,0.232,4.310344827586206,8.114902859183005,0.016666666666666666,,341.9586,1,0,0,1,0,0,0,1,1,0,0,4.174387269895637,0,0,0,1,0,0,1,0,1,0,0,0,0,0,0,0,0,1,0,0.0,0.0,0,0,3.9318256327243257,1993.0,2020,OECD,"Jerzmanowski, M., & R. Tamura (2020): Aggregate Elasticity of Substitution between Skills: Estimates from a Macroeconomic Approach. MPRA Paper 100768, University Library of Munich, Germany."
93,20,Jerzmanowski & Tamura (2020),1.7359900373599007,0.232,4.310344827586206,7.482715678275434,0.016666666666666666,,290.7538,1,0,0,1,0,0,0,1,1,0,0,4.174387269895637,0,0,0,1,0,0,1,0,1,0,0,0,0,0,0,0,0,1,0,0.0,0.0,0,0,3.9318256327243257,1993.0,2020,OECD,"Jerzmanowski, M., & R. Tamura (2020): Aggregate Elasticity of Substitution between Skills: Estimates from a Macroeconomic Approach. MPRA Paper 100768, University Library of Munich, Germany."
93,20,Jerzmanowski & Tamura (2020),1.7251655629139073,0.26,3.846153846153846,6.6352521650534895,0.016666666666666666,,256.2165,1,0,0,1,0,0,0,1,1,0,0,4.174387269895637,0,0,0,1,0,0,1,0,1,0,0,0,0,0,0,0,0,1,0,0.0,0.0,0,0,3.9318256327243257,1993.0,2020,OECD,"Jerzmanowski, M., & R. Tamura (2020): Aggregate Elasticity of Substitution between Skills: Estimates from a Macroeconomic Approach. MPRA Paper 100768, University Library of Munich, Germany."
93,20,Jerzmanowski & Tamura (2020),2.1938490214352284,0.256,3.90625,8.56972273998136,0.016666666666666666,,420.8161,1,0,0,1,0,0,0,1,1,0,0,4.174387269895637,0,0,0,1,0,0,1,0,1,0,0,0,0,0,0,0,0,1,0,0.0,0.0,0,0,3.9318256327243257,1993.0,2020,OECD,"Jerzmanowski, M., & R. Tamura (2020): Aggregate Elasticity of Substitution between Skills: Estimates from a Macroeconomic Approach. MPRA Paper 100768, University Library of Munich, Germany."
93,20,Jerzmanowski & Tamura (2020),2.5317220543806647,0.231,4.329004329004329,10.95983573324963,0.016666666666666666,,684.7448,1,0,0,1,0,0,0,1,1,0,0,4.174387269895637,0,0,0,1,0,0,1,0,1,0,0,0,0,0,0,0,1,0,0,0.0,0.0,0,0,3.9318256327243257,1993.0,2020,OECD,"Jerzmanowski, M., & R. Tamura (2020): Aggregate Elasticity of Substitution between Skills: Estimates from a Macroeconomic Approach. MPRA Paper 100768, University Library of Munich, Germany."
93,20,Jerzmanowski & Tamura (2020),2.5408678102926334,0.23,4.3478260869565215,11.047251349098406,0.016666666666666666,,692.6996,1,0,0,1,0,0,0,1,1,0,0,4.174387269895637,0,0,0,1,0,0,1,0,1,0,0,0,0,0,0,0,1,0,0,0.0,0.0,0,0,3.9318256327243257,1993.0,2020,OECD,"Jerzmanowski, M., & R. Tamura (2020): Aggregate Elasticity of Substitution between Skills: Estimates from a Macroeconomic Approach. MPRA Paper 100768, University Library of Munich, Germany."
93,20,Jerzmanowski & Tamura (2020),2.0909090909090904,0.222,4.504504504504505,9.418509418509416,0.016666666666666666,,485.9885,1,0,0,1,0,0,0,1,1,0,0,4.174387269895637,0,0,0,1,0,0,1,0,1,0,0,0,0,0,0,0,1,0,0,0.0,0.0,0,0,3.9318256327243257,1993.0,2020,OECD,"Jerzmanowski, M., & R. Tamura (2020): Aggregate Elasticity of Substitution between Skills: Estimates from a Macroeconomic Approach. MPRA Paper 100768, University Library of Munich, Germany."
93,20,Jerzmanowski & Tamura (2020),2.1938490214352284,0.227,4.405286343612334,9.664533134075896,0.016666666666666666,,523.2344,1,0,0,1,0,0,0,1,1,0,0,4.174387269895637,0,0,0,1,0,0,1,0,1,0,0,0,0,0,0,0,1,0,0,0.0,0.0,0,0,3.9318256327243257,1993.0,2020,OECD,"Jerzmanowski, M., & R. Tamura (2020): Aggregate Elasticity of Substitution between Skills: Estimates from a Macroeconomic Approach. MPRA Paper 100768, University Library of Munich, Germany."
93,20,Jerzmanowski & Tamura (2020),1.6855036855036853,0.322,3.1055900621118013,5.23448349535306,0.016666666666666666,,217.727,1,0,0,1,0,0,0,1,1,0,0,4.174387269895637,0,0,0,1,0,0,1,0,1,0,0,0,0,0,0,0,1,0,0,0.0,0.0,0,0,3.9318256327243257,1993.0,2020,OECD,"Jerzmanowski, M., & R. Tamura (2020): Aggregate Elasticity of Substitution between Skills: Estimates from a Macroeconomic Approach. MPRA Paper 100768, University Library of Munich, Germany."
93,20,Jerzmanowski & Tamura (2020),2.076086956521739,0.223,4.484304932735426,9.309806979918111,0.016666666666666666,,476.9742,1,0,0,1,0,0,0,1,1,0,0,4.174387269895637,0,0,0,1,0,0,1,0,1,0,0,0,0,0,1,0,1,0,0,0.0,0.0,0,0,3.9318256327243257,1993.0,2020,OECD,"Jerzmanowski, M., & R. Tamura (2020): Aggregate Elasticity of Substitution between Skills: Estimates from a Macroeconomic Approach. MPRA Paper 100768, University Library of Munich, Germany."
93,20,Jerzmanowski & Tamura (2020),2.1763341067285387,0.228,4.385964912280701,9.545325029511135,0.016666666666666666,,512.6547,1,0,0,1,0,0,0,1,1,0,0,4.174387269895637,0,0,0,1,0,0,1,0,1,0,0,0,0,0,1,0,1,0,0,0.0,0.0,0,0,3.9318256327243257,1993.0,2020,OECD,"Jerzmanowski, M., & R. Tamura (2020): Aggregate Elasticity of Substitution between Skills: Estimates from a Macroeconomic Approach. MPRA Paper 100768, University Library of Munich, Germany."
93,20,Jerzmanowski & Tamura (2020),1.836317135549872,0.182,5.4945054945054945,10.089654590933362,0.016666666666666666,,457.2278,1,0,0,1,0,0,0,1,1,0,0,4.174387269895637,0,0,0,1,0,0,1,0,1,0,0,0,0,0,1,0,1,0,0,0.0,0.0,0,0,3.9318256327243257,1993.0,2020,OECD,"Jerzmanowski, M., & R. Tamura (2020): Aggregate Elasticity of Substitution between Skills: Estimates from a Macroeconomic Approach. MPRA Paper 100768, University Library of Munich, Germany."
93,20,Jerzmanowski & Tamura (2020),1.68701351904957,0.311,3.215434083601286,5.424480768648135,0.016666666666666666,,225.832,1,0,0,1,0,0,0,1,1,0,0,4.174387269895637,0,0,0,1,0,0,1,0,1,0,0,0,0,0,1,0,1,0,0,0.0,0.0,0,0,3.9318256327243257,1993.0,2020,OECD,"Jerzmanowski, M., & R. Tamura (2020): Aggregate Elasticity of Substitution between Skills: Estimates from a Macroeconomic Approach. MPRA Paper 100768, University Library of Munich, Germany."
93,20,Jerzmanowski & Tamura (2020),2.620123203285421,0.384,2.6041666666666665,6.823237508555784,0.016666666666666666,,441.1851,1,0,0,1,0,0,0,1,1,0,0,4.174387269895637,0,0,0,1,0,0,1,0,1,0,0,0,0,0,1,0,1,0,0,0.0,0.0,0,0,3.9318256327243257,1993.0,2020,OECD,"Jerzmanowski, M., & R. Tamura (2020): Aggregate Elasticity of Substitution between Skills: Estimates from a Macroeconomic Approach. MPRA Paper 100768, University Library of Munich, Germany."
93,20,Jerzmanowski & Tamura (2020),2.0983606557377046,0.204,4.901960784313726,10.286081645773063,0.016666666666666666,,483.1133,1,0,0,1,0,0,0,1,1,0,0,4.174387269895637,0,0,0,1,0,0,1,0,1,0,0,0,0,0,0,0,0,1,0,0.0,0.0,0,0,3.9318256327243257,1993.0,2020,OECD,"Jerzmanowski, M., & R. Tamura (2020): Aggregate Elasticity of Substitution between Skills: Estimates from a Macroeconomic Approach. MPRA Paper 100768, University Library of Munich, Germany."
93,20,Jerzmanowski & Tamura (2020),2.219409282700422,0.21,4.761904761904762,10.568615631906772,0.016666666666666666,,525.0182,1,0,0,1,0,0,0,1,1,0,0,4.174387269895637,0,0,0,1,0,0,1,0,1,0,0,0,0,0,0,0,0,1,0,0.0,0.0,0,0,3.9318256327243257,1993.0,2020,OECD,"Jerzmanowski, M., & R. Tamura (2020): Aggregate Elasticity of Substitution between Skills: Estimates from a Macroeconomic Approach. MPRA Paper 100768, University Library of Munich, Germany."
93,20,Jerzmanowski & Tamura (2020),1.8232795242141036,0.187,5.347593582887701,9.75015788349788,0.016666666666666666,,397.909,1,0,0,1,0,0,0,1,1,0,0,4.174387269895637,0,0,0,1,0,0,1,0,1,0,0,0,0,0,0,0,0,1,0,0.0,0.0,0,0,3.9318256327243257,1993.0,2020,OECD,"Jerzmanowski, M., & R. Tamura (2020): Aggregate Elasticity of Substitution between Skills: Estimates from a Macroeconomic Approach. MPRA Paper 100768, University Library of Munich, Germany."
93,20,Jerzmanowski & Tamura (2020),1.7359900373599007,0.313,3.194888178913738,5.546294049073165,0.016666666666666666,,215.5108,1,0,0,1,0,0,0,1,1,0,0,4.174387269895637,0,0,0,1,0,0,1,0,1,0,0,0,0,0,0,0,0,1,0,0.0,0.0,0,0,3.9318256327243257,1993.0,2020,OECD,"Jerzmanowski, M., & R. Tamura (2020): Aggregate Elasticity of Substitution between Skills: Estimates from a Macroeconomic Approach. MPRA Paper 100768, University Library of Munich, Germany."
93,20,Jerzmanowski & Tamura (2020),2.6012269938650308,0.605,1.6528925619834711,4.299548750190134,0.016666666666666666,,250.3341,1,0,0,1,0,0,0,1,1,0,0,4.174387269895637,0,0,0,1,0,0,1,0,1,0,0,0,0,0,0,0,0,1,0,0.0,0.0,0,0,3.9318256327243257,1993.0,2020,OECD,"Jerzmanowski, M., & R. Tamura (2020): Aggregate Elasticity of Substitution between Skills: Estimates from a Macroeconomic Approach. MPRA Paper 100768, University Library of Munich, Germany."
93,20,Jerzmanowski & Tamura (2020),2.5022511255627813,0.146,6.849315068493151,17.138706339471106,0.016666666666666666,,857.707,1,0,0,1,0,0,0,1,1,0,0,4.0943445622221,0,0,0,1,0,0,1,0,1,0,0,0,0,0,0,0,1,0,0,0.0,0.0,0,0,3.9318256327243257,1988.0,2020,OECD,"Jerzmanowski, M., & R. Tamura (2020): Aggregate Elasticity of Substitution between Skills: Estimates from a Macroeconomic Approach. MPRA Paper 100768, University Library of Munich, Germany."
93,20,Jerzmanowski & Tamura (2020),2.5022511255627813,0.144,6.944444444444445,17.376743927519314,0.016666666666666666,,869.6195,1,0,0,1,0,0,0,1,1,0,0,4.0943445622221,0,0,0,1,0,0,1,0,1,0,0,0,0,0,0,0,1,0,0,0.0,0.0,0,0,3.9318256327243257,1988.0,2020,OECD,"Jerzmanowski, M., & R. Tamura (2020): Aggregate Elasticity of Substitution between Skills: Estimates from a Macroeconomic Approach. MPRA Paper 100768, University Library of Munich, Germany."
93,20,Jerzmanowski & Tamura (2020),1.8184132371658885,0.331,3.021148036253776,5.493695580561597,0.016666666666666666,,199.7962,1,0,0,1,0,0,0,1,1,0,0,4.0943445622221,0,0,0,1,0,0,1,0,1,0,0,0,0,0,0,0,1,0,0,0.0,0.0,0,0,3.9318256327243257,1988.0,2020,OECD,"Jerzmanowski, M., & R. Tamura (2020): Aggregate Elasticity of Substitution between Skills: Estimates from a Macroeconomic Approach. MPRA Paper 100768, University Library of Munich, Germany."
93,20,Jerzmanowski & Tamura (2020),1.8184132371658885,0.332,3.012048192771084,5.477148304716532,0.016666666666666666,,199.1944,1,0,0,1,0,0,0,1,1,0,0,4.0943445622221,0,0,0,1,0,0,1,0,1,0,0,0,0,0,0,0,1,0,0,0.0,0.0,0,0,3.9318256327243257,1988.0,2020,OECD,"Jerzmanowski, M., & R. Tamura (2020): Aggregate Elasticity of Substitution between Skills: Estimates from a Macroeconomic Approach. MPRA Paper 100768, University Library of Munich, Germany."
93,20,Jerzmanowski & Tamura (2020),2.0017785682525564,0.173,5.780346820809249,11.570974382962754,0.016666666666666666,,463.2506,1,0,0,1,0,0,0,1,1,0,0,4.0943445622221,0,0,0,1,0,0,1,0,1,0,0,0,0,0,0,0,1,0,0,0.0,0.0,0,0,3.9318256327243257,1988.0,2020,OECD,"Jerzmanowski, M., & R. Tamura (2020): Aggregate Elasticity of Substitution between Skills: Estimates from a Macroeconomic Approach. MPRA Paper 100768, University Library of Munich, Germany."
93,20,Jerzmanowski & Tamura (2020),1.8151759220008479,0.322,3.1055900621118013,5.637192304350459,0.016666666666666666,,204.6499,1,0,0,1,0,0,0,1,1,0,0,4.0943445622221,0,0,0,1,0,0,1,0,1,0,0,0,0,0,1,0,1,0,0,0.0,0.0,0,0,3.9318256327243257,1988.0,2020,OECD,"Jerzmanowski, M., & R. Tamura (2020): Aggregate Elasticity of Substitution between Skills: Estimates from a Macroeconomic Approach. MPRA Paper 100768, University Library of Munich, Germany."
93,20,Jerzmanowski & Tamura (2020),1.8151759220008479,0.323,3.095975232198142,5.619739696597052,0.016666666666666666,,204.0163,1,0,0,1,0,0,0,1,1,0,0,4.0943445622221,0,0,0,1,0,0,1,0,1,0,0,0,0,0,1,0,1,0,0,0.0,0.0,0,0,3.9318256327243257,1988.0,2020,OECD,"Jerzmanowski, M., & R. Tamura (2020): Aggregate Elasticity of Substitution between Skills: Estimates from a Macroeconomic Approach. MPRA Paper 100768, University Library of Munich, Germany."
93,20,Jerzmanowski & Tamura (2020),2.0035587188612096,0.171,5.847953216374268,11.716717654159119,0.016666666666666666,,469.5026,1,0,0,1,0,0,0,1,1,0,0,4.0943445622221,0,0,0,1,0,0,1,0,1,0,0,0,0,0,1,0,1,0,0,0.0,0.0,0,0,3.9318256327243257,1988.0,2020,OECD,"Jerzmanowski, M., & R. Tamura (2020): Aggregate Elasticity of Substitution between Skills: Estimates from a Macroeconomic Approach. MPRA Paper 100768, University Library of Munich, Germany."
93,20,Jerzmanowski & Tamura (2020),1.9982230119946693,0.168,5.952380952380952,11.894184595206365,0.016666666666666666,,475.3447,1,0,0,1,0,0,0,1,1,0,0,4.0943445622221,0,0,0,1,0,0,1,0,1,0,0,0,0,0,1,0,1,0,0,0.0,0.0,0,0,3.9318256327243257,1988.0,2020,OECD,"Jerzmanowski, M., & R. Tamura (2020): Aggregate Elasticity of Substitution between Skills: Estimates from a Macroeconomic Approach. MPRA Paper 100768, University Library of Munich, Germany."
93,20,Jerzmanowski & Tamura (2020),1.9787798408488064,0.216,4.62962962962963,9.161017781707438,0.016666666666666666,,362.5528,1,0,0,1,0,0,0,1,1,0,0,4.0943445622221,0,0,0,1,0,0,1,0,1,0,0,0,0,0,1,0,1,0,0,0.0,0.0,0,0,3.9318256327243257,1988.0,2020,OECD,"Jerzmanowski, M., & R. Tamura (2020): Aggregate Elasticity of Substitution between Skills: Estimates from a Macroeconomic Approach. MPRA Paper 100768, University Library of Munich, Germany."
93,20,Jerzmanowski & Tamura (2020),1.821656050955414,0.326,3.067484662576687,5.587901996795749,0.016666666666666666,,199.4715,1,0,0,1,0,0,0,1,1,0,0,4.0943445622221,0,0,0,1,0,0,1,0,1,0,0,0,0,0,0,0,0,1,0,0.0,0.0,0,0,3.9318256327243257,1988.0,2020,OECD,"Jerzmanowski, M., & R. Tamura (2020): Aggregate Elasticity of Substitution between Skills: Estimates from a Macroeconomic Approach. MPRA Paper 100768, University Library of Munich, Germany."
93,20,Jerzmanowski & Tamura (2020),1.821656050955414,0.326,3.067484662576687,5.587901996795749,0.016666666666666666,,199.4715,1,0,0,1,0,0,0,1,1,0,0,4.0943445622221,0,0,0,1,0,0,1,0,1,0,0,0,0,0,0,0,0,1,0,0.0,0.0,0,0,3.9318256327243257,1988.0,2020,OECD,"Jerzmanowski, M., & R. Tamura (2020): Aggregate Elasticity of Substitution between Skills: Estimates from a Macroeconomic Approach. MPRA Paper 100768, University Library of Munich, Germany."
93,20,Jerzmanowski & Tamura (2020),2.041311180960934,0.17,5.88235294117647,12.007712829181964,0.016666666666666666,,480.325,1,0,0,1,0,0,0,1,1,0,0,4.0943445622221,0,0,0,1,0,0,1,0,1,0,0,0,0,0,0,0,0,1,0,0.0,0.0,0,0,3.9318256327243257,1988.0,2020,OECD,"Jerzmanowski, M., & R. Tamura (2020): Aggregate Elasticity of Substitution between Skills: Estimates from a Macroeconomic Approach. MPRA Paper 100768, University Library of Munich, Germany."
93,20,Jerzmanowski & Tamura (2020),2.041311180960934,0.17,5.88235294117647,12.007712829181964,0.016666666666666666,,480.325,1,0,0,1,0,0,0,1,1,0,0,4.0943445622221,0,0,0,1,0,0,1,0,1,0,0,0,0,0,0,0,0,1,0,0.0,0.0,0,0,3.9318256327243257,1988.0,2020,OECD,"Jerzmanowski, M., & R. Tamura (2020): Aggregate Elasticity of Substitution between Skills: Estimates from a Macroeconomic Approach. MPRA Paper 100768, University Library of Munich, Germany."
93,20,Jerzmanowski & Tamura (2020),1.9735099337748343,0.226,4.424778761061947,8.732344839711656,0.016666666666666666,,337.7037,1,0,0,1,0,0,0,1,1,0,0,4.0943445622221,0,0,0,1,0,0,1,0,1,0,0,0,0,0,0,0,0,1,0,0.0,0.0,0,0,3.9318256327243257,1988.0,2020,OECD,"Jerzmanowski, M., & R. Tamura (2020): Aggregate Elasticity of Substitution between Skills: Estimates from a Macroeconomic Approach. MPRA Paper 100768, University Library of Munich, Germany."
93,20,Jerzmanowski & Tamura (2020),1.9284155390659101,0.3,3.3333333333333335,6.4280517968863675,0.016666666666666666,,296.7272,1,0,0,1,0,0,0,1,1,0,0,4.174387269895637,0,0,0,1,0,0,1,0,1,0,0,0,0,0,0,0,0,1,0,0.0,0.0,0,0,3.9318256327243257,1993.0,2020,OECD,"Jerzmanowski, M., & R. Tamura (2020): Aggregate Elasticity of Substitution between Skills: Estimates from a Macroeconomic Approach. MPRA Paper 100768, University Library of Munich, Germany."
93,20,Jerzmanowski & Tamura (2020),1.930131004366812,0.278,3.597122302158273,6.9429172818950065,0.016666666666666666,,320.7791,1,0,0,1,0,0,0,1,1,0,0,4.174387269895637,0,0,0,1,0,0,1,0,1,0,0,0,0,0,0,0,0,1,0,0.0,0.0,0,0,3.9318256327243257,1993.0,2020,OECD,"Jerzmanowski, M., & R. Tamura (2020): Aggregate Elasticity of Substitution between Skills: Estimates from a Macroeconomic Approach. MPRA Paper 100768, University Library of Munich, Germany."
93,20,Jerzmanowski & Tamura (2020),1.751563151313047,0.218,4.587155963302752,8.034693354647004,0.016666666666666666,,336.8778,1,0,0,1,0,0,0,1,1,0,0,4.174387269895637,0,0,0,1,0,0,1,0,1,0,0,0,0,0,0,0,0,1,0,0.0,0.0,0,0,3.9318256327243257,1993.0,2020,OECD,"Jerzmanowski, M., & R. Tamura (2020): Aggregate Elasticity of Substitution between Skills: Estimates from a Macroeconomic Approach. MPRA Paper 100768, University Library of Munich, Germany."
93,20,Jerzmanowski & Tamura (2020),1.7437603993344428,0.23,4.3478260869565215,7.581566953628012,0.016666666666666666,,316.4631,1,0,0,1,0,0,0,1,1,0,0,4.174387269895637,0,0,0,1,0,0,1,0,1,0,0,0,0,0,0,0,0,1,0,0.0,0.0,0,0,3.9318256327243257,1993.0,2020,OECD,"Jerzmanowski, M., & R. Tamura (2020): Aggregate Elasticity of Substitution between Skills: Estimates from a Macroeconomic Approach. MPRA Paper 100768, University Library of Munich, Germany."
93,20,Jerzmanowski & Tamura (2020),2.2857142857142856,0.22,4.545454545454546,10.38961038961039,0.016666666666666666,,568.4582,1,0,0,1,0,0,0,1,1,0,0,4.174387269895637,0,0,0,1,0,0,1,0,1,0,0,0,0,0,0,0,0,1,0,0.0,0.0,0,0,3.9318256327243257,1993.0,2020,OECD,"Jerzmanowski, M., & R. Tamura (2020): Aggregate Elasticity of Substitution between Skills: Estimates from a Macroeconomic Approach. MPRA Paper 100768, University Library of Munich, Germany."
93,20,Jerzmanowski & Tamura (2020),2.1997200186654227,0.185,5.405405405405405,11.890378479272554,0.016666666666666666,,626.0953,1,0,0,1,0,0,0,1,1,0,0,4.174387269895637,0,0,0,1,0,0,1,0,1,0,0,0,0,0,0,0,0,1,0,0.0,0.0,0,0,3.9318256327243257,1993.0,2020,OECD,"Jerzmanowski, M., & R. Tamura (2020): Aggregate Elasticity of Substitution between Skills: Estimates from a Macroeconomic Approach. MPRA Paper 100768, University Library of Munich, Germany."
93,20,Jerzmanowski & Tamura (2020),2.3902439024390247,0.14,7.142857142857142,17.073170731707318,0.016666666666666666,,976.8632,1,0,0,1,0,0,0,1,1,0,0,4.174387269895637,0,0,0,1,0,0,1,0,1,0,0,0,0,0,0,0,0,1,0,0.0,0.0,0,0,3.9318256327243257,1993.0,2020,OECD,"Jerzmanowski, M., & R. Tamura (2020): Aggregate Elasticity of Substitution between Skills: Estimates from a Macroeconomic Approach. MPRA Paper 100768, University Library of Munich, Germany."
93,20,Jerzmanowski & Tamura (2020),1.8151759220008479,0.191,5.2356020942408374,9.503538858643182,0.016666666666666666,,412.9347,1,0,0,1,0,0,0,1,1,0,0,4.174387269895637,0,0,0,1,0,0,1,0,1,0,0,0,0,0,0,0,0,1,0,0.0,0.0,0,0,3.9318256327243257,1993.0,2020,OECD,"Jerzmanowski, M., & R. Tamura (2020): Aggregate Elasticity of Substitution between Skills: Estimates from a Macroeconomic Approach. MPRA Paper 100768, University Library of Munich, Germany."
93,20,Jerzmanowski & Tamura (2020),1.6824877250409167,0.311,3.215434083601286,5.409928376337353,0.016666666666666666,,217.8817,1,0,0,1,0,0,0,1,1,0,0,4.174387269895637,0,0,0,1,0,0,1,0,1,0,0,0,0,0,0,0,0,1,0,0.0,0.0,0,0,3.9318256327243257,1993.0,2020,OECD,"Jerzmanowski, M., & R. Tamura (2020): Aggregate Elasticity of Substitution between Skills: Estimates from a Macroeconomic Approach. MPRA Paper 100768, University Library of Munich, Germany."
93,20,Jerzmanowski & Tamura (2020),2.536290322580645,0.377,2.6525198938992043,6.727560537349191,0.016666666666666666,,408.4453,1,0,0,1,0,0,0,1,1,0,0,4.174387269895637,0,0,0,1,0,0,1,0,1,0,0,0,0,0,0,0,0,1,0,0.0,0.0,0,0,3.9318256327243257,1993.0,2020,OECD,"Jerzmanowski, M., & R. Tamura (2020): Aggregate Elasticity of Substitution between Skills: Estimates from a Macroeconomic Approach. MPRA Paper 100768, University Library of Munich, Germany."
93,20,Jerzmanowski & Tamura (2020),1.82,0.306,3.2679738562091503,5.947712418300654,0.016666666666666666,,212.1226,1,0,0,1,0,0,0,1,1,0,0,4.0943445622221,0,0,0,1,0,0,1,0,1,0,0,0,0,0,0,0,0,1,0,0.0,0.0,0,0,3.9318256327243257,1988.0,2020,OECD,"Jerzmanowski, M., & R. Tamura (2020): Aggregate Elasticity of Substitution between Skills: Estimates from a Macroeconomic Approach. MPRA Paper 100768, University Library of Munich, Germany."
93,20,Jerzmanowski & Tamura (2020),1.82,0.303,3.3003300330033003,6.006600660066007,0.016666666666666666,,214.2228,1,0,0,1,0,0,0,1,1,0,0,4.0943445622221,0,0,0,1,0,0,1,0,1,0,0,0,0,0,0,0,0,1,0,0.0,0.0,0,0,3.9318256327243257,1988.0,2020,OECD,"Jerzmanowski, M., & R. Tamura (2020): Aggregate Elasticity of Substitution between Skills: Estimates from a Macroeconomic Approach. MPRA Paper 100768, University Library of Munich, Germany."
93,20,Jerzmanowski & Tamura (2020),2.03,0.186,5.376344086021505,10.913978494623654,0.016666666666666666,,434.1549,1,0,0,1,0,0,0,1,1,0,0,4.0943445622221,0,0,0,1,0,0,1,0,1,0,0,0,0,0,0,0,0,1,0,0.0,0.0,0,0,3.9318256327243257,1988.0,2020,OECD,"Jerzmanowski, M., & R. Tamura (2020): Aggregate Elasticity of Substitution between Skills: Estimates from a Macroeconomic Approach. MPRA Paper 100768, University Library of Munich, Germany."
93,20,Jerzmanowski & Tamura (2020),2.03,0.182,5.4945054945054945,11.153846153846153,0.016666666666666666,,443.6968,1,0,0,1,0,0,0,1,1,0,0,4.0943445622221,0,0,0,1,0,0,1,0,1,0,0,0,0,0,0,0,0,1,0,0.0,0.0,0,0,3.9318256327243257,1988.0,2020,OECD,"Jerzmanowski, M., & R. Tamura (2020): Aggregate Elasticity of Substitution between Skills: Estimates from a Macroeconomic Approach. MPRA Paper 100768, University Library of Munich, Germany."
93,20,Jerzmanowski & Tamura (2020),1.97,0.225,4.444444444444445,8.755555555555555,0.016666666666666666,,337.9991,1,0,0,1,0,0,0,1,1,0,0,4.0943445622221,0,0,0,1,0,0,1,0,1,0,0,0,0,0,0,0,0,1,0,0.0,0.0,0,0,3.9318256327243257,1988.0,2020,OECD,"Jerzmanowski, M., & R. Tamura (2020): Aggregate Elasticity of Substitution between Skills: Estimates from a Macroeconomic Approach. MPRA Paper 100768, University Library of Munich, Germany."
94,20,Kiyota & Kurokawa (2019),1.2345679012345678,0.716354214296601,1.395957446808511,1.7234042553191493,0.013888888888888888,,43.60405,1,0,0,1,0,0,0,1,1,0,0,4.30406509320417,0,0,1,0,0,0,1,0,0,0,0,0,1,0,1,0,0,1,0,0.0,0.4054651081081644,0,0,3.912023005428146,2002.0,2019,OECD,"Kiyota, K. & Y. Kurokawa (2019): Intermediate Goods-Skill Complementarity. Keio-IES Discussion Paper Series 2019-013, Institute for Economics Studies, Keio University."
94,20,Kiyota & Kurokawa (2019),1.342281879194631,0.5224989865321382,1.9138793103448275,2.5689655172413794,0.013888888888888888,,70.66862,1,0,0,1,0,0,1,0,1,0,0,4.30406509320417,0,0,1,0,0,0,1,0,0,0,0,0,1,0,1,0,0,1,0,0.0,0.4054651081081644,0,0,3.912023005428146,2002.0,2019,OECD,"Kiyota, K. & Y. Kurokawa (2019): Intermediate Goods-Skill Complementarity. Keio-IES Discussion Paper Series 2019-013, Institute for Economics Studies, Keio University."
94,20,Kiyota & Kurokawa (2019),1.2330456226880395,0.5473445427468486,1.8270027777777778,2.2527777777777778,0.013888888888888888,,56.9275,1,0,0,1,0,0,1,0,1,0,0,4.30406509320417,0,0,1,0,1,0,1,0,0,0,0,0,1,0,1,0,0,1,0,0.0,0.4054651081081644,0,0,3.912023005428146,2002.0,2019,OECD,"Kiyota, K. & Y. Kurokawa (2019): Intermediate Goods-Skill Complementarity. Keio-IES Discussion Paper Series 2019-013, Institute for Economics Studies, Keio University."
94,20,Kiyota & Kurokawa (2019),1.2195121951219512,0.8625817965496728,1.159310344827586,1.4137931034482758,0.013888888888888888,,35.33431,1,0,0,1,0,0,1,0,1,0,0,4.30406509320417,0,0,1,0,0,0,1,0,0,0,0,0,1,0,1,0,0,1,0,0.0,0.4054651081081644,0,0,3.912023005428146,2002.0,2019,OECD,"Kiyota, K. & Y. Kurokawa (2019): Intermediate Goods-Skill Complementarity. Keio-IES Discussion Paper Series 2019-013, Institute for Economics Studies, Keio University."
94,20,Kiyota & Kurokawa (2019),1.0493179433368311,0.4184058955592821,2.3900236842105262,2.5078947368421054,0.013888888888888888,,53.93132,1,0,0,1,0,1,0,0,1,0,0,4.30406509320417,0,0,1,0,1,0,1,0,0,0,0,0,1,0,1,0,0,1,0,0.0,0.4054651081081644,0,0,3.912023005428146,2002.0,2019,OECD,"Kiyota, K. & Y. Kurokawa (2019): Intermediate Goods-Skill Complementarity. Keio-IES Discussion Paper Series 2019-013, Institute for Economics Studies, Keio University."
94,20,Kiyota & Kurokawa (2019),1.0559662090813096,0.5017790856246983,1.9929088888888886,2.1044444444444443,0.013888888888888888,,45.542,1,0,0,1,0,1,0,0,1,0,0,4.30406509320417,0,0,1,0,1,0,1,0,0,0,0,0,1,0,1,0,0,1,0,0.0,0.4054651081081644,0,0,3.912023005428146,2002.0,2019,OECD,"Kiyota, K. & Y. Kurokawa (2019): Intermediate Goods-Skill Complementarity. Keio-IES Discussion Paper Series 2019-013, Institute for Economics Studies, Keio University."
94,20,Kiyota & Kurokawa (2019),1.2706480304955527,0.8072732087011135,1.2387380000000001,1.574,0.013888888888888888,,40.24922,1,0,0,1,0,1,0,0,1,0,0,4.30406509320417,0,0,1,0,1,0,1,0,0,0,0,0,1,0,1,0,0,1,0,0.0,0.4054651081081644,0,0,3.912023005428146,2002.0,2019,OECD,"Kiyota, K. & Y. Kurokawa (2019): Intermediate Goods-Skill Complementarity. Keio-IES Discussion Paper Series 2019-013, Institute for Economics Studies, Keio University."
94,20,Kiyota & Kurokawa (2019),1.179245283018868,0.31984247063011745,3.1265391304347827,3.686956521739131,0.013888888888888888,,89.10392,1,0,0,1,0,1,0,0,1,0,0,4.30406509320417,0,0,1,0,1,0,1,0,0,0,0,0,1,0,1,0,0,1,0,0.0,0.4054651081081644,0,0,3.912023005428146,2002.0,2019,OECD,"Kiyota, K. & Y. Kurokawa (2019): Intermediate Goods-Skill Complementarity. Keio-IES Discussion Paper Series 2019-013, Institute for Economics Studies, Keio University."
94,20,Kiyota & Kurokawa (2019),1.0905125408942202,0.3805496325912219,2.6277781250000003,2.865625,0.013888888888888888,,64.04344,1,0,0,1,0,1,0,0,1,0,0,4.30406509320417,0,0,1,0,1,0,1,0,0,0,0,0,1,0,1,0,0,1,0,0.0,0.4054651081081644,0,0,3.912023005428146,2002.0,2019,OECD,"Kiyota, K. & Y. Kurokawa (2019): Intermediate Goods-Skill Complementarity. Keio-IES Discussion Paper Series 2019-013, Institute for Economics Studies, Keio University."
94,20,Kiyota & Kurokawa (2019),1.4903129657228018,1.6435642244931046,0.6084337837837839,0.9067567567567569,0.013888888888888888,,27.06079,1,0,0,1,0,1,0,0,1,0,0,4.30406509320417,0,0,1,0,1,0,1,0,0,0,0,0,1,0,1,0,0,1,0,0.0,0.4054651081081644,0,0,3.912023005428146,2002.0,2019,OECD,"Kiyota, K. & Y. Kurokawa (2019): Intermediate Goods-Skill Complementarity. Keio-IES Discussion Paper Series 2019-013, Institute for Economics Studies, Keio University."
94,20,Kiyota & Kurokawa (2019),1.3280212483399734,0.6525469613357108,1.5324567567567566,2.035135135135135,0.013888888888888888,,55.38892,1,0,0,1,0,1,0,0,1,0,0,4.30406509320417,0,0,1,0,1,0,1,0,0,0,0,0,1,0,1,0,0,1,0,0.0,0.4054651081081644,0,0,3.912023005428146,2002.0,2019,OECD,"Kiyota, K. & Y. Kurokawa (2019): Intermediate Goods-Skill Complementarity. Keio-IES Discussion Paper Series 2019-013, Institute for Economics Studies, Keio University."
94,20,Kiyota & Kurokawa (2019),1.25,0.6093749999999999,1.6410256410256414,2.0512820512820515,0.013888888888888888,,52.54847,1,0,0,1,0,1,0,0,1,0,0,4.30406509320417,0,0,1,0,1,0,1,0,0,0,0,0,1,0,1,0,0,1,0,0.0,0.4054651081081644,0,0,3.912023005428146,2002.0,2019,OECD,"Kiyota, K. & Y. Kurokawa (2019): Intermediate Goods-Skill Complementarity. Keio-IES Discussion Paper Series 2019-013, Institute for Economics Studies, Keio University."
94,20,Kiyota & Kurokawa (2019),1.1764705882352942,0.49826989619377166,2.006944444444444,2.361111111111111,0.013888888888888888,,56.9275,1,0,0,1,0,1,0,0,1,0,0,4.30406509320417,0,0,1,0,1,0,1,0,0,0,0,0,1,0,1,0,0,1,0,0.0,0.4054651081081644,0,0,3.912023005428146,2002.0,2019,OECD,"Kiyota, K. & Y. Kurokawa (2019): Intermediate Goods-Skill Complementarity. Keio-IES Discussion Paper Series 2019-013, Institute for Economics Studies, Keio University."
94,20,Kiyota & Kurokawa (2019),1.3531799729364005,0.9155480195780789,1.092242,1.478,0.013888888888888888,,40.9878,1,0,0,1,0,1,0,0,1,0,0,4.30406509320417,0,0,1,0,1,0,1,0,0,0,0,0,1,0,1,0,0,1,0,0.0,0.4054651081081644,0,0,3.912023005428146,2002.0,2019,OECD,"Kiyota, K. & Y. Kurokawa (2019): Intermediate Goods-Skill Complementarity. Keio-IES Discussion Paper Series 2019-013, Institute for Economics Studies, Keio University."
94,20,Kiyota & Kurokawa (2019),1.2706480304955527,0.40363660435055676,2.4774760000000002,3.148,0.013888888888888888,,81.97561,1,0,0,1,0,1,0,0,1,0,0,4.30406509320417,0,0,1,0,1,0,1,0,0,0,0,0,1,0,1,0,0,1,0,0.0,0.4054651081081644,0,0,3.912023005428146,2002.0,2019,OECD,"Kiyota, K. & Y. Kurokawa (2019): Intermediate Goods-Skill Complementarity. Keio-IES Discussion Paper Series 2019-013, Institute for Economics Studies, Keio University."
94,20,Kiyota & Kurokawa (2019),1.278772378516624,0.7031612823045373,1.4221488372093027,1.8186046511627911,0.013888888888888888,,47.66024,1,0,0,1,0,1,0,0,1,0,0,4.30406509320417,0,0,1,0,1,0,1,0,0,0,0,0,1,0,1,0,0,1,0,0.0,0.4054651081081644,0,0,3.912023005428146,2002.0,2019,OECD,"Kiyota, K. & Y. Kurokawa (2019): Intermediate Goods-Skill Complementarity. Keio-IES Discussion Paper Series 2019-013, Institute for Economics Studies, Keio University."
94,20,Kiyota & Kurokawa (2019),1.2531328320802004,0.4868059873995766,2.0542064516129033,2.574193548387097,0.013888888888888888,,66.10936,1,0,0,1,0,1,0,0,1,0,0,4.30406509320417,0,0,1,0,1,0,1,0,0,0,0,0,1,0,1,0,0,1,0,0.0,0.4054651081081644,0,0,3.912023005428146,2002.0,2019,OECD,"Kiyota, K. & Y. Kurokawa (2019): Intermediate Goods-Skill Complementarity. Keio-IES Discussion Paper Series 2019-013, Institute for Economics Studies, Keio University."
94,20,Kiyota & Kurokawa (2019),1.183431952662722,0.6162249220965652,1.622784090909091,1.9204545454545456,0.013888888888888888,,46.57705,1,0,0,1,0,1,0,0,1,0,0,4.30406509320417,0,0,1,0,1,0,1,0,0,0,0,0,1,0,1,0,0,1,0,0.0,0.4054651081081644,0,0,3.912023005428146,2002.0,2019,OECD,"Kiyota, K. & Y. Kurokawa (2019): Intermediate Goods-Skill Complementarity. Keio-IES Discussion Paper Series 2019-013, Institute for Economics Studies, Keio University."
29,21,Fallon & Layard (1975),2.127659574468085,0.5189413596263622,1.927,4.1,0.043478260869565216,,31.45268,1,0,0,1,0,0,0,1,1,0,1,3.6375861597263857,0,0,0,0,0,0,1,0,0,0,0,0,1,0,0,0,0,1,0,3.567,1.9328380674879606,1,1,1.791759469228055,1966.0,1975,Poorer,"Fallon, P. R. & P. R. G. Layard (1975): Capital-skill complementarity, income distribution, and output accounting. Journal of Political Economy 83(2): pp. 279-302."
29,21,Fallon & Layard (1975),2.4390243902439024,1.2195121951219514,0.8199999999999998,1.9999999999999996,0.043478260869565216,,17.58805,1,0,0,1,0,0,0,1,1,0,1,3.6375861597263857,0,0,0,0,0,0,1,0,0,0,0,0,1,0,0,0,0,1,0,3.567,1.9328380674879606,1,1,1.791759469228055,1966.0,1975,Poorer,"Fallon, P. R. & P. R. G. Layard (1975): Capital-skill complementarity, income distribution, and output accounting. Journal of Political Economy 83(2): pp. 279-302."
64,21,Psacharopoulos & Hinchliffe (1973),2.100840336134454,0.7458865899300898,1.3406863905325441,2.816568047337278,0.2,,,1,0,0,1,0,0,0,1,1,0,1,3.6109179126442243,0,0,0,1,0,0,1,0,0,0,0,0,1,0,0,1,1,0,0,3.567,1.0465559267120566,1,1,1.3862943611198906,1965.0,1973,Poorer,"Psacharopoulos, G. & K. Hinchliffe (1972): Further evidence on the elasticity of substitution among different types of educated labor. Journal of Political Economy 80(4): pp. 786-792."
64,21,Psacharopoulos & Hinchliffe (1973),2.531645569620253,1.371575068098061,0.7290887850467291,1.8457943925233646,0.2,,,1,0,0,1,0,0,0,1,1,0,1,3.6109179126442243,0,0,0,1,0,0,1,0,0,0,0,0,1,0,0,1,1,0,0,3.567,1.0465559267120566,1,1,1.3862943611198906,1965.0,1973,Poorer,"Psacharopoulos, G. & K. Hinchliffe (1972): Further evidence on the elasticity of substitution among different types of educated labor. Journal of Political Economy 80(4): pp. 786-792."
69,22,Silva (2008),0.456,0.227,4.405286343612334,2.008810573,0.125,,20.35951,1,0,0,0,1,0,1,0,1,0,0,4.07753744390572,0,1,1,0,0,0,1,0,1,1,0,1,0,0,1,0,0,0,1,0.0,0.3101549283038396,0,0,3.6635616461296463,1987.0,2008,Portugal,"Silva, J. C. (2008): Young employment, job-skill composition and minimum wages: Evidence from a ""natural experiment"".  Working paper NIPE 4/2008, Departmento de Economia, Universidade do Minho, Portugal."
69,22,Silva (2008),0.434,0.236,4.237288135593221,1.822033898,0.125,,31.6643,1,0,0,0,1,0,1,0,1,0,0,4.07753744390572,0,1,1,0,0,0,1,0,1,1,0,1,0,0,1,0,0,0,1,0.0,0.3101549283038396,0,0,3.6635616461296463,1987.0,2008,Portugal,"Silva, J. C. (2008): Young employment, job-skill composition and minimum wages: Evidence from a ""natural experiment"".  Working paper NIPE 4/2008, Departmento de Economia, Universidade do Minho, Portugal."
69,22,Silva (2008),0.374,0.257,3.8910505836575875,1.439688716,0.125,,21.59297,1,0,0,0,1,0,1,0,1,0,0,4.07753744390572,0,1,1,0,0,0,1,0,1,1,0,1,0,0,1,0,0,0,1,0.0,0.3101549283038396,0,0,3.6635616461296463,1987.0,2008,Portugal,"Silva, J. C. (2008): Young employment, job-skill composition and minimum wages: Evidence from a ""natural experiment"".  Working paper NIPE 4/2008, Departmento de Economia, Universidade do Minho, Portugal."
69,22,Silva (2008),0.385,0.257,3.8910505836575875,1.498054475,0.125,,12.81893,1,0,0,0,1,0,1,0,1,0,0,4.07753744390572,0,1,1,0,0,0,1,0,1,1,0,1,0,0,1,0,0,0,1,0.0,0.3101549283038396,0,0,3.6635616461296463,1987.0,2008,Portugal,"Silva, J. C. (2008): Young employment, job-skill composition and minimum wages: Evidence from a ""natural experiment"".  Working paper NIPE 4/2008, Departmento de Economia, Universidade do Minho, Portugal."
69,22,Silva (2008),0.365,0.321,3.115264797507788,1.152647975,0.125,,21.57239,1,0,0,0,1,0,1,0,1,0,0,4.07753744390572,0,1,1,0,0,0,1,0,1,1,0,1,0,0,1,0,0,0,1,0.0,0.3101549283038396,0,0,3.6635616461296463,1987.0,2008,Portugal,"Silva, J. C. (2008): Young employment, job-skill composition and minimum wages: Evidence from a ""natural experiment"".  Working paper NIPE 4/2008, Departmento de Economia, Universidade do Minho, Portugal."
69,22,Silva (2008),0.282,0.348,2.873563218390805,0.804597701,0.125,,21.57239,1,0,0,0,1,0,1,0,1,0,0,4.07753744390572,0,1,1,0,0,0,1,0,1,1,0,1,0,0,1,0,0,0,1,0.0,0.3101549283038396,0,0,3.6635616461296463,1987.0,2008,Portugal,"Silva, J. C. (2008): Young employment, job-skill composition and minimum wages: Evidence from a ""natural experiment"".  Working paper NIPE 4/2008, Departmento de Economia, Universidade do Minho, Portugal."
69,22,Silva (2008),0.338,0.378,2.6455026455026456,0.894179894,0.125,,12.13356,1,0,0,0,1,0,1,0,1,0,0,4.07753744390572,0,1,1,0,0,0,1,0,1,1,0,1,0,0,1,0,0,0,1,0.0,0.3101549283038396,0,0,3.6635616461296463,1987.0,2008,Portugal,"Silva, J. C. (2008): Young employment, job-skill composition and minimum wages: Evidence from a ""natural experiment"".  Working paper NIPE 4/2008, Departmento de Economia, Universidade do Minho, Portugal."
69,22,Silva (2008),0.239,0.409,2.444987775061125,0.584352078,0.125,,12.13356,1,0,0,0,1,0,1,0,1,0,0,4.07753744390572,0,1,1,0,0,0,1,0,1,1,0,1,0,0,1,0,0,0,1,0.0,0.3101549283038396,0,0,3.6635616461296463,1987.0,2008,Portugal,"Silva, J. C. (2008): Young employment, job-skill composition and minimum wages: Evidence from a ""natural experiment"".  Working paper NIPE 4/2008, Departmento de Economia, Universidade do Minho, Portugal."
82,22,Caliendo et al. (2021),4.0,1.5527950310559007,0.644,2.576,0.14285714285714285,,138.2427,1,0,0,1,0,0,1,0,0,1,0,4.276666119016055,0,0,0,1,0,0,1,0,1,0,0,0,0,0,1,0,0,0,1,3.567,2.9311937524164198,1,1,3.9512437185814275,2000.0,2021,Portugal,"Caliendo, L., Opromolla, L.D., Parro, F., & A. Sforza (2021): Goods and factor market integration: A quantitative assessment of the EU enlargement. Journal of Political Economy (forthcoming)."
82,22,Caliendo et al. (2021),5.0,1.9409937888198758,0.5152,2.576,0.14285714285714285,,186.6489,1,0,0,1,0,0,1,0,0,1,0,4.276666119016055,0,0,0,1,0,0,1,0,1,0,0,0,0,0,1,0,0,0,1,3.567,2.9311937524164198,1,1,3.9512437185814275,2000.0,2021,Portugal,"Caliendo, L., Opromolla, L.D., Parro, F., & A. Sforza (2021): Goods and factor market integration: A quantitative assessment of the EU enlargement. Journal of Political Economy (forthcoming)."
82,22,Caliendo et al. (2021),4.2,1.6304347826086958,0.6133333333333333,2.576,0.14285714285714285,,156.7851,1,0,0,1,0,0,1,0,0,1,0,4.276666119016055,0,0,0,1,0,0,1,0,1,0,0,0,0,0,1,0,0,0,1,3.567,2.9311937524164198,1,1,3.9512437185814275,2000.0,2021,Portugal,"Caliendo, L., Opromolla, L.D., Parro, F., & A. Sforza (2021): Goods and factor market integration: A quantitative assessment of the EU enlargement. Journal of Political Economy (forthcoming)."
82,22,Caliendo et al. (2021),4.2,1.6304347826086958,0.6133333333333333,2.576,0.14285714285714285,,40.48174,1,0,0,1,0,0,1,0,0,1,0,4.276666119016055,0,0,0,1,0,0,1,0,1,0,0,0,0,0,1,0,0,0,1,3.567,2.9311937524164198,1,1,3.9512437185814275,2000.0,2021,Portugal,"Caliendo, L., Opromolla, L.D., Parro, F., & A. Sforza (2021): Goods and factor market integration: A quantitative assessment of the EU enlargement. Journal of Political Economy (forthcoming)."
82,22,Caliendo et al. (2021),3.1,1.203416149068323,0.8309677419354838,2.576,0.14285714285714285,,29.87938,1,0,0,1,0,0,1,0,0,1,0,4.276666119016055,0,0,0,1,0,0,1,0,1,0,0,0,0,0,1,0,0,0,1,3.567,2.9311937524164198,1,1,3.9512437185814275,2000.0,2021,Portugal,"Caliendo, L., Opromolla, L.D., Parro, F., & A. Sforza (2021): Goods and factor market integration: A quantitative assessment of the EU enlargement. Journal of Political Economy (forthcoming)."
82,22,Caliendo et al. (2021),3.6,1.3975155279503106,0.7155555555555555,2.576,0.14285714285714285,,34.69864,1,0,0,1,0,0,1,0,0,1,0,4.276666119016055,0,0,0,1,0,0,1,0,1,0,0,0,0,0,1,0,0,0,1,3.567,2.9311937524164198,1,1,3.9512437185814275,2000.0,2021,Portugal,"Caliendo, L., Opromolla, L.D., Parro, F., & A. Sforza (2021): Goods and factor market integration: A quantitative assessment of the EU enlargement. Journal of Political Economy (forthcoming)."
82,22,Caliendo et al. (2021),3.0,1.1645962732919255,0.8586666666666667,2.576,0.14285714285714285,,28.91553,1,0,0,1,0,0,1,0,0,1,0,4.276666119016055,0,0,0,1,0,0,1,0,1,0,0,0,0,0,1,0,0,0,1,3.567,2.9311937524164198,1,1,3.9512437185814275,2000.0,2021,Portugal,"Caliendo, L., Opromolla, L.D., Parro, F., & A. Sforza (2021): Goods and factor market integration: A quantitative assessment of the EU enlargement. Journal of Political Economy (forthcoming)."
29,23,Fallon & Layard (1975),1.8518518518518516,0.4873294346978558,2.052,3.7999999999999994,0.043478260869565216,,21.11111,1,0,0,1,0,0,0,1,1,0,1,3.6375861597263857,0,0,1,0,0,0,1,0,0,0,0,0,1,0,0,0,0,1,0,3.567,1.9328380674879606,1,1,1.791759469228055,1966.0,1975,Richer,"Fallon, P. R. & P. R. G. Layard (1975): Capital-skill complementarity, income distribution, and output accounting. Journal of Political Economy 83(2): pp. 279-302."
29,23,Fallon & Layard (1975),0.7874015748031495,0.1381406271584473,7.239,5.699999999999999,0.043478260869565216,,13.46457,1,0,0,1,0,0,0,1,1,0,1,3.6375861597263857,0,0,1,0,0,0,1,0,0,0,0,0,1,0,0,0,0,1,0,3.567,1.9328380674879606,1,1,1.791759469228055,1966.0,1975,Richer,"Fallon, P. R. & P. R. G. Layard (1975): Capital-skill complementarity, income distribution, and output accounting. Journal of Political Economy 83(2): pp. 279-302."
64,23,Psacharopoulos & Hinchliffe (1973),1000.0,111000.0,9.00900900900901e-06,0.009009009009009009,0.2,,,1,0,0,1,0,0,0,1,1,0,1,3.6109179126442243,0,0,1,0,0,0,1,0,0,0,0,0,1,0,0,1,1,0,0,3.567,1.0465559267120566,1,1,1.3862943611198906,1965.0,1973,Richer,"Psacharopoulos, G. & K. Hinchliffe (1972): Further evidence on the elasticity of substitution among different types of educated labor. Journal of Political Economy 80(4): pp. 786-792."
64,23,Psacharopoulos & Hinchliffe (1973),20.0,39.599999999999994,0.025252525252525256,0.5050505050505051,0.2,,,1,0,0,1,0,0,0,1,1,0,1,3.6109179126442243,0,0,1,0,0,0,1,0,0,0,0,0,1,0,0,1,1,0,0,3.567,1.0465559267120566,1,1,1.3862943611198906,1965.0,1973,Richer,"Psacharopoulos, G. & K. Hinchliffe (1972): Further evidence on the elasticity of substitution among different types of educated labor. Journal of Political Economy 80(4): pp. 786-792."
23,24,Corker & Bayoumi (1991),2.7777777777777777,3.395061728395062,0.2945454545454545,0.818181818181818,1.0,,,1,0,0,1,0,0,0,1,1,0,0,3.9512437185814275,0,0,0,0,0,0,1,0,0,0,0,0,0,0,0,0,0,0,0,0.401,0.10178269430994238,0,0,3.091042453358316,1980.0,1991,South Africa,"Corker, R. & T. Bayoumi (1991): Apartheid, growth and income distribution in South Africa: Past history and future prospects. IMF Working Papers 116/1991, European Department, International Monetary Fund."
8,25,Bergstrom & Panas (1992),1.35,,,,0.03125,,,0,1,0,1,0,0,1,0,1,0,1,3.5553480614894135,0,1,1,0,1,0,0,1,0,0,0,0,0,0,0,0,1,0,0,1.225,1.5793604571968223,1,1,3.1354942159291497,1963.0,1992,Sweden,"Bergstrom, V. & E. E. Panas (1992): How robust is the capital-skill complementarity hypothesis? The Review of Economics and Statistics 74(3): pp. 540-546."
8,25,Bergstrom & Panas (1992),0.37,,,,0.03125,,,0,1,0,1,0,0,1,0,1,0,1,3.5553480614894135,0,1,1,0,1,0,0,1,0,0,0,0,0,0,0,0,1,0,0,1.225,1.5793604571968223,1,1,3.1354942159291497,1963.0,1992,Sweden,"Bergstrom, V. & E. E. Panas (1992): How robust is the capital-skill complementarity hypothesis? The Review of Economics and Statistics 74(3): pp. 540-546."
8,25,Bergstrom & Panas (1992),4.45,,,,0.03125,,,0,1,0,1,0,0,1,0,1,0,1,3.5553480614894135,0,1,1,0,1,0,0,1,0,0,0,0,0,0,0,0,1,0,0,1.225,1.5793604571968223,1,1,3.1354942159291497,1963.0,1992,Sweden,"Bergstrom, V. & E. E. Panas (1992): How robust is the capital-skill complementarity hypothesis? The Review of Economics and Statistics 74(3): pp. 540-546."
8,25,Bergstrom & Panas (1992),1.23,,,,0.03125,,,0,1,0,1,0,0,1,0,1,0,1,3.5553480614894135,0,1,1,0,1,0,0,1,0,0,0,0,0,0,0,0,1,0,0,1.225,1.5793604571968223,1,1,3.1354942159291497,1963.0,1992,Sweden,"Bergstrom, V. & E. E. Panas (1992): How robust is the capital-skill complementarity hypothesis? The Review of Economics and Statistics 74(3): pp. 540-546."
8,25,Bergstrom & Panas (1992),1.41,,,,0.03125,,,0,1,0,1,0,0,1,0,1,0,1,3.5553480614894135,0,1,1,0,1,0,0,1,0,0,0,0,0,0,0,0,1,0,0,1.225,1.5793604571968223,1,1,3.1354942159291497,1963.0,1992,Sweden,"Bergstrom, V. & E. E. Panas (1992): How robust is the capital-skill complementarity hypothesis? The Review of Economics and Statistics 74(3): pp. 540-546."
8,25,Bergstrom & Panas (1992),1.29,,,,0.03125,,,0,1,0,1,0,0,1,0,1,0,1,3.5553480614894135,0,1,1,0,1,0,0,1,0,0,0,0,0,0,0,0,1,0,0,1.225,1.5793604571968223,1,1,3.1354942159291497,1963.0,1992,Sweden,"Bergstrom, V. & E. E. Panas (1992): How robust is the capital-skill complementarity hypothesis? The Review of Economics and Statistics 74(3): pp. 540-546."
8,25,Bergstrom & Panas (1992),0.21,,,,0.03125,,,0,1,0,1,0,0,1,0,1,0,1,3.5553480614894135,0,1,1,0,1,0,0,1,0,0,0,0,0,0,0,0,1,0,0,1.225,1.5793604571968223,1,1,3.1354942159291497,1963.0,1992,Sweden,"Bergstrom, V. & E. E. Panas (1992): How robust is the capital-skill complementarity hypothesis? The Review of Economics and Statistics 74(3): pp. 540-546."
8,25,Bergstrom & Panas (1992),0.91,,,,0.03125,,,0,1,0,1,0,0,1,0,1,0,1,3.5553480614894135,0,1,1,0,1,0,0,1,0,0,0,0,0,0,0,0,1,0,0,1.225,1.5793604571968223,1,1,3.1354942159291497,1963.0,1992,Sweden,"Bergstrom, V. & E. E. Panas (1992): How robust is the capital-skill complementarity hypothesis? The Review of Economics and Statistics 74(3): pp. 540-546."
8,25,Bergstrom & Panas (1992),1.34,,,,0.03125,,,0,1,0,1,0,0,1,0,1,0,1,3.6888794541139363,0,1,1,0,1,0,0,1,0,0,0,0,0,0,0,0,1,0,0,1.225,1.5793604571968223,1,1,3.1354942159291497,1968.0,1992,Sweden,"Bergstrom, V. & E. E. Panas (1992): How robust is the capital-skill complementarity hypothesis? The Review of Economics and Statistics 74(3): pp. 540-546."
8,25,Bergstrom & Panas (1992),0.57,,,,0.03125,,,0,1,0,1,0,0,1,0,1,0,1,3.6888794541139363,0,1,1,0,1,0,0,1,0,0,0,0,0,0,0,0,1,0,0,1.225,1.5793604571968223,1,1,3.1354942159291497,1968.0,1992,Sweden,"Bergstrom, V. & E. E. Panas (1992): How robust is the capital-skill complementarity hypothesis? The Review of Economics and Statistics 74(3): pp. 540-546."
8,25,Bergstrom & Panas (1992),3.63,,,,0.03125,,,0,1,0,1,0,0,1,0,1,0,1,3.6888794541139363,0,1,1,0,1,0,0,1,0,0,0,0,0,0,0,0,1,0,0,1.225,1.5793604571968223,1,1,3.1354942159291497,1968.0,1992,Sweden,"Bergstrom, V. & E. E. Panas (1992): How robust is the capital-skill complementarity hypothesis? The Review of Economics and Statistics 74(3): pp. 540-546."
8,25,Bergstrom & Panas (1992),1.21,,,,0.03125,,,0,1,0,1,0,0,1,0,1,0,1,3.6888794541139363,0,1,1,0,1,0,0,1,0,0,0,0,0,0,0,0,1,0,0,1.225,1.5793604571968223,1,1,3.1354942159291497,1968.0,1992,Sweden,"Bergstrom, V. & E. E. Panas (1992): How robust is the capital-skill complementarity hypothesis? The Review of Economics and Statistics 74(3): pp. 540-546."
8,25,Bergstrom & Panas (1992),1.33,,,,0.03125,,,0,1,0,1,0,0,1,0,1,0,1,3.6888794541139363,0,1,1,0,1,0,0,1,0,0,0,0,0,0,0,0,1,0,0,1.225,1.5793604571968223,1,1,3.1354942159291497,1968.0,1992,Sweden,"Bergstrom, V. & E. E. Panas (1992): How robust is the capital-skill complementarity hypothesis? The Review of Economics and Statistics 74(3): pp. 540-546."
8,25,Bergstrom & Panas (1992),1.22,,,,0.03125,,,0,1,0,1,0,0,1,0,1,0,1,3.6888794541139363,0,1,1,0,1,0,0,1,0,0,0,0,0,0,0,0,1,0,0,1.225,1.5793604571968223,1,1,3.1354942159291497,1968.0,1992,Sweden,"Bergstrom, V. & E. E. Panas (1992): How robust is the capital-skill complementarity hypothesis? The Review of Economics and Statistics 74(3): pp. 540-546."
8,25,Bergstrom & Panas (1992),0.45,,,,0.03125,,,0,1,0,1,0,0,1,0,1,0,1,3.6888794541139363,0,1,1,0,1,0,0,1,0,0,0,0,0,0,0,0,1,0,0,1.225,1.5793604571968223,1,1,3.1354942159291497,1968.0,1992,Sweden,"Bergstrom, V. & E. E. Panas (1992): How robust is the capital-skill complementarity hypothesis? The Review of Economics and Statistics 74(3): pp. 540-546."
8,25,Bergstrom & Panas (1992),0.92,,,,0.03125,,,0,1,0,1,0,0,1,0,1,0,1,3.6888794541139363,0,1,1,0,1,0,0,1,0,0,0,0,0,0,0,0,1,0,0,1.225,1.5793604571968223,1,1,3.1354942159291497,1968.0,1992,Sweden,"Bergstrom, V. & E. E. Panas (1992): How robust is the capital-skill complementarity hypothesis? The Review of Economics and Statistics 74(3): pp. 540-546."
8,25,Bergstrom & Panas (1992),1.29,,,,0.03125,,,0,1,0,1,0,0,1,0,1,0,1,3.828641396489095,0,1,1,0,1,0,0,1,0,0,0,0,0,0,0,0,1,0,0,1.225,1.5793604571968223,1,1,3.1354942159291497,1974.0,1992,Sweden,"Bergstrom, V. & E. E. Panas (1992): How robust is the capital-skill complementarity hypothesis? The Review of Economics and Statistics 74(3): pp. 540-546."
8,25,Bergstrom & Panas (1992),0.36,,,,0.03125,,,0,1,0,1,0,0,1,0,1,0,1,3.828641396489095,0,1,1,0,1,0,0,1,0,0,0,0,0,0,0,0,1,0,0,1.225,1.5793604571968223,1,1,3.1354942159291497,1974.0,1992,Sweden,"Bergstrom, V. & E. E. Panas (1992): How robust is the capital-skill complementarity hypothesis? The Review of Economics and Statistics 74(3): pp. 540-546."
8,25,Bergstrom & Panas (1992),2.96,,,,0.03125,,,0,1,0,1,0,0,1,0,1,0,1,3.828641396489095,0,1,1,0,1,0,0,1,0,0,0,0,0,0,0,0,1,0,0,1.225,1.5793604571968223,1,1,3.1354942159291497,1974.0,1992,Sweden,"Bergstrom, V. & E. E. Panas (1992): How robust is the capital-skill complementarity hypothesis? The Review of Economics and Statistics 74(3): pp. 540-546."
8,25,Bergstrom & Panas (1992),1.35,,,,0.03125,,,0,1,0,1,0,0,1,0,1,0,1,3.828641396489095,0,1,1,0,1,0,0,1,0,0,0,0,0,0,0,0,1,0,0,1.225,1.5793604571968223,1,1,3.1354942159291497,1974.0,1992,Sweden,"Bergstrom, V. & E. E. Panas (1992): How robust is the capital-skill complementarity hypothesis? The Review of Economics and Statistics 74(3): pp. 540-546."
8,25,Bergstrom & Panas (1992),1.78,,,,0.03125,,,0,1,0,1,0,0,1,0,1,0,1,3.828641396489095,0,1,1,0,1,0,0,1,0,0,0,0,0,0,0,0,1,0,0,1.225,1.5793604571968223,1,1,3.1354942159291497,1974.0,1992,Sweden,"Bergstrom, V. & E. E. Panas (1992): How robust is the capital-skill complementarity hypothesis? The Review of Economics and Statistics 74(3): pp. 540-546."
8,25,Bergstrom & Panas (1992),1.35,,,,0.03125,,,0,1,0,1,0,0,1,0,1,0,1,3.828641396489095,0,1,1,0,1,0,0,1,0,0,0,0,0,0,0,0,1,0,0,1.225,1.5793604571968223,1,1,3.1354942159291497,1974.0,1992,Sweden,"Bergstrom, V. & E. E. Panas (1992): How robust is the capital-skill complementarity hypothesis? The Review of Economics and Statistics 74(3): pp. 540-546."
8,25,Bergstrom & Panas (1992),0.29,,,,0.03125,,,0,1,0,1,0,0,1,0,1,0,1,3.828641396489095,0,1,1,0,1,0,0,1,0,0,0,0,0,0,0,0,1,0,0,1.225,1.5793604571968223,1,1,3.1354942159291497,1974.0,1992,Sweden,"Bergstrom, V. & E. E. Panas (1992): How robust is the capital-skill complementarity hypothesis? The Review of Economics and Statistics 74(3): pp. 540-546."
8,25,Bergstrom & Panas (1992),0.89,,,,0.03125,,,0,1,0,1,0,0,1,0,1,0,1,3.828641396489095,0,1,1,0,1,0,0,1,0,0,0,0,0,0,0,0,1,0,0,1.225,1.5793604571968223,1,1,3.1354942159291497,1974.0,1992,Sweden,"Bergstrom, V. & E. E. Panas (1992): How robust is the capital-skill complementarity hypothesis? The Review of Economics and Statistics 74(3): pp. 540-546."
8,25,Bergstrom & Panas (1992),1.25,,,,0.03125,,,0,1,0,1,0,0,1,0,1,0,1,3.9512437185814275,0,1,1,0,1,0,0,1,0,0,0,0,0,0,0,0,1,0,0,1.225,1.5793604571968223,1,1,3.1354942159291497,1980.0,1992,Sweden,"Bergstrom, V. & E. E. Panas (1992): How robust is the capital-skill complementarity hypothesis? The Review of Economics and Statistics 74(3): pp. 540-546."
8,25,Bergstrom & Panas (1992),0.6,,,,0.03125,,,0,1,0,1,0,0,1,0,1,0,1,3.9512437185814275,0,1,1,0,1,0,0,1,0,0,0,0,0,0,0,0,1,0,0,1.225,1.5793604571968223,1,1,3.1354942159291497,1980.0,1992,Sweden,"Bergstrom, V. & E. E. Panas (1992): How robust is the capital-skill complementarity hypothesis? The Review of Economics and Statistics 74(3): pp. 540-546."
8,25,Bergstrom & Panas (1992),2.98,,,,0.03125,,,0,1,0,1,0,0,1,0,1,0,1,3.9512437185814275,0,1,1,0,1,0,0,1,0,0,0,0,0,0,0,0,1,0,0,1.225,1.5793604571968223,1,1,3.1354942159291497,1980.0,1992,Sweden,"Bergstrom, V. & E. E. Panas (1992): How robust is the capital-skill complementarity hypothesis? The Review of Economics and Statistics 74(3): pp. 540-546."
8,25,Bergstrom & Panas (1992),1.21,,,,0.03125,,,0,1,0,1,0,0,1,0,1,0,1,3.9512437185814275,0,1,1,0,1,0,0,1,0,0,0,0,0,0,0,0,1,0,0,1.225,1.5793604571968223,1,1,3.1354942159291497,1980.0,1992,Sweden,"Bergstrom, V. & E. E. Panas (1992): How robust is the capital-skill complementarity hypothesis? The Review of Economics and Statistics 74(3): pp. 540-546."
8,25,Bergstrom & Panas (1992),1.28,,,,0.03125,,,0,1,0,1,0,0,1,0,1,0,1,3.9512437185814275,0,1,1,0,1,0,0,1,0,0,0,0,0,0,0,0,1,0,0,1.225,1.5793604571968223,1,1,3.1354942159291497,1980.0,1992,Sweden,"Bergstrom, V. & E. E. Panas (1992): How robust is the capital-skill complementarity hypothesis? The Review of Economics and Statistics 74(3): pp. 540-546."
8,25,Bergstrom & Panas (1992),1.2,,,,0.03125,,,0,1,0,1,0,0,1,0,1,0,1,3.9512437185814275,0,1,1,0,1,0,0,1,0,0,0,0,0,0,0,0,1,0,0,1.225,1.5793604571968223,1,1,3.1354942159291497,1980.0,1992,Sweden,"Bergstrom, V. & E. E. Panas (1992): How robust is the capital-skill complementarity hypothesis? The Review of Economics and Statistics 74(3): pp. 540-546."
8,25,Bergstrom & Panas (1992),0.48,,,,0.03125,,,0,1,0,1,0,0,1,0,1,0,1,3.9512437185814275,0,1,1,0,1,0,0,1,0,0,0,0,0,0,0,0,1,0,0,1.225,1.5793604571968223,1,1,3.1354942159291497,1980.0,1992,Sweden,"Bergstrom, V. & E. E. Panas (1992): How robust is the capital-skill complementarity hypothesis? The Review of Economics and Statistics 74(3): pp. 540-546."
8,25,Bergstrom & Panas (1992),0.91,,,,0.03125,,,0,1,0,1,0,0,1,0,1,0,1,3.9512437185814275,0,1,1,0,1,0,0,1,0,0,0,0,0,0,0,0,1,0,0,1.225,1.5793604571968223,1,1,3.1354942159291497,1980.0,1992,Sweden,"Bergstrom, V. & E. E. Panas (1992): How robust is the capital-skill complementarity hypothesis? The Review of Economics and Statistics 74(3): pp. 540-546."
56,25,Lindquist (2005),1.445713459592309,0.06270262221739087,15.948296333333333,23.05666666666667,0.3333333333333333,,,1,0,0,1,0,0,0,1,1,0,0,4.127134385045092,0,1,1,0,0,0,1,0,1,0,0,0,0,1,1,0,1,0,0,0.432,1.5353299402803784,1,0,3.58351893845611,1990.0,2005,Sweden,"Lindquist, M. J. (2005): Capital-skill complementarity and inequality in Sweden. Scandinavian Journal of Economics 107(4): pp. 711-735."
56,25,Lindquist (2005),1.4478065730418417,0.2012298118025435,4.969442604166666,7.194791666666666,0.3333333333333333,,,1,0,0,1,0,0,0,1,1,0,0,4.127134385045092,0,1,1,0,0,0,1,0,1,0,0,0,0,1,1,0,1,0,0,0.432,1.5353299402803784,1,0,3.58351893845611,1990.0,2005,Sweden,"Lindquist, M. J. (2005): Capital-skill complementarity and inequality in Sweden. Scandinavian Journal of Economics 107(4): pp. 711-735."
56,25,Lindquist (2005),1.4031149151115476,0.1909669521058231,5.236508144329897,7.347422680412371,0.3333333333333333,,,1,0,0,1,0,0,0,1,1,0,0,4.127134385045092,0,1,1,0,0,0,1,0,1,0,0,0,0,1,1,0,1,0,0,0.432,1.5353299402803784,1,0,3.58351893845611,1990.0,2005,Sweden,"Lindquist, M. J. (2005): Capital-skill complementarity and inequality in Sweden. Scandinavian Journal of Economics 107(4): pp. 711-735."
13,26,Blundell et al. (2016),11.51,26.496020000000005,0.037741517405255574,0.43440486533449163,0.07142857142857142,,50.0,1,0,1,0,0,0,0,1,1,0,0,4.07753744390572,0,1,1,0,0,1,0,0,0,1,0,1,0,0,0,0,0,1,0,1.429,1.8971199848858813,0,0,3.8501476017100584,1987.0,2016,United Kingdom,"Blundell, R., D. Green, & W. Jin (2016): The UK wage premium puzzle: How did a large increase in university graduates leave the education premium unchanged? IFS Working Papers 1/2016, The Institute for Fiscal Studies, London."
13,26,Blundell et al. (2016),8.81,13.970898,0.0715773603099815,0.6305965443309371,0.07142857142857142,,55.55555,1,0,1,0,0,0,0,1,1,0,0,4.07753744390572,0,1,1,0,0,1,0,0,0,1,0,1,0,0,0,0,0,1,0,1.429,1.8971199848858813,0,0,3.8501476017100584,1987.0,2016,United Kingdom,"Blundell, R., D. Green, & W. Jin (2016): The UK wage premium puzzle: How did a large increase in university graduates leave the education premium unchanged? IFS Working Papers 1/2016, The Institute for Fiscal Studies, London."
13,26,Blundell et al. (2016),5.5,4.5375,0.22038567493112948,1.2121212121212122,0.07142857142857142,,66.66666,1,0,1,0,0,0,0,1,1,0,0,4.07753744390572,0,1,1,0,0,1,0,0,0,1,0,1,0,0,0,0,0,1,0,1.429,1.8971199848858813,0,0,3.8501476017100584,1987.0,2016,United Kingdom,"Blundell, R., D. Green, & W. Jin (2016): The UK wage premium puzzle: How did a large increase in university graduates leave the education premium unchanged? IFS Working Papers 1/2016, The Institute for Fiscal Studies, London."
13,26,Blundell et al. (2016),6.79,6.454574000000001,0.15492889228630732,1.0519671786240268,0.07142857142857142,,71.42857,1,0,1,0,0,0,0,1,1,0,0,4.07753744390572,0,1,1,0,0,1,0,0,0,1,0,1,0,0,0,0,0,1,0,1.429,1.8971199848858813,0,0,3.8501476017100584,1987.0,2016,United Kingdom,"Blundell, R., D. Green, & W. Jin (2016): The UK wage premium puzzle: How did a large increase in university graduates leave the education premium unchanged? IFS Working Papers 1/2016, The Institute for Fiscal Studies, London."
13,26,Blundell et al. (2016),10.51,20.987418999999996,0.047647593065159664,0.5007762031148281,0.07142857142857142,,52.63158,1,0,1,0,0,0,0,1,1,0,0,4.07753744390572,0,1,1,0,0,1,0,0,0,1,0,1,0,0,0,0,0,1,0,1.429,1.8971199848858813,0,0,3.8501476017100584,1987.0,2016,United Kingdom,"Blundell, R., D. Green, & W. Jin (2016): The UK wage premium puzzle: How did a large increase in university graduates leave the education premium unchanged? IFS Working Papers 1/2016, The Institute for Fiscal Studies, London."
13,26,Blundell et al. (2016),38.7,284.56110000000007,0.003514183772834726,0.1359989120087039,0.07142857142857142,,52.63158,1,0,1,0,0,0,0,1,1,0,0,4.07753744390572,0,1,1,0,0,1,0,0,0,1,0,1,0,0,0,0,0,1,0,1.429,1.8971199848858813,0,0,3.8501476017100584,1987.0,2016,United Kingdom,"Blundell, R., D. Green, & W. Jin (2016): The UK wage premium puzzle: How did a large increase in university graduates leave the education premium unchanged? IFS Working Papers 1/2016, The Institute for Fiscal Studies, London."
13,26,Blundell et al. (2016),4.89,8.369235,0.11948523371610428,0.5842827928717499,0.07142857142857142,,28.57143,1,0,1,0,0,0,0,1,1,0,0,4.07753744390572,0,1,1,0,0,1,0,0,0,1,0,1,0,0,0,0,0,1,0,1.429,1.8971199848858813,0,0,3.8501476017100584,1987.0,2016,United Kingdom,"Blundell, R., D. Green, & W. Jin (2016): The UK wage premium puzzle: How did a large increase in university graduates leave the education premium unchanged? IFS Working Papers 1/2016, The Institute for Fiscal Studies, London."
20,26,Card & Lemieux (2001),2.1459227467811157,0.718377571883807,1.392025641025641,2.9871794871794872,0.2,,32.05128,1,0,0,1,0,0,0,1,1,0,0,3.8918202981106265,0,1,1,0,0,1,0,0,1,0,0,1,0,0,0,0,1,0,0,5.106,4.316747098311591,1,1,3.4657359027997265,1977.0,2001,United Kingdom,"Card, D. & T. Lemieux (2001): Can falling supply explain the rising return to college for younger men? A cohort-based analysis. The Quarterly Journal of Economics 116(2): pp. 705-746."
37,26,Giannarakis (2017),3.021148036253776,0.7119321656428839,1.404628205128205,4.243589743589744,1.0,,,1,0,0,0,1,0,0,1,1,0,0,4.290459441148391,0,1,1,0,0,0,1,0,1,0,0,0,0,0,0,0,1,0,0,0.0,0.0,0,0,3.871201010907891,2001.0,2017,United Kingdom,"Giannarakis, P. (2017): Can job displacements explain the UK's productivity puzzle? Technical report, University of Southampton."
63,26,Nissim (1984),1.6836,1.1754,0.8507742045261187,1.429300664,1.0,,,0,1,0,1,0,0,1,0,1,0,0,3.7612001156935624,0,1,1,0,0,0,0,1,0,0,0,0,1,1,1,0,0,0,0,1.085,0.6787584431078457,1,0,2.70805020110221,1971.0,1984,United Kingdom,"Nissim, J. (1984): The price responsiveness of the demand for labour by skill: British mechanical engineering: 1963-1978. The Economic Journal 94(376): pp. 812-825."
92,26,Hijzen et al. (2005),0.263,0.106,9.433962264150944,2.4811320754716983,0.041666666666666664,258.3597,,0,1,0,1,0,1,0,0,1,0,0,4.110873864173311,0,1,1,0,0,0,0,1,1,0,0,0,1,0,1,0,1,0,0,1.085,3.607533814659984,1,0,3.58351893845611,1989.0,2005,United Kingdom,"Hijzen, A., Gorg, H. & R.C. Hine (2005): International Outsourcing and the Skill Structure of Labour Demand in the United Kingdom. Economic Journal 115(506): pp. 860-878."
92,26,Hijzen et al. (2005),0.261,0.106,9.433962264150944,2.4622641509433962,0.041666666666666664,258.3597,,0,1,0,1,0,1,0,0,1,0,0,4.110873864173311,0,1,1,0,0,0,0,1,1,0,0,0,1,0,1,0,1,0,0,1.085,3.607533814659984,1,0,3.58351893845611,1989.0,2005,United Kingdom,"Hijzen, A., Gorg, H. & R.C. Hine (2005): International Outsourcing and the Skill Structure of Labour Demand in the United Kingdom. Economic Journal 115(506): pp. 860-878."
92,26,Hijzen et al. (2005),0.007,0.098,10.204081632653061,0.07142857142857142,0.041666666666666664,279.4503,,0,1,0,1,0,1,0,0,1,0,0,4.110873864173311,0,1,1,0,0,0,0,1,1,0,0,0,1,0,1,0,1,0,0,1.085,3.607533814659984,1,0,3.58351893845611,1989.0,2005,United Kingdom,"Hijzen, A., Gorg, H. & R.C. Hine (2005): International Outsourcing and the Skill Structure of Labour Demand in the United Kingdom. Economic Journal 115(506): pp. 860-878."
92,26,Hijzen et al. (2005),0.007,0.097,10.309278350515463,0.07216494845360824,0.041666666666666664,282.3312,,0,1,0,1,0,1,0,0,1,0,0,4.110873864173311,0,1,1,0,0,0,0,1,1,0,0,0,1,0,1,0,1,0,0,1.085,3.607533814659984,1,0,3.58351893845611,1989.0,2005,United Kingdom,"Hijzen, A., Gorg, H. & R.C. Hine (2005): International Outsourcing and the Skill Structure of Labour Demand in the United Kingdom. Economic Journal 115(506): pp. 860-878."
92,26,Hijzen et al. (2005),-0.032,0.097,10.309278350515463,-0.32989690721649484,0.041666666666666664,282.3312,,0,1,0,1,0,1,0,0,1,0,0,4.110873864173311,0,1,1,0,0,0,0,1,1,0,0,0,1,0,1,0,1,0,0,1.085,3.607533814659984,1,0,3.58351893845611,1989.0,2005,United Kingdom,"Hijzen, A., Gorg, H. & R.C. Hine (2005): International Outsourcing and the Skill Structure of Labour Demand in the United Kingdom. Economic Journal 115(506): pp. 860-878."
92,26,Hijzen et al. (2005),-0.032,0.097,10.309278350515463,-0.32989690721649484,0.041666666666666664,282.3312,,0,1,0,1,0,1,0,0,1,0,0,4.110873864173311,0,1,1,0,0,0,0,1,1,0,0,0,1,0,1,0,1,0,0,1.085,3.607533814659984,1,0,3.58351893845611,1989.0,2005,United Kingdom,"Hijzen, A., Gorg, H. & R.C. Hine (2005): International Outsourcing and the Skill Structure of Labour Demand in the United Kingdom. Economic Journal 115(506): pp. 860-878."
92,26,Hijzen et al. (2005),0.347,0.105,9.523809523809524,3.3047619047619046,0.041666666666666664,260.8203,,0,1,0,1,0,1,0,0,1,0,0,4.110873864173311,0,1,1,0,0,0,0,1,1,0,0,0,1,0,1,0,1,0,0,1.085,3.607533814659984,1,0,3.58351893845611,1989.0,2005,United Kingdom,"Hijzen, A., Gorg, H. & R.C. Hine (2005): International Outsourcing and the Skill Structure of Labour Demand in the United Kingdom. Economic Journal 115(506): pp. 860-878."
92,26,Hijzen et al. (2005),0.494,0.15,6.666666666666667,3.2933333333333334,0.041666666666666664,182.5742,,0,1,0,1,0,1,0,0,1,0,0,4.110873864173311,0,1,1,0,0,0,0,1,1,0,0,0,1,0,1,0,1,0,0,1.085,3.607533814659984,1,0,3.58351893845611,1989.0,2005,United Kingdom,"Hijzen, A., Gorg, H. & R.C. Hine (2005): International Outsourcing and the Skill Structure of Labour Demand in the United Kingdom. Economic Journal 115(506): pp. 860-878."
92,26,Hijzen et al. (2005),0.193,0.082,12.195121951219512,2.3536585365853657,0.041666666666666664,333.9772,,0,1,0,1,0,1,0,0,1,0,0,4.110873864173311,0,1,1,0,0,0,0,1,1,0,0,0,1,0,1,0,1,0,0,1.085,3.607533814659984,1,0,3.58351893845611,1989.0,2005,United Kingdom,"Hijzen, A., Gorg, H. & R.C. Hine (2005): International Outsourcing and the Skill Structure of Labour Demand in the United Kingdom. Economic Journal 115(506): pp. 860-878."
92,26,Hijzen et al. (2005),0.293,0.124,8.064516129032258,2.3629032258064515,0.041666666666666664,220.8559,,0,1,0,1,0,1,0,0,1,0,0,4.110873864173311,0,1,1,0,0,0,0,1,1,0,0,0,1,0,1,0,1,0,0,1.085,3.607533814659984,1,0,3.58351893845611,1989.0,2005,United Kingdom,"Hijzen, A., Gorg, H. & R.C. Hine (2005): International Outsourcing and the Skill Structure of Labour Demand in the United Kingdom. Economic Journal 115(506): pp. 860-878."
92,26,Hijzen et al. (2005),0.144,0.092,10.869565217391305,1.5652173913043477,0.041666666666666664,297.6753,,0,1,0,1,0,1,0,0,1,0,0,4.110873864173311,0,1,1,0,0,0,0,1,1,0,0,0,1,0,1,0,1,0,0,1.085,3.607533814659984,1,0,3.58351893845611,1989.0,2005,United Kingdom,"Hijzen, A., Gorg, H. & R.C. Hine (2005): International Outsourcing and the Skill Structure of Labour Demand in the United Kingdom. Economic Journal 115(506): pp. 860-878."
92,26,Hijzen et al. (2005),0.153,0.098,10.204081632653061,1.5612244897959182,0.041666666666666664,279.4503,,0,1,0,1,0,1,0,0,1,0,0,4.110873864173311,0,1,1,0,0,0,0,1,1,0,0,0,1,0,1,0,1,0,0,1.085,3.607533814659984,1,0,3.58351893845611,1989.0,2005,United Kingdom,"Hijzen, A., Gorg, H. & R.C. Hine (2005): International Outsourcing and the Skill Structure of Labour Demand in the United Kingdom. Economic Journal 115(506): pp. 860-878."
92,26,Hijzen et al. (2005),-0.122,0.705,1.4184397163120568,-0.17304964539007092,0.041666666666666664,38.84557,,0,1,0,1,0,1,0,0,1,0,0,4.110873864173311,0,1,1,0,0,0,0,1,1,0,0,0,1,0,0,0,1,0,0,1.085,3.607533814659984,1,0,3.58351893845611,1989.0,2005,United Kingdom,"Hijzen, A., Gorg, H. & R.C. Hine (2005): International Outsourcing and the Skill Structure of Labour Demand in the United Kingdom. Economic Journal 115(506): pp. 860-878."
92,26,Hijzen et al. (2005),-0.117,0.675,1.4814814814814814,-0.17333333333333334,0.041666666666666664,40.57204,,0,1,0,1,0,1,0,0,1,0,0,4.110873864173311,0,1,1,0,0,0,0,1,1,0,0,0,1,0,0,0,1,0,0,1.085,3.607533814659984,1,0,3.58351893845611,1989.0,2005,United Kingdom,"Hijzen, A., Gorg, H. & R.C. Hine (2005): International Outsourcing and the Skill Structure of Labour Demand in the United Kingdom. Economic Journal 115(506): pp. 860-878."
92,26,Hijzen et al. (2005),-0.536,0.657,1.5220700152207,-0.8158295281582953,0.041666666666666664,41.68361,,0,1,0,1,0,1,0,0,1,0,0,4.110873864173311,0,1,1,0,0,0,0,1,1,0,0,0,1,0,0,0,1,0,0,1.085,3.607533814659984,1,0,3.58351893845611,1989.0,2005,United Kingdom,"Hijzen, A., Gorg, H. & R.C. Hine (2005): International Outsourcing and the Skill Structure of Labour Demand in the United Kingdom. Economic Journal 115(506): pp. 860-878."
92,26,Hijzen et al. (2005),-0.505,0.619,1.6155088852988693,-0.815831987075929,0.041666666666666664,44.24253,,0,1,0,1,0,1,0,0,1,0,0,4.110873864173311,0,1,1,0,0,0,0,1,1,0,0,0,1,0,0,0,1,0,0,1.085,3.607533814659984,1,0,3.58351893845611,1989.0,2005,United Kingdom,"Hijzen, A., Gorg, H. & R.C. Hine (2005): International Outsourcing and the Skill Structure of Labour Demand in the United Kingdom. Economic Journal 115(506): pp. 860-878."
92,26,Hijzen et al. (2005),3.619,1.901,0.5260389268805892,1.9037348763808524,0.041666666666666664,14.40617,,0,1,0,1,0,1,0,0,1,0,0,4.110873864173311,0,1,1,0,0,0,0,1,1,0,0,0,1,0,0,0,1,0,0,1.085,3.607533814659984,1,0,3.58351893845611,1989.0,2005,United Kingdom,"Hijzen, A., Gorg, H. & R.C. Hine (2005): International Outsourcing and the Skill Structure of Labour Demand in the United Kingdom. Economic Journal 115(506): pp. 860-878."
92,26,Hijzen et al. (2005),3.563,1.871,0.5344735435595938,1.9043292357028327,0.041666666666666664,14.63716,,0,1,0,1,0,1,0,0,1,0,0,4.110873864173311,0,1,1,0,0,0,0,1,1,0,0,0,1,0,0,0,1,0,0,1.085,3.607533814659984,1,0,3.58351893845611,1989.0,2005,United Kingdom,"Hijzen, A., Gorg, H. & R.C. Hine (2005): International Outsourcing and the Skill Structure of Labour Demand in the United Kingdom. Economic Journal 115(506): pp. 860-878."
92,26,Hijzen et al. (2005),0.779,0.626,1.597444089456869,1.244408945686901,0.041666666666666664,43.74781,,0,1,0,1,0,1,0,0,1,0,0,4.110873864173311,0,1,1,0,0,0,0,1,1,0,0,0,1,0,1,0,1,0,0,1.085,3.607533814659984,1,0,3.58351893845611,1989.0,2005,United Kingdom,"Hijzen, A., Gorg, H. & R.C. Hine (2005): International Outsourcing and the Skill Structure of Labour Demand in the United Kingdom. Economic Journal 115(506): pp. 860-878."
92,26,Hijzen et al. (2005),0.745,0.599,1.669449081803005,1.2437395659432389,0.041666666666666664,45.71975,,0,1,0,1,0,1,0,0,1,0,0,4.110873864173311,0,1,1,0,0,0,0,1,1,0,0,0,1,0,1,0,1,0,0,1.085,3.607533814659984,1,0,3.58351893845611,1989.0,2005,United Kingdom,"Hijzen, A., Gorg, H. & R.C. Hine (2005): International Outsourcing and the Skill Structure of Labour Demand in the United Kingdom. Economic Journal 115(506): pp. 860-878."
92,26,Hijzen et al. (2005),-0.391,0.56,1.7857142857142856,-0.6982142857142857,0.041666666666666664,48.9038,,0,1,0,1,0,1,0,0,1,0,0,4.110873864173311,0,1,1,0,0,0,0,1,1,0,0,0,1,0,1,0,1,0,0,1.085,3.607533814659984,1,0,3.58351893845611,1989.0,2005,United Kingdom,"Hijzen, A., Gorg, H. & R.C. Hine (2005): International Outsourcing and the Skill Structure of Labour Demand in the United Kingdom. Economic Journal 115(506): pp. 860-878."
92,26,Hijzen et al. (2005),-0.368,0.528,1.8939393939393938,-0.6969696969696969,0.041666666666666664,51.86767,,0,1,0,1,0,1,0,0,1,0,0,4.110873864173311,0,1,1,0,0,0,0,1,1,0,0,0,1,0,1,0,1,0,0,1.085,3.607533814659984,1,0,3.58351893845611,1989.0,2005,United Kingdom,"Hijzen, A., Gorg, H. & R.C. Hine (2005): International Outsourcing and the Skill Structure of Labour Demand in the United Kingdom. Economic Journal 115(506): pp. 860-878."
92,26,Hijzen et al. (2005),3.58,1.63,0.6134969325153374,2.196319018404908,0.041666666666666664,16.80131,,0,1,0,1,0,1,0,0,1,0,0,4.110873864173311,0,1,1,0,0,0,0,1,1,0,0,0,1,0,1,0,1,0,0,1.085,3.607533814659984,1,0,3.58351893845611,1989.0,2005,United Kingdom,"Hijzen, A., Gorg, H. & R.C. Hine (2005): International Outsourcing and the Skill Structure of Labour Demand in the United Kingdom. Economic Journal 115(506): pp. 860-878."
92,26,Hijzen et al. (2005),3.525,1.604,0.6234413965087281,2.1976309226932664,0.041666666666666664,17.07365,,0,1,0,1,0,1,0,0,1,0,0,4.110873864173311,0,1,1,0,0,0,0,1,1,0,0,0,1,0,1,0,1,0,0,1.085,3.607533814659984,1,0,3.58351893845611,1989.0,2005,United Kingdom,"Hijzen, A., Gorg, H. & R.C. Hine (2005): International Outsourcing and the Skill Structure of Labour Demand in the United Kingdom. Economic Journal 115(506): pp. 860-878."
95,26,Manacorda et al. (2012),4.926108374384236,1.164794098376568,0.8585208333333334,4.229166666666666,1.0,,206.2395,1,0,1,0,0,1,0,0,1,0,0,4.127134385045092,0,1,1,0,0,0,1,0,1,0,0,1,0,0,0,0,1,0,0,2.282,4.229263880121471,1,0,3.7612001156935624,1990.0,2012,United Kingdom,"Manacorda, M., Manning, A. & J. Wadsworth (2012): The Impact Of Immigration On The Structure Of Wages: Theory And Evidence From Britain. Journal of the European Economic Association 10(1): pp. 120-151."
1,27,Acemoglu (2002),1.7857142857142856,0.6377551020408163,1.568,2.8,1.0,,,1,0,0,1,0,0,0,1,1,0,0,3.6888794541139363,1,0,1,0,0,1,0,0,1,1,0,0,0,0,0,0,1,0,0,2.936,5.34514482154962,1,0,3.4965075614664802,1968.0,2002,United States,"Acemoglu, D. (2002): Technical change, inequality, and the labor market. Journal of Economic Literature 40(1): pp. 7-72."
4,27,Autor (2014),1.7006802721088436,0.26609283169049935,3.7580869565217387,6.391304347826087,1.0,,76.85944,1,0,0,1,0,0,0,1,1,0,0,4.0943445622221,1,0,1,0,0,0,0,1,1,0,0,0,0,0,0,0,1,0,0,5.16,4.891851758106289,1,1,3.8066624897703196,1988.0,2014,United States,"Autor, D. H. (2014): Skills, education, and the rise of earnings inequality among the `other 99 percent'. Science 344(6186): pp. 843-851."
5,27,Autor et al. (2008),1.572327044025157,0.32138760333847555,3.111507692307692,4.892307692307692,0.14285714285714285,,38.46154,1,0,0,1,0,1,0,0,1,0,0,3.8501476017100584,1,0,1,0,0,1,0,0,1,1,1,0,0,0,0,0,1,0,0,1.225,5.40920801732761,1,1,3.6635616461296463,1975.0,2008,United States,"Autor, D. H., L. F. Katz, & M. S. Kearney (2008): Trends in US wage inequality: Revising the revisionists. The Review of Economics and Statistics 90(2): pp. 300-323."
5,27,Autor et al. (2008),2.4330900243309004,0.2723166450589329,3.672195652173913,8.934782608695652,0.14285714285714285,,142.553,1,0,0,1,0,1,0,0,1,0,0,4.02535169073515,1,0,1,0,0,1,0,0,0,1,1,0,0,0,0,0,1,0,0,1.225,5.40920801732761,1,1,3.6635616461296463,1984.0,2008,United States,"Autor, D. H., L. F. Katz, & M. S. Kearney (2008): Trends in US wage inequality: Revising the revisionists. The Review of Economics and Statistics 90(2): pp. 300-323."
5,27,Autor et al. (2008),1.6155088852988693,0.17225135125965327,5.805469696969697,9.378787878787879,0.14285714285714285,,99.35513,1,0,0,1,0,1,0,0,1,0,0,4.02535169073515,1,0,1,0,0,1,0,0,1,1,1,0,0,0,0,0,1,0,0,1.225,5.40920801732761,1,1,3.6635616461296463,1984.0,2008,United States,"Autor, D. H., L. F. Katz, & M. S. Kearney (2008): Trends in US wage inequality: Revising the revisionists. The Review of Economics and Statistics 90(2): pp. 300-323."
5,27,Autor et al. (2008),1.669449081803005,0.3121507465140844,3.203580357142857,5.348214285714286,0.14285714285714285,,58.54856,1,0,0,1,0,1,0,0,1,0,0,4.02535169073515,1,0,1,0,0,1,0,0,0,1,1,0,0,0,0,0,1,0,0,1.225,5.40920801732761,1,1,3.6635616461296463,1984.0,2008,United States,"Autor, D. H., L. F. Katz, & M. S. Kearney (2008): Trends in US wage inequality: Revising the revisionists. The Review of Economics and Statistics 90(2): pp. 300-323."
5,27,Autor et al. (2008),1.6420361247947455,0.2750208287833564,3.636088235294118,5.970588235294118,0.14285714285714285,,64.28861,1,0,0,1,0,1,0,0,1,0,0,4.02535169073515,1,0,1,0,0,1,0,0,0,1,1,0,0,0,0,0,1,0,0,1.225,5.40920801732761,1,1,3.6635616461296463,1984.0,2008,United States,"Autor, D. H., L. F. Katz, & M. S. Kearney (2008): Trends in US wage inequality: Revising the revisionists. The Review of Economics and Statistics 90(2): pp. 300-323."
5,27,Autor et al. (2008),1.3736263736263736,0.29246165921990097,3.419251612903226,4.6967741935483875,0.14285714285714285,,42.30605,1,0,0,1,0,1,0,0,1,0,0,4.02535169073515,1,0,1,0,0,1,0,0,0,1,1,0,0,0,0,0,1,0,0,1.225,5.40920801732761,1,1,3.6635616461296463,1984.0,2008,United States,"Autor, D. H., L. F. Katz, & M. S. Kearney (2008): Trends in US wage inequality: Revising the revisionists. The Review of Economics and Statistics 90(2): pp. 300-323."
5,27,Autor et al. (2008),2.4813895781637716,0.4125387139875253,2.4240149253731347,6.014925373134329,0.14285714285714285,,97.87222,1,0,0,1,0,1,0,0,1,0,0,4.02535169073515,1,0,1,0,0,1,0,0,0,1,1,0,0,0,0,0,1,0,0,1.225,5.40920801732761,1,1,3.6635616461296463,1984.0,2008,United States,"Autor, D. H., L. F. Katz, & M. S. Kearney (2008): Trends in US wage inequality: Revising the revisionists. The Review of Economics and Statistics 90(2): pp. 300-323."
9,27,Berndt & Christensen (1974),5.51,,,,0.1,,,0,1,0,1,0,0,0,1,1,0,1,3.6888794541139363,1,0,1,0,1,0,0,1,0,0,0,0,1,0,0,0,0,1,0,1.872,2.1569168538481267,1,1,1.6094379124341003,1968.0,1974,United States,"Berndt, E. R. & L. R. Christensen (1974): Testing for the existence of a consistent aggregate index of labor inputs. The American Economic Review 64(3): pp. 391-404."
9,27,Berndt & Christensen (1974),5.73,,,,0.1,,,0,1,0,1,0,0,0,1,1,0,1,3.4339872044851463,1,0,1,0,1,0,0,1,0,0,0,0,1,0,0,0,0,1,0,1.872,2.1569168538481267,1,1,1.6094379124341003,1959.0,1974,United States,"Berndt, E. R. & L. R. Christensen (1974): Testing for the existence of a consistent aggregate index of labor inputs. The American Economic Review 64(3): pp. 391-404."
9,27,Berndt & Christensen (1974),10.03,,,,0.1,,,0,1,0,1,0,0,0,1,1,0,1,3.044522437723423,1,0,1,0,1,0,0,1,0,0,0,0,1,0,0,0,0,1,0,1.872,2.1569168538481267,1,1,1.6094379124341003,1949.0,1974,United States,"Berndt, E. R. & L. R. Christensen (1974): Testing for the existence of a consistent aggregate index of labor inputs. The American Economic Review 64(3): pp. 391-404."
9,27,Berndt & Christensen (1974),7.0,,,,0.1,,,0,1,0,1,0,0,0,1,1,0,1,2.3978952727983707,1,0,1,0,1,0,0,1,0,0,0,0,1,0,0,0,0,1,0,1.872,2.1569168538481267,1,1,1.6094379124341003,1939.0,1974,United States,"Berndt, E. R. & L. R. Christensen (1974): Testing for the existence of a consistent aggregate index of labor inputs. The American Economic Review 64(3): pp. 391-404."
9,27,Berndt & Christensen (1974),6.31,,,,0.1,,,0,1,0,1,0,0,0,1,1,0,1,0.0,1,0,1,0,1,0,0,1,0,0,0,0,1,0,0,0,0,1,0,1.872,2.1569168538481267,1,1,1.6094379124341003,1929.0,1974,United States,"Berndt, E. R. & L. R. Christensen (1974): Testing for the existence of a consistent aggregate index of labor inputs. The American Economic Review 64(3): pp. 391-404."
9,27,Berndt & Christensen (1974),5.05,,,,0.1,,,0,1,0,1,0,0,0,1,1,0,1,0.0,1,0,1,0,1,0,0,1,0,0,0,0,1,0,0,0,0,1,0,1.872,2.1569168538481267,1,1,1.6094379124341003,1929.0,1974,United States,"Berndt, E. R. & L. R. Christensen (1974): Testing for the existence of a consistent aggregate index of labor inputs. The American Economic Review 64(3): pp. 391-404."
9,27,Berndt & Christensen (1974),5.55,,,,0.1,,,0,1,0,1,0,0,0,1,1,0,1,2.3978952727983707,1,0,1,0,1,0,0,1,0,0,0,0,1,0,0,0,0,1,0,1.872,2.1569168538481267,1,1,1.6094379124341003,1939.0,1974,United States,"Berndt, E. R. & L. R. Christensen (1974): Testing for the existence of a consistent aggregate index of labor inputs. The American Economic Review 64(3): pp. 391-404."
9,27,Berndt & Christensen (1974),7.79,,,,0.1,,,0,1,0,1,0,0,0,1,1,0,1,3.044522437723423,1,0,1,0,1,0,0,1,0,0,0,0,1,0,0,0,0,1,0,1.872,2.1569168538481267,1,1,1.6094379124341003,1949.0,1974,United States,"Berndt, E. R. & L. R. Christensen (1974): Testing for the existence of a consistent aggregate index of labor inputs. The American Economic Review 64(3): pp. 391-404."
9,27,Berndt & Christensen (1974),4.62,,,,0.1,,,0,1,0,1,0,0,0,1,1,0,1,3.4339872044851463,1,0,1,0,1,0,0,1,0,0,0,0,1,0,0,0,0,1,0,1.872,2.1569168538481267,1,1,1.6094379124341003,1959.0,1974,United States,"Berndt, E. R. & L. R. Christensen (1974): Testing for the existence of a consistent aggregate index of labor inputs. The American Economic Review 64(3): pp. 391-404."
9,27,Berndt & Christensen (1974),4.48,,,,0.1,,,0,1,0,1,0,0,0,1,1,0,1,3.6888794541139363,1,0,1,0,1,0,0,1,0,0,0,0,1,0,0,0,0,1,0,1.872,2.1569168538481267,1,1,1.6094379124341003,1968.0,1974,United States,"Berndt, E. R. & L. R. Christensen (1974): Testing for the existence of a consistent aggregate index of labor inputs. The American Economic Review 64(3): pp. 391-404."
10,27,Berndt & Morrisson (1979),3.7,1.919,0.5211047420531527,1.928087545596665,1.0,2.854208,,0,1,0,1,0,0,0,1,1,0,0,3.5263605246161616,1,0,1,0,1,0,0,1,1,0,0,0,0,0,0,0,1,0,0,0.172,0.6805683983530852,1,0,2.302585092994046,1962.0,1979,United States,"Berndt, E. R. & C. J. Morrisson (1979): Income redistribution and employment e ects of rising energy prices. Resources and Energy 2(2-3): pp. 131-150."
12,27,Blankenau & Cassou (2011),1.4,0.19506257607440466,5.1265600000000004,7.177184,0.025,,62.7501,1,0,0,1,0,0,1,0,1,0,0,4.07753744390572,1,0,1,0,0,0,1,0,1,0,0,0,0,0,0,0,1,0,0,0.073,1.4469189829363254,1,0,3.7376696182833684,1987.0,2011,United States,"Blankenau, W. F. & S. P. Cassou (2011): Industry estimates of the elasticity of substitution and the rate of biased technological change between skilled and unskilled labour. Applied Economics 43(23): pp. 3129-3142."
12,27,Blankenau & Cassou (2011),566.078,50000.00000000001,1.9999999999999998e-05,0.011321559999999998,0.025,,,1,0,0,1,0,0,1,0,1,0,0,4.07753744390572,1,0,1,0,0,0,1,0,1,0,0,0,0,0,0,0,1,0,0,0.073,1.4469189829363254,1,0,3.7376696182833684,1987.0,2011,United States,"Blankenau, W. F. & S. P. Cassou (2011): Industry estimates of the elasticity of substitution and the rate of biased technological change between skilled and unskilled labour. Applied Economics 43(23): pp. 3129-3142."
12,27,Blankenau & Cassou (2011),-436.85,25000.000000000004,3.9999999999999996e-05,-0.017474,0.025,,,1,0,0,1,0,0,1,0,1,0,0,4.07753744390572,1,0,1,0,0,0,1,0,1,0,0,0,0,0,0,0,1,0,0,0.073,1.4469189829363254,1,0,3.7376696182833684,1987.0,2011,United States,"Blankenau, W. F. & S. P. Cassou (2011): Industry estimates of the elasticity of substitution and the rate of biased technological change between skilled and unskilled labour. Applied Economics 43(23): pp. 3129-3142."
12,27,Blankenau & Cassou (2011),3.766,1.816134539246667,0.5506200000000001,2.0736349200000004,0.025,,,1,0,0,1,0,0,1,0,1,0,0,4.07753744390572,1,0,1,0,0,0,1,0,1,0,0,0,0,0,0,0,1,0,0,0.073,1.4469189829363254,1,0,3.7376696182833684,1987.0,2011,United States,"Blankenau, W. F. & S. P. Cassou (2011): Industry estimates of the elasticity of substitution and the rate of biased technological change between skilled and unskilled labour. Applied Economics 43(23): pp. 3129-3142."
12,27,Blankenau & Cassou (2011),7.318,7.683442182097578,0.13015000000000002,0.9524377000000002,0.025,,,1,0,0,1,0,0,1,0,1,0,0,4.07753744390572,1,0,1,0,0,0,1,0,1,0,0,0,0,0,0,0,1,0,0,0.073,1.4469189829363254,1,0,3.7376696182833684,1987.0,2011,United States,"Blankenau, W. F. & S. P. Cassou (2011): Industry estimates of the elasticity of substitution and the rate of biased technological change between skilled and unskilled labour. Applied Economics 43(23): pp. 3129-3142."
12,27,Blankenau & Cassou (2011),11.817,13.218770654329147,0.07565000000000001,0.8939560500000001,0.025,,,1,0,0,1,0,0,1,0,1,0,0,4.07753744390572,1,0,1,0,0,0,1,0,1,0,0,0,0,0,0,0,1,0,0,0.073,1.4469189829363254,1,0,3.7376696182833684,1987.0,2011,United States,"Blankenau, W. F. & S. P. Cassou (2011): Industry estimates of the elasticity of substitution and the rate of biased technological change between skilled and unskilled labour. Applied Economics 43(23): pp. 3129-3142."
12,27,Blankenau & Cassou (2011),4.311,1.2828407224958949,0.77952,3.36051072,0.025,,,1,0,0,1,0,0,1,0,1,0,0,4.07753744390572,1,0,1,0,0,0,1,0,1,0,0,0,0,0,0,0,1,0,0,0.073,1.4469189829363254,1,0,3.7376696182833684,1987.0,2011,United States,"Blankenau, W. F. & S. P. Cassou (2011): Industry estimates of the elasticity of substitution and the rate of biased technological change between skilled and unskilled labour. Applied Economics 43(23): pp. 3129-3142."
12,27,Blankenau & Cassou (2011),7.988,3.603603603603603,0.2775,2.21667,0.025,,,1,0,0,1,0,0,1,0,1,0,0,4.07753744390572,1,0,1,0,0,0,1,0,1,0,0,0,0,0,0,0,1,0,0,0.073,1.4469189829363254,1,0,3.7376696182833684,1987.0,2011,United States,"Blankenau, W. F. & S. P. Cassou (2011): Industry estimates of the elasticity of substitution and the rate of biased technological change between skilled and unskilled labour. Applied Economics 43(23): pp. 3129-3142."
12,27,Blankenau & Cassou (2011),3.527,1.7345452022479706,0.57652,2.03338604,0.025,,,1,0,0,1,0,0,1,0,1,0,0,4.07753744390572,1,0,1,0,1,0,1,0,1,0,0,0,0,0,0,0,1,0,0,0.073,1.4469189829363254,1,0,3.7376696182833684,1987.0,2011,United States,"Blankenau, W. F. & S. P. Cassou (2011): Industry estimates of the elasticity of substitution and the rate of biased technological change between skilled and unskilled labour. Applied Economics 43(23): pp. 3129-3142."
12,27,Blankenau & Cassou (2011),17.861,38.81987577639751,0.025760000000000005,0.46009936000000007,0.025,,,1,0,0,1,0,0,1,0,1,0,0,4.07753744390572,1,0,1,0,0,0,1,0,1,0,0,0,0,0,0,0,1,0,0,0.073,1.4469189829363254,1,0,3.7376696182833684,1987.0,2011,United States,"Blankenau, W. F. & S. P. Cassou (2011): Industry estimates of the elasticity of substitution and the rate of biased technological change between skilled and unskilled labour. Applied Economics 43(23): pp. 3129-3142."
12,27,Blankenau & Cassou (2011),2.217,0.5976536119196036,1.67321,3.7095065700000003,0.025,,,1,0,0,1,0,0,1,0,1,0,0,4.07753744390572,1,0,1,0,0,0,1,0,1,0,0,0,0,0,0,0,1,0,0,0.073,1.4469189829363254,1,0,3.7376696182833684,1987.0,2011,United States,"Blankenau, W. F. & S. P. Cassou (2011): Industry estimates of the elasticity of substitution and the rate of biased technological change between skilled and unskilled labour. Applied Economics 43(23): pp. 3129-3142."
12,27,Blankenau & Cassou (2011),3.97,1.2883941455370025,0.7761600000000001,3.0813552000000004,0.025,,,1,0,0,1,0,0,1,0,1,0,0,4.07753744390572,1,0,1,0,0,0,1,0,1,0,0,0,0,0,0,0,1,0,0,0.073,1.4469189829363254,1,0,3.7376696182833684,1987.0,2011,United States,"Blankenau, W. F. & S. P. Cassou (2011): Industry estimates of the elasticity of substitution and the rate of biased technological change between skilled and unskilled labour. Applied Economics 43(23): pp. 3129-3142."
12,27,Blankenau & Cassou (2011),15.296,26.99055330634278,0.03705,0.5667168,0.025,,,1,0,0,1,0,0,1,0,1,0,0,4.07753744390572,1,0,1,0,0,0,1,0,1,0,0,0,0,0,0,0,1,0,0,0.073,1.4469189829363254,1,0,3.7376696182833684,1987.0,2011,United States,"Blankenau, W. F. & S. P. Cassou (2011): Industry estimates of the elasticity of substitution and the rate of biased technological change between skilled and unskilled labour. Applied Economics 43(23): pp. 3129-3142."
12,27,Blankenau & Cassou (2011),8.78,3.670263524921089,0.27246000000000004,2.3921988,0.025,,,1,0,0,1,0,0,1,0,1,0,0,4.07753744390572,1,0,1,0,0,0,1,0,1,0,0,0,0,0,0,0,1,0,0,0.073,1.4469189829363254,1,0,3.7376696182833684,1987.0,2011,United States,"Blankenau, W. F. & S. P. Cassou (2011): Industry estimates of the elasticity of substitution and the rate of biased technological change between skilled and unskilled labour. Applied Economics 43(23): pp. 3129-3142."
12,27,Blankenau & Cassou (2011),1.155,0.7909139801955141,1.2643599999999997,1.4603357999999997,0.025,,,1,0,0,1,0,0,1,0,1,0,0,4.07753744390572,1,0,1,0,0,0,1,0,1,0,0,0,0,0,0,0,0,1,0,0.073,1.4469189829363254,1,0,3.7376696182833684,1987.0,2011,United States,"Blankenau, W. F. & S. P. Cassou (2011): Industry estimates of the elasticity of substitution and the rate of biased technological change between skilled and unskilled labour. Applied Economics 43(23): pp. 3129-3142."
12,27,Blankenau & Cassou (2011),2.234,1.605858170606372,0.62272,1.39115648,0.025,,,1,0,0,1,0,0,1,0,1,0,0,4.07753744390572,1,0,1,0,0,0,1,0,1,0,0,0,0,0,0,0,0,1,0,0.073,1.4469189829363254,1,0,3.7376696182833684,1987.0,2011,United States,"Blankenau, W. F. & S. P. Cassou (2011): Industry estimates of the elasticity of substitution and the rate of biased technological change between skilled and unskilled labour. Applied Economics 43(23): pp. 3129-3142."
12,27,Blankenau & Cassou (2011),1.066,0.3003093185981562,3.329899999999999,3.549673399999999,0.025,,,1,0,0,1,0,0,1,0,1,0,0,4.07753744390572,1,0,1,0,0,0,1,0,1,0,0,0,0,0,0,0,0,1,0,0.073,1.4469189829363254,1,0,3.7376696182833684,1987.0,2011,United States,"Blankenau, W. F. & S. P. Cassou (2011): Industry estimates of the elasticity of substitution and the rate of biased technological change between skilled and unskilled labour. Applied Economics 43(23): pp. 3129-3142."
12,27,Blankenau & Cassou (2011),2.501,1.5432098765432094,0.6480000000000002,1.6206480000000005,0.025,,,1,0,0,1,0,0,1,0,1,0,0,4.07753744390572,1,0,1,0,0,0,1,0,1,0,0,0,0,0,0,0,0,1,0,0.073,1.4469189829363254,1,0,3.7376696182833684,1987.0,2011,United States,"Blankenau, W. F. & S. P. Cassou (2011): Industry estimates of the elasticity of substitution and the rate of biased technological change between skilled and unskilled labour. Applied Economics 43(23): pp. 3129-3142."
12,27,Blankenau & Cassou (2011),0.684,0.2415289750234887,4.14029,2.8319583600000002,0.025,,,1,0,0,1,0,0,1,0,1,0,0,4.07753744390572,1,0,1,0,0,0,1,0,1,0,0,0,0,0,0,0,0,1,0,0.073,1.4469189829363254,1,0,3.7376696182833684,1987.0,2011,United States,"Blankenau, W. F. & S. P. Cassou (2011): Industry estimates of the elasticity of substitution and the rate of biased technological change between skilled and unskilled labour. Applied Economics 43(23): pp. 3129-3142."
12,27,Blankenau & Cassou (2011),2.056,0.8296827293243064,1.20528,2.4780556799999998,0.025,,,1,0,0,1,0,0,1,0,1,0,0,4.07753744390572,1,0,1,0,0,0,1,0,1,0,0,0,0,0,0,0,0,1,0,0.073,1.4469189829363254,1,0,3.7376696182833684,1987.0,2011,United States,"Blankenau, W. F. & S. P. Cassou (2011): Industry estimates of the elasticity of substitution and the rate of biased technological change between skilled and unskilled labour. Applied Economics 43(23): pp. 3129-3142."
12,27,Blankenau & Cassou (2011),35.482,137.36263736263734,0.007280000000000001,0.25830896000000003,0.025,,,1,0,0,1,0,0,1,0,1,0,0,4.07753744390572,1,0,1,0,0,0,1,0,1,0,0,0,0,0,0,0,0,1,0,0.073,1.4469189829363254,1,0,3.7376696182833684,1987.0,2011,United States,"Blankenau, W. F. & S. P. Cassou (2011): Industry estimates of the elasticity of substitution and the rate of biased technological change between skilled and unskilled labour. Applied Economics 43(23): pp. 3129-3142."
12,27,Blankenau & Cassou (2011),1.923,0.641025641025641,1.56,2.9998800000000005,0.025,,,1,0,0,1,0,0,1,0,1,0,0,4.07753744390572,1,0,1,0,1,0,1,0,1,0,0,0,0,0,0,0,0,1,0,0.073,1.4469189829363254,1,0,3.7376696182833684,1987.0,2011,United States,"Blankenau, W. F. & S. P. Cassou (2011): Industry estimates of the elasticity of substitution and the rate of biased technological change between skilled and unskilled labour. Applied Economics 43(23): pp. 3129-3142."
12,27,Blankenau & Cassou (2011),1.406,0.5133101317153796,1.9481400000000006,2.7390848400000007,0.025,,,1,0,0,1,0,0,1,0,1,0,0,4.07753744390572,1,0,1,0,0,0,1,0,1,0,0,0,0,0,0,0,0,1,0,0.073,1.4469189829363254,1,0,3.7376696182833684,1987.0,2011,United States,"Blankenau, W. F. & S. P. Cassou (2011): Industry estimates of the elasticity of substitution and the rate of biased technological change between skilled and unskilled labour. Applied Economics 43(23): pp. 3129-3142."
12,27,Blankenau & Cassou (2011),46.974,529.1005291005291,0.00189,0.08878085999999999,0.025,,,1,0,0,1,0,0,1,0,1,0,0,4.07753744390572,1,0,1,0,0,0,1,0,1,0,0,0,0,0,0,0,0,1,0,0.073,1.4469189829363254,1,0,3.7376696182833684,1987.0,2011,United States,"Blankenau, W. F. & S. P. Cassou (2011): Industry estimates of the elasticity of substitution and the rate of biased technological change between skilled and unskilled labour. Applied Economics 43(23): pp. 3129-3142."
12,27,Blankenau & Cassou (2011),3.75,1.8541179960692697,0.53934,2.022525,0.025,,,1,0,0,1,0,0,1,0,1,0,0,4.07753744390572,1,0,1,0,0,0,1,0,1,0,0,0,0,0,0,0,0,1,0,0.073,1.4469189829363254,1,0,3.7376696182833684,1987.0,2011,United States,"Blankenau, W. F. & S. P. Cassou (2011): Industry estimates of the elasticity of substitution and the rate of biased technological change between skilled and unskilled labour. Applied Economics 43(23): pp. 3129-3142."
12,27,Blankenau & Cassou (2011),9.048,15.673981191222573,0.0638,0.5772624,0.025,,,1,0,0,1,0,0,1,0,1,0,0,4.07753744390572,1,0,1,0,0,0,1,0,1,0,0,0,0,0,0,0,0,1,0,0.073,1.4469189829363254,1,0,3.7376696182833684,1987.0,2011,United States,"Blankenau, W. F. & S. P. Cassou (2011): Industry estimates of the elasticity of substitution and the rate of biased technological change between skilled and unskilled labour. Applied Economics 43(23): pp. 3129-3142."
12,27,Blankenau & Cassou (2011),5.376,3.0721966205837172,0.3255,1.749888,0.025,,,1,0,0,1,0,0,1,0,1,0,0,4.07753744390572,1,0,1,0,0,0,1,0,1,0,0,0,0,0,0,0,0,1,0,0.073,1.4469189829363254,1,0,3.7376696182833684,1987.0,2011,United States,"Blankenau, W. F. & S. P. Cassou (2011): Industry estimates of the elasticity of substitution and the rate of biased technological change between skilled and unskilled labour. Applied Economics 43(23): pp. 3129-3142."
12,27,Blankenau & Cassou (2011),1.1547344110854503,1.1547344110854505,0.8659999999999999,0.9999999999999998,0.025,,,1,0,0,1,0,0,1,0,1,0,0,4.07753744390572,1,0,1,0,0,0,1,0,1,0,0,0,0,0,1,0,0,1,0,0.073,1.4469189829363254,1,0,3.7376696182833684,1987.0,2011,United States,"Blankenau, W. F. & S. P. Cassou (2011): Industry estimates of the elasticity of substitution and the rate of biased technological change between skilled and unskilled labour. Applied Economics 43(23): pp. 3129-3142."
12,27,Blankenau & Cassou (2011),2.232142857142857,2.2321428571428568,0.44800000000000006,1.0000000000000002,0.025,,,1,0,0,1,0,0,1,0,1,0,0,4.07753744390572,1,0,1,0,0,0,1,0,1,0,0,0,0,0,1,0,0,1,0,0.073,1.4469189829363254,1,0,3.7376696182833684,1987.0,2011,United States,"Blankenau, W. F. & S. P. Cassou (2011): Industry estimates of the elasticity of substitution and the rate of biased technological change between skilled and unskilled labour. Applied Economics 43(23): pp. 3129-3142."
12,27,Blankenau & Cassou (2011),1.0660980810234542,0.5439275923589052,1.83848,1.96,0.025,,,1,0,0,1,0,0,1,0,1,0,0,4.07753744390572,1,0,1,0,0,0,1,0,1,0,0,0,0,0,1,0,0,1,0,0.073,1.4469189829363254,1,0,3.7376696182833684,1987.0,2011,United States,"Blankenau, W. F. & S. P. Cassou (2011): Industry estimates of the elasticity of substitution and the rate of biased technological change between skilled and unskilled labour. Applied Economics 43(23): pp. 3129-3142."
12,27,Blankenau & Cassou (2011),2.5,2.4999999999999996,0.4000000000000001,1.0000000000000002,0.025,,,1,0,0,1,0,0,1,0,1,0,0,4.07753744390572,1,0,1,0,0,0,1,0,1,0,0,0,0,0,1,0,0,1,0,0.073,1.4469189829363254,1,0,3.7376696182833684,1987.0,2011,United States,"Blankenau, W. F. & S. P. Cassou (2011): Industry estimates of the elasticity of substitution and the rate of biased technological change between skilled and unskilled labour. Applied Economics 43(23): pp. 3129-3142."
12,27,Blankenau & Cassou (2011),0.683526999316473,0.34873826495738414,2.8674800000000005,1.9600000000000002,0.025,,,1,0,0,1,0,0,1,0,1,0,0,4.07753744390572,1,0,1,0,0,0,1,0,1,0,0,0,0,0,1,0,0,1,0,0.073,1.4469189829363254,1,0,3.7376696182833684,1987.0,2011,United States,"Blankenau, W. F. & S. P. Cassou (2011): Industry estimates of the elasticity of substitution and the rate of biased technological change between skilled and unskilled labour. Applied Economics 43(23): pp. 3129-3142."
12,27,Blankenau & Cassou (2011),2.05761316872428,1.0498026371042244,0.95256,1.96,0.025,,,1,0,0,1,0,0,1,0,1,0,0,4.07753744390572,1,0,1,0,0,0,1,0,1,0,0,0,0,0,1,0,0,1,0,0.073,1.4469189829363254,1,0,3.7376696182833684,1987.0,2011,United States,"Blankenau, W. F. & S. P. Cassou (2011): Industry estimates of the elasticity of substitution and the rate of biased technological change between skilled and unskilled labour. Applied Economics 43(23): pp. 3129-3142."
12,27,Blankenau & Cassou (2011),35.714285714285715,35.71428571428571,0.028000000000000004,1.0000000000000002,0.025,,,1,0,0,1,0,0,1,0,1,0,0,4.07753744390572,1,0,1,0,0,0,1,0,1,0,0,0,0,0,1,0,0,1,0,0.073,1.4469189829363254,1,0,3.7376696182833684,1987.0,2011,United States,"Blankenau, W. F. & S. P. Cassou (2011): Industry estimates of the elasticity of substitution and the rate of biased technological change between skilled and unskilled labour. Applied Economics 43(23): pp. 3129-3142."
12,27,Blankenau & Cassou (2011),1.4064697609001406,0.7175866127041534,1.3935600000000001,1.9600000000000002,0.025,,,1,0,0,1,0,0,1,0,1,0,0,4.07753744390572,1,0,1,0,1,0,1,0,1,0,0,0,0,0,1,0,0,1,0,0.073,1.4469189829363254,1,0,3.7376696182833684,1987.0,2011,United States,"Blankenau, W. F. & S. P. Cassou (2011): Industry estimates of the elasticity of substitution and the rate of biased technological change between skilled and unskilled labour. Applied Economics 43(23): pp. 3129-3142."
12,27,Blankenau & Cassou (2011),47.61904761904761,47.61904761904762,0.020999999999999998,0.9999999999999999,0.025,,,1,0,0,1,0,0,1,0,1,0,0,4.07753744390572,1,0,1,0,0,0,1,0,1,0,0,0,0,0,1,0,0,1,0,0.073,1.4469189829363254,1,0,3.7376696182833684,1987.0,2011,United States,"Blankenau, W. F. & S. P. Cassou (2011): Industry estimates of the elasticity of substitution and the rate of biased technological change between skilled and unskilled labour. Applied Economics 43(23): pp. 3129-3142."
12,27,Blankenau & Cassou (2011),1.923076923076923,0.9811616954474097,1.0192,1.9599999999999997,0.025,,,1,0,0,1,0,0,1,0,1,0,0,4.07753744390572,1,0,1,0,0,0,1,0,1,0,0,0,0,0,1,0,0,1,0,0.073,1.4469189829363254,1,0,3.7376696182833684,1987.0,2011,United States,"Blankenau, W. F. & S. P. Cassou (2011): Industry estimates of the elasticity of substitution and the rate of biased technological change between skilled and unskilled labour. Applied Economics 43(23): pp. 3129-3142."
12,27,Blankenau & Cassou (2011),3.745318352059925,1.9108767102346558,0.52332,1.9599999999999997,0.025,,,1,0,0,1,0,0,1,0,1,0,0,4.07753744390572,1,0,1,0,0,0,1,0,1,0,0,0,0,0,1,0,0,1,0,0.073,1.4469189829363254,1,0,3.7376696182833684,1987.0,2011,United States,"Blankenau, W. F. & S. P. Cassou (2011): Industry estimates of the elasticity of substitution and the rate of biased technological change between skilled and unskilled labour. Applied Economics 43(23): pp. 3129-3142."
12,27,Blankenau & Cassou (2011),9.090909090909092,9.090909090909092,0.10999999999999999,1.0,0.025,,,1,0,0,1,0,0,1,0,1,0,0,4.07753744390572,1,0,1,0,0,0,1,0,1,0,0,0,0,0,1,0,0,1,0,0.073,1.4469189829363254,1,0,3.7376696182833684,1987.0,2011,United States,"Blankenau, W. F. & S. P. Cassou (2011): Industry estimates of the elasticity of substitution and the rate of biased technological change between skilled and unskilled labour. Applied Economics 43(23): pp. 3129-3142."
12,27,Blankenau & Cassou (2011),5.376344086021505,2.7430326969497476,0.36456,1.96,0.025,,,1,0,0,1,0,0,1,0,1,0,0,4.07753744390572,1,0,1,0,0,0,1,0,1,0,0,0,0,0,1,0,0,1,0,0.073,1.4469189829363254,1,0,3.7376696182833684,1987.0,2011,United States,"Blankenau, W. F. & S. P. Cassou (2011): Industry estimates of the elasticity of substitution and the rate of biased technological change between skilled and unskilled labour. Applied Economics 43(23): pp. 3129-3142."
13,27,Blundell et al. (2016),-3.02,1.185652,0.843417798814492,-2.547121752419766,0.07142857142857142,,76.92308,1,0,1,0,0,0,0,1,1,0,0,4.07753744390572,1,0,1,0,0,1,0,0,0,1,0,1,0,0,0,0,0,1,0,1.429,1.8971199848858813,0,0,3.8501476017100584,1987.0,2016,United States,"Blundell, R., D. Green, & W. Jin (2016): The UK wage premium puzzle: How did a large increase in university graduates leave the education premium unchanged? IFS Working Papers 1/2016, The Institute for Fiscal Studies, London."
13,27,Blundell et al. (2016),-5.22,3.2698079999999994,0.305828354447723,-1.5964240102171139,0.07142857142857142,,83.33334,1,0,1,0,0,0,0,1,1,0,0,4.07753744390572,1,0,1,0,0,1,0,0,0,1,0,1,0,0,0,0,0,1,0,1.429,1.8971199848858813,0,0,3.8501476017100584,1987.0,2016,United States,"Blundell, R., D. Green, & W. Jin (2016): The UK wage premium puzzle: How did a large increase in university graduates leave the education premium unchanged? IFS Working Papers 1/2016, The Institute for Fiscal Studies, London."
13,27,Blundell et al. (2016),-265.39,9156.140773,0.00010921631993130127,-0.02898491914656804,0.07142857142857142,,76.92308,1,0,1,0,0,0,0,1,1,0,0,4.07753744390572,1,0,1,0,0,1,0,0,0,1,0,1,0,0,0,0,0,1,0,1.429,1.8971199848858813,0,0,3.8501476017100584,1987.0,2016,United States,"Blundell, R., D. Green, & W. Jin (2016): The UK wage premium puzzle: How did a large increase in university graduates leave the education premium unchanged? IFS Working Papers 1/2016, The Institute for Fiscal Studies, London."
13,27,Blundell et al. (2016),8.48,8.629248000000002,0.11588495312685412,0.9827044025157231,0.07142857142857142,,83.33334,1,0,1,0,0,0,0,1,1,0,0,4.02535169073515,1,0,1,0,0,1,0,0,0,1,0,1,0,0,0,0,0,1,0,1.429,1.8971199848858813,0,0,3.8501476017100584,1984.0,2016,United States,"Blundell, R., D. Green, & W. Jin (2016): The UK wage premium puzzle: How did a large increase in university graduates leave the education premium unchanged? IFS Working Papers 1/2016, The Institute for Fiscal Studies, London."
13,27,Blundell et al. (2016),7.7,6.521900000000002,0.15332955120440356,1.1806375442739074,0.07142857142857142,,90.90909,1,0,1,0,0,0,0,1,1,0,0,4.02535169073515,1,0,1,0,0,1,0,0,0,1,0,1,0,0,0,0,0,1,0,1.429,1.8971199848858813,0,0,3.8501476017100584,1984.0,2016,United States,"Blundell, R., D. Green, & W. Jin (2016): The UK wage premium puzzle: How did a large increase in university graduates leave the education premium unchanged? IFS Working Papers 1/2016, The Institute for Fiscal Studies, London."
13,27,Blundell et al. (2016),3.46,1.4365919999999999,0.6960918618508248,2.4084778420038537,0.07142857142857142,,83.33334,1,0,1,0,0,0,0,1,1,0,0,4.02535169073515,1,0,1,0,0,1,0,0,0,1,0,1,0,0,0,0,0,1,0,1.429,1.8971199848858813,0,0,3.8501476017100584,1984.0,2016,United States,"Blundell, R., D. Green, & W. Jin (2016): The UK wage premium puzzle: How did a large increase in university graduates leave the education premium unchanged? IFS Working Papers 1/2016, The Institute for Fiscal Studies, London."
13,27,Blundell et al. (2016),3.18,2.1236040000000003,0.4708975873091216,1.4974543276430068,0.07142857142857142,,47.61905,1,0,1,0,0,0,0,1,1,0,0,4.07753744390572,1,0,1,0,0,1,0,0,0,1,0,1,0,0,0,0,0,1,0,1.429,1.8971199848858813,0,0,3.8501476017100584,1987.0,2016,United States,"Blundell, R., D. Green, & W. Jin (2016): The UK wage premium puzzle: How did a large increase in university graduates leave the education premium unchanged? IFS Working Papers 1/2016, The Institute for Fiscal Studies, London."
14,27,Borghans & Weel (2008),1.36986301369863,0.15950459748545698,6.269411764705881,8.588235294117645,0.25,,,1,0,0,1,0,0,0,1,1,0,0,3.8501476017100584,1,0,1,0,0,1,0,0,1,1,0,0,0,0,0,0,1,0,0,0.021,0.4353180712578455,1,0,3.6635616461296463,1975.0,2008,United States,"Borghans, L. & B. ter Weel (2008): Understanding the technology of computer technology diffusion: Explaining computer adoption patterns and implications for the wage structure. Journal of Income Distribution 17(3-4): pp. 37-70."
14,27,Borghans & Weel (2008),1.697792869269949,0.35166507648715417,2.8436147540983603,4.827868852459016,0.25,,,1,0,0,1,0,0,0,1,1,0,0,3.8501476017100584,1,0,1,0,0,1,0,0,1,1,0,0,0,0,0,0,1,0,0,0.021,0.4353180712578455,1,0,3.6635616461296463,1975.0,2008,United States,"Borghans, L. & B. ter Weel (2008): Understanding the technology of computer technology diffusion: Explaining computer adoption patterns and implications for the wage structure. Journal of Income Distribution 17(3-4): pp. 37-70."
14,27,Borghans & Weel (2008),1.5649452269170578,0.11510551747277264,8.68768085106383,13.595744680851064,0.25,,,1,0,0,1,0,0,0,1,1,0,0,4.007333185232471,1,0,1,0,0,1,0,0,1,1,0,0,0,0,0,0,1,0,0,0.021,0.4353180712578455,1,0,3.6635616461296463,1983.0,2008,United States,"Borghans, L. & B. ter Weel (2008): Understanding the technology of computer technology diffusion: Explaining computer adoption patterns and implications for the wage structure. Journal of Income Distribution 17(3-4): pp. 37-70."
14,27,Borghans & Weel (2008),1.572327044025157,0.2941932676713737,3.3991260504201684,5.344537815126051,0.25,,,1,0,0,1,0,0,0,1,1,0,0,4.007333185232471,1,0,1,0,0,1,0,0,1,1,0,0,0,0,0,0,1,0,0,0.021,0.4353180712578455,1,0,3.6635616461296463,1983.0,2008,United States,"Borghans, L. & B. ter Weel (2008): Understanding the technology of computer technology diffusion: Explaining computer adoption patterns and implications for the wage structure. Journal of Income Distribution 17(3-4): pp. 37-70."
15,27,Borjas (2003),1.349527665317139,1.1765112979687877,0.8499705882352943,1.147058823529412,0.5,,6.922811,1,0,0,0,1,0,0,1,0,1,0,3.8501476017100584,1,0,1,0,0,0,1,0,1,0,0,1,0,0,1,0,0,1,0,5.106,5.049856007249537,1,1,3.5263605246161616,1975.0,2003,United States,"Borjas, G. J. (2003): The labor demand curve is downward sloping: Reexamining the impact of immigration on the labor market. The Quarterly Journal of Economics 118(4): pp. 1335-1374."
15,27,Borjas (2003),1.3175230566534915,1.0102745968014912,0.9898298969072167,1.3041237113402064,0.5,,7.684082,1,0,0,0,1,0,0,1,0,1,0,3.8501476017100584,1,0,1,0,0,0,1,0,1,0,0,1,0,0,1,0,0,1,0,5.106,5.049856007249537,1,1,3.5263605246161616,1975.0,2003,United States,"Borjas, G. J. (2003): The labor demand curve is downward sloping: Reexamining the impact of immigration on the labor market. The Quarterly Journal of Economics 118(4): pp. 1335-1374."
16,27,Borjas & Katz (2007),2.4213075060532687,1.8291717721274092,0.5466955128205128,1.3237179487179485,0.5,,14.33377,1,0,0,1,0,1,0,0,0,1,0,3.9512437185814275,1,0,1,0,0,0,1,0,1,0,0,0,0,0,1,0,0,1,0,1.511,3.578878558899608,0,0,3.6375861597263857,1980.0,2007,United States,"Borjas, G. J. & L. F. Katz (2007): The evolution of the Mexican-born workforce in the United States. In G. J. Borjas (editor), Mexican immigration to the United States, pp. 13-56. National Bureau of Economic Research Conference Report, University of Chicago Press."
16,27,Borjas & Katz (2007),3.257328990228013,0.9973580621545056,1.0026489361702127,3.265957446808511,0.5,,47.57592,1,0,0,1,0,1,0,0,0,1,0,3.9512437185814275,1,0,1,0,0,0,1,0,1,0,0,0,0,0,1,0,0,1,0,1.511,3.578878558899608,0,0,3.6375861597263857,1980.0,2007,United States,"Borjas, G. J. & L. F. Katz (2007): The evolution of the Mexican-born workforce in the United States. In G. J. Borjas (editor), Mexican immigration to the United States, pp. 13-56. National Bureau of Economic Research Conference Report, University of Chicago Press."
17,27,Bound (2004),2.6315789473684212,2.146814404432133,0.4658064516129032,1.2258064516129032,0.25,,70.67388,1,0,0,1,0,0,0,1,0,1,1,3.4657359027997265,1,0,1,0,0,0,0,1,0,0,0,0,0,0,1,0,0,1,0,0.989,2.5952547069568657,1,0,3.5553480614894135,1960.0,2004,United States,"Bound, J., J. Groen, G. Kezdi, & S. Turner (2004): Trade in university training: Cross-state variation in the production and stock of college-educated labor. Journal of Econometrics 121(1): pp. 143-173."
17,27,Bound (2004),3.571428571428571,1.9132653061224487,0.5226666666666667,1.8666666666666667,0.25,,146.0593,1,0,0,1,0,0,0,1,0,1,1,3.7376696182833684,1,0,1,0,0,0,0,1,0,0,0,0,0,0,1,0,0,1,0,0.989,2.5952547069568657,1,0,3.5553480614894135,1970.0,2004,United States,"Bound, J., J. Groen, G. Kezdi, & S. Turner (2004): Trade in university training: Cross-state variation in the production and stock of college-educated labor. Journal of Econometrics 121(1): pp. 143-173."
17,27,Bound (2004),6.25,3.125,0.32,2.0,0.25,,273.8613,1,0,0,1,0,0,0,1,0,1,1,3.9512437185814275,1,0,1,0,0,0,0,1,0,0,0,0,0,0,1,0,0,1,0,0.989,2.5952547069568657,1,0,3.5553480614894135,1980.0,2004,United States,"Bound, J., J. Groen, G. Kezdi, & S. Turner (2004): Trade in university training: Cross-state variation in the production and stock of college-educated labor. Journal of Econometrics 121(1): pp. 143-173."
17,27,Bound (2004),5.2631578947368425,2.493074792243767,0.40111111111111114,2.1111111111111116,0.25,,243.4322,1,0,0,1,0,0,0,1,0,1,1,4.127134385045092,1,0,1,0,0,0,0,1,0,0,0,0,0,0,1,0,0,1,0,0.989,2.5952547069568657,1,0,3.5553480614894135,1990.0,2004,United States,"Bound, J., J. Groen, G. Kezdi, & S. Turner (2004): Trade in university training: Cross-state variation in the production and stock of college-educated labor. Journal of Econometrics 121(1): pp. 143-173."
19,27,Card (2009),-12.5,3.125,0.32,-4.0,0.14285714285714285,,556.7764,1,0,0,1,0,1,0,0,0,1,1,4.276666119016055,1,0,1,0,0,1,0,0,0,0,0,0,0,0,0,0,1,0,0,1.872,4.283586561860629,1,1,3.6888794541139363,2000.0,2009,United States,"Card, D. (2009): Immigration and inequality. American Economic Review 99(2): pp. 1-21."
19,27,Card (2009),25.0,31.25,0.032,0.8,0.14285714285714285,,222.7106,1,0,0,1,0,1,0,0,0,1,1,4.276666119016055,1,0,1,0,0,1,0,0,0,0,0,0,0,1,0,0,1,0,0,1.872,4.283586561860629,1,1,3.6888794541139363,2000.0,2009,United States,"Card, D. (2009): Immigration and inequality. American Economic Review 99(2): pp. 1-21."
19,27,Card (2009),100.0,500.0,0.002,0.2,0.14285714285714285,,222.7106,1,0,0,1,0,1,0,0,0,1,1,4.276666119016055,1,0,1,0,0,1,0,0,0,0,0,0,0,0,1,0,1,0,0,1.872,4.283586561860629,1,1,3.6888794541139363,2000.0,2009,United States,"Card, D. (2009): Immigration and inequality. American Economic Review 99(2): pp. 1-21."
19,27,Card (2009),2.380952380952381,1.5873015873015877,0.6299999999999999,1.4999999999999996,0.14285714285714285,,39.76974,1,0,0,1,0,1,0,0,0,1,1,4.276666119016055,1,0,1,0,0,1,0,0,0,0,0,0,0,0,0,0,0,1,0,1.872,4.283586561860629,1,1,3.6888794541139363,2000.0,2009,United States,"Card, D. (2009): Immigration and inequality. American Economic Review 99(2): pp. 1-21."
19,27,Card (2009),2.4390243902439024,0.8923259964306961,1.1206666666666665,2.733333333333333,0.14285714285714285,,74.23685,1,0,0,1,0,1,0,0,0,1,1,4.276666119016055,1,0,1,0,0,1,0,0,0,0,0,0,0,1,0,0,0,1,0,1.872,4.283586561860629,1,1,3.6888794541139363,2000.0,2009,United States,"Card, D. (2009): Immigration and inequality. American Economic Review 99(2): pp. 1-21."
19,27,Card (2009),3.846153846153846,1.7751479289940826,0.5633333333333335,2.166666666666667,0.14285714285714285,,92.79607,1,0,0,1,0,1,0,0,0,1,1,4.276666119016055,1,0,1,0,0,1,0,0,0,0,0,0,0,1,0,0,0,1,0,1.872,4.283586561860629,1,1,3.6888794541139363,2000.0,2009,United States,"Card, D. (2009): Immigration and inequality. American Economic Review 99(2): pp. 1-21."
19,27,Card (2009),3.571428571428571,1.5306122448979589,0.6533333333333334,2.3333333333333335,0.14285714285714285,,92.79607,1,0,0,1,0,1,0,0,0,1,1,4.276666119016055,1,0,1,0,0,1,0,0,0,0,0,0,0,0,1,0,0,1,0,1.872,4.283586561860629,1,1,3.6888794541139363,2000.0,2009,United States,"Card, D. (2009): Immigration and inequality. American Economic Review 99(2): pp. 1-21."
20,27,Card & Lemieux (2001),2.4154589371980677,0.27421876823263086,3.646723404255319,8.808510638297873,0.2,,132.8723,1,0,0,1,0,0,0,1,1,0,0,3.8918202981106265,1,0,1,0,0,1,0,0,1,0,0,1,0,0,0,0,1,0,0,5.106,4.316747098311591,1,1,3.4657359027997265,1977.0,2001,United States,"Card, D. & T. Lemieux (2001): Can falling supply explain the rising return to college for younger men? A cohort-based analysis. The Quarterly Journal of Economics 116(2): pp. 705-746."
20,27,Card & Lemieux (2001),1.1560693641618498,0.12162117010257609,8.222252747252748,9.505494505494507,0.2,,68.62635,1,0,0,1,0,0,0,1,1,0,0,3.8918202981106265,1,0,1,0,0,1,0,0,1,0,0,1,0,0,0,0,1,0,0,5.106,4.316747098311591,1,1,3.4657359027997265,1977.0,2001,United States,"Card, D. & T. Lemieux (2001): Can falling supply explain the rising return to college for younger men? A cohort-based analysis. The Quarterly Journal of Economics 116(2): pp. 705-746."
20,27,Card & Lemieux (2001),1.5923566878980893,0.18763438679053915,5.329513513513514,8.486486486486488,0.2,,83.30289,1,0,0,1,0,0,0,1,1,0,0,3.8918202981106265,1,0,1,0,0,1,0,0,1,0,0,1,0,0,0,0,1,0,0,5.106,4.316747098311591,1,1,3.4657359027997265,1977.0,2001,United States,"Card, D. & T. Lemieux (2001): Can falling supply explain the rising return to college for younger men? A cohort-based analysis. The Quarterly Journal of Economics 116(2): pp. 705-746."
22,27,Ciccone & Peri (2005),2.01,0.21,4.761904761904762,9.571428571,0.015151515151515152,73.77111,,0,1,0,0,1,0,0,1,0,1,0,3.7376696182833684,1,0,1,0,0,0,0,1,0,0,0,0,0,0,1,1,0,1,0,1.225,2.803360380906535,1,1,3.58351893845611,1970.0,2005,United States,"Ciccone, A. & G. Peri (2005): Long-run substitutability between more and less educated workers: Evidence from US states, 1950-1990. Review of Economics and Statistics 87(4): pp. 652-663."
22,27,Ciccone & Peri (2005),1.54,0.25,4.0,6.16,0.015151515151515152,61.96774,,0,1,0,0,1,0,0,1,0,1,0,3.7376696182833684,1,0,1,0,0,0,0,1,0,0,0,0,0,0,1,1,0,1,0,1.225,2.803360380906535,1,1,3.58351893845611,1970.0,2005,United States,"Ciccone, A. & G. Peri (2005): Long-run substitutability between more and less educated workers: Evidence from US states, 1950-1990. Review of Economics and Statistics 87(4): pp. 652-663."
22,27,Ciccone & Peri (2005),1.93,0.25,4.0,7.72,0.015151515151515152,61.96774,,0,1,0,0,1,0,0,1,0,1,0,3.7376696182833684,1,0,1,0,0,0,0,1,0,0,0,0,0,0,1,1,0,1,0,1.225,2.803360380906535,1,1,3.58351893845611,1970.0,2005,United States,"Ciccone, A. & G. Peri (2005): Long-run substitutability between more and less educated workers: Evidence from US states, 1950-1990. Review of Economics and Statistics 87(4): pp. 652-663."
22,27,Ciccone & Peri (2005),1.93,0.25,4.0,7.72,0.015151515151515152,61.96774,,0,1,0,0,1,0,0,1,0,1,0,3.7376696182833684,1,0,1,0,0,0,0,1,0,0,0,0,0,0,1,1,0,1,0,1.225,2.803360380906535,1,1,3.58351893845611,1970.0,2005,United States,"Ciccone, A. & G. Peri (2005): Long-run substitutability between more and less educated workers: Evidence from US states, 1950-1990. Review of Economics and Statistics 87(4): pp. 652-663."
22,27,Ciccone & Peri (2005),1.5,0.25,4.0,6.0,0.015151515151515152,61.96774,,0,1,0,0,1,0,0,1,0,1,0,3.7376696182833684,1,0,1,0,0,0,0,1,0,0,0,0,0,0,1,1,0,1,0,1.225,2.803360380906535,1,1,3.58351893845611,1970.0,2005,United States,"Ciccone, A. & G. Peri (2005): Long-run substitutability between more and less educated workers: Evidence from US states, 1950-1990. Review of Economics and Statistics 87(4): pp. 652-663."
22,27,Ciccone & Peri (2005),2.03,0.29,3.4482758620689657,7.0,0.015151515151515152,53.42046,,0,1,0,0,1,0,0,1,0,1,0,3.7376696182833684,1,0,1,0,0,0,0,1,0,0,0,0,0,0,1,1,0,1,0,1.225,2.803360380906535,1,1,3.58351893845611,1970.0,2005,United States,"Ciccone, A. & G. Peri (2005): Long-run substitutability between more and less educated workers: Evidence from US states, 1950-1990. Review of Economics and Statistics 87(4): pp. 652-663."
22,27,Ciccone & Peri (2005),-5.55,0.3,3.3333333333333335,-18.5,0.015151515151515152,,1512.884,1,0,0,0,1,0,0,1,0,0,0,3.7376696182833684,1,0,1,0,0,1,0,0,0,0,0,0,0,0,0,0,1,0,0,1.225,2.803360380906535,1,1,3.58351893845611,1970.0,2005,United States,"Ciccone, A. & G. Peri (2005): Long-run substitutability between more and less educated workers: Evidence from US states, 1950-1990. Review of Economics and Statistics 87(4): pp. 652-663."
22,27,Ciccone & Peri (2005),-6.25,0.4,2.5,-15.625,0.015151515151515152,,1512.884,1,0,0,0,1,0,0,1,0,0,0,3.7376696182833684,1,0,1,0,0,1,0,0,0,0,0,0,0,0,0,0,1,0,0,1.225,2.803360380906535,1,1,3.58351893845611,1970.0,2005,United States,"Ciccone, A. & G. Peri (2005): Long-run substitutability between more and less educated workers: Evidence from US states, 1950-1990. Review of Economics and Statistics 87(4): pp. 652-663."
22,27,Ciccone & Peri (2005),1.28,0.4,2.5,3.2,0.015151515151515152,,63.45496,1,0,0,0,1,0,0,1,0,1,0,3.7376696182833684,1,0,1,0,0,1,0,0,0,0,0,0,0,0,1,1,1,0,0,1.225,2.803360380906535,1,1,3.58351893845611,1970.0,2005,United States,"Ciccone, A. & G. Peri (2005): Long-run substitutability between more and less educated workers: Evidence from US states, 1950-1990. Review of Economics and Statistics 87(4): pp. 652-663."
22,27,Ciccone & Peri (2005),-6.66,0.4,2.5,-16.65,0.015151515151515152,,1512.884,1,0,0,0,1,0,0,1,0,0,0,3.7376696182833684,1,0,1,0,0,1,0,0,0,0,0,0,0,0,0,0,1,0,0,1.225,2.803360380906535,1,1,3.58351893845611,1970.0,2005,United States,"Ciccone, A. & G. Peri (2005): Long-run substitutability between more and less educated workers: Evidence from US states, 1950-1990. Review of Economics and Statistics 87(4): pp. 652-663."
22,27,Ciccone & Peri (2005),1.33,0.42,2.380952380952381,3.166666667,0.015151515151515152,,65.24686,1,0,0,0,1,0,0,1,0,1,0,3.7376696182833684,1,0,1,0,0,1,0,0,0,0,0,0,0,0,1,1,1,0,0,1.225,2.803360380906535,1,1,3.58351893845611,1970.0,2005,United States,"Ciccone, A. & G. Peri (2005): Long-run substitutability between more and less educated workers: Evidence from US states, 1950-1990. Review of Economics and Statistics 87(4): pp. 652-663."
22,27,Ciccone & Peri (2005),1.5,0.44,2.272727272727273,3.409090909,0.015151515151515152,,79.22012,1,0,0,0,1,0,0,1,0,1,0,3.7376696182833684,1,0,1,0,0,1,0,0,0,0,0,0,0,0,1,1,1,0,0,1.225,2.803360380906535,1,1,3.58351893845611,1970.0,2005,United States,"Ciccone, A. & G. Peri (2005): Long-run substitutability between more and less educated workers: Evidence from US states, 1950-1990. Review of Economics and Statistics 87(4): pp. 652-663."
22,27,Ciccone & Peri (2005),1.42,0.45,2.2222222222222223,3.155555556,0.015151515151515152,,69.41763,1,0,0,0,1,0,0,1,0,1,0,3.7376696182833684,1,0,1,0,0,1,0,0,0,0,0,0,0,0,1,1,1,0,0,1.225,2.803360380906535,1,1,3.58351893845611,1970.0,2005,United States,"Ciccone, A. & G. Peri (2005): Long-run substitutability between more and less educated workers: Evidence from US states, 1950-1990. Review of Economics and Statistics 87(4): pp. 652-663."
22,27,Ciccone & Peri (2005),1.36,0.47,2.127659574468085,2.893617021,0.015151515151515152,,60.9657,1,0,0,0,1,0,0,1,0,1,0,3.7376696182833684,1,0,1,0,0,1,0,0,0,0,0,0,0,0,1,1,0,1,0,1.225,2.803360380906535,1,1,3.58351893845611,1970.0,2005,United States,"Ciccone, A. & G. Peri (2005): Long-run substitutability between more and less educated workers: Evidence from US states, 1950-1990. Review of Economics and Statistics 87(4): pp. 652-663."
22,27,Ciccone & Peri (2005),1.2,0.48,2.0833333333333335,2.5,0.015151515151515152,,46.4758,1,0,0,0,1,0,0,1,0,1,0,3.7376696182833684,1,0,1,0,0,1,0,0,0,0,0,0,0,0,1,1,1,0,0,1.225,2.803360380906535,1,1,3.58351893845611,1970.0,2005,United States,"Ciccone, A. & G. Peri (2005): Long-run substitutability between more and less educated workers: Evidence from US states, 1950-1990. Review of Economics and Statistics 87(4): pp. 652-663."
22,27,Ciccone & Peri (2005),2.85,0.57,1.7543859649122808,5.0,0.015151515151515152,,220.7601,1,0,0,0,1,0,0,1,0,1,0,3.7376696182833684,1,0,1,0,0,1,0,0,0,0,0,0,0,0,1,1,1,0,0,1.225,2.803360380906535,1,1,3.58351893845611,1970.0,2005,United States,"Ciccone, A. & G. Peri (2005): Long-run substitutability between more and less educated workers: Evidence from US states, 1950-1990. Review of Economics and Statistics 87(4): pp. 652-663."
22,27,Ciccone & Peri (2005),1.3,0.59,1.6949152542372883,2.203389831,0.015151515151515152,,44.3752,1,0,0,0,1,0,0,1,0,1,0,3.7376696182833684,1,0,1,0,0,1,0,0,0,0,0,0,0,0,1,1,1,0,0,1.225,2.803360380906535,1,1,3.58351893845611,1970.0,2005,United States,"Ciccone, A. & G. Peri (2005): Long-run substitutability between more and less educated workers: Evidence from US states, 1950-1990. Review of Economics and Statistics 87(4): pp. 652-663."
22,27,Ciccone & Peri (2005),1.69,0.61,1.639344262295082,2.770491803,0.015151515151515152,,72.53526,1,0,0,0,1,0,0,1,0,1,0,3.7376696182833684,1,0,1,0,0,1,0,0,0,0,0,0,0,0,1,1,1,0,0,1.225,2.803360380906535,1,1,3.58351893845611,1970.0,2005,United States,"Ciccone, A. & G. Peri (2005): Long-run substitutability between more and less educated workers: Evidence from US states, 1950-1990. Review of Economics and Statistics 87(4): pp. 652-663."
22,27,Ciccone & Peri (2005),1.96,0.61,1.639344262295082,3.213114754,0.015151515151515152,,97.56362,1,0,0,0,1,0,0,1,0,1,0,3.7376696182833684,1,0,1,0,0,1,0,0,0,0,0,0,0,0,1,1,1,0,0,1.225,2.803360380906535,1,1,3.58351893845611,1970.0,2005,United States,"Ciccone, A. & G. Peri (2005): Long-run substitutability between more and less educated workers: Evidence from US states, 1950-1990. Review of Economics and Statistics 87(4): pp. 652-663."
22,27,Ciccone & Peri (2005),1.75,0.62,1.6129032258064517,2.822580645,0.015151515151515152,,76.52265,1,0,0,0,1,0,0,1,0,1,0,3.7376696182833684,1,0,1,0,0,1,0,0,0,0,0,0,0,0,1,1,1,0,0,1.225,2.803360380906535,1,1,3.58351893845611,1970.0,2005,United States,"Ciccone, A. & G. Peri (2005): Long-run substitutability between more and less educated workers: Evidence from US states, 1950-1990. Review of Economics and Statistics 87(4): pp. 652-663."
22,27,Ciccone & Peri (2005),1.38,0.63,1.5873015873015872,2.19047619,0.015151515151515152,,46.8299,1,0,0,0,1,0,0,1,0,1,0,3.7376696182833684,1,0,1,0,0,1,0,0,0,0,0,0,0,0,1,1,0,1,0,1.225,2.803360380906535,1,1,3.58351893845611,1970.0,2005,United States,"Ciccone, A. & G. Peri (2005): Long-run substitutability between more and less educated workers: Evidence from US states, 1950-1990. Review of Economics and Statistics 87(4): pp. 652-663."
22,27,Ciccone & Peri (2005),1.85,0.63,1.5873015873015872,2.936507937,0.015151515151515152,,84.16055,1,0,0,0,1,0,0,1,0,1,0,3.7376696182833684,1,0,1,0,0,1,0,0,0,0,0,0,0,0,1,1,1,0,0,1.225,2.803360380906535,1,1,3.58351893845611,1970.0,2005,United States,"Ciccone, A. & G. Peri (2005): Long-run substitutability between more and less educated workers: Evidence from US states, 1950-1990. Review of Economics and Statistics 87(4): pp. 652-663."
22,27,Ciccone & Peri (2005),2.0,0.64,1.5625,3.125,0.015151515151515152,,96.82458,1,0,0,0,1,0,0,1,0,1,0,3.7376696182833684,1,0,1,0,0,1,0,0,0,0,0,0,0,0,1,1,1,0,0,1.225,2.803360380906535,1,1,3.58351893845611,1970.0,2005,United States,"Ciccone, A. & G. Peri (2005): Long-run substitutability between more and less educated workers: Evidence from US states, 1950-1990. Review of Economics and Statistics 87(4): pp. 652-663."
22,27,Ciccone & Peri (2005),1.96,0.65,1.5384615384615383,3.015384615,0.015151515151515152,,91.55971,1,0,0,0,1,0,0,1,0,1,0,3.7376696182833684,1,0,1,0,0,1,0,0,0,0,0,0,0,0,1,1,1,0,0,1.225,2.803360380906535,1,1,3.58351893845611,1970.0,2005,United States,"Ciccone, A. & G. Peri (2005): Long-run substitutability between more and less educated workers: Evidence from US states, 1950-1990. Review of Economics and Statistics 87(4): pp. 652-663."
22,27,Ciccone & Peri (2005),1.72,0.69,1.4492753623188408,2.492753623,0.015151515151515152,,66.42223,1,0,0,0,1,0,0,1,0,1,0,3.7376696182833684,1,0,1,0,0,1,0,0,0,0,0,0,0,0,1,1,1,0,0,1.225,2.803360380906535,1,1,3.58351893845611,1970.0,2005,United States,"Ciccone, A. & G. Peri (2005): Long-run substitutability between more and less educated workers: Evidence from US states, 1950-1990. Review of Economics and Statistics 87(4): pp. 652-663."
22,27,Ciccone & Peri (2005),1.92,0.69,1.4492753623188408,2.782608696,0.015151515151515152,,82.76733,1,0,0,0,1,0,0,1,0,1,0,3.7376696182833684,1,0,1,0,0,1,0,0,0,0,0,0,0,0,1,1,1,0,0,1.225,2.803360380906535,1,1,3.58351893845611,1970.0,2005,United States,"Ciccone, A. & G. Peri (2005): Long-run substitutability between more and less educated workers: Evidence from US states, 1950-1990. Review of Economics and Statistics 87(4): pp. 652-663."
22,27,Ciccone & Peri (2005),3.44,0.71,1.4084507042253522,4.845070423,0.015151515151515152,,258.2047,1,0,0,0,1,0,0,1,0,1,0,3.7376696182833684,1,0,1,0,0,1,0,0,0,0,0,0,0,0,1,1,1,0,0,1.225,2.803360380906535,1,1,3.58351893845611,1970.0,2005,United States,"Ciccone, A. & G. Peri (2005): Long-run substitutability between more and less educated workers: Evidence from US states, 1950-1990. Review of Economics and Statistics 87(4): pp. 652-663."
22,27,Ciccone & Peri (2005),1.78,0.71,1.4084507042253522,2.507042254,0.015151515151515152,,69.1333,1,0,0,0,1,0,0,1,0,1,0,3.7376696182833684,1,0,1,0,0,1,0,0,0,0,0,0,0,0,1,1,0,1,0,1.225,2.803360380906535,1,1,3.58351893845611,1970.0,2005,United States,"Ciccone, A. & G. Peri (2005): Long-run substitutability between more and less educated workers: Evidence from US states, 1950-1990. Review of Economics and Statistics 87(4): pp. 652-663."
22,27,Ciccone & Peri (2005),1.63,0.72,1.3888888888888888,2.263888889,0.015151515151515152,,57.16739,1,0,0,0,1,0,0,1,0,1,0,3.7376696182833684,1,0,1,0,0,1,0,0,0,0,0,0,0,0,1,1,1,0,0,1.225,2.803360380906535,1,1,3.58351893845611,1970.0,2005,United States,"Ciccone, A. & G. Peri (2005): Long-run substitutability between more and less educated workers: Evidence from US states, 1950-1990. Review of Economics and Statistics 87(4): pp. 652-663."
22,27,Ciccone & Peri (2005),3.12,0.72,1.3888888888888888,4.333333333,0.015151515151515152,,209.4509,1,0,0,0,1,0,0,1,0,1,0,3.7376696182833684,1,0,1,0,0,1,0,0,0,0,0,0,0,0,1,1,1,0,0,1.225,2.803360380906535,1,1,3.58351893845611,1970.0,2005,United States,"Ciccone, A. & G. Peri (2005): Long-run substitutability between more and less educated workers: Evidence from US states, 1950-1990. Review of Economics and Statistics 87(4): pp. 652-663."
22,27,Ciccone & Peri (2005),1.78,0.77,1.2987012987012987,2.311688312,0.015151515151515152,,63.74629,1,0,0,0,1,0,0,1,0,1,0,3.7376696182833684,1,0,1,0,0,1,0,0,0,0,0,0,0,0,1,1,1,0,0,1.225,2.803360380906535,1,1,3.58351893845611,1970.0,2005,United States,"Ciccone, A. & G. Peri (2005): Long-run substitutability between more and less educated workers: Evidence from US states, 1950-1990. Review of Economics and Statistics 87(4): pp. 652-663."
22,27,Ciccone & Peri (2005),1.72,0.84,1.1904761904761905,2.047619048,0.015151515151515152,,54.56111,1,0,0,0,1,0,0,1,0,1,0,3.7376696182833684,1,0,1,0,0,1,0,0,0,0,0,0,0,0,1,1,1,0,0,1.225,2.803360380906535,1,1,3.58351893845611,1970.0,2005,United States,"Ciccone, A. & G. Peri (2005): Long-run substitutability between more and less educated workers: Evidence from US states, 1950-1990. Review of Economics and Statistics 87(4): pp. 652-663."
22,27,Ciccone & Peri (2005),2.0,0.84,1.1904761904761905,2.380952381,0.015151515151515152,,73.77111,1,0,0,0,1,0,0,1,0,1,0,3.7376696182833684,1,0,1,0,0,1,0,0,0,0,0,0,0,0,1,1,1,0,0,1.225,2.803360380906535,1,1,3.58351893845611,1970.0,2005,United States,"Ciccone, A. & G. Peri (2005): Long-run substitutability between more and less educated workers: Evidence from US states, 1950-1990. Review of Economics and Statistics 87(4): pp. 652-663."
22,27,Ciccone & Peri (2005),1.56,0.85,1.1764705882352942,1.835294118,0.015151515151515152,,44.35432,1,0,0,0,1,0,0,1,0,1,0,3.7376696182833684,1,0,1,0,0,1,0,0,0,0,0,0,0,0,1,1,0,1,0,1.225,2.803360380906535,1,1,3.58351893845611,1970.0,2005,United States,"Ciccone, A. & G. Peri (2005): Long-run substitutability between more and less educated workers: Evidence from US states, 1950-1990. Review of Economics and Statistics 87(4): pp. 652-663."
22,27,Ciccone & Peri (2005),1.75,0.9,1.1111111111111112,1.944444444,0.015151515151515152,,52.71561,1,0,0,0,1,0,0,1,0,1,0,3.7376696182833684,1,0,1,0,0,1,0,0,0,0,0,0,0,0,1,1,0,1,0,1.225,2.803360380906535,1,1,3.58351893845611,1970.0,2005,United States,"Ciccone, A. & G. Peri (2005): Long-run substitutability between more and less educated workers: Evidence from US states, 1950-1990. Review of Economics and Statistics 87(4): pp. 652-663."
22,27,Ciccone & Peri (2005),1.96,0.92,1.0869565217391304,2.130434783,0.015151515151515152,,64.68893,1,0,0,0,1,0,0,1,0,1,0,3.7376696182833684,1,0,1,0,0,1,0,0,0,0,0,0,0,0,1,1,1,0,0,1.225,2.803360380906535,1,1,3.58351893845611,1970.0,2005,United States,"Ciccone, A. & G. Peri (2005): Long-run substitutability between more and less educated workers: Evidence from US states, 1950-1990. Review of Economics and Statistics 87(4): pp. 652-663."
22,27,Ciccone & Peri (2005),-5.55,0.31,3.2258064516129035,-17.903225806451612,0.015151515151515152,,1512.884,1,0,0,0,1,0,0,1,0,0,0,3.7376696182833684,1,0,1,0,0,1,0,0,0,0,0,0,0,0,0,0,1,0,0,1.225,2.803360380906535,1,1,3.58351893845611,1970.0,2005,United States,"Ciccone, A. & G. Peri (2005): Long-run substitutability between more and less educated workers: Evidence from US states, 1950-1990. Review of Economics and Statistics 87(4): pp. 652-663."
22,27,Ciccone & Peri (2005),-6.25,0.39,2.564102564102564,-16.025641025641026,0.015151515151515152,,1512.884,1,0,0,0,1,0,0,1,0,0,0,3.7376696182833684,1,0,1,0,0,1,0,0,0,0,0,0,0,0,0,0,1,0,0,1.225,2.803360380906535,1,1,3.58351893845611,1970.0,2005,United States,"Ciccone, A. & G. Peri (2005): Long-run substitutability between more and less educated workers: Evidence from US states, 1950-1990. Review of Economics and Statistics 87(4): pp. 652-663."
22,27,Ciccone & Peri (2005),-6.25,0.6,1.6666666666666667,-10.416666666666668,0.015151515151515152,,1008.589,1,0,0,0,1,0,0,1,0,0,0,3.7376696182833684,1,0,1,0,0,1,0,0,0,0,0,0,0,0,0,0,1,0,0,1.225,2.803360380906535,1,1,3.58351893845611,1970.0,2005,United States,"Ciccone, A. & G. Peri (2005): Long-run substitutability between more and less educated workers: Evidence from US states, 1950-1990. Review of Economics and Statistics 87(4): pp. 652-663."
22,27,Ciccone & Peri (2005),2.04,0.33,3.0303030303030303,6.181818181818182,0.015151515151515152,,195.3674,1,0,0,0,1,0,0,1,0,1,0,3.7376696182833684,1,0,1,0,0,1,0,0,0,0,0,0,0,0,1,1,1,0,0,1.225,2.803360380906535,1,1,3.58351893845611,1970.0,2005,United States,"Ciccone, A. & G. Peri (2005): Long-run substitutability between more and less educated workers: Evidence from US states, 1950-1990. Review of Economics and Statistics 87(4): pp. 652-663."
22,27,Ciccone & Peri (2005),2.05,0.5,2.0,4.1,0.015151515151515152,,130.2097,1,0,0,0,1,0,0,1,0,1,0,3.7376696182833684,1,0,1,0,0,1,0,0,0,0,0,0,0,0,1,1,1,0,0,1.225,2.803360380906535,1,1,3.58351893845611,1970.0,2005,United States,"Ciccone, A. & G. Peri (2005): Long-run substitutability between more and less educated workers: Evidence from US states, 1950-1990. Review of Economics and Statistics 87(4): pp. 652-663."
22,27,Ciccone & Peri (2005),2.56,0.6,1.6666666666666667,4.266666666666667,0.015151515151515152,,169.2132,1,0,0,0,1,0,0,1,0,1,0,3.7376696182833684,1,0,1,0,0,1,0,0,0,0,0,0,0,0,1,1,1,0,0,1.225,2.803360380906535,1,1,3.58351893845611,1970.0,2005,United States,"Ciccone, A. & G. Peri (2005): Long-run substitutability between more and less educated workers: Evidence from US states, 1950-1990. Review of Economics and Statistics 87(4): pp. 652-663."
22,27,Ciccone & Peri (2005),1.53,0.66,1.5151515151515151,2.318181818181818,0.015151515151515152,,54.94707,1,0,0,0,1,0,0,1,0,1,0,3.7376696182833684,1,0,1,0,0,1,0,0,0,0,0,0,0,0,1,1,0,1,0,1.225,2.803360380906535,1,1,3.58351893845611,1970.0,2005,United States,"Ciccone, A. & G. Peri (2005): Long-run substitutability between more and less educated workers: Evidence from US states, 1950-1990. Review of Economics and Statistics 87(4): pp. 652-663."
22,27,Ciccone & Peri (2005),1.81,0.86,1.1627906976744187,2.104651162790698,0.015151515151515152,,59.01526,1,0,0,0,1,0,0,1,0,1,0,3.7376696182833684,1,0,1,0,0,1,0,0,0,0,0,0,0,0,1,1,0,1,0,1.225,2.803360380906535,1,1,3.58351893845611,1970.0,2005,United States,"Ciccone, A. & G. Peri (2005): Long-run substitutability between more and less educated workers: Evidence from US states, 1950-1990. Review of Economics and Statistics 87(4): pp. 652-663."
22,27,Ciccone & Peri (2005),2.38,0.53,1.8867924528301885,4.4905660377358485,0.015151515151515152,,165.5708,1,0,0,0,1,0,0,1,0,1,0,3.7376696182833684,1,0,1,0,0,1,0,0,0,0,0,0,0,0,1,1,0,1,0,1.225,2.803360380906535,1,1,3.58351893845611,1970.0,2005,United States,"Ciccone, A. & G. Peri (2005): Long-run substitutability between more and less educated workers: Evidence from US states, 1950-1990. Review of Economics and Statistics 87(4): pp. 652-663."
22,27,Ciccone & Peri (2005),1.47,0.45,2.2222222222222223,3.2666666666666666,0.015151515151515152,,74.39227,1,0,0,0,1,0,0,1,0,1,0,3.7376696182833684,1,0,1,0,0,1,0,0,0,0,0,0,0,0,1,1,0,1,0,1.225,2.803360380906535,1,1,3.58351893845611,1970.0,2005,United States,"Ciccone, A. & G. Peri (2005): Long-run substitutability between more and less educated workers: Evidence from US states, 1950-1990. Review of Economics and Statistics 87(4): pp. 652-663."
22,27,Ciccone & Peri (2005),1.69,0.7,1.4285714285714286,2.414285714285714,0.015151515151515152,,63.2093,1,0,0,0,1,0,0,1,0,1,0,3.7376696182833684,1,0,1,0,0,1,0,0,0,0,0,0,0,0,1,1,0,1,0,1.225,2.803360380906535,1,1,3.58351893845611,1970.0,2005,United States,"Ciccone, A. & G. Peri (2005): Long-run substitutability between more and less educated workers: Evidence from US states, 1950-1990. Review of Economics and Statistics 87(4): pp. 652-663."
22,27,Ciccone & Peri (2005),2.19,0.99,1.0101010101010102,2.212121212121212,0.015151515151515152,,75.05138,1,0,0,0,1,0,0,1,0,1,0,3.7376696182833684,1,0,1,0,0,1,0,0,0,0,0,0,0,0,1,1,0,1,0,1.225,2.803360380906535,1,1,3.58351893845611,1970.0,2005,United States,"Ciccone, A. & G. Peri (2005): Long-run substitutability between more and less educated workers: Evidence from US states, 1950-1990. Review of Economics and Statistics 87(4): pp. 652-663."
22,27,Ciccone & Peri (2005),1.53,0.39,2.564102564102564,3.923076923076923,0.015151515151515152,,92.98736,1,0,0,0,1,0,0,1,0,1,0,3.7376696182833684,1,0,1,0,0,1,0,0,0,0,0,0,0,0,1,1,1,0,0,1.225,2.803360380906535,1,1,3.58351893845611,1970.0,2005,United States,"Ciccone, A. & G. Peri (2005): Long-run substitutability between more and less educated workers: Evidence from US states, 1950-1990. Review of Economics and Statistics 87(4): pp. 652-663."
22,27,Ciccone & Peri (2005),1.85,0.41,2.4390243902439024,4.51219512195122,0.015151515151515152,,129.3199,1,0,0,0,1,0,0,1,0,1,0,3.7376696182833684,1,0,1,0,0,1,0,0,0,0,0,0,0,0,1,1,1,0,0,1.225,2.803360380906535,1,1,3.58351893845611,1970.0,2005,United States,"Ciccone, A. & G. Peri (2005): Long-run substitutability between more and less educated workers: Evidence from US states, 1950-1990. Review of Economics and Statistics 87(4): pp. 652-663."
22,27,Ciccone & Peri (2005),2.01,0.5,2.0,4.02,0.015151515151515152,,125.1779,1,0,0,0,1,0,0,1,0,1,0,3.7376696182833684,1,0,1,0,0,1,0,0,0,0,0,0,0,0,1,1,1,0,0,1.225,2.803360380906535,1,1,3.58351893845611,1970.0,2005,United States,"Ciccone, A. & G. Peri (2005): Long-run substitutability between more and less educated workers: Evidence from US states, 1950-1990. Review of Economics and Statistics 87(4): pp. 652-663."
22,27,Ciccone & Peri (2005),1.42,0.67,1.4925373134328357,2.1194029850746268,0.015151515151515152,,46.62378,1,0,0,0,1,0,0,1,0,1,0,3.7376696182833684,1,0,1,0,0,1,0,0,0,0,0,0,0,0,1,1,1,0,0,1.225,2.803360380906535,1,1,3.58351893845611,1970.0,2005,United States,"Ciccone, A. & G. Peri (2005): Long-run substitutability between more and less educated workers: Evidence from US states, 1950-1990. Review of Economics and Statistics 87(4): pp. 652-663."
22,27,Ciccone & Peri (2005),1.64,0.73,1.36986301369863,2.2465753424657535,0.015151515151515152,,57.07822,1,0,0,0,1,0,0,1,0,1,0,3.7376696182833684,1,0,1,0,0,1,0,0,0,0,0,0,0,0,1,1,1,0,0,1.225,2.803360380906535,1,1,3.58351893845611,1970.0,2005,United States,"Ciccone, A. & G. Peri (2005): Long-run substitutability between more and less educated workers: Evidence from US states, 1950-1990. Review of Economics and Statistics 87(4): pp. 652-663."
22,27,Ciccone & Peri (2005),2.12,1.3,0.7692307692307692,1.6307692307692307,0.015151515151515152,,53.55919,1,0,0,0,1,0,0,1,0,1,0,3.7376696182833684,1,0,1,0,0,1,0,0,0,0,0,0,0,0,1,1,1,0,0,1.225,2.803360380906535,1,1,3.58351893845611,1970.0,2005,United States,"Ciccone, A. & G. Peri (2005): Long-run substitutability between more and less educated workers: Evidence from US states, 1950-1990. Review of Economics and Statistics 87(4): pp. 652-663."
22,27,Ciccone & Peri (2005),1.61,0.39,2.564102564102564,4.128205128205129,0.015151515151515152,,102.9657,1,0,0,0,1,0,0,1,0,1,0,3.7376696182833684,1,0,1,0,0,1,0,0,0,0,0,0,0,0,1,1,1,0,0,1.225,2.803360380906535,1,1,3.58351893845611,1970.0,2005,United States,"Ciccone, A. & G. Peri (2005): Long-run substitutability between more and less educated workers: Evidence from US states, 1950-1990. Review of Economics and Statistics 87(4): pp. 652-663."
22,27,Ciccone & Peri (2005),1.81,0.41,2.4390243902439024,4.414634146341464,0.015151515151515152,,123.7881,1,0,0,0,1,0,0,1,0,1,0,3.7376696182833684,1,0,1,0,0,1,0,0,0,0,0,0,0,0,1,1,1,0,0,1.225,2.803360380906535,1,1,3.58351893845611,1970.0,2005,United States,"Ciccone, A. & G. Peri (2005): Long-run substitutability between more and less educated workers: Evidence from US states, 1950-1990. Review of Economics and Statistics 87(4): pp. 652-663."
22,27,Ciccone & Peri (2005),2.22,0.55,1.8181818181818181,4.036363636363636,0.015151515151515152,,138.819,1,0,0,0,1,0,0,1,0,1,0,3.7376696182833684,1,0,1,0,0,1,0,0,0,0,0,0,0,0,1,1,1,0,0,1.225,2.803360380906535,1,1,3.58351893845611,1970.0,2005,United States,"Ciccone, A. & G. Peri (2005): Long-run substitutability between more and less educated workers: Evidence from US states, 1950-1990. Review of Economics and Statistics 87(4): pp. 652-663."
22,27,Ciccone & Peri (2005),1.61,0.39,2.564102564102564,4.128205128205129,0.015151515151515152,,102.9657,1,0,0,0,1,0,0,1,0,1,0,3.7376696182833684,1,0,1,0,0,1,0,0,0,0,0,0,0,0,1,1,1,0,0,1.225,2.803360380906535,1,1,3.58351893845611,1970.0,2005,United States,"Ciccone, A. & G. Peri (2005): Long-run substitutability between more and less educated workers: Evidence from US states, 1950-1990. Review of Economics and Statistics 87(4): pp. 652-663."
22,27,Ciccone & Peri (2005),1.88,0.42,2.380952380952381,4.476190476190476,0.015151515151515152,,130.3683,1,0,0,0,1,0,0,1,0,1,0,3.7376696182833684,1,0,1,0,0,1,0,0,0,0,0,0,0,0,1,1,1,0,0,1.225,2.803360380906535,1,1,3.58351893845611,1970.0,2005,United States,"Ciccone, A. & G. Peri (2005): Long-run substitutability between more and less educated workers: Evidence from US states, 1950-1990. Review of Economics and Statistics 87(4): pp. 652-663."
22,27,Ciccone & Peri (2005),2.19,0.52,1.923076923076923,4.211538461538462,0.015151515151515152,,142.8863,1,0,0,0,1,0,0,1,0,1,0,3.7376696182833684,1,0,1,0,0,1,0,0,0,0,0,0,0,0,1,1,1,0,0,1.225,2.803360380906535,1,1,3.58351893845611,1970.0,2005,United States,"Ciccone, A. & G. Peri (2005): Long-run substitutability between more and less educated workers: Evidence from US states, 1950-1990. Review of Economics and Statistics 87(4): pp. 652-663."
22,27,Ciccone & Peri (2005),1.49,0.7,1.4285714285714286,2.1285714285714286,0.015151515151515152,,49.13377,1,0,0,0,1,0,0,1,0,1,0,3.7376696182833684,1,0,1,0,0,1,0,0,0,0,0,0,0,0,1,1,1,0,0,1.225,2.803360380906535,1,1,3.58351893845611,1970.0,2005,United States,"Ciccone, A. & G. Peri (2005): Long-run substitutability between more and less educated workers: Evidence from US states, 1950-1990. Review of Economics and Statistics 87(4): pp. 652-663."
22,27,Ciccone & Peri (2005),1.66,0.72,1.3888888888888888,2.3055555555555554,0.015151515151515152,,59.29107,1,0,0,0,1,0,0,1,0,1,0,3.7376696182833684,1,0,1,0,0,1,0,0,0,0,0,0,0,0,1,1,1,0,0,1.225,2.803360380906535,1,1,3.58351893845611,1970.0,2005,United States,"Ciccone, A. & G. Peri (2005): Long-run substitutability between more and less educated workers: Evidence from US states, 1950-1990. Review of Economics and Statistics 87(4): pp. 652-663."
22,27,Ciccone & Peri (2005),2.12,1.3,0.7692307692307692,1.6307692307692307,0.015151515151515152,,53.55919,1,0,0,0,1,0,0,1,0,1,0,3.7376696182833684,1,0,1,0,0,1,0,0,0,0,0,0,0,0,1,1,1,0,0,1.225,2.803360380906535,1,1,3.58351893845611,1970.0,2005,United States,"Ciccone, A. & G. Peri (2005): Long-run substitutability between more and less educated workers: Evidence from US states, 1950-1990. Review of Economics and Statistics 87(4): pp. 652-663."
22,27,Ciccone & Peri (2005),1.58,0.69,1.4492753623188408,2.2898550724637685,0.015151515151515152,,56.04937,1,0,0,0,1,0,0,1,0,1,0,3.7376696182833684,1,0,1,0,0,1,0,0,0,0,0,0,0,0,1,1,1,0,0,1.225,2.803360380906535,1,1,3.58351893845611,1970.0,2005,United States,"Ciccone, A. & G. Peri (2005): Long-run substitutability between more and less educated workers: Evidence from US states, 1950-1990. Review of Economics and Statistics 87(4): pp. 652-663."
22,27,Ciccone & Peri (2005),1.69,0.7,1.4285714285714286,2.414285714285714,0.015151515151515152,,63.2093,1,0,0,0,1,0,0,1,0,1,0,3.7376696182833684,1,0,1,0,0,1,0,0,0,0,0,0,0,0,1,1,1,0,0,1.225,2.803360380906535,1,1,3.58351893845611,1970.0,2005,United States,"Ciccone, A. & G. Peri (2005): Long-run substitutability between more and less educated workers: Evidence from US states, 1950-1990. Review of Economics and Statistics 87(4): pp. 652-663."
22,27,Ciccone & Peri (2005),2.09,1.12,0.8928571428571428,1.8660714285714282,0.015151515151515152,,60.41992,1,0,0,0,1,0,0,1,0,1,0,3.7376696182833684,1,0,1,0,0,1,0,0,0,0,0,0,0,0,1,1,1,0,0,1.225,2.803360380906535,1,1,3.58351893845611,1970.0,2005,United States,"Ciccone, A. & G. Peri (2005): Long-run substitutability between more and less educated workers: Evidence from US states, 1950-1990. Review of Economics and Statistics 87(4): pp. 652-663."
25,27,Denny & Fuss (1977),2.06,,,,0.16666666666666666,,,0,1,0,1,0,0,0,1,1,0,1,3.6888794541139363,1,0,1,0,1,0,0,1,0,0,0,0,1,0,0,0,1,0,0,1.872,2.369353269458886,1,1,2.0794415416798357,1968.0,1977,United States,"Denny, M. & M. Fuss (1977): The use of approximation analysis to test for separability and the existence of consistent aggregates. The American Economic Review pp. 404-418."
25,27,Denny & Fuss (1977),4.76,,,,0.16666666666666666,,,0,1,0,1,0,0,0,1,1,0,1,3.6888794541139363,1,0,1,0,1,0,0,1,0,0,0,0,1,0,0,0,1,0,0,1.872,2.369353269458886,1,1,2.0794415416798357,1968.0,1977,United States,"Denny, M. & M. Fuss (1977): The use of approximation analysis to test for separability and the existence of consistent aggregates. The American Economic Review pp. 404-418."
25,27,Denny & Fuss (1977),4.9,,,,0.16666666666666666,,,0,1,0,1,0,0,0,1,1,0,1,3.4339872044851463,1,0,1,0,1,0,0,1,0,0,0,0,0,0,0,0,0,1,0,1.872,2.369353269458886,1,1,2.0794415416798357,1959.0,1977,United States,"Denny, M. & M. Fuss (1977): The use of approximation analysis to test for separability and the existence of consistent aggregates. The American Economic Review pp. 404-418."
25,27,Denny & Fuss (1977),6.9,,,,0.16666666666666666,,,0,1,0,1,0,0,0,1,1,0,1,3.044522437723423,1,0,1,0,1,0,0,1,0,0,0,0,0,0,0,0,0,1,0,1.872,2.369353269458886,1,1,2.0794415416798357,1949.0,1977,United States,"Denny, M. & M. Fuss (1977): The use of approximation analysis to test for separability and the existence of consistent aggregates. The American Economic Review pp. 404-418."
25,27,Denny & Fuss (1977),5.6,,,,0.16666666666666666,,,0,1,0,1,0,0,0,1,1,0,1,2.3978952727983707,1,0,1,0,1,0,0,1,0,0,0,0,0,0,0,0,0,1,0,1.872,2.369353269458886,1,1,2.0794415416798357,1939.0,1977,United States,"Denny, M. & M. Fuss (1977): The use of approximation analysis to test for separability and the existence of consistent aggregates. The American Economic Review pp. 404-418."
25,27,Denny & Fuss (1977),5.3,,,,0.16666666666666666,,,0,1,0,1,0,0,0,1,1,0,1,0.0,1,0,1,0,1,0,0,1,0,0,0,0,0,0,0,0,0,1,0,1.872,2.369353269458886,1,1,2.0794415416798357,1929.0,1977,United States,"Denny, M. & M. Fuss (1977): The use of approximation analysis to test for separability and the existence of consistent aggregates. The American Economic Review pp. 404-418."
26,27,Dougherty (1972),3.3,0.38333333334107744,2.608695652121212,8.608695652,0.125,,,1,0,0,1,0,0,0,1,1,0,1,3.4657359027997265,1,0,1,0,0,0,1,0,0,0,0,0,0,0,1,0,1,0,0,3.567,1.1997084055394784,1,1,1.0986122886681098,1960.0,1972,United States,"Dougherty, C. R. (1972): Estimates of labor aggregation functions. Journal of Political Economy 80(6): pp. 1101-1119."
26,27,Dougherty (1972),4.8,0.6857142857142857,1.4583333333333333,7.0,0.125,,,1,0,0,1,0,0,0,1,1,0,1,3.4657359027997265,1,0,1,0,0,0,1,0,0,0,0,0,0,0,1,0,1,0,0,3.567,1.1997084055394784,1,1,1.0986122886681098,1960.0,1972,United States,"Dougherty, C. R. (1972): Estimates of labor aggregation functions. Journal of Political Economy 80(6): pp. 1101-1119."
26,27,Dougherty (1972),4.0,0.7547169811320755,1.325,5.3,0.125,,,1,0,0,1,0,0,0,1,1,0,1,3.4657359027997265,1,0,1,0,0,0,1,0,0,0,0,0,0,0,1,0,1,0,0,3.567,1.1997084055394784,1,1,1.0986122886681098,1960.0,1972,United States,"Dougherty, C. R. (1972): Estimates of labor aggregation functions. Journal of Political Economy 80(6): pp. 1101-1119."
26,27,Dougherty (1972),5.2,0.9454545454545454,1.0576923076923077,5.5,0.125,,,1,0,0,1,0,0,0,1,1,0,1,3.4657359027997265,1,0,1,0,0,0,1,0,0,0,0,0,0,0,1,0,1,0,0,3.567,1.1997084055394784,1,1,1.0986122886681098,1960.0,1972,United States,"Dougherty, C. R. (1972): Estimates of labor aggregation functions. Journal of Political Economy 80(6): pp. 1101-1119."
26,27,Dougherty (1972),9.0,0.9574468085106382,1.0444444444444445,9.4,0.125,,,1,0,0,1,0,0,0,1,1,0,1,3.4657359027997265,1,0,1,0,0,0,1,0,0,0,0,0,0,0,1,0,1,0,0,3.567,1.1997084055394784,1,1,1.0986122886681098,1960.0,1972,United States,"Dougherty, C. R. (1972): Estimates of labor aggregation functions. Journal of Political Economy 80(6): pp. 1101-1119."
26,27,Dougherty (1972),4.1,1.2399999999637072,0.8064516129268293,3.306451613,0.125,,,1,0,0,1,0,0,0,1,1,0,1,3.4657359027997265,1,0,1,0,0,0,1,0,0,0,0,0,0,0,1,0,1,0,0,3.567,1.1997084055394784,1,1,1.0986122886681098,1960.0,1972,United States,"Dougherty, C. R. (1972): Estimates of labor aggregation functions. Journal of Political Economy 80(6): pp. 1101-1119."
26,27,Dougherty (1972),5.2,1.7333333333333334,0.5769230769230769,3.0,0.125,,,1,0,0,1,0,0,0,1,1,0,1,3.4657359027997265,1,0,1,0,0,0,1,0,0,0,0,0,0,0,1,0,1,0,0,3.567,1.1997084055394784,1,1,1.0986122886681098,1960.0,1972,United States,"Dougherty, C. R. (1972): Estimates of labor aggregation functions. Journal of Political Economy 80(6): pp. 1101-1119."
26,27,Dougherty (1972),5.3,2.65,0.37735849056603776,2.0,0.125,,,1,0,0,1,0,0,0,1,1,0,1,3.4657359027997265,1,0,1,0,0,0,1,0,0,0,0,0,0,0,1,0,1,0,0,3.567,1.1997084055394784,1,1,1.0986122886681098,1960.0,1972,United States,"Dougherty, C. R. (1972): Estimates of labor aggregation functions. Journal of Political Economy 80(6): pp. 1101-1119."
28,27,Dupuy & Marey (2008),1.5649452269170578,0.12661606922004992,7.897891682785299,12.359767891682784,0.2,,122.3318,1,0,0,1,0,0,0,1,1,0,0,3.912023005428146,1,0,1,0,0,1,0,0,0,0,0,0,0,1,0,0,1,0,0,0.157,0.780158557549575,1,0,3.6635616461296463,1978.0,2008,United States,"Dupuy, A. & P. Marey (2008): Shifts and twists in the relative productivity of skilled labor. Journal of Macroeconomics 30(2): pp. 718-735."
28,27,Dupuy & Marey (2008),2.2222222222222223,0.5234567901234567,1.9103773584905663,4.245283018867926,0.2,,59.66562,1,0,0,1,0,0,0,1,1,0,0,3.912023005428146,1,0,1,0,0,1,0,0,1,0,0,0,0,1,0,0,1,0,0,0.157,0.780158557549575,1,0,3.6635616461296463,1978.0,2008,United States,"Dupuy, A. & P. Marey (2008): Shifts and twists in the relative productivity of skilled labor. Journal of Macroeconomics 30(2): pp. 718-735."
28,27,Dupuy & Marey (2008),2.2222222222222223,0.5234567901234567,1.9103773584905663,4.245283018867926,0.2,,59.66562,1,0,0,1,0,0,0,1,1,0,0,3.912023005428146,1,0,1,0,0,1,0,0,1,0,0,0,0,1,0,0,1,0,0,0.157,0.780158557549575,1,0,3.6635616461296463,1978.0,2008,United States,"Dupuy, A. & P. Marey (2008): Shifts and twists in the relative productivity of skilled labor. Journal of Macroeconomics 30(2): pp. 718-735."
28,27,Dupuy & Marey (2008),1.6778523489932886,0.31304896175847935,3.194388489208633,5.359712230215828,0.2,,56.8755,1,0,0,1,0,0,0,1,1,0,0,3.912023005428146,1,0,1,0,0,1,0,0,0,0,0,0,0,1,0,0,1,0,0,0.157,0.780158557549575,1,0,3.6635616461296463,1978.0,2008,United States,"Dupuy, A. & P. Marey (2008): Shifts and twists in the relative productivity of skilled labor. Journal of Macroeconomics 30(2): pp. 718-735."
28,27,Dupuy & Marey (2008),1.5015015015015014,0.3336670003336669,2.9970000000000008,4.500000000000001,0.2,,42.73348,1,0,0,1,0,0,0,1,1,0,0,3.912023005428146,1,0,1,0,0,1,0,0,1,0,0,0,0,1,0,0,1,0,0,0.157,0.780158557549575,1,0,3.6635616461296463,1978.0,2008,United States,"Dupuy, A. & P. Marey (2008): Shifts and twists in the relative productivity of skilled labor. Journal of Macroeconomics 30(2): pp. 718-735."
33,27,Freeman & Medoff (1982),0.731,0.152,6.578947368421053,4.809210526315789,0.05,120.9525,,0,1,0,1,0,0,1,0,0,1,1,3.784189633918261,1,0,1,0,1,1,0,0,0,0,0,0,0,0,1,0,1,0,0,1.225,1.4325072042750222,1,1,2.5649493574615367,1972.0,1982,United States,"Freeman, R. B. & J. L. Medoff (1982): Substitution between production labor and other Inputs in unionzed and nonunionized manufacturing. The Review of Economics and Statistics 64(2): pp. 220-233."
33,27,Freeman & Medoff (1982),0.361,0.185,5.405405405405405,1.9513513513513514,0.05,99.37717,,0,1,0,1,0,0,1,0,0,1,1,3.784189633918261,1,0,1,0,1,1,0,0,0,0,0,0,0,0,1,0,1,0,0,1.225,1.4325072042750222,1,1,2.5649493574615367,1972.0,1982,United States,"Freeman, R. B. & J. L. Medoff (1982): Substitution between production labor and other Inputs in unionzed and nonunionized manufacturing. The Review of Economics and Statistics 64(2): pp. 220-233."
33,27,Freeman & Medoff (1982),1.181,0.118,8.474576271186441,10.008474576271187,0.05,155.8032,,0,1,0,1,0,0,1,0,0,1,1,3.784189633918261,1,0,1,0,1,1,0,0,0,0,0,0,0,0,1,0,1,0,0,1.225,1.4325072042750222,1,1,2.5649493574615367,1972.0,1982,United States,"Freeman, R. B. & J. L. Medoff (1982): Substitution between production labor and other Inputs in unionzed and nonunionized manufacturing. The Review of Economics and Statistics 64(2): pp. 220-233."
33,27,Freeman & Medoff (1982),1.129,0.158,6.329113924050633,7.1455696202531644,0.05,116.3593,,0,1,0,1,0,0,1,0,0,1,1,3.784189633918261,1,0,1,0,1,1,0,0,0,0,0,0,0,0,1,0,1,0,0,1.225,1.4325072042750222,1,1,2.5649493574615367,1972.0,1982,United States,"Freeman, R. B. & J. L. Medoff (1982): Substitution between production labor and other Inputs in unionzed and nonunionized manufacturing. The Review of Economics and Statistics 64(2): pp. 220-233."
33,27,Freeman & Medoff (1982),0.366,0.227,4.405286343612334,1.612334802,0.05,80.9902,,0,1,0,1,0,0,1,0,0,1,1,3.784189633918261,1,0,1,0,1,0,0,1,0,0,0,0,0,0,1,0,1,0,0,1.225,1.4325072042750222,1,1,2.5649493574615367,1972.0,1982,United States,"Freeman, R. B. & J. L. Medoff (1982): Substitution between production labor and other Inputs in unionzed and nonunionized manufacturing. The Review of Economics and Statistics 64(2): pp. 220-233."
33,27,Freeman & Medoff (1982),-0.839,0.287,3.4843205574912894,-2.923344948,0.05,64.05846,,0,1,0,1,0,0,1,0,0,1,1,3.7376696182833684,1,0,1,0,1,0,0,1,0,0,0,0,0,0,1,0,1,0,0,1.225,1.4325072042750222,1,1,2.5649493574615367,1970.0,1982,United States,"Freeman, R. B. & J. L. Medoff (1982): Substitution between production labor and other Inputs in unionzed and nonunionized manufacturing. The Review of Economics and Statistics 64(2): pp. 220-233."
33,27,Freeman & Medoff (1982),0.764,0.183,5.46448087431694,4.153005464,0.05,100.4633,,0,1,0,1,0,0,1,0,0,1,1,3.784189633918261,1,0,1,0,1,0,0,1,0,0,0,0,0,0,1,0,1,0,0,1.225,1.4325072042750222,1,1,2.5649493574615367,1972.0,1982,United States,"Freeman, R. B. & J. L. Medoff (1982): Substitution between production labor and other Inputs in unionzed and nonunionized manufacturing. The Review of Economics and Statistics 64(2): pp. 220-233."
33,27,Freeman & Medoff (1982),-0.023,0.253,3.952569169960474,-0.090909091,0.05,72.6671,,0,1,0,1,0,0,1,0,0,1,1,3.7376696182833684,1,0,1,0,1,0,0,1,0,0,0,0,0,0,1,0,1,0,0,1.225,1.4325072042750222,1,1,2.5649493574615367,1970.0,1982,United States,"Freeman, R. B. & J. L. Medoff (1982): Substitution between production labor and other Inputs in unionzed and nonunionized manufacturing. The Review of Economics and Statistics 64(2): pp. 220-233."
33,27,Freeman & Medoff (1982),0.982,0.094,10.638297872340425,10.446808510638297,0.05,195.5827,,0,1,0,1,0,0,1,0,0,1,1,3.784189633918261,1,0,1,0,1,0,0,1,0,0,0,0,0,0,1,0,1,0,0,1.225,1.4325072042750222,1,1,2.5649493574615367,1972.0,1982,United States,"Freeman, R. B. & J. L. Medoff (1982): Substitution between production labor and other Inputs in unionzed and nonunionized manufacturing. The Review of Economics and Statistics 64(2): pp. 220-233."
33,27,Freeman & Medoff (1982),1.052,0.088,11.363636363636365,11.954545454545455,0.05,208.9179,,0,1,0,1,0,0,1,0,0,1,1,3.784189633918261,1,0,1,0,1,0,0,1,0,0,0,0,0,0,1,0,1,0,0,1.225,1.4325072042750222,1,1,2.5649493574615367,1972.0,1982,United States,"Freeman, R. B. & J. L. Medoff (1982): Substitution between production labor and other Inputs in unionzed and nonunionized manufacturing. The Review of Economics and Statistics 64(2): pp. 220-233."
33,27,Freeman & Medoff (1982),0.904,0.094,10.638297872340425,9.617021276595745,0.05,195.5827,,0,1,0,1,0,0,1,0,0,1,1,3.7376696182833684,1,0,1,0,1,0,0,1,0,0,0,0,0,0,1,0,1,0,0,1.225,1.4325072042750222,1,1,2.5649493574615367,1970.0,1982,United States,"Freeman, R. B. & J. L. Medoff (1982): Substitution between production labor and other Inputs in unionzed and nonunionized manufacturing. The Review of Economics and Statistics 64(2): pp. 220-233."
33,27,Freeman & Medoff (1982),0.936,0.091,10.989010989010989,10.285714285714286,0.05,202.0305,,0,1,0,1,0,0,1,0,0,1,1,3.7376696182833684,1,0,1,0,1,0,0,1,0,0,0,0,0,0,1,0,1,0,0,1.225,1.4325072042750222,1,1,2.5649493574615367,1970.0,1982,United States,"Freeman, R. B. & J. L. Medoff (1982): Substitution between production labor and other Inputs in unionzed and nonunionized manufacturing. The Review of Economics and Statistics 64(2): pp. 220-233."
33,27,Freeman & Medoff (1982),0.346,0.063,15.873015873015873,5.492063492,0.05,613.3231,,0,1,0,1,0,1,0,0,1,0,1,3.7376696182833684,1,0,1,0,1,1,0,0,0,1,0,0,0,0,1,0,1,0,0,1.225,1.4325072042750222,1,1,2.5649493574615367,1970.0,1982,United States,"Freeman, R. B. & J. L. Medoff (1982): Substitution between production labor and other Inputs in unionzed and nonunionized manufacturing. The Review of Economics and Statistics 64(2): pp. 220-233."
33,27,Freeman & Medoff (1982),0.219,0.053,18.867924528301888,4.132075472,0.05,958.186,,0,1,0,1,0,1,0,0,1,0,1,3.7376696182833684,1,0,1,0,1,1,0,0,0,1,0,0,0,0,1,0,1,0,0,1.225,1.4325072042750222,1,1,2.5649493574615367,1970.0,1982,United States,"Freeman, R. B. & J. L. Medoff (1982): Substitution between production labor and other Inputs in unionzed and nonunionized manufacturing. The Review of Economics and Statistics 64(2): pp. 220-233."
33,27,Freeman & Medoff (1982),0.277,0.061,16.39344262295082,4.540983607,0.05,633.4321,,0,1,0,1,0,1,0,0,1,0,1,3.7376696182833684,1,0,1,0,1,1,0,0,0,1,0,0,0,0,1,0,1,0,0,1.225,1.4325072042750222,1,1,2.5649493574615367,1970.0,1982,United States,"Freeman, R. B. & J. L. Medoff (1982): Substitution between production labor and other Inputs in unionzed and nonunionized manufacturing. The Review of Economics and Statistics 64(2): pp. 220-233."
33,27,Freeman & Medoff (1982),0.189,0.053,18.867924528301888,3.566037736,0.05,958.186,,0,1,0,1,0,1,0,0,1,0,1,3.7376696182833684,1,0,1,0,1,1,0,0,0,1,0,0,0,0,1,0,1,0,0,1.225,1.4325072042750222,1,1,2.5649493574615367,1970.0,1982,United States,"Freeman, R. B. & J. L. Medoff (1982): Substitution between production labor and other Inputs in unionzed and nonunionized manufacturing. The Review of Economics and Statistics 64(2): pp. 220-233."
33,27,Freeman & Medoff (1982),-1.724,0.49,2.0408163265306123,-3.518367347,0.05,78.85583,,0,1,0,1,0,1,0,0,1,0,1,3.7376696182833684,1,0,1,0,1,1,0,0,0,1,0,0,0,0,1,0,1,0,0,1.225,1.4325072042750222,1,1,2.5649493574615367,1970.0,1982,United States,"Freeman, R. B. & J. L. Medoff (1982): Substitution between production labor and other Inputs in unionzed and nonunionized manufacturing. The Review of Economics and Statistics 64(2): pp. 220-233."
33,27,Freeman & Medoff (1982),-1.963,0.447,2.237136465324385,-4.391498881,0.05,113.6104,,0,1,0,1,0,1,0,0,1,0,1,3.7376696182833684,1,0,1,0,1,1,0,0,0,1,0,0,0,0,1,0,1,0,0,1.225,1.4325072042750222,1,1,2.5649493574615367,1970.0,1982,United States,"Freeman, R. B. & J. L. Medoff (1982): Substitution between production labor and other Inputs in unionzed and nonunionized manufacturing. The Review of Economics and Statistics 64(2): pp. 220-233."
33,27,Freeman & Medoff (1982),-0.998,0.481,2.079002079002079,-2.074844075,0.05,80.33131,,0,1,0,1,0,1,0,0,1,0,1,3.7376696182833684,1,0,1,0,1,1,0,0,0,1,0,0,0,0,1,0,1,0,0,1.225,1.4325072042750222,1,1,2.5649493574615367,1970.0,1982,United States,"Freeman, R. B. & J. L. Medoff (1982): Substitution between production labor and other Inputs in unionzed and nonunionized manufacturing. The Review of Economics and Statistics 64(2): pp. 220-233."
33,27,Freeman & Medoff (1982),-2.028,0.443,2.2573363431151243,-4.577878104,0.05,114.6362,,0,1,0,1,0,1,0,0,1,0,1,3.7376696182833684,1,0,1,0,1,1,0,0,0,1,0,0,0,0,1,0,1,0,0,1.225,1.4325072042750222,1,1,2.5649493574615367,1970.0,1982,United States,"Freeman, R. B. & J. L. Medoff (1982): Substitution between production labor and other Inputs in unionzed and nonunionized manufacturing. The Review of Economics and Statistics 64(2): pp. 220-233."
34,27,Freeman (1975),6.25,1.5625,0.64,4.0,0.25,,,1,0,0,1,0,0,0,1,1,0,0,3.4965075614664802,1,0,1,0,0,0,0,1,0,0,0,0,0,1,0,0,1,0,0,1.415,2.1819571052054307,1,0,1.791759469228055,1961.0,1975,United States,"Freeman, R. B. (1975): Overinvestment in college training? Journal of Human Resources 10(3): pp. 287-311."
34,27,Freeman (1975),2.5999999999999996,1.30806,0.7644909254927144,1.9876764062810572,0.25,,,1,0,0,1,0,0,0,1,1,0,0,3.4965075614664802,1,0,1,0,0,0,0,1,0,0,0,0,0,1,0,0,1,0,0,1.415,2.1819571052054307,1,0,1.791759469228055,1961.0,1975,United States,"Freeman, R. B. (1975): Overinvestment in college training? Journal of Human Resources 10(3): pp. 287-311."
34,27,Freeman (1975),-1.282051282051282,0.14792899408284022,6.760000000000001,-8.666666666666668,0.25,,,1,0,0,1,0,0,0,1,1,0,0,3.4965075614664802,1,0,1,0,0,0,0,1,0,0,0,0,0,1,0,0,1,0,0,1.415,2.1819571052054307,1,0,1.791759469228055,1961.0,1975,United States,"Freeman, R. B. (1975): Overinvestment in college training? Journal of Human Resources 10(3): pp. 287-311."
34,27,Freeman (1975),-0.9629629629629629,0.8010924554183811,1.2482953662043126,-1.2020622044930416,0.25,,,1,0,0,1,0,0,0,1,1,0,0,3.4965075614664802,1,0,1,0,0,0,0,1,0,0,0,0,0,1,0,0,1,0,0,1.415,2.1819571052054307,1,0,1.791759469228055,1961.0,1975,United States,"Freeman, R. B. (1975): Overinvestment in college training? Journal of Human Resources 10(3): pp. 287-311."
36,27,Gancia et al. (2013),2.25,,,,0.16666666666666666,,,1,0,0,0,1,0,0,1,1,0,0,4.04305126783455,1,0,1,0,0,0,1,0,0,0,0,0,0,0,0,0,1,0,0,0.628,1.6739764335716716,1,0,3.784189633918261,1985.0,2013,United States,"Gancia, G. A., A. Muller, & F. Zilibotti (2013): Structural development accounting. In D. Acemoglu, M. Arellano, & E. Dekel (editors), Advances in Economics and Econometrics: TenthWorld Congress, volume 2 of Econometric Society Monographs, chapter 9, pp. 373-418. Cambridge: Cambridge University Press."
36,27,Gancia et al. (2013),2.29,,,,0.16666666666666666,,,1,0,0,0,1,0,0,1,1,0,0,4.04305126783455,1,0,1,0,0,0,1,0,0,0,0,0,0,0,0,0,1,0,0,0.628,1.6739764335716716,1,0,3.784189633918261,1985.0,2013,United States,"Gancia, G. A., A. Muller, & F. Zilibotti (2013): Structural development accounting. In D. Acemoglu, M. Arellano, & E. Dekel (editors), Advances in Economics and Econometrics: TenthWorld Congress, volume 2 of Econometric Society Monographs, chapter 9, pp. 373-418. Cambridge: Cambridge University Press."
39,27,Goldin & Katz (2009),1.838235294117647,0.2669496107266436,3.7460253164556963,6.886075949367089,0.2,,86.78043,1,0,0,1,0,0,0,1,1,0,0,3.4657359027997265,1,0,1,0,0,0,1,0,1,0,0,0,0,0,0,0,1,0,0,1.428,5.756691130311603,1,0,3.6888794541139363,1960.0,2009,United States,"Goldin, C. D. & L. F. Katz (2009): The race between education and technology. Cambridge, MA: Harvard University Press, 1 edition."
39,27,Goldin & Katz (2009),1.680672268907563,0.26269331261916534,3.8067204301075264,6.397849462365591,0.2,,73.71671,1,0,0,1,0,0,0,1,1,0,0,3.4657359027997265,1,0,1,0,0,0,1,0,1,0,0,0,0,0,0,0,1,0,0,1.428,5.756691130311603,1,0,3.6888794541139363,1960.0,2009,United States,"Goldin, C. D. & L. F. Katz (2009): The race between education and technology. Cambridge, MA: Harvard University Press, 1 edition."
39,27,Goldin & Katz (2009),1.639344262295082,0.17468422467078742,5.724615384615385,9.384615384615385,0.2,,105.4716,1,0,0,1,0,0,0,1,1,0,0,3.4657359027997265,1,0,1,0,0,0,1,0,1,0,0,0,0,0,0,0,1,0,0,1.428,5.756691130311603,1,0,3.6888794541139363,1960.0,2009,United States,"Goldin, C. D. & L. F. Katz (2009): The race between education and technology. Cambridge, MA: Harvard University Press, 1 edition."
39,27,Goldin & Katz (2009),1.7271157167530227,0.2953099412064754,3.3862727272727264,5.848484848484848,0.2,,69.24904,1,0,0,1,0,0,0,1,1,0,0,3.4657359027997265,1,0,1,0,0,0,1,0,1,0,0,0,0,0,0,0,1,0,0,1.428,5.756691130311603,1,0,3.6888794541139363,1960.0,2009,United States,"Goldin, C. D. & L. F. Katz (2009): The race between education and technology. Cambridge, MA: Harvard University Press, 1 edition."
39,27,Goldin & Katz (2009),1.6181229773462784,0.20684743561546276,4.834481012658228,7.822784810126583,0.2,,86.78043,1,0,0,1,0,0,0,1,1,0,0,3.4657359027997265,1,0,1,0,0,0,1,0,1,0,0,0,0,0,0,0,1,0,0,1.428,5.756691130311603,1,0,3.6888794541139363,1960.0,2009,United States,"Goldin, C. D. & L. F. Katz (2009): The race between education and technology. Cambridge, MA: Harvard University Press, 1 edition."
40,27,Gyimah-Brempong & Gyapong (1992),0.8279,0.0732,13.66120218579235,11.310109289617486,0.25,180.7207,,0,1,0,1,0,1,0,0,0,1,1,4.04305126783455,1,0,1,0,0,0,0,1,0,0,0,0,0,0,0,0,1,0,0,0.274,0.8630462173553427,1,0,3.1354942159291497,1985.0,1992,United States,"Gyimah-Brempong, K. & A. O. Gyapong (1992): Elasticities of factor substitution in the production of education. Economics of Education Review 11(3): pp. 205-217."
40,27,Gyimah-Brempong & Gyapong (1992),0.7614,0.1906,5.246589716684156,3.994753410283316,0.25,69.40586,,0,1,0,1,0,1,0,0,0,1,1,4.04305126783455,1,0,1,0,0,0,0,1,0,0,0,0,0,0,0,0,1,0,0,0.274,0.8630462173553427,1,0,3.1354942159291497,1985.0,1992,United States,"Gyimah-Brempong, K. & A. O. Gyapong (1992): Elasticities of factor substitution in the production of education. Economics of Education Review 11(3): pp. 205-217."
40,27,Gyimah-Brempong & Gyapong (1992),0.7653,0.2823,3.5423308537017357,2.7109458023379385,0.25,46.86063,,0,1,0,1,0,1,0,0,0,1,1,4.04305126783455,1,0,1,0,0,0,0,1,0,0,0,0,0,0,0,0,1,0,0,0.274,0.8630462173553427,1,0,3.1354942159291497,1985.0,1992,United States,"Gyimah-Brempong, K. & A. O. Gyapong (1992): Elasticities of factor substitution in the production of education. Economics of Education Review 11(3): pp. 205-217."
40,27,Gyimah-Brempong & Gyapong (1992),0.732,0.3108,3.2175032175032174,2.355212355212355,0.25,42.56357,,0,1,0,1,0,1,0,0,0,1,1,4.04305126783455,1,0,1,0,0,0,0,1,0,0,0,0,0,0,0,0,1,0,0,0.274,0.8630462173553427,1,0,3.1354942159291497,1985.0,1992,United States,"Gyimah-Brempong, K. & A. O. Gyapong (1992): Elasticities of factor substitution in the production of education. Economics of Education Review 11(3): pp. 205-217."
41,27,Heckman et al. (1998),1.441,0.185,5.405405405405405,7.78918918918919,0.25,,,1,0,0,1,0,0,0,1,1,0,0,3.912023005428146,1,0,1,0,0,0,1,0,1,0,0,0,0,0,0,0,1,0,0,1.492,3.8161412337248635,1,0,3.367295829986474,1978.0,1998,United States,"Heckman, J. J., L. Lochner, & C. Taber (1998): Explaining rising wage inequality: Explorations with a dynamic general equilibrium model of labor earnings with heterogeneous agents. Review of Economic Dynamics 1(1): pp. 1-58."
41,27,Heckman et al. (1998),1.264,0.215,4.651162790697675,5.879069767441861,0.25,,,1,0,0,1,0,0,0,1,1,0,0,3.912023005428146,1,0,1,0,0,0,1,0,1,0,0,0,0,0,0,0,0,1,0,1.492,3.8161412337248635,1,0,3.367295829986474,1978.0,1998,United States,"Heckman, J. J., L. Lochner, & C. Taber (1998): Explaining rising wage inequality: Explorations with a dynamic general equilibrium model of labor earnings with heterogeneous agents. Review of Economic Dynamics 1(1): pp. 1-58."
41,27,Heckman et al. (1998),1.186,0.175,5.714285714285714,6.777142857142858,0.25,,,1,0,0,1,0,0,0,1,1,0,0,3.912023005428146,1,0,1,0,0,0,1,0,1,0,0,0,0,0,0,0,0,1,0,1.492,3.8161412337248635,1,0,3.367295829986474,1978.0,1998,United States,"Heckman, J. J., L. Lochner, & C. Taber (1998): Explaining rising wage inequality: Explorations with a dynamic general equilibrium model of labor earnings with heterogeneous agents. Review of Economic Dynamics 1(1): pp. 1-58."
41,27,Heckman et al. (1998),1.484,0.4,2.5,3.71,0.25,,,1,0,0,1,0,0,0,1,1,0,0,3.912023005428146,1,0,1,0,0,0,1,0,1,0,0,0,0,0,0,0,0,1,0,1.492,3.8161412337248635,1,0,3.367295829986474,1978.0,1998,United States,"Heckman, J. J., L. Lochner, & C. Taber (1998): Explaining rising wage inequality: Explorations with a dynamic general equilibrium model of labor earnings with heterogeneous agents. Review of Economic Dynamics 1(1): pp. 1-58."
43,27,Jensen & Morrisey (1986),0.367,,,,0.25,,,0,1,0,1,0,1,0,0,1,0,1,4.007333185232471,1,0,1,0,0,0,0,1,0,1,0,0,0,0,0,0,1,0,0,1.225,1.5141277326297755,1,1,2.833213344056216,1983.0,1986,United States,"Jensen, G. A. & M. A. Morrisey (1986): The role of physicians in hospital production. The Review of Economics and Statistics 68(3): pp. 432-442."
43,27,Jensen & Morrisey (1986),0.547,,,,0.25,,,0,1,0,1,0,1,0,0,1,0,1,4.007333185232471,1,0,1,0,0,0,0,1,0,1,0,0,0,0,0,0,1,0,0,1.225,1.5141277326297755,1,1,2.833213344056216,1983.0,1986,United States,"Jensen, G. A. & M. A. Morrisey (1986): The role of physicians in hospital production. The Review of Economics and Statistics 68(3): pp. 432-442."
43,27,Jensen & Morrisey (1986),0.355,,,,0.25,,,0,1,0,1,0,1,0,0,1,0,1,4.007333185232471,1,0,1,0,0,0,0,1,0,1,0,0,0,0,0,0,1,0,0,1.225,1.5141277326297755,1,1,2.833213344056216,1983.0,1986,United States,"Jensen, G. A. & M. A. Morrisey (1986): The role of physicians in hospital production. The Review of Economics and Statistics 68(3): pp. 432-442."
43,27,Jensen & Morrisey (1986),0.159,,,,0.25,,,0,1,0,1,0,1,0,0,1,0,1,4.007333185232471,1,0,1,0,0,0,0,1,0,1,0,0,0,0,0,0,1,0,0,1.225,1.5141277326297755,1,1,2.833213344056216,1983.0,1986,United States,"Jensen, G. A. & M. A. Morrisey (1986): The role of physicians in hospital production. The Review of Economics and Statistics 68(3): pp. 432-442."
44,27,Johnson (1970),1.34,,,,0.25,,,0,1,0,1,0,0,0,1,1,0,1,3.713572066704308,1,0,1,0,0,1,0,0,0,1,0,1,0,0,0,0,0,1,0,0.228,1.1644255072376815,1,0,0.0,1969.0,1970,United States,"Johnson, G. E. (1970): The demand for labor by educational category. Southern Economic Journal 37(2): pp. 190-204."
44,27,Johnson (1970),0.45,,,,0.25,,,0,1,0,1,0,0,0,1,1,0,1,3.713572066704308,1,0,1,0,0,1,0,0,0,1,0,1,0,0,0,0,1,0,0,0.228,1.1644255072376815,1,0,0.0,1969.0,1970,United States,"Johnson, G. E. (1970): The demand for labor by educational category. Southern Economic Journal 37(2): pp. 190-204."
44,27,Johnson (1970),1.27,,,,0.25,,,0,1,0,1,0,0,0,1,1,0,1,3.4657359027997265,1,0,1,0,0,1,0,0,0,1,0,1,0,0,0,0,1,0,0,0.228,1.1644255072376815,1,0,0.0,1960.0,1970,United States,"Johnson, G. E. (1970): The demand for labor by educational category. Southern Economic Journal 37(2): pp. 190-204."
44,27,Johnson (1970),3.16,,,,0.25,,,0,1,0,1,0,0,0,1,1,0,1,3.4657359027997265,1,0,1,0,0,1,0,0,0,1,0,1,0,0,0,0,0,1,0,0.228,1.1644255072376815,1,0,0.0,1960.0,1970,United States,"Johnson, G. E. (1970): The demand for labor by educational category. Southern Economic Journal 37(2): pp. 190-204."
45,27,Johnson & Keane (2013),1.6129032258064517,1.2226847034339228,0.817872340425532,1.3191489361702131,0.5,,150.4483,1,0,0,1,0,1,0,0,1,0,0,3.9889840465642745,1,0,1,0,0,0,1,0,1,0,0,1,1,1,0,0,0,1,0,2.289,2.2380465718564744,1,0,3.784189633918261,1982.0,2013,United States,"Johnson, M. & M. P. Keane (2013): A Dynamic Equilibrium Model of the US Wage Structure, 1968-1996. Journal of Labor Economics 31(1): pp. 1-49."
45,27,Johnson & Keane (2013),0.5617977528089888,0.14202752177755334,7.0408888888888885,3.9555555555555557,0.5,,28.10913,1,0,0,1,0,1,0,0,1,0,0,3.9889840465642745,1,0,1,0,0,0,1,0,1,0,0,1,1,1,0,0,0,1,0,2.289,2.2380465718564744,1,0,3.784189633918261,1982.0,2013,United States,"Johnson, M. & M. P. Keane (2013): A Dynamic Equilibrium Model of the US Wage Structure, 1968-1996. Journal of Labor Economics 31(1): pp. 1-49."
46,27,Katz & Murphy (1992),1.4104372355430184,0.2983999793109348,3.3512066666666662,4.726666666666666,1.0,,33.33333,1,0,0,1,0,0,0,1,1,0,0,3.8501476017100584,1,0,1,0,0,1,0,0,1,0,0,0,0,0,1,0,1,0,0,5.106,5.303304908059076,1,1,3.1354942159291497,1975.0,1992,United States,"Katz, L. F. & K. M. Murphy (1992): Changes in relative wages, 1963-1987: Supply and demand factors. The Quarterly Journal of Economics 107(1): pp. 35-78."
47,27,Kawaguchi & Mori (2016),3.3222591362126246,0.20971070959481686,4.768473684210526,15.842105263157894,0.14285714285714285,,698.2368,1,0,0,1,0,0,0,1,1,0,0,4.23410650459726,1,0,1,0,0,0,1,0,1,0,0,1,0,0,1,1,1,0,0,0.274,1.2039728043259361,1,0,3.8501476017100584,1997.0,2016,United States,"Kawaguchi, D. & Y. Mori (2016): Why has wage inequality evolved so di erently between Japan and the US? The role of the supply of college-educated workers. Economics of Education Review 52: pp. 29-50."
47,27,Kawaguchi & Mori (2016),3.2467532467532467,0.16866250632484397,5.929,19.25,0.14285714285714285,,829.1561,1,0,0,1,0,0,0,1,1,0,0,4.04305126783455,1,0,1,0,0,0,1,0,0,0,0,1,0,0,1,1,1,0,0,0.274,1.2039728043259361,1,0,3.8501476017100584,1985.0,2016,United States,"Kawaguchi, D. & Y. Mori (2016): Why has wage inequality evolved so di erently between Japan and the US? The role of the supply of college-educated workers. Economics of Education Review 52: pp. 29-50."
47,27,Kawaguchi & Mori (2016),2.6666666666666665,0.12088888888888889,8.272058823529411,22.058823529411764,0.14285714285714285,,780.3823,1,0,0,1,0,0,0,1,1,0,0,4.04305126783455,1,0,1,0,0,0,1,0,0,0,0,1,0,0,1,1,1,0,0,0.274,1.2039728043259361,1,0,3.8501476017100584,1985.0,2016,United States,"Kawaguchi, D. & Y. Mori (2016): Why has wage inequality evolved so di erently between Japan and the US? The role of the supply of college-educated workers. Economics of Education Review 52: pp. 29-50."
47,27,Kawaguchi & Mori (2016),2.028397565922921,0.2797789746100581,3.5742499999999997,7.25,0.14285714285714285,,195.0956,1,0,0,1,0,0,0,1,1,0,0,4.04305126783455,1,0,1,0,0,0,1,0,1,0,0,1,0,0,1,1,1,0,0,0.274,1.2039728043259361,1,0,3.8501476017100584,1985.0,2016,United States,"Kawaguchi, D. & Y. Mori (2016): Why has wage inequality evolved so di erently between Japan and the US? The role of the supply of college-educated workers. Economics of Education Review 52: pp. 29-50."
47,27,Kawaguchi & Mori (2016),1.858736059479554,0.25220768093309925,3.964986301369864,7.369863013698632,0.14285714285714285,,181.7329,1,0,0,1,0,0,0,1,1,0,0,4.04305126783455,1,0,1,0,0,0,1,0,1,0,0,1,0,0,1,1,1,0,0,0.274,1.2039728043259361,1,0,3.8501476017100584,1985.0,2016,United States,"Kawaguchi, D. & Y. Mori (2016): Why has wage inequality evolved so di erently between Japan and the US? The role of the supply of college-educated workers. Economics of Education Review 52: pp. 29-50."
49,27,Kesselman et al. (1977),0.485,,,,1.0,,,0,1,0,1,0,0,0,1,1,0,1,3.7612001156935624,1,0,1,0,1,0,0,1,0,0,0,0,1,0,1,1,1,0,0,1.872,0.1124779834266903,1,1,2.0794415416798357,1971.0,1977,United States,"Kesselman, J. R., S. H. Williamson, & E. R. Berndt (1977): Tax credits for employment rather than investment. The American Economic Review 67(3): pp. 339-349."
52,27,Klotz et al. (1980),3.51,,,,0.5,,,0,1,0,1,0,0,1,0,1,0,1,3.6635616461296463,1,0,1,0,1,0,0,1,0,0,0,0,1,0,0,0,0,1,0,0.358,0.413975797776073,1,0,2.3978952727983707,1967.0,1980,United States,"Klotz, B., R. Madoo, & R. Hansen (1980): A study of high and low ""labor productivity"" establishments in US manufacturing. In J. W. Kendrick & B. N. Vaccara (editors), New developments in productivity measurement, chapter 3, pp. 239-292. University of Chicago Press."
52,27,Klotz et al. (1980),2.89,,,,0.5,,,0,1,0,1,0,0,1,0,1,0,1,3.6635616461296463,1,0,1,0,1,0,0,1,0,0,0,0,1,0,0,0,0,1,0,0.358,0.413975797776073,1,0,2.3978952727983707,1967.0,1980,United States,"Klotz, B., R. Madoo, & R. Hansen (1980): A study of high and low ""labor productivity"" establishments in US manufacturing. In J. W. Kendrick & B. N. Vaccara (editors), New developments in productivity measurement, chapter 3, pp. 239-292. University of Chicago Press."
53,27,Krusell et al. (2000),1.67,0.6522,1.5332720024532351,2.5605642440969025,1.0,,,1,0,0,1,0,0,0,1,1,0,0,3.912023005428146,1,0,1,0,0,0,1,0,0,0,0,0,1,1,1,0,0,1,0,3.19,4.5544307548104905,1,1,3.4339872044851463,1978.0,2000,United States,"Krusell, P., L. E. Ohanian, J.-V. Rios-Rull, & G. L. Violante (2000): Capital-skill complementarity and inequality: A macroeconomic analysis. Econometrica 68(5): pp. 1029-1053."
62,27,Murphy et al. (1998),1.4084507042253522,0.29756000793493353,3.360666666666667,4.733333333333334,0.3333333333333333,,,1,0,0,1,0,0,0,1,1,0,0,4.0943445622221,1,0,1,0,0,0,1,0,1,0,0,0,0,0,0,0,1,0,0,1.511,2.7331298854992334,0,0,3.367295829986474,1988.0,1998,United States,"Murphy, K. M., W. C. Riddell, & P. M. Romer (1998): Wages, skills, and technology in the United States and Canada. Working Paper 6638, National Bureau of Economic Research."
62,27,Murphy et al. (1998),1.2345679012345678,0.24386526444139608,4.100625000000001,5.062500000000001,0.3333333333333333,,,1,0,0,1,0,0,0,1,1,0,0,4.0943445622221,1,0,1,0,0,0,1,0,1,0,0,0,0,0,0,0,1,0,0,1.511,2.7331298854992334,0,0,3.367295829986474,1988.0,1998,United States,"Murphy, K. M., W. C. Riddell, & P. M. Romer (1998): Wages, skills, and technology in the United States and Canada. Working Paper 6638, National Bureau of Economic Research."
66,27,Reshef (2007),1.54,0.23368740515933234,4.279220779220779,6.59,0.005434782608695652,184.6026,,0,1,0,1,0,0,1,0,1,0,0,3.912023005428146,1,0,1,0,1,1,0,0,1,0,0,0,0,0,0,0,1,0,0,0.0,0.5596157879354227,0,0,3.6375861597263857,1978.0,2007,United States,"Reshef, A. (2007): Heckscher-Ohlin and the global increase of skill premia: Factor intensity reversals to the rescue. Working paper, New York University."
66,27,Reshef (2007),0.47,0.7343749999999999,1.3617021276595747,0.64,0.005434782608695652,16.78819,,0,1,0,1,0,0,1,0,1,0,0,3.912023005428146,1,0,1,0,1,1,0,0,1,0,0,0,0,0,0,0,1,0,0,0.0,0.5596157879354227,0,0,3.6375861597263857,1978.0,2007,United States,"Reshef, A. (2007): Heckscher-Ohlin and the global increase of skill premia: Factor intensity reversals to the rescue. Working paper, New York University."
66,27,Reshef (2007),1.06,0.35451505016722407,2.8207547169811322,2.99,0.005434782608695652,83.34364,,0,1,0,1,0,0,1,0,1,0,0,3.912023005428146,1,0,1,0,1,1,0,0,1,0,0,0,0,0,0,0,1,0,0,0.0,0.5596157879354227,0,0,3.6375861597263857,1978.0,2007,United States,"Reshef, A. (2007): Heckscher-Ohlin and the global increase of skill premia: Factor intensity reversals to the rescue. Working paper, New York University."
66,27,Reshef (2007),0.52,0.1897810218978102,5.269230769230769,2.74,0.005434782608695652,180.3124,,0,1,0,1,0,0,1,0,1,0,0,3.912023005428146,1,0,1,0,1,1,0,0,1,0,0,0,0,0,0,0,1,0,0,0.0,0.5596157879354227,0,0,3.6375861597263857,1978.0,2007,United States,"Reshef, A. (2007): Heckscher-Ohlin and the global increase of skill premia: Factor intensity reversals to the rescue. Working paper, New York University."
66,27,Reshef (2007),0.23,0.25842696629213485,3.869565217391304,0.89,0.005434782608695652,98.35092,,0,1,0,1,0,0,1,0,1,0,0,3.912023005428146,1,0,1,0,1,1,0,0,1,0,0,0,0,0,0,0,1,0,0,0.0,0.5596157879354227,0,0,3.6375861597263857,1978.0,2007,United States,"Reshef, A. (2007): Heckscher-Ohlin and the global increase of skill premia: Factor intensity reversals to the rescue. Working paper, New York University."
66,27,Reshef (2007),1.4,0.3333333333333333,3.0,4.2,0.005434782608695652,66.40783,,0,1,0,1,0,0,1,0,1,0,0,3.912023005428146,1,0,1,0,1,1,0,0,1,0,0,0,0,0,0,0,1,0,0,0.0,0.5596157879354227,0,0,3.6375861597263857,1978.0,2007,United States,"Reshef, A. (2007): Heckscher-Ohlin and the global increase of skill premia: Factor intensity reversals to the rescue. Working paper, New York University."
66,27,Reshef (2007),0.59,0.24894514767932488,4.016949152542373,2.37,0.005434782608695652,101.7803,,0,1,0,1,0,0,1,0,1,0,0,3.912023005428146,1,0,1,0,1,1,0,0,1,0,0,0,0,0,0,0,1,0,0,0.0,0.5596157879354227,0,0,3.6375861597263857,1978.0,2007,United States,"Reshef, A. (2007): Heckscher-Ohlin and the global increase of skill premia: Factor intensity reversals to the rescue. Working paper, New York University."
66,27,Reshef (2007),1.6,0.8,1.25,2.0,0.005434782608695652,28.72281,,0,1,0,1,0,0,1,0,1,0,0,3.912023005428146,1,0,1,0,1,1,0,0,1,0,0,0,0,0,0,0,1,0,0,0.0,0.5596157879354227,0,0,3.6375861597263857,1978.0,2007,United States,"Reshef, A. (2007): Heckscher-Ohlin and the global increase of skill premia: Factor intensity reversals to the rescue. Working paper, New York University."
66,27,Reshef (2007),-0.16,0.26229508196721313,3.8125,-0.61,0.005434782608695652,126.5612,,0,1,0,1,0,0,1,0,1,0,0,4.143134726391533,1,0,1,0,1,1,0,0,1,0,0,0,0,0,0,0,1,0,0,0.0,0.5596157879354227,0,0,3.6375861597263857,1991.0,2007,United States,"Reshef, A. (2007): Heckscher-Ohlin and the global increase of skill premia: Factor intensity reversals to the rescue. Working paper, New York University."
66,27,Reshef (2007),0.87,0.5209580838323353,1.9195402298850575,1.67,0.005434782608695652,23.66568,,0,1,0,1,0,0,1,0,1,0,0,3.912023005428146,1,0,1,0,1,1,0,0,1,0,0,0,0,0,0,0,1,0,0,0.0,0.5596157879354227,0,0,3.6375861597263857,1978.0,2007,United States,"Reshef, A. (2007): Heckscher-Ohlin and the global increase of skill premia: Factor intensity reversals to the rescue. Working paper, New York University."
66,27,Reshef (2007),0.79,0.44134078212290506,2.2658227848101262,1.79,0.005434782608695652,52.26149,,0,1,0,1,0,0,1,0,1,0,0,3.912023005428146,1,0,1,0,1,1,0,0,1,0,0,0,0,0,0,0,1,0,0,0.0,0.5596157879354227,0,0,3.6375861597263857,1978.0,2007,United States,"Reshef, A. (2007): Heckscher-Ohlin and the global increase of skill premia: Factor intensity reversals to the rescue. Working paper, New York University."
66,27,Reshef (2007),0.22,0.25,4.0,0.88,0.005434782608695652,81.78019,,0,1,0,1,0,0,1,0,1,0,0,3.912023005428146,1,0,1,0,1,1,0,0,1,0,0,0,0,0,0,0,1,0,0,0.0,0.5596157879354227,0,0,3.6375861597263857,1978.0,2007,United States,"Reshef, A. (2007): Heckscher-Ohlin and the global increase of skill premia: Factor intensity reversals to the rescue. Working paper, New York University."
66,27,Reshef (2007),0.37,0.19999999999999998,5.0,1.85,0.005434782608695652,156.6046,,0,1,0,1,0,0,1,0,1,0,0,3.912023005428146,1,0,1,0,1,1,0,0,1,0,0,0,0,0,0,0,1,0,0,0.0,0.5596157879354227,0,0,3.6375861597263857,1978.0,2007,United States,"Reshef, A. (2007): Heckscher-Ohlin and the global increase of skill premia: Factor intensity reversals to the rescue. Working paper, New York University."
66,27,Reshef (2007),0.43,0.22395833333333334,4.465116279069767,1.92,0.005434782608695652,140.2075,,0,1,0,1,0,0,1,0,1,0,0,3.912023005428146,1,0,1,0,1,1,0,0,1,0,0,0,0,0,0,0,1,0,0,0.0,0.5596157879354227,0,0,3.6375861597263857,1978.0,2007,United States,"Reshef, A. (2007): Heckscher-Ohlin and the global increase of skill premia: Factor intensity reversals to the rescue. Working paper, New York University."
66,27,Reshef (2007),0.62,0.3263157894736842,3.064516129032258,1.9,0.005434782608695652,116.4516,,0,1,0,1,0,0,1,0,1,0,0,3.912023005428146,1,0,1,0,1,1,0,0,1,0,0,0,0,0,0,0,1,0,0,0.0,0.5596157879354227,0,0,3.6375861597263857,1978.0,2007,United States,"Reshef, A. (2007): Heckscher-Ohlin and the global increase of skill premia: Factor intensity reversals to the rescue. Working paper, New York University."
66,27,Reshef (2007),-0.39,0.38613861386138615,2.58974358974359,-1.01,0.005434782608695652,113.9487,,0,1,0,1,0,0,1,0,1,0,0,4.143134726391533,1,0,1,0,1,1,0,0,1,0,0,0,0,0,0,0,1,0,0,0.0,0.5596157879354227,0,0,3.6375861597263857,1991.0,2007,United States,"Reshef, A. (2007): Heckscher-Ohlin and the global increase of skill premia: Factor intensity reversals to the rescue. Working paper, New York University."
66,27,Reshef (2007),-0.47,0.3133333333333333,3.191489361702128,-1.5,0.005434782608695652,119.6702,,0,1,0,1,0,0,1,0,1,0,0,4.143134726391533,1,0,1,0,1,1,0,0,1,0,0,0,0,0,0,0,1,0,0,0.0,0.5596157879354227,0,0,3.6375861597263857,1991.0,2007,United States,"Reshef, A. (2007): Heckscher-Ohlin and the global increase of skill premia: Factor intensity reversals to the rescue. Working paper, New York University."
66,27,Reshef (2007),1.68,0.5894736842105263,1.6964285714285716,2.85,0.005434782608695652,44.36737,,0,1,0,1,0,0,1,0,1,0,0,3.912023005428146,1,0,1,0,1,1,0,0,1,0,0,0,0,0,0,0,1,0,0,0.0,0.5596157879354227,0,0,3.6375861597263857,1978.0,2007,United States,"Reshef, A. (2007): Heckscher-Ohlin and the global increase of skill premia: Factor intensity reversals to the rescue. Working paper, New York University."
66,27,Reshef (2007),1.03,0.46396396396396394,2.1553398058252426,2.22,0.005434782608695652,54.78126,,0,1,0,1,0,0,1,0,1,0,0,3.912023005428146,1,0,1,0,1,1,0,0,1,0,0,0,0,0,0,0,1,0,0,0.0,0.5596157879354227,0,0,3.6375861597263857,1978.0,2007,United States,"Reshef, A. (2007): Heckscher-Ohlin and the global increase of skill premia: Factor intensity reversals to the rescue. Working paper, New York University."
66,27,Reshef (2007),0.62,0.25833333333333336,3.8709677419354835,2.4,0.005434782608695652,101.1649,,0,1,0,1,0,0,1,0,1,0,0,3.912023005428146,1,0,1,0,1,1,0,0,1,0,0,0,0,0,0,0,1,0,0,0.0,0.5596157879354227,0,0,3.6375861597263857,1978.0,2007,United States,"Reshef, A. (2007): Heckscher-Ohlin and the global increase of skill premia: Factor intensity reversals to the rescue. Working paper, New York University."
66,27,Reshef (2007),0.63,0.08045977011494253,12.428571428571429,7.83,0.005434782608695652,536.0159,,0,1,0,1,0,0,1,0,1,0,0,3.912023005428146,1,0,1,0,1,1,0,0,1,0,0,0,0,0,1,0,1,0,0,0.0,0.5596157879354227,0,0,3.6375861597263857,1978.0,2007,United States,"Reshef, A. (2007): Heckscher-Ohlin and the global increase of skill premia: Factor intensity reversals to the rescue. Working paper, New York University."
66,27,Reshef (2007),0.64,0.48120300751879697,2.078125,1.33,0.005434782608695652,25.62085,,0,1,0,1,0,0,1,0,1,0,0,3.912023005428146,1,0,1,0,1,1,0,0,1,0,0,0,0,0,1,0,1,0,0,0.0,0.5596157879354227,0,0,3.6375861597263857,1978.0,2007,United States,"Reshef, A. (2007): Heckscher-Ohlin and the global increase of skill premia: Factor intensity reversals to the rescue. Working paper, New York University."
66,27,Reshef (2007),0.61,0.14805825242718446,6.754098360655738,4.12,0.005434782608695652,199.5605,,0,1,0,1,0,0,1,0,1,0,0,3.912023005428146,1,0,1,0,1,1,0,0,1,0,0,0,0,0,1,0,1,0,0,0.0,0.5596157879354227,0,0,3.6375861597263857,1978.0,2007,United States,"Reshef, A. (2007): Heckscher-Ohlin and the global increase of skill premia: Factor intensity reversals to the rescue. Working paper, New York University."
66,27,Reshef (2007),0.66,0.05764192139737992,17.348484848484848,11.45,0.005434782608695652,593.663,,0,1,0,1,0,0,1,0,1,0,0,3.912023005428146,1,0,1,0,1,1,0,0,1,0,0,0,0,0,1,0,1,0,0,0.0,0.5596157879354227,0,0,3.6375861597263857,1978.0,2007,United States,"Reshef, A. (2007): Heckscher-Ohlin and the global increase of skill premia: Factor intensity reversals to the rescue. Working paper, New York University."
66,27,Reshef (2007),0.56,0.14973262032085563,6.678571428571428,3.74,0.005434782608695652,169.7461,,0,1,0,1,0,0,1,0,1,0,0,3.912023005428146,1,0,1,0,1,1,0,0,1,0,0,0,0,0,1,0,1,0,0,0.0,0.5596157879354227,0,0,3.6375861597263857,1978.0,2007,United States,"Reshef, A. (2007): Heckscher-Ohlin and the global increase of skill premia: Factor intensity reversals to the rescue. Working paper, New York University."
66,27,Reshef (2007),0.51,0.07296137339055794,13.705882352941176,6.99,0.005434782608695652,303.3926,,0,1,0,1,0,0,1,0,1,0,0,3.912023005428146,1,0,1,0,1,1,0,0,1,0,0,0,0,0,1,0,1,0,0,0.0,0.5596157879354227,0,0,3.6375861597263857,1978.0,2007,United States,"Reshef, A. (2007): Heckscher-Ohlin and the global increase of skill premia: Factor intensity reversals to the rescue. Working paper, New York University."
66,27,Reshef (2007),0.82,0.39556198745779064,2.5280487804878047,2.073,0.005434782608695652,63.90515,,0,1,0,1,0,0,1,0,1,0,0,3.912023005428146,1,0,1,0,1,1,0,0,1,0,0,0,0,0,1,0,1,0,0,0.0,0.5596157879354227,0,0,3.6375861597263857,1978.0,2007,United States,"Reshef, A. (2007): Heckscher-Ohlin and the global increase of skill premia: Factor intensity reversals to the rescue. Working paper, New York University."
66,27,Reshef (2007),0.51,0.11724137931034484,8.529411764705882,4.35,0.005434782608695652,195.991,,0,1,0,1,0,0,1,0,1,0,0,3.912023005428146,1,0,1,0,1,1,0,0,1,0,0,0,0,0,1,0,1,0,0,0.0,0.5596157879354227,0,0,3.6375861597263857,1978.0,2007,United States,"Reshef, A. (2007): Heckscher-Ohlin and the global increase of skill premia: Factor intensity reversals to the rescue. Working paper, New York University."
66,27,Reshef (2007),0.49,0.16896551724137931,5.918367346938775,2.9,0.005434782608695652,196.4684,,0,1,0,1,0,0,1,0,1,0,0,3.912023005428146,1,0,1,0,1,1,0,0,1,0,0,0,0,0,1,0,1,0,0,0.0,0.5596157879354227,0,0,3.6375861597263857,1978.0,2007,United States,"Reshef, A. (2007): Heckscher-Ohlin and the global increase of skill premia: Factor intensity reversals to the rescue. Working paper, New York University."
66,27,Reshef (2007),0.88,0.05339805825242718,18.727272727272727,16.48,0.005434782608695652,258.1376,,0,1,0,1,0,0,1,0,1,0,0,3.912023005428146,1,0,1,0,1,1,0,0,1,0,0,0,0,0,1,0,1,0,0,0.0,0.5596157879354227,0,0,3.6375861597263857,1978.0,2007,United States,"Reshef, A. (2007): Heckscher-Ohlin and the global increase of skill premia: Factor intensity reversals to the rescue. Working paper, New York University."
66,27,Reshef (2007),0.15,0.14285714285714285,7.0,1.05,0.005434782608695652,161.4559,,0,1,0,1,0,0,1,0,1,0,0,3.912023005428146,1,0,1,0,1,1,0,0,1,0,0,0,0,0,1,0,1,0,0,0.0,0.5596157879354227,0,0,3.6375861597263857,1978.0,2007,United States,"Reshef, A. (2007): Heckscher-Ohlin and the global increase of skill premia: Factor intensity reversals to the rescue. Working paper, New York University."
66,27,Reshef (2007),0.66,0.18333333333333335,5.454545454545454,3.6,0.005434782608695652,111.5184,,0,1,0,1,0,0,1,0,1,0,0,3.912023005428146,1,0,1,0,1,1,0,0,1,0,0,0,0,0,1,0,1,0,0,0.0,0.5596157879354227,0,0,3.6375861597263857,1978.0,2007,United States,"Reshef, A. (2007): Heckscher-Ohlin and the global increase of skill premia: Factor intensity reversals to the rescue. Working paper, New York University."
66,27,Reshef (2007),0.61,0.0674778761061947,14.81967213114754,9.04,0.005434782608695652,464.1658,,0,1,0,1,0,0,1,0,1,0,0,3.912023005428146,1,0,1,0,1,1,0,0,1,0,0,0,0,0,1,0,1,0,0,0.0,0.5596157879354227,0,0,3.6375861597263857,1978.0,2007,United States,"Reshef, A. (2007): Heckscher-Ohlin and the global increase of skill premia: Factor intensity reversals to the rescue. Working paper, New York University."
66,27,Reshef (2007),0.48,0.14285714285714285,7.0,3.36,0.005434782608695652,219.8044,,0,1,0,1,0,0,1,0,1,0,0,3.912023005428146,1,0,1,0,1,1,0,0,1,0,0,0,0,0,1,0,1,0,0,0.0,0.5596157879354227,0,0,3.6375861597263857,1978.0,2007,United States,"Reshef, A. (2007): Heckscher-Ohlin and the global increase of skill premia: Factor intensity reversals to the rescue. Working paper, New York University."
66,27,Reshef (2007),0.32,0.0898876404494382,11.125,3.56,0.005434782608695652,422.75,,0,1,0,1,0,0,1,0,1,0,0,3.912023005428146,1,0,1,0,1,1,0,0,1,0,0,0,0,0,1,0,1,0,0,0.0,0.5596157879354227,0,0,3.6375861597263857,1978.0,2007,United States,"Reshef, A. (2007): Heckscher-Ohlin and the global increase of skill premia: Factor intensity reversals to the rescue. Working paper, New York University."
66,27,Reshef (2007),0.3,0.20408163265306123,4.8999999999999995,1.47,0.005434782608695652,215.6,,0,1,0,1,0,0,1,0,1,0,0,3.912023005428146,1,0,1,0,1,1,0,0,1,0,0,0,0,0,1,0,1,0,0,0.0,0.5596157879354227,0,0,3.6375861597263857,1978.0,2007,United States,"Reshef, A. (2007): Heckscher-Ohlin and the global increase of skill premia: Factor intensity reversals to the rescue. Working paper, New York University."
66,27,Reshef (2007),0.34,0.1566820276497696,6.38235294117647,2.17,0.005434782608695652,239.317,,0,1,0,1,0,0,1,0,1,0,0,3.912023005428146,1,0,1,0,1,1,0,0,1,0,0,0,0,0,1,0,1,0,0,0.0,0.5596157879354227,0,0,3.6375861597263857,1978.0,2007,United States,"Reshef, A. (2007): Heckscher-Ohlin and the global increase of skill premia: Factor intensity reversals to the rescue. Working paper, New York University."
66,27,Reshef (2007),0.71,0.2088235294117647,4.788732394366197,3.4,0.005434782608695652,125.2416,,0,1,0,1,0,0,1,0,1,0,0,3.912023005428146,1,0,1,0,1,1,0,0,1,0,0,0,0,0,1,0,1,0,0,0.0,0.5596157879354227,0,0,3.6375861597263857,1978.0,2007,United States,"Reshef, A. (2007): Heckscher-Ohlin and the global increase of skill premia: Factor intensity reversals to the rescue. Working paper, New York University."
66,27,Reshef (2007),0.11,0.23404255319148937,4.2727272727272725,0.47,0.005434782608695652,108.5979,,0,1,0,1,0,0,1,0,1,0,0,3.912023005428146,1,0,1,0,1,1,0,0,1,0,0,0,0,0,1,0,1,0,0,0.0,0.5596157879354227,0,0,3.6375861597263857,1978.0,2007,United States,"Reshef, A. (2007): Heckscher-Ohlin and the global increase of skill premia: Factor intensity reversals to the rescue. Working paper, New York University."
66,27,Reshef (2007),0.78,0.13829787234042554,7.230769230769231,5.64,0.005434782608695652,188.9709,,0,1,0,1,0,0,1,0,1,0,0,3.912023005428146,1,0,1,0,1,1,0,0,1,0,0,0,0,0,1,0,1,0,0,0.0,0.5596157879354227,0,0,3.6375861597263857,1978.0,2007,United States,"Reshef, A. (2007): Heckscher-Ohlin and the global increase of skill premia: Factor intensity reversals to the rescue. Working paper, New York University."
66,27,Reshef (2007),1.54,0.5310344827586208,1.883116883116883,2.9,0.005434782608695652,80.15975,,0,1,0,1,0,0,1,0,1,0,0,3.912023005428146,1,0,1,0,1,1,0,0,1,0,0,0,0,1,1,0,1,0,0,0.0,0.5596157879354227,0,0,3.6375861597263857,1978.0,2007,United States,"Reshef, A. (2007): Heckscher-Ohlin and the global increase of skill premia: Factor intensity reversals to the rescue. Working paper, New York University."
66,27,Reshef (2007),2.51,1.494047619047619,0.6693227091633466,1.68,0.005434782608695652,8.142662,,0,1,0,1,0,0,1,0,1,0,0,3.912023005428146,1,0,1,0,1,1,0,0,1,0,0,0,0,1,1,0,1,0,0,0.0,0.5596157879354227,0,0,3.6375861597263857,1978.0,2007,United States,"Reshef, A. (2007): Heckscher-Ohlin and the global increase of skill premia: Factor intensity reversals to the rescue. Working paper, New York University."
66,27,Reshef (2007),1.09,0.5069767441860465,1.9724770642201834,2.15,0.005434782608695652,57.5071,,0,1,0,1,0,0,1,0,1,0,0,3.912023005428146,1,0,1,0,1,1,0,0,1,0,0,0,0,1,1,0,1,0,0,0.0,0.5596157879354227,0,0,3.6375861597263857,1978.0,2007,United States,"Reshef, A. (2007): Heckscher-Ohlin and the global increase of skill premia: Factor intensity reversals to the rescue. Working paper, New York University."
66,27,Reshef (2007),1.04,0.17869415807560138,5.596153846153846,5.82,0.005434782608695652,188.7821,,0,1,0,1,0,0,1,0,1,0,0,3.912023005428146,1,0,1,0,1,1,0,0,1,0,0,0,0,1,1,0,1,0,0,0.0,0.5596157879354227,0,0,3.6375861597263857,1978.0,2007,United States,"Reshef, A. (2007): Heckscher-Ohlin and the global increase of skill premia: Factor intensity reversals to the rescue. Working paper, New York University."
66,27,Reshef (2007),1.06,0.2548076923076923,3.924528301886793,4.16,0.005434782608695652,98.42667,,0,1,0,1,0,0,1,0,1,0,0,3.912023005428146,1,0,1,0,1,1,0,0,1,0,0,0,0,1,1,0,1,0,0,0.0,0.5596157879354227,0,0,3.6375861597263857,1978.0,2007,United States,"Reshef, A. (2007): Heckscher-Ohlin and the global increase of skill premia: Factor intensity reversals to the rescue. Working paper, New York University."
66,27,Reshef (2007),0.73,0.19729729729729728,5.068493150684932,3.7,0.005434782608695652,110.6976,,0,1,0,1,0,0,1,0,1,0,0,3.912023005428146,1,0,1,0,1,1,0,0,1,0,0,0,0,1,1,0,1,0,0,0.0,0.5596157879354227,0,0,3.6375861597263857,1978.0,2007,United States,"Reshef, A. (2007): Heckscher-Ohlin and the global increase of skill premia: Factor intensity reversals to the rescue. Working paper, New York University."
66,27,Reshef (2007),1.25,0.4325259515570934,2.3120000000000003,2.89,0.005434782608695652,57.84622,,0,1,0,1,0,0,1,0,1,0,0,3.912023005428146,1,0,1,0,1,1,0,0,1,0,0,0,0,1,1,0,1,0,0,0.0,0.5596157879354227,0,0,3.6375861597263857,1978.0,2007,United States,"Reshef, A. (2007): Heckscher-Ohlin and the global increase of skill premia: Factor intensity reversals to the rescue. Working paper, New York University."
66,27,Reshef (2007),1.07,0.5323383084577116,1.8785046728971957,2.01,0.005434782608695652,42.63005,,0,1,0,1,0,0,1,0,1,0,0,3.912023005428146,1,0,1,0,1,1,0,0,1,0,0,0,0,1,1,0,1,0,0,0.0,0.5596157879354227,0,0,3.6375861597263857,1978.0,2007,United States,"Reshef, A. (2007): Heckscher-Ohlin and the global increase of skill premia: Factor intensity reversals to the rescue. Working paper, New York University."
66,27,Reshef (2007),1.52,0.6129032258064516,1.631578947368421,2.48,0.005434782608695652,53.44511,,0,1,0,1,0,0,1,0,1,0,0,3.912023005428146,1,0,1,0,1,1,0,0,1,0,0,0,0,1,1,0,1,0,0,0.0,0.5596157879354227,0,0,3.6375861597263857,1978.0,2007,United States,"Reshef, A. (2007): Heckscher-Ohlin and the global increase of skill premia: Factor intensity reversals to the rescue. Working paper, New York University."
66,27,Reshef (2007),1.1,0.13698630136986303,7.299999999999999,8.03,0.005434782608695652,99.29073,,0,1,0,1,0,0,1,0,1,0,0,3.912023005428146,1,0,1,0,1,1,0,0,1,0,0,0,0,1,1,0,1,0,0,0.0,0.5596157879354227,0,0,3.6375861597263857,1978.0,2007,United States,"Reshef, A. (2007): Heckscher-Ohlin and the global increase of skill premia: Factor intensity reversals to the rescue. Working paper, New York University."
66,27,Reshef (2007),0.36,0.33027522935779813,3.027777777777778,1.09,0.005434782608695652,71.32971,,0,1,0,1,0,0,1,0,1,0,0,3.912023005428146,1,0,1,0,1,1,0,0,1,0,0,0,0,1,1,0,1,0,0,0.0,0.5596157879354227,0,0,3.6375861597263857,1978.0,2007,United States,"Reshef, A. (2007): Heckscher-Ohlin and the global increase of skill premia: Factor intensity reversals to the rescue. Working paper, New York University."
66,27,Reshef (2007),0.96,0.5423728813559322,1.84375,1.77,0.005434782608695652,37.19626,,0,1,0,1,0,0,1,0,1,0,0,3.912023005428146,1,0,1,0,1,1,0,0,1,0,0,0,0,1,1,0,1,0,0,0.0,0.5596157879354227,0,0,3.6375861597263857,1978.0,2007,United States,"Reshef, A. (2007): Heckscher-Ohlin and the global increase of skill premia: Factor intensity reversals to the rescue. Working paper, New York University."
66,27,Reshef (2007),1.12,0.2137404580152672,4.678571428571428,5.24,0.005434782608695652,144.5822,,0,1,0,1,0,0,1,0,1,0,0,3.912023005428146,1,0,1,0,1,1,0,0,1,0,0,0,0,1,1,0,1,0,0,0.0,0.5596157879354227,0,0,3.6375861597263857,1978.0,2007,United States,"Reshef, A. (2007): Heckscher-Ohlin and the global increase of skill premia: Factor intensity reversals to the rescue. Working paper, New York University."
66,27,Reshef (2007),0.73,0.2862745098039216,3.4931506849315066,2.55,0.005434782608695652,108.344,,0,1,0,1,0,0,1,0,1,0,0,3.912023005428146,1,0,1,0,1,1,0,0,1,0,0,0,0,1,1,0,1,0,0,0.0,0.5596157879354227,0,0,3.6375861597263857,1978.0,2007,United States,"Reshef, A. (2007): Heckscher-Ohlin and the global increase of skill premia: Factor intensity reversals to the rescue. Working paper, New York University."
66,27,Reshef (2007),0.79,0.19268292682926833,5.189873417721518,4.1,0.005434782608695652,194.603,,0,1,0,1,0,0,1,0,1,0,0,3.912023005428146,1,0,1,0,1,1,0,0,1,0,0,0,0,1,1,0,1,0,0,0.0,0.5596157879354227,0,0,3.6375861597263857,1978.0,2007,United States,"Reshef, A. (2007): Heckscher-Ohlin and the global increase of skill premia: Factor intensity reversals to the rescue. Working paper, New York University."
66,27,Reshef (2007),1.56,0.5,2.0,3.12,0.005434782608695652,86.83318,,0,1,0,1,0,0,1,0,1,0,0,3.912023005428146,1,0,1,0,1,1,0,0,1,0,0,0,0,1,1,0,1,0,0,0.0,0.5596157879354227,0,0,3.6375861597263857,1978.0,2007,United States,"Reshef, A. (2007): Heckscher-Ohlin and the global increase of skill premia: Factor intensity reversals to the rescue. Working paper, New York University."
66,27,Reshef (2007),1.64,0.5015290519877675,1.9939024390243905,3.27,0.005434782608695652,73.77439,,0,1,0,1,0,0,1,0,1,0,0,3.912023005428146,1,0,1,0,1,1,0,0,1,0,0,0,0,1,1,0,1,0,0,0.0,0.5596157879354227,0,0,3.6375861597263857,1978.0,2007,United States,"Reshef, A. (2007): Heckscher-Ohlin and the global increase of skill premia: Factor intensity reversals to the rescue. Working paper, New York University."
66,27,Reshef (2007),1.9,0.6934306569343065,1.4421052631578948,2.74,0.005434782608695652,37.21637,,0,1,0,1,0,0,1,0,1,0,0,3.912023005428146,1,0,1,0,1,1,0,0,1,0,0,0,0,1,1,0,1,0,0,0.0,0.5596157879354227,0,0,3.6375861597263857,1978.0,2007,United States,"Reshef, A. (2007): Heckscher-Ohlin and the global increase of skill premia: Factor intensity reversals to the rescue. Working paper, New York University."
66,27,Reshef (2007),0.98,0.5326086956521738,1.8775510204081636,1.84,0.005434782608695652,47.08874,,0,1,0,1,0,0,1,0,1,0,0,3.912023005428146,1,0,1,0,1,1,0,0,1,0,0,0,0,1,1,0,1,0,0,0.0,0.5596157879354227,0,0,3.6375861597263857,1978.0,2007,United States,"Reshef, A. (2007): Heckscher-Ohlin and the global increase of skill premia: Factor intensity reversals to the rescue. Working paper, New York University."
66,27,Reshef (2007),1.44,0.36923076923076925,2.708333333333333,3.9,0.005434782608695652,69.8414,,0,1,0,1,0,0,1,0,1,0,0,3.912023005428146,1,0,1,0,1,1,0,0,1,0,0,0,0,1,1,0,1,0,0,0.0,0.5596157879354227,0,0,3.6375861597263857,1978.0,2007,United States,"Reshef, A. (2007): Heckscher-Ohlin and the global increase of skill premia: Factor intensity reversals to the rescue. Working paper, New York University."
71,27,Tinbergen (1974),0.4,,,,0.25,,,1,0,0,1,0,0,0,1,1,0,1,3.4657359027997265,1,0,1,0,0,0,0,1,0,0,0,0,0,0,0,0,1,0,0,0.126,1.6486586255873816,1,0,1.6094379124341003,1960.0,1974,United States,"Tinbergen, J. (1974): Substitution of graduate by other labour. Kyklos 27(2): pp. 217-226."
71,27,Tinbergen (1974),2.1,,,,0.25,,,1,0,0,1,0,0,0,1,1,0,1,3.4657359027997265,1,0,1,0,0,0,0,1,0,0,0,0,0,0,0,0,1,0,0,0.126,1.6486586255873816,1,0,1.6094379124341003,1960.0,1974,United States,"Tinbergen, J. (1974): Substitution of graduate by other labour. Kyklos 27(2): pp. 217-226."
73,27,Wei et al. (2019),3.6900369003690034,1.0076115521302813,0.992445945945946,3.6621621621621623,0.25,,,1,0,0,1,0,0,0,1,1,0,0,4.290459441148391,1,0,1,0,0,0,1,0,1,0,0,0,0,0,1,1,1,0,0,0.262,1.3862943611198906,1,0,3.912023005428146,2001.0,2019,United States,"Wei, X., Z. Guan, G. Onel, & F. Roka (2019): Substitution between Immigrant and Native Farmworkers in the United States: Does Legal Status Matter? IZA Journal of Development & Migration 10(1): pp. 1-27."
73,27,Wei et al. (2019),1.9305019305019304,0.37641060807083976,2.6566732673267324,5.128712871287128,0.25,,,1,0,0,1,0,0,0,1,1,0,0,4.290459441148391,1,0,1,0,0,0,1,0,1,0,0,0,0,0,1,1,1,0,0,0.262,1.3862943611198906,1,0,3.912023005428146,2001.0,2019,United States,"Wei, X., Z. Guan, G. Onel, & F. Roka (2019): Substitution between Immigrant and Native Farmworkers in the United States: Does Legal Status Matter? IZA Journal of Development & Migration 10(1): pp. 1-27."
73,27,Wei et al. (2019),2.3980815347721824,0.6095842750260224,1.6404622641509432,3.933962264150943,0.25,,,1,0,0,1,0,0,0,1,1,0,0,4.290459441148391,1,0,1,0,0,0,1,0,1,0,0,0,0,0,1,1,1,0,0,0.262,1.3862943611198906,1,0,3.912023005428146,2001.0,2019,United States,"Wei, X., Z. Guan, G. Onel, & F. Roka (2019): Substitution between Immigrant and Native Farmworkers in the United States: Does Legal Status Matter? IZA Journal of Development & Migration 10(1): pp. 1-27."
73,27,Wei et al. (2019),2.544529262086514,0.7251584665488284,1.3790089285714286,3.5089285714285716,0.25,,,1,0,0,1,0,0,0,1,1,0,0,4.290459441148391,1,0,1,0,0,0,1,0,1,0,0,0,0,0,1,1,1,0,0,0.262,1.3862943611198906,1,0,3.912023005428146,2001.0,2019,United States,"Wei, X., Z. Guan, G. Onel, & F. Roka (2019): Substitution between Immigrant and Native Farmworkers in the United States: Does Legal Status Matter? IZA Journal of Development & Migration 10(1): pp. 1-27."
74,27,Welch (1970),1.430615164520744,0.12484624468635963,8.009852459016393,11.459016393442624,0.16666666666666666,,,1,0,0,1,0,0,1,0,1,0,1,3.4339872044851463,1,0,1,0,0,1,0,0,0,0,0,0,1,0,0,0,1,0,0,3.567,3.408652516157172,1,1,0.0,1959.0,1970,United States,"Welch, F. (1970): Education in production. Journal of Political Economy 78(1): pp. 35-59."
74,27,Welch (1970),1.430615164520744,0.12689290443531637,7.880661290322579,11.274193548387096,0.16666666666666666,,,1,0,0,1,0,0,1,0,1,0,1,3.4339872044851463,1,0,1,0,0,1,0,0,0,0,0,0,1,0,0,0,1,0,0,3.567,3.408652516157172,1,1,0.0,1959.0,1970,United States,"Welch, F. (1970): Education in production. Journal of Political Economy 78(1): pp. 35-59."
74,27,Welch (1970),1.4064697609001406,0.1602307322544464,6.2410000000000005,8.777777777777779,0.16666666666666666,,,1,0,0,1,0,0,1,0,1,0,1,3.4339872044851463,1,0,1,0,0,1,0,0,0,0,0,0,0,1,0,0,1,0,0,3.567,3.408652516157172,1,1,0.0,1959.0,1970,United States,"Welch, F. (1970): Education in production. Journal of Political Economy 78(1): pp. 35-59."
74,27,Welch (1970),1.3458950201884252,0.0996288372952401,10.037254545454546,13.509090909090908,0.16666666666666666,,,1,0,0,1,0,0,1,0,1,0,1,3.4339872044851463,1,0,1,0,0,1,0,0,0,0,0,0,1,0,0,0,1,0,0,3.567,3.408652516157172,1,1,0.0,1959.0,1970,United States,"Welch, F. (1970): Education in production. Journal of Political Economy 78(1): pp. 35-59."
74,27,Welch (1970),1.349527665317139,0.10198859548955436,9.805017857142857,13.23214285714286,0.16666666666666666,,,1,0,0,1,0,0,1,0,1,0,1,3.4339872044851463,1,0,1,0,0,1,0,0,0,0,0,0,1,0,0,0,1,0,0,3.567,3.408652516157172,1,1,0.0,1959.0,1970,United States,"Welch, F. (1970): Education in production. Journal of Political Economy 78(1): pp. 35-59."
74,27,Welch (1970),1.3227513227513228,0.13647434282354917,7.327384615384616,9.692307692307693,0.16666666666666666,,,1,0,0,1,0,0,1,0,1,0,1,3.4339872044851463,1,0,1,0,0,1,0,0,0,0,0,0,0,1,0,0,1,0,0,3.567,3.408652516157172,1,1,0.0,1959.0,1970,United States,"Welch, F. (1970): Education in production. Journal of Political Economy 78(1): pp. 35-59."
76,27,Baum-Snow et al. (2018),2.3255813953488373,0.519199567333694,1.9260416666666662,4.479166666666666,0.5,,546.3539,1,0,0,1,0,1,0,0,0,1,0,4.31748811353631,1,0,1,0,1,0,1,0,1,1,0,0,0,0,0,1,0,1,0,3.696,3.455264602932431,1,0,3.8918202981106265,2003.0,2018,United States,"Baum-Snow, N. Freedman, M. & R. Pavan (2018): Why Has Urban Inequality Increased? American Economic Journal: Applied Economics 10(4): pp. 1-42."
76,27,Baum-Snow et al. (2018),3.3333333333333335,0.9888888888888889,1.0112359550561798,3.3707865168539324,0.5,,589.3256,1,0,0,1,0,1,0,0,0,1,0,4.31748811353631,1,0,1,0,1,0,1,0,1,1,0,0,0,0,0,1,0,1,0,3.696,3.455264602932431,1,0,3.8918202981106265,2003.0,2018,United States,"Baum-Snow, N. Freedman, M. & R. Pavan (2018): Why Has Urban Inequality Increased? American Economic Journal: Applied Economics 10(4): pp. 1-42."
78,27,Borjas et al. (2012),7.4074074074074066,1.4814814814814814,0.675,5.0,0.05,,242.8681,1,0,0,1,0,0,0,1,1,0,0,4.02535169073515,1,0,1,0,0,0,1,0,1,0,0,0,0,0,0,0,1,0,0,2.282,2.7300291078209855,1,0,3.7612001156935624,1984.0,2012,United States,"Borjas, G.J., Grogger, J., & G.H. Hanson (2012): Comment: On Estimating Elasticities Of Substition. Journal of the European Economic Association 10(1), pp. 198-210."
78,27,Borjas et al. (2012),43.47826086956522,22.684310018903595,0.04408333333333333,1.9166666666666665,0.05,,546.4532,1,0,0,1,0,0,0,1,1,0,0,4.02535169073515,1,0,1,0,0,0,1,0,1,0,0,0,0,0,0,0,1,0,0,2.282,2.7300291078209855,1,0,3.7612001156935624,1984.0,2012,United States,"Borjas, G.J., Grogger, J., & G.H. Hanson (2012): Comment: On Estimating Elasticities Of Substition. Journal of the European Economic Association 10(1), pp. 198-210."
78,27,Borjas et al. (2012),-9.900990099009901,4.4113322223311435,0.2266888888888889,-2.2444444444444445,0.05,,145.7209,1,0,0,1,0,0,0,1,1,0,0,4.02535169073515,1,0,1,0,0,0,1,0,1,0,0,0,0,0,0,0,1,0,0,2.282,2.7300291078209855,1,0,3.7612001156935624,1984.0,2012,United States,"Borjas, G.J., Grogger, J., & G.H. Hanson (2012): Comment: On Estimating Elasticities Of Substition. Journal of the European Economic Association 10(1), pp. 198-210."
78,27,Borjas et al. (2012),21.27659574468085,5.432322317790856,0.18408333333333332,3.9166666666666665,0.05,,546.4532,1,0,0,1,0,0,0,1,1,0,0,4.02535169073515,1,0,1,0,0,0,1,0,1,0,0,0,0,0,0,0,1,0,0,2.282,2.7300291078209855,1,0,3.7612001156935624,1984.0,2012,United States,"Borjas, G.J., Grogger, J., & G.H. Hanson (2012): Comment: On Estimating Elasticities Of Substition. Journal of the European Economic Association 10(1), pp. 198-210."
78,27,Borjas et al. (2012),-8.403361344537815,1.059247228303086,0.9440666666666666,-7.933333333333333,0.05,,437.1626,1,0,0,1,0,0,0,1,1,0,0,4.02535169073515,1,0,1,0,0,0,1,0,1,0,0,0,0,0,0,0,1,0,0,2.282,2.7300291078209855,1,0,3.7612001156935624,1984.0,2012,United States,"Borjas, G.J., Grogger, J., & G.H. Hanson (2012): Comment: On Estimating Elasticities Of Substition. Journal of the European Economic Association 10(1), pp. 198-210."
78,27,Borjas et al. (2012),1.6155088852988693,0.17486122021813286,5.718820895522388,9.238805970149254,0.05,,101.2288,1,0,0,1,0,0,0,1,1,0,0,4.007333185232471,1,0,1,0,0,0,1,0,1,0,0,0,0,0,0,0,1,0,0,2.282,2.7300291078209855,1,0,3.7612001156935624,1983.0,2012,United States,"Borjas, G.J., Grogger, J., & G.H. Hanson (2012): Comment: On Estimating Elasticities Of Substition. Journal of the European Economic Association 10(1), pp. 198-210."
78,27,Borjas et al. (2012),3.067484662576687,0.404606872671158,2.4715348837209308,7.581395348837211,0.05,,157.7286,1,0,0,1,0,0,0,1,1,0,0,4.007333185232471,1,0,1,0,0,0,1,0,1,0,0,0,0,0,0,0,1,0,0,2.282,2.7300291078209855,1,0,3.7612001156935624,1983.0,2012,United States,"Borjas, G.J., Grogger, J., & G.H. Hanson (2012): Comment: On Estimating Elasticities Of Substition. Journal of the European Economic Association 10(1), pp. 198-210."
78,27,Borjas et al. (2012),1.8691588785046729,0.39479430517949166,2.5329646017699115,4.734513274336283,0.05,,60.02062,1,0,0,1,0,0,0,1,1,0,0,4.007333185232471,1,0,1,0,0,0,1,0,1,0,0,0,0,0,0,0,1,0,0,2.282,2.7300291078209855,1,0,3.7612001156935624,1983.0,2012,United States,"Borjas, G.J., Grogger, J., & G.H. Hanson (2012): Comment: On Estimating Elasticities Of Substition. Journal of the European Economic Association 10(1), pp. 198-210."
78,27,Borjas et al. (2012),1.8903591682419658,0.3430519473558199,2.9150104166666666,5.510416666666666,0.05,,70.64927,1,0,0,1,0,0,0,1,1,0,0,4.007333185232471,1,0,1,0,0,0,1,0,1,0,0,0,0,0,0,0,1,0,0,2.282,2.7300291078209855,1,0,3.7612001156935624,1983.0,2012,United States,"Borjas, G.J., Grogger, J., & G.H. Hanson (2012): Comment: On Estimating Elasticities Of Substition. Journal of the European Economic Association 10(1), pp. 198-210."
78,27,Borjas et al. (2012),1.6556291390728477,0.17268979430726725,5.790730158730158,9.587301587301587,0.05,,107.656,1,0,0,1,0,0,0,1,1,0,0,4.007333185232471,1,0,1,0,0,0,1,0,1,0,0,0,0,0,0,0,1,0,0,2.282,2.7300291078209855,1,0,3.7612001156935624,1983.0,2012,United States,"Borjas, G.J., Grogger, J., & G.H. Hanson (2012): Comment: On Estimating Elasticities Of Substition. Journal of the European Economic Association 10(1), pp. 198-210."
78,27,Borjas et al. (2012),3.846153846153846,0.4142011834319526,2.4142857142857146,9.285714285714286,0.05,,87.48177,1,0,0,1,0,0,0,1,1,0,0,4.174387269895637,1,0,1,0,0,0,1,0,1,0,0,0,0,0,0,0,1,0,0,2.282,2.7300291078209855,1,0,3.7612001156935624,1993.0,2012,United States,"Borjas, G.J., Grogger, J., & G.H. Hanson (2012): Comment: On Estimating Elasticities Of Substition. Journal of the European Economic Association 10(1), pp. 198-210."
78,27,Borjas et al. (2012),9.708737864077671,2.3564897728343865,0.4243599999999999,4.119999999999999,0.05,,97.97959,1,0,0,1,0,0,0,1,1,0,0,4.174387269895637,1,0,1,0,0,0,1,0,1,0,0,0,0,0,0,0,1,0,0,2.282,2.7300291078209855,1,0,3.7612001156935624,1993.0,2012,United States,"Borjas, G.J., Grogger, J., & G.H. Hanson (2012): Comment: On Estimating Elasticities Of Substition. Journal of the European Economic Association 10(1), pp. 198-210."
78,27,Borjas et al. (2012),125.0,843.75,0.0011851851851851852,0.14814814814814814,0.05,,45.36092,1,0,0,1,0,0,0,1,1,0,0,4.174387269895637,1,0,1,0,0,0,1,0,1,0,0,0,0,0,0,0,1,0,0,2.282,2.7300291078209855,1,0,3.7612001156935624,1993.0,2012,United States,"Borjas, G.J., Grogger, J., & G.H. Hanson (2012): Comment: On Estimating Elasticities Of Substition. Journal of the European Economic Association 10(1), pp. 198-210."
78,27,Borjas et al. (2012),15.873015873015873,13.353489543965733,0.0748867924528302,1.188679245283019,0.05,,46.21679,1,0,0,1,0,0,0,1,1,0,0,4.174387269895637,1,0,1,0,0,0,1,0,1,0,0,0,0,0,0,0,1,0,0,2.282,2.7300291078209855,1,0,3.7612001156935624,1993.0,2012,United States,"Borjas, G.J., Grogger, J., & G.H. Hanson (2012): Comment: On Estimating Elasticities Of Substition. Journal of the European Economic Association 10(1), pp. 198-210."
78,27,Borjas et al. (2012),41.666666666666664,27.77777777777778,0.036,1.4999999999999998,0.05,,2045.383,1,0,0,1,0,1,0,0,0,1,0,4.007333185232471,1,0,1,0,0,0,1,0,1,0,0,0,0,0,1,1,1,0,0,2.282,2.7300291078209855,1,0,3.7612001156935624,1983.0,2012,United States,"Borjas, G.J., Grogger, J., & G.H. Hanson (2012): Comment: On Estimating Elasticities Of Substition. Journal of the European Economic Association 10(1), pp. 198-210."
78,27,Borjas et al. (2012),27.027027027027028,18.991964937910886,0.05265384615384615,1.423076923076923,0.05,,1258.698,1,0,0,1,0,1,0,0,0,1,0,4.007333185232471,1,0,1,0,0,0,1,0,1,0,0,0,0,0,1,0,1,0,0,2.282,2.7300291078209855,1,0,3.7612001156935624,1983.0,2012,United States,"Borjas, G.J., Grogger, J., & G.H. Hanson (2012): Comment: On Estimating Elasticities Of Substition. Journal of the European Economic Association 10(1), pp. 198-210."
78,27,Borjas et al. (2012),-7.092198581560284,3.722146773301142,0.26866216216216215,-1.9054054054054053,0.05,,442.2451,1,0,0,1,0,1,0,0,0,1,0,4.007333185232471,1,0,1,0,0,0,1,0,1,0,0,0,0,0,1,0,1,0,0,2.282,2.7300291078209855,1,0,3.7612001156935624,1983.0,2012,United States,"Borjas, G.J., Grogger, J., & G.H. Hanson (2012): Comment: On Estimating Elasticities Of Substition. Journal of the European Economic Association 10(1), pp. 198-210."
78,27,Borjas et al. (2012),14.492753623188404,5.250997689561016,0.19044000000000003,2.76,0.05,,699.7142,1,0,0,1,0,0,0,1,0,1,0,4.051784947803305,1,0,1,0,0,0,1,0,1,0,0,0,0,0,1,1,1,0,0,2.282,2.7300291078209855,1,0,3.7612001156935624,1985.5,2012,United States,"Borjas, G.J., Grogger, J., & G.H. Hanson (2012): Comment: On Estimating Elasticities Of Substition. Journal of the European Economic Association 10(1), pp. 198-210."
78,27,Borjas et al. (2012),8.403361344537815,0.7767813007555964,1.2873636363636363,10.818181818181818,0.05,,1590.26,1,0,0,1,0,0,0,1,0,1,0,4.051784947803305,1,0,1,0,0,0,1,0,1,0,0,0,0,0,1,0,1,0,0,2.282,2.7300291078209855,1,0,3.7612001156935624,1985.5,2012,United States,"Borjas, G.J., Grogger, J., & G.H. Hanson (2012): Comment: On Estimating Elasticities Of Substition. Journal of the European Economic Association 10(1), pp. 198-210."
78,27,Borjas et al. (2012),6.578947368421053,1.2119113573407203,0.8251428571428571,5.428571428571429,0.05,,624.7448,1,0,0,1,0,0,0,1,0,1,0,4.051784947803305,1,0,1,0,0,0,1,0,1,0,0,0,0,0,1,0,1,0,0,2.282,2.7300291078209855,1,0,3.7612001156935624,1985.5,2012,United States,"Borjas, G.J., Grogger, J., & G.H. Hanson (2012): Comment: On Estimating Elasticities Of Substition. Journal of the European Economic Association 10(1), pp. 198-210."
79,27,Bowlus et al. (2021),1.597444089456869,0.32869219947672196,3.0423600000000004,4.860000000000001,0.047619047619047616,,38.81789,1,0,0,1,0,1,0,0,1,0,0,3.8501476017100584,1,0,1,0,0,0,1,0,1,1,0,0,0,0,0,0,1,0,0,1.059,1.2992829841302609,1,0,3.9512437185814275,1975.0,2021,United States,"Bowlus, A. J., Lochner, L., Robinson, Ch. & E. Suleymanoglu (2021): Wages, skills, and skill-biased technical change: The canonical model revisited. Journal of Human Resources (forthcomming)."
79,27,Bowlus et al. (2021),-3.5087719298245617,1.7901897601145722,0.5586,-1.96,0.047619047619047616,,31.51526,1,0,0,1,0,1,0,0,1,0,0,4.248495242049359,1,0,1,0,0,0,1,0,1,1,0,0,0,0,0,0,1,0,0,1.059,1.2992829841302609,1,0,3.9512437185814275,1998.0,2021,United States,"Bowlus, A. J., Lochner, L., Robinson, Ch. & E. Suleymanoglu (2021): Wages, skills, and skill-biased technical change: The canonical model revisited. Journal of Human Resources (forthcomming)."
79,27,Bowlus et al. (2021),2.949852507374631,0.37434676489525776,2.67132,7.88,0.047619047619047616,,157.6542,1,0,0,1,0,1,0,0,1,0,0,4.051784947803305,1,0,1,0,0,0,1,0,1,1,0,0,0,0,0,0,1,0,0,1.059,1.2992829841302609,1,0,3.9512437185814275,1985.5,2021,United States,"Bowlus, A. J., Lochner, L., Robinson, Ch. & E. Suleymanoglu (2021): Wages, skills, and skill-biased technical change: The canonical model revisited. Journal of Human Resources (forthcomming)."
79,27,Bowlus et al. (2021),1.5503875968992247,0.15708081022281914,6.366149999999999,9.87,0.047619047619047616,,103.7854,1,0,0,1,0,1,0,0,1,0,0,4.051784947803305,1,0,1,0,0,0,1,0,1,1,0,0,0,0,0,0,1,0,0,1.059,1.2992829841302609,1,0,3.9512437185814275,1985.5,2021,United States,"Bowlus, A. J., Lochner, L., Robinson, Ch. & E. Suleymanoglu (2021): Wages, skills, and skill-biased technical change: The canonical model revisited. Journal of Human Resources (forthcomming)."
79,27,Bowlus et al. (2021),1.7889087656529514,0.3006569354038574,3.3260500000000004,5.949999999999999,0.047619047619047616,,72.19117,1,0,0,1,0,1,0,0,1,0,0,4.051784947803305,1,0,1,0,0,0,1,0,1,1,0,0,0,0,0,0,1,0,0,1.059,1.2992829841302609,1,0,3.9512437185814275,1985.5,2021,United States,"Bowlus, A. J., Lochner, L., Robinson, Ch. & E. Suleymanoglu (2021): Wages, skills, and skill-biased technical change: The canonical model revisited. Journal of Human Resources (forthcomming)."
79,27,Bowlus et al. (2021),2.2123893805309733,0.39436530847254425,2.5357200000000004,5.61,0.047619047619047616,,92.04618,1,0,0,1,0,1,0,0,1,0,0,4.127134385045092,1,0,1,0,0,0,1,0,1,1,0,0,0,0,0,0,1,0,0,1.059,1.2992829841302609,1,0,3.9512437185814275,1990.0,2021,United States,"Bowlus, A. J., Lochner, L., Robinson, Ch. & E. Suleymanoglu (2021): Wages, skills, and skill-biased technical change: The canonical model revisited. Journal of Human Resources (forthcomming)."
79,27,Bowlus et al. (2021),5.714285714285714,4.464285714285715,0.22399999999999995,1.2799999999999998,0.047619047619047616,,36.57143,1,0,0,1,0,1,0,0,1,0,0,3.8501476017100584,1,0,1,0,0,0,1,0,1,1,0,0,0,0,0,0,1,0,0,1.059,1.2992829841302609,1,0,3.9512437185814275,1975.0,2021,United States,"Bowlus, A. J., Lochner, L., Robinson, Ch. & E. Suleymanoglu (2021): Wages, skills, and skill-biased technical change: The canonical model revisited. Journal of Human Resources (forthcomming)."
79,27,Bowlus et al. (2021),3.8314176245210727,2.9700911817992814,0.33669,1.2899999999999998,0.047619047619047616,,22.64951,1,0,0,1,0,1,0,0,1,0,0,4.248495242049359,1,0,1,0,0,0,1,0,1,1,0,0,0,0,0,0,1,0,0,1.059,1.2992829841302609,1,0,3.9512437185814275,1998.0,2021,United States,"Bowlus, A. J., Lochner, L., Robinson, Ch. & E. Suleymanoglu (2021): Wages, skills, and skill-biased technical change: The canonical model revisited. Journal of Human Resources (forthcomming)."
79,27,Bowlus et al. (2021),7.874015748031496,3.2270556344391377,0.30988,2.44,0.047619047619047616,,130.3062,1,0,0,1,0,1,0,0,1,0,0,4.051784947803305,1,0,1,0,0,0,1,0,1,1,0,0,0,0,0,0,1,0,0,1.059,1.2992829841302609,1,0,3.9512437185814275,1985.5,2021,United States,"Bowlus, A. J., Lochner, L., Robinson, Ch. & E. Suleymanoglu (2021): Wages, skills, and skill-biased technical change: The canonical model revisited. Journal of Human Resources (forthcomming)."
79,27,Bowlus et al. (2021),2.288329519450801,0.39116743922235914,2.55645,5.8500000000000005,0.047619047619047616,,90.79321,1,0,0,1,0,1,0,0,1,0,0,4.051784947803305,1,0,1,0,0,0,1,0,1,1,0,0,0,0,0,0,1,0,0,1.059,1.2992829841302609,1,0,3.9512437185814275,1985.5,2021,United States,"Bowlus, A. J., Lochner, L., Robinson, Ch. & E. Suleymanoglu (2021): Wages, skills, and skill-biased technical change: The canonical model revisited. Journal of Human Resources (forthcomming)."
79,27,Bowlus et al. (2021),3.8167938931297707,1.2555243069505824,0.7964800000000001,3.04,0.047619047619047616,,78.69574,1,0,0,1,0,1,0,0,1,0,0,4.051784947803305,1,0,1,0,0,0,1,0,1,1,0,0,0,0,0,0,1,0,0,1.059,1.2992829841302609,1,0,3.9512437185814275,1985.5,2021,United States,"Bowlus, A. J., Lochner, L., Robinson, Ch. & E. Suleymanoglu (2021): Wages, skills, and skill-biased technical change: The canonical model revisited. Journal of Human Resources (forthcomming)."
79,27,Bowlus et al. (2021),2.8169014084507045,0.726005517641934,1.3774000000000002,3.880000000000001,0.047619047619047616,,81.05592,1,0,0,1,0,1,0,0,1,0,0,4.127134385045092,1,0,1,0,0,0,1,0,1,1,0,0,0,0,0,0,1,0,0,1.059,1.2992829841302609,1,0,3.9512437185814275,1990.0,2021,United States,"Bowlus, A. J., Lochner, L., Robinson, Ch. & E. Suleymanoglu (2021): Wages, skills, and skill-biased technical change: The canonical model revisited. Journal of Human Resources (forthcomming)."
79,27,Bowlus et al. (2021),3.9292730844793713,1.0616787583029914,0.9419045,3.701,0.047619047619047616,,107.8481,1,0,0,1,0,1,0,0,1,0,0,4.127134385045092,1,0,1,0,0,0,1,0,1,1,0,0,0,0,0,0,1,0,0,1.059,1.2992829841302609,1,0,3.9512437185814275,1990.0,2021,United States,"Bowlus, A. J., Lochner, L., Robinson, Ch. & E. Suleymanoglu (2021): Wages, skills, and skill-biased technical change: The canonical model revisited. Journal of Human Resources (forthcomming)."
79,27,Bowlus et al. (2021),3.9603960396039604,1.0220376876397317,0.9784375000000001,3.875,0.047619047619047616,,113.813,1,0,0,1,0,1,0,0,1,0,0,4.127134385045092,1,0,1,0,0,0,1,0,1,1,0,0,0,0,0,0,1,0,0,1.059,1.2992829841302609,1,0,3.9512437185814275,1990.0,2021,United States,"Bowlus, A. J., Lochner, L., Robinson, Ch. & E. Suleymanoglu (2021): Wages, skills, and skill-biased technical change: The canonical model revisited. Journal of Human Resources (forthcomming)."
79,27,Bowlus et al. (2021),5.173305742369374,2.13420203893126,0.46855919999999995,2.424,0.047619047619047616,,92.99982,1,0,0,1,0,1,0,0,1,0,0,4.127134385045092,1,0,1,0,0,0,1,0,1,1,0,0,0,0,0,0,1,0,0,1.059,1.2992829841302609,1,0,3.9512437185814275,1990.0,2021,United States,"Bowlus, A. J., Lochner, L., Robinson, Ch. & E. Suleymanoglu (2021): Wages, skills, and skill-biased technical change: The canonical model revisited. Journal of Human Resources (forthcomming)."
79,27,Bowlus et al. (2021),5.089058524173028,1.2479299961189376,0.801327,4.078,0.047619047619047616,,153.9097,1,0,0,1,0,1,0,0,1,0,0,4.127134385045092,1,0,1,0,0,0,1,0,1,1,1,0,0,0,0,0,1,0,0,1.059,1.2992829841302609,1,0,3.9512437185814275,1990.0,2021,United States,"Bowlus, A. J., Lochner, L., Robinson, Ch. & E. Suleymanoglu (2021): Wages, skills, and skill-biased technical change: The canonical model revisited. Journal of Human Resources (forthcomming)."
79,27,Bowlus et al. (2021),5.094243504839532,1.464283847323809,0.6829277,3.479,0.047619047619047616,,131.4363,1,0,0,1,0,1,0,0,1,0,0,4.127134385045092,1,0,1,0,0,0,1,0,1,1,1,0,0,0,0,0,1,0,0,1.059,1.2992829841302609,1,0,3.9512437185814275,1990.0,2021,United States,"Bowlus, A. J., Lochner, L., Robinson, Ch. & E. Suleymanoglu (2021): Wages, skills, and skill-biased technical change: The canonical model revisited. Journal of Human Resources (forthcomming)."
79,27,Bowlus et al. (2021),6.321112515802781,3.6286524200934447,0.2755844,1.7420000000000002,0.047619047619047616,,81.66257,1,0,0,1,0,1,0,0,1,0,0,4.127134385045092,1,0,1,0,0,0,1,0,1,1,1,0,0,0,0,0,1,0,0,1.059,1.2992829841302609,1,0,3.9512437185814275,1990.0,2021,United States,"Bowlus, A. J., Lochner, L., Robinson, Ch. & E. Suleymanoglu (2021): Wages, skills, and skill-biased technical change: The canonical model revisited. Journal of Human Resources (forthcomming)."
79,27,Bowlus et al. (2021),4.967709885742672,1.3655057409957867,0.7323294000000001,3.6380000000000003,0.047619047619047616,,134.0295,1,0,0,1,0,1,0,0,1,0,0,4.127134385045092,1,0,1,0,0,0,1,0,1,1,1,0,0,0,0,0,1,0,0,1.059,1.2992829841302609,1,0,3.9512437185814275,1990.0,2021,United States,"Bowlus, A. J., Lochner, L., Robinson, Ch. & E. Suleymanoglu (2021): Wages, skills, and skill-biased technical change: The canonical model revisited. Journal of Human Resources (forthcomming)."
79,27,Bowlus et al. (2021),6.540222367560497,4.658278039573004,0.2146716,1.404,0.047619047619047616,,68.09904,1,0,0,1,0,1,0,0,1,0,0,4.127134385045092,1,0,1,0,0,0,1,0,1,1,1,0,0,0,0,0,1,0,0,1.059,1.2992829841302609,1,0,3.9512437185814275,1990.0,2021,United States,"Bowlus, A. J., Lochner, L., Robinson, Ch. & E. Suleymanoglu (2021): Wages, skills, and skill-biased technical change: The canonical model revisited. Journal of Human Resources (forthcomming)."
79,27,Bowlus et al. (2021),5.347593582887701,1.918763395366954,0.521169,2.787,0.047619047619047616,,110.5291,1,0,0,1,0,1,0,0,1,0,0,4.127134385045092,1,0,1,0,0,0,1,0,1,1,1,0,0,0,0,0,1,0,0,1.059,1.2992829841302609,1,0,3.9512437185814275,1990.0,2021,United States,"Bowlus, A. J., Lochner, L., Robinson, Ch. & E. Suleymanoglu (2021): Wages, skills, and skill-biased technical change: The canonical model revisited. Journal of Human Resources (forthcomming)."
87,27,Dogan & Akay (2019),0.866,,,,0.034482758620689655,,,0,1,0,1,0,0,1,0,1,0,0,4.1588830833596715,1,0,1,0,0,0,0,1,0,0,0,0,1,0,0,0,1,0,0,0.08,0.4054651081081644,1,0,3.912023005428146,1992.0,2019,United States,"Dogan, C. & G.H. Akay (2019): The role of labor endowments on industry output in the short run: Evidence from U.S industries. International Review of Economics & Finance 60(C): pp. 281-291."
87,27,Dogan & Akay (2019),6.527,,,,0.034482758620689655,,,0,1,0,1,0,0,1,0,1,0,0,4.1588830833596715,1,0,1,0,0,0,0,1,0,0,0,0,1,0,0,0,1,0,0,0.08,0.4054651081081644,1,0,3.912023005428146,1992.0,2019,United States,"Dogan, C. & G.H. Akay (2019): The role of labor endowments on industry output in the short run: Evidence from U.S industries. International Review of Economics & Finance 60(C): pp. 281-291."
87,27,Dogan & Akay (2019),0.611,,,,0.034482758620689655,,,0,1,0,1,0,0,1,0,1,0,0,4.1588830833596715,1,0,1,0,0,0,0,1,0,0,0,0,1,0,0,0,1,0,0,0.08,0.4054651081081644,1,0,3.912023005428146,1992.0,2019,United States,"Dogan, C. & G.H. Akay (2019): The role of labor endowments on industry output in the short run: Evidence from U.S industries. International Review of Economics & Finance 60(C): pp. 281-291."
87,27,Dogan & Akay (2019),1.095,,,,0.034482758620689655,,,0,1,0,1,0,0,1,0,1,0,0,4.1588830833596715,1,0,1,0,1,0,0,1,0,0,0,0,1,0,0,0,1,0,0,0.08,0.4054651081081644,1,0,3.912023005428146,1992.0,2019,United States,"Dogan, C. & G.H. Akay (2019): The role of labor endowments on industry output in the short run: Evidence from U.S industries. International Review of Economics & Finance 60(C): pp. 281-291."
87,27,Dogan & Akay (2019),2.187,,,,0.034482758620689655,,,0,1,0,1,0,0,1,0,1,0,0,4.1588830833596715,1,0,1,0,1,0,0,1,0,0,0,0,1,0,0,0,1,0,0,0.08,0.4054651081081644,1,0,3.912023005428146,1992.0,2019,United States,"Dogan, C. & G.H. Akay (2019): The role of labor endowments on industry output in the short run: Evidence from U.S industries. International Review of Economics & Finance 60(C): pp. 281-291."
87,27,Dogan & Akay (2019),3.044,,,,0.034482758620689655,,,0,1,0,1,0,0,1,0,1,0,0,4.1588830833596715,1,0,1,0,1,0,0,1,0,0,0,0,1,0,0,0,1,0,0,0.08,0.4054651081081644,1,0,3.912023005428146,1992.0,2019,United States,"Dogan, C. & G.H. Akay (2019): The role of labor endowments on industry output in the short run: Evidence from U.S industries. International Review of Economics & Finance 60(C): pp. 281-291."
87,27,Dogan & Akay (2019),2.17,,,,0.034482758620689655,,,0,1,0,1,0,0,1,0,1,0,0,4.1588830833596715,1,0,1,0,1,0,0,1,0,0,0,0,1,0,0,0,1,0,0,0.08,0.4054651081081644,1,0,3.912023005428146,1992.0,2019,United States,"Dogan, C. & G.H. Akay (2019): The role of labor endowments on industry output in the short run: Evidence from U.S industries. International Review of Economics & Finance 60(C): pp. 281-291."
87,27,Dogan & Akay (2019),-0.243,,,,0.034482758620689655,,,0,1,0,1,0,0,1,0,1,0,0,4.1588830833596715,1,0,1,0,1,0,0,1,0,0,0,0,1,0,0,0,1,0,0,0.08,0.4054651081081644,1,0,3.912023005428146,1992.0,2019,United States,"Dogan, C. & G.H. Akay (2019): The role of labor endowments on industry output in the short run: Evidence from U.S industries. International Review of Economics & Finance 60(C): pp. 281-291."
87,27,Dogan & Akay (2019),-0.483,,,,0.034482758620689655,,,0,1,0,1,0,0,1,0,1,0,0,4.1588830833596715,1,0,1,0,1,0,0,1,0,0,0,0,1,0,0,0,1,0,0,0.08,0.4054651081081644,1,0,3.912023005428146,1992.0,2019,United States,"Dogan, C. & G.H. Akay (2019): The role of labor endowments on industry output in the short run: Evidence from U.S industries. International Review of Economics & Finance 60(C): pp. 281-291."
87,27,Dogan & Akay (2019),1.603,,,,0.034482758620689655,,,0,1,0,1,0,0,1,0,1,0,0,4.1588830833596715,1,0,1,0,1,0,0,1,0,0,0,0,1,0,0,0,1,0,0,0.08,0.4054651081081644,1,0,3.912023005428146,1992.0,2019,United States,"Dogan, C. & G.H. Akay (2019): The role of labor endowments on industry output in the short run: Evidence from U.S industries. International Review of Economics & Finance 60(C): pp. 281-291."
87,27,Dogan & Akay (2019),-0.203,,,,0.034482758620689655,,,0,1,0,1,0,0,1,0,1,0,0,4.1588830833596715,1,0,1,0,1,0,0,1,0,0,0,0,1,0,0,0,1,0,0,0.08,0.4054651081081644,1,0,3.912023005428146,1992.0,2019,United States,"Dogan, C. & G.H. Akay (2019): The role of labor endowments on industry output in the short run: Evidence from U.S industries. International Review of Economics & Finance 60(C): pp. 281-291."
87,27,Dogan & Akay (2019),1.454,,,,0.034482758620689655,,,0,1,0,1,0,0,1,0,1,0,0,4.1588830833596715,1,0,1,0,1,0,0,1,0,0,0,0,1,0,0,0,1,0,0,0.08,0.4054651081081644,1,0,3.912023005428146,1992.0,2019,United States,"Dogan, C. & G.H. Akay (2019): The role of labor endowments on industry output in the short run: Evidence from U.S industries. International Review of Economics & Finance 60(C): pp. 281-291."
87,27,Dogan & Akay (2019),1.526,,,,0.034482758620689655,,,0,1,0,1,0,0,1,0,1,0,0,4.1588830833596715,1,0,1,0,1,0,0,1,0,0,0,0,1,0,0,0,1,0,0,0.08,0.4054651081081644,1,0,3.912023005428146,1992.0,2019,United States,"Dogan, C. & G.H. Akay (2019): The role of labor endowments on industry output in the short run: Evidence from U.S industries. International Review of Economics & Finance 60(C): pp. 281-291."
87,27,Dogan & Akay (2019),2.599,,,,0.034482758620689655,,,0,1,0,1,0,0,1,0,1,0,0,4.1588830833596715,1,0,1,0,1,0,0,1,0,0,0,0,1,0,0,0,1,0,0,0.08,0.4054651081081644,1,0,3.912023005428146,1992.0,2019,United States,"Dogan, C. & G.H. Akay (2019): The role of labor endowments on industry output in the short run: Evidence from U.S industries. International Review of Economics & Finance 60(C): pp. 281-291."
87,27,Dogan & Akay (2019),1.709,,,,0.034482758620689655,,,0,1,0,1,0,0,1,0,1,0,0,4.1588830833596715,1,0,1,0,1,0,0,1,0,0,0,0,1,0,0,0,1,0,0,0.08,0.4054651081081644,1,0,3.912023005428146,1992.0,2019,United States,"Dogan, C. & G.H. Akay (2019): The role of labor endowments on industry output in the short run: Evidence from U.S industries. International Review of Economics & Finance 60(C): pp. 281-291."
87,27,Dogan & Akay (2019),-0.11,,,,0.034482758620689655,,,0,1,0,1,0,0,1,0,1,0,0,4.1588830833596715,1,0,1,0,1,0,0,1,0,0,0,0,1,0,0,0,1,0,0,0.08,0.4054651081081644,1,0,3.912023005428146,1992.0,2019,United States,"Dogan, C. & G.H. Akay (2019): The role of labor endowments on industry output in the short run: Evidence from U.S industries. International Review of Economics & Finance 60(C): pp. 281-291."
87,27,Dogan & Akay (2019),1.994,,,,0.034482758620689655,,,0,1,0,1,0,0,1,0,1,0,0,4.1588830833596715,1,0,1,0,1,0,0,1,0,0,0,0,1,0,0,0,1,0,0,0.08,0.4054651081081644,1,0,3.912023005428146,1992.0,2019,United States,"Dogan, C. & G.H. Akay (2019): The role of labor endowments on industry output in the short run: Evidence from U.S industries. International Review of Economics & Finance 60(C): pp. 281-291."
87,27,Dogan & Akay (2019),0.122,,,,0.034482758620689655,,,0,1,0,1,0,0,1,0,1,0,0,4.1588830833596715,1,0,1,0,0,0,0,1,0,0,0,0,1,0,0,0,1,0,0,0.08,0.4054651081081644,1,0,3.912023005428146,1992.0,2019,United States,"Dogan, C. & G.H. Akay (2019): The role of labor endowments on industry output in the short run: Evidence from U.S industries. International Review of Economics & Finance 60(C): pp. 281-291."
87,27,Dogan & Akay (2019),0.262,,,,0.034482758620689655,,,0,1,0,1,0,0,1,0,1,0,0,4.1588830833596715,1,0,1,0,0,0,0,1,0,0,0,0,1,0,0,0,1,0,0,0.08,0.4054651081081644,1,0,3.912023005428146,1992.0,2019,United States,"Dogan, C. & G.H. Akay (2019): The role of labor endowments on industry output in the short run: Evidence from U.S industries. International Review of Economics & Finance 60(C): pp. 281-291."
87,27,Dogan & Akay (2019),0.887,,,,0.034482758620689655,,,0,1,0,1,0,0,1,0,1,0,0,4.1588830833596715,1,0,1,0,0,0,0,1,0,0,0,0,1,0,0,0,1,0,0,0.08,0.4054651081081644,1,0,3.912023005428146,1992.0,2019,United States,"Dogan, C. & G.H. Akay (2019): The role of labor endowments on industry output in the short run: Evidence from U.S industries. International Review of Economics & Finance 60(C): pp. 281-291."
87,27,Dogan & Akay (2019),3.823,,,,0.034482758620689655,,,0,1,0,1,0,0,1,0,1,0,0,4.1588830833596715,1,0,1,0,0,0,0,1,0,0,0,0,1,0,0,0,1,0,0,0.08,0.4054651081081644,1,0,3.912023005428146,1992.0,2019,United States,"Dogan, C. & G.H. Akay (2019): The role of labor endowments on industry output in the short run: Evidence from U.S industries. International Review of Economics & Finance 60(C): pp. 281-291."
87,27,Dogan & Akay (2019),1.233,,,,0.034482758620689655,,,0,1,0,1,0,0,1,0,1,0,0,4.1588830833596715,1,0,1,0,0,0,0,1,0,0,0,0,1,0,0,0,1,0,0,0.08,0.4054651081081644,1,0,3.912023005428146,1992.0,2019,United States,"Dogan, C. & G.H. Akay (2019): The role of labor endowments on industry output in the short run: Evidence from U.S industries. International Review of Economics & Finance 60(C): pp. 281-291."
87,27,Dogan & Akay (2019),4.875,,,,0.034482758620689655,,,0,1,0,1,0,0,1,0,1,0,0,4.1588830833596715,1,0,1,0,0,0,0,1,0,0,0,0,1,0,0,0,1,0,0,0.08,0.4054651081081644,1,0,3.912023005428146,1992.0,2019,United States,"Dogan, C. & G.H. Akay (2019): The role of labor endowments on industry output in the short run: Evidence from U.S industries. International Review of Economics & Finance 60(C): pp. 281-291."
87,27,Dogan & Akay (2019),1.322,,,,0.034482758620689655,,,0,1,0,1,0,0,1,0,1,0,0,4.1588830833596715,1,0,1,0,0,0,0,1,0,0,0,0,1,0,0,0,1,0,0,0.08,0.4054651081081644,1,0,3.912023005428146,1992.0,2019,United States,"Dogan, C. & G.H. Akay (2019): The role of labor endowments on industry output in the short run: Evidence from U.S industries. International Review of Economics & Finance 60(C): pp. 281-291."
87,27,Dogan & Akay (2019),0.158,,,,0.034482758620689655,,,0,1,0,1,0,0,1,0,1,0,0,4.1588830833596715,1,0,1,0,0,0,0,1,0,0,0,0,1,0,0,0,1,0,0,0.08,0.4054651081081644,1,0,3.912023005428146,1992.0,2019,United States,"Dogan, C. & G.H. Akay (2019): The role of labor endowments on industry output in the short run: Evidence from U.S industries. International Review of Economics & Finance 60(C): pp. 281-291."
87,27,Dogan & Akay (2019),-0.839,,,,0.034482758620689655,,,0,1,0,1,0,0,1,0,1,0,0,4.1588830833596715,1,0,1,0,0,0,0,1,0,0,0,0,1,0,0,0,1,0,0,0.08,0.4054651081081644,1,0,3.912023005428146,1992.0,2019,United States,"Dogan, C. & G.H. Akay (2019): The role of labor endowments on industry output in the short run: Evidence from U.S industries. International Review of Economics & Finance 60(C): pp. 281-291."
87,27,Dogan & Akay (2019),0.981,,,,0.034482758620689655,,,0,1,0,1,0,0,1,0,1,0,0,4.1588830833596715,1,0,1,0,0,0,0,1,0,0,0,0,1,0,0,0,1,0,0,0.08,0.4054651081081644,1,0,3.912023005428146,1992.0,2019,United States,"Dogan, C. & G.H. Akay (2019): The role of labor endowments on industry output in the short run: Evidence from U.S industries. International Review of Economics & Finance 60(C): pp. 281-291."
87,27,Dogan & Akay (2019),-0.158,,,,0.034482758620689655,,,0,1,0,1,0,0,1,0,1,0,0,4.1588830833596715,1,0,1,0,0,0,0,1,0,0,0,0,1,0,0,0,1,0,0,0.08,0.4054651081081644,1,0,3.912023005428146,1992.0,2019,United States,"Dogan, C. & G.H. Akay (2019): The role of labor endowments on industry output in the short run: Evidence from U.S industries. International Review of Economics & Finance 60(C): pp. 281-291."
87,27,Dogan & Akay (2019),0.373,,,,0.034482758620689655,,,0,1,0,1,0,0,1,0,1,0,0,4.1588830833596715,1,0,1,0,0,0,0,1,0,0,0,0,1,0,0,0,1,0,0,0.08,0.4054651081081644,1,0,3.912023005428146,1992.0,2019,United States,"Dogan, C. & G.H. Akay (2019): The role of labor endowments on industry output in the short run: Evidence from U.S industries. International Review of Economics & Finance 60(C): pp. 281-291."
89,27,Gunadi (2019),1.38,0.4515477843802412,2.2146050420168066,3.056154957983193,0.1,,16.86998,1,0,0,1,0,0,0,1,1,0,0,4.382026634673881,1,0,1,0,0,0,1,0,1,0,0,0,0,0,0,0,0,1,0,0.675,1.0986122886681098,1,0,3.912023005428146,2008.0,2019,United States,"Gunadi, C. (2019): An inquiry on the impact of highly-skilled STEM immigration on the U.S. economy. Labour Economics 61(C): art. 101751."
89,27,Gunadi (2019),1.38,0.45213821311925767,2.211713080168776,3.052164050632911,0.1,,16.84795,1,0,0,1,0,0,0,1,1,0,0,4.382026634673881,1,0,1,0,0,0,1,0,1,0,0,0,0,0,0,0,0,1,0,0.675,1.0986122886681098,1,0,3.912023005428146,2008.0,2019,United States,"Gunadi, C. (2019): An inquiry on the impact of highly-skilled STEM immigration on the U.S. economy. Labour Economics 61(C): art. 101751."
89,27,Gunadi (2019),2.18,0.4651582249941855,2.1498061224489797,4.686577346938776,0.1,,40.86695,1,0,0,1,0,0,0,1,1,0,0,4.382026634673881,1,0,1,0,0,0,1,0,1,0,0,0,0,0,0,0,0,1,0,0.675,1.0986122886681098,1,0,3.912023005428146,2008.0,2019,United States,"Gunadi, C. (2019): An inquiry on the impact of highly-skilled STEM immigration on the U.S. economy. Labour Economics 61(C): art. 101751."
89,27,Gunadi (2019),1.47,0.5082179930795846,1.9676595744680858,2.892459574468086,0.1,,17.00766,1,0,0,1,0,0,0,1,1,0,0,4.382026634673881,1,0,1,0,0,0,1,0,1,0,0,0,0,0,0,0,0,1,0,0.675,1.0986122886681098,1,0,3.912023005428146,2008.0,2019,United States,"Gunadi, C. (2019): An inquiry on the impact of highly-skilled STEM immigration on the U.S. economy. Labour Economics 61(C): art. 101751."
89,27,Gunadi (2019),2.63,0.42711196533504175,2.3413064516129034,6.1576359677419354,0.1,,64.77833,1,0,0,1,0,0,0,1,1,0,0,4.382026634673881,1,0,1,0,0,0,1,0,1,0,0,0,0,0,0,0,0,1,0,0.675,1.0986122886681098,1,0,3.912023005428146,2008.0,2019,United States,"Gunadi, C. (2019): An inquiry on the impact of highly-skilled STEM immigration on the U.S. economy. Labour Economics 61(C): art. 101751."
89,27,Gunadi (2019),1.36,0.449182932533466,2.2262644628099175,3.027719669421488,0.1,,16.47079,1,0,0,1,0,0,0,1,1,0,0,4.382026634673881,1,0,1,0,0,0,1,0,1,0,0,0,0,0,0,0,0,1,0,0.675,1.0986122886681098,1,0,3.912023005428146,2008.0,2019,United States,"Gunadi, C. (2019): An inquiry on the impact of highly-skilled STEM immigration on the U.S. economy. Labour Economics 61(C): art. 101751."
89,27,Gunadi (2019),1.37,0.44718331119430016,2.236219409282701,3.0636205907173,0.1,,16.78864,1,0,0,1,0,0,0,1,1,0,0,4.382026634673881,1,0,1,0,0,0,1,0,1,0,0,0,0,0,0,0,0,1,0,0.675,1.0986122886681098,1,0,3.912023005428146,2008.0,2019,United States,"Gunadi, C. (2019): An inquiry on the impact of highly-skilled STEM immigration on the U.S. economy. Labour Economics 61(C): art. 101751."
89,27,Gunadi (2019),2.19,0.4596622440136175,2.1755104166666666,4.7643678125,0.1,,41.73586,1,0,0,1,0,0,0,1,1,0,0,4.382026634673881,1,0,1,0,0,0,1,0,1,0,0,0,0,0,0,0,0,1,0,0.675,1.0986122886681098,1,0,3.912023005428146,2008.0,2019,United States,"Gunadi, C. (2019): An inquiry on the impact of highly-skilled STEM immigration on the U.S. economy. Labour Economics 61(C): art. 101751."
89,27,Gunadi (2019),1.46,0.5050881773136554,1.9798523206751057,2.8905843881856543,0.1,,16.88101,1,0,0,1,0,0,0,1,1,0,0,4.382026634673881,1,0,1,0,0,0,1,0,1,0,0,0,0,0,0,0,0,1,0,0.675,1.0986122886681098,1,0,3.912023005428146,2008.0,2019,United States,"Gunadi, C. (2019): An inquiry on the impact of highly-skilled STEM immigration on the U.S. economy. Labour Economics 61(C): art. 101751."
89,27,Gunadi (2019),2.64,0.41992105484168973,2.3814,6.2868960000000005,0.1,,66.38963,1,0,0,1,0,0,0,1,1,0,0,4.382026634673881,1,0,1,0,0,0,1,0,1,0,0,0,0,0,0,0,0,1,0,0.675,1.0986122886681098,1,0,3.912023005428146,2008.0,2019,United States,"Gunadi, C. (2019): An inquiry on the impact of highly-skilled STEM immigration on the U.S. economy. Labour Economics 61(C): art. 101751."
90,27,Hendricks & Schoellman (2018),8.03,,,,0.3333333333333333,,,1,0,1,0,0,1,0,0,1,0,0,4.356708826689592,1,0,1,0,0,0,0,1,0,0,0,0,0,0,0,0,0,0,0,5.106,3.506557897319982,1,1,3.8918202981106265,2006.0,2018,United States,"Hendricks, L. & T. Schoellman (2018): Human Capital and Development Accounting: New Evidence from Wage Gains at Migration. The Quarterly Journal of Economics 133(2): pp. 665-700."
90,27,Hendricks & Schoellman (2018),4.84,,,,0.3333333333333333,,,1,0,1,0,0,1,0,0,1,0,0,4.356708826689592,1,0,1,0,0,0,0,1,0,0,0,0,0,0,0,0,0,0,0,5.106,3.506557897319982,1,1,3.8918202981106265,2006.0,2018,United States,"Hendricks, L. & T. Schoellman (2018): Human Capital and Development Accounting: New Evidence from Wage Gains at Migration. The Quarterly Journal of Economics 133(2): pp. 665-700."
90,27,Hendricks & Schoellman (2018),5.46,,,,0.3333333333333333,,,1,0,1,0,0,1,0,0,1,0,0,4.356708826689592,1,0,1,0,0,0,0,1,0,0,0,0,0,0,0,0,0,0,0,5.106,3.506557897319982,1,1,3.8918202981106265,2006.0,2018,United States,"Hendricks, L. & T. Schoellman (2018): Human Capital and Development Accounting: New Evidence from Wage Gains at Migration. The Quarterly Journal of Economics 133(2): pp. 665-700."
91,27,Hendricks & Schoellman (2021),7.83,,,,0.125,,,1,0,1,0,0,1,0,0,1,0,0,4.356708826689592,1,0,1,0,0,0,0,1,0,0,0,0,0,0,0,0,0,0,0,3.843,1.6094379124341003,1,0,3.9318256327243257,2006.0,2020,United States,"Hendricks, L. & T. Schoellman (2021): Skilled Labor Productivity and Cross-country Income Differences. American Economic Journal: Macroeconomics (forthcoming)."
91,27,Hendricks & Schoellman (2021),4.53,,,,0.125,,,1,0,1,0,0,1,0,0,1,0,0,4.356708826689592,1,0,1,0,0,0,0,1,0,0,0,0,0,0,0,0,0,0,0,3.843,1.6094379124341003,1,0,3.9318256327243257,2006.0,2020,United States,"Hendricks, L. & T. Schoellman (2021): Skilled Labor Productivity and Cross-country Income Differences. American Economic Journal: Macroeconomics (forthcoming)."
91,27,Hendricks & Schoellman (2021),5.15,,,,0.125,,,1,0,1,0,0,1,0,0,1,0,0,4.356708826689592,1,0,1,0,0,0,0,1,0,0,0,0,0,0,0,0,0,0,0,3.843,1.6094379124341003,1,0,3.9318256327243257,2006.0,2020,United States,"Hendricks, L. & T. Schoellman (2021): Skilled Labor Productivity and Cross-country Income Differences. American Economic Journal: Macroeconomics (forthcoming)."
91,27,Hendricks & Schoellman (2021),4.03,,,,0.125,,,1,0,1,0,0,1,0,0,1,0,0,4.356708826689592,1,0,1,0,0,0,0,1,0,0,0,0,0,0,0,0,0,0,0,3.843,1.6094379124341003,1,0,3.9318256327243257,2006.0,2020,United States,"Hendricks, L. & T. Schoellman (2021): Skilled Labor Productivity and Cross-country Income Differences. American Economic Journal: Macroeconomics (forthcoming)."
91,27,Hendricks & Schoellman (2021),4.77,,,,0.125,,,1,0,1,0,0,1,0,0,1,0,0,4.356708826689592,1,0,1,0,0,0,0,1,0,0,0,0,0,0,0,0,0,0,0,3.843,1.6094379124341003,1,0,3.9318256327243257,2006.0,2020,United States,"Hendricks, L. & T. Schoellman (2021): Skilled Labor Productivity and Cross-country Income Differences. American Economic Journal: Macroeconomics (forthcoming)."
91,27,Hendricks & Schoellman (2021),2.51,,,,0.125,,,1,0,1,0,0,1,0,0,1,0,0,4.356708826689592,1,0,1,0,0,0,0,1,0,0,0,0,0,0,0,0,0,0,0,3.843,1.6094379124341003,1,0,3.9318256327243257,2006.0,2020,United States,"Hendricks, L. & T. Schoellman (2021): Skilled Labor Productivity and Cross-country Income Differences. American Economic Journal: Macroeconomics (forthcoming)."
91,27,Hendricks & Schoellman (2021),2.17,,,,0.125,,,1,0,1,0,0,1,0,0,1,0,0,4.356708826689592,1,0,1,0,0,0,0,1,0,0,0,0,0,0,0,0,0,0,0,3.843,1.6094379124341003,1,0,3.9318256327243257,2006.0,2020,United States,"Hendricks, L. & T. Schoellman (2021): Skilled Labor Productivity and Cross-country Income Differences. American Economic Journal: Macroeconomics (forthcoming)."
91,27,Hendricks & Schoellman (2021),1.37,,,,0.125,,,1,0,1,0,0,1,0,0,1,0,0,4.356708826689592,1,0,1,0,0,0,0,1,0,0,0,0,0,0,0,0,0,0,0,3.843,1.6094379124341003,1,0,3.9318256327243257,2006.0,2020,United States,"Hendricks, L. & T. Schoellman (2021): Skilled Labor Productivity and Cross-country Income Differences. American Economic Journal: Macroeconomics (forthcoming)."
96,27,McAdam & Willman (2018),2.338,,,,0.5,,,1,0,0,1,0,0,1,0,1,0,0,4.051784947803305,1,0,1,0,0,0,1,0,1,0,0,0,1,0,0,0,1,0,0,0.342,2.03688192726104,1,0,3.8918202981106265,1985.5,2018,United States,"McAdam, P. & A., Willman (2018): Unraveling The Skill Premium. Macroeconomic Dynamics 22(1): pp. 33-62."
96,27,McAdam & Willman (2018),2.078,,,,0.5,,,1,0,0,1,0,0,1,0,1,0,0,4.051784947803305,1,0,1,0,0,0,1,0,1,0,0,0,1,0,0,0,1,0,0,0.342,2.03688192726104,1,0,3.8918202981106265,1985.5,2018,United States,"McAdam, P. & A., Willman (2018): Unraveling The Skill Premium. Macroeconomic Dynamics 22(1): pp. 33-62."
97,27,Ohanian et al. (2021),1.7574692442882252,0.370643777354283,2.698008333333333,4.741666666666666,0.1,,,1,0,0,1,0,0,0,1,1,0,0,4.143134726391533,1,0,1,0,0,0,1,0,0,0,0,0,1,1,1,0,0,1,0,1.511,0.0,0,0,3.9512437185814275,1991.0,2021,United States,"Ohanian, L.E., Orak, M., & S. Shen (2021): Revisiting Capital-Skill Complementarity, Inequality, and Labor Share. International Finance Discussion Papers 1319, Board of Governors of the Federal Reserve System (U.S.)."
97,27,Ohanian et al. (2021),1.6181229773462784,0.3141986363779181,3.1827,5.15,0.1,,,1,0,0,1,0,0,0,1,1,0,0,4.143134726391533,1,0,1,0,0,0,1,0,0,0,0,0,1,1,1,0,0,1,0,1.511,0.0,0,0,3.9512437185814275,1991.0,2021,United States,"Ohanian, L.E., Orak, M., & S. Shen (2021): Revisiting Capital-Skill Complementarity, Inequality, and Labor Share. International Finance Discussion Papers 1319, Board of Governors of the Federal Reserve System (U.S.)."
97,27,Ohanian et al. (2021),1.639344262295082,0.5106154259607633,1.9584210526315788,3.2105263157894735,0.1,,,1,0,0,1,0,0,0,1,1,0,0,3.901972669574645,1,0,1,0,0,0,1,0,0,0,0,0,1,1,1,0,0,1,0,1.511,0.0,0,0,3.9512437185814275,1977.5,2021,United States,"Ohanian, L.E., Orak, M., & S. Shen (2021): Revisiting Capital-Skill Complementarity, Inequality, and Labor Share. International Finance Discussion Papers 1319, Board of Governors of the Federal Reserve System (U.S.)."
97,27,Ohanian et al. (2021),1.733102253032929,0.5106193813095286,1.9584058823529409,3.394117647058823,0.1,,,1,0,0,1,0,0,0,1,1,0,0,4.143134726391533,1,0,1,0,0,0,1,0,0,0,0,0,1,1,1,0,0,1,0,1.511,0.0,0,0,3.9512437185814275,1991.0,2021,United States,"Ohanian, L.E., Orak, M., & S. Shen (2021): Revisiting Capital-Skill Complementarity, Inequality, and Labor Share. International Finance Discussion Papers 1319, Board of Governors of the Federal Reserve System (U.S.)."
97,27,Ohanian et al. (2021),1.697792869269949,0.6918001504665328,1.4455041666666666,2.4541666666666666,0.1,,,1,0,0,1,0,0,0,1,1,0,0,3.901972669574645,1,0,1,0,0,0,1,0,0,0,0,0,1,1,1,0,0,1,0,1.511,0.0,0,0,3.9512437185814275,1977.5,2021,United States,"Ohanian, L.E., Orak, M., & S. Shen (2021): Revisiting Capital-Skill Complementarity, Inequality, and Labor Share. International Finance Discussion Papers 1319, Board of Governors of the Federal Reserve System (U.S.)."
97,27,Ohanian et al. (2021),1.7730496453900708,0.6287410090035711,1.5904800000000003,2.8200000000000003,0.1,,,1,0,0,1,0,0,0,1,1,0,0,3.901972669574645,1,0,1,0,0,0,1,0,0,0,0,0,1,1,1,0,0,1,0,1.511,0.0,0,0,3.9512437185814275,1977.5,2021,United States,"Ohanian, L.E., Orak, M., & S. Shen (2021): Revisiting Capital-Skill Complementarity, Inequality, and Labor Share. International Finance Discussion Papers 1319, Board of Governors of the Federal Reserve System (U.S.)."
97,27,Ohanian et al. (2021),1.7699115044247788,0.595191479364085,1.680131578947368,2.9736842105263155,0.1,,,1,0,0,1,0,0,0,1,1,0,0,3.901972669574645,1,0,1,0,0,0,1,0,0,0,0,0,1,1,1,0,0,1,0,1.511,0.0,0,0,3.9512437185814275,1977.5,2021,United States,"Ohanian, L.E., Orak, M., & S. Shen (2021): Revisiting Capital-Skill Complementarity, Inequality, and Labor Share. International Finance Discussion Papers 1319, Board of Governors of the Federal Reserve System (U.S.)."
97,27,Ohanian et al. (2021),1.7182130584192439,0.5609286616832582,1.7827578947368428,3.0631578947368427,0.1,,,1,0,0,1,0,0,0,1,1,0,0,4.143134726391533,1,0,1,0,0,0,1,0,0,0,0,0,1,1,1,0,0,1,0,1.511,0.0,0,0,3.9512437185814275,1991.0,2021,United States,"Ohanian, L.E., Orak, M., & S. Shen (2021): Revisiting Capital-Skill Complementarity, Inequality, and Labor Share. International Finance Discussion Papers 1319, Board of Governors of the Federal Reserve System (U.S.)."
97,27,Ohanian et al. (2021),1.5360983102918586,0.5427075443427457,1.842613043478261,2.830434782608696,0.1,,,1,0,0,1,0,0,0,1,1,0,0,3.901972669574645,1,0,1,0,0,0,1,0,0,0,0,0,1,1,1,0,0,1,0,1.511,0.0,0,0,3.9512437185814275,1977.5,2021,United States,"Ohanian, L.E., Orak, M., & S. Shen (2021): Revisiting Capital-Skill Complementarity, Inequality, and Labor Share. International Finance Discussion Papers 1319, Board of Governors of the Federal Reserve System (U.S.)."
97,27,Ohanian et al. (2021),1.5360983102918586,0.3303437226434104,3.0271500000000007,4.650000000000001,0.1,,,1,0,0,1,0,0,0,1,1,0,0,4.143134726391533,1,0,1,0,0,0,1,0,0,0,0,0,1,1,1,0,0,1,0,1.511,0.0,0,0,3.9512437185814275,1991.0,2021,United States,"Ohanian, L.E., Orak, M., & S. Shen (2021): Revisiting Capital-Skill Complementarity, Inequality, and Labor Share. International Finance Discussion Papers 1319, Board of Governors of the Federal Reserve System (U.S.)."
98,27,Ottaviano & Peri (2012),6.25,4.6875,0.21333333333333335,1.3333333333333333,0.05,,40.82483,1,0,0,0,1,0,0,1,1,0,0,4.007333185232471,1,0,1,0,0,0,1,0,1,0,0,0,0,0,0,1,0,1,0,2.282,5.373734005832791,1,0,3.7612001156935624,1983.0,2012,United States,"Ottaviano, G.I.P. & G. Peri (2012): Rethinking The Effect Of Immigration On Wages. Journal of the European Economic Association 10(1), pp. 152-197."
98,27,Ottaviano & Peri (2012),6.25,5.859374999999999,0.1706666666666667,1.0666666666666669,0.05,,32.65986,1,0,0,0,1,0,0,1,1,0,0,4.007333185232471,1,0,1,0,0,0,1,0,1,0,0,0,0,0,0,1,0,1,0,2.282,5.373734005832791,1,0,3.7612001156935624,1983.0,2012,United States,"Ottaviano, G.I.P. & G. Peri (2012): Rethinking The Effect Of Immigration On Wages. Journal of the European Economic Association 10(1), pp. 152-197."
98,27,Ottaviano & Peri (2012),6.666666666666667,4.444444444444445,0.22499999999999998,1.5,0.05,,48.9898,1,0,0,0,1,0,0,1,1,0,0,4.007333185232471,1,0,1,0,0,0,1,0,1,0,0,0,0,0,0,1,0,1,0,2.282,5.373734005832791,1,0,3.7612001156935624,1983.0,2012,United States,"Ottaviano, G.I.P. & G. Peri (2012): Rethinking The Effect Of Immigration On Wages. Journal of the European Economic Association 10(1), pp. 152-197."
98,27,Ottaviano & Peri (2012),5.88235294117647,3.460207612456747,0.28900000000000003,1.7,0.05,,48.9898,1,0,0,0,1,0,0,1,1,0,0,4.007333185232471,1,0,1,0,0,0,1,0,1,0,0,0,0,0,0,1,0,1,0,2.282,5.373734005832791,1,0,3.7612001156935624,1983.0,2012,United States,"Ottaviano, G.I.P. & G. Peri (2012): Rethinking The Effect Of Immigration On Wages. Journal of the European Economic Association 10(1), pp. 152-197."
98,27,Ottaviano & Peri (2012),3.571428571428571,1.2755102040816326,0.784,2.8,0.05,,48.9898,1,0,0,0,1,0,0,1,1,0,0,4.007333185232471,1,0,1,0,0,0,1,0,1,0,0,0,0,0,0,1,0,1,0,2.282,5.373734005832791,1,0,3.7612001156935624,1983.0,2012,United States,"Ottaviano, G.I.P. & G. Peri (2012): Rethinking The Effect Of Immigration On Wages. Journal of the European Economic Association 10(1), pp. 152-197."
98,27,Ottaviano & Peri (2012),2.941176470588235,1.2110726643598615,0.8257142857142857,2.4285714285714284,0.05,,34.99271,1,0,0,0,1,0,0,1,1,0,0,4.007333185232471,1,0,1,0,0,0,1,0,1,0,0,0,0,0,0,1,0,1,0,2.282,5.373734005832791,1,0,3.7612001156935624,1983.0,2012,United States,"Ottaviano, G.I.P. & G. Peri (2012): Rethinking The Effect Of Immigration On Wages. Journal of the European Economic Association 10(1), pp. 152-197."
98,27,Ottaviano & Peri (2012),3.3333333333333335,1.2222222222222223,0.8181818181818181,2.727272727272727,0.05,,44.53618,1,0,0,0,1,0,0,1,1,0,0,4.007333185232471,1,0,1,0,0,0,1,0,1,0,0,0,0,0,0,1,0,1,0,2.282,5.373734005832791,1,0,3.7612001156935624,1983.0,2012,United States,"Ottaviano, G.I.P. & G. Peri (2012): Rethinking The Effect Of Immigration On Wages. Journal of the European Economic Association 10(1), pp. 152-197."
98,27,Ottaviano & Peri (2012),2.3255813953488373,0.8653326122228232,1.155625,2.6875,0.05,,30.61862,1,0,0,0,1,0,0,1,1,0,0,4.007333185232471,1,0,1,0,0,0,1,0,1,0,0,0,0,0,0,1,0,1,0,2.282,5.373734005832791,1,0,3.7612001156935624,1983.0,2012,United States,"Ottaviano, G.I.P. & G. Peri (2012): Rethinking The Effect Of Immigration On Wages. Journal of the European Economic Association 10(1), pp. 152-197."
98,27,Ottaviano & Peri (2012),4.545454545454546,2.479338842975207,0.4033333333333333,1.8333333333333333,0.05,,115.4701,1,0,0,0,1,0,0,1,1,0,0,4.007333185232471,1,0,1,0,0,0,1,0,1,0,0,0,0,0,0,1,0,1,0,2.282,5.373734005832791,1,0,3.7612001156935624,1983.0,2012,United States,"Ottaviano, G.I.P. & G. Peri (2012): Rethinking The Effect Of Immigration On Wages. Journal of the European Economic Association 10(1), pp. 152-197."
98,27,Ottaviano & Peri (2012),4.0,1.76,0.5681818181818182,2.272727272727273,0.05,,125.9673,1,0,0,0,1,0,0,1,1,0,0,4.007333185232471,1,0,1,0,0,0,1,0,1,0,0,0,0,0,0,1,0,1,0,2.282,5.373734005832791,1,0,3.7612001156935624,1983.0,2012,United States,"Ottaviano, G.I.P. & G. Peri (2012): Rethinking The Effect Of Immigration On Wages. Journal of the European Economic Association 10(1), pp. 152-197."
98,27,Ottaviano & Peri (2012),4.3478260869565215,2.0793950850661624,0.48090909090909095,2.090909090909091,0.05,,125.9673,1,0,0,0,1,0,0,1,1,0,0,4.007333185232471,1,0,1,0,0,0,1,0,1,0,0,0,0,0,0,1,0,1,0,2.282,5.373734005832791,1,0,3.7612001156935624,1983.0,2012,United States,"Ottaviano, G.I.P. & G. Peri (2012): Rethinking The Effect Of Immigration On Wages. Journal of the European Economic Association 10(1), pp. 152-197."
98,27,Ottaviano & Peri (2012),3.571428571428571,1.1479591836734693,0.8711111111111112,3.111111111111111,0.05,,153.9601,1,0,0,0,1,0,0,1,1,0,0,4.007333185232471,1,0,1,0,0,0,1,0,1,0,0,0,0,0,0,1,0,1,0,2.282,5.373734005832791,1,0,3.7612001156935624,1983.0,2012,United States,"Ottaviano, G.I.P. & G. Peri (2012): Rethinking The Effect Of Immigration On Wages. Journal of the European Economic Association 10(1), pp. 152-197."
98,27,Ottaviano & Peri (2012),25.0,18.75,0.05333333333333334,1.3333333333333333,0.05,,461.8802,1,0,0,0,1,0,0,1,1,0,0,4.007333185232471,1,0,1,0,0,0,1,0,1,0,0,0,0,0,0,1,0,1,0,2.282,5.373734005832791,1,0,3.7612001156935624,1983.0,2012,United States,"Ottaviano, G.I.P. & G. Peri (2012): Rethinking The Effect Of Immigration On Wages. Journal of the European Economic Association 10(1), pp. 152-197."
98,27,Ottaviano & Peri (2012),50.0,100.0,0.01,0.5,0.05,,346.4102,1,0,0,0,1,0,0,1,1,0,0,4.007333185232471,1,0,1,0,0,0,1,0,1,0,0,0,0,0,0,1,0,1,0,2.282,5.373734005832791,1,0,3.7612001156935624,1983.0,2012,United States,"Ottaviano, G.I.P. & G. Peri (2012): Rethinking The Effect Of Immigration On Wages. Journal of the European Economic Association 10(1), pp. 152-197."
98,27,Ottaviano & Peri (2012),50.0,75.0,0.013333333333333334,0.6666666666666666,0.05,,461.8802,1,0,0,0,1,0,0,1,1,0,0,4.007333185232471,1,0,1,0,0,0,1,0,1,0,0,0,0,0,0,1,0,1,0,2.282,5.373734005832791,1,0,3.7612001156935624,1983.0,2012,United States,"Ottaviano, G.I.P. & G. Peri (2012): Rethinking The Effect Of Immigration On Wages. Journal of the European Economic Association 10(1), pp. 152-197."
98,27,Ottaviano & Peri (2012),33.333333333333336,33.333333333333336,0.03,1.0,0.05,,461.8802,1,0,0,0,1,0,0,1,1,0,0,4.007333185232471,1,0,1,0,0,0,1,0,1,0,0,0,0,0,0,1,0,1,0,2.282,5.373734005832791,1,0,3.7612001156935624,1983.0,2012,United States,"Ottaviano, G.I.P. & G. Peri (2012): Rethinking The Effect Of Immigration On Wages. Journal of the European Economic Association 10(1), pp. 152-197."
98,27,Ottaviano & Peri (2012),1.8518518518518516,0.24005486968449932,4.1657142857142855,7.7142857142857135,0.05,,94.76071,1,0,0,1,0,0,0,1,1,0,0,4.02535169073515,1,0,1,0,0,0,1,0,1,0,0,0,0,0,0,0,0,1,0,2.282,5.373734005832791,1,0,3.7612001156935624,1984.0,2012,United States,"Ottaviano, G.I.P. & G. Peri (2012): Rethinking The Effect Of Immigration On Wages. Journal of the European Economic Association 10(1), pp. 152-197."
98,27,Ottaviano & Peri (2012),3.125,0.78125,1.28,4.0,0.05,,82.91562,1,0,0,1,0,0,0,1,1,0,0,4.02535169073515,1,0,1,0,0,0,1,0,1,0,0,0,0,0,0,0,0,1,0,2.282,5.373734005832791,1,0,3.7612001156935624,1984.0,2012,United States,"Ottaviano, G.I.P. & G. Peri (2012): Rethinking The Effect Of Immigration On Wages. Journal of the European Economic Association 10(1), pp. 152-197."
98,27,Ottaviano & Peri (2012),1.5151515151515151,0.20661157024793386,4.840000000000001,7.333333333333334,0.05,,73.70277,1,0,0,1,0,0,0,1,1,0,0,4.02535169073515,1,0,1,0,0,0,1,0,1,0,0,0,0,0,0,0,0,1,0,2.282,5.373734005832791,1,0,3.7612001156935624,1984.0,2012,United States,"Ottaviano, G.I.P. & G. Peri (2012): Rethinking The Effect Of Immigration On Wages. Journal of the European Economic Association 10(1), pp. 152-197."
98,27,Ottaviano & Peri (2012),1.923076923076923,0.29585798816568043,3.3800000000000003,6.5,0.05,,75.0,1,0,0,1,0,0,0,1,1,0,0,4.0943445622221,1,0,1,0,0,0,1,0,1,0,0,0,0,0,0,0,0,1,0,2.282,5.373734005832791,1,0,3.7612001156935624,1988.0,2012,United States,"Ottaviano, G.I.P. & G. Peri (2012): Rethinking The Effect Of Immigration On Wages. Journal of the European Economic Association 10(1), pp. 152-197."
7,28,Behar (2010),-0.0651,0.0196,51.02040816326531,-3.3214285714285716,0.02631578947368421,364.1971,,0,1,0,1,0,0,0,1,1,0,1,4.0943445622221,0,0,0,0,0,1,0,0,0,0,0,0,0,0,0,0,1,0,0,0.553,0.36772478012531734,0,0,3.713572066704308,1988.0,2010,World,"Behar, A. (2010): The elasticity of substitution between skilled and unskilled labor in developing countries is about 2. Technical report, Department of Economics, University of Oxford."
7,28,Behar (2010),-0.25,0.0776,12.88659793814433,-3.2216494845360826,0.02631578947368421,92.92657,,0,1,0,1,0,0,0,1,1,0,1,4.0943445622221,0,0,0,0,0,1,0,0,0,0,0,0,0,0,0,0,1,0,0,0.553,0.36772478012531734,0,0,3.713572066704308,1988.0,2010,World,"Behar, A. (2010): The elasticity of substitution between skilled and unskilled labor in developing countries is about 2. Technical report, Department of Economics, University of Oxford."
18,28,Bowles (1970),12.03369434416366,2.650593467877458,0.377274,4.54,0.2,,,1,0,0,1,0,0,0,1,1,0,1,3.713572066704308,0,0,0,0,0,1,0,0,0,0,0,0,0,0,0,0,1,0,0,3.567,1.2556741787028265,1,1,0.0,1969.0,1970,World,"Bowles, S. (1970): Aggregation of labor inputs in the economics of growth and planning: Experiments with a two-level CES function. Journal of Political Economy 78(1): pp. 68-81."
18,28,Bowles (1970),6.443298969072165,2.0585619709495733,0.48577600000000004,3.1300000000000003,0.2,,,1,0,0,1,0,0,0,1,1,0,1,3.713572066704308,0,0,0,0,0,1,0,0,0,0,0,0,0,0,0,0,1,0,0,3.567,1.2556741787028265,1,1,0.0,1969.0,1970,World,"Bowles, S. (1970): Aggregation of labor inputs in the economics of growth and planning: Experiments with a two-level CES function. Journal of Political Economy 78(1): pp. 68-81."
18,28,Bowles (1970),204.08163265306123,4164.931278633902,0.0002401,0.049,0.2,,,1,0,0,1,0,0,0,1,1,0,1,3.713572066704308,0,0,0,0,0,1,0,0,0,0,0,0,0,0,0,0,1,0,0,3.567,1.2556741787028265,1,1,0.0,1969.0,1970,World,"Bowles, S. (1970): Aggregation of labor inputs in the economics of growth and planning: Experiments with a two-level CES function. Journal of Political Economy 78(1): pp. 68-81."
18,28,Bowles (1970),8.051529790660226,1.5588634638257939,0.641493,5.165,0.2,,,1,0,0,1,0,0,0,1,1,0,1,3.713572066704308,0,0,0,0,0,1,0,0,0,0,0,0,0,0,0,0,1,0,0,3.567,1.2556741787028265,1,1,0.0,1969.0,1970,World,"Bowles, S. (1970): Aggregation of labor inputs in the economics of growth and planning: Experiments with a two-level CES function. Journal of Political Economy 78(1): pp. 68-81."
18,28,Bowles (1970),5.868544600938967,1.0908075466429308,0.9167519999999999,5.38,0.2,,,1,0,0,1,0,0,0,1,1,0,1,3.713572066704308,0,0,0,0,0,1,0,0,0,0,0,0,0,0,0,0,1,0,0,3.567,1.2556741787028265,1,1,0.0,1969.0,1970,World,"Bowles, S. (1970): Aggregation of labor inputs in the economics of growth and planning: Experiments with a two-level CES function. Journal of Political Economy 78(1): pp. 68-81."
24,28,Das (1999),0.8272,0.026223687547552627,38.13346228239845,31.544,0.16666666666666666,,138.0722,1,0,0,1,0,0,0,1,1,0,1,4.219507705176107,0,0,0,0,0,0,1,0,0,0,0,0,0,0,0,0,1,0,0,0.191,0.13976194237515863,0,0,3.4011973816621555,1996.0,1999,World,"Das, G. G. (1999): What is assumed in the GTAP database's disaggregation of labor by skill level? Monash Economic Working Papers IP-75, Centre of Policy Studies and Department of Economics, Monash University."
24,28,Das (1999),0.6757,0.03719790806496009,26.88323220364067,18.165,0.16666666666666666,,73.64454,1,0,0,1,0,0,0,1,1,0,1,4.219507705176107,0,0,0,0,0,0,1,0,0,0,0,0,0,0,0,0,1,0,0,0.191,0.13976194237515863,0,0,3.4011973816621555,1996.0,1999,World,"Das, G. G. (1999): What is assumed in the GTAP database's disaggregation of labor by skill level? Monash Economic Working Papers IP-75, Centre of Policy Studies and Department of Economics, Monash University."
24,28,Das (1999),0.6644,0.04103767757875231,24.367850692354008,16.19,0.16666666666666666,,63.63712,1,0,0,1,0,0,0,1,1,0,1,4.219507705176107,0,0,0,0,0,0,1,0,0,0,0,0,0,0,0,0,1,0,0,0.191,0.13976194237515863,0,0,3.4011973816621555,1996.0,1999,World,"Das, G. G. (1999): What is assumed in the GTAP database's disaggregation of labor by skill level? Monash Economic Working Papers IP-75, Centre of Policy Studies and Department of Economics, Monash University."
24,28,Das (1999),0.6692,0.051969029813076134,19.24222952779438,12.8769,0.16666666666666666,,47.19846,1,0,0,1,0,0,0,1,1,0,1,4.219507705176107,0,0,0,0,0,0,1,0,0,0,0,0,0,0,0,0,1,0,0,0.191,0.13976194237515863,0,0,3.4011973816621555,1996.0,1999,World,"Das, G. G. (1999): What is assumed in the GTAP database's disaggregation of labor by skill level? Monash Economic Working Papers IP-75, Centre of Policy Studies and Department of Economics, Monash University."
24,28,Das (1999),0.7064,0.04735758867815745,21.115939977349942,14.9163,0.16666666666666666,,56.74281,1,0,0,1,0,0,0,1,1,0,1,4.219507705176107,0,0,0,0,0,0,1,0,0,0,0,0,0,0,0,0,1,0,0,0.191,0.13976194237515863,0,0,3.4011973816621555,1996.0,1999,World,"Das, G. G. (1999): What is assumed in the GTAP database's disaggregation of labor by skill level? Monash Economic Working Papers IP-75, Centre of Policy Studies and Department of Economics, Monash University."
24,28,Das (1999),0.8272,0.026223687547552627,38.13346228239845,31.544,0.16666666666666666,,138.0722,1,0,0,1,0,0,0,1,1,0,1,4.219507705176107,0,0,0,0,0,0,1,0,0,0,0,0,0,0,0,0,1,0,0,0.191,0.13976194237515863,0,0,3.4011973816621555,1996.0,1999,World,"Das, G. G. (1999): What is assumed in the GTAP database's disaggregation of labor by skill level? Monash Economic Working Papers IP-75, Centre of Policy Studies and Department of Economics, Monash University."
29,28,Fallon & Layard (1975),1.4925373134328357,0.13568521031207598,7.37,11.0,0.043478260869565216,,77.00682,1,0,0,1,0,0,0,1,1,0,1,3.6375861597263857,0,0,0,0,0,0,1,0,0,0,0,0,1,0,0,0,0,1,0,3.567,1.9328380674879606,1,1,1.791759469228055,1966.0,1975,World,"Fallon, P. R. & P. R. G. Layard (1975): Capital-skill complementarity, income distribution, and output accounting. Journal of Political Economy 83(2): pp. 279-302."
29,28,Fallon & Layard (1975),1.0416666666666667,0.12254901960784313,8.16,8.500000000000002,0.043478260869565216,,41.52972,1,0,0,1,0,0,0,1,1,0,1,3.6375861597263857,0,0,0,0,0,0,1,0,0,0,0,0,1,0,0,0,0,1,0,3.567,1.9328380674879606,1,1,1.791759469228055,1966.0,1975,World,"Fallon, P. R. & P. R. G. Layard (1975): Capital-skill complementarity, income distribution, and output accounting. Journal of Political Economy 83(2): pp. 279-302."
29,28,Fallon & Layard (1975),0.61,0.12000000000786885,8.333333332786886,5.083333333,0.043478260869565216,,14.5442,1,0,0,1,0,0,1,0,1,0,1,3.6375861597263857,0,0,0,0,0,0,1,0,0,0,1,0,1,0,0,0,0,1,0,3.567,1.9328380674879606,1,1,1.791759469228055,1966.0,1975,World,"Fallon, P. R. & P. R. G. Layard (1975): Capital-skill complementarity, income distribution, and output accounting. Journal of Political Economy 83(2): pp. 279-302."
29,28,Fallon & Layard (1975),0.7,0.12962962962962962,7.714285714285714,5.4,0.043478260869565216,28.86421,,0,1,0,1,0,0,1,0,1,0,1,3.713572066704308,0,0,0,0,0,0,1,0,0,0,1,0,1,0,0,0,0,1,0,3.567,1.9328380674879606,1,1,1.791759469228055,1969.0,1975,World,"Fallon, P. R. & P. R. G. Layard (1975): Capital-skill complementarity, income distribution, and output accounting. Journal of Political Economy 83(2): pp. 279-302."
29,28,Fallon & Layard (1975),0.44,0.16296296296296295,6.136363636363637,2.7,0.043478260869565216,22.96017,,0,1,0,1,0,0,1,0,1,0,1,3.713572066704308,0,0,0,0,0,0,1,0,0,0,1,0,1,0,0,0,0,1,0,3.567,1.9328380674879606,1,1,1.791759469228055,1969.0,1975,World,"Fallon, P. R. & P. R. G. Layard (1975): Capital-skill complementarity, income distribution, and output accounting. Journal of Political Economy 83(2): pp. 279-302."
29,28,Fallon & Layard (1975),0.89,0.24722222222222223,4.044943820224719,3.6,0.043478260869565216,15.13479,,0,1,0,1,0,0,1,0,1,0,1,3.713572066704308,0,0,0,0,0,0,1,0,0,0,1,0,1,0,0,0,0,1,0,3.567,1.9328380674879606,1,1,1.791759469228055,1969.0,1975,World,"Fallon, P. R. & P. R. G. Layard (1975): Capital-skill complementarity, income distribution, and output accounting. Journal of Political Economy 83(2): pp. 279-302."
29,28,Fallon & Layard (1975),0.9,0.2571428571428572,3.8888888888888884,3.5,0.043478260869565216,14.55089,,0,1,0,1,0,0,1,0,1,0,1,3.713572066704308,0,0,0,0,0,0,1,0,0,0,1,0,1,0,0,0,0,1,0,3.567,1.9328380674879606,1,1,1.791759469228055,1969.0,1975,World,"Fallon, P. R. & P. R. G. Layard (1975): Capital-skill complementarity, income distribution, and output accounting. Journal of Political Economy 83(2): pp. 279-302."
29,28,Fallon & Layard (1975),1.11,0.1656716417910448,6.036036036036036,6.7,0.043478260869565216,24.14414,,0,1,0,1,0,0,1,0,1,0,1,3.713572066704308,0,0,0,0,1,0,1,0,0,0,1,0,1,0,0,0,0,1,0,3.567,1.9328380674879606,1,1,1.791759469228055,1969.0,1975,World,"Fallon, P. R. & P. R. G. Layard (1975): Capital-skill complementarity, income distribution, and output accounting. Journal of Political Economy 83(2): pp. 279-302."
29,28,Fallon & Layard (1975),0.63,0.16578947368421054,6.031746031746031,3.8,0.043478260869565216,24.12699,,0,1,0,1,0,0,1,0,1,0,1,3.713572066704308,0,0,0,0,1,0,1,0,0,0,1,0,1,0,0,0,0,1,0,3.567,1.9328380674879606,1,1,1.791759469228055,1969.0,1975,World,"Fallon, P. R. & P. R. G. Layard (1975): Capital-skill complementarity, income distribution, and output accounting. Journal of Political Economy 83(2): pp. 279-302."
29,28,Fallon & Layard (1975),0.69,0.16829268292682928,5.942028985507246,4.1,0.043478260869565216,23.76812,,0,1,0,1,0,0,1,0,1,0,1,3.713572066704308,0,0,0,0,0,0,1,0,0,0,1,0,1,0,0,0,0,1,0,3.567,1.9328380674879606,1,1,1.791759469228055,1969.0,1975,World,"Fallon, P. R. & P. R. G. Layard (1975): Capital-skill complementarity, income distribution, and output accounting. Journal of Political Economy 83(2): pp. 279-302."
29,28,Fallon & Layard (1975),1.16,0.27619047619047615,3.620689655172414,4.2,0.043478260869565216,14.48276,,0,1,0,1,0,0,1,0,1,0,1,3.713572066704308,0,0,0,0,1,0,1,0,0,0,1,0,1,0,0,0,0,1,0,3.567,1.9328380674879606,1,1,1.791759469228055,1969.0,1975,World,"Fallon, P. R. & P. R. G. Layard (1975): Capital-skill complementarity, income distribution, and output accounting. Journal of Political Economy 83(2): pp. 279-302."
29,28,Fallon & Layard (1975),1.03,0.2861111111111111,3.4951456310679614,3.6,0.043478260869565216,13.98058,,0,1,0,1,0,0,1,0,1,0,1,3.713572066704308,0,0,0,0,0,0,1,0,0,0,1,0,1,0,0,0,0,1,0,3.567,1.9328380674879606,1,1,1.791759469228055,1969.0,1975,World,"Fallon, P. R. & P. R. G. Layard (1975): Capital-skill complementarity, income distribution, and output accounting. Journal of Political Economy 83(2): pp. 279-302."
29,28,Fallon & Layard (1975),1.09,0.17868852459016396,5.596330275229357,6.1,0.043478260869565216,22.38532,,0,1,0,1,0,0,1,0,1,0,1,3.713572066704308,0,0,0,0,0,0,1,0,0,0,1,0,1,0,0,0,0,1,0,3.567,1.9328380674879606,1,1,1.791759469228055,1969.0,1975,World,"Fallon, P. R. & P. R. G. Layard (1975): Capital-skill complementarity, income distribution, and output accounting. Journal of Political Economy 83(2): pp. 279-302."
29,28,Fallon & Layard (1975),1.66,0.210126582278481,4.759036144578314,7.9,0.043478260869565216,19.03614,,0,1,0,1,0,0,1,0,1,0,1,3.713572066704308,0,0,0,0,1,0,1,0,0,0,1,0,1,0,0,0,0,1,0,3.567,1.9328380674879606,1,1,1.791759469228055,1969.0,1975,World,"Fallon, P. R. & P. R. G. Layard (1975): Capital-skill complementarity, income distribution, and output accounting. Journal of Political Economy 83(2): pp. 279-302."
29,28,Fallon & Layard (1975),0.63,0.196875,5.079365079365079,3.2,0.043478260869565216,20.31746,,0,1,0,1,0,0,1,0,1,0,1,3.713572066704308,0,0,0,0,0,0,1,0,0,0,1,0,1,0,0,0,0,1,0,3.567,1.9328380674879606,1,1,1.791759469228055,1969.0,1975,World,"Fallon, P. R. & P. R. G. Layard (1975): Capital-skill complementarity, income distribution, and output accounting. Journal of Political Economy 83(2): pp. 279-302."
29,28,Fallon & Layard (1975),0.48,0.17142857142857143,5.833333333333333,2.8,0.043478260869565216,22.5924,,0,1,0,1,0,0,1,0,1,0,1,3.713572066704308,0,0,0,0,0,0,1,0,0,0,1,0,1,0,0,0,0,1,0,3.567,1.9328380674879606,1,1,1.791759469228055,1969.0,1975,World,"Fallon, P. R. & P. R. G. Layard (1975): Capital-skill complementarity, income distribution, and output accounting. Journal of Political Economy 83(2): pp. 279-302."
29,28,Fallon & Layard (1975),0.93,0.17884615384615385,5.591397849462365,5.2,0.043478260869565216,21.65539,,0,1,0,1,0,0,1,0,1,0,1,3.713572066704308,0,0,0,0,0,0,1,0,0,0,1,0,1,0,0,0,0,1,0,3.567,1.9328380674879606,1,1,1.791759469228055,1969.0,1975,World,"Fallon, P. R. & P. R. G. Layard (1975): Capital-skill complementarity, income distribution, and output accounting. Journal of Political Economy 83(2): pp. 279-302."
29,28,Fallon & Layard (1975),1.45,0.20422535211267606,4.896551724137931,7.1,0.043478260869565216,18.96426,,0,1,0,1,0,0,1,0,1,0,1,3.713572066704308,0,0,0,0,0,0,1,0,0,0,1,0,1,0,0,0,0,1,0,3.567,1.9328380674879606,1,1,1.791759469228055,1969.0,1975,World,"Fallon, P. R. & P. R. G. Layard (1975): Capital-skill complementarity, income distribution, and output accounting. Journal of Political Economy 83(2): pp. 279-302."
29,28,Fallon & Layard (1975),0.84,0.21,4.761904761904762,4.0,0.043478260869565216,18.44278,,0,1,0,1,0,0,1,0,1,0,1,3.713572066704308,0,0,0,0,0,0,1,0,0,0,1,0,1,0,0,0,0,1,0,3.567,1.9328380674879606,1,1,1.791759469228055,1969.0,1975,World,"Fallon, P. R. & P. R. G. Layard (1975): Capital-skill complementarity, income distribution, and output accounting. Journal of Political Economy 83(2): pp. 279-302."
51,28,Klenow & Rodriguez-Clare (1997),65.0,,,,1.0,,,1,0,0,1,0,0,0,1,1,0,0,3.8066624897703196,0,0,0,0,0,0,1,0,0,0,0,0,0,0,0,0,0,0,0,0.07,4.492205070945046,1,0,3.332204510175204,1973.0,1997,World,"Klenow, P. J. & A. Rodriguez-Clare (1997): The neoclassical revival in growth economics: Has it gone too far? NBER Macroeconomics Annual 17: pp. 73-114."
57,28,Malmberg (2018),1.21,,,,1.0,,,1,0,0,1,0,0,0,1,1,0,1,4.406719247264253,0,0,0,0,0,0,1,0,0,0,0,0,0,0,1,0,1,0,0,0.0,0.0,0,0,3.8918202981106265,2010.0,2018,World,"Malmberg, H. (2018): How does the e ciency of skilled labpr vary across rich and poor countries? An analysis using trade and industry data. Working paper, Stanford Institute for Economic Policy Research, Stanford University."
60,28,Mello (2011),1.1519410206197442,0.11013835354387604,9.079489277108433,10.459036144578311,0.08333333333333333,,215.1876,1,0,0,1,0,0,0,1,1,0,0,4.110873864173311,0,0,0,0,0,0,1,0,1,0,0,0,1,0,0,0,1,0,0,0.0,0.0,1,0,3.7376696182833684,1989.0,2011,World,"Mello, M. (2011): Another look at panel estimates of the elasticity of substitution. Working paper, IBMEC Business School, Rio de Janeiro."
60,28,Mello (2011),1.300221037576388,0.11834023225893534,8.450211571428571,10.987142857142857,0.08333333333333333,,255.151,1,0,0,1,0,0,0,1,1,0,0,4.110873864173311,0,0,0,0,0,0,1,0,1,0,0,0,1,0,1,0,1,0,0,0.0,0.0,1,0,3.7376696182833684,1989.0,2011,World,"Mello, M. (2011): Another look at panel estimates of the elasticity of substitution. Working paper, IBMEC Business School, Rio de Janeiro."
60,28,Mello (2011),1.2655024044545684,0.10089426914785854,9.911365714285713,12.542857142857141,0.08333333333333333,,283.5011,1,0,0,1,0,0,0,1,1,0,0,4.110873864173311,0,0,0,0,0,0,1,0,0,0,0,0,1,0,1,1,1,0,0,0.0,0.0,1,0,3.7376696182833684,1989.0,2011,World,"Mello, M. (2011): Another look at panel estimates of the elasticity of substitution. Working paper, IBMEC Business School, Rio de Janeiro."
60,28,Mello (2011),1.1766090128250382,0.1605914172110889,6.226982844827585,7.326724137931032,0.08333333333333333,,142.4372,1,0,0,1,0,0,0,1,1,0,0,4.110873864173311,0,0,0,0,0,0,1,0,1,0,0,0,1,0,1,0,0,1,0,0.0,0.0,1,0,3.7376696182833684,1989.0,2011,World,"Mello, M. (2011): Another look at panel estimates of the elasticity of substitution. Working paper, IBMEC Business School, Rio de Janeiro."
60,28,Mello (2011),1.0257462303826033,0.05786854310292664,17.280545636363637,17.725454545454543,0.08333333333333333,,324.7377,1,0,0,1,0,0,0,1,1,0,0,4.110873864173311,0,0,0,0,0,0,1,0,1,0,0,0,1,0,0,0,1,0,0,0.0,0.0,1,0,3.7376696182833684,1989.0,2011,World,"Mello, M. (2011): Another look at panel estimates of the elasticity of substitution. Working paper, IBMEC Business School, Rio de Janeiro."
60,28,Mello (2011),1.118067978533095,0.08125494030037027,12.306944,13.76,0.08333333333333333,,274.778,1,0,0,1,0,0,0,1,1,0,0,4.110873864173311,0,0,0,0,0,0,1,0,1,0,0,0,1,0,1,0,1,0,0,0.0,0.0,1,0,3.7376696182833684,1989.0,2011,World,"Mello, M. (2011): Another look at panel estimates of the elasticity of substitution. Working paper, IBMEC Business School, Rio de Janeiro."
60,28,Mello (2011),1.0997470581766193,0.06289106678234269,15.900509423076924,17.486538461538462,0.08333333333333333,,343.4725,1,0,0,1,0,0,0,1,1,0,0,4.110873864173311,0,0,0,0,0,0,1,0,0,0,0,0,1,0,1,1,1,0,0,0.0,0.0,1,0,3.7376696182833684,1989.0,2011,World,"Mello, M. (2011): Another look at panel estimates of the elasticity of substitution. Working paper, IBMEC Business School, Rio de Janeiro."
60,28,Mello (2011),1.048327916972429,0.03406873406661631,29.352426129032256,30.770967741935486,0.08333333333333333,,532.9907,1,0,0,1,0,0,0,1,1,0,0,4.110873864173311,0,0,0,0,0,0,1,0,1,0,0,0,1,0,1,0,0,1,0,0.0,0.0,1,0,3.7376696182833684,1989.0,2011,World,"Mello, M. (2011): Another look at panel estimates of the elasticity of substitution. Working paper, IBMEC Business School, Rio de Janeiro."
60,28,Mello (2011),0.9859016070196195,0.05346010882981275,18.70553618181818,18.44181818181818,0.08333333333333333,,324.2283,1,0,0,1,0,0,0,1,1,0,0,4.110873864173311,0,0,0,0,0,0,1,0,1,0,0,0,1,0,0,0,1,0,0,0.0,0.0,1,0,3.7376696182833684,1989.0,2011,World,"Mello, M. (2011): Another look at panel estimates of the elasticity of substitution. Working paper, IBMEC Business School, Rio de Janeiro."
60,28,Mello (2011),1.0400416016640666,0.03136890946256675,31.87869827586207,33.1551724137931,0.08333333333333333,,614.9157,1,0,0,1,0,0,0,1,1,0,0,4.110873864173311,0,0,0,0,0,0,1,0,1,0,0,0,1,0,1,0,1,0,0,0.0,0.0,1,0,3.7376696182833684,1989.0,2011,World,"Mello, M. (2011): Another look at panel estimates of the elasticity of substitution. Working paper, IBMEC Business School, Rio de Janeiro."
60,28,Mello (2011),1.0308215647871355,0.2443964126389456,4.0917130869565215,4.2178260869565225,0.08333333333333333,,77.53284,1,0,0,1,0,0,0,1,1,0,0,4.110873864173311,0,0,0,0,0,0,1,0,0,0,0,0,1,0,1,1,1,0,0,0.0,0.0,1,0,3.7376696182833684,1989.0,2011,World,"Mello, M. (2011): Another look at panel estimates of the elasticity of substitution. Working paper, IBMEC Business School, Rio de Janeiro."
60,28,Mello (2011),0.9859988168014199,0.029165810002013997,34.28672133333333,33.806666666666665,0.08333333333333333,,549.7474,1,0,0,1,0,0,0,1,1,0,0,4.110873864173311,0,0,0,0,0,0,1,0,1,0,0,0,1,0,1,0,0,1,0,0.0,0.0,1,0,3.7376696182833684,1989.0,2011,World,"Mello, M. (2011): Another look at panel estimates of the elasticity of substitution. Working paper, IBMEC Business School, Rio de Janeiro."
64,28,Psacharopoulos & Hinchliffe (1973),2.232142857142857,0.5530532525510203,1.8081441441441444,4.036036036036037,0.2,,,1,0,0,1,0,0,0,1,1,0,1,3.6109179126442243,0,0,0,0,0,0,1,0,0,0,0,0,1,0,0,0,1,0,0,3.567,1.0465559267120566,1,1,1.3862943611198906,1965.0,1973,World,"Psacharopoulos, G. & K. Hinchliffe (1972): Further evidence on the elasticity of substitution among different types of educated labor. Journal of Political Economy 80(4): pp. 786-792."
94,28,Kiyota & Kurokawa (2019),1.21654501216545,0.41439489465489787,2.4131571428571426,2.935714285714285,0.013888888888888888,,84.51543,1,0,0,1,0,0,0,1,1,0,0,4.30406509320417,0,0,0,0,0,0,1,0,0,0,0,0,1,0,1,0,0,1,0,0.0,0.4054651081081644,0,0,3.912023005428146,2002.0,2019,World,"Kiyota, K. & Y. Kurokawa (2019): Intermediate Goods-Skill Complementarity. Keio-IES Discussion Paper Series 2019-013, Institute for Economics Studies, Keio University."
94,28,Kiyota & Kurokawa (2019),1.2330456226880395,0.44091643721273927,2.2680034482758615,2.7965517241379305,0.013888888888888888,,81.6011,1,0,0,1,0,0,1,0,1,0,0,4.30406509320417,0,0,0,0,0,0,1,0,0,0,0,0,1,0,1,0,0,1,0,0.0,0.4054651081081644,0,0,3.912023005428146,2002.0,2019,World,"Kiyota, K. & Y. Kurokawa (2019): Intermediate Goods-Skill Complementarity. Keio-IES Discussion Paper Series 2019-013, Institute for Economics Studies, Keio University."
94,28,Kiyota & Kurokawa (2019),1.179245283018868,0.3476548593805625,2.876416,3.392,0.013888888888888888,,94.65728,1,0,0,1,0,0,1,0,1,0,0,4.30406509320417,0,0,0,0,1,0,1,0,0,0,0,0,1,0,1,0,0,1,0,0.0,0.4054651081081644,0,0,3.912023005428146,2002.0,2019,World,"Kiyota, K. & Y. Kurokawa (2019): Intermediate Goods-Skill Complementarity. Keio-IES Discussion Paper Series 2019-013, Institute for Economics Studies, Keio University."
94,28,Kiyota & Kurokawa (2019),1.2121212121212122,0.4995408631772269,2.0018382352941173,2.426470588235294,0.013888888888888888,,69.60094,1,0,0,1,0,0,1,0,1,0,0,4.30406509320417,0,0,0,0,0,0,1,0,0,0,0,0,1,0,1,0,0,1,0,0.0,0.4054651081081644,0,0,3.912023005428146,2002.0,2019,World,"Kiyota, K. & Y. Kurokawa (2019): Intermediate Goods-Skill Complementarity. Keio-IES Discussion Paper Series 2019-013, Institute for Economics Studies, Keio University."
94,28,Kiyota & Kurokawa (2019),1.06951871657754,0.2859675712774171,3.4969,3.7399999999999998,0.013888888888888888,,94.65728,1,0,0,1,0,1,0,0,1,0,0,4.30406509320417,0,0,0,0,1,0,1,0,0,0,0,0,1,0,1,0,0,1,0,0.0,0.4054651081081644,0,0,3.912023005428146,2002.0,2019,World,"Kiyota, K. & Y. Kurokawa (2019): Intermediate Goods-Skill Complementarity. Keio-IES Discussion Paper Series 2019-013, Institute for Economics Studies, Keio University."
94,28,Kiyota & Kurokawa (2019),1.1337868480725624,0.4884795944076799,2.0471684210526315,2.3210526315789473,0.013888888888888888,,62.27452,1,0,0,1,0,1,0,0,1,0,0,4.30406509320417,0,0,0,0,1,0,1,0,0,0,0,0,1,0,1,0,0,1,0,0.0,0.4054651081081644,0,0,3.912023005428146,2002.0,2019,World,"Kiyota, K. & Y. Kurokawa (2019): Intermediate Goods-Skill Complementarity. Keio-IES Discussion Paper Series 2019-013, Institute for Economics Studies, Keio University."
94,28,Kiyota & Kurokawa (2019),1.2626262626262625,0.8449392919089889,1.1835169811320756,1.4943396226415093,0.013888888888888888,,44.04762,1,0,0,1,0,1,0,0,1,0,0,4.30406509320417,0,0,0,0,1,0,1,0,0,0,0,0,1,0,1,0,0,1,0,0.0,0.4054651081081644,0,0,3.912023005428146,2002.0,2019,World,"Kiyota, K. & Y. Kurokawa (2019): Intermediate Goods-Skill Complementarity. Keio-IES Discussion Paper Series 2019-013, Institute for Economics Studies, Keio University."
94,28,Kiyota & Kurokawa (2019),1.1312217194570136,0.24313588992854362,4.1129263157894735,4.652631578947369,0.013888888888888888,,124.549,1,0,0,1,0,1,0,0,1,0,0,4.30406509320417,0,0,0,0,1,0,1,0,0,0,0,0,1,0,1,0,0,1,0,0.0,0.4054651081081644,0,0,3.912023005428146,2002.0,2019,World,"Kiyota, K. & Y. Kurokawa (2019): Intermediate Goods-Skill Complementarity. Keio-IES Discussion Paper Series 2019-013, Institute for Economics Studies, Keio University."
94,28,Kiyota & Kurokawa (2019),1.1061946902654867,0.3181533401206046,3.1431384615384617,3.4769230769230766,0.013888888888888888,,91.01662,1,0,0,1,0,1,0,0,1,0,0,4.30406509320417,0,0,0,0,1,0,1,0,0,0,0,0,1,0,1,0,0,1,0,0.0,0.4054651081081644,0,0,3.912023005428146,2002.0,2019,World,"Kiyota, K. & Y. Kurokawa (2019): Intermediate Goods-Skill Complementarity. Keio-IES Discussion Paper Series 2019-013, Institute for Economics Studies, Keio University."
94,28,Kiyota & Kurokawa (2019),1.4749262536873158,1.348752621365982,0.7414258064516128,1.0935483870967742,0.013888888888888888,,37.0617,1,0,0,1,0,1,0,0,1,0,0,4.30406509320417,0,0,0,0,1,0,1,0,0,0,0,0,1,0,1,0,0,1,0,0.0,0.4054651081081644,0,0,3.912023005428146,2002.0,2019,World,"Kiyota, K. & Y. Kurokawa (2019): Intermediate Goods-Skill Complementarity. Keio-IES Discussion Paper Series 2019-013, Institute for Economics Studies, Keio University."
94,28,Kiyota & Kurokawa (2019),1.1862396204033214,0.3940060423640926,2.5380321428571424,3.0107142857142852,0.013888888888888888,,84.51543,1,0,0,1,0,1,0,0,1,0,0,4.30406509320417,0,0,0,0,1,0,1,0,0,0,0,0,1,0,1,0,0,1,0,0.0,0.4054651081081644,0,0,3.912023005428146,2002.0,2019,World,"Kiyota, K. & Y. Kurokawa (2019): Intermediate Goods-Skill Complementarity. Keio-IES Discussion Paper Series 2019-013, Institute for Economics Studies, Keio University."
94,28,Kiyota & Kurokawa (2019),1.1764705882352942,0.44290657439446374,2.2578124999999996,2.6562499999999996,0.013888888888888888,,73.951,1,0,0,1,0,1,0,0,1,0,0,4.30406509320417,0,0,0,0,1,0,1,0,0,0,0,0,1,0,1,0,0,1,0,0.0,0.4054651081081644,0,0,3.912023005428146,2002.0,2019,World,"Kiyota, K. & Y. Kurokawa (2019): Intermediate Goods-Skill Complementarity. Keio-IES Discussion Paper Series 2019-013, Institute for Economics Studies, Keio University."
94,28,Kiyota & Kurokawa (2019),1.1273957158962795,0.4067267520708111,2.458653125,2.771875,0.013888888888888888,,73.951,1,0,0,1,0,1,0,0,1,0,0,4.30406509320417,0,0,0,0,1,0,1,0,0,0,0,0,1,0,1,0,0,1,0,0.0,0.4054651081081644,0,0,3.912023005428146,2002.0,2019,World,"Kiyota, K. & Y. Kurokawa (2019): Intermediate Goods-Skill Complementarity. Keio-IES Discussion Paper Series 2019-013, Institute for Economics Studies, Keio University."
94,28,Kiyota & Kurokawa (2019),1.2269938650306749,0.6022055779291656,1.6605625,2.0374999999999996,0.013888888888888888,,59.1608,1,0,0,1,0,1,0,0,1,0,0,4.30406509320417,0,0,0,0,1,0,1,0,0,0,0,0,1,0,1,0,0,1,0,0.0,0.4054651081081644,0,0,3.912023005428146,2002.0,2019,World,"Kiyota, K. & Y. Kurokawa (2019): Intermediate Goods-Skill Complementarity. Keio-IES Discussion Paper Series 2019-013, Institute for Economics Studies, Keio University."
94,28,Kiyota & Kurokawa (2019),1.203369434416366,0.33306253900813976,3.002439130434783,3.61304347826087,0.013888888888888888,,102.8883,1,0,0,1,0,1,0,0,1,0,0,4.30406509320417,0,0,0,0,1,0,1,0,0,0,0,0,1,0,1,0,0,1,0,0.0,0.4054651081081644,0,0,3.912023005428146,2002.0,2019,World,"Kiyota, K. & Y. Kurokawa (2019): Intermediate Goods-Skill Complementarity. Keio-IES Discussion Paper Series 2019-013, Institute for Economics Studies, Keio University."
94,28,Kiyota & Kurokawa (2019),1.25,0.6093749999999999,1.6410256410256414,2.0512820512820515,0.013888888888888888,,60.67774,1,0,0,1,0,1,0,0,1,0,0,4.30406509320417,0,0,0,0,1,0,1,0,0,0,0,0,1,0,1,0,0,1,0,0.0,0.4054651081081644,0,0,3.912023005428146,2002.0,2019,World,"Kiyota, K. & Y. Kurokawa (2019): Intermediate Goods-Skill Complementarity. Keio-IES Discussion Paper Series 2019-013, Institute for Economics Studies, Keio University."
94,28,Kiyota & Kurokawa (2019),1.1750881316098707,0.40044131394460936,2.4972448275862065,2.934482758620689,0.013888888888888888,,81.6011,1,0,0,1,0,1,0,0,1,0,0,4.30406509320417,0,0,0,0,1,0,1,0,0,0,0,0,1,0,1,0,0,1,0,0.0,0.4054651081081644,0,0,3.912023005428146,2002.0,2019,World,"Kiyota, K. & Y. Kurokawa (2019): Intermediate Goods-Skill Complementarity. Keio-IES Discussion Paper Series 2019-013, Institute for Economics Studies, Keio University."
94,28,Kiyota & Kurokawa (2019),1.0893246187363834,0.5458489374931769,1.832008695652174,1.9956521739130435,0.013888888888888888,,51.44417,1,0,0,1,0,1,0,0,1,0,0,4.30406509320417,0,0,0,0,1,0,1,0,0,0,0,0,1,0,1,0,0,1,0,0.0,0.4054651081081644,0,0,3.912023005428146,2002.0,2019,World,"Kiyota, K. & Y. Kurokawa (2019): Intermediate Goods-Skill Complementarity. Keio-IES Discussion Paper Series 2019-013, Institute for Economics Studies, Keio University."
94,28,Kiyota & Kurokawa (2019),1.1441647597254005,0.471280679063094,2.1218777777777778,2.427777777777778,0.013888888888888888,,65.73421,1,0,0,1,0,0,0,1,1,0,0,4.30406509320417,0,0,0,0,0,0,1,0,0,0,0,0,1,0,1,0,0,1,0,0.0,0.4054651081081644,0,0,3.912023005428146,2002.0,2019,World,"Kiyota, K. & Y. Kurokawa (2019): Intermediate Goods-Skill Complementarity. Keio-IES Discussion Paper Series 2019-013, Institute for Economics Studies, Keio University."
94,28,Kiyota & Kurokawa (2019),2.6041666666666665,3.323025173611111,0.300930612244898,0.7836734693877551,0.013888888888888888,,48.29453,1,0,0,1,0,0,1,0,1,0,0,4.30406509320417,0,0,0,0,0,0,1,0,0,0,0,0,1,0,1,0,0,1,0,0.0,0.4054651081081644,0,0,3.912023005428146,2002.0,2019,World,"Kiyota, K. & Y. Kurokawa (2019): Intermediate Goods-Skill Complementarity. Keio-IES Discussion Paper Series 2019-013, Institute for Economics Studies, Keio University."
94,28,Kiyota & Kurokawa (2019),1.040582726326743,0.3248437230988792,3.078403333333333,3.2033333333333336,0.013888888888888888,,78.88106,1,0,0,1,0,0,1,0,1,0,0,4.30406509320417,0,0,0,0,1,0,1,0,0,0,0,0,1,0,1,0,0,1,0,0.0,0.4054651081081644,0,0,3.912023005428146,2002.0,2019,World,"Kiyota, K. & Y. Kurokawa (2019): Intermediate Goods-Skill Complementarity. Keio-IES Discussion Paper Series 2019-013, Institute for Economics Studies, Keio University."
94,28,Kiyota & Kurokawa (2019),1.1534025374855825,0.38579784990867244,2.592031034482758,2.9896551724137925,0.013888888888888888,,81.6011,1,0,0,1,0,0,1,0,1,0,0,4.30406509320417,0,0,0,0,0,0,1,0,0,0,0,0,1,0,1,0,0,1,0,0.0,0.4054651081081644,0,0,3.912023005428146,2002.0,2019,World,"Kiyota, K. & Y. Kurokawa (2019): Intermediate Goods-Skill Complementarity. Keio-IES Discussion Paper Series 2019-013, Institute for Economics Studies, Keio University."
94,28,Kiyota & Kurokawa (2019),1.0672358591248665,0.39864733265069724,2.508482857142857,2.677142857142857,0.013888888888888888,,67.61234,1,0,0,1,0,1,0,0,1,0,0,4.30406509320417,0,0,0,0,1,0,1,0,0,0,0,0,1,0,1,0,0,1,0,0.0,0.4054651081081644,0,0,3.912023005428146,2002.0,2019,World,"Kiyota, K. & Y. Kurokawa (2019): Intermediate Goods-Skill Complementarity. Keio-IES Discussion Paper Series 2019-013, Institute for Economics Studies, Keio University."
94,28,Kiyota & Kurokawa (2019),1.179245283018868,0.6257787468850124,1.5980088888888888,1.8844444444444446,0.013888888888888888,,52.58738,1,0,0,1,0,1,0,0,1,0,0,4.30406509320417,0,0,0,0,1,0,1,0,0,0,0,0,1,0,1,0,0,1,0,0.0,0.4054651081081644,0,0,3.912023005428146,2002.0,2019,World,"Kiyota, K. & Y. Kurokawa (2019): Intermediate Goods-Skill Complementarity. Keio-IES Discussion Paper Series 2019-013, Institute for Economics Studies, Keio University."
94,28,Kiyota & Kurokawa (2019),1.4124293785310735,1.0772766446423443,0.9282666666666666,1.3111111111111111,0.013888888888888888,,43.23191,1,0,0,1,0,1,0,0,1,0,0,4.30406509320417,0,0,0,0,1,0,1,0,0,0,0,0,1,0,1,0,0,1,0,0.0,0.4054651081081644,0,0,3.912023005428146,2002.0,2019,World,"Kiyota, K. & Y. Kurokawa (2019): Intermediate Goods-Skill Complementarity. Keio-IES Discussion Paper Series 2019-013, Institute for Economics Studies, Keio University."
94,28,Kiyota & Kurokawa (2019),1.0940919037199124,0.35911112813563867,2.7846533333333334,3.0466666666666664,0.013888888888888888,,78.88106,1,0,0,1,0,1,0,0,1,0,0,4.30406509320417,0,0,0,0,1,0,1,0,0,0,0,0,1,0,1,0,0,1,0,0.0,0.4054651081081644,0,0,3.912023005428146,2002.0,2019,World,"Kiyota, K. & Y. Kurokawa (2019): Intermediate Goods-Skill Complementarity. Keio-IES Discussion Paper Series 2019-013, Institute for Economics Studies, Keio University."
94,28,Kiyota & Kurokawa (2019),1.0660980810234542,0.4659916985283756,2.1459609756097557,2.28780487804878,0.013888888888888888,,57.71785,1,0,0,1,0,1,0,0,1,0,0,4.30406509320417,0,0,0,0,1,0,1,0,0,0,0,0,1,0,1,0,0,1,0,0.0,0.4054651081081644,0,0,3.912023005428146,2002.0,2019,World,"Kiyota, K. & Y. Kurokawa (2019): Intermediate Goods-Skill Complementarity. Keio-IES Discussion Paper Series 2019-013, Institute for Economics Studies, Keio University."
94,28,Kiyota & Kurokawa (2019),1.3623978201634879,1.3178507524742182,0.7588112676056339,1.0338028169014086,0.013888888888888888,,32.36374,1,0,0,1,0,1,0,0,1,0,0,4.30406509320417,0,0,0,0,1,0,1,0,0,0,0,0,1,0,1,0,0,1,0,0.0,0.4054651081081644,0,0,3.912023005428146,2002.0,2019,World,"Kiyota, K. & Y. Kurokawa (2019): Intermediate Goods-Skill Complementarity. Keio-IES Discussion Paper Series 2019-013, Institute for Economics Studies, Keio University."
94,28,Kiyota & Kurokawa (2019),1.0121457489878543,0.2970873149863135,3.366013793103448,3.4068965517241376,0.013888888888888888,,81.6011,1,0,0,1,0,1,0,0,1,0,0,4.30406509320417,0,0,0,0,1,0,1,0,0,0,0,0,1,0,1,0,0,1,0,0.0,0.4054651081081644,0,0,3.912023005428146,2002.0,2019,World,"Kiyota, K. & Y. Kurokawa (2019): Intermediate Goods-Skill Complementarity. Keio-IES Discussion Paper Series 2019-013, Institute for Economics Studies, Keio University."
94,28,Kiyota & Kurokawa (2019),1.050420168067227,0.297913282960243,3.3566814814814805,3.5259259259259252,0.013888888888888888,,87.64562,1,0,0,1,0,1,0,0,1,0,0,4.30406509320417,0,0,0,0,1,0,1,0,0,0,0,0,1,0,1,0,0,1,0,0.0,0.4054651081081644,0,0,3.912023005428146,2002.0,2019,World,"Kiyota, K. & Y. Kurokawa (2019): Intermediate Goods-Skill Complementarity. Keio-IES Discussion Paper Series 2019-013, Institute for Economics Studies, Keio University."
94,28,Kiyota & Kurokawa (2019),0.9699321047526674,0.2916381692272812,3.4289064516129026,3.325806451612903,0.013888888888888888,,76.33651,1,0,0,1,0,1,0,0,1,0,0,4.30406509320417,0,0,0,0,1,0,1,0,0,0,0,0,1,0,1,0,0,1,0,0.0,0.4054651081081644,0,0,3.912023005428146,2002.0,2019,World,"Kiyota, K. & Y. Kurokawa (2019): Intermediate Goods-Skill Complementarity. Keio-IES Discussion Paper Series 2019-013, Institute for Economics Studies, Keio University."
94,28,Kiyota & Kurokawa (2019),1.037344398340249,0.34434668824572584,2.90405,3.0124999999999997,0.013888888888888888,,73.951,1,0,0,1,0,1,0,0,1,0,0,4.30406509320417,0,0,0,0,1,0,1,0,0,0,0,0,1,0,1,0,0,1,0,0.0,0.4054651081081644,0,0,3.912023005428146,2002.0,2019,World,"Kiyota, K. & Y. Kurokawa (2019): Intermediate Goods-Skill Complementarity. Keio-IES Discussion Paper Series 2019-013, Institute for Economics Studies, Keio University."
94,28,Kiyota & Kurokawa (2019),1.1025358324145533,0.3768314311449962,2.6537064516129036,2.925806451612903,0.013888888888888888,,76.33651,1,0,0,1,0,1,0,0,1,0,0,4.30406509320417,0,0,0,0,1,0,1,0,0,0,0,0,1,0,1,0,0,1,0,0.0,0.4054651081081644,0,0,3.912023005428146,2002.0,2019,World,"Kiyota, K. & Y. Kurokawa (2019): Intermediate Goods-Skill Complementarity. Keio-IES Discussion Paper Series 2019-013, Institute for Economics Studies, Keio University."
94,28,Kiyota & Kurokawa (2019),1.1148272017837235,0.5965630511217249,1.6762687500000002,1.8687500000000001,0.013888888888888888,,49.30067,1,0,0,1,0,1,0,0,1,0,0,4.30406509320417,0,0,0,0,1,0,1,0,0,0,0,0,1,0,1,0,0,1,0,0.0,0.4054651081081644,0,0,3.912023005428146,2002.0,2019,World,"Kiyota, K. & Y. Kurokawa (2019): Intermediate Goods-Skill Complementarity. Keio-IES Discussion Paper Series 2019-013, Institute for Economics Studies, Keio University."
94,28,Kiyota & Kurokawa (2019),1.02880658436214,0.35987061592914366,2.7787764705882347,2.8588235294117643,0.013888888888888888,,69.60094,1,0,0,1,0,1,0,0,1,0,0,4.30406509320417,0,0,0,0,1,0,1,0,0,0,0,0,1,0,1,0,0,1,0,0.0,0.4054651081081644,0,0,3.912023005428146,2002.0,2019,World,"Kiyota, K. & Y. Kurokawa (2019): Intermediate Goods-Skill Complementarity. Keio-IES Discussion Paper Series 2019-013, Institute for Economics Studies, Keio University."
94,28,Kiyota & Kurokawa (2019),1.0427528675703859,0.4784267588435555,2.090184090909091,2.1795454545454547,0.013888888888888888,,53.78254,1,0,0,1,0,1,0,0,1,0,0,4.30406509320417,0,0,0,0,1,0,1,0,0,0,0,0,1,0,1,0,0,1,0,0.0,0.4054651081081644,0,0,3.912023005428146,2002.0,2019,World,"Kiyota, K. & Y. Kurokawa (2019): Intermediate Goods-Skill Complementarity. Keio-IES Discussion Paper Series 2019-013, Institute for Economics Studies, Keio University."
94,28,Kiyota & Kurokawa (2019),1.2919896640826873,0.45069406886605373,2.2188,2.8666666666666667,0.013888888888888888,,87.64562,1,0,0,1,0,0,0,1,1,0,0,4.30406509320417,0,0,0,0,0,0,1,0,0,0,0,0,1,0,1,0,0,1,0,0.0,0.4054651081081644,0,0,3.912023005428146,2002.0,2019,World,"Kiyota, K. & Y. Kurokawa (2019): Intermediate Goods-Skill Complementarity. Keio-IES Discussion Paper Series 2019-013, Institute for Economics Studies, Keio University."
94,28,Kiyota & Kurokawa (2019),1.2391573729863694,0.5374288482592682,1.860711428571428,2.305714285714285,0.013888888888888888,,67.61234,1,0,0,1,0,0,1,0,1,0,0,4.30406509320417,0,0,0,0,0,0,1,0,0,0,0,0,1,0,1,0,0,1,0,0.0,0.4054651081081644,0,0,3.912023005428146,2002.0,2019,World,"Kiyota, K. & Y. Kurokawa (2019): Intermediate Goods-Skill Complementarity. Keio-IES Discussion Paper Series 2019-013, Institute for Economics Studies, Keio University."
94,28,Kiyota & Kurokawa (2019),1.2300123001230012,0.37823256461346905,2.6438759999999997,3.252,0.013888888888888888,,94.65728,1,0,0,1,0,0,1,0,1,0,0,4.30406509320417,0,0,0,0,1,0,1,0,0,0,0,0,1,0,1,0,0,1,0,0.0,0.4054651081081644,0,0,3.912023005428146,2002.0,2019,World,"Kiyota, K. & Y. Kurokawa (2019): Intermediate Goods-Skill Complementarity. Keio-IES Discussion Paper Series 2019-013, Institute for Economics Studies, Keio University."
94,28,Kiyota & Kurokawa (2019),1.3315579227696406,0.5496444155240859,1.8193580645161291,2.4225806451612906,0.013888888888888888,,76.33651,1,0,0,1,0,0,1,0,1,0,0,4.30406509320417,0,0,0,0,0,0,1,0,0,0,0,0,1,0,1,0,0,1,0,0.0,0.4054651081081644,0,0,3.912023005428146,2002.0,2019,World,"Kiyota, K. & Y. Kurokawa (2019): Intermediate Goods-Skill Complementarity. Keio-IES Discussion Paper Series 2019-013, Institute for Economics Studies, Keio University."
94,28,Kiyota & Kurokawa (2019),1.0928961748633879,0.4061034966705485,2.4624264705882353,2.691176470588235,0.013888888888888888,,69.60094,1,0,0,1,0,1,0,0,1,0,0,4.30406509320417,0,0,0,0,1,0,1,0,0,0,0,0,1,0,1,0,0,1,0,0.0,0.4054651081081644,0,0,3.912023005428146,2002.0,2019,World,"Kiyota, K. & Y. Kurokawa (2019): Intermediate Goods-Skill Complementarity. Keio-IES Discussion Paper Series 2019-013, Institute for Economics Studies, Keio University."
94,28,Kiyota & Kurokawa (2019),1.1198208286674132,0.5517594228596435,1.8123840909090914,2.029545454545455,0.013888888888888888,,53.78254,1,0,0,1,0,1,0,0,1,0,0,4.30406509320417,0,0,0,0,1,0,1,0,0,0,0,0,1,0,1,0,0,1,0,0.0,0.4054651081081644,0,0,3.912023005428146,2002.0,2019,World,"Kiyota, K. & Y. Kurokawa (2019): Intermediate Goods-Skill Complementarity. Keio-IES Discussion Paper Series 2019-013, Institute for Economics Studies, Keio University."
94,28,Kiyota & Kurokawa (2019),1.2468827930174562,0.8550941847376571,1.1694618181818182,1.458181818181818,0.013888888888888888,,42.44588,1,0,0,1,0,1,0,0,1,0,0,4.30406509320417,0,0,0,0,1,0,1,0,0,0,0,0,1,0,1,0,0,1,0,0.0,0.4054651081081644,0,0,3.912023005428146,2002.0,2019,World,"Kiyota, K. & Y. Kurokawa (2019): Intermediate Goods-Skill Complementarity. Keio-IES Discussion Paper Series 2019-013, Institute for Economics Studies, Keio University."
94,28,Kiyota & Kurokawa (2019),1.1389521640091116,0.29835876733723876,3.351669565217392,3.8173913043478267,0.013888888888888888,,102.8883,1,0,0,1,0,1,0,0,1,0,0,4.30406509320417,0,0,0,0,1,0,1,0,0,0,0,0,1,0,1,0,0,1,0,0.0,0.4054651081081644,0,0,3.912023005428146,2002.0,2019,World,"Kiyota, K. & Y. Kurokawa (2019): Intermediate Goods-Skill Complementarity. Keio-IES Discussion Paper Series 2019-013, Institute for Economics Studies, Keio University."
94,28,Kiyota & Kurokawa (2019),1.1061946902654867,0.34262667397603574,2.918628571428571,3.228571428571428,0.013888888888888888,,84.51543,1,0,0,1,0,1,0,0,1,0,0,4.30406509320417,0,0,0,0,1,0,1,0,0,0,0,0,1,0,1,0,0,1,0,0.0,0.4054651081081644,0,0,3.912023005428146,2002.0,2019,World,"Kiyota, K. & Y. Kurokawa (2019): Intermediate Goods-Skill Complementarity. Keio-IES Discussion Paper Series 2019-013, Institute for Economics Studies, Keio University."
94,28,Kiyota & Kurokawa (2019),1.5625,1.5625,0.64,1.0,0.013888888888888888,,35.90352,1,0,0,1,0,1,0,0,1,0,0,4.30406509320417,0,0,0,0,1,0,1,0,0,0,0,0,1,0,1,0,0,1,0,0.0,0.4054651081081644,0,0,3.912023005428146,2002.0,2019,World,"Kiyota, K. & Y. Kurokawa (2019): Intermediate Goods-Skill Complementarity. Keio-IES Discussion Paper Series 2019-013, Institute for Economics Studies, Keio University."
94,28,Kiyota & Kurokawa (2019),1.2254901960784312,0.43552960399846213,2.296055172413793,2.8137931034482757,0.013888888888888888,,81.6011,1,0,0,1,0,1,0,0,1,0,0,4.30406509320417,0,0,0,0,1,0,1,0,0,0,0,0,1,0,1,0,0,1,0,0.0,0.4054651081081644,0,0,3.912023005428146,2002.0,2019,World,"Kiyota, K. & Y. Kurokawa (2019): Intermediate Goods-Skill Complementarity. Keio-IES Discussion Paper Series 2019-013, Institute for Economics Studies, Keio University."
94,28,Kiyota & Kurokawa (2019),1.2150668286755772,0.4429162194443173,2.2577633333333336,2.7433333333333336,0.013888888888888888,,78.88106,1,0,0,1,0,1,0,0,1,0,0,4.30406509320417,0,0,0,0,1,0,1,0,0,0,0,0,1,0,1,0,0,1,0,0.0,0.4054651081081644,0,0,3.912023005428146,2002.0,2019,World,"Kiyota, K. & Y. Kurokawa (2019): Intermediate Goods-Skill Complementarity. Keio-IES Discussion Paper Series 2019-013, Institute for Economics Studies, Keio University."
94,28,Kiyota & Kurokawa (2019),1.2150668286755772,0.4133884714813629,2.4190321428571426,2.939285714285714,0.013888888888888888,,84.51543,1,0,0,1,0,1,0,0,1,0,0,4.30406509320417,0,0,0,0,1,0,1,0,0,0,0,0,1,0,1,0,0,1,0,0.0,0.4054651081081644,0,0,3.912023005428146,2002.0,2019,World,"Kiyota, K. & Y. Kurokawa (2019): Intermediate Goods-Skill Complementarity. Keio-IES Discussion Paper Series 2019-013, Institute for Economics Studies, Keio University."
94,28,Kiyota & Kurokawa (2019),1.335113484646195,0.7130112067536423,1.4025024999999998,1.8724999999999998,0.013888888888888888,,59.1608,1,0,0,1,0,1,0,0,1,0,0,4.30406509320417,0,0,0,0,1,0,1,0,0,0,0,0,1,0,1,0,0,1,0,0.0,0.4054651081081644,0,0,3.912023005428146,2002.0,2019,World,"Kiyota, K. & Y. Kurokawa (2019): Intermediate Goods-Skill Complementarity. Keio-IES Discussion Paper Series 2019-013, Institute for Economics Studies, Keio University."
94,28,Kiyota & Kurokawa (2019),1.2484394506866419,0.342892233646768,2.9163681818181817,3.640909090909091,0.013888888888888888,,107.5651,1,0,0,1,0,1,0,0,1,0,0,4.30406509320417,0,0,0,0,1,0,1,0,0,0,0,0,1,0,1,0,0,1,0,0.0,0.4054651081081644,0,0,3.912023005428146,2002.0,2019,World,"Kiyota, K. & Y. Kurokawa (2019): Intermediate Goods-Skill Complementarity. Keio-IES Discussion Paper Series 2019-013, Institute for Economics Studies, Keio University."
94,28,Kiyota & Kurokawa (2019),1.2886597938144329,0.5147996599000956,1.9425032258064518,2.503225806451613,0.013888888888888888,,76.33651,1,0,0,1,0,1,0,0,1,0,0,4.30406509320417,0,0,0,0,1,0,1,0,0,0,0,0,1,0,1,0,0,1,0,0.0,0.4054651081081644,0,0,3.912023005428146,2002.0,2019,World,"Kiyota, K. & Y. Kurokawa (2019): Intermediate Goods-Skill Complementarity. Keio-IES Discussion Paper Series 2019-013, Institute for Economics Studies, Keio University."
94,28,Kiyota & Kurokawa (2019),1.2019230769230769,0.40449334319526636,2.472228571428571,2.9714285714285706,0.013888888888888888,,84.51543,1,0,0,1,0,1,0,0,1,0,0,4.30406509320417,0,0,0,0,1,0,1,0,0,0,0,0,1,0,1,0,0,1,0,0.0,0.4054651081081644,0,0,3.912023005428146,2002.0,2019,World,"Kiyota, K. & Y. Kurokawa (2019): Intermediate Goods-Skill Complementarity. Keio-IES Discussion Paper Series 2019-013, Institute for Economics Studies, Keio University."
94,28,Kiyota & Kurokawa (2019),1.1389521640091116,0.49294057212239456,2.028642105263158,2.3105263157894735,0.013888888888888888,,62.27452,1,0,0,1,0,1,0,0,1,0,0,4.30406509320417,0,0,0,0,1,0,1,0,0,0,0,0,1,0,1,0,0,1,0,0.0,0.4054651081081644,0,0,3.912023005428146,2002.0,2019,World,"Kiyota, K. & Y. Kurokawa (2019): Intermediate Goods-Skill Complementarity. Keio-IES Discussion Paper Series 2019-013, Institute for Economics Studies, Keio University."
99,28,Reijnders et al. (2021),1.105,0.3,3.3333333333333335,3.6833333333333336,0.16666666666666666,190.2046,,0,1,0,1,0,0,1,0,1,0,0,4.290459441148391,0,0,0,0,0,0,0,1,1,1,1,0,1,0,1,0,1,0,0,0.142,0.0,1,0,3.9512437185814275,2001.0,2021,World,"Reijnders, L.S.M., Timmer, M.P. & X. Ye (2021): Labour demand in global value chains: Is there a bias against unskilled work? The World Economy 44(9): pp. 2547-2571."
99,28,Reijnders et al. (2021),0.665,0.4,2.5,1.6625,0.16666666666666666,142.6534,,0,1,0,1,0,0,1,0,1,0,0,4.290459441148391,0,0,0,0,0,0,0,1,1,1,1,0,1,0,1,0,1,0,0,0.142,0.0,1,0,3.9512437185814275,2001.0,2021,World,"Reijnders, L.S.M., Timmer, M.P. & X. Ye (2021): Labour demand in global value chains: Is there a bias against unskilled work? The World Economy 44(9): pp. 2547-2571."
99,28,Reijnders et al. (2021),0.508,0.52,1.923076923076923,0.9769230769230769,0.16666666666666666,109.7334,,0,1,0,1,0,0,1,0,1,0,0,4.290459441148391,0,0,0,0,0,0,0,1,1,1,1,0,1,0,1,0,1,0,0,0.142,0.0,1,0,3.9512437185814275,2001.0,2021,World,"Reijnders, L.S.M., Timmer, M.P. & X. Ye (2021): Labour demand in global value chains: Is there a bias against unskilled work? The World Economy 44(9): pp. 2547-2571."
99,28,Reijnders et al. (2021),1.169,0.35,2.857142857142857,3.3400000000000003,0.16666666666666666,148.8185,,0,1,0,1,0,0,1,0,1,0,0,4.290459441148391,0,0,0,0,0,0,0,1,1,1,1,0,1,0,1,0,0,1,0,0.142,0.0,1,0,3.9512437185814275,2001.0,2021,World,"Reijnders, L.S.M., Timmer, M.P. & X. Ye (2021): Labour demand in global value chains: Is there a bias against unskilled work? The World Economy 44(9): pp. 2547-2571."
99,28,Reijnders et al. (2021),0.685,0.52,1.923076923076923,1.3173076923076923,0.16666666666666666,100.1663,,0,1,0,1,0,0,1,0,1,0,0,4.290459441148391,0,0,0,0,0,0,0,1,1,1,1,0,1,0,1,0,0,1,0,0.142,0.0,1,0,3.9512437185814275,2001.0,2021,World,"Reijnders, L.S.M., Timmer, M.P. & X. Ye (2021): Labour demand in global value chains: Is there a bias against unskilled work? The World Economy 44(9): pp. 2547-2571."
99,28,Reijnders et al. (2021),0.479,0.57,1.7543859649122808,0.8403508771929825,0.16666666666666666,91.37977,,0,1,0,1,0,0,1,0,1,0,0,4.290459441148391,0,0,0,0,0,0,0,1,1,1,1,0,1,0,1,0,0,1,0,0.142,0.0,1,0,3.9512437185814275,2001.0,2021,World,"Reijnders, L.S.M., Timmer, M.P. & X. Ye (2021): Labour demand in global value chains: Is there a bias against unskilled work? The World Economy 44(9): pp. 2547-2571."
84,29,Carrasco et al. (2015),17.543859649122805,3.077870113881194,0.3249,5.699999999999999,0.3333333333333333,,617.6324,1,0,0,1,0,0,0,1,0,1,0,4.310799125385514,0,1,1,0,0,0,1,0,1,0,0,1,0,0,0,0,1,0,0,0.382,1.6094379124341003,1,0,3.828641396489095,2002.5,2015,Spain,"Carrasco, R., Jimeno, J.F. & A.C. Ortega (2015): Returns to Skills and the Distribution of Wages: Spain 1995–2010. Oxford Bulletin of Economics and Statistics 77(4), pp. 542-565."
84,29,Carrasco et al. (2015),4.694835680751174,2.931517115210827,0.34112030075187966,1.6015037593984962,0.3333333333333333,,47.55305,1,0,0,1,0,0,0,1,0,1,0,4.310799125385514,0,1,1,0,0,0,1,0,1,0,0,1,0,0,0,0,1,0,0,0.382,1.6094379124341003,1,0,3.828641396489095,2002.5,2015,Spain,"Carrasco, R., Jimeno, J.F. & A.C. Ortega (2015): Returns to Skills and the Distribution of Wages: Spain 1995–2010. Oxford Bulletin of Economics and Statistics 77(4), pp. 542-565."
84,29,Carrasco et al. (2015),4.739336492890995,1.2353720716066576,0.8094727272727272,3.836363636363636,0.3333333333333333,,114.9919,1,0,0,1,0,0,0,1,0,1,0,4.310799125385514,0,1,1,0,0,1,0,0,1,0,0,1,0,0,0,0,1,0,0,0.382,1.6094379124341003,1,0,3.828641396489095,2002.5,2015,Spain,"Carrasco, R., Jimeno, J.F. & A.C. Ortega (2015): Returns to Skills and the Distribution of Wages: Spain 1995–2010. Oxford Bulletin of Economics and Statistics 77(4), pp. 542-565."
